{
  "portfolio": {
    "cagr": 0.09739783395981316,
    "total_return": 9.211803899021392,
    "max_drawdown": -0.316085761647119,
    "max_dd_duration_periods": 4,
    "annualized_volatility": 0.1798787563566948,
    "sharpe_ratio": 0.34688828866528243,
    "sortino_ratio": 0.7170872996555718,
    "calmar_ratio": 0.3081373657967833,
    "var_95": -0.2214896225910014,
    "cvar_95": -0.23274059328945063,
    "best_period": 0.4869846114863669,
    "worst_period": -0.24399156398789987,
    "pct_negative_periods": 0.28,
    "max_consecutive_losses": 3,
    "skewness": -0.0937318647435005,
    "kurtosis": -0.20285626281859281
  },
  "benchmark": {
    "cagr": 0.012259884160760848,
    "total_return": 0.35612790553907137,
    "max_drawdown": -0.3807338031651829,
    "max_dd_duration_periods": 6,
    "annualized_volatility": 0.1291191390510527,
    "sharpe_ratio": -0.17611731309831527,
    "sortino_ratio": -0.21672245409979587,
    "calmar_ratio": 0.03220067159479886,
    "var_95": -0.20464603704934659,
    "cvar_95": -0.21216121398014015,
    "best_period": 0.24378422063252228,
    "worst_period": -0.21967639091093374,
    "pct_negative_periods": 0.36,
    "max_consecutive_losses": 3,
    "skewness": -0.46151820511389985,
    "kurtosis": -0.7704557350469816
  },
  "comparison": {
    "excess_cagr": 0.08513794979905231,
    "win_rate": 0.76,
    "information_ratio": 0.6290453727972425,
    "tracking_error": 0.1453009325495459,
    "up_capture": 1.6387372269533829,
    "down_capture": -0.11414121325052852,
    "beta": 0.837217286519594,
    "alpha": 0.08143625203788221
  }
}