{
  "portfolio": {
    "cagr": 0.009926456402617578,
    "total_return": 0.21841429506179955,
    "max_drawdown": -0.6390602397075991,
    "max_dd_duration_periods": 10,
    "annualized_volatility": 0.298608763377957,
    "sharpe_ratio": -0.050479240551635926,
    "sortino_ratio": -0.10635869962531759,
    "calmar_ratio": 0.015532896252721671,
    "var_95": -0.24582978517516077,
    "cvar_95": -0.24582978517516077,
    "best_period": 0.8534392546988295,
    "worst_period": -0.24582978517516077,
    "pct_negative_periods": 0.6,
    "max_consecutive_losses": 3,
    "skewness": 1.576800844162799,
    "kurtosis": 2.2394625576368803
  },
  "benchmark": {
    "cagr": 0.0440607107111981,
    "total_return": 1.3687272742966017,
    "max_drawdown": -0.4769535161362615,
    "max_dd_duration_periods": 10,
    "annualized_volatility": 0.37396802092404974,
    "sharpe_ratio": 0.050968825259711706,
    "sortino_ratio": 0.14337124674440951,
    "calmar_ratio": 0.09237946512718513,
    "var_95": -0.30877947935764866,
    "cvar_95": -0.30877947935764866,
    "best_period": 1.260257273502359,
    "worst_period": -0.30877947935764866,
    "pct_negative_periods": 0.45,
    "max_consecutive_losses": 3,
    "skewness": 2.185887669821203,
    "kurtosis": 5.200856920442989
  },
  "comparison": {
    "excess_cagr": -0.034134254308580525,
    "win_rate": 0.4,
    "information_ratio": -0.25721578873232254,
    "tracking_error": 0.17971843134197638,
    "up_capture": 0.6647240042442639,
    "down_capture": 0.9014734789370352,
    "beta": 0.7033165281777795,
    "alpha": -0.028479256479383284
  }
}