{
  "portfolio": {
    "cagr": 0.09924722192148172,
    "total_return": 9.65085366907241,
    "max_drawdown": -0.25789235854158155,
    "max_dd_duration_periods": 3,
    "annualized_volatility": 0.17932825524116872,
    "sharpe_ratio": 0.4419115203842612,
    "sortino_ratio": 0.9954799549753754,
    "calmar_ratio": 0.38483971561910196,
    "var_95": -0.18615444913795778,
    "cvar_95": -0.19975609140009176,
    "best_period": 0.448771070756567,
    "worst_period": -0.2133577336622257,
    "pct_negative_periods": 0.28,
    "max_consecutive_losses": 2,
    "skewness": -0.11820076640111692,
    "kurtosis": -0.5947439809780644
  },
  "benchmark": {
    "cagr": 0.07851384528965011,
    "total_return": 5.616725483905466,
    "max_drawdown": -0.3800963676797627,
    "max_dd_duration_periods": 6,
    "annualized_volatility": 0.16626292344658752,
    "sharpe_ratio": 0.351935621464324,
    "sortino_ratio": 0.6278907764896319,
    "calmar_ratio": 0.20656299813893325,
    "var_95": -0.2244949178065002,
    "cvar_95": -0.2467535777843689,
    "best_period": 0.40980270419426046,
    "worst_period": -0.26901223776223765,
    "pct_negative_periods": 0.2,
    "max_consecutive_losses": 2,
    "skewness": -0.538282667524186,
    "kurtosis": 0.15216228744416416
  },
  "comparison": {
    "excess_cagr": 0.020733376631831613,
    "win_rate": 0.6,
    "information_ratio": 0.21228918109323494,
    "tracking_error": 0.10335731028819052,
    "up_capture": 1.0876876756527292,
    "down_capture": 0.7014853121475574,
    "beta": 0.8884457200715792,
    "alpha": 0.02726084650896156
  }
}