{
  "portfolio": {
    "cagr": 0.21077592632968845,
    "total_return": 54.505922450316255,
    "max_drawdown": -0.18858399864366557,
    "max_dd_duration_periods": 2,
    "annualized_volatility": 0.22613071712256325,
    "sharpe_ratio": 0.6446533588388067,
    "sortino_ratio": 2.6568542442203205,
    "calmar_ratio": 1.1176766207399977,
    "var_95": -0.07025331690827188,
    "cvar_95": -0.09876263795658677,
    "best_period": 0.6826205419467445,
    "worst_period": -0.12727195900490165,
    "pct_negative_periods": 0.14285714285714285,
    "max_consecutive_losses": 2,
    "skewness": 0.3585773462598795,
    "kurtosis": -0.820800862558821
  },
  "benchmark": {
    "cagr": 0.14483938881312253,
    "total_return": 16.12520685421449,
    "max_drawdown": -0.09977727815216232,
    "max_dd_duration_periods": 2,
    "annualized_volatility": 0.17996058399291293,
    "sharpe_ratio": 0.44364930943026226,
    "sortino_ratio": 1.3337774151981474,
    "calmar_ratio": 1.4516269785615878,
    "var_95": -0.07523460653709271,
    "cvar_95": -0.0875059423446275,
    "best_period": 0.49413622196945756,
    "worst_period": -0.09977727815216227,
    "pct_negative_periods": 0.19047619047619047,
    "max_consecutive_losses": 1,
    "skewness": 0.5625985457879861,
    "kurtosis": -0.5609061508013617
  },
  "comparison": {
    "excess_cagr": 0.06593653751656592,
    "win_rate": 0.7142857142857143,
    "information_ratio": 0.42971079017364133,
    "tracking_error": 0.16882340234035179,
    "up_capture": 1.3365430688373503,
    "down_capture": -0.19449036274629486,
    "beta": 0.8494394427196853,
    "alpha": 0.07795720038918935
  }
}