{
  "portfolio": {
    "cagr": 0.09766834691085613,
    "total_return": 9.274921666626879,
    "max_drawdown": -0.31522277655487196,
    "max_dd_duration_periods": 4,
    "annualized_volatility": 0.1531112273099125,
    "sharpe_ratio": 0.5072674830935003,
    "sortino_ratio": 1.0030997499974066,
    "calmar_ratio": 0.30983911752282484,
    "var_95": -0.18469551766308273,
    "cvar_95": -0.22160954658555948,
    "best_period": 0.3612151517531985,
    "worst_period": -0.25852357550803623,
    "pct_negative_periods": 0.2,
    "max_consecutive_losses": 2,
    "skewness": -0.6622138796043028,
    "kurtosis": 0.3400658807153225
  },
  "benchmark": {
    "cagr": 0.05039847967983735,
    "total_return": 2.418630101864134,
    "max_drawdown": -0.5342637323234667,
    "max_dd_duration_periods": 6,
    "annualized_volatility": 0.21106919423852524,
    "sharpe_ratio": 0.14402139445079137,
    "sortino_ratio": 0.23907745591484417,
    "calmar_ratio": 0.09433258638137147,
    "var_95": -0.2516770821223614,
    "cvar_95": -0.28244299352864943,
    "best_period": 0.3930810731957364,
    "worst_period": -0.3132089049349374,
    "pct_negative_periods": 0.36,
    "max_consecutive_losses": 3,
    "skewness": -0.4015972589644209,
    "kurtosis": -1.2940142463339916
  },
  "comparison": {
    "excess_cagr": 0.04726986723101878,
    "win_rate": 0.68,
    "information_ratio": 0.2525699382975535,
    "tracking_error": 0.14577373047291511,
    "up_capture": 0.8843694387097096,
    "down_capture": 0.1692093706293375,
    "beta": 0.5246134383034188,
    "alpha": 0.06172089596682005
  }
}