symbol,event_date,beat_rate,beat_category,pre_stock_ret_10d,pre_bench_ret_10d,pre_abnormal_ret_10d,pre_stock_ret_5d,pre_bench_ret_5d,pre_abnormal_ret_5d,pre_stock_ret_1d,pre_bench_ret_1d,pre_abnormal_ret_1d,post_stock_ret_1d,post_bench_ret_1d,post_abnormal_ret_1d
UIS.SW,2000-01-18,81.25,habitual_beater,-0.006211,0.018808,-0.025019,0.023454,-0.002062,0.025516,-0.006211,-0.013614,0.007403,-0.010417,-0.009183,-0.001233
UIS.SW,2000-04-13,82.35,habitual_beater,-0.077778,0.026887,-0.104665,0.024691,0.014071,0.01062,0.04534,0.004066,0.041274,-0.121687,-0.011462,-0.110224
UIS.SW,2000-07-18,83.33,habitual_beater,-0.206827,0.008622,-0.215449,-0.122222,-0.003923,-0.118299,-0.131868,-0.000886,-0.130982,-0.081013,0.004724,-0.085736
UIS.SW,2000-10-12,78.95,habitual_beater,-0.063158,-0.030036,-0.033122,-0.063158,-0.034041,-0.029117,0.047059,0.00394,0.043119,0.011236,-0.008602,0.019838
UIS.SW,2001-01-18,80.0,habitual_beater,-0.030418,-0.02225,-0.008168,-0.037736,0.007477,-0.045213,-0.076087,-0.004578,-0.071509,-0.027451,-0.009299,-0.018152
UIS.SW,2001-04-16,80.95,habitual_beater,-0.128631,0.011049,-0.13968,-0.106383,0.041999,-0.148382,-0.146341,0.0,-0.146341,0.009524,0.012626,-0.003102
UIS.SW,2001-07-16,81.82,habitual_beater,-0.064961,-0.052146,-0.012815,-0.004193,-0.007258,0.003065,-0.042339,-0.00098,-0.041359,-0.090526,-0.004687,-0.08584
UIS.SW,2001-10-15,78.26,habitual_beater,0.090909,0.012653,0.078256,0.094891,0.006971,0.087919,0.020408,-0.007451,0.027859,-0.04,-0.000234,-0.039766
UIS.SW,2002-01-17,79.17,habitual_beater,-0.055046,-0.009544,-0.045502,-0.037383,-0.006867,-0.030516,None,None,None,0.029126,-0.004082,0.033208
UIS.SW,2002-07-18,76.92,habitual_beater,0.012987,-0.09855,0.111537,0.063636,-0.048208,0.111844,-0.008475,-0.005321,-0.003153,-0.008547,-0.055999,0.047452
UIS.SW,2002-10-14,74.07,mixed,0.0,-0.012356,0.012356,0.010204,0.034491,-0.024287,0.058824,-0.009561,0.068384,0.212121,0.057664,0.154457
UIS.SW,2003-01-21,75.0,mixed,-0.090909,-0.048373,-0.042536,None,None,None,0.029412,-0.006218,0.03563,-0.003571,-0.028039,0.024468
UIS.SW,2003-04-14,72.41,mixed,0.095041,0.099814,-0.004773,-0.036364,0.000601,-0.036965,None,None,None,0.067925,0.024903,0.043021
UIS.SW,2004-07-15,70.59,mixed,-0.226087,-0.026272,-0.199815,-0.152381,-0.018069,-0.134312,None,None,None,-0.026217,-0.003049,-0.023169
UIS.SW,2005-01-25,72.22,mixed,-0.107692,0.009277,-0.116969,-0.072,0.004652,-0.076652,-0.033333,0.002713,-0.036046,0.0,0.000399,-0.000399
UIS.SW,2005-04-14,70.27,mixed,0.065089,0.016999,0.04809,0.006711,0.001129,0.005583,0.034483,0.003027,0.031456,-0.111111,-0.001907,-0.109204
UIS.SW,2005-07-20,68.42,mixed,0.053593,0.03197,0.021623,None,None,None,0.006985,0.004412,0.002573,-0.062428,-0.002872,-0.059556
UIS.SW,2006-01-26,70.0,mixed,0.042131,-0.006245,0.048377,0.06053,-0.002857,0.063386,0.004779,0.008682,-0.003903,-0.030916,0.003871,-0.034787
UIS.SW,2006-04-18,68.29,mixed,-0.097207,-0.007715,-0.089492,None,None,None,-0.059371,-0.005732,-0.053639,-0.009901,0.011242,-0.021143
UIS.SW,2006-10-25,65.12,mixed,0.094164,0.005152,0.089013,0.064516,0.007227,0.057289,-0.029412,0.002286,-0.031697,-0.014545,-0.001002,-0.013543
UIS.SW,2007-01-24,63.64,mixed,-0.004951,0.032895,-0.037845,-0.042857,0.005327,-0.048184,0.050157,0.005228,0.044929,0.00995,-0.002076,0.012026
UIS.SW,2007-04-25,64.44,mixed,-0.049774,0.032092,-0.081866,-0.036697,0.016253,-0.05295,None,None,None,0.009524,0.005515,0.004009
UIS.SW,2008-01-29,62.5,mixed,0.143223,-0.033798,0.17702,0.204852,0.028913,0.175939,0.152062,0.016184,0.135878,0.067114,-0.004231,0.071345
UBSG.SW,2008-02-14,25.0,mixed,-0.154855,-0.021955,-0.1329,-0.092811,0.011051,-0.103862,-0.083397,-0.004578,-0.07882,-0.038155,-0.019861,-0.018294
UIS.SW,2008-04-30,61.22,mixed,0.043578,0.038382,0.005196,-0.071429,0.02792,-0.099349,-0.06953,0.008979,-0.078509,-0.006593,0.01817,-0.024763
UBSG.SW,2008-05-06,20.0,mixed,-0.020096,0.020122,-0.040218,-0.030683,-0.000848,-0.029835,-0.044719,-0.014964,-0.029755,-0.017833,0.01266,-0.030493
UIS.SW,2008-07-23,60.0,mixed,0.073418,0.019765,0.053653,0.228986,0.072112,0.156873,0.0,0.019645,-0.019645,-0.148585,-0.000186,-0.148399
UBSG.SW,2008-08-12,16.67,mixed,0.107692,0.047771,0.059922,0.073826,0.015445,0.058381,-0.02439,-0.004891,-0.019499,-0.072222,-0.014837,-0.057385
UIS.SW,2008-10-30,58.82,mixed,-0.127778,0.021651,-0.149428,-0.076471,-0.008719,-0.067751,0.082759,-0.006501,0.08926,0.063694,0.05321,0.010484
UBSG.SW,2008-11-04,28.57,mixed,0.081967,0.034678,0.047289,0.311715,0.155536,0.15618,0.03894,0.026645,0.012295,-0.020734,-0.034817,0.014084
UBSG.SW,2009-02-10,25.0,mixed,-0.056522,-0.03818,-0.018342,0.029656,-0.013976,0.043632,0.057247,-0.002677,0.059924,0.025346,-0.004066,0.029412
UBSG.SW,2009-08-04,22.22,habitual_misser,0.072607,0.053864,0.018743,0.058632,0.030711,0.027921,-0.04318,-0.004634,-0.038546,0.011282,-0.004692,0.015974
UIS.SW,2010-02-04,57.14,mixed,-0.155313,-0.027731,-0.127582,-0.04321,-0.007125,-0.036085,0.0,-0.024,0.024,0.185484,-0.020664,0.206148
UIS.SW,2010-04-27,57.89,mixed,0.059269,-0.031716,0.090984,0.105263,-0.025496,0.130759,0.0,-0.020029,0.020029,-0.216667,-0.01366,-0.203006
UBSG.SW,2010-05-04,20.0,habitual_misser,-0.078712,-0.051665,-0.027047,-0.042751,-0.026854,-0.015897,-0.050691,-0.018053,-0.032638,-0.000971,-0.006154,0.005183
UBSG.SW,2010-07-27,27.27,mixed,0.123232,-0.003715,0.126947,0.165618,0.024785,0.140833,0.112,0.012216,0.099784,0.000899,0.000367,0.000533
UIS.SW,2010-07-27,56.9,mixed,0.235294,-0.003715,0.239009,0.235294,0.024785,0.210509,0.235294,0.012216,0.223079,0.160714,0.000367,0.160348
UBSG.SW,2010-10-26,33.33,mixed,-0.025571,0.015897,-0.041468,-0.04647,0.000718,-0.047189,-0.049866,-0.005683,-0.044183,0.004686,0.000401,0.004285
UIS.SW,2010-10-26,57.63,mixed,0.029412,0.015897,0.013514,0.0,0.000718,-0.000718,0.0,-0.005683,0.005683,-0.142857,0.000401,-0.143259
UIS.SW,2011-02-01,56.67,mixed,0.015842,-0.012008,0.027849,0.0,-0.00381,0.00381,0.0,0.011747,-0.011747,0.181287,-0.000243,0.181529
UBSG.SW,2011-02-08,38.46,mixed,0.078923,0.008864,0.070059,0.051584,0.012723,0.038861,0.043088,0.004163,0.038925,0.01463,-0.001057,0.015687
UIS.SW,2011-04-25,57.38,mixed,-0.033929,0.002889,-0.036818,-0.016364,0.011926,-0.02829,0.0,0.003009,-0.003009,-0.088725,-0.000644,-0.088081
UBSG.SW,2011-04-26,35.71,mixed,0.012927,0.002889,0.010038,0.042776,0.011926,0.03085,0.038826,0.003009,0.035817,0.007293,-0.000644,0.007936
UIS.SW,2011-07-25,56.45,mixed,-0.051919,-0.005866,-0.046052,-0.051919,0.032822,-0.084741,0.0,-0.002394,0.002394,0.0,-0.004538,0.004538
UBSG.SW,2011-07-26,40.0,mixed,-0.034792,-0.0041,-0.030693,0.014151,0.015879,-0.001728,-0.028249,-0.004538,-0.02371,-0.024419,-0.014308,-0.01011
UIS.SW,2011-10-24,55.56,mixed,0.25614,0.012253,0.243887,0.0,0.011395,-0.011395,0.0,0.006102,-0.006102,0.240224,-0.013793,0.254016
UBSG.SW,2011-10-25,37.5,mixed,0.020202,-0.004082,0.024284,0.056801,0.004625,0.052176,-0.002821,-0.013793,0.010972,-0.007072,-0.001452,-0.00562
UIS.SW,2012-01-31,56.25,mixed,0.025281,-0.014148,0.039428,0.025281,-0.026831,0.052112,0.0,-4.2e-05,4.2e-05,0.008219,0.016652,-0.008433
UBSG.SW,2012-02-06,41.18,mixed,0.024361,0.003159,0.021201,0.057862,0.029526,0.028336,-0.017523,-0.001021,-0.016503,-0.014269,0.001718,-0.015987
UIS.SW,2012-04-24,56.92,mixed,-0.144928,0.010461,-0.155389,-0.144928,-0.012166,-0.132762,0.0,0.001637,-0.001637,0.0,0.004201,-0.004201
UBSG.SW,2012-05-02,38.89,mixed,-0.00664,-0.014757,0.008117,0.037448,-0.002624,0.040072,0.037448,0.002039,0.035409,-0.026738,-0.001815,-0.024923
UIS.SW,2012-07-24,57.58,mixed,-0.038889,-0.002634,-0.036255,-0.038889,-0.004426,-0.034463,0.0,-0.000898,0.000898,0.0,0.000952,-0.000952
UBSG.SW,2012-08-01,36.84,mixed,-0.032689,0.022632,-0.055321,0.00774,0.036651,-0.028911,-0.015129,0.001255,-0.016383,0.036866,0.008465,0.028401
UIS.SW,2012-10-23,58.21,mixed,0.030691,-0.003355,0.034046,0.0,-0.021735,0.021735,0.0,-0.017775,0.017775,0.0,9.4e-05,-9.4e-05
UBSG.SW,2012-10-30,35.0,mixed,0.122013,-0.020803,0.142816,0.145058,0.000952,0.144106,0.058126,0.004799,0.053327,0.005605,-0.005724,0.01133
UIS.SW,2013-01-29,57.35,mixed,0.142349,0.025538,0.116811,0.0,0.02279,-0.02279,0.0,-0.003463,0.003463,0.0,-0.009403,0.009403
UIS.SW,2013-04-23,57.97,mixed,-0.13948,0.019406,-0.158886,0.126935,0.010998,0.115937,0.022472,0.025414,-0.002942,0.0,0.007325,-0.007325
UIS.SW,2013-07-23,57.14,mixed,0.095354,-0.006033,0.101388,-0.026087,-0.004605,-0.021482,0.0,-0.003934,0.003934,0.0,0.003395,-0.003395
UBSG.SW,2013-07-30,38.1,mixed,0.07989,-0.015457,0.095347,0.012048,-0.010903,0.022951,0.022609,-0.000504,0.023113,0.005102,0.001314,0.003788
UIS.SW,2013-10-22,57.75,mixed,-0.006667,0.049375,-0.056042,0.0,0.028858,-0.028858,0.0,0.011162,-0.011162,0.0,-2.4e-05,2.4e-05
UIS.SW,2014-01-30,56.94,mixed,-0.005172,-0.029076,0.023903,0.0,-0.023798,0.023798,0.0,0.008499,-0.008499,0.0,-0.001661,0.001661
UBSG.SW,2014-02-04,40.91,mixed,-0.022149,-0.046409,0.024259,0.00846,-0.011493,0.019953,0.053935,-0.001787,0.055722,-0.005872,0.002525,-0.008397
UIS.SW,2014-04-22,57.53,mixed,-0.071146,-0.004904,-0.066242,-0.071146,0.019579,-0.090725,0.0,0.010295,-0.010295,0.0,-0.002132,0.002132
UBSG.SW,2014-05-06,43.48,mixed,0.025043,0.00247,0.022573,0.019759,0.001301,0.018458,0.002534,-0.001582,0.004116,0.0,0.003083,-0.003083
UIS.SW,2014-07-22,56.76,mixed,0.0,0.004641,-0.004641,0.0,0.00232,-0.00232,0.0,0.009426,-0.009426,0.0,0.001267,-0.001267
UBSG.SW,2014-07-29,41.67,mixed,-0.014692,-0.004923,-0.00977,-0.008318,-0.007226,-0.001092,-0.017399,0.000237,-0.017636,-0.023299,-0.004071,-0.019229
UIS.SW,2014-10-21,56.0,mixed,-0.119332,-0.018358,-0.100974,-0.002703,0.008011,-0.010714,0.0,0.014668,-0.014668,0.00542,0.012056,-0.006636
UBSG.SW,2014-10-28,40.0,mixed,0.065541,0.035068,0.030473,0.058185,0.026842,0.031344,0.058185,0.012902,0.045284,0.0,0.002788,-0.002788
UIS.SW,2015-01-29,56.58,mixed,0.0,0.004134,-0.004134,0.0,0.054486,-0.054486,0.0,0.014894,-0.014894,0.0,-0.005952,0.005952
UBSG.SW,2015-02-10,38.46,mixed,0.011788,0.025896,-0.014108,-0.008662,0.019911,-0.028573,-0.026465,-0.001358,-0.025107,-0.025243,-0.004949,-0.020294
TEMN.SW,2015-02-10,25.0,mixed,0.106612,0.025896,0.080716,0.020579,0.019911,0.000668,-0.003349,-0.001358,-0.001992,0.006348,-0.004949,0.011297
CSGN.SW,2015-02-12,50.0,mixed,0.103166,0.020828,0.082338,0.069307,0.007808,0.061499,0.090909,0.003879,0.08703,0.019444,0.004756,0.014689
SCR.SW,2015-03-05,50.0,mixed,0.07009,0.015103,0.054987,-0.121368,-0.001645,-0.119722,-0.152747,0.004682,-0.157429,0.197147,0.005029,0.192118
CSGN.SW,2015-04-21,60.0,mixed,-0.021974,0.004177,-0.026151,-0.027768,-0.01234,-0.015427,-0.020515,0.006028,-0.026543,0.007616,0.006308,0.001308
TEMN.SW,2015-04-21,40.0,mixed,0.058744,0.004177,0.054567,-0.008536,-0.01234,0.003804,0.007065,0.006028,0.001037,-0.049745,0.006308,-0.056053
UIS.SW,2015-04-23,55.84,mixed,0.033097,-0.005869,0.038966,0.0,-0.006421,0.006421,0.0,-0.00212,0.00212,-0.01373,-0.003869,-0.009861
BP.SW,2015-04-28,80.0,mixed,0.085995,-0.016548,0.102543,0.085995,-0.00426,0.090256,0.018433,-0.009559,0.027992,0.0,-0.016713,0.016713
UBSG.SW,2015-05-05,37.04,mixed,0.03754,-0.023727,0.061267,0.026066,-0.034741,0.060807,0.03754,-0.007854,0.045394,-0.026174,-0.01501,-0.011164
SCR.SW,2015-05-06,60.0,mixed,0.028483,-0.044144,0.072626,0.028483,-0.040054,0.068536,0.0,-0.01501,0.01501,0.0,-0.001729,0.001729
ZURN.SW,2015-05-07,25.0,mixed,-0.046398,-0.051778,0.00538,0.00417,-0.025425,0.029595,0.004545,-0.001729,0.006274,0.019648,0.024768,-0.00512
TEMN.SW,2015-07-22,33.33,mixed,0.199469,0.049346,0.150123,0.146846,-0.003218,0.150064,0.103629,-0.010249,0.113878,0.008536,0.009937,-0.001401
UIS.SW,2015-07-23,56.41,mixed,0.0,0.044128,-0.044128,0.0,-0.008182,0.008182,0.0,0.009937,-0.009937,0.0,-0.006246,0.006246
CSGN.SW,2015-07-23,50.0,mixed,0.081153,0.044128,0.037025,0.024434,-0.008182,0.032616,0.062221,0.009937,0.052283,-0.00912,-0.006246,-0.002873
UBSG.SW,2015-07-27,39.29,mixed,0.016335,-0.006013,0.022348,-0.019191,-0.030386,0.011195,-0.016495,-0.013782,-0.002713,0.018868,0.008836,0.010032
BP.SW,2015-07-28,83.33,mixed,-0.07398,-0.003797,-0.070183,-0.062016,-0.011692,-0.050324,None,None,None,None,None,None
SCR.SW,2015-07-29,66.67,mixed,-0.132247,0.007374,-0.139621,-0.154134,0.010626,-0.16476,0.0,0.012101,-0.012101,0.0,0.001035,-0.001035
ZURN.SW,2015-08-06,40.0,mixed,-0.060762,0.008146,-0.068908,-0.034315,0.006416,-0.040731,-0.046289,-0.007222,-0.039067,0.013696,-0.005257,0.018953
ADEN.SW,2015-08-11,75.0,mixed,0.001282,0.01603,-0.014748,-0.050638,-0.005885,-0.044753,-0.04386,-0.009081,-0.034778,-0.016428,-0.025522,0.009094
KNIN.SW,2015-10-13,25.0,mixed,0.090771,0.039786,0.050985,0.054819,-0.012217,0.067036,0.014378,-0.005912,0.02029,-0.003007,-0.009397,0.006391
TEMN.SW,2015-10-20,42.86,mixed,0.001328,-0.012744,0.014072,-0.002381,-0.000534,-0.001847,-0.004751,-0.006391,0.001641,0.085919,-0.005537,0.091456
ABBN.SW,2015-10-21,75.0,mixed,-0.028527,-0.004272,-0.024255,-0.020218,0.00336,-0.023578,0.000794,-0.005537,0.006332,0.01746,0.021716,-0.004255
CSGN.SW,2015-10-21,57.14,mixed,-0.019207,-0.004272,-0.014935,0.014799,0.00336,0.011439,-0.035757,-0.005537,-0.03022,-0.015,0.021716,-0.036715
UIS.SW,2015-10-21,56.96,mixed,0.0,-0.004272,0.004272,0.0,0.00336,-0.00336,0.0,-0.005537,0.005537,0.0,0.021716,-0.021716
AMS.SW,2015-10-26,50.0,mixed,-0.032432,0.023173,-0.055605,-0.029959,0.023226,-0.053185,-0.072873,-0.000298,-0.072574,-0.15464,-0.006504,-0.148136
NOVN.SW,2015-10-27,50.0,mixed,0.010215,0.022564,-0.012348,0.002765,0.02311,-0.020344,-0.015387,-0.006504,-0.008883,0.005516,0.009347,-0.003831
BP.SW,2015-10-27,71.43,mixed,0.050139,0.022564,0.027576,None,None,None,None,None,None,0.0,0.009347,-0.009347
UBSG.SW,2015-11-03,37.93,mixed,0.000765,0.033003,-0.032239,-0.042429,0.00967,-0.052099,-0.043129,-6.5e-05,-0.043064,-0.002292,0.00182,-0.004112
DUFN.SW,2015-11-03,25.0,mixed,0.04037,0.033003,0.007367,0.061803,0.00967,0.052132,0.059075,-6.5e-05,0.05914,0.037187,0.00182,0.035367
SCR.SW,2015-11-04,71.43,mixed,-0.121168,0.040646,-0.161814,0.0,0.00214,-0.00214,0.0,0.00182,-0.00182,0.261351,0.00429,0.257061
ADEN.SW,2015-11-05,80.0,mixed,-0.075024,0.022897,-0.097921,-0.11359,0.003672,-0.117262,-0.105119,0.00429,-0.109409,0.011442,-0.002212,0.013654
ZURN.SW,2015-11-05,33.33,mixed,0.015765,0.022897,-0.007132,0.009553,0.003672,0.005881,-0.005282,0.00429,-0.009571,-0.001906,-0.002212,0.000306
SCMN.SW,2015-11-05,50.0,mixed,0.019828,0.022897,-0.003069,0.002914,0.003672,-0.000758,0.00096,0.00429,-0.00333,-0.0068,-0.002212,-0.004588
PSPN.SW,2015-11-13,50.0,mixed,-0.023256,-0.021123,-0.002133,-0.015087,-0.024573,0.009486,0.005525,-0.00761,0.013135,0.014819,-0.0026,0.017419
NOVN.SW,2016-01-27,40.0,mixed,-0.027893,-0.010951,-0.016942,0.010695,0.044731,-0.034036,-0.037037,0.000987,-0.038024,-0.038462,-0.020355,-0.018106
UIS.SW,2016-01-28,57.5,mixed,-0.2984,-0.018325,-0.280075,0.002286,0.014712,-0.012426,0.0,-0.020355,0.020355,0.265678,0.020426,0.245252
AMS.SW,2016-02-02,60.0,mixed,0.047207,-0.003255,0.050462,0.030426,-0.01413,0.044555,0.028548,-0.013717,0.042265,-0.013878,-0.008936,-0.004942
UBSG.SW,2016-02-02,40.0,mixed,-0.088488,-0.003255,-0.085233,-0.062721,-0.01413,-0.048591,-0.068481,-0.013717,-0.054764,-0.005655,-0.008936,0.003281
ABBN.SW,2016-02-03,80.0,mixed,0.076199,0.019758,0.05644,-0.003962,-0.023903,0.019941,-0.005538,-0.008936,0.003398,0.015911,-0.014813,0.030724
CSGN.SW,2016-02-04,50.0,mixed,-0.157323,-0.00394,-0.153383,-0.158286,-0.018382,-0.139904,-0.108893,-0.014813,-0.09408,0.014935,-0.005406,0.020342
SCMN.SW,2016-02-04,40.0,mixed,0.036981,-0.00394,0.040922,-0.020101,-0.018382,-0.00172,-0.029049,-0.014813,-0.014236,-0.011046,-0.005406,-0.005639
ZURN.SW,2016-02-11,28.57,mixed,-0.099095,-0.080538,-0.018557,-0.066734,-0.063321,-0.003413,-0.02672,-0.030434,0.003713,0.027992,0.02134,0.006652
TEMN.SW,2016-02-12,50.0,mixed,-0.144265,-0.079714,-0.064551,-0.096927,-0.038131,-0.058795,0.008182,0.02134,-0.013159,0.04712,0.025041,0.022079
SCR.SW,2016-02-24,75.0,mixed,0.0,-0.00548,0.00548,0.0,-0.032296,0.032296,0.0,-0.015044,0.015044,0.0,0.013589,-0.013589
PSPN.SW,2016-03-01,40.0,mixed,0.019802,0.018996,0.000806,-0.002953,0.019881,-0.022834,-0.002298,0.015119,-0.017418,0.007076,0.009755,-0.002679
KNIN.SW,2016-03-02,40.0,mixed,-0.002306,0.011792,-0.014098,0.017815,0.045559,-0.027744,-0.012072,0.009755,-0.021827,0.024439,-0.011076,0.035515
DUFN.SW,2016-03-16,20.0,mixed,0.073515,-0.015356,0.088871,0.045914,-0.007445,0.053359,0.012444,-0.004715,0.017159,0.04302,-0.006902,0.049922
TEMN.SW,2016-04-19,55.56,mixed,0.028023,0.062433,-0.03441,0.027138,0.046731,-0.019594,0.004635,0.013445,-0.008811,-0.029147,0.004196,-0.033343
KNIN.SW,2016-04-19,33.33,mixed,0.016358,0.062433,-0.046075,-0.004323,0.046731,-0.051054,0.000742,0.013445,-0.012703,0.036637,0.004196,0.032441
ABBN.SW,2016-04-20,83.33,mixed,0.105539,0.053904,0.051635,0.063355,0.031824,0.03153,0.037948,0.004196,0.033752,0.000677,-0.003335,0.004012
NOVN.SW,2016-04-21,33.33,mixed,0.041208,0.051321,-0.010113,0.016348,0.017288,-0.000941,0.006819,-0.003335,0.010153,-0.000635,-0.006156,0.005521
UIS.SW,2016-04-21,56.79,mixed,0.0,0.051321,-0.051321,0.0,0.017288,-0.017288,0.0,-0.003335,0.003335,0.0,-0.006156,0.006156
AMS.SW,2016-04-25,66.67,mixed,-0.073935,0.042354,-0.116289,-0.034447,0.004387,-0.038834,-0.037584,-0.003644,-0.03394,-0.156205,-0.000335,-0.155869
SCR.SW,2016-04-27,77.78,habitual_beater,0.088996,0.020455,0.068541,-0.154134,-0.011019,-0.143115,-0.154134,0.002424,-0.156558,0.043622,0.000329,0.043294
UBSG.SW,2016-05-03,41.94,mixed,-0.0369,-0.037052,0.000152,-0.076923,-0.028042,-0.048881,-0.075288,-0.015931,-0.059357,-0.017241,-0.012446,-0.004795
SCMN.SW,2016-05-03,33.33,mixed,-0.024179,-0.037052,0.012873,-0.001824,-0.028042,0.026218,0.005089,-0.015931,0.02102,-0.019295,-0.012446,-0.006849
DUFN.SW,2016-05-03,33.33,mixed,-0.005464,-0.037052,0.031588,-0.013932,-0.028042,0.01411,0.007115,-0.015931,0.023045,-0.005495,-0.012446,0.006951
PSPN.SW,2016-05-10,50.0,mixed,0.0,-0.017941,0.017941,-0.009157,-0.00537,-0.003787,-0.006558,0.014055,-0.020613,-0.004254,0.000372,-0.004626
CSGN.SW,2016-05-10,44.44,mixed,-0.043419,-0.017941,-0.025478,-0.029594,-0.00537,-0.024224,0.049888,0.014055,0.035833,-0.029787,0.000372,-0.030159
ADEN.SW,2016-05-10,83.33,mixed,-0.042643,-0.017941,-0.024702,-0.04915,-0.00537,-0.04378,-0.049896,0.014055,-0.063951,0.002475,0.000372,0.002103
ZURN.SW,2016-05-12,25.0,mixed,0.062185,-0.026049,0.088234,0.102879,0.017139,0.08574,0.065604,-0.006555,0.072159,0.004747,0.005061,-0.000314
NOVN.SW,2016-07-19,42.86,mixed,0.006929,0.021382,-0.014453,-0.004891,-0.003887,-0.001005,-0.00255,-0.006141,0.003591,0.021825,0.010596,0.011229
KNIN.SW,2016-07-19,42.86,mixed,0.020204,0.021382,-0.001178,-0.005078,-0.003887,-0.001192,-0.000714,-0.006141,0.005427,0.00735,0.010596,-0.003246
TEMN.SW,2016-07-20,50.0,mixed,0.117391,0.037885,0.079507,0.052824,0.006767,0.046057,0.054871,0.010596,0.044275,0.046488,-0.001827,0.048315
ABBN.SW,2016-07-21,85.71,mixed,0.126087,0.0274,0.098687,0.046465,0.001031,0.045433,0.022368,-0.001827,0.024196,0.003217,0.001501,0.001717
AMS.SW,2016-07-25,57.14,mixed,0.057859,0.009523,0.048336,-0.00544,0.00402,-0.00946,-0.014376,-3.9e-05,-0.014336,0.123873,0.004002,0.119872
UIS.SW,2016-07-26,56.1,mixed,-0.040503,0.010324,-0.050827,-0.135849,0.014266,-0.150115,0.0,0.004002,-0.004002,None,None,None
BP.SW,2016-07-26,66.67,mixed,-0.063882,0.010324,-0.074206,None,None,None,-0.032995,0.004002,-0.036996,0.0,-0.000714,0.000714
SCR.SW,2016-07-27,80.0,habitual_beater,-0.001351,0.009702,-0.011054,-0.154462,0.002916,-0.157378,-0.157355,-0.000714,-0.156641,0.0,-0.015358,0.015358
CSGN.SW,2016-07-28,40.0,mixed,-0.009928,-0.009659,-0.000269,-0.048569,-0.010679,-0.03789,-0.050216,-0.015358,-0.034859,0.016408,0.003969,0.012439
UBSG.SW,2016-07-29,40.62,mixed,0.032086,-0.003563,0.035648,0.014721,-0.008241,0.022962,0.004162,0.003969,0.000193,-0.060104,-0.014268,-0.045836
DUFN.SW,2016-07-29,28.57,mixed,-0.055038,-0.003563,-0.051475,-0.008,-0.008241,0.000241,-0.00446,0.003969,-0.008429,-0.050179,-0.014268,-0.035911
ADEN.SW,2016-08-10,71.43,mixed,0.049622,-0.002224,0.051846,0.075659,0.024819,0.05084,0.024513,-0.002493,0.027006,-0.002594,0.010627,-0.013222
ZURN.SW,2016-08-11,33.33,mixed,0.079081,0.009099,0.069981,0.095449,0.026605,0.068844,0.044909,0.010627,0.034281,-0.003201,-0.000133,-0.003068
SCMN.SW,2016-08-18,28.57,mixed,-0.008,0.013437,-0.021437,-0.030603,-0.012826,-0.017777,-0.015842,0.004407,-0.020249,-0.011878,-0.007625,-0.004252
PSPN.SW,2016-08-19,57.14,mixed,-0.0201,-0.008184,-0.011916,-0.030049,-0.020224,-0.009825,-0.003665,-0.007625,0.003961,0.001556,0.003761,-0.002205
KNIN.SW,2016-10-18,37.5,mixed,-0.07156,-0.018958,-0.052602,-0.036769,-0.007432,-0.029337,-0.026204,0.009215,-0.035419,0.00219,0.002364,-0.000174
TEMN.SW,2016-10-19,54.55,mixed,0.003009,-0.012379,0.015388,-0.020728,0.003126,-0.023854,0.005362,0.002364,0.002998,-0.030333,-0.003028,-0.027305
UIS.SW,2016-10-25,56.63,mixed,0.0,-0.025234,0.025234,0.0,-0.017935,0.017935,0.0,-0.007759,0.007759,0.0,-0.004679,0.004679
NOVN.SW,2016-10-25,50.0,mixed,-0.045464,-0.025234,-0.02023,-0.034642,-0.017935,-0.016707,-0.027496,-0.007759,-0.019737,-0.018704,-0.004679,-0.014025
AMS.SW,2016-10-25,62.5,mixed,-0.207542,-0.025234,-0.182309,-0.15278,-0.017935,-0.134845,-0.127509,-0.007759,-0.11975,0.015195,-0.004679,0.019873
ABBN.SW,2016-10-27,75.0,mixed,-0.062048,-0.009443,-0.052606,-0.073766,-0.017955,-0.055811,-0.065426,0.004006,-0.069432,-0.005138,-0.001996,-0.003142
CLN.SW,2016-10-27,25.0,mixed,-0.006239,-0.009443,0.003204,-0.023643,-0.017955,-0.005688,-0.016755,0.004006,-0.020761,-0.005381,-0.001996,-0.003385
SCR.SW,2016-10-27,81.82,habitual_beater,0.117996,-0.009443,0.127439,0.071383,-0.017955,0.089338,0.0,0.004006,-0.004006,0.0,-0.001996,0.001996
UBSG.SW,2016-10-28,39.39,mixed,0.073958,-0.022416,0.096374,0.053115,-0.015718,0.068833,0.023833,-0.001996,0.02583,-0.018429,-0.010221,-0.008208
CSGN.SW,2016-11-03,36.36,mixed,-0.092115,-0.053082,-0.039033,-0.12,-0.035769,-0.084231,-0.07089,-0.007723,-0.063167,0.0,-0.006248,0.006248
DUFN.SW,2016-11-03,37.5,mixed,0.027464,-0.053082,0.080545,0.062657,-0.035769,0.098426,0.06801,-0.007723,0.075733,0.0,-0.006248,0.006248
SREN.SW,2016-11-03,100.0,mixed,0.006105,-0.053082,0.059186,-0.025859,-0.035769,0.00991,0.007835,-0.007723,0.015558,-0.015927,-0.006248,-0.009679
SCMN.SW,2016-11-03,37.5,mixed,-0.013027,-0.053082,0.040054,-0.01951,-0.035769,0.01626,-0.000429,-0.007723,0.007294,-0.012968,-0.006248,-0.00672
ADEN.SW,2016-11-08,62.5,mixed,-0.020604,-0.023435,0.002831,-0.012192,-0.00223,-0.009961,-0.00196,0.001139,-0.003099,0.000842,0.019862,-0.01902
ZURN.SW,2016-11-10,30.0,mixed,0.002673,0.000553,0.00212,0.034877,0.037669,-0.002793,0.005809,0.003916,0.001893,0.001523,-0.006114,0.007638
PSPN.SW,2016-11-11,62.5,mixed,-0.022672,-0.003576,-0.019096,-0.006385,0.037809,-0.044194,-0.006385,-0.006114,-0.000271,-0.01395,0.002573,-0.016523
NOVN.SW,2017-01-25,55.56,mixed,-0.042815,-0.004699,-0.038116,-0.013112,0.009038,-0.02215,0.024501,0.017084,0.007416,0.009079,0.002138,0.006941
UIS.SW,2017-01-26,57.14,mixed,0.238095,0.003637,0.234458,0.238095,0.016004,0.222091,0.0,0.002138,-0.002138,0.0,-0.003083,0.003083
UBSG.SW,2017-01-27,41.18,mixed,-0.063049,-0.008592,-0.054457,-0.026534,0.012621,-0.039155,-0.045528,-0.003083,-0.042446,-0.006814,-0.00701,0.000196
AMS.SW,2017-02-07,66.67,mixed,0.255271,0.014973,0.240298,0.223815,0.009461,0.214353,0.223815,0.004707,0.219108,0.03493,0.001026,0.033904
BP.SW,2017-02-07,54.55,mixed,-0.048951,0.014973,-0.063924,None,None,None,-0.028571,0.004707,-0.033278,-0.012255,0.001026,-0.013281
SCMN.SW,2017-02-08,44.44,mixed,0.005927,-0.001051,0.006978,0.017543,0.00595,0.011593,0.013813,0.001026,0.012787,0.008403,0.007019,0.001384
ABBN.SW,2017-02-08,66.67,mixed,-0.040472,-0.001051,-0.039421,-0.040472,0.00595,-0.046422,-0.033409,0.001026,-0.034435,0.010545,0.007019,0.003526
ZURN.SW,2017-02-09,36.36,mixed,-0.021138,0.003814,-0.024953,-0.003509,0.019433,-0.022941,-0.005254,0.007019,-0.012273,-0.007453,0.002214,-0.009666
CSGN.SW,2017-02-14,33.33,mixed,0.007338,0.016216,-0.008878,0.019581,0.006692,0.01289,0.023035,-0.00434,0.027375,0.021192,0.007135,0.014057
TEMN.SW,2017-02-14,58.33,mixed,0.02858,0.016216,0.012364,-0.000746,0.006692,-0.007438,0.00405,-0.00434,0.00839,-0.033911,0.007135,-0.041046
SCR.SW,2017-02-22,83.33,habitual_beater,0.240896,0.02472,0.216177,0.240896,0.011734,0.229162,0.25,0.002179,0.247821,-0.157562,-0.001921,-0.155642
KNIN.SW,2017-03-01,33.33,mixed,0.004317,0.017491,-0.013174,-0.016903,0.00569,-0.022592,-0.025236,0.010402,-0.035638,0.007197,0.003119,0.004078
PSPN.SW,2017-03-06,66.67,mixed,-0.001147,0.01765,-0.018797,0.002591,0.016928,-0.014337,0.001006,-0.000607,0.001613,-0.03776,-0.004712,-0.033048
DUFN.SW,2017-03-15,44.44,mixed,0.021651,0.006272,0.015378,0.016151,0.007211,0.008939,0.012064,0.002923,0.009142,-0.010596,-0.002461,-0.008135
ABBN.SW,2017-04-20,70.0,mixed,0.003946,-0.010306,0.014252,0.015393,-0.009683,0.025077,0.020046,0.003,0.017045,0.019652,-0.000453,0.020105
KNIN.SW,2017-04-20,40.0,mixed,0.040606,-0.010306,0.050913,0.016053,-0.009683,0.025736,0.002098,0.003,-0.000902,-0.004188,-0.000453,-0.003734
TEMN.SW,2017-04-20,61.54,mixed,-0.009412,-0.010306,0.000895,-0.006938,-0.009683,0.002746,-0.001256,0.003,-0.004256,0.014531,-0.000453,0.014985
AMS.SW,2017-04-24,70.0,mixed,-0.06904,0.008445,-0.077485,-0.016423,0.009538,-0.025961,0.030538,0.018393,0.012145,0.195578,0.007338,0.188241
UIS.SW,2017-04-24,56.47,mixed,0.0,0.008445,-0.008445,0.0,0.009538,-0.009538,0.0,0.018393,-0.018393,0.0,0.007338,-0.007338
NOVN.SW,2017-04-25,50.0,mixed,0.021578,0.015546,0.006032,0.038437,0.028837,0.0096,0.021578,0.007338,0.014241,0.006035,0.006273,-0.000238
SCHP.SW,2017-04-25,75.0,mixed,0.043082,0.015546,0.027536,0.036684,0.028837,0.007847,0.001957,0.007338,-0.005381,-0.00046,0.006273,-0.006733
CSGN.SW,2017-04-26,30.77,mixed,0.066531,0.02479,0.041741,0.09325,0.034929,0.058321,0.026797,0.006273,0.020524,-0.029281,0.001641,-0.030922
SCR.SW,2017-04-27,84.62,habitual_beater,0.021341,0.023518,-0.002176,0.021341,0.033526,-0.012184,0.0,0.001641,-0.001641,0.0,-0.00363,0.00363
CLN.SW,2017-04-27,40.0,mixed,0.060444,0.023518,0.036926,0.084507,0.033526,0.050981,0.042889,0.001641,0.041248,-0.001443,-0.00363,0.002187
UBSG.SW,2017-04-28,42.86,mixed,0.09439,0.017187,0.077203,0.092444,0.030241,0.062204,0.021613,-0.00363,0.025243,0.006509,0.006342,0.000167
GEBN.SW,2017-05-02,50.0,mixed,0.049222,0.02776,0.021462,0.021814,0.01805,0.003764,-0.007723,0.006342,-0.014065,0.016241,0.002631,0.01361
DUFN.SW,2017-05-02,40.0,mixed,0.058403,0.02776,0.030644,0.042172,0.01805,0.024122,0.000613,0.006342,-0.005729,-0.016554,0.002631,-0.019185
SCMN.SW,2017-05-03,50.0,mixed,0.023053,0.042513,-0.01946,0.006594,0.013293,-0.006699,0.016962,0.002631,0.014331,0.007437,0.009911,-0.002474
SREN.SW,2017-05-04,100.0,mixed,0.066251,0.052477,0.013774,0.022231,0.016956,0.005274,0.018236,0.009911,0.008325,0.00402,0.00408,-6e-05
ADEN.SW,2017-05-09,55.56,mixed,0.039502,0.046205,-0.006703,0.022166,0.027656,-0.00549,0.022166,0.008211,0.013955,0.010326,-0.002637,0.012963
ZURN.SW,2017-05-11,33.33,mixed,0.024096,0.026566,-0.002471,0.011534,0.00945,0.002084,0.002118,-0.002742,0.00486,0.006786,0.006457,0.000329
PSPN.SW,2017-05-12,70.0,mixed,0.001728,0.031502,-0.029775,0.004475,0.011839,-0.007364,-0.001005,0.006457,-0.007462,-0.009485,-0.001662,-0.007824
KNIN.SW,2017-07-18,36.36,mixed,0.046792,0.000733,0.046059,0.05005,0.011709,0.038341,0.033874,-0.006712,0.040587,0.009533,0.005162,0.004371
NOVN.SW,2017-07-18,54.55,mixed,0.001706,0.000733,0.000972,0.021449,0.011709,0.00974,0.00437,-0.006712,0.011082,0.008702,0.005162,0.003541
TEMN.SW,2017-07-19,64.29,mixed,0.068785,0.007842,0.060943,0.026222,0.000967,0.025255,0.007701,0.005162,0.002539,0.026746,0.000338,0.026408
ABBN.SW,2017-07-20,63.64,mixed,-0.023592,0.015801,-0.039393,-0.036508,0.002643,-0.039151,-0.027763,0.000338,-0.028101,-0.030203,-0.009825,-0.020379
AMS.SW,2017-07-24,63.64,mixed,0.128266,-0.0051,0.133366,0.049312,-0.015536,0.064848,0.001357,-0.004525,0.005883,-0.046995,0.004458,-0.051453
CLN.SW,2017-07-27,50.0,mixed,0.022193,0.001579,0.020614,0.018868,-0.001061,0.019929,0.012282,0.003053,0.009229,-0.012771,0.000169,-0.01294
SCR.SW,2017-07-27,78.57,habitual_beater,-0.025881,0.001579,-0.027461,-0.178397,-0.001061,-0.177335,0.0,0.003053,-0.003053,0.19606,0.000169,0.195892
UBSG.SW,2017-07-28,44.44,mixed,0.002377,-0.001689,0.004066,0.013622,0.00902,0.004601,-0.028418,0.000169,-0.028586,-0.004743,0.003957,-0.0087
CSGN.SW,2017-07-28,35.71,mixed,0.034176,-0.001689,0.035865,0.0625,0.00902,0.053479,0.031356,0.000169,0.031188,-0.016523,0.003957,-0.02048
DUFN.SW,2017-07-31,36.36,mixed,-0.060366,0.001809,-0.062175,0.036315,0.017618,0.018697,0.0013,0.003957,-0.002657,0.015574,0.007474,0.0081
UIS.SW,2017-08-01,55.81,mixed,0.0,0.016117,-0.016117,0.0,0.020674,-0.020674,0.0,0.007474,-0.007474,0.0,0.001527,-0.001527
ADEN.SW,2017-08-10,60.0,mixed,-0.04208,-0.004503,-0.037578,-0.061522,-0.02044,-0.041082,-0.063897,-0.008562,-0.055335,-0.005181,-0.007354,0.002173
ZURN.SW,2017-08-10,30.77,mixed,0.005468,-0.004503,0.009971,-0.021801,-0.02044,-0.001362,-0.004089,-0.008562,0.004473,-0.009917,-0.007354,-0.002563
SCMN.SW,2017-08-17,54.55,mixed,-0.006066,-0.020928,0.014862,-0.000442,-0.000498,5.6e-05,-0.005016,-0.010237,0.005221,-0.003567,-0.007943,0.004375
PSPN.SW,2017-08-18,63.64,mixed,-0.021812,-0.032978,0.011166,0.00523,-0.001091,0.006321,-0.002816,-0.007943,0.005126,0.010257,0.001063,0.009194
KNIN.SW,2017-10-16,41.67,mixed,-0.058166,0.00351,-0.061676,-0.039569,0.001647,-0.041216,-0.04226,-0.003984,-0.038276,-0.010596,-0.00051,-0.010086
AMS.SW,2017-10-23,58.33,mixed,-0.090149,-0.001172,-0.088977,-0.043706,-0.002814,-0.040892,0.02662,0.00123,0.02539,0.217978,-0.005801,0.223779
TEMN.SW,2017-10-23,66.67,mixed,0.083608,-0.001172,0.08478,0.067016,-0.002814,0.06983,0.02385,0.00123,0.02262,-0.015235,-0.005801,-0.009434
NOVN.SW,2017-10-24,58.33,mixed,-0.010219,-0.007805,-0.002414,-0.017925,-0.008093,-0.009832,-0.030043,-0.005801,-0.024242,-0.025442,-0.01205,-0.013392
SCHP.SW,2017-10-24,60.0,mixed,0.013755,-0.007805,0.02156,0.007714,-0.008093,0.015807,-0.008065,-0.005801,-0.002264,0.010401,-0.01205,0.022451
SCR.SW,2017-10-26,80.0,habitual_beater,0.0,-0.010461,0.010461,-0.146166,-0.003622,-0.142544,0.0,0.012774,-0.012774,0.0,-0.001811,0.001811
ABBN.SW,2017-10-26,58.33,mixed,0.040378,-0.010461,0.050839,0.02268,-0.003622,0.026302,0.02268,0.012774,0.009906,-0.001008,-0.001811,0.000803
UBSG.SW,2017-10-27,45.95,mixed,0.010269,-0.013775,0.024044,-0.00234,-0.005815,0.003474,-0.006988,-0.001811,-0.005177,-0.013292,-0.000862,-0.012429
UIS.SW,2017-10-30,55.17,mixed,0.0,-0.010684,0.010684,0.0,-0.007892,0.007892,0.0,-0.000862,0.000862,0.0,0.007267,-0.007267
DUFN.SW,2017-10-31,33.33,mixed,-0.038212,-0.002986,-0.035226,-0.013944,0.005149,-0.019093,-0.028777,0.007267,-0.036044,-0.014142,0.002774,-0.016916
GEBN.SW,2017-10-31,60.0,mixed,-0.024184,-0.002986,-0.021198,-0.031937,0.005149,-0.037086,-0.044826,0.007267,-0.052093,-0.022604,0.002774,-0.025378
CSGN.SW,2017-11-02,33.33,mixed,0.050804,0.004996,0.045808,0.018069,0.008649,0.00942,0.044757,0.001276,0.043481,-0.01224,0.004569,-0.016809
SCMN.SW,2017-11-02,58.33,mixed,0.012077,0.004996,0.007081,0.007206,0.008649,-0.001443,-0.001005,0.001276,-0.002281,-0.000978,0.004569,-0.005547
SREN.SW,2017-11-02,100.0,mixed,0.036318,0.004996,0.031322,-0.005349,0.008649,-0.013998,-0.00052,0.001276,-0.001797,-0.005378,0.004569,-0.009947
ADEN.SW,2017-11-07,63.64,mixed,0.014959,0.002754,0.012205,-0.021533,-0.002383,-0.01915,-0.01039,-0.007387,-0.003002,0.00323,0.004953,-0.001723
PSPN.SW,2017-11-14,58.33,mixed,-0.003551,-0.012086,0.008534,-0.013044,-0.009726,-0.003318,0.001041,-0.003521,0.004561,0.006386,-0.004483,0.010868
UBSG.SW,2018-01-22,44.74,mixed,0.048375,-0.001321,0.049696,0.026148,-0.000855,0.027003,0.003455,0.002036,0.00142,0.009642,0.002356,0.007286
NOVN.SW,2018-01-24,61.54,mixed,0.025077,0.002374,0.022703,0.032016,0.011394,0.020622,0.027505,-0.00042,0.027924,0.0156,-0.006767,0.022367
AMS.SW,2018-02-06,53.85,mixed,0.167709,-0.074843,0.242553,0.147857,-0.063247,0.211104,0.131535,-0.028975,0.160509,0.051194,0.015651,0.035543
SCMN.SW,2018-02-07,61.54,mixed,-0.027281,-0.059969,0.032688,-0.004309,-0.038605,0.034296,0.030974,0.015651,0.015323,-0.019557,-0.02361,0.004053
ZURN.SW,2018-02-08,28.57,mixed,-0.043571,-0.07591,0.032339,-0.022741,-0.056809,0.034068,-0.003615,-0.02361,0.019995,-0.010676,-0.009256,-0.00142
ABBN.SW,2018-02-08,61.54,mixed,-0.129094,-0.07591,-0.053185,-0.113725,-0.056809,-0.056916,-0.067079,-0.02361,-0.04347,-0.01604,-0.009256,-0.006784
TEMN.SW,2018-02-13,68.75,mixed,-0.071089,-0.072159,0.00107,-0.056151,-0.009514,-0.046637,-0.017562,-0.007882,-0.009679,0.003352,0.016733,-0.013382
CSGN.SW,2018-02-14,37.5,mixed,-0.047049,-0.046736,-0.000313,0.000292,-0.008458,0.00875,0.037902,0.016733,0.021169,0.006135,0.002101,0.004034
SCR.SW,2018-02-22,75.0,mixed,0.0,0.023316,-0.023316,0.0,0.005565,-0.005565,0.0,-0.002399,0.002399,0.0,-0.002145,0.002145
PSPN.SW,2018-02-27,61.54,mixed,0.041535,0.027407,0.014129,0.016835,0.001239,0.015596,0.006667,-0.003722,0.010388,-0.005471,-0.009579,0.004108
KNIN.SW,2018-02-28,38.46,mixed,-0.04124,0.000818,-0.042058,-0.058188,-0.00919,-0.048998,-0.049789,-0.009579,-0.04021,-0.017119,-0.0128,-0.004319
DUFN.SW,2018-03-15,38.46,mixed,-0.023308,0.00985,-0.033158,-0.029873,-0.00196,-0.027913,-0.062432,0.001088,-0.06352,0.003464,0.0004,0.003065
TEMN.SW,2018-04-18,70.59,mixed,0.115174,0.032523,0.082651,0.060094,0.014175,0.04592,0.015521,0.001342,0.014178,0.005835,0.000147,0.005688
ABBN.SW,2018-04-19,64.29,mixed,0.082439,0.010361,0.072079,0.076362,0.006658,0.069704,0.045827,0.000147,0.045679,0.00313,-0.002873,0.006003
NOVN.SW,2018-04-19,64.29,mixed,-0.016265,0.010361,-0.026625,-0.018284,0.006658,-0.024941,-0.019199,0.000147,-0.019346,-0.015583,-0.002873,-0.01271
UBSG.SW,2018-04-23,43.59,mixed,0.011281,0.013762,-0.002481,-0.005547,0.009178,-0.014724,-0.024864,-0.000133,-0.024731,-0.003187,-0.001104,-0.002084
AMS.SW,2018-04-23,57.14,mixed,-0.034734,0.013762,-0.048496,-0.078819,0.009178,-0.087997,-0.003976,-0.000133,-0.003843,-0.090133,-0.001104,-0.08903
KNIN.SW,2018-04-24,42.86,mixed,0.039186,0.004722,0.034464,0.026179,-0.002622,0.028801,0.011644,-0.001104,0.012748,-0.019498,-0.00636,-0.013138
CLN.SW,2018-04-25,57.14,mixed,0.001228,0.003734,-0.002506,-0.05562,-0.010295,-0.045325,-0.073864,-0.00636,-0.067503,0.010429,0.010762,-0.000333
CSGN.SW,2018-04-25,41.18,mixed,0.066434,0.003734,0.0627,0.047783,-0.010295,0.058077,0.035494,-0.00636,0.041854,0.013413,0.010762,0.002651
SCHP.SW,2018-04-26,66.67,mixed,0.01092,0.006869,0.004051,-0.017359,0.000209,-0.017568,0.004919,0.010762,-0.005843,0.001969,0.000904,0.001065
SCR.SW,2018-04-26,76.47,habitual_beater,0.018519,0.006869,0.01165,0.0,0.000209,-0.000209,0.0,0.010762,-0.010762,0.0,0.000904,-0.000904
SCMN.SW,2018-05-02,57.14,mixed,0.010999,0.008644,0.002355,-0.01136,0.011296,-0.022656,-0.035004,0.001128,-0.036132,-0.009367,-0.006069,-0.003298
GEBN.SW,2018-05-03,66.67,mixed,0.031261,0.001179,0.030083,0.043443,0.011593,0.03185,0.02553,-0.006069,0.031599,0.002495,0.00696,-0.004465
SREN.SW,2018-05-04,85.71,mixed,0.007549,0.007998,-0.000449,-0.016699,0.007787,-0.024487,-0.004475,0.00696,-0.011435,0.008825,0.008403,0.000421
DUFN.SW,2018-05-08,35.71,mixed,0.06362,0.015701,0.047919,0.032659,0.006599,0.02606,0.024296,-0.003759,0.028055,0.010657,0.004382,0.006274
PSPN.SW,2018-05-08,57.14,mixed,0.022377,0.015701,0.006676,0.010247,0.006599,0.003648,0.000534,-0.003759,0.004293,-0.002135,0.004382,-0.006518
ADEN.SW,2018-05-08,66.67,mixed,-0.031663,0.015701,-0.047364,-0.029452,0.006599,-0.036051,-0.051116,-0.003759,-0.047357,0.001882,0.004382,-0.0025
B5A.SW,2018-05-14,14.29,mixed,-0.020376,0.018773,-0.039149,0.0,0.010901,-0.010901,0.0,0.000821,-0.000821,-0.024,-0.000741,-0.023259
NOVN.SW,2018-07-18,66.67,mixed,0.056357,0.031695,0.024662,0.063311,0.02939,0.033921,0.031362,0.012856,0.018505,0.003824,-0.000464,0.004288
ABBN.SW,2018-07-19,66.67,mixed,0.065003,0.029966,0.035037,0.052179,0.01313,0.039049,0.028587,-0.000464,0.029052,-0.014169,0.006422,-0.020591
KNIN.SW,2018-07-19,46.67,mixed,0.02951,0.029966,-0.000456,0.034316,0.01313,0.021186,-0.001335,-0.000464,-0.000871,-0.010279,0.006422,-0.016701
TEMN.SW,2018-07-19,72.22,mixed,0.005319,0.029966,-0.024648,-0.031583,0.01313,-0.044713,-0.048086,-0.000464,-0.047621,0.013988,0.006422,0.007566
AMS.SW,2018-07-23,60.0,mixed,0.031246,0.022816,0.00843,-0.019661,0.012639,-0.0323,-0.027288,-0.003509,-0.023779,0.0355,0.005111,0.03039
UBSG.SW,2018-07-24,45.0,mixed,0.052498,0.02699,0.025508,0.054283,0.020501,0.033783,0.043661,0.005111,0.03855,-0.004827,0.001541,-0.006368
SCR.SW,2018-07-26,77.78,habitual_beater,0.041807,0.036434,0.005373,-0.167435,0.023002,-0.190437,0.0,0.013306,-0.013306,0.0,0.003691,-0.003691
CSGN.SW,2018-07-31,44.44,mixed,0.057616,0.039623,0.017993,0.01817,0.018738,-0.000568,0.0114,0.001195,0.010205,-0.010019,-0.002045,-0.007974
DUFN.SW,2018-08-03,33.33,mixed,-0.069071,0.025076,-0.094148,-0.07192,0.002027,-0.073948,-0.059325,0.000265,-0.059591,0.017725,-0.000943,0.018668
ZURN.SW,2018-08-09,33.33,mixed,0.012067,0.013994,-0.001927,0.000974,-0.00108,0.002055,0.002978,-0.003321,0.006298,-0.011923,-0.012503,0.00058
ADEN.SW,2018-08-09,61.54,mixed,-0.000759,0.013994,-0.014753,0.005088,-0.00108,0.006168,-0.020089,-0.003321,-0.016769,-0.017464,-0.012503,-0.004961
SCMN.SW,2018-08-16,53.33,mixed,-0.027263,-0.017241,-0.010022,-0.029969,-0.016178,-0.013791,-0.011341,0.008009,-0.01935,-0.008396,0.000688,-0.009084
PSPN.SW,2018-08-17,60.0,mixed,0.002663,-0.016826,0.019489,0.012915,-0.003036,0.015951,0.016197,0.000688,0.015509,0.012219,0.006177,0.006042
NOVN.SW,2018-10-18,68.75,mixed,0.007755,-0.034992,0.042747,0.054264,0.016204,0.03806,0.018993,0.003295,0.015698,0.013509,0.010583,0.002926
KNIN.SW,2018-10-18,43.75,mixed,-0.079707,-0.034992,-0.044715,-0.047593,0.016204,-0.063797,-0.059535,0.003295,-0.062829,-0.004508,0.010583,-0.015091
TEMN.SW,2018-10-18,73.68,mixed,-0.090657,-0.034992,-0.055665,0.077241,0.016204,0.061037,0.056069,0.003295,0.052775,-0.007194,0.010583,-0.017777
IDIA.SW,2018-10-23,100.0,mixed,-0.134701,-0.021972,-0.112729,-0.062802,-0.003163,-0.059639,-0.024636,-0.0111,-0.013535,-0.035052,-0.004852,-0.030199
SCHP.SW,2018-10-23,57.14,mixed,-0.139239,-0.021972,-0.117267,-0.095438,-0.003163,-0.092274,-0.089764,-0.0111,-0.078664,-0.016267,-0.004852,-0.011414
SCR.SW,2018-10-24,78.95,habitual_beater,-0.167549,-0.018922,-0.148627,0.0,-0.002942,0.002942,0.0,-0.004852,0.004852,0.0,-0.002087,0.002087
ABBN.SW,2018-10-25,68.75,mixed,-0.051193,0.00778,-0.058972,-0.051193,-0.00829,-0.042903,-0.009113,-0.002087,-0.007026,-0.028204,-0.004663,-0.02354
UBSG.SW,2018-10-25,46.34,mixed,-0.052679,0.00778,-0.060459,-0.04136,-0.00829,-0.03307,0.010659,-0.002087,0.012746,-0.017258,-0.004663,-0.012595
CLN.SW,2018-10-31,62.5,mixed,-0.028681,0.031063,-0.059744,0.036735,0.034105,0.00263,0.02973,0.01896,0.010769,0.023622,-0.000544,0.024166
SREN.SW,2018-11-01,75.0,mixed,0.006878,0.027118,-0.02024,0.031712,0.035704,-0.003991,-0.005266,-0.000544,-0.004722,-0.014344,-0.002767,-0.011577
CSGN.SW,2018-11-01,42.11,mixed,-0.027058,0.027118,-0.054175,0.030653,0.035704,-0.005051,-0.020802,-0.000544,-0.020258,0.002704,-0.002767,0.005471
SCMN.SW,2018-11-01,56.25,mixed,0.015106,0.027118,-0.012012,0.024477,0.035704,-0.011227,-0.011289,-0.000544,-0.010745,0.002201,-0.002767,0.004968
DUFN.SW,2018-11-05,31.25,mixed,0.013947,0.016132,-0.002185,-0.010884,0.028421,-0.039306,-0.045932,0.00181,-0.047742,0.036222,-0.001833,0.038055
ADEN.SW,2018-11-06,57.14,mixed,0.05221,0.025655,0.026555,0.027847,0.015562,0.012285,0.029781,-0.001833,0.031613,0.011568,0.006501,0.005066
PSPN.SW,2018-11-13,56.25,mixed,0.028987,0.0182,0.010787,0.021156,0.002598,0.018558,0.015393,0.003493,0.0119,-0.012633,-0.009343,-0.00329
B5A.SW,2018-11-13,25.0,mixed,0.053952,0.0182,0.035752,-0.054054,0.002598,-0.056652,-0.008264,0.003493,-0.011757,0.0,-0.009343,0.009343
UBSG.SW,2019-01-22,47.62,mixed,0.021191,0.039036,-0.017845,0.003968,0.016047,-0.012079,-0.031579,-0.005001,-0.026577,0.000988,-0.00102,0.002009
NOVN.SW,2019-01-30,70.59,mixed,-0.020672,0.010361,-0.031033,-0.027699,0.000951,-0.02865,-0.001029,0.002818,-0.003846,0.010812,0.000397,0.010415
AMS.SW,2019-02-05,64.71,mixed,0.0,0.020546,-0.020546,-0.033485,0.023493,-0.056978,-0.068906,0.015434,-0.084339,0.101085,-0.000826,0.101912
BP.SW,2019-02-05,61.11,mixed,0.059701,0.020546,0.039156,None,None,None,None,None,None,0.021127,-0.000826,0.021953
ZURN.SW,2019-02-07,31.25,mixed,0.009211,0.011022,-0.001811,0.016052,0.007429,0.008624,0.005731,-0.011714,0.017445,-0.002224,-0.003596,0.001372
SCMN.SW,2019-02-07,58.82,mixed,-0.084027,0.011022,-0.095049,-0.065346,0.007429,-0.072775,-0.040155,-0.011714,-0.028441,-0.002016,-0.003596,0.001579
TEMN.SW,2019-02-12,75.0,mixed,0.037254,0.020903,0.016351,0.000706,-0.002531,0.003237,0.005044,0.006482,-0.001438,-0.005725,0.004016,-0.009741
UIS.SW,2019-02-12,54.35,mixed,-0.094118,0.020903,-0.11502,-0.094118,-0.002531,-0.091587,0.0,0.006482,-0.006482,0.0,0.004016,-0.004016
CLN.SW,2019-02-13,55.56,mixed,-0.013533,0.022123,-0.035656,-0.034843,0.002303,-0.037147,-0.013533,0.004016,-0.017549,0.031769,-0.00233,0.034099
CSGN.SW,2019-02-14,40.0,mixed,-0.03454,0.019337,-0.053878,-0.023158,0.011821,-0.034979,-0.034138,-0.00233,-0.031809,0.012931,0.010873,0.002058
SCR.SW,2019-02-20,75.0,mixed,0.0,0.018881,-0.018881,0.0,0.01654,-0.01654,0.0,0.006424,-0.006424,0.0,0.001926,-0.001926
PSPN.SW,2019-02-26,58.82,mixed,-0.021308,0.036572,-0.05788,-0.007855,0.022152,-0.030006,0.0,0.006686,-0.006686,0.0,-0.005181,0.005181
KNIN.SW,2019-02-27,41.18,mixed,-0.050276,0.027077,-0.077352,-0.068773,0.010365,-0.079138,-0.072059,-0.005181,-0.066878,0.006605,-0.00247,0.009075
ABBN.SW,2019-02-28,64.71,mixed,0.016466,0.026932,-0.010466,-0.018949,0.005932,-0.024881,-0.024316,-0.00247,-0.021846,-0.012461,0.002458,-0.014919
ADEN.SW,2019-02-28,60.0,mixed,-0.002606,0.026932,-0.029538,-0.021307,0.005932,-0.027239,-0.032303,-0.00247,-0.029833,0.012192,0.002458,0.009733
DUFN.SW,2019-03-14,29.41,mixed,0.002964,0.009901,-0.006937,0.021538,0.016872,0.004666,0.026497,0.010064,0.016433,0.027094,0.000126,0.026967
TEMN.SW,2019-04-16,71.43,mixed,0.06086,0.004538,0.056322,0.033516,-0.000247,0.033763,-0.005942,0.006952,-0.012894,0.034009,0.001748,0.03226
ABBN.SW,2019-04-17,61.11,mixed,0.081658,0.00277,0.078888,0.088496,0.004216,0.08428,0.054501,0.001748,0.052752,-0.001742,-0.002645,0.000903
IDIA.SW,2019-04-18,80.0,mixed,-0.005988,0.000785,-0.006773,-0.017223,0.0023,-0.019522,-0.007609,-0.002645,-0.004964,0.020263,0.006671,0.013592
NOVN.SW,2019-04-24,66.67,mixed,-0.047712,0.011348,-0.05906,-0.015206,0.014922,-0.030127,0.024371,0.002138,0.022233,0.026942,0.003976,0.022966
CSGN.SW,2019-04-24,42.86,mixed,0.107743,0.011348,0.096395,0.035619,0.014922,0.020697,0.00074,0.002138,-0.001398,0.011095,0.003976,0.007119
KNIN.SW,2019-04-25,38.89,mixed,0.046828,0.011672,0.035156,0.021284,0.011922,0.009362,0.038486,0.003976,0.03451,-0.000698,0.003116,-0.003814
UBSG.SW,2019-04-25,46.51,mixed,0.083077,0.011672,0.071405,0.03428,0.011922,0.022358,0.012464,0.003976,0.008488,-0.002841,0.003116,-0.005957
SCHP.SW,2019-04-26,50.0,mixed,0.008837,0.017576,-0.008739,-0.00772,0.013304,-0.021024,-0.018856,0.003116,-0.021973,0.007317,0.001667,0.00565
SCR.SW,2019-04-26,76.19,habitual_beater,-0.167683,0.017576,-0.185259,0.0,0.013304,-0.013304,0.0,0.003116,-0.003116,0.042735,0.001667,0.041068
AMS.SW,2019-04-30,61.11,mixed,0.314748,0.03003,0.284718,0.231461,0.013977,0.217484,0.212427,0.003004,0.209423,0.103716,-0.002424,0.106139
BP.SW,2019-04-30,63.16,mixed,-0.018092,0.03003,-0.048122,-0.035541,0.013977,-0.049518,None,None,None,-0.005025,-0.002424,-0.002601
UIS.SW,2019-05-02,54.84,mixed,0.12069,0.024423,0.096267,0.171171,0.009361,0.16181,0.160714,-0.002424,0.163138,0.0,-0.000418,0.000418
GEBN.SW,2019-05-02,57.14,mixed,0.113236,0.024423,0.088813,0.077959,0.009361,0.068598,0.074435,-0.002424,0.076859,0.005457,-0.000418,0.005874
SCMN.SW,2019-05-02,55.56,mixed,0.005315,0.024423,-0.019107,0.000841,0.009361,-0.00852,-0.006331,-0.002424,-0.003907,-0.002332,-0.000418,-0.001914
SREN.SW,2019-05-03,77.78,habitual_beater,-0.020581,0.016925,-0.037506,-0.037907,0.004944,-0.042851,-0.030557,-0.000418,-0.03014,-0.019468,-0.008699,-0.010769
ADEN.SW,2019-05-07,56.25,mixed,0.006267,0.000644,0.005624,-0.012789,-0.016745,0.003956,0.003751,-0.008269,0.01202,-0.012706,0.004655,-0.01736
DUFN.SW,2019-05-14,33.33,mixed,-0.074598,-0.034536,-0.040062,-0.050833,-0.018095,-0.032739,0.024874,0.004368,0.020505,-0.018477,0.008154,-0.026631
TEMN.SW,2019-07-17,72.73,mixed,0.008743,-0.01237,0.021113,0.026059,0.000448,0.025611,0.023703,0.009288,0.014415,-0.041581,0.006854,-0.048435
NOVN.SW,2019-07-18,68.42,mixed,0.019129,-0.005596,0.024725,0.03331,0.013221,0.020089,0.031136,0.006854,0.024282,0.002584,-0.007305,0.009889
KNIN.SW,2019-07-23,36.84,mixed,0.051002,0.000383,0.050619,0.044119,0.011637,0.032482,0.036527,0.004312,0.032215,-0.015598,-0.005767,-0.009831
AMS.SW,2019-07-23,63.16,mixed,0.243355,0.000383,0.242972,0.163784,0.011637,0.152147,0.080277,0.004312,0.075965,0.063107,-0.005767,0.068875
IDIA.SW,2019-07-23,83.33,mixed,-0.065517,0.000383,-0.0659,-0.067928,0.011637,-0.079565,-0.075085,0.004312,-0.079397,-0.035055,-0.005767,-0.029288
ABBN.SW,2019-07-25,63.16,mixed,0.004487,-0.000253,0.00474,0.005131,-0.013299,0.01843,-0.021237,-0.003093,-0.018143,0.00702,0.009218,-0.002199
SCR.SW,2019-07-25,77.27,habitual_beater,-0.137571,-0.000253,-0.137318,0.0,-0.013299,0.013299,0.0,-0.003093,0.003093,0.0,0.009218,-0.009218
UIS.SW,2019-07-30,54.26,mixed,0.0,0.004099,-0.004099,0.0,-0.007451,0.007451,0.0,-0.00802,0.00802,0.021053,0.002868,0.018184
DUFN.SW,2019-07-30,31.58,mixed,0.013355,0.004099,0.009256,-0.014133,-0.007451,-0.006682,-0.020385,-0.00802,-0.012365,0.013179,0.002868,0.010311
BP.SW,2019-07-30,60.0,mixed,0.0,0.004099,-0.004099,0.0,-0.007451,0.007451,0.0,-0.00802,0.00802,0.0,0.002868,-0.002868
CSGN.SW,2019-07-31,40.91,mixed,-0.019959,-0.002287,-0.017672,-0.017558,0.00117,-0.018728,0.02383,0.002868,0.020962,-0.045303,-0.011652,-0.033651
ZURN.SW,2019-08-07,35.29,mixed,-0.046491,-0.043268,-0.003224,-0.043222,-0.036086,-0.007136,0.001544,-0.002083,0.003627,0.039757,0.02282,0.016936
ADEN.SW,2019-08-08,58.82,mixed,-0.02995,-0.015758,-0.014191,-0.030464,-0.016908,-0.013555,0.015538,0.02282,-0.007282,-0.009563,-0.000167,-0.009396
SCMN.SW,2019-08-15,57.89,mixed,-0.019482,-0.031556,0.012074,-0.024138,-0.014899,-0.009239,-0.014151,-0.002308,-0.011844,0.02979,0.012714,0.017077
UBSG.SW,2019-08-20,47.73,mixed,-0.033372,0.022662,-0.056034,-0.009434,-0.00162,-0.007814,-0.003559,-0.005618,0.002059,0.007143,0.007955,-0.000812
TEMN.SW,2019-10-17,73.91,mixed,-0.052606,0.02546,-0.078066,-0.087681,0.010696,-0.098377,-0.150368,-0.002347,-0.148021,-0.049534,-0.004341,-0.045193
IDIA.SW,2019-10-22,85.71,mixed,-0.039134,0.022153,-0.061288,-0.054098,-0.003125,-0.050974,-0.031066,0.002595,-0.033662,-0.012132,0.000616,-0.012748
AMS.SW,2019-10-22,65.0,mixed,0.035909,0.022153,0.013755,-0.042227,-0.003125,-0.039102,-0.036741,0.002595,-0.039337,0.052375,0.000616,0.051759
NOVN.SW,2019-10-22,70.0,mixed,0.014699,0.022153,-0.007454,-0.004371,-0.003125,-0.001246,0.009453,0.002595,0.006858,-0.00556,0.000616,-0.006176
KNIN.SW,2019-10-22,35.0,mixed,0.076089,0.022153,0.053935,0.051134,-0.003125,0.054259,0.051836,0.002595,0.049241,0.033251,0.000616,0.032635
ABBN.SW,2019-10-23,65.0,mixed,0.111699,0.019681,0.092017,0.058527,-0.000894,0.059422,0.03444,0.000616,0.033824,0.033294,0.008282,0.025012
SCR.SW,2019-10-24,73.91,mixed,0.0,0.02055,-0.02055,0.0,0.00975,-0.00975,0.0,0.008282,-0.008282,0.0,0.00896,-0.00896
SCHP.SW,2019-10-24,44.44,mixed,0.054169,0.02055,0.033618,0.034381,0.00975,0.02463,0.019793,0.008282,0.011512,0.006939,0.00896,-0.002022
UIS.SW,2019-10-29,54.74,mixed,0.0,0.020793,-0.020793,0.0,0.023992,-0.023992,0.0,0.00253,-0.00253,0.0,-0.000267,0.000267
CSGN.SW,2019-10-30,43.48,mixed,-0.000807,0.022174,-0.022981,-0.008807,0.023089,-0.031896,-0.026347,-0.000267,-0.02608,-0.012117,-0.003426,-0.008691
CLN.SW,2019-10-30,60.0,mixed,-0.024104,0.022174,-0.046278,-0.025374,0.023089,-0.048463,-0.013175,-0.000267,-0.012908,-0.028705,-0.003426,-0.025279
SCMN.SW,2019-10-31,60.0,mixed,0.004,0.021069,-0.017069,-0.00708,0.01121,-0.01829,0.006796,-0.003426,0.010221,0.00675,0.003172,0.003578
SREN.SW,2019-10-31,70.0,mixed,0.008272,0.021069,-0.012798,-0.006743,0.01121,-0.017953,-0.008276,-0.003426,-0.00485,0.00099,0.003172,-0.002182
GEBN.SW,2019-10-31,62.5,mixed,0.044893,0.021069,0.023824,0.022062,0.01121,0.010852,0.009287,-0.003426,0.012713,0.006388,0.003172,0.003216
DUFN.SW,2019-11-05,30.0,mixed,0.092501,0.025519,0.066982,0.056993,0.001491,0.055502,0.06824,-0.0062,0.07444,0.022737,0.004392,0.018345
ADEN.SW,2019-11-05,61.11,mixed,0.038935,0.025519,0.013416,0.011742,0.001491,0.010251,0.008043,-0.0062,0.014243,-0.000242,0.004392,-0.004634
ZURN.SW,2019-11-07,33.33,mixed,0.001801,0.021793,-0.019991,0.01791,0.010466,0.007444,0.013689,0.000841,0.012848,-0.005606,-0.001699,-0.003907
UBSG.SW,2019-11-20,48.89,mixed,-0.026706,0.006556,-0.033262,-0.005056,0.008401,-0.013456,-0.001015,0.001902,-0.002918,-0.005081,-0.004563,-0.000518
ZURN.SW,2019-12-30,31.58,mixed,0.012238,0.020339,-0.008101,-0.010447,0.005703,-0.016149,-0.009969,-0.010551,0.000582,0.013344,0.007806,0.005538
UBSG.SW,2020-01-21,50.0,mixed,-0.030888,0.0185,-0.049388,-0.041985,0.021461,-0.063446,-0.045627,0.003524,-0.049151,0.013944,0.00097,0.012974
NOVN.SW,2020-01-29,71.43,mixed,0.0225,0.017725,0.004775,0.017197,-0.00323,0.020427,0.012361,0.007225,0.005136,-0.016101,-0.010217,-0.005883
ABBN.SW,2020-02-05,66.67,mixed,0.050382,0.009094,0.041288,0.060637,0.012364,0.048273,0.048248,0.017917,0.030331,-0.011628,0.001656,-0.013284
IDIA.SW,2020-02-06,87.5,habitual_beater,-0.010303,0.018349,-0.028652,0.039465,0.024509,0.014957,-0.012696,0.001656,-0.014353,-0.055113,-0.000983,-0.05413
SCMN.SW,2020-02-06,61.9,mixed,0.03751,0.018349,0.019161,0.022398,0.024509,-0.002111,0.026245,0.001656,0.024589,0.0252,-0.000983,0.026184
AMS.SW,2020-02-11,66.67,mixed,0.118526,0.029604,0.088922,0.101183,0.027825,0.073358,-0.030993,0.005561,-0.036553,-0.015598,-0.001075,-0.014523
TEMN.SW,2020-02-13,75.0,mixed,0.039645,0.03195,0.007695,0.012897,0.007264,0.005634,0.01913,0.00028,0.01885,0.013258,0.003287,0.009971
CSGN.SW,2020-02-13,45.83,mixed,0.077666,0.03195,0.045716,0.047731,0.007264,0.040467,0.001496,0.00028,0.001216,0.004854,0.003287,0.001567
UIS.SW,2020-02-25,55.21,mixed,0.12931,-0.05609,0.1854,0.048,-0.05991,0.10791,0.0,-0.021874,0.021874,0.015267,0.00321,0.012057
ADEN.SW,2020-02-26,57.89,mixed,-0.064556,-0.052041,-0.012515,-0.051754,-0.066666,0.014912,0.020895,0.00321,0.017684,-0.031488,-0.029175,-0.002313
KNIN.SW,2020-02-27,38.1,mixed,-0.098367,-0.079955,-0.018412,-0.103225,-0.085084,-0.018141,-0.046809,-0.029175,-0.017634,-0.013409,-0.036689,0.02328
SCR.SW,2020-02-27,75.0,mixed,-0.00244,-0.079955,0.077515,-0.001221,-0.085084,0.083862,-0.001221,-0.029175,0.027953,0.0,-0.036689,0.036689
DUFN.SW,2020-03-12,33.33,mixed,-0.627451,-0.189606,-0.437845,-0.526316,-0.184662,-0.341654,-0.412119,-0.096374,-0.315745,0.059211,0.011743,0.047468
TEMN.SW,2020-04-14,76.0,habitual_beater,-0.005397,0.060273,-0.06567,0.104927,0.032045,0.072882,0.017765,0.009075,0.008691,-0.058334,-0.022897,-0.035437
SCHP.SW,2020-04-22,50.0,mixed,0.048144,0.017778,0.030366,0.018519,0.0333,-0.01478,-0.007655,0.008663,-0.016318,0.000902,-0.000527,0.001429
CSGN.SW,2020-04-23,48.0,mixed,-0.053112,0.011654,-0.064766,0.032765,0.019658,0.013107,0.022845,-0.000527,0.023373,-0.017005,1.8e-05,-0.017023
IDIA.SW,2020-04-23,77.78,habitual_beater,0.268911,0.011654,0.257257,0.194444,0.019658,0.174786,-0.017696,-0.000527,-0.017169,-0.053063,1.8e-05,-0.05308
KNIN.SW,2020-04-27,40.91,mixed,-0.019781,0.03237,-0.052151,-0.034661,-0.002703,-0.031958,-0.026029,0.013835,-0.039864,-0.007727,0.013387,-0.021113
UIS.SW,2020-04-28,54.64,mixed,0.0,0.036782,-0.036782,0.0,0.035779,-0.035779,0.0,0.013387,-0.013387,0.0,-0.002441,0.002441
NOVN.SW,2020-04-28,72.73,mixed,0.047738,0.036782,0.010956,0.010879,0.035779,-0.0249,-0.014599,0.013387,-0.027985,-0.019427,-0.002441,-0.016986
ABBN.SW,2020-04-28,68.18,mixed,0.038511,0.036782,0.001729,0.107461,0.035779,0.071682,0.0527,0.013387,0.039313,0.024722,-0.002441,0.027163
AMS.SW,2020-04-29,68.18,mixed,0.456119,0.058488,0.397631,0.317914,0.024377,0.293537,0.244085,-0.002441,0.246526,-0.055657,-0.023914,-0.031742
SCR.SW,2020-04-29,72.0,mixed,0.194272,0.058488,0.135784,0.0,0.024377,-0.024377,0.0,-0.002441,0.002441,0.0,-0.023914,0.023914
CLN.SW,2020-04-30,54.55,mixed,0.026316,0.020073,0.006242,-0.003098,0.000407,-0.003506,-0.050885,-0.023914,-0.026971,-0.048951,-0.024833,-0.024118
SREN.SW,2020-04-30,72.73,mixed,-0.00213,0.020073,-0.022203,0.027102,0.000407,0.026695,-0.055352,-0.023914,-0.031438,-0.061118,-0.024833,-0.036284
SCMN.SW,2020-04-30,63.64,mixed,-0.034642,0.020073,-0.054715,-0.022967,0.000407,-0.023375,-0.033135,-0.023914,-0.009221,-0.015533,-0.024833,0.009301
ADEN.SW,2020-05-05,60.0,mixed,0.035371,-0.027909,0.06328,0.02901,-0.025275,0.054285,0.001328,0.012982,-0.011653,-0.026534,0.006258,-0.032792
UBSG.SW,2020-05-05,51.06,mixed,0.043871,-0.027909,0.07178,0.039846,-0.025275,0.06512,0.009988,0.012982,-0.002994,-0.013597,0.006258,-0.019855
ALC.SW,2020-05-12,50.0,mixed,0.006373,-0.002592,0.008965,0.045126,0.023271,0.021855,0.008711,0.004522,0.004188,0.048743,-0.01047,0.059213
ZURN.SW,2020-05-14,30.0,mixed,-0.1329,-0.042288,-0.090612,-0.047061,-0.017659,-0.029403,-0.000703,-0.01905,0.018347,-0.003986,0.0037,-0.007687
TEMN.SW,2020-07-15,73.08,mixed,0.087376,0.036705,0.050671,0.034473,0.027666,0.006807,0.006288,0.019544,-0.013256,-0.065103,-0.002541,-0.062562
UBSG.SW,2020-07-21,52.08,mixed,0.033578,0.023128,0.01045,0.019669,0.017988,0.001681,0.026042,-0.002566,0.028608,-0.003046,-0.00048,-0.002566
NOVN.SW,2020-07-21,73.91,mixed,-0.023782,0.023128,-0.04691,-0.004612,0.017988,-0.0226,-0.019203,-0.002566,-0.016636,-0.007622,-0.00048,-0.007143
KNIN.SW,2020-07-21,39.13,mixed,0.003211,0.023128,-0.019917,0.01081,0.017988,-0.007179,-0.023031,-0.002566,-0.020464,0.014128,-0.00048,0.014608
ABBN.SW,2020-07-22,69.57,mixed,0.043735,0.025606,0.018128,0.030568,-0.002005,0.032572,0.028571,-0.00048,0.029051,0.007533,-0.005332,0.012865
IDIA.SW,2020-07-23,70.0,mixed,-0.023136,0.023661,-0.046797,0.023471,-0.004797,0.028268,0.002261,-0.005332,0.007593,-0.050376,-0.016292,-0.034084
SCR.SW,2020-07-23,73.08,mixed,0.0,0.023661,-0.023661,0.0,-0.004797,0.004797,-0.06283,-0.005332,-0.057498,0.0,-0.016292,0.016292
AMS.SW,2020-07-29,65.22,mixed,-0.049623,-0.017897,-0.031727,-0.038763,-0.015924,-0.022839,-0.013906,-0.000427,-0.013479,-0.034499,-0.017276,-0.017223
CSGN.SW,2020-07-30,50.0,mixed,-0.067586,-0.032404,-0.035182,-0.041717,-0.02774,-0.013977,-0.015602,-0.017276,0.001673,0.026416,-0.008859,0.035275
UIS.SW,2020-08-04,55.1,mixed,0.020202,-0.027002,0.047204,0.0,-0.011205,0.011205,0.0,-0.006611,0.006611,0.0,-0.006305,0.006305
ADEN.SW,2020-08-06,57.14,mixed,-0.043126,-0.030457,-0.012669,0.029265,-0.002794,0.03206,0.005169,-0.003054,0.008223,0.005142,8.9e-05,0.005053
SCMN.SW,2020-08-13,65.22,mixed,0.037291,0.016321,0.02097,0.054593,0.019169,0.035424,-0.001574,-0.001805,0.00023,-0.001965,-0.009406,0.007441
ZURN.SW,2020-08-13,28.57,mixed,0.026173,0.016321,0.009852,0.008166,0.019169,-0.011003,-0.025945,-0.001805,-0.02414,-0.003202,-0.009406,0.006204
ALC.SW,2020-08-18,60.0,mixed,-0.018643,0.000626,-0.019268,-0.037458,0.001493,-0.038951,-0.037116,-0.005833,-0.031283,0.004426,0.013926,-0.0095
ARYN.SW,2020-10-06,0.0,mixed,-0.09447,-0.011821,-0.082649,-0.040683,0.000377,-0.041061,0.012887,-0.006784,0.019671,0.017812,-0.004425,0.022237
TEMN.SW,2020-10-15,74.07,mixed,-0.024404,-0.01662,-0.007783,-0.045616,-0.019696,-0.02592,-0.04916,-0.021831,-0.027329,-0.04138,0.013823,-0.055203
KNIN.SW,2020-10-20,41.67,mixed,0.060973,-0.008495,0.069468,0.015657,-0.018394,0.034051,0.015125,-0.003744,0.018869,0.022381,-0.015423,0.037804
UBSG.SW,2020-10-20,53.06,mixed,0.04253,-0.008495,0.051025,0.054024,-0.018394,0.072419,0.026853,-0.003744,0.030597,-0.008368,-0.015423,0.007054
ABBN.SW,2020-10-23,70.83,mixed,-0.030626,-0.028695,-0.001932,-0.035994,-0.017951,-0.018043,-0.016941,0.002485,-0.019426,-0.004787,-0.003819,-0.000968
SCHP.SW,2020-10-23,54.55,mixed,0.009363,-0.028695,0.038057,-0.009931,-0.017951,0.008021,0.02098,0.002485,0.018494,-0.008477,-0.003819,-0.004658
UIS.SW,2020-10-26,54.55,mixed,0.038251,-0.036518,0.07477,0.0,-0.019514,0.019514,0.0,-0.003819,0.003819,0.0,-0.009827,0.009827
IDIA.SW,2020-10-27,72.73,mixed,0.035655,-0.043426,0.079081,0.078584,-0.025501,0.104085,0.059372,-0.009827,0.069199,-0.055244,-0.02719,-0.028054
NOVN.SW,2020-10-27,75.0,mixed,-0.074455,-0.043426,-0.031029,-0.046461,-0.025501,-0.02096,-0.02859,-0.009827,-0.018762,-0.031066,-0.02719,-0.003876
CLN.SW,2020-10-29,58.33,mixed,-0.105582,-0.050837,-0.054745,-0.081492,-0.044295,-0.037196,-0.023495,-0.006499,-0.016996,0.0,0.003245,-0.003245
CSGN.SW,2020-10-29,51.85,mixed,-0.075054,-0.050837,-0.024217,-0.105449,-0.044295,-0.061154,-0.055556,-0.006499,-0.049057,0.002557,0.003245,-0.000688
SCMN.SW,2020-10-29,62.5,mixed,-0.033451,-0.050837,0.017386,0.005556,-0.044295,0.049851,0.017501,-0.006499,0.024,-0.009981,0.003245,-0.013226
SREN.SW,2020-10-30,66.67,mixed,-0.03645,-0.06074,0.02429,-0.033002,-0.043571,0.010569,0.035114,0.003245,0.031869,0.036801,0.021334,0.015467
ADEN.SW,2020-11-03,59.09,mixed,-0.053604,-0.014036,-0.039569,0.006176,0.011765,-0.005589,0.056292,0.021665,0.034627,-0.008929,0.028286,-0.037215
AMS.SW,2020-11-06,62.5,mixed,0.034318,0.029796,0.004522,0.104859,0.076709,0.02815,0.004219,0.001574,0.002645,0.024348,0.009244,0.015105
SCR.SW,2020-11-06,70.37,mixed,-0.068946,0.029796,-0.098742,-0.007059,0.076709,-0.083768,0.0,0.001574,-0.001574,0.0,0.009244,-0.009244
ALC.SW,2020-11-10,50.0,mixed,0.074908,0.047858,0.027049,0.094085,0.035673,0.058411,-0.03559,-0.0055,-0.03009,0.030209,0.016561,0.013649
UBSG.SW,2021-01-26,54.0,mixed,-0.017842,0.008613,-0.026455,-0.014493,0.006935,-0.021428,0.023915,0.00351,0.020405,-0.011246,-0.005455,-0.005791
NOVN.SW,2021-01-26,76.0,habitual_beater,0.006221,0.008613,-0.002392,-0.00827,0.006935,-0.015205,-0.020974,0.00351,-0.024484,-0.006039,-0.005455,-0.000584
ARYN.SW,2021-01-30,0.0,mixed,0.000648,-0.012581,0.013228,-0.0504,-0.016977,-0.033423,-0.022152,0.014084,-0.036235,0.055016,0.005898,0.049118
ABBN.SW,2021-02-04,72.0,mixed,-0.010287,-0.007721,-0.002566,-0.022025,0.001026,-0.02305,-0.049794,0.007913,-0.057707,-0.007362,-0.009712,0.002349
IDIA.SW,2021-02-04,75.0,mixed,-0.072967,-0.007721,-0.065246,-0.033333,0.001026,-0.034359,-0.011119,0.007913,-0.019033,-0.02024,-0.009712,-0.010528
SCMN.SW,2021-02-04,64.0,mixed,0.024684,-0.007721,0.032405,-0.009588,0.001026,-0.010614,0.000202,0.007913,-0.007711,-0.017694,-0.009712,-0.007982
ZURN.SW,2021-02-11,27.27,mixed,0.019826,0.000285,0.019541,0.0,-0.00074,0.00074,-0.01134,0.002509,-0.013849,-0.006931,0.00253,-0.009461
TEMN.SW,2021-02-17,71.43,mixed,0.114935,-0.007947,0.122882,0.172848,-0.007957,0.180805,0.177133,-0.017409,0.194542,0.043114,-0.001209,0.044323
CSGN.SW,2021-02-18,50.0,mixed,0.016963,-0.007947,0.024911,-0.000813,-0.007957,0.007144,-0.038341,-0.017409,-0.020932,0.024003,-0.001209,0.025212
UIS.SW,2021-02-22,55.0,mixed,0.06,-0.01506,0.07506,0.0,-0.014331,0.014331,0.019231,-0.000688,0.019919,0.0,-0.008259,0.008259
ALC.SW,2021-02-23,57.14,mixed,-0.045713,-0.013615,-0.032097,-0.025625,-0.024938,-0.000687,0.007094,-0.008259,0.015353,-0.009549,0.011186,-0.020735
AMS.SW,2021-02-23,64.0,mixed,-0.092677,-0.013615,-0.079061,-0.048199,-0.024938,-0.02326,-0.03147,-0.008259,-0.023211,0.02506,0.011186,0.013875
SCR.SW,2021-02-24,71.43,mixed,0.131236,-0.004744,0.13598,0.011639,-0.016493,0.028132,0.0,0.011186,-0.011186,0.0,-0.006416,0.006416
ADEN.SW,2021-02-25,60.87,mixed,0.025113,-0.013403,0.038515,0.038148,-0.00549,0.043638,-0.017484,-0.006416,-0.011068,-0.026808,-0.01282,-0.013988
KNIN.SW,2021-03-03,44.0,mixed,0.164062,-0.01444,0.178502,0.147705,0.002087,0.145618,0.106335,-0.006199,0.112535,-0.022412,-0.013237,-0.009175
TEMN.SW,2021-04-20,72.41,mixed,0.024752,-0.009297,0.034049,0.008723,-0.003901,0.012624,-0.012951,-0.011674,-0.001277,-0.028329,0.011744,-0.040072
IDIA.SW,2021-04-22,76.92,habitual_beater,0.041699,0.001608,0.040091,0.020031,0.00234,0.017691,0.0,0.001411,-0.001411,-0.055891,-0.00217,-0.053721
CSGN.SW,2021-04-22,51.72,mixed,-0.084347,0.001608,-0.085955,-0.063048,0.00234,-0.065388,-0.021104,0.001411,-0.022515,0.02243,-0.00217,0.024601
KNIN.SW,2021-04-26,42.31,mixed,0.034904,-0.001722,0.036626,0.004921,-0.00426,0.009181,-0.026369,-0.003433,-0.022936,-0.022144,-0.006272,-0.015872
ABBN.SW,2021-04-27,73.08,mixed,0.03624,-0.002723,0.038963,0.014787,0.001182,0.013605,0.009562,-0.006272,0.015834,0.006193,0.001026,0.005167
UBSG.SW,2021-04-27,54.9,mixed,-0.04031,-0.002723,-0.037587,-0.02673,0.001182,-0.027912,-0.019794,-0.006272,-0.013522,0.019386,0.001026,0.01836
NOVN.SW,2021-04-27,73.08,mixed,-0.008486,-0.002723,-0.005762,-0.0154,0.001182,-0.016583,-0.016401,-0.006272,-0.010128,0.0,0.001026,-0.001026
SCR.SW,2021-04-28,72.41,mixed,0.0,-0.004728,0.004728,0.0,-0.009424,0.009424,0.0,0.001026,-0.001026,0.0,-0.002157,0.002157
SCMN.SW,2021-04-29,65.38,mixed,0.043106,-0.010643,0.053749,0.032672,-0.012953,0.045625,0.043544,-0.002157,0.045701,-0.001397,-0.00516,0.003763
CLN.SW,2021-04-29,61.54,mixed,-0.034038,-0.010643,-0.023394,-0.027187,-0.012953,-0.014234,-0.041351,-0.002157,-0.039194,-0.017618,-0.00516,-0.012459
PSPN.SW,2021-04-30,55.56,mixed,-0.013944,-0.021365,0.00742,-0.016589,-0.01591,-0.000679,-0.010495,-0.00516,-0.005335,0.009697,0.008769,0.000927
SCHP.SW,2021-04-30,58.33,mixed,-0.09064,-0.021365,-0.069275,-0.090017,-0.01591,-0.074107,-0.050062,-0.00516,-0.044902,-0.000418,0.008769,-0.009187
SREN.SW,2021-04-30,61.54,mixed,0.001491,-0.021365,0.022856,0.019426,-0.01591,0.035336,0.02911,-0.00516,0.03427,0.013845,0.008769,0.005076
AMS.SW,2021-05-04,61.54,mixed,0.010935,-0.009753,0.020688,0.018638,-0.010922,0.02956,0.011288,-0.013317,0.024605,0.101381,0.012776,0.088604
ADEN.SW,2021-05-04,58.33,mixed,-0.082458,-0.009753,-0.072705,-0.069481,-0.010922,-0.058559,-0.051003,-0.013317,-0.037686,0.014758,0.012776,0.001981
ALC.SW,2021-05-04,50.0,mixed,0.005415,-0.009753,0.015168,-0.019941,-0.010922,-0.009019,-0.019366,-0.013317,-0.006049,-0.076601,0.012776,-0.089377
UIS.SW,2021-05-06,55.45,mixed,0.070707,-0.008742,0.079449,0.0,0.000688,-0.000688,0.0,0.012776,-0.012776,-0.018868,0.005622,-0.02449
UBSG.SW,2021-07-20,53.85,mixed,0.005596,-0.001633,0.007229,0.021104,-0.010386,0.03149,0.053601,0.007048,0.046554,0.028617,0.006354,0.022263
KNIN.SW,2021-07-20,44.44,mixed,-0.016387,-0.001633,-0.014754,-0.024053,-0.010386,-0.013667,0.006461,0.007048,-0.000587,-0.008674,0.006354,-0.015028
TEMN.SW,2021-07-21,70.0,mixed,-0.029265,-0.00529,-0.023976,-0.024978,-0.001808,-0.023171,-0.000668,0.006354,-0.007022,-0.012475,-0.003708,-0.008767
NOVN.SW,2021-07-21,70.37,mixed,-0.026102,-0.00529,-0.020813,-0.025031,-0.001808,-0.023223,-0.007004,0.006354,-0.013358,0.012837,-0.003708,0.016545
ABBN.SW,2021-07-22,74.07,mixed,0.030407,0.004389,0.026017,0.014122,1.8e-05,0.014105,0.014805,-0.003708,0.018513,0.015584,0.012844,0.00274
IDIA.SW,2021-07-27,78.57,habitual_beater,-0.024584,-0.004139,-0.020445,-0.000812,0.006313,-0.007125,-0.01992,-0.002369,-0.017552,-0.101626,0.004337,-0.105963
ADEN.SW,2021-07-28,60.0,mixed,-0.103818,0.002481,-0.106299,-0.080474,0.004296,-0.084771,-0.079304,0.004337,-0.083642,-0.009212,0.001119,-0.010331
SCR.SW,2021-07-28,73.33,mixed,0.0,0.002481,-0.002481,-0.068212,0.004296,-0.072508,0.0,0.004337,-0.004337,0.0,0.001119,-0.001119
CSGN.SW,2021-07-29,50.0,mixed,0.006407,0.00918,-0.002773,-0.006326,0.009163,-0.015489,-0.019798,0.001119,-0.020917,-0.000439,0.002489,-0.002928
AMS.SW,2021-07-30,62.96,mixed,0.042086,0.00751,0.034576,0.003774,-0.001155,0.004928,-0.008308,0.002489,-0.010797,0.03899,0.004473,0.034517
UIS.SW,2021-08-02,55.88,mixed,-0.117925,0.026044,-0.143969,-0.065,0.010074,-0.075074,0.0,0.004473,-0.004473,0.0,-0.000641,0.000641
SCMN.SW,2021-08-05,66.67,mixed,0.012822,0.018604,-0.005782,0.018034,0.009356,0.008678,0.010604,0.001731,0.008873,-0.01627,-0.001928,-0.014342
ZURN.SW,2021-08-12,26.09,mixed,0.102052,0.028331,0.073721,0.07772,0.018799,0.058921,0.038196,0.003331,0.034864,0.007908,0.002838,0.00507
ALC.SW,2021-08-17,55.56,mixed,-0.032336,0.025834,-0.05817,-0.020891,0.009364,-0.030255,0.001886,0.004694,-0.002808,0.13508,0.005443,0.129637
MOLN.SW,2021-08-26,25.0,mixed,0.009989,-0.00162,0.011609,0.003308,0.000439,0.002868,-0.001098,0.003596,-0.004693,0.031868,0.002415,0.029453
TEMN.SW,2021-10-14,70.97,mixed,0.05075,0.021479,0.029271,0.053682,0.010956,0.042726,-0.010715,0.006596,-0.017311,-0.137436,0.005787,-0.143223
KNIN.SW,2021-10-20,46.43,mixed,-0.021708,0.038356,-0.060065,-0.024351,0.016806,-0.041157,-0.030565,0.005896,-0.036461,0.00938,0.002163,0.007217
ABBN.SW,2021-10-21,75.0,mixed,-0.025623,0.02342,-0.049042,-0.049965,0.012329,-0.062294,-0.062329,0.002163,-0.064492,0.006574,0.001418,0.005156
SCHP.SW,2021-10-21,61.54,mixed,-0.040521,0.02342,-0.063941,-0.051187,0.012329,-0.063516,-0.059775,0.002163,-0.061939,0.03097,0.001418,0.029553
UBSG.SW,2021-10-26,54.72,mixed,0.063128,0.033152,0.029976,0.039271,0.017063,0.022208,0.012295,0.006909,0.005386,0.002699,-0.004863,0.007562
IDIA.SW,2021-10-26,80.0,habitual_beater,-0.078797,0.033152,-0.111949,-0.071704,0.017063,-0.088767,0.001038,0.006909,-0.005872,-0.02281,-0.004863,-0.017947
NOVN.SW,2021-10-26,71.43,mixed,0.017078,0.033152,-0.016074,0.015375,0.017063,-0.001688,0.010912,0.006909,0.004003,-0.023688,-0.004863,-0.018825
SCR.SW,2021-10-27,74.19,mixed,0.073196,0.023095,0.050101,0.073196,0.006185,0.067011,0.008232,-0.004863,0.013096,-0.068204,0.005431,-0.073635
CLN.SW,2021-10-28,64.29,mixed,0.065857,0.021911,0.043946,0.055731,0.009466,0.046266,0.049748,0.005431,0.044317,0.014997,-0.003697,0.018694
MOLN.SW,2021-10-28,40.0,mixed,-0.052004,0.021911,-0.073916,-0.052004,0.009466,-0.06147,-0.007936,0.005431,-0.013368,-0.017143,-0.003697,-0.013446
SCMN.SW,2021-10-28,67.86,mixed,-0.065245,0.021911,-0.087156,-0.067305,0.009466,-0.07677,-0.074104,0.005431,-0.079535,-0.017346,-0.003697,-0.013649
SREN.SW,2021-10-29,64.29,mixed,0.09081,0.012275,0.078535,0.086586,0.00431,0.082276,0.034356,-0.003697,0.038053,0.003564,0.008933,-0.005369
UIS.SW,2021-11-02,56.31,mixed,-0.009174,0.031673,-0.040847,0.028571,0.014365,0.014207,0.009346,0.008568,0.000778,-0.027778,0.005054,-0.032832
AMS.SW,2021-11-02,60.71,mixed,-0.057288,0.031673,-0.088961,-0.071861,0.014365,-0.086226,-0.084389,0.008568,-0.092958,-0.019356,0.005054,-0.02441
ADEN.SW,2021-11-02,61.54,mixed,-0.049009,0.031673,-0.080682,-0.057314,0.014365,-0.071679,-0.040289,0.008568,-0.048857,0.038796,0.005054,0.033742
CSGN.SW,2021-11-04,51.61,mixed,-0.017518,0.030227,-0.047746,-0.018746,0.020567,-0.039313,-0.048283,0.001597,-0.04988,-0.00276,-0.006547,0.003787
ALC.SW,2021-11-09,60.0,mixed,0.024235,0.018195,0.006041,0.004807,0.003776,0.001031,-0.007316,0.001147,-0.008463,-0.010732,0.00274,-0.013471
EFGN.SW,2021-12-30,75.0,mixed,0.019538,0.027509,-0.007971,0.01773,0.012723,0.005007,-0.005199,-0.003938,-0.001262,0.006969,0.004933,0.002036
BAER.SW,2021-12-30,0.0,mixed,0.050776,0.027509,0.023268,0.022041,0.012723,0.009318,-0.004374,-0.003938,-0.000436,0.002796,0.004933,-0.002137
HELN.SW,2021-12-30,50.0,mixed,0.031728,0.027509,0.004219,0.02677,0.012723,0.014047,-0.004658,-0.003938,-0.00072,0.017716,0.004933,0.012783
STMN.SW,2021-12-30,25.0,mixed,-0.009977,0.027509,-0.037486,-0.003383,0.012723,-0.016106,-0.00412,-0.003938,-0.000183,0.015753,0.004933,0.010821
LONN.SW,2021-12-30,0.0,mixed,0.021731,0.027509,-0.005778,0.016008,0.012723,0.003285,0.004481,-0.003938,0.008419,-0.016282,0.004933,-0.021214
NESN.SW,2021-12-30,75.0,mixed,0.015931,0.027509,-0.011577,0.003891,0.012723,-0.008832,-0.006999,-0.003938,-0.003061,0.014008,0.004933,0.009075
DKSH.SW,2021-12-30,100.0,mixed,0.029266,0.027509,0.001757,0.018853,0.012723,0.00613,-0.003299,-0.003938,0.000639,-0.007221,0.004933,-0.012154
SFSN.SW,2021-12-30,75.0,mixed,0.080444,0.027509,0.052935,0.004768,0.012723,-0.007955,-0.014873,-0.003938,-0.010936,0.000863,0.004933,-0.00407
BUCN.SW,2021-12-30,75.0,mixed,0.076381,0.027509,0.048872,0.025938,0.012723,0.013215,-0.003963,-0.003938,-2.5e-05,0.00486,0.004933,-7.3e-05
UHR.SW,2021-12-30,50.0,mixed,0.022747,0.027509,-0.004762,0.033743,0.012723,0.02102,-0.001079,-0.003938,0.002859,0.01076,0.004933,0.005828
ROG.SW,2021-12-30,0.0,mixed,0.021013,0.027509,-0.006496,0.00212,0.012723,-0.010603,-0.004722,-0.003938,-0.000785,-0.000514,0.004933,-0.005446
RIOP.SW,2021-12-30,25.0,mixed,0.0,0.027509,-0.027509,0.0,0.012723,-0.012723,0.0,-0.003938,0.003938,0.0,0.004933,-0.004933
RI.SW,2021-12-30,0.0,mixed,0.0,0.027509,-0.027509,0.0,0.012723,-0.012723,0.0,-0.003938,0.003938,0.0,0.004933,-0.004933
PGHN.SW,2021-12-30,0.0,mixed,0.029257,0.027509,0.001748,0.020582,0.012723,0.007859,-0.000665,-0.003938,0.003272,-0.008924,0.004933,-0.013857
OR.SW,2021-12-30,0.0,mixed,0.0,0.027509,-0.027509,0.0,0.012723,-0.012723,0.0,-0.003938,0.003938,0.0,0.004933,-0.004933
HEI.SW,2021-12-30,25.0,mixed,0.0,0.027509,-0.027509,0.0,0.012723,-0.012723,0.0,-0.003938,0.003938,0.0,0.004933,-0.004933
CAP.SW,2021-12-30,0.0,mixed,0.0,0.027509,-0.027509,0.0,0.012723,-0.012723,0.0,-0.003938,0.003938,0.0,0.004933,-0.004933
AAM.SW,2021-12-30,50.0,mixed,-0.069745,0.027509,-0.097253,0.019376,0.012723,0.006653,0.019376,-0.003938,0.023313,0.0,0.004933,-0.004933
BALN.SW,2021-12-30,50.0,mixed,0.049983,0.027509,0.022474,0.023998,0.012723,0.011275,-0.002678,-0.003938,0.001259,0.024168,0.004933,0.019235
UHRN.SW,2021-12-31,50.0,mixed,0.032562,0.011593,0.020969,0.035668,0.012033,0.023635,0.009424,0.004933,0.004492,0.034232,-0.002952,0.037185
UBSG.SW,2022-02-01,55.56,mixed,0.040932,-0.013549,0.054481,0.091089,0.034666,0.056423,0.080392,0.010886,0.069506,0.017544,4.6e-05,0.017498
NOVN.SW,2022-02-02,72.41,mixed,-0.034824,-0.013199,-0.021625,0.005975,0.021665,-0.015691,-0.030517,4.6e-05,-0.030563,0.010839,-0.010212,0.021051
ABBN.SW,2022-02-03,75.86,habitual_beater,-0.076063,-0.025998,-0.050065,-0.021989,0.004702,-0.026691,-0.024629,-0.010212,-0.014417,-0.01349,-0.007675,-0.005815
SCMN.SW,2022-02-03,68.97,mixed,0.029963,-0.025998,0.05596,0.013611,0.004702,0.00891,0.019406,-0.010212,0.029617,0.002979,-0.007675,0.010654
RO.SW,2022-02-03,0.0,mixed,-0.049221,-0.025998,-0.023223,-0.016954,0.004702,-0.021655,-0.033342,-0.010212,-0.023131,-0.011334,-0.007675,-0.003659
CBA.SW,2022-02-08,50.0,mixed,0.0,0.017577,-0.017577,0.0,-0.016516,0.016516,0.0,-0.003129,0.003129,0.0,0.017454,-0.017454
IDIA.SW,2022-02-08,81.25,habitual_beater,-0.045149,0.017577,-0.062726,-0.086397,-0.016516,-0.069881,-0.04698,-0.003129,-0.043851,-0.089034,0.017454,-0.106488
AMS.SW,2022-02-08,58.62,mixed,0.140892,0.017577,0.123315,0.075888,-0.016516,0.092404,0.090027,-0.003129,0.093156,0.056,0.017454,0.038546
CSGN.SW,2022-02-10,53.12,mixed,-0.005756,0.01119,-0.016946,-0.027478,0.006458,-0.033936,-0.066176,-0.00442,-0.061757,-0.002779,-0.006594,0.003815
ZURN.SW,2022-02-10,25.0,mixed,0.0,0.01119,-0.01119,0.005181,0.006458,-0.001277,-0.012181,-0.00442,-0.007762,0.012553,-0.006594,0.019147
TEMN.SW,2022-02-14,71.88,mixed,-0.016844,-0.016385,-0.000459,-0.002765,-0.013732,0.010966,-0.017226,-0.016808,-0.000418,-0.079125,0.012929,-0.092054
ALC.SW,2022-02-15,63.64,mixed,0.012884,-0.014397,0.027281,0.025222,0.002155,0.023067,0.021125,0.012929,0.008196,0.020967,0.000797,0.02017
RB.SW,2022-02-17,75.0,mixed,0.0,-0.012987,0.012987,0.0,-0.01932,0.01932,0.0,-0.009539,0.009539,0.0,-0.005398,0.005398
RNO.SW,2022-02-21,25.0,mixed,0.0,-0.024761,0.024761,0.0,-0.011183,0.011183,0.0,-0.009843,0.009843,0.0,0.005677,-0.005677
UIS.SW,2022-02-21,55.77,mixed,0.18543,-0.024761,0.210191,0.140127,-0.011183,0.15131,0.0,-0.009843,0.009843,0.0,0.005677,-0.005677
HEN3.SW,2022-02-23,0.0,mixed,0.0,-0.034439,0.034439,0.0,-0.02048,0.02048,0.0,-0.001463,0.001463,0.0,-0.025551,0.025551
RIO.SW,2022-02-23,50.0,mixed,0.0,-0.034439,0.034439,0.0,-0.02048,0.02048,0.0,-0.001463,0.001463,0.0,-0.025551,0.025551
SCR.SW,2022-02-24,75.0,mixed,0.0,-0.054933,0.054933,0.0,-0.036315,0.036315,0.0,-0.025551,0.025551,0.0,0.030124,-0.030124
ADEN.SW,2022-02-24,59.26,mixed,-0.088566,-0.054933,-0.033633,-0.078969,-0.036315,-0.042655,-0.054339,-0.025551,-0.028787,0.030686,0.030124,0.000562
KNIN.SW,2022-03-02,48.28,mixed,0.017974,-0.026246,0.04422,0.101865,-0.005887,0.107752,0.019161,0.000785,0.018376,-0.018801,-0.016501,-0.0023
AVOL.SW,2022-03-08,50.0,mixed,-0.254879,-0.07545,-0.17943,-0.141825,-0.067881,-0.073944,0.043606,-0.013174,0.05678,0.107265,0.039459,0.067806
MOLN.SW,2022-03-15,50.0,mixed,-0.191453,-0.015179,-0.176274,-0.13211,0.056539,-0.18865,-0.117949,0.000281,-0.11823,-0.014799,0.018724,-0.033523
SOON.SW,2022-03-30,50.0,mixed,0.070152,0.028802,0.04135,0.06212,0.01192,0.0502,-0.004947,-0.006641,0.001694,0.012289,-0.006714,0.019003
SCR.SW,2022-03-30,72.73,mixed,-0.002868,0.028802,-0.03167,0.0,0.01192,-0.01192,0.0,-0.006641,0.006641,0.0,-0.006714,0.006714
CFR.SW,2022-03-30,75.0,mixed,0.058072,0.028802,0.02927,0.037688,0.01192,0.025768,-0.023067,-0.006641,-0.016427,-0.025595,-0.006714,-0.018881
ABBN.SW,2022-04-21,73.33,mixed,0.046908,-0.006111,0.05302,0.085883,-0.006264,0.092147,0.049145,-0.000718,0.049863,-0.034623,-0.003496,-0.031128
TEMN.SW,2022-04-22,69.7,mixed,0.044575,-0.005014,0.049589,0.024492,-0.009722,0.034214,-0.03817,-0.003496,-0.034674,-0.028568,-0.014141,-0.014427
SCHP.SW,2022-04-22,57.14,mixed,0.014276,-0.005014,0.01929,0.011593,-0.009722,0.021316,-0.004982,-0.003496,-0.001486,-0.015132,-0.014141,-0.000991
SIGN.SW,2022-04-26,0.0,mixed,-0.138994,-0.045925,-0.09307,-0.037646,-0.028347,-0.009299,-0.045741,-0.012553,-0.033189,0.019284,0.009905,0.009379
KNIN.SW,2022-04-26,50.0,mixed,0.04591,-0.045925,0.091835,0.010903,-0.028347,0.03925,-0.03209,-0.012553,-0.019538,-0.002974,0.009905,-0.012879
NOVN.SW,2022-04-26,70.0,mixed,-0.005812,-0.045925,0.040112,-0.009905,-0.028347,0.018442,0.003651,-0.012553,0.016204,0.006756,0.009905,-0.003149
IDIA.SW,2022-04-26,76.47,habitual_beater,-0.160513,-0.045925,-0.114588,-0.110809,-0.028347,-0.082462,-0.041569,-0.012553,-0.029016,-0.008552,0.009905,-0.018457
UBSG.SW,2022-04-26,56.36,mixed,-0.040462,-0.045925,0.005462,-0.033635,-0.028347,-0.005288,0.00067,-0.012553,0.013223,0.027443,0.009905,0.017538
UIS.SW,2022-04-27,56.19,mixed,0.0,-0.038083,0.038083,0.0,-0.021014,0.021014,0.0,0.009905,-0.009905,0.0,0.001405,-0.001405
CSGN.SW,2022-04-27,51.52,mixed,-0.119967,-0.038083,-0.081884,-0.103766,-0.021014,-0.082751,-0.026364,0.009905,-0.036269,-0.009648,0.001405,-0.011053
SCMN.SW,2022-04-28,70.0,mixed,0.008807,-0.02508,0.033887,0.022508,-0.018935,0.041443,0.020308,0.001405,0.018904,0.007686,0.005001,0.002685
PSPN.SW,2022-05-03,52.63,mixed,0.012294,-0.022761,0.035056,0.014036,0.005749,0.008287,0.013119,0.002518,0.0106,-0.010538,-0.010135,-0.000403
AMS.SW,2022-05-03,60.0,mixed,-0.011887,-0.022761,0.010875,0.034626,0.005749,0.028877,0.002009,0.002518,-0.000509,-0.047193,-0.010135,-0.037058
GEBN.SW,2022-05-04,66.67,mixed,-0.032941,-0.034925,0.001984,-0.028671,-0.014209,-0.014462,-0.023295,-0.010135,-0.01316,0.011742,-0.00025,0.011992
ADEN.SW,2022-05-05,60.71,mixed,-0.086127,-0.034473,-0.051655,-0.042848,-0.015838,-0.02701,-0.058022,-0.00025,-0.057772,-0.014473,-0.012364,-0.002109
LAND.SW,2022-05-05,25.0,mixed,-0.023814,-0.034473,0.010658,0.018584,-0.015838,0.034422,-0.00449,-0.00025,-0.00424,-0.04633,-0.012364,-0.033967
SREN.SW,2022-05-05,60.0,mixed,-0.073809,-0.034473,-0.039336,-0.03909,-0.015838,-0.023252,-0.032315,-0.00025,-0.032065,0.005313,-0.012364,0.017677
ALC.SW,2022-05-09,66.67,mixed,-0.116502,-0.053025,-0.063478,-0.058978,-0.044066,-0.014912,-0.045744,-0.024402,-0.021342,-0.015048,0.008523,-0.023571
MOLN.SW,2022-05-12,42.86,mixed,-0.229695,-0.046591,-0.183104,-0.152235,-0.031248,-0.120987,-0.031898,-0.004114,-0.027784,0.136738,0.01254,0.124198
CLN.SW,2022-05-19,66.67,mixed,0.028271,-0.047804,0.076075,0.041972,-0.01709,0.059062,-0.012626,-0.023288,0.010661,0.017903,-4.5e-05,0.017948
BIDU.SW,2022-05-26,50.0,mixed,0.0,0.012258,-0.012258,0.0,0.029858,-0.029858,0.0,0.01352,-0.01352,0.0,0.007649,-0.007649
FHZN.SW,2022-06-29,100.0,mixed,-0.035053,0.002611,-0.037665,-0.024314,0.026919,-0.051233,-0.038827,0.000202,-0.039028,-0.028335,-0.006524,-0.02181
PGHN.SW,2022-06-29,0.0,mixed,-0.003661,0.002611,-0.006273,0.02178,0.026919,-0.005139,-0.021314,0.000202,-0.021515,-0.01421,-0.006524,-0.007686
OR.SW,2022-06-29,0.0,mixed,0.0,0.002611,-0.002611,0.0,0.026919,-0.026919,0.0,0.000202,-0.000202,0.0,-0.006524,0.006524
SGSN.SW,2022-06-29,0.0,mixed,0.03509,0.002611,0.032479,0.027317,0.026919,0.000399,0.014187,0.000202,0.013985,-0.014871,-0.006524,-0.008346
SCR.SW,2022-06-29,70.59,mixed,0.0,0.002611,-0.002611,0.0,0.026919,-0.026919,0.0,0.000202,-0.000202,0.0,-0.006524,0.006524
UHR.SW,2022-06-29,60.0,mixed,-0.026399,0.002611,-0.02901,0.024658,0.026919,-0.002261,-0.006956,0.000202,-0.007158,-0.008768,-0.006524,-0.002244
HELN.SW,2022-06-29,60.0,mixed,-0.040401,0.002611,-0.043012,0.009932,0.026919,-0.016987,-0.014139,0.000202,-0.01434,0.000922,-0.006524,0.007446
RIOP.SW,2022-06-29,40.0,mixed,0.0,0.002611,-0.002611,0.0,0.026919,-0.026919,0.0,0.000202,-0.000202,0.0,-0.006524,0.006524
CAP.SW,2022-06-29,0.0,mixed,0.0,0.002611,-0.002611,0.0,0.026919,-0.026919,0.0,0.000202,-0.000202,0.0,-0.006524,0.006524
HEI.SW,2022-06-29,40.0,mixed,0.0,0.002611,-0.002611,0.0,0.026919,-0.026919,0.0,0.000202,-0.000202,0.0,-0.006524,0.006524
NESN.SW,2022-06-29,80.0,mixed,0.04308,0.002611,0.040468,0.02821,0.026919,0.001291,0.01587,0.000202,0.015668,-0.008494,-0.006524,-0.00197
DKSH.SW,2022-06-29,100.0,mixed,0.018012,0.002611,0.0154,0.015994,0.026919,-0.010924,0.007015,0.000202,0.006813,-0.005573,-0.006524,0.000952
SFSN.SW,2022-06-29,60.0,mixed,-0.046509,0.002611,-0.049121,-0.014981,0.026919,-0.0419,-0.015929,0.000202,-0.016131,-0.019337,-0.006524,-0.012813
LONN.SW,2022-06-29,20.0,mixed,-0.013694,0.002611,-0.016306,0.024573,0.026919,-0.002345,-0.014068,0.000202,-0.01427,0.009128,-0.006524,0.015652
AAM.SW,2022-06-29,60.0,mixed,0.189385,0.002611,0.186773,0.0,0.026919,-0.026919,0.0,0.000202,-0.000202,0.0,-0.006524,0.006524
ROG.SW,2022-06-29,0.0,mixed,0.038689,0.002611,0.036077,0.045131,0.026919,0.018212,0.006642,0.000202,0.00644,-0.003456,-0.006524,0.003068
BAER.SW,2022-06-29,0.0,mixed,-0.059712,0.002611,-0.062324,0.015263,0.026919,-0.011656,-0.024772,0.000202,-0.024974,-0.015034,-0.006524,-0.008509
STMN.SW,2022-06-29,20.0,mixed,0.088143,0.002611,0.085531,0.103025,0.026919,0.076106,0.022677,0.000202,0.022475,0.015024,-0.006524,0.021548
MUV2.SW,2022-06-30,25.0,mixed,0.0,0.025378,-0.025378,0.0,0.027542,-0.027542,0.0,-0.006524,0.006524,0.0,0.002718,-0.002718
RI.SW,2022-06-30,20.0,mixed,0.0,0.025378,-0.025378,0.0,0.027542,-0.027542,0.0,-0.006524,0.006524,0.0,0.002718,-0.002718
UHRN.SW,2022-06-30,60.0,mixed,-0.011684,0.025378,-0.037062,0.011437,0.027542,-0.016104,-0.004859,-0.006524,0.001665,-0.001285,0.002718,-0.004003
NOVN.SW,2022-07-19,70.97,mixed,0.029632,0.039204,-0.009572,0.004729,0.00472,9e-06,0.0146,0.010163,0.004436,-0.012372,-0.005628,-0.006745
BARN.SW,2022-07-20,25.0,mixed,-0.045664,0.020192,-0.065855,-0.006654,0.014181,-0.020835,-0.002866,-0.005628,0.002762,-0.004781,0.006804,-0.011585
TEMN.SW,2022-07-21,70.59,mixed,-0.061122,0.01771,-0.078831,0.031449,0.03104,0.000409,-0.030234,0.006804,-0.037039,-0.007005,-0.003468,-0.003536
ABBN.SW,2022-07-21,70.97,mixed,0.058824,0.01771,0.041114,0.075073,0.03104,0.044032,0.016072,0.006804,0.009268,-0.00733,-0.003468,-0.003862
RO.SW,2022-07-21,0.0,mixed,0.025475,0.01771,0.007765,0.023879,0.03104,-0.007161,0.001014,0.006804,-0.00579,0.001013,-0.003468,0.004481
LEON.SW,2022-07-22,75.0,mixed,-0.018284,0.007362,-0.025646,-0.049563,0.010383,-0.059947,0.016919,-0.003468,0.020388,-0.005463,0.002995,-0.008458
KNIN.SW,2022-07-25,51.61,mixed,0.025258,0.009267,0.015991,0.00802,0.010824,-0.002804,-0.025183,0.002995,-0.028178,0.015002,-0.00243,0.017432
UBSG.SW,2022-07-26,57.14,mixed,-0.075601,0.002934,-0.078535,-0.073691,-0.001778,-0.071914,-0.094276,-0.00243,-0.091846,-0.000743,-0.004104,0.003361
IDIA.SW,2022-07-26,77.78,habitual_beater,-0.098658,0.002934,-0.101592,-0.099369,-0.001778,-0.097591,0.006167,-0.00243,0.008597,0.033275,-0.004104,0.037379
MC.SW,2022-07-26,75.0,mixed,0.0,0.002934,-0.002934,0.0,-0.001778,0.001778,0.0,-0.00243,0.00243,0.0,-0.004104,0.004104
SIGN.SW,2022-07-26,0.0,mixed,0.097276,0.002934,0.094342,0.061148,-0.001778,0.062925,0.053713,-0.00243,0.056143,-0.001773,-0.004104,0.002331
RB.SW,2022-07-27,60.0,mixed,0.0,0.013929,-0.013929,0.0,-0.000249,0.000249,0.0,-0.004104,0.004104,0.0,0.006565,-0.006565
RIO.SW,2022-07-27,40.0,mixed,0.0,0.013929,-0.013929,0.0,-0.000249,0.000249,0.0,-0.004104,0.004104,0.0,0.006565,-0.006565
BUCN.SW,2022-07-28,60.0,mixed,0.05767,0.030539,0.027131,-0.030046,-0.000486,-0.02956,-0.011886,0.006565,-0.018451,0.043005,0.00149,0.041515
EI.SW,2022-07-29,25.0,mixed,0.0,0.014917,-0.014917,0.0,0.004487,-0.004487,0.0,0.00149,-0.00149,None,None,None
RNO.SW,2022-07-29,40.0,mixed,0.0,0.014917,-0.014917,0.0,0.004487,-0.004487,0.0,0.00149,-0.00149,None,None,None
AMS.SW,2022-07-29,61.29,mixed,0.004312,0.014917,-0.010605,-0.06803,0.004487,-0.072517,-0.050725,0.00149,-0.052214,None,None,None
UIS.SW,2022-08-03,55.66,mixed,0.0,0.010805,-0.010805,0.0,0.011057,-0.011057,0.0,0.005477,-0.005477,0.0,0.002117,-0.002117
SCMN.SW,2022-08-04,70.97,mixed,-0.023632,0.0061,-0.029732,-0.007092,0.006589,-0.013681,-0.001185,0.002117,-0.003303,0.020644,-0.007105,0.027748
ADEN.SW,2022-08-04,58.62,mixed,-0.054473,0.0061,-0.060573,-0.01392,0.006589,-0.020509,-0.033198,0.002117,-0.035315,0.007631,-0.007105,0.014735
ALC.SW,2022-08-09,69.23,mixed,0.010577,0.002718,0.007859,-0.019565,0.001293,-0.020858,-0.009674,-0.003031,-0.006643,-0.063773,0.002032,-0.065805
CBA.SW,2022-08-09,60.0,mixed,0.0,0.002718,-0.002718,0.0,0.001293,-0.001293,0.0,-0.003031,0.003031,0.0,0.002032,-0.002032
AVOL.SW,2022-08-09,60.0,mixed,0.156775,0.002718,0.154057,0.106048,0.001293,0.104754,0.040723,-0.003031,0.043753,0.001555,0.002032,-0.000477
MOLN.SW,2022-08-09,50.0,mixed,0.018303,0.002718,0.015585,0.014925,0.001293,0.013632,-0.028571,-0.003031,-0.025541,0.029412,0.002032,0.02738
ZURN.SW,2022-08-11,24.0,habitual_misser,0.082667,0.002269,0.080398,0.061657,-0.004292,0.065949,0.017242,-4.7e-05,0.017289,-0.004516,-0.002361,-0.002155
SWON.SW,2022-08-25,75.0,mixed,0.00641,-0.008131,0.014541,0.04754,-0.009287,0.056826,0.041459,0.004632,0.036828,-0.039013,-0.011002,-0.028011
BIDU.SW,2022-08-30,60.0,mixed,0.0,-0.022056,0.022056,0.0,-0.0044,0.0044,0.0,-0.001082,0.001082,0.0,-0.002749,0.002749
SRAIL.SW,2022-08-30,50.0,mixed,-0.067466,-0.022056,-0.04541,0.008892,-0.0044,0.013293,-0.000734,-0.001082,0.000348,0.029747,-0.002749,0.032495
SOON.SW,2022-09-29,60.0,mixed,-0.096004,-0.057665,-0.038339,-0.035949,-0.016573,-0.019376,-0.021694,-0.009174,-0.012519,0.038681,0.01388,0.024802
HEN3.SW,2022-09-29,33.33,mixed,0.0,-0.057665,0.057665,0.0,-0.016573,0.016573,0.0,-0.009174,0.009174,0.0,0.01388,-0.01388
BCHN.SW,2022-09-29,25.0,mixed,-0.083233,-0.057665,-0.025568,-0.04341,-0.016573,-0.026838,-0.008194,-0.009174,0.00098,0.020625,0.01388,0.006745
CFR.SW,2022-09-29,60.0,mixed,-0.083184,-0.057665,-0.025519,-0.047374,-0.016573,-0.030801,-0.03609,-0.009174,-0.026915,0.014586,0.01388,0.000706
MUV2.SW,2022-09-30,40.0,mixed,0.0,-0.032335,0.032335,0.0,0.012801,-0.012801,0.0,0.01388,-0.01388,0.0,0.002256,-0.002256
VACN.SW,2022-10-13,100.0,mixed,-0.005496,0.009964,-0.01546,-0.122365,-0.015709,-0.106657,-0.031694,0.002802,-0.034496,0.017588,0.009918,0.00767
TEMN.SW,2022-10-20,68.57,mixed,-0.168656,0.007922,-0.176578,-0.152611,0.024008,-0.176619,0.033221,-0.00102,0.034241,0.004019,-0.005237,0.009256
ABBN.SW,2022-10-20,68.75,mixed,0.051637,0.007922,0.043715,0.044185,0.024008,0.020177,0.002401,-0.00102,0.003421,0.008383,-0.005237,0.01362
SCHP.SW,2022-10-20,60.0,mixed,-0.04357,0.007922,-0.051493,-0.011565,0.024008,-0.035573,-0.042048,-0.00102,-0.041028,0.033163,-0.005237,0.0384
IDIA.SW,2022-10-25,73.68,mixed,0.038719,0.0554,-0.01668,-0.023793,0.018393,-0.042186,0.039493,0.016782,0.022712,0.053763,0.004072,0.049691
NOVN.SW,2022-10-25,71.88,mixed,0.027659,0.0554,-0.027741,0.007102,0.018393,-0.011291,-0.001868,0.016782,-0.018649,0.010219,0.004072,0.006147
KNIN.SW,2022-10-25,53.12,mixed,0.121712,0.0554,0.066312,0.052273,0.018393,0.033879,0.042961,0.016782,0.026179,0.005811,0.004072,0.001739
UBSG.SW,2022-10-25,57.89,mixed,0.143402,0.0554,0.088002,0.100587,0.018393,0.082194,0.077642,0.016782,0.06086,-0.011341,0.004072,-0.015413
CSGN.SW,2022-10-27,50.0,mixed,-0.132468,0.046805,-0.179273,-0.154048,0.022263,-0.17631,-0.186017,-0.010224,-0.175794,0.012638,0.006141,0.006497
CLN.SW,2022-10-27,68.75,mixed,0.025833,0.046805,-0.020973,-0.00396,0.022263,-0.026223,-0.032692,-0.010224,-0.022469,-0.023857,0.006141,-0.029998
SCMN.SW,2022-10-27,68.75,mixed,0.072,0.046805,0.025194,0.053169,0.022263,0.030906,0.048545,-0.010224,0.058768,0.013127,0.006141,0.006986
MOLN.SW,2022-10-27,55.56,mixed,0.038095,0.046805,-0.00871,0.039746,0.022263,0.017483,-0.032544,-0.010224,-0.022321,-0.013761,0.006141,-0.019903
SREN.SW,2022-10-28,56.25,mixed,0.040033,0.04289,-0.002858,0.004558,0.033956,-0.029397,-0.023529,0.006141,-0.02967,-0.013456,0.005158,-0.018614
AMS.SW,2022-11-02,59.38,mixed,0.085259,0.030722,0.054537,0.05338,-0.001015,0.054395,0.0672,0.002094,0.065106,-0.003898,-0.008851,0.004952
GEBN.SW,2022-11-03,70.0,mixed,-0.064279,0.022642,-0.086921,-0.095408,0.000371,-0.095778,-0.074823,-0.008851,-0.065973,0.021183,0.007206,0.013977
ADEN.SW,2022-11-03,56.67,mixed,0.021606,0.022642,-0.001036,-0.009486,0.000371,-0.009857,-0.016869,-0.008851,-0.008019,0.030327,0.007206,0.023121
UIS.SW,2022-11-07,56.07,mixed,0.0,0.014616,-0.014616,0.0,-0.007161,0.007161,0.0,-0.003465,0.003465,0.0,0.00713,-0.00713
SCR.SW,2022-11-09,68.57,mixed,0.0,0.008054,-0.008054,0.0,0.009078,-0.009078,0.0,0.007139,-0.007139,0.0,0.019823,-0.019823
ALC.SW,2022-11-15,71.43,mixed,-0.001331,0.022494,-0.023825,0.048751,0.018397,0.030354,-0.003983,0.002421,-0.006404,0.050816,-0.008126,0.058942
BIDU.SW,2022-11-22,66.67,mixed,0.0,0.024637,-0.024637,0.0,0.006128,-0.006128,0.0,0.000789,-0.000789,0.0,6e-05,-6e-05
GXI.SW,2022-11-29,0.0,mixed,0.0,0.004679,-0.004679,0.0,-0.00144,0.00144,0.0,-0.007557,0.007557,0.0,0.00451,-0.00451
OR.SW,2022-12-30,16.67,mixed,0.0,-0.013855,0.013855,0.0,-0.004199,0.004199,0.0,-0.011785,0.011785,0.0,0.02323,-0.02323
KGX.SW,2022-12-30,50.0,mixed,0.0,-0.013855,0.013855,0.0,-0.004199,0.004199,0.0,-0.011785,0.011785,0.0,0.02323,-0.02323
RACE.SW,2022-12-30,100.0,mixed,0.0,-0.013855,0.013855,0.0,-0.004199,0.004199,0.0,-0.011785,0.011785,0.0,0.02323,-0.02323
UHRN.SW,2022-12-30,50.0,mixed,0.025372,-0.013855,0.039227,0.005019,-0.004199,0.009218,-0.012996,-0.011785,-0.001211,0.0563,0.02323,0.03307
RDN.SW,2022-12-30,50.0,mixed,0.0,-0.013855,0.013855,0.0,-0.004199,0.004199,0.0,-0.011785,0.011785,0.0,0.02323,-0.02323
LXS.SW,2022-12-30,50.0,mixed,0.0,-0.013855,0.013855,0.0,-0.004199,0.004199,0.0,-0.011785,0.011785,0.0,0.02323,-0.02323
RI.SW,2022-12-30,16.67,mixed,0.0,-0.013855,0.013855,0.0,-0.004199,0.004199,0.0,-0.011785,0.011785,0.0,0.02323,-0.02323
RIOP.SW,2022-12-30,50.0,mixed,0.0,-0.013855,0.013855,0.0,-0.004199,0.004199,0.0,-0.011785,0.011785,0.0,0.02323,-0.02323
JEN.SW,2022-12-30,0.0,mixed,0.0,-0.013855,0.013855,0.0,-0.004199,0.004199,0.0,-0.011785,0.011785,0.0,0.02323,-0.02323
GBF.SW,2022-12-30,25.0,mixed,0.0,-0.013855,0.013855,0.0,-0.004199,0.004199,0.0,-0.011785,0.011785,0.0,0.02323,-0.02323
WAF.SW,2022-12-30,50.0,mixed,0.0,-0.013855,0.013855,0.0,-0.004199,0.004199,0.0,-0.011785,0.011785,0.0,0.02323,-0.02323
FME.SW,2022-12-30,75.0,mixed,0.0,-0.013855,0.013855,0.0,-0.004199,0.004199,0.0,-0.011785,0.011785,0.0,0.02323,-0.02323
ZAL.SW,2022-12-30,0.0,mixed,0.0,-0.013855,0.013855,0.0,-0.004199,0.004199,0.0,-0.011785,0.011785,0.0,0.02323,-0.02323
AAM.SW,2022-12-30,66.67,mixed,-0.016558,-0.013855,-0.002704,0.0,-0.004199,0.004199,0.0,-0.011785,0.011785,0.0,0.02323,-0.02323
SPF.SW,2022-12-30,100.0,mixed,0.0,-0.013855,0.013855,0.0,-0.004199,0.004199,0.0,-0.011785,0.011785,0.0,0.02323,-0.02323
FP.SW,2022-12-30,0.0,mixed,0.0,-0.013855,0.013855,0.0,-0.004199,0.004199,0.0,-0.011785,0.011785,0.0,0.02323,-0.02323
HEI.SW,2022-12-30,33.33,mixed,0.0,-0.013855,0.013855,0.0,-0.004199,0.004199,0.0,-0.011785,0.011785,0.0,0.02323,-0.02323
EVK.SW,2022-12-30,50.0,mixed,0.0,-0.013855,0.013855,0.0,-0.004199,0.004199,0.0,-0.011785,0.011785,0.0,0.02323,-0.02323
HNR1.SW,2022-12-30,50.0,mixed,0.0,-0.013855,0.013855,0.0,-0.004199,0.004199,0.0,-0.011785,0.011785,0.0,0.02323,-0.02323
CAP.SW,2022-12-30,0.0,mixed,0.0,-0.013855,0.013855,0.0,-0.004199,0.004199,0.0,-0.011785,0.011785,0.0,0.02323,-0.02323
NEMA.SW,2022-12-30,100.0,mixed,0.0,-0.013855,0.013855,0.0,-0.004199,0.004199,0.0,-0.011785,0.011785,0.0,0.02323,-0.02323
LEG.SW,2022-12-30,50.0,mixed,0.0,-0.013855,0.013855,0.0,-0.004199,0.004199,0.0,-0.011785,0.011785,0.0,0.02323,-0.02323
PSM.SW,2022-12-31,0.0,mixed,0.0,0.019336,-0.019336,0.0,0.0161,-0.0161,0.0,0.02323,-0.02323,0.0,0.014722,-0.014722
NOEJ.SW,2022-12-31,0.0,mixed,0.0,0.019336,-0.019336,0.0,0.0161,-0.0161,0.0,0.02323,-0.02323,0.0,0.014722,-0.014722
TLX.SW,2022-12-31,75.0,mixed,0.0,0.019336,-0.019336,0.0,0.0161,-0.0161,0.0,0.02323,-0.02323,0.0,0.014722,-0.014722
UTDI.SW,2022-12-31,50.0,mixed,0.0,0.019336,-0.019336,0.0,0.0161,-0.0161,0.0,0.02323,-0.02323,0.0,0.014722,-0.014722
BPOST.SW,2022-12-31,100.0,mixed,0.0,0.019336,-0.019336,0.0,0.0161,-0.0161,0.0,0.02323,-0.02323,0.0,0.014722,-0.014722
DPW.SW,2022-12-31,50.0,mixed,0.0,0.019336,-0.019336,0.0,0.0161,-0.0161,0.0,0.02323,-0.02323,0.0,0.014722,-0.014722
EN.SW,2022-12-31,75.0,mixed,0.0,0.019336,-0.019336,0.0,0.0161,-0.0161,0.0,0.02323,-0.02323,0.0,0.014722,-0.014722
INGA.SW,2022-12-31,25.0,mixed,0.0,0.019336,-0.019336,0.0,0.0161,-0.0161,0.0,0.02323,-0.02323,0.0,0.014722,-0.014722
RAA.SW,2022-12-31,100.0,mixed,0.0,0.019336,-0.019336,0.0,0.0161,-0.0161,0.0,0.02323,-0.02323,0.0,0.014722,-0.014722
MOR.SW,2022-12-31,25.0,mixed,0.0,0.019336,-0.019336,0.0,0.0161,-0.0161,0.0,0.02323,-0.02323,0.0,0.014722,-0.014722
BOSS.SW,2022-12-31,100.0,mixed,0.0,0.019336,-0.019336,0.0,0.0161,-0.0161,0.0,0.02323,-0.02323,0.0,0.014722,-0.014722
HEN3.SW,2022-12-31,28.57,mixed,0.0,0.019336,-0.019336,0.0,0.0161,-0.0161,0.0,0.02323,-0.02323,0.0,0.014722,-0.014722
DBK.SW,2022-12-31,50.0,mixed,0.0,0.019336,-0.019336,0.0,0.0161,-0.0161,0.0,0.02323,-0.02323,0.0,0.014722,-0.014722
SDF.SW,2022-12-31,25.0,mixed,0.0,0.019336,-0.019336,0.0,0.0161,-0.0161,0.0,0.02323,-0.02323,0.0,0.014722,-0.014722
FRE.SW,2022-12-31,75.0,mixed,0.0,0.019336,-0.019336,0.0,0.0161,-0.0161,0.0,0.02323,-0.02323,0.0,0.014722,-0.014722
KBX.SW,2022-12-31,75.0,mixed,0.0,0.019336,-0.019336,0.0,0.0161,-0.0161,0.0,0.02323,-0.02323,0.0,0.014722,-0.014722
BARN.SW,2023-01-18,20.0,mixed,0.032968,0.020318,0.01265,0.021393,0.010725,0.010668,0.013261,-0.003102,0.016363,0.005236,-0.009471,0.014707
BA.SW,2023-01-25,50.0,mixed,0.0,0.014117,-0.014117,0.0,0.003356,-0.003356,0.0,-0.000133,0.000133,0.0,-0.007647,0.007647
LONN.SW,2023-01-25,16.67,mixed,0.085236,0.014117,0.071119,0.049249,0.003356,0.045893,0.074518,-0.000133,0.074651,0.017249,-0.007647,0.024896
MC.SW,2023-01-26,80.0,mixed,0.0,0.002635,-0.002635,0.0,0.005204,-0.005204,0.0,-0.007647,0.007647,0.0,0.001302,-0.001302
SGSN.SW,2023-01-26,0.0,mixed,-0.001332,0.002635,-0.003967,0.000485,0.005204,-0.004719,-0.005667,-0.007647,0.001979,-0.029105,0.001302,-0.030407
LAND.SW,2023-01-31,20.0,mixed,-0.056813,-0.010192,-0.046621,-0.073007,-0.010565,-0.062442,0.011238,-0.008248,0.019486,0.014173,-0.007518,0.021691
CAT.SW,2023-01-31,100.0,mixed,0.070788,-0.010192,0.080981,0.0,-0.010565,0.010565,0.0,-0.008248,0.008248,0.0,-0.007518,0.007518
GM.SW,2023-01-31,75.0,mixed,0.0,-0.010192,0.010192,0.0,-0.010565,0.010565,0.0,-0.008248,0.008248,0.0,-0.007518,0.007518
AMD.SW,2023-01-31,25.0,mixed,0.0,-0.010192,0.010192,0.0,-0.010565,0.010565,0.0,-0.008248,0.008248,0.0,-0.007518,0.007518
UBSG.SW,2023-01-31,58.62,mixed,-0.007773,-0.010192,0.002419,-0.009972,-0.010565,0.000593,-0.020822,-0.008248,-0.012574,0.007275,-0.007518,0.014793
NOVN.SW,2023-02-01,72.73,mixed,-0.053411,-0.014577,-0.038834,-0.059627,-0.017873,-0.041754,-0.027174,-0.007518,-0.019656,-0.024302,-0.001117,-0.023185
TMUS.SW,2023-02-01,75.0,mixed,0.0,-0.014577,0.014577,0.0,-0.017873,0.017873,0.0,-0.007518,0.007518,0.0,-0.001117,0.001117
VATN.SW,2023-02-01,75.0,mixed,-0.00202,-0.014577,0.012557,-0.013421,-0.017873,0.004453,-0.011557,-0.007518,-0.004039,-0.019337,-0.001117,-0.01822
ABBN.SW,2023-02-02,66.67,mixed,0.012914,-0.006266,0.019181,-0.023553,-0.011411,-0.012143,-0.027806,-0.001117,-0.026689,0.025844,0.014387,0.011457
RO.SW,2023-02-02,0.0,mixed,-0.091289,-0.006266,-0.085023,-0.071163,-0.011411,-0.059752,-0.025707,-0.001117,-0.02459,0.027012,0.014387,0.012625
GPRO.SW,2023-02-02,25.0,mixed,0.0,-0.006266,0.006266,0.0,-0.011411,0.011411,0.0,-0.001117,0.001117,0.0,0.014387,-0.014387
ZBH.SW,2023-02-03,0.0,mixed,0.0,0.004814,-0.004814,0.0,0.001508,-0.001508,0.0,0.014387,-0.014387,0.0,-0.005828,0.005828
IDIA.SW,2023-02-07,70.0,mixed,-0.288396,-0.015116,-0.27328,-0.183953,-0.0046,-0.179353,-0.088857,-0.004376,-0.08448,-0.008793,0.003775,-0.012568
AMS.SW,2023-02-07,60.61,mixed,-0.121054,-0.015116,-0.105938,-0.07807,-0.0046,-0.073471,-0.173092,-0.004376,-0.168716,-0.056851,0.003775,-0.060626
GT.SW,2023-02-08,75.0,mixed,0.0,-0.011266,0.011266,0.0,0.006727,-0.006727,0.0,0.003775,-0.003775,0.0,-0.005192,0.005192
UBER.SW,2023-02-08,0.0,mixed,0.0,-0.011266,0.011266,0.0,0.006727,-0.006727,0.0,0.003775,-0.003775,0.0,-0.005192,0.005192
EMR.SW,2023-02-08,75.0,mixed,0.0,-0.011266,0.011266,0.0,0.006727,-0.006727,0.0,0.003775,-0.003775,0.0,-0.005192,0.005192
PMI.SW,2023-02-09,75.0,mixed,-0.029997,-0.008821,-0.021176,0.0,0.00262,-0.00262,0.0,-0.005192,0.005192,0.0,-0.00778,0.00778
DKSH.SW,2023-02-09,83.33,mixed,0.048844,-0.008821,0.057665,0.001388,0.00262,-0.001232,0.00895,-0.005192,0.014142,-0.037145,-0.00778,-0.029365
ZURN.SW,2023-02-09,23.08,habitual_misser,-0.045636,-0.008821,-0.036815,-0.013006,0.00262,-0.015626,-0.027197,-0.005192,-0.022005,-0.000924,-0.00778,0.006856
CSGN.SW,2023-02-09,48.57,mixed,-0.125788,-0.008821,-0.116968,-0.172733,0.00262,-0.175353,-0.147294,-0.005192,-0.142102,0.033538,-0.00778,0.041318
K.SW,2023-02-09,75.0,mixed,0.0,-0.008821,0.008821,0.0,0.00262,-0.00262,0.0,-0.005192,0.005192,0.0,-0.00778,0.00778
SCMN.SW,2023-02-09,69.7,mixed,0.058386,-0.008821,0.067207,0.047792,0.00262,0.045172,0.034006,-0.005192,0.039199,0.008137,-0.00778,0.015917
LEON.SW,2023-02-09,80.0,mixed,-0.01942,-0.008821,-0.010599,-0.045374,0.00262,-0.047994,-0.030714,-0.005192,-0.025522,0.015844,-0.00778,0.023623
CBA.SW,2023-02-14,66.67,mixed,0.003243,-0.004773,0.008017,0.0,-0.000174,0.000174,0.0,0.002014,-0.002014,0.0,0.003629,-0.003629
BSLN.SW,2023-02-14,83.33,mixed,0.004053,-0.004773,0.008826,0.033368,-0.000174,0.033543,0.035528,0.002014,0.033514,0.041372,0.003629,0.037743
KO.SW,2023-02-14,75.0,mixed,0.061947,-0.004773,0.06672,0.0,-0.000174,0.000174,0.0,0.002014,-0.002014,0.0,0.003629,-0.003629
KHC.SW,2023-02-15,50.0,mixed,0.0,0.006405,-0.006405,0.0,-0.00032,0.00032,0.0,0.003629,-0.003629,0.0,-0.006898,0.006898
BIIB.SW,2023-02-15,50.0,mixed,0.0,0.006405,-0.006405,0.0,-0.00032,0.00032,0.0,0.003629,-0.003629,0.0,-0.006898,0.006898
RNO.SW,2023-02-16,50.0,mixed,0.0,0.00058,-0.00058,0.0,-0.002034,0.002034,0.0,-0.006898,0.006898,0.0,0.005483,-0.005483
SUN.SW,2023-02-20,75.0,mixed,0.011359,-0.001469,0.012827,-0.005029,0.005115,-0.010144,-0.009456,0.000923,-0.010379,0.011933,0.001374,0.010559
TEMN.SW,2023-02-20,66.67,mixed,0.029308,-0.001469,0.030777,-0.015623,0.005115,-0.020738,-0.009249,0.000923,-0.010172,0.05508,0.001374,0.053706
HD.SW,2023-02-21,100.0,mixed,0.0,0.004299,-0.004299,0.0,0.004474,-0.004474,0.0,0.001374,-0.001374,0.0,0.002035,-0.002035
WMT.SW,2023-02-21,25.0,mixed,0.0,0.004299,-0.004299,0.0,0.004474,-0.004474,0.0,0.001374,-0.001374,0.0,0.002035,-0.002035
EBAY.SW,2023-02-22,0.0,mixed,0.0,0.002558,-0.002558,0.0,0.002879,-0.002879,0.0,0.002035,-0.002035,0.0,-0.005075,0.005075
UIS.SW,2023-02-22,56.48,mixed,0.0,0.002558,-0.002558,0.0,0.002879,-0.002879,0.0,0.002035,-0.002035,0.0,-0.005075,0.005075
BIDU.SW,2023-02-22,71.43,mixed,0.0,0.002558,-0.002558,0.0,0.002879,-0.002879,0.0,0.002035,-0.002035,0.0,-0.005075,0.005075
RIO.SW,2023-02-22,50.0,mixed,0.0,0.002558,-0.002558,0.0,0.002879,-0.002879,0.0,0.002035,-0.002035,0.0,-0.005075,0.005075
0Q3.SW,2023-02-23,0.0,mixed,0.0,0.002676,-0.002676,0.0,0.00472,-0.00472,0.0,-0.005075,0.005075,0.0,-0.005866,0.005866
EI.SW,2023-02-23,20.0,mixed,0.0,0.002676,-0.002676,0.0,0.00472,-0.00472,0.0,-0.005075,0.005075,0.0,-0.005866,0.005866
ALC.SW,2023-02-27,66.67,mixed,-0.029903,0.000945,-0.030848,-0.019991,-0.004149,-0.015842,0.006999,0.003413,0.003587,-0.040042,-0.010836,-0.029206
FSLR.SW,2023-02-28,50.0,mixed,0.0,-0.011891,0.011891,0.0,-0.016292,0.016292,0.0,-0.010836,0.010836,0.0,-0.003809,0.003809
HPQ.SW,2023-02-28,25.0,mixed,0.0,-0.011891,0.011891,0.0,-0.016292,0.016292,0.0,-0.010836,0.010836,0.0,-0.003809,0.003809
GXI.SW,2023-02-28,0.0,mixed,0.0,-0.011891,0.011891,0.0,-0.016292,0.016292,0.0,-0.010836,0.010836,0.0,-0.003809,0.003809
ADEN.SW,2023-02-28,58.06,mixed,-0.032144,-0.011891,-0.020253,-0.023521,-0.016292,-0.007229,-0.029057,-0.010836,-0.018221,0.017883,-0.003809,0.021692
SIGN.SW,2023-02-28,0.0,mixed,0.03384,-0.011891,0.045731,0.056642,-0.016292,0.072934,0.065723,-0.010836,0.076559,-0.004269,-0.003809,-0.000461
RB.SW,2023-03-01,66.67,mixed,0.0,-0.019214,0.019214,0.0,-0.022029,0.022029,0.0,-0.003809,0.003809,0.0,0.009904,-0.009904
KNIN.SW,2023-03-01,51.52,mixed,0.051883,-0.019214,0.071097,0.046687,-0.022029,0.068716,0.05103,-0.003809,0.054839,0.004356,0.009904,-0.005548
SCR.SW,2023-03-02,66.67,mixed,0.152913,-0.00262,0.155533,0.152913,-0.007305,0.160218,-0.007833,0.009904,-0.017737,0.0,0.002195,-0.002195
VACN.SW,2023-03-02,100.0,mixed,-0.03114,-0.00262,-0.028521,-0.014775,-0.007305,-0.00747,-0.018927,0.009904,-0.028831,0.025698,0.002195,0.023503
CLN.SW,2023-03-02,70.59,mixed,-0.046788,-0.00262,-0.044168,-0.041433,-0.007305,-0.034127,-0.01444,0.009904,-0.024344,0.0,0.002195,-0.002195
SFSN.SW,2023-03-03,66.67,mixed,0.023444,-0.005881,0.029325,0.036545,0.000744,0.035801,0.036545,0.002195,0.03435,0.01414,-0.003828,0.017969
HELN.SW,2023-03-06,66.67,mixed,0.064761,-0.0106,0.075362,0.058548,-0.006478,0.065026,0.044558,-0.003828,0.048386,-0.009489,-0.007461,-0.002028
GALE.SW,2023-03-07,100.0,mixed,-0.064642,-0.01933,-0.045312,-0.026667,-0.003088,-0.023579,-0.021978,-0.007461,-0.014517,-0.00785,-0.003509,-0.004341
MOZN.SW,2023-03-10,50.0,mixed,-0.108321,-0.037249,-0.071072,-0.139197,-0.037965,-0.101232,-0.112777,-0.016768,-0.096009,-0.038616,-0.012374,-0.026242
FHZN.SW,2023-03-14,80.0,mixed,0.004683,-0.034386,0.039069,0.001767,-0.031395,0.033162,0.015413,0.007964,0.00745,-0.030358,-0.018692,-0.011666
TECN.SW,2023-03-14,25.0,mixed,0.012077,-0.034386,0.046464,-0.004131,-0.031395,0.027264,0.038231,0.007964,0.030268,0.001562,-0.018692,0.020255
ADBE.SW,2023-03-15,50.0,mixed,0.0,-0.048813,0.048813,0.0,-0.046154,0.046154,0.0,-0.018692,0.018692,0.0,0.019275,-0.019275
SRAIL.SW,2023-03-15,40.0,mixed,-0.124294,-0.048813,-0.075481,-0.086623,-0.046154,-0.040469,-0.065984,-0.018692,-0.047292,0.000645,0.019275,-0.018629
FDX.SW,2023-03-16,25.0,mixed,-0.116685,-0.039987,-0.076698,0.0,-0.020984,0.020984,0.0,0.019275,-0.019275,0.0,-0.009847,0.009847
UHR.SW,2023-03-16,50.0,mixed,-0.079652,-0.039987,-0.039664,-0.063646,-0.020984,-0.042662,-0.012037,0.019275,-0.031312,-0.042313,-0.009847,-0.032466
BLD.SW,2023-03-17,0.0,mixed,0.0,-0.051522,0.051522,0.0,-0.014093,0.014093,0.0,-0.009847,0.009847,0.0,0.002835,-0.002835
BMY.SW,2023-03-20,0.0,mixed,0.0,-0.045178,0.045178,0.0,0.00109,-0.00109,0.0,0.002835,-0.002835,0.0,0.013993,-0.013993
PGHN.SW,2023-03-21,0.0,mixed,-0.070097,-0.024539,-0.045558,0.034579,0.007079,0.027501,0.069395,0.013993,0.055401,0.005361,-0.000954,0.006315
SCR.SW,2023-03-29,67.57,mixed,0.0,0.042496,-0.042496,0.0,0.01679,-0.01679,0.0,0.011458,-0.011458,0.0,0.006285,-0.006285
FRE.SW,2023-03-30,60.0,mixed,0.0,0.029211,-0.029211,0.0,0.029264,-0.029264,0.0,0.006285,-0.006285,0.0,0.00671,-0.00671
PSM.SW,2023-03-30,20.0,mixed,0.0,0.029211,-0.029211,0.0,0.029264,-0.029264,0.0,0.006285,-0.006285,0.0,0.00671,-0.00671
RB.SW,2023-03-30,57.14,mixed,0.0,0.029211,-0.029211,0.0,0.029264,-0.029264,0.0,0.006285,-0.006285,0.0,0.00671,-0.00671
EVT.SW,2023-03-30,25.0,mixed,0.0,0.029211,-0.029211,0.0,0.029264,-0.029264,0.0,0.006285,-0.006285,0.0,0.00671,-0.00671
WAF.SW,2023-03-30,40.0,mixed,0.0,0.029211,-0.029211,0.0,0.029264,-0.029264,0.0,0.006285,-0.006285,0.0,0.00671,-0.00671
ZAL.SW,2023-03-30,20.0,mixed,0.0,0.029211,-0.029211,0.0,0.029264,-0.029264,0.0,0.006285,-0.006285,0.0,0.00671,-0.00671
EN.SW,2023-03-30,80.0,mixed,0.0,0.029211,-0.029211,0.0,0.029264,-0.029264,0.0,0.006285,-0.006285,0.0,0.00671,-0.00671
DPW.SW,2023-03-30,60.0,mixed,0.0,0.029211,-0.029211,0.0,0.029264,-0.029264,0.0,0.006285,-0.006285,0.0,0.00671,-0.00671
DBK.SW,2023-03-30,60.0,mixed,0.113636,0.029211,0.084426,0.113636,0.029264,0.084372,0.0,0.006285,-0.006285,0.0,0.00671,-0.00671
GBF.SW,2023-03-30,20.0,mixed,0.0,0.029211,-0.029211,0.0,0.029264,-0.029264,0.0,0.006285,-0.006285,0.0,0.00671,-0.00671
HEN3.SW,2023-03-30,25.0,mixed,0.0,0.029211,-0.029211,0.0,0.029264,-0.029264,0.0,0.006285,-0.006285,0.0,0.00671,-0.00671
INGA.SW,2023-03-30,40.0,mixed,0.0,0.029211,-0.029211,0.0,0.029264,-0.029264,0.0,0.006285,-0.006285,0.0,0.00671,-0.00671
LXS.SW,2023-03-30,40.0,mixed,0.0,0.029211,-0.029211,0.0,0.029264,-0.029264,0.0,0.006285,-0.006285,0.0,0.00671,-0.00671
HNR1.SW,2023-03-30,60.0,mixed,0.0,0.029211,-0.029211,0.0,0.029264,-0.029264,0.0,0.006285,-0.006285,0.0,0.00671,-0.00671
B4B.SW,2023-03-30,50.0,mixed,0.0,0.029211,-0.029211,0.0,0.029264,-0.029264,0.0,0.006285,-0.006285,0.0,0.00671,-0.00671
BOSS.SW,2023-03-30,100.0,mixed,0.0,0.029211,-0.029211,0.0,0.029264,-0.029264,0.0,0.006285,-0.006285,0.0,0.00671,-0.00671
MUV2.SW,2023-03-30,50.0,mixed,0.0,0.029211,-0.029211,0.0,0.029264,-0.029264,0.0,0.006285,-0.006285,0.0,0.00671,-0.00671
RAA.SW,2023-03-31,100.0,mixed,0.0,0.046421,-0.046421,0.0,0.044405,-0.044405,0.0,0.00671,-0.00671,0.0,-0.001184,0.001184
SDF.SW,2023-03-31,40.0,mixed,0.0,0.046421,-0.046421,0.0,0.044405,-0.044405,0.0,0.00671,-0.00671,0.0,-0.001184,0.001184
SPF.SW,2023-03-31,80.0,mixed,0.0,0.046421,-0.046421,0.0,0.044405,-0.044405,0.0,0.00671,-0.00671,0.0,-0.001184,0.001184
RDN.SW,2023-03-31,60.0,mixed,0.054703,0.046421,0.008282,0.054703,0.044405,0.010298,0.0,0.00671,-0.00671,0.0,-0.001184,0.001184
NEMA.SW,2023-03-31,100.0,mixed,0.0,0.046421,-0.046421,0.0,0.044405,-0.044405,0.0,0.00671,-0.00671,0.0,-0.001184,0.001184
BPOST.SW,2023-03-31,100.0,mixed,0.0,0.046421,-0.046421,0.0,0.044405,-0.044405,0.0,0.00671,-0.00671,0.0,-0.001184,0.001184
EVK.SW,2023-03-31,40.0,mixed,0.0,0.046421,-0.046421,0.0,0.044405,-0.044405,0.0,0.00671,-0.00671,0.0,-0.001184,0.001184
UTDI.SW,2023-03-31,40.0,mixed,0.0,0.046421,-0.046421,0.0,0.044405,-0.044405,0.0,0.00671,-0.00671,0.0,-0.001184,0.001184
FME.SW,2023-03-31,80.0,mixed,0.0,0.046421,-0.046421,0.0,0.044405,-0.044405,0.0,0.00671,-0.00671,0.0,-0.001184,0.001184
LEG.SW,2023-03-31,40.0,mixed,0.0,0.046421,-0.046421,0.0,0.044405,-0.044405,0.0,0.00671,-0.00671,0.0,-0.001184,0.001184
KBX.SW,2023-03-31,60.0,mixed,0.0,0.046421,-0.046421,0.0,0.044405,-0.044405,0.0,0.00671,-0.00671,0.0,-0.001184,0.001184
JEN.SW,2023-03-31,0.0,mixed,0.0,0.046421,-0.046421,0.0,0.044405,-0.044405,0.0,0.00671,-0.00671,0.0,-0.001184,0.001184
NOEJ.SW,2023-03-31,0.0,mixed,0.0,0.046421,-0.046421,0.0,0.044405,-0.044405,0.0,0.00671,-0.00671,0.0,-0.001184,0.001184
FP.SW,2023-03-31,0.0,mixed,0.012211,0.046421,-0.03421,0.0,0.044405,-0.044405,0.0,0.00671,-0.00671,0.0,-0.001184,0.001184
MOR.SW,2023-03-31,40.0,mixed,0.0,0.046421,-0.046421,0.0,0.044405,-0.044405,0.0,0.00671,-0.00671,0.0,-0.001184,0.001184
HOT.SW,2023-03-31,100.0,mixed,0.0,0.046421,-0.046421,0.0,0.044405,-0.044405,0.0,0.00671,-0.00671,0.0,-0.001184,0.001184
KGX.SW,2023-03-31,40.0,mixed,0.0,0.046421,-0.046421,0.0,0.044405,-0.044405,0.0,0.00671,-0.00671,0.0,-0.001184,0.001184
RACE.SW,2023-03-31,100.0,mixed,0.0,0.046421,-0.046421,0.0,0.044405,-0.044405,0.0,0.00671,-0.00671,0.032391,-0.001184,0.033575
WFC.SW,2023-04-14,75.0,mixed,0.0,0.03462,-0.03462,0.0,0.020463,-0.020463,0.0,0.007453,-0.007453,0.0,-0.002742,0.002742
BLK.SW,2023-04-14,75.0,mixed,0.0,0.03462,-0.03462,0.0,0.020463,-0.020463,0.0,0.007453,-0.007453,0.0,-0.002742,0.002742
SIKA.SW,2023-04-18,0.0,mixed,-0.022671,0.022757,-0.045427,0.055399,0.008316,0.047083,0.035673,0.004174,0.031499,0.003585,0.000637,0.002947
BAC.SW,2023-04-18,100.0,mixed,0.027368,0.022757,0.004612,0.0,0.008316,-0.008316,0.027368,0.004174,0.023194,-0.026639,0.000637,-0.027277
GS.SW,2023-04-18,75.0,mixed,0.0,0.022757,-0.022757,0.0,0.008316,-0.008316,0.0,0.004174,-0.004174,0.0,0.000637,-0.000637
LMT.SW,2023-04-18,75.0,mixed,0.0,0.022757,-0.022757,0.0,0.008316,-0.008316,0.0,0.004174,-0.004174,0.0,0.000637,-0.000637
PMI.SW,2023-04-20,80.0,mixed,-0.037187,0.028641,-0.065828,0.0,0.011696,-0.011696,0.0,0.002148,-0.002148,0.0,0.00614,-0.00614
DOCM.SW,2023-04-20,0.0,mixed,-0.060891,0.028641,-0.089532,-0.037056,0.011696,-0.048752,0.00958,0.002148,0.007431,0.016342,0.00614,0.010201
SCHP.SW,2023-04-20,62.5,mixed,0.002509,0.028641,-0.026132,0.057921,0.011696,0.046225,0.026165,0.002148,0.024017,-0.000782,0.00614,-0.006922
KO.SW,2023-04-24,80.0,mixed,0.0,0.021116,-0.021116,0.0,0.013741,-0.013741,0.0,0.000578,-0.000578,0.0,0.004004,-0.004004
GM.SW,2023-04-25,60.0,mixed,0.0,0.021999,-0.021999,0.0,0.01357,-0.01357,0.0,0.004004,-0.004004,0.0,-0.012873,0.012873
NESN.SW,2023-04-25,66.67,mixed,0.044993,0.021999,0.022994,0.039661,0.01357,0.026091,0.007463,0.004004,0.003458,-0.004167,-0.012873,0.008706
KNIN.SW,2023-04-25,50.0,mixed,-0.00723,0.021999,-0.029229,-0.038043,0.01357,-0.051613,-0.034477,0.004004,-0.038481,-0.001545,-0.012873,0.011328
TEMN.SW,2023-04-25,64.86,mixed,-0.015377,0.021999,-0.037376,-0.03843,0.01357,-0.052,-0.02712,0.004004,-0.031124,0.133669,-0.012873,0.146542
IDIA.SW,2023-04-25,71.43,mixed,-0.068394,0.021999,-0.090392,-0.068394,0.01357,-0.081964,-0.069358,0.004004,-0.073363,-0.048943,-0.012873,-0.03607
UBSG.SW,2023-04-25,59.32,mixed,-0.034483,0.021999,-0.056481,-0.052988,0.01357,-0.066557,-0.022119,0.004004,-0.026123,0.008929,-0.012873,0.021802
ABBN.SW,2023-04-25,67.65,mixed,0.069246,0.021999,0.047248,0.029412,0.01357,0.015842,0.035163,0.004004,0.031158,-0.026349,-0.012873,-0.013476
NOVN.SW,2023-04-25,73.53,mixed,0.072268,0.021999,0.05027,0.061497,0.01357,0.047927,0.040341,0.004004,0.036337,-0.015695,-0.012873,-0.002822
BIIB.SW,2023-04-25,60.0,mixed,0.0,0.021999,-0.021999,0.0,0.01357,-0.01357,0.0,0.004004,-0.004004,0.0,-0.012873,0.012873
BA.SW,2023-04-26,40.0,mixed,0.0,0.011834,-0.011834,0.0,-0.000115,0.000115,0.0,-0.012873,0.012873,0.0,-0.000266,0.000266
EBAY.SW,2023-04-26,20.0,mixed,0.0,0.011834,-0.011834,0.0,-0.000115,0.000115,0.0,-0.012873,0.012873,0.0,-0.000266,0.000266
ROG.SW,2023-04-26,0.0,mixed,-0.002696,0.011834,-0.01453,-0.001994,-0.000115,-0.001879,-0.025724,-0.012873,-0.012851,0.005641,-0.000266,0.005907
BUCN.SW,2023-04-27,66.67,mixed,-0.014607,0.009143,-0.02375,-0.017478,-0.002524,-0.014954,0.001526,-0.000266,0.001791,0.017272,0.006623,0.010649
BMY.SW,2023-04-27,0.0,mixed,0.0,0.009143,-0.009143,0.0,-0.002524,0.002524,0.0,-0.000266,0.000266,0.0,0.006623,-0.006623
TMUS.SW,2023-04-27,80.0,mixed,0.0,0.009143,-0.009143,0.0,-0.002524,0.002524,0.0,-0.000266,0.000266,0.0,0.006623,-0.006623
CAT.SW,2023-04-27,80.0,mixed,0.005253,0.009143,-0.00389,0.005253,-0.002524,0.007777,0.0,-0.000266,0.000266,0.0,0.006623,-0.006623
FSLR.SW,2023-04-27,60.0,mixed,0.0,0.009143,-0.009143,0.0,-0.002524,0.002524,0.0,-0.000266,0.000266,0.0,0.006623,-0.006623
UBER.SW,2023-05-02,20.0,mixed,0.0,0.009863,-0.009863,0.0,-0.003826,0.003826,0.0,-0.001207,0.001207,0.0,0.007254,-0.007254
GEBN.SW,2023-05-02,63.64,mixed,0.031103,0.009863,0.02124,0.004628,-0.003826,0.008454,-0.014593,-0.001207,-0.013385,0.008014,0.007254,0.000761
LAND.SW,2023-05-02,33.33,mixed,0.025443,0.009863,0.01558,0.055996,-0.003826,0.059822,0.038733,-0.001207,0.039941,0.038565,0.007254,0.031312
ZBH.SW,2023-05-02,0.0,mixed,0.0,0.009863,-0.009863,0.0,-0.003826,0.003826,0.0,-0.001207,0.001207,0.0,0.007254,-0.007254
AMD.SW,2023-05-02,20.0,mixed,0.206897,0.009863,0.197033,0.0,-0.003826,0.003826,0.0,-0.001207,0.001207,0.0,0.007254,-0.007254
AMS.SW,2023-05-02,58.82,mixed,-0.081713,0.009863,-0.091576,-0.055903,-0.003826,-0.052077,-0.083662,-0.001207,-0.082454,-0.05822,0.007254,-0.065474
STMN.SW,2023-05-03,33.33,mixed,0.008182,0.01296,-0.004778,0.040424,-0.000602,0.041026,0.058779,0.007254,0.051525,-0.01343,-0.00433,-0.0091
KHC.SW,2023-05-03,60.0,mixed,0.320132,0.01296,0.307172,0.320132,-0.000602,0.320734,0.0,0.007254,-0.007254,0.0,-0.00433,0.00433
EMR.SW,2023-05-03,60.0,mixed,0.0,0.01296,-0.01296,0.0,-0.000602,0.000602,0.0,0.007254,-0.007254,0.0,-0.00433,0.00433
K.SW,2023-05-04,60.0,mixed,0.0,0.007931,-0.007931,0.0,0.008048,-0.008048,0.0,-0.00433,0.00433,0.0,0.008543,-0.008543
SREN.SW,2023-05-04,52.94,mixed,-0.01294,0.007931,-0.020872,-0.011218,0.008048,-0.019265,-0.018193,-0.00433,-0.013863,0.009706,0.008543,0.001163
GT.SW,2023-05-04,60.0,mixed,0.0,0.007931,-0.007931,0.0,0.008048,-0.008048,0.0,-0.00433,0.00433,0.0,0.008543,-0.008543
ADEN.SW,2023-05-04,56.25,mixed,-0.081013,0.007931,-0.088944,-0.03384,0.008048,-0.041888,-0.023068,-0.00433,-0.018738,0.033451,0.008543,0.024909
VATN.SW,2023-05-04,80.0,mixed,-0.033003,0.007931,-0.040934,-0.047804,0.008048,-0.055851,-0.031148,-0.00433,-0.026818,0.010017,0.008543,0.001475
SCMN.SW,2023-05-04,70.59,mixed,0.003965,0.007931,-0.003967,-0.00658,0.008048,-0.014627,-0.02294,-0.00433,-0.01861,0.000341,0.008543,-0.008202
PSPN.SW,2023-05-05,55.0,mixed,-0.009786,0.014363,-0.024148,-0.029784,0.016929,-0.046713,-0.01174,0.008543,-0.020283,0.003995,0.003549,0.000446
ALC.SW,2023-05-09,62.5,mixed,0.001847,0.006875,-0.005028,0.023428,0.010742,0.012686,-0.009586,-0.004244,-0.005342,0.077124,-0.008558,0.085682
GPRO.SW,2023-05-09,20.0,mixed,0.0,0.006875,-0.006875,0.0,0.010742,-0.010742,0.0,-0.004244,0.004244,0.0,-0.008558,0.008558
BLD.SW,2023-05-10,20.0,mixed,0.0,-0.005723,0.005723,0.0,-0.005124,0.005124,0.0,-0.008558,0.008558,0.0,0.006616,-0.006616
0Q3.SW,2023-05-10,20.0,mixed,0.0,-0.005723,0.005723,0.0,-0.005124,0.005124,0.0,-0.008558,0.008558,0.0,0.006616,-0.006616
SOON.SW,2023-05-16,50.0,mixed,-0.105686,0.008451,-0.114137,-0.097245,-0.002267,-0.094978,-0.10697,-0.005042,-0.101928,-0.007238,-0.007126,-0.000112
CFR.SW,2023-05-16,66.67,mixed,0.046038,0.008451,0.037587,0.042803,-0.002267,0.045069,-0.006102,-0.005042,-0.00106,0.000966,-0.007126,0.008092
HD.SW,2023-05-16,100.0,mixed,0.0,0.008451,-0.008451,0.0,-0.002267,0.002267,0.0,-0.005042,0.005042,0.0,-0.007126,0.007126
BIDU.SW,2023-05-16,75.0,mixed,0.0,0.008451,-0.008451,0.0,-0.002267,0.002267,0.0,-0.005042,0.005042,0.0,-0.007126,0.007126
SWON.SW,2023-05-17,60.0,mixed,0.022556,-0.005946,0.028502,-0.012107,-0.000826,-0.011281,-0.036979,-0.007126,-0.029853,0.043301,0.011661,0.031639
WMT.SW,2023-05-18,40.0,mixed,0.0,0.01002,-0.01002,0.0,0.004182,-0.004182,0.0,0.011661,-0.011661,0.0,-0.00155,0.00155
BAER.SW,2023-05-23,0.0,mixed,-0.070858,-0.009517,-0.061341,-0.066381,-0.008063,-0.058319,-0.073818,-0.005914,-0.067904,-0.024847,-0.00886,-0.015987
HPQ.SW,2023-05-30,20.0,mixed,0.0,-0.024409,0.024409,0.0,-0.023438,0.023438,0.0,-0.013275,0.013275,0.0,-0.005722,0.005722
GXI.SW,2023-05-30,0.0,mixed,0.0,-0.024409,0.024409,0.0,-0.023438,0.023438,0.0,-0.013275,0.013275,0.0,-0.005722,0.005722
KBX.SW,2023-06-29,66.67,mixed,0.0,-0.011707,0.011707,0.0,-0.001154,0.001154,0.0,-0.001166,0.001166,0.0,0.009828,-0.009828
FP.SW,2023-06-29,0.0,mixed,0.012964,-0.011707,0.02467,0.0,-0.001154,0.001154,0.0,-0.001166,0.001166,0.0,0.009828,-0.009828
UHRN.SW,2023-06-29,42.86,mixed,-0.020193,-0.011707,-0.008487,0.005068,-0.001154,0.006223,0.012431,-0.001166,0.013597,0.010305,0.009828,0.000477
AAM.SW,2023-06-29,57.14,mixed,-0.087645,-0.011707,-0.075938,-0.106954,-0.001154,-0.105799,-0.106954,-0.001166,-0.105788,0.0,0.009828,-0.009828
PSM.SW,2023-06-29,16.67,mixed,0.0,-0.011707,0.011707,0.0,-0.001154,0.001154,0.0,-0.001166,0.001166,0.0,0.009828,-0.009828
RI.SW,2023-06-29,28.57,mixed,0.0,-0.011707,0.011707,0.0,-0.001154,0.001154,0.0,-0.001166,0.001166,0.0,0.009828,-0.009828
BP.SW,2023-06-29,61.11,mixed,0.0,-0.011707,0.011707,None,None,None,None,None,None,0.0,0.009828,-0.009828
BARC.SW,2023-06-29,83.33,mixed,0.0,-0.011707,0.011707,None,None,None,None,None,None,None,None,None
UHR.SW,2023-07-13,42.86,mixed,0.124586,-0.013325,0.137911,0.091538,0.003175,0.088363,0.068976,0.000239,0.068738,-0.023792,0.008032,-0.031824
BARN.SW,2023-07-13,16.67,mixed,-0.026178,-0.013325,-0.012853,0.007824,0.003175,0.00465,-0.015296,0.000239,-0.015535,-0.016722,0.008032,-0.024754
DKSH.SW,2023-07-18,71.43,mixed,0.040052,-0.010144,0.050196,0.083263,0.012858,0.070405,0.064815,0.011602,0.053212,-0.017391,0.001495,-0.018886
NOVN.SW,2023-07-18,74.29,mixed,0.000363,-0.010144,0.010507,0.038433,0.012858,0.025574,0.046317,0.011602,0.034715,0.001089,0.001495,-0.000407
SFSN.SW,2023-07-18,71.43,mixed,-0.093411,-0.010144,-0.083266,-0.087048,0.012858,-0.099906,-0.070872,0.011602,-0.082474,-0.040136,0.001495,-0.041631
TEMN.SW,2023-07-20,65.79,mixed,0.075419,0.019548,0.055871,0.002169,0.016321,-0.014152,-0.013102,0.00732,-0.020422,0.009668,0.00052,0.009148
LEON.SW,2023-07-20,66.67,mixed,0.038818,0.019548,0.01927,-0.004578,0.016321,-0.020899,0.007238,0.00732,-8.2e-05,-0.051452,0.00052,-0.051972
PMI.SW,2023-07-20,66.67,mixed,0.011679,0.019548,-0.007869,0.0,0.016321,-0.016321,0.0,0.00732,-0.00732,0.0,0.00052,-0.00052
ABBN.SW,2023-07-20,68.57,mixed,0.026568,0.019548,0.00702,0.01683,0.016321,0.000508,0.033914,0.00732,0.026594,0.009329,0.00052,0.008808
LONN.SW,2023-07-21,28.57,mixed,-0.064961,0.030573,-0.095534,-0.098283,0.008748,-0.107031,-0.111336,0.00052,-0.111856,-0.010997,-0.00265,-0.008347
SGSN.SW,2023-07-24,0.0,mixed,0.023259,0.023409,-0.00015,0.012493,0.018356,-0.005863,0.050771,-0.00265,0.053421,0.013508,0.004807,0.008701
IDIA.SW,2023-07-25,68.18,mixed,0.004687,0.024522,-0.019834,-0.07215,0.011515,-0.083665,-0.057185,0.004807,-0.061992,-0.059098,-0.004261,-0.054837
SIGN.SW,2023-07-25,0.0,mixed,-0.039558,0.024522,-0.064079,-0.049263,0.011515,-0.060778,-0.035043,0.004807,-0.03985,-0.023029,-0.004261,-0.018768
KNIN.SW,2023-07-25,51.43,mixed,0.042424,0.024522,0.017902,0.016229,0.011515,0.004714,0.037709,0.004807,0.032902,-0.007252,-0.004261,-0.002991
SCR.SW,2023-07-27,68.42,mixed,0.040187,0.031896,0.008291,0.020165,0.015325,0.00484,0.0,0.016959,-0.016959,0.0,-0.004877,0.004877
TMUS.SW,2023-07-27,83.33,mixed,0.0,0.031896,-0.031896,0.0,0.015325,-0.015325,0.0,0.016959,-0.016959,0.0,-0.004877,0.004877
AMS.SW,2023-07-27,60.0,mixed,0.067158,0.031896,0.035261,0.072211,0.015325,0.056886,0.046203,0.016959,0.029244,0.185206,-0.004877,0.190083
VATN.SW,2023-07-27,66.67,mixed,0.029327,0.031896,-0.00257,0.038111,0.015325,0.022786,0.032558,0.016959,0.015599,-0.014189,-0.004877,-0.009312
CAT.SW,2023-08-01,66.67,mixed,0.006257,0.00983,-0.003573,0.0,-0.001666,0.001666,0.0,-0.008537,0.008537,0.0,-0.011194,0.011194
ZBH.SW,2023-08-01,0.0,mixed,0.0,0.00983,-0.00983,0.0,-0.001666,0.001666,0.0,-0.008537,0.008537,0.0,-0.011194,0.011194
SCMN.SW,2023-08-03,71.43,mixed,-0.037931,-0.002965,-0.034966,-0.049955,-0.008617,-0.041338,-0.045182,-0.011194,-0.033987,-0.008261,0.001019,-0.00928
ADEN.SW,2023-08-03,54.55,mixed,0.096128,-0.002965,0.099093,0.092482,-0.008617,0.101099,0.065196,-0.011194,0.076391,-0.00335,0.001019,-0.004369
K.SW,2023-08-03,66.67,mixed,0.0,-0.002965,0.002965,0.0,-0.008617,0.008617,0.0,-0.011194,0.011194,0.0,0.001019,-0.001019
AVOL.SW,2023-08-04,66.67,mixed,-0.01288,-0.009201,-0.003678,-0.022147,-0.024156,0.002009,-0.009993,0.001019,-0.011012,-0.004924,0.00081,-0.005734
MOBN.SW,2023-08-04,75.0,mixed,0.003938,-0.009201,0.013139,0.0,-0.024156,0.024156,0.007906,0.001019,0.006887,-0.007844,0.00081,-0.008654
CBA.SW,2023-08-08,71.43,mixed,0.0,-0.010768,0.010768,0.0,-0.022276,0.022276,0.0,-0.004515,0.004515,0.0,0.00219,-0.00219
GALE.SW,2023-08-08,100.0,mixed,-0.048363,-0.010768,-0.037595,-0.032087,-0.022276,-0.009811,-0.014486,-0.004515,-0.009971,0.002971,0.00219,0.000781
ZURN.SW,2023-08-10,22.22,habitual_misser,-0.00331,-0.003019,-0.000292,0.022727,0.005647,0.01708,0.00618,0.006159,2.1e-05,-0.019876,-0.006113,-0.013762
ALC.SW,2023-08-15,64.71,mixed,-0.045553,-0.028652,-0.016902,-0.007775,-0.006521,-0.001254,-0.014739,-0.011241,-0.003498,0.009546,0.000645,0.0089
BSLN.SW,2023-08-15,85.71,mixed,0.079818,-0.028652,0.108469,0.116745,-0.006521,0.123266,0.116745,-0.011241,0.127986,0.0,0.000645,-0.000645
TECN.SW,2023-08-15,20.0,mixed,0.046769,-0.028652,0.075421,0.08821,-0.006521,0.09473,0.077875,-0.011241,0.089116,-0.05295,0.000645,-0.053596
MOZN.SW,2023-08-18,40.0,mixed,-0.089869,-0.023374,-0.066495,-0.084634,-0.021889,-0.062745,-0.051107,-0.00421,-0.046897,0.0,0.000856,-0.000856
FHZN.SW,2023-08-29,83.33,mixed,-0.008762,0.011017,-0.019779,0.028479,0.0212,0.007279,0.020369,0.00666,0.013709,0.007201,-0.001442,0.008643
SRAIL.SW,2023-08-30,33.33,mixed,0.0445,0.008907,0.035593,0.062141,0.010624,0.051518,0.060452,-0.001442,0.061894,0.034503,0.003222,0.031282
UBSG.SW,2023-08-31,58.33,mixed,0.129903,0.022146,0.107757,0.070463,0.013585,0.056878,0.060229,0.003222,0.057008,-0.003156,-0.004566,0.00141
BRKN.SW,2023-09-04,50.0,mixed,0.094806,0.01892,0.075886,0.062078,0.001888,0.06019,0.033427,-0.001947,0.035374,-0.031324,-0.008566,-0.022758
PGHN.SW,2023-09-05,14.29,mixed,0.112319,0.007652,0.104667,0.086685,-0.013266,0.099952,0.065949,-0.008566,0.074515,-0.006808,-0.003146,-0.003662
SCR.SW,2023-09-28,69.23,mixed,0.0,-0.016266,0.016266,0.0,-0.015061,0.015061,0.0,0.00326,-0.00326,0.0,0.004187,-0.004187
KBX.SW,2023-09-29,57.14,mixed,0.0,-0.020917,0.020917,0.0,-0.004654,0.004654,0.0,0.004187,-0.004187,0.0,-0.009107,0.009107
VACN.SW,2023-10-12,100.0,mixed,0.089064,0.005677,0.083387,0.067981,0.018234,0.049747,0.03704,-0.005302,0.042343,-0.02245,-0.007238,-0.015212
ABBN.SW,2023-10-18,66.67,mixed,-0.063178,-0.007507,-0.055671,-0.084503,-0.032873,-0.05163,-0.064372,-0.012815,-0.051557,-0.009537,-0.021283,0.011747
SCHP.SW,2023-10-19,64.71,mixed,-0.009988,-0.03106,0.021072,-0.012868,-0.048411,0.035543,0.033082,-0.021283,0.054365,-0.031739,-0.009536,-0.022203
NESN.SW,2023-10-19,57.14,mixed,-0.040333,-0.03106,-0.009273,-0.045196,-0.048411,0.003215,-0.034411,-0.021283,-0.013127,-0.002708,-0.009536,0.006828
DOCM.SW,2023-10-19,0.0,mixed,-0.203899,-0.03106,-0.17284,-0.260377,-0.048411,-0.211967,-0.172297,-0.021283,-0.151014,-0.058163,-0.009536,-0.048628
PMI.SW,2023-10-19,57.14,mixed,0.012351,-0.03106,0.04341,0.012351,-0.048411,0.060761,0.0,-0.021283,0.021283,-0.0122,-0.009536,-0.002664
SIKA.SW,2023-10-20,0.0,mixed,-0.069895,-0.04512,-0.024775,-0.078952,-0.050613,-0.028339,-0.005517,-0.009536,0.004019,-0.005073,-0.001612,-0.003461
IDIA.SW,2023-10-24,65.22,mixed,-0.19,-0.056799,-0.133201,-0.19,-0.04043,-0.14957,-0.129032,0.004345,-0.133377,-0.04321,0.002324,-0.045534
TEMN.SW,2023-10-24,66.67,mixed,-0.049201,-0.056799,0.007597,-0.032978,-0.04043,0.007452,-0.007744,0.004345,-0.012089,0.041568,0.002324,0.039243
NOVN.SW,2023-10-24,75.0,mixed,-0.045098,-0.056799,0.0117,-0.026073,-0.04043,0.014357,0.007122,0.004345,0.002777,0.008334,0.002324,0.00601
TMUS.SW,2023-10-25,85.71,mixed,0.0,-0.057742,0.057742,0.0,-0.025714,0.025714,0.0,0.002324,-0.002324,0.0,-0.003196,0.003196
LAND.SW,2023-10-25,28.57,mixed,0.015295,-0.057742,0.073037,0.049775,-0.025714,0.075489,0.081461,0.002324,0.079137,-0.021884,-0.003196,-0.018688
KNIN.SW,2023-10-25,52.78,mixed,-0.081768,-0.057742,-0.024026,-0.055041,-0.025714,-0.029327,-0.046045,0.002324,-0.048369,-0.003312,-0.003196,-0.000116
BUCN.SW,2023-10-26,57.14,mixed,-0.059771,-0.055746,-0.004025,-0.006735,-0.007708,0.000974,0.003119,-0.003196,0.006315,-0.021003,-0.004242,-0.016761
SUN.SW,2023-10-27,60.0,mixed,-0.149888,-0.052897,-0.096991,-0.11725,-0.002405,-0.114845,-0.019591,-0.004242,-0.015349,0.017191,0.005665,0.011526
CLN.SW,2023-10-30,66.67,mixed,-0.052377,-0.046546,-0.005831,0.025283,0.004866,0.020418,0.02439,0.005665,0.018726,0.015306,0.000864,0.014442
CAT.SW,2023-10-31,71.43,mixed,0.025354,-0.039103,0.064457,0.0,0.001383,-0.001383,0.0,0.000864,-0.000864,0.0,0.010849,-0.010849
STMN.SW,2023-10-31,28.57,mixed,-0.092524,-0.039103,-0.053421,-0.0647,0.001383,-0.066083,0.034808,0.000864,0.033944,-0.012638,0.010849,-0.023486
AMS.SW,2023-10-31,61.11,mixed,-0.155718,-0.039103,-0.116615,-0.08588,0.001383,-0.087263,0.032124,0.000864,0.03126,-0.001729,0.010849,-0.012578
BCHN.SW,2023-11-01,20.0,mixed,-0.054827,-0.01607,-0.038757,-0.016153,0.009899,-0.026052,-0.006538,0.010849,-0.017387,0.02517,0.008386,0.016784
SCMN.SW,2023-11-02,69.44,mixed,-0.045978,0.013758,-0.059736,-0.035253,0.021634,-0.056887,-0.064036,0.008386,-0.072423,-0.001541,-0.001162,-0.000379
ADEN.SW,2023-11-02,52.94,mixed,0.144079,0.013758,0.130321,0.160494,0.021634,0.13886,0.138834,0.008386,0.130448,0.013514,-0.001162,0.014676
GEBN.SW,2023-11-02,66.67,mixed,0.080881,0.013758,0.067123,0.104926,0.021634,0.083293,0.094701,0.008386,0.086315,0.022928,-0.001162,0.02409
VATN.SW,2023-11-02,71.43,mixed,0.004091,0.013758,-0.009667,-0.003047,0.021634,-0.02468,-0.016147,0.008386,-0.024533,-0.001019,-0.001162,0.000144
SREN.SW,2023-11-03,50.0,mixed,0.035136,0.022329,0.012808,0.019349,0.024793,-0.005444,-0.011261,-0.001162,-0.010099,-0.001675,-0.000276,-0.001399
GT.SW,2023-11-06,42.86,mixed,0.010101,0.023696,-0.013595,0.0,0.01874,-0.01874,0.0,-0.000276,0.000276,0.0,-0.000541,0.000541
UBSG.SW,2023-11-07,57.38,mixed,0.050975,0.018717,0.032258,0.049925,0.01731,0.032615,0.017909,-0.000541,0.01845,0.003329,0.002273,0.001055
ZBH.SW,2023-11-07,0.0,mixed,0.0,0.018717,-0.018717,0.0,0.01731,-0.01731,0.0,-0.000541,0.000541,0.0,0.002273,-0.002273
ALC.SW,2023-11-14,66.67,mixed,0.033085,0.031235,0.00185,0.005138,0.013688,-0.00855,0.020405,0.011835,0.00857,-0.053526,-0.000704,-0.052822
SWON.SW,2023-11-15,50.0,mixed,-0.010626,0.01945,-0.030076,0.001793,0.010678,-0.008885,0.008424,-0.000704,0.009127,0.004177,-0.006081,0.010258
BAER.SW,2023-11-20,0.0,mixed,-0.080117,0.01546,-0.095577,-0.070027,0.014152,-0.08418,-0.11996,0.00027,-0.12023,-0.00567,0.003907,-0.009577
ROG.SW,2023-11-29,0.0,mixed,-0.006691,0.008843,-0.015533,-0.000819,-0.002724,0.001906,0.002144,0.00395,-0.001806,-0.001502,0.004762,-0.006264
RO.SW,2023-11-29,0.0,mixed,-0.00954,0.008843,-0.018383,-0.000773,-0.002724,0.001951,0.007277,0.00395,0.003327,0.002408,0.004762,-0.002354
CFR.SW,2024-01-18,71.43,mixed,0.034262,-0.003429,0.037691,0.053433,0.002892,0.050541,0.103964,0.003348,0.100617,0.000449,-0.003161,0.00361
SFSN.SW,2024-01-19,62.5,mixed,-0.036002,-0.003163,-0.032839,-0.037964,-0.006759,-0.031205,-0.01685,-0.003161,-0.013689,0.010051,0.011195,-0.001144
BARN.SW,2024-01-24,28.57,mixed,-0.050568,-0.005169,-0.045399,-0.007888,0.004329,-0.012217,-0.016418,0.004266,-0.020684,-0.01033,0.00109,-0.011419
LONN.SW,2024-01-26,25.0,mixed,0.149562,0.014584,0.134978,0.171504,0.021489,0.150015,0.143671,0.016158,0.127514,0.026212,0.003485,0.022727
SGSN.SW,2024-01-26,0.0,mixed,0.115283,0.014584,0.100699,0.117085,0.021489,0.095597,0.090648,0.016158,0.074491,-0.025381,0.003485,-0.028867
VATN.SW,2024-01-31,62.5,mixed,0.058345,0.016578,0.041767,0.017723,0.012196,0.005527,0.003861,-0.009591,0.013452,0.013568,-0.010541,0.02411
NOVN.SW,2024-01-31,75.68,habitual_beater,-0.045329,0.016578,-0.061907,-0.044123,0.012196,-0.056319,-0.034359,-0.009591,-0.024768,0.012742,-0.010541,0.023283
ABBN.SW,2024-02-01,64.86,mixed,0.018471,0.002506,0.015965,0.01963,0.000436,0.019194,0.016449,-0.010541,0.026991,0.012556,0.002298,0.010258
BAER.SW,2024-02-01,0.0,habitual_misser,0.036473,0.002506,0.033968,0.034973,0.000436,0.034537,0.008935,-0.010541,0.019476,0.01072,0.002298,0.008422
RO.SW,2024-02-01,0.0,habitual_misser,-0.067934,0.002506,-0.07044,-0.044124,0.000436,-0.04456,-0.056565,-0.010541,-0.046024,0.004078,0.002298,0.00178
CAT.SW,2024-02-05,75.0,mixed,0.0,-7.8e-05,7.8e-05,0.0,-0.013593,0.013593,0.0,0.003095,-0.003095,0.0,-0.002611,0.002611
UBSG.SW,2024-02-06,56.45,mixed,-0.021932,0.00859,-0.030522,-0.055397,-0.017312,-0.038085,-0.044106,-0.002611,-0.041494,-0.027167,-0.003093,-0.024074
SCMN.SW,2024-02-08,70.27,mixed,-0.033326,-0.00626,-0.027066,-0.019643,-0.006694,-0.012949,-0.007157,-0.006369,-0.000788,-0.001198,-0.004244,0.003046
LEON.SW,2024-02-08,71.43,mixed,-0.075718,-0.00626,-0.069458,-0.041022,-0.006694,-0.034328,-0.019391,-0.006369,-0.013021,-0.027845,-0.004244,-0.023601
AMS.SW,2024-02-09,62.16,mixed,-0.009468,-0.026211,0.016743,0.087086,-0.013177,0.100262,0.126089,-0.004244,0.130333,0.046427,0.007909,0.038518
ZBH.SW,2024-02-14,0.0,habitual_misser,0.0,-0.010565,0.010565,0.0,0.000302,-0.000302,0.0,0.006358,-0.006358,0.0,0.006291,-0.006291
SCHP.SW,2024-02-14,66.67,mixed,0.049995,-0.010565,0.06056,0.056374,0.000302,0.056071,0.043242,0.006358,0.036884,0.009247,0.006291,0.002956
SREN.SW,2024-02-15,52.63,mixed,0.059751,0.006266,0.053484,0.03396,0.013047,0.020913,0.010705,0.006291,0.004414,-0.02557,0.002342,-0.027912
SWON.SW,2024-02-15,42.86,mixed,0.037013,0.006266,0.030746,-0.035648,0.013047,-0.048696,-0.006962,0.006291,-0.013253,0.005099,0.002342,0.002757
SIKA.SW,2024-02-16,0.0,mixed,0.066258,0.006311,0.059948,0.065799,0.019747,0.046051,0.028331,0.002342,0.025989,0.014524,0.007794,0.006729
TEMN.SW,2024-02-19,67.5,mixed,-0.258859,0.011025,-0.269884,-0.252279,0.019632,-0.271911,0.088215,0.007794,0.080421,-0.056523,0.005105,-0.061628
PMI.SW,2024-02-21,50.0,mixed,-0.012419,0.01949,-0.031909,0.0,0.019182,-0.019182,0.0,-0.002463,0.002463,0.0,-0.003725,0.003725
AAM.SW,2024-02-22,50.0,mixed,0.0,0.022203,-0.022203,0.0,0.009038,-0.009038,0.0,-0.003725,0.003725,0.0,0.009713,-0.009713
SUN.SW,2024-02-22,66.67,mixed,0.094291,0.022203,0.072088,0.093091,0.009038,0.084053,0.093091,-0.003725,0.096816,0.002675,0.009713,-0.007037
KBX.SW,2024-02-22,50.0,mixed,0.0,0.022203,-0.022203,0.0,0.009038,-0.009038,0.0,-0.003725,0.003725,0.0,0.009713,-0.009713
NESN.SW,2024-02-22,50.0,mixed,-0.041658,0.022203,-0.063861,-0.039464,0.009038,-0.048502,-0.049207,-0.003725,-0.045482,0.011803,0.009713,0.002091
ZURN.SW,2024-02-22,21.43,habitual_misser,0.060555,0.022203,0.038352,0.039169,0.009038,0.030131,0.026398,-0.003725,0.030123,0.008937,0.009713,-0.000775
STMN.SW,2024-02-27,25.0,mixed,0.053882,0.026713,0.027169,-0.006835,-0.001441,-0.005394,-0.022315,-0.001085,-0.02123,-0.015872,-0.002279,-0.013593
SOON.SW,2024-02-27,57.14,mixed,0.003564,0.026713,-0.023149,-0.010543,-0.001441,-0.009102,-0.020831,-0.001085,-0.019746,-0.035445,-0.002279,-0.033166
SIGN.SW,2024-02-27,0.0,habitual_misser,0.006567,0.026713,-0.020146,-0.014611,-0.001441,-0.01317,0.023679,-0.001085,0.024765,-0.038553,-0.002279,-0.036274
ALC.SW,2024-02-28,63.16,mixed,0.098667,0.017901,0.080765,0.08042,-0.001257,0.081676,0.052512,-0.002279,0.054791,0.007012,0.002145,0.004867
ADEN.SW,2024-02-29,51.43,mixed,-0.037753,0.013708,-0.051461,-0.051437,0.004628,-0.056065,-0.051724,0.002145,-0.053869,-0.007337,0.004813,-0.01215
KNIN.SW,2024-03-01,54.05,mixed,-0.087908,0.016207,-0.104115,-0.106288,-0.000247,-0.106041,-0.135434,0.004813,-0.140248,-0.024879,-0.001402,-0.023477
VACN.SW,2024-03-05,85.71,mixed,0.001401,0.000592,0.000809,-0.033121,0.002036,-0.035157,-0.057329,-0.001225,-0.056104,0.031916,0.007217,0.024699
SCR.SW,2024-03-06,67.5,mixed,0.0,0.010301,-0.010301,0.0,0.011572,-0.011572,0.0,0.007217,-0.007217,0.0,0.002503,-0.002503
AVOL.SW,2024-03-07,71.43,mixed,0.004965,0.016617,-0.011652,0.036446,0.011934,0.024512,0.007024,0.002503,0.004521,-0.017727,0.0062,-0.023928
FHZN.SW,2024-03-08,85.71,mixed,0.01015,0.01308,-0.00293,0.011233,0.013331,-0.002097,0.018825,0.0062,0.012625,0.012672,0.003267,0.009405
MOZN.SW,2024-03-08,33.33,mixed,0.078179,0.01308,0.065099,0.067177,0.013331,0.053846,0.053736,0.0062,0.047536,0.031873,0.003267,0.028606
GALE.SW,2024-03-12,100.0,mixed,-0.048865,0.028111,-0.076976,-0.030478,0.026022,-0.0565,-0.027322,0.006578,-0.033899,0.00262,0.002415,0.000204
TECN.SW,2024-03-12,16.67,mixed,0.042603,0.028111,0.014492,0.066539,0.026022,0.040517,0.011971,0.006578,0.005393,-0.017231,0.002415,-0.019647
SRAIL.SW,2024-03-13,42.86,mixed,0.026672,0.032948,-0.006276,-0.005459,0.021131,-0.02659,0.003672,0.002415,0.001257,0.012441,-0.005917,0.018357
PGHN.SW,2024-03-19,25.0,mixed,0.009252,0.00995,-0.000697,-0.034998,-0.015665,-0.019334,-0.031269,-0.003943,-0.027326,0.001196,0.003527,-0.00233
UHRN.SW,2024-03-21,50.0,mixed,-0.018436,0.011083,-0.029519,-0.028162,-0.001454,-0.026708,0.023339,0.007318,0.01602,-0.015294,-0.004415,-0.010879
DOCM.SW,2024-03-21,0.0,mixed,0.082257,0.011083,0.071174,-0.023313,-0.001454,-0.021859,-0.002506,0.007318,-0.009825,0.066583,-0.004415,0.070998
UHR.SW,2024-03-21,37.5,mixed,-0.021164,0.011083,-0.032247,-0.028631,-0.001454,-0.027177,0.021553,0.007318,0.014235,-0.014711,-0.004415,-0.010296
DKSH.SW,2024-03-26,75.0,mixed,0.000845,-0.006945,0.00779,0.004069,0.008858,-0.004789,0.004069,0.003722,0.000347,0.007768,0.00217,0.005597
SUN.SW,2024-04-16,71.43,mixed,0.026957,-0.034354,0.061311,0.047661,-0.026888,0.074549,-0.005296,-0.017475,0.012178,0.0,0.00314,-0.00314
SIKA.SW,2024-04-18,0.0,mixed,-0.029021,-0.039406,0.010385,-0.025005,-0.020523,-0.004482,0.007726,-0.000125,0.00785,-0.019925,0.005874,-0.0258
SCHP.SW,2024-04-18,68.42,mixed,0.001814,-0.039406,0.04122,0.004456,-0.020523,0.024979,0.007158,-0.000125,0.007283,0.00086,0.005874,-0.005014
ABBN.SW,2024-04-18,65.79,mixed,0.047206,-0.039406,0.086612,0.05253,-0.020523,0.073053,0.062561,-0.000125,0.062686,0.0069,0.005874,0.001025
PMI.SW,2024-04-23,44.44,mixed,0.0,-0.003206,0.003206,0.0,0.024336,-0.024336,0.0,0.012481,-0.012481,0.0,-0.00858,0.00858
NOVN.SW,2024-04-23,73.68,mixed,0.02974,-0.003206,0.032946,0.046302,0.024336,0.021966,0.018141,0.012481,0.00566,0.00198,-0.00858,0.01056
KNIN.SW,2024-04-23,52.63,mixed,-0.050246,-0.003206,-0.04704,-0.030071,0.024336,-0.054407,-0.04874,0.012481,-0.061221,-0.005363,-0.00858,0.003218
TEMN.SW,2024-04-23,68.29,mixed,0.038681,-0.003206,0.041888,-0.06721,0.024336,-0.091546,-0.007712,0.012481,-0.020193,-0.086788,-0.00858,-0.078207
NESN.SW,2024-04-25,44.44,mixed,0.013453,-0.017891,0.031344,0.019732,0.002687,0.017044,-0.020172,-0.009685,-0.010487,0.00675,0.007434,-0.000684
BUCN.SW,2024-04-25,62.5,mixed,-0.057939,-0.017891,-0.040048,-0.029506,0.002687,-0.032193,-0.012479,-0.009685,-0.002794,0.011216,0.007434,0.003783
AMS.SW,2024-04-26,60.53,mixed,0.028798,-0.003099,0.031897,0.110397,0.004242,0.106155,-0.001927,0.007434,-0.009361,0.081081,-0.001054,0.082135
ROG.SW,2024-04-26,0.0,habitual_misser,-0.017769,-0.003099,-0.01467,-0.00493,0.004242,-0.009173,0.010057,0.007434,0.002623,0.000888,-0.001054,0.001942
KBX.SW,2024-04-30,55.56,mixed,0.0,0.005737,-0.005737,0.0,-0.018157,0.018157,0.0,-0.006305,0.006305,0.014992,-0.000293,0.015285
CLN.SW,2024-04-30,68.42,mixed,0.044971,0.005737,0.039234,0.041565,-0.018157,0.059721,0.026506,-0.006305,0.032811,0.002347,-0.000293,0.00264
STMN.SW,2024-04-30,22.22,habitual_misser,-0.095588,0.005737,-0.101326,-0.101196,-0.018157,-0.083039,-0.113884,-0.006305,-0.107579,-0.04065,-0.000293,-0.040357
ZBH.SW,2024-05-02,0.0,habitual_misser,0.152959,0.002295,0.150664,0.0,-0.009949,0.009949,0.0,-0.000293,0.000293,0.0,0.001363,-0.001363
SCMN.SW,2024-05-02,68.42,mixed,-0.039284,0.002295,-0.041579,-0.032709,-0.009949,-0.02276,-0.019264,-0.000293,-0.018971,0.000401,0.001363,-0.000961
VATN.SW,2024-05-03,55.56,mixed,0.012895,0.003786,0.009109,0.020458,0.001096,0.019362,0.007371,0.001363,0.006009,-0.016339,0.004853,-0.021192
ADEN.SW,2024-05-07,50.0,mixed,0.009574,0.016349,-0.006775,-0.007465,0.015937,-0.023403,-0.006175,0.016359,-0.022534,0.02845,0.007751,0.020699
PSPN.SW,2024-05-07,52.38,mixed,-0.001775,0.016349,-0.018124,0.004285,0.015937,-0.011653,0.012237,0.016359,-0.004122,-0.005156,0.007751,-0.012907
UBSG.SW,2024-05-07,55.56,mixed,0.082603,0.016349,0.066254,0.094937,0.015937,0.078999,0.075871,0.016359,0.059512,-0.017341,0.007751,-0.025092
GEBN.SW,2024-05-07,69.23,mixed,0.111538,0.016349,0.095189,0.081212,0.015937,0.065275,0.046578,0.016359,0.030219,0.019291,0.007751,0.011539
LAND.SW,2024-05-08,25.0,mixed,0.015871,0.011602,0.004269,0.027791,0.030308,-0.002518,-0.035776,0.007751,-0.043528,0.035602,0.013057,0.022545
ALC.SW,2024-05-13,65.0,mixed,0.038829,0.045066,-0.006236,0.030134,0.043922,-0.013788,0.009985,0.001223,0.008762,0.078819,0.001359,0.07746
LONN.SW,2024-05-14,22.22,habitual_misser,-0.031279,0.038764,-0.070043,-0.013721,0.040292,-0.054013,-0.017414,0.001359,-0.018773,0.048861,0.009775,0.039086
SOON.SW,2024-05-14,50.0,mixed,0.112098,0.038764,0.073334,0.087532,0.040292,0.047241,0.067642,0.001359,0.066283,0.040912,0.009775,0.031137
SREN.SW,2024-05-16,50.0,mixed,0.07846,0.060896,0.017564,0.040052,0.029688,0.010364,0.038063,0.003983,0.034079,0.022796,0.007645,0.015151
SCR.SW,2024-05-17,65.85,mixed,-0.010062,0.06932,-0.079382,-0.010062,0.024187,-0.034249,-0.010062,0.007645,-0.017707,-0.026974,-0.003031,-0.023943
SGSN.SW,2024-05-21,0.0,habitual_misser,-0.012845,0.064628,-0.077473,-0.001274,0.019835,-0.021109,0.007195,-0.003031,0.010226,0.022835,-0.003569,0.026403
BAER.SW,2024-05-23,11.11,habitual_misser,0.055312,0.039415,0.015898,0.021965,0.005672,0.016294,0.031706,0.000676,0.03103,-0.002451,-0.002929,0.000478
CMBN.SW,2024-06-11,25.0,mixed,0.045048,0.018425,0.026623,0.029786,0.005328,0.024458,-0.003219,-0.00534,0.002121,0.013339,0.007842,0.005497
BARN.SW,2024-07-11,25.0,mixed,-0.032969,0.020948,-0.053917,-0.086309,0.015493,-0.101802,-0.119448,0.008607,-0.128055,0.002839,0.008926,-0.006088
UHR.SW,2024-07-15,33.33,mixed,-0.077026,0.019109,-0.096135,-0.08301,0.018935,-0.101945,-0.097759,-0.0069,-0.090859,-0.001752,-0.001542,-0.000211
UHRN.SW,2024-07-15,44.44,mixed,-0.078557,0.019109,-0.097666,-0.081126,0.018935,-0.100061,-0.098222,-0.0069,-0.091322,0.001517,-0.001542,0.003059
CFR.SW,2024-07-15,62.5,mixed,-0.02497,0.019109,-0.044079,-0.008689,0.018935,-0.027624,-0.041636,-0.0069,-0.034736,0.009527,-0.001542,0.011069
DKSH.SW,2024-07-16,77.78,habitual_beater,0.079811,0.020807,0.059005,0.070975,0.018573,0.052402,0.079811,-0.001542,0.081353,0.009044,0.005954,0.00309
CFR.SW,2024-07-16,66.67,mixed,-0.01947,0.020807,-0.040277,0.001815,0.018573,-0.016758,0.009527,-0.001542,0.011069,-0.015176,0.005954,-0.021129
SCHP.SW,2024-07-18,70.0,mixed,0.004393,0.014816,-0.010422,0.0,-0.000667,0.000667,0.0,-0.006999,0.006999,-0.015756,-0.006056,-0.0097
ABBN.SW,2024-07-18,66.67,mixed,-0.043996,0.014816,-0.058812,-0.049368,-0.000667,-0.048701,-0.056375,-0.006999,-0.049376,-0.000211,-0.006056,0.005845
NOVN.SW,2024-07-18,74.36,mixed,-0.022049,0.014816,-0.036865,-0.042149,-0.000667,-0.041483,-0.040046,-0.006999,-0.033047,-0.009367,-0.006056,-0.003311
SUN.SW,2024-07-22,75.0,mixed,-0.00295,0.020336,-0.023286,0.022574,0.001375,0.021199,0.022574,0.010129,0.012445,0.002959,-0.001457,0.004416
TEMN.SW,2024-07-22,69.05,mixed,0.032073,0.020336,0.011737,0.008419,0.001375,0.007044,-0.000772,0.010129,-0.010901,-0.021954,-0.001457,-0.020497
PMI.SW,2024-07-23,40.0,mixed,0.0,0.020059,-0.020059,0.0,0.001459,-0.001459,0.0,-0.001457,0.001457,-0.010953,-0.006161,-0.004792
SGSN.SW,2024-07-23,0.0,habitual_misser,0.035659,0.020059,0.0156,0.02081,0.001459,0.01935,-0.000993,-0.001457,0.000464,0.103791,-0.006161,0.109952
KNIN.SW,2024-07-23,51.28,mixed,0.049571,0.020059,0.029512,0.035438,0.001459,0.033979,0.01856,-0.001457,0.020018,-0.002609,-0.006161,0.003552
CMBN.SW,2024-07-24,20.0,mixed,-0.01993,0.004278,-0.024208,-0.008525,-0.010602,0.002077,-0.028636,-0.006161,-0.022475,-0.015559,-0.008,-0.007559
SGSN.SW,2024-07-24,0.0,habitual_misser,0.136422,0.004278,0.132144,0.134824,-0.010602,0.145426,0.103791,-0.006161,0.109952,0.019369,-0.008,0.02737
RO.SW,2024-07-25,0.0,habitual_misser,0.096334,-0.012259,0.108593,0.009247,-0.0116,0.020847,0.029015,-0.008,0.037015,0.022956,0.01123,0.011726
LEON.SW,2024-07-25,62.5,mixed,0.038732,-0.012259,0.050991,0.068288,-0.0116,0.079887,0.018747,-0.008,0.026747,0.024213,0.01123,0.012983
SCR.SW,2024-07-25,64.29,mixed,-0.220444,-0.012259,-0.208186,0.0,-0.0116,0.0116,0.0,-0.008,0.008,0.0,0.01123,-0.01123
VATN.SW,2024-07-25,50.0,mixed,0.019287,-0.012259,0.031546,-0.001889,-0.0116,0.009711,-0.00761,-0.008,0.00039,-0.055971,0.01123,-0.067201
BAER.SW,2024-07-25,10.0,habitual_misser,-0.100482,-0.012259,-0.088224,-0.087276,-0.0116,-0.075676,-0.090429,-0.008,-0.082428,0.004021,0.01123,-0.007209
NESN.SW,2024-07-25,40.0,mixed,-0.051654,-0.012259,-0.039395,-0.057491,-0.0116,-0.045892,-0.050709,-0.008,-0.042708,-0.010147,0.01123,-0.021377
LONN.SW,2024-07-25,20.0,habitual_misser,0.075303,-0.012259,0.087561,0.081537,-0.0116,0.093137,0.071179,-0.008,0.07918,0.037866,0.01123,0.026635
FORN.SW,2024-07-26,50.0,mixed,-0.064857,-0.010003,-0.054854,-0.052384,0.00559,-0.057974,-0.052384,0.01123,-0.063615,-0.051254,-0.002172,-0.049082
AMS.SW,2024-07-26,58.97,mixed,-0.088476,-0.010003,-0.078473,0.016584,0.00559,0.010994,0.126838,0.01123,0.115608,-0.027732,-0.002172,-0.02556
SIKA.SW,2024-07-29,0.0,habitual_misser,0.009963,-0.00529,0.015253,-0.002268,-0.006655,0.004387,0.006477,-0.002172,0.008649,0.020461,0.005495,0.014966
KBX.SW,2024-07-29,60.0,mixed,0.0,-0.00529,0.00529,0.0,-0.006655,0.006655,0.0,-0.002172,0.002172,0.0,0.005495,-0.005495
CLN.SW,2024-07-30,65.0,mixed,-0.071325,0.00172,-0.073045,-0.080692,0.000261,-0.080952,-0.079365,0.005495,-0.08486,-0.021944,0.002884,-0.024828
AVOL.SW,2024-07-30,62.5,mixed,-0.049042,0.00172,-0.050762,-0.015178,0.000261,-0.015439,-0.020894,0.005495,-0.026389,-0.037937,0.002884,-0.040821
SIGN.SW,2024-07-30,0.0,habitual_misser,0.045208,0.00172,0.043488,0.026643,0.000261,0.026382,0.021803,0.005495,0.016308,0.029988,0.002884,0.027105
SCMN.SW,2024-07-31,69.23,mixed,0.017978,-0.001337,0.019315,0.011292,0.009364,0.001928,-0.00091,0.002884,-0.003794,-0.015799,-0.035878,0.020078
MOBN.SW,2024-08-02,60.0,mixed,0.009526,-0.030381,0.039907,0.015321,-0.019001,0.034323,0.007622,-0.035878,0.0435,-0.01509,-0.027979,0.012889
ADEN.SW,2024-08-06,51.35,mixed,-0.07982,-0.063942,-0.015878,-0.062324,-0.057671,-0.004653,0.003013,-0.002841,0.005854,0.028539,0.028906,-0.000367
ZBH.SW,2024-08-07,0.0,habitual_misser,0.0,-0.035479,0.035479,0.0,-0.03573,0.03573,0.0,0.028906,-0.028906,0.0,-0.00133,0.00133
ZURN.SW,2024-08-08,20.69,habitual_misser,-0.03223,-0.03079,-0.00144,-0.049456,-0.039782,-0.009675,-0.012472,-0.00133,-0.011142,0.003255,0.003255,-0.0
TECN.SW,2024-08-13,28.57,mixed,-0.173301,-0.023476,-0.149825,-0.142853,0.036287,-0.179139,-0.17281,0.004584,-0.177394,0.025948,0.012046,0.013902
UBSG.SW,2024-08-14,56.25,mixed,-0.009281,-0.017114,0.007833,0.070175,0.019307,0.050869,0.053021,0.012046,0.040975,-0.010148,0.006494,-0.016642
STMN.SW,2024-08-14,20.0,habitual_misser,0.110417,-0.017114,0.127531,0.155345,0.019307,0.136039,0.133467,0.012046,0.121421,0.005542,0.006494,-0.000951
PSPN.SW,2024-08-20,50.0,mixed,0.042394,0.065688,-0.023294,0.014087,0.028372,-0.014285,0.007419,-0.000707,0.008126,-0.006527,-0.001341,-0.005186
ALC.SW,2024-08-20,66.67,mixed,0.067902,0.065688,0.002214,0.034782,0.028372,0.00641,-0.002904,-0.000707,-0.002197,-0.023177,-0.001341,-0.021836
SREN.SW,2024-08-21,52.38,mixed,0.081356,0.03436,0.046996,0.045173,0.014768,0.030404,-0.00188,-0.001341,-0.000539,0.045104,0.004517,0.040586
ZUGN.SW,2024-08-22,50.0,mixed,0.005646,0.040416,-0.03477,0.025935,0.012776,0.013159,0.017144,0.004517,0.012626,0.028089,0.003414,0.024675
HIAG.SW,2024-08-26,25.0,mixed,0.039748,0.040479,-0.000732,0.028889,0.006445,0.022445,0.026245,0.000558,0.025687,0.0,-0.004665,0.004665
FHZN.SW,2024-08-27,87.5,habitual_beater,0.005068,0.0309,-0.025832,-0.018822,0.002459,-0.02128,-0.031322,-0.004665,-0.026658,-0.003535,0.004227,-0.007762
SRAIL.SW,2024-08-28,37.5,mixed,0.018731,0.022935,-0.004204,-0.001873,0.008048,-0.009921,-0.025238,0.004227,-0.029465,0.0,0.005589,-0.005589
BRKN.SW,2024-09-02,40.0,mixed,0.0078,0.014357,-0.006558,0.0022,0.007862,-0.005662,-0.00437,0.001197,-0.005568,-0.014439,-0.008295,-0.006144
PGHN.SW,2024-09-03,22.22,habitual_misser,-0.079195,0.006655,-0.08585,-0.076515,0.004186,-0.080701,-0.091988,-0.008295,-0.083693,-0.010802,-0.013931,0.003129
BALN.SW,2024-09-12,40.0,mixed,-0.001284,-0.035061,0.033777,-0.018738,-0.004073,-0.014665,0.00556,0.004984,0.000576,0.016653,0.004585,0.012068
SUN.SW,2024-10-15,66.67,mixed,0.042262,0.010937,0.031325,0.034714,0.017306,0.017409,-0.017857,-0.003294,-0.014563,-0.075541,-0.00211,-0.073431
EFGN.SW,2024-10-15,80.0,mixed,0.022978,0.010937,0.012041,0.0,0.017306,-0.017306,-0.005362,-0.003294,-0.002068,-0.006289,-0.00211,-0.00418
DOCM.SW,2024-10-15,0.0,mixed,-0.13842,0.010937,-0.149356,-0.036563,0.017306,-0.053869,0.026623,-0.003294,0.029917,0.000633,-0.00211,0.002742
ABBN.SW,2024-10-17,67.5,mixed,0.027893,0.024304,0.003589,0.023844,0.018754,0.00509,0.024269,0.00912,0.015149,-0.015998,0.001828,-0.017826
VACN.SW,2024-10-17,75.0,mixed,-0.130343,0.024304,-0.154647,-0.098475,0.018754,-0.117229,-0.006738,0.00912,-0.015858,0.01437,0.001828,0.012543
PMI.SW,2024-10-22,36.36,mixed,-0.03736,0.012683,-0.050043,-0.03736,-0.004544,-0.032816,0.0,-0.008036,0.008036,0.097124,-0.001334,0.098458
TEMN.SW,2024-10-23,69.77,mixed,0.046139,0.001994,0.044145,0.018024,-0.00377,0.021794,0.000791,-0.001334,0.002125,-0.01312,0.002136,-0.015256
KNIN.SW,2024-10-23,50.0,mixed,-0.032157,0.001994,-0.034151,-0.029526,-0.00377,-0.025756,-0.016341,-0.001334,-0.015007,0.01753,0.002136,0.015395
SCHP.SW,2024-10-23,71.43,mixed,0.028364,0.001994,0.02637,0.024213,-0.00377,0.027984,-0.010109,-0.001334,-0.008775,-0.008684,0.002136,-0.01082
ROG.SW,2024-10-23,0.0,habitual_misser,0.043314,0.001994,0.041321,0.028202,-0.00377,0.031973,0.018369,-0.001334,0.019703,0.009354,0.002136,0.007219
AAM.SW,2024-10-24,44.44,mixed,0.157988,0.007889,0.150099,0.157988,-0.010665,0.168653,0.0,0.002136,-0.002136,0.0,0.0009,-0.0009
BUCN.SW,2024-10-24,55.56,mixed,-0.053917,0.007889,-0.061806,-0.035709,-0.010665,-0.025044,-0.034394,0.002136,-0.036529,0.014247,0.0009,0.013347
GALE.SW,2024-10-24,100.0,mixed,0.040654,0.007889,0.032765,0.00976,-0.010665,0.020425,0.02674,0.002136,0.024605,0.003356,0.0009,0.002456
SIKA.SW,2024-10-25,0.0,habitual_misser,-0.033658,0.002453,-0.03611,-0.031001,-0.011581,-0.01942,-0.003646,0.0009,-0.004547,0.016613,0.00443,0.012184
NOVN.SW,2024-10-29,75.0,mixed,-0.047997,-0.00968,-0.038317,-0.031132,-0.00516,-0.025972,-0.040785,-0.011227,-0.029557,-0.004003,-0.01098,0.006977
ZBH.SW,2024-10-30,0.0,habitual_misser,0.0,-0.018483,0.018483,0.0,-0.014769,0.014769,0.0,-0.01098,0.01098,0.0,-0.014604,0.014604
UBSG.SW,2024-10-30,56.92,mixed,-0.028413,-0.018483,-0.00993,-0.021553,-0.014769,-0.006784,-0.045323,-0.01098,-0.034342,-0.023547,-0.014604,-0.008943
LAND.SW,2024-10-30,33.33,mixed,0.0,-0.018483,0.018483,0.008205,-0.014769,0.022974,-0.018546,-0.01098,-0.007566,-0.060828,-0.014604,-0.046223
GEBN.SW,2024-10-31,71.43,mixed,0.030873,-0.041559,0.072432,0.052963,-0.031226,0.08419,0.046849,-0.014604,0.061453,-0.009977,0.014778,-0.024755
SCMN.SW,2024-10-31,67.5,mixed,-0.068195,-0.041559,-0.026637,-0.059033,-0.031226,-0.027807,-0.050548,-0.014604,-0.035944,0.012353,0.014778,-0.002425
BARN.SW,2024-11-05,22.22,habitual_misser,-0.020952,-0.024444,0.003492,-0.001944,-0.019384,0.017441,0.023224,-0.0026,0.025823,0.012322,-0.001578,0.013899
ADEN.SW,2024-11-05,50.0,mixed,-0.097879,-0.024444,-0.073435,-0.076923,-0.019384,-0.057539,-0.059371,-0.0026,-0.056771,-0.002475,-0.001578,-0.000898
AMS.SW,2024-11-07,57.5,mixed,-0.315842,-0.021033,-0.294808,-0.172455,0.010522,-0.182977,-0.13191,0.005884,-0.137794,0.06657,-0.010009,0.076579
VATN.SW,2024-11-07,45.45,mixed,0.007946,-0.021033,0.028979,0.005947,0.010522,-0.004574,0.007946,0.005884,0.002062,0.005912,-0.010009,0.015922
ZURN.SW,2024-11-07,23.33,habitual_misser,0.00269,-0.021033,0.023723,0.021908,0.010522,0.011386,0.00269,0.005884,-0.003195,-0.009963,-0.010009,4.6e-05
CFR.SW,2024-11-08,70.0,mixed,-0.071241,-0.031704,-0.039537,-0.05724,-0.014162,-0.043078,-0.066124,-0.010009,-0.056114,0.008808,0.008906,-9.8e-05
PSPN.SW,2024-11-12,47.83,mixed,-0.028178,-0.032104,0.003926,-0.023484,-0.012972,-0.010513,-0.017923,-0.016021,-0.001901,0.009978,-0.000707,0.010685
ALC.SW,2024-11-12,68.18,mixed,-0.061287,-0.032104,-0.029182,-0.035499,-0.012972,-0.022528,-0.056449,-0.016021,-0.040427,0.00104,-0.000707,0.001747
SWON.SW,2024-11-13,37.5,mixed,-0.443902,-0.02205,-0.421852,0.002933,-0.012111,0.015043,0.077165,-0.000707,0.077872,0.089181,0.006822,0.08236
SREN.SW,2024-11-14,50.0,mixed,0.09531,-0.000786,0.096096,0.010447,-0.01119,0.021636,0.00537,0.006822,-0.001451,0.009477,-0.01329,0.022768
SCR.SW,2024-11-14,62.79,mixed,0.0,-0.000786,0.000786,0.0,-0.01119,0.01119,0.0,0.006822,-0.006822,0.0,-0.01329,0.01329
SOON.SW,2024-11-19,55.56,mixed,-0.070281,-0.027354,-0.042928,-0.060669,-0.014571,-0.046097,-0.052074,-0.008434,-0.04364,0.009991,-0.000155,0.010146
BARN.SW,2025-01-22,20.0,habitual_misser,-0.073814,0.027928,-0.101742,-0.037443,0.03617,-0.073613,-0.080279,0.007987,-0.088266,-0.025617,0.004711,-0.030328
ABBN.SW,2025-01-30,65.85,mixed,0.009649,0.05548,-0.045831,-0.064129,0.02765,-0.09178,-0.018363,0.005923,-0.024286,-0.003863,-0.000591,-0.003272
UHR.SW,2025-01-30,30.0,mixed,0.045681,0.05548,-0.009799,0.015499,0.02765,-0.012152,0.022363,0.005923,0.016439,0.015262,-0.000591,0.015853
ROG.SW,2025-01-30,0.0,habitual_misser,0.061808,0.05548,0.006328,0.039342,0.02765,0.011692,0.015673,0.005923,0.009749,0.002789,-0.000591,0.00338
RO.SW,2025-01-30,10.0,habitual_misser,0.057008,0.05548,0.001528,0.038941,0.02765,0.011291,0.015361,0.005923,0.009438,-0.001967,-0.000591,-0.001376
NOVN.SW,2025-01-31,75.61,habitual_beater,0.070037,0.050609,0.019428,0.058986,0.025214,0.033772,0.018993,-0.000591,0.019584,0.00531,-0.003995,0.009305
UBSG.SW,2025-02-04,57.58,mixed,-0.063175,0.030082,-0.093257,-0.079151,0.00161,-0.08076,-0.070477,-0.005681,-0.064796,-0.015024,0.008332,-0.023357
VATN.SW,2025-02-05,41.67,mixed,0.036691,0.030435,0.006256,0.030933,0.00392,0.027013,0.046263,0.008332,0.037931,-0.019415,0.003558,-0.022973
ZBH.SW,2025-02-06,0.0,habitual_misser,0.0,0.029253,-0.029253,0.0,0.00156,-0.00156,0.0,0.003558,-0.003558,0.0,-0.002445,0.002445
PMI.SW,2025-02-06,41.67,mixed,0.054603,0.029253,0.02535,0.0,0.00156,-0.00156,0.0,0.003558,-0.003558,0.112034,-0.002445,0.114478
SGSN.SW,2025-02-11,0.0,habitual_misser,0.099801,0.019166,0.080635,0.110348,0.017528,0.09282,0.066894,0.005252,0.061642,0.015142,0.001555,0.013587
AMS.SW,2025-02-11,58.54,mixed,0.125698,0.019166,0.106532,0.232416,0.017528,0.214888,0.183554,0.005252,0.178302,0.116625,0.001555,0.11507
SCHP.SW,2025-02-11,72.73,mixed,0.019188,0.019166,2.2e-05,0.028654,0.017528,0.011126,0.0145,0.005252,0.009248,0.015061,0.001555,0.013506
SCMN.SW,2025-02-13,68.29,mixed,-0.010662,0.027333,-0.037995,-0.009701,0.025733,-0.035434,-0.030417,0.018496,-0.048913,-0.02,-0.008432,-0.011568
NESN.SW,2025-02-13,45.45,mixed,0.063594,0.027333,0.036262,0.079802,0.025733,0.054069,0.062196,0.018496,0.0437,-0.01436,-0.008432,-0.005928
DKSH.SW,2025-02-14,80.0,habitual_beater,0.012561,0.019273,-0.006711,0.023945,0.019576,0.004369,-0.001424,-0.008432,0.007008,-0.001426,0.002742,-0.004168
TEMN.SW,2025-02-18,70.45,mixed,0.036359,0.033545,0.002814,0.006314,0.015741,-0.009428,0.012051,0.001468,0.010583,-0.044558,-0.007404,-0.037155
EFGN.SW,2025-02-19,66.67,mixed,0.029253,0.017416,0.011838,-0.02123,0.006656,-0.027886,-0.026929,-0.007404,-0.019525,-0.008227,0.000747,-0.008974
ZURN.SW,2025-02-20,25.81,mixed,0.021309,0.014566,0.006744,0.010187,-0.010887,0.021075,0.020222,0.000747,0.019475,0.004868,0.010971,-0.006103
AAM.SW,2025-02-20,40.0,mixed,0.0,0.014566,-0.014566,0.0,-0.010887,0.010887,0.0,0.000747,-0.000747,0.0,0.010971,-0.010971
CMBN.SW,2025-02-20,33.33,mixed,0.052716,0.014566,0.03815,0.030629,-0.010887,0.041517,0.03738,0.000747,0.036633,-0.019377,0.010971,-0.030348
SIKA.SW,2025-02-21,0.0,habitual_misser,0.028975,0.02821,0.000765,-0.017754,0.008468,-0.026222,0.008489,0.010971,-0.002482,-0.022689,0.000353,-0.023042
SIGN.SW,2025-02-25,0.0,habitual_misser,-0.089182,0.026063,-0.115245,-0.131791,0.010162,-0.141953,-0.138723,0.005546,-0.144269,-0.013326,0.001344,-0.014669
ALC.SW,2025-02-25,69.57,mixed,-0.02383,0.026063,-0.049893,-0.013827,0.010162,-0.023989,-0.005973,0.005546,-0.011519,0.054331,0.001344,0.052988
PSPN.SW,2025-02-25,50.0,mixed,-0.041398,0.026063,-0.067462,-0.033658,0.010162,-0.04382,-0.026532,0.005546,-0.032078,-0.002343,0.001344,-0.003686
ADEN.SW,2025-02-26,48.72,mixed,0.188596,0.025846,0.16275,0.162536,0.019064,0.143472,0.122928,0.001344,0.121585,-0.04305,-0.006454,-0.036597
SUN.SW,2025-02-27,60.0,mixed,0.104092,0.000717,0.103375,0.095115,0.011732,0.083383,0.105576,-0.006454,0.11203,-0.032258,0.003561,-0.035819
SREN.SW,2025-02-27,52.17,mixed,0.02939,0.000717,0.028673,0.049513,0.011732,0.037782,0.005205,-0.006454,0.011658,-0.006185,0.003561,-0.009746
CLN.SW,2025-02-28,66.67,mixed,-0.084453,0.01282,-0.097273,-0.094017,0.004316,-0.098333,-0.054509,0.003561,-0.05807,0.014675,0.012473,0.002202
VACN.SW,2025-03-04,66.67,mixed,-0.063146,0.008745,-0.071891,-0.041166,-0.001403,-0.039764,-0.036493,-0.012147,-0.024346,0.070967,0.00815,0.062817
KNIN.SW,2025-03-04,51.22,mixed,-0.031399,0.008745,-0.040144,-0.05998,-0.001403,-0.058577,-0.050349,-0.012147,-0.038202,0.008374,0.00815,0.000224
SCR.SW,2025-03-05,61.36,mixed,0.0,0.024552,-0.024552,0.0,0.005385,-0.005385,0.0,0.00815,-0.00815,0.0,-0.006357,0.006357
FHZN.SW,2025-03-06,77.78,habitual_beater,-0.010957,0.017279,-0.028236,-0.014556,0.005483,-0.020039,-0.027756,-0.006357,-0.021399,-0.015624,0.003629,-0.019253
HELN.SW,2025-03-06,71.43,mixed,0.079461,0.017279,0.062182,0.032676,0.005483,0.027193,0.019352,-0.006357,0.02571,-0.006328,0.003629,-0.009958
SFSN.SW,2025-03-07,55.56,mixed,0.0,0.009891,-0.009891,0.005079,0.005552,-0.000473,-0.024975,0.003629,-0.028604,0.042603,-0.004835,0.047439
TECN.SW,2025-03-10,25.0,mixed,-0.074776,0.004654,-0.07943,-0.046428,-0.011638,-0.03479,-0.005327,-0.004835,-0.000491,-0.008525,-0.024682,0.016158
PGHN.SW,2025-03-11,20.0,habitual_misser,-0.041881,-0.025548,-0.016333,-0.019312,-0.024179,0.004867,-0.017412,-0.024682,0.00727,0.00787,0.013881,-0.006011
AVOL.SW,2025-03-12,55.56,mixed,-0.076847,-0.013347,-0.063499,-0.058585,-0.018632,-0.039953,-0.007752,0.013881,-0.021633,0.021013,-0.002505,0.023518
SLHN.SW,2025-03-14,50.0,mixed,-0.018355,-0.006742,-0.011614,-0.026294,-0.012226,-0.014069,-0.021336,0.006281,-0.027617,0.011937,0.01094,0.000997
SRAIL.SW,2025-03-19,44.44,mixed,0.006684,-0.005478,0.012162,0.060563,0.013404,0.047159,-0.029639,-0.001622,-0.028017,-0.030544,0.004304,-0.034849
UHRN.SW,2025-03-19,40.0,mixed,-0.003084,-0.005478,0.002394,0.018268,0.013404,0.004864,0.015071,-0.001622,0.016693,-0.04052,0.004304,-0.044824
BALN.SW,2025-03-25,50.0,mixed,0.091266,0.025283,0.065983,0.050616,-0.003748,0.054364,0.043039,0.000993,0.042046,0.007412,-0.004561,0.011973
VACN.SW,2025-04-17,60.0,mixed,-0.036585,-0.05037,0.013785,-0.029008,0.037028,-0.066037,-0.031418,0.005375,-0.036792,0.001469,-0.001255,0.002725
ABBN.SW,2025-04-17,64.29,mixed,-0.015858,-0.05037,0.034512,0.024769,0.037028,-0.012259,0.014423,0.005375,0.009048,-0.021327,-0.001255,-0.020072
KNIN.SW,2025-04-21,50.0,mixed,0.001624,-0.000215,0.001839,0.024921,0.036165,-0.011244,-0.007128,-0.001255,-0.005872,0.036763,0.013943,0.022819
TEMN.SW,2025-04-22,71.11,mixed,-0.044682,-0.000215,-0.044467,0.006631,0.036165,-0.029534,-0.018111,-0.001255,-0.016856,-0.071805,0.013943,-0.085748
PMI.SW,2025-04-23,38.46,mixed,-0.067142,0.068905,-0.136047,0.0,0.026893,-0.026893,0.0,0.013943,-0.013943,0.095966,0.00922,0.086746
BUCN.SW,2025-04-28,60.0,mixed,0.104657,0.069692,0.034965,0.05136,0.031497,0.019862,0.004329,0.007218,-0.002889,0.030172,0.003196,0.026977
NOVN.SW,2025-04-29,76.19,habitual_beater,0.09432,0.073565,0.020755,0.038928,0.036095,0.002833,0.008672,0.003196,0.005477,-0.004458,0.004168,-0.008626
SCHP.SW,2025-04-30,73.91,mixed,0.114074,0.0537,0.060374,0.101832,0.026105,0.075726,0.092229,0.004168,0.088062,-0.016622,0.011291,-0.027913
STMN.SW,2025-04-30,27.27,mixed,0.036774,0.0537,-0.016926,0.009124,0.026105,-0.016982,-0.014684,0.004168,-0.018852,0.037755,0.011291,0.026464
AMS.SW,2025-04-30,57.14,mixed,0.174475,0.0537,0.120775,0.1632,0.026105,0.137095,0.061314,0.004168,0.057146,0.071527,0.011291,0.060236
UBSG.SW,2025-04-30,56.72,mixed,0.095511,0.0537,0.041811,0.028088,0.026105,0.001982,-0.003204,0.004168,-0.007372,0.016071,0.011291,0.00478
LAND.SW,2025-05-02,40.0,mixed,0.124893,0.055466,0.069427,0.128519,0.02821,0.100309,0.01312,0.011291,0.001829,-0.01295,-0.001694,-0.011256
VACN.SW,2025-05-04,63.64,mixed,0.072432,0.054697,0.017735,0.018223,0.024366,-0.006143,-0.018698,-0.001694,-0.017004,-0.005104,-0.0002,-0.004903
ZBH.SW,2025-05-05,0.0,habitual_misser,0.0,0.054697,-0.054697,0.0,0.024366,-0.024366,0.0,-0.001694,0.001694,0.0,-0.0002,0.0002
ADEN.SW,2025-05-05,50.0,mixed,0.004766,0.054697,-0.049931,-0.027675,0.024366,-0.052041,-0.025878,-0.001694,-0.024184,0.003795,-0.0002,0.003995
GEBN.SW,2025-05-06,73.33,mixed,0.086924,0.048848,0.038076,0.039801,0.016821,0.02298,-0.003745,-0.0002,-0.003545,-0.010936,-0.009551,-0.001385
SCR.SW,2025-05-07,62.22,mixed,0.083411,0.040136,0.043274,0.083411,0.003901,0.07951,0.0,-0.009551,0.009551,0.0,-0.004296,0.004296
SCMN.SW,2025-05-08,66.67,mixed,0.006524,0.021426,-0.014902,-0.018182,-0.004561,-0.013621,-0.010082,-0.004296,-0.005787,0.007407,0.002122,0.005285
VATN.SW,2025-05-08,46.15,mixed,0.018309,0.021426,-0.003117,0.0082,-0.004561,0.012761,-0.01609,-0.004296,-0.011794,-0.001627,0.002122,-0.003749
SOON.SW,2025-05-12,50.0,mixed,0.061392,0.023244,0.038149,0.034585,-0.001095,0.03568,0.016031,0.010946,0.005085,0.010506,-0.004449,0.014955
PSPN.SW,2025-05-13,48.0,mixed,-0.032526,0.011392,-0.043917,-0.061745,-0.00534,-0.056405,-0.021693,-0.004449,-0.017245,0.004292,-0.002719,0.007011
ALC.SW,2025-05-13,70.83,mixed,0.009689,0.011392,-0.001703,-0.002016,-0.00534,0.003324,-0.00727,-0.004449,-0.002821,-0.076263,-0.002719,-0.073543
LONN.SW,2025-05-14,27.27,mixed,-0.020799,0.005428,-0.026227,-0.00556,0.001521,-0.007081,-0.005577,-0.002719,-0.002858,-0.007361,0.007838,-0.015199
SREN.SW,2025-05-16,54.17,mixed,-0.003023,0.006635,-0.009658,-0.009346,0.020498,-0.029844,-0.008353,0.008817,-0.01717,-0.005391,0.001758,-0.007148
CFR.SW,2025-05-16,63.64,mixed,0.129923,0.006635,0.123289,0.142003,0.020498,0.121505,0.06942,0.008817,0.060603,-0.000308,0.001758,-0.002066
BAER.SW,2025-05-21,9.09,habitual_misser,0.005529,0.022008,-0.016479,-0.081481,0.020456,-0.101937,-0.048483,-0.00223,-0.046253,-0.009164,-0.008918,-0.000246
SWON.SW,2025-05-21,33.33,mixed,0.162379,0.022008,0.140371,0.098784,0.020456,0.078329,-0.013643,-0.00223,-0.011413,-0.011065,-0.008918,-0.002147
GALE.SW,2025-05-22,87.5,habitual_beater,0.014951,0.017264,-0.002313,0.03156,0.00349,0.028071,-0.002825,-0.008918,0.006093,0.005099,-0.005808,0.010907
NESN.SW,2025-05-26,50.0,mixed,0.028187,0.007974,0.020213,0.015931,-0.003213,0.019144,0.001356,0.009704,-0.008349,0.00079,0.000626,0.000164
DKSH.SW,2025-07-14,72.73,mixed,0.032468,0.001546,0.030922,0.0176,-0.001225,0.018825,-0.01548,0.000207,-0.015687,0.003145,-0.00323,0.006375
UHRN.SW,2025-07-16,36.36,mixed,0.035011,-0.00679,0.041801,0.018665,-0.008,0.026664,0.00567,0.000797,0.004872,0.020437,0.004287,0.01615
UHR.SW,2025-07-16,27.27,mixed,0.037836,-0.00679,0.044626,0.026188,-0.008,0.034187,0.011058,0.000797,0.01026,0.023697,0.004287,0.01941
NOVN.SW,2025-07-16,76.74,habitual_beater,-0.033628,-0.00679,-0.026838,-0.02491,-0.008,-0.016911,-0.009786,0.000797,-0.010583,-0.018713,0.004287,-0.023
ABBN.SW,2025-07-17,65.12,mixed,0.097535,-0.001377,0.098912,0.087229,-0.014018,0.101247,0.098924,0.004287,0.094637,0.002687,0.001759,0.000928
SFSN.SW,2025-07-17,50.0,mixed,0.0369,-0.001377,0.038277,0.012613,-0.014018,0.026631,0.034991,0.004287,0.030704,-0.012456,0.001759,-0.014214
KNIN.SW,2025-07-21,51.16,mixed,-0.007578,-0.001476,-0.006102,-0.008445,-0.000251,-0.008194,-0.00613,-0.00384,-0.002289,-0.007636,-0.003608,-0.004028
PMI.SW,2025-07-22,42.86,mixed,-0.055138,-0.006418,-0.04872,-0.055138,-0.00063,-0.054508,-0.055138,-0.003608,-0.05153,0.0,0.015407,-0.015407
BAER.SW,2025-07-22,16.67,habitual_misser,0.009861,-0.006418,0.016279,-0.001805,-0.00063,-0.001175,-0.021239,-0.003608,-0.017631,0.012658,0.015407,-0.002749
TEMN.SW,2025-07-22,71.74,mixed,0.02253,-0.006418,0.028949,0.031469,-0.00063,0.032099,-0.003378,-0.003608,0.00023,0.238136,0.015407,0.222728
NESN.SW,2025-07-23,46.15,mixed,-0.003971,0.005847,-0.009819,0.011316,0.013959,-0.002642,0.003096,0.015407,-0.012311,-0.046431,-0.002591,-0.04384
LONN.SW,2025-07-23,25.0,mixed,0.01422,0.005847,0.008372,0.001404,0.013959,-0.012555,0.028108,0.015407,0.012701,-0.007361,-0.002591,-0.00477
VACN.SW,2025-07-23,58.33,mixed,-0.104773,0.005847,-0.110621,-0.09609,0.013959,-0.110048,-0.096911,0.015407,-0.112318,-0.025151,-0.002591,-0.02256
CMBN.SW,2025-07-24,28.57,mixed,-0.09498,-0.007102,-0.087878,-0.116715,0.007015,-0.123729,-0.100294,-0.002591,-0.097703,-0.015769,-0.007476,-0.008294
RO.SW,2025-07-24,18.18,habitual_misser,0.005739,-0.007102,0.012841,0.028613,0.007015,0.021599,0.012274,-0.002591,0.014865,-0.021398,-0.007476,-0.013922
SUN.SW,2025-07-24,63.64,mixed,0.122363,-0.007102,0.129465,0.071141,0.007015,0.064126,0.069705,-0.002591,0.072296,-0.028822,-0.007476,-0.021346
ROG.SW,2025-07-24,0.0,habitual_misser,0.007985,-0.007102,0.015087,0.031518,0.007015,0.024503,0.014543,-0.002591,0.017134,-0.022256,-0.007476,-0.01478
SGSN.SW,2025-07-24,8.33,habitual_misser,0.001197,-0.007102,0.008299,0.005046,0.007015,-0.001969,0.014061,-0.002591,0.016651,0.004064,-0.007476,0.01154
VATN.SW,2025-07-25,42.86,mixed,0.003101,0.001534,0.001567,-0.012214,-0.002268,-0.009946,0.004658,-0.007476,0.012134,-0.030912,-0.003411,-0.027501
SGSN.SW,2025-07-25,7.69,habitual_misser,0.00647,0.001534,0.004936,0.005506,-0.002268,0.007775,0.004064,-0.007476,0.01154,-0.002381,-0.003411,0.00103
SIGN.SW,2025-07-29,0.0,habitual_misser,-0.082888,0.004839,-0.087727,-0.07109,0.005473,-0.076563,-0.049862,0.003689,-0.053551,-0.013848,-0.002252,-0.011597
SIKA.SW,2025-07-29,0.0,habitual_misser,-0.026663,0.004839,-0.031502,-0.005747,0.005473,-0.01122,-0.036562,0.003689,-0.040251,-0.009801,-0.002252,-0.00755
UBSG.SW,2025-07-30,55.88,mixed,0.089757,0.001777,0.08798,0.034759,-0.012014,0.046773,0.011104,-0.002252,0.013356,-0.016796,-0.008044,-0.008752
BUCN.SW,2025-07-30,54.55,mixed,-0.022756,0.001777,-0.024533,-0.0492,-0.012014,-0.037187,-0.040943,-0.002252,-0.038691,-0.003881,-0.008044,0.004163
AVOL.SW,2025-07-31,50.0,mixed,-0.022477,-0.010523,-0.011954,-0.019328,-0.017415,-0.001913,0.01913,-0.008044,0.027174,-0.018771,-0.001468,-0.017303
AMS.SW,2025-07-31,55.81,mixed,-0.141502,-0.010523,-0.130979,0.011173,-0.017415,0.028588,-0.042328,-0.008044,-0.034284,-0.026704,-0.001468,-0.025236
SCR.SW,2025-07-31,63.04,mixed,0.0,-0.010523,0.010523,0.0,-0.017415,0.017415,0.0,-0.008044,0.008044,0.0,-0.001468,0.001468
CLN.SW,2025-07-31,63.64,mixed,-0.031142,-0.010523,-0.020619,-0.05618,-0.017415,-0.038765,-0.010601,-0.008044,-0.002557,-0.022619,-0.001468,-0.021151
AAM.SW,2025-07-31,36.36,mixed,-0.003659,-0.010523,0.006864,0.0,-0.017415,0.017415,0.0,-0.008044,0.008044,0.0,-0.001468,0.001468
ADEN.SW,2025-08-05,51.22,mixed,-0.051603,-0.006581,-0.045022,-0.086596,-0.004752,-0.081844,-0.027265,0.003359,-0.030625,0.031327,-0.008687,0.040014
ZURN.SW,2025-08-07,28.12,mixed,0.031786,-0.018837,0.050622,0.042584,-0.006906,0.04949,-0.001037,0.008018,-0.009056,-0.006577,0.001457,-0.008034
GALE.SW,2025-08-07,88.89,habitual_beater,-0.027288,-0.018837,-0.008452,-0.017796,-0.006906,-0.01089,-0.002914,0.008018,-0.010932,-0.014027,0.001457,-0.015484
SCMN.SW,2025-08-07,65.12,mixed,0.02307,-0.018837,0.041907,0.014072,-0.006906,0.020978,-0.006034,0.008018,-0.014053,0.003469,0.001457,0.002012
ZBH.SW,2025-08-07,0.0,habitual_misser,0.0,-0.018837,0.018837,0.0,-0.006906,0.006906,0.0,0.008018,-0.008018,0.0,0.001457,-0.001457
STMN.SW,2025-08-12,25.0,mixed,-0.046918,-0.002395,-0.044523,0.011719,0.002368,0.009351,0.030846,0.001383,0.029462,-0.080695,0.007777,-0.088472
TECN.SW,2025-08-12,22.22,habitual_misser,0.02047,-0.002395,0.022865,0.088632,0.002368,0.086264,0.095669,0.001383,0.094286,-0.00295,0.007777,-0.010727
SREN.SW,2025-08-14,56.0,mixed,-0.001716,0.005836,-0.007551,-0.059489,0.01283,-0.072319,-0.034517,0.0019,-0.036417,0.005156,0.006059,-0.000903
ALC.SW,2025-08-18,68.0,mixed,0.007324,0.021428,-0.014104,0.035621,0.017008,0.018613,0.013893,-0.000203,0.014096,0.011745,0.011623,0.000122
PSPN.SW,2025-08-19,46.15,mixed,-0.044572,0.029841,-0.074413,-0.029927,0.027408,-0.057335,-0.033455,0.011623,-0.045077,0.020316,0.005246,0.01507
ACLN.SW,2025-08-21,100.0,mixed,-0.036789,0.033089,-0.069878,-0.032258,0.020002,-0.05226,0.023454,-0.002818,0.026272,-0.004861,0.001894,-0.006755
FHZN.SW,2025-08-26,70.0,mixed,0.019983,0.023092,-0.003109,-0.004874,-0.004201,-0.000673,0.022538,-0.003725,0.026263,0.005714,0.003802,0.001913
SRAIL.SW,2025-08-27,40.0,mixed,-0.043996,0.019056,-0.063052,-0.076991,-0.005632,-0.071359,-0.081057,0.003802,-0.084859,0.033557,0.00099,0.032567
SWON.SW,2025-08-28,30.0,mixed,0.041139,0.01813,0.023009,-0.044993,-0.001836,-0.043157,-0.043605,0.00099,-0.044594,0.048632,-0.002588,0.05122
PGHN.SW,2025-09-01,27.27,mixed,-0.009038,0.008668,-0.017706,-0.027926,-0.002445,-0.025481,-0.000911,-0.000907,-4e-06,-0.032376,-0.00724,-0.025136
HELN.SW,2025-09-03,62.5,mixed,-0.07216,-0.006212,-0.065948,-0.040905,-0.000583,-0.040321,-0.001003,0.009235,-0.010238,0.004516,0.015039,-0.010523
SLHN.SW,2025-09-03,60.0,mixed,-0.079145,-0.006212,-0.072933,-0.047,-0.000583,-0.046417,-0.012062,0.009235,-0.021298,0.015561,0.015039,0.000523
BALN.SW,2025-09-10,57.14,mixed,-0.043726,0.000847,-0.044573,-0.00396,0.001431,-0.005392,0.010547,-0.005181,0.015729,-0.000994,0.00616,-0.007154
ABBN.SW,2025-10-16,63.64,mixed,0.014398,0.022121,-0.007723,0.005437,0.00737,-0.001933,-0.00638,0.013767,-0.020148,-0.01318,-0.004534,-0.008646
PMI.SW,2025-10-21,46.67,mixed,0.0,0.008059,-0.008059,0.0,0.01511,-0.01511,0.0,-0.000975,0.000975,0.0,-0.000655,0.000655
KNIN.SW,2025-10-23,50.0,mixed,0.03414,-0.004114,0.038254,0.018277,-0.0114,0.029677,0.004507,-0.004531,0.009039,0.002885,0.000869,0.002016
NOVN.SW,2025-10-27,77.27,habitual_beater,-0.012823,0.003427,-0.01625,-0.00941,-0.008503,-0.000908,-0.008839,-0.00323,-0.00561,-0.041586,-0.013366,-0.02822
TEMN.SW,2025-10-27,72.34,mixed,-0.025307,0.003427,-0.028734,0.017614,-0.008503,0.026117,0.001576,-0.00323,0.004806,-0.021243,-0.013366,-0.007877
UBSG.SW,2025-10-28,56.52,mixed,-0.027673,-0.006004,-0.021669,0.02998,-0.0208,0.05078,0.005856,-0.013366,0.019221,-0.010349,-0.003726,-0.006624
LAND.SW,2025-10-28,36.36,mixed,-0.066986,-0.006004,-0.060982,-0.0625,-0.0208,-0.0417,-0.050325,-0.013366,-0.036959,0.042735,-0.003726,0.046461
BCHN.SW,2025-11-03,16.67,mixed,-0.035336,-0.031617,-0.003719,-0.053726,-0.023313,-0.030414,-0.017986,8.5e-05,-0.018071,-0.005495,0.005831,-0.011326
ZBH.SW,2025-11-05,0.0,habitual_misser,0.044872,-0.01989,0.064762,0.0,0.004014,-0.004014,0.0,0.004602,-0.004602,0.0,-0.005231,0.005231
VATN.SW,2025-11-06,40.0,mixed,0.007752,-0.020579,0.02833,-0.015152,-0.000875,-0.014277,-0.006116,-0.005231,-0.000886,0.026154,-4.1e-05,0.026195
ADEN.SW,2025-11-06,50.0,mixed,0.085278,-0.020579,0.105857,0.099091,-0.000875,0.099966,0.063325,-0.005231,0.068555,0.000827,-4.1e-05,0.000869
SCMN.SW,2025-11-06,63.64,mixed,0.006809,-0.020579,0.027387,-0.000845,-0.000875,3e-05,0.032286,-0.005231,0.037517,0.019442,-4.1e-05,0.019484
ALC.SW,2025-11-11,69.23,mixed,0.037672,0.027664,0.010008,0.01614,0.032111,-0.015972,0.036975,0.019821,0.017153,0.03825,0.007216,0.031033
PSPN.SW,2025-11-11,44.44,mixed,-0.00072,0.027664,-0.028384,-0.007863,0.032111,-0.039974,-0.012802,0.019821,-0.032624,-0.001441,0.007216,-0.008657
SOON.SW,2025-11-14,54.55,mixed,-0.072736,0.032678,-0.105414,-0.0407,0.027317,-0.068017,-0.071036,-0.008368,-0.062668,-0.015047,-0.002887,-0.012159
CFR.SW,2025-11-14,66.67,mixed,0.07719,0.032678,0.044512,0.103259,0.027317,0.075942,0.058514,-0.008368,0.066881,-0.007897,-0.002887,-0.00501
AMS.SW,2025-11-18,54.55,mixed,-0.221072,0.014225,-0.235297,-0.188235,-0.01733,-0.170905,-0.159391,-0.009198,-0.150193,-0.018116,0.003899,-0.022015
