symbol,event_date,streak_length,category,stock_ret_1d,bench_ret_1d,abnormal_ret_1d,stock_ret_5d,bench_ret_5d,abnormal_ret_5d,stock_ret_21d,bench_ret_21d,abnormal_ret_21d,stock_ret_63d,bench_ret_63d,abnormal_ret_63d
CSMG3.SA,2014-10-31,2,streak_2,0.0,7e-06,-7e-06,-0.087591,-0.025733,-0.061858,-0.135037,0.000648,-0.135685,-0.394161,-0.141335,-0.252826
YDUQ3.SA,2014-11-07,2,streak_2,-0.018859,3e-06,-0.018862,-0.067698,-0.027252,-0.040446,-0.108317,-0.023126,-0.085191,-0.394584,-0.083246,-0.311338
HBOR3.SA,2014-11-12,2,streak_2,-0.02456,-0.021383,-0.003176,-0.07795,0.008002,-0.085951,-0.086492,-0.058836,-0.027656,-0.274426,-0.089455,-0.184971
GOLL4.SA,2014-11-12,2,streak_2,0.062298,-0.021383,0.083681,-0.003236,0.008002,-0.011238,0.192557,-0.058836,0.251393,-0.124595,-0.089455,-0.035141
MEAL3.SA,2014-11-12,2,streak_2,0.005202,-0.021383,0.026586,-0.16185,0.008002,-0.169851,-0.292485,-0.058836,-0.233649,-0.543353,-0.089455,-0.453898
AMER3.SA,2014-11-12,2,streak_2,-0.003068,-0.021383,0.018315,-0.115031,0.008002,-0.123033,-0.236198,-0.058836,-0.177361,-0.355827,-0.089455,-0.266372
CPLE6.SA,2014-11-14,2,streak_2,0.0,-8e-06,8e-06,None,None,None,0.077626,-0.072826,0.150452,0.022831,-0.021951,0.044783
ELET6.SA,2014-11-14,2,streak_2,-0.073504,-8e-06,-0.073497,None,None,None,-0.249573,-0.072826,-0.176746,-0.307692,-0.021951,-0.285741
AXIA6.SA,2014-11-14,2,streak_2,-0.072438,-8e-06,-0.07243,None,None,None,-0.249117,-0.072826,-0.17629,-0.30742,-0.021951,-0.285469
LPSB3.SA,2014-11-14,2,streak_2,0.011842,-8e-06,0.01185,None,None,None,-0.176316,-0.072826,-0.103489,-0.25,-0.021951,-0.228049
SBSP3.SA,2014-11-14,2,streak_2,0.020562,-8e-06,0.02057,None,None,None,-0.087046,-0.072826,-0.014219,-0.213845,-0.021951,-0.191894
TOTS3.SA,2015-01-28,2,streak_2,0.029004,0.001419,0.027584,0.066835,0.033683,0.033151,0.088272,0.08153,0.006742,0.145019,0.159992,-0.014973
PETR3.SA,2015-01-28,2,streak_2,-0.105263,0.001419,-0.106683,0.014035,0.033683,-0.019648,-0.045614,0.08153,-0.127144,0.410526,0.159992,0.250534
DXCO3.SA,2015-02-05,2,streak_2,0.015625,-0.008969,0.024594,-0.0125,0.00607,-0.01857,0.034375,0.015176,0.019199,0.14375,0.160773,-0.017023
HYPE3.SA,2015-02-09,2,streak_2,-0.011905,-0.005774,-0.006131,0.039683,0.037793,0.001889,0.068254,0.002328,0.065926,0.230159,0.163962,0.066196
RENT3.SA,2015-02-09,2,streak_2,-0.005814,-0.005774,-4e-05,-0.034884,0.037793,-0.072677,-0.066279,0.002328,-0.068607,-0.031395,0.163962,-0.195358
NTCO3.SA,2015-02-11,2,streak_2,-0.033613,0.026805,-0.060418,-0.046218,0.063316,-0.109535,-0.121849,0.007383,-0.129231,0.059664,0.174481,-0.114817
NATU3.SA,2015-02-11,2,streak_2,-0.033613,0.026805,-0.060418,-0.046218,0.063316,-0.109535,-0.121849,0.007383,-0.129231,0.059664,0.174481,-0.114817
AMAR3.SA,2015-02-12,2,streak_2,0.0,0.022272,-0.022272,0.041319,0.034421,0.006898,-0.013078,-0.018911,0.005833,-0.120925,0.155774,-0.276699
MRFG3.SA,2015-03-02,2,streak_2,0.006826,-0.005407,0.012233,-0.105802,-0.031057,-0.074745,-0.16041,-0.008391,-0.152018,-0.153584,0.022818,-0.176401
MBRF3.SA,2015-03-02,2,streak_2,0.006757,-0.005407,0.012164,-0.10473,-0.031057,-0.073673,-0.158784,-0.008391,-0.150393,-0.152027,0.022818,-0.174845
ARZZ3.SA,2015-03-03,2,streak_2,0.030197,-0.016296,0.046493,0.030197,-0.058683,0.088881,-0.05633,0.019836,-0.076166,-0.022067,0.057156,-0.079223
MILS3.SA,2015-03-11,2,streak_2,0.064777,-0.000515,0.065292,0.172065,0.053585,0.11848,0.125506,0.108547,0.01696,0.228745,0.101642,0.127103
JBSS3.SA,2015-03-12,2,streak_2,-0.015258,-0.005822,-0.009436,0.017606,0.042412,-0.024807,0.254695,0.109115,0.14558,0.25,0.098365,0.151635
AMER3.SA,2015-03-12,3,streak_3,0.076963,-0.005822,0.082785,-0.036939,0.042412,-0.079351,0.171372,0.109115,0.062256,0.194458,0.098365,0.096093
DIRR3.SA,2015-03-16,2,streak_2,0.044075,0.034758,0.009317,0.038994,0.069368,-0.030374,0.110188,0.130108,-0.01992,-0.145089,0.097786,-0.242875
CSAN3.SA,2015-03-18,2,streak_2,0.057613,-0.011114,0.068727,0.059671,0.006445,0.053225,0.104938,0.047133,0.057805,-0.039095,0.033427,-0.072521
CSMG3.SA,2015-03-19,3,streak_3,-0.044199,0.019882,-0.064081,0.005525,-0.007334,0.012859,-0.01105,0.058906,-0.069956,-0.220994,0.064472,-0.285466
YDUQ3.SA,2015-03-19,3,streak_3,-0.052811,0.019882,-0.072693,0.08092,-0.007334,0.088254,0.149915,0.058906,0.091009,0.259796,0.064472,0.195324
CPLE6.SA,2015-03-21,3,streak_3,0.0,-0.00887,0.00887,-0.041667,-0.036023,-0.005644,None,None,None,-0.041667,0.034291,-0.075958
SBSP3.SA,2015-03-25,3,streak_3,-0.015917,-0.024653,0.008736,-0.056747,0.008937,-0.065684,-0.024221,0.091324,-0.115546,-0.129412,0.038263,-0.167674
QUAL3.SA,2015-03-26,2,streak_2,-0.017881,-0.009593,-0.008288,-0.056291,0.05028,-0.106572,-0.009272,0.118904,-0.128176,-0.195364,0.051321,-0.246685
OIBR4.SA,2015-03-27,2,streak_2,0.049911,7e-06,0.049904,0.067736,0.060452,0.007284,0.062389,0.114131,-0.051743,0.103387,0.078298,0.025089
AXIA6.SA,2015-03-28,3,streak_3,-0.010684,0.021063,-0.031747,0.055556,0.072545,-0.01699,0.260684,0.104407,0.156276,0.230769,0.078291,0.152478
ELET6.SA,2015-03-28,3,streak_3,-0.012397,0.021063,-0.03346,0.055785,0.072545,-0.01676,0.260331,0.104407,0.155923,0.229339,0.078291,0.151048
RAIL3.SA,2015-03-31,2,streak_2,-0.03209,0.022905,-0.054995,0.119403,0.04909,0.070313,-0.1,0.0993,-0.1993,-0.1,0.037746,-0.137746
USIM5.SA,2015-04-23,3,streak_3,0.066975,0.016331,0.050644,0.064665,0.009779,0.054886,-0.050808,-0.023487,-0.027322,-0.311778,-0.085644,-0.226135
HYPE3.SA,2015-04-24,3,streak_3,0.0,-4e-06,4e-06,-0.009736,-0.006453,-0.003282,0.082754,-0.052381,0.135134,0.059805,-0.119934,0.17974
DXCO3.SA,2015-04-28,3,streak_3,-0.002703,-0.008721,0.006018,0.018919,0.023133,-0.004214,-0.078378,-0.032892,-0.045487,-0.202703,-0.117645,-0.085057
BEEF3.SA,2015-04-29,2,streak_2,0.038397,0.016341,0.022056,0.196995,0.028849,0.168146,0.310518,-0.046359,0.356876,0.30384,-0.103455,0.407295
AMAR3.SA,2015-05-04,3,streak_3,0.005611,0.032414,-0.026803,-0.093697,0.016362,-0.110059,-0.198242,-0.035437,-0.162805,-0.390499,-0.112604,-0.277896
ARZZ3.SA,2015-05-06,3,streak_3,-0.013691,-0.003183,-0.010508,-0.045636,-0.012803,-0.032833,-0.019966,-0.062696,0.04273,-0.15174,-0.109243,-0.042496
MGLU3.SA,2015-05-07,2,streak_2,0.0,0.004004,-0.004004,-0.104294,-0.004652,-0.099642,None,None,None,-0.391896,-0.120568,-0.271328
YDUQ3.SA,2015-05-07,4,streak_4,-0.005364,0.004004,-0.009368,-0.049042,-0.004652,-0.04439,None,None,None,-0.278161,-0.120568,-0.157593
RAIL3.SA,2015-05-11,3,streak_3,-0.023589,-0.006246,-0.017343,0.072452,0.00175,0.070702,0.112047,-0.07582,0.187867,-0.224094,-0.124896,-0.099198
ECOR3.SA,2015-05-11,2,streak_2,-0.055306,-0.006246,-0.04906,0.013453,0.00175,0.011703,-0.023916,-0.07582,0.051903,-0.2287,-0.124896,-0.103804
MRVE3.SA,2015-05-12,2,streak_2,0.014267,-0.007396,0.021662,0.063554,-0.022771,0.086325,0.0,-0.051338,0.051338,-0.051881,-0.144646,0.092765
GOLL4.SA,2015-05-12,3,streak_3,0.006519,-0.007396,0.013914,0.029987,-0.022771,0.052758,-0.022164,-0.051338,0.029174,-0.269883,-0.144646,-0.125237
CSMG3.SA,2015-05-14,4,streak_4,-0.005814,0.01045,-0.016264,-0.017442,-0.027261,0.009819,-0.081395,-0.058405,-0.02299,-0.419698,-0.133863,-0.285834
B3SA3.SA,2015-05-14,2,streak_2,0.006472,0.01045,-0.003977,0.019417,-0.027261,0.046679,-0.012945,-0.058405,0.04546,-0.132686,-0.133863,0.001177
CYRE3.SA,2015-05-14,2,streak_2,-0.02372,0.01045,-0.03417,-0.011236,-0.027261,0.016025,-0.088639,-0.058405,-0.030234,-0.247191,-0.133863,-0.113328
QUAL3.SA,2015-05-14,3,streak_3,0.024548,0.01045,0.014098,-0.021318,-0.027261,0.005943,-0.159561,-0.058405,-0.101155,-0.241602,-0.133863,-0.107739
DIRR3.SA,2015-05-15,3,streak_3,0.034492,6e-06,0.034485,0.036201,-0.050156,0.086357,-0.203438,-0.068135,-0.135303,-0.374807,-0.154774,-0.220034
ANIM3.SA,2015-05-22,2,streak_2,-0.053604,-5e-06,-0.053599,-0.090573,-0.029733,-0.06084,0.003697,-0.011554,0.015251,-0.395564,-0.143238,-0.252326
BRSR6.SA,2015-05-26,2,streak_2,-0.044444,0.011308,-0.055753,-0.088889,0.011312,-0.100201,-0.072222,0.003967,-0.076189,-0.211111,-0.147495,-0.063616
SMTO3.SA,2015-06-23,2,streak_2,0.0131,0.001304,0.011797,-0.007642,-0.012861,0.005219,-0.110262,-0.053125,-0.057137,-0.021834,-0.121035,0.099201
HYPE3.SA,2015-07-24,4,streak_4,-0.020408,3e-06,-0.020411,-0.019048,0.032874,-0.051922,-0.173469,-0.071597,-0.101872,-0.198639,-0.04508,-0.15356
DXCO3.SA,2015-07-28,4,streak_4,0.020761,0.012974,0.007787,0.017301,0.009211,0.00809,-0.16263,-0.071843,-0.090787,0.051903,-0.040422,0.092325
BEEF3.SA,2015-08-04,3,streak_3,0.02194,0.00457,0.01737,-0.040416,-0.0197,-0.020716,0.033487,-0.071807,0.105294,0.165127,-0.083695,0.248823
USIM5.SA,2015-08-06,4,streak_4,-0.024768,-0.028674,0.003906,-0.120743,-0.040026,-0.080717,-0.232198,-0.070256,-0.161942,None,None,None
ARZZ3.SA,2015-08-06,4,streak_4,-0.009695,-0.028674,0.018978,-0.026316,-0.040026,0.01371,0.074792,-0.070256,0.145048,None,None,None
AMAR3.SA,2015-08-06,4,streak_4,-0.009292,-0.028674,0.019381,0.060043,-0.040026,0.100069,0.170479,-0.070256,0.240735,None,None,None
DIRR3.SA,2015-08-10,4,streak_4,-0.011642,0.010197,-0.021839,0.031956,-0.022006,0.053963,None,None,None,0.095928,-0.010915,0.106844
CYRE3.SA,2015-08-13,3,streak_3,0.006897,-0.010439,0.017335,-0.010345,-0.028335,0.01799,-0.017241,-0.033516,0.016274,0.12069,-0.037555,0.158245
ALUP11.SA,2015-08-13,2,streak_2,-0.016358,-0.010439,-0.005919,-0.092694,-0.028335,-0.064359,-0.065431,-0.033516,-0.031915,-0.037077,-0.037555,0.000478
ECOR3.SA,2015-08-18,3,streak_3,-0.008475,-0.01817,0.009696,0.04661,-0.061237,0.107847,-0.027542,0.023235,-0.050777,-0.059322,-0.019674,-0.039648
NTCO3.SA,2015-10-22,2,streak_2,-0.033161,-0.003675,-0.029486,0.013472,-0.044875,0.058347,0.04456,0.007679,0.03688,None,None,None
NATU3.SA,2015-10-22,2,streak_2,-0.033161,-0.003675,-0.029486,0.013472,-0.044875,0.058347,0.04456,0.007679,0.03688,None,None,None
AMAR3.SA,2015-10-27,5,streak_5plus,0.016345,-0.006422,0.022767,None,None,None,-0.043462,0.002183,-0.045645,-0.370728,-0.141165,-0.229563
USIM5.SA,2015-10-29,5,streak_5plus,-0.035398,0.00527,-0.040668,0.0,0.053002,-0.053002,-0.141593,0.005362,-0.146955,-0.670823,-0.154119,-0.516704
DXCO3.SA,2015-10-29,5,streak_5plus,-0.021818,0.00527,-0.027088,0.018182,0.053002,-0.034821,0.076364,0.005362,0.071002,-0.065455,-0.154119,0.088664
UGPA3.SA,2015-11-04,2,streak_2,-0.001115,0.007056,-0.008172,-0.033457,-0.013521,-0.019936,-0.058736,-0.049242,-0.009494,-0.167286,-0.149195,-0.018091
TAEE11.SA,2015-11-05,2,streak_2,0.004695,-0.023482,0.028177,-0.050469,-0.024209,-0.02626,-0.116197,-0.055899,-0.060298,None,None,None
ARZZ3.SA,2015-11-05,5,streak_5plus,0.0,-0.023482,0.023482,0.023163,-0.024209,0.047373,0.08405,-0.055899,0.139949,None,None,None
MILS3.SA,2015-11-05,3,streak_3,-0.067647,-0.023482,-0.044165,-0.055882,-0.024209,-0.031673,-0.417647,-0.055899,-0.361748,None,None,None
DIRR3.SA,2015-11-09,5,streak_5plus,0.010596,-0.015184,0.02578,0.021219,-0.008568,0.029787,0.010596,-0.017284,0.02788,-0.058372,-0.151543,0.093171
ECOR3.SA,2015-11-11,4,streak_4,0.015418,-0.003855,0.019273,0.011013,0.007874,0.00314,-0.050661,-0.038294,-0.012367,-0.328194,-0.129976,-0.198218
PETR3.SA,2015-11-13,2,streak_2,-0.026316,-1e-06,-0.026315,0.056391,0.034868,0.021523,-0.026316,-0.035354,0.009038,-0.24812,-0.108258,-0.139862
ELET6.SA,2015-11-13,4,streak_4,0.0,-1e-06,1e-06,0.044077,0.034868,0.009209,0.001377,-0.035354,0.036732,-0.057851,-0.108258,0.050407
HBOR3.SA,2015-11-13,2,streak_2,-0.033333,-1e-06,-0.033332,-0.019753,0.034868,-0.054621,-0.17037,-0.035354,-0.135016,-0.234568,-0.108258,-0.12631
ALUP11.SA,2015-11-13,3,streak_3,-0.006961,-1e-06,-0.00696,-0.023202,0.034868,-0.05807,-0.143852,-0.035354,-0.108497,-0.172854,-0.108258,-0.064595
AMER3.SA,2015-11-13,2,streak_2,0.052632,-1e-06,0.052632,0.017546,0.034868,-0.017322,0.021056,-0.035354,0.05641,-0.238593,-0.108258,-0.130335
AXIA6.SA,2015-11-13,4,streak_4,0.0,-1e-06,1e-06,0.042674,0.034868,0.007806,0.001422,-0.035354,0.036777,-0.058321,-0.108258,0.049937
SEER3.SA,2015-11-13,2,streak_2,-0.068826,-1e-06,-0.068825,0.012146,0.034868,-0.022722,-0.089069,-0.035354,-0.053715,-0.102564,-0.108258,0.005694
SANB11.SA,2016-01-27,2,streak_2,0.004706,0.005797,-0.001091,-0.011765,0.031594,-0.043358,0.125882,0.084266,0.041616,0.376471,0.419566,-0.043095
CVCB3.SA,2016-02-17,2,streak_2,-0.005381,-0.003594,-0.001787,0.076233,0.005423,0.07081,0.351569,0.222983,0.128586,0.883084,0.221197,0.661887
NATU3.SA,2016-02-17,3,streak_3,-0.035907,-0.003594,-0.032312,0.055655,0.005423,0.050232,0.025135,0.222983,-0.197848,-0.155296,0.221197,-0.376493
NTCO3.SA,2016-02-17,3,streak_3,-0.035907,-0.003594,-0.032312,0.055655,0.005423,0.050232,0.025135,0.222983,-0.197848,-0.155296,0.221197,-0.376493
USIM5.SA,2016-02-18,6,streak_5plus,-0.129997,0.0015,-0.131497,-0.079993,0.008721,-0.088715,0.909825,0.225005,0.68482,1.193718,0.218907,0.974811
HYPE3.SA,2016-02-22,6,streak_5plus,0.0,0.021526,-0.021526,0.01431,0.001204,0.013107,0.156268,0.227889,-0.071621,0.230681,0.196898,0.033783
ABEV3.SA,2016-02-25,2,streak_2,-0.019118,-0.005562,-0.013555,0.002206,0.12787,-0.125664,0.05,0.186747,-0.136747,0.033088,0.182585,-0.149497
ALSO3.SA,2016-03-03,2,streak_2,0.0,0.040064,-0.040064,0.009491,0.050526,-0.041034,0.070508,0.071379,-0.00087,0.131992,0.038549,0.093443
TAEE11.SA,2016-03-09,3,streak_3,0.013055,0.01902,-0.005965,0.002611,-0.018274,0.020885,0.087467,0.033717,0.053751,0.060052,0.037723,0.022329
ENAT3.SA,2016-03-10,2,streak_2,-0.049485,0.001227,-0.050711,-0.115464,0.026946,-0.14241,-0.158763,0.014424,-0.173187,-0.212371,0.041378,-0.253749
ALUP11.SA,2016-03-11,4,streak_4,0.046481,6e-06,0.046474,0.041169,0.023691,0.017478,0.095618,0.047608,0.04801,0.067729,0.029811,0.037918
CSMG3.SA,2016-03-14,5,streak_5plus,0.037037,-0.050545,0.087582,0.098765,0.023691,0.075074,0.135802,0.070727,0.065075,0.611111,-0.004368,0.615479
OIBR4.SA,2016-03-24,2,streak_2,0.051282,-8e-06,0.05129,-0.008547,0.018208,-0.026755,-0.213675,0.065461,-0.279136,-0.307692,0.010047,-0.317739
QUAL3.SA,2016-03-30,2,streak_2,0.043067,-0.023291,0.066358,0.116597,-0.061517,0.178114,0.078782,0.059768,0.019013,0.386555,-0.022321,0.408875
ELET6.SA,2016-03-31,5,streak_5plus,0.0,0.010114,-0.010114,-0.044138,-0.030809,-0.013329,0.212414,0.07702,0.135394,0.609655,-0.000973,0.610628
BEEF3.SA,2016-04-27,2,streak_2,-0.012761,-0.003044,-0.009717,-0.076566,-0.035335,-0.041231,-0.145012,-0.091685,-0.053327,-0.150812,0.046335,-0.197147
HYPE3.SA,2016-04-27,7,streak_5plus,0.020369,-0.003044,0.023412,0.061591,-0.035335,0.096926,-0.001455,-0.091685,0.09023,-0.105238,0.046335,-0.151572
NATU3.SA,2016-04-28,4,streak_4,-0.060759,-0.007392,-0.053368,-0.134177,-0.048625,-0.085552,None,None,None,-0.003376,0.045492,-0.048868
NTCO3.SA,2016-04-28,4,streak_4,-0.060759,-0.007392,-0.053368,-0.134177,-0.048625,-0.085552,None,None,None,-0.003376,0.045492,-0.048868
MDIA3.SA,2016-05-03,2,streak_2,0.066262,0.005599,0.060663,0.094975,0.015513,0.079462,0.150745,-0.062142,0.212887,0.44561,0.096594,0.349016
ABEV3.SA,2016-05-04,3,streak_3,0.001359,-0.016779,0.018137,-0.025136,0.004028,-0.029163,-0.012228,-0.050722,0.038493,-0.036005,0.090484,-0.12649
TAEE11.SA,2016-05-04,4,streak_4,-0.008979,-0.016779,0.0078,-0.022447,0.004028,-0.026474,-0.056117,-0.050722,-0.005395,0.343434,0.090484,0.25295
TOTS3.SA,2016-05-04,2,streak_2,0.001318,-0.016779,0.018096,0.048748,0.004028,0.044721,0.032938,-0.050722,0.08366,0.144928,0.090484,0.054443
GGBR4.SA,2016-05-05,2,streak_2,-0.04607,0.000906,-0.046976,0.0,0.03039,-0.03039,-0.216802,-0.020351,-0.196452,0.078591,0.086922,-0.008331
YDUQ3.SA,2016-05-06,2,streak_2,-0.012195,3e-06,-0.012198,0.067073,0.001672,0.065401,0.247561,-0.021247,0.268808,0.585366,0.103622,0.481744
BBSE3.SA,2016-05-09,2,streak_2,0.002125,0.026159,-0.024034,0.014878,0.001663,0.013215,-0.008502,-0.023786,0.015284,0.083953,0.113614,-0.029661
OIBR4.SA,2016-05-12,3,streak_3,-0.028037,-0.02699,-0.001047,-0.102804,-0.05839,-0.044413,0.542056,-0.071733,0.613789,1.17757,0.083546,1.094024
ALUP11.SA,2016-05-12,5,streak_5plus,0.029851,-0.02699,0.056841,-0.044776,-0.05839,0.013614,-0.076923,-0.071733,-0.00519,0.21814,0.083546,0.134594
MBRF3.SA,2016-05-12,2,streak_2,0.028871,-0.02699,0.055862,0.020997,-0.05839,0.079388,-0.007874,-0.071733,0.063859,-0.094488,0.083546,-0.178034
VLID3.SA,2016-05-12,2,streak_2,-0.007511,-0.02699,0.01948,0.0,-0.05839,0.05839,-0.127682,-0.071733,-0.05595,-0.073498,0.083546,-0.157044
MRFG3.SA,2016-05-12,2,streak_2,0.029178,-0.02699,0.056168,0.02122,-0.05839,0.079611,-0.007958,-0.071733,0.063775,-0.095491,0.083546,-0.179037
SLCE3.SA,2016-05-12,2,streak_2,-0.00545,-0.02699,0.021541,0.0,-0.05839,0.05839,-0.010899,-0.071733,0.060834,-0.040872,0.083546,-0.124418
OIBR3.SA,2016-05-12,2,streak_2,-0.011914,-0.02699,0.015076,-0.035743,-0.05839,0.022647,1.131058,-0.071733,1.202791,2.619063,0.083546,2.535517
ELET6.SA,2016-05-12,6,streak_5plus,0.002242,-0.02699,0.029232,-0.099776,-0.05839,-0.041385,0.060538,-0.071733,0.132271,0.909193,0.083546,0.825647
AXIA6.SA,2016-05-12,5,streak_5plus,0.002318,-0.02699,0.029308,-0.099652,-0.05839,-0.041262,0.061414,-0.071733,0.133147,0.909618,0.083546,0.826071
LIGT3.SA,2016-05-12,2,streak_2,0.010216,-0.02699,0.037206,-0.066969,-0.05839,-0.008579,-0.035187,-0.071733,0.036546,0.597049,0.083546,0.513503
JBSS3.SA,2016-05-12,2,streak_2,0.209651,-0.02699,0.236641,0.33777,-0.05839,0.396161,0.18802,-0.071733,0.259753,0.297837,0.083546,0.214291
HYPE3.SA,2016-07-25,8,streak_5plus,0.01355,-0.003846,0.017396,0.075339,0.005368,0.069971,0.062331,0.01786,0.044471,0.113279,0.119923,-0.006644
TIMS3.SA,2016-07-26,2,streak_2,0.037594,0.001234,0.03636,0.056391,-0.010925,0.067316,0.043233,0.016469,0.026765,0.088346,0.129006,-0.04066
NATU3.SA,2016-07-27,5,streak_5plus,-0.006867,-0.003267,-0.0036,0.150215,0.003941,0.146273,0.211159,0.01529,0.195868,0.203433,0.127613,0.07582
NTCO3.SA,2016-07-27,5,streak_5plus,-0.006867,-0.003267,-0.0036,0.150215,0.003941,0.146273,0.211159,0.01529,0.195868,0.203433,0.127613,0.07582
BRFS3.SA,2016-07-28,2,streak_2,0.005388,0.011313,-0.005925,0.024921,0.016355,0.008567,0.061742,0.018514,0.043228,0.049169,0.12708,-0.07791
EGIE3.SA,2016-07-28,2,streak_2,-0.013407,0.011313,-0.02472,0.020899,0.016355,0.004544,-0.07571,0.018514,-0.094224,-0.051656,0.12708,-0.178736
ABEV3.SA,2016-07-29,4,streak_4,-0.033379,-4e-06,-0.033375,-0.037466,0.006158,-0.043624,-0.013624,0.007116,-0.02074,0.004087,0.113561,-0.109474
BEEF3.SA,2016-08-03,3,streak_3,0.016327,0.009058,0.007269,0.001361,-0.002753,0.004113,-0.006803,0.020312,-0.027115,0.069388,0.12669,-0.057303
TOTS3.SA,2016-08-03,3,streak_3,-0.009313,0.009058,-0.018371,-0.003492,-0.002753,-0.000739,-0.0617,0.020312,-0.082012,-0.117579,0.12669,-0.244269
TAEE11.SA,2016-08-08,5,streak_5plus,0.05848,0.000493,0.057987,0.052632,0.011047,0.041584,0.02924,0.04281,-0.01357,None,None,None
CYRE3.SA,2016-08-09,2,streak_2,-0.023114,-0.013341,-0.009773,-0.114355,0.020212,-0.134567,-0.058394,0.042288,-0.100682,-0.092457,0.06779,-0.160247
CSAN3.SA,2016-08-10,2,streak_2,0.005926,0.024241,-0.018315,0.031111,0.042236,-0.011125,None,None,None,0.198519,0.08219,0.116329
GGBR4.SA,2016-08-10,3,streak_3,0.033413,0.024241,0.009172,0.150358,0.042236,0.108122,None,None,None,0.250597,0.08219,0.168407
PETR3.SA,2016-08-11,2,streak_2,0.041237,-2e-05,0.041257,0.134021,0.014862,0.119159,0.247423,-0.005143,0.252566,0.39433,0.100483,0.293847
VLID3.SA,2016-08-11,3,streak_3,0.092216,-2e-05,0.092235,0.068862,0.014862,0.054,0.168862,-0.005143,0.174005,0.025749,0.100483,-0.074734
MBRF3.SA,2016-08-11,3,streak_3,-0.002967,-2e-05,-0.002947,-0.035608,0.014862,-0.05047,-0.074184,-0.005143,-0.069041,0.026706,0.100483,-0.073777
MRFG3.SA,2016-08-11,3,streak_3,-0.005988,-2e-05,-0.005968,-0.038922,0.014862,-0.053784,-0.07485,-0.005143,-0.069707,0.023952,0.100483,-0.076531
YDUQ3.SA,2016-08-12,3,streak_3,-0.045723,-7e-06,-0.045716,-0.022124,0.013731,-0.035855,-0.015487,-0.005119,-0.010368,-0.021386,0.085969,-0.107356
CMIG4.SA,2016-08-15,2,streak_2,0.02356,0.009562,0.013998,-0.018325,0.01374,-0.032064,-0.070681,-0.025339,-0.045341,-0.052356,0.050231,-0.102587
NTCO3.SA,2016-10-26,6,streak_5plus,-0.042958,0.006841,-0.049799,-0.117606,-0.007681,-0.109925,-0.197887,-0.037932,-0.159956,-0.223944,0.031715,-0.255658
NATU3.SA,2016-10-26,6,streak_5plus,-0.042958,0.006841,-0.049799,-0.117606,-0.007681,-0.109925,-0.197887,-0.037932,-0.159956,-0.223944,0.031715,-0.255658
DXCO3.SA,2016-10-28,6,streak_5plus,0.009524,6e-06,0.009518,-0.069048,-0.042101,-0.026946,-0.228571,-0.042742,-0.18583,None,None,None
BRFS3.SA,2016-10-28,3,streak_3,0.030606,6e-06,0.0306,-0.009985,-0.042101,0.032117,0.009334,-0.042742,0.052076,None,None,None
QUAL3.SA,2016-11-07,2,streak_2,0.05434,0.041555,0.012786,-0.082569,-0.03919,-0.043379,-0.065632,-0.008234,-0.057398,0.057163,0.054481,0.002682
TAEE11.SA,2016-11-08,6,streak_5plus,0.0,-0.013208,0.013208,-0.107972,-0.07015,-0.037821,-0.088799,-0.042143,-0.046656,0.081736,0.012412,0.069324
OIBR3.SA,2016-11-09,3,streak_3,-0.08467,-0.032916,-0.051754,None,None,None,-0.045595,-0.041407,-0.004187,0.188943,0.014036,0.174907
GGBR4.SA,2016-11-09,4,streak_4,0.063047,-0.032916,0.095963,None,None,None,0.21366,-0.041407,0.255068,0.096322,0.014036,0.082286
MBRF3.SA,2016-11-10,4,streak_4,-0.026163,-0.033366,0.007203,0.02907,-0.024184,0.053254,0.151163,-0.011849,0.163012,0.223837,0.058946,0.164891
YDUQ3.SA,2016-11-10,4,streak_4,-0.072587,-0.033366,-0.039221,0.003861,-0.024184,0.028045,-0.053282,-0.011849,-0.041433,-0.095753,0.058946,-0.154699
MRFG3.SA,2016-11-10,4,streak_4,-0.026471,-0.033366,0.006895,0.029412,-0.024184,0.053596,0.152941,-0.011849,0.16479,0.226471,0.058946,0.167525
CYRE3.SA,2016-11-10,3,streak_3,-0.079848,-0.033366,-0.046482,-0.159696,-0.024184,-0.135512,-0.12294,-0.011849,-0.111091,0.254753,0.058946,0.195807
BRKM5.SA,2016-11-10,2,streak_2,0.036019,-0.033366,0.069384,-0.004265,-0.024184,0.019919,0.196682,-0.011849,0.208532,0.197156,0.058946,0.138211
PETR3.SA,2016-11-10,3,streak_3,-0.050093,-0.033366,-0.016727,-0.072356,-0.024184,-0.048172,0.005566,-0.011849,0.017415,-0.137291,0.058946,-0.196237
DXCO3.SA,2017-02-08,7,streak_5plus,0.010127,0.001997,0.008129,0.073418,0.048433,0.024985,-0.037975,-0.002467,-0.035508,0.068354,0.041678,0.026676
BBSE3.SA,2017-02-13,2,streak_2,0.034954,0.00889,0.026063,0.036592,0.024544,0.012048,0.045877,0.001662,0.044215,0.117968,0.038707,0.079261
RAIL3.SA,2017-02-17,2,streak_2,0.039474,-6e-06,0.03948,-0.0311,-0.016035,-0.015066,-0.044258,-0.070379,0.02612,0.007177,-0.075418,0.082595
AMER3.SA,2017-02-20,2,streak_2,0.0,0.019248,-0.019248,-0.03906,-0.01603,-0.02303,-0.067965,-0.062388,-0.005577,0.003932,-0.075065,0.078997
TOTS3.SA,2017-02-22,5,streak_5plus,-0.007215,-0.016448,0.009233,0.02886,-0.039869,0.068729,0.103896,-0.069045,0.172941,0.167388,-0.078186,0.245574
BRKM5.SA,2017-02-22,3,streak_3,-0.003788,-0.016448,0.01266,-0.045455,-0.039869,-0.005585,-0.078788,-0.069045,-0.009743,-0.04697,-0.078186,0.031217
AMAR3.SA,2017-02-23,3,streak_3,-0.00804,-0.011848,0.003808,-0.024121,-0.010018,-0.014102,-0.029481,-0.053473,0.023993,-0.083417,-0.050043,-0.033374
MRFG3.SA,2017-02-24,5,streak_5plus,0.021505,-2e-06,0.021507,0.0,0.001859,-0.001859,-0.016129,-0.030327,0.014198,0.034946,-0.038659,0.073605
BRFS3.SA,2017-02-24,4,streak_4,0.000561,-2e-06,0.000563,-0.00954,0.001859,-0.011398,-0.086139,-0.030327,-0.055812,0.148148,-0.038659,0.186807
MBRF3.SA,2017-02-24,5,streak_5plus,0.021277,-2e-06,0.021278,0.0,0.001859,-0.001859,-0.015957,-0.030327,0.014369,0.034574,-0.038659,0.073234
ARZZ3.SA,2017-03-08,2,streak_2,-0.001249,-0.002052,0.000802,0.004998,0.023438,-0.01844,0.008746,-0.007653,0.0164,0.073303,-0.023908,0.097211
MULT3.SA,2017-03-09,2,streak_2,0.005287,0.001397,0.00389,0.040786,0.018543,0.022242,0.04003,0.000122,0.039908,0.023414,-0.028329,0.051743
TAEE11.SA,2017-03-10,7,streak_5plus,0.038033,-7e-06,0.038041,-0.022263,-0.007198,-0.015066,0.016698,-0.001275,0.017973,0.040816,-0.038112,0.078928
QUAL3.SA,2017-03-20,3,streak_3,0.0,-0.01915,0.01915,0.034507,-0.005544,0.040051,0.109155,-0.012506,0.121661,0.689437,-0.040243,0.72968
BRAP4.SA,2017-03-21,2,streak_2,-0.083601,0.008589,-0.092191,-0.057878,0.026359,-0.084237,-0.186495,0.012389,-0.198884,-0.160772,-0.035157,-0.125615
OIBR4.SA,2017-03-22,2,streak_2,-0.050265,0.000149,-0.050413,0.044974,0.031595,0.013379,-0.058201,0.003773,-0.061974,-0.134921,-0.043444,-0.091477
LIGT3.SA,2017-03-24,2,streak_2,0.036881,4e-06,0.036877,-0.018967,0.017701,-0.036669,0.063224,0.015788,0.047436,0.137513,-0.043328,0.180841
SIMH3.SA,2017-03-24,2,streak_2,-0.025478,4e-06,-0.025481,-0.095541,0.017701,-0.113243,-0.019108,0.015788,-0.034897,-0.025478,-0.043328,0.01785
CPLE6.SA,2017-03-29,2,streak_2,0.009009,-0.004003,0.013012,-0.009009,-0.011499,0.00249,-0.099099,-0.001912,-0.097187,-0.175676,-0.05357,-0.122106
EGIE3.SA,2017-04-25,2,streak_2,0.006944,-0.004397,0.011341,None,None,None,-0.037698,-0.029026,-0.008672,0.013393,-0.007125,0.020518
MULT3.SA,2017-04-26,3,streak_3,-0.014286,-0.002858,-0.011428,0.002857,0.018992,-0.016135,-0.041429,-0.025209,-0.016219,0.037143,-0.002743,0.039886
RADL3.SA,2017-04-27,2,streak_2,-0.010129,0.011236,-0.021365,0.036832,0.002877,0.033956,0.012891,-0.00914,0.022031,0.067219,0.015324,0.051896
ENBR3.SA,2017-05-03,2,streak_2,-0.025974,-0.018628,-0.007346,-0.025253,0.019003,-0.044255,-0.037518,-0.057574,0.020056,0.046898,-0.009029,0.055927
TOTS3.SA,2017-05-03,6,streak_5plus,0.001279,-0.018628,0.019906,0.015345,0.019003,-0.003657,0.063939,-0.057574,0.121512,0.069054,-0.009029,0.078083
ABEV3.SA,2017-05-04,2,streak_2,0.025281,0.01306,0.012221,0.033708,0.041241,-0.007533,-0.000702,-0.03626,0.035558,0.04073,0.025494,0.015236
BEEF3.SA,2017-05-08,2,streak_2,0.005988,0.008639,-0.002651,-0.010778,0.038229,-0.049007,0.071856,-0.041931,0.113788,0.197605,0.01624,0.181365
VLID3.SA,2017-05-10,2,streak_2,0.044543,0.00279,0.041754,-0.072754,0.002829,-0.075583,-0.265776,-0.068213,-0.197562,-0.137342,-0.006707,-0.130635
RAIL3.SA,2017-05-10,3,streak_3,0.0,0.00279,-0.00279,0.079262,0.002829,0.076433,-0.171553,-0.068213,-0.103339,0.116178,-0.006707,0.122885
CSAN3.SA,2017-05-10,2,streak_2,0.016883,0.00279,0.014093,0.058442,0.002829,0.055613,-0.07013,-0.068213,-0.001916,-0.025974,-0.006707,-0.019267
AMER3.SA,2017-05-11,3,streak_3,-0.01316,0.010132,-0.023293,-0.13553,-0.087959,-0.04757,-0.154609,-0.078875,-0.075734,-0.11843,0.00535,-0.12378
MBRF3.SA,2017-05-11,6,streak_5plus,-0.034979,0.010132,-0.045112,-0.12963,-0.087959,-0.04167,-0.185185,-0.078875,-0.10631,-0.123457,0.00535,-0.128807
CYRE3.SA,2017-05-11,4,streak_4,0.016495,0.010132,0.006362,-0.004124,-0.087959,0.083836,-0.194845,-0.078875,-0.11597,-0.064948,0.00535,-0.070298
MRFG3.SA,2017-05-11,6,streak_5plus,-0.035343,0.010132,-0.045475,-0.128898,-0.087959,-0.040939,-0.185031,-0.078875,-0.106156,-0.12474,0.00535,-0.13009
BRAP4.SA,2017-05-12,3,streak_3,-0.033582,1e-06,-0.033583,-0.022388,-0.08183,0.059442,-0.007463,-0.088109,0.080646,0.30597,-0.008075,0.314045
BRFS3.SA,2017-05-12,5,streak_5plus,0.021085,1e-06,0.021084,-0.075855,-0.08183,0.005975,-0.051941,-0.088109,0.036167,-0.122139,-0.008075,-0.114065
LIGT3.SA,2017-05-15,3,streak_3,0.0,0.006779,-0.006779,-0.146442,-0.081836,-0.064606,-0.162865,-0.093709,-0.069156,-0.051095,-0.018028,-0.033067
JBSS3.SA,2017-05-15,2,streak_2,-0.01581,0.006779,-0.02259,-0.205534,-0.081836,-0.123698,-0.362319,-0.093709,-0.26861,-0.249012,-0.018028,-0.230984
CMIG4.SA,2017-05-16,2,streak_2,-0.003175,-0.01666,0.013485,-0.2,-0.087677,-0.112323,-0.152381,-0.098444,-0.053937,-0.07619,-0.019304,-0.056886
SMTO3.SA,2017-06-26,2,streak_2,-0.028239,0.009633,-0.037872,0.053156,0.029679,0.023477,0.07309,0.074985,-0.001896,0.147841,0.23765,-0.08981
ABEV3.SA,2017-07-27,3,streak_3,0.014403,0.003366,0.011037,0.030178,0.022975,0.007203,0.050754,0.088794,-0.03804,0.131001,0.169627,-0.038626
EGIE3.SA,2017-07-27,3,streak_3,0.000486,0.003366,-0.00288,-0.056907,0.022975,-0.079882,-0.066634,0.088794,-0.155429,-0.039883,0.169627,-0.20951
ENBR3.SA,2017-07-27,3,streak_3,0.017301,0.003366,0.013935,0.00346,0.022975,-0.019515,0.046367,0.088794,-0.042428,0.011073,0.169627,-0.158555
RADL3.SA,2017-07-27,3,streak_3,0.000883,0.003366,-0.002484,0.01677,0.022975,-0.006205,0.014122,0.088794,-0.074673,0.105031,0.169627,-0.064596
MULT3.SA,2017-07-27,4,streak_4,0.009615,0.003366,0.006249,0.065934,0.022975,0.042959,0.031593,0.088794,-0.057201,0.070742,0.169627,-0.098885
TOTS3.SA,2017-08-02,7,streak_5plus,0.007264,-0.005345,0.012609,0.052058,0.00797,0.044088,0.062954,0.055098,0.007856,0.09201,0.131673,-0.039664
ABCB4.SA,2017-08-03,2,streak_2,-0.011834,0.00181,-0.013644,-0.001972,0.003219,-0.005191,0.023669,0.077062,-0.053393,0.08284,0.112784,-0.029943
VLID3.SA,2017-08-07,3,streak_3,0.001721,0.014962,-0.013241,0.036145,0.006891,0.029253,0.107573,0.078521,0.029052,0.060241,0.103531,-0.04329
OIBR3.SA,2017-08-09,4,streak_4,-0.007252,-0.010033,0.002781,0.021756,0.013643,0.008113,0.055566,0.084836,-0.02927,0.280184,0.092269,0.187915
CSAN3.SA,2017-08-09,3,streak_3,-0.009211,-0.010033,0.000823,0.025,0.013643,0.011357,0.067105,0.084836,-0.017731,0.014474,0.092269,-0.077795
GOLL4.SA,2017-08-09,2,streak_2,0.06288,-0.010033,0.072914,0.003043,0.013643,-0.0106,0.294118,0.084836,0.209282,0.337728,0.092269,0.245459
CVCB3.SA,2017-08-09,2,streak_2,0.011331,-0.010033,0.021365,-0.012465,0.013643,-0.026108,0.096317,0.084836,0.011481,0.211048,0.092269,0.118779
EZTC3.SA,2017-08-10,2,streak_2,-0.014963,0.005471,-0.020433,0.006234,0.014699,-0.008464,0.516209,0.090858,0.425352,0.044888,0.080947,-0.036059
LIGT3.SA,2017-08-10,4,streak_4,-0.015865,0.005471,-0.021336,-0.062981,0.014699,-0.07768,None,None,None,-0.192308,0.080947,-0.273254
CYRE3.SA,2017-08-10,5,streak_5plus,-0.00565,0.005471,-0.011121,0.022599,0.014699,0.0079,None,None,None,0.040678,0.080947,-0.040269
JBSS3.SA,2017-08-14,3,streak_3,0.024096,0.014788,0.009308,-0.027539,0.020131,-0.04767,-0.030981,0.106586,-0.137567,-0.099828,0.082716,-0.182544
CMIG4.SA,2017-08-14,3,streak_3,0.010417,0.014788,-0.004372,-0.003472,0.020131,-0.023603,0.076389,0.106586,-0.030197,-0.083333,0.082716,-0.16605
MBRF3.SA,2017-08-15,7,streak_5plus,0.006881,0.003499,0.003382,0.013761,0.024228,-0.010467,0.013761,0.094103,-0.080342,-0.059633,0.055746,-0.115379
SMTO3.SA,2017-08-15,3,streak_3,0.015576,0.003499,0.012077,-0.040498,0.024228,-0.064727,0.044393,0.094103,-0.049711,0.044393,0.055746,-0.011353
MRFG3.SA,2017-08-15,7,streak_5plus,0.006961,0.003499,0.003462,0.013921,0.024228,-0.010307,0.016241,0.094103,-0.077862,-0.060325,0.055746,-0.116071
BEEF3.SA,2017-08-15,3,streak_3,-0.017459,0.003499,-0.020958,-0.052376,0.024228,-0.076605,-0.109602,0.094103,-0.203706,-0.130941,0.055746,-0.186687
CSMG3.SA,2017-10-26,2,streak_2,0.010549,0.001046,0.009503,-0.012658,-0.027305,0.014647,0.06962,-0.022912,0.092533,0.105485,0.063007,0.042478
EGIE3.SA,2017-10-26,4,streak_4,-0.006045,0.001046,-0.007091,-0.016121,-0.027305,0.011184,0.042821,-0.022912,0.065734,0.020655,0.063007,-0.042352
VALE3.SA,2017-10-26,2,streak_2,-0.025997,0.001046,-0.027043,-0.021963,-0.027305,0.005342,0.049753,-0.022912,0.072666,0.272524,0.063007,0.209517
MULT3.SA,2017-10-30,5,streak_5plus,-0.019231,-0.021948,0.002717,-0.026923,-0.027127,0.000204,-0.023077,-0.024169,0.001092,-0.004487,0.1014,-0.105888
ENBR3.SA,2017-11-01,4,streak_4,0.018055,4e-06,0.018052,0.003472,0.007306,-0.003834,-0.010417,-0.025097,0.01468,-0.011335,0.158584,-0.169919
ABCB4.SA,2017-11-03,3,streak_3,-0.407577,-6e-06,-0.407572,-0.429391,-0.023673,-0.405719,-0.442021,-0.022342,-0.419679,-0.305396,0.148782,-0.454178
QUAL3.SA,2017-11-07,2,streak_2,-0.00828,0.026904,-0.035184,-0.032744,-0.021933,-0.010811,-0.117426,0.011786,-0.129212,-0.065487,0.160553,-0.226041
TAEE11.SA,2017-11-08,2,streak_2,-0.002871,-0.019263,0.016392,-0.02488,-0.047552,0.022672,0.040191,-0.025223,0.065415,0.025837,0.130143,-0.104306
GGBR4.SA,2017-11-08,5,streak_5plus,0.011215,-0.019263,0.030478,-0.057944,-0.047552,-0.010392,0.056075,-0.025223,0.081298,0.383178,0.130143,0.253034
TOTS3.SA,2017-11-08,8,streak_5plus,-0.008256,-0.019263,0.011007,-0.053664,-0.047552,-0.006111,-0.110423,-0.025223,-0.0852,-0.06192,0.130143,-0.192063
VLID3.SA,2017-11-08,4,streak_4,-0.002606,-0.019263,0.016656,-0.048653,-0.047552,-0.001101,-0.054735,-0.025223,-0.029512,0.159861,0.130143,0.029718
ALUP11.SA,2017-11-09,2,streak_2,0.003361,-0.01049,0.013851,-0.009244,-0.005744,-0.0035,-0.026891,-0.002727,-0.024164,0.046218,0.150326,-0.104107
BEEF3.SA,2017-11-09,4,streak_4,0.006742,-0.01049,0.017232,None,None,None,-0.040449,-0.002727,-0.037723,-0.133708,0.150326,-0.284033
CYRE3.SA,2017-11-09,6,streak_5plus,-0.041621,-0.01049,-0.031131,None,None,None,-0.010953,-0.002727,-0.008226,0.196057,0.150326,0.045731
JBSS3.SA,2017-11-14,4,streak_4,-0.027076,6e-06,-0.027082,None,None,None,0.106498,0.029477,0.077021,0.198556,0.142208,0.056348
TOTS3.SA,2018-02-07,9,streak_5plus,-0.030127,-0.014912,-0.015216,-0.012746,0.018411,-0.031157,-0.024334,0.043552,-0.067886,-0.002318,0.018108,-0.020426
USIM5.SA,2018-02-09,2,streak_2,-0.008959,4e-06,-0.008962,0.069429,0.044825,0.024604,0.00224,0.067803,-0.065563,-0.013438,0.053419,-0.066857
CSMG3.SA,2018-02-22,3,streak_3,0.009346,0.007,0.002346,0.020561,-0.015096,0.035657,0.157009,-0.026639,0.183648,0.072897,-0.067129,0.140026
BRFS3.SA,2018-02-22,2,streak_2,0.024482,0.007,0.017482,-0.010923,-0.015096,0.004174,-0.189077,-0.026639,-0.162438,-0.268173,-0.067129,-0.201044
MULT3.SA,2018-02-28,6,streak_5plus,-0.009235,0.000284,-0.009518,-0.030343,0.001523,-0.031866,-0.047493,0.00014,-0.047634,-0.184697,-0.108743,-0.075954
ENBR3.SA,2018-02-28,5,streak_5plus,-0.027067,0.000284,-0.02735,-0.002195,0.001523,-0.003717,-0.036576,0.00014,-0.036717,0.043066,-0.108743,0.151809
BEEF3.SA,2018-03-05,5,streak_5plus,-0.004043,-0.001259,-0.002784,-0.055256,0.007113,-0.062369,-0.137466,-0.01634,-0.121127,None,None,None
VLID3.SA,2018-03-05,5,streak_5plus,0.022239,-0.001259,0.023498,-0.037064,0.007113,-0.044177,-0.118606,-0.01634,-0.102267,None,None,None
RENT3.SA,2018-03-07,2,streak_2,-0.007032,-0.005837,-0.001196,0.089076,0.006638,0.082439,0.100328,-0.007758,0.108086,0.002813,-0.103433,0.106246
QUAL3.SA,2018-03-15,3,streak_3,-0.040174,-0.000491,-0.039683,-0.088093,-0.001888,-0.086205,-0.127299,-0.006997,-0.120303,-0.302033,-0.150787,-0.151246
MBRF3.SA,2018-03-27,8,streak_5plus,-0.046832,0.000788,-0.04762,0.008264,0.006582,0.001682,0.333333,0.030727,0.302607,0.352617,-0.15711,0.509727
MRFG3.SA,2018-03-27,8,streak_5plus,-0.044568,0.000788,-0.045357,0.008357,0.006582,0.001774,0.334262,0.030727,0.303535,0.35376,-0.15711,0.51087
ELET6.SA,2018-03-27,7,streak_5plus,-0.039183,0.000788,-0.039972,-0.09106,0.006582,-0.097642,-0.168874,0.030727,-0.199601,-0.425497,-0.15711,-0.268387
JBSS3.SA,2018-03-29,5,streak_5plus,0.050325,5e-06,0.05032,0.003247,-0.006386,0.009633,0.00487,0.012645,-0.007775,0.053571,-0.172863,0.226435
USIM5.SA,2018-04-20,3,streak_3,-0.01663,-1e-06,-0.016629,-0.033259,0.010457,-0.043716,-0.063193,-0.02885,-0.034343,-0.236142,-0.095704,-0.140438
MULT3.SA,2018-04-25,7,streak_5plus,-0.002161,0.015743,-0.017904,None,None,None,-0.086455,-0.057876,-0.028579,-0.06268,-0.076118,0.013438
KLBN11.SA,2018-04-26,2,streak_2,0.027206,0.000711,0.026494,0.042647,-0.035829,0.078476,0.056618,-0.086655,0.143273,0.005147,-0.083676,0.088823
BBSE3.SA,2018-05-07,2,streak_2,-0.02639,-0.001948,-0.024441,0.033127,0.025289,0.007838,-0.020213,-0.077917,0.057703,-0.081976,-0.041884,-0.040092
BEEF3.SA,2018-05-09,6,streak_5plus,0.008065,0.018937,-0.010872,-0.098387,0.026956,-0.125343,0.024194,-0.123586,0.147779,-0.058065,-0.03359,-0.024474
ABEV3.SA,2018-05-09,2,streak_2,-0.023309,0.018937,-0.042245,-0.043775,0.026956,-0.070731,-0.129619,-0.123586,-0.006033,-0.134736,-0.03359,-0.101145
TOTS3.SA,2018-05-09,10,streak_5plus,0.0,0.018937,-0.018937,-0.036005,0.026956,-0.062961,-0.081301,-0.123586,0.042285,-0.046458,-0.03359,-0.012867
WIZC3.SA,2018-05-09,2,streak_2,0.030303,0.018937,0.011366,-0.094697,0.026956,-0.121653,-0.083333,-0.123586,0.040252,-0.060606,-0.03359,-0.027016
GOLL4.SA,2018-05-09,2,streak_2,-0.098458,0.018937,-0.117395,-0.116251,0.026956,-0.143208,-0.240807,-0.123586,-0.117221,-0.143535,-0.03359,-0.109945
QUAL3.SA,2018-05-10,4,streak_4,0.030271,-0.007465,0.037736,-0.054169,-0.02608,-0.028089,-0.232076,-0.150465,-0.081611,-0.105682,-0.064228,-0.041455
BRFS3.SA,2018-05-10,3,streak_3,-0.01496,-0.007465,-0.007495,-0.041141,-0.02608,-0.015061,-0.046283,-0.150465,0.104182,-0.041608,-0.064228,0.02262
SBSP3.SA,2018-05-11,2,streak_2,-0.060338,-3e-06,-0.060336,-0.101845,-0.025092,-0.076753,-0.215603,-0.144076,-0.071527,-0.137971,-0.07121,-0.066761
MDIA3.SA,2018-05-14,2,streak_2,-0.008317,-0.001051,-0.007266,-0.037748,-0.025088,-0.01266,-0.084453,-0.146279,0.061826,-0.112284,-0.07571,-0.036574
MBRF3.SA,2018-05-14,9,streak_5plus,-0.004124,-0.001051,-0.003073,-0.002062,-0.025088,0.023026,0.037113,-0.146279,0.183392,-0.051546,-0.07571,0.024164
MRFG3.SA,2018-05-14,9,streak_5plus,-0.004167,-0.001051,-0.003116,-0.002083,-0.025088,0.023005,0.0375,-0.146279,0.183779,-0.052083,-0.07571,0.023627
LIGT3.SA,2018-05-15,2,streak_2,-0.114499,0.016522,-0.131021,-0.157859,-0.028093,-0.129766,-0.257453,-0.152804,-0.104648,-0.20393,-0.10121,-0.102719
CPLE6.SA,2018-05-16,2,streak_2,-0.033708,-0.033685,-2.3e-05,-0.022472,-0.065517,0.043046,-0.106742,-0.174674,0.067933,-0.241573,-0.115823,-0.12575
VALE3.SA,2018-07-25,3,streak_3,0.008772,-0.010131,0.018903,0.069006,-0.011424,0.08043,0.044152,-0.057148,0.1013,0.111696,0.035472,0.076224
CSMG3.SA,2018-07-26,4,streak_4,-0.006656,0.005803,-0.012458,-0.048253,0.002914,-0.051166,-0.076539,-0.039583,-0.036956,0.254576,0.058915,0.195661
MULT3.SA,2018-07-27,8,streak_5plus,0.004594,-1e-06,0.004595,0.009954,0.019644,-0.00969,-0.071975,-0.045127,-0.026849,0.091884,0.073295,0.018589
USIM5.SA,2018-07-27,4,streak_4,0.001383,-1e-06,0.001384,-0.019364,0.019644,-0.039008,-0.106501,-0.045127,-0.061374,0.084371,0.073295,0.011076
KLBN11.SA,2018-07-30,3,streak_3,0.000734,-0.008083,0.008817,-0.012482,0.019645,-0.032127,0.086637,-0.02996,0.116598,-0.052129,0.073298,-0.125427
TOTS3.SA,2018-08-01,11,streak_5plus,0.008403,0.004225,0.004178,-0.042017,-0.001891,-0.040126,-0.070828,-0.036538,-0.03429,-0.122449,0.102418,-0.224867
GOLL4.SA,2018-08-02,3,streak_3,-0.007299,0.022581,-0.02988,-0.022628,-0.010908,-0.011719,-0.205839,-0.037158,-0.168681,0.343066,0.11028,0.232785
VBBR3.SA,2018-08-02,2,streak_2,0.010762,0.022581,-0.011819,0.013453,-0.010908,0.024361,-0.027803,-0.037158,0.009356,0.243049,0.11028,0.132769
ABCB4.SA,2018-08-03,2,streak_2,0.007005,0.0,0.007005,-0.035026,-0.060424,0.025398,-0.059545,-0.058414,-0.00113,0.033275,0.085762,-0.052487
BEEF3.SA,2018-08-07,7,streak_5plus,-0.032095,-0.014871,-0.017224,-0.111486,-0.021711,-0.089775,-0.243243,-0.065395,-0.177848,-0.261824,0.091701,-0.353525
WIZC3.SA,2018-08-08,3,streak_3,-0.032129,-0.004848,-0.027281,0.040161,-0.026199,0.06636,0.056225,-0.034563,0.090788,-0.036145,0.081722,-0.117867
RAIL3.SA,2018-08-08,2,streak_2,-0.042273,-0.004848,-0.037425,-0.068607,-0.026199,-0.042408,-0.098406,-0.034563,-0.063843,0.09702,0.081722,0.015298
AMER3.SA,2018-08-09,2,streak_2,-0.025976,-0.028611,0.002635,-0.06461,-0.024747,-0.039863,-0.167208,-0.02986,-0.137348,-0.002597,0.087259,-0.089856
NTCO3.SA,2018-08-09,2,streak_2,-0.015055,-0.028611,0.013556,-0.055468,-0.024747,-0.030721,0.030111,-0.02986,0.059971,0.156894,0.087259,0.069635
SBSP3.SA,2018-08-09,3,streak_3,0.020307,-0.028611,0.048918,-0.009025,-0.024747,0.015722,-0.063628,-0.02986,-0.033768,0.03926,0.087259,-0.047999
NATU3.SA,2018-08-09,2,streak_2,-0.015055,-0.028611,0.013556,-0.055468,-0.024747,-0.030721,0.030111,-0.02986,0.059971,0.156894,0.087259,0.069635
BRFS3.SA,2018-08-10,4,streak_4,-0.064129,-5e-06,-0.064125,-0.07195,-0.00635,-0.0656,-0.009385,-0.024281,0.014896,-0.058394,0.11928,-0.177674
LIGT3.SA,2018-08-13,3,streak_3,-0.025461,0.027291,-0.052751,0.147498,-0.006339,0.153837,0.107989,-0.018156,0.126145,0.313433,0.109785,0.203648
OIBR3.SA,2018-08-13,5,streak_5plus,-0.00665,0.027291,-0.03394,0.019904,-0.006339,0.026243,-0.219302,-0.018156,-0.201146,-0.07975,0.109785,-0.189535
QUAL3.SA,2018-08-14,5,streak_5plus,0.033047,-0.01939,0.052437,-0.056841,-0.043532,-0.013309,-0.132188,-0.049813,-0.082374,-0.241243,0.093775,-0.335018
ANIM3.SA,2018-08-15,2,streak_2,-0.044077,-0.003364,-0.040713,-0.082645,-0.002279,-0.080365,-0.173554,-0.021393,-0.152161,0.184573,0.115403,0.06917
RENT3.SA,2018-10-24,2,streak_2,-0.02381,0.012279,-0.036089,0.073333,0.05249,0.020844,0.07619,0.038123,0.038067,0.24381,0.175933,0.067876
FLRY3.SA,2018-10-25,2,streak_2,0.033898,0.019461,0.014437,-0.035892,0.051562,-0.087455,-0.07677,0.025528,-0.102298,0.031904,0.161667,-0.129762
KLBN11.SA,2018-10-29,4,streak_4,-0.019365,0.013599,-0.032964,0.026336,0.034402,-0.008066,-0.069713,0.04119,-0.110904,0.012393,0.131547,-0.119154
CIEL3.SA,2018-10-30,2,streak_2,0.020942,0.00619,0.014752,0.041885,0.009537,0.032348,-0.263525,0.032501,-0.296026,0.017452,0.120941,-0.103489
ECOR3.SA,2018-10-31,2,streak_2,-0.009604,0.011387,-0.020991,-0.02521,-0.020629,-0.004582,0.022809,0.023798,-0.000989,0.238896,0.119393,0.119503
CSMG3.SA,2018-10-31,5,streak_5plus,-0.011734,0.011387,-0.023121,-0.028683,-0.020629,-0.008055,0.0,0.023798,-0.023798,0.148631,0.119393,0.029238
AMER3.SA,2018-10-31,3,streak_3,-0.022938,0.011387,-0.034325,-0.108468,-0.020629,-0.08784,0.096857,0.023798,0.07306,0.41603,0.119393,0.296638
GOLL4.SA,2018-11-01,4,streak_4,0.046196,-1e-06,0.046196,0.074457,-0.031417,0.105873,0.173913,0.012271,0.161642,0.354348,0.106786,0.247561
BPAC11.SA,2018-11-05,2,streak_2,0.013193,0.002827,0.010366,0.060686,-0.031419,0.092105,0.079156,0.002324,0.076832,0.543536,0.111879,0.431657
SMTO3.SA,2018-11-06,2,streak_2,0.014964,-0.010766,0.02573,-0.044242,-0.042346,-0.001896,-0.055303,0.004183,-0.059485,-0.012362,0.067291,-0.079653
ABCB4.SA,2018-11-06,3,streak_3,0.038591,-0.010766,0.049356,0.025168,-0.042346,0.067514,0.021812,0.004183,0.017629,0.340604,0.067291,0.273313
VLID3.SA,2018-11-07,2,streak_2,0.002725,-0.023875,0.0266,-0.023615,-0.019852,-0.003763,0.131698,0.012907,0.118791,0.28792,0.076284,0.211636
BEEF3.SA,2018-11-07,8,streak_5plus,-0.004577,-0.023875,0.019299,0.018307,-0.019852,0.038158,-0.016018,0.012907,-0.028925,0.073227,0.076284,-0.003058
CSAN3.SA,2018-11-08,2,streak_2,-0.038822,0.000246,-0.039068,-0.042838,0.004121,-0.046959,-0.034806,0.02914,-0.063946,0.228916,0.113559,0.115356
SIMH3.SA,2018-11-08,3,streak_3,0.013333,0.000246,0.013087,-0.04,0.004121,-0.044121,-0.033333,0.02914,-0.062473,0.233333,0.113559,0.119774
QUAL3.SA,2018-11-08,6,streak_5plus,-0.019641,0.000246,-0.019888,-0.029889,0.004121,-0.03401,0.039283,0.02914,0.010143,0.099061,0.113559,-0.014499
SBSP3.SA,2018-11-08,4,streak_4,-0.033977,0.000246,-0.034223,-0.018456,0.004121,-0.022578,0.014262,0.02914,-0.014878,0.412752,0.113559,0.299192
WIZC3.SA,2018-11-08,4,streak_4,-0.008333,0.000246,-0.00858,-0.0625,0.004121,-0.066621,-0.083333,0.02914,-0.112473,0.025,0.113559,-0.088559
BRFS3.SA,2018-11-08,5,streak_5plus,-0.056324,0.000246,-0.05657,-0.096774,0.004121,-0.100896,0.037378,0.02914,0.008239,0.043011,0.113559,-0.070549
ANIM3.SA,2018-11-12,3,streak_3,0.0275,-0.008488,0.035988,0.08,0.033559,0.046441,0.0225,0.009091,0.013409,0.165,0.122925,0.042075
LIGT3.SA,2018-11-12,4,streak_4,0.006052,-0.008488,0.01454,-0.008742,0.033559,-0.042301,-0.041695,0.009091,-0.050786,0.172831,0.122925,0.049906
JBSS3.SA,2018-11-13,2,streak_2,-0.011544,0.012471,-0.024015,0.089466,0.035175,0.054291,0.139971,0.024299,0.115672,0.460317,0.128698,0.331619
TOTS3.SA,2018-11-13,12,streak_5plus,-0.010174,0.012471,-0.022645,0.085756,0.035175,0.05058,0.175872,0.024299,0.151573,0.319767,0.128698,0.191069
OIBR3.SA,2018-11-14,6,streak_5plus,-0.117175,-1e-06,-0.117174,None,None,None,-0.30382,0.021687,-0.325507,-0.267209,0.140067,-0.407277
CIEL3.SA,2019-01-28,3,streak_3,0.020484,-0.020861,0.041345,0.128492,0.001884,0.126608,0.080074,-0.000763,0.080837,-0.227188,-0.014753,-0.212435
ABCB4.SA,2019-02-06,4,streak_4,-0.027534,-0.00243,-0.025104,-0.061327,0.012752,-0.074079,-0.105131,0.007706,-0.112838,-0.072591,0.010155,-0.082746
BBSE3.SA,2019-02-11,2,streak_2,-0.022863,0.008657,-0.03152,-0.08002,0.022896,-0.102916,-0.076044,0.037348,-0.113392,-0.065606,-0.01138,-0.054226
SMTO3.SA,2019-02-11,3,streak_3,0.005706,0.008657,-0.002951,0.019258,0.022896,-0.003638,0.019258,0.037348,-0.01809,0.074893,-0.01138,0.086273
B3SA3.SA,2019-02-21,2,streak_2,-0.006842,0.009835,-0.016677,0.023945,-0.013906,0.037851,0.0,-0.032985,0.032985,0.049031,-0.031179,0.08021
BPAC11.SA,2019-02-25,3,streak_3,-0.004792,-0.002896,-0.001896,0.038339,-0.033529,0.071867,0.108626,-0.061118,0.169744,0.337061,-0.0435,0.38056
FLRY3.SA,2019-02-27,3,streak_3,0.021053,-0.017706,0.038759,-0.009474,-0.030492,0.021019,0.081053,-0.019451,0.100504,0.076842,-0.007613,0.084455
GOLL4.SA,2019-02-28,5,streak_5plus,-0.023443,-0.010259,-0.013184,-0.024542,-0.002296,-0.022246,-0.051282,-0.001772,-0.04951,-0.02967,0.019595,-0.049266
BRFS3.SA,2019-02-28,6,streak_5plus,-0.046966,-0.010259,-0.036707,-0.097098,-0.002296,-0.094801,0.049604,-0.001772,0.051376,0.330871,0.019595,0.311275
BEEF3.SA,2019-03-12,9,streak_5plus,0.011194,0.010997,0.000197,0.057836,0.017994,0.039842,0.104478,-0.019162,0.12364,0.195896,-7.2e-05,0.195967
ECOR3.SA,2019-03-14,3,streak_3,-0.006356,0.005396,-0.011752,-0.049788,-0.019021,-0.030767,-0.064619,-0.058107,-0.006511,-0.051907,-0.002878,-0.049029
PARD3.SA,2019-03-18,2,streak_2,-0.01005,0.004553,-0.014603,-0.003015,-0.05449,0.051475,0.08439,-0.048455,0.132845,-0.025777,-0.011065,-0.014712
QUAL3.SA,2019-03-18,7,streak_5plus,0.005988,0.004553,0.001435,-0.052395,-0.05449,0.002095,-0.030689,-0.048455,0.017766,0.371257,-0.011065,0.382322
FRAS3.SA,2019-03-19,4,streak_4,-0.018018,-0.015534,-0.002484,-0.054054,-0.042992,-0.011062,-0.056306,-0.063297,0.00699,-0.063063,-0.015548,-0.047515
AMER3.SA,2019-03-20,4,streak_4,0.0,-0.013385,0.013385,-0.154106,-0.062606,-0.0915,-0.272945,-0.035323,-0.237622,-0.37014,0.013902,-0.384042
LIGT3.SA,2019-03-29,5,streak_5plus,0.007299,5e-06,0.007295,0.03806,0.01775,0.02031,0.037018,0.009839,0.027179,-0.038582,0.055646,-0.094228
JBSS3.SA,2019-03-29,3,streak_3,0.02974,5e-06,0.029735,0.020446,0.01775,0.002696,0.250929,0.009839,0.24109,0.373606,0.055646,0.31796
FLRY3.SA,2019-04-26,4,streak_4,-0.068576,-0.0,-0.068576,-0.105903,-0.002371,-0.103532,-0.138021,-0.0271,-0.11092,0.028646,0.081918,-0.053273
ECOR3.SA,2019-04-29,4,streak_4,-0.024772,0.001219,-0.025991,-0.024772,-0.002369,-0.022403,0.073012,0.001629,0.071383,0.314211,0.066696,0.247515
MULT3.SA,2019-04-29,2,streak_2,0.0,0.001219,-0.001219,0.00123,-0.002369,0.003599,-0.04059,0.001629,-0.042219,0.162362,0.066696,0.095665
CIEL3.SA,2019-04-29,4,streak_4,0.028916,0.001219,0.027696,-0.040964,-0.002369,-0.038595,-0.057831,0.001629,-0.05946,0.050602,0.066696,-0.016094
GOLL4.SA,2019-04-30,6,streak_5plus,-0.009565,-3e-06,-0.009562,0.013043,-0.02039,0.033433,0.151739,0.002213,0.149526,0.663043,0.067103,0.59594
RADL3.SA,2019-04-30,2,streak_2,0.01301,-3e-06,0.013013,0.004337,-0.02039,0.024726,-0.007806,0.002213,-0.010019,0.175195,0.067103,0.108092
ABCB4.SA,2019-05-06,5,streak_5plus,-0.020888,-0.016866,-0.004022,-0.04047,-0.018228,-0.022242,-0.058747,0.014293,-0.07304,0.002611,0.063723,-0.061112
ABEV3.SA,2019-05-07,2,streak_2,-0.022145,0.012797,-0.034942,-0.057439,-0.024328,-0.033111,-0.038754,0.017057,-0.055812,0.13218,0.087775,0.044405
FRAS3.SA,2019-05-08,5,streak_5plus,0.004545,-0.008251,0.012796,0.011364,-0.041562,0.052925,-0.056818,0.016823,-0.073641,-0.054545,0.074034,-0.128579
GGBR4.SA,2019-05-08,2,streak_2,0.018792,-0.008251,0.027043,-0.020134,-0.041562,0.021428,-0.032215,0.016823,-0.049038,-0.041611,0.074034,-0.115645
PARD3.SA,2019-05-08,3,streak_3,-0.040806,-0.008251,-0.032555,-0.120907,-0.041562,-0.079345,-0.117884,0.016823,-0.134707,-0.009138,0.074034,-0.083172
TEND3.SA,2019-05-08,2,streak_2,0.015244,-0.008251,0.023495,0.035976,-0.041562,0.077537,0.121951,0.016823,0.105128,0.398171,0.074034,0.324137
YDUQ3.SA,2019-05-09,2,streak_2,0.021704,-0.005804,0.027508,0.002457,-0.050453,0.05291,0.003276,0.031784,-0.028508,0.234644,0.077587,0.157057
BPAC11.SA,2019-05-09,4,streak_4,0.006553,-0.005804,0.012357,0.003932,-0.050453,0.054385,0.175623,0.031784,0.143838,0.494102,0.077587,0.416515
QUAL3.SA,2019-05-09,8,streak_5plus,0.014502,-0.005804,0.020307,0.029664,-0.050453,0.080117,0.154911,0.031784,0.123127,0.250494,0.077587,0.172908
AMER3.SA,2019-05-09,5,streak_5plus,-0.03342,-0.005804,-0.027616,-0.135559,-0.050453,-0.085106,-0.175667,0.031784,-0.207452,-0.024329,0.077587,-0.101916
MDIA3.SA,2019-05-10,2,streak_2,0.011144,5e-06,0.011139,-0.070796,-0.045247,-0.02555,-0.094723,0.037805,-0.132528,-0.041626,0.090442,-0.132067
BRFS3.SA,2019-05-10,7,streak_5plus,-0.027798,5e-06,-0.027803,0.043365,-0.045247,0.088612,-0.148629,0.037805,-0.186434,0.124537,0.090442,0.034095
CVCB3.SA,2019-05-10,2,streak_2,-0.085763,5e-06,-0.085768,-0.183291,-0.045247,-0.138044,-0.160273,0.037805,-0.198078,-0.107417,0.090442,-0.197859
ANIM3.SA,2019-05-13,4,streak_4,0.006122,-0.022975,0.029097,-0.069388,-0.045248,-0.02414,-0.063265,0.049884,-0.11315,0.132653,0.104577,0.028076
BEEF3.SA,2019-05-15,10,streak_5plus,-0.006211,-0.017452,0.01124,-0.032609,0.029875,-0.062483,-0.012422,0.07804,-0.090462,0.11646,0.135037,-0.018577
MRFG3.SA,2019-05-15,2,streak_2,-0.022785,-0.017452,-0.005333,0.083544,0.029875,0.05367,0.002532,0.07804,-0.075508,0.202532,0.135037,0.067495
MBRF3.SA,2019-05-15,2,streak_2,-0.022556,-0.017452,-0.005105,0.082707,0.029875,0.052832,0.002506,0.07804,-0.075533,0.203008,0.135037,0.06797
SMTO3.SA,2019-06-25,4,streak_4,-0.028772,0.005951,-0.034724,-0.023657,0.005117,-0.028775,-0.044118,0.040229,-0.084346,-0.023657,0.047201,-0.070858
CIEL3.SA,2019-07-23,5,streak_5plus,-0.0325,0.004004,-0.036504,0.045,-0.00744,0.05244,0.085,-0.02413,0.10913,0.0975,0.00988,0.08762
FLRY3.SA,2019-07-25,5,streak_5plus,0.006639,0.001601,0.005038,0.009129,-0.00515,0.014278,0.059751,-0.048581,0.108332,0.071369,0.046043,0.025326
ECOR3.SA,2019-07-25,5,streak_5plus,0.0,0.001601,-0.001601,0.058532,-0.00515,0.063681,0.106151,-0.048581,0.154732,0.309524,0.046043,0.263481
USIM5.SA,2019-07-26,2,streak_2,0.014286,1e-06,0.014285,-0.022857,-0.001413,-0.021444,-0.168571,-0.050107,-0.118465,-0.13,0.045951,-0.175951
BEEF3.SA,2019-07-26,11,streak_5plus,-0.01312,1e-06,-0.01312,-0.010204,-0.001413,-0.008791,-0.072886,-0.050107,-0.022779,0.241983,0.045951,0.196031
ITUB4.SA,2019-07-29,3,streak_3,0.003941,0.001106,0.002834,-0.051724,-0.00141,-0.050314,-0.087685,-0.053908,-0.033776,0.003448,0.040529,-0.037081
VBBR3.SA,2019-07-31,2,streak_2,0.007629,0.003082,0.004547,0.026995,0.00953,0.017466,0.078052,-0.012648,0.090699,0.078052,0.054531,0.023521
GOLL4.SA,2019-08-01,7,streak_5plus,0.068831,0.005363,0.063467,-0.03588,0.019479,-0.055359,-0.175982,-0.009707,-0.166275,-0.084696,0.053173,-0.137869
KLBN11.SA,2019-08-05,2,streak_2,-0.003613,-0.00497,0.001357,-0.011743,0.012876,-0.024619,-0.02981,-0.029152,-0.000658,0.014453,0.044274,-0.029821
VLID3.SA,2019-08-06,2,streak_2,-0.031373,0.006056,-0.037428,-0.082353,0.011117,-0.09347,-0.169608,-0.009424,-0.160184,-0.07451,0.059042,-0.133552
ARZZ3.SA,2019-08-06,2,streak_2,0.025825,0.006056,0.019769,-0.026042,0.011117,-0.037159,-0.061415,-0.009424,-0.051991,0.166884,0.059042,0.107842
EGIE3.SA,2019-08-06,2,streak_2,0.023061,0.006056,0.017006,-0.004036,0.011117,-0.015153,-0.072643,-0.009424,-0.063219,-0.045258,0.059042,-0.1043
TAEE11.SA,2019-08-06,2,streak_2,0.028117,0.006056,0.022062,0.036064,0.011117,0.024946,0.025672,-0.009424,0.035096,0.051345,0.059042,-0.007697
RADL3.SA,2019-08-06,3,streak_3,0.029453,0.006056,0.023397,0.070126,0.011117,0.059009,0.079944,-0.009424,0.089368,0.313464,0.059042,0.254422
GGBR4.SA,2019-08-07,3,streak_3,-0.01016,0.012968,-0.023127,0.013062,-0.02456,0.037623,-0.033382,-0.005248,-0.028134,0.068215,0.052671,0.015544
SUZB3.SA,2019-08-08,2,streak_2,0.02323,-0.001144,0.024374,0.054572,-0.048584,0.103156,-0.028024,-0.011332,-0.016692,0.198746,0.044218,0.154528
AMER3.SA,2019-08-08,6,streak_5plus,0.058273,-0.001144,0.059417,0.250355,-0.048584,0.298939,0.333697,-0.011332,0.345028,0.446464,0.044218,0.402245
CVCB3.SA,2019-08-08,3,streak_3,0.015487,-0.001144,0.016631,0.065477,-0.048584,0.114061,0.015487,-0.011332,0.026819,0.027054,0.044218,-0.017165
MDIA3.SA,2019-08-09,3,streak_3,0.051031,-2e-06,0.051032,-0.094627,-0.040294,-0.054333,-0.103413,-0.010204,-0.093209,-0.08753,0.041964,-0.129493
YDUQ3.SA,2019-08-12,3,streak_3,-0.026948,-0.006698,-0.02025,-0.088312,-0.04029,-0.048022,-0.080844,-0.009274,-0.07157,0.145779,0.0537,0.092079
CSAN3.SA,2019-08-12,2,streak_2,-0.022298,-0.006698,-0.015601,-0.069468,-0.04029,-0.029178,-0.015437,-0.009274,-0.006163,0.108062,0.0537,0.054362
SMTO3.SA,2019-08-12,5,streak_5plus,-0.008642,-0.006698,-0.001944,-0.112963,-0.04029,-0.072673,-0.117901,-0.009274,-0.108627,-0.102469,0.0537,-0.156169
AALR3.SA,2019-08-13,2,streak_2,0.013333,-0.029443,0.042776,0.166667,-0.03947,0.206137,0.262,0.001415,0.260585,0.155333,0.041912,0.113421
BPAC11.SA,2019-08-13,5,streak_5plus,0.024773,-0.029443,0.054216,0.020644,-0.03947,0.060114,-0.180017,0.001415,-0.181431,0.069364,0.041912,0.027452
NTCO3.SA,2019-08-14,2,streak_2,-0.031858,-0.01198,-0.019878,-0.056673,0.009415,-0.066088,0.022133,0.041023,-0.01889,0.02448,0.07352,-0.04904
SAPR11.SA,2019-08-14,2,streak_2,-0.03271,-0.01198,-0.02073,-0.062022,0.009415,-0.071437,0.040782,0.041023,-0.000242,0.066695,0.07352,-0.006825
SBSP3.SA,2019-08-14,2,streak_2,-0.030152,-0.01198,-0.018172,-0.083267,0.009415,-0.092681,-0.116014,0.041023,-0.157038,-0.065895,0.07352,-0.139415
COGN3.SA,2019-08-14,2,streak_2,-0.115446,-0.01198,-0.103466,-0.136943,0.009415,-0.146357,-0.183917,0.041023,-0.22494,-0.238853,0.07352,-0.312374
NATU3.SA,2019-08-14,2,streak_2,-0.031858,-0.01198,-0.019878,-0.056673,0.009415,-0.066088,0.022133,0.041023,-0.01889,0.02448,0.07352,-0.04904
OIBR3.SA,2019-08-15,7,streak_5plus,-0.179369,0.00756,-0.186929,-0.468991,0.009635,-0.478626,-0.193151,0.044866,-0.238017,-0.331036,0.077675,-0.408711
RENT3.SA,2019-10-23,2,streak_2,-0.006825,-0.005183,-0.001642,-0.072618,0.008033,-0.080652,-0.030303,0.010681,-0.040984,0.173355,0.111434,0.061921
VALE3.SA,2019-10-24,2,streak_2,-0.007602,0.00353,-0.011132,0.031042,0.002184,0.028858,0.061768,0.015945,0.045823,0.185303,0.106464,0.078838
FLRY3.SA,2019-10-24,6,streak_5plus,-0.006998,0.00353,-0.010528,0.034992,0.002184,0.032808,0.125194,0.015945,0.10925,0.317263,0.106464,0.210798
USIM5.SA,2019-10-25,3,streak_3,-0.003425,2e-06,-0.003427,0.0,0.007748,-0.007748,0.155822,-0.002835,0.158657,0.491438,0.102569,0.388869
ECOR3.SA,2019-10-29,6,streak_5plus,-0.015674,0.007915,-0.023589,0.003919,0.010811,-0.006892,0.026646,0.006823,0.019823,0.355799,0.072786,0.283013
GGBR4.SA,2019-10-30,4,streak_4,0.020173,-0.010956,0.031129,0.12536,-0.000436,0.125797,0.314121,-0.001607,0.315728,0.540346,0.065683,0.474663
ARZZ3.SA,2019-10-30,3,streak_3,0.012172,-0.010956,0.023128,0.043362,-0.000436,0.043799,0.077596,-0.001607,0.079203,0.117535,0.065683,0.051852
AMER3.SA,2019-10-30,7,streak_5plus,0.014372,-0.010956,0.025328,0.007089,-0.000436,0.007526,0.057108,-0.001607,0.058716,0.445763,0.065683,0.38008
CIEL3.SA,2019-10-30,6,streak_5plus,-0.034935,-0.010956,-0.023979,-0.067686,-0.000436,-0.067249,-0.021834,-0.001607,-0.020227,-0.113537,0.065683,-0.17922
SUZB3.SA,2019-10-31,3,streak_3,0.010409,0.009101,0.001309,0.143997,0.022018,0.121979,0.193616,0.009449,0.184166,0.25399,0.061003,0.192987
GOLL4.SA,2019-10-31,8,streak_5plus,-0.057915,0.009101,-0.067016,-0.099099,0.022018,-0.121117,-0.123295,0.009449,-0.132744,-0.09807,0.061003,-0.159073
ITUB4.SA,2019-11-04,4,streak_4,0.00344,0.004834,-0.001394,-0.002457,-0.00524,0.002783,-0.028993,0.019455,-0.048447,-0.094349,0.068031,-0.16238
BPAC11.SA,2019-11-05,6,streak_5plus,0.021127,-0.0033,0.024427,0.017214,-0.018101,0.035315,0.06025,0.017506,0.042744,0.190141,0.067231,0.12291
CRFB3.SA,2019-11-06,2,streak_2,-0.009832,0.011262,-0.021094,-0.045113,-0.021228,-0.023885,-0.009254,0.025522,-0.034776,0.190862,0.063028,0.127834
CVCB3.SA,2019-11-07,4,streak_4,0.002515,-0.01781,0.020325,-0.212614,-0.027593,-0.18502,-0.199071,0.014103,-0.213174,-0.287355,0.038234,-0.32559
ENGI11.SA,2019-11-07,2,streak_2,0.008442,-0.01781,0.026252,0.00307,-0.027593,0.030663,0.052443,0.014103,0.03834,0.224354,0.038234,0.18612
MDIA3.SA,2019-11-08,4,streak_4,-0.032907,0.0,-0.032907,-0.097258,-0.00996,-0.087298,-0.070932,0.028273,-0.099206,0.138208,0.057057,0.081151
ANIM3.SA,2019-11-11,5,streak_5plus,-0.026565,-0.008157,-0.018409,0.053131,-0.016397,0.069528,0.142315,0.030985,0.11133,0.690702,0.071929,0.618773
YDUQ3.SA,2019-11-11,4,streak_4,0.013365,-0.008157,0.021522,0.006237,-0.016397,0.022634,0.124443,0.030985,0.093458,0.384615,0.071929,0.312687
SMTO3.SA,2019-11-11,6,streak_5plus,0.015583,-0.008157,0.023739,0.033875,-0.016397,0.050273,0.134824,0.030985,0.103839,0.392954,0.071929,0.321025
CSAN3.SA,2019-11-11,3,streak_3,0.020015,-0.008157,0.028172,0.038491,-0.016397,0.054888,0.117013,0.030985,0.086028,0.328714,0.071929,0.256786
BEEF3.SA,2019-11-12,12,streak_5plus,-0.024211,-0.006475,-0.017736,0.032632,-0.010615,0.043246,0.236842,0.051041,0.185802,-0.047368,0.092955,-0.140323
STBP3.SA,2019-11-12,2,streak_2,-0.043887,-0.006475,-0.037413,-0.050157,-0.010615,-0.039542,0.037618,0.051041,-0.013423,-0.097179,0.092955,-0.190133
ALSO3.SA,2019-11-12,2,streak_2,-0.023571,-0.006475,-0.017097,0.016667,-0.010615,0.027281,0.04619,0.051041,-0.00485,0.220238,0.092955,0.127283
NTCO3.SA,2019-11-13,3,streak_3,-0.010505,0.004685,-0.01519,None,None,None,0.089122,0.061332,0.02779,0.593358,0.090538,0.50282
ALUP11.SA,2019-11-13,2,streak_2,-0.01516,0.004685,-0.019846,None,None,None,0.107289,0.061332,0.045956,0.210496,0.090538,0.119958
NATU3.SA,2019-11-13,3,streak_3,-0.010505,0.004685,-0.01519,None,None,None,0.089122,0.061332,0.02779,0.593358,0.090538,0.50282
COGN3.SA,2019-11-13,3,streak_3,0.018378,0.004685,0.013693,None,None,None,0.274595,0.061332,0.213262,0.221622,0.090538,0.131084
OIBR3.SA,2019-12-02,8,streak_5plus,0.0,0.00668,-0.00668,0.032693,0.026729,0.005964,None,None,None,0.097861,-0.024908,0.122769
CIEL3.SA,2020-01-27,7,streak_5plus,0.0,-0.016025,0.016025,0.012255,-0.038986,0.051241,None,None,None,-0.416667,-0.363629,-0.053037
SAPR11.SA,2020-02-10,3,streak_3,-0.029272,0.014069,-0.04334,0.042546,0.00537,0.037175,-0.049694,-0.251374,0.201681,-0.308713,-0.315532,0.006818
SUZB3.SA,2020-02-12,4,streak_4,0.039313,-0.008671,0.047984,0.041934,-0.001342,0.043275,-0.227432,-0.291378,0.063946,0.314502,-0.322808,0.63731
CSAN3.SA,2020-02-17,4,streak_4,-0.019901,0.005213,-0.025114,-0.03759,-0.00612,-0.03147,-0.370923,-0.415157,0.044234,-0.260918,-0.294093,0.033175
ECOR3.SA,2020-02-18,7,streak_5plus,0.00193,0.013397,-0.011466,None,None,None,-0.428571,-0.405693,-0.022878,-0.382239,-0.292735,-0.089505
BEEF3.SA,2020-02-18,13,streak_5plus,0.020555,0.013397,0.007158,None,None,None,-0.461459,-0.405693,-0.055766,0.110997,-0.292735,0.403732
FLRY3.SA,2020-02-19,7,streak_5plus,0.033846,-0.016576,0.050422,-0.027077,-0.116155,0.089078,-0.339077,-0.424384,0.085307,-0.292308,-0.287429,-0.004879
PETR3.SA,2020-02-19,2,streak_2,0.019648,-0.016576,0.036224,-0.710445,-0.116155,-0.59429,-0.610134,-0.424384,-0.18575,-0.377456,-0.287429,-0.090027
MRFG3.SA,2020-02-19,2,streak_2,0.021978,-0.016576,0.038554,-0.059829,-0.116155,0.056326,-0.471306,-0.424384,-0.046922,-0.029304,-0.287429,0.258125
MBRF3.SA,2020-02-19,2,streak_2,0.021739,-0.016576,0.038315,-0.060386,-0.116155,0.055768,-0.472222,-0.424384,-0.047838,-0.030193,-0.287429,0.257235
GGBR4.SA,2020-02-19,5,streak_5plus,-0.005505,-0.016576,0.011071,None,None,None,-0.53211,-0.424384,-0.107726,-0.418349,-0.287429,-0.13092
VALE3.SA,2020-02-20,3,streak_3,-0.011514,-0.007896,-0.003617,-0.157821,-0.090889,-0.066931,-0.333614,-0.414685,0.081071,-0.031733,-0.28287,0.251138
GOLL4.SA,2020-02-20,9,streak_5plus,-0.042641,-0.007896,-0.034745,-0.273728,-0.090889,-0.182838,-0.799725,-0.414685,-0.385039,-0.656121,-0.28287,-0.373251
NATU3.SA,2020-03-05,4,streak_4,-0.065971,-0.041439,-0.024531,-0.186996,-0.29003,0.103034,-0.459421,-0.319815,-0.139606,-0.132178,-0.08221,-0.049968
NTCO3.SA,2020-03-05,4,streak_4,-0.065971,-0.041439,-0.024531,-0.186996,-0.29003,0.103034,-0.459421,-0.319815,-0.139606,-0.132178,-0.08221,-0.049968
ALSO3.SA,2020-03-10,3,streak_3,0.045333,-0.07638,0.121713,-0.306933,-0.190829,-0.116104,-0.290133,-0.147372,-0.142761,-0.184267,0.049147,-0.233414
RENT3.SA,2020-03-10,3,streak_3,0.053904,-0.07638,0.130284,-0.307692,-0.190829,-0.116863,-0.263986,-0.147372,-0.116614,0.087704,0.049147,0.038557
ALUP11.SA,2020-03-11,3,streak_3,-0.061702,-0.147804,0.086101,-0.140957,-0.214582,0.073624,-0.131915,-0.087931,-0.043984,-0.02234,0.111714,-0.134055
SLCE3.SA,2020-03-11,2,streak_2,-0.047244,-0.147804,0.10056,-0.035433,-0.214582,0.179149,-0.034121,-0.087931,0.05381,0.020997,0.111714,-0.090717
ENGI11.SA,2020-03-12,3,streak_3,-0.143357,0.139088,-0.282445,-0.168332,-0.058564,-0.109768,-0.133866,0.070258,-0.204124,0.001499,0.304529,-0.30303
YDUQ3.SA,2020-03-12,5,streak_5plus,-0.135763,0.139088,-0.274852,-0.444268,-0.058564,-0.385704,-0.361331,0.070258,-0.431589,-0.160063,0.304529,-0.464592
QUAL3.SA,2020-03-12,2,streak_2,-0.148643,0.139088,-0.287732,-0.306331,-0.058564,-0.247767,-0.166339,0.070258,-0.236597,-0.06921,0.304529,-0.373738
CMIG4.SA,2020-03-19,2,streak_2,0.029674,-0.018475,0.048149,-0.008902,0.13724,-0.146142,0.106825,0.155977,-0.049152,0.275964,0.406742,-0.130778
OIBR3.SA,2020-03-26,9,streak_5plus,-0.038432,-0.055088,0.016656,-0.057648,-0.070213,0.012565,0.153921,-0.03061,0.18453,1.211568,0.23515,0.976418
BRKM5.SA,2020-04-03,2,streak_2,-0.073868,6e-06,-0.073874,-0.034146,0.117123,-0.151269,0.225784,0.136992,0.088792,0.402091,0.391548,0.010543
HYPE3.SA,2020-04-24,2,streak_2,-0.027494,5e-06,-0.027499,-0.057345,0.068702,-0.126047,-0.076198,0.134584,-0.210782,0.096229,0.357925,-0.261696
CIEL3.SA,2020-04-28,8,streak_5plus,0.016667,0.022857,-0.006191,-0.05,-0.027653,-0.022347,-0.025,0.069324,-0.094324,0.283333,0.259122,0.024212
VALE3.SA,2020-04-29,4,streak_4,0.047207,-0.032041,0.079249,-0.006316,-0.060745,0.054429,0.123005,0.050881,0.072125,0.375997,0.25175,0.124247
GOLL4.SA,2020-05-04,10,streak_5plus,-0.100806,-0.012859,-0.087948,-0.112903,-0.003018,-0.109885,0.053226,0.130927,-0.077701,0.487903,0.304359,0.183545
QUAL3.SA,2020-05-07,3,streak_3,-0.02534,0.027455,-0.052796,-0.18489,0.011422,-0.196311,0.082121,0.211454,-0.129333,0.158142,0.29567,-0.137528
NTCO3.SA,2020-05-07,5,streak_5plus,-0.001149,0.027455,-0.028604,-0.11143,0.011422,-0.122852,0.038771,0.211454,-0.172683,0.27714,0.29567,-0.01853
NATU3.SA,2020-05-07,5,streak_5plus,-0.001149,0.027455,-0.028604,-0.11143,0.011422,-0.122852,0.038771,0.211454,-0.172683,0.27714,0.29567,-0.01853
AMER3.SA,2020-05-07,8,streak_5plus,0.011438,0.027455,-0.016018,0.025004,0.011422,0.013583,-0.035322,0.211454,-0.246777,0.417649,0.29567,0.121979
SAPR11.SA,2020-05-07,4,streak_4,-0.032826,0.027455,-0.060281,-0.109895,0.011422,-0.121317,0.206946,0.211454,-0.004508,0.255471,0.29567,-0.040199
YDUQ3.SA,2020-05-07,6,streak_5plus,-0.04501,0.027455,-0.072465,-0.15225,0.011422,-0.163672,0.252055,0.211454,0.040601,0.203522,0.29567,-0.092147
UGPA3.SA,2020-05-13,2,streak_2,-0.017842,0.015926,-0.033768,0.102804,0.045611,0.057193,0.35599,0.217479,0.138511,0.40017,0.3215,0.078669
RENT3.SA,2020-05-14,4,streak_4,0.072427,-0.018405,0.090832,0.292673,0.050832,0.241841,None,None,None,0.867429,0.29317,0.574259
ENGI11.SA,2020-05-14,4,streak_4,0.055692,-0.018405,0.074096,0.0612,0.050832,0.010367,None,None,None,0.252754,0.29317,-0.040416
ANIM3.SA,2020-05-14,6,streak_5plus,0.027149,-0.018405,0.045554,0.074661,0.050832,0.023829,None,None,None,0.567873,0.29317,0.274703
FLRY3.SA,2020-05-14,8,streak_5plus,0.062037,-0.018405,0.080442,0.064815,0.050832,0.013983,None,None,None,0.325,0.29317,0.03183
SUZB3.SA,2020-05-14,5,streak_5plus,-0.060479,-0.018405,-0.042074,-0.204475,0.050832,-0.255307,None,None,None,-0.064023,0.29317,-0.357193
PETR3.SA,2020-05-14,3,streak_3,-0.023679,-0.018405,-0.005274,0.096539,0.050832,0.045707,None,None,None,0.342441,0.29317,0.049271
TAEE11.SA,2020-05-14,2,streak_2,0.018012,-0.018405,0.036417,0.047826,0.050832,-0.003006,None,None,None,0.119255,0.29317,-0.173915
SEER3.SA,2020-05-15,2,streak_2,0.03165,5e-06,0.031645,0.089676,0.059525,0.030151,0.139412,0.196481,-0.057069,0.107008,0.316687,-0.209679
CMIG4.SA,2020-05-15,3,streak_3,-0.044304,5e-06,-0.044309,0.075949,0.059525,0.016424,0.281646,0.196481,0.085165,0.335443,0.316687,0.018756
COGN3.SA,2020-05-22,4,streak_4,-0.085153,-3e-06,-0.08515,0.111354,0.063639,0.047715,0.342795,0.175225,0.16757,0.480349,0.227331,0.253018
AXIA6.SA,2020-05-28,6,streak_5plus,-0.005145,0.005216,-0.010361,0.012161,0.079121,-0.06696,0.031338,0.079189,-0.047851,0.259121,0.174453,0.084667
MEAL3.SA,2020-06-01,2,streak_2,0.064607,0.041685,0.022922,0.115169,0.082766,0.032403,0.115169,0.087558,0.027611,0.075843,0.151261,-0.075418
CSAN3.SA,2020-06-01,5,streak_5plus,0.0375,0.041685,-0.004185,0.073611,0.082766,-0.009155,0.088889,0.087558,0.001331,0.285417,0.151261,0.134156
BRKM5.SA,2020-06-03,3,streak_3,-0.048419,0.008887,-0.057306,-0.080832,0.018105,-0.098938,-0.184474,0.034761,-0.219234,-0.251301,0.098287,-0.349587
EGIE3.SA,2020-06-24,2,streak_2,-0.020111,0.017014,-0.037125,-0.026299,0.019346,-0.045646,0.027228,0.083876,-0.056648,-0.013923,0.041457,-0.055381
CIEL3.SA,2020-07-28,9,streak_5plus,-0.022876,0.014371,-0.037246,0.029412,-0.02779,0.057202,-0.075163,-0.033443,-0.04172,-0.281046,-0.027369,-0.253677
VALE3.SA,2020-07-29,5,streak_5plus,0.04351,-0.005648,0.049158,0.006146,-0.026546,0.032692,0.023599,-0.047171,0.07077,0.065388,-0.041145,0.106534
SANB11.SA,2020-07-29,2,streak_2,0.031929,-0.005648,0.037577,-0.039468,-0.026546,-0.012922,-0.046563,-0.047171,0.000608,0.132594,-0.041145,0.17374
ABEV3.SA,2020-07-30,2,streak_2,-0.038804,-0.019965,-0.018839,-0.130154,-0.008409,-0.121744,-0.163298,-0.027291,-0.136008,-0.062247,-0.051454,-0.010793
USIM5.SA,2020-07-30,2,streak_2,0.007553,-0.019965,0.027518,0.043807,-0.008409,0.052216,0.197885,-0.027291,0.225176,0.427492,-0.051454,0.478947
FLRY3.SA,2020-07-30,9,streak_5plus,0.029905,-0.019965,0.04987,0.052516,-0.008409,0.060926,0.015317,-0.027291,0.042608,0.114515,-0.051454,0.165969
PETR3.SA,2020-07-30,4,streak_4,-0.020576,-0.019965,-0.000611,-0.002743,-0.008409,0.005666,-0.049383,-0.027291,-0.022092,-0.152263,-0.051454,-0.100809
GOLL4.SA,2020-07-31,11,streak_5plus,-0.034501,-2e-06,-0.034499,0.002695,-0.001328,0.004024,0.023181,-0.007475,0.030655,0.002695,-0.0733,0.075996
ITUB4.SA,2020-08-03,2,streak_2,0.014954,-0.016481,0.031436,-0.052016,-0.001322,-0.050694,-0.122887,-0.007233,-0.115654,-0.113784,-0.061507,-0.052277
BBSE3.SA,2020-08-03,2,streak_2,0.015938,-0.016481,0.03242,0.026221,-0.001322,0.027543,-0.037018,-0.007233,-0.029785,-0.112082,-0.061507,-0.050575
CVCB3.SA,2020-08-03,5,streak_5plus,-0.038461,-0.016481,-0.02198,-0.086058,-0.001322,-0.084736,-0.120192,-0.007233,-0.112959,-0.386058,-0.061507,-0.32455
TGMA3.SA,2020-08-05,2,streak_2,0.010169,0.012878,-0.002708,-0.012429,-0.006653,-0.005776,-0.00904,-0.020237,0.011197,-0.215819,-0.086086,-0.129734
BRKM5.SA,2020-08-05,4,streak_4,0.036979,0.012878,0.024101,0.096354,-0.006653,0.103007,-0.055729,-0.020237,-0.035492,0.011979,-0.086086,0.098065
BBAS3.SA,2020-08-06,2,streak_2,0.029543,-0.012966,0.042509,0.010743,-0.035198,0.045941,0.017905,-0.027696,0.045602,None,None,None
SAPR11.SA,2020-08-07,5,streak_5plus,0.013635,4e-06,0.01363,-0.062719,-0.013837,-0.048882,-0.068563,-0.014921,-0.053641,-0.199455,-0.047762,-0.151693
ABCB4.SA,2020-08-07,2,streak_2,-0.006211,4e-06,-0.006216,-0.035714,-0.013837,-0.021877,0.009317,-0.014921,0.024238,-0.07764,-0.047762,-0.029878
RADL3.SA,2020-08-11,2,streak_2,-0.013547,-0.000554,-0.012993,-0.047667,-0.001067,-0.0466,-0.010537,-0.008636,-0.001901,0.106372,-0.012227,0.118599
BRSR6.SA,2020-08-12,2,streak_2,-0.008403,-0.016228,0.007825,-0.056022,-0.012379,-0.043644,-0.060224,-0.032151,-0.028073,-0.145658,-0.012914,-0.132744
TAEE11.SA,2020-08-12,3,streak_3,-0.011211,-0.016228,0.005017,0.017377,-0.012379,0.029755,0.049888,-0.032151,0.082039,0.080717,-0.012914,0.093632
UGPA3.SA,2020-08-12,3,streak_3,-0.008065,-0.016228,0.008164,0.0,-0.012379,0.012379,0.163772,-0.032151,0.195923,0.060794,-0.012914,0.073708
NTCO3.SA,2020-08-13,6,streak_5plus,0.019784,0.008888,0.010897,0.090603,0.010027,0.080576,0.067221,-0.020878,0.088099,0.054182,0.045852,0.008329
NATU3.SA,2020-08-13,6,streak_5plus,0.019784,0.008888,0.010897,0.090603,0.010027,0.080576,0.067221,-0.020878,0.088099,0.054182,0.045852,0.008329
SBFG3.SA,2020-08-13,2,streak_2,0.006902,0.008888,-0.001986,-0.03681,0.010027,-0.046836,0.037577,-0.020878,0.058454,-0.017638,0.045852,-0.06349
ENGI11.SA,2020-08-13,5,streak_5plus,-0.035178,0.008888,-0.044066,-0.050181,0.010027,-0.060208,-0.053285,-0.020878,-0.032407,0.002069,0.045852,-0.043783
AMER3.SA,2020-08-13,9,streak_5plus,0.014469,0.008888,0.005582,-0.065441,0.010027,-0.075467,-0.166971,-0.020878,-0.146094,-0.337352,0.045852,-0.383204
SUZB3.SA,2020-08-13,6,streak_5plus,0.009255,0.008888,0.000367,0.071903,0.010027,0.061877,-0.018747,-0.020878,0.002131,0.030612,0.045852,-0.01524
RAIL3.SA,2020-08-13,2,streak_2,-0.022897,0.008888,-0.031785,-0.007477,0.010027,-0.017503,-0.048131,-0.020878,-0.027253,-0.092523,0.045852,-0.138376
SBSP3.SA,2020-08-14,2,streak_2,0.005762,-4e-06,0.005766,-0.082058,0.001656,-0.083714,-0.163123,-0.029505,-0.133618,-0.1667,0.034092,-0.200792
OIBR3.SA,2020-08-14,10,streak_5plus,-0.074283,-4e-06,-0.074279,-0.079993,0.001656,-0.081649,-0.068574,-0.029505,-0.039069,-0.017129,0.034092,-0.051221
COGN3.SA,2020-08-20,5,streak_5plus,-0.00156,0.000526,-0.002087,-0.079563,-0.00832,-0.071243,-0.123245,-0.031322,-0.091923,-0.277691,0.056971,-0.334662
YDUQ3.SA,2020-08-27,7,streak_5plus,-0.075119,0.015099,-0.090218,-0.074753,0.000971,-0.075724,-0.031513,-0.036018,0.004505,0.043239,0.0945,-0.05126
IRBR3.SA,2020-08-31,2,streak_2,-0.049333,0.000241,-0.049575,-0.073333,-0.008821,-0.064512,-0.036,-0.08383,0.04783,-0.057356,0.082556,-0.139912
MEAL3.SA,2020-09-01,3,streak_3,0.027027,-0.002511,0.029538,None,None,None,-0.140541,-0.074038,-0.066503,0.159459,0.08229,0.07717
CSNA3.SA,2020-10-15,2,streak_2,0.056761,-0.007521,0.064282,0.13773,0.02891,0.108819,0.060935,0.031507,0.029427,0.904007,0.217884,0.686122
RADL3.SA,2020-10-27,3,streak_3,0.020417,-0.042536,0.062953,None,None,None,0.002722,0.106636,-0.103914,-0.005898,0.155232,-0.161131
CIEL3.SA,2020-10-27,10,streak_5plus,-0.004425,-0.042536,0.038111,None,None,None,-0.035398,0.106636,-0.142034,0.106195,0.155232,-0.049038
SANB11.SA,2020-10-27,3,streak_3,-0.028153,-0.042536,0.014383,None,None,None,0.201697,0.106636,0.095061,0.201311,0.155232,0.046079
VALE3.SA,2020-10-28,6,streak_5plus,-0.036291,0.012723,-0.049015,0.012878,0.026194,-0.013316,0.224538,0.159452,0.065086,0.40693,0.216405,0.190526
SUZB3.SA,2020-10-29,7,streak_5plus,0.033957,-0.027228,0.061185,0.063987,0.043168,0.020819,0.144375,0.14488,-0.000505,0.323862,0.224179,0.099684
AMER3.SA,2020-10-29,10,streak_5plus,-0.006611,-0.027228,0.020617,-0.026562,0.043168,-0.06973,-0.079207,0.14488,-0.224087,0.004326,0.224179,-0.219852
USIM5.SA,2020-10-29,3,streak_3,0.036322,-0.027228,0.063551,0.030647,0.043168,-0.012521,0.269012,0.14488,0.124132,0.231555,0.224179,0.007376
IRBR3.SA,2020-11-04,3,streak_3,-0.026563,0.029475,-0.056037,0.021864,0.070933,-0.049069,0.079677,0.162296,-0.082619,0.079677,0.22539,-0.145713
UGPA3.SA,2020-11-04,4,streak_4,0.033732,0.029475,0.004257,0.306395,0.070933,0.235462,0.280394,0.162296,0.118097,0.420942,0.22539,0.195552
GOLL4.SA,2020-11-04,12,streak_5plus,0.016005,0.029475,-0.01347,0.330346,0.070933,0.259412,0.751601,0.162296,0.589304,0.606274,0.22539,0.380884
ABCB4.SA,2020-11-04,3,streak_3,-0.006734,0.029475,-0.036209,0.074074,0.070933,0.003141,0.164983,0.162296,0.002687,0.313131,0.22539,0.087741
BBAS3.SA,2020-11-05,3,streak_3,0.01173,0.001724,0.010006,0.1261,0.017425,0.108675,0.188661,0.128342,0.060319,0.121212,0.185806,-0.064594
TGMA3.SA,2020-11-06,3,streak_3,0.004502,-0.00125,0.005751,0.012862,0.012384,0.000477,0.247588,0.1275,0.120088,0.044373,0.173497,-0.129124
YDUQ3.SA,2020-11-09,8,streak_5plus,0.067144,0.042341,0.024803,0.155774,0.036836,0.118939,0.493733,0.121054,0.372679,0.304834,0.183542,0.121293
BRSR6.SA,2020-11-10,3,streak_3,0.032761,-0.002457,0.035218,-0.026521,0.020765,-0.047286,0.056162,0.095764,-0.039602,0.068643,0.136691,-0.068049
BRKM5.SA,2020-11-10,5,streak_5plus,0.051556,-0.002457,0.054013,-0.009728,0.020765,-0.030492,-0.101167,0.095764,-0.196932,0.213521,0.136691,0.07683
RAIL3.SA,2020-11-11,3,streak_3,-0.001574,-0.021962,0.020388,-0.063484,0.012501,-0.075985,-0.0383,0.098457,-0.136757,0.005247,0.136507,-0.131261
TAEE11.SA,2020-11-11,4,streak_4,0.003066,-0.021962,0.025028,0.094532,0.012501,0.082031,0.132345,0.098457,0.033888,0.112417,0.136507,-0.02409
ENGI11.SA,2020-11-11,6,streak_5plus,-0.009228,-0.021962,0.012734,0.014612,0.012501,0.00211,0.023584,0.098457,-0.074873,0.097155,0.136507,-0.039353
SBSP3.SA,2020-11-12,3,streak_3,-0.034624,-0.003239,-0.031385,-0.031498,0.040611,-0.072109,0.018033,0.125026,-0.106992,None,None,None
LIGT3.SA,2020-11-12,2,streak_2,-0.030899,-0.003239,-0.02766,0.017322,0.040611,-0.023289,0.046348,0.125026,-0.078677,None,None,None
SBFG3.SA,2020-11-12,3,streak_3,0.004444,-0.003239,0.007683,0.08,0.040611,0.039389,0.023838,0.125026,-0.101187,None,None,None
SAPR11.SA,2020-11-13,6,streak_5plus,-0.003282,0.022873,-0.026154,-0.003282,0.037852,-0.041133,0.063291,0.136762,-0.073471,-0.126113,0.166616,-0.292729
OIBR3.SA,2020-11-13,11,streak_5plus,0.059185,0.022873,0.036313,0.082895,0.037852,0.045044,0.301839,0.136762,0.165078,0.218944,0.166616,0.052328
SANB11.SA,2021-02-03,4,streak_4,0.013601,-0.003875,0.017476,0.01943,-0.01077,0.0302,-0.044041,-0.037774,-0.006267,-0.054728,-0.001339,-0.053389
RAIL3.SA,2021-02-12,4,streak_4,0.018607,-0.002618,0.021226,-0.012228,-0.0057,-0.006528,0.012759,-0.045298,0.058058,0.052632,0.020532,0.0321
IRBR3.SA,2021-02-18,4,streak_4,-0.017725,-0.006447,-0.011279,-0.070901,-0.058244,-0.012657,-0.088637,-0.024978,-0.063658,-0.101929,0.028837,-0.130766
VALE3.SA,2021-02-23,7,streak_5plus,0.016889,0.003821,0.013068,0.033932,-0.032003,0.065935,-0.027637,-0.027452,-0.000185,0.168279,0.063913,0.104366
SAPR11.SA,2021-02-24,7,streak_5plus,-0.003358,-0.029493,0.026136,-0.049245,-0.038765,-0.01048,0.051483,-0.016581,0.068064,-0.005596,0.063284,-0.06888
BEEF3.SA,2021-02-25,2,streak_2,-0.04,-0.019787,-0.020213,-0.0175,0.003864,-0.021364,0.0025,0.022487,-0.019987,0.0725,0.104518,-0.032018
AMER3.SA,2021-03-04,11,streak_5plus,-0.019305,0.022292,-0.041597,-0.107289,0.020353,-0.127642,-0.191465,0.022742,-0.214207,-0.164018,0.150069,-0.314087
RADL3.SA,2021-03-09,4,streak_4,0.032727,0.012987,0.01974,0.123117,0.024146,0.098971,0.091429,0.06272,0.028709,0.261299,0.168825,0.092474
ENGI11.SA,2021-03-10,7,streak_5plus,0.014546,0.019572,-0.005026,0.065317,0.033455,0.031861,0.03765,0.04339,-0.005741,0.169709,0.150835,0.018874
BRKM5.SA,2021-03-10,6,streak_5plus,0.019783,0.019572,0.000211,0.142964,0.033455,0.109509,0.397163,0.04339,0.353773,0.911534,0.150835,0.760699
ANIM3.SA,2021-03-17,2,streak_2,0.030547,-0.014706,0.045253,0.075563,-0.038484,0.114046,0.249196,0.039164,0.210033,0.485531,0.116188,0.369343
YDUQ3.SA,2021-03-17,9,streak_5plus,0.036934,-0.014706,0.05164,-0.023034,-0.038484,0.01545,0.165608,0.039164,0.126444,0.289118,0.116188,0.17293
ELET6.SA,2021-03-19,2,streak_2,-0.012597,4e-06,-0.012601,-0.002964,-0.012398,0.009434,0.037051,0.033044,0.004007,0.33605,0.101837,0.234214
AXIA6.SA,2021-03-19,2,streak_2,-0.012251,4e-06,-0.012255,-0.00268,-0.012398,0.009718,0.037136,0.033044,0.004092,0.336141,0.101837,0.234304
PARD3.SA,2021-03-24,2,streak_2,-0.01213,0.015042,-0.027172,0.005687,0.040776,-0.035089,0.010068,0.075545,-0.065477,0.084009,0.149051,-0.065042
SBFG3.SA,2021-03-30,4,streak_4,0.047677,-0.001848,0.049525,0.037082,0.006623,0.030459,0.002037,0.027523,-0.025486,0.350856,0.089057,0.261798
SANB11.SA,2021-04-28,5,streak_5plus,0.084669,-0.008152,0.092821,0.017073,-0.012293,0.029366,0.08676,0.027377,0.059383,0.08676,0.029405,0.057355
BBSE3.SA,2021-05-03,2,streak_2,-0.003125,-0.009942,0.006817,0.029375,0.026444,0.002931,0.048125,0.078835,-0.03071,-0.03125,0.024449,-0.055699
BRKM5.SA,2021-05-05,7,streak_5plus,0.050249,0.002979,0.04727,0.050723,0.001218,0.049505,0.127518,0.083943,0.043576,0.174212,0.033556,0.140656
AMER3.SA,2021-05-06,12,streak_5plus,-0.036698,0.017658,-0.054356,-0.104434,0.006548,-0.110982,None,None,None,-0.250765,0.015682,-0.266447
NATU3.SA,2021-05-12,2,streak_2,-0.037676,0.008319,-0.045995,0.011281,0.024445,-0.013163,0.148148,0.086594,0.061554,0.10132,0.020821,0.080499
LWSA3.SA,2021-05-12,2,streak_2,-0.023561,0.008319,-0.03188,-0.01314,0.024445,-0.037585,0.047576,0.086594,-0.039018,0.102401,0.020821,0.081581
ALSO3.SA,2021-05-12,2,streak_2,-0.05577,0.008319,-0.064089,-0.027008,0.024445,-0.051453,0.090845,0.086594,0.004252,-0.019291,0.020821,-0.040112
HAPV3.SA,2021-05-12,2,streak_2,-0.049521,0.008319,-0.05784,-0.016731,0.024445,-0.041175,0.044198,0.086594,-0.042396,-0.051758,0.020821,-0.072579
NTCO3.SA,2021-05-12,2,streak_2,-0.037676,0.008319,-0.045995,0.011281,0.024445,-0.013163,0.148148,0.086594,0.061554,0.10132,0.020821,0.080499
ENGI11.SA,2021-05-13,8,streak_5plus,0.037815,0.009734,0.028081,0.065826,0.016527,0.0493,0.144538,0.072367,0.072171,-0.02465,0.011188,-0.035838
WEST3.SA,2021-05-13,2,streak_2,-0.018541,0.009734,-0.028275,-0.032138,0.016527,-0.048665,0.12979,0.072367,0.057423,0.222497,0.011188,0.211309
QUAL3.SA,2021-05-13,2,streak_2,-0.007435,0.009734,-0.017169,0.050805,0.016527,0.034279,0.123503,0.072367,0.051136,-0.037588,0.011188,-0.048776
IRBR3.SA,2021-05-13,5,streak_5plus,0.023681,0.009734,0.013947,-0.040999,0.016527,-0.057525,-0.037834,0.072367,-0.110201,-0.081999,0.011188,-0.093187
YDUQ3.SA,2021-05-13,10,streak_5plus,0.096519,0.009734,0.086785,0.183544,0.016527,0.167018,0.277294,0.072367,0.204927,-0.026108,0.011188,-0.037295
SBFG3.SA,2021-05-13,5,streak_5plus,-0.017945,0.009734,-0.027678,0.044861,0.016527,0.028335,0.362969,0.072367,0.290602,0.314437,0.011188,0.303249
ECOR3.SA,2021-05-13,2,streak_2,0.01577,0.009734,0.006036,0.012987,0.016527,-0.00354,0.120594,0.072367,0.048227,-0.146568,0.011188,-0.157755
EZTC3.SA,2021-05-13,2,streak_2,0.014158,0.009734,0.004424,0.013214,0.016527,-0.003313,0.100519,0.072367,0.028152,-0.121756,0.011188,-0.132943
ENJU3.SA,2021-05-14,2,streak_2,0.040422,1e-06,0.04042,-0.082601,0.005839,-0.08844,-0.05536,0.062029,-0.11739,-0.365554,-0.00968,-0.355873
RDOR3.SA,2021-05-17,2,streak_2,0.031235,0.009017,0.022218,0.009513,0.005834,0.00368,-0.057555,0.067361,-0.124917,-0.000317,-0.005639,0.005322
SAPR11.SA,2021-05-24,8,streak_5plus,0.009659,0.003228,0.006431,-0.007955,0.024219,-0.032173,0.024432,0.050374,-0.025942,-0.018182,-0.037027,0.018845
OIBR3.SA,2021-05-25,12,streak_5plus,0.006574,0.008143,-0.001569,-0.006574,0.042926,-0.049499,0.006574,0.044234,-0.037661,-0.315803,-0.040124,-0.27568
BBSE3.SA,2021-08-02,3,streak_3,-0.016982,0.014578,-0.03156,-0.003266,0.008284,-0.01155,-0.084259,-0.024794,-0.059464,0.067929,-0.13215,0.20008
RDOR3.SA,2021-08-03,3,streak_3,0.020577,-0.014366,0.034944,-0.007468,-0.011119,0.003652,-0.020246,-0.033833,0.013587,-0.125456,-0.162457,0.037
EGIE3.SA,2021-08-05,2,streak_2,-0.019289,0.00968,-0.02897,-0.017597,-0.007662,-0.009935,0.05313,-0.038638,0.091769,0.054146,-0.132217,0.186362
DIRR3.SA,2021-08-09,2,streak_2,0.016461,-0.004947,0.021408,-0.061728,-0.013159,-0.04857,-0.119342,-0.040233,-0.079109,-0.238683,-0.157951,-0.080733
QUAL3.SA,2021-08-10,3,streak_3,-0.012293,-0.001196,-0.011098,-0.198813,-0.035177,-0.163637,None,None,None,-0.271301,-0.142209,-0.129093
PETZ3.SA,2021-08-10,2,streak_2,-0.021234,-0.001196,-0.020038,-0.054487,-0.035177,-0.019311,None,None,None,-0.229968,-0.142209,-0.087759
LOGN3.SA,2021-08-10,2,streak_2,-0.013007,-0.001196,-0.011811,-0.164412,-0.035177,-0.129236,None,None,None,0.103018,-0.142209,0.245226
UGPA3.SA,2021-08-11,2,streak_2,-0.002626,-0.011104,0.008478,-0.074196,-0.044354,-0.029841,-0.178595,-0.054856,-0.123739,-0.275115,-0.141183,-0.133931
HAPV3.SA,2021-08-11,3,streak_3,0.001437,-0.011104,0.012541,0.057418,-0.044354,0.101772,0.045206,-0.054856,0.100062,-0.084618,-0.141183,0.056565
VIIA3.SA,2021-08-11,2,streak_2,0.017188,-0.011104,0.028292,-0.171875,-0.044354,-0.127521,-0.295312,-0.054856,-0.240457,-0.430469,-0.141183,-0.289285
SBSP3.SA,2021-08-12,2,streak_2,-0.013595,0.004083,-0.017677,-0.092634,-0.029298,-0.063336,-0.018653,-0.053148,0.034495,0.020234,-0.125649,0.145882
SAPR11.SA,2021-08-12,9,streak_5plus,-0.009004,0.004083,-0.013086,0.006002,-0.029298,0.0353,-0.011405,-0.053148,0.041744,-0.012605,-0.125649,0.113043
ORVR3.SA,2021-08-12,2,streak_2,-0.020094,0.004083,-0.024177,-0.062254,-0.029298,-0.032956,0.117021,-0.053148,0.17017,0.107565,-0.125649,0.233214
BRFS3.SA,2021-08-12,2,streak_2,-0.018709,0.004083,-0.022792,-0.05753,-0.029298,-0.028232,-0.037418,-0.053148,0.01573,-0.048644,-0.125649,0.077005
LIGT3.SA,2021-08-12,2,streak_2,0.012134,0.004083,0.008052,-0.027837,-0.029298,0.001461,-0.049964,-0.053148,0.003184,-0.252677,-0.125649,-0.127028
ENGI11.SA,2021-08-12,9,streak_5plus,-0.009206,0.004083,-0.013289,0.034522,-0.029298,0.06382,0.081703,-0.053148,0.134851,-0.01496,-0.125649,0.110689
ENJU3.SA,2021-08-13,3,streak_3,0.0,2e-06,-2e-06,-0.114493,-0.025917,-0.088576,-0.213043,-0.056998,-0.156046,-0.402899,-0.125636,-0.277263
CSED3.SA,2021-08-16,2,streak_2,-0.038304,-0.027148,-0.011156,-0.032832,-0.025917,-0.006915,-0.176471,-0.041367,-0.135103,-0.361149,-0.112211,-0.248938
YDUQ3.SA,2021-08-16,11,streak_5plus,-0.042247,-0.027148,-0.015099,0.048345,-0.025917,0.074262,0.012631,-0.041367,0.053998,-0.06054,-0.112211,0.051671
IRBR3.SA,2021-08-17,6,streak_5plus,-0.036632,-0.010697,-0.025936,-0.076954,0.019566,-0.09652,-0.010989,-0.024098,0.013109,-0.082418,-0.098125,0.015707
KLBN11.SA,2021-10-26,2,streak_2,-0.013491,-0.00053,-0.01296,-0.070264,-0.008161,-0.062103,-0.032603,-0.017904,-0.014699,0.075885,0.0237,0.052185
VALE3.SA,2021-10-28,2,streak_2,-0.010081,-0.020853,0.010772,-0.10225,-0.021691,-0.080559,-0.053105,-0.032928,-0.020177,0.126553,0.04256,0.083993
EGIE3.SA,2021-11-04,3,streak_3,-0.003146,0.013655,-0.016801,0.003775,0.040446,-0.036671,-0.016357,0.016029,-0.032386,0.021076,0.094923,-0.073848
CSNA3.SA,2021-11-04,2,streak_2,-0.034713,0.013655,-0.048368,-0.042056,0.040446,-0.082502,0.066756,0.016029,0.050727,0.163551,0.094923,0.068628
RDOR3.SA,2021-11-04,4,streak_4,-0.081733,0.013655,-0.095388,-0.076296,0.040446,-0.116742,-0.219282,0.016029,-0.235311,-0.28543,0.094923,-0.380353
YDUQ3.SA,2021-11-08,12,streak_5plus,0.015858,0.006784,0.009074,0.059106,0.014195,0.044911,0.060067,0.026079,0.033989,-0.021624,0.065557,-0.087181
BBSE3.SA,2021-11-08,4,streak_4,-0.000602,0.006784,-0.007386,0.010843,0.014195,-0.003352,-0.06747,0.026079,-0.093549,-0.001807,0.065557,-0.067364
VIIA3.SA,2021-11-09,3,streak_3,0.067989,0.004097,0.063891,None,None,None,-0.17847,0.024262,-0.202732,-0.365439,0.063579,-0.429019
ALUP11.SA,2021-11-09,2,streak_2,0.014192,0.004097,0.010095,None,None,None,0.008734,0.024262,-0.015528,0.046397,0.063579,-0.017182
WEST3.SA,2021-11-10,3,streak_3,0.040107,0.015355,0.024752,-0.069519,-0.02849,-0.041028,0.010695,0.003055,0.00764,-0.096257,0.05924,-0.155496
BRFS3.SA,2021-11-10,3,streak_3,-0.017909,0.015355,-0.033264,-0.038238,-0.02849,-0.009748,-0.14182,0.003055,-0.144875,-0.203291,0.05924,-0.262531
ELMD3.SA,2021-11-10,2,streak_2,-0.034121,0.015355,-0.049476,-0.168635,-0.02849,-0.140145,-0.311024,0.003055,-0.314079,-0.090551,0.05924,-0.149791
ENGI11.SA,2021-11-11,10,streak_5plus,0.013634,-0.011712,0.025346,-0.00946,-0.048038,0.038578,0.083472,0.001521,0.081951,0.023372,0.043123,-0.019751
BMGB4.SA,2021-11-11,2,streak_2,-0.014925,-0.011712,-0.003214,-0.124378,-0.048038,-0.07634,-0.094527,0.001521,-0.096049,-0.019901,0.043123,-0.063023
ORVR3.SA,2021-11-11,3,streak_3,0.013221,-0.011712,0.024933,-0.023871,-0.048038,0.024168,-0.114579,0.001521,-0.116101,0.07859,0.043123,0.035467
GGPS3.SA,2021-11-11,2,streak_2,-0.001254,-0.011712,0.010458,-0.073981,-0.048038,-0.025943,0.005016,0.001521,0.003495,-0.067085,0.043123,-0.110207
SBSP3.SA,2021-11-11,3,streak_3,0.006926,-0.011712,0.018637,-0.053598,-0.048038,-0.00556,0.044264,0.001521,0.042743,-0.028907,0.043123,-0.07203
IRBR3.SA,2021-11-11,7,streak_5plus,0.030895,-0.011712,0.042607,-0.115235,-0.048038,-0.067197,-0.117257,0.001521,-0.118779,-0.382697,0.043123,-0.42582
HAPV3.SA,2021-11-11,4,streak_4,0.033099,-0.011712,0.044811,-0.05341,-0.048038,-0.005372,-0.157172,0.001521,-0.158693,-0.108576,0.043123,-0.151699
RECV3.SA,2021-11-11,2,streak_2,0.062176,-0.011712,0.073888,-0.075993,-0.048038,-0.027955,-0.066494,0.001521,-0.068015,0.303972,0.043123,0.26085
SAPR11.SA,2021-11-11,10,streak_5plus,0.028202,-0.011712,0.039914,-0.02879,-0.048038,0.019249,0.0,0.001521,-0.001521,0.03114,0.043123,-0.011983
CVCB3.SA,2021-11-12,2,streak_2,-0.093443,-0.000212,-0.093231,-0.174317,-0.03103,-0.143287,-0.119126,0.013387,-0.132512,-0.286339,0.057619,-0.343957
SEER3.SA,2021-11-12,2,streak_2,-0.054103,-0.000212,-0.053891,-0.096483,-0.03103,-0.065454,-0.00541,0.013387,-0.018797,-0.024346,0.057619,-0.081965
CPLE11.SA,2021-11-19,2,streak_2,0.021851,-0.0,0.021852,0.022249,-0.007869,0.030117,0.060787,0.040433,0.020354,0.22646,0.117882,0.108578
BPAN4.SA,2022-02-08,2,streak_2,0.077644,0.002022,0.075622,0.08166,0.02311,0.05855,0.093708,0.014843,0.078865,-0.085676,-0.063256,-0.02242
KLBN11.SA,2022-02-09,3,streak_3,-0.005319,0.008059,-0.013379,-0.070745,0.024182,-0.094927,-0.001596,0.010686,-0.012282,-0.119149,-0.083153,-0.035996
KLBN4.SA,2022-02-09,2,streak_2,0.003597,0.008059,-0.004462,-0.05036,0.024182,-0.074542,0.007194,0.010686,-0.003492,-0.082734,-0.083153,0.000419
PARD3.SA,2022-02-10,2,streak_2,-0.014787,0.001805,-0.016592,-0.060998,0.001418,-0.062416,-0.191312,-0.014596,-0.176716,-0.15376,-0.079131,-0.07463
EGIE3.SA,2022-02-14,4,streak_4,0.0,0.011061,-0.011061,-0.001857,-0.007079,0.005222,0.003405,-0.040615,0.044019,0.060662,-0.058534,0.119196
CXSE3.SA,2022-02-15,2,streak_2,0.0,0.003072,-0.003072,-0.100583,-0.016863,-0.08372,-0.173469,-0.032359,-0.14111,-0.172012,-0.068835,-0.103177
BPAC11.SA,2022-02-16,2,streak_2,0.016479,-0.014347,0.030825,0.023851,-0.027551,0.051402,-0.016045,-0.018272,0.002227,-0.013443,-0.055492,0.042049
TAEE11.SA,2022-02-17,2,streak_2,-0.001064,-0.005713,0.00465,0.061702,-0.017058,0.07876,0.114539,0.0157,0.098839,0.135816,-0.064137,0.199952
RAIL3.SA,2022-02-17,3,streak_3,-0.00189,-0.005713,0.003823,-0.057341,-0.017058,-0.040283,-0.008192,0.0157,-0.023892,-0.039698,-0.064137,0.024439
VAMO3.SA,2022-02-17,2,streak_2,-0.026515,-0.005713,-0.020802,-0.076705,-0.017058,-0.059646,-0.126894,0.0157,-0.142594,0.149621,-0.064137,0.213758
RRRP3.SA,2022-02-22,2,streak_2,-0.02525,-0.007832,-0.017418,-0.059933,0.002216,-0.062149,0.042175,0.040442,0.001734,0.149001,-0.039009,0.18801
RADL3.SA,2022-02-22,2,streak_2,0.018987,-0.007832,0.02682,None,None,None,-0.022395,0.040442,-0.062837,-0.212756,-0.039009,-0.173747
IRBR3.SA,2022-02-23,8,streak_5plus,-0.012432,-0.003712,-0.00872,-0.040551,0.028266,-0.068817,-0.037355,0.0629,-0.100255,-0.115269,-0.012739,-0.10253
ALUP11.SA,2022-02-23,3,streak_3,0.012947,-0.003712,0.016658,0.132056,0.028266,0.10379,0.055412,0.0629,-0.007488,0.111341,-0.012739,0.12408
BEEF3.SA,2022-02-23,2,streak_2,-0.007609,-0.003712,-0.003897,None,None,None,0.107609,0.0629,0.044709,0.282609,-0.012739,0.295347
PETR3.SA,2022-02-24,2,streak_2,-0.016165,0.013891,-0.030055,-0.575312,0.032025,-0.607337,-0.036003,0.067113,-0.103116,0.138134,-0.009069,0.147203
SAPR11.SA,2022-02-24,11,streak_5plus,-0.009497,0.013891,-0.023388,-0.013966,0.032025,-0.045991,0.002793,0.067113,-0.06432,0.010056,-0.009069,0.019125
CSNA3.SA,2022-03-09,3,streak_3,0.014886,-0.002083,0.016968,-0.152578,-0.024477,-0.128102,-0.091441,0.043562,-0.135003,-0.174907,-0.033631,-0.141276
AMBP3.SA,2022-03-14,2,streak_2,0.009967,-0.02465,0.034617,0.076412,0.032208,0.044204,0.096346,0.03969,0.056656,-0.112957,-0.055784,-0.057173
GOLL4.SA,2022-03-14,2,streak_2,-0.025411,-0.02465,-0.000761,0.130792,0.032208,0.098585,0.259342,0.03969,0.219653,-0.079223,-0.055784,-0.023439
YDUQ3.SA,2022-03-16,13,streak_5plus,-0.104953,0.017675,-0.122628,0.002358,0.057104,-0.054745,0.01592,0.045622,-0.029702,-0.26592,-0.081442,-0.184478
BRKM5.SA,2022-03-16,2,streak_2,0.015239,0.017675,-0.002436,0.042484,0.057104,-0.014619,-0.022628,0.045622,-0.06825,-0.026784,-0.081442,0.054658
CVCB3.SA,2022-03-16,3,streak_3,0.171457,0.017675,0.153782,0.380575,0.057104,0.323471,0.44004,0.045622,0.394418,-0.186323,-0.081442,-0.104881
ENGI11.SA,2022-03-17,11,streak_5plus,0.019523,0.019762,-0.000239,0.081887,0.052854,0.029033,0.09192,0.027465,0.064454,-0.029555,-0.090819,0.061264
ELET6.SA,2022-03-20,2,streak_2,-0.00921,0.01701,-0.02622,0.035069,0.032694,0.002375,0.154446,-0.008388,0.162834,None,None,None
CPLE11.SA,2022-03-22,3,streak_3,0.041061,0.001577,0.039485,-0.041693,0.023379,-0.065072,-0.01832,-0.024971,0.006652,-0.000316,-0.148777,0.148461
RECV3.SA,2022-03-22,3,streak_3,0.077443,0.001577,0.075866,0.181315,0.023379,0.157936,0.133989,-0.024971,0.15896,0.157345,-0.148777,0.306122
HAPV3.SA,2022-03-23,5,streak_5plus,0.006723,0.013584,-0.006862,0.02521,0.023859,0.001351,None,None,None,-0.508403,-0.151313,-0.35709
SBSP3.SA,2022-03-25,4,streak_4,-0.028236,-1e-06,-0.028235,0.033979,0.020902,0.013078,0.012443,-0.091268,0.103711,-0.081598,-0.176357,0.094759
ANIM3.SA,2022-03-27,3,streak_3,-0.003738,0.007836,-0.011575,0.054206,0.020902,0.033304,-0.175701,-0.081723,-0.093978,-0.334579,-0.171385,-0.163194
CSMG3.SA,2022-03-29,2,streak_2,0.020913,0.002046,0.018866,-0.045627,-0.009407,-0.03622,-0.015209,-0.084117,0.068908,-0.188213,-0.17783,-0.010383
ALSO3.SA,2022-03-29,2,streak_2,0.036292,0.002046,0.034246,0.040665,-0.009407,0.050072,-0.083953,-0.084117,0.000164,-0.254916,-0.17783,-0.077086
DASA3.SA,2022-03-29,2,streak_2,-0.051272,0.002046,-0.053318,-0.085714,-0.009407,-0.076307,-0.078278,-0.084117,0.005839,-0.358904,-0.17783,-0.181074
KLBN3.SA,2022-03-30,2,streak_2,-0.020408,-0.002166,-0.018242,-0.075802,-0.016897,-0.058905,-0.137026,-0.102974,-0.034052,-0.265306,-0.163549,-0.101757
USIM3.SA,2022-04-20,2,streak_2,-0.066667,2e-06,-0.066669,-0.121296,-0.043679,-0.077617,-0.130556,-0.06418,-0.066376,-0.298148,-0.155608,-0.14254
SANB11.SA,2022-04-26,2,streak_2,-0.045581,0.010503,-0.056084,-0.061935,-0.015569,-0.046366,0.020877,0.021873,-0.000996,-0.158316,-0.085831,-0.072485
VAMO3.SA,2022-04-27,3,streak_3,0.019268,0.005209,0.014059,0.088632,-0.009196,0.097828,0.189788,0.023233,0.166555,-0.003854,-0.095331,0.091477
PGMN3.SA,2022-05-02,2,streak_2,-0.023121,-0.012495,-0.010626,-0.150289,-0.025409,-0.12488,-0.146435,0.032208,-0.178644,-0.460501,-0.048939,-0.411562
CSMG3.SA,2022-05-02,3,streak_3,-0.040363,-0.012495,-0.027868,-0.09889,-0.025409,-0.073481,-0.005045,0.032208,-0.037254,-0.126135,-0.048939,-0.077196
KLBN11.SA,2022-05-03,4,streak_4,0.01261,0.017044,-0.004434,0.044136,-0.032087,0.076223,0.081337,0.045358,0.035979,-0.069357,-0.031573,-0.037784
KLBN4.SA,2022-05-03,3,streak_3,0.021008,0.017044,0.003965,0.071429,-0.032087,0.103515,0.109244,0.045358,0.063886,-0.016807,-0.031573,0.014766
RADL3.SA,2022-05-03,3,streak_3,-0.01495,0.017044,-0.031994,-0.07309,-0.032087,-0.041003,0.01052,0.045358,-0.034837,0.016611,-0.031573,0.048184
MBRF3.SA,2022-05-03,2,streak_2,-0.00986,0.017044,-0.026904,-0.153657,-0.032087,-0.12157,-0.148726,0.045358,-0.194084,-0.279376,-0.031573,-0.247803
MRFG3.SA,2022-05-03,2,streak_2,-0.009939,0.017044,-0.026983,-0.15367,-0.032087,-0.121583,-0.148318,0.045358,-0.193676,-0.279817,-0.031573,-0.248244
RRRP3.SA,2022-05-03,3,streak_3,-0.007262,0.017044,-0.024306,-0.084329,-0.032087,-0.052242,0.111033,0.045358,0.065676,-0.274537,-0.031573,-0.242964
TOTS3.SA,2022-05-04,2,streak_2,0.028782,-0.028055,0.056837,-0.168831,-0.036429,-0.132402,-0.075114,0.037373,-0.112487,-0.157248,-0.047799,-0.109449
CSNA3.SA,2022-05-04,4,streak_4,0.026441,-0.028055,0.054495,-0.141017,-0.036429,-0.104588,0.060339,0.037373,0.022966,-0.296949,-0.047799,-0.24915
DIRR3.SA,2022-05-05,2,streak_2,-0.042453,-0.001609,-0.040844,-0.141509,0.003641,-0.145151,-0.070755,0.055061,-0.125815,0.132075,-0.018446,0.150522
RAIL3.SA,2022-05-05,4,streak_4,-0.031169,-0.001609,-0.02956,-0.051948,0.003641,-0.055589,0.133117,0.055061,0.078056,0.083117,-0.018446,0.101563
SAPR11.SA,2022-05-05,12,streak_5plus,-0.021852,-0.001609,-0.020242,0.008626,0.003641,0.004984,0.050029,0.055061,-0.005032,-0.035078,-0.018446,-0.016631
OIBR3.SA,2022-05-05,2,streak_2,0.0,-0.001609,0.001609,-0.078884,0.003641,-0.082526,-0.118459,0.055061,-0.17352,-0.355246,-0.018446,-0.336799
GGBR4.SA,2022-05-05,2,streak_2,0.023353,-0.001609,0.024963,-0.010778,0.003641,-0.01442,0.126946,0.055061,0.071885,-0.118563,-0.018446,-0.100116
SIMH3.SA,2022-05-06,2,streak_2,-0.02737,3e-06,-0.027373,-0.037146,0.017021,-0.054166,0.116325,0.056758,0.059566,-0.048876,-0.012936,-0.03594
QUAL3.SA,2022-05-09,2,streak_2,-0.026187,-0.019262,-0.006925,-0.023732,0.017016,-0.040748,-0.105565,0.046937,-0.152502,-0.169394,0.007202,-0.176597
CXSE3.SA,2022-05-09,3,streak_3,0.006993,-0.019262,0.026255,-0.006993,0.017016,-0.024009,-0.012238,0.046937,-0.059175,-0.033217,0.007202,-0.040419
BLAU3.SA,2022-05-09,2,streak_2,-0.035294,-0.019262,-0.016033,0.028877,0.017016,0.011861,0.050267,0.046937,0.00333,0.319786,0.007202,0.312584
VIIA3.SA,2022-05-09,4,streak_4,-0.028881,-0.019262,-0.009619,0.00361,0.017016,-0.013406,0.093863,0.046937,0.046925,-0.054152,0.007202,-0.061354
CVCB3.SA,2022-05-10,4,streak_4,0.056889,0.012481,0.044407,0.160889,0.055081,0.105808,-0.087111,0.050992,-0.138103,-0.292444,0.032606,-0.32505
TEND3.SA,2022-05-11,2,streak_2,-0.054737,0.012364,-0.067101,0.010526,0.017723,-0.007197,-0.138947,0.025832,-0.16478,0.193684,0.019877,0.173807
ENGI11.SA,2022-05-11,12,streak_5plus,-0.026471,0.012364,-0.038835,-0.022616,0.017723,-0.04034,-0.046518,0.025832,-0.07235,-0.024929,0.019877,-0.044806
ALSO3.SA,2022-05-11,3,streak_3,0.009009,0.012364,-0.003355,0.066243,0.017723,0.048519,-0.010599,0.025832,-0.036431,-0.004769,0.019877,-0.024646
BEEF3.SA,2022-05-11,3,streak_3,0.009836,0.012364,-0.002528,-0.044262,0.017723,-0.061986,0.045902,0.025832,0.020069,-0.006557,0.019877,-0.026434
TAEE11.SA,2022-05-12,3,streak_3,0.012654,0.0117,0.000954,0.01993,0.012467,0.007464,0.007909,-0.001953,0.009862,0.059475,0.028039,0.031436
YDUQ3.SA,2022-05-12,14,streak_5plus,0.060196,0.0117,0.048496,0.234011,0.012467,0.221544,0.051919,-0.001953,0.053872,0.084274,0.028039,0.056235
BRIT3.SA,2022-05-12,2,streak_2,0.032727,0.0117,0.021027,-0.007273,0.012467,-0.019739,-0.283636,-0.001953,-0.281683,0.061818,0.028039,0.033779
BMGB4.SA,2022-05-12,3,streak_3,0.028571,0.0117,0.016871,0.017143,0.012467,0.004676,-0.017143,-0.001953,-0.01519,0.028571,0.028039,0.000532
MDIA3.SA,2022-05-13,2,streak_2,0.008648,-2e-06,0.00865,-0.075558,0.014624,-0.090182,0.065089,-0.013497,0.078586,0.343195,0.030971,0.312224
KRSA3.SA,2022-05-16,2,streak_2,0.100313,0.017445,0.082868,0.22884,0.014627,0.214213,-0.068966,-0.04546,-0.023506,0.021944,0.02613,-0.004187
ORVR3.SA,2022-05-16,4,streak_4,0.007539,0.017445,-0.009906,-0.037998,0.014627,-0.052625,-0.107961,-0.04546,-0.062502,-0.016888,0.02613,-0.043018
ANIM3.SA,2022-05-16,4,streak_4,0.03,0.017445,0.012555,0.0125,0.014627,-0.002127,-0.1025,-0.04546,-0.05704,0.0125,0.02613,-0.01363
CLSA3.SA,2022-05-17,2,streak_2,-0.152893,-0.023368,-0.129525,-0.107438,0.016467,-0.123905,-0.227273,-0.054992,-0.172281,0.107438,0.036538,0.0709
CSED3.SA,2022-05-17,4,streak_4,-0.010753,-0.023368,0.012615,-0.02509,0.016467,-0.041557,-0.172043,-0.054992,-0.117051,0.0681,0.036538,0.031562
ESPA3.SA,2022-05-17,2,streak_2,-0.1,-0.023368,-0.076632,-0.144737,0.016467,-0.161204,-0.415789,-0.054992,-0.360798,-0.313158,0.036538,-0.349696
AURE3.SA,2022-06-28,2,streak_2,0.01434,-0.009641,0.023982,0.018164,-0.022833,0.040997,0.077438,0.008416,0.069022,0.073614,0.110592,-0.036978
IGTI11.SA,2022-06-30,2,streak_2,-0.012224,0.00418,-0.016404,0.041327,0.022201,0.019126,0.09546,0.046911,0.048548,0.101863,0.099799,0.002064
AESB3.SA,2022-06-30,2,streak_2,-0.008571,0.00418,-0.012752,-0.00381,0.022201,-0.026011,0.0,0.046911,-0.046911,-0.1,0.099799,-0.199799
SANB11.SA,2022-07-28,3,streak_3,0.025221,0.005537,0.019684,0.016393,0.032122,-0.015728,0.086171,0.094566,-0.008396,0.08575,0.117245,-0.031495
ECOR3.SA,2022-07-29,2,streak_2,0.019531,3e-06,0.019528,0.101562,0.032058,0.069505,0.087891,0.088541,-0.00065,-0.050781,0.093046,-0.143828
USIM3.SA,2022-07-29,3,streak_3,-0.01906,3e-06,-0.019063,-0.008895,0.032058,-0.040952,0.01906,0.088541,-0.069481,-0.021601,0.093046,-0.114647
SBFG3.SA,2022-08-02,2,streak_2,-0.062469,0.003995,-0.066464,0.023798,0.051173,-0.027375,0.007933,0.059608,-0.051675,-0.181458,0.108138,-0.289596
MOVI3.SA,2022-08-02,2,streak_2,-0.002773,0.003995,-0.006768,0.095194,0.051173,0.044021,0.091497,0.059608,0.031889,0.048983,0.108138,-0.059155
TOTS3.SA,2022-08-04,3,streak_3,0.015764,0.005474,0.01029,0.120049,0.036128,0.08392,0.060226,0.046954,0.013273,0.229588,0.104223,0.125364
SAPR11.SA,2022-08-04,13,streak_5plus,0.009765,0.005474,0.00429,-0.053992,0.036128,-0.09012,-0.092476,0.046954,-0.139429,0.0,0.104223,-0.104223
TEND3.SA,2022-08-04,3,streak_3,0.125326,0.005474,0.119852,0.362924,0.036128,0.326796,0.537859,0.046954,0.490905,0.522193,0.104223,0.41797
DIRR3.SA,2022-08-08,3,streak_3,-0.003774,0.020466,-0.02424,-0.026415,0.059095,-0.08551,0.135849,0.030917,0.104932,None,None,None
SMTO3.SA,2022-08-08,2,streak_2,0.019812,0.020466,-0.000654,0.059436,0.059095,0.000341,-0.159167,0.030917,-0.190084,None,None,None
CURY3.SA,2022-08-09,2,streak_2,-0.017699,0.014585,-0.032284,0.073746,0.044743,0.029004,0.116519,0.010243,0.106276,0.479351,0.087476,0.391875
KLBN11.SA,2022-08-10,5,streak_5plus,-0.003238,-0.004697,0.001459,0.026554,0.031496,-0.004942,None,None,None,0.148316,0.071843,0.076473
ALSO3.SA,2022-08-10,4,streak_4,0.038504,-0.004697,0.043201,0.041804,0.031496,0.010308,None,None,None,0.231573,0.071843,0.15973
KLBN4.SA,2022-08-10,4,streak_4,0.004016,-0.004697,0.008713,0.032129,0.031496,0.000632,None,None,None,0.176707,0.071843,0.104864
BRFS3.SA,2022-08-10,2,streak_2,0.029372,-0.004697,0.034069,0.056011,0.031496,0.024515,None,None,None,-0.238388,0.071843,-0.310231
RRRP3.SA,2022-08-10,4,streak_4,-0.001789,-0.004697,0.002908,-0.031613,0.031496,-0.06311,None,None,None,0.489114,0.071843,0.417271
KRSA3.SA,2022-08-10,3,streak_3,0.034921,-0.004697,0.039618,-0.057143,0.031496,-0.088639,None,None,None,-0.326984,0.071843,-0.398827
MRVE3.SA,2022-08-11,2,streak_2,-0.110035,0.027765,-0.1378,-0.029049,0.037322,-0.066372,0.004402,0.023537,-0.019136,-0.125528,0.058718,-0.184246
MRFG3.SA,2022-08-11,3,streak_3,0.054171,0.027765,0.026406,0.200433,0.037322,0.163111,-0.031419,0.023537,-0.054957,-0.073673,0.058718,-0.132391
MBRF3.SA,2022-08-11,3,streak_3,0.053551,0.027765,0.025786,0.200233,0.037322,0.16291,-0.048894,0.023537,-0.072431,-0.090803,0.058718,-0.149521
ENGI11.SA,2022-08-11,13,streak_5plus,-0.01224,0.027765,-0.040005,0.050521,0.037322,0.013199,-0.015625,0.023537,-0.039162,0.084375,0.058718,0.025657
PETZ3.SA,2022-08-11,2,streak_2,-0.089792,0.027765,-0.117557,-0.010397,0.037322,-0.047719,-0.113422,0.023537,-0.136959,-0.229679,0.058718,-0.288397
RAPT4.SA,2022-08-11,2,streak_2,0.003006,0.027765,-0.024759,0.018036,0.037322,-0.019286,-0.183367,0.023537,-0.206904,-0.12024,0.058718,-0.178958
NATU3.SA,2022-08-11,2,streak_2,-0.017983,0.027765,-0.045748,-0.117534,0.037322,-0.154856,-0.059088,0.023537,-0.082625,-0.172768,0.058718,-0.231486
TAEE11.SA,2022-08-11,4,streak_4,-0.023283,0.027765,-0.051048,0.008842,0.037322,-0.028481,0.001179,0.023537,-0.022358,-0.058945,0.058718,-0.117663
NTCO3.SA,2022-08-11,2,streak_2,-0.017983,0.027765,-0.045748,-0.117534,0.037322,-0.154856,-0.059088,0.023537,-0.082625,-0.172768,0.058718,-0.231486
HAPV3.SA,2022-08-11,6,streak_5plus,-0.036496,0.027765,-0.064261,0.110949,0.037322,0.073627,0.160584,0.023537,0.137047,0.108029,0.058718,0.049311
LIGT3.SA,2022-08-12,2,streak_2,0.105354,-2e-06,0.105356,0.103627,-0.011245,0.114872,-0.003454,-0.004117,0.000663,0.022453,0.007235,0.015218
RAIL3.SA,2022-08-12,5,streak_5plus,0.052541,-2e-06,0.052544,0.083952,-0.011245,0.095197,0.125642,-0.004117,0.12976,0.128498,0.007235,0.121263
BMGB4.SA,2022-08-12,4,streak_4,-0.011236,-2e-06,-0.011234,-0.011236,-0.011245,9e-06,-0.078652,-0.004117,-0.074535,0.0,0.007235,-0.007235
CSAN3.SA,2022-08-12,2,streak_2,0.036126,-2e-06,0.036128,0.046073,-0.011245,0.057318,-0.070157,-0.004117,-0.06604,-0.102618,0.007235,-0.109853
QUAL3.SA,2022-08-12,3,streak_3,0.054054,-2e-06,0.054056,-0.010252,-0.011245,0.000994,-0.147251,-0.004117,-0.143134,-0.257223,0.007235,-0.264458
CYRE3.SA,2022-08-12,2,streak_2,0.008534,-2e-06,0.008536,0.038014,-0.011245,0.049259,0.156711,-0.004117,0.160828,0.188518,0.007235,0.181283
CSED3.SA,2022-08-15,5,streak_5plus,0.108475,0.006637,0.101838,0.115254,-0.011245,0.126499,0.179661,-0.01747,0.197131,0.169492,-0.026503,0.195994
CSNA3.SA,2022-08-15,5,streak_5plus,-0.045879,0.006637,-0.052516,-0.079014,-0.011245,-0.06777,-0.147833,-0.01747,-0.130363,-0.197961,-0.026503,-0.171458
ONCO3.SA,2022-08-15,2,streak_2,0.080342,0.006637,0.073705,0.018803,-0.011245,0.030048,0.148718,-0.01747,0.166188,0.355556,-0.026503,0.382058
ANIM3.SA,2022-08-15,5,streak_5plus,0.024876,0.006637,0.018239,-0.146766,-0.011245,-0.135521,0.019901,-0.01747,0.037371,0.19403,-0.026503,0.220532
ORVR3.SA,2022-08-16,5,streak_5plus,0.032057,0.001721,0.030336,-0.02612,-0.005773,-0.020348,0.219947,-0.026127,0.246073,0.246364,-0.01109,0.257454
YDUQ3.SA,2022-08-16,15,streak_5plus,-0.11733,0.001721,-0.119051,-0.236682,-0.005773,-0.23091,-0.25354,-0.026127,-0.227413,-0.256912,-0.01109,-0.245821
BBDC3.SA,2022-09-29,2,streak_2,0.010679,0.022036,-0.011357,0.092296,0.09192,0.000376,0.002288,0.063853,-0.061565,-0.186117,0.008488,-0.194605
BRKM3.SA,2022-09-29,2,streak_2,-0.012463,0.022036,-0.034499,0.026894,0.09192,-0.065026,0.062644,0.063853,-0.00121,-0.2286,0.008488,-0.237087
AESB3.SA,2022-09-30,3,streak_3,0.005376,2e-06,0.005374,0.02043,0.057603,-0.037173,0.035484,0.040916,-0.005432,0.032258,0.001817,0.030441
IGTI11.SA,2022-09-30,3,streak_3,0.018568,2e-06,0.018566,0.09496,0.057603,0.037357,0.045623,0.040916,0.004707,-0.092308,0.001817,-0.094125
SANB11.SA,2022-10-26,4,streak_4,-0.05257,0.016645,-0.069215,-0.016355,0.036934,-0.05329,-0.067368,-0.008271,-0.059097,-0.028816,-0.00641,-0.022406
KLBN11.SA,2022-10-26,6,streak_5plus,0.00609,0.016645,-0.010555,0.048721,0.036934,0.011787,0.042631,-0.008271,0.050902,-0.047503,-0.00641,-0.041093
GOLL4.SA,2022-10-27,2,streak_2,0.052503,-0.000887,0.05339,None,None,None,0.013431,-0.049407,0.062838,-0.079365,-0.014067,-0.065298
USIM3.SA,2022-10-28,4,streak_4,-0.076618,0.0,-0.076618,-0.07926,0.031574,-0.110834,-0.06605,-0.04856,-0.01749,0.009247,-0.002348,0.011595
USIM5.SA,2022-10-28,2,streak_2,-0.041018,0.0,-0.041018,-0.028289,0.031574,-0.059862,-0.007072,-0.04856,0.041488,0.079208,-0.002348,0.081556
CSNA3.SA,2022-10-31,6,streak_5plus,-0.002304,0.020863,-0.023167,0.103687,0.031574,0.072113,0.167051,-0.031687,0.198738,0.601382,-0.003156,0.604539
SBFG3.SA,2022-11-01,3,streak_3,-0.001148,0.0,-0.001148,-0.004592,-0.006571,0.001978,-0.221584,-0.037995,-0.18359,-0.403559,-0.039447,-0.364112
PRIO3.SA,2022-11-01,2,streak_2,0.04925,0.0,0.04925,0.029154,-0.006571,0.035724,-0.003113,-0.037995,0.034881,0.196434,-0.039447,0.235881
MOVI3.SA,2022-11-07,3,streak_3,-0.049587,-0.016885,-0.032701,-0.280992,-0.05362,-0.227372,-0.430579,-0.067427,-0.363151,-0.466942,-0.067833,-0.399109
QUAL3.SA,2022-11-08,4,streak_4,0.051451,-0.022213,0.073664,-0.129288,-0.019786,-0.109502,-0.238786,-0.061052,-0.177734,-0.211082,-0.065744,-0.145338
LOGN3.SA,2022-11-08,2,streak_2,0.0125,-0.022213,0.034713,-0.074444,-0.019786,-0.054658,-0.166389,-0.061052,-0.105337,-0.065,-0.065744,0.000744
BRKM5.SA,2022-11-09,2,streak_2,-0.055327,-0.033497,-0.02183,None,None,None,-0.175782,-0.055741,-0.120042,-0.303825,-0.044524,-0.259301
MRVE3.SA,2022-11-09,3,streak_3,-0.035714,-0.033497,-0.002217,None,None,None,-0.157143,-0.055741,-0.101402,-0.329592,-0.044524,-0.285067
SMTO3.SA,2022-11-09,3,streak_3,0.004037,-0.033497,0.037534,None,None,None,-0.048849,-0.055741,0.006891,-0.069843,-0.044524,-0.025318
LAVV3.SA,2022-11-09,2,streak_2,-0.016032,-0.033497,0.017465,None,None,None,-0.172345,-0.055741,-0.116604,-0.158317,-0.044524,-0.113792
NTCO3.SA,2022-11-09,3,streak_3,0.003182,-0.033497,0.03668,None,None,None,-0.054097,-0.055741,0.001644,0.069212,-0.044524,0.113737
PETZ3.SA,2022-11-09,3,streak_3,0.089005,-0.033497,0.122503,None,None,None,-0.191099,-0.055741,-0.135359,-0.117801,-0.044524,-0.073277
CPLE6.SA,2022-11-09,2,streak_2,-0.004399,-0.033497,0.029099,None,None,None,0.060117,-0.055741,0.115858,-0.014663,-0.044524,0.029862
NATU3.SA,2022-11-09,3,streak_3,0.003182,-0.033497,0.03668,None,None,None,-0.054097,-0.055741,0.001644,0.069212,-0.044524,0.113737
AMER3.SA,2022-11-10,2,streak_2,-0.089993,0.022574,-0.112566,-0.185745,-0.000662,-0.185083,-0.38085,-0.02055,-0.360299,-0.87545,-0.017725,-0.857725
MBRF3.SA,2022-11-10,4,streak_4,-0.05364,0.022574,-0.076213,-0.112388,-0.000662,-0.111726,-0.333333,-0.02055,-0.312783,-0.305236,-0.017725,-0.287512
PARD3.SA,2022-11-10,2,streak_2,-0.002154,0.022574,-0.024728,-0.044377,-0.000662,-0.043715,-0.103404,-0.02055,-0.082854,-0.132581,-0.017725,-0.114857
MRFG3.SA,2022-11-10,4,streak_4,-0.05257,0.022574,-0.075144,-0.11215,-0.000662,-0.111487,-0.332944,-0.02055,-0.312394,-0.28972,-0.017725,-0.271995
ALSO3.SA,2022-11-10,5,streak_5plus,-0.092461,0.022574,-0.115035,-0.182077,-0.000662,-0.181415,-0.205785,-0.02055,-0.185235,-0.152679,-0.017725,-0.134954
MGLU3.SA,2022-11-10,2,streak_2,-0.109462,0.022574,-0.132036,-0.25487,-0.000662,-0.254208,-0.364564,-0.02055,-0.344014,-0.076067,-0.017725,-0.058342
YDUQ3.SA,2022-11-10,16,streak_5plus,-0.139063,0.022574,-0.161636,-0.096875,-0.000662,-0.096213,-0.225,-0.02055,-0.20445,-0.349219,-0.017725,-0.331494
MLAS3.SA,2022-11-11,2,streak_2,-0.070615,-0.003862,-0.066753,-0.145786,-0.03014,-0.115646,-0.207289,-0.040662,-0.166627,-0.359909,-0.020507,-0.339402
KRSA3.SA,2022-11-11,4,streak_4,0.131579,-0.003862,0.135441,-0.157895,-0.03014,-0.127755,-0.357895,-0.040662,-0.317232,-0.389474,-0.020507,-0.368967
ENGI11.SA,2022-11-11,14,streak_5plus,0.02381,-0.003862,0.027671,-0.028622,-0.03014,0.001518,-0.077254,-0.040662,-0.036592,-0.107396,-0.020507,-0.086889
VIIA3.SA,2022-11-11,5,streak_5plus,-0.054264,-0.003862,-0.050402,-0.065891,-0.03014,-0.035751,-0.22093,-0.040662,-0.180268,-0.186047,-0.020507,-0.165539
LIGT3.SA,2022-11-11,3,streak_3,0.070476,-0.003862,0.074338,0.051429,-0.03014,0.081569,-0.070476,-0.040662,-0.029814,-0.493333,-0.020507,-0.472826
RECV3.SA,2022-11-11,2,streak_2,0.022231,-0.003862,0.026093,-0.073839,-0.03014,-0.043699,-0.149663,-0.040662,-0.109,-0.094879,-0.020507,-0.074372
RENT3.SA,2022-11-14,2,streak_2,0.016643,0.018261,-0.001618,-0.063595,-0.026292,-0.037303,-0.199019,-0.074051,-0.124968,-0.083041,-0.03409,-0.048951
CSAN3.SA,2022-11-14,3,streak_3,-0.020564,0.018261,-0.038826,-0.058167,-0.026292,-0.031875,-0.092832,-0.074051,-0.018781,-0.104583,-0.03409,-0.070493
ORVR3.SA,2022-11-14,6,streak_5plus,0.015553,0.018261,-0.002709,-0.045687,-0.026292,-0.019394,-0.219927,-0.074051,-0.145877,-0.014824,-0.03409,0.019266
ANIM3.SA,2022-11-14,6,streak_5plus,-0.021226,0.018261,-0.039488,-0.113208,-0.026292,-0.086915,-0.311321,-0.074051,-0.23727,-0.29717,-0.03409,-0.26308
SAPR11.SA,2022-11-24,14,streak_5plus,0.040694,-0.025525,0.066219,0.004189,-0.008098,0.012287,-0.027528,-0.019079,-0.00845,None,None,None
SANB11.SA,2023-02-02,5,streak_5plus,-0.005419,-0.014683,0.009264,0.04085,-0.019362,0.060213,-0.027095,-0.056969,0.029875,-0.007503,-0.045325,0.037822
KLBN11.SA,2023-02-08,7,streak_5plus,-0.003222,-0.017675,0.014454,0.025773,-0.003195,0.028969,0.022552,-0.057601,0.080152,0.074098,-0.015417,0.089515
TTEN3.SA,2023-02-09,2,streak_2,-0.01006,0.00065,-0.01071,0.220322,0.017901,0.202421,0.249497,-0.040646,0.290143,0.095573,0.00422,0.091353
USIM3.SA,2023-02-10,5,streak_5plus,-0.023384,0.000664,-0.024047,-0.024759,0.010165,-0.034925,-0.070151,-0.047613,-0.022539,-0.038514,0.003569,-0.042083
USIM5.SA,2023-02-10,3,streak_3,-0.011679,0.000664,-0.012343,-0.017518,0.010165,-0.027684,-0.067153,-0.047613,-0.019541,0.052555,0.003569,0.048986
CRFB3.SA,2023-02-13,2,streak_2,-0.012319,-0.002785,-0.009534,0.057971,0.010661,0.04731,-0.094203,-0.05062,-0.043583,-0.282609,0.000404,-0.283013
RAIZ4.SA,2023-02-14,2,streak_2,-0.074349,0.016239,-0.090588,None,None,None,-0.156134,-0.040929,-0.115205,0.078067,0.014939,0.063128
BEEF3.SA,2023-02-23,2,streak_2,0.035349,-0.016678,0.052027,0.00093,-0.039661,0.040591,0.004651,-0.081451,0.086103,-0.111628,0.022878,-0.134506
HAPV3.SA,2023-02-28,7,streak_5plus,-0.013187,-0.005215,-0.007971,-0.402198,-0.006709,-0.395489,-0.421978,-0.029919,-0.392059,-0.142857,0.038454,-0.181312
BRFS3.SA,2023-02-28,3,streak_3,-0.049296,-0.005215,-0.04408,0.110915,-0.006709,0.117625,-0.024648,-0.029919,0.005271,0.140845,0.038454,0.102391
BLAU3.SA,2023-03-01,2,streak_2,-0.014736,-0.010146,-0.00459,0.010643,0.020651,-0.010008,-0.117479,-0.00643,-0.111048,-0.252968,0.037845,-0.290812
MBRF3.SA,2023-03-01,5,streak_5plus,0.031056,-0.010146,0.041202,0.091097,0.020651,0.070446,0.037267,-0.00643,0.043697,-0.018634,0.037845,-0.056478
MRFG3.SA,2023-03-01,5,streak_5plus,0.031481,-0.010146,0.041627,0.090741,0.020651,0.07009,0.038889,-0.00643,0.045319,-0.018519,0.037845,-0.056363
ALUP11.SA,2023-03-02,2,streak_2,0.000451,0.00523,-0.004779,-0.036052,0.016894,-0.052946,-0.025687,-0.01397,-0.011718,0.133844,0.070061,0.063784
MOVI3.SA,2023-03-06,4,streak_4,0.041293,0.003485,0.037808,0.228007,-0.002388,0.230395,0.210054,-0.019222,0.229276,0.827648,0.083685,0.743963
CSNA3.SA,2023-03-08,7,streak_5plus,0.039531,-0.013789,0.053321,-0.091508,-0.036276,-0.055232,-0.150805,-0.053675,-0.09713,-0.166911,0.083985,-0.250896
MRVE3.SA,2023-03-08,4,streak_4,0.047452,-0.013789,0.061241,0.221441,-0.036276,0.257717,0.128295,-0.053675,0.181971,1.075571,0.083985,0.991586
PETZ3.SA,2023-03-08,4,streak_4,0.091065,-0.013789,0.104855,0.0,-0.036276,0.036276,-0.091065,-0.053675,-0.03739,0.226804,0.083985,0.142819
VIIA3.SA,2023-03-09,6,streak_5plus,-0.005128,-0.013829,0.0087,0.087179,-0.015575,0.102755,-0.035897,-0.040441,0.004544,0.276923,0.099141,0.177783
CBAV3.SA,2023-03-09,2,streak_2,-0.026946,-0.013829,-0.013118,-0.266467,-0.015575,-0.250892,-0.401198,-0.040441,-0.360757,-0.400802,0.099141,-0.499942
ARZZ3.SA,2023-03-09,2,streak_2,0.000931,-0.013829,0.01476,-0.125316,-0.015575,-0.109741,-0.195158,-0.040441,-0.154717,0.012106,0.099141,-0.087035
NATU3.SA,2023-03-13,4,streak_4,0.0121,-0.006617,0.018716,-0.066904,-0.015789,-0.051115,-0.192171,0.031575,-0.223746,0.08968,0.129331,-0.039651
NTCO3.SA,2023-03-13,4,streak_4,0.0121,-0.006617,0.018716,-0.066904,-0.015789,-0.051115,-0.192171,0.031575,-0.223746,0.08968,0.129331,-0.039651
AXIA6.SA,2023-03-14,2,streak_2,0.018545,-0.002496,0.021042,0.016727,-0.018791,0.035519,0.145091,0.03425,0.110841,0.372727,0.134169,0.238558
RENT3.SA,2023-03-15,3,streak_3,0.007456,0.007394,6.2e-05,-0.008522,-0.023909,0.015387,0.111845,0.0351,0.076745,0.262889,0.159662,0.103227
TAEE11.SA,2023-03-15,6,streak_5plus,0.017765,0.007394,0.010371,-0.047804,-0.023909,-0.023895,-0.04522,0.0351,-0.08032,0.030685,0.159662,-0.128977
ENGI11.SA,2023-03-16,15,streak_5plus,-0.007975,-0.014049,0.006074,-0.074623,-0.053254,-0.021369,0.123042,0.027499,0.095543,0.168043,0.152621,0.015422
YDUQ3.SA,2023-03-16,17,streak_5plus,0.0,-0.014049,0.014049,-0.021866,-0.053254,0.031388,0.109329,0.027499,0.081831,1.438776,0.152621,1.286154
MDIA3.SA,2023-03-17,2,streak_2,0.009385,5e-06,0.00938,-0.227668,-0.03091,-0.196758,-0.134515,0.041004,-0.17552,0.313521,0.164509,0.149012
JHSF3.SA,2023-03-17,2,streak_2,-0.058824,5e-06,-0.058828,-0.14902,-0.03091,-0.11811,0.003922,0.041004,-0.037083,0.258824,0.164509,0.094314
IRBR3.SA,2023-03-21,2,streak_2,-0.005278,-0.007698,0.00242,-0.012476,0.001851,-0.014327,0.173225,0.033354,0.139871,0.871401,0.184402,0.686999
ELET6.SA,2023-03-23,2,streak_2,-0.00675,0.00922,-0.01597,0.073179,0.059097,0.014083,0.148135,0.054058,0.094076,0.388988,0.214527,0.17446
ENEV3.SA,2023-03-23,2,streak_2,-0.036967,0.00922,-0.046187,-0.008531,0.059097,-0.067627,0.067299,0.054058,0.01324,0.11564,0.214527,-0.098887
BRKM5.SA,2023-03-23,3,streak_3,-0.049143,0.00922,-0.058363,0.105143,0.059097,0.046046,0.057714,0.054058,0.003656,0.688571,0.214527,0.474044
ALSO3.SA,2023-03-23,6,streak_5plus,-0.058057,0.00922,-0.067277,0.043247,0.059097,-0.01585,0.078792,0.054058,0.024733,0.505181,0.214527,0.290654
RDOR3.SA,2023-03-27,2,streak_2,-0.003112,0.02384,-0.026952,0.007261,0.030892,-0.02363,0.080913,0.041428,0.039485,0.58195,0.203867,0.378083
MLAS3.SA,2023-03-28,3,streak_3,0.031963,0.006003,0.02596,-0.415525,0.006763,-0.422289,-0.155251,0.032085,-0.187336,0.182648,0.161464,0.021184
LIGT3.SA,2023-03-28,4,streak_4,-0.004274,0.006003,-0.010277,-0.111111,0.006763,-0.117875,0.162393,0.032085,0.130308,2.717949,0.161464,2.556484
DASA3.SA,2023-03-28,3,streak_3,-0.00123,0.006003,-0.007233,-0.137761,0.006763,-0.144525,-0.116851,0.032085,-0.148936,0.361624,0.161464,0.200159
QUAL3.SA,2023-03-28,5,streak_5plus,0.064865,0.006003,0.058862,-0.048649,0.006763,-0.055412,0.0,0.032085,-0.032085,0.4,0.161464,0.238536
AMER3.SA,2023-03-29,3,streak_3,-0.019802,0.018871,-0.038673,-0.009901,-0.008003,-0.001898,0.029703,0.02593,0.003773,0.118812,0.146266,-0.027454
ORVR3.SA,2023-03-30,7,streak_5plus,0.025274,-0.017657,0.042931,0.012637,-0.027882,0.040519,None,None,None,-0.01713,0.14144,-0.15857
BHIA3.SA,2023-03-30,3,streak_3,0.037856,-0.017657,0.055513,-0.01057,-0.027882,0.017312,None,None,None,0.161504,0.14144,0.020065
IGTI11.SA,2023-03-31,5,streak_5plus,-0.032447,-2e-06,-0.032445,-0.028191,-0.010406,-0.017785,0.015957,-0.000835,0.016793,0.118617,0.159054,-0.040437
SAPR11.SA,2023-04-13,16,streak_5plus,0.027826,-0.001677,0.029503,-0.017391,-0.019642,0.002251,0.075362,0.018845,0.056518,0.102609,0.105287,-0.002678
USIM3.SA,2023-04-20,6,streak_5plus,-0.025568,2e-06,-0.02557,-0.045455,0.000621,-0.046076,0.036932,0.061113,-0.024181,0.019886,0.126336,-0.106449
SANB11.SA,2023-04-25,6,streak_5plus,-0.005523,-0.008797,0.003274,None,None,None,0.108751,0.054054,0.054697,0.126168,0.164664,-0.038496
RRRP3.SA,2023-04-27,2,streak_2,0.11942,0.014655,0.104765,0.091146,-0.007277,0.098423,0.14881,0.077555,0.071255,0.34003,0.185424,0.154606
KLBN11.SA,2023-05-03,8,streak_5plus,0.037676,0.003706,0.03397,0.074713,0.055514,0.019199,0.114304,0.086128,0.028176,0.205619,0.180653,0.024967
CSNA3.SA,2023-05-03,8,streak_5plus,0.010949,0.003706,0.007243,0.042883,0.055514,-0.01263,-0.044708,0.086128,-0.130836,0.058394,0.180653,-0.122258
TAEE11.SA,2023-05-03,7,streak_5plus,0.002294,0.003706,-0.001412,0.006881,0.055514,-0.048633,0.025557,0.086128,-0.060571,0.005242,0.180653,-0.17541
AXIA6.SA,2023-05-04,3,streak_3,0.022989,0.029108,-0.00612,0.09491,0.059526,0.035383,0.111002,0.101628,0.009373,0.212479,0.186681,0.025798
FLRY3.SA,2023-05-04,2,streak_2,0.00994,0.029108,-0.019168,0.129225,0.059526,0.069698,0.095427,0.101628,-0.006201,0.167992,0.186681,-0.018689
PETZ3.SA,2023-05-04,5,streak_5plus,0.031423,0.029108,0.002315,0.247689,0.059526,0.188163,0.319778,0.101628,0.21815,0.216266,0.186681,0.029585
ELET6.SA,2023-05-04,3,streak_3,0.022886,0.029108,-0.006222,0.094723,0.059526,0.035197,0.110935,0.101628,0.009306,0.212333,0.186681,0.025652
BLAU3.SA,2023-05-05,3,streak_3,-0.002514,-5e-06,-0.00251,0.130107,0.03153,0.098577,0.152106,0.070467,0.081638,0.174733,0.14941,0.025323
BPAC3.SA,2023-05-08,2,streak_2,-0.013333,0.018694,-0.032028,0.047111,0.031537,0.015575,0.171556,0.089988,0.081567,0.330667,0.146819,0.183847
BEEF3.SA,2023-05-09,3,streak_3,0.014723,0.003123,0.011599,0.074745,0.010083,0.064662,0.189128,0.078183,0.110945,0.171008,0.115709,0.055299
QUAL3.SA,2023-05-09,6,streak_5plus,0.021635,0.003123,0.018511,0.139423,0.010083,0.12934,0.175481,0.078183,0.097297,0.028846,0.115709,-0.086863
NTCO3.SA,2023-05-09,5,streak_5plus,0.150647,0.003123,0.147524,0.178373,0.010083,0.16829,0.360444,0.078183,0.28226,0.579482,0.115709,0.463773
YDUQ3.SA,2023-05-09,18,streak_5plus,-0.029412,0.003123,-0.032535,0.297511,0.010083,0.287428,0.700226,0.078183,0.622043,1.257919,0.115709,1.14221
NATU3.SA,2023-05-09,5,streak_5plus,0.150647,0.003123,0.147524,0.178373,0.010083,0.16829,0.360444,0.078183,0.28226,0.579482,0.115709,0.463773
ABCB4.SA,2023-05-09,2,streak_2,-0.039485,0.003123,-0.042608,-0.052361,0.010083,-0.062443,0.025751,0.078183,-0.052432,0.269528,0.115709,0.153819
ALUP11.SA,2023-05-10,3,streak_3,0.005812,0.007522,-0.00171,0.017435,0.018723,-0.001288,0.065587,0.074825,-0.009237,0.053134,0.112238,-0.059104
ENGI11.SA,2023-05-11,16,streak_5plus,0.007509,0.001916,0.005593,-0.006758,0.017108,-0.023867,None,None,None,0.077347,0.100076,-0.022729
DASA3.SA,2023-05-12,4,streak_4,-0.055413,1e-06,-0.055415,-0.041773,0.021027,-0.0628,-0.050298,0.078876,-0.129174,0.184996,0.091689,0.093307
EZTC3.SA,2023-05-12,2,streak_2,-0.064725,1e-06,-0.064726,0.021036,0.021027,9e-06,0.176375,0.078876,0.0975,0.435275,0.091689,0.343586
BRAP4.SA,2023-05-12,2,streak_2,-0.012643,1e-06,-0.012644,0.039133,0.021027,0.018106,0.033113,0.078876,-0.045763,0.044551,0.091689,-0.047137
HBSA3.SA,2023-05-12,2,streak_2,0.021739,1e-06,0.021738,0.043478,0.021027,0.022451,0.173913,0.078876,0.095037,0.434783,0.091689,0.343094
BRFS3.SA,2023-05-15,4,streak_4,-0.013825,-0.002492,-0.011333,0.104455,0.02103,0.083425,0.195084,0.076327,0.118758,0.302611,0.091142,0.21147
MBRF3.SA,2023-05-15,6,streak_5plus,0.008048,-0.002492,0.010541,0.052314,0.02103,0.031284,0.10664,0.076327,0.030313,0.189135,0.091142,0.097993
MRFG3.SA,2023-05-15,6,streak_5plus,0.007194,-0.002492,0.009687,0.052158,0.02103,0.031128,0.106115,0.076327,0.029788,0.188849,0.091142,0.097707
RENT3.SA,2023-05-15,4,streak_4,-0.004511,-0.002492,-0.002019,0.02869,0.02103,0.00766,0.092746,0.076327,0.01642,0.081379,0.091142,-0.009763
IRBR3.SA,2023-05-15,3,streak_3,0.001948,-0.002492,0.00444,-0.016699,0.02103,-0.037729,0.049541,0.076327,-0.026786,0.073476,0.091142,-0.017666
JHSF3.SA,2023-05-15,3,streak_3,0.007782,-0.002492,0.010274,0.105058,0.02103,0.084028,0.256809,0.076327,0.180483,0.459144,0.091142,0.368002
TASA4.SA,2023-05-15,2,streak_2,0.005772,-0.002492,0.008264,-0.090188,0.02103,-0.111218,-0.066378,0.076327,-0.142705,-0.061328,0.091142,-0.152469
RDOR3.SA,2023-05-15,3,streak_3,0.022766,-0.002492,0.025259,0.13488,0.02103,0.11385,0.283935,0.076327,0.207608,0.332904,0.091142,0.241762
MLAS3.SA,2023-05-16,4,streak_4,-0.20524,0.011704,-0.216944,-0.017467,0.016035,-0.033502,0.065502,0.100515,-0.035013,0.393013,0.091239,0.301774
AMER3.SA,2023-05-31,4,streak_4,-0.009174,0.020581,-0.029755,0.018349,0.066027,-0.047679,0.036697,0.092745,-0.056048,-0.155963,0.069247,-0.225211
SAPR11.SA,2023-06-29,17,streak_5plus,0.004061,-0.002497,0.006558,-0.028934,-0.008084,-0.02085,-0.038071,0.015243,-0.053314,0.070558,-0.035387,0.105945
BHIA3.SA,2023-06-29,4,streak_4,0.032381,-0.002497,0.034878,0.027725,-0.008084,0.035808,-0.018624,0.015243,-0.033867,-0.687831,-0.035387,-0.652444
IGTI11.SA,2023-06-29,6,streak_5plus,0.0,-0.002497,0.002497,0.014265,-0.008084,0.022349,-0.019496,0.015243,-0.034739,-0.086543,-0.035387,-0.051156
ORVR3.SA,2023-06-29,8,streak_5plus,0.025143,-0.002497,0.02764,0.131429,-0.008084,0.139512,0.1,0.015243,0.084757,0.060857,-0.035387,0.096244
AZZA3.SA,2023-06-30,2,streak_2,0.01548,0.0,0.01548,0.074358,0.006868,0.067491,0.05557,0.017784,0.037787,-0.210373,-0.031841,-0.178533
BBDC3.SA,2023-06-30,2,streak_2,0.010433,0.0,0.010433,-0.008828,0.006868,-0.015696,0.019262,0.017784,0.001478,-0.15008,-0.031841,-0.11824
CAML3.SA,2023-07-13,2,streak_2,-0.019704,-0.013024,-0.00668,-0.036125,-0.009902,-0.026222,0.047619,-0.010051,0.05767,0.083744,-0.021188,0.104932
CRFB3.SA,2023-07-25,4,streak_4,0.031934,0.004529,0.027405,0.230839,-0.006224,0.237063,0.009124,-0.031745,0.040869,-0.206204,-0.072557,-0.133648
SANB11.SA,2023-07-26,7,streak_5plus,-0.003419,-0.020975,0.017556,-0.028116,-0.013884,-0.014231,-0.085106,-0.04516,-0.039947,-0.096125,-0.076741,-0.019384
VALE3.SA,2023-07-27,2,streak_2,-0.018719,0.001646,-0.020365,-0.065258,0.004968,-0.070227,-0.111455,-0.034607,-0.076848,-0.106303,-0.051902,-0.0544
USIM3.SA,2023-07-28,7,streak_5plus,-0.061911,-1e-06,-0.06191,-0.056528,-0.005653,-0.050874,-0.095559,-0.036194,-0.059364,-0.195155,-0.061214,-0.133941
KLBN11.SA,2023-08-01,9,streak_5plus,-0.01046,-0.003214,-0.007246,0.025628,-0.017799,0.043427,0.01569,-0.030625,0.046316,-0.024582,-0.065543,0.040962
CMIN3.SA,2023-08-02,2,streak_2,-0.017182,-0.002258,-0.014924,-0.044674,-0.020271,-0.024402,-0.013746,-0.042338,0.028592,0.123711,-0.062534,0.186245
TAEE11.SA,2023-08-02,8,streak_5plus,0.001959,-0.002258,0.004217,0.001959,-0.020271,0.02223,-0.01208,-0.042338,0.030258,-0.036239,-0.062534,0.026295
CSNA3.SA,2023-08-02,9,streak_5plus,-0.029636,-0.002258,-0.027377,-0.070279,-0.020271,-0.050008,-0.106689,-0.042338,-0.064351,-0.170195,-0.062534,-0.107661
TASA4.SA,2023-08-02,3,streak_3,0.006891,-0.002258,0.00915,0.003063,-0.020271,0.023334,0.007657,-0.042338,0.049995,-0.012251,-0.062534,0.050282
FLRY3.SA,2023-08-03,3,streak_3,0.013889,-0.00894,0.022829,-0.028646,-0.018544,-0.010102,-0.065104,-0.022331,-0.042773,-0.038194,-0.061716,0.023522
AESB3.SA,2023-08-03,2,streak_2,-0.007608,-0.00894,0.001333,-0.089603,-0.018544,-0.071058,-0.073542,-0.022331,-0.051211,-0.153001,-0.061716,-0.091285
TOTS3.SA,2023-08-08,2,streak_2,-0.005348,-0.005722,0.000375,-0.070945,-0.024509,-0.046435,-0.063815,-0.026072,-0.037743,None,None,None
STBP3.SA,2023-08-08,2,streak_2,0.010695,-0.005722,0.016417,-0.016043,-0.024509,0.008467,-0.085561,-0.026072,-0.05949,None,None,None
BEEF3.SA,2023-08-09,4,streak_4,0.013449,-0.0005,0.013948,-0.01633,-0.023793,0.007462,-0.161383,-0.02047,-0.140914,-0.251681,-0.002101,-0.24958
ALUP11.SA,2023-08-09,4,streak_4,0.006046,-0.0005,0.006546,-0.004434,-0.023793,0.019359,0.010883,-0.02047,0.031352,0.01048,-0.002101,0.012581
RRRP3.SA,2023-08-09,3,streak_3,-0.003281,-0.0005,-0.002782,-0.122231,-0.023793,-0.098439,-0.119497,-0.02047,-0.099027,-0.100629,-0.002101,-0.098528
RDOR3.SA,2023-08-09,4,streak_4,-0.007675,-0.0005,-0.007175,-0.101055,-0.023793,-0.077263,-0.17205,-0.02047,-0.15158,-0.273105,-0.002101,-0.271004
BLAU3.SA,2023-08-09,4,streak_4,-0.028318,-0.0005,-0.027818,-0.083287,-0.023793,-0.059494,-0.134925,-0.02047,-0.114456,-0.169906,-0.002101,-0.167805
YDUQ3.SA,2023-08-10,19,streak_5plus,0.021214,-0.002404,0.023617,0.03552,-0.028452,0.063973,None,None,None,-0.179082,0.007761,-0.186843
RAIL3.SA,2023-08-10,2,streak_2,0.004833,-0.002404,0.007237,-0.047891,-0.028452,-0.019439,None,None,None,-0.030756,0.007761,-0.038516
ARZZ3.SA,2023-08-10,4,streak_4,-0.020106,-0.002404,-0.017703,-0.019736,-0.028452,0.008716,None,None,None,-0.297397,0.007761,-0.305158
PETZ3.SA,2023-08-10,6,streak_5plus,0.031858,-0.002404,0.034262,-0.145133,-0.028452,-0.116681,None,None,None,-0.382301,0.007761,-0.390061
ENGI11.SA,2023-08-10,17,streak_5plus,0.003006,-0.002404,0.005409,-0.006012,-0.028452,0.022441,None,None,None,0.014335,0.007761,0.006575
BMGB4.SA,2023-08-10,2,streak_2,-0.019512,-0.002404,-0.017109,-0.102439,-0.028452,-0.073987,None,None,None,-0.107317,0.007761,-0.115078
RECV3.SA,2023-08-10,2,streak_2,-0.012093,-0.002404,-0.009689,-0.074658,-0.028452,-0.046206,None,None,None,-0.154574,0.007761,-0.162335
BRAP4.SA,2023-08-11,3,streak_3,-0.002334,-1e-06,-0.002333,-0.055426,-0.022501,-0.032925,0.003501,-0.02331,0.026811,0.06301,0.009415,0.053596
MBRF3.SA,2023-08-14,7,streak_5plus,-0.021739,-0.016038,-0.005701,-0.056856,-0.022496,-0.03436,-0.045151,-0.000821,-0.04433,-0.036789,0.008209,-0.044998
BRFS3.SA,2023-08-14,5,streak_5plus,-0.010297,-0.016038,0.005741,0.024027,-0.022496,0.046524,-0.122426,-0.000821,-0.121605,0.15103,0.008209,0.142821
JBSS3.SA,2023-08-14,2,streak_2,0.001759,-0.016038,0.017797,-0.007034,-0.022496,0.015462,-0.032825,-0.000821,-0.032005,0.110785,0.008209,0.102577
SMTO3.SA,2023-08-14,2,streak_2,-0.009609,-0.016038,0.006429,-0.074086,-0.022496,-0.051589,0.109113,-0.000821,0.109934,0.013329,0.008209,0.005121
NATU3.SA,2023-08-14,6,streak_5plus,-0.030624,-0.016038,-0.014586,-0.081861,-0.022496,-0.059365,-0.150177,-0.000821,-0.149356,-0.233216,0.008209,-0.241424
CSAN3.SA,2023-08-14,2,streak_2,-0.007613,-0.016038,0.008426,-0.053834,-0.022496,-0.031338,-0.072866,-0.000821,-0.072045,-0.078847,0.008209,-0.087056
BRSR6.SA,2023-08-14,2,streak_2,-0.007266,-0.016038,0.008772,-0.074478,-0.022496,-0.051982,-0.106267,-0.000821,-0.105446,-0.165304,0.008209,-0.173513
MRFG3.SA,2023-08-14,7,streak_5plus,-0.022422,-0.016038,-0.006383,-0.058296,-0.022496,-0.0358,-0.044843,-0.000821,-0.044022,-0.037369,0.008209,-0.045578
ANIM3.SA,2023-08-14,2,streak_2,-0.185393,-0.016038,-0.169355,-0.185393,-0.022496,-0.162897,-0.292135,-0.000821,-0.291314,-0.370787,0.008209,-0.378995
NTCO3.SA,2023-08-14,6,streak_5plus,-0.030624,-0.016038,-0.014586,-0.081861,-0.022496,-0.059365,-0.150177,-0.000821,-0.149356,-0.233216,0.008209,-0.241424
JHSF3.SA,2023-08-15,4,streak_4,-0.057692,-0.004992,-0.052701,-0.085165,-0.000133,-0.085032,-0.041209,0.017255,-0.058464,-0.126374,0.037847,-0.16422
SBFG3.SA,2023-08-21,2,streak_2,-0.008294,0.006473,-0.014767,-0.158768,0.003709,-0.162476,-0.184834,0.021114,-0.205948,None,None,None
RENT3.SA,2023-08-25,5,streak_5plus,-0.038617,-2e-06,-0.038615,-0.034739,0.017747,-0.052486,-0.112648,0.001483,-0.114131,-0.070826,0.088038,-0.158865
BRKM3.SA,2023-09-29,2,streak_2,0.011878,-1e-06,0.011879,-0.040201,-0.020551,-0.01965,-0.202376,-0.028003,-0.174373,0.004568,0.151233,-0.146665
BBDC3.SA,2023-09-29,3,streak_3,0.009242,-1e-06,0.009244,0.008318,-0.020551,0.028869,-0.002773,-0.028003,0.02523,0.251386,0.151233,0.100153
CAML3.SA,2023-10-10,3,streak_3,0.021212,0.002688,0.018524,-0.012121,-0.007097,-0.005024,-0.042424,0.020899,-0.063324,0.037879,0.130944,-0.093066
CPLE11.SA,2023-10-24,2,streak_2,-0.007493,-0.008192,0.000699,-0.013536,-0.005434,-0.008102,0.109983,0.107887,0.002096,None,None,None
SANB11.SA,2023-10-25,8,streak_5plus,-0.017248,0.017255,-0.034503,-0.020056,0.019702,-0.039758,0.129162,0.121827,0.007334,0.089049,0.136777,-0.047728
KLBN11.SA,2023-10-25,10,streak_5plus,0.001076,0.017255,-0.016179,-0.019365,0.019702,-0.039067,0.072082,0.121827,-0.049746,-0.009145,0.136777,-0.145922
INTB3.SA,2023-10-30,2,streak_2,-0.033219,-0.001389,-0.03183,0.02291,0.042886,-0.019976,0.047537,0.116833,-0.069296,0.13173,0.138272,-0.006542
AURE3.SA,2023-10-31,2,streak_2,0.010435,0.016875,-0.00644,0.046087,0.054129,-0.008042,0.09913,0.115092,-0.015962,0.103478,0.139852,-0.036373
VAMO3.SA,2023-11-01,2,streak_2,0.012876,0.0,0.012875,0.206009,0.035842,0.170167,0.190272,0.106717,0.083554,0.108727,0.107332,0.001395
PTBL3.SA,2023-11-01,2,streak_2,0.083691,0.0,0.083691,0.11588,0.035842,0.080038,0.502146,0.106717,0.395428,0.354077,0.107332,0.246745
PRIO3.SA,2023-11-01,2,streak_2,0.00777,0.0,0.00777,-0.01848,0.035842,-0.054321,-0.037379,0.106717,-0.144097,-0.060059,0.107332,-0.167391
BPAN4.SA,2023-11-01,2,streak_2,0.024116,0.0,0.024115,0.130225,0.035842,0.094383,0.107717,0.106717,0.001,0.180064,0.107332,0.072732
GGBR4.SA,2023-11-05,2,streak_2,0.012146,0.009378,0.002768,0.039907,0.020955,0.018953,-0.014459,0.073995,-0.088454,-0.064777,0.076356,-0.141134
AESB3.SA,2023-11-06,3,streak_3,-0.003876,0.009378,-0.013254,-0.012597,0.020955,-0.033552,0.057171,0.073995,-0.016824,0.07655,0.076356,0.000194
IGTI11.SA,2023-11-06,7,streak_5plus,-0.012397,0.009378,-0.021774,0.01343,0.020955,-0.007525,0.142045,0.073995,0.06805,0.169938,0.076356,0.093582
PGMN3.SA,2023-11-06,2,streak_2,-0.020833,0.009378,-0.030211,-0.008333,0.020955,-0.029288,-0.004167,0.073995,-0.078162,0.120833,0.076356,0.044477
RAPT4.SA,2023-11-08,2,streak_2,0.00463,-0.001196,0.005826,-0.023148,0.034833,-0.057982,0.028704,0.057334,-0.02863,0.025,0.094311,-0.069311
RRRP3.SA,2023-11-08,4,streak_4,-0.014072,-0.001196,-0.012876,-0.016519,0.034833,-0.051352,-0.186296,0.057334,-0.24363,-0.178036,0.094311,-0.272347
HAPV3.SA,2023-11-08,2,streak_2,-0.002315,-0.001196,-0.001119,0.053241,0.034833,0.018407,-0.011574,0.057334,-0.068908,-0.108796,0.094311,-0.203107
CPLE11.SA,2023-11-08,3,streak_3,-0.016238,-0.001196,-0.015042,0.032927,0.034833,-0.001906,0.060668,0.057334,0.003333,None,None,None
BEEF3.SA,2023-11-08,5,streak_5plus,-0.021118,-0.001196,-0.019922,-0.125466,0.034833,-0.160299,-0.088199,0.057334,-0.145533,-0.16646,0.094311,-0.26077
TAEE11.SA,2023-11-08,9,streak_5plus,-0.002571,-0.001196,-0.001375,0.033419,0.034833,-0.001414,0.03117,0.057334,-0.026165,0.048843,0.094311,-0.045468
SAPR11.SA,2023-11-08,18,streak_5plus,-0.00047,-0.001196,0.000726,0.07714,0.034833,0.042307,0.173565,0.057334,0.116231,0.175447,0.094311,0.081136
BBAS3.SA,2023-11-08,2,streak_2,0.012629,-0.001196,0.013825,-0.014032,0.034833,-0.048865,0.053789,0.057334,-0.003546,0.166043,0.094311,0.071732
PETZ3.SA,2023-11-08,7,streak_5plus,0.00274,-0.001196,0.003936,0.052055,0.034833,0.017221,0.032877,0.057334,-0.024458,-0.20274,0.094311,-0.29705
GGPS3.SA,2023-11-09,2,streak_2,0.003073,0.012887,-0.009814,None,None,None,0.097726,0.067707,0.030019,0.118623,0.091703,0.02692
ALUP11.SA,2023-11-09,5,streak_5plus,-0.007725,0.012887,-0.020612,None,None,None,-0.000386,0.067707,-0.068093,-0.004249,0.091703,-0.095952
BRKM5.SA,2023-11-09,2,streak_2,0.15625,0.012887,0.143363,None,None,None,0.023148,0.067707,-0.044559,0.028356,0.091703,-0.063346
BHIA3.SA,2023-11-09,5,streak_5plus,-0.122807,0.012887,-0.135694,None,None,None,-0.070175,0.067707,-0.137882,-0.484211,0.091703,-0.575913
RECV3.SA,2023-11-09,3,streak_3,-0.054931,0.012887,-0.067818,None,None,None,0.022472,0.067707,-0.045235,0.152934,0.091703,0.061231
FESA4.SA,2023-11-09,2,streak_2,-0.01004,0.012887,-0.022927,None,None,None,-0.084337,0.067707,-0.152044,-0.167671,0.091703,-0.259373
SIMH3.SA,2023-11-09,2,streak_2,-0.045396,0.012887,-0.058283,None,None,None,0.13489,0.067707,0.067183,-0.040208,0.091703,-0.13191
SBSP3.SA,2023-11-10,2,streak_2,0.000172,0.000563,-0.000391,0.059026,0.034877,0.024149,0.107038,0.054126,0.052912,0.31492,0.063439,0.25148
ENAT3.SA,2023-11-10,2,streak_2,-0.017923,0.000563,-0.018486,-0.012361,0.034877,-0.047238,-0.067985,0.054126,-0.122111,0.196539,0.063439,0.133099
ANIM3.SA,2023-11-10,3,streak_3,0.076596,0.000563,0.076033,0.12766,0.034877,0.092782,0.340426,0.054126,0.2863,0.370213,0.063439,0.306773
AGXY3.SA,2023-11-12,2,streak_2,-0.025189,0.02097,-0.046159,0.025189,0.036689,-0.0115,-0.04534,0.047805,-0.093145,-0.440806,0.061256,-0.502062
POSI3.SA,2023-11-13,2,streak_2,0.053929,0.02097,0.032959,0.004622,0.036689,-0.032066,-0.060092,0.047805,-0.107898,0.01849,0.061256,-0.042766
JHSF3.SA,2023-11-13,5,streak_5plus,-0.033537,0.02097,-0.054507,-0.054878,0.036689,-0.091567,0.006098,0.047805,-0.041708,-0.030488,0.061256,-0.091744
CSAN3.SA,2023-11-13,3,streak_3,0.004084,0.02097,-0.016886,0.011085,0.036689,-0.025604,-0.025671,0.047805,-0.073476,0.039673,0.061256,-0.021583
BRAP4.SA,2023-11-13,4,streak_4,-0.003243,0.02097,-0.024213,0.043243,0.036689,0.006554,0.058919,0.047805,0.011114,-0.034595,0.061256,-0.095851
JBSS3.SA,2023-11-13,3,streak_3,-0.014902,0.02097,-0.035872,0.015434,0.036689,-0.021255,0.114955,0.047805,0.06715,0.079298,0.061256,0.018041
RENT3.SA,2023-11-13,6,streak_5plus,-0.024221,0.02097,-0.045192,0.072664,0.036689,0.035975,0.078431,0.047805,0.030626,-0.064783,0.061256,-0.126039
BRSR6.SA,2023-11-13,3,streak_3,-0.023109,0.02097,-0.044079,-0.012605,0.036689,-0.049294,0.029412,0.047805,-0.018393,0.188025,0.061256,0.126769
MLAS3.SA,2023-11-13,5,streak_5plus,0.005208,0.02097,-0.015762,0.15625,0.036689,0.119561,0.052083,0.047805,0.004278,-0.015625,0.061256,-0.076881
ORVR3.SA,2023-11-22,9,streak_5plus,0.010974,0.004288,0.006686,-0.009054,0.001034,-0.010088,-0.038134,0.04877,-0.086904,-0.077641,0.031708,-0.109348
CSNA3.SA,2023-11-22,10,streak_5plus,0.022631,0.004288,0.018343,0.032532,0.001034,0.031498,0.173975,0.04877,0.125205,0.149222,0.031708,0.117514
ANIM3.SA,2024-01-23,4,streak_4,0.02719,-0.003484,0.030674,-0.039275,-0.006711,-0.032564,0.015106,0.015422,-0.000316,-0.238671,-0.02447,-0.214201
SANB11.SA,2024-01-31,9,streak_5plus,-0.018868,0.005704,-0.024572,0.019245,0.017202,0.002043,-0.020377,0.011179,-0.031556,-0.036604,-0.01431,-0.022294
BPAN4.SA,2024-02-01,3,streak_3,0.023288,-0.010109,0.033396,0.073973,-0.002056,0.076028,0.132877,0.00544,0.127436,0.163014,-0.019902,0.182916
KLBN11.SA,2024-02-07,11,streak_5plus,0.001082,-0.013336,0.014418,-0.016234,-0.016512,0.000279,0.045455,-0.022156,0.06761,0.084416,-0.00569,0.090106
BBDC3.SA,2024-02-07,4,streak_4,-0.129701,-0.013336,-0.116365,-0.218726,-0.016512,-0.202214,-0.159632,-0.022156,-0.137476,-0.14812,-0.00569,-0.14243
KLBN4.SA,2024-02-07,2,streak_2,0.003021,-0.013336,0.016357,-0.018127,-0.016512,-0.001615,0.066465,-0.022156,0.088621,0.114804,-0.00569,0.120494
SAPR11.SA,2024-02-08,19,streak_5plus,-0.019701,-0.001491,-0.018209,-0.056344,0.00397,-0.060313,-0.05792,-0.008937,-0.048982,-0.030339,0.009858,-0.040197
CRFB3.SA,2024-02-19,5,streak_5plus,-0.025594,0.009245,-0.034839,0.106033,0.005384,0.100649,0.136197,-0.0093,0.145497,-0.04479,-0.003437,-0.041353
GGBR4.SA,2024-02-20,3,streak_3,0.006098,0.000889,0.005209,-0.002439,0.013649,-0.016088,0.02378,-0.006091,0.029871,0.154268,-0.013589,0.167857
IGTI11.SA,2024-02-20,8,streak_5plus,0.00545,0.000889,0.004561,-0.000908,0.013649,-0.014558,0.009991,-0.006091,0.016082,-0.084469,-0.013589,-0.07088
BEEF3.SA,2024-02-23,6,streak_5plus,-0.026946,2e-06,-0.026948,0.019461,-0.001842,0.021303,0.062874,-0.018481,0.081355,0.038922,-0.02912,0.068042
ALUP11.SA,2024-03-05,6,streak_5plus,0.005004,0.006184,-0.00118,0.020785,-0.003359,0.024144,0.038876,-0.006087,0.044963,None,None,None
BRKM5.SA,2024-03-05,3,streak_3,-0.047425,0.006184,-0.053609,-0.076332,-0.003359,-0.072974,0.176152,-0.006087,0.182239,None,None,None
FESA4.SA,2024-03-06,3,streak_3,-0.010063,-0.004271,-0.005792,-0.050314,-0.00686,-0.043455,-0.098113,-0.011348,-0.086765,-0.148428,-0.052698,-0.09573
PETZ3.SA,2024-03-07,8,streak_5plus,0.008065,-0.009888,0.017952,0.126344,-0.005063,0.131407,0.026882,-0.012033,0.038915,-0.053763,-0.050941,-0.002823
DIRR3.SA,2024-03-11,2,streak_2,-0.012903,0.004697,-0.0176,-0.004839,-0.002589,-0.00225,-0.006452,0.022187,-0.028639,0.012903,-0.032834,0.045737
FRAS3.SA,2024-03-11,6,streak_5plus,0.00558,0.004697,0.000883,0.056417,-0.002589,0.059006,0.071916,0.022187,0.049728,0.055177,-0.032834,0.08801
BBDC3.SA,2024-03-11,5,streak_5plus,0.007279,0.004697,0.002582,0.024568,-0.002589,0.027157,0.060965,0.022187,0.038777,-0.064604,-0.032834,-0.031771
DIRR3.SA,2024-03-12,3,streak_3,-0.001634,0.002649,-0.004283,-0.021242,-0.001089,-0.020153,0.03268,0.003023,0.029657,0.060458,-0.054052,0.114509
RAPT4.SA,2024-03-12,3,streak_3,0.014532,0.002649,0.011883,0.059945,-0.001089,0.061034,0.174387,0.003023,0.171364,-0.181653,-0.054052,-0.127601
ELET6.SA,2024-03-13,2,streak_2,-0.004466,-0.002469,-0.001997,-0.040903,0.00874,-0.049643,-0.061824,-0.004763,-0.057061,-0.143394,-0.056552,-0.086842
AXIA6.SA,2024-03-13,2,streak_2,-0.004129,-0.002469,-0.00166,-0.040806,0.00874,-0.049546,-0.061695,-0.004763,-0.056932,-0.143308,-0.056552,-0.086756
ECOR3.SA,2024-03-14,2,streak_2,-0.022779,-0.007425,-0.015354,-0.046697,0.00367,-0.050367,-0.168565,-0.013657,-0.154908,-0.3041,-0.047419,-0.256681
ENEV3.SA,2024-03-14,2,streak_2,0.019262,-0.007425,0.026687,0.038523,0.00367,0.034853,0.019262,-0.013657,0.032919,0.0,-0.047419,0.047419
AXIA6.SA,2024-03-14,3,streak_3,0.006829,-0.007425,0.014255,-0.02122,0.00367,-0.024889,-0.099268,-0.013657,-0.085611,-0.136341,-0.047419,-0.088923
ELET6.SA,2024-03-14,3,streak_3,0.007084,-0.007425,0.014509,-0.021251,0.00367,-0.024921,-0.099174,-0.013657,-0.085516,-0.136009,-0.047419,-0.088591
TEND3.SA,2024-03-14,3,streak_3,-0.049405,-0.007425,-0.04198,0.144556,0.00367,0.140886,0.144556,-0.013657,0.158213,-0.028362,-0.047419,0.019057
YDUQ3.SA,2024-03-15,2,streak_2,-0.097403,2e-06,-0.097404,-0.114885,0.002251,-0.117136,-0.296703,-0.006279,-0.290424,-0.448551,-0.053698,-0.394853
TEND3.SA,2024-03-15,4,streak_4,0.101059,2e-06,0.101057,0.204042,0.002251,0.201791,0.114533,-0.006279,0.120812,0.036574,-0.053698,0.090272
BRKM3.SA,2024-03-18,3,streak_3,0.009906,0.006208,0.003697,0.251415,0.002249,0.249166,0.051415,-0.018568,0.069983,-0.136792,-0.056607,-0.080186
BRKM5.SA,2024-03-19,4,streak_4,0.056164,0.012515,0.04365,0.189954,-0.005221,0.195175,0.046575,-0.026329,0.072904,-0.161187,-0.061684,-0.099503
AURE3.SA,2024-03-19,3,streak_3,0.004244,0.012515,-0.00827,-0.000849,-0.005221,0.004372,-0.022071,-0.026329,0.004258,0.021222,-0.061684,0.082906
COGN3.SA,2024-03-21,2,streak_2,-0.118321,-0.008829,-0.109492,-0.114504,-0.000409,-0.114094,-0.278626,-0.023676,-0.25495,-0.396947,-0.066544,-0.330403
IRBR3.SA,2024-03-25,2,streak_2,-0.010075,-0.001291,-0.008784,None,None,None,0.053216,-0.014792,0.068008,-0.199432,-0.051809,-0.147623
JBSS3.SA,2024-03-26,4,streak_4,-0.015952,0.006524,-0.022476,-0.08325,0.005403,-0.088654,-0.031904,-0.016729,-0.015175,0.297607,-0.043526,0.341134
BEEF3.SA,2024-03-26,7,streak_5plus,-0.087258,0.006524,-0.093781,-0.051247,0.005403,-0.05665,-0.15651,-0.016729,-0.13978,-0.088643,-0.043526,-0.045116
MOVI3.SA,2024-03-26,2,streak_2,0.03073,0.006524,0.024206,-0.003841,0.005403,-0.009245,-0.15749,-0.016729,-0.140761,-0.300896,-0.043526,-0.25737
ANIM3.SA,2024-03-26,5,streak_5plus,-0.010899,0.006524,-0.017423,-0.013624,0.005403,-0.019027,-0.316076,-0.016729,-0.299347,-0.381471,-0.043526,-0.337945
SIMH3.SA,2024-03-26,3,streak_3,-0.001318,0.006524,-0.007841,-0.064559,0.005403,-0.069962,-0.202899,-0.016729,-0.186169,-0.296443,-0.043526,-0.252916
AMBP3.SA,2024-03-27,3,streak_3,-0.025806,0.003254,-0.02906,-0.090323,-0.002915,-0.087407,-0.354839,-0.023847,-0.330992,-0.385161,-0.049727,-0.335435
DASA3.SA,2024-03-27,2,streak_2,-0.012587,0.003254,-0.015841,-0.188811,-0.002915,-0.185896,-0.397203,-0.023847,-0.373356,-0.583217,-0.049727,-0.53349
BRAP4.SA,2024-03-27,5,streak_5plus,0.014806,0.003254,0.011552,0.040716,-0.002915,0.043631,0.050586,-0.023847,0.074433,-0.054287,-0.049727,-0.004561
SIMH3.SA,2024-03-27,4,streak_4,-0.063325,0.003254,-0.066578,-0.083113,-0.002915,-0.080198,-0.237467,-0.023847,-0.21362,-0.28628,-0.049727,-0.236553
MLAS3.SA,2024-03-27,6,streak_5plus,-0.004673,0.003254,-0.007927,0.154206,-0.002915,0.157121,-0.079439,-0.023847,-0.055592,-0.107477,-0.049727,-0.05775
AMBP3.SA,2024-03-28,4,streak_4,0.033113,-1e-06,0.033113,-0.086093,-0.005297,-0.080796,-0.331126,-0.012332,-0.318794,-0.324503,-0.045078,-0.279426
GOLL4.SA,2024-03-28,2,streak_2,-0.011765,-1e-06,-0.011764,-0.105882,-0.005297,-0.100585,-0.305882,-0.012332,-0.29355,-0.388235,-0.045078,-0.343158
USIM5.SA,2024-04-23,2,streak_2,-0.138943,-0.003255,-0.135688,-0.196673,0.006202,-0.202875,-0.188845,0.004011,-0.192856,-0.178082,0.019724,-0.197806
ASAI3.SA,2024-04-24,2,streak_2,0.004458,-0.000762,0.00522,-0.042348,0.009486,-0.051834,-0.031947,-9.1e-05,-0.031856,-0.231055,0.02305,-0.254105
KLBN11.SA,2024-04-25,12,streak_5plus,-0.013261,0.015088,-0.02835,None,None,None,-0.019646,-0.002728,-0.016919,0.039293,0.015598,0.023694
KLBN11.SA,2024-04-26,13,streak_5plus,-0.007466,-2e-06,-0.007464,-0.003982,0.015668,-0.01965,0.007466,-0.017548,0.025014,0.040816,-0.000818,0.041635
SANB11.SA,2024-04-29,10,streak_5plus,0.02489,-0.004756,0.029646,0.078683,0.015673,0.063011,0.006825,-0.021707,0.028531,0.049779,-0.00452,0.054299
SANB11.SA,2024-04-30,11,streak_5plus,0.027419,-2e-06,0.02742,0.052487,0.026097,0.02639,-0.006659,-0.025546,0.018888,-0.000783,0.012454,-0.013238
AESB3.SA,2024-05-03,2,streak_2,-0.008342,3e-06,-0.008345,-0.009385,-0.007074,-0.002311,0.167883,-0.049885,0.217768,0.179353,-0.006668,0.186021
IGTI11.SA,2024-05-03,10,streak_5plus,0.026807,3e-06,0.026805,-0.028722,-0.007074,-0.021648,-0.063667,-0.049885,-0.013782,-0.033509,-0.006668,-0.026841
VIVA3.SA,2024-05-06,2,streak_2,0.00859,0.005459,0.003131,0.008137,-0.007073,0.015211,-0.049277,-0.05219,0.002914,0.051537,-0.008668,0.060205
CBAV3.SA,2024-05-06,2,streak_2,-0.030534,0.005459,-0.035993,0.015267,-0.007073,0.022341,0.347328,-0.05219,0.399519,0.013359,-0.008668,0.022027
TIMS3.SA,2024-05-06,2,streak_2,-0.003625,0.005459,-0.009084,-0.103927,-0.007073,-0.096854,-0.149849,-0.05219,-0.097659,-0.053172,-0.008668,-0.044504
CBAV3.SA,2024-05-07,3,streak_3,0.027559,0.002093,0.025466,0.086614,-0.005379,0.091993,0.307087,-0.060391,0.367478,-0.01378,-0.025976,0.012197
ENAT3.SA,2024-05-07,2,streak_2,-0.032722,0.002093,-0.034815,-0.07767,-0.005379,-0.072291,-0.22402,-0.060391,-0.163629,-0.221863,-0.025976,-0.195886
MOVI3.SA,2024-05-07,3,streak_3,0.037425,0.002093,0.035332,-0.049401,-0.005379,-0.044022,-0.113772,-0.060391,-0.053381,-0.137725,-0.025976,-0.111748
BRKM5.SA,2024-05-07,5,streak_5plus,0.017767,0.002093,0.015674,-0.03401,-0.005379,-0.028631,-0.055838,-0.060391,0.004553,-0.127411,-0.025976,-0.101435
ELET6.SA,2024-05-07,4,streak_4,0.006846,0.002093,0.004753,-0.026876,-0.005379,-0.021498,-0.073529,-0.060391,-0.013138,0.021298,-0.025976,0.047274
AXIA6.SA,2024-05-07,4,streak_4,0.00681,0.002093,0.004717,-0.026716,-0.005379,-0.021337,-0.073599,-0.060391,-0.013208,0.021215,-0.025976,0.047191
ENGI11.SA,2024-05-08,2,streak_2,-0.009848,-0.009983,0.000135,0.006565,-0.011224,0.017789,-0.010785,-0.050834,0.040049,-0.032356,-0.028011,-0.004345
COGN3.SA,2024-05-08,3,streak_3,0.004484,-0.009983,0.014467,-0.103139,-0.011224,-0.091915,-0.210762,-0.050834,-0.159928,-0.345291,-0.028011,-0.31728
BEEF3.SA,2024-05-08,8,streak_5plus,0.009967,-0.009983,0.019949,0.028239,-0.011224,0.039463,-0.003322,-0.050834,0.047512,0.074751,-0.028011,0.102762
CRFB3.SA,2024-05-08,6,streak_5plus,0.021834,-0.009983,0.031817,-0.076856,-0.011224,-0.065632,-0.158079,-0.050834,-0.107244,-0.178166,-0.028011,-0.150155
RADL3.SA,2024-05-08,2,streak_2,0.003178,-0.009983,0.013161,0.034565,-0.011224,0.045789,-0.046484,-0.050834,0.004351,0.088995,-0.028011,0.117006
RAPT4.SA,2024-05-08,4,streak_4,-0.016744,-0.009983,-0.006762,-0.07814,-0.011224,-0.066915,-0.183256,-0.050834,-0.132421,-0.033488,-0.028011,-0.005477
TOTS3.SA,2024-05-08,2,streak_2,0.009349,-0.009983,0.019332,0.017577,-0.011224,0.028801,0.00374,-0.050834,0.054574,-0.009723,-0.028011,0.018288
BRKM3.SA,2024-05-08,4,streak_4,0.001521,-0.009983,0.011503,0.005068,-0.011224,0.016292,-0.046629,-0.050834,0.004205,-0.139888,-0.028011,-0.111877
SLCE3.SA,2024-05-08,2,streak_2,-0.0022,-0.009983,0.007782,-0.017602,-0.011224,-0.006378,-0.062706,-0.050834,-0.011872,-0.051705,-0.028011,-0.023694
STBP3.SA,2024-05-08,2,streak_2,0.011249,-0.009983,0.021231,-0.050619,-0.011224,-0.039395,-0.106862,-0.050834,-0.056027,0.0,-0.028011,0.028011
TEND3.SA,2024-05-08,5,streak_5plus,0.043771,-0.009983,0.053754,-0.031145,-0.011224,-0.019921,-0.079966,-0.050834,-0.029132,0.065657,-0.028011,0.093668
LOGN3.SA,2024-05-08,2,streak_2,-0.002494,-0.009983,0.007489,-0.015212,-0.011224,-0.003988,-0.125935,-0.050834,-0.075101,-0.092269,-0.028011,-0.064258
CYRE3.SA,2024-05-09,2,streak_2,-0.016843,-0.004593,-0.01225,-0.043311,0.000743,-0.044054,-0.07026,-0.057893,-0.012367,-0.103465,-0.014991,-0.088474
ARML3.SA,2024-05-09,2,streak_2,-0.034335,-0.004593,-0.029742,0.08691,0.000743,0.086167,0.054721,-0.057893,0.112614,-0.143777,-0.014991,-0.128786
ENGI11.SA,2024-05-09,3,streak_3,0.002368,-0.004593,0.006961,0.023917,0.000743,0.023173,0.003552,-0.057893,0.061445,-0.058016,-0.014991,-0.043025
TOTS3.SA,2024-05-09,3,streak_3,0.012968,-0.004593,0.017561,0.012597,0.000743,0.011854,0.0289,-0.057893,0.086792,-0.041497,-0.014991,-0.026506
RAPT4.SA,2024-05-09,5,streak_5plus,-0.054872,-0.004593,-0.050279,-0.080416,0.000743,-0.08116,-0.147588,-0.057893,-0.089695,-0.030274,-0.014991,-0.015284
ELET6.SA,2024-05-09,5,streak_5plus,-0.036917,-0.004593,-0.032324,-0.037416,0.000743,-0.038159,-0.073086,-0.057893,-0.015193,-0.04465,-0.014991,-0.029659
GMAT3.SA,2024-05-09,2,streak_2,0.011189,-0.004593,0.015782,0.013986,0.000743,0.013243,0.004196,-0.057893,0.062088,-0.082517,-0.014991,-0.067527
AXIA6.SA,2024-05-09,5,streak_5plus,-0.036846,-0.004593,-0.032253,-0.037361,0.000743,-0.038105,-0.073177,-0.057893,-0.015284,-0.044576,-0.014991,-0.029585
BRKM5.SA,2024-05-09,6,streak_5plus,-0.021816,-0.004593,-0.017223,-0.023338,0.000743,-0.024082,-0.091832,-0.057893,-0.033939,-0.182648,-0.014991,-0.167658
CXSE3.SA,2024-05-09,2,streak_2,-0.023427,-0.004593,-0.018834,-0.038153,0.000743,-0.038896,-0.111111,-0.057893,-0.053219,-0.135877,-0.014991,-0.120886
ALUP11.SA,2024-05-09,7,streak_5plus,-0.011843,-0.004593,-0.00725,0.026277,0.000743,0.025534,0.032939,-0.057893,0.090831,0.045892,-0.014991,0.060883
SLCE3.SA,2024-05-09,3,streak_3,-0.00882,-0.004593,-0.004227,-0.014333,0.000743,-0.015076,-0.058986,-0.057893,-0.001093,-0.061191,-0.014991,-0.0462
DXCO3.SA,2024-05-09,2,streak_2,0.0,-0.004593,0.004593,-0.013263,0.000743,-0.014006,-0.070292,-0.057893,-0.012399,-0.095491,-0.014991,-0.0805
SAPR11.SA,2024-05-09,20,streak_5plus,-0.009685,-0.004593,-0.005092,0.031477,0.000743,0.030734,0.017756,-0.057893,0.075649,0.060936,-0.014991,0.075927
ALUP11.SA,2024-05-10,8,streak_5plus,-0.003371,3e-06,-0.003374,0.02397,0.004319,0.019651,0.027341,-0.053547,0.080888,0.069288,-0.000672,0.06996
SAPR11.SA,2024-05-10,21,streak_5plus,0.01304,3e-06,0.013037,0.03586,0.004319,0.031541,0.00815,-0.053547,0.061697,0.089242,-0.000672,0.089914
AMBP3.SA,2024-05-10,5,streak_5plus,-0.088073,3e-06,-0.088077,-0.180734,0.004319,-0.185053,-0.166972,-0.053547,-0.113426,6.0,-0.000672,6.000672
SBSP3.SA,2024-05-10,2,streak_2,-0.010565,3e-06,-0.010568,0.006261,0.004319,0.001941,-0.062997,-0.053547,-0.00945,0.131342,-0.000672,0.132014
ABCB4.SA,2024-05-10,2,streak_2,-0.010603,3e-06,-0.010606,0.001674,0.004319,-0.002645,-0.050223,-0.053547,0.003324,0.075335,-0.000672,0.076006
YDUQ3.SA,2024-05-10,3,streak_3,-0.031633,3e-06,-0.031637,-0.187218,0.004319,-0.191537,-0.293738,-0.053547,-0.240191,-0.362815,-0.000672,-0.362143
NATU3.SA,2024-05-13,2,streak_2,0.008696,0.007175,0.001521,-0.044638,0.004318,-0.048956,-0.13913,-0.046747,-0.092383,-0.083478,0.008314,-0.091792
MOVI3.SA,2024-05-13,4,streak_4,0.004747,0.007175,-0.002428,0.02057,0.004318,0.016251,-0.113924,-0.046747,-0.067177,0.064873,0.008314,0.056559
MDIA3.SA,2024-05-13,2,streak_2,0.021592,0.007175,0.014417,0.038248,0.004318,0.03393,-0.089142,-0.046747,-0.042395,-0.163171,0.008314,-0.171485
NTCO3.SA,2024-05-13,2,streak_2,0.008696,0.007175,0.001521,-0.044638,0.004318,-0.048956,-0.13913,-0.046747,-0.092383,-0.083478,0.008314,-0.091792
ONCO3.SA,2024-05-13,2,streak_2,-0.025788,0.007175,-0.032963,0.012894,0.004318,0.008576,0.002865,-0.046747,0.049613,-0.025788,0.008314,-0.034102
YDUQ3.SA,2024-05-13,4,streak_4,-0.118667,0.007175,-0.125841,-0.173333,0.004318,-0.177652,-0.284,-0.046747,-0.237253,-0.308,0.008314,-0.316314
NTCO3.SA,2024-05-14,3,streak_3,-0.094253,-0.003796,-0.090456,-0.056897,-0.00859,-0.048307,-0.145402,-0.066758,-0.078644,-0.083333,0.016333,-0.099667
BRSR6.SA,2024-05-14,2,streak_2,-0.002167,-0.003796,0.00163,0.065005,-0.00859,0.073595,0.024919,-0.066758,0.091677,0.084507,0.016333,0.068174
NATU3.SA,2024-05-14,3,streak_3,-0.094253,-0.003796,-0.090456,-0.056897,-0.00859,-0.048307,-0.145402,-0.066758,-0.078644,-0.083333,0.016333,-0.099667
MLAS3.SA,2024-05-14,7,streak_5plus,0.084211,-0.003796,0.088007,0.157895,-0.00859,0.166485,0.1,-0.066758,0.166758,0.036842,0.016333,0.020509
LIGT3.SA,2024-05-15,2,streak_2,0.003899,0.002,0.001899,-0.033138,-0.018571,-0.014568,0.025341,-0.06608,0.091421,-0.17154,0.02021,-0.19175
MLAS3.SA,2024-05-15,8,streak_5plus,0.101942,0.002,0.099942,0.082524,-0.018571,0.101095,-0.004854,-0.06608,0.061226,0.029126,0.02021,0.008916
DASA3.SA,2024-05-15,3,streak_3,-0.022409,0.002,-0.024409,0.053221,-0.018571,0.071792,0.333333,-0.06608,0.399413,-0.165266,0.02021,-0.185476
NEOE3.SA,2024-07-23,2,streak_2,-0.002238,-0.00132,-0.000918,-0.009513,-0.00356,-0.005953,0.033576,0.077999,-0.044423,0.039172,0.033206,0.005966
SANB11.SA,2024-07-24,12,streak_5plus,0.003454,-0.003707,0.007161,0.016117,0.009722,0.006395,0.097467,0.069217,0.02825,0.02571,0.032245,-0.006535
USIM3.SA,2024-07-25,2,streak_2,0.009259,0.012214,-0.002955,-0.201058,0.011441,-0.212499,-0.179894,0.07665,-0.256544,-0.193122,0.034993,-0.228114
USIM6.SA,2024-07-26,2,streak_2,0.0,-4e-06,4e-06,0.0,-0.012851,0.012851,-0.292857,0.063655,-0.356512,-0.292857,0.019286,-0.312144
USIM3.SA,2024-07-26,3,streak_3,-0.207077,-4e-06,-0.207073,-0.228047,-0.012851,-0.215196,-0.159895,0.063655,-0.22355,-0.207077,0.019286,-0.226364
ENAT3.SA,2024-07-29,3,streak_3,0.036875,-0.010611,0.047486,0.049976,-0.012848,0.062824,0.049976,0.07282,-0.022844,None,None,None
KLBN11.SA,2024-07-29,14,streak_5plus,0.031863,-0.010611,0.042474,0.02451,-0.012848,0.037358,0.040196,0.07282,-0.032623,-0.026961,0.013657,-0.040617
BRAV3.SA,2024-07-30,2,streak_2,0.015152,0.011992,0.00316,0.0,0.001011,-0.001011,0.049242,0.088828,-0.039586,-0.355303,0.031138,-0.386441
KLBN11.SA,2024-07-30,15,streak_5plus,0.008076,0.011992,-0.003915,-0.020428,0.001011,-0.021438,0.004751,0.088828,-0.084078,-0.066508,0.031138,-0.097646
RRRP3.SA,2024-07-30,2,streak_2,0.015152,0.011992,0.00316,0.0,0.001011,-0.001011,0.049242,0.088828,-0.039586,None,None,None
KLBN4.SA,2024-07-30,2,streak_2,0.0,0.011992,-0.011992,-0.018182,0.001011,-0.019193,0.036364,0.088828,-0.052465,-0.031169,0.031138,-0.062307
AESB3.SA,2024-07-31,3,streak_3,-0.001768,-0.002011,0.000243,-0.009726,-0.001081,-0.008645,0.011494,0.065722,-0.054228,0.017683,0.01756,0.000124
ENAT3.SA,2024-07-31,4,streak_4,0.010743,-0.002011,0.012754,0.010743,-0.001081,0.011823,None,None,None,None,None,None
AESB3.SA,2024-08-01,4,streak_4,0.001771,-0.012096,0.013868,-0.002657,0.009936,-0.012593,0.014172,0.067577,-0.053405,-0.220549,0.029966,-0.250515
AURE3.SA,2024-08-02,2,streak_2,-0.04564,-1e-06,-0.045639,-0.07335,0.037826,-0.111175,-0.07824,0.080648,-0.158888,-0.161369,0.038742,-0.200111
PRIO3.SA,2024-08-05,2,streak_2,-0.029124,0.003279,-0.032403,0.039557,0.03783,0.001727,0.015214,0.067534,-0.05232,-0.104325,0.038023,-0.142348
IGTI11.SA,2024-08-05,11,streak_5plus,-0.015451,0.003279,-0.018731,0.067117,0.03783,0.029288,0.019314,0.067534,-0.04822,-0.011106,0.038023,-0.049129
RADL3.SA,2024-08-05,3,streak_3,0.059103,0.003279,0.055823,0.033564,0.03783,-0.004265,-0.042685,0.067534,-0.11022,-0.124772,0.038023,-0.162795
LOGN3.SA,2024-08-06,3,streak_3,-0.008233,0.009877,-0.01811,-0.006586,0.048558,-0.055144,-0.012075,0.077962,-0.090037,-0.274698,0.027296,-0.301995
ENGI11.SA,2024-08-06,4,streak_4,0.009301,0.009877,-0.000576,0.06008,0.048558,0.011522,0.107089,0.077962,0.029127,0.001257,0.027296,-0.02604
PRIO3.SA,2024-08-06,3,streak_3,-0.031789,0.009877,-0.041666,0.087979,0.048558,0.03942,-0.008283,0.077962,-0.086245,-0.082606,0.027296,-0.109902
CBAV3.SA,2024-08-06,4,streak_4,-0.026157,0.009877,-0.036034,-0.040241,0.048558,-0.0888,-0.044266,0.077962,-0.122228,0.171026,0.027296,0.14373
IGTI11.SA,2024-08-06,12,streak_5plus,0.013242,0.009877,0.003364,0.081903,0.048558,0.033345,0.049044,0.077962,-0.028919,0.001471,0.027296,-0.025825
BEEF3.SA,2024-08-06,9,streak_5plus,0.0,0.009877,-0.009877,0.135952,0.048558,0.087394,0.07855,0.077962,0.000588,-0.123867,0.027296,-0.151164
RAPT4.SA,2024-08-06,6,streak_5plus,-0.001951,0.009877,-0.011829,0.054634,0.048558,0.006076,0.07122,0.077962,-0.006743,0.016585,0.027296,-0.010711
BRKM5.SA,2024-08-06,7,streak_5plus,-0.006828,0.009877,-0.016705,0.026691,0.048558,-0.021867,0.149597,0.077962,0.071634,0.090006,0.027296,0.06271
RADL3.SA,2024-08-06,4,streak_4,-0.023424,0.009877,-0.033301,-0.038925,0.048558,-0.087483,-0.099552,0.077962,-0.177514,-0.18257,0.027296,-0.209866
TOTS3.SA,2024-08-06,4,streak_4,0.01005,0.009877,0.000173,0.112486,0.048558,0.063927,0.106687,0.077962,0.028725,0.125242,0.027296,0.097945
TEND3.SA,2024-08-06,6,streak_5plus,-0.012048,0.009877,-0.021926,-0.011245,0.048558,-0.059803,0.0,0.077962,-0.077962,0.15502,0.027296,0.127724
ITUB4.SA,2024-08-06,2,streak_2,0.022308,0.009877,0.01243,0.050385,0.048558,0.001827,0.123077,0.077962,0.045115,0.070769,0.027296,0.043473
SAPR11.SA,2024-08-07,22,streak_5plus,0.011223,0.008995,0.002228,-0.001496,0.045515,-0.047011,0.018706,0.070491,-0.051786,-0.083801,0.004759,-0.08856
BRKM3.SA,2024-08-07,5,streak_5plus,0.012012,0.008995,0.003017,0.024024,0.045515,-0.021491,0.133333,0.070491,0.062842,0.025225,0.004759,0.020466
CPLE6.SA,2024-08-07,2,streak_2,0.0,0.008995,-0.008995,0.027174,0.045515,-0.018341,0.075,0.070491,0.004509,-0.041304,0.004759,-0.046064
UGPA3.SA,2024-08-07,2,streak_2,0.079312,0.008995,0.070317,0.080745,0.045515,0.03523,0.045389,0.070491,-0.025102,-0.064023,0.004759,-0.068782
STBP3.SA,2024-08-07,3,streak_3,0.00765,0.008995,-0.001345,0.056831,0.045515,0.011316,0.04918,0.070491,-0.021311,0.320219,0.004759,0.315459
LOGN3.SA,2024-08-07,4,streak_4,0.069729,0.008995,0.060734,-0.007471,0.045515,-0.052986,0.004427,0.070491,-0.066064,-0.281682,0.004759,-0.286442
ARML3.SA,2024-08-07,3,streak_3,0.045161,0.008995,0.036166,0.082581,0.045515,0.037066,0.050323,0.070491,-0.020169,-0.113548,0.004759,-0.118308
AMBP3.SA,2024-08-07,6,streak_5plus,0.009174,0.008995,0.000179,0.035387,0.045515,-0.010128,-0.136304,0.070491,-0.206795,0.661861,0.004759,0.657102
YDUQ3.SA,2024-08-07,5,streak_5plus,0.051672,0.008995,0.042677,-0.013171,0.045515,-0.058686,-0.016211,0.070491,-0.086702,-0.013171,0.004759,-0.01793
COGN3.SA,2024-08-07,4,streak_4,0.056338,0.008995,0.047343,-0.028169,0.045515,-0.073684,-0.049296,0.070491,-0.119787,-0.070423,0.004759,-0.075182
CBAV3.SA,2024-08-07,5,streak_5plus,0.006198,0.008995,-0.002797,0.008264,0.045515,-0.03725,-0.002066,0.070491,-0.072557,0.179752,0.004759,0.174993
TOTS3.SA,2024-08-07,5,streak_5plus,0.023728,0.008995,0.014732,0.093379,0.045515,0.047864,0.118638,0.070491,0.048146,0.155377,0.004759,0.150618
BEEF3.SA,2024-08-07,10,streak_5plus,0.048338,0.008995,0.039343,0.128399,0.045515,0.082884,0.119335,0.070491,0.048844,-0.129909,0.004759,-0.134669
BRKM5.SA,2024-08-07,8,streak_5plus,0.043125,0.008995,0.03413,0.035,0.045515,-0.010515,0.17375,0.070491,0.103259,0.0775,0.004759,0.072741
ENGI11.SA,2024-08-07,5,streak_5plus,0.006974,0.008995,-0.002021,0.064508,0.045515,0.018993,0.129514,0.070491,0.059023,-0.036613,0.004759,-0.041372
CXSE3.SA,2024-08-08,3,streak_3,-0.00546,0.015185,-0.020645,0.031201,0.04269,-0.011489,0.134165,0.045947,0.088218,0.079563,0.014409,0.065154
ELMD3.SA,2024-08-08,2,streak_2,-0.007945,0.015185,-0.02313,-0.004237,0.04269,-0.046927,-0.039725,0.045947,-0.085671,-0.027013,0.014409,-0.041422
RECV3.SA,2024-08-08,2,streak_2,0.033947,0.015185,0.018762,0.096087,0.04269,0.053397,0.011507,0.045947,-0.034439,-0.134638,0.014409,-0.149047
ARML3.SA,2024-08-08,4,streak_4,0.004938,0.015185,-0.010247,0.041975,0.04269,-0.000715,-0.028395,0.045947,-0.074342,-0.11358,0.014409,-0.12799
SAPR11.SA,2024-08-08,23,streak_5plus,-0.011469,0.015185,-0.026654,-0.006289,0.04269,-0.048979,0.031447,0.045947,-0.0145,-0.09101,0.014409,-0.105419
ASAI3.SA,2024-08-08,3,streak_3,0.013834,0.015185,-0.001351,0.035573,0.04269,-0.007117,-0.06917,0.045947,-0.115117,-0.250988,0.014409,-0.265397
AMBP3.SA,2024-08-08,7,streak_5plus,0.068831,0.015185,0.053646,-0.090909,0.04269,-0.133599,-0.168831,0.045947,-0.214778,0.631169,0.014409,0.61676
MDIA3.SA,2024-08-08,3,streak_3,0.019536,0.015185,0.004351,0.013269,0.04269,-0.029421,-0.02875,0.045947,-0.074697,-0.082565,0.014409,-0.096975
RAPT4.SA,2024-08-08,7,streak_5plus,0.07451,0.015185,0.059325,0.055882,0.04269,0.013192,0.067647,0.045947,0.0217,0.023529,0.014409,0.00912
WIZC3.SA,2024-08-08,2,streak_2,0.010563,0.015185,-0.004622,0.012324,0.04269,-0.030366,0.042254,0.045947,-0.003693,-0.035211,0.014409,-0.049621
SUZB3.SA,2024-08-08,2,streak_2,0.026904,0.015185,0.011719,0.047873,0.04269,0.005183,0.058952,0.045947,0.013005,0.148961,0.014409,0.134552
TEND3.SA,2024-08-08,7,streak_5plus,-0.042089,0.015185,-0.057274,-0.015588,0.04269,-0.058279,0.008574,0.045947,-0.037373,0.165238,0.014409,0.150828
YDUQ3.SA,2024-08-08,6,streak_5plus,-0.009634,0.015185,-0.024819,-0.072254,0.04269,-0.114944,-0.073218,0.045947,-0.119165,0.000963,0.014409,-0.013446
PETR3.SA,2024-08-08,2,streak_2,0.016354,0.015185,0.001169,0.049061,0.04269,0.006371,0.100848,0.045947,0.054901,0.007571,0.014409,-0.006838
PETR3.SA,2024-08-09,3,streak_3,-0.008641,3e-06,-0.008644,0.042908,0.025561,0.017347,0.063468,0.030298,0.03317,-0.013707,0.000353,-0.01406
NATU3.SA,2024-08-11,4,streak_4,-0.009074,0.013651,-0.022725,-0.163339,0.025556,-0.188895,-0.177253,0.028363,-0.205616,-0.130672,-0.002098,-0.128573
NTCO3.SA,2024-08-11,4,streak_4,-0.009074,0.013651,-0.022725,-0.163339,0.025556,-0.188895,-0.177253,0.028363,-0.205616,-0.130672,-0.002098,-0.128573
TAEE11.SA,2024-08-12,2,streak_2,-0.00031,0.013651,-0.013961,-0.000621,0.025556,-0.026177,0.026683,0.028363,-0.001679,-0.004034,-0.002098,-0.001935
NTCO3.SA,2024-08-13,5,streak_5plus,-0.088523,0.006946,-0.095469,-0.133089,0.027866,-0.160955,-0.167277,0.017212,-0.184489,-0.137973,-0.020516,-0.117457
ONCO3.SA,2024-08-13,3,streak_3,0.059593,0.006946,0.052647,-0.045058,0.027866,-0.072924,-0.210756,0.017212,-0.227967,-0.354651,-0.020516,-0.334135
NATU3.SA,2024-08-13,5,streak_5plus,-0.088523,0.006946,-0.095469,-0.133089,0.027866,-0.160955,-0.167277,0.017212,-0.184489,-0.137973,-0.020516,-0.117457
MILS3.SA,2024-08-13,2,streak_2,0.011202,0.006946,0.004255,0.038697,0.027866,0.01083,0.03055,0.017212,0.013338,-0.04888,-0.020516,-0.028364
GGPS3.SA,2024-08-13,2,streak_2,-0.023359,0.006946,-0.030306,-0.042269,0.027866,-0.070135,-0.008899,0.017212,-0.02611,-0.081758,-0.020516,-0.061242
CSAN3.SA,2024-08-14,2,streak_2,-0.014588,0.006269,-0.020857,0.01167,0.023598,-0.011927,-0.053975,0.005339,-0.059314,-0.148796,-0.041164,-0.107633
ORVR3.SA,2024-08-14,2,streak_2,0.011613,0.006269,0.005344,0.042507,0.023598,0.018909,0.038782,0.005339,0.033443,0.018624,-0.041164,0.059788
BRIT3.SA,2024-08-14,2,streak_2,0.002545,0.006269,-0.003724,-0.058524,0.023598,-0.082122,-0.122137,0.005339,-0.127476,-0.160305,-0.041164,-0.119142
BPAC11.SA,2024-08-14,2,streak_2,-0.016807,0.006269,-0.023076,0.024051,0.023598,0.000453,-0.027818,0.005339,-0.033157,-0.086931,-0.041164,-0.045768
MRFG3.SA,2024-08-15,2,streak_2,0.020928,-0.001492,0.02242,0.157416,0.007603,0.149813,0.124659,0.005431,0.119228,0.201092,-0.04681,0.247902
MBRF3.SA,2024-08-15,2,streak_2,0.021363,-0.001492,0.022855,0.157681,0.007603,0.150078,0.125127,0.005431,0.119697,0.201424,-0.04681,0.248234
CAML3.SA,2024-10-10,2,streak_2,0.016927,0.003007,0.01392,0.010417,0.013755,-0.003339,-0.057292,-0.002157,-0.055134,-0.298177,-0.067707,-0.23047
INTB3.SA,2024-10-27,2,streak_2,0.013982,0.010156,0.003826,-0.080269,-0.013646,-0.066623,-0.181771,-0.005911,-0.17586,-0.346453,-0.057047,-0.289406
SANB11.SA,2024-10-28,13,streak_5plus,0.010878,0.010156,0.000721,-0.06189,-0.013646,-0.048244,-0.081395,-0.005911,-0.075484,-0.125656,-0.057047,-0.06861
SANB11.SA,2024-10-29,14,streak_5plus,-0.051577,-0.003678,-0.047899,-0.070872,-0.005318,-0.065554,-0.08423,-0.016587,-0.067643,-0.125788,-0.066805,-0.058984
AESB3.SA,2024-10-29,5,streak_5plus,-0.002273,-0.003678,0.001406,None,None,None,None,None,None,None,None,None
AESB3.SA,2024-10-30,6,streak_5plus,-0.066059,-0.000693,-0.065366,None,None,None,None,None,None,None,None,None
ABEV3.SA,2024-10-31,2,streak_2,-0.022407,-0.007088,-0.015318,-0.033195,-0.002284,-0.030911,-0.029046,-0.02274,-0.006306,-0.096266,-0.050397,-0.045869
KLBN11.SA,2024-11-03,16,streak_5plus,0.048961,0.018686,0.030276,-0.014837,-0.002271,-0.012566,0.05638,-0.019145,0.075525,0.073689,-0.009428,0.083118
KLBN4.SA,2024-11-03,3,streak_3,0.047244,0.018686,0.028558,-0.015748,-0.002271,-0.013477,0.086614,-0.019145,0.10576,0.120735,-0.009428,0.130163
KLBN4.SA,2024-11-04,4,streak_4,0.047244,0.018686,0.028558,-0.015748,-0.002271,-0.013477,0.086614,-0.019145,0.10576,0.120735,-0.009428,0.130163
KLBN11.SA,2024-11-04,17,streak_5plus,0.048961,0.018686,0.030276,-0.014837,-0.002271,-0.012566,0.05638,-0.019145,0.075525,0.073689,-0.009428,0.083118
PRIO3.SA,2024-11-05,4,streak_4,-0.013454,0.001118,-0.014572,-0.038405,-0.020236,-0.018169,-0.021526,-0.040449,0.018923,0.002691,-0.033558,0.036249
GGBR4.SA,2024-11-05,2,streak_2,-0.001155,0.001118,-0.002273,0.121247,-0.020236,0.141483,0.139723,-0.040449,0.180172,-0.04157,-0.033558,-0.008012
MILS3.SA,2024-11-05,3,streak_3,0.007322,0.001118,0.006204,-0.043933,-0.020236,-0.023697,-0.129707,-0.040449,-0.089258,-0.078452,-0.033558,-0.044894
CSMG3.SA,2024-11-05,2,streak_2,0.0,0.001118,-0.001118,0.045743,-0.020236,0.065979,0.086504,-0.040449,0.126953,-0.01721,-0.033558,0.016348
TAEE11.SA,2024-11-05,3,streak_3,-0.007711,0.001118,-0.00883,0.010796,-0.020236,0.031032,-0.000308,-0.040449,0.040141,-0.022825,-0.033558,0.010733
CPLE6.SA,2024-11-05,3,streak_3,-0.013333,0.001118,-0.014452,-0.028889,-0.020236,-0.008653,-0.004444,-0.040449,0.036005,0.016667,-0.033558,0.050225
BRKM5.SA,2024-11-05,9,streak_5plus,0.024619,0.001118,0.023501,-0.076788,-0.020236,-0.056552,-0.101993,-0.040449,-0.061544,-0.190504,-0.033558,-0.156946
IGTI11.SA,2024-11-05,13,streak_5plus,-0.000492,0.001118,-0.00161,-0.040806,-0.020236,-0.02057,-0.110128,-0.040449,-0.069678,-0.124877,-0.033558,-0.091319
BEEF3.SA,2024-11-06,11,streak_5plus,0.017241,-0.002448,0.019689,-0.044828,-0.022673,-0.022155,0.044828,-0.034605,0.079433,-0.168966,-0.035897,-0.133069
CPLE6.SA,2024-11-06,4,streak_4,-0.005631,-0.002448,-0.003183,-0.027027,-0.022673,-0.004354,0.015766,-0.034605,0.050371,0.039414,-0.035897,0.075311
BRKM3.SA,2024-11-06,6,streak_5plus,0.00118,-0.002448,0.003628,-0.074336,-0.022673,-0.051664,-0.091445,-0.034605,-0.05684,-0.229499,-0.035897,-0.193602
ARML3.SA,2024-11-06,5,streak_5plus,0.04235,-0.002448,0.044798,-0.053279,-0.022673,-0.030606,-0.132514,-0.034605,-0.097908,-0.387978,-0.035897,-0.352081
ENGI11.SA,2024-11-06,6,streak_5plus,-0.012588,-0.002448,-0.01014,-0.066717,-0.022673,-0.044044,-0.075277,-0.034605,-0.040672,-0.062689,-0.035897,-0.026792
PETZ3.SA,2024-11-06,9,streak_5plus,0.078431,-0.002448,0.080879,-0.092157,-0.022673,-0.069484,-0.172549,-0.034605,-0.137944,-0.098039,-0.035897,-0.062143
TAEE11.SA,2024-11-06,4,streak_4,-0.002176,-0.002448,0.000272,0.002487,-0.022673,0.025159,0.0,-0.034605,0.034605,-0.017097,-0.035897,0.0188
MILS3.SA,2024-11-06,4,streak_4,0.012461,-0.002448,0.014909,-0.040498,-0.022673,-0.017826,-0.137072,-0.034605,-0.102466,-0.079958,-0.035897,-0.044062
EGIE3.SA,2024-11-06,2,streak_2,-0.029256,-0.002448,-0.026808,-0.058764,-0.022673,-0.036091,-0.09483,-0.034605,-0.060224,-0.123581,-0.035897,-0.087685
BRKM5.SA,2024-11-06,10,streak_5plus,-0.005721,-0.002448,-0.003273,-0.124714,-0.022673,-0.102041,-0.121854,-0.034605,-0.087248,-0.25,-0.035897,-0.214103
BMGB4.SA,2024-11-07,2,streak_2,-0.008108,-0.005058,-0.00305,-0.021622,-0.020002,-0.00162,0.0,-0.032637,0.032637,-0.056757,-0.039846,-0.016911
NTCO3.SA,2024-11-07,6,streak_5plus,-0.017397,-0.005058,-0.01234,-0.000696,-0.020002,0.019306,-0.004175,-0.032637,0.028461,-0.08977,-0.039846,-0.049925
NATU3.SA,2024-11-07,6,streak_5plus,-0.017397,-0.005058,-0.01234,-0.000696,-0.020002,0.019306,-0.004175,-0.032637,0.028461,-0.08977,-0.039846,-0.049925
SAPR11.SA,2024-11-07,24,streak_5plus,-0.008965,-0.005058,-0.003907,-0.016707,-0.020002,0.003294,0.187042,-0.032637,0.219678,0.050122,-0.039846,0.089968
DXCO3.SA,2024-11-07,2,streak_2,-0.040476,-0.005058,-0.035419,-0.097619,-0.020002,-0.077617,-0.17619,-0.032637,-0.143554,-0.311905,-0.039846,-0.272059
RECV3.SA,2024-11-07,3,streak_3,-0.00596,-0.005058,-0.000903,0.043709,-0.020002,0.06371,0.006623,-0.032637,0.039259,-0.013907,-0.039846,0.025938
FLRY3.SA,2024-11-07,2,streak_2,0.0,-0.005058,0.005058,-0.035413,-0.020002,-0.015411,-0.082631,-0.032637,-0.049994,-0.150084,-0.039846,-0.110239
LOGN3.SA,2024-11-08,5,streak_5plus,0.008571,-0.01428,0.022852,-0.036327,-0.014575,-0.021752,-0.183673,-0.014066,-0.169607,-0.165714,-0.031983,-0.133731
ALUP11.SA,2024-11-08,2,streak_2,-0.011584,-0.01428,0.002696,-0.005232,-0.014575,0.009343,-0.045964,-0.014066,-0.031898,-0.027653,-0.031983,0.00433
ARML3.SA,2024-11-08,6,streak_5plus,-0.046897,-0.01428,-0.032616,0.035862,-0.014575,0.050437,-0.154483,-0.014066,-0.140417,-0.449655,-0.031983,-0.417672
ENGI11.SA,2024-11-08,7,streak_5plus,-0.019567,-0.01428,-0.005287,-0.005922,-0.014575,0.008653,-0.053038,-0.014066,-0.038972,-0.029094,-0.031983,0.002889
NATU3.SA,2024-11-08,7,streak_5plus,0.029037,-0.01428,0.043317,0.018414,-0.014575,0.032989,0.006374,-0.014066,0.02044,-0.080737,-0.031983,-0.048753
NTCO3.SA,2024-11-08,7,streak_5plus,0.029037,-0.01428,0.043317,0.018414,-0.014575,0.032989,0.006374,-0.014066,0.02044,-0.080737,-0.031983,-0.048753
HBSA3.SA,2024-11-08,2,streak_2,-0.009146,-0.01428,0.005134,-0.02439,-0.014575,-0.009815,-0.146341,-0.014066,-0.132275,-0.253049,-0.031983,-0.221066
MDIA3.SA,2024-11-08,4,streak_4,-0.031752,-0.01428,-0.017472,-0.026125,-0.014575,-0.01155,-0.145498,-0.014066,-0.131432,-0.16881,-0.031983,-0.136827
SMTO3.SA,2024-11-10,2,streak_2,-0.002058,0.000343,-0.002402,None,None,None,-0.005352,-0.014739,0.009387,-0.080692,-0.012556,-0.068135
VAMO3.SA,2024-11-11,2,streak_2,-0.001838,0.000343,-0.002182,None,None,None,-0.025735,-0.014739,-0.010996,-0.215074,-0.012556,-0.202517
GGPS3.SA,2024-11-11,3,streak_3,0.000609,0.000343,0.000266,None,None,None,-0.042631,-0.014739,-0.027892,-0.129111,-0.012556,-0.116555
SMTO3.SA,2024-11-11,3,streak_3,-0.002058,0.000343,-0.002402,None,None,None,-0.005352,-0.014739,0.009387,-0.080692,-0.012556,-0.068135
RAIZ4.SA,2024-11-12,2,streak_2,-0.018519,-0.001372,-0.017147,None,None,None,-0.092593,-0.005189,-0.087404,-0.348148,-0.025449,-0.322699
CSAN3.SA,2024-11-12,3,streak_3,-0.023216,-0.001372,-0.021844,None,None,None,-0.195185,-0.005189,-0.189996,-0.382631,-0.025449,-0.357182
HAPV3.SA,2024-11-12,2,streak_2,0.044164,-0.001372,0.045536,None,None,None,-0.239748,-0.005189,-0.234559,-0.264984,-0.025449,-0.239535
MRFG3.SA,2024-11-13,3,streak_3,-0.005944,0.000278,-0.006222,0.066865,0.000547,0.066318,0.270431,0.004152,0.266279,0.124071,-0.016653,0.140724
BRIT3.SA,2024-11-13,3,streak_3,-0.015152,0.000278,-0.01543,-0.033333,0.000547,-0.03388,-0.069697,0.004152,-0.073849,-0.178788,-0.016653,-0.162135
MLAS3.SA,2024-11-13,9,streak_5plus,0.013158,0.000278,0.012879,-0.065789,0.000547,-0.066337,-0.197368,0.004152,-0.20152,-0.230263,-0.016653,-0.213611
ORVR3.SA,2024-11-13,3,streak_3,0.0,0.000278,-0.000278,-0.044115,0.000547,-0.044662,-0.119618,0.004152,-0.12377,-0.097985,-0.016653,-0.081333
MBRF3.SA,2024-11-13,3,streak_3,-0.005814,0.000278,-0.006092,0.066445,0.000547,0.065898,0.269934,0.004152,0.265782,0.123754,-0.016653,0.140407
ONCO3.SA,2024-11-13,4,streak_4,0.008989,0.000278,0.00871,-0.177528,0.000547,-0.178075,-0.316854,0.004152,-0.321006,-0.561798,-0.016653,-0.545145
CSAN3.SA,2024-11-13,4,streak_4,0.006162,0.000278,0.005883,-0.027289,0.000547,-0.027836,-0.154049,0.004152,-0.158201,-0.34419,-0.016653,-0.327538
BRSR6.SA,2024-11-13,2,streak_2,-0.032258,0.000278,-0.032537,-0.014113,0.000547,-0.01466,-0.039315,0.004152,-0.043466,0.03125,-0.016653,0.047903
CSNA3.SA,2024-11-13,2,streak_2,-0.03981,0.000278,-0.040089,0.048341,0.000547,0.047794,0.109953,0.004152,0.105801,-0.140284,-0.016653,-0.123632
CAML3.SA,2025-01-09,3,streak_3,0.013233,0.001305,0.011928,-0.119093,0.025293,-0.144386,-0.204159,0.055175,-0.259333,-0.266541,0.068309,-0.33485
SANB11.SA,2025-02-05,15,streak_5plus,0.062035,0.00309,0.058945,0.029363,0.010981,0.018382,0.01737,-0.000901,0.018271,0.193548,0.090809,0.10274
ITUB4.SA,2025-02-05,2,streak_2,0.014842,0.00309,0.011753,0.031169,0.010981,0.020188,0.018182,-0.000901,0.019083,0.280148,0.090809,0.18934
SMTO3.SA,2025-02-07,4,streak_4,-0.021048,-0.012718,-0.00833,-0.045231,-0.01089,-0.034341,-0.076131,-0.021528,-0.054603,-0.122257,0.100918,-0.223175
BPAN4.SA,2025-02-07,2,streak_2,-0.041787,-0.012718,-0.029069,0.023055,-0.01089,0.033945,-0.010086,-0.021528,0.011442,0.128242,0.100918,0.027324
SMTO3.SA,2025-02-10,5,streak_5plus,-0.013266,0.007643,-0.020909,0.018756,0.028881,-0.010126,-0.053065,-0.006066,-0.046999,-0.114364,0.110765,-0.225129
RAIZ4.SA,2025-02-14,3,streak_3,0.0,0.02698,-0.02698,-0.011299,0.02203,-0.033329,0.033898,0.05306,-0.019162,-0.050847,0.122222,-0.17307
BMGB4.SA,2025-02-17,3,streak_3,0.008152,0.002601,0.005551,-0.027174,-0.008505,-0.018669,-0.029891,0.033457,-0.063349,-0.035326,0.075361,-0.110687
GGBR4.SA,2025-02-18,3,streak_3,0.003582,-0.000159,0.003741,-0.063284,-0.02451,-0.038774,-0.004179,0.02647,-0.030649,-0.096716,0.067836,-0.164552
IGTI11.SA,2025-02-18,14,streak_5plus,-0.007804,-0.000159,-0.007646,-0.07232,-0.02451,-0.047811,-0.038502,0.02647,-0.064972,0.129032,0.067836,0.061196
GGBR4.SA,2025-02-19,4,streak_4,-0.004164,-0.009514,0.00535,-0.064247,-0.019857,-0.044391,-0.011303,0.029667,-0.04097,-0.10113,0.072298,-0.173428
VALE3.SA,2025-02-20,2,streak_2,0.036894,0.002292,0.034602,0.018544,-0.019952,0.038496,0.066448,0.031519,0.034929,0.007726,0.085048,-0.077321
SAPR11.SA,2025-02-20,25,streak_5plus,-0.00263,0.002292,-0.004922,-0.002254,-0.019952,0.017698,0.005635,0.031519,-0.025884,0.167168,0.085048,0.08212
RAIL3.SA,2025-02-20,2,streak_2,-0.008394,0.002292,-0.010686,-0.066592,-0.019952,-0.04664,-0.08394,0.031519,-0.115459,-0.004477,0.085048,-0.089525
MDIA3.SA,2025-02-21,5,streak_5plus,0.002206,-0.003703,0.005909,-0.03573,-0.021956,-0.013774,0.007058,0.035009,-0.027951,0.042347,0.093578,-0.051232
BRFS3.SA,2025-02-24,2,streak_2,-0.015743,-0.013582,-0.002161,-0.05656,-0.034052,-0.022508,0.037901,0.042411,-0.00451,0.072886,0.092503,-0.019617
HBSA3.SA,2025-02-24,3,streak_3,-0.068293,-0.013582,-0.05471,-0.092683,-0.034052,-0.058631,0.097561,0.042411,0.05515,0.517073,0.092503,0.42457
INTB3.SA,2025-02-26,3,streak_3,-0.038489,-0.009611,-0.028878,-0.106754,-0.020813,-0.085941,-0.078431,0.047013,-0.125444,0.051561,0.08769,-0.036128
MRVE3.SA,2025-02-26,2,streak_2,-0.078431,-0.009611,-0.06882,-0.111765,-0.020813,-0.090952,0.019608,0.047013,-0.027405,0.037255,0.08769,-0.050435
BRKM3.SA,2025-02-26,7,streak_5plus,-0.022672,-0.009611,-0.013061,-0.14332,-0.020813,-0.122507,-0.044534,0.047013,-0.091547,-0.05668,0.08769,-0.14437
FLRY3.SA,2025-02-26,3,streak_3,-0.021605,-0.009611,-0.011994,0.057613,-0.020813,0.078426,0.116255,0.047013,0.069242,0.221193,0.08769,0.133504
CPLE6.SA,2025-02-26,5,streak_5plus,-0.005165,-0.009611,0.004446,-0.048554,-0.020813,-0.027741,0.020661,0.047013,-0.026352,0.308884,0.08769,0.221194
BRFS3.SA,2025-02-26,3,streak_3,0.008226,-0.009611,0.017837,-0.018801,-0.020813,0.002011,0.045241,0.047013,-0.001772,0.076381,0.08769,-0.011309
CSAN3.SA,2025-02-26,5,streak_5plus,-0.016854,-0.009611,-0.007243,-0.008427,-0.020813,0.012386,0.071629,0.047013,0.024616,0.155899,0.08769,0.068209
OPCT3.SA,2025-02-26,2,streak_2,0.018116,-0.009611,0.027727,-0.01087,-0.020813,0.009943,0.030797,0.047013,-0.016216,0.056159,0.08769,-0.03153
BRKM5.SA,2025-02-26,11,streak_5plus,-0.022672,-0.009611,-0.013061,-0.14251,-0.020813,-0.121698,-0.068016,0.047013,-0.115029,-0.108502,0.08769,-0.196192
ENGI11.SA,2025-03-10,8,streak_5plus,-0.003954,-0.004121,0.000167,0.04349,0.031371,0.012119,0.030311,0.004426,0.025885,0.185556,0.085294,0.100262
NATU3.SA,2025-03-10,8,streak_5plus,-0.023186,-0.004121,-0.019065,-0.289454,0.031371,-0.320825,-0.296185,0.004426,-0.300612,-0.222887,0.085294,-0.308181
NTCO3.SA,2025-03-10,8,streak_5plus,-0.023186,-0.004121,-0.019065,-0.289454,0.031371,-0.320825,-0.296185,0.004426,-0.300612,-0.222887,0.085294,-0.308181
SLCE3.SA,2025-03-12,2,streak_2,0.0,0.002884,-0.002884,0.028446,0.064509,-0.036063,-0.003829,0.034723,-0.038553,0.020788,0.110282,-0.089495
DXCO3.SA,2025-03-12,3,streak_3,-0.014134,0.002884,-0.017018,0.001767,0.064509,-0.062743,-0.081272,0.034723,-0.115995,-0.014134,0.110282,-0.124417
NATU3.SA,2025-03-13,9,streak_5plus,-0.000737,0.014319,-0.015056,-0.271186,0.069794,-0.340981,-0.3014,0.020113,-0.321513,-0.240236,0.112513,-0.352749
ELET6.SA,2025-03-13,2,streak_2,0.019455,0.014319,0.005136,0.057879,0.069794,-0.011915,0.050827,0.020113,0.030714,0.075632,0.112513,-0.036881
AXIA6.SA,2025-03-13,2,streak_2,0.019598,0.014319,0.005279,0.05804,0.069794,-0.011754,0.050754,0.020113,0.030641,0.075879,0.112513,-0.036633
NTCO3.SA,2025-03-13,9,streak_5plus,-0.000737,0.014319,-0.015056,-0.271186,0.069794,-0.340981,-0.3014,0.020113,-0.321513,-0.240236,0.112513,-0.352749
ALOS3.SA,2025-03-17,2,streak_2,0.019231,0.014554,0.004677,0.03022,0.026271,0.003949,0.056593,0.003853,0.052741,0.152198,0.079862,0.072335
BRKM5.SA,2025-03-17,12,streak_5plus,0.028933,0.014554,0.014379,-0.012658,0.026271,-0.038929,-0.064195,0.003853,-0.068048,-0.045208,0.079862,-0.12507
YDUQ3.SA,2025-03-17,2,streak_2,0.00274,0.014554,-0.011815,0.026484,0.026271,0.000213,0.161644,0.003853,0.157791,0.544292,0.079862,0.46443
ENGI11.SA,2025-03-18,9,streak_5plus,-0.000498,0.004898,-0.005395,-0.012935,0.003726,-0.016661,0.023134,-0.012142,0.035276,0.135323,0.061193,0.074131
BEEF3.SA,2025-03-19,12,streak_5plus,0.018215,0.007862,0.010352,0.089253,0.00451,0.084743,0.009107,-0.024019,0.033126,-0.103825,0.055082,-0.158907
HAPV3.SA,2025-03-19,3,streak_3,-0.042373,0.007862,-0.050235,-0.055085,0.00451,-0.059595,-0.063559,-0.024019,-0.039541,0.115537,0.055082,0.060455
RECV3.SA,2025-03-19,4,streak_4,-0.014031,0.007862,-0.021893,-0.015944,0.00451,-0.020454,-0.170281,-0.024019,-0.146262,-0.006378,0.055082,-0.06146
ENEV3.SA,2025-03-20,2,streak_2,-0.011691,-0.004177,-0.007514,-0.064692,8.4e-05,-0.064777,-0.028059,-0.021572,-0.006488,0.071707,0.03477,0.036936
CMIG3.SA,2025-03-20,2,streak_2,-0.013899,-0.004177,-0.009721,-0.04795,8.4e-05,-0.048034,-0.061154,-0.021572,-0.039582,0.059069,0.03477,0.024298
PETZ3.SA,2025-03-20,10,streak_5plus,-0.045356,-0.004177,-0.041179,-0.099352,8.4e-05,-0.099436,-0.12527,-0.021572,-0.103698,-0.131749,0.03477,-0.16652
ENEV3.SA,2025-03-21,3,streak_3,-0.036278,0.002955,-0.039233,-0.065457,0.009047,-0.074505,-0.007098,-0.011296,0.004198,0.090694,0.034827,0.055867
ARML3.SA,2025-03-24,7,streak_5plus,-0.037657,-0.007733,-0.029924,-0.200837,-0.003345,-0.197492,-0.085774,-0.000973,-0.084801,-0.236402,0.036418,-0.27282
CSMG3.SA,2025-03-24,3,streak_3,-0.019862,-0.007733,-0.012129,-0.144646,-0.003345,-0.141301,-0.134283,-0.000973,-0.13331,0.131693,0.036418,0.095275
VAMO3.SA,2025-03-24,3,streak_3,-0.018307,-0.007733,-0.010574,0.06865,-0.003345,0.071995,0.155606,-0.000973,0.15658,0.052632,0.036418,0.016214
SIMH3.SA,2025-03-24,2,streak_2,-0.019512,-0.007733,-0.011779,0.05122,-0.003345,0.054565,0.278049,-0.000973,0.279022,0.395122,0.036418,0.358704
ONCO3.SA,2025-03-28,5,streak_5plus,-0.033808,-0.009362,-0.024446,-0.030249,-0.015082,-0.015167,0.085409,0.014602,0.070807,-0.087189,0.042853,-0.130042
ELMD3.SA,2025-03-29,2,streak_2,0.004338,-0.012453,0.016791,0.005672,-0.035224,0.040897,0.01368,0.023993,-0.010313,None,None,None
ORVR3.SA,2025-03-31,4,streak_4,-0.008671,-0.012453,0.003782,-0.028123,-0.035224,0.007102,0.149285,0.023993,0.125292,0.263651,0.057977,0.205675
CSED3.SA,2025-03-31,2,streak_2,-0.021739,-0.012453,-0.009286,-0.119565,-0.035224,-0.084341,0.054348,0.023993,0.030354,0.399457,0.057977,0.34148
VALE3.SA,2025-04-22,3,streak_3,0.017815,0.006281,0.011534,0.021926,0.041387,-0.019461,0.033281,0.063488,-0.030207,0.060102,0.034838,0.025264
VALE3.SA,2025-04-24,4,streak_4,0.015586,0.017883,-0.002296,-0.029462,0.021562,-0.051025,-0.002661,0.042417,-0.045078,0.054362,0.023841,0.030521
USIM3.SA,2025-04-24,2,streak_2,-0.048013,0.017883,-0.065896,-0.087748,0.021562,-0.109311,-0.130795,0.042417,-0.173212,-0.251656,0.023841,-0.275497
IGTI11.SA,2025-04-29,15,streak_5plus,0.006439,0.000571,0.005868,0.012878,-0.01111,0.023988,0.103021,0.028678,0.074344,0.021298,-0.02138,0.042678
GGBR4.SA,2025-04-30,5,streak_5plus,-0.024816,-0.000193,-0.024623,-0.049631,-0.01255,-0.037081,0.032864,0.025469,0.007395,0.095909,-0.017524,0.113432
IGTI11.SA,2025-04-30,16,streak_5plus,0.010827,-0.000193,0.011019,-0.000492,-0.01255,0.012058,0.11811,0.025469,0.092641,0.020177,-0.017524,0.037701
MDIA3.SA,2025-05-02,6,streak_5plus,0.005183,0.000495,0.004688,-0.071372,0.008625,-0.079996,-0.061404,0.014509,-0.075912,-0.021531,-0.007976,-0.013556
CBAV3.SA,2025-05-05,2,streak_2,-0.029777,-0.012156,-0.017621,0.091811,0.010197,0.081614,0.121588,0.012231,0.109357,0.16129,-0.015265,0.176555
VAMO3.SA,2025-05-05,4,streak_4,-0.037624,-0.012156,-0.025468,-0.126733,0.010197,-0.13693,-0.035644,0.012231,-0.047874,-0.239604,-0.015265,-0.224339
RADL3.SA,2025-05-06,2,streak_2,-0.025784,0.000184,-0.025968,-0.195652,0.023012,-0.218665,-0.290192,0.030377,-0.320569,-0.310415,-0.007894,-0.30252
ENGI11.SA,2025-05-06,10,streak_5plus,-0.008022,0.000184,-0.008206,-0.001146,0.023012,-0.024158,0.063488,0.030377,0.033112,0.019711,-0.007894,0.027606
DXCO3.SA,2025-05-06,4,streak_4,0.0,0.000184,-0.000184,-0.033333,0.023012,-0.056346,0.046296,0.030377,0.01592,0.038889,-0.007894,0.046783
MRVE3.SA,2025-05-06,3,streak_3,-0.005137,0.000184,-0.005321,-0.090753,0.023012,-0.113766,-0.05137,0.030377,-0.081747,0.025685,-0.007894,0.033579
RAIL3.SA,2025-05-07,3,streak_3,-0.015882,-0.000886,-0.014996,-0.047645,0.040799,-0.088444,0.031216,0.026107,0.005108,-0.099671,-0.004079,-0.095592
FLRY3.SA,2025-05-07,4,streak_4,-0.000843,-0.000886,4.3e-05,0.003373,0.040799,-0.037426,0.016863,0.026107,-0.009244,0.113828,-0.004079,0.117907
MGLU3.SA,2025-05-07,2,streak_2,-0.022883,-0.000886,-0.021997,0.048055,0.040799,0.007256,0.148741,0.026107,0.122634,-0.17849,-0.004079,-0.174411
ABCB4.SA,2025-05-07,2,streak_2,-0.001966,-0.000886,-0.00108,0.000983,0.040799,-0.039816,0.001474,0.026107,-0.024633,0.026536,-0.004079,0.030615
B3SA3.SA,2025-05-07,2,streak_2,-0.000769,-0.000886,0.000117,0.136049,0.040799,0.09525,0.059954,0.026107,0.033846,-0.031514,-0.004079,-0.027435
ECOR3.SA,2025-05-07,2,streak_2,0.001582,-0.000886,0.002468,-0.001582,0.040799,-0.042381,0.077532,0.026107,0.051424,0.041139,-0.004079,0.045218
RAPT4.SA,2025-05-08,2,streak_2,0.011876,0.021248,-0.009371,-0.043943,0.037672,-0.081615,0.066508,0.021281,0.045227,-0.171021,-0.001846,-0.169176
MRVE3.SA,2025-05-08,4,streak_4,0.067708,0.021248,0.046461,-0.052083,0.037672,-0.089755,0.024306,0.021281,0.003024,0.03125,-0.001846,0.033096
MGLU3.SA,2025-05-08,3,streak_3,0.056206,0.021248,0.034958,0.094848,0.037672,0.057176,0.177986,0.021281,0.156705,-0.156909,-0.001846,-0.155063
INTB3.SA,2025-05-08,4,streak_4,0.038405,0.021248,0.017157,0.043575,0.037672,0.005903,0.029542,0.021281,0.008261,0.002216,-0.001846,0.004061
CSNA3.SA,2025-05-08,2,streak_2,0.024468,0.021248,0.00322,-0.011702,0.037672,-0.049374,-0.120213,0.021281,-0.141494,-0.229787,-0.001846,-0.227941
RAIL3.SA,2025-05-08,4,streak_4,0.024485,0.021248,0.003238,-0.058431,0.037672,-0.096102,0.027268,0.021281,0.005987,-0.079577,-0.001846,-0.077731
BRKM3.SA,2025-05-09,8,streak_5plus,-0.070662,0.002055,-0.072717,-0.047406,0.022774,-0.07018,-0.018784,-0.000953,-0.017831,-0.192308,-0.012437,-0.179871
ARML3.SA,2025-05-09,8,streak_5plus,-0.02069,0.002055,-0.022745,0.011494,0.022774,-0.011279,0.112644,-0.000953,0.113596,-0.213793,-0.012437,-0.201356
ABCB4.SA,2025-05-09,3,streak_3,-0.039139,0.002055,-0.041194,0.008806,0.022774,-0.013967,-0.001957,-0.000953,-0.001004,0.054795,-0.012437,0.067231
OPCT3.SA,2025-05-11,3,streak_3,-0.003521,0.000376,-0.003897,0.028169,0.019599,0.00857,0.080986,-0.005952,0.086938,0.100352,0.000115,0.100237
NATU3.SA,2025-05-12,10,streak_5plus,0.02623,0.000376,0.025854,0.167213,0.019599,0.147614,0.135519,-0.005952,0.141471,0.002186,0.000115,0.002071
ONCO3.SA,2025-05-12,6,streak_5plus,-0.014799,0.000376,-0.015175,0.016913,0.019599,-0.002686,0.004228,-0.005952,0.01018,0.179704,0.000115,0.179589
NTCO3.SA,2025-05-12,10,streak_5plus,0.02623,0.000376,0.025854,0.167213,0.019599,0.147614,0.135519,-0.005952,0.141471,None,None,None
HAPV3.SA,2025-05-12,4,streak_4,0.017021,0.000376,0.016645,0.2,0.019599,0.180401,0.131631,-0.005952,0.137583,0.026099,0.000115,0.025984
YDUQ3.SA,2025-05-12,3,streak_3,-0.013631,0.000376,-0.014007,-0.046468,0.019599,-0.066068,0.070632,-0.005952,0.076584,-0.157373,0.000115,-0.157488
RAIZ4.SA,2025-05-13,4,streak_4,0.005618,0.017574,-0.011956,-0.050562,0.022504,-0.073066,0.078652,-0.000931,0.079582,-0.303371,-0.004759,-0.298612
ARML3.SA,2025-05-13,9,streak_5plus,0.011628,0.017574,-0.005946,0.048837,0.022504,0.026333,0.14186,-0.000931,0.142791,-0.181395,-0.004759,-0.176636
ORVR3.SA,2025-05-14,5,streak_5plus,0.034326,-0.003888,0.038214,0.008088,0.008251,-0.000162,0.032551,-0.013205,0.045756,-0.052673,-0.024035,-0.028638
AXIA6.SA,2025-05-14,3,streak_3,-0.003827,-0.003888,6.1e-05,-0.024764,0.008251,-0.033014,-0.03602,-0.013205,-0.022814,0.015083,-0.024035,0.039118
BRSR6.SA,2025-05-14,2,streak_2,-0.011844,-0.003888,-0.007956,0.025381,0.008251,0.01713,-0.024535,-0.013205,-0.011329,-0.104061,-0.024035,-0.080026
ELET6.SA,2025-05-14,3,streak_3,-0.003705,-0.003888,0.000183,-0.024629,0.008251,-0.03288,-0.035963,-0.013205,-0.022758,0.015039,-0.024035,0.039074
ORVR3.SA,2025-05-15,6,streak_5plus,-0.012016,0.006585,-0.018601,-0.028419,-0.003912,-0.024506,-0.014877,-0.004501,-0.010376,-0.07057,-0.003678,-0.066892
ONCO3.SA,2025-05-15,7,streak_5plus,-0.012397,0.006585,-0.018982,0.008264,-0.003912,0.012177,-0.059917,-0.004501,-0.055416,0.132231,-0.003678,0.13591
CSAN3.SA,2025-05-15,6,streak_5plus,-0.010256,0.006585,-0.016842,-0.015385,-0.003912,-0.011472,0.05641,-0.004501,0.060912,-0.25,-0.003678,-0.246322
MBRF3.SA,2025-05-15,2,streak_2,0.043503,0.006585,0.036918,0.243503,-0.003912,0.247415,0.276836,-0.004501,0.281338,0.118079,-0.003678,0.121757
BBAS3.SA,2025-05-15,2,streak_2,-0.01235,0.006585,-0.018935,-0.151286,-0.003912,-0.147374,-0.266895,-0.004501,-0.262394,-0.341338,-0.003678,-0.33766
JALL3.SA,2025-06-17,2,streak_2,-0.014458,-0.002987,-0.011471,-0.057831,-0.015018,-0.042814,-0.101205,-0.026892,-0.074312,-0.296386,0.021656,-0.318041
USIM3.SA,2025-07-25,3,streak_3,-0.018391,-0.002118,-0.016273,0.05977,-0.005504,0.065275,-0.002299,0.031094,-0.033392,0.133333,0.076809,0.056525
GGBR4.SA,2025-07-31,6,streak_5plus,-0.008429,-0.006856,-0.001572,-0.058399,0.004089,-0.062488,-0.004214,0.052687,-0.056901,0.080674,0.096868,-0.016194
KLBN3.SA,2025-08-05,2,streak_2,-0.019284,0.001354,-0.020638,0.019284,0.019944,-0.00066,0.00551,0.05538,-0.04987,-0.022039,0.118891,-0.140929
KLBN4.SA,2025-08-05,2,streak_2,-0.011331,0.001354,-0.012686,0.022663,0.019944,0.002719,0.022663,0.05538,-0.032717,0.002833,0.118891,-0.116058
AXIA6.SA,2025-08-05,4,streak_4,-0.008132,0.001354,-0.009487,0.182844,0.019944,0.1629,0.209601,0.05538,0.154221,0.549056,0.118891,0.430165
ITUB4.SA,2025-08-05,2,streak_2,0.010886,0.001354,0.009532,0.055337,0.019944,0.035393,0.090717,0.05538,0.035337,0.124584,0.118891,0.005694
IGTI11.SA,2025-08-05,17,streak_5plus,0.017391,0.001354,0.016037,0.033816,0.019944,0.013873,0.122222,0.05538,0.066842,0.178744,0.118891,0.059853
KLBN11.SA,2025-08-05,2,streak_2,-0.02577,0.001354,-0.027125,0.018487,0.019944,-0.001456,0.008403,0.05538,-0.046977,-0.007283,0.118891,-0.126173
ELET6.SA,2025-08-06,4,streak_4,0.032002,0.010412,0.02159,0.204557,0.035767,0.16879,0.214798,0.050411,0.164386,0.520481,0.123087,0.397395
FLRY3.SA,2025-08-06,5,streak_5plus,0.023574,0.010412,0.013163,0.009886,0.035767,-0.025881,0.105703,0.050411,0.055292,0.044867,0.123087,-0.07822
EGIE3.SA,2025-08-07,2,streak_2,-0.004313,0.014791,-0.019104,-0.027144,0.015978,-0.043122,-0.011669,0.047984,-0.059653,-0.26966,0.118306,-0.387966
RAPT4.SA,2025-08-07,3,streak_3,-0.001431,0.014791,-0.016222,-0.101574,0.015978,-0.117552,-0.041488,0.047984,-0.089472,-0.148784,0.118306,-0.26709
ABCB4.SA,2025-08-07,4,streak_4,-0.008813,0.014791,-0.023604,0.008349,0.015978,-0.00763,0.040352,0.047984,-0.007631,0.070037,0.118306,-0.048269
FLRY3.SA,2025-08-07,6,streak_5plus,-0.001486,0.014791,-0.016277,-0.020059,0.015978,-0.036038,0.082467,0.047984,0.034483,0.019316,0.118306,-0.09899
PETZ3.SA,2025-08-07,11,streak_5plus,0.0,0.014791,-0.014791,-0.059102,0.015978,-0.07508,-0.078014,0.047984,-0.125998,-0.101655,0.118306,-0.219961
VAMO3.SA,2025-08-08,5,streak_5plus,0.007299,-0.0045,0.011799,-0.06326,-0.001259,-0.062002,0.026764,0.044771,-0.018007,-0.184915,0.103837,-0.288752
AXIA6.SA,2025-08-11,5,streak_5plus,0.019674,-0.002134,0.021809,0.006332,0.003146,0.003186,0.049977,0.043251,0.006727,0.378109,0.127884,0.250225
SMTO3.SA,2025-08-11,6,streak_5plus,-0.025279,-0.002134,-0.023145,-0.042328,0.003146,-0.045474,0.044092,0.043251,0.000841,-0.184597,0.127884,-0.312482
DIRR3.SA,2025-08-11,2,streak_2,-0.002196,-0.002134,-6.2e-05,0.041728,0.003146,0.038582,0.15959,0.043251,0.116339,0.249634,0.127884,0.12175
ARML3.SA,2025-08-11,10,streak_5plus,-0.005682,-0.002134,-0.003547,0.065341,0.003146,0.062195,0.085227,0.043251,0.041977,0.09375,0.127884,-0.034134
ALUP11.SA,2025-08-11,2,streak_2,0.006991,-0.002134,0.009125,0.012233,0.003146,0.009088,0.056624,0.043251,0.013373,0.173366,0.127884,0.045482
MRVE3.SA,2025-08-12,5,streak_5plus,0.001543,0.016889,-0.015346,0.143519,0.012524,0.130995,0.24537,0.044204,0.201166,0.177469,0.130623,0.046846
GGPS3.SA,2025-08-12,2,streak_2,0.034146,0.016889,0.017257,0.177003,0.012524,0.16448,0.223693,0.044204,0.179489,0.333101,0.130623,0.202478
HAPV3.SA,2025-08-13,5,streak_5plus,-0.020225,-0.008892,-0.011332,0.06236,-0.025243,0.087603,0.123596,0.032158,0.091438,-0.127247,0.117101,-0.244348
RAIZ4.SA,2025-08-13,5,streak_5plus,-0.008264,-0.008892,0.000628,-0.140496,-0.025243,-0.115252,0.057851,0.032158,0.025693,-0.305785,0.117101,-0.422886
CMIN3.SA,2025-08-13,2,streak_2,-0.026531,-0.008892,-0.017638,-0.04898,-0.025243,-0.023736,0.004082,0.032158,-0.028076,0.153061,0.117101,0.03596
LWSA3.SA,2025-08-14,2,streak_2,0.010152,-0.002426,0.012578,0.020305,-0.014785,0.035089,0.07868,0.047287,0.031393,-0.025381,0.135857,-0.161238
CYRE3.SA,2025-08-14,2,streak_2,0.019425,-0.002426,0.021851,-0.00688,-0.014785,0.007905,0.235937,0.047287,0.18865,0.349656,0.135857,0.213799
BBAS3.SA,2025-08-14,3,streak_3,0.029626,-0.002426,0.032051,0.030146,-0.014785,0.04493,0.152287,0.047287,0.105,0.177755,0.135857,0.041897
CSAN3.SA,2025-08-14,7,streak_5plus,-0.065744,-0.002426,-0.063318,-0.079585,-0.014785,-0.0648,0.276817,0.047287,0.22953,0.067474,0.135857,-0.068383
YDUQ3.SA,2025-08-14,4,streak_4,0.003077,-0.002426,0.005502,-0.005385,-0.014785,0.0094,0.06,0.047287,0.012713,0.042308,0.135857,-0.09355
DASA3.SA,2025-08-15,2,streak_2,0.0,-0.00011,0.00011,-0.138889,-0.01353,-0.125359,-0.076389,0.043385,-0.119774,0.423611,0.15689,0.266721
ONCO3.SA,2025-08-15,8,streak_5plus,-0.003711,-0.00011,-0.0036,-0.326531,-0.01353,-0.313,-0.473098,0.043385,-0.516483,-0.647495,0.15689,-0.804385
USIM3.SA,2025-10-24,4,streak_4,-0.014113,0.003097,-0.017209,0.092742,0.020994,0.071748,0.020161,0.065581,-0.04542,0.3125,0.248407,0.064093
GGBR4.SA,2025-10-30,7,streak_5plus,-0.027412,0.000991,-0.028403,-0.008434,0.031363,-0.039797,0.00369,0.070234,-0.066544,0.190828,0.229831,-0.039003
KLBN11.SA,2025-11-03,3,streak_3,-0.003375,0.006111,-0.009485,0.012936,0.030247,-0.017311,0.004499,0.077249,-0.072749,0.086614,0.215111,-0.128497
ITUB4.SA,2025-11-04,3,streak_3,-0.002899,0.001661,-0.00456,0.065349,0.031924,0.033425,0.112516,0.075112,0.037404,0.199473,0.210516,-0.011043
KLBN11.SA,2025-11-04,4,streak_4,0.02991,0.001661,0.028248,0.010722,0.031924,-0.021201,0.021445,0.075112,-0.053667,0.096501,0.210516,-0.114015
VLID3.SA,2025-11-05,2,streak_2,0.005288,0.017188,-0.011899,-0.005288,0.046743,-0.052032,0.059135,0.091248,-0.032113,0.047596,0.213966,-0.16637
VBBR3.SA,2025-11-05,2,streak_2,0.031047,0.017188,0.013859,0.084627,0.046743,0.037884,0.296445,0.091248,0.205197,0.590386,0.213966,0.37642
LOGN3.SA,2025-11-05,2,streak_2,0.006329,0.017188,-0.010858,0.03918,0.046743,-0.007563,0.044304,0.091248,-0.046944,-0.035564,0.213966,-0.24953
DXCO3.SA,2025-11-05,2,streak_2,0.034026,0.017188,0.016839,0.018904,0.046743,-0.02784,0.022684,0.091248,-0.068563,0.056711,0.213966,-0.157255
BRBI11.SA,2025-11-06,2,streak_2,0.019542,0.000288,0.019254,0.087102,0.028301,0.058801,0.068677,0.026582,0.042094,0.080402,0.214924,-0.134522
TEND3.SA,2025-11-06,2,streak_2,-0.034043,0.000288,-0.034331,0.101277,0.028301,0.072975,0.053617,0.026582,0.027035,0.274468,0.214924,0.059544
SMTO3.SA,2025-11-10,7,streak_5plus,0.007496,0.007749,-0.000252,0.035982,0.023855,0.012127,0.008246,0.026759,-0.018513,0.242879,0.231305,0.011574
SBFG3.SA,2025-11-10,2,streak_2,0.033133,0.007749,0.025384,0.044428,0.023855,0.020573,-0.028614,0.026759,-0.055374,-0.03991,0.231305,-0.271214
CMIN3.SA,2025-11-10,3,streak_3,-0.012389,0.007749,-0.020138,0.035398,0.023855,0.011543,-0.026549,0.026759,-0.053308,0.040708,0.231305,-0.190597
SIMH3.SA,2025-11-10,2,streak_2,-0.006135,0.007749,-0.013884,0.09816,0.023855,0.074305,0.290389,0.026759,0.263629,0.433538,0.231305,0.202233
JALL3.SA,2025-11-11,3,streak_3,0.055762,0.016046,0.039716,0.052045,0.011179,0.040866,0.141264,0.024589,0.116675,0.066915,0.209389,-0.142474
SMTO3.SA,2025-11-11,8,streak_5plus,0.026042,0.016046,0.009995,0.025298,0.011179,0.014119,0.145833,0.024589,0.121244,0.161458,0.209389,-0.04793
CSAN3.SA,2025-11-11,8,streak_5plus,0.082658,0.016046,0.066612,-0.027553,0.011179,-0.038732,-0.025932,0.024589,-0.050521,-0.009724,0.209389,-0.219113
CURY3.SA,2025-11-11,2,streak_2,0.010379,0.016046,-0.005668,0.018513,0.011179,0.007334,-0.003647,0.024589,-0.028236,0.10575,0.209389,-0.103638
VAMO3.SA,2025-11-11,6,streak_5plus,0.058989,0.016046,0.042943,-0.016854,0.011179,-0.028033,0.019663,0.024589,-0.004926,0.252809,0.209389,0.04342
HAPV3.SA,2025-11-12,6,streak_5plus,0.035149,-0.000733,0.035882,-0.461685,-0.007775,-0.45391,-0.558581,0.009132,-0.567713,-0.670678,0.182035,-0.852712
AURE3.SA,2025-11-12,2,streak_2,-0.006938,-0.000733,-0.006205,0.006071,-0.007775,0.013846,0.069384,0.009132,0.060253,0.00954,0.182035,-0.172494
RAPT4.SA,2025-11-12,4,streak_4,-0.004831,-0.000733,-0.004097,-0.033816,-0.007775,-0.026042,-0.00161,0.009132,-0.010742,0.022544,0.182035,-0.15949
SIMH3.SA,2025-11-12,3,streak_3,-0.029466,-0.000733,-0.028732,-0.027624,-0.007775,-0.019849,0.127072,0.009132,0.11794,0.208103,0.182035,0.026069
GGPS3.SA,2025-11-12,3,streak_3,-0.017215,-0.000733,-0.016482,-0.023797,-0.007775,-0.016023,-0.036456,0.009132,-0.045587,-0.053165,0.182035,-0.235199
DIRR3.SA,2025-11-12,3,streak_3,0.014689,-0.000733,0.015423,0.051412,-0.007775,0.059187,-0.014124,0.009132,-0.023256,-0.085311,0.182035,-0.267345
LWSA3.SA,2025-11-13,3,streak_3,0.019608,-0.002985,0.022592,0.0,-0.014288,0.014288,0.090686,0.019195,0.071491,-0.115196,0.196035,-0.311231
YDUQ3.SA,2025-11-13,5,streak_5plus,-0.010234,-0.002985,-0.007249,-0.062866,-0.014288,-0.048578,-0.085526,0.019195,-0.104721,-0.026316,0.196035,-0.222351
ONCO3.SA,2025-11-13,9,streak_5plus,-0.080808,-0.002985,-0.077823,-0.161616,-0.014288,-0.147328,0.050505,0.019195,0.03131,0.313131,0.196035,0.117097
CMIG4.SA,2025-11-14,2,streak_2,-0.053075,0.003667,-0.056742,-0.072452,-0.015222,-0.05723,-0.053917,0.033846,-0.087763,0.007582,0.212341,-0.204759
RAIZ4.SA,2025-11-14,6,streak_5plus,0.0,0.003667,-0.003667,-0.045977,-0.015222,-0.030755,-0.011494,0.033846,-0.04534,-0.310345,0.212341,-0.522686
CSAN3.SA,2025-11-14,9,streak_5plus,0.014754,0.003667,0.011087,-0.040984,-0.015222,-0.025762,-0.032787,0.033846,-0.066633,0.070492,0.212341,-0.141849
RENT3.SA,2025-11-14,2,streak_2,0.047812,0.003667,0.044145,0.0,-0.015222,0.015222,0.136061,0.033846,0.102215,0.25666,0.212341,0.04432
