symbol,event_date,streak_length,category,stock_ret_1d,bench_ret_1d,abnormal_ret_1d,stock_ret_5d,bench_ret_5d,abnormal_ret_5d,stock_ret_21d,bench_ret_21d,abnormal_ret_21d,stock_ret_63d,bench_ret_63d,abnormal_ret_63d
AGF-B.TO,2000-03-28,2,streak_2,0.07489,-0.011959,0.086848,0.063877,-0.066544,0.13042,0.143172,-0.066215,0.209387,0.222467,0.004789,0.217678
FTT.TO,2000-04-11,2,streak_2,-0.002778,-0.010876,0.008099,-0.008333,-0.073069,0.064736,-0.063889,-0.038453,-0.025436,0.027778,0.097179,-0.069401
CLS.TO,2000-04-20,2,streak_2,0.011765,-0.008224,0.019989,0.083737,0.031957,0.05178,-0.110727,0.028681,-0.139407,0.249135,0.188344,0.060791
CNR.TO,2000-04-25,2,streak_2,0.032189,0.032406,-0.000217,-0.032189,0.079887,-0.112075,-0.023605,0.0186,-0.042205,0.040773,0.217433,-0.17666
WFG.TO,2000-04-26,2,streak_2,-0.007882,0.029599,-0.037481,0.074877,0.044124,0.030753,-0.056158,0.00393,-0.060088,-0.078818,0.190341,-0.269158
ACO-X.TO,2000-04-27,2,streak_2,0.02,-0.005897,0.025897,-0.0075,-0.009245,0.001745,-0.01,-0.035647,0.025647,0.0975,0.149872,-0.052372
ACO-Y.TO,2000-04-27,2,streak_2,0.0,-0.005897,0.005897,-0.017544,-0.009245,-0.008299,-0.017544,-0.035647,0.018103,0.08396,0.149872,-0.065912
EMA.TO,2000-05-03,2,streak_2,-0.00365,-0.023028,0.019378,0.00365,-0.022702,0.026351,0.069343,-0.02716,0.096503,0.072993,0.087558,-0.014565
T.TO,2000-05-03,2,streak_2,-0.006135,-0.023028,0.016893,0.046012,-0.022702,0.068714,-0.027607,-0.02716,-0.000447,0.202454,0.087558,0.114896
LNR.TO,2000-05-04,2,streak_2,-0.03159,0.013217,-0.044807,0.042484,-0.020901,0.063385,0.084967,0.02808,0.056887,0.014161,0.120005,-0.105844
TD.TO,2000-05-18,2,streak_2,0.002743,-0.000304,0.003047,-0.016461,-0.042773,0.026312,-0.001372,0.058391,-0.059763,0.02332,0.151401,-0.128081
RY.TO,2000-05-18,2,streak_2,0.012048,-0.000304,0.012352,0.034806,-0.042773,0.077579,0.009371,0.058391,-0.04902,0.137885,0.151401,-0.013516
POW.TO,2000-05-19,2,streak_2,0.008671,-0.02689,0.035561,0.020231,-0.053006,0.073237,0.138728,0.05087,0.087859,0.153179,0.155227,-0.002047
ESI.TO,2000-05-25,2,streak_2,0.040816,-0.010991,0.051807,0.062245,0.011789,0.050456,0.040816,0.100643,-0.059827,0.076107,0.210964,-0.134857
NA.TO,2000-05-25,2,streak_2,-0.00277,-0.010991,0.00822,-0.01385,0.011789,-0.025639,0.019391,0.100643,-0.081252,0.047091,0.210964,-0.163873
BMO.TO,2000-05-31,2,streak_2,0.007619,-0.009856,0.017475,0.02381,0.028446,-0.004636,0.054286,0.094948,-0.040662,0.031429,0.20354,-0.172112
BNS.TO,2000-06-01,2,streak_2,0.023095,0.032447,-0.009352,-0.046189,0.033042,-0.079231,-0.018476,0.092845,-0.111321,0.016166,0.213197,-0.197031
CM.TO,2000-06-01,2,streak_2,0.044822,0.032447,0.012375,0.063369,0.033042,0.030328,0.026275,0.092845,-0.06657,0.112828,0.213197,-0.100369
TCL-A.TO,2000-06-08,2,streak_2,0.02589,0.009908,0.015982,0.084142,0.043358,0.040785,0.074434,0.071659,0.002774,0.135922,0.185243,-0.049321
TCL-B.TO,2000-06-08,2,streak_2,0.0,0.009908,-0.009908,0.061224,0.043358,0.017867,0.068027,0.071659,-0.003632,0.122449,0.185243,-0.062794
AGF-B.TO,2000-06-22,3,streak_3,0.028,-0.013023,0.041023,0.178,0.003334,0.174666,0.188,0.053298,0.134702,0.366,0.070332,0.295668
CIX.TO,2000-07-12,2,streak_2,0.030829,0.021507,0.009322,0.028902,0.037216,-0.008315,0.05395,0.049535,0.004415,None,None,None
SU.TO,2000-07-20,2,streak_2,-0.018059,0.010119,-0.028178,-0.081264,0.026605,-0.107869,-0.038375,0.043731,-0.082106,0.015801,-0.047079,0.06288
CNR.TO,2000-07-24,3,streak_3,0.008565,-0.005405,0.01397,0.09636,-0.046033,0.142393,0.038544,0.021324,0.01722,-0.027837,-0.056308,0.028471
ENB.TO,2000-07-26,2,streak_2,-0.025926,0.004509,-0.030435,-0.007407,-0.047317,0.03991,0.048148,0.022149,0.025999,0.103704,-0.036265,0.139969
T.TO,2000-07-27,3,streak_3,0.036269,-0.020144,0.056414,0.005181,-0.050164,0.055346,-0.158031,0.024084,-0.182115,-0.080311,-0.051667,-0.028644
IGM.TO,2000-07-27,2,streak_2,0.010582,-0.020144,0.030727,0.123457,-0.050164,0.173621,0.012346,0.024084,-0.011738,0.067019,-0.051667,0.118686
TRP.TO,2000-07-28,2,streak_2,-0.013055,-0.033021,0.019966,0.044386,-0.026411,0.070798,0.193211,0.051401,0.14181,0.229765,-0.110731,0.340496
BLDP.TO,2000-08-01,2,streak_2,0.00191,-0.005131,0.007041,None,None,None,0.142093,0.069391,0.072703,0.18411,-0.104206,0.288316
LNR.TO,2000-08-02,3,streak_3,0.047461,0.001507,0.045955,0.134658,0.048856,0.085802,0.121413,0.079272,0.04214,0.058499,-0.106231,0.16473
WJX.TO,2000-08-04,2,streak_2,0.165689,0.014769,0.150921,0.177231,0.036759,0.140472,0.035294,0.093636,-0.058342,0.023533,-0.078714,0.102247
CNQ.TO,2000-08-10,2,streak_2,0.006803,-0.006122,0.012924,0.040816,0.015465,0.025351,0.108844,-0.003977,0.11282,0.006803,-0.118402,0.125205
EMA.TO,2000-08-15,3,streak_3,0.022293,0.003018,0.019275,0.022293,0.006746,0.015547,0.025478,-0.022684,0.048161,0.076433,-0.16365,0.240083
IAG.TO,2000-08-15,2,streak_2,0.081566,0.003018,0.078548,0.187602,0.006746,0.180856,0.326264,-0.022684,0.348948,0.450245,-0.16365,0.613894
ONEX.TO,2000-08-16,2,streak_2,-0.023174,-0.000118,-0.023057,0.021425,0.009508,0.011917,0.074333,0.004151,0.070182,-0.120245,-0.173781,0.053536
TD.TO,2000-08-17,3,streak_3,0.023653,0.006092,0.017561,0.027595,0.006962,0.020633,0.166886,0.002955,0.16393,0.082786,-0.160067,0.242853
RY.TO,2000-08-22,3,streak_3,-0.013809,0.005771,-0.01958,-0.03107,0.013654,-0.044725,0.073648,-0.023498,0.097146,0.116226,-0.191479,0.307704
NA.TO,2000-08-31,3,streak_3,0.015873,0.00665,0.009223,0.026455,-0.010024,0.036479,0.05291,-0.071212,0.124122,0.050265,-0.201224,0.251489
CM.TO,2000-09-07,3,streak_3,-0.014885,-0.007991,-0.006894,0.079838,-0.035971,0.115809,0.110961,-0.040293,0.151254,-0.014885,-0.197835,0.18295
EMP-A.TO,2000-09-07,2,streak_2,0.0,-0.007991,0.007991,-0.015748,-0.035971,0.020223,0.018373,-0.040293,0.058666,-0.102362,-0.197835,0.095473
TCL-B.TO,2000-09-12,3,streak_3,0.0,-0.011711,0.011711,0.0,0.009352,-0.009352,-0.139665,-0.026895,-0.112769,-0.117318,-0.141854,0.024536
TCL-A.TO,2000-09-12,3,streak_3,0.026012,-0.011711,0.037723,0.072254,0.009352,0.062902,-0.069364,-0.026895,-0.042469,-0.00578,-0.141854,0.136074
AGF-B.TO,2000-09-29,4,streak_4,0.026235,-0.005176,0.031411,0.132716,0.025834,0.106882,0.026235,-0.106404,0.132639,0.021605,-0.15096,0.172565
CIX.TO,2000-10-04,3,streak_3,-0.022472,0.006532,-0.029004,-0.016051,-0.005891,-0.01016,-0.024077,-0.082476,0.058399,-0.041734,-0.176437,0.134704
CJR-B.TO,2000-10-18,2,streak_2,0.03158,-0.020311,0.05189,0.105263,0.021663,0.0836,0.052632,-0.093313,0.145945,-0.013157,-0.137043,0.123886
TA.TO,2000-10-25,2,streak_2,0.014966,-0.081172,0.096138,-0.014966,-0.068827,0.053861,0.102041,-0.145623,0.247663,0.009524,-0.104645,0.114169
T.TO,2000-10-25,4,streak_4,0.002817,-0.081172,0.083989,-0.019718,-0.068827,0.049108,-0.047887,-0.145623,0.097735,-0.016901,-0.104645,0.087744
IGM.TO,2000-10-27,3,streak_3,-0.040786,-0.011327,-0.029458,0.089124,0.020639,0.068485,0.108761,-0.04288,0.151641,0.126888,-0.026016,0.152905
BHC.TO,2000-10-27,2,streak_2,0.044209,-0.011327,0.055536,0.148541,0.020639,0.127902,-0.053934,-0.04288,-0.011055,0.061892,-0.026016,0.087908
BLDP.TO,2000-10-31,3,streak_3,0.050272,0.04177,0.008502,0.040986,0.049832,-0.008846,-0.285943,-0.035437,-0.250506,-0.308357,0.005306,-0.313664
CAE.TO,2000-11-01,2,streak_2,0.09536,-0.00473,0.100091,0.092783,-0.006515,0.099298,0.082474,-0.08491,0.167384,0.07483,-0.030209,0.105038
SLF.TO,2000-11-01,2,streak_2,0.004036,-0.00473,0.008766,0.102502,-0.006515,0.109017,0.01937,-0.08491,0.104281,0.109766,-0.030209,0.139975
IAG.TO,2000-11-07,3,streak_3,-0.005828,-0.014144,0.008317,0.039627,-0.061673,0.1013,0.083916,-0.0448,0.128717,0.156177,-0.042011,0.198188
WJX.TO,2000-11-08,3,streak_3,0.058827,-0.002537,0.061364,-0.058827,-0.032527,-0.0263,-0.094121,-0.03615,-0.057971,0.047055,-0.028757,0.075812
CNQ.TO,2000-11-09,3,streak_3,-0.006757,-0.014761,0.008004,-0.013514,-0.038252,0.024738,0.0,-0.040377,0.040377,-0.02027,-0.043434,0.023163
MFC.TO,2000-11-09,2,streak_2,0.006127,-0.014761,0.020888,-0.014706,-0.038252,0.023546,0.072304,-0.040377,0.112681,0.139706,-0.043434,0.18314
ONEX.TO,2000-11-15,3,streak_3,-0.014685,-0.00844,-0.006245,-0.03837,-0.027133,-0.011237,-0.021317,-0.018046,-0.003271,0.026528,-0.034883,0.061411
RY.TO,2000-11-21,4,streak_4,0.0,0.008819,-0.008819,0.015625,0.021522,-0.005897,0.010417,-0.00545,0.015867,0.014583,-0.053206,0.067789
MRU.TO,2000-11-22,2,streak_2,-0.013953,-0.018782,0.004829,0.009302,-0.00984,0.019143,0.060465,-0.041203,0.101668,0.116279,-0.086222,0.202501
NA.TO,2000-11-30,4,streak_4,-0.012563,-0.000136,-0.012427,0.045226,0.046423,-0.001197,0.135678,0.012765,0.122913,0.263819,-0.084162,0.347981
TCL-A.TO,2000-12-05,4,streak_4,-0.002959,0.037374,-0.040333,0.023669,0.071238,-0.047569,-0.035503,-0.00436,-0.031143,-0.04142,-0.094514,0.053094
TCL-B.TO,2000-12-05,4,streak_4,0.0,0.037374,-0.037374,0.04908,0.071238,-0.022158,-0.055215,-0.00436,-0.050855,-0.030675,-0.094514,0.063839
CM.TO,2000-12-07,4,streak_4,0.001351,-0.006912,0.008263,0.010811,-0.014354,0.025165,0.02973,-0.060549,0.090278,0.140541,-0.100622,0.241162
EMP-A.TO,2000-12-08,3,streak_3,-0.005747,0.041661,-0.047408,0.008621,-0.010625,0.019246,0.097701,-0.064886,0.162587,-0.020115,-0.102457,0.082342
CIX.TO,2001-01-10,4,streak_4,-0.064151,0.00336,-0.067511,-0.013208,0.020065,-0.033273,0.14717,0.065982,0.081188,-0.183019,-0.127998,-0.055021
TH.TO,2001-01-15,2,streak_2,0.008584,0.007124,0.001459,0.021459,0.051019,-0.029559,-0.030043,0.032525,-0.062568,-0.064378,-0.115151,0.050773
IMO.TO,2001-01-18,2,streak_2,-0.011673,0.002219,-0.013892,-0.001297,0.048066,-0.049363,0.063554,0.009899,0.053655,0.155642,-0.119411,0.275053
MX.TO,2001-01-24,3,streak_3,0.044743,0.004035,0.040708,0.152125,0.008588,0.143537,0.181208,-0.13033,0.311538,0.565996,-0.144463,0.710459
CJR-B.TO,2001-01-26,3,streak_3,0.055556,-0.002744,0.0583,0.061729,0.011357,0.050371,-0.086419,-0.125727,0.039307,-0.067901,-0.134819,0.066919
CLS.TO,2001-01-31,2,streak_2,-0.060465,-0.002835,-0.05763,-0.030698,-0.005028,-0.02567,-0.316279,-0.13582,-0.180459,-0.265116,-0.149951,-0.115165
CCO.TO,2001-02-06,2,streak_2,0.052925,-0.000505,0.05343,0.036212,-0.032903,0.069115,0.072423,-0.118256,0.190679,0.233983,-0.142315,0.376298
CAE.TO,2001-02-07,3,streak_3,-0.010989,-0.01761,0.006622,0.041758,-0.038629,0.080387,0.107693,-0.107468,0.21516,0.145109,-0.137485,0.282594
MFC.TO,2001-02-08,3,streak_3,-0.034409,-0.006227,-0.028182,-0.067742,-0.024744,-0.042998,-0.022581,-0.099589,0.077008,-0.076344,-0.117471,0.041127
RCI-B.TO,2001-02-13,2,streak_2,-0.028649,-0.006422,-0.022227,-0.103683,-0.060023,-0.043661,-0.125512,-0.115601,-0.00991,-0.291951,-0.108468,-0.183483
IAG.TO,2001-02-13,4,streak_4,-0.004141,-0.006422,0.002282,-0.009317,-0.060023,0.050706,0.020704,-0.115601,0.136305,-0.032091,-0.108468,0.076377
SLF.TO,2001-02-15,3,streak_3,-0.064916,0.006262,-0.071178,-0.117433,-0.095461,-0.021972,-0.150255,-0.122134,-0.028121,-0.043764,-0.097604,0.053841
CU.TO,2001-02-20,2,streak_2,-0.024242,-0.02636,0.002118,-0.012121,-0.037696,0.025575,0.028283,-0.083124,0.111406,0.036364,-0.022353,0.058717
L.TO,2001-02-21,2,streak_2,-0.044218,-0.021356,-0.022862,0.017007,-0.020761,0.037768,0.061224,-0.069348,0.130573,None,None,None
NA.TO,2001-02-22,5,streak_5plus,-0.00998,0.008994,-0.018974,0.003992,0.002221,0.001771,-0.027944,-0.049015,0.021071,-0.05988,0.041497,-0.101377
RY.TO,2001-02-23,5,streak_5plus,-0.018124,-0.012848,-0.005275,0.039446,-0.003627,0.043073,-0.003198,-0.060676,0.057478,0.054371,0.026471,0.0279
ACO-X.TO,2001-02-24,2,streak_2,0.0,0.01395,-0.01395,0.04021,-0.002728,0.042937,0.036713,-0.042622,0.079335,0.108392,0.039607,0.068784
ACO-Y.TO,2001-02-24,2,streak_2,0.021949,0.01395,0.007999,0.054434,-0.002728,0.057161,0.074627,-0.042622,0.117248,0.126427,0.039607,0.086819
BHC.TO,2001-02-28,3,streak_3,0.054221,0.001612,0.05261,-0.115221,0.017345,-0.132566,-0.204361,-0.069331,-0.135031,-0.109769,0.027945,-0.137714
CM.TO,2001-03-01,5,streak_5plus,0.03861,0.003107,0.035503,0.086229,0.027616,0.058613,0.039897,-0.078466,0.118363,0.041184,0.021451,0.019733
DSG.TO,2001-03-06,2,streak_2,0.189873,0.013125,0.176749,0.176203,-0.020866,0.197069,-0.15443,-0.080859,-0.073571,0.41519,0.018718,0.396472
BNS.TO,2001-03-06,2,streak_2,-0.074681,0.013125,-0.087806,-0.127505,-0.020866,-0.106639,-0.103825,-0.080859,-0.022966,-0.009107,0.018718,-0.027825
TRI.TO,2001-03-07,2,streak_2,-0.000904,0.011724,-0.012628,-0.070202,-0.029992,-0.04021,-0.078939,-0.096288,0.017348,-0.075324,0.011651,-0.086975
EMP-A.TO,2001-03-07,4,streak_4,-0.02809,0.011724,-0.039814,0.011236,-0.029992,0.041228,-0.02809,-0.096288,0.068198,0.078652,0.011651,0.067001
CNQ.TO,2001-03-08,4,streak_4,-0.012048,-0.008938,-0.00311,-0.042169,-0.059614,0.017445,-0.108434,-0.087873,-0.020561,0.018072,-0.00518,0.023252
OBE.TO,2001-03-21,2,streak_2,0.021953,-0.011732,0.033685,-0.009589,-0.00067,-0.008918,0.103962,0.050435,0.053527,0.102701,-0.006369,0.109069
POW.TO,2001-03-30,2,streak_2,0.040704,0.021921,0.018783,-0.0044,0.017126,-0.021526,0.026403,0.067403,-0.041,-0.008801,0.011525,-0.020326
CIX.TO,2001-04-04,5,streak_5plus,0.0,-0.003882,0.003882,0.147783,0.040487,0.107296,0.270936,0.068656,0.20228,None,None,None
BB.TO,2001-04-11,2,streak_2,-0.106084,-0.004273,-0.101811,0.446178,0.049756,0.396422,0.205928,0.048504,0.157425,0.165367,-0.013569,0.178935
TIH.TO,2001-04-11,2,streak_2,0.0,-0.004273,0.004273,0.027473,0.049756,-0.022284,0.173077,0.048504,0.124573,0.178571,-0.013569,0.19214
SU.TO,2001-04-18,2,streak_2,0.01692,0.039915,-0.022995,0.003384,0.009285,-0.005901,0.005076,0.041808,-0.036732,-0.042301,-0.006842,-0.035459
MX.TO,2001-04-18,4,streak_4,0.019737,0.039915,-0.020178,-0.1,0.009285,-0.109285,-0.078947,0.041808,-0.120755,-0.359211,-0.006842,-0.352368
WFG.TO,2001-04-25,2,streak_2,-0.027027,0.006792,-0.033819,-0.041938,0.006919,-0.048857,-0.007456,0.057896,-0.065352,-0.00932,-0.030881,0.021561
BHC.TO,2001-04-26,4,streak_4,-0.010368,0.001888,-0.012256,0.010368,0.0092,0.001168,0.049421,0.050533,-0.001112,0.129601,-0.040036,0.169637
CJR-B.TO,2001-04-26,4,streak_4,-0.013246,0.001888,-0.015134,-0.075497,0.0092,-0.084697,-0.10702,0.050533,-0.157553,-0.051391,-0.040036,-0.011355
CAE.TO,2001-05-09,4,streak_4,-0.023056,0.000794,-0.023849,-0.023447,-0.00279,-0.020657,0.064088,0.016145,0.047942,0.142292,-0.039682,0.181974
WN.TO,2001-05-09,2,streak_2,0.012876,0.000794,0.012082,0.043991,-0.00279,0.046782,0.007511,0.016145,-0.008635,0.141631,-0.039682,0.181312
CNQ.TO,2001-05-09,5,streak_5plus,0.04,0.000794,0.039206,0.093333,-0.00279,0.096123,0.126667,0.016145,0.110521,0.04,-0.039682,0.079682
IAG.TO,2001-05-15,5,streak_5plus,-0.013713,0.003958,-0.017671,None,None,None,0.027426,0.010587,0.016839,0.133966,-0.039288,0.173255
ACO-X.TO,2001-05-16,3,streak_3,0.00471,0.01297,-0.00826,0.0,0.043971,-0.043971,-0.067504,-0.003606,-0.063898,-0.069074,-0.049368,-0.019706
ACO-Y.TO,2001-05-16,3,streak_3,0.002338,0.01297,-0.010632,0.0,0.043971,-0.043971,-0.064692,-0.003606,-0.061086,-0.073266,-0.049368,-0.023898
OBE.TO,2001-05-17,3,streak_3,-0.011442,0.010189,-0.021631,0.033181,0.024871,0.00831,-0.006866,-0.027731,0.020866,-0.282609,-0.063012,-0.219596
POW.TO,2001-05-17,3,streak_3,-0.001096,0.010189,-0.011286,-0.015351,0.024871,-0.040222,0.002193,-0.027731,0.029924,0.038377,-0.063012,0.10139
POU.TO,2001-05-18,2,streak_2,0.055511,0.005055,0.050456,0.165728,0.014315,0.151413,0.093323,-0.050176,0.143499,-0.166533,-0.075769,-0.090764
ESI.TO,2001-05-23,2,streak_2,-0.013825,-0.005563,-0.008262,0.009217,-0.017069,0.026286,-0.001785,-0.085715,0.083929,-0.26853,-0.106309,-0.162221
DSG.TO,2001-05-23,3,streak_3,-0.101389,-0.005563,-0.095826,-0.195,-0.017069,-0.177931,-0.331944,-0.085715,-0.24623,-0.723611,-0.106309,-0.617302
RY.TO,2001-05-23,6,streak_5plus,0.010214,-0.005563,0.015777,0.0143,-0.017069,0.031369,0.015322,-0.085715,0.101036,0.08478,-0.106309,0.19109
NA.TO,2001-05-31,6,streak_5plus,0.029915,0.007468,0.022447,0.081197,0.01148,0.069717,0.083333,-0.061878,0.145211,0.113248,-0.054213,0.167461
AGF-B.TO,2001-06-27,2,streak_2,-0.012987,-0.010694,-0.002293,0.005195,0.017906,-0.012711,-0.001299,0.00155,-0.002849,-0.257143,-0.119548,-0.137595
EMP-A.TO,2001-06-28,5,streak_5plus,0.013405,0.009229,0.004176,0.005362,0.026558,-0.021196,0.002681,0.009561,-0.00688,0.107239,-0.116299,0.223537
CIX.TO,2001-07-11,6,streak_5plus,-0.008772,0.001601,-0.010373,0.010965,0.017913,-0.006948,-0.02193,0.012634,-0.034564,-0.287281,-0.091206,-0.196074
WFG.TO,2001-07-23,3,streak_3,0.006585,-0.00272,0.009305,-0.072437,0.004472,-0.076908,-0.000941,-0.016056,0.015116,-0.055503,-0.096365,0.040862
FTT.TO,2001-07-25,2,streak_2,0.016886,0.004917,0.011969,0.016886,0.013603,0.003282,0.069418,-0.006314,0.075732,0.007505,-0.089936,0.097441
POW.TO,2001-07-26,4,streak_4,-0.005258,-0.002781,-0.002477,-0.011567,0.015425,-0.026992,0.022082,-0.010677,0.032759,-0.053628,-0.095346,0.041718
BHC.TO,2001-08-01,5,streak_5plus,0.008611,0.006723,0.001888,-0.012639,0.010729,-0.023368,0.034722,-0.025411,0.060133,0.040278,-0.112397,0.152675
T.TO,2001-08-01,2,streak_2,-0.004132,0.006723,-0.010855,0.012397,0.010729,0.001668,-0.136364,-0.025411,-0.110953,-0.078512,-0.112397,0.033885
TIH.TO,2001-08-02,3,streak_3,-0.005089,0.001912,-0.007001,-0.089059,-0.011264,-0.077794,-0.104326,-0.041814,-0.062512,-0.099237,-0.110536,0.011299
CTC-A.TO,2001-08-02,2,streak_2,-0.03871,0.001912,-0.040622,0.016774,-0.011264,0.028038,-0.058065,-0.041814,-0.01625,-0.016774,-0.110536,0.093761
CTC.TO,2001-08-02,2,streak_2,0.0,0.001912,-0.001912,0.06493,-0.011264,0.076194,-0.054044,-0.041814,-0.012229,0.029549,-0.110536,0.140085
ESI.TO,2001-08-08,3,streak_3,-0.013056,-0.015182,0.002126,-0.030722,-0.021448,-0.009274,-0.020737,-0.04583,0.025093,-0.005071,-0.080634,0.075563
CNQ.TO,2001-08-08,6,streak_5plus,-0.0125,-0.015182,0.002682,-0.04375,-0.021448,-0.022302,-0.0625,-0.04583,-0.01667,-0.15625,-0.080634,-0.075616
ATS.TO,2001-08-13,2,streak_2,-0.011236,-0.00157,-0.009666,-0.139326,-0.018562,-0.120764,None,None,None,-0.330337,-0.056902,-0.273435
IAG.TO,2001-08-14,6,streak_5plus,0.006548,-0.003564,0.010112,0.033676,-0.014084,0.04776,0.011225,-0.069491,0.080716,-0.035547,-0.053559,0.018012
OBE.TO,2001-08-16,4,streak_4,-0.007519,0.004885,-0.012404,0.018045,0.000783,0.017262,-0.022556,-0.082932,0.060376,0.132331,-0.024321,0.156651
BNS.TO,2001-08-28,4,streak_4,-0.009934,-0.010937,0.001003,-0.018212,-0.026128,0.007916,-0.072848,-0.129558,0.05671,0.003311,-0.025554,0.028865
BMO.TO,2001-08-28,2,streak_2,0.002587,-0.010937,0.013524,-0.012937,-0.026128,0.013192,-0.095084,-0.129558,0.034474,-0.142303,-0.025554,-0.116749
NA.TO,2001-08-30,7,streak_5plus,-0.005682,-0.010221,0.004539,-0.041667,-0.010448,-0.031219,-0.0625,-0.092777,0.030277,-0.106061,-0.01816,-0.0879
TCL-A.TO,2001-09-12,2,streak_2,0.046798,0.00759,0.039208,-0.004926,-0.050009,0.045082,-0.096059,0.001603,-0.097662,0.258621,0.072495,0.186126
AGF-B.TO,2001-09-26,3,streak_3,0.066434,-0.007043,0.073476,-0.052448,0.020531,-0.072979,-0.054196,0.029081,-0.083277,0.155594,0.123292,0.032303
WFG.TO,2001-10-18,4,streak_4,-0.030876,-0.008165,-0.022712,-0.007968,-0.00861,0.000642,0.093626,0.044,0.049625,0.200199,0.090156,0.110043
CCA.TO,2001-10-22,2,streak_2,-0.055714,-0.000839,-0.054875,-0.100714,0.013587,-0.114301,-0.055,0.074056,-0.129056,-0.055,0.100391,-0.155391
CAS.TO,2001-10-24,2,streak_2,0.023404,-0.001057,0.024462,0.06383,-0.011413,0.075243,0.151064,0.061803,0.089261,0.26383,0.094884,0.168946
T.TO,2001-10-25,3,streak_3,0.126316,0.006786,0.11953,0.157895,-0.001624,0.159519,0.231579,0.070408,0.16117,0.089474,0.101727,-0.012253
OVV.TO,2001-10-29,8,streak_5plus,0.01268,-0.015503,0.028184,0.031124,0.002727,0.028397,-0.081844,0.065882,-0.147727,0.045245,0.09342,-0.048175
BHC.TO,2001-10-29,6,streak_5plus,-0.036101,-0.015503,-0.020597,-0.05673,0.002727,-0.059456,0.068805,0.065882,0.002923,-0.014466,0.09342,-0.107886
LNR.TO,2001-10-29,2,streak_2,0.006605,-0.015503,0.022108,-0.071334,0.002727,-0.074061,0.129458,0.065882,0.063576,0.273448,0.09342,0.180028
MFC.TO,2001-10-30,2,streak_2,-0.002342,-0.010281,0.007939,0.058548,0.026536,0.032012,0.119438,0.082117,0.037321,0.038642,0.108377,-0.069735
CCO.TO,2001-10-31,2,streak_2,0.004386,0.008835,-0.004449,0.114035,0.046898,0.067137,0.030702,0.078061,-0.04736,0.175439,0.108668,0.066771
FTT.TO,2001-11-01,3,streak_3,0.021739,0.014363,0.007376,0.013834,0.037992,-0.024158,0.083004,0.074764,0.00824,0.217391,0.096301,0.12109
IGM.TO,2001-11-01,2,streak_2,0.0,0.014363,-0.014363,0.083841,0.037992,0.04585,0.092988,0.074764,0.018224,0.219512,0.096301,0.123211
ESI.TO,2001-11-08,4,streak_4,-0.01783,-0.000909,-0.01692,-0.011628,0.02829,-0.039918,-0.031008,0.065255,-0.096263,0.000261,0.048942,-0.048681
TRI.TO,2001-11-08,2,streak_2,-0.018297,-0.000909,-0.017388,0.043689,0.02829,0.015399,0.036221,0.065255,-0.029034,0.042569,0.048942,-0.006373
TD.TO,2001-11-15,2,streak_2,-0.01005,-0.011783,0.001733,-0.020101,-0.002531,-0.01757,0.038945,0.013838,0.025107,0.075377,0.028832,0.046545
ONEX.TO,2001-11-15,2,streak_2,-0.005694,-0.011783,0.00609,-0.018634,-0.002531,-0.016103,0.050725,0.013838,0.036887,0.028986,0.028832,0.000154
HR-UN.TO,2001-11-20,2,streak_2,0.0,-0.005604,0.005604,0.013393,0.005874,0.007519,0.040179,0.022054,0.018125,0.089286,0.018295,0.070991
BNS.TO,2001-12-05,5,streak_5plus,0.026534,0.022832,0.003702,0.004975,0.010939,-0.005964,0.036484,0.051422,-0.014938,0.064677,0.054496,0.010181
NA.TO,2001-12-06,8,streak_5plus,-0.01378,-0.000853,-0.012927,-0.019685,-0.005577,-0.014108,0.049213,0.032821,0.016392,0.135827,0.042532,0.093295
EMP-A.TO,2001-12-12,6,streak_5plus,0.045977,0.006121,0.039856,0.089655,0.007289,0.082366,0.234483,0.022611,0.211871,0.298851,0.044413,0.254438
CCA.TO,2002-01-14,3,streak_3,-0.032867,-0.010205,-0.022662,-0.074825,-0.012607,-0.062218,-0.121678,-0.012646,-0.109032,-0.2,-0.001714,-0.198286
CAS.TO,2002-01-29,3,streak_3,0.0,-0.010021,0.010021,0.067823,-0.006881,0.074705,0.160883,-0.009969,0.170852,0.222397,-0.001845,0.224242
FTS.TO,2002-01-30,3,streak_3,0.016529,-0.002418,0.018947,0.002066,-0.005762,0.007828,0.051653,0.010546,0.041107,0.059917,0.002035,0.057882
FTT.TO,2002-01-31,4,streak_4,0.032468,0.013207,0.01926,0.035714,-0.006849,0.042563,0.064935,0.01175,0.053185,0.185065,0.015181,0.169884
PRMW.TO,2002-01-31,3,streak_3,0.033736,0.013207,0.020529,0.069486,-0.006849,0.076335,0.100201,0.01175,0.088451,0.213494,0.015181,0.198313
IGM.TO,2002-02-01,3,streak_3,0.047853,0.005491,0.042361,0.04908,-0.021586,0.070666,0.094479,0.008145,0.086333,0.179141,-0.000157,0.179298
MFC.TO,2002-02-05,3,streak_3,0.025901,-0.008905,0.034806,0.051802,0.001765,0.050037,0.101351,0.034909,0.066442,0.143018,0.00959,0.133428
SLF.TO,2002-02-05,2,streak_2,0.03888,-0.008905,0.047785,0.034215,0.001765,0.032449,0.079316,0.034909,0.044406,0.090202,0.00959,0.080612
CFP.TO,2002-02-06,2,streak_2,-0.008163,-0.003509,-0.004654,-0.010204,0.002698,-0.012902,0.096939,0.055931,0.041008,0.050228,0.007656,0.042572
CCO.TO,2002-02-07,3,streak_3,-0.003683,-0.001827,-0.001856,0.027624,0.008577,0.019048,0.149171,0.06149,0.087681,-0.012891,0.008577,-0.021468
EMA.TO,2002-02-15,2,streak_2,0.005305,-0.001475,0.00678,-0.002653,-0.014389,0.011737,0.007958,0.045879,-0.037921,0.026525,0.023996,0.00253
TH.TO,2002-02-15,2,streak_2,0.014844,-0.001475,0.016319,-0.014063,-0.014389,0.000327,-0.027344,0.045879,-0.073222,-0.18125,0.023996,-0.205246
HR-UN.TO,2002-02-19,3,streak_3,0.0,-0.011589,0.011589,0.016393,-0.006099,0.022492,0.032787,0.050049,-0.017262,0.012295,0.022279,-0.009984
BHC.TO,2002-02-21,7,streak_5plus,0.100642,-0.001843,0.102485,0.1389,0.028943,0.109957,0.141899,0.057106,0.084793,-0.186296,0.034514,-0.22081
TRI.TO,2002-02-27,3,streak_3,0.041881,0.010492,0.031389,0.085599,0.038137,0.047462,0.108009,0.035467,0.072541,0.121969,0.013148,0.108821
NA.TO,2002-02-28,9,streak_5plus,0.005545,-0.001229,0.006775,0.066543,0.038892,0.027652,0.097967,0.026756,0.071211,0.096118,0.001792,0.094327
BNS.TO,2002-03-05,6,streak_5plus,0.011024,-0.000725,0.011749,-0.00315,0.005902,-0.009052,0.048819,-0.00248,0.051299,0.091339,-0.026164,0.117503
MRU.TO,2002-04-09,2,streak_2,0.00996,-0.003291,0.013251,-0.075697,0.001768,-0.077465,-0.071713,-0.024033,-0.04768,-0.103586,-0.092648,-0.010938
PRMW.TO,2002-04-17,4,streak_4,-0.010936,0.003379,-0.014315,-0.011746,-0.015788,0.004042,-0.073309,-0.017165,-0.056144,-0.27177,-0.130305,-0.141465
FTT.TO,2002-04-24,5,streak_5plus,-0.022697,-0.00057,-0.022127,-0.025367,-0.007049,-0.018319,0.033378,-0.010288,0.043666,-0.065421,-0.153204,0.087784
SU.TO,2002-04-25,2,streak_2,0.0075,-0.003513,0.011013,-0.0275,-0.00857,-0.01893,-0.00125,0.001517,-0.002767,-0.115,-0.174592,0.059592
BHC.TO,2002-04-25,8,streak_5plus,-0.049364,-0.003513,-0.04585,-0.265394,-0.00857,-0.256825,-0.288804,0.001517,-0.290321,-0.55916,-0.174592,-0.384568
IGM.TO,2002-04-26,4,streak_4,-0.013211,-0.007377,-0.005835,-0.011179,-0.002056,-0.009123,-0.022358,-0.002407,-0.019951,-0.304878,-0.198431,-0.106447
MFC.TO,2002-04-29,4,streak_4,0.015789,-0.006173,0.021963,0.068421,0.004496,0.063925,0.054737,0.004902,0.049835,-0.075789,-0.163508,0.087718
CAS.TO,2002-04-30,4,streak_4,0.011194,0.010669,0.000525,0.038557,-0.000185,0.038742,0.116915,0.0103,0.106615,-0.007463,-0.171988,0.164525
CFP.TO,2002-04-30,3,streak_3,0.007921,0.010669,-0.002748,0.012871,-0.000185,0.013056,-0.034654,0.0103,-0.044954,0.00589,-0.171988,0.177879
SLF.TO,2002-05-01,3,streak_3,-0.000723,-0.002101,0.001378,-0.006508,-0.01331,0.006802,0.03543,-0.00672,0.04215,-0.149675,-0.176619,0.026944
TRI.TO,2002-05-02,4,streak_4,-0.013729,0.003034,-0.016763,-0.020115,0.007911,-0.028026,-0.077267,-0.008722,-0.068545,-0.234036,-0.152237,-0.081799
CCL-B.TO,2002-05-02,2,streak_2,0.02521,0.003034,0.022176,0.071429,0.007911,0.063517,0.012605,-0.008722,0.021327,0.063025,-0.152237,0.215262
CTC-A.TO,2002-05-09,2,streak_2,0.0,-0.009795,0.009795,0.028986,-0.000104,0.029089,0.063768,-0.027102,0.090871,-0.263768,-0.151963,-0.111805
CTC.TO,2002-05-09,2,streak_2,0.0,-0.009795,0.009795,0.028949,-0.000104,0.029053,0.063974,-0.027102,0.091077,None,None,None
RY.TO,2002-05-22,2,streak_2,-0.007765,-0.00649,-0.001275,0.011217,-0.003603,0.014819,-0.005177,-0.057295,0.052118,-0.032787,-0.145234,0.112447
BNS.TO,2002-05-28,7,streak_5plus,0.029895,-0.000835,0.03073,0.025411,-0.008804,0.034215,-0.056801,-0.07124,0.014439,-0.047833,-0.122499,0.074666
TCL-B.TO,2002-05-30,2,streak_2,0.125356,-0.004112,0.129468,0.042735,-0.008408,0.051143,-0.025641,-0.070692,0.045051,0.045584,-0.120075,0.165659
NA.TO,2002-05-30,10,streak_5plus,0.003448,-0.004112,0.00756,0.036207,-0.008408,0.044615,-0.015517,-0.070692,0.055175,-0.037931,-0.120075,0.082144
TCL-A.TO,2002-05-30,2,streak_2,0.104054,-0.004112,0.108166,0.009459,-0.008408,0.017867,-0.094595,-0.070692,-0.023903,0.010811,-0.120075,0.130886
AGF-B.TO,2002-06-26,2,streak_2,-0.021277,-0.014015,-0.007261,-0.030948,-0.015083,-0.015865,-0.116054,-0.103738,-0.012316,-0.212766,-0.146149,-0.066617
EMP-A.TO,2002-06-27,7,streak_5plus,0.012912,0.00752,0.005392,-0.015782,0.000442,-0.016223,-0.160689,-0.105768,-0.05492,-0.169297,-0.135607,-0.03369
WFG.TO,2002-07-18,2,streak_2,-0.004871,0.002343,-0.007215,-0.07794,-0.047405,-0.030535,-0.08977,-0.02121,-0.06856,-0.219903,-0.07169,-0.148213
PRMW.TO,2002-07-18,5,streak_5plus,0.055307,0.002343,0.052964,0.084916,-0.047405,0.132321,0.082123,-0.02121,0.103333,0.115084,-0.07169,0.186774
WCN.TO,2002-07-23,2,streak_2,-0.019424,-0.032293,0.012869,-0.018705,0.018283,-0.036988,0.036691,0.04533,-0.008639,0.07554,-0.006298,0.081838
AEM.TO,2002-07-24,2,streak_2,0.03429,0.03587,-0.001581,-0.016095,0.056824,-0.072919,0.079776,0.081771,-0.001995,0.063681,0.032656,0.031024
ENB.TO,2002-07-24,2,streak_2,0.027778,0.03587,-0.008092,0.020202,0.056824,-0.036622,0.037879,0.081771,-0.043892,0.030303,0.032656,-0.002353
EQ.V,2002-07-25,2,streak_2,0.0,-0.016249,0.016249,0.0,0.034988,-0.034988,-0.107143,0.054167,-0.16131,-0.285714,-0.014165,-0.27155
CFP.TO,2002-07-25,4,streak_4,0.015075,-0.016249,0.031324,0.025126,0.034988,-0.009863,0.005025,0.054167,-0.049142,-0.216483,-0.014165,-0.202319
FTT.TO,2002-07-25,6,streak_5plus,-0.001477,-0.016249,0.014771,0.070901,0.034988,0.035913,0.076809,0.054167,0.022642,0.029542,-0.014165,0.043707
BHC.TO,2002-07-25,9,streak_5plus,0.008264,-0.016249,0.024513,0.055096,0.034988,0.020108,0.295867,0.054167,0.2417,0.306887,-0.014165,0.321052
TRP.TO,2002-07-26,2,streak_2,0.007702,0.005017,0.002685,0.037227,0.043371,-0.006144,0.044929,0.053501,-0.008571,0.082157,0.009047,0.07311
GWO.TO,2002-07-30,2,streak_2,-0.006211,0.004334,-0.010546,None,None,None,0.024845,0.024633,0.000211,0.02795,-0.011908,0.039858
MFC.TO,2002-07-30,5,streak_5plus,-0.037946,0.004334,-0.042281,None,None,None,-0.120536,0.024633,-0.145169,-0.137277,-0.011908,-0.125369
IGM.TO,2002-07-31,5,streak_5plus,0.084942,0.014467,0.070475,0.020592,0.001229,0.019363,0.072072,0.010551,0.061521,0.069498,-0.014099,0.083597
CAS.TO,2002-07-31,5,streak_5plus,0.030612,0.014467,0.016145,0.030612,0.001229,0.029384,0.072562,0.010551,0.062011,0.018141,-0.014099,0.032239
SLF.TO,2002-07-31,4,streak_4,0.006173,0.014467,-0.008294,-0.008818,0.001229,-0.010047,0.000882,0.010551,-0.009669,0.007937,-0.014099,0.022035
BN.TO,2002-08-01,2,streak_2,0.0,-0.008281,0.008281,-0.013245,-0.01797,0.004725,0.0,-0.002331,0.002331,-0.033113,-0.047022,0.01391
SNC.TO,2002-08-02,2,streak_2,0.015054,-0.002168,0.017222,-0.02043,0.009388,-0.029818,-0.092473,0.009358,-0.101831,-0.006452,-0.03363,0.027178
CTC-A.TO,2002-08-08,3,streak_3,-0.084877,0.019347,-0.104224,-0.006463,0.009774,-0.016237,-0.04567,-0.001064,-0.044606,0.048255,-0.013427,0.061683
CTC.TO,2002-08-08,3,streak_3,-0.084885,0.019347,-0.104232,-0.006329,0.009774,-0.016103,-0.045793,-0.001064,-0.044729,0.048399,-0.013427,0.061827
HR-UN.TO,2002-08-15,5,streak_5plus,0.007782,0.001145,0.006637,0.003891,0.017526,-0.013635,0.046693,-0.008366,0.055059,0.019455,-0.033648,0.053104
ATD.TO,2002-09-05,6,streak_5plus,0.161765,-0.005032,0.166797,0.294118,0.015435,0.278683,0.176471,-0.075318,0.251789,0.029412,0.022646,0.006766
RY.TO,2002-09-09,3,streak_3,0.0,0.006543,-0.006543,-0.006908,0.002392,-0.009301,-0.110535,-0.098583,-0.011952,0.080311,0.020155,0.060156
PRMW.TO,2002-10-16,6,streak_5plus,0.064128,-0.010017,0.074145,0.08016,0.011625,0.068535,0.130762,0.013249,0.117513,0.111723,0.095122,0.016602
CLS.TO,2002-10-16,2,streak_2,-0.12523,-0.010017,-0.115213,-0.111418,0.011625,-0.123043,0.038214,0.013249,0.024965,0.220074,0.095122,0.124952
MX.TO,2002-10-21,2,streak_2,-0.004491,0.005643,-0.010134,0.080838,0.012534,0.068304,0.245509,0.025037,0.220472,0.176647,0.067856,0.10879
CP.TO,2002-10-21,2,streak_2,-0.016032,0.005643,-0.021675,-0.066132,0.012534,-0.078667,-0.024048,0.025037,-0.049085,-0.076152,0.067856,-0.144009
CAS.TO,2002-10-28,6,streak_5plus,0.006726,0.002107,0.004619,0.012332,-0.013191,0.025523,-0.059417,0.026897,-0.086314,-0.06278,0.040431,-0.103212
TIH.TO,2002-10-28,2,streak_2,0.002639,0.002107,0.000531,0.023747,-0.013191,0.036938,-0.029024,0.026897,-0.055921,0.058047,0.040431,0.017616
FTT.TO,2002-10-28,7,streak_5plus,0.016949,0.002107,0.014842,-0.024011,-0.013191,-0.01082,-0.055085,0.026897,-0.081982,0.0,0.040431,-0.040431
GWO.TO,2002-10-29,3,streak_3,-0.009188,-0.01941,0.010222,-0.02144,0.002072,-0.023511,0.041348,0.009097,0.03225,0.036753,0.021357,0.015396
BHC.TO,2002-10-29,10,streak_5plus,-0.027677,-0.01941,-0.008267,-0.020202,0.002072,-0.022274,0.036363,0.009097,0.027266,-0.129899,0.021357,-0.151256
FTS.TO,2002-10-30,2,streak_2,0.012797,0.005655,0.007142,0.036563,0.016649,0.019914,-0.001828,0.049168,-0.050996,0.038391,0.043735,-0.005343
BLDP.TO,2002-10-30,2,streak_2,0.045122,0.005655,0.039466,0.078659,0.016649,0.06201,0.478659,0.049168,0.429491,-0.02439,0.043735,-0.068125
EMA.TO,2002-11-01,2,streak_2,-0.028986,0.011618,-0.040604,-0.036232,0.0217,-0.057932,-0.060386,0.051466,-0.111852,-0.057971,0.047609,-0.10558
IGM.TO,2002-11-02,6,streak_5plus,0.0475,0.017607,0.029893,0.06375,0.010852,0.052898,0.08375,0.054402,0.029348,0.08875,0.039248,0.049502
OVV.TO,2002-11-05,2,streak_2,-0.014474,-0.005146,-0.009328,-0.042408,-0.021577,-0.020831,-0.036329,0.032319,-0.068649,0.065422,0.025028,0.040394
LNR.TO,2002-11-06,2,streak_2,0.0,0.005985,-0.005985,-0.022659,-0.010923,-0.011736,-0.043807,0.03294,-0.076746,0.037764,0.022705,0.01506
SNC.TO,2002-11-08,3,streak_3,-0.011236,0.000877,-0.012113,-0.025843,-0.002115,-0.023728,-0.069663,0.030199,-0.099862,-0.022472,0.016431,-0.038903
POW.TO,2002-11-14,2,streak_2,0.008772,0.010965,-0.002193,0.071272,0.030356,0.040915,0.04386,0.053207,-0.009347,0.097588,0.023914,0.073674
SU.TO,2003-01-21,2,streak_2,0.015048,-0.007359,0.022407,0.02736,-0.027283,0.054643,0.05472,-0.021927,0.076647,-0.0342,-0.031853,-0.002347
IMO.TO,2003-01-22,2,streak_2,0.012833,0.004559,0.008275,-0.004936,-0.01804,0.013104,0.048371,-0.019594,0.067965,0.02073,-0.017935,0.038666
CP.TO,2003-01-27,3,streak_3,-0.017621,-0.016264,-0.001357,0.017621,-0.014314,0.031935,0.028634,-0.024396,0.053031,0.094714,-0.015499,0.110213
TIH.TO,2003-01-28,3,streak_3,-0.03599,0.002074,-0.038064,-0.03599,0.005674,-0.041664,0.033419,-0.008084,0.041503,0.107969,-0.005308,0.113277
CAS.TO,2003-01-29,7,streak_5plus,-0.009592,0.000472,-0.010064,-0.06235,-0.003836,-0.058515,-0.071942,-0.009406,-0.062536,-0.129496,-0.003257,-0.126239
EMA.TO,2003-02-07,3,streak_3,-0.002577,-0.001788,-0.00079,-0.007732,-0.005578,-0.002154,-0.092784,-0.01994,-0.072843,0.041237,0.024856,0.016381
TVA-B.TO,2003-02-10,2,streak_2,0.006033,-0.005187,0.01122,0.036953,0.001451,0.035502,-0.003771,-0.030875,0.027104,0.205128,0.022091,0.183037
FTS.TO,2003-02-11,3,streak_3,0.012195,0.00464,0.007555,0.006969,0.018622,-0.011653,-0.027875,-0.023805,-0.00407,0.027875,0.031952,-0.004077
BLDP.TO,2003-02-19,3,streak_3,0.037013,-0.00499,0.042003,-0.042208,-0.013515,-0.028693,-0.022078,-0.021099,-0.000978,None,None,None
BMO.TO,2003-02-25,2,streak_2,0.028499,0.000185,0.028314,-0.001267,-0.004583,0.003316,0.006966,-0.01804,0.025006,-0.005066,0.043154,-0.04822
CNQ.TO,2003-02-26,2,streak_2,0.03681,0.000738,0.036072,0.03681,-0.012486,0.049295,0.006135,-0.022526,0.028661,0.07362,0.043269,0.030351
TRI.TO,2003-02-26,2,streak_2,0.032618,0.000738,0.03188,0.026363,-0.012486,0.038848,0.011171,-0.022526,0.033697,0.067918,0.043269,0.024649
CU.TO,2003-02-26,2,streak_2,-0.009728,0.000738,-0.010466,-0.003891,-0.012486,0.008595,-0.046693,-0.022526,-0.024166,0.099222,0.043269,0.055953
ACO-Y.TO,2003-02-27,2,streak_2,0.0,0.011355,-0.011355,0.0,-0.018192,0.018192,-0.027051,-0.0238,-0.00325,0.061082,0.050996,0.010086
ACO-X.TO,2003-02-27,2,streak_2,0.001761,0.011355,-0.009594,0.007042,-0.018192,0.025234,-0.021127,-0.0238,0.002674,0.052817,0.050996,0.00182
CM.TO,2003-02-27,2,streak_2,0.069333,0.011355,0.057979,0.078667,-0.018192,0.096859,0.108,-0.0238,0.1318,0.153333,0.050996,0.102337
REKO.V,2003-03-04,2,streak_2,0.002037,-0.007756,0.009793,0.01833,-0.030097,0.048426,0.008147,-0.021228,0.029375,-0.226069,0.059838,-0.285907
BHC.TO,2003-03-04,11,streak_5plus,-0.013586,-0.007756,-0.005831,0.036665,-0.030097,0.066761,0.125442,-0.021228,0.14667,0.192816,0.059838,0.132978
BNS.TO,2003-03-04,2,streak_2,-0.008811,-0.007756,-0.001055,-0.020558,-0.030097,0.009539,0.0,-0.021228,0.021228,0.132159,0.059838,0.072321
SNC.TO,2003-03-07,4,streak_4,0.035111,0.004946,0.030165,0.041612,-0.005246,0.046859,0.163849,0.010492,0.153357,0.306892,0.106295,0.200597
TIH.TO,2003-04-15,4,streak_4,0.03,0.003992,0.026008,0.0825,0.018646,0.063854,0.135,0.043328,0.091672,0.195,0.095197,0.099803
CNR.TO,2003-04-23,2,streak_2,0.01071,0.005165,0.005545,0.046854,-0.005697,0.052551,0.002677,0.021799,-0.019122,0.036145,0.080785,-0.044641
MAXR.TO,2003-04-23,2,streak_2,0.008333,0.005165,0.003168,-0.047917,-0.005697,-0.04222,-0.01875,0.021799,-0.040549,-0.008333,0.080785,-0.089119
CP.TO,2003-04-24,4,streak_4,-0.006,-0.008357,0.002357,0.016,-0.004655,0.020655,-0.03,0.024543,-0.054543,-0.04,0.078451,-0.118451
EMA.TO,2003-04-24,4,streak_4,-0.002667,-0.008357,0.005691,0.042667,-0.004655,0.047321,0.106667,0.024543,0.082123,0.184,0.078451,0.105549
SU.TO,2003-04-24,3,streak_3,-0.015385,-0.008357,-0.007027,-0.037762,-0.004655,-0.033108,0.039161,0.024543,0.014618,0.065734,0.078451,-0.012716
ACO-X.TO,2003-04-28,3,streak_3,0.005484,0.00414,0.001344,0.023766,0.014781,0.008985,0.080439,0.040358,0.040081,0.195612,0.108806,0.086807
CU.TO,2003-04-28,3,streak_3,0.010395,0.00414,0.006255,0.089397,0.014781,0.074616,0.174636,0.040358,0.134279,0.241164,0.108806,0.132358
ACO-Y.TO,2003-04-28,3,streak_3,0.003607,0.00414,-0.000533,0.023445,0.014781,0.008663,0.096483,0.040358,0.056126,0.16862,0.108806,0.059814
BHC.TO,2003-04-29,12,streak_5plus,-0.09376,-0.000504,-0.093256,-0.091133,0.01695,-0.108083,0.070608,0.044513,0.026095,-0.047619,0.107304,-0.154923
BLDP.TO,2003-04-30,4,streak_4,0.002024,0.006218,-0.004194,0.154521,0.022657,0.131864,0.214575,0.044428,0.170147,0.221323,0.109573,0.111749
FTS.TO,2003-04-30,4,streak_4,0.003565,0.006218,-0.002653,0.057041,0.022657,0.034384,0.090909,0.044428,0.046481,0.199643,0.109573,0.09007
CCO.TO,2003-05-02,2,streak_2,-0.006148,0.007429,-0.013576,-0.038934,0.007839,-0.046774,0.077869,0.044221,0.033648,0.170082,0.100178,0.069904
TVA-B.TO,2003-05-02,3,streak_3,0.01945,0.007429,0.012021,0.071764,0.007839,0.063924,0.105298,0.044221,0.061078,0.156271,0.100178,0.056093
CAE.TO,2003-05-07,2,streak_2,-0.05314,-0.006439,-0.046701,-0.009662,0.001374,-0.011036,0.2343,0.045954,0.188347,0.479264,0.078417,0.400847
CNQ.TO,2003-05-07,3,streak_3,-0.005882,-0.006439,0.000557,-0.023529,0.001374,-0.024904,0.070588,0.045954,0.024635,0.076471,0.078417,-0.001946
CTC-A.TO,2003-05-14,2,streak_2,-0.035621,0.005893,-0.041514,0.019983,0.004356,0.015626,0.049522,0.059362,-0.00984,0.053432,0.08192,-0.028488
CTC.TO,2003-05-14,2,streak_2,-0.035661,0.005893,-0.041554,0.019895,0.004356,0.015539,0.049174,0.059362,-0.010188,0.053303,0.08192,-0.028616
CM.TO,2003-05-21,3,streak_3,-0.012443,-0.000847,-0.011597,-0.021493,0.016057,-0.037551,0.073529,0.055169,0.018361,0.104072,0.097815,0.006257
BMO.TO,2003-05-27,3,streak_3,0.001271,0.00815,-0.00688,-0.013977,0.022889,-0.036866,0.022872,0.030067,-0.007195,0.087039,0.107828,-0.020788
RCI-B.TO,2003-07-17,2,streak_2,-0.030822,-0.001779,-0.029043,-0.035959,0.021082,-0.05704,-0.02226,0.044027,-0.066287,-0.142123,0.094239,-0.236362
PRMW.TO,2003-07-17,2,streak_2,-0.003527,-0.001779,-0.001748,0.065256,0.021082,0.044174,0.08642,0.044027,0.042393,0.108466,0.094239,0.014227
L.TO,2003-07-17,2,streak_2,0.004902,-0.001779,0.006681,-0.002451,0.021082,-0.023533,0.04902,0.044027,0.004993,0.002451,0.094239,-0.091788
CNR.TO,2003-07-22,3,streak_3,0.023346,0.006895,0.016452,0.068742,0.02081,0.047932,0.084306,0.047492,0.036815,0.071336,0.081488,-0.010152
CP.TO,2003-07-23,5,streak_5plus,0.018367,0.006416,0.011951,0.04898,0.005873,0.043106,0.036735,0.042574,-0.005839,0.07551,0.074417,0.001093
TIH.TO,2003-07-24,5,streak_5plus,0.030488,0.00278,0.027708,0.03252,-0.003637,0.036157,0.083333,0.03944,0.043894,0.056911,0.074219,-0.017308
TVA-B.TO,2003-07-29,4,streak_4,0.063541,-0.007839,0.07138,-0.018507,-0.009047,-0.009461,0.107341,0.021731,0.08561,0.16533,0.045288,0.120042
BHC.TO,2003-07-29,13,streak_5plus,-0.094762,-0.007839,-0.086923,None,None,None,-0.098999,0.021731,-0.120731,-0.411087,0.045288,-0.456375
BLDP.TO,2003-07-29,5,streak_5plus,0.006142,-0.007839,0.01398,None,None,None,-0.007258,0.021731,-0.02899,-0.030709,0.045288,-0.075997
X.TO,2003-07-29,2,streak_2,-0.007407,-0.007839,0.000431,None,None,None,0.007407,0.021731,-0.014324,0.2,0.045288,0.154712
T.TO,2003-07-29,2,streak_2,0.025316,-0.007839,0.033155,None,None,None,0.07173,0.021731,0.049999,-0.004219,0.045288,-0.049507
GWO.TO,2003-07-30,2,streak_2,0.008174,-0.003099,0.011274,0.012262,-0.005244,0.017506,0.040872,0.037801,0.003071,0.051771,0.060437,-0.008666
POW.TO,2003-08-01,2,streak_2,-0.001779,-0.005415,0.003635,-0.009786,-0.010692,0.000905,-0.022242,0.034776,-0.057018,0.025801,0.065115,-0.039315
CNQ.TO,2003-08-06,4,streak_4,0.0,-0.00701,0.00701,0.04918,0.022881,0.0263,0.0,0.056388,-0.056388,0.016393,0.090966,-0.074573
OBE.TO,2003-08-14,3,streak_3,-0.015487,0.002916,-0.018403,-0.007743,0.016114,-0.023858,0.035399,0.028187,0.007212,0.017478,0.054244,-0.036766
BMO.TO,2003-08-26,4,streak_4,0.036972,0.000215,0.036757,0.065728,0.016892,0.048835,0.058099,0.02165,0.036449,0.192488,0.046014,0.146474
ATD.TO,2003-09-04,2,streak_2,0.0,0.001913,-0.001913,0.102941,-0.001227,0.104168,0.426471,-0.005145,0.431615,0.272059,0.045407,0.226652
PRMW.TO,2003-10-16,3,streak_3,0.02767,0.001233,0.026436,0.001559,-0.009251,0.01081,0.038971,-0.002004,0.040975,0.087685,0.079736,0.007949
RCI-B.TO,2003-10-17,3,streak_3,0.003876,-0.009663,0.013539,-0.001938,-0.018299,0.016361,0.031008,-0.005184,0.036192,0.205426,0.080985,0.124441
CNR.TO,2003-10-22,4,streak_4,0.01889,-0.007312,0.026202,0.068477,-0.006282,0.074759,0.028335,0.004261,0.024074,0.099174,0.110144,-0.010971
TECK-B.TO,2003-10-22,2,streak_2,-0.010601,-0.007312,-0.003289,0.030035,-0.006282,0.036317,0.074205,0.004261,0.069944,0.378092,0.110144,0.267948
TIH.TO,2003-10-27,6,streak_5plus,0.094303,0.00654,0.087762,0.100196,0.02079,0.079407,0.090373,0.030968,0.059406,0.218075,0.130056,0.088018
BLDP.TO,2003-10-29,6,streak_5plus,-0.003409,0.001464,-0.004873,-0.007386,0.01872,-0.026106,-0.11875,0.018292,-0.137042,-0.109091,0.112576,-0.221667
IGM.TO,2003-10-30,2,streak_2,-0.002114,0.001151,-0.003265,0.052854,0.017748,0.035106,0.063425,0.019404,0.044021,0.174419,0.104159,0.07026
T.TO,2003-10-31,3,streak_3,0.0,0.004303,-0.004303,-0.016529,0.016991,-0.03352,0.004132,0.015505,-0.011373,0.03719,0.091738,-0.054548
IAG.TO,2003-11-04,2,streak_2,0.03263,0.002575,0.030054,0.016315,-0.00357,0.019885,0.076775,0.010722,0.066053,0.190019,0.101536,0.088483
MRU.TO,2003-11-18,2,streak_2,-0.004082,-0.003696,-0.000386,-0.010204,0.010829,-0.021033,0.014286,0.028483,-0.014197,0.006122,0.12637,-0.120247
ATD.TO,2003-11-18,3,streak_3,0.057803,-0.003696,0.061499,0.046243,0.010829,0.035414,0.017341,0.028483,-0.011142,0.109827,0.12637,-0.016543
OBE.TO,2003-11-19,4,streak_4,0.00896,0.008233,0.000727,-0.016462,0.010973,-0.027435,0.029131,0.039135,-0.010004,0.215814,0.133081,0.082733
BMO.TO,2003-11-25,5,streak_5plus,-0.007744,-0.003554,-0.00419,0.008712,0.009477,-0.000765,-0.006776,0.036712,-0.043489,0.049371,0.096736,-0.047366
POW.TO,2003-11-26,3,streak_3,-0.003373,0.004871,-0.008243,0.025295,0.013462,0.011834,0.093592,0.040206,0.053386,0.177909,0.10006,0.077849
BNS.TO,2003-12-02,2,streak_2,-0.001163,0.000379,-0.001541,-0.013953,0.008354,-0.022307,0.026744,0.03739,-0.010646,0.072093,0.119892,-0.047799
NA.TO,2003-12-04,2,streak_2,-0.004802,0.004196,-0.008998,-0.016807,-0.009146,-0.007661,0.048019,0.052991,-0.004971,0.108043,0.105001,0.003042
BB.TO,2003-12-23,2,streak_2,0.49707,0.000369,0.496702,0.423828,0.009637,0.414191,0.782227,0.055769,0.726458,0.959961,0.042174,0.917787
CCA.TO,2004-01-12,2,streak_2,0.018265,0.003376,0.014888,0.055708,0.020366,0.035342,0.182648,0.041067,0.141581,0.168037,0.054524,0.113512
PRMW.TO,2004-01-29,4,streak_4,-0.012775,-0.01011,-0.002665,-0.003549,0.000281,-0.00383,0.063165,0.023677,0.039488,0.105039,-8.2e-05,0.105121
SLF.TO,2004-01-29,2,streak_2,-0.010825,-0.01011,-0.000715,0.018945,0.000281,0.018663,0.024357,0.023677,0.00068,0.02571,-8.2e-05,0.025792
CNR.TO,2004-01-29,5,streak_5plus,0.011013,-0.01011,0.021124,-0.005507,0.000281,-0.005788,-0.014317,0.023677,-0.037994,0.007709,-8.2e-05,0.007791
TECK-B.TO,2004-02-03,3,streak_3,0.004167,0.002407,0.001759,0.122222,0.006401,0.115822,0.270833,0.019456,0.251377,0.004167,-0.045822,0.049989
RCI-B.TO,2004-02-04,4,streak_4,-0.002894,-0.014156,0.011262,0.026049,0.010484,0.015565,-0.037627,0.015588,-0.053214,-0.109986,-0.046544,-0.063442
TIH.TO,2004-02-04,7,streak_5plus,0.011093,-0.014156,0.025249,0.022187,0.010484,0.011703,0.152139,0.015588,0.136552,0.115689,-0.046544,0.162233
HCG.TO,2004-02-11,3,streak_3,0.072351,0.001851,0.0705,0.120155,0.001783,0.118373,0.339793,-0.01898,0.358773,0.063307,-0.071074,0.134381
POW.TO,2004-02-15,4,streak_4,0.005747,0.006096,-0.000349,0.003592,-0.00605,0.009642,0.012213,-0.029915,0.042128,0.028017,-0.059566,0.087584
BLDP.TO,2004-02-17,7,streak_5plus,-0.022654,0.002241,-0.024894,-0.121036,-0.015765,-0.105271,-0.191586,-0.027917,-0.163669,-0.180583,-0.06395,-0.116633
WTE.TO,2004-02-19,6,streak_5plus,0.0,-0.002145,0.002145,0.05914,-0.009234,0.068374,0.096774,-0.018571,0.115345,-0.05914,-0.063674,0.004534
OVV.TO,2004-02-26,2,streak_2,0.022276,0.011636,0.010641,0.021584,0.018339,0.003244,-0.016274,-0.014287,-0.001987,0.005078,-0.032776,0.037855
RBA.TO,2004-02-26,4,streak_4,0.037132,0.011636,0.025496,0.017926,0.018339,-0.000413,0.019206,-0.014287,0.033493,0.044814,-0.032776,0.077591
CM.TO,2004-02-26,2,streak_2,0.046193,0.011636,0.034558,0.063302,0.018339,0.044963,0.06929,-0.014287,0.083577,0.045338,-0.032776,0.078114
LB.TO,2004-02-26,2,streak_2,0.01636,0.011636,0.004724,0.03681,0.018339,0.018471,0.05317,-0.014287,0.067457,0.02863,-0.032776,0.061406
NA.TO,2004-02-26,3,streak_3,0.032,0.011636,0.020364,0.054857,0.018339,0.036518,0.069714,-0.014287,0.084001,0.017143,-0.032776,0.049919
BNS.TO,2004-03-02,3,streak_3,0.001085,-0.007516,0.0086,0.024946,-0.008282,0.033228,0.053145,-0.028452,0.081597,0.004338,-0.05945,0.063788
BB.TO,2004-04-07,3,streak_3,-0.019583,-0.002842,-0.016742,-0.04,-0.021805,-0.018195,-0.130417,-0.045852,-0.084564,0.283333,-0.039252,0.322585
PRMW.TO,2004-04-20,5,streak_5plus,0.033663,-0.011468,0.045131,0.030033,-0.009951,0.039984,0.087789,-0.06206,0.149849,0.069967,-0.035104,0.105071
MX.TO,2004-04-21,2,streak_2,-0.008734,-0.003476,-0.005258,-0.019651,-0.007904,-0.011746,0.034935,-0.047216,0.082151,0.183406,-0.02935,0.212756
CJR-B.TO,2004-04-22,2,streak_2,0.017817,0.012469,0.005348,-0.025455,-0.039449,0.013993,-0.036,-0.049597,0.013597,-0.061354,-0.018465,-0.042889
HCG.TO,2004-04-22,4,streak_4,0.076582,0.012469,0.064112,0.041065,-0.039449,0.080514,-0.051054,-0.049597,-0.001457,-0.027747,-0.018465,-0.009282
MFC.TO,2004-04-26,2,streak_2,0.002479,-0.005965,0.008444,-0.047934,-0.048905,0.000971,None,None,None,-0.013223,-0.024654,0.011431
X.TO,2004-04-27,2,streak_2,-0.017921,-0.009424,-0.008497,-0.082437,-0.041619,-0.040818,-0.028674,-0.030408,0.001734,-0.121864,-0.025313,-0.096551
TECK-B.TO,2004-04-28,4,streak_4,-0.057895,-0.035161,-0.022734,0.014474,-0.009268,0.023741,0.059211,-0.025308,0.084518,0.102632,-0.017774,0.120405
MFI.TO,2004-04-28,2,streak_2,0.030848,-0.035161,0.066009,0.034704,-0.009268,0.043972,0.077121,-0.025308,0.102428,0.155527,-0.017774,0.173301
OVV.TO,2004-04-28,3,streak_3,-0.032915,-0.035161,0.002246,-0.004478,-0.009268,0.004789,-0.042991,-0.025308,-0.017684,0.025078,-0.017774,0.042852
SLF.TO,2004-04-29,3,streak_3,0.035665,-0.000364,0.03603,0.070645,0.027007,0.043638,0.072016,0.0132,0.058817,0.033608,0.009678,0.023929
BN.TO,2004-04-30,2,streak_2,0.022624,0.00147,0.021155,0.099548,0.023785,0.075762,0.190045,0.013994,0.176051,0.217195,0.007592,0.209602
BEP-UN.TO,2004-05-04,2,streak_2,0.022989,0.024014,-0.001026,-0.04023,-0.015513,-0.024717,0.005747,0.019473,-0.013726,0.051724,0.022476,0.029248
ONEX.TO,2004-05-05,2,streak_2,-0.002608,0.000166,-0.002773,-0.008475,-0.02966,0.021185,0.017601,-0.009591,0.027192,-0.014993,0.00026,-0.015254
CNQ.TO,2004-05-05,2,streak_2,-0.003636,0.000166,-0.003802,-0.054545,-0.02966,-0.024886,-0.094545,-0.009591,-0.084954,0.098182,0.00026,0.097922
PAAS.TO,2004-05-11,2,streak_2,-0.005573,0.009299,-0.014873,-0.004777,-0.000738,-0.004039,0.079618,0.03475,0.044868,0.023885,0.017024,0.006861
TD.TO,2004-05-27,2,streak_2,0.002039,0.002957,-0.000918,0.033639,0.006708,0.026932,-0.001019,0.02546,-0.026479,0.010194,-0.000421,0.010614
EMP-A.TO,2004-06-24,2,streak_2,0.005017,-0.005201,0.010218,0.021739,-0.003475,0.025214,0.020067,-0.020676,0.040742,0.058528,0.007871,0.050657
AGF-B.TO,2004-06-29,2,streak_2,0.009785,0.003495,0.00629,0.009785,0.002019,0.007766,-0.007828,-0.020605,0.012777,-0.033268,0.01411,-0.047379
BB.TO,2004-06-29,4,streak_4,-0.026642,0.003495,-0.030137,0.124088,0.002019,0.122068,-0.010584,-0.020605,0.010021,0.156934,0.01411,0.142824
WCN.TO,2004-07-21,2,streak_2,0.009705,0.004241,0.005464,0.003639,-0.014741,0.018381,0.07319,-0.023223,0.096413,0.196927,0.043998,0.152928
PRMW.TO,2004-07-22,6,streak_5plus,-0.045185,-0.006636,-0.03855,-0.068557,-0.01158,-0.056977,-0.120287,-0.018961,-0.101326,-0.200686,0.031499,-0.232185
MFI.TO,2004-07-22,3,streak_3,0.009761,-0.006636,0.016397,-0.072668,-0.01158,-0.061088,-0.070499,-0.018961,-0.051538,-0.003254,0.031499,-0.034753
CFP.TO,2004-07-22,2,streak_2,0.006601,-0.006636,0.013236,-0.013201,-0.01158,-0.001621,-0.0033,-0.018961,0.015661,-0.040264,0.031499,-0.071763
TECK-B.TO,2004-07-26,5,streak_5plus,-0.02148,-0.008195,-0.013285,0.039379,0.008922,0.030457,0.052506,-0.008087,0.060593,0.23031,0.055277,0.175034
BEP-UN.TO,2004-07-27,3,streak_3,-0.005464,-0.002429,-0.003035,0.0,0.017259,-0.017259,0.016393,0.000217,0.016177,0.10929,0.05607,0.05322
X.TO,2004-07-27,3,streak_3,-0.008333,-0.002429,-0.005904,None,None,None,0.0125,0.000217,0.012283,0.0625,0.05607,0.00643
SLF.TO,2004-07-29,4,streak_4,0.025692,0.010399,0.015292,0.01581,0.000802,0.015008,0.012516,-0.002992,0.015508,0.017128,0.055276,-0.038148
CCO.TO,2004-07-30,2,streak_2,0.000972,0.001765,-0.000793,0.020408,-0.020762,0.04117,0.099125,-0.012898,0.112023,0.304179,0.041193,0.262986
CNQ.TO,2004-08-04,3,streak_3,-0.036913,-0.011945,-0.024968,-0.043624,-0.027504,-0.01612,0.0,-0.00638,0.00638,0.157718,0.046561,0.111157
BHC.TO,2004-08-04,2,streak_2,0.033809,-0.011945,0.045754,-0.049048,-0.027504,-0.021543,-0.048572,-0.00638,-0.042192,0.080952,0.046561,0.034391
BN.TO,2004-08-05,3,streak_3,-0.028881,-0.011371,-0.017509,-0.032491,-0.023293,-0.009198,0.01083,0.003097,0.007733,0.144404,0.060732,0.083672
MFC.TO,2004-08-05,3,streak_3,-0.001654,-0.011371,0.009717,0.000827,-0.023293,0.02412,0.023987,0.003097,0.02089,0.108354,0.060732,0.047622
T.TO,2004-08-06,2,streak_2,-0.024292,-0.011031,-0.013261,0.012146,-0.016401,0.028547,0.060729,0.009253,0.051476,0.255061,0.069365,0.185696
BMO.TO,2004-08-24,2,streak_2,0.021947,0.000108,0.021838,0.018607,-0.000782,0.019389,0.063454,0.032542,0.030913,0.108302,0.077434,0.030868
RET-A.V,2004-09-01,2,streak_2,0.041916,0.003951,0.037965,0.107785,-0.00265,0.110435,0.117964,0.034774,0.083191,0.496834,0.081103,0.415731
EMP-A.TO,2004-09-09,3,streak_3,0.0,0.004692,-0.004692,0.0,0.013429,-0.013429,0.062802,0.056327,0.006475,0.220612,0.08449,0.136122
CLS.TO,2004-10-21,2,streak_2,-0.012508,0.006668,-0.019176,0.073171,0.00033,0.072841,0.172608,0.020869,0.151739,0.026892,0.039451,-0.012559
TVA-B.TO,2004-10-21,2,streak_2,0.027091,0.006668,0.020423,0.040047,0.00033,0.039717,0.010601,0.020869,-0.010268,0.057126,0.039451,0.017675
TECK-B.TO,2004-10-25,6,streak_5plus,0.006648,-0.003599,0.010246,-0.012346,0.010272,-0.022618,0.163343,0.023996,0.139347,0.230769,0.035099,0.19567
TRI.TO,2004-10-26,2,streak_2,0.009473,0.007886,0.001586,0.007002,0.012458,-0.005457,0.014415,0.028117,-0.013702,0.014827,0.038586,-0.023759
WFG.TO,2004-10-26,2,streak_2,0.011727,0.007886,0.003841,0.009062,0.012458,-0.003396,-0.082623,0.028117,-0.110739,-0.011194,0.038586,-0.04978
MFI.TO,2004-10-27,4,streak_4,0.027563,-0.003085,0.030648,0.00441,0.005976,-0.001566,0.056229,0.017906,0.038323,0.194046,0.029484,0.164562
CFP.TO,2004-10-28,3,streak_3,-0.00135,-0.001138,-0.000212,0.00135,0.005733,-0.004384,-0.060054,0.026721,-0.086775,0.018219,0.038005,-0.019786
CNR.TO,2004-10-28,2,streak_2,-0.000875,-0.001138,0.000263,0.00175,0.005733,-0.003983,0.047244,0.026721,0.020524,0.083989,0.038005,0.045985
T.TO,2004-10-29,3,streak_3,0.027397,0.010249,0.017148,0.030822,0.009748,0.021074,0.119863,0.031545,0.088318,0.25,0.043435,0.206565
SLF.TO,2004-11-01,5,streak_5plus,0.006285,-0.001443,0.007728,0.025141,-0.000259,0.025401,0.039598,0.0209,0.018698,0.078567,0.034201,0.044366
PAAS.TO,2004-11-01,3,streak_3,-0.00454,-0.001443,-0.003097,0.04799,-0.000259,0.048249,0.073281,0.0209,0.052382,-0.081064,0.034201,-0.115265
TIH.TO,2004-11-01,2,streak_2,0.009447,-0.001443,0.01089,0.062078,-0.000259,0.062338,0.005398,0.0209,-0.015501,0.126856,0.034201,0.092654
BLDP.TO,2004-11-03,2,streak_2,-0.139216,-0.003325,-0.13589,-0.160784,-0.002897,-0.157887,-0.22549,0.021824,-0.247314,-0.25098,0.037561,-0.288541
CNQ.TO,2004-11-03,4,streak_4,-0.008798,-0.003325,-0.005472,-0.055718,-0.002897,-0.052821,0.0,0.021824,-0.021824,0.099707,0.037561,0.062146
IAG.TO,2004-11-03,2,streak_2,0.020134,-0.003325,0.02346,0.008203,-0.002897,0.0111,0.047726,0.021824,0.025901,0.160328,0.037561,0.122767
POU.TO,2004-11-04,2,streak_2,-0.002222,0.00285,-0.005072,0.016667,3.4e-05,0.016633,0.107778,0.022293,0.085485,0.223889,0.048488,0.175401
BN.TO,2004-11-04,4,streak_4,-0.006289,0.00285,-0.009139,-0.031447,3.4e-05,-0.03148,0.009434,0.022293,-0.012859,-0.018868,0.048488,-0.067356
EMA.TO,2004-11-05,2,streak_2,0.0,0.000237,-0.000237,-0.003953,0.002211,-0.006163,0.011858,0.021327,-0.00947,0.083004,0.04932,0.033684
LNF.TO,2004-11-10,2,streak_2,0.044186,-0.000396,0.044582,0.044186,0.012074,0.032112,0.002326,0.017919,-0.015594,0.106977,0.059546,0.04743
LNR.TO,2004-11-10,2,streak_2,0.010711,-0.000396,0.011107,0.129503,0.012074,0.117429,0.124635,0.017919,0.106716,0.084713,0.059546,0.025166
CTC-A.TO,2004-11-11,2,streak_2,-0.018576,0.005033,-0.023609,0.018338,0.016501,0.001836,0.034532,0.019442,0.01509,0.068111,0.062318,0.005793
CTC.TO,2004-11-11,2,streak_2,-0.018515,0.005033,-0.023548,0.018309,0.016501,0.001808,0.034561,0.019442,0.015119,0.068299,0.062318,0.00598
IPL.TO,2004-11-17,2,streak_2,-0.006912,0.003977,-0.010889,0.018433,0.004826,0.013607,0.064516,0.017225,0.047291,0.105991,0.070733,0.035258
ATD.TO,2004-11-19,2,streak_2,0.0,-0.001349,0.001349,0.030435,0.006064,0.024371,0.091304,0.016842,0.074462,0.169565,0.074469,0.095096
RET-A.V,2004-12-01,3,streak_3,0.038855,0.00381,0.035045,0.026585,-0.00433,0.030914,0.175869,0.022037,0.153832,0.157165,0.070675,0.08649
GIL.TO,2004-12-02,2,streak_2,0.038147,-0.002868,0.041015,0.057221,-0.006707,0.063928,0.095368,0.022053,0.073315,0.3297,0.073198,0.256503
CJR-B.TO,2005-01-13,2,streak_2,0.050505,-0.001507,0.052012,0.10101,0.010828,0.090182,0.171718,0.052501,0.119217,0.24202,0.067197,0.174823
CNR.TO,2005-01-25,3,streak_3,0.044688,0.005166,0.039522,0.080944,0.013868,0.067076,0.123103,0.06194,0.061163,0.067454,0.031868,0.035586
IMO.TO,2005-01-25,2,streak_2,0.03057,0.005166,0.025404,0.062904,0.013868,0.049036,0.206349,0.06194,0.14441,0.261611,0.031868,0.229743
CLS.TO,2005-01-27,3,streak_3,0.018405,0.00131,0.017095,0.033129,0.015444,0.017685,-0.018405,0.054058,-0.072463,-0.093865,0.028955,-0.12282
GIL.TO,2005-02-01,3,streak_3,0.006757,0.007171,-0.000414,0.063063,0.018231,0.044832,0.099099,0.05692,0.042179,0.177928,0.017949,0.159979
TA.TO,2005-02-01,2,streak_2,0.01626,0.007171,0.009089,-0.019744,0.018231,-0.037976,-0.044135,0.05692,-0.101055,0.013937,0.017949,-0.004011
TECK-B.TO,2005-02-07,7,streak_5plus,-0.014,0.001453,-0.015453,0.042,0.021393,0.020607,0.106667,0.056399,0.050268,-0.035333,0.012609,-0.047942
CTC.TO,2005-02-10,3,streak_3,0.0,0.009976,-0.009976,0.040966,0.025206,0.01576,0.09372,0.029035,0.064685,0.365217,0.009678,0.355539
CTC-A.TO,2005-02-10,3,streak_3,0.041611,0.009976,0.031635,0.04094,0.025206,0.015734,0.125056,0.029035,0.096021,0.365101,0.009678,0.355422
WN.TO,2005-02-14,2,streak_2,-0.005464,0.002793,-0.008258,-0.045277,0.010493,-0.05577,-0.071038,0.016415,-0.087453,-0.031226,-0.023728,-0.007498
WFG.TO,2005-02-15,3,streak_3,0.0,-0.001586,0.001586,0.059829,0.01013,0.049699,0.057818,0.012947,0.044871,-0.12368,-0.031997,-0.091683
QBR-B.TO,2005-02-15,2,streak_2,0.083984,-0.001586,0.08557,0.107422,0.01013,0.097292,0.138672,0.012947,0.125725,0.048828,-0.031997,0.080825
CCL-B.TO,2005-02-17,2,streak_2,0.04811,-0.002106,0.050216,0.137457,0.003745,0.133712,0.261168,0.014378,0.24679,0.298969,-0.027823,0.326792
T.TO,2005-02-18,4,streak_4,0.002639,0.004106,-0.001468,-0.005277,0.003992,-0.009269,0.021108,0.014076,0.007032,0.100264,-0.021987,0.122251
LNF.TO,2005-02-21,3,streak_3,0.00207,0.002433,-0.000363,0.062112,0.008552,0.05356,0.016563,0.003603,0.01296,-0.037267,-0.019568,-0.017699
MFI.TO,2005-02-23,5,streak_5plus,0.038498,0.003651,0.034846,0.070423,0.009076,0.061346,0.101408,-0.009419,0.110827,0.09108,-0.012665,0.103745
AEM.TO,2005-02-24,2,streak_2,-0.000733,-0.00186,0.001128,-0.01978,0.012857,-0.032637,-0.034432,-0.014738,-0.019694,-0.181685,-0.017177,-0.164508
RUS.TO,2005-02-24,6,streak_5plus,0.052874,-0.00186,0.054734,0.004598,0.012857,-0.008259,-0.041379,-0.014738,-0.026641,-0.181609,-0.017177,-0.164432
IPL.TO,2005-02-24,3,streak_3,0.003261,-0.00186,0.005121,0.025,0.012857,0.012143,-0.019565,-0.014738,-0.004827,0.058696,-0.017177,0.075873
TD.TO,2005-02-24,2,streak_2,0.0,-0.00186,0.00186,0.023009,0.012857,0.010152,-0.009735,-0.014738,0.005004,0.038938,-0.017177,0.056115
CFW.TO,2005-03-07,3,streak_3,0.009957,-0.00414,0.014098,-0.062873,-0.023753,-0.03912,-0.023898,-0.031036,0.007138,-0.12257,-0.025788,-0.096782
DII-B.TO,2005-03-09,2,streak_2,-0.070757,-0.010926,-0.059831,-0.070757,-0.019589,-0.051167,-0.1236,-0.028061,-0.095539,-0.019033,-0.024951,0.005919
RET-A.V,2005-03-30,4,streak_4,0.020076,0.009462,0.010614,0.098484,0.023809,0.074675,0.078537,-0.007653,0.08619,0.300342,0.064148,0.236193
BB.TO,2005-04-05,2,streak_2,-0.008183,-0.001225,-0.006958,0.020949,0.001329,0.01962,-0.127005,-0.026986,-0.100019,-0.045172,0.032281,-0.077453
CJR-B.TO,2005-04-14,3,streak_3,0.026369,-0.008691,0.035061,-0.004339,-0.01201,0.007671,0.034714,-0.016898,0.051612,0.103231,0.074957,0.028274
TFII.TO,2005-04-19,2,streak_2,0.004213,0.009077,-0.004864,0.105337,0.00912,0.096217,0.110955,0.00433,0.106625,0.092697,0.089165,0.003531
CNR.TO,2005-04-20,4,streak_4,-0.003162,-0.003993,0.000831,0.01502,0.001274,0.013745,0.037945,-0.000839,0.038784,0.018972,0.090009,-0.071037
TA.TO,2005-04-21,3,streak_3,0.004635,0.002954,0.001681,-0.003476,-0.005822,0.002346,0.035921,0.009778,0.026143,0.177289,0.10146,0.075829
TECK-B.TO,2005-04-25,8,streak_5plus,0.009485,0.005188,0.004297,-0.011518,0.000192,-0.01171,-0.075881,0.016109,-0.09199,0.173442,0.107531,0.06591
WFG.TO,2005-04-26,4,streak_4,-0.005867,0.001232,-0.007099,-0.053333,0.001497,-0.054831,-0.042133,0.009919,-0.052053,0.037867,0.100519,-0.062653
X.TO,2005-04-26,2,streak_2,0.006231,0.001232,0.004999,0.006231,0.001497,0.004733,0.068536,0.009919,0.058617,0.267913,0.100519,0.167393
RUS.TO,2005-04-27,7,streak_5plus,-0.050378,-0.011053,-0.039325,-0.09068,-0.006014,-0.084666,-0.080605,0.016059,-0.096664,-0.007557,0.099727,-0.107284
CP.TO,2005-04-28,2,streak_2,-0.015965,-0.005191,-0.010774,0.029028,0.016067,0.012961,0.058055,0.031737,0.026318,0.030479,0.126262,-0.095783
CCL-B.TO,2005-05-05,3,streak_3,0.020588,0.000317,0.020272,0.061765,-0.00284,0.064604,0.094118,0.02089,0.073227,0.255882,0.121753,0.13413
FTS.TO,2005-05-05,2,streak_2,0.0,0.000317,-0.000317,0.016241,-0.00284,0.019081,0.029002,0.02089,0.008112,0.146172,0.121753,0.024419
AEM.TO,2005-05-05,3,streak_3,0.010786,0.000317,0.010469,-0.080894,-0.00284,-0.078054,-0.112481,0.02089,-0.133371,-0.057011,0.121753,-0.178764
MG.TO,2005-05-06,2,streak_2,0.008953,0.004896,0.004056,-0.025962,-0.015259,-0.010703,0.05282,0.018752,0.034068,0.19248,0.113356,0.079123
BEI-UN.TO,2005-05-10,2,streak_2,-0.01397,-0.00707,-0.006899,-0.032596,-0.024882,-0.007714,0.024447,0.015343,0.009104,0.046566,0.107173,-0.060607
WN.TO,2005-05-10,3,streak_3,-0.009639,-0.00707,-0.002568,0.016064,-0.024882,0.040946,-0.000803,0.015343,-0.016147,-0.035341,0.107173,-0.142514
DII-B.TO,2005-05-10,3,streak_3,0.034704,-0.00707,0.041775,0.076864,-0.024882,0.101745,0.151156,0.015343,0.135813,-0.05527,0.107173,-0.162443
QBR-B.TO,2005-05-11,3,streak_3,-0.027273,-0.004972,-0.022301,-0.009091,-0.012872,0.003781,-0.030909,0.028419,-0.059328,0.02,0.124063,-0.104063
IFC.TO,2005-05-12,2,streak_2,-0.013208,-0.012142,-0.001065,-0.045283,-0.004086,-0.041197,-0.006132,0.036384,-0.042516,0.100472,0.132696,-0.032224
CIGI.TO,2005-05-18,5,streak_5plus,-0.002599,0.003884,-0.006483,-0.003032,0.014736,-0.017768,0.083586,0.063736,0.01985,0.202252,0.120505,0.081747
NA.TO,2005-05-26,2,streak_2,0.008101,0.007319,0.000782,0.023402,0.015216,0.008186,0.057606,0.051412,0.006194,0.083708,0.105179,-0.021471
LB.TO,2005-05-27,2,streak_2,-0.036279,0.004207,-0.040486,-0.027907,0.004959,-0.032866,-0.026977,0.043543,-0.07052,-0.013023,0.100197,-0.113221
BNS.TO,2005-05-31,2,streak_2,0.001799,-0.006813,0.008611,-0.003597,-0.001985,-0.001612,0.044964,0.038023,0.006941,0.048561,0.091511,-0.042949
RCG.TO,2005-06-08,2,streak_2,0.041942,0.005354,0.036588,0.050777,0.017264,0.033514,0.194126,0.048135,0.145991,0.598543,0.119498,0.479044
BB.TO,2005-06-29,3,streak_3,-0.013694,-0.001165,-0.012529,-0.047771,0.007061,-0.054832,-0.067516,0.047326,-0.114842,-0.040127,0.099721,-0.139849
CJR-B.TO,2005-07-15,4,streak_4,0.003354,0.00238,0.000974,-0.028668,0.019042,-0.04771,-0.00854,0.051931,-0.060471,0.012503,0.035941,-0.023438
TFII.TO,2005-07-19,3,streak_3,0.011568,0.009859,0.001709,0.048843,0.01964,0.029203,0.050129,0.033228,0.0169,-0.132391,0.017918,-0.150309
MX.TO,2005-07-20,2,streak_2,0.006483,0.00647,1.3e-05,-0.012966,0.010202,-0.023167,-0.093193,0.012481,-0.105674,-0.145867,0.015843,-0.16171
CNR.TO,2005-07-20,5,streak_5plus,0.066718,0.00647,0.060249,0.079907,0.010202,0.069705,0.069822,0.012481,0.05734,0.126455,0.015843,0.110612
TA.TO,2005-07-21,4,streak_4,-0.014764,-0.001152,-0.013612,-0.014764,0.016564,-0.031328,0.007874,0.0167,-0.008826,0.050197,-0.013447,0.063644
X.TO,2005-07-26,3,streak_3,-0.02457,0.000512,-0.025082,-0.063882,0.024955,-0.088837,-0.041769,0.014195,-0.055964,-0.019656,0.000106,-0.019762
CIGI.TO,2005-07-27,6,streak_5plus,0.073105,0.012809,0.060296,0.085033,0.022271,0.062762,0.015775,0.016493,-0.000718,-0.011543,-0.008121,-0.003422
MAXR.TO,2005-07-28,2,streak_2,0.011165,0.001476,0.009689,0.074961,0.011999,0.062961,0.097289,-0.001581,0.09887,0.090909,-0.024303,0.115212
CG.TO,2005-07-29,2,streak_2,-0.001972,-0.008872,0.0069,0.015779,0.003262,0.012517,0.118343,0.004013,0.11433,0.343195,-0.019389,0.362584
WN.TO,2005-07-29,4,streak_4,0.003347,-0.008872,0.012219,-0.020921,0.003262,-0.024182,-0.014226,0.004013,-0.018239,-0.045188,-0.019389,-0.025799
QBR-B.TO,2005-08-02,4,streak_4,0.0,0.019025,-0.019025,-0.00703,0.018373,-0.025403,-0.054482,0.01441,-0.068892,-0.182777,-0.003799,-0.178977
CNQ.TO,2005-08-03,2,streak_2,-0.008108,-0.002109,-0.005999,0.077027,-0.003324,0.080351,0.085135,0.004491,0.080644,-0.082432,-0.021692,-0.06074
BN.TO,2005-08-04,2,streak_2,0.011527,0.002632,0.008895,-0.017291,0.00685,-0.024141,0.0317,0.020238,0.011462,0.190202,-0.001236,0.191438
WTE.TO,2005-08-04,2,streak_2,0.069638,0.002632,0.067005,0.050139,0.00685,0.043289,0.052925,0.020238,0.032687,-0.119777,-0.001236,-0.118541
T.TO,2005-08-05,5,streak_5plus,-0.010917,-0.007171,-0.003746,0.026201,0.006888,0.019313,0.0131,0.013664,-0.000563,-0.002183,0.004319,-0.006503
DII-B.TO,2005-08-09,4,streak_4,-0.00622,-0.002685,-0.003535,-0.069497,0.00342,-0.072917,-0.047593,0.018437,-0.06603,-0.2212,0.006293,-0.227494
FTT.TO,2005-08-09,2,streak_2,0.006222,-0.002685,0.008907,0.037333,0.00342,0.033913,0.060444,0.018437,0.042007,0.077333,0.006293,0.07104
MG.TO,2005-08-10,3,streak_3,-0.045488,0.008077,-0.053565,-0.046234,-0.004827,-0.041407,-0.087248,0.018071,-0.10532,-0.131991,0.002862,-0.134853
ONEX.TO,2005-08-10,2,streak_2,-0.010287,0.008077,-0.018364,0.047103,-0.004827,0.051931,0.036275,0.018071,0.018204,0.000541,0.002862,-0.002321
LNR.TO,2005-08-10,2,streak_2,-0.008347,0.008077,-0.016424,0.131052,-0.004827,0.135879,0.101836,0.018071,0.083765,-0.015025,0.002862,-0.017887
IFC.TO,2005-08-11,3,streak_3,0.045719,0.002671,0.043049,0.120125,-0.015996,0.136122,0.219632,0.021253,0.198379,0.239355,-0.001396,0.240751
CAE.TO,2005-08-11,2,streak_2,0.106534,0.002671,0.103863,0.133523,-0.015996,0.149519,0.180398,0.021253,0.159145,0.149147,-0.001396,0.150544
NA.TO,2005-08-25,3,streak_3,0.021595,0.002778,0.018816,0.024917,0.015148,0.009769,0.084718,0.037546,0.047171,0.119601,0.039021,0.08058
LB.TO,2005-08-26,3,streak_3,0.021678,-0.0052,0.026878,0.06409,0.026037,0.038054,0.140434,0.044274,0.09616,0.136664,0.051514,0.08515
RCG.TO,2005-09-07,3,streak_3,0.027984,0.001111,0.026873,0.030834,0.00251,0.028324,0.006528,-0.00463,0.011159,0.032544,0.019513,0.013031
CNR.TO,2005-10-18,6,streak_5plus,-0.022388,-0.019738,-0.00265,-0.014247,-0.01825,0.004003,0.068521,0.007154,0.061367,0.08616,0.107662,-0.021502
CCA.TO,2005-10-24,2,streak_2,0.007991,0.006792,0.001199,-0.121005,0.002079,-0.123084,-0.121005,0.051152,-0.172156,-0.094178,0.140172,-0.23435
RCI-B.TO,2005-10-25,2,streak_2,-0.024409,0.00028,-0.024689,-0.040157,0.002172,-0.042329,-0.082677,0.051347,-0.134025,0.014961,0.128523,-0.113562
BLDP.TO,2005-10-25,2,streak_2,0.0,0.00028,-0.00028,-0.017007,0.002172,-0.019178,-0.017007,0.051347,-0.068354,-0.052721,0.128523,-0.181244
CIGI.TO,2005-10-26,7,streak_5plus,0.065975,-0.007719,0.073694,0.097925,0.002615,0.09531,0.152282,0.053658,0.098624,0.186722,0.126547,0.060175
MX.TO,2005-10-26,3,streak_3,-0.030169,-0.007719,-0.022449,0.042591,0.002615,0.039976,0.066548,0.053658,0.01289,0.291925,0.126547,0.165378
SJR-B.TO,2005-10-26,2,streak_2,0.006808,-0.007719,0.014527,0.014893,0.002615,0.012279,0.022743,0.053658,-0.030915,0.141378,0.126547,0.01483
TCW.TO,2005-10-26,2,streak_2,0.03514,-0.007719,0.042859,0.086957,0.002615,0.084342,0.116141,0.053658,0.062482,0.411554,0.126547,0.285007
SLF.TO,2005-10-27,2,streak_2,0.014009,-0.003715,0.017723,0.043642,0.029367,0.014275,0.124461,0.077608,0.046853,0.095366,0.14136,-0.045993
PPL.TO,2005-10-27,2,streak_2,-0.007371,-0.003715,-0.003656,0.012285,0.029367,-0.017082,0.09828,0.077608,0.020672,0.191646,0.14136,0.050287
TFII.TO,2005-10-27,4,streak_4,0.006868,-0.003715,0.010583,-0.03022,0.029367,-0.059587,0.103022,0.077608,0.025414,0.273352,0.14136,0.131992
RBA.TO,2005-11-01,2,streak_2,-0.004608,0.000722,-0.005331,-0.003687,0.02869,-0.032377,-0.058986,0.053865,-0.112851,0.058986,0.150463,-0.091477
MAXR.TO,2005-11-01,3,streak_3,0.016307,0.000722,0.015585,0.027956,0.02869,-0.000734,0.000291,0.053865,-0.053574,0.157542,0.150463,0.007079
QBR-B.TO,2005-11-01,5,streak_5plus,-0.004301,0.000722,-0.005023,0.055914,0.02869,0.027224,-0.023656,0.053865,-0.077521,0.070968,0.150463,-0.079495
DII-B.TO,2005-11-02,5,streak_5plus,-0.006969,0.018757,-0.025726,-0.005227,0.021692,-0.026919,-0.018467,0.0417,-0.060167,0.054007,0.150258,-0.096251
CNQ.TO,2005-11-02,3,streak_3,0.100147,0.018757,0.08139,0.129602,0.021692,0.10791,0.070692,0.0417,0.028992,0.438881,0.150258,0.288623
CAE.TO,2005-11-03,3,streak_3,-0.00606,0.008209,-0.014269,-0.019394,0.006688,-0.026082,-0.014545,0.0391,-0.053645,0.115151,0.126983,-0.011831
FC.TO,2005-11-03,2,streak_2,0.0,0.008209,-0.008209,0.010417,0.006688,0.003728,0.026042,0.0391,-0.013058,0.078125,0.126983,-0.048858
BN.TO,2005-11-03,3,streak_3,0.0,0.008209,-0.008209,-0.004843,0.006688,-0.011531,0.01937,0.0391,-0.019729,0.140436,0.126983,0.013453
IFC.TO,2005-11-10,4,streak_4,0.00434,-0.008558,0.012898,0.003255,0.006616,-0.003361,0.071248,0.047924,0.023324,0.242315,0.098794,0.14352
BHC.TO,2005-11-11,2,streak_2,0.03082,0.009853,0.020966,-0.139344,0.015882,-0.155227,-0.06504,0.053638,-0.118678,-0.014773,0.102827,-0.1176
RY.TO,2005-11-30,2,streak_2,-0.013333,-0.010829,-0.002504,-0.018571,0.014092,-0.032663,0.006667,0.03013,-0.023463,0.061429,0.077861,-0.016432
CM.TO,2005-12-01,2,streak_2,0.0,0.016214,-0.016214,0.010409,0.02839,-0.017981,0.038862,0.057049,-0.018187,0.089521,0.100036,-0.010515
LB.TO,2005-12-09,4,streak_4,0.05515,-0.003152,0.058302,0.050284,-0.006662,0.056946,0.158962,0.040637,0.118325,0.054339,0.059675,-0.005336
SJR-B.TO,2006-01-12,3,streak_3,0.00119,-0.00222,0.00341,0.047619,-0.005722,0.053341,0.183332,0.007598,0.175734,0.120482,0.057542,0.062939
CCA.TO,2006-01-12,3,streak_3,0.015257,-0.00222,0.017478,-0.001271,-0.005722,0.004451,0.107438,0.007598,0.09984,0.089002,0.057542,0.03146
CNR.TO,2006-01-24,7,streak_5plus,0.019832,-0.003494,0.023326,0.114183,0.018247,0.095936,0.137019,0.007926,0.129093,0.135817,0.059983,0.075835
SU.TO,2006-01-26,2,streak_2,0.0469,0.005328,0.041572,0.079491,0.023717,0.055774,0.033784,0.00543,0.028354,0.167329,0.056068,0.111262
CIGI.TO,2006-01-31,8,streak_5plus,0.0,-0.000159,0.000159,0.026497,0.011132,0.015365,-0.04852,-0.021695,-0.026825,-0.074329,0.021486,-0.095815
TECK-B.TO,2006-02-01,2,streak_2,-0.000373,0.000544,-0.000917,-0.061521,-0.01074,-0.050781,-0.005593,-0.012641,0.007048,0.063386,0.024193,0.039193
GIL.TO,2006-02-01,2,streak_2,0.036551,0.000544,0.036007,0.05717,-0.01074,0.06791,0.092784,-0.012641,0.105424,-0.029053,0.024193,-0.053246
ARX.TO,2006-02-07,3,streak_3,-0.030177,-0.021787,-0.00839,-0.066597,-0.046438,-0.020159,-0.067638,-0.021853,-0.045784,-0.029136,0.015695,-0.044831
CTC.TO,2006-02-09,2,streak_2,-0.008177,-0.002199,-0.005978,-0.042115,-0.015151,-0.026964,-0.023073,0.002573,-0.025647,0.053987,0.050541,0.003447
CTC-A.TO,2006-02-09,2,streak_2,-0.00804,-0.002199,-0.005842,-0.478797,-0.015151,-0.463645,-0.023084,0.002573,-0.025657,-0.487096,0.050541,-0.537637
TFII.TO,2006-02-10,5,streak_5plus,0.003155,-0.004919,0.008074,-0.050473,-0.000427,-0.050046,-0.037855,0.010615,-0.04847,-0.045216,0.051839,-0.097055
CAE.TO,2006-02-14,4,streak_4,0.028353,0.008412,0.019941,0.026173,0.030062,-0.003889,0.022901,0.039394,-0.016493,0.052376,0.045019,0.007357
PD.TO,2006-02-15,2,streak_2,-0.007937,-0.005088,-0.002849,0.029762,0.018078,0.011684,0.0228,0.037809,-0.015008,0.091353,0.018534,0.072818
IFC.TO,2006-02-16,5,streak_5plus,0.031174,0.012719,0.018454,0.064181,0.021017,0.043164,0.10055,0.04572,0.05483,0.018032,0.023544,-0.005512
LNF.TO,2006-02-21,2,streak_2,0.00202,-0.00332,0.005341,0.036364,-0.013425,0.049789,0.060606,0.006894,0.053712,0.068687,-0.026968,0.095655
RBA.TO,2006-02-22,3,streak_3,0.035102,-0.002215,0.037317,0.0,-0.011677,0.011677,0.066939,0.012202,0.054737,0.162449,-0.024225,0.186674
BLDP.TO,2006-02-22,3,streak_3,-0.014388,-0.002215,-0.012173,0.0,-0.011677,0.011677,0.063309,0.012202,0.051108,0.176978,-0.024225,0.201204
SCL.TO,2006-02-23,2,streak_2,-0.007059,-0.00522,-0.001838,0.034117,-0.000475,0.034592,0.085882,0.018449,0.067434,0.097727,-0.031889,0.129617
RUS.TO,2006-02-23,2,streak_2,0.048513,-0.00522,0.053734,0.061033,-0.000475,0.061507,0.059468,0.018449,0.041019,0.048513,-0.031889,0.080403
IPL.TO,2006-02-23,2,streak_2,0.009524,-0.00522,0.014744,-0.000952,-0.000475,-0.000478,-0.01619,0.018449,-0.034639,-0.085714,-0.031889,-0.053825
SNC.TO,2006-02-24,2,streak_2,0.039062,0.006134,0.032929,0.089844,0.014337,0.075506,0.069444,0.031733,0.037712,-0.005642,-0.007292,0.00165
LB.TO,2006-02-28,5,streak_5plus,0.012978,-0.001555,0.014532,-0.04398,0.015103,-0.059083,-0.056957,0.02924,-0.086198,-0.088681,0.011874,-0.100554
MAXR.TO,2006-02-28,4,streak_4,0.008843,-0.001555,0.010398,0.108453,0.015103,0.09335,0.167751,0.02924,0.13851,0.222627,0.011874,0.210753
BMO.TO,2006-03-01,2,streak_2,-0.010424,0.009095,-0.019518,-0.05212,0.010968,-0.063088,-0.043433,0.042975,-0.086408,-0.087908,0.001463,-0.089371
HR-UN.TO,2006-03-01,6,streak_5plus,0.012739,0.009095,0.003644,-0.022293,0.010968,-0.033261,0.007962,0.042975,-0.035013,-0.041401,0.001463,-0.042864
DII-B.TO,2006-03-02,6,streak_5plus,-0.065481,0.009521,-0.075003,-0.056593,-0.004875,-0.051718,-0.040889,0.034965,-0.075854,-0.2,-0.004248,-0.195752
CM.TO,2006-03-02,3,streak_3,0.02147,0.009521,0.011949,0.061809,-0.004875,0.066684,0.081327,0.034965,0.046362,0.022121,-0.004248,0.026369
RY.TO,2006-03-03,3,streak_3,0.03236,0.00603,0.026329,0.042697,-0.011892,0.054589,0.037303,0.017108,0.020196,-0.028315,-0.005031,-0.023284
BNS.TO,2006-03-13,2,streak_2,0.002172,0.006177,-0.004005,-0.010138,0.014121,-0.024258,-0.023172,0.038543,-0.061714,-0.050688,-0.037427,-0.013261
BHC.TO,2006-03-23,3,streak_3,0.02995,0.003943,0.026007,-0.058569,0.01837,-0.076939,-0.024603,0.03897,-0.063573,-0.161801,-0.071667,-0.090135
CCA.TO,2006-04-10,4,streak_4,0.005872,0.003962,0.00191,0.051086,0.005539,0.045548,0.03347,0.007107,0.026363,-0.207868,-0.047912,-0.159957
NG.TO,2006-04-13,3,streak_3,0.036471,0.006649,0.029822,0.018235,0.011999,0.006236,-0.053529,-0.010651,-0.042878,-0.185294,-0.0465,-0.138794
SJR-B.TO,2006-04-13,4,streak_4,0.012078,0.006649,0.005429,0.036234,0.011999,0.024235,0.12593,-0.010651,0.136581,0.123435,-0.0465,0.169935
CJR-B.TO,2006-04-13,2,streak_2,-0.025693,0.006649,-0.032342,-0.062468,0.011999,-0.074467,-0.037027,-0.010651,-0.026376,-0.016121,-0.0465,0.030379
CNR.TO,2006-04-20,8,streak_5plus,0.0,-0.013902,0.013902,-0.028766,-0.013261,-0.015504,-0.103033,-0.075861,-0.027172,-0.088389,-0.069487,-0.018903
WFG.TO,2006-04-21,2,streak_2,0.0,0.010029,-0.010029,0.010545,-0.010233,0.020777,-0.094318,-0.062361,-0.031956,-0.073814,-0.068883,-0.004931
TA.TO,2006-04-21,2,streak_2,0.024299,0.010029,0.01427,0.047664,-0.010233,0.057896,0.111215,-0.062361,0.173576,0.053271,-0.068883,0.122154
CP.TO,2006-04-25,2,streak_2,-0.024121,-0.001005,-0.023116,-0.045226,-0.008718,-0.036508,-0.103518,-0.074403,-0.029114,-0.133668,-0.058093,-0.075575
ACO-Y.TO,2006-04-26,2,streak_2,-0.003964,-0.000657,-0.003307,-0.000991,-0.004485,0.003494,0.086224,-0.054891,0.141115,0.07334,-0.046651,0.119991
OVV.TO,2006-04-26,2,streak_2,0.009052,-0.000657,0.009709,0.001545,-0.004485,0.00603,-0.074622,-0.054891,-0.019731,0.004084,-0.046651,0.050736
ACO-X.TO,2006-04-26,2,streak_2,0.001036,-0.000657,0.001693,0.009326,-0.004485,0.013811,0.092228,-0.054891,0.147119,0.117098,-0.046651,0.16375
CU.TO,2006-04-26,2,streak_2,0.003534,-0.000657,0.00419,-0.002356,-0.004485,0.002129,0.088339,-0.054891,0.143231,0.038869,-0.046651,0.08552
PD.TO,2006-04-26,3,streak_3,0.007837,-0.000657,0.008494,-0.015674,-0.004485,-0.011189,-0.07323,-0.054891,-0.018339,-0.062174,-0.046651,-0.015523
BLDP.TO,2006-04-26,4,streak_4,0.060932,-0.000657,0.061589,-0.034946,-0.004485,-0.030461,-0.267921,-0.054891,-0.21303,-0.427419,-0.046651,-0.380768
TRI.TO,2006-04-27,2,streak_2,0.010807,-0.010875,0.021682,0.020455,-0.010185,0.030641,-0.010421,-0.045359,0.034938,-0.013508,-0.03588,0.022372
TRP.TO,2006-04-28,2,streak_2,-0.009339,0.001354,-0.010693,-0.025144,-0.005071,-0.020073,-0.02227,-0.028077,0.005807,0.036638,-0.035183,0.071821
MG.TO,2006-05-02,2,streak_2,0.003195,0.003261,-6.6e-05,0.051118,0.004871,0.046247,-0.013578,-0.040058,0.02648,-0.035942,-0.032988,-0.002954
RBA.TO,2006-05-02,4,streak_4,0.013991,0.003261,0.01073,0.044919,0.004871,0.040048,0.078056,-0.040058,0.118114,0.023564,-0.032988,0.056552
MAXR.TO,2006-05-02,5,streak_5plus,0.000197,0.003261,-0.003064,-0.031699,0.004871,-0.036571,-0.078559,-0.040058,-0.0385,-0.179563,-0.032988,-0.146574
RUS.TO,2006-05-03,3,streak_3,-0.005747,-0.006379,0.000632,0.024425,0.004375,0.02005,-0.04454,-0.034828,-0.009712,0.067529,-0.029883,0.097412
REI-UN.TO,2006-05-03,2,streak_2,0.016794,-0.006379,0.023173,0.071756,0.004375,0.067381,0.012214,-0.034828,0.047042,0.100763,-0.029883,0.130646
DII-B.TO,2006-05-09,7,streak_5plus,-0.017829,0.002766,-0.020595,-0.11761,-0.037619,-0.079991,-0.155458,-0.0666,-0.088858,-0.23397,-0.024076,-0.209893
WN.TO,2006-05-09,2,streak_2,-0.011078,0.002766,-0.013843,0.006042,-0.037619,0.043662,-0.037261,-0.0666,0.02934,-0.126888,-0.024076,-0.102812
HR-UN.TO,2006-05-09,7,streak_5plus,0.006745,0.002766,0.00398,-0.035413,-0.037619,0.002206,-0.010118,-0.0666,0.056482,0.062395,-0.024076,0.086471
SCL.TO,2006-05-09,3,streak_3,-0.008111,0.002766,-0.010876,-0.07285,-0.037619,-0.03523,-0.175654,-0.0666,-0.109053,-0.005907,-0.024076,0.018169
ARX.TO,2006-05-10,4,streak_4,0.015152,-0.000965,0.016117,0.0,-0.04046,0.04046,0.056277,-0.074034,0.130311,0.183983,-0.025957,0.209939
LNR.TO,2006-05-10,2,streak_2,-0.030111,-0.000965,-0.029146,-0.082409,-0.04046,-0.041949,-0.083201,-0.074034,-0.009168,-0.153724,-0.025957,-0.127768
CTC.TO,2006-05-11,3,streak_3,-0.045426,-0.012252,-0.033174,-0.128742,-0.054862,-0.07388,-0.113565,-0.075152,-0.038413,-0.188089,-0.029002,-0.159087
BEI-UN.TO,2006-05-11,3,streak_3,0.038301,-0.012252,0.050553,0.007494,-0.054862,0.062356,0.052456,-0.075152,0.127609,0.155704,-0.029002,0.184706
BHC.TO,2006-05-11,4,streak_4,0.065375,-0.012252,0.077627,0.010377,-0.054862,0.065239,-0.09048,-0.075152,-0.015327,-0.376508,-0.029002,-0.347505
IPL.TO,2006-05-11,3,streak_3,0.013874,-0.012252,0.026126,0.008538,-0.054862,0.0634,0.016009,-0.075152,0.091161,0.06937,-0.029002,0.098373
CTC-A.TO,2006-05-11,3,streak_3,0.029337,-0.012252,0.041589,0.02782,-0.054862,0.082682,0.05564,-0.075152,0.130792,0.035154,-0.029002,0.064157
IFC.TO,2006-05-11,6,streak_5plus,-0.049605,-0.012252,-0.037353,-0.106023,-0.054862,-0.051161,-0.047697,-0.075152,0.027455,-0.080676,-0.029002,-0.051674
CF.TO,2006-05-17,6,streak_5plus,-0.071964,-0.01596,-0.056004,-0.103448,-0.034279,-0.069169,-0.247376,-0.052091,-0.195286,-0.251874,0.016983,-0.268857
BMO.TO,2006-05-24,3,streak_3,-0.000386,-0.010052,0.009666,0.013905,0.014342,-0.000437,-0.038239,-0.037011,-0.001228,0.088837,0.057306,0.031532
NA.TO,2006-05-25,2,streak_2,0.03149,0.020054,0.011436,0.036866,0.028064,0.008802,-0.005376,-0.025709,0.020333,0.071429,0.067508,0.003921
RY.TO,2006-05-26,4,streak_4,0.004556,0.009422,-0.004867,-0.015034,0.016648,-0.031682,-0.055581,-0.034669,-0.020912,0.099772,0.041131,0.058641
BNS.TO,2006-05-29,3,streak_3,0.017516,0.007031,0.010485,0.046975,0.011553,0.035421,0.045382,-0.033206,0.078589,0.137739,0.03035,0.107389
LB.TO,2006-06-02,6,streak_5plus,-0.011058,0.004364,-0.015422,-0.085308,-0.036423,-0.048885,-0.06793,-0.01976,-0.04817,-0.065561,0.019144,-0.084705
AGF-B.TO,2006-06-28,2,streak_2,0.021631,0.003462,0.018168,0.061564,0.029504,0.03206,0.011647,0.041237,-0.02959,0.186356,0.040591,0.145765
SJR-B.TO,2006-06-30,5,streak_5plus,0.025349,0.007985,0.017364,0.018849,0.009635,0.009214,0.070729,0.026916,0.043813,0.092411,0.020866,0.071545
CCA.TO,2006-07-10,5,streak_5plus,0.038491,0.00196,0.036531,0.050808,-0.000163,0.050972,0.165512,0.031491,0.134021,0.230947,0.005072,0.225875
CNR.TO,2006-07-20,9,streak_5plus,-0.034423,-0.013262,-0.021161,-0.079748,0.022376,-0.102124,-0.038439,0.036593,-0.075033,0.037866,0.037953,-8.7e-05
TA.TO,2006-07-21,3,streak_3,0.00976,-0.004117,0.013877,0.012422,0.02559,-0.013167,0.051464,0.058558,-0.007094,0.044366,0.049723,-0.005357
ACO-Y.TO,2006-07-25,3,streak_3,0.049419,0.011131,0.038288,0.100775,0.017703,0.083072,0.118217,0.049023,0.069194,0.168605,0.049057,0.119547
CP.TO,2006-07-25,3,streak_3,0.030162,0.011131,0.019031,0.00116,0.017703,-0.016543,0.00116,0.049023,-0.047863,0.167053,0.049057,0.117996
ACO-X.TO,2006-07-25,3,streak_3,0.036538,0.011131,0.025408,0.075962,0.017703,0.058259,0.115385,0.049023,0.066362,0.173077,0.049057,0.12402
OVV.TO,2006-07-25,3,streak_3,0.036995,0.011131,0.025864,0.096848,0.017703,0.079145,0.096107,0.049023,0.047084,-0.032093,0.049057,-0.08115
CU.TO,2006-07-25,3,streak_3,0.012629,0.011131,0.001498,0.080367,0.017703,0.062664,0.098737,0.049023,0.049714,0.142365,0.049057,0.093308
TCW.TO,2006-07-26,2,streak_2,0.070368,0.010634,0.059734,0.041781,0.013025,0.028756,0.030236,0.032132,-0.001896,-0.118747,0.049946,-0.168693
TIH.TO,2006-07-26,2,streak_2,0.047619,0.010634,0.036985,0.090909,0.013025,0.077884,0.093074,0.032132,0.060941,-0.016234,0.049946,-0.06618
BLDP.TO,2006-07-26,5,streak_5plus,0.062598,0.010634,0.051964,0.071987,0.013025,0.058963,0.071987,0.032132,0.039855,0.259781,0.049946,0.209834
MAXR.TO,2006-07-26,6,streak_5plus,-0.02506,0.010634,-0.035694,-0.009308,0.013025,-0.022333,-0.057279,0.032132,-0.089411,0.010739,0.049946,-0.039207
X.TO,2006-07-26,2,streak_2,0.025424,0.010634,0.01479,0.091102,0.013025,0.078077,0.144068,0.032132,0.111936,0.158898,0.049946,0.108952
TRI.TO,2006-07-27,3,streak_3,-0.016041,-0.01016,-0.00588,0.027778,0.007601,0.020176,0.016041,0.02022,-0.004179,0.062598,0.038394,0.024204
PD.TO,2006-07-27,4,streak_4,0.018293,-0.01016,0.028453,0.053817,0.007601,0.046216,0.091729,0.02022,0.071509,-0.081039,0.038394,-0.119433
HCG.TO,2006-07-27,2,streak_2,0.032547,-0.01016,0.042707,0.006509,0.007601,-0.001092,0.010578,0.02022,-0.009642,-0.095199,0.038394,-0.133593
CCO.TO,2006-07-28,2,streak_2,0.033113,0.005511,0.027602,0.022459,0.01512,0.007339,0.007198,0.03474,-0.027541,-0.095307,0.043371,-0.138678
BEP-UN.TO,2006-07-28,2,streak_2,0.0,0.005511,-0.005511,0.020661,0.01512,0.005541,0.024793,0.03474,-0.009946,0.090909,0.043371,0.047538
WN.TO,2006-07-28,3,streak_3,-0.006857,0.005511,-0.012368,0.0,0.01512,-0.01512,0.050286,0.03474,0.015546,-0.065143,0.043371,-0.108514
RUS.TO,2006-07-31,4,streak_4,0.094614,0.000617,0.093997,0.112082,0.009557,0.102524,0.097525,0.020028,0.077498,0.138282,0.038118,0.100164
CAS.TO,2006-08-02,2,streak_2,0.011923,0.005224,0.006699,0.09687,0.00844,0.08843,0.04918,0.013949,0.035231,0.159463,0.011984,0.14748
ARX.TO,2006-08-02,5,streak_5plus,0.022792,0.005224,0.017569,0.038936,0.00844,0.030496,-0.001899,0.013949,-0.015848,-0.194682,0.011984,-0.206666
STN.TO,2006-08-03,2,streak_2,0.040252,-0.002774,0.043025,0.045283,-0.000902,0.046185,0.051572,0.014637,0.036936,0.176101,0.013434,0.162667
SCL.TO,2006-08-03,4,streak_4,-0.004642,-0.002774,-0.001868,-0.033007,-0.000902,-0.032104,-0.033267,0.014637,-0.047903,0.092357,0.013434,0.078923
CF.TO,2006-08-04,7,streak_5plus,0.031489,0.0,0.031489,-0.037214,0.000687,-0.037901,-0.020992,0.021941,-0.042933,-0.083015,0.025325,-0.108341
FTT.TO,2006-08-08,2,streak_2,0.000847,0.005152,-0.004305,-0.003387,-0.007247,0.00386,0.003387,0.005278,-0.001891,0.027942,0.033225,-0.005283
ESI.TO,2006-08-08,2,streak_2,-0.002079,0.005152,-0.007231,-0.053638,-0.007247,-0.046392,-0.095218,0.005278,-0.100496,-0.26905,0.033225,-0.302275
ALA.TO,2006-08-09,2,streak_2,-0.005688,0.000833,-0.006522,-0.005688,-0.00175,-0.003938,0.020478,-0.008601,0.029079,-0.084187,0.026004,-0.11019
CHR.TO,2006-08-10,2,streak_2,0.003239,-0.004089,0.007328,-0.012955,0.00184,-0.014796,0.016194,-0.011542,0.027736,-0.042105,0.030812,-0.072918
BHC.TO,2006-08-10,5,streak_5plus,-0.000557,-0.004089,0.003532,-0.003847,0.00184,-0.005687,-0.047646,-0.011542,-0.036104,0.018053,0.030812,-0.012759
IPL.TO,2006-08-10,4,streak_4,0.009063,-0.004089,0.013152,0.01712,0.00184,0.015279,0.023162,-0.011542,0.034704,-0.177241,0.030812,-0.208053
CTC.TO,2006-08-10,4,streak_4,-0.027335,-0.004089,-0.023246,0.02721,0.00184,0.02537,-0.013668,-0.011542,-0.002126,-0.052163,0.030812,-0.082975
CTC-A.TO,2006-08-10,4,streak_4,0.021208,-0.004089,0.025297,0.087575,0.00184,0.085734,0.094311,-0.011542,0.105854,0.175649,0.030812,0.144836
IFC.TO,2006-08-10,7,streak_5plus,0.007467,-0.004089,0.011556,0.014934,0.00184,0.013094,0.065412,-0.011542,0.076954,0.103644,0.030812,0.072832
IMG.TO,2006-08-11,2,streak_2,0.004322,-0.001187,0.005509,-0.027658,0.008103,-0.03576,-0.019879,-0.025295,0.005416,-0.059637,0.03772,-0.097357
BMO.TO,2006-08-22,4,streak_4,0.014029,0.005298,0.008731,0.011511,0.002513,0.008998,0.023381,-0.04132,0.064702,0.086331,0.023045,0.063286
RY.TO,2006-08-25,5,streak_5plus,-0.017813,-0.00103,-0.016782,-0.033969,-0.004822,-0.029147,-0.018641,-0.045301,0.026659,0.08575,0.042251,0.043499
BNS.TO,2006-08-29,4,streak_4,-0.026878,-0.008786,-0.018092,-0.033081,0.002564,-0.035645,-0.011027,-0.034173,0.023146,0.082702,0.030828,0.051873
NA.TO,2006-08-31,3,streak_3,-0.029883,0.000447,-0.030331,-0.03863,-0.014368,-0.024262,-0.005102,-0.025447,0.020345,0.040087,0.0497,-0.009613
EMP-A.TO,2006-09-13,2,streak_2,0.019076,0.008417,0.010659,-0.02008,0.001952,-0.022033,0.023092,0.003442,0.01965,0.042169,0.102689,-0.060521
BB.TO,2006-09-28,2,streak_2,-0.007188,0.005599,-0.012787,0.272813,-0.01136,0.284173,0.353438,0.04402,0.309418,0.569375,0.098531,0.470844
CNR.TO,2006-10-20,10,streak_5plus,0.028745,-0.002073,0.030818,0.05141,0.02281,0.0286,0.044223,0.025894,0.018329,0.033168,0.054591,-0.021424
TA.TO,2006-10-20,4,streak_4,0.027948,-0.002073,0.03002,0.019214,0.02281,-0.003596,0.00786,0.025894,-0.018034,0.129258,0.054591,0.074667
CP.TO,2006-10-24,4,streak_4,0.02863,0.006296,0.022334,0.0409,0.012806,0.028094,0.063395,0.039862,0.023532,0.05726,0.065326,-0.008066
TFII.TO,2006-10-24,2,streak_2,0.014723,0.006296,0.008427,0.035108,0.012806,0.022301,-0.150623,0.039862,-0.190485,-0.16308,0.065326,-0.228407
ACO-X.TO,2006-10-25,4,streak_4,-0.005738,0.011988,-0.017726,-0.031148,0.012226,-0.043373,-0.004918,0.029642,-0.03456,0.115574,0.066844,0.048729
ACO-Y.TO,2006-10-25,4,streak_4,0.0,0.011988,-0.011988,-0.005804,0.012226,-0.01803,0.005804,0.029642,-0.023838,0.135987,0.066844,0.069142
CU.TO,2006-10-25,4,streak_4,0.009045,0.011988,-0.002943,0.00201,0.012226,-0.010216,0.027136,0.029642,-0.002506,0.043216,0.066844,-0.023628
TCW.TO,2006-10-25,3,streak_3,0.046345,0.011988,0.034357,0.018277,0.012226,0.006051,0.072454,0.029642,0.042812,0.026762,0.066844,-0.040082
OVV.TO,2006-10-25,4,streak_4,0.017668,0.011988,0.00568,-0.007833,0.012226,-0.020059,0.078504,0.029642,0.048862,0.044052,0.066844,-0.022793
SLF.TO,2006-10-26,2,streak_2,0.017787,-0.000486,0.018273,0.034091,-0.023603,0.057694,0.08251,0.024567,0.057943,0.106225,0.047449,0.058776
CLS.TO,2006-10-26,2,streak_2,-0.014275,-0.000486,-0.013789,-0.175056,-0.023603,-0.151453,-0.161533,0.024567,-0.1861,-0.309542,0.047449,-0.356991
SU.TO,2006-10-26,2,streak_2,-0.015414,-0.000486,-0.014927,-0.045865,-0.023603,-0.022262,-0.009023,0.024567,-0.03359,-0.016917,0.047449,-0.064366
SJR-B.TO,2006-10-26,6,streak_5plus,0.001451,-0.000486,0.001938,0.031059,-0.023603,0.054662,0.038616,0.024567,0.014049,0.265732,0.047449,0.218284
TRI.TO,2006-10-26,4,streak_4,-0.021261,-0.000486,-0.020775,-0.02955,-0.023603,-0.005947,0.016577,0.024567,-0.007991,0.03964,0.047449,-0.007809
RUS.TO,2006-10-30,5,streak_5plus,-0.010127,0.000448,-0.010575,-0.003797,-0.002437,-0.00136,0.005063,0.0223,-0.017237,-0.036709,0.055188,-0.091897
MAXR.TO,2006-10-31,7,streak_5plus,-0.001672,0.005719,-0.007391,-0.002867,0.004799,-0.007666,-0.009317,0.020897,-0.030214,0.170568,0.060304,0.110264
RCI-B.TO,2006-10-31,2,streak_2,0.046912,0.005719,0.041193,0.06057,0.004799,0.055772,0.084917,0.020897,0.06402,0.139549,0.060304,0.079244
ENB.TO,2006-11-01,2,streak_2,0.006527,-0.023832,0.03036,0.031332,-0.002787,0.034118,0.067885,0.026214,0.041671,0.020888,0.055854,-0.034967
SCL.TO,2006-11-01,5,streak_5plus,-0.041341,-0.023832,-0.017508,0.053744,-0.002787,0.056531,0.104192,0.026214,0.077978,0.125825,0.055854,0.069971
CNQ.TO,2006-11-01,2,streak_2,-0.049505,-0.023832,-0.025673,-0.042079,-0.002787,-0.039293,0.039604,0.026214,0.01339,0.007426,0.055854,-0.048429
T.TO,2006-11-03,2,streak_2,-0.005008,0.008928,-0.013936,-0.025042,0.023041,-0.048082,-0.038397,0.051448,-0.089845,-0.013356,0.080861,-0.094216
SNC.TO,2006-11-03,2,streak_2,0.005002,0.008928,-0.003926,0.03293,0.023041,0.00989,0.057107,0.051448,0.005659,0.167987,0.080861,0.087126
ESI.TO,2006-11-06,3,streak_3,0.039169,0.007705,0.031464,0.081305,0.008293,0.073012,0.14362,0.049816,0.093804,0.123193,0.075799,0.047395
ALA.TO,2006-11-08,3,streak_3,-0.029814,0.005524,-0.035338,-0.074534,-0.002486,-0.072048,0.052174,0.047083,0.005091,0.031056,0.067594,-0.036538
CAE.TO,2006-11-09,2,streak_2,-0.015702,0.002585,-0.018287,0.000982,0.003813,-0.002832,0.035329,0.043423,-0.008094,0.178735,0.065123,0.113613
POU.TO,2006-11-09,2,streak_2,-0.019645,0.002585,-0.022231,-0.058457,0.003813,-0.06227,-0.014854,0.043423,-0.058277,-0.171538,0.065123,-0.236661
IFC.TO,2006-11-09,8,streak_5plus,-0.077131,0.002585,-0.079716,-0.075237,0.003813,-0.07905,-0.084709,0.043423,-0.128132,-0.099323,0.065123,-0.164446
CTC-A.TO,2006-11-09,5,streak_5plus,-0.017615,0.002585,-0.0202,-0.018039,0.003813,-0.021852,-0.01337,0.043423,-0.056793,-0.052207,0.065123,-0.11733
CTC.TO,2006-11-09,5,streak_5plus,0.0,0.002585,-0.002585,-0.009657,0.003813,-0.013471,-0.020241,0.043423,-0.063664,-0.088239,0.065123,-0.153362
BHC.TO,2006-11-09,6,streak_5plus,0.006067,0.002585,0.003482,0.073359,0.003813,0.069546,0.426036,0.043423,0.382612,0.353817,0.065123,0.288695
IPL.TO,2006-11-09,5,streak_5plus,-0.026928,0.002585,-0.029513,-0.00612,0.003813,-0.009933,0.026928,0.043423,-0.016495,0.088127,0.065123,0.023005
BEI-UN.TO,2006-11-13,4,streak_4,0.011179,-0.00252,0.0137,0.024036,0.002626,0.02141,0.233091,0.043572,0.189519,0.270542,0.056724,0.213818
GIB-A.TO,2006-11-14,2,streak_2,-0.039216,-0.002421,-0.036795,0.014379,0.008709,0.00567,0.045752,0.044608,0.001143,0.233987,0.07006,0.163927
OBE.TO,2006-11-14,2,streak_2,-0.026887,-0.002421,-0.024466,0.040635,0.008709,0.031926,0.138293,0.044608,0.093685,0.108174,0.07006,0.038114
FTT.TO,2006-11-14,3,streak_3,0.025437,-0.002421,0.027858,0.069952,0.008709,0.061244,0.108108,0.044608,0.0635,0.221781,0.07006,0.15172
MRU.TO,2006-11-15,2,streak_2,0.027058,0.011873,0.015184,0.012401,0.026279,-0.013878,0.028185,0.051362,-0.023177,0.058625,0.07532,-0.016695
WN.TO,2006-11-21,4,streak_4,0.007084,0.014956,-0.007872,-0.012987,0.01014,-0.023127,0.030697,0.029388,0.001308,0.0366,0.072733,-0.036134
RET-A.V,2006-11-22,2,streak_2,0.024069,-0.003595,0.027663,0.017711,-0.005666,0.023377,0.006812,0.014339,-0.007527,0.007519,0.057767,-0.050248
BMO.TO,2006-11-28,5,streak_5plus,-0.031974,-0.000925,-0.031049,-0.024796,0.024413,-0.049209,-0.037194,0.029261,-0.066455,0.023491,0.039673,-0.016182
RY.TO,2006-11-30,6,streak_5plus,-0.003118,0.006647,-0.009764,0.01325,0.017493,-0.004242,0.038971,0.020169,0.018803,0.015199,0.0247,-0.009501
NA.TO,2006-11-30,4,streak_4,-0.006307,0.006647,-0.012954,0.026629,0.017493,0.009137,0.039944,0.020169,0.019775,0.023125,0.0247,-0.001574
CM.TO,2006-12-07,2,streak_2,0.027899,0.002009,0.02589,0.054158,0.00159,0.052567,0.078228,-0.032724,0.110951,0.115974,0.012506,0.103468
BNS.TO,2006-12-08,5,streak_5plus,0.000647,-0.001247,0.001893,0.016818,0.008215,0.008603,-0.005175,-0.035469,0.030294,0.034282,0.010971,0.023311
ET.TO,2006-12-12,2,streak_2,0.006135,-0.00153,0.007665,0.067485,-0.007222,0.074706,0.002045,-0.015484,0.017529,0.071575,-0.005327,0.076902
SJR-B.TO,2007-01-12,7,streak_5plus,0.033743,0.012692,0.021051,0.026664,0.009649,0.017015,-0.020057,0.045056,-0.065113,0.045306,0.070376,-0.02507
MRU.TO,2007-01-23,3,streak_3,0.030884,0.016142,0.014742,-0.01278,0.018905,-0.031684,0.045793,0.048317,-0.002523,0.00639,0.075469,-0.06908
MX.TO,2007-01-24,2,streak_2,0.034851,0.00773,0.027121,-0.08132,0.008032,-0.089352,-0.072955,0.032484,-0.10544,-0.190056,0.05562,-0.245675
TRP.TO,2007-01-30,2,streak_2,0.003584,0.005299,-0.001715,-0.004779,0.017048,-0.021827,-0.035245,0.007269,-0.042514,0.023895,0.052989,-0.029094
GIB-A.TO,2007-01-30,3,streak_3,0.089351,0.005299,0.084052,0.156671,0.017048,0.139623,0.21175,0.007269,0.204482,0.253366,0.052989,0.200377
SLF.TO,2007-02-08,3,streak_3,0.009111,0.003196,0.005915,0.013883,0.004733,0.00915,-0.001302,-0.006947,0.005646,-0.010412,0.058825,-0.069238
TRI.TO,2007-02-08,5,streak_5plus,0.011565,0.003196,0.008369,0.0,0.004733,-0.004733,-0.047619,-0.006947,-0.040672,-0.093537,0.058825,-0.152363
CAE.TO,2007-02-08,3,streak_3,0.042572,0.003196,0.039376,0.070373,0.004733,0.065641,0.086012,-0.006947,0.092959,0.132985,0.058825,0.07416
FTS.TO,2007-02-08,2,streak_2,-0.01055,0.003196,-0.013746,0.02939,0.004733,0.024657,0.013564,-0.006947,0.020511,0.052751,0.058825,-0.006075
BN.TO,2007-02-09,2,streak_2,0.005997,-0.007608,0.013605,0.07946,0.007881,0.07158,0.077961,-0.009625,0.087586,0.221889,0.05392,0.167969
FTT.TO,2007-02-13,4,streak_4,0.003264,0.010069,-0.006805,0.056136,0.019248,0.036888,0.017624,-0.017706,0.03533,0.26436,0.07387,0.19049
RCI-B.TO,2007-02-15,3,streak_3,0.021223,0.006339,0.014884,0.055078,0.009527,0.045551,-0.00758,-0.025007,0.017427,0.139464,0.055292,0.084173
IGM.TO,2007-02-15,2,streak_2,0.00436,0.006339,-0.001979,0.009809,0.009527,0.000282,-0.033243,-0.025007,-0.008236,0.107357,0.055292,0.052065
T.TO,2007-02-16,3,streak_3,0.013267,0.001791,0.011476,0.008292,0.002243,0.006049,0.004975,-0.034504,0.039479,0.086235,0.055448,0.030788
LNF.TO,2007-02-20,2,streak_2,-0.00155,0.002122,-0.003672,-0.003101,0.008502,-0.011602,0.024806,-0.023632,0.048438,0.220155,0.061227,0.158928
ABX.TO,2007-02-22,2,streak_2,-0.020934,-0.000923,-0.020011,-0.062399,-0.021402,-0.040997,-0.095008,-0.014306,-0.080702,-0.135266,0.060929,-0.196195
D-UN.TO,2007-02-22,3,streak_3,0.007734,-0.000923,0.008657,0.00232,-0.021402,0.023723,0.003867,-0.014306,0.018173,-0.00232,0.060929,-0.063249
TFII.TO,2007-02-26,3,streak_3,0.015404,0.004572,0.010833,-0.029525,-0.035988,0.006463,-0.011553,-0.003043,-0.008511,0.019255,0.051006,-0.031751
OBE.TO,2007-02-26,3,streak_3,0.005766,0.004572,0.001195,-0.066722,-0.035988,-0.030734,-0.012905,-0.003043,-0.009862,0.065805,0.051006,0.014799
SCL.TO,2007-02-28,6,streak_5plus,0.021564,0.000376,0.021189,0.084567,-0.013182,0.097749,0.182136,0.012047,0.170088,0.245089,0.070751,0.174338
MAXR.TO,2007-02-28,8,streak_5plus,-0.014835,0.000376,-0.015211,0.011074,-0.013182,0.024257,-0.007522,0.012047,-0.019569,-0.091099,0.070751,-0.16185
CM.TO,2007-03-01,3,streak_3,-0.000996,-0.004898,0.003903,0.012444,-0.004247,0.016691,0.010951,0.016328,-0.005377,0.062718,0.079471,-0.016753
BMO.TO,2007-03-01,6,streak_5plus,-0.009144,-0.004898,-0.004246,-0.022534,-0.004247,-0.018287,-0.004899,0.016328,-0.021227,0.018289,0.079471,-0.061182
NA.TO,2007-03-01,5,streak_5plus,-0.008826,-0.004898,-0.003927,-0.015614,-0.004247,-0.011368,-0.034623,0.016328,-0.050951,0.019688,0.079471,-0.059783
RY.TO,2007-03-02,7,streak_5plus,0.018426,-0.009075,0.027501,0.056046,0.005385,0.050661,0.067179,0.014205,0.052973,0.090211,0.082867,0.007344
MDI.TO,2007-03-04,2,streak_2,-0.008112,-0.011817,0.003704,0.082227,0.015089,0.067138,0.171829,0.031291,0.140538,0.340339,0.09765,0.242689
WJX.TO,2007-03-06,2,streak_2,0.014286,0.012343,0.001942,-0.02619,0.027841,-0.054032,-0.033333,0.051128,-0.084461,0.095238,0.112923,-0.017685
BNS.TO,2007-03-06,6,streak_5plus,0.019256,0.012343,0.006913,0.067065,0.027841,0.039224,0.090969,0.051128,0.039842,0.081673,0.112923,-0.03125
ET.TO,2007-03-08,3,streak_3,0.019881,0.004727,0.015154,0.04175,-0.013926,0.055676,0.176938,0.033519,0.143419,0.264414,0.073289,0.191124
HBM.TO,2007-03-08,2,streak_2,-0.002514,0.004727,-0.007241,-0.092006,-0.013926,-0.07808,-0.010558,0.033519,-0.044077,0.140271,0.073289,0.066982
DII-B.TO,2007-03-12,2,streak_2,0.004051,0.000597,0.003454,0.03588,-0.017438,0.053318,0.109639,0.028635,0.081004,0.020171,0.056757,-0.036586
BHC.TO,2007-03-15,7,streak_5plus,0.008261,0.005121,0.003139,0.06361,0.027083,0.036527,0.145116,0.060108,0.085009,0.153428,0.082038,0.07139
RET-A.V,2007-03-28,3,streak_3,0.026464,-0.001634,0.028098,0.072778,0.010773,0.062006,0.135041,0.028649,0.106393,0.113159,0.033672,0.079487
CJR-B.TO,2007-04-03,2,streak_2,0.053788,0.007191,0.046596,0.084716,0.012476,0.07224,0.036082,0.023587,0.012495,0.115542,0.060223,0.05532
CCA.TO,2007-04-11,2,streak_2,0.004052,-0.002256,0.006307,-0.003683,0.016879,-0.020562,-0.012155,0.034539,-0.046693,0.133333,0.052162,0.081172
SJR-B.TO,2007-04-13,8,streak_5plus,-0.003786,0.005845,-0.009631,-0.005567,0.005556,-0.011123,-0.042648,0.037342,-0.07999,0.087204,0.063431,0.023773
WCN.TO,2007-04-23,2,streak_2,0.007872,-0.002613,0.010484,-0.023615,-0.002393,-0.021222,0.071408,0.032749,0.03866,0.05454,0.067195,-0.012655
PD.TO,2007-04-25,2,streak_2,-0.009369,0.006078,-0.015447,-0.057922,-0.013539,-0.044383,-0.009019,0.026195,-0.035214,-0.147098,0.035165,-0.182263
MX.TO,2007-04-25,3,streak_3,-0.015455,0.006078,-0.021533,-0.015455,-0.013539,-0.001916,0.031483,0.026195,0.005287,-0.054951,0.035165,-0.090116
TIH.TO,2007-04-25,2,streak_2,0.006518,0.006078,0.00044,0.031657,-0.013539,0.045196,0.072626,0.026195,0.046431,0.05121,0.035165,0.016046
TRI.TO,2007-04-26,6,streak_5plus,0.02276,-0.005515,0.028274,0.009246,-0.00689,0.016136,-0.045164,0.025686,-0.070849,-0.062589,0.031625,-0.094213
MFI.TO,2007-04-26,2,streak_2,0.035581,-0.005515,0.041095,0.053371,-0.00689,0.06026,0.058989,0.025686,0.033303,0.088951,0.031625,0.057327
PRMW.TO,2007-04-26,2,streak_2,0.00428,-0.005515,0.009794,-0.034237,-0.00689,-0.027347,-0.071327,0.025686,-0.097012,-0.232525,0.031625,-0.26415
PPL.TO,2007-04-26,2,streak_2,0.011742,-0.005515,0.017256,0.031311,-0.00689,0.038201,0.041096,0.025686,0.01541,0.111546,0.031625,0.079921
MAXR.TO,2007-05-01,9,streak_5plus,-0.015549,-0.000775,-0.014774,0.002221,0.033451,-0.03123,-0.101373,0.049565,-0.150938,-0.062399,0.033391,-0.09579
RCI-B.TO,2007-05-01,4,streak_4,0.001788,-0.000775,0.002563,0.03308,0.033451,-0.000371,0.050514,0.049565,0.000949,0.203844,0.033391,0.170453
ABX.TO,2007-05-01,3,streak_3,0.0,-0.000775,0.000775,0.09533,0.033451,0.061879,-0.004333,0.049565,-0.053898,0.150217,0.033391,0.116825
CFX.TO,2007-05-01,3,streak_3,0.040404,-0.000775,0.041179,0.040404,0.033451,0.006953,0.045792,0.049565,-0.003774,-0.057238,0.033391,-0.09063
BN.TO,2007-05-02,3,streak_3,0.073469,0.01286,0.06061,0.119728,0.037975,0.081753,0.059864,0.048522,0.011342,-0.114286,0.034484,-0.148769
DII-B.TO,2007-05-02,3,streak_3,0.030303,0.01286,0.017443,0.012285,0.037975,-0.02569,-0.058149,0.048522,-0.106671,-0.035202,0.034484,-0.069686
T.TO,2007-05-02,4,streak_4,0.01092,0.01286,-0.001939,0.015601,0.037975,-0.022374,0.068643,0.048522,0.020121,-0.018721,0.034484,-0.053205
GIB-A.TO,2007-05-02,4,streak_4,0.092814,0.01286,0.079955,0.081836,0.037975,0.043862,0.146707,0.048522,0.098185,0.086826,0.034484,0.052343
CCL-B.TO,2007-05-03,2,streak_2,0.039933,0.007976,0.031958,0.071547,0.023309,0.048239,0.084859,0.03982,0.045039,0.123128,0.005597,0.117531
FTS.TO,2007-05-03,3,streak_3,0.002146,0.007976,-0.00583,-0.002146,0.023309,-0.025454,0.003577,0.03982,-0.036243,-0.065093,0.005597,-0.07069
STN.TO,2007-05-03,2,streak_2,-0.002839,0.007976,-0.010815,-0.003549,0.023309,-0.026857,0.036906,0.03982,-0.002914,-0.013485,0.005597,-0.019082
IGM.TO,2007-05-04,3,streak_3,-0.008147,0.006057,-0.014204,0.026986,0.012136,0.01485,0.013238,0.033587,-0.020348,-0.008656,0.00925,-0.017905
WJX.TO,2007-05-04,3,streak_3,0.020335,0.006057,0.014278,0.043062,0.012136,0.030927,0.100478,0.033587,0.066892,0.078947,0.00925,0.069698
WTE.TO,2007-05-04,2,streak_2,0.011905,0.006057,0.005848,0.002381,0.012136,-0.009755,0.059524,0.033587,0.025937,0.12381,0.00925,0.11456
HCG.TO,2007-05-07,2,streak_2,0.058379,0.006943,0.051436,0.082418,0.016986,0.065431,0.105082,0.027001,0.078082,0.015797,-0.014866,0.030662
K.TO,2007-05-07,2,streak_2,-0.001517,0.006943,-0.00846,-0.020486,0.016986,-0.037472,-0.072079,0.027001,-0.09908,-0.128225,-0.014866,-0.113359
OBE.TO,2007-05-07,4,streak_4,0.025835,0.006943,0.018892,0.054282,0.016986,0.037295,0.111521,0.027001,0.08452,-0.049749,-0.014866,-0.034884
KEY.TO,2007-05-08,2,streak_2,0.01227,0.003599,0.008671,0.003067,0.002726,0.000341,0.018405,0.005488,0.012916,-0.03681,-0.02199,-0.01482
FTT.TO,2007-05-09,5,streak_5plus,0.022359,-0.001452,0.02381,0.079374,0.00138,0.077994,0.051425,-0.015199,0.066624,0.01062,-0.011297,0.021917
BHC.TO,2007-05-10,8,streak_5plus,0.008478,-0.00303,0.011508,0.019904,0.009341,0.010563,-0.001393,-0.006959,0.005566,-0.359215,-0.030025,-0.32919
LNR.TO,2007-05-10,2,streak_2,0.006726,-0.00303,0.009756,0.156203,0.009341,0.146862,0.14574,-0.006959,0.152699,0.251868,-0.030025,0.281893
POW.TO,2007-05-10,2,streak_2,0.004322,-0.00303,0.007351,0.044944,0.009341,0.035602,0.012965,-0.006959,0.019924,0.003457,-0.030025,0.033482
RCG.TO,2007-05-10,2,streak_2,-0.004827,-0.00303,-0.001797,-0.008045,0.009341,-0.017387,-0.057025,-0.006959,-0.050066,-0.104927,-0.030025,-0.074903
MG.TO,2007-05-10,2,streak_2,0.073643,-0.00303,0.076673,0.024806,0.009341,0.015465,0.096899,-0.006959,0.103858,0.017829,-0.030025,0.047854
NPI.TO,2007-05-10,2,streak_2,0.002114,-0.00303,0.005144,0.010571,0.009341,0.001229,-0.029598,-0.006959,-0.022639,0.0,-0.030025,0.030025
GBT.TO,2007-05-11,2,streak_2,0.022135,0.010878,0.011257,0.045573,0.017873,0.0277,0.033854,-0.001465,0.03532,0.06901,-0.027922,0.096932
GRT-UN.TO,2007-05-11,2,streak_2,-0.005959,0.010878,-0.016837,0.015168,0.017873,-0.002705,-0.042254,-0.001465,-0.040788,-0.265439,-0.027922,-0.237517
LNF.TO,2007-05-14,3,streak_3,0.024624,-0.007177,0.0318,0.076607,0.007248,0.069359,0.005472,-0.019959,0.025431,-0.056088,-0.041153,-0.014934
CIGI.TO,2007-05-16,2,streak_2,0.017564,0.006487,0.011077,0.036593,0.01492,0.021673,0.07055,0.004837,0.065713,-0.047131,-0.063568,0.016437
BMO.TO,2007-05-23,7,streak_5plus,0.019269,0.002147,0.017122,0.025581,-0.010594,0.036175,-0.012625,-0.009495,-0.003129,-0.033887,-0.061897,0.02801
TD.TO,2007-05-24,2,streak_2,0.002941,-0.013873,0.016814,0.058235,-0.004299,0.062534,0.033529,-0.003309,0.036839,-0.008824,-0.04804,0.039216
BNS.TO,2007-05-29,7,streak_5plus,0.009715,-0.007887,0.017602,-0.010929,0.005187,-0.016116,-0.023679,-0.029118,0.005439,-0.03643,-0.041659,0.005229
NA.TO,2007-05-31,6,streak_5plus,-0.013981,-0.001768,-0.012213,-0.043941,-0.009949,-0.033992,-0.063249,-0.025991,-0.037258,-0.13249,-0.042012,-0.090478
CM.TO,2007-05-31,4,streak_4,-0.032319,-0.001768,-0.03055,-0.067447,-0.009949,-0.057498,-0.088056,-0.025991,-0.062065,-0.10726,-0.042012,-0.065248
CAE.TO,2007-05-31,4,streak_4,0.013919,-0.001768,0.015688,0.010989,-0.009949,0.020938,0.035906,-0.025991,0.061898,-0.02421,-0.042012,0.017802
LB.TO,2007-06-01,2,streak_2,-0.004193,0.004453,-0.008646,-0.013277,-0.025105,0.011828,0.047519,-0.010685,0.058204,0.08246,-0.043552,0.126012
MDI.TO,2007-06-12,3,streak_3,0.057895,-0.007844,0.065738,0.112368,0.02484,0.087529,0.272368,0.024095,0.248273,0.358684,-0.00929,0.367973
ET.TO,2007-06-20,4,streak_4,0.014019,-0.010007,0.024026,0.140187,-0.032267,0.172454,0.397196,0.035858,0.361338,0.875389,-0.012727,0.888116
AGF-B.TO,2007-06-27,2,streak_2,0.002616,0.005708,-0.003093,0.049695,0.029018,0.020677,0.028771,0.013225,0.015546,-0.06626,0.027159,-0.093419
CCA.TO,2007-07-06,3,streak_3,0.031477,0.002791,0.028686,0.082324,0.019646,0.062679,-0.031477,-0.036521,0.005044,-0.044967,0.003246,-0.048213
SJR-B.TO,2007-07-13,9,streak_5plus,-0.011748,0.009787,-0.021535,0.030503,0.018794,0.011709,-0.038496,-0.064677,0.026181,0.064103,-0.004186,0.068289
CNR.TO,2007-07-23,2,streak_2,0.006027,-0.007859,0.013885,-0.077886,-0.057218,-0.020668,-0.116365,-0.092176,-0.024189,-0.135837,-0.036982,-0.098855
WCN.TO,2007-07-23,3,streak_3,-0.008264,-0.007859,-0.000406,-0.046654,-0.057218,0.010563,-0.084244,-0.092176,0.007932,-0.081312,-0.036982,-0.04433
OVV.TO,2007-07-25,2,streak_2,0.03095,0.002637,0.028313,0.04115,-0.014188,0.055338,-0.0099,-0.043865,0.033965,0.01405,0.001443,0.012607
PD.TO,2007-07-26,3,streak_3,-0.008435,-0.018482,0.010047,-0.109797,-0.031945,-0.077852,-0.138636,-0.041474,-0.097163,-0.220965,0.00139,-0.222354
SU.TO,2007-07-26,2,streak_2,-0.02282,-0.018482,-0.004338,-0.024864,-0.031945,0.007082,-0.056199,-0.041474,-0.014725,0.057561,0.00139,0.056172
CU.TO,2007-07-26,2,streak_2,-0.005277,-0.018482,0.013205,0.007916,-0.031945,0.039861,0.016711,-0.041474,0.058184,0.038698,0.00139,0.037309
L.TO,2007-07-26,2,streak_2,0.012285,-0.018482,0.030767,-0.041769,-0.031945,-0.009824,-0.100737,-0.041474,-0.059263,-0.120393,0.00139,-0.121783
TRI.TO,2007-07-26,7,streak_5plus,-0.012519,-0.018482,0.005963,-0.039074,-0.031945,-0.007129,-0.032246,-0.041474,0.009228,-0.05956,0.00139,-0.06095
ACO-X.TO,2007-07-26,2,streak_2,0.008495,-0.018482,0.026978,0.021238,-0.031945,0.053183,-0.039442,-0.041474,0.002032,0.035194,0.00139,0.033805
ACO-Y.TO,2007-07-26,2,streak_2,-0.002326,-0.018482,0.016157,-0.018605,-0.031945,0.013341,-0.075581,-0.041474,-0.034108,0.012209,0.00139,0.01082
CG.TO,2007-07-27,2,streak_2,0.015845,-0.006941,0.022786,0.079225,-0.002239,0.081464,0.017606,-0.025801,0.043406,0.788732,0.032634,0.756099
IAG.TO,2007-07-31,2,streak_2,0.00089,0.000281,0.000608,-0.019573,-0.021933,0.00236,-0.002669,-0.027018,0.024349,-0.004448,0.032269,-0.036717
RCI-B.TO,2007-07-31,5,streak_5plus,-0.0557,0.000281,-0.055981,-0.110657,-0.021933,-0.088724,-0.084664,-0.027018,-0.057646,-0.074638,0.032269,-0.106907
SAP.TO,2007-07-31,2,streak_2,0.043326,0.000281,0.043044,0.021077,-0.021933,0.043011,0.009368,-0.027018,0.036386,0.168618,0.032269,0.136349
WN.TO,2007-07-31,2,streak_2,-0.005319,0.000281,-0.0056,-0.018085,-0.021933,0.003848,-0.076596,-0.027018,-0.049577,-0.109574,0.032269,-0.141843
GIB-A.TO,2007-08-01,5,streak_5plus,-0.018365,-0.015423,-0.002942,-0.045914,-0.00796,-0.037953,0.015611,-0.030573,0.046183,-0.017447,0.05454,-0.071988
PPL.TO,2007-08-01,3,streak_3,-0.003578,-0.015423,0.011845,-0.005367,-0.00796,0.002594,-0.023256,-0.030573,0.007317,0.076923,0.05454,0.022383
ARX.TO,2007-08-01,2,streak_2,-0.017668,-0.015423,-0.002245,-0.058893,-0.00796,-0.050932,-0.051826,-0.030573,-0.021253,0.029446,0.05454,-0.025094
IGM.TO,2007-08-01,4,streak_4,-0.02267,-0.015423,-0.007247,0.007053,-0.00796,0.015013,-0.048867,-0.030573,-0.018294,0.031738,0.05454,-0.022802
ABX.TO,2007-08-01,4,streak_4,-0.013594,-0.015423,0.001829,0.023364,-0.00796,0.031325,-0.048853,-0.030573,-0.01828,0.198386,0.05454,0.143845
K.TO,2007-08-01,3,streak_3,-0.032013,-0.015423,-0.01659,-0.005897,-0.00796,0.002063,-0.101938,-0.030573,-0.071365,0.353833,0.05454,0.299293
CNQ.TO,2007-08-02,2,streak_2,0.027383,0.011637,0.015746,0.0,-0.012941,0.012941,0.016227,0.000425,0.015802,0.067951,0.052568,0.015383
POW.TO,2007-08-02,3,streak_3,0.008014,0.011637,-0.003623,0.033838,-0.012941,0.046779,0.073019,0.000425,0.072594,0.065895,0.052568,0.013327
CCL-B.TO,2007-08-02,3,streak_3,0.005926,0.011637,-0.005711,0.023704,-0.012941,0.036644,-0.053333,0.000425,-0.053758,0.002963,0.052568,-0.049605
MRE.TO,2007-08-02,2,streak_2,0.006881,0.011637,-0.004756,0.000765,-0.012941,0.013705,0.020642,0.000425,0.020217,0.018349,0.052568,-0.034219
BN.TO,2007-08-03,4,streak_4,-0.061807,-0.017982,-0.043824,-0.015848,-0.025142,0.009294,-0.014263,-0.004228,-0.010035,-0.030111,0.039838,-0.069949
HCG.TO,2007-08-07,3,streak_3,0.010142,-0.000339,0.010481,-0.032454,-0.010151,-0.022303,-0.04192,0.008706,-0.050626,0.102096,0.052207,0.049889
ESI.TO,2007-08-07,2,streak_2,-0.001089,-0.000339,-0.00075,0.037561,-0.010151,0.047712,0.035928,0.008706,0.027222,-0.121569,0.052207,-0.173776
FTT.TO,2007-08-07,6,streak_5plus,-0.002346,-0.000339,-0.002007,0.106158,-0.010151,0.116309,0.160117,0.008706,0.151411,0.152493,0.052207,0.100286
LNR.TO,2007-08-07,3,streak_3,-0.036315,-0.000339,-0.035976,0.193679,-0.010151,0.20383,0.346335,0.008706,0.337629,0.200404,0.052207,0.148196
NPI.TO,2007-08-07,3,streak_3,-0.002114,-0.000339,-0.001775,-0.035941,-0.010151,-0.02579,-0.099366,0.008706,-0.108072,-0.069767,0.052207,-0.121975
BHC.TO,2007-08-09,9,streak_5plus,-0.07108,-0.020366,-0.050714,-0.050461,-0.051562,0.001101,0.007971,-0.007777,0.015748,-0.029835,0.026166,-0.056001
CTC-A.TO,2007-08-09,2,streak_2,-0.024244,-0.020366,-0.003878,-0.067106,-0.051562,-0.015544,-0.053724,-0.007777,-0.045947,-0.045772,0.026166,-0.071938
IPL.TO,2007-08-09,2,streak_2,-0.018085,-0.020366,0.002281,-0.034043,-0.051562,0.017519,-0.042553,-0.007777,-0.034776,0.002128,0.026166,-0.024039
MG.TO,2007-08-09,3,streak_3,0.04372,-0.020366,0.064086,0.049285,-0.051562,0.100847,0.09062,-0.007777,0.098397,0.021463,0.026166,-0.004704
RCG.TO,2007-08-09,3,streak_3,-0.029255,-0.020366,-0.008889,-0.096632,-0.051562,-0.04507,-0.092127,-0.007777,-0.084349,0.073999,0.026166,0.047833
CTC.TO,2007-08-09,2,streak_2,0.0,-0.020366,0.020366,-0.039418,-0.051562,0.012144,-0.025773,-0.007777,-0.017996,0.018041,0.026166,-0.008125
AC.TO,2007-08-10,2,streak_2,-0.025424,-0.000868,-0.024556,-0.108475,-0.046691,-0.061784,-0.044068,0.010944,-0.055012,0.398305,0.048271,0.350034
GBT.TO,2007-08-10,3,streak_3,0.0,-0.000868,0.000868,-0.032887,-0.046691,0.013804,-0.0743,0.010944,-0.085243,-0.026797,0.048271,-0.075068
LNF.TO,2007-08-14,4,streak_4,0.001449,-0.01377,0.01522,-0.04058,-0.023623,-0.016957,-0.02029,0.024517,-0.044807,-0.042029,0.013219,-0.055248
WTE.TO,2007-08-14,3,streak_3,-0.006479,-0.01377,0.007291,-0.025918,-0.023623,-0.002295,-0.019438,0.024517,-0.043955,0.086393,0.013219,0.073174
TD.TO,2007-08-23,3,streak_3,0.01543,-0.000891,0.016322,0.037982,0.002005,0.035977,0.061128,0.03543,0.025697,-0.054006,-0.013556,-0.04045
BMO.TO,2007-08-28,8,streak_5plus,-0.022597,-0.016497,-0.0061,-0.02968,0.019856,-0.049535,-0.039798,0.040601,-0.080398,-0.165936,-0.01233,-0.153606
BNS.TO,2007-08-28,8,streak_5plus,-0.011972,-0.016497,0.004525,0.023314,0.019856,0.003459,0.025835,0.040601,-0.014766,-0.023945,-0.01233,-0.011614
NA.TO,2007-08-30,7,streak_5plus,-0.013047,-0.003373,-0.009674,-0.060629,0.022654,-0.083283,-0.028396,0.045129,-0.073525,-0.033001,0.010534,-0.043534
CM.TO,2007-08-30,5,streak_5plus,0.009969,-0.003373,0.013341,0.012067,0.022654,-0.010587,0.066107,0.045129,0.020978,-0.050367,0.010534,-0.060901
LB.TO,2007-09-06,3,streak_3,-0.023344,0.008214,-0.031558,0.033438,0.005364,0.028074,0.171609,0.032288,0.139321,0.049211,-0.007579,0.05679
MDI.TO,2007-09-11,4,streak_4,0.026033,0.005783,0.02025,0.024245,0.013533,0.010711,0.072933,0.047756,0.025177,0.161566,0.017431,0.144135
ET.TO,2007-09-14,5,streak_5plus,-0.025937,0.000231,-0.026168,0.206532,-0.000347,0.206879,0.277618,0.028035,0.249582,0.084534,-0.002442,0.086976
BB.TO,2007-10-04,2,streak_2,0.044574,0.007432,0.037142,0.145491,0.014871,0.13062,0.233597,0.024463,0.209134,0.077484,-0.017281,0.094765
WCN.TO,2007-10-22,4,streak_4,0.007602,0.002992,0.00461,0.038012,0.021047,0.016964,0.04386,-0.046673,0.090533,-0.092982,-0.133527,0.040544
AEM.TO,2007-10-24,2,streak_2,-0.01662,7.1e-05,-0.016691,0.020711,0.015943,0.004768,-0.020455,-0.057278,0.036823,0.153669,-0.101515,0.255185
OVV.TO,2007-10-25,3,streak_3,0.016074,0.002584,0.01349,0.042749,0.038081,0.004669,0.058478,-0.050218,0.108697,0.00996,-0.083841,0.093802
CLS.TO,2007-10-25,2,streak_2,-0.015674,0.002584,-0.018258,-0.012539,0.038081,-0.05062,-0.047022,-0.050218,0.003196,-0.189655,-0.083841,-0.105814
PD.TO,2007-10-25,4,streak_4,-0.001102,0.002584,-0.003685,-0.044248,0.038081,-0.082328,-0.101415,-0.050218,-0.051197,-0.036037,-0.083841,0.047805
CU.TO,2007-10-25,3,streak_3,0.0,0.002584,-0.002584,0.121084,0.038081,0.083003,0.04149,-0.050218,0.091709,-0.015241,-0.083841,0.0686
ACO-Y.TO,2007-10-25,3,streak_3,0.033234,0.002584,0.030651,0.083086,0.038081,0.045005,0.087834,-0.050218,0.138052,-0.133531,-0.083841,-0.04969
TRI.TO,2007-10-25,8,streak_5plus,0.013906,0.002584,0.011322,0.062577,0.038081,0.024496,-0.091616,-0.050218,-0.041397,-0.133333,-0.083841,-0.049492
ACO-X.TO,2007-10-25,3,streak_3,0.020335,0.002584,0.017751,0.093301,0.038081,0.055221,0.071172,-0.050218,0.121391,-0.149522,-0.083841,-0.06568
CCA.TO,2007-10-26,4,streak_4,-0.010177,0.012142,-0.022319,-0.018385,0.017529,-0.035914,-0.103086,-0.046563,-0.056523,-0.179251,-0.087087,-0.092164
SJR-B.TO,2007-10-26,10,streak_5plus,0.0,0.012142,-0.012142,-0.003074,0.017529,-0.020603,-0.112925,-0.046563,-0.066362,-0.253584,-0.087087,-0.166496
TRP.TO,2007-10-30,2,streak_2,0.012493,-0.007992,0.020484,0.044616,-0.010674,0.05529,0.017847,-0.073354,0.0912,0.02677,-0.095721,0.12249
SLF.TO,2007-10-30,2,streak_2,0.044343,-0.007992,0.052335,0.010775,-0.010674,0.021449,-0.012433,-0.073354,0.060921,-0.050559,-0.095721,0.045161
X.TO,2007-10-31,2,streak_2,0.042125,0.021863,0.020262,0.021978,0.004087,0.017891,0.031136,-0.047505,0.078641,-0.054945,-0.091803,0.036858
CCO.TO,2007-10-31,2,streak_2,-0.033772,0.021863,-0.055634,-0.046404,0.004087,-0.050491,-0.156226,-0.047505,-0.108721,-0.29157,-0.091803,-0.199767
SCL.TO,2007-11-01,2,streak_2,-0.018528,-0.017265,-0.001263,-0.14467,-0.034653,-0.110017,-0.139151,-0.065716,-0.073435,-0.124914,-0.100506,-0.024408
CFP.TO,2007-11-01,2,streak_2,-0.020571,-0.017265,-0.003306,-0.053714,-0.034653,-0.019061,-0.089143,-0.065716,-0.023427,0.123429,-0.100506,0.223935
CNQ.TO,2007-11-01,3,streak_3,-0.03483,-0.017265,-0.017565,-0.009166,-0.034653,0.025487,-0.146654,-0.065716,-0.080938,-0.181485,-0.100506,-0.080979
GWO.TO,2007-11-01,2,streak_2,-0.008382,-0.017265,0.008883,-0.049001,-0.034653,-0.014348,-0.043843,-0.065716,0.021874,-0.130883,-0.100506,-0.030377
EMA.TO,2007-11-02,2,streak_2,-0.003035,-0.000598,-0.002437,0.028832,-0.01697,0.045802,0.07739,-0.047549,0.124939,0.100152,-0.073341,0.173493
ESI.TO,2007-11-05,3,streak_3,-0.031344,-0.006301,-0.025044,-0.014466,-0.034399,0.019932,-0.13924,-0.0492,-0.090041,-0.00363,-0.076978,0.073348
CFW.TO,2007-11-05,2,streak_2,-0.010747,-0.006301,-0.004447,0.062436,-0.034399,0.096835,-0.048106,-0.0492,0.001094,-0.133646,-0.076978,-0.056668
MG.TO,2007-11-06,4,streak_4,0.048387,0.00681,0.041577,-0.006912,-0.046828,0.039916,-0.060676,-0.048608,-0.012068,-0.109831,-0.093979,-0.015852
LNR.TO,2007-11-07,4,streak_4,-0.06713,-0.017564,-0.049566,0.029514,-0.04631,0.075824,-0.03588,-0.044264,0.008384,-0.201389,-0.104616,-0.096773
BLDP.TO,2007-11-07,2,streak_2,-0.013834,-0.017564,0.00373,-0.031621,-0.04631,0.014689,-0.118577,-0.044264,-0.074313,-0.104743,-0.104616,-0.000127
BTE.TO,2007-11-07,2,streak_2,-0.008411,-0.017564,0.009152,-0.045794,-0.04631,0.000515,-0.013084,-0.044264,0.03118,-0.071963,-0.104616,0.032654
RCG.TO,2007-11-07,4,streak_4,0.023216,-0.017564,0.040779,0.025795,-0.04631,0.072105,0.005773,-0.044264,0.050037,-0.132629,-0.104616,-0.028013
IAG.TO,2007-11-07,3,streak_3,0.004027,-0.017564,0.02159,0.035347,-0.04631,0.081657,0.098881,-0.044264,0.143145,-0.065324,-0.104616,0.039292
ARX.TO,2007-11-07,3,streak_3,-0.025913,-0.017564,-0.008349,-0.061249,-0.04631,-0.014939,-0.063604,-0.044264,-0.01934,0.078916,-0.104616,0.183533
BHC.TO,2007-11-08,10,streak_5plus,-0.012608,0.000737,-0.013344,-0.039542,-0.024344,-0.015197,-0.110544,-0.019011,-0.091533,-0.185155,-0.084487,-0.100668
CTC-A.TO,2007-11-08,3,streak_3,-0.011585,0.000737,-0.012322,-0.043902,-0.024344,-0.019558,-0.060772,-0.019011,-0.041761,-0.187805,-0.084487,-0.103318
CTC.TO,2007-11-08,3,streak_3,-0.028295,0.000737,-0.029031,-0.030975,-0.024344,-0.006631,-0.062695,-0.019011,-0.043685,-0.163515,-0.084487,-0.079028
CAS.TO,2007-11-08,2,streak_2,0.027197,0.000737,0.02646,0.008368,-0.024344,0.032713,0.08159,-0.019011,0.100601,-0.048117,-0.084487,0.03637
POW.TO,2007-11-08,4,streak_4,-0.009532,0.000737,-0.010269,-0.001733,-0.024344,0.022611,0.07799,-0.019011,0.097001,-0.079723,-0.084487,0.004764
AIM.TO,2007-11-08,2,streak_2,-0.007061,0.000737,-0.007797,-0.012356,-0.024344,0.011988,-0.003811,-0.019011,0.0152,-0.125266,-0.084487,-0.040779
GRZ.V,2007-11-09,2,streak_2,0.015284,-0.018317,0.033601,0.039301,-0.042764,0.082066,0.026201,-0.018799,0.045,0.176856,-0.080638,0.257494
AC.TO,2007-11-09,3,streak_3,-0.121212,-0.018317,-0.102895,-0.181818,-0.042764,-0.139054,-0.242424,-0.018799,-0.223626,-0.349697,-0.080638,-0.269059
GIB-A.TO,2007-11-14,6,streak_5plus,0.057085,0.005064,0.052021,0.08053,-0.017898,0.098429,0.190622,0.00761,0.183011,0.120285,-0.03085,0.151135
LNF.TO,2007-11-14,5,streak_5plus,0.009119,0.005064,0.004055,-0.009119,-0.017898,0.00878,0.036474,0.00761,0.028864,-0.010638,-0.03085,0.020212
GBT.TO,2007-11-15,4,streak_4,-0.013889,-0.018157,0.004268,-0.068182,-0.035856,-0.032326,-0.082071,-0.001975,-0.080096,-0.060606,-0.041127,-0.019479
WN.TO,2007-11-20,3,streak_3,0.038898,0.008361,0.030537,0.048622,-0.00203,0.050653,0.024311,0.000742,0.02357,-0.047002,0.015246,-0.062247
BMO.TO,2007-11-27,9,streak_5plus,0.046098,0.003603,0.042495,0.11201,0.025231,0.086779,0.008492,0.026612,-0.01812,-0.013344,0.034329,-0.047673
TD.TO,2007-11-29,4,streak_4,0.020337,0.002325,0.018012,0.047647,0.007504,0.040142,-0.012202,0.014737,-0.026939,-0.055782,-0.003631,-0.05215
NA.TO,2007-11-29,8,streak_5plus,-0.010317,0.002325,-0.012643,-0.004762,0.007504,-0.012266,-0.02381,0.014737,-0.038547,-0.092857,-0.003631,-0.089226
CM.TO,2007-12-06,6,streak_5plus,-0.053902,0.008395,-0.062297,-0.085907,0.005453,-0.09136,-0.221786,-0.01403,-0.207755,-0.273442,-0.032968,-0.240474
MDI.TO,2007-12-11,5,streak_5plus,0.019645,-0.015545,0.03519,0.03477,-0.03969,0.074461,0.028512,-0.02208,0.050592,-0.052503,-0.046125,-0.006378
BB.TO,2007-12-20,3,streak_3,0.043393,0.001285,0.042109,0.124498,0.032226,0.092272,-0.086296,-0.055931,-0.030366,0.117641,-0.02764,0.145282
CCA.TO,2008-01-09,5,streak_5plus,-0.028571,0.002814,-0.031385,-0.109347,-0.016615,-0.092732,-0.165432,-0.049816,-0.115616,-0.184832,0.013713,-0.198546
CGO.TO,2008-01-09,2,streak_2,0.010443,0.002814,0.007629,-0.115288,-0.016615,-0.098673,-0.175856,-0.049816,-0.12604,-0.174603,0.013713,-0.188316
SJR-B.TO,2008-01-11,11,streak_5plus,-0.036778,-0.00074,-0.036038,-0.128721,-0.062092,-0.066629,-0.126532,-0.047894,-0.078639,-0.10702,0.019564,-0.126584
TRP.TO,2008-01-29,3,streak_3,0.023118,0.004582,0.018536,0.034973,0.02089,0.014083,0.050385,0.060946,-0.010561,-0.02786,0.084624,-0.112484
CP.TO,2008-01-29,2,streak_2,0.035917,0.004582,0.031335,0.070888,0.02089,0.049998,0.135161,0.060946,0.074215,0.069943,0.084624,-0.01468
X.TO,2008-01-30,3,streak_3,0.005848,-0.003695,0.009542,0.0,-0.008769,0.008769,0.001949,0.063427,-0.061478,-0.105263,0.059725,-0.164988
CLS.TO,2008-01-31,3,streak_3,0.091418,0.012071,0.079347,0.154851,-0.010078,0.164929,0.199627,0.044968,0.154659,0.764925,0.072225,0.6927
IMO.TO,2008-01-31,2,streak_2,0.004218,0.012071,-0.007853,0.025591,-0.010078,0.035669,0.127953,0.044968,0.082985,0.210911,0.072225,0.138686
TIH.TO,2008-02-04,2,streak_2,0.018733,-0.00452,0.023253,0.024978,-0.02471,0.049688,0.048171,0.011893,0.036278,0.135593,0.072223,0.06337
GIB-A.TO,2008-02-05,7,streak_5plus,-0.012695,-0.024604,0.011908,0.005859,-0.009602,0.015461,0.052734,0.026029,0.026705,0.131836,0.076639,0.055197
CTC-A.TO,2008-02-07,4,streak_4,-0.012114,0.004523,-0.016637,0.006428,0.03226,-0.025833,0.001978,0.032214,-0.030236,0.041286,0.11691,-0.075624
AC.TO,2008-02-07,4,streak_4,0.114873,0.004523,0.11035,0.233374,0.03226,0.201113,0.095526,0.032214,0.063312,-0.027811,0.11691,-0.144721
TRI.TO,2008-02-07,9,streak_5plus,-0.00782,0.004523,-0.012343,0.010753,0.03226,-0.021508,-0.034213,0.032214,-0.066427,0.069892,0.11691,-0.047017
CTC.TO,2008-02-07,4,streak_4,0.00591,0.004523,0.001387,0.031519,0.03226,-0.000742,0.261461,0.032214,0.229248,0.005372,0.11691,-0.111537
REI-UN.TO,2008-02-11,3,streak_3,0.026648,0.010901,0.015747,0.002805,0.018284,-0.015479,-0.050491,0.027346,-0.077836,0.046283,0.117936,-0.071652
IAG.TO,2008-02-13,4,streak_4,0.027576,0.014892,0.012684,0.014998,0.035477,-0.020479,-0.033382,0.027209,-0.060591,0.038703,0.116853,-0.078149
PD.TO,2008-02-14,5,streak_5plus,0.015504,-0.005594,0.021098,0.049096,0.017113,0.031983,0.062478,-0.002221,0.064699,0.46781,0.101187,0.366622
ARX.TO,2008-02-14,4,streak_4,0.0,-0.005594,0.005594,0.015385,0.017113,-0.001728,0.145641,-0.002221,0.147862,0.288205,0.101187,0.187018
CAE.TO,2008-02-14,2,streak_2,0.033058,-0.005594,0.038652,0.057851,0.017113,0.040738,-0.05871,-0.002221,-0.056489,0.085214,0.101187,-0.015974
T.TO,2008-02-15,2,streak_2,-0.008869,0.001423,-0.010293,0.070953,0.028611,0.042342,0.031042,-0.019367,0.050409,0.146341,0.12266,0.023681
SCL.TO,2008-02-19,3,streak_3,-0.139971,0.016701,-0.156672,-0.119769,0.035587,-0.155356,-0.189729,-0.006812,-0.182917,-0.046654,0.132867,-0.17952
ACO-Y.TO,2008-02-20,4,streak_4,0.0,0.007734,-0.007734,-0.054054,0.025975,-0.080029,-0.084459,-0.054902,-0.029558,0.04527,0.11895,-0.073679
AEM.TO,2008-02-20,3,streak_3,0.013848,0.007734,0.006115,-0.011313,0.025975,-0.037287,0.043495,-0.054902,0.098397,0.08582,0.11895,-0.03313
ACO-X.TO,2008-02-20,4,streak_4,0.042641,0.007734,0.034907,-0.050206,0.025975,-0.076181,-0.099725,-0.054902,-0.044823,0.038514,0.11895,-0.080435
GBT.TO,2008-02-21,5,streak_5plus,-0.023192,-0.003107,-0.020086,-0.031378,0.016729,-0.048106,-0.140518,-0.05727,-0.083249,-0.115962,0.091406,-0.207367
FFH.TO,2008-02-21,2,streak_2,-0.001612,-0.003107,0.001494,-0.032569,0.016729,-0.049297,-0.116409,-0.05727,-0.059139,-0.103925,0.091406,-0.19533
CFP.TO,2008-02-22,3,streak_3,-0.040426,0.005648,-0.046073,-0.118085,0.026966,-0.145051,-0.195745,-0.036263,-0.159482,-0.084043,0.094955,-0.178997
KEY.TO,2008-02-26,2,streak_2,0.008902,0.007264,0.001638,0.074184,-0.011177,0.085361,0.142433,-0.022311,0.164744,0.178042,0.077467,0.100575
PKI.TO,2008-02-26,3,streak_3,0.024742,0.007264,0.017478,0.049485,-0.011177,0.060662,0.043299,-0.022311,0.06561,-0.11134,0.077467,-0.188807
MAXR.TO,2008-02-26,2,streak_2,-0.000427,0.007264,-0.007691,0.027932,-0.011177,0.039109,-0.002559,-0.022311,0.019752,-0.128358,0.077467,-0.205825
TCW.TO,2008-02-27,2,streak_2,-0.035738,-0.001348,-0.03439,-0.134348,-0.023208,-0.11114,0.097948,-0.028354,0.126302,0.119126,0.052555,0.066572
NA.TO,2008-02-28,9,streak_5plus,-0.007488,0.006931,-0.014419,-0.052413,-0.012708,-0.039704,-0.087354,-0.039526,-0.047829,0.03827,0.06606,-0.02779
WJX.TO,2008-02-29,2,streak_2,0.005,-0.020989,0.025989,0.00625,-0.037012,0.043262,0.09,-0.037754,0.127754,0.25,0.050692,0.199308
ARE.TO,2008-03-04,3,streak_3,-0.029412,-0.004991,-0.024421,-0.032454,-0.039817,0.007363,0.017241,-0.002237,0.019479,-0.074037,0.093751,-0.167787
CSU.TO,2008-03-05,6,streak_5plus,0.0,0.009387,-0.009387,-0.019761,-0.009817,-0.009944,-0.042122,0.005528,-0.04765,0.146646,0.092886,0.05376
LNR.TO,2008-03-05,5,streak_5plus,0.0,0.009387,-0.009387,-0.03863,-0.009817,-0.028814,-0.040386,0.005528,-0.045914,0.160667,0.092886,0.067782
CET.TO,2008-03-06,2,streak_2,0.007065,-0.017856,0.024921,0.012011,-0.022487,0.034498,0.302167,0.004771,0.297396,0.601507,0.079922,0.521586
AQN.TO,2008-03-06,2,streak_2,0.018182,-0.017856,0.036038,-0.050909,-0.022487,-0.028422,0.12,0.004771,0.115229,0.152727,0.079922,0.072805
BTE.TO,2008-03-12,3,streak_3,0.025769,-0.00353,0.029298,0.072319,-0.015572,0.087891,0.123857,0.042347,0.08151,0.532003,0.10429,0.427713
BHC.TO,2008-03-13,11,streak_5plus,0.012958,0.010987,0.00197,-0.117378,-0.044219,-0.073159,-0.120773,0.028998,-0.149771,-0.090682,0.10672,-0.197402
ESI.TO,2008-03-17,4,streak_4,-0.023956,-0.022682,-0.001274,0.029526,-0.017589,0.047115,0.124791,0.045138,0.079653,0.218942,0.115123,0.103819
GMO.TO,2008-03-21,2,streak_2,-0.005063,0.019107,-0.02417,0.050633,0.035865,0.014768,0.216456,0.120981,0.095475,None,None,None
RCH.TO,2008-03-27,2,streak_2,0.020561,0.001038,0.019523,0.078505,0.009125,0.06938,-0.003738,0.042892,-0.04663,0.007477,0.075994,-0.068517
BB.TO,2008-04-02,4,streak_4,-0.020566,0.005461,-0.026027,0.020649,0.021338,-0.000689,0.020733,0.036925,-0.016192,-0.003414,0.076358,-0.079771
RET-A.V,2008-04-02,2,streak_2,0.021633,0.005461,0.016172,-0.04543,0.021338,-0.066768,-0.043527,0.036925,-0.080452,-0.178526,0.076358,-0.254884
CCA.TO,2008-04-10,6,streak_5plus,0.00434,0.011563,-0.007223,0.076823,0.025373,0.051449,0.057292,0.062354,-0.005062,-0.02691,-0.010167,-0.016743
SJR-B.TO,2008-04-11,12,streak_5plus,0.041564,-0.016291,0.057855,-0.009401,0.014803,-0.024204,0.079664,0.04397,0.035694,0.066807,-0.011913,0.078719
TA.TO,2008-04-21,2,streak_2,0.018724,0.005907,0.012817,0.012288,-0.009356,0.021644,0.060854,0.056908,0.003947,-0.016969,-0.050649,0.03368
CLS.TO,2008-04-24,4,streak_4,0.345865,-0.007356,0.353221,0.422556,-0.009439,0.431995,0.383459,0.046454,0.337004,0.264662,-0.039595,0.304257
TRP.TO,2008-04-25,4,streak_4,0.0,0.009852,-0.009852,0.020183,0.007124,0.013059,0.075229,0.056729,0.0185,0.077676,-0.054431,0.132107
ACO-Y.TO,2008-04-29,5,streak_5plus,-0.045486,-0.01848,-0.027006,0.029635,0.013375,0.01626,0.066161,0.042787,0.023374,0.053756,-0.055509,0.109265
ACO-X.TO,2008-04-29,5,streak_5plus,0.005865,-0.01848,0.024345,0.055718,0.013375,0.042343,0.117302,0.042787,0.074515,0.104839,-0.055509,0.160348
X.TO,2008-04-30,4,streak_4,0.045752,0.008058,0.037694,0.14597,0.04258,0.103389,0.098039,0.054363,0.043676,-0.108932,-0.034935,-0.073997
BN.TO,2008-04-30,2,streak_2,0.068266,0.008058,0.060208,0.116236,0.04258,0.073656,0.182657,0.054363,0.128294,0.112546,-0.034935,0.147481
FFH.TO,2008-05-01,3,streak_3,0.020334,0.009242,0.011092,-0.076156,0.031176,-0.107332,-0.100147,0.055801,-0.155948,-0.14737,-0.018211,-0.12916
CG.TO,2008-05-01,2,streak_2,-0.0191,0.009242,-0.028341,0.102319,0.031176,0.071143,0.024557,0.055801,-0.031245,-0.356071,-0.018211,-0.33786
TRI.TO,2008-05-01,10,streak_5plus,0.017035,0.009242,0.007793,0.007827,0.031176,-0.023349,-0.030847,0.055801,-0.086648,-0.124309,-0.018211,-0.106099
IGM.TO,2008-05-02,2,streak_2,-0.005525,0.01525,-0.020775,-0.069613,0.038547,-0.108161,-0.048619,0.053207,-0.101826,-0.091713,-0.033621,-0.058092
CFP.TO,2008-05-02,4,streak_4,0.015815,0.01525,0.000565,-0.013382,0.038547,-0.051929,0.030414,0.053207,-0.022793,-0.082725,-0.033621,-0.049105
ESI.TO,2008-05-05,5,streak_5plus,0.04212,-0.00042,0.04254,0.037138,0.016869,0.020269,-0.005888,0.031393,-0.037281,-0.044028,-0.054887,0.010859
BDT.TO,2008-05-06,2,streak_2,0.013109,0.009808,0.003301,0.054307,0.027448,0.026859,0.093633,0.029157,0.064476,0.003745,-0.072305,0.07605
ENB.TO,2008-05-07,2,streak_2,0.029181,-0.002969,0.03215,0.049383,0.014042,0.035341,0.096521,0.039447,0.057074,0.060606,-0.066656,0.127262
WJX.TO,2008-05-07,3,streak_3,0.017895,-0.002969,0.020864,0.024211,0.014042,0.010169,0.04,0.039447,0.000553,-0.027368,-0.066656,0.039288
CSU.TO,2008-05-07,7,streak_5plus,0.021075,-0.002969,0.024044,0.084826,0.014042,0.070784,0.162276,0.039447,0.122829,0.204426,-0.066656,0.271082
ALA.TO,2008-05-07,2,streak_2,0.029967,-0.002969,0.032936,0.026637,0.014042,0.012595,0.061043,0.039447,0.021596,-0.017758,-0.066656,0.048898
LNR.TO,2008-05-08,6,streak_5plus,0.018357,0.016456,0.0019,0.176573,0.01773,0.158844,0.111888,0.041617,0.070271,-0.188811,-0.068629,-0.120182
T.TO,2008-05-08,3,streak_3,0.040404,0.016456,0.023948,0.024242,0.01773,0.006513,0.020202,0.041617,-0.021415,-0.137374,-0.068629,-0.068745
AC.TO,2008-05-08,5,streak_5plus,0.006219,0.016456,-0.010237,0.052239,0.01773,0.034509,0.088308,0.041617,0.046691,-0.266169,-0.068629,-0.19754
ONEX.TO,2008-05-08,2,streak_2,-0.002306,0.016456,-0.018762,0.02635,0.01773,0.008621,0.042161,0.041617,0.000544,-0.118906,-0.068629,-0.050278
AEM.TO,2008-05-08,4,streak_4,0.075005,0.016456,0.058549,0.018492,0.01773,0.000762,0.133181,0.041617,0.091564,-0.135051,-0.068629,-0.066422
MAXR.TO,2008-05-12,3,streak_3,-0.022665,0.009978,-0.032644,0.013699,0.031884,-0.018186,0.070983,0.014806,0.056177,-0.232877,-0.090764,-0.142113
HCG.TO,2008-05-12,2,streak_2,0.039693,0.009978,0.029714,0.023688,0.031884,-0.008197,0.036492,0.014806,0.021686,-0.054417,-0.090764,0.036346
CIX.TO,2008-05-13,2,streak_2,-0.025641,-0.003368,-0.022273,-0.007958,0.025992,-0.033949,0.008842,0.003437,0.005405,-0.095491,-0.102215,0.006725
KEY.TO,2008-05-13,3,streak_3,0.017903,-0.003368,0.021271,0.048593,0.025992,0.022601,0.086957,0.003437,0.08352,0.01023,-0.102215,0.112445
CAE.TO,2008-05-14,3,streak_3,0.002292,0.000657,0.001635,-0.015279,0.011884,-0.027162,-0.036673,-0.000965,-0.035708,-0.165321,-0.0848,-0.080521
LB.TO,2008-05-28,2,streak_2,0.013567,0.011465,0.002102,0.05766,0.01422,0.04344,0.052007,-0.005578,0.057584,-0.054268,-0.084216,0.029949
NA.TO,2008-05-29,10,streak_5plus,0.012821,-0.007584,0.020405,0.042468,0.000129,0.042339,-0.022436,-0.026994,0.004558,-0.064103,-0.07883,0.014727
RY.TO,2008-05-29,2,streak_2,0.021557,-0.007584,0.029141,0.017964,0.000129,0.017835,-0.069461,-0.026994,-0.042467,-0.073852,-0.07883,0.004978
ET.TO,2008-06-18,2,streak_2,-0.045101,0.000285,-0.045386,0.166407,-0.043746,0.210153,0.119751,-0.106744,0.226495,0.018663,-0.211769,0.230431
NOA.TO,2008-06-23,2,streak_2,0.041762,0.00762,0.034142,0.003432,-0.015466,0.018898,-0.149313,-0.064297,-0.085016,-0.379291,-0.133231,-0.24606
SJR-B.TO,2008-06-27,13,streak_5plus,0.023798,0.004415,0.019383,0.096741,-0.01971,0.116451,0.139245,-0.069136,0.208382,0.143426,-0.151559,0.294985
CJR-B.TO,2008-07-09,2,streak_2,-0.002381,-0.01441,0.012029,-0.045471,-0.032745,-0.012726,0.16585,-0.030746,0.196597,-0.011194,-0.288216,0.277022
CCA.TO,2008-07-09,7,streak_5plus,-0.02691,-0.01441,-0.0125,-0.022135,-0.032745,0.010609,0.112847,-0.030746,0.143593,-0.073351,-0.288216,0.214865
OVV.TO,2008-07-24,2,streak_2,0.00274,-0.02269,0.02543,0.037438,0.012618,0.024821,0.034318,-0.00484,0.039158,-0.243307,-0.309435,0.066128
SU.TO,2008-07-24,2,streak_2,-0.013846,-0.02269,0.008844,0.088923,0.012618,0.076305,0.124923,-0.00484,0.129763,-0.511385,-0.309435,-0.20195
ACO-Y.TO,2008-07-29,6,streak_5plus,0.004578,0.002901,0.001677,0.00654,-0.004645,0.011185,-0.05363,0.01704,-0.07067,-0.260955,-0.312117,0.051162
ACO-X.TO,2008-07-29,6,streak_5plus,0.006636,0.002901,0.003734,-0.011944,-0.004645,-0.007299,-0.068348,0.01704,-0.085388,-0.276709,-0.312117,0.035408
CU.TO,2008-07-29,2,streak_2,0.028959,0.002901,0.026058,0.030769,-0.004645,0.035414,-0.044344,0.01704,-0.061384,-0.047059,-0.312117,0.265058
TFII.TO,2008-07-29,2,streak_2,-0.016771,0.002901,-0.019673,0.044025,-0.004645,0.04867,0.104822,0.01704,0.087782,-0.429769,-0.312117,-0.117653
WN.TO,2008-07-29,2,streak_2,-0.018083,0.002901,-0.020985,0.009042,-0.004645,0.013687,0.057866,0.01704,0.040826,0.352622,-0.312117,0.664739
BEP-UN.TO,2008-07-29,2,streak_2,0.003378,0.002901,0.000477,0.0,-0.004645,0.004645,0.084459,0.01704,0.067419,-0.14527,-0.312117,0.166846
SOY.TO,2008-07-29,2,streak_2,0.041584,0.002901,0.038683,0.051485,-0.004645,0.05613,0.344554,0.01704,0.327514,-0.108911,-0.312117,0.203206
MAXR.TO,2008-07-30,4,streak_4,-0.015522,0.025527,-0.04105,-0.089552,0.008312,-0.097864,-0.114925,0.030571,-0.145497,-0.442687,-0.287875,-0.154812
CFP.TO,2008-07-30,5,streak_5plus,0.022099,0.025527,-0.003428,0.151934,0.008312,0.143622,0.461326,0.030571,0.430755,-0.129834,-0.287875,0.158041
SNC.TO,2008-07-30,2,streak_2,0.044975,0.025527,0.019448,0.081518,0.008312,0.073206,-0.000937,0.030571,-0.031508,-0.430546,-0.287875,-0.142671
X.TO,2008-07-30,5,streak_5plus,0.046455,0.025527,0.020927,0.03912,0.008312,0.030808,-0.026895,0.030571,-0.057466,-0.222494,-0.287875,0.065381
TA.TO,2008-07-31,3,streak_3,0.011194,-0.006599,0.017793,0.017058,-0.021779,0.038836,0.039446,0.006439,0.033007,-0.329957,-0.279686,-0.050271
ENB.TO,2008-07-31,3,streak_3,0.028785,-0.006599,0.035384,0.021322,-0.021779,0.0431,0.026652,0.006439,0.020214,-0.034115,-0.279686,0.245571
TRP.TO,2008-07-31,5,streak_5plus,0.025143,-0.006599,0.031742,0.031429,-0.021779,0.053207,0.04,0.006439,0.033561,-0.041143,-0.279686,0.238543
EMA.TO,2008-08-01,2,streak_2,0.0,-0.007092,0.007092,-0.026022,-0.01848,-0.007542,0.0,-0.021585,0.021585,-0.065675,-0.281772,0.216097
QBR-B.TO,2008-08-05,2,streak_2,0.0,-0.018842,0.018842,0.026087,-0.021732,0.047818,0.121739,-0.026585,0.148324,-0.206522,-0.279717,0.073195
UNS.TO,2008-08-05,2,streak_2,0.033953,-0.018842,0.052795,0.04186,-0.021732,0.063592,0.097674,-0.026585,0.124259,0.005179,-0.279717,0.284895
ARE.TO,2008-08-05,4,streak_4,-0.02994,-0.018842,-0.011098,0.017964,-0.021732,0.039696,0.073054,-0.026585,0.099639,-0.475449,-0.279717,-0.195732
WJX.TO,2008-08-06,4,streak_4,0.1,0.015957,0.084043,0.142857,-0.005679,0.148536,0.221429,-0.032329,0.253757,-0.096429,-0.236033,0.139605
MG.TO,2008-08-06,2,streak_2,0.028693,0.015957,0.012736,0.068013,-0.005679,0.073692,-0.032944,-0.032329,-0.000615,-0.361318,-0.236033,-0.125284
DII-B.TO,2008-08-07,2,streak_2,0.033333,-0.005077,0.03841,0.031818,-0.005671,0.037489,0.003886,-0.047356,0.051242,-0.117797,-0.265083,0.147286
CNQ.TO,2008-08-07,2,streak_2,0.055204,-0.005077,0.06028,0.066063,-0.005671,0.071735,0.051584,-0.047356,0.098939,-0.237104,-0.265083,0.027979
BDT.TO,2008-08-07,3,streak_3,0.001869,-0.005077,0.006946,-0.013084,-0.005671,-0.007413,-0.102804,-0.047356,-0.055448,-0.431776,-0.265083,-0.166692
CSU.TO,2008-08-07,8,streak_5plus,-0.008311,-0.005077,-0.003235,0.009186,-0.005671,0.014858,0.035871,-0.047356,0.083226,-0.107612,-0.265083,0.157472
AC.TO,2008-08-08,6,streak_5plus,-0.008475,-0.00325,-0.005225,-0.005085,-0.001965,-0.00312,-0.257627,-0.056077,-0.20155,-0.084746,-0.286122,0.201376
BN.TO,2008-08-08,3,streak_3,0.006723,-0.00325,0.009973,-0.043697,-0.001965,-0.041733,-0.016807,-0.056077,0.03927,-0.37479,-0.286122,-0.088668
LIF.TO,2008-08-12,3,streak_3,0.003937,-0.002742,0.006679,0.161417,-0.006347,0.167764,0.096457,-0.053472,0.149929,-0.322835,-0.266178,-0.056657
TRI.TO,2008-08-12,11,streak_5plus,0.010733,-0.002742,0.013474,-0.0056,-0.006347,0.000747,-0.023798,-0.053472,0.029673,-0.241717,-0.266178,0.024461
KEY.TO,2008-08-12,4,streak_4,-0.010025,-0.002742,-0.007283,0.042607,-0.006347,0.048953,0.030075,-0.053472,0.083547,-0.110276,-0.266178,0.155902
ESI.TO,2008-08-12,6,streak_5plus,0.048255,-0.002742,0.050996,0.066222,-0.006347,0.072568,-0.056468,-0.053472,-0.002996,-0.254213,-0.266178,0.011965
NOA.TO,2008-08-13,3,streak_3,0.055333,0.015964,0.039369,0.093825,-0.00783,0.101655,-0.056937,-0.04209,-0.014847,-0.724138,-0.284271,-0.439867
CIX.TO,2008-08-14,3,streak_3,-0.000952,-0.001368,0.000416,-0.011429,-0.002026,-0.009403,-0.008571,-0.045421,0.036849,-0.3,-0.332999,0.032999
LNR.TO,2008-08-14,7,streak_5plus,0.007617,-0.001368,0.008985,-0.020675,-0.002026,-0.018649,-0.104461,-0.045421,-0.059041,-0.480958,-0.332999,-0.147958
MRE.TO,2008-08-14,2,streak_2,-0.008977,-0.001368,-0.007609,0.0,-0.002026,0.002026,-0.068223,-0.045421,-0.022802,-0.423698,-0.332999,-0.090699
NA.TO,2008-08-28,11,streak_5plus,0.04024,0.016245,0.023995,0.055651,-0.052961,0.108612,0.066781,-0.103816,0.170597,-0.184932,-0.361193,0.176262
RY.TO,2008-08-28,3,streak_3,0.0625,0.016245,0.046255,0.07069,-0.052961,0.123651,0.124138,-0.103816,0.227954,-0.127155,-0.361193,0.234038
LB.TO,2008-09-05,3,streak_3,0.019538,0.00018,0.019359,0.127886,-0.015709,0.143596,0.080521,-0.156913,0.237434,-0.076969,-0.35251,0.275541
LIF.TO,2008-10-21,4,streak_4,-0.081152,-0.044443,-0.036709,-0.052356,-0.167206,0.11485,-0.371728,-0.138098,-0.23363,-0.287958,-0.170367,-0.117591
CNR.TO,2008-10-21,2,streak_2,-0.03017,-0.044443,0.014273,-0.052112,-0.167206,0.115095,-0.083928,-0.138098,0.054171,-0.209545,-0.170367,-0.039178
SJR-B.TO,2008-10-23,14,streak_5plus,0.001012,0.010231,-0.009219,0.060253,0.028657,0.031596,0.010689,-0.163702,0.174391,0.050926,-0.081229,0.132155
OVV.TO,2008-10-23,3,streak_3,0.084996,0.010231,0.074765,0.166788,0.028657,0.138131,-0.135594,-0.163702,0.028108,0.048241,-0.081229,0.129469
WFG.TO,2008-10-27,2,streak_2,-0.054276,-0.081428,0.027152,0.103618,0.05043,0.053189,-0.003289,-0.0918,0.088511,0.01727,-0.068603,0.085872
TIH.TO,2008-10-27,2,streak_2,-0.037554,-0.081428,0.043874,0.003219,0.05043,-0.047211,-0.077253,-0.0918,0.014547,-0.092275,-0.068603,-0.023672
TRP.TO,2008-10-28,6,streak_5plus,0.055817,0.071955,-0.016138,0.101547,0.138686,-0.037139,-0.014122,-0.011057,-0.003065,0.028245,0.026039,0.002206
RCI-B.TO,2008-10-28,2,streak_2,0.100637,0.071955,0.028682,0.226115,0.138686,0.087429,0.220382,-0.011057,0.231439,0.171975,0.026039,0.145936
ACO-Y.TO,2008-10-28,7,streak_5plus,0.033852,0.071955,-0.038103,0.115279,0.138686,-0.023406,-0.020128,-0.011057,-0.009071,0.013724,0.026039,-0.012315
ARE.TO,2008-10-28,5,streak_5plus,0.011299,0.071955,-0.060655,0.237288,0.138686,0.098603,0.220339,-0.011057,0.231396,0.731638,0.026039,0.7056
CU.TO,2008-10-28,3,streak_3,0.088935,0.071955,0.01698,0.08273,0.138686,-0.055955,0.096174,-0.011057,0.107231,-0.004137,0.026039,-0.030175
ACO-X.TO,2008-10-28,7,streak_5plus,0.042065,0.071955,-0.02989,0.134799,0.138686,-0.003886,-0.012428,-0.011057,-0.001371,0.035373,0.026039,0.009334
MAXR.TO,2008-10-29,5,streak_5plus,-0.020462,0.038245,-0.058706,0.133788,0.105446,0.028342,-0.016264,-0.05552,0.039256,0.101784,-0.026815,0.128599
CIGI.TO,2008-10-29,2,streak_2,0.0978,0.038245,0.059555,0.237164,0.105446,0.131718,0.198859,-0.05552,0.254379,0.114099,-0.026815,0.140914
X.TO,2008-10-29,6,streak_5plus,0.104167,0.038245,0.065922,0.177083,0.105446,0.071637,-0.090278,-0.05552,-0.034757,0.277778,-0.026815,0.304593
CCA.TO,2008-10-30,8,streak_5plus,-0.070175,0.03732,-0.107496,-0.071598,0.040583,-0.112181,-0.117591,-0.078703,-0.038889,-0.001897,-0.077755,0.075859
STN.TO,2008-10-30,2,streak_2,0.09434,0.03732,0.05702,0.365747,0.040583,0.325165,0.301887,-0.078703,0.380589,0.656023,-0.077755,0.733779
TFII.TO,2008-10-30,3,streak_3,0.085911,0.03732,0.048591,0.054983,0.040583,0.0144,-0.003436,-0.078703,0.075266,-0.068729,-0.077755,0.009027
CFP.TO,2008-10-30,6,streak_5plus,0.052381,0.03732,0.015061,0.039683,0.040583,-0.0009,0.207937,-0.078703,0.286639,0.079365,-0.077755,0.15712
FTS.TO,2008-10-31,2,streak_2,-0.007965,-0.009476,0.001511,0.020999,-0.030519,0.051518,0.018827,-0.059414,0.078241,-0.071687,-0.117824,0.046137
SNC.TO,2008-10-31,3,streak_3,0.001564,-0.009476,0.01104,0.055512,-0.030519,0.086031,0.104378,-0.059414,0.163793,0.098124,-0.117824,0.215948
BEP-UN.TO,2008-11-03,3,streak_3,0.010791,-0.004251,0.015042,-0.017986,-0.017065,-0.000921,-0.017986,-0.138956,0.12097,-0.061151,-0.116565,0.055414
K.TO,2008-11-05,2,streak_2,0.020553,-0.022676,0.043229,0.1083,-0.068462,0.176762,0.226087,-0.179863,0.40595,0.467194,-0.140709,0.607903
DII-B.TO,2008-11-05,3,streak_3,0.056466,-0.022676,0.079142,0.056466,-0.068462,0.124928,-0.189184,-0.179863,-0.009321,-0.184059,-0.140709,-0.04335
GBT.TO,2008-11-06,2,streak_2,-0.025449,-0.033559,0.008109,0.0,-0.097561,0.097561,-0.023952,-0.185027,0.161075,-0.013473,-0.103791,0.090318
CNQ.TO,2008-11-06,3,streak_3,-0.116251,-0.033559,-0.082693,-0.206406,-0.097561,-0.108845,-0.321471,-0.185027,-0.136444,-0.256228,-0.103791,-0.152437
RUS.TO,2008-11-06,2,streak_2,-0.076379,-0.033559,-0.042821,-0.090523,-0.097561,0.007037,-0.306931,-0.185027,-0.121904,-0.121641,-0.103791,-0.01785
CCL-B.TO,2008-11-06,2,streak_2,-0.020964,-0.033559,0.012594,-0.129979,-0.097561,-0.032419,-0.167715,-0.185027,0.017312,-0.220126,-0.103791,-0.116335
NPI.TO,2008-11-06,2,streak_2,-0.049645,-0.033559,-0.016087,-0.018913,-0.097561,0.078648,-0.044917,-0.185027,0.14011,0.028369,-0.103791,0.13216
BN.TO,2008-11-07,4,streak_4,0.02957,0.00427,0.0253,0.048387,-0.021203,0.06959,-0.188172,-0.150533,-0.037639,-0.048387,-0.057287,0.0089
KEY.TO,2008-11-10,5,streak_5plus,-0.005602,0.00965,-0.015252,-0.019608,-0.056293,0.036685,-0.12605,-0.10724,-0.01881,-0.089636,-0.0572,-0.032436
ESI.TO,2008-11-10,7,streak_5plus,-0.00207,0.00965,-0.01172,-0.106971,-0.056293,-0.050677,-0.162871,-0.10724,-0.055631,-0.23688,-0.0572,-0.17968
GIB-A.TO,2008-11-10,2,streak_2,0.009615,0.00965,-3.4e-05,-0.048077,-0.056293,0.008216,0.002137,-0.10724,0.109377,0.069444,-0.0572,0.126644
UNS.TO,2008-11-11,3,streak_3,-0.002469,-0.027331,0.024862,-0.022716,-0.092199,0.069483,0.135802,-0.133267,0.269069,0.299366,-0.089887,0.389254
BDT.TO,2008-11-11,4,streak_4,-0.010033,-0.027331,0.017297,-0.053512,-0.092199,0.038688,-0.324415,-0.133267,-0.191147,-0.043478,-0.089887,0.046409
TRI.TO,2008-11-12,12,streak_5plus,0.028902,-0.053205,0.082106,0.095055,-0.062426,0.15748,0.257547,-0.083829,0.341375,0.192036,-0.072803,0.264839
EQ.V,2008-11-12,2,streak_2,-0.05,-0.053205,0.003205,-0.075,-0.062426,-0.012574,-0.3,-0.083829,-0.216171,-0.1,-0.072803,-0.027197
WN.TO,2008-11-18,3,streak_3,-0.007585,0.004571,-0.012156,-0.139064,-0.040316,-0.098748,-0.068268,-0.008118,-0.06015,0.007585,-0.070434,0.078019
MRU.TO,2008-11-19,2,streak_2,0.0,-0.039058,0.039058,0.009479,-0.044456,0.053935,0.111374,-0.012631,0.124005,0.146919,-0.073599,0.220519
NA.TO,2008-12-04,12,streak_5plus,-0.059653,-0.02883,-0.030823,-0.130152,0.040617,-0.170769,-0.08243,0.141629,-0.224059,-0.027115,-0.085031,0.057916
LB.TO,2008-12-05,4,streak_4,-0.074289,0.007347,-0.081636,-0.018088,0.041463,-0.059551,-0.085917,0.131984,-0.217901,-0.295866,-0.060922,-0.234943
RY.TO,2008-12-05,4,streak_4,-0.02027,0.007347,-0.027617,-0.086279,0.041463,-0.127742,-0.001559,0.131984,-0.133543,-0.213098,-0.060922,-0.152175
MDI.TO,2008-12-08,2,streak_2,0.186147,0.055451,0.130696,0.190476,0.049094,0.141382,0.621212,0.136085,0.485127,0.087662,-0.029149,0.116811
CNR.TO,2009-01-22,3,streak_3,-0.013378,-0.030978,0.0176,0.101672,0.016933,0.084739,0.008027,-0.092248,0.100275,0.240803,0.059523,0.181279
MRU.TO,2009-01-27,3,streak_3,0.003071,0.01191,-0.008839,0.016377,-0.003662,0.020039,0.011259,-0.08366,0.094919,-0.001024,0.085288,-0.086312
GIB-A.TO,2009-01-27,3,streak_3,0.052083,0.01191,0.040173,0.040625,-0.003662,0.044287,-0.025,-0.08366,0.05866,0.117708,0.085288,0.03242
CP.TO,2009-01-27,2,streak_2,0.0736,0.01191,0.06169,-0.0064,-0.003662,-0.002738,-0.0416,-0.08366,0.04206,0.1168,0.085288,0.031512
CLS.TO,2009-01-28,2,streak_2,0.003781,0.016736,-0.012955,-0.073724,-0.014955,-0.058769,-0.240076,-0.065391,-0.174685,0.357278,0.067172,0.290106
IMO.TO,2009-01-29,2,streak_2,-0.015857,-0.016101,0.000245,-0.019648,-0.023927,0.004279,0.001724,-0.087939,0.089662,0.083764,0.057275,0.02649
FTS.TO,2009-02-05,3,streak_3,0.003994,0.019314,-0.015321,-0.009585,0.005154,-0.014738,-0.069489,-0.126721,0.057232,-0.02476,0.166834,-0.191594
PD.TO,2009-02-09,2,streak_2,-0.060606,0.004363,-0.064969,-0.214141,-0.036623,-0.177518,-0.448485,-0.125178,-0.323307,0.414141,0.136545,0.277596
TIH.TO,2009-02-09,3,streak_3,-0.039046,0.004363,-0.043408,-0.0141,-0.036623,0.022523,-0.033623,-0.125178,0.091555,0.086768,0.136545,-0.049777
CAE.TO,2009-02-11,2,streak_2,0.012329,-0.009072,0.021401,-0.017808,-0.072795,0.054987,-0.04109,-0.06074,0.01965,0.038705,0.142868,-0.104164
ARX.TO,2009-02-11,2,streak_2,0.034153,-0.009072,0.043225,-0.098361,-0.072795,-0.025566,-0.198087,-0.06074,-0.137347,0.129781,0.142868,-0.013087
CTC.TO,2009-02-12,2,streak_2,0.067632,0.004681,0.062951,0.077368,-0.06323,0.140599,0.072632,-0.049726,0.122357,0.218684,0.111194,0.107491
CTC-A.TO,2009-02-12,2,streak_2,0.055511,0.004681,0.05083,0.016773,-0.06323,0.080004,0.075879,-0.049726,0.125605,0.179712,0.111194,0.068519
BN.TO,2009-02-13,5,streak_5plus,0.047478,-0.011471,0.058949,-0.077151,-0.094409,0.017258,-0.065282,-0.044664,-0.020618,0.118694,0.12193,-0.003236
NPI.TO,2009-02-13,3,streak_3,-0.002268,-0.011471,0.009203,-0.102041,-0.094409,-0.007632,-0.102041,-0.044664,-0.057376,-0.122449,0.12193,-0.244379
ACO-Y.TO,2009-02-18,8,streak_5plus,-0.061443,-0.024192,-0.03725,-0.066785,-0.061991,-0.004795,0.004452,0.029885,-0.025433,-0.051647,0.205557,-0.257204
ACO-X.TO,2009-02-18,8,streak_5plus,-0.067568,-0.024192,-0.043375,-0.062162,-0.061991,-0.000172,0.023423,0.029885,-0.006462,-0.06036,0.205557,-0.265917
OBE.TO,2009-02-18,2,streak_2,-0.078431,-0.024192,-0.054239,-0.068235,-0.061991,-0.006245,-0.028245,0.029885,-0.058131,0.171451,0.205557,-0.034106
CU.TO,2009-02-18,4,streak_4,-0.022022,-0.024192,0.00217,0.011011,-0.061991,0.073002,0.007007,0.029885,-0.022878,-0.099099,0.205557,-0.304656
L.TO,2009-02-18,2,streak_2,-0.009772,-0.024192,0.01442,-0.061889,-0.061991,0.000101,0.0,0.029885,-0.029885,0.117264,0.205557,-0.088293
IPL.TO,2009-02-19,2,streak_2,0.0,0.00115,-0.00115,-0.051034,-0.029807,-0.021228,-0.008276,0.062928,-0.071204,0.182069,0.251517,-0.069448
GBT.TO,2009-02-19,3,streak_3,-0.016467,0.00115,-0.017617,0.023952,-0.029807,0.053759,0.010479,0.062928,-0.052449,0.092814,0.251517,-0.158702
SCL.TO,2009-02-19,2,streak_2,0.017361,0.00115,0.016211,0.201389,-0.029807,0.231196,0.264927,0.062928,0.201998,0.514324,0.251517,0.262808
KEY.TO,2009-02-24,6,streak_5plus,-0.027304,0.027668,-0.054972,0.010239,0.005204,0.005035,0.037543,0.157132,-0.11959,0.259386,0.31667,-0.057285
TRI.TO,2009-02-24,13,streak_5plus,0.11444,0.027668,0.086771,0.064709,0.005204,0.059505,0.167166,0.157132,0.010034,0.217496,0.31667,-0.099175
NA.TO,2009-02-26,13,streak_5plus,0.097076,0.032084,0.064992,0.059649,-0.014813,0.074462,0.242105,0.134034,0.108071,0.459649,0.278595,0.181054
RY.TO,2009-02-26,5,streak_5plus,0.064046,0.032084,0.031962,0.019658,-0.014813,0.03447,0.249841,0.134034,0.115807,0.485732,0.278595,0.207137
CM.TO,2009-02-26,2,streak_2,0.061053,0.032084,0.028969,-0.084211,-0.014813,-0.069398,0.110526,0.134034,-0.023508,0.342105,0.278595,0.06351
MAXR.TO,2009-02-26,6,streak_5plus,-0.002445,0.032084,-0.034529,-0.017115,-0.014813,-0.002302,0.262103,0.134034,0.128068,0.394132,0.278595,0.115537
BHC.TO,2009-02-26,2,streak_2,-0.030612,0.032084,-0.062696,0.043732,-0.014813,0.058545,-0.004918,0.134034,-0.138952,0.071613,0.278595,-0.206983
ALA.TO,2009-02-26,2,streak_2,0.013972,0.032084,-0.018112,0.03992,-0.014813,0.054733,0.131737,0.134034,-0.002298,0.283433,0.278595,0.004838
BMO.TO,2009-03-03,2,streak_2,0.024559,-0.007272,0.03183,-0.001535,-0.015688,0.014153,0.222563,0.134361,0.088202,0.695318,0.379395,0.315923
ARE.TO,2009-03-03,6,streak_5plus,-0.029297,-0.007272,-0.022025,-0.087891,-0.015688,-0.072203,0.132812,0.134361,-0.001549,0.373047,0.379395,-0.006348
CNQ.TO,2009-03-05,4,streak_4,0.051948,-0.02375,0.075698,0.168831,0.025106,0.143725,0.38961,0.161015,0.228595,0.627087,0.316745,0.310342
NVA.TO,2009-03-05,2,streak_2,-0.071161,-0.02375,-0.047411,0.0,0.025106,-0.025106,0.235955,0.161015,0.07494,1.022472,0.316745,0.705727
AGI.TO,2009-03-10,2,streak_2,-0.066763,0.04143,-0.108194,-0.021771,0.10834,-0.130111,0.029028,0.166237,-0.13721,0.238026,0.394111,-0.156085
BTE.TO,2009-03-10,2,streak_2,0.024967,0.04143,-0.016463,0.128778,0.10834,0.020438,0.304862,0.166237,0.138625,0.621551,0.394111,0.227439
CPG.TO,2009-03-16,2,streak_2,-0.004209,0.010032,-0.014241,0.0867,0.024448,0.062253,0.148148,0.111785,0.036363,0.403199,0.282005,0.121194
ESI.TO,2009-03-16,8,streak_5plus,0.008564,0.010032,-0.001468,-0.003806,0.024448,-0.028254,0.1703,0.111785,0.058515,0.71708,0.282005,0.435075
EQ.V,2009-03-19,3,streak_3,0.02,0.007116,0.012885,0.52,0.019504,0.500496,1.48,0.093706,1.386294,2.58,0.16653,2.41347
BB.TO,2009-04-02,2,streak_2,0.057019,0.014684,0.042335,0.333622,0.003075,0.330547,0.487002,0.06209,0.424911,0.4026,0.145843,0.256756
CNR.TO,2009-04-20,4,streak_4,-0.045287,-0.033006,-0.012281,-0.032649,0.011846,-0.044495,-0.085835,0.070282,-0.156117,-0.038441,0.098721,-0.137162
TECK-B.TO,2009-04-21,2,streak_2,0.226899,0.013259,0.213641,0.147844,0.029432,0.118412,0.563655,0.121211,0.442444,1.029774,0.154993,0.874781
TIH.TO,2009-04-22,4,streak_4,0.038153,0.003461,0.034692,0.0251,0.010901,0.0142,-0.031124,0.075958,-0.107083,-0.021084,0.137133,-0.158218
SU.TO,2009-04-23,2,streak_2,0.029559,0.014042,0.015517,0.03179,0.014775,0.017015,0.209704,0.076968,0.132737,0.223648,0.124278,0.09937
MRU.TO,2009-04-23,4,streak_4,-0.00207,0.014042,-0.016113,-0.016563,0.014775,-0.031338,-0.036232,0.076968,-0.1132,-0.018634,0.124278,-0.142912
CLS.TO,2009-04-23,3,streak_3,0.130282,0.014042,0.11624,0.304577,0.014775,0.289803,0.227113,0.076968,0.150145,0.522887,0.124278,0.398609
AEM.TO,2009-04-29,2,streak_2,-0.010441,0.007306,-0.017747,-0.029002,0.056985,-0.085988,0.175174,0.111724,0.06345,0.039907,0.130777,-0.090869
IMO.TO,2009-04-30,3,streak_3,-0.00827,-0.009717,0.001447,-0.010814,0.077217,-0.088031,0.032125,0.101292,-0.069168,-0.00827,0.110341,-0.11861
ACO-X.TO,2009-05-01,9,streak_5plus,0.05,0.018467,0.031533,0.039216,0.068881,-0.029665,0.048039,0.137193,-0.089154,0.112745,0.144979,-0.032234
CU.TO,2009-05-01,5,streak_5plus,0.019362,0.018467,0.000895,0.041002,0.068881,-0.027879,0.055809,0.137193,-0.081385,0.059226,0.144979,-0.085754
ACO-Y.TO,2009-05-01,9,streak_5plus,0.014218,0.018467,-0.004249,0.014218,0.068881,-0.054663,0.025592,0.137193,-0.111601,0.12891,0.144979,-0.016069
L.TO,2009-05-05,3,streak_3,0.076677,0.001043,0.075634,0.092652,0.022664,0.069988,0.073482,0.042521,0.030961,0.079872,0.116277,-0.036405
RBA.TO,2009-05-05,2,streak_2,0.021586,0.001043,0.020543,0.004518,0.022664,-0.018146,-0.111948,0.042521,-0.154469,-0.049699,0.116277,-0.165976
MAXR.TO,2009-05-05,7,streak_5plus,-0.035171,0.001043,-0.036214,-0.033587,0.022664,-0.05625,-0.100126,0.042521,-0.142647,0.029468,0.116277,-0.086809
YRI.TO,2009-05-05,2,streak_2,-0.005005,0.001043,-0.006049,-0.008008,0.022664,-0.030672,0.214214,0.042521,0.171693,0.059037,0.116277,-0.05724
GIB-A.TO,2009-05-06,4,streak_4,-0.049136,0.026587,-0.075723,-0.083712,0.019938,-0.10365,-0.076433,0.06037,-0.136803,-0.022748,0.118028,-0.140776
GBT.TO,2009-05-07,4,streak_4,0.010014,-0.017381,0.027395,0.041488,-0.042777,0.084264,0.058655,0.041988,0.016667,0.060086,0.064081,-0.003995
T.TO,2009-05-07,2,streak_2,0.020057,-0.017381,0.037438,-0.008596,-0.042777,0.034181,0.080229,0.041988,0.038241,0.020057,0.064081,-0.044024
ALA.TO,2009-05-07,3,streak_3,0.012945,-0.017381,0.030326,0.024272,-0.042777,0.067048,0.076052,0.041988,0.034064,0.110032,0.064081,0.045951
EQ.V,2009-05-07,4,streak_4,-0.005848,-0.017381,0.011533,-0.005848,-0.042777,0.036929,-0.093567,0.041988,-0.135555,-0.011696,0.064081,-0.075777
CNQ.TO,2009-05-07,5,streak_5plus,-0.029817,-0.017381,-0.012436,-0.06422,-0.042777,-0.021444,0.040138,0.041988,-0.00185,0.06422,0.064081,0.000139
TRI.TO,2009-05-07,14,streak_5plus,-0.047424,-0.017381,-0.030043,-0.090743,-0.042777,-0.047967,-0.053352,0.041988,-0.095339,0.007752,0.064081,-0.056329
IPL.TO,2009-05-07,3,streak_3,0.014031,-0.017381,0.031411,0.042092,-0.042777,0.084868,0.081633,0.041988,0.039645,0.221939,0.064081,0.157858
ESI.TO,2009-05-11,9,streak_5plus,0.030406,-0.014056,0.044461,-0.074324,-0.046406,-0.027919,0.173649,0.03027,0.143379,0.16137,0.054278,0.107092
QBR-B.TO,2009-05-13,2,streak_2,0.026012,-0.036536,0.062548,0.115607,0.015351,0.100256,-0.00289,0.063149,-0.066039,0.33526,0.057771,0.277489
CAE.TO,2009-05-13,3,streak_3,-0.039735,-0.036536,-0.003199,-0.047683,0.015351,-0.063033,-0.068874,0.063149,-0.132024,0.129322,0.057771,0.071551
IFC.TO,2009-05-13,2,streak_2,-0.068923,-0.036536,-0.032387,-0.034666,0.015351,-0.050016,-0.050979,0.063149,-0.114128,-0.01876,0.057771,-0.076531
CTC-A.TO,2009-05-14,3,streak_3,0.060257,0.014388,0.045869,0.034529,0.024728,0.009801,0.154367,0.096349,0.058018,0.291469,0.114949,0.17652
CTC.TO,2009-05-14,3,streak_3,0.04837,0.014388,0.033982,-0.004103,0.024728,-0.028831,0.03239,0.096349,-0.063959,0.020298,0.114949,-0.094651
NPI.TO,2009-05-14,4,streak_4,-0.005141,0.014388,-0.019529,-0.005141,0.024728,-0.02987,0.051414,0.096349,-0.044935,0.115681,0.114949,0.000732
BMO.TO,2009-05-26,3,streak_3,0.051395,0.021491,0.029904,0.081253,0.053091,0.028162,0.094469,-0.017161,0.11163,0.194322,0.071553,0.122769
CM.TO,2009-05-28,3,streak_3,-0.044706,0.024669,-0.069375,-0.058039,0.014583,-0.072622,0.006275,0.02107,-0.014796,0.158431,0.07592,0.082511
NA.TO,2009-05-28,14,streak_5plus,0.036859,0.024669,0.01219,0.052083,0.014583,0.037501,0.113782,0.02107,0.092712,0.196314,0.07592,0.120394
BNS.TO,2009-05-28,2,streak_2,0.003831,0.024669,-0.020838,0.024521,0.014583,0.009938,0.10728,0.02107,0.086209,0.255172,0.07592,0.179252
TD.TO,2009-05-28,2,streak_2,0.067835,0.024669,0.043166,0.125,0.014583,0.110417,0.166159,0.02107,0.145088,0.330793,0.07592,0.254872
RY.TO,2009-05-29,6,streak_5plus,-0.03962,-0.002146,-0.037474,-0.014445,0.00816,-0.022605,0.044573,-0.00025,0.044823,0.255468,0.052115,0.203353
CWB.TO,2009-06-04,2,streak_2,0.010193,0.018183,-0.00799,0.114383,0.029922,0.084461,0.174405,-0.00068,0.175086,0.218573,0.039961,0.178612
BB.TO,2009-06-18,3,streak_3,-0.00413,0.005504,-0.009634,-0.062758,0.003457,-0.066215,-0.073199,0.030131,-0.10333,0.012506,0.14525,-0.132744
CNR.TO,2009-07-20,5,streak_5plus,0.012596,0.01652,-0.003924,0.019168,0.030715,-0.011548,0.087623,0.029356,0.058268,0.125411,0.112736,0.012675
TIH.TO,2009-07-21,5,streak_5plus,0.014568,-0.00241,0.016978,-0.027055,0.020558,-0.047614,0.009365,0.013861,-0.004495,0.085328,0.094624,-0.009296
TECK-B.TO,2009-07-23,3,streak_3,0.028571,0.023322,0.00525,0.017544,0.002195,0.015349,0.166416,0.038227,0.128189,0.354887,0.105537,0.249351
OVV.TO,2009-07-23,2,streak_2,0.024781,0.023322,0.001459,-0.032817,0.002195,-0.035012,-0.010783,0.038227,-0.04901,0.133444,0.105537,0.027907
CLS.TO,2009-07-23,4,streak_4,0.027746,0.023322,0.004424,-0.017341,0.002195,-0.019536,0.109827,0.038227,0.0716,0.115607,0.105537,0.01007
L.TO,2009-07-24,4,streak_4,-0.019886,0.001143,-0.021029,-0.042614,9.4e-05,-0.042707,-0.082386,0.010707,-0.093093,-0.136364,0.066169,-0.202533
CU.TO,2009-07-28,6,streak_5plus,-0.015773,-0.017374,0.001601,-0.018927,0.024234,-0.043162,0.026288,0.01439,0.011898,0.050473,0.027525,0.022948
MX.TO,2009-07-28,2,streak_2,-0.018139,-0.017374,-0.000765,-0.013407,0.024234,-0.037641,0.0347,0.01439,0.02031,0.05205,0.027525,0.024525
ACO-Y.TO,2009-07-28,10,streak_5plus,0.0,-0.017374,0.017374,0.0,0.024234,-0.024234,0.089001,0.01439,0.074611,0.115029,0.027525,0.087504
ACO-X.TO,2009-07-28,10,streak_5plus,-0.033505,-0.017374,-0.016131,-0.00945,0.024234,-0.033685,0.066151,0.01439,0.051761,0.10567,0.027525,0.078145
AEM.TO,2009-07-29,3,streak_3,-0.024096,-0.010898,-0.013198,0.105533,0.045069,0.060464,0.086345,0.034388,0.051957,0.134761,0.022213,0.112549
MAXR.TO,2009-07-29,8,streak_5plus,0.01402,-0.010898,0.024919,0.139152,0.045069,0.094083,0.137399,0.034388,0.103011,0.230634,0.022213,0.208422
GIB-A.TO,2009-07-29,5,streak_5plus,0.048276,-0.010898,0.059174,0.058128,0.045069,0.013059,0.117241,0.034388,0.082853,0.272906,0.022213,0.250694
ABX.TO,2009-07-30,2,streak_2,0.029887,0.021176,0.008711,0.07189,0.032338,0.039552,0.083603,0.049994,0.033609,0.109451,0.059291,0.05016
TRP.TO,2009-07-30,2,streak_2,0.006973,0.021176,-0.014202,0.020921,0.032338,-0.011417,0.069735,0.049994,0.019741,0.082287,0.059291,0.022997
YRI.TO,2009-08-04,3,streak_3,0.029211,0.021405,0.007806,-0.050633,0.000603,-0.051236,-0.031159,-0.009029,-0.02213,0.135409,0.008454,0.126954
ALA.TO,2009-08-05,4,streak_4,0.010116,0.002614,0.007502,-0.017341,-0.035269,0.017928,0.013006,-0.028753,0.041758,0.115607,0.000708,0.114899
DXT.TO,2009-08-05,2,streak_2,0.053812,0.002614,0.051198,0.295964,-0.035269,0.331233,0.412556,-0.028753,0.441309,0.596413,0.000708,0.595705
IMG.TO,2009-08-06,2,streak_2,0.056897,-0.022948,0.079844,0.119828,-0.035032,0.15486,0.378448,-0.011352,0.3898,0.434483,0.0022,0.432283
VET.TO,2009-08-06,2,streak_2,0.0,-0.022948,0.022948,0.004219,-0.035032,0.039252,-0.086498,-0.011352,-0.075146,-0.028833,0.0022,-0.031032
HCG.TO,2009-08-06,2,streak_2,0.044128,-0.022948,0.067075,0.04277,-0.035032,0.077802,0.084182,-0.011352,0.095534,0.162254,0.0022,0.160054
QBR-B.TO,2009-08-06,3,streak_3,0.091153,-0.022948,0.1141,0.238606,-0.035032,0.273638,0.214477,-0.011352,0.225829,0.19571,0.0022,0.193511
MRU.TO,2009-08-06,5,streak_5plus,0.031854,-0.022948,0.054802,0.030717,-0.035032,0.065749,0.051195,-0.011352,0.062546,0.004551,0.0022,0.002351
GBT.TO,2009-08-06,5,streak_5plus,0.0,-0.022948,0.022948,0.018893,-0.035032,0.053926,0.032389,-0.011352,0.04374,0.105263,0.0022,0.103063
TRI.TO,2009-08-06,15,streak_5plus,0.04789,-0.022948,0.070838,0.027975,-0.035032,0.063008,-0.00569,-0.011352,0.005662,-0.00569,0.0022,-0.00789
CNQ.TO,2009-08-06,6,streak_5plus,-0.028272,-0.022948,-0.005325,-0.081675,-0.035032,-0.046643,-0.082723,-0.011352,-0.071371,0.010471,0.0022,0.008272
EMA.TO,2009-08-07,2,streak_2,0.009103,0.008514,0.000588,0.0013,0.002983,-0.001683,0.002601,0.020763,-0.018162,0.076723,0.035883,0.04084
SNC.TO,2009-08-07,2,streak_2,0.030473,0.008514,0.021959,0.089014,0.002983,0.08603,0.045442,0.020763,0.02468,-0.010158,0.035883,-0.046041
RBA.TO,2009-08-07,3,streak_3,0.046621,0.008514,0.038107,0.016763,0.002983,0.013779,-0.017287,0.020763,-0.038049,-0.03143,0.035883,-0.067313
ESI.TO,2009-08-10,10,streak_5plus,-0.010417,-0.008415,-0.002002,-0.030671,-0.003427,-0.027244,-0.024305,0.020211,-0.044516,-0.070761,0.033541,-0.104302
CAE.TO,2009-08-12,4,streak_4,0.074684,0.00286,0.071824,0.048101,0.004168,0.043934,0.139241,0.049438,0.089803,0.143051,0.074999,0.068052
ONEX.TO,2009-08-12,2,streak_2,0.013766,0.00286,0.010906,0.111111,0.004168,0.106943,0.067847,0.049438,0.018409,0.103245,0.074999,0.028246
CTC.TO,2009-08-13,4,streak_4,0.0,0.015544,-0.015544,0.030265,0.002523,0.027741,0.013757,0.055657,-0.041901,0.00254,0.073162,-0.070622
CTC-A.TO,2009-08-13,4,streak_4,0.046639,0.015544,0.031095,0.007682,0.002523,0.005158,0.056516,0.055657,0.000859,0.037586,0.073162,-0.035576
BMO.TO,2009-08-25,4,streak_4,0.067213,0.012095,0.055119,0.081148,0.007247,0.0739,0.104098,0.067424,0.036675,0.107787,0.077294,0.030493
TD.TO,2009-08-27,3,streak_3,0.032646,0.001998,0.030648,-0.02921,-0.019327,-0.009883,0.0189,0.027511,-0.00861,0.023482,0.066412,-0.04293
NA.TO,2009-08-27,15,streak_5plus,0.040188,0.001998,0.03819,0.004689,-0.019327,0.024016,0.022103,0.027511,-0.005407,0.092431,0.066412,0.026019
RY.TO,2009-08-27,7,streak_5plus,0.065126,0.001998,0.063128,0.030812,-0.019327,0.050139,0.073529,0.027511,0.046019,0.087185,0.066412,0.020773
BNS.TO,2009-08-28,3,streak_3,-0.035524,0.004024,-0.039548,-0.081705,-0.001143,-0.080562,0.007105,0.037013,-0.029908,0.010065,0.045985,-0.03592
CWB.TO,2009-09-03,3,streak_3,0.042751,0.020577,0.022174,0.065985,0.042397,0.023588,0.109665,0.024016,0.08565,0.312268,0.100773,0.211495
TCL-B.TO,2009-09-10,2,streak_2,0.0,0.014072,-0.014072,0.265306,0.05049,0.214816,0.288265,0.044026,0.244239,0.244898,0.033518,0.21138
TCL-A.TO,2009-09-10,2,streak_2,0.123737,0.014072,0.109665,0.255051,0.05049,0.204561,0.270202,0.044026,0.226176,0.272727,0.033518,0.23921
AGF-B.TO,2009-09-23,2,streak_2,0.006885,-0.005887,0.012771,0.020654,-0.01646,0.037114,0.07401,-0.004514,0.078524,0.055077,-0.002676,0.057753
BB.TO,2009-09-24,4,streak_4,-0.024348,-0.020117,-0.004231,-0.216751,-0.010636,-0.206115,-0.251163,-0.011756,-0.239407,-0.229412,0.009594,-0.239007
CNR.TO,2009-10-20,6,streak_5plus,0.005353,-2.6e-05,0.005379,-0.024331,-0.026303,0.001973,0.057421,0.007939,0.049482,0.003893,0.0195,-0.015607
PD.TO,2009-10-22,2,streak_2,0.051383,0.007988,0.043395,-0.067194,-0.055646,-0.011548,-0.025033,0.013835,-0.038868,0.221344,0.002368,0.218975
CLS.TO,2009-10-22,5,streak_5plus,0.020085,0.007988,0.012096,-0.096195,-0.055646,-0.040549,-0.048626,0.013835,-0.062461,0.056025,0.002368,0.053657
TIH.TO,2009-10-26,6,streak_5plus,-0.009497,-0.012933,0.003436,-0.010446,-0.041407,0.030961,0.026591,0.021253,0.005338,0.098765,-0.002425,0.10119
WCN.TO,2009-10-26,2,streak_2,-0.013172,-0.012933,-0.00024,-0.00933,-0.041407,0.032077,0.074643,0.021253,0.053391,0.228869,-0.002425,0.231294
CP.TO,2009-10-27,2,streak_2,-0.049878,-0.016146,-0.033732,-0.030414,-0.031731,0.001318,0.071776,0.027121,0.044655,0.119221,0.011242,0.10798
RCI-B.TO,2009-10-27,2,streak_2,0.053671,-0.016146,0.069817,0.114744,-0.031731,0.146475,0.117829,0.027121,0.090708,0.142505,0.011242,0.131263
MFI.TO,2009-10-28,2,streak_2,0.027559,-0.022454,0.050014,0.076115,-0.002497,0.078612,0.119423,0.05278,0.066643,0.041995,0.02629,0.015704
S.TO,2009-10-28,2,streak_2,-0.062069,-0.022454,-0.039614,-0.015172,-0.002497,-0.012675,-0.033103,0.05278,-0.085883,-0.147107,0.02629,-0.173397
TECK-B.TO,2009-10-28,4,streak_4,-0.07615,-0.022454,-0.053696,-0.049865,-0.002497,-0.047368,0.124468,0.05278,0.071689,0.111326,0.02629,0.085036
MAXR.TO,2009-10-28,9,streak_5plus,-0.045405,-0.022454,-0.02295,-0.007613,-0.002497,-0.005116,0.086732,0.05278,0.033953,0.066613,0.02629,0.040322
FFH.TO,2009-10-29,2,streak_2,0.011702,0.024979,-0.013277,0.009588,0.024608,-0.015021,-0.012192,0.058444,-0.070636,0.010984,0.043395,-0.032411
ELD.TO,2009-10-29,2,streak_2,0.064545,0.024979,0.039566,0.135244,0.024608,0.110636,0.23039,0.058444,0.171947,0.154414,0.043395,0.111019
ABX.TO,2009-10-29,3,streak_3,0.070538,0.024979,0.045559,0.159002,0.024608,0.134394,0.238893,0.058444,0.18045,0.04092,0.043395,-0.002476
CFP.TO,2009-10-29,2,streak_2,-0.00155,0.024979,-0.026529,-0.03876,0.024608,-0.063368,0.131783,0.058444,0.073339,0.144186,0.043395,0.100791
ACO-X.TO,2009-10-30,11,streak_5plus,-0.013158,-0.014844,0.001686,-0.000774,0.009526,-0.0103,0.039474,0.035142,0.004332,0.051858,0.001725,0.050133
ACO-Y.TO,2009-10-30,11,streak_5plus,0.0,-0.014844,0.014844,-0.023343,0.009526,-0.032869,0.023343,0.035142,-0.011798,0.070783,0.001725,0.069059
CU.TO,2009-10-30,7,streak_5plus,0.013171,-0.014844,0.028015,0.025329,0.009526,0.015803,0.073961,0.035142,0.03882,0.147923,0.001725,0.146198
SAP.TO,2009-11-03,2,streak_2,0.025105,0.013559,0.011546,0.087866,0.055937,0.03193,0.188285,0.076197,0.112088,0.145397,0.048711,0.096686
RBA.TO,2009-11-03,4,streak_4,-0.004582,0.013559,-0.018141,0.089347,0.055937,0.033411,0.038946,0.076197,-0.037251,-0.080756,0.048711,-0.129467
ENB.TO,2009-11-04,2,streak_2,0.014878,0.004108,0.010769,0.025505,0.036351,-0.010846,0.113709,0.068366,0.045343,0.14559,0.033068,0.112522
HCG.TO,2009-11-04,3,streak_3,0.054837,0.004108,0.050728,0.093654,0.036351,0.057303,0.104128,0.068366,0.035762,0.065927,0.033068,0.03286
CET.TO,2009-11-04,2,streak_2,-0.00787,0.004108,-0.011978,0.065058,0.036351,0.028707,0.041448,0.068366,-0.026918,0.483211,0.033068,0.450143
IMG.TO,2009-11-04,3,streak_3,0.032258,0.004108,0.02815,0.145161,0.036351,0.10881,0.324442,0.068366,0.256075,-0.057718,0.033068,-0.090786
QBR-B.TO,2009-11-05,4,streak_4,0.125561,0.009891,0.11567,0.168161,0.033294,0.134868,0.116592,0.051069,0.065523,0.278027,0.005203,0.272824
GBT.TO,2009-11-05,6,streak_5plus,0.056166,0.009891,0.046276,0.14652,0.033294,0.113227,0.324786,0.051069,0.273717,0.401709,0.005203,0.396507
ARX.TO,2009-11-05,3,streak_3,0.037794,0.009891,0.027903,0.060266,0.033294,0.026972,-0.020429,0.051069,-0.071498,0.045965,0.005203,0.040763
ALA.TO,2009-11-05,5,streak_5plus,0.003881,0.009891,-0.00601,0.003881,0.033294,-0.029413,-0.003881,0.051069,-0.05495,0.033635,0.005203,0.028433
TRI.TO,2009-11-05,16,streak_5plus,-0.009061,0.009891,-0.018951,-0.021936,0.033294,-0.05523,-0.007153,0.051069,-0.058222,0.053886,0.005203,0.048684
AGI.TO,2009-11-05,2,streak_2,0.061125,0.009891,0.051234,0.114914,0.033294,0.081621,0.393643,0.051069,0.342574,0.224939,0.005203,0.219736
OBE.TO,2009-11-05,2,streak_2,0.009677,0.009891,-0.000213,-0.006989,0.033294,-0.040283,-0.003594,0.051069,-0.054664,0.03585,0.005203,0.030647
VET.TO,2009-11-06,3,streak_3,-0.007128,0.006234,-0.013362,-0.017819,0.016108,-0.033927,0.026372,0.029524,-0.003152,0.111903,0.003792,0.108111
SNC.TO,2009-11-06,3,streak_3,0.045369,0.006234,0.039135,0.081556,0.016108,0.065447,0.092358,0.029524,0.062833,0.110181,0.003792,0.106389
EMA.TO,2009-11-06,3,streak_3,0.016908,0.006234,0.010674,0.067633,0.016108,0.051525,0.095411,0.029524,0.065887,0.088164,0.003792,0.084372
GIB-A.TO,2009-11-09,6,streak_5plus,-0.019908,0.021021,-0.04093,0.001531,0.013982,-0.01245,0.014548,0.021261,-0.006713,0.093415,-0.012009,0.105424
PEY.TO,2009-11-11,2,streak_2,-0.018256,0.001146,-0.019402,0.010142,0.017792,-0.00765,-0.020284,-0.004157,-0.016127,0.070994,-0.012287,0.083281
CAE.TO,2009-11-11,5,streak_5plus,-0.027778,0.001146,-0.028924,-0.015556,0.017792,-0.033347,-0.046667,-0.004157,-0.04251,-0.038862,-0.012287,-0.026575
CTC-A.TO,2009-11-12,5,streak_5plus,0.008197,-0.006906,0.015102,-0.035695,0.01861,-0.054306,-0.086727,0.002168,-0.088894,-0.098889,-0.000376,-0.098514
CTC.TO,2009-11-12,5,streak_5plus,0.0,-0.006906,0.006906,-0.039688,0.01861,-0.058298,-0.047498,0.002168,-0.049666,0.008022,-0.000376,0.008398
L.TO,2009-11-17,5,streak_5plus,0.049834,0.010224,0.03961,0.063123,0.009703,0.05342,0.136213,0.002493,0.13372,0.292359,0.010702,0.281657
MRU.TO,2009-11-18,6,streak_5plus,0.022436,0.001952,0.020484,-0.00641,-0.007773,0.001363,0.063034,0.000602,0.062432,0.147436,0.005572,0.141864
ATD.TO,2009-11-24,2,streak_2,0.009585,-0.007261,0.016846,0.054313,-0.01521,0.069523,-0.019169,0.000344,-0.019513,-0.044728,-0.008792,-0.035936
BMO.TO,2009-11-24,5,streak_5plus,-0.007399,-0.007261,-0.000138,0.0037,-0.01521,0.018909,0.027007,0.000344,0.026663,0.030337,-0.008792,0.039129
CWB.TO,2009-12-02,4,streak_4,-0.001414,0.006184,-0.007599,-0.043847,-0.028905,-0.014942,-0.048091,0.013633,-0.061723,-0.038897,0.010054,-0.04895
TD.TO,2009-12-03,4,streak_4,-0.025513,-0.012148,-0.013365,-0.032723,-0.033999,0.001276,-0.032169,0.009202,-0.041371,0.057127,0.016588,0.040539
LB.TO,2009-12-09,2,streak_2,0.008373,0.000906,0.007467,0.021455,0.015138,0.006317,-0.020408,0.050858,-0.071266,0.047619,0.053726,-0.006106
GIL.TO,2009-12-10,2,streak_2,0.109356,0.007505,0.101851,0.165249,0.022655,0.142594,0.151883,0.038755,0.113128,0.272175,0.055768,0.216407
TCL-A.TO,2009-12-15,3,streak_3,0.041905,-0.000407,0.042312,0.038095,0.00078,0.037316,0.099048,0.0121,0.086948,0.074286,0.04807,0.026216
TCL-B.TO,2009-12-15,3,streak_3,0.057769,-0.000407,0.058176,0.053785,0.00078,0.053005,0.079681,0.0121,0.067582,0.105578,0.04807,0.057508
BB.TO,2009-12-17,5,streak_5plus,-0.019594,-0.014084,-0.005509,0.034508,0.001865,0.032643,-0.01433,0.010862,-0.025192,0.082468,0.026725,0.055743
MRU.TO,2010-01-26,7,streak_5plus,0.019685,0.00059,0.019095,0.017717,-0.00325,0.020966,0.052165,0.014734,0.037431,0.140748,0.081598,0.05915
CLS.TO,2010-01-27,6,streak_5plus,0.013462,-0.001505,0.014967,0.084615,0.004146,0.08047,0.049038,0.023783,0.025256,0.003846,0.069139,-0.065293
AGF-B.TO,2010-01-27,3,streak_3,0.053004,-0.001505,0.054509,0.095406,0.004146,0.091261,0.079505,0.023783,0.055723,0.164311,0.069139,0.095172
CP.TO,2010-01-28,3,streak_3,-0.030369,-0.006162,-0.024207,-0.055315,0.00409,-0.059405,-0.066161,0.025167,-0.091328,0.101952,0.064598,0.037355
SAP.TO,2010-02-02,3,streak_3,0.026242,0.008014,0.018228,0.024367,-0.017875,0.042242,0.043112,0.047298,-0.004187,-0.00656,0.077658,-0.084218
ARX.TO,2010-02-09,4,streak_4,0.014807,0.014296,0.000512,0.089832,0.042383,0.047449,0.113524,0.076093,0.037431,0.049358,0.074906,-0.025547
GIL.TO,2010-02-09,3,streak_3,0.009709,0.014296,-0.004587,0.091694,0.042383,0.049311,0.108954,0.076093,0.03286,0.230852,0.074906,0.155946
HCG.TO,2010-02-10,4,streak_4,-0.010428,0.001073,-0.011501,0.007135,0.032047,-0.024912,-0.007135,0.062576,-0.069712,0.038419,0.06443,-0.026011
CFP.TO,2010-02-10,3,streak_3,0.043534,0.001073,0.042461,0.076825,0.032047,0.044778,0.116517,0.062576,0.053941,0.332907,0.06443,0.268476
CAE.TO,2010-02-10,6,streak_5plus,-0.010333,0.001073,-0.011406,0.033295,0.032047,0.001248,0.074565,0.062576,0.011988,0.081475,0.06443,0.017045
IAG.TO,2010-02-12,2,streak_2,0.035786,0.002999,0.032787,0.0625,0.023943,0.038557,0.0625,0.050133,0.012367,0.155242,0.05956,0.095682
IGM.TO,2010-02-12,2,streak_2,0.002864,0.002999,-0.000136,0.016609,0.023943,-0.007334,0.032646,0.050133,-0.017487,-0.018328,0.05956,-0.077888
PD.TO,2010-02-12,3,streak_3,-0.024972,0.002999,-0.027971,-0.018161,0.023943,-0.042104,-0.062429,0.050133,-0.112562,-0.204313,0.05956,-0.263873
EMA.TO,2010-02-12,4,streak_4,0.03624,0.002999,0.033241,0.026048,0.023943,0.002105,0.05889,0.050133,0.008757,0.082673,0.05956,0.023113
WFG.TO,2010-02-12,2,streak_2,-0.004828,0.002999,-0.007827,0.045517,0.023943,0.021574,0.114483,0.050133,0.064349,0.3,0.05956,0.24044
WPK.TO,2010-02-16,8,streak_5plus,0.018212,0.010166,0.008046,0.074503,0.014386,0.060118,0.142384,0.05402,0.088364,0.18543,0.047534,0.137897
RCI-B.TO,2010-02-17,3,streak_3,-0.046083,0.004238,-0.050321,-0.010241,-0.005153,-0.005088,0.043523,0.044388,-0.000865,0.077829,0.019557,0.058272
L.TO,2010-02-17,6,streak_5plus,0.026385,0.004238,0.022148,0.023747,-0.005153,0.028899,0.021108,0.044388,-0.02328,0.05277,0.019557,0.033213
ABX.TO,2010-02-18,4,streak_4,0.032562,0.005096,0.027465,-0.023878,-0.009772,-0.014107,0.017004,0.034764,-0.01776,0.162808,0.011087,0.151721
ACO-Y.TO,2010-02-18,12,streak_5plus,0.022923,0.005096,0.017826,0.088825,-0.009772,0.098597,0.161175,0.034764,0.12641,0.061605,0.011087,0.050518
CU.TO,2010-02-18,8,streak_5plus,0.009848,0.005096,0.004751,0.046553,-0.009772,0.056325,0.15846,0.034764,0.123696,0.032229,0.011087,0.021142
OBE.TO,2010-02-18,3,streak_3,0.021212,0.005096,0.016116,0.063197,-0.009772,0.072969,0.104402,0.034764,0.069638,0.034583,0.011087,0.023496
KEY.TO,2010-02-18,2,streak_2,-0.001742,0.005096,-0.006839,-0.012195,-0.009772,-0.002423,0.038328,0.034764,0.003563,0.055749,0.011087,0.044662
ACO-X.TO,2010-02-18,12,streak_5plus,0.020999,0.005096,0.015903,0.068067,-0.009772,0.077838,0.146271,0.034764,0.111507,0.055033,0.011087,0.043946
GBT.TO,2010-02-19,7,streak_5plus,0.000831,0.00124,-0.000409,0.045681,-0.005421,0.051102,0.077243,0.021651,0.055592,0.137874,-0.00248,0.140353
CG.TO,2010-02-23,2,streak_2,-0.042146,-0.009291,-0.032855,0.048851,0.008019,0.040832,0.073755,0.035213,0.038541,-0.076628,-0.009747,-0.066882
D-UN.TO,2010-02-23,2,streak_2,0.020938,-0.009291,0.030229,-0.000838,0.008019,-0.008857,0.024288,0.035213,-0.010925,-0.037688,-0.009747,-0.027942
CAR-UN.TO,2010-02-24,2,streak_2,0.004005,-0.000425,0.00443,0.017356,0.026165,-0.008809,0.037383,0.037851,-0.000468,0.094793,-0.000746,0.095539
PRMW.TO,2010-02-24,4,streak_4,-0.001658,-0.000425,-0.001233,-0.101161,0.026165,-0.127326,-0.033168,0.037851,-0.071019,-0.038143,-0.000746,-0.037396
TFII.TO,2010-02-25,7,streak_5plus,0.041459,0.009512,0.031947,0.145937,0.028737,0.1172,0.14262,0.037867,0.104753,0.134328,0.001918,0.13241
CM.TO,2010-02-25,2,streak_2,0.031626,0.009512,0.022113,0.067679,0.028737,0.038942,0.132827,0.037867,0.09496,0.122707,0.001918,0.120789
CCL-B.TO,2010-02-25,2,streak_2,-0.002433,0.009512,-0.011946,0.111922,0.028737,0.083185,0.121654,0.037867,0.083787,0.055961,0.001918,0.054043
CAS.TO,2010-02-26,6,streak_5plus,-0.011516,-0.000155,-0.011361,-0.019194,0.016645,-0.035838,0.0,0.028028,-0.028028,-0.226488,0.010119,-0.236607
ALA.TO,2010-02-26,6,streak_5plus,0.001212,-0.000155,0.001367,-0.021818,0.016645,-0.038463,0.0,0.028028,-0.028028,-0.058182,0.010119,-0.068301
BMO.TO,2010-03-02,6,streak_5plus,0.039006,0.008544,0.030462,0.047981,0.020097,0.027884,0.092855,0.026952,0.065902,0.109424,0.002976,0.106448
CET.TO,2010-03-03,3,streak_3,-0.006412,0.00208,-0.008492,0.007695,0.007643,5.2e-05,-0.141071,0.017703,-0.158774,-0.197499,-0.021668,-0.175831
CFW.TO,2010-03-03,4,streak_4,0.037429,0.00208,0.035349,0.008543,0.007643,0.000901,-0.13751,0.017703,-0.155213,-0.233523,-0.021668,-0.211855
VET.TO,2010-03-03,4,streak_4,-0.027826,0.00208,-0.029906,-0.023188,0.007643,-0.030831,-0.005797,0.017703,-0.0235,-0.070145,-0.021668,-0.048477
LB.TO,2010-03-03,3,streak_3,0.039481,0.00208,0.037401,0.071931,0.007643,0.064288,0.076257,0.017703,0.058554,0.050838,-0.021668,0.072507
TD.TO,2010-03-04,5,streak_5plus,0.019619,-0.002354,0.021972,0.038692,0.009128,0.029564,0.107357,0.025158,0.082199,0.053406,-0.006091,0.059497
CWB.TO,2010-03-04,5,streak_5plus,0.015695,-0.002354,0.018049,0.079223,0.009128,0.070094,0.133782,0.025158,0.108623,0.089686,-0.006091,0.095777
PPL.TO,2010-03-04,2,streak_2,-0.005398,-0.002354,-0.003044,-0.039136,0.009128,-0.048265,-0.010796,0.025158,-0.035955,-0.010796,-0.006091,-0.004705
SNC.TO,2010-03-05,4,streak_4,0.044018,0.012693,0.031324,0.040126,0.013082,0.027044,0.033074,0.030562,0.002512,-0.083658,-0.001108,-0.08255
PEY.TO,2010-03-10,3,streak_3,0.015734,0.003557,0.012177,0.041958,0.014322,0.027636,0.001748,0.016344,-0.014596,0.131119,-0.033687,0.164805
QBR-B.TO,2010-03-10,5,streak_5plus,0.045752,0.003557,0.042194,0.127451,0.014322,0.113129,0.111111,0.016344,0.094767,0.053922,-0.033687,0.087608
EMP-A.TO,2010-03-10,2,streak_2,-0.003135,0.003557,-0.006692,0.038401,0.014322,0.024079,0.074451,0.016344,0.058107,0.061912,-0.033687,0.095599
BNE.TO,2010-03-11,2,streak_2,0.010594,0.001555,0.009039,0.031503,0.011671,0.019831,0.04126,0.018033,0.023227,-0.050909,-0.04268,-0.008229
SII.TO,2010-03-11,2,streak_2,0.032873,0.001555,0.031318,0.023539,0.011671,0.011868,-0.081981,0.018033,-0.100014,-0.159091,-0.04268,-0.116411
AGI.TO,2010-03-16,3,streak_3,0.050125,0.006712,0.043414,0.016708,-0.003464,0.020173,0.04929,0.016288,0.033002,0.12949,-0.028437,0.157928
TCL-B.TO,2010-03-17,4,streak_4,0.0,0.000935,-0.000935,0.041441,-0.003714,0.045155,0.059459,0.0101,0.04936,-0.043243,-0.015046,-0.028197
TCL-A.TO,2010-03-17,4,streak_4,0.0,0.000935,-0.000935,0.030142,-0.003714,0.033856,0.042553,0.0101,0.032453,0.044326,-0.015046,0.059373
DOL.TO,2010-04-08,2,streak_2,0.070423,0.000215,0.070208,0.084507,0.00772,0.076787,0.056338,-0.02217,0.078508,0.092958,-0.058922,0.15188
CCA.TO,2010-04-08,2,streak_2,-0.034164,0.000215,-0.034379,-0.070338,0.00772,-0.078058,-0.12701,-0.02217,-0.10484,-0.112942,-0.058922,-0.05402
WPK.TO,2010-04-20,9,streak_5plus,-0.048847,0.000868,-0.049714,-0.037992,0.014707,-0.052699,-0.037992,-0.027968,-0.010024,-0.017639,-0.046228,0.028589
OVV.TO,2010-04-21,2,streak_2,-0.000922,0.001742,-0.002664,0.02961,0.002741,0.026869,0.019555,-0.036959,0.056514,0.09215,-0.039922,0.132073
MRU.TO,2010-04-21,8,streak_5plus,0.00551,0.001742,0.003768,0.060606,0.002741,0.057865,0.075298,-0.036959,0.112257,0.061524,-0.039922,0.101447
PD.TO,2010-04-22,4,streak_4,0.010457,0.002167,0.00829,0.023529,-0.004755,0.028284,-0.1817,-0.060043,-0.121656,0.019607,-0.051201,0.070808
TFII.TO,2010-04-23,8,streak_5plus,0.009763,0.006471,0.003291,0.022315,0.00324,0.019075,-0.048814,-0.052587,0.003772,-0.050209,-0.040548,-0.009661
ABX.TO,2010-04-28,5,streak_5plus,0.02597,-0.005746,0.031716,0.059557,-0.009533,0.06909,0.083449,-0.032733,0.116182,0.006233,-0.035401,0.041633
CP.TO,2010-04-28,4,streak_4,0.0273,-0.005746,0.033047,0.011122,-0.009533,0.020656,-0.007078,-0.032733,0.025655,0.034378,-0.035401,0.069779
CFP.TO,2010-04-28,4,streak_4,-0.03839,-0.005746,-0.032643,-0.04588,-0.009533,-0.036347,-0.09176,-0.032733,-0.059027,-0.20412,-0.035401,-0.168719
CG.TO,2010-04-28,3,streak_3,-0.037513,-0.005746,-0.031767,0.009646,-0.009533,0.01918,0.141479,-0.032733,0.174212,0.202572,-0.035401,0.237973
RCI-B.TO,2010-04-28,4,streak_4,-0.016216,-0.005746,-0.01047,0.030958,-0.009533,0.040492,0.014251,-0.032733,0.046984,0.042752,-0.035401,0.078152
X.TO,2010-04-28,2,streak_2,-0.005479,-0.005746,0.000267,-0.00274,-0.009533,0.006794,-0.049315,-0.032733,-0.016582,0.016438,-0.035401,0.051839
ALA.TO,2010-04-29,7,streak_5plus,-0.014944,0.010218,-0.025162,-0.042341,-0.01671,-0.025632,-0.03736,-0.033577,-0.003783,0.155666,-0.03149,0.187156
CU.TO,2010-04-30,9,streak_5plus,0.021295,0.000852,0.020442,-0.017888,-0.029335,0.011448,0.016184,-0.035843,0.052027,0.108177,-0.038663,0.14684
RBA.TO,2010-05-04,5,streak_5plus,-0.023838,-0.013578,-0.01026,-0.056019,-0.020383,-0.035636,-0.087008,-0.034092,-0.052917,-0.174017,-0.033936,-0.140081
EMA.TO,2010-05-04,5,streak_5plus,0.006466,-0.013578,0.020043,0.010776,-0.020383,0.031159,0.039871,-0.034092,0.073962,0.126078,-0.033936,0.160014
CCO.TO,2010-05-04,2,streak_2,0.010314,-0.013578,0.023892,0.005403,-0.020383,0.025786,0.012279,-0.034092,0.046371,0.080059,-0.033936,0.113995
HCG.TO,2010-05-04,5,streak_5plus,-0.015098,-0.013578,-0.00152,-0.063412,-0.020383,-0.043029,-0.075491,-0.034092,-0.041399,-0.012582,-0.033936,0.021354
L.TO,2010-05-04,7,streak_5plus,0.010256,-0.013578,0.023834,0.0,-0.020383,0.020383,0.035897,-0.034092,0.069989,0.197436,-0.033936,0.231372
IFC.TO,2010-05-05,2,streak_2,0.027489,-0.01295,0.040439,0.057995,-0.002519,0.060514,0.041234,-0.018203,0.059437,0.067047,-0.015444,0.08249
PRMW.TO,2010-05-05,5,streak_5plus,-0.014019,-0.01295,-0.001069,-0.02648,-0.002519,-0.023961,-0.070093,-0.018203,-0.05189,-0.292835,-0.015444,-0.277391
CET.TO,2010-05-05,4,streak_4,-0.018491,-0.01295,-0.005541,-0.046228,-0.002519,-0.043709,-0.009246,-0.018203,0.008958,0.029586,-0.015444,0.045029
CFW.TO,2010-05-05,5,streak_5plus,-0.002494,-0.01295,0.010456,-0.025935,-0.002519,-0.023417,-0.052369,-0.018203,-0.034166,0.12545,-0.015444,0.140894
OBE.TO,2010-05-05,4,streak_4,-0.038345,-0.01295,-0.025395,-0.040363,-0.002519,-0.037845,0.061483,-0.018203,0.079686,0.039667,-0.015444,0.055111
ARX.TO,2010-05-05,5,streak_5plus,-0.027248,-0.01295,-0.014298,-0.030881,-0.002519,-0.028362,0.019074,-0.018203,0.037277,-0.052679,-0.015444,-0.037236
LNR.TO,2010-05-05,2,streak_2,0.028986,-0.01295,0.041936,0.118841,-0.002519,0.121359,-0.030145,-0.018203,-0.011942,-0.056812,-0.015444,-0.041368
FCR-UN.TO,2010-05-06,2,streak_2,-0.019213,-0.002754,-0.01646,0.004575,0.027023,-0.022448,-0.347667,-0.025726,-0.321941,-0.342177,-0.008446,-0.333731
WTE.TO,2010-05-06,2,streak_2,-0.032609,-0.002754,-0.029855,0.050272,0.027023,0.023249,0.0625,-0.025726,0.088226,0.211957,-0.008446,0.220403
BN.TO,2010-05-06,2,streak_2,-0.004228,-0.002754,-0.001475,0.033827,0.027023,0.006804,-0.023256,-0.025726,0.00247,0.061311,-0.008446,0.069757
BHC.TO,2010-05-06,2,streak_2,-0.015958,-0.002754,-0.013204,0.014775,0.027023,-0.012248,-0.110395,-0.025726,-0.084669,0.365329,-0.008446,0.373776
CCL-B.TO,2010-05-06,3,streak_3,0.0,-0.002754,0.002754,0.011038,0.027023,-0.015985,0.002208,-0.025726,0.027934,0.041943,-0.008446,0.050389
PPL.TO,2010-05-06,3,streak_3,0.003901,-0.002754,0.006655,0.006502,0.027023,-0.020521,-0.048114,-0.025726,-0.022388,0.057217,-0.008446,0.065663
GBT.TO,2010-05-06,8,streak_5plus,-0.00556,-0.002754,-0.002806,0.095314,0.027023,0.068291,0.052423,-0.025726,0.078149,0.318507,-0.008446,0.326953
D-UN.TO,2010-05-06,3,streak_3,-0.026381,-0.002754,-0.023627,-0.006595,0.027023,-0.033618,-0.034625,-0.025726,-0.008899,0.060181,-0.008446,0.068628
RCG.TO,2010-05-07,2,streak_2,-0.034658,-0.012666,-0.021991,-0.025352,0.023154,-0.048506,-0.138269,-0.028516,-0.109752,-0.168832,-0.00358,-0.165252
VET.TO,2010-05-07,5,streak_5plus,-0.01722,-0.012666,-0.004554,0.057811,0.023154,0.034657,0.0,-0.028516,0.028516,-0.00984,-0.00358,-0.00626
PMT.TO,2010-05-10,2,streak_2,-0.004107,0.021852,-0.025959,0.045174,0.027591,0.017584,0.039202,-0.014984,0.054186,0.078225,0.014642,0.063583
WN.TO,2010-05-11,2,streak_2,0.004077,0.004411,-0.000333,0.004077,-0.011291,0.015368,0.014271,-0.041622,0.055894,0.111111,-0.009173,0.120284
LNF.TO,2010-05-12,2,streak_2,0.060423,0.016283,0.04414,0.043807,-0.019674,0.063481,0.063444,-0.03039,0.093834,0.049849,-0.034865,0.084714
BNE.TO,2010-05-12,3,streak_3,0.025999,0.016283,0.009716,-0.042146,-0.019674,-0.022472,-0.07225,-0.03039,-0.04186,0.021801,-0.034865,0.056666
PEY.TO,2010-05-12,4,streak_4,0.022887,0.016283,0.006605,0.040493,-0.019674,0.060167,0.140845,-0.03039,0.171235,0.177817,-0.034865,0.212682
TKO.TO,2010-05-13,2,streak_2,0.079787,-0.00651,0.086298,-0.053191,-0.043473,-0.009718,-0.085106,-0.043383,-0.041723,-0.276596,-0.055133,-0.221463
AAV.TO,2010-05-13,2,streak_2,-0.005891,-0.00651,0.000619,-0.094256,-0.043473,-0.050783,-0.041237,-0.043383,0.002146,-0.100147,-0.055133,-0.045014
GIL.TO,2010-05-13,4,streak_4,0.032995,-0.00651,0.039505,0.000846,-0.043473,0.044319,0.064298,-0.043383,0.107681,0.003384,-0.055133,0.058517
CF.TO,2010-05-19,2,streak_2,-0.034188,-0.00839,-0.025798,-0.128205,-0.018751,-0.109454,-0.049573,0.015428,-0.065,0.100855,0.001411,0.099444
BMO.TO,2010-05-26,7,streak_5plus,0.02635,0.00224,0.02411,0.061594,0.00468,0.056915,0.052042,0.025126,0.026916,-0.044137,0.003412,-0.047549
NHHH.V,2010-05-27,2,streak_2,0.004292,0.017776,-0.013484,-0.055794,0.020513,-0.076307,-0.227468,0.010941,-0.238409,-0.274678,0.009026,-0.283704
BNS.TO,2010-06-01,2,streak_2,0.026062,-0.016237,0.0423,0.014731,-0.021959,0.03669,0.010198,-0.042438,0.052636,0.090652,0.011273,0.079379
RET-A.V,2010-06-02,2,streak_2,0.007667,0.018035,-0.010368,0.012596,-0.004736,0.017331,0.026287,-0.023989,0.050276,0.039744,0.029545,0.010199
CWB.TO,2010-06-03,6,streak_5plus,0.027435,0.002648,0.024786,-0.027435,-0.02802,0.000586,-0.004115,-0.049624,0.045508,0.048011,0.018938,0.029073
TCL-A.TO,2010-06-08,5,streak_5plus,0.076482,0.001087,0.075395,0.114723,0.014133,0.100589,0.110899,-0.009335,0.120234,0.078394,0.051918,0.026476
TCL-B.TO,2010-06-08,5,streak_5plus,0.0,0.001087,-0.001087,0.0,0.014133,-0.014133,0.067797,-0.009335,0.077132,0.033898,0.051918,-0.01802
MDI.TO,2010-06-08,2,streak_2,0.017619,0.001087,0.016532,0.143333,0.014133,0.1292,0.065714,-0.009335,0.07505,0.171429,0.051918,0.119511
DOL.TO,2010-06-10,3,streak_3,0.007595,0.016183,-0.008588,0.012658,0.04109,-0.028431,0.005063,0.010471,-0.005408,0.048101,0.050906,-0.002804
CCA.TO,2010-07-08,3,streak_3,-0.016765,0.003167,-0.019932,-0.007703,0.019557,-0.02726,0.002719,0.035333,-0.032614,0.062981,0.0969,-0.033919
WCN.TO,2010-07-20,2,streak_2,-0.006283,0.007485,-0.013768,0.0,0.017551,-0.017551,-0.002976,0.020583,-0.023559,0.018188,0.088976,-0.070789
WPK.TO,2010-07-21,10,streak_5plus,-0.004138,-0.010026,0.005888,0.015172,0.007463,0.007709,0.093793,0.006905,0.086888,0.124138,0.087705,0.036433
CNR.TO,2010-07-22,2,streak_2,0.028426,0.013419,0.015007,0.042851,0.015921,0.02693,0.026729,0.018136,0.008593,0.106916,0.094317,0.012599
L.TO,2010-07-22,8,streak_5plus,0.009112,0.013419,-0.004308,0.047836,0.015921,0.031915,0.068337,0.018136,0.050202,0.050114,0.094317,-0.044203
RCI-B.TO,2010-07-27,5,streak_5plus,-0.014856,-0.002503,-0.012353,-0.03714,0.003107,-0.040248,-0.008821,-0.008343,-0.000478,0.028319,0.079907,-0.051588
GIB-A.TO,2010-07-27,2,streak_2,-0.047088,-0.002503,-0.044585,-0.074349,0.003107,-0.077457,-0.100372,-0.008343,-0.092029,-0.038414,0.079907,-0.118321
CP.TO,2010-07-28,5,streak_5plus,0.012708,-0.001716,0.014423,0.045943,0.010959,0.034985,0.029326,-0.00542,0.034745,0.101662,0.072597,0.029065
ENB.TO,2010-07-28,2,streak_2,-0.019377,-0.001716,-0.017661,-0.002527,0.010959,-0.013486,0.024431,-0.00542,0.029851,0.092671,0.072597,0.020073
FFH.TO,2010-07-29,2,streak_2,0.003014,0.002736,0.000278,0.035865,0.006686,0.02918,0.017035,0.015654,0.001381,0.023335,0.074167,-0.050832
ABX.TO,2010-07-29,6,streak_5plus,0.00925,0.002736,0.006514,0.043851,0.006686,0.037165,0.181226,0.015654,0.165572,0.159301,0.074167,0.085134
ALA.TO,2010-07-29,8,streak_5plus,-0.016164,0.002736,-0.0189,-0.00431,0.006686,-0.010996,0.005388,0.015654,-0.010266,0.071121,0.074167,-0.003046
ELD.TO,2010-07-29,2,streak_2,0.007988,0.002736,0.005252,0.060342,0.006686,0.053656,0.260415,0.015654,0.244761,0.066486,0.074167,-0.00768
MAXR.TO,2010-07-29,2,streak_2,0.008969,0.002736,0.006233,0.09574,0.006686,0.089054,0.04574,0.015654,0.030086,0.139686,0.074167,0.065519
CFP.TO,2010-07-29,5,streak_5plus,-0.006098,0.002736,-0.008833,0.039024,0.006686,0.032339,-0.002439,0.015654,-0.018093,0.141463,0.074167,0.067297
TFII.TO,2010-07-29,9,streak_5plus,0.076807,0.002736,0.074071,0.078313,0.006686,0.071628,0.055723,0.015654,0.040069,0.262048,0.074167,0.187881
SU.TO,2010-07-29,2,streak_2,0.026497,0.002736,0.023761,0.034347,0.006686,0.027662,-0.010304,0.015654,-0.025958,-0.016683,0.074167,-0.09085
REI-UN.TO,2010-07-29,2,streak_2,0.007177,0.002736,0.004441,0.013158,0.006686,0.006472,0.062201,0.015654,0.046547,0.167464,0.074167,0.093297
WN.TO,2010-07-30,3,streak_3,-0.009425,-0.001296,-0.008129,0.02262,0.006088,0.016532,0.053723,0.014239,0.039484,0.0377,0.080794,-0.043094
CG.TO,2010-07-30,4,streak_4,-0.01168,-0.001296,-0.010384,-0.013477,0.006088,-0.019565,0.133872,0.014239,0.119634,0.550764,0.080794,0.46997
ARE.TO,2010-08-03,2,streak_2,-0.004594,0.005908,-0.010502,0.079632,0.012823,0.06681,0.05513,0.017117,0.038013,0.104135,0.081223,0.022912
SAP.TO,2010-08-03,4,streak_4,-0.003428,0.005908,-0.009335,0.023993,0.012823,0.01117,0.080548,0.017117,0.063431,0.243359,0.081223,0.162136
SLF.TO,2010-08-04,2,streak_2,-0.007383,0.005304,-0.012687,-0.050336,0.004727,-0.055063,-0.086577,0.018773,-0.105351,0.005369,0.076282,-0.070913
TCW.TO,2010-08-04,2,streak_2,-0.01941,0.005304,-0.024714,0.011646,0.004727,0.006919,-0.070652,0.018773,-0.089426,0.123447,0.076282,0.047165
HCG.TO,2010-08-04,6,streak_5plus,0.0,0.005304,-0.005304,-0.052497,0.004727,-0.057225,-0.060143,0.018773,-0.078916,0.060143,0.076282,-0.016139
PRMW.TO,2010-08-04,6,streak_5plus,-0.002198,0.005304,-0.007502,-0.037363,0.004727,-0.04209,0.259341,0.018773,0.240567,0.367033,0.076282,0.290751
IPL.TO,2010-08-05,2,streak_2,0.015625,-0.005935,0.02156,0.014844,-0.022195,0.037039,0.021094,0.022457,-0.001363,0.071094,0.069733,0.00136
OBE.TO,2010-08-05,5,streak_5plus,0.002976,-0.005935,0.008911,0.001488,-0.022195,0.023683,-0.019512,0.022457,-0.041969,0.173713,0.069733,0.10398
CCL-B.TO,2010-08-05,4,streak_4,-0.008403,-0.005935,-0.002468,0.035714,-0.022195,0.057909,0.054622,0.022457,0.032165,0.018908,0.069733,-0.050826
CF.TO,2010-08-05,3,streak_3,0.024845,-0.005935,0.03078,0.021739,-0.022195,0.043934,-0.007764,0.022457,-0.030221,0.01087,0.069733,-0.058864
BHC.TO,2010-08-05,3,streak_3,0.011454,-0.005935,0.017389,0.04141,-0.022195,0.063604,0.113686,0.022457,0.091229,0.253449,0.069733,0.183716
GBT.TO,2010-08-05,9,streak_5plus,0.01903,-0.005935,0.024965,0.035605,-0.022195,0.057799,0.067526,0.022457,0.04507,0.074893,0.069733,0.005159
DII-B.TO,2010-08-05,2,streak_2,-0.005755,-0.005935,0.00018,0.004604,-0.022195,0.026799,0.011537,0.022457,-0.01092,-0.029792,0.069733,-0.099525
CSU.TO,2010-08-05,2,streak_2,0.000291,-0.005935,0.006226,0.041618,-0.022195,0.063813,0.018044,0.022457,-0.004412,0.089639,0.069733,0.019906
D-UN.TO,2010-08-05,4,streak_4,-0.003101,-0.005935,0.002834,-0.024806,-0.022195,-0.002611,-0.006977,0.022457,-0.029433,0.190698,0.069733,0.120964
MG.TO,2010-08-06,2,streak_2,0.075085,0.00214,0.072945,0.013652,-0.021334,0.034986,0.182594,0.031432,0.151162,0.241468,0.09376,0.147708
T.TO,2010-08-06,2,streak_2,-0.00789,0.00214,-0.01003,0.001972,-0.021334,0.023306,0.061144,0.031432,0.029712,0.080868,0.09376,-0.012892
RCG.TO,2010-08-06,3,streak_3,0.047059,0.00214,0.044919,0.035444,-0.021334,0.056778,0.110788,0.031432,0.079357,0.210889,0.09376,0.117129
RBA.TO,2010-08-06,6,streak_5plus,0.0,0.00214,-0.00214,-0.008185,-0.021334,0.013149,0.076637,0.031432,0.045205,0.15997,0.09376,0.066211
VET.TO,2010-08-09,6,streak_5plus,0.019876,0.00539,0.014486,0.042236,-0.023025,0.065261,0.095031,0.025593,0.069438,0.242236,0.095347,0.146889
DC-A.TO,2010-08-10,2,streak_2,-0.029605,-0.002133,-0.027473,-0.032895,-0.026198,-0.006697,0.01398,0.015063,-0.001083,0.43421,0.100214,0.333996
PEY.TO,2010-08-11,5,streak_5plus,-0.024781,-0.021633,-0.003148,-0.062682,-0.009267,-0.053416,-0.081633,0.016489,-0.098122,0.150146,0.091086,0.05906
LNR.TO,2010-08-11,3,streak_3,-0.020933,-0.021633,0.0007,0.013756,-0.009267,0.023023,-0.029904,0.016489,-0.046393,0.160287,0.091086,0.069201
BNE.TO,2010-08-11,4,streak_4,-0.007537,-0.021633,0.014096,-0.005641,-0.009267,0.003625,0.0561,0.016489,0.039611,0.21931,0.091086,0.128224
FTT.TO,2010-08-11,2,streak_2,-0.039503,-0.021633,-0.017869,0.05267,-0.009267,0.061937,0.084857,0.016489,0.068368,0.179225,0.091086,0.088139
TKO.TO,2010-08-12,3,streak_3,-0.014493,-0.00506,-0.009433,0.157005,0.017173,0.139832,0.13285,0.044456,0.088394,0.13285,0.117456,0.015394
CTC.TO,2010-08-12,2,streak_2,-0.035261,-0.00506,-0.030202,0.007726,0.017173,-0.009447,0.000198,0.044456,-0.044258,0.00099,0.117456,-0.116466
GIL.TO,2010-08-12,5,streak_5plus,-0.038118,-0.00506,-0.033059,-0.025953,0.017173,-0.043126,-0.062449,0.044456,-0.106905,-0.123277,0.117456,-0.240733
HR-UN.TO,2010-08-12,2,streak_2,0.0,-0.00506,0.00506,0.038571,0.017173,0.021399,0.094286,0.044456,0.04983,0.118571,0.117456,0.001115
CTC-A.TO,2010-08-12,2,streak_2,-0.016802,-0.00506,-0.011743,-0.009756,0.017173,-0.026929,0.022222,0.044456,-0.022234,0.060705,0.117456,-0.056751
LNF.TO,2010-08-13,3,streak_3,0.008523,0.000408,0.008115,0.028409,0.016193,0.012216,0.076705,0.054349,0.022355,0.116477,0.122453,-0.005976
CCO.TO,2010-08-13,3,streak_3,-0.006063,0.000408,-0.006471,0.025653,0.016193,0.00946,0.054571,0.054349,0.000221,0.447295,0.122453,0.324842
RET-A.V,2010-08-31,3,streak_3,-0.025415,0.001538,-0.026953,-0.036826,0.017351,-0.054177,-0.025933,0.040956,-0.06689,0.00392,0.084073,-0.080153
CWB.TO,2010-09-01,7,streak_5plus,0.004602,0.007546,-0.002944,0.028271,0.010777,0.017494,0.022354,0.038174,-0.01582,0.098619,0.087209,0.01141
ET.TO,2010-09-08,2,streak_2,0.046129,-0.004933,0.051062,0.0,0.007519,-0.007519,0.037891,0.033028,0.004864,0.138385,0.097009,0.041377
TCL-A.TO,2010-09-08,6,streak_5plus,-0.001773,-0.004933,0.00316,0.042553,0.007519,0.035034,0.054965,0.033028,0.021937,0.187943,0.097009,0.090935
TCL-B.TO,2010-09-08,6,streak_5plus,0.0,-0.004933,0.004933,0.069217,0.007519,0.061697,0.076503,0.033028,0.043475,0.204007,0.097009,0.106999
BB.TO,2010-09-16,2,streak_2,0.021195,0.002355,0.01884,0.049026,0.000206,0.04882,0.05395,0.03823,0.01572,0.302933,0.09348,0.209453
WCN.TO,2010-10-19,3,streak_3,0.001627,-0.007689,0.009315,0.01594,-0.000347,0.016288,-0.028302,-0.005194,-0.023108,-0.009759,0.07035,-0.08011
WFG.TO,2010-10-25,2,streak_2,0.012436,0.004952,0.007485,0.067835,0.005952,0.061883,0.136235,0.026013,0.110222,0.231204,0.059232,0.171972
RCI-B.TO,2010-10-26,6,streak_5plus,-0.077083,0.001666,-0.07875,-0.104583,9.5e-05,-0.104678,-0.11,0.010281,-0.120281,-0.142083,0.047064,-0.189147
CNR.TO,2010-10-26,3,streak_3,0.002683,0.001666,0.001017,-0.022614,9.5e-05,-0.022709,-0.060176,0.010281,-0.070458,-0.004599,0.047064,-0.051663
MAXR.TO,2010-10-27,3,streak_3,0.0116,-0.009255,0.020856,0.101182,-0.00026,0.101442,0.061869,0.017131,0.044739,0.04318,0.061578,-0.018398
CP.TO,2010-10-27,6,streak_5plus,-0.020851,-0.009255,-0.011596,-0.002606,-0.00026,-0.002346,-0.023458,0.017131,-0.040589,0.022589,0.061578,-0.038989
FFH.TO,2010-10-28,3,streak_3,0.013654,-0.000255,0.013908,-0.004193,0.00826,-0.012453,-0.023181,0.030118,-0.053299,-0.036029,0.067071,-0.1031
REI-UN.TO,2010-10-28,3,streak_3,0.014553,-0.000255,0.014808,0.029106,0.00826,0.020847,-0.028067,0.030118,-0.058184,0.057173,0.067071,-0.009898
ABX.TO,2010-10-28,7,streak_5plus,0.024213,-0.000255,0.024468,0.037228,0.00826,0.028968,0.110169,0.030118,0.080052,-0.016646,0.067071,-0.083717
CGO.TO,2010-10-28,4,streak_4,0.005639,-0.000255,0.005894,0.0,0.00826,-0.00826,0.075188,0.030118,0.04507,0.18985,0.067071,0.122779
CCA.TO,2010-10-28,4,streak_4,0.007643,-0.000255,0.007897,0.002414,0.00826,-0.005846,0.006436,0.030118,-0.023682,0.097345,0.067071,0.030274
TFII.TO,2010-10-28,10,streak_5plus,0.004796,-0.000255,0.005051,0.017986,0.00826,0.009726,-0.021583,0.030118,-0.051701,0.169065,0.067071,0.101994
CFP.TO,2010-10-28,6,streak_5plus,0.02072,-0.000255,0.020974,0.065431,0.00826,0.057171,0.10687,0.030118,0.076752,0.344602,0.067071,0.277531
LIF.TO,2010-10-29,2,streak_2,0.013733,0.008922,0.004811,0.059925,0.025048,0.034878,0.117353,0.026154,0.091199,0.181024,0.069523,0.1115
ACO-Y.TO,2010-10-29,2,streak_2,0.006811,0.008922,-0.002111,0.055728,0.025048,0.03068,0.110836,0.026154,0.084682,0.134985,0.069523,0.065461
ACO-X.TO,2010-10-29,2,streak_2,0.018448,0.008922,0.009526,0.064249,0.025048,0.039202,0.128499,0.026154,0.102345,0.157125,0.069523,0.087601
SAP.TO,2010-11-01,5,streak_5plus,-0.002749,-0.000899,-0.00185,-0.045361,0.019635,-0.064996,-0.043299,0.017316,-0.060615,0.076976,0.06909,0.007886
HCG.TO,2010-11-02,7,streak_5plus,0.013645,0.001311,0.012334,-0.045322,0.030612,-0.075934,0.0,0.022748,-0.022748,0.155458,0.082733,0.072725
PSI.TO,2010-11-02,2,streak_2,-0.011396,0.001311,-0.012707,0.088319,0.030612,0.057707,0.162393,0.022748,0.139645,0.270655,0.082733,0.187922
KEY.TO,2010-11-02,2,streak_2,0.021505,0.001311,0.020195,0.049731,0.030612,0.019119,0.09543,0.022748,0.072682,0.112903,0.082733,0.03017
RBA.TO,2010-11-02,7,streak_5plus,-0.008238,0.001311,-0.009549,-0.033587,0.030612,-0.064199,-0.048162,0.022748,-0.07091,0.160963,0.082733,0.07823
CF.TO,2010-11-03,4,streak_4,-0.035556,-0.000812,-0.034743,0.022222,0.018547,0.003675,0.211852,0.036826,0.175026,0.420741,0.078769,0.341972
ENB.TO,2010-11-03,3,streak_3,0.001536,-0.000812,0.002348,0.005376,0.018547,-0.01317,0.039171,0.036826,0.002345,0.051459,0.078769,-0.02731
IAG.TO,2010-11-03,2,streak_2,-0.002001,-0.000812,-0.001189,-0.011506,0.018547,-0.030053,0.129065,0.036826,0.092239,0.190595,0.078769,0.111826
SLF.TO,2010-11-03,3,streak_3,0.008011,-0.000812,0.008823,0.020694,0.018547,0.002147,-0.000668,0.036826,-0.037493,0.148865,0.078769,0.070096
CSU.TO,2010-11-03,3,streak_3,0.011072,-0.000812,0.011884,0.040238,0.018547,0.021691,0.060221,0.036826,0.023396,0.111261,0.078769,0.032492
SU.TO,2010-11-04,3,streak_3,0.078624,0.016392,0.062232,0.104177,0.021427,0.08275,0.087961,0.03886,0.049101,0.279607,0.09236,0.187247
PRMW.TO,2010-11-04,7,streak_5plus,0.030894,0.016392,0.014503,-0.01626,0.021427,-0.037687,0.042276,0.03886,0.003416,0.001626,0.09236,-0.090734
BHC.TO,2010-11-04,4,streak_4,-0.038814,0.016392,-0.055206,-0.094919,0.021427,-0.116346,-0.019407,0.03886,-0.058267,0.372265,0.09236,0.279905
MG.TO,2010-11-04,3,streak_3,0.030453,0.016392,0.014062,0.099858,0.021427,0.078432,0.152266,0.03886,0.113406,0.259207,0.09236,0.166847
STN.TO,2010-11-04,2,streak_2,-0.014443,0.016392,-0.030835,-0.016992,0.021427,-0.038419,-0.040782,0.03886,-0.079642,0.031436,0.09236,-0.060924
CNQ.TO,2010-11-04,2,streak_2,0.042056,0.016392,0.025664,0.060748,0.021427,0.039321,0.106542,0.03886,0.067682,0.185981,0.09236,0.093621
DII-B.TO,2010-11-04,3,streak_3,0.020256,0.016392,0.003864,0.042597,0.021427,0.021171,0.003834,0.03886,-0.035026,-0.012622,0.09236,-0.104982
RCG.TO,2010-11-05,4,streak_4,0.142222,0.003595,0.138627,0.164444,0.00434,0.160104,0.094792,0.02331,0.071483,0.338575,0.0709,0.267676
OBE.TO,2010-11-05,6,streak_5plus,-0.010888,0.003595,-0.014483,-0.046482,0.00434,-0.050823,-0.06874,0.02331,-0.09205,0.121668,0.0709,0.050768
SNC.TO,2010-11-05,2,streak_2,0.024737,0.003595,0.021142,0.047641,0.00434,0.0433,0.072607,0.02331,0.049297,0.131241,0.0709,0.060342
PAAS.TO,2010-11-08,2,streak_2,0.057944,0.009857,0.048087,0.070654,-0.013609,0.084263,0.191776,0.027149,0.164627,-0.020561,0.068611,-0.089172
TCW.TO,2010-11-08,3,streak_3,0.025226,0.009857,0.01537,0.007115,-0.013609,0.020724,0.135834,0.027149,0.108686,0.17141,0.068611,0.102799
PEY.TO,2010-11-09,6,streak_5plus,0.008951,-0.010412,0.019363,-0.002558,-0.024294,0.021737,0.033248,0.015185,0.018063,0.111253,0.064355,0.046898
SVM.TO,2010-11-09,2,streak_2,-0.089335,-0.010412,-0.078923,-0.118505,-0.024294,-0.094211,0.010939,0.015185,-0.004246,-0.079307,0.064355,-0.143663
UNS.TO,2010-11-10,2,streak_2,0.017665,0.002013,0.015652,0.036866,-0.024341,0.061207,0.02765,0.018225,0.009425,0.103181,0.067177,0.036004
GWO.TO,2010-11-10,2,streak_2,-0.024768,0.002013,-0.026781,-0.051084,-0.024341,-0.026743,-0.027864,0.018225,-0.046088,0.026316,0.067177,-0.040861
FTT.TO,2010-11-10,3,streak_3,0.026675,0.002013,0.024662,0.055211,-0.024341,0.079552,0.021712,0.018225,0.003488,0.181141,0.067177,0.113964
LNF.TO,2010-11-10,4,streak_4,0.007566,0.002013,0.005553,-0.02396,-0.024341,0.000381,0.081967,0.018225,0.063743,0.117276,0.067177,0.050099
SII.TO,2010-11-11,2,streak_2,0.053028,-0.00061,0.053639,-0.074893,-0.022005,-0.052888,0.065594,0.01733,0.048264,0.259613,0.069383,0.19023
IGM.TO,2010-11-11,2,streak_2,-0.008621,-0.00061,-0.00801,-0.027478,-0.022005,-0.005474,0.006466,0.01733,-0.010865,0.022629,0.069383,-0.046754
CTC-A.TO,2010-11-11,3,streak_3,0.068472,-0.00061,0.069082,0.062851,-0.022005,0.084856,0.144354,0.01733,0.127023,0.103986,0.069383,0.034602
HR-UN.TO,2010-11-11,3,streak_3,-0.025543,-0.00061,-0.024932,-0.040868,-0.022005,-0.018864,-0.019157,0.01733,-0.036488,0.048531,0.069383,-0.020852
CTC.TO,2010-11-11,3,streak_3,0.033445,-0.00061,0.034056,0.062735,-0.022005,0.08474,0.089056,0.01733,0.071726,0.081734,0.069383,0.01235
DC-A.TO,2010-11-12,3,streak_3,-0.017143,-0.014341,-0.002801,0.038857,-0.005002,0.043859,0.149143,0.023564,0.125579,0.34,0.064331,0.275669
ELR.TO,2010-11-15,3,streak_3,-0.026596,-0.001082,-0.025513,-0.042553,0.016244,-0.058797,-0.074468,0.042881,-0.117349,-0.085106,0.091112,-0.176218
L.TO,2010-11-17,9,streak_5plus,0.002183,0.004412,-0.002228,-0.010917,0.015204,-0.026121,-0.004367,0.049745,-0.054112,-0.026201,0.115615,-0.141816
ATD.TO,2010-11-23,2,streak_2,0.002639,-0.010457,0.013096,0.047493,-0.002576,0.050069,0.07124,0.033738,0.037502,0.07124,0.079449,-0.008209
WN.TO,2010-11-23,4,streak_4,-0.011461,-0.010457,-0.001004,-0.002865,-0.002576,-0.00029,0.075454,0.033738,0.041716,0.235912,0.079449,0.156463
NA.TO,2010-11-30,2,streak_2,-0.013008,0.004436,-0.017444,-0.003252,0.02949,-0.032742,0.003794,0.041774,-0.03798,0.092683,0.0968,-0.004117
GIL.TO,2010-12-02,6,streak_5plus,-0.070732,0.001148,-0.07188,-0.056911,0.000274,-0.057184,-0.104878,0.01931,-0.124188,-0.039024,0.083995,-0.123019
CM.TO,2010-12-02,2,streak_2,-0.021472,0.001148,-0.022621,-0.044479,0.000274,-0.044752,-0.028119,0.01931,-0.047429,0.030164,0.083995,-0.053831
CWB.TO,2010-12-07,8,streak_5plus,0.039458,-0.001906,0.041364,0.075383,0.001499,0.073884,0.035925,-0.000279,0.036203,0.116019,0.04585,0.070169
TCL-B.TO,2010-12-08,7,streak_5plus,0.041096,-0.007449,0.048545,0.073059,0.002219,0.070841,0.074581,-0.000423,0.075004,0.035008,0.029274,0.005734
TCL-A.TO,2010-12-08,7,streak_5plus,0.05279,-0.007449,0.060239,0.063348,0.002219,0.06113,0.073906,-0.000423,0.074329,0.0181,0.029274,-0.011174
BB.TO,2010-12-16,3,streak_3,0.002186,-0.003621,0.005806,-0.000336,0.01146,-0.011796,0.089778,0.024953,0.064825,0.008742,0.042369,-0.033626
TRZ.TO,2010-12-16,3,streak_3,0.074156,-0.003621,0.077777,0.075816,0.01146,0.064357,0.073603,0.024953,0.04865,-0.294964,0.042369,-0.337333
CCA.TO,2011-01-13,5,streak_5plus,-0.016033,-0.004361,-0.011672,-0.004474,-0.001575,-0.002899,0.01044,0.028261,-0.017821,0.059284,0.025349,0.033935
CGO.TO,2011-01-13,5,streak_5plus,0.00891,-0.004361,0.013272,0.008505,-0.001575,0.01008,0.014581,0.028261,-0.01368,0.102066,0.025349,0.076717
SU.TO,2011-02-02,4,streak_4,0.0,-0.002355,0.002355,-0.027885,0.013119,-0.041005,0.095662,0.036616,0.059046,0.000387,-0.001473,0.00186
SVM.TO,2011-02-08,3,streak_3,0.023303,0.005836,0.017467,0.036474,0.00716,0.029314,0.22695,0.005271,0.22168,-0.021277,-0.00976,-0.011517
WCN.TO,2011-02-08,4,streak_4,-0.009921,0.005836,-0.015756,-0.009921,0.00716,-0.017081,0.034722,0.005271,0.029451,0.040013,-0.00976,0.049773
GIL.TO,2011-02-08,7,streak_5plus,0.017327,0.005836,0.011491,-0.017327,0.00716,-0.024487,-0.028878,0.005271,-0.034149,0.156766,-0.00976,0.166525
HCG.TO,2011-02-09,8,streak_5plus,-0.010297,-0.007788,-0.002508,0.010708,0.002656,0.008052,-0.026359,-0.018276,-0.008083,0.026359,-0.018024,0.044383
AC.TO,2011-02-10,2,streak_2,-0.008772,0.004084,-0.012856,-0.046784,0.019943,-0.066727,-0.181287,-0.00798,-0.173306,-0.304094,-0.02645,-0.277643
GWO.TO,2011-02-10,3,streak_3,0.001508,0.004084,-0.002576,0.010558,0.019943,-0.009385,-0.048265,-0.00798,-0.040285,-0.024133,-0.02645,0.002318
CF.TO,2011-02-10,5,streak_5plus,-0.01564,0.004084,-0.019725,-0.041056,0.019943,-0.060999,-0.116325,-0.00798,-0.108344,-0.196481,-0.02645,-0.170031
PD.TO,2011-02-10,2,streak_2,-0.007619,0.004084,-0.011703,0.05619,0.019943,0.036247,0.062857,-0.00798,0.070837,0.271429,-0.02645,0.297879
CFP.TO,2011-02-11,7,streak_5plus,0.00793,-0.005332,0.013262,-0.051546,0.021358,-0.072904,0.070579,-0.015996,0.086575,-0.122125,-0.0326,-0.089526
IGM.TO,2011-02-11,3,streak_3,0.005269,-0.005332,0.010601,0.054795,0.021358,0.033437,0.08746,-0.015996,0.103457,0.128029,-0.0326,0.160629
EMA.TO,2011-02-11,2,streak_2,-0.013567,-0.005332,-0.008235,0.049481,0.021358,0.028124,0.0,-0.015996,0.015996,0.03352,-0.0326,0.066119
TRP.TO,2011-02-15,2,streak_2,0.0,0.001337,-0.001337,0.015806,0.003803,0.012003,0.002634,-0.027748,0.030383,0.112223,-0.037338,0.149561
FTT.TO,2011-02-16,4,streak_4,0.010537,0.009318,0.001219,-0.054795,0.001924,-0.056718,-0.045311,-0.013152,-0.032159,-0.009484,-0.035055,0.025572
SLF.TO,2011-02-16,4,streak_4,0.006145,0.009318,-0.003173,-0.050838,0.001924,-0.052762,-0.092179,-0.013152,-0.079027,-0.095531,-0.035055,-0.060475
RUS.TO,2011-02-17,2,streak_2,0.006834,0.005477,0.001357,0.004556,-0.013649,0.018205,0.083144,-0.019176,0.10232,-0.007973,-0.032143,0.02417
OBE.TO,2011-02-17,7,streak_5plus,0.003015,0.005477,-0.002461,0.037316,-0.013649,0.050966,0.014324,-0.019176,0.0335,-0.052445,-0.032143,-0.020303
ABX.TO,2011-02-17,8,streak_5plus,0.019086,0.005477,0.013609,0.028918,-0.013649,0.042568,0.001157,-0.019176,0.020333,-0.098323,-0.032143,-0.06618
IAG.TO,2011-02-18,3,streak_3,0.009465,-0.000927,0.010392,0.04321,-0.005949,0.049159,0.076132,-0.008666,0.084797,0.095062,-0.036155,0.131217
CU.TO,2011-02-23,2,streak_2,-0.001447,-0.000537,-0.00091,-0.007959,0.011401,-0.01936,0.008683,0.008844,-0.000161,0.16136,-0.026397,0.187757
ACO-Y.TO,2011-02-23,3,streak_3,0.0,-0.000537,0.000537,0.02349,0.011401,0.012089,0.035794,0.008844,0.02695,0.134228,-0.026397,0.160625
YRI.TO,2011-02-23,2,streak_2,0.017312,-0.000537,0.01785,0.037923,0.011401,0.026522,0.026381,0.008844,0.017536,-0.00159,-0.026397,0.024807
MG.TO,2011-02-23,4,streak_4,-0.024376,-0.000537,-0.023839,-0.134921,0.011401,-0.146322,-0.132086,0.008844,-0.140931,-0.163265,-0.026397,-0.136868
ACO-X.TO,2011-02-23,3,streak_3,-0.004592,-0.000537,-0.004055,0.035591,0.011401,0.02419,0.040184,0.008844,0.031339,0.152698,-0.026397,0.179095
CM.TO,2011-02-24,3,streak_3,0.034465,-0.00637,0.040835,0.034979,0.013456,0.021523,0.057099,0.005245,0.051854,0.070988,-0.014667,0.085655
BHC.TO,2011-02-24,5,streak_5plus,0.032224,-0.00637,0.038594,-0.000262,0.013456,-0.013718,0.148808,0.005245,0.143563,0.280325,-0.014667,0.294992
NA.TO,2011-02-24,3,streak_3,0.025206,-0.00637,0.031576,0.037037,0.013456,0.023581,0.079218,0.005245,0.073973,0.136317,-0.014667,0.150984
CG.TO,2011-02-24,5,streak_5plus,-0.074027,-0.00637,-0.067657,-0.029355,0.013456,-0.042812,-0.060625,0.005245,-0.06587,0.010849,-0.014667,0.025516
TFII.TO,2011-02-24,11,streak_5plus,-0.013934,-0.00637,-0.007564,0.024652,0.013456,0.011195,0.07074,0.005245,0.065495,0.197213,-0.014667,0.211881
DXT.TO,2011-02-24,2,streak_2,0.018579,-0.00637,0.024949,0.16612,0.013456,0.152664,0.23388,0.005245,0.228635,0.127869,-0.014667,0.142536
STN.TO,2011-02-24,3,streak_3,-0.008489,-0.00637,-0.002119,0.006791,0.013456,-0.006665,0.016978,0.005245,0.011733,0.023769,-0.014667,0.038436
L.TO,2011-02-24,10,streak_5plus,-0.006881,-0.00637,-0.000511,0.009174,0.013456,-0.004282,-0.009174,0.005245,-0.014419,0.068807,-0.014667,0.083475
TCW.TO,2011-02-28,4,streak_4,-0.005376,0.006006,-0.011383,-0.043011,0.014283,-0.057293,-0.055914,-0.011343,-0.044571,0.01828,-0.018111,0.036391
BMO.TO,2011-03-01,2,streak_2,-0.003016,-0.000962,-0.002054,-0.00965,-0.00312,-0.006531,0.007539,-0.014579,0.022118,0.00965,-0.021703,0.031353
MRC.TO,2011-03-02,3,streak_3,-0.003849,0.001494,-0.005343,0.086605,-0.007782,0.094387,0.066012,-0.002783,0.068795,0.326982,-0.022658,0.349641
CWB.TO,2011-03-02,9,streak_5plus,-0.009298,0.001494,-0.010792,-0.021178,-0.007782,-0.013396,0.005165,-0.002783,0.007948,-0.020145,-0.022658,0.002514
RCG.TO,2011-03-02,5,streak_5plus,0.031271,0.001494,0.029777,0.034506,-0.007782,0.042288,0.055236,-0.002783,0.058019,-0.04039,-0.022658,-0.017732
LIF.TO,2011-03-03,3,streak_3,0.016765,0.004999,0.011767,0.016765,-0.018333,0.035098,0.096647,-0.001973,0.09862,0.002959,-0.043559,0.046518
SCL.TO,2011-03-03,2,streak_2,0.007903,0.004999,0.002904,0.017166,-0.018333,0.035499,-0.004424,-0.001973,-0.002451,-0.155398,-0.043559,-0.111839
SNC.TO,2011-03-04,3,streak_3,-0.004303,0.00268,-0.006983,-0.02883,-0.040529,0.011699,-0.006024,-0.005945,-8e-05,0.009251,-0.048907,0.058158
BNS.TO,2011-03-08,2,streak_2,-0.014442,-0.005634,-0.008808,-0.030635,-0.033578,0.002944,-0.005689,0.012638,-0.018327,-0.026696,-0.054902,0.028206
BTE.TO,2011-03-08,2,streak_2,-0.00731,-0.005634,-0.001676,-0.045879,-0.033578,-0.0123,0.050668,0.012638,0.03803,-0.024452,-0.054902,0.03045
CPX.TO,2011-03-08,2,streak_2,0.006536,-0.005634,0.01217,-0.026144,-0.033578,0.007435,0.024276,0.012638,0.011638,0.041083,-0.054902,0.095985
PEY.TO,2011-03-09,7,streak_5plus,-0.014428,-0.009156,-0.005273,-0.019978,-0.033255,0.013277,0.039956,0.013537,0.026418,0.098779,-0.052102,0.150881
LB.TO,2011-03-09,2,streak_2,-0.017134,-0.009156,-0.007978,-0.075545,-0.033255,-0.04229,-0.068925,0.013537,-0.082463,-0.162773,-0.052102,-0.110671
TCL-A.TO,2011-03-09,8,streak_5plus,0.0,-0.009156,0.009156,-0.047482,-0.033255,-0.014227,-0.05036,0.013537,-0.063897,-0.113669,-0.052102,-0.061567
PPL.TO,2011-03-09,2,streak_2,-0.007284,-0.009156,0.001872,0.026015,-0.033255,0.059269,0.064516,0.013537,0.050979,0.167534,-0.052102,0.219635
TCL-B.TO,2011-03-09,8,streak_5plus,0.0,-0.009156,0.009156,-0.022989,-0.033255,0.010266,-0.047414,0.013537,-0.060951,-0.08908,-0.052102,-0.036979
ESI.TO,2011-03-14,2,streak_2,-0.013707,-0.004029,-0.009678,0.016823,0.008432,0.008391,0.158013,0.023592,0.134422,0.09723,-0.043169,0.140398
ELR.TO,2011-03-23,4,streak_4,0.0,0.006229,-0.006229,-0.021898,-0.004971,-0.016926,-0.138686,-0.007321,-0.131365,-0.343066,-0.066907,-0.276159
BB.TO,2011-03-24,4,streak_4,0.026108,-0.004103,0.030211,-0.089163,-0.000256,-0.088907,-0.1578,-0.008178,-0.149622,-0.546634,-0.072875,-0.473759
FNV.TO,2011-03-24,2,streak_2,-0.007536,-0.004103,-0.003433,-0.010813,-0.000256,-0.010557,0.048493,-0.008178,0.05667,0.019987,-0.072875,0.092862
FVI.TO,2011-03-24,3,streak_3,-0.028169,-0.004103,-0.024066,-0.09331,-0.000256,-0.093054,0.06338,-0.008178,0.071558,-0.110915,-0.072875,-0.038041
EQ.V,2011-03-29,2,streak_2,0.0,0.002714,-0.002714,-0.263158,0.023444,-0.286602,-0.263158,-7e-06,-0.263151,-0.473684,-0.066668,-0.407016
CLS.TO,2011-04-21,2,streak_2,0.048756,0.005361,0.043396,0.066667,-0.000223,0.06689,-0.00398,-0.017643,0.013663,-0.2,-0.03333,-0.16667
WCN.TO,2011-04-25,5,streak_5plus,-0.009527,-0.004631,-0.004896,-0.01048,-0.001947,-0.008533,0.003176,-0.026975,0.030151,-0.073674,-0.034168,-0.039506
PD.TO,2011-04-26,3,streak_3,-0.017567,0.000129,-0.017697,-0.035811,0.001956,-0.037767,-0.031757,-0.011203,-0.020554,0.143243,-0.033889,0.177132
TA.TO,2011-04-26,2,streak_2,0.009724,0.000129,0.009595,0.037277,0.001956,0.035321,0.054295,-0.011203,0.065498,0.034846,-0.033889,0.068735
WPK.TO,2011-04-28,2,streak_2,0.0,0.00013,-0.00013,0.042237,-0.020248,0.062486,0.003425,-0.006838,0.010263,0.023973,-0.061896,0.085869
GIB-A.TO,2011-04-28,2,streak_2,0.034656,0.00013,0.034526,0.008538,-0.020248,0.028787,0.088398,-0.006838,0.095236,0.03114,-0.061896,0.093036
MFI.TO,2011-04-28,2,streak_2,0.045775,0.00013,0.045645,0.037559,-0.020248,0.057807,0.058685,-0.006838,0.065524,-0.029343,-0.061896,0.032553
ACO-X.TO,2011-04-29,4,streak_4,0.006689,0.003627,0.003062,0.04961,-0.031595,0.081205,0.130992,-0.004657,0.135649,0.065775,-0.060931,0.126706
TRP.TO,2011-04-29,3,streak_3,0.008789,0.003627,0.005162,0.019531,-0.031595,0.051127,0.06543,-0.004657,0.070086,0.000977,-0.060931,0.061908
ACO-Y.TO,2011-04-29,4,streak_4,0.0,0.003627,-0.003627,0.0426,-0.031595,0.074195,0.135445,-0.004657,0.140102,0.062807,-0.060931,0.123738
CPX.TO,2011-04-29,3,streak_3,0.00838,0.003627,0.004753,0.004655,-0.031595,0.036251,0.042831,-0.004657,0.047487,-0.001862,-0.060931,0.059069
CU.TO,2011-04-29,3,streak_3,-0.001365,0.003627,-0.004993,0.03686,-0.031595,0.068456,0.088055,-0.004657,0.092711,0.074403,-0.060931,0.135334
CG.TO,2011-04-29,6,streak_5plus,-0.003338,0.003627,-0.006965,0.056075,-0.031595,0.08767,0.015354,-0.004657,0.02001,0.05474,-0.060931,0.115671
CFX.TO,2011-05-02,2,streak_2,0.003928,-0.000739,0.004667,0.06285,-0.027121,0.089972,0.118704,-0.010176,0.12888,0.005057,-0.071654,0.076711
SU.TO,2011-05-03,5,streak_5plus,-0.055921,-0.017374,-0.038547,-0.07712,-0.018472,-0.058648,-0.106725,-0.029179,-0.077546,-0.196272,-0.08484,-0.111432
EMA.TO,2011-05-03,3,streak_3,-0.001552,-0.017374,0.015823,0.016292,-0.018472,0.034764,0.020946,-0.029179,0.050126,0.010085,-0.08484,0.094925
SLF.TO,2011-05-04,5,streak_5plus,-0.006623,-0.005923,-0.000699,-0.014449,-0.003674,-0.010776,-0.039133,-0.012627,-0.026506,-0.150512,-0.064006,-0.086505
MG.TO,2011-05-04,5,streak_5plus,0.017049,-0.005923,0.022972,0.031475,-0.003674,0.035149,-0.056393,-0.012627,-0.043766,-0.060328,-0.064006,0.003678
L.TO,2011-05-04,11,streak_5plus,0.046771,-0.005923,0.052694,0.026726,-0.003674,0.0304,0.004454,-0.012627,0.017082,-0.073497,-0.064006,-0.00949
OBE.TO,2011-05-05,8,streak_5plus,0.011974,-0.011454,0.023428,0.071841,-0.014077,0.085917,0.100666,-0.006862,0.107527,-0.116374,-0.090454,-0.025919
CCL-B.TO,2011-05-05,2,streak_2,0.003861,-0.011454,0.015315,0.034749,-0.014077,0.048826,0.059846,-0.006862,0.066707,-0.057915,-0.090454,0.032539
IGM.TO,2011-05-06,4,streak_4,0.000471,0.008264,-0.007793,0.008479,-0.004905,0.013384,0.018841,-0.01016,0.029001,-0.030146,-0.09611,0.065964
RCG.TO,2011-05-06,6,streak_5plus,-0.000658,0.008264,-0.008922,-0.032874,-0.004905,-0.027968,-0.079553,-0.01016,-0.069394,-0.358336,-0.09611,-0.262226
BHC.TO,2011-05-09,6,streak_5plus,0.028149,0.008145,0.020004,-0.001644,-0.013961,0.012317,0.075611,-0.020912,0.096523,-0.214506,-0.139725,-0.07478
ESI.TO,2011-05-09,3,streak_3,0.039929,0.008145,0.031784,0.082795,-0.013961,0.096755,0.074574,-0.020912,0.095485,-0.056,-0.139725,0.083726
MRT-UN.TO,2011-05-09,2,streak_2,0.003195,0.008145,-0.00495,0.044728,-0.013961,0.058689,0.017572,-0.020912,0.038483,-0.071885,-0.139725,0.06784
TCW.TO,2011-05-09,5,streak_5plus,0.030457,0.008145,0.022312,0.031021,-0.013961,0.044982,0.029329,-0.020912,0.05024,-0.003948,-0.139725,0.135777
TIH.TO,2011-05-10,2,streak_2,-0.034578,-0.002559,-0.032019,-0.08852,-0.020889,-0.067631,0.058783,-0.036068,0.09485,-0.086445,-0.11463,0.028184
MRC.TO,2011-05-10,4,streak_4,0.005998,-0.002559,0.008557,0.093916,-0.020889,0.114805,0.125793,-0.036068,0.16186,0.09563,-0.11463,0.210259
IMG.TO,2011-05-11,2,streak_2,-0.031771,-0.016302,-0.015468,-0.015104,-0.014734,-0.00037,0.064063,-0.028324,0.092387,0.067672,-0.10579,0.173462
LNR.TO,2011-05-11,2,streak_2,-0.015289,-0.016302,0.001014,0.038505,-0.014734,0.053239,-0.024915,-0.028324,0.003409,-0.202718,-0.10579,-0.096928
PEY.TO,2011-05-11,8,streak_5plus,-0.007634,-0.016302,0.008669,-0.018539,-0.014734,-0.003805,0.079607,-0.028324,0.107931,0.080698,-0.10579,0.186488
FTT.TO,2011-05-11,5,streak_5plus,-0.019853,-0.016302,-0.00355,0.066364,-0.014734,0.081098,0.088486,-0.028324,0.11681,-0.064663,-0.10579,0.041128
GIL.TO,2011-05-11,8,streak_5plus,-0.025334,-0.016302,-0.009032,-0.04152,-0.014734,-0.026786,-0.069669,-0.028324,-0.041345,-0.283603,-0.10579,-0.177813
BEI-UN.TO,2011-05-12,2,streak_2,0.009638,-0.002258,0.011896,0.015287,0.013979,0.001308,0.005982,-0.025015,0.030998,0.048521,-0.065568,0.114089
RUS.TO,2011-05-12,3,streak_3,-0.00111,-0.002258,0.001148,-0.033296,0.013979,-0.047276,-0.063263,-0.025015,-0.038248,-0.064373,-0.065568,0.001195
BN.TO,2011-05-13,2,streak_2,-0.006612,-0.000911,-0.0057,0.033058,0.017603,0.015454,-0.034711,-0.033586,-0.001124,-0.059504,-0.063274,0.00377
POU.TO,2011-05-17,2,streak_2,-0.0125,0.003711,-0.016211,0.046759,0.015211,0.031548,0.006944,-0.031319,0.038263,0.247222,-0.064273,0.311495
TFII.TO,2011-05-17,12,streak_5plus,0.026484,0.003711,0.022773,0.032877,0.015211,0.017666,-0.044749,-0.031319,-0.01343,-0.083105,-0.064273,-0.018832
CF.TO,2011-05-17,6,streak_5plus,0.024941,0.003711,0.021229,0.062945,0.015211,0.047734,-0.051069,-0.031319,-0.01975,-0.192399,-0.064273,-0.128126
SRU-UN.TO,2011-05-18,2,streak_2,0.0,0.012365,-0.012365,0.014677,0.023093,-0.008416,-0.009785,-0.043746,0.033962,0.006849,-0.064094,0.070944
BMO.TO,2011-05-25,3,streak_3,0.008711,0.011504,-0.002793,0.006609,0.015285,-0.008676,-0.021328,-0.039316,0.017988,-0.016521,-0.092445,0.075924
PPL.TO,2011-05-25,3,streak_3,0.004575,0.011504,-0.00693,0.024703,0.015285,0.009418,0.053065,-0.039316,0.092381,0.073193,-0.092445,0.165638
NA.TO,2011-05-26,4,streak_4,-0.001811,0.001774,-0.003585,-0.022635,-0.01626,-0.006375,-0.045269,-0.056132,0.010863,-0.097329,-0.102367,0.005038
CHR.TO,2011-05-31,2,streak_2,-0.061911,-0.001938,-0.059973,-0.015478,-0.036949,0.021472,0.014132,-0.052402,0.066534,-0.149394,-0.095794,-0.053601
BNS.TO,2011-05-31,3,streak_3,0.006614,-0.001938,0.008552,-0.0194,-0.036949,0.017549,-0.013228,-0.052402,0.039174,-0.101411,-0.095794,-0.005617
CWB.TO,2011-06-02,10,streak_5plus,-0.002572,-0.000621,-0.001951,-0.006687,-0.025436,0.018749,0.005658,-0.01678,0.022439,-0.01286,-0.056121,0.043261
EQ.V,2011-06-02,3,streak_3,-0.071429,-0.000621,-0.070808,-0.142857,-0.025436,-0.117421,-0.285714,-0.01678,-0.268934,-0.357143,-0.056121,-0.301022
TCL-B.TO,2011-06-08,9,streak_5plus,0.0,-0.007461,0.007461,0.004732,-0.013935,0.018667,-0.007886,0.009268,-0.017154,-0.178233,-0.042333,-0.135901
TCL-A.TO,2011-06-08,9,streak_5plus,0.027597,-0.007461,0.035058,0.019481,-0.013935,0.033416,0.103896,0.009268,0.094629,-0.149351,-0.042333,-0.107018
WCN.TO,2011-07-19,6,streak_5plus,-0.010638,0.005945,-0.016584,-0.0151,0.013724,-0.028824,-0.059712,-0.05089,-0.008822,-0.018874,-0.090613,0.071739
WPK.TO,2011-07-21,3,streak_3,-0.011173,0.007009,-0.018182,0.002235,-0.023095,0.025329,-0.049162,-0.099942,0.05078,-0.03352,-0.113224,0.079705
CLS.TO,2011-07-22,3,streak_3,0.105721,0.004489,0.101233,0.04602,-0.02877,0.07479,-0.105721,-0.101673,-0.004049,-0.004975,-0.110523,0.105548
RCI-B.TO,2011-07-26,2,streak_2,-0.034925,-0.010077,-0.024847,-0.040672,-0.050886,0.010214,-0.009284,-0.081289,0.072005,-0.051724,-0.098705,0.046981
TECK-B.TO,2011-07-28,2,streak_2,0.003691,0.001159,0.002532,-0.072502,-0.050074,-0.022428,-0.146849,-0.05411,-0.092739,-0.129185,-0.043529,-0.085656
TA.TO,2011-07-28,3,streak_3,0.023237,0.001159,0.022079,0.008013,-0.050074,0.058087,0.05609,-0.05411,0.1102,0.116987,-0.043529,0.160516
MAXR.TO,2011-07-29,2,streak_2,-0.030209,-0.007833,-0.022376,-0.077444,-0.067873,-0.009571,-0.1223,-0.041608,-0.080691,-0.196359,-0.04049,-0.155869
CU.TO,2011-07-29,4,streak_4,-0.015248,-0.007833,-0.007415,-0.020966,-0.067873,0.046908,0.006989,-0.041608,0.048597,0.062897,-0.04049,0.103387
WN.TO,2011-07-29,2,streak_2,-0.00695,-0.007833,0.000883,-0.0139,-0.067873,0.053974,-0.005405,-0.041608,0.036203,0.061004,-0.04049,0.101493
MFI.TO,2011-08-01,3,streak_3,-0.018801,-0.014932,-0.00387,-0.065805,-0.098458,0.032653,-0.022327,-0.024016,0.001689,-0.0047,-0.05357,0.04887
TFII.TO,2011-08-02,13,streak_5plus,-0.018429,-0.014932,-0.003497,-0.126091,-0.098458,-0.027633,-0.082444,-0.024016,-0.058428,-0.132881,-0.05357,-0.07931
RUS.TO,2011-08-03,4,streak_4,-0.002424,0.004995,-0.007419,-0.010909,-0.050422,0.039513,0.026667,0.001286,0.025381,0.006061,-0.049967,0.056028
WJX.TO,2011-08-03,2,streak_2,0.094415,0.004995,0.08942,0.049867,-0.050422,0.100289,0.038564,0.001286,0.037278,0.066489,-0.049967,0.116457
SLF.TO,2011-08-03,6,streak_5plus,0.005702,0.004995,0.000707,-0.025659,-0.050422,0.024763,0.042765,0.001286,0.041479,-0.059159,-0.049967,-0.009191
POU.TO,2011-08-03,3,streak_3,0.008452,0.004995,0.003457,-0.07645,-0.050422,-0.026028,-0.008836,0.001286,-0.010122,0.091049,-0.049967,0.141016
KEY.TO,2011-08-03,2,streak_2,-0.020893,0.004995,-0.025888,-0.037037,-0.050422,0.013385,0.051282,0.001286,0.049996,0.050332,-0.049967,0.1003
CSU.TO,2011-08-03,2,streak_2,0.0072,0.004995,0.002205,-0.017917,-0.050422,0.032505,0.021433,0.001286,0.020147,0.004521,-0.049967,0.054489
NGD.TO,2011-08-03,2,streak_2,0.025763,0.004995,0.020768,0.025763,-0.050422,0.076186,0.269084,0.001286,0.267798,0.20229,-0.049967,0.252258
PPL.TO,2011-08-03,4,streak_4,0.008489,0.004995,0.003494,-0.035654,-0.050422,0.014769,0.005093,0.001286,0.003807,0.081494,-0.049967,0.131462
IFC.TO,2011-08-04,2,streak_2,-0.002814,-0.034012,0.031198,-0.04042,-0.048151,0.007731,-0.010744,-0.008997,-0.001748,0.046815,-0.044803,0.091618
SRU-UN.TO,2011-08-04,3,streak_3,0.00297,-0.034012,0.036983,-0.017822,-0.048151,0.030329,0.037624,-0.008997,0.04662,0.080198,-0.044803,0.125001
CFW.TO,2011-08-04,2,streak_2,-0.057751,-0.034012,-0.023738,-0.035645,-0.048151,0.012506,-0.041172,-0.008997,-0.032175,-0.175186,-0.044803,-0.130383
BHC.TO,2011-08-04,7,streak_5plus,-0.201984,-0.034012,-0.167972,-0.237698,-0.048151,-0.189548,-0.147024,-0.008997,-0.138027,-0.227579,-0.044803,-0.182776
IPL.TO,2011-08-04,2,streak_2,-0.01977,-0.034012,0.014242,-0.032526,-0.048151,0.015625,0.036352,-0.008997,0.045349,0.125,-0.044803,0.169803
GIL.TO,2011-08-04,9,streak_5plus,-0.054299,-0.034012,-0.020286,-0.078733,-0.048151,-0.030582,-0.054299,-0.008997,-0.045302,-0.076923,-0.044803,-0.03212
IGM.TO,2011-08-04,5,streak_5plus,-0.0155,-0.034012,0.018512,-0.089713,-0.048151,-0.041563,-0.084077,-0.008997,-0.07508,-0.086426,-0.044803,-0.041622
X.TO,2011-08-05,2,streak_2,-0.001754,-0.017601,0.015846,0.0,0.0129,-0.0129,-0.061404,0.017956,-0.07936,0.047368,0.007132,0.040236
REI-UN.TO,2011-08-05,2,streak_2,-0.017071,-0.017601,0.00053,0.017969,0.0129,0.00507,0.008985,0.017956,-0.008972,0.021563,0.007132,0.014431
T.TO,2011-08-05,2,streak_2,0.006116,-0.017601,0.023717,0.045872,0.0129,0.032972,0.050459,0.017956,0.032502,0.06422,0.007132,0.057088
ENB.TO,2011-08-05,2,streak_2,-0.01532,-0.017601,0.00228,0.045961,0.0129,0.033061,0.080084,0.017956,0.062127,0.176184,0.007132,0.169051
TCW.TO,2011-08-08,6,streak_5plus,-0.065114,-0.040387,-0.024726,0.010058,0.031244,-0.021186,-0.120169,0.029296,-0.149465,-0.22181,0.020235,-0.242045
CAR-UN.TO,2011-08-09,2,streak_2,0.015137,0.037555,-0.022417,0.118259,0.086762,0.031497,0.157994,0.089932,0.068062,0.140965,0.067775,0.07319
MRC.TO,2011-08-09,5,streak_5plus,0.003138,0.037555,-0.034416,0.065432,0.086762,-0.02133,-0.003609,0.089932,-0.093541,0.099953,0.067775,0.032178
K.TO,2011-08-10,2,streak_2,0.045421,0.007399,0.038022,0.024176,0.0348,-0.010624,0.154579,0.047459,0.107119,-0.052015,0.031348,-0.083363
PAAS.TO,2011-08-10,2,streak_2,0.038091,0.007399,0.030692,0.039468,0.0348,0.004668,0.200092,0.047459,0.152632,0.077559,0.031348,0.046211
PEY.TO,2011-08-10,9,streak_5plus,-0.010978,0.007399,-0.018377,0.061876,0.0348,0.027077,-0.000998,0.047459,-0.048457,0.048902,0.031348,0.017554
OBE.TO,2011-08-10,9,streak_5plus,0.00961,0.007399,0.002211,0.038441,0.0348,0.003641,-0.048585,0.047459,-0.096044,0.008175,0.031348,-0.023173
BN.TO,2011-08-10,3,streak_3,-0.018051,0.007399,-0.02545,0.025271,0.0348,-0.009529,-0.005415,0.047459,-0.052875,0.023466,0.031348,-0.007882
BTO.TO,2011-08-11,2,streak_2,0.02807,0.027945,0.000125,0.052632,0.031208,0.021424,0.147368,0.01546,0.131908,0.080702,-0.0035,0.084202
FR.TO,2011-08-11,2,streak_2,-0.029886,0.027945,-0.057831,-0.036053,0.031208,-0.067261,0.064991,0.01546,0.04953,-0.182163,-0.0035,-0.178663
MFC.TO,2011-08-11,2,streak_2,0.047757,0.027945,0.019812,0.114327,0.031208,0.083119,-0.002894,0.01546,-0.018355,-0.02026,-0.0035,-0.01676
FTT.TO,2011-08-12,6,streak_5plus,-0.025235,0.000191,-0.025426,-0.094484,-0.028158,-0.066325,-0.096831,-0.031181,-0.06565,-0.114437,-0.034363,-0.080074
TIH.TO,2011-08-12,3,streak_3,0.040971,0.000191,0.04078,-0.015175,-0.028158,0.012984,0.00607,-0.031181,0.037251,0.203338,-0.034363,0.237701
BMO.TO,2011-08-23,4,streak_4,0.042675,0.022364,0.020311,0.046178,0.036169,0.01001,-0.000637,-0.009396,0.00876,-0.008917,-0.023508,0.01459
NA.TO,2011-08-25,5,streak_5plus,-0.02658,-0.00482,-0.02176,0.003009,0.034422,-0.031413,-0.064193,-0.071364,0.007171,-0.098796,-0.06255,-0.036247
EMP-A.TO,2011-09-14,2,streak_2,0.0,0.007202,-0.007202,0.0301,0.000361,0.02974,0.015385,-0.024055,0.039439,0.088963,-0.024382,0.113346
WCN.TO,2011-10-18,7,streak_5plus,0.011677,0.010912,0.000766,0.070418,0.02007,0.050347,-0.055556,0.02569,-0.081245,-0.04494,0.025983,-0.070923
OVV.TO,2011-10-20,2,streak_2,-0.005337,-0.00162,-0.003716,0.025862,0.028406,-0.002544,-0.038862,0.005561,-0.044423,-0.133142,0.044829,-0.177971
CJR-B.TO,2011-10-26,2,streak_2,0.001022,0.006301,-0.005279,-0.016351,0.000438,-0.016788,-0.06698,-0.044435,-0.022545,0.074215,0.035459,0.038756
RCI-B.TO,2011-10-26,3,streak_3,0.011189,0.006301,0.004888,0.024709,0.000438,0.024271,0.031702,-0.044435,0.076137,0.114219,0.035459,0.07876
CCA.TO,2011-10-27,2,streak_2,0.018095,0.02292,-0.004824,0.019365,0.004571,0.014794,-0.004444,-0.057508,0.053064,-0.013016,0.022829,-0.035845
TECK-B.TO,2011-10-27,3,streak_3,0.098437,0.02292,0.075517,0.056535,0.004571,0.051964,-0.068507,-0.057508,-0.010999,0.168939,0.022829,0.14611
TA.TO,2011-10-28,4,streak_4,-0.01076,0.00434,-0.0151,-0.033716,0.000241,-0.033957,-0.05165,-0.080487,0.028837,-0.10043,8.8e-05,-0.100519
MAXR.TO,2011-10-28,3,streak_3,0.008592,0.00434,0.004252,0.058291,0.000241,0.05805,0.115885,-0.080487,0.196371,0.006734,8.8e-05,0.006646
CU.TO,2011-10-28,5,streak_5plus,-0.019343,0.00434,-0.023683,0.011723,0.000241,0.011483,-0.017585,-0.080487,0.062902,-0.016413,8.8e-05,-0.016501
TIH.TO,2011-11-01,4,streak_4,0.036326,-0.011182,0.047508,0.069225,0.017132,0.052094,0.07608,-0.042409,0.118489,0.19671,0.016332,0.180378
KEY.TO,2011-11-01,3,streak_3,0.0,-0.011182,0.011182,0.018987,0.017132,0.001856,0.003617,-0.042409,0.046026,0.0434,0.016332,0.027068
TRI.TO,2011-11-01,2,streak_2,0.007292,-0.011182,0.018473,0.016146,0.017132,-0.000986,-0.073438,-0.042409,-0.031028,-0.05625,0.016332,-0.072582
TFII.TO,2011-11-01,14,streak_5plus,0.029083,-0.011182,0.040265,0.058166,0.017132,0.041034,0.067114,-0.042409,0.109523,0.35906,0.016332,0.342728
CSU.TO,2011-11-02,3,streak_3,-0.004501,0.010458,-0.014959,-0.081347,0.030854,-0.112201,-0.011669,0.007346,-0.019015,0.263044,0.033231,0.229813
PRMW.TO,2011-11-02,2,streak_2,-0.026217,0.010458,-0.036675,0.018727,0.030854,-0.012128,-0.086142,0.007346,-0.093489,0.018727,0.033231,-0.014505
K.TO,2011-11-02,3,streak_3,-0.006955,0.010458,-0.017413,0.0,0.030854,-0.030854,-0.025502,0.007346,-0.032849,-0.236476,0.033231,-0.269707
DXT.TO,2011-11-02,2,streak_2,-0.019766,0.010458,-0.030224,0.032345,0.030854,0.001491,0.006289,0.007346,-0.001057,0.125786,0.033231,0.092555
SLF.TO,2011-11-02,7,streak_5plus,0.002273,0.010458,-0.008185,-0.070455,0.030854,-0.101309,-0.215152,0.007346,-0.222498,-0.12197,0.033231,-0.155201
WJX.TO,2011-11-02,3,streak_3,0.029302,0.010458,0.018844,0.040524,0.030854,0.00967,0.038653,0.007346,0.031307,0.184539,0.033231,0.151307
SRU-UN.TO,2011-11-02,4,streak_4,0.00553,0.010458,-0.004928,0.019355,0.030854,-0.011499,0.050691,0.007346,0.043345,0.048848,0.033231,0.015617
WTE.TO,2011-11-03,2,streak_2,-0.002477,0.01851,-0.020988,-0.007432,-0.006992,-0.000439,-0.011561,-0.010497,-0.001064,0.052849,0.025462,0.027387
CNQ.TO,2011-11-03,2,streak_2,0.092907,0.01851,0.074397,0.056943,-0.006992,0.063935,0.081918,-0.010497,0.092415,0.15984,0.025462,0.134378
OBE.TO,2011-11-03,10,streak_5plus,0.017486,0.01851,-0.001024,-0.027322,-0.006992,-0.02033,0.018033,-0.010497,0.028529,0.212568,0.025462,0.187106
IPL.TO,2011-11-03,3,streak_3,0.013039,0.01851,-0.005472,0.019274,-0.006992,0.026267,0.033447,-0.010497,0.043944,0.044785,0.025462,0.019323
RUS.TO,2011-11-03,5,streak_5plus,0.020214,0.01851,0.001704,0.043995,-0.006992,0.050988,0.029727,-0.010497,0.040223,0.104637,0.025462,0.079175
BHC.TO,2011-11-03,8,streak_5plus,0.132289,0.01851,0.113778,0.08785,-0.006992,0.094842,0.190598,-0.010497,0.201095,0.287182,0.025462,0.26172
T.TO,2011-11-04,3,streak_3,-0.001437,-0.00482,0.003383,-0.001437,-0.028833,0.027396,0.033046,-0.031544,0.06459,0.061782,0.008734,0.053048
ARE.TO,2011-11-07,2,streak_2,0.009058,0.004328,0.00473,0.126812,-0.01059,0.137401,0.130435,-0.023291,0.153726,0.259058,0.012218,0.24684
FCR-UN.TO,2011-11-08,2,streak_2,0.011299,0.002159,0.009141,0.00452,-0.019082,0.023602,0.031638,-0.030549,0.062187,0.116384,0.004044,0.11234
TCW.TO,2011-11-08,7,streak_5plus,0.033887,0.002159,0.031728,0.044518,-0.019082,0.0636,-0.009967,-0.030549,0.020582,-0.075083,0.004044,-0.079127
X.TO,2011-11-08,3,streak_3,0.006745,0.002159,0.004587,0.006745,-0.019082,0.025827,-0.020236,-0.030549,0.010313,-0.047218,0.004044,-0.051262
AX-UN.TO,2011-11-08,2,streak_2,-0.008214,0.002159,-0.010372,0.01848,-0.019082,0.037562,0.059548,-0.030549,0.090097,0.190965,0.004044,0.186921
MRC.TO,2011-11-08,6,streak_5plus,0.001284,0.002159,-0.000875,0.001427,-0.019082,0.020509,0.010984,-0.030549,0.041533,0.151926,0.004044,0.147881
ENB.TO,2011-11-09,3,streak_3,-0.00944,-0.02664,0.0172,-0.00767,-0.020786,0.013117,0.020059,-0.02724,0.047299,0.113864,0.00257,0.111294
FR.TO,2011-11-09,3,streak_3,-0.057408,-0.02664,-0.030769,-0.08748,-0.020786,-0.066693,-0.092947,-0.02724,-0.065707,0.064516,0.00257,0.061946
PEY.TO,2011-11-09,10,streak_5plus,-0.012369,-0.02664,0.014271,0.05138,-0.020786,0.072166,0.147479,-0.02724,0.174719,-0.14843,0.00257,-0.151
IGM.TO,2011-11-10,6,streak_5plus,-0.002575,-0.003891,0.001316,-0.013903,0.001497,-0.0154,0.048404,-0.016814,0.065218,0.090628,0.028109,0.062519
POW.TO,2011-11-11,2,streak_2,0.013483,0.013874,-0.000391,-0.038202,-0.01598,-0.022222,-0.025843,-0.00612,-0.019723,0.065169,0.023165,0.042004
CPG.TO,2011-11-14,2,streak_2,-0.01839,-0.004293,-0.014097,0.028198,-0.031319,0.059517,0.056804,-0.030056,0.086861,0.122599,0.009921,0.112678
CNE.TO,2011-11-15,2,streak_2,0.014446,0.000417,0.014029,0.028892,-0.035953,0.064846,-0.101525,-0.037982,-0.063543,0.260835,0.010659,0.250175
WN.TO,2011-11-22,3,streak_3,-0.000779,0.000891,-0.00167,-0.01324,-0.012262,-0.000978,0.002336,-0.005753,0.00809,0.007788,0.077779,-0.069991
CKG.V,2011-11-30,2,streak_2,-0.012107,0.040196,-0.052303,-0.015335,0.029729,-0.045064,-0.181598,0.018973,-0.200571,-0.220339,0.084466,-0.304805
GIL.TO,2011-12-01,10,streak_5plus,-0.325797,-0.00744,-0.318356,-0.229188,-0.004539,-0.224649,-0.182939,0.000352,-0.183292,0.051387,0.036029,0.015359
TD.TO,2011-12-01,2,streak_2,-0.021989,-0.00744,-0.014548,0.00478,-0.004539,0.00932,0.051147,0.000352,0.050795,0.122371,0.036029,0.086342
CM.TO,2011-12-01,2,streak_2,-0.012493,-0.00744,-0.005053,-0.01032,-0.004539,-0.005781,0.041825,0.000352,0.041473,0.068984,0.036029,0.032955
MDI.TO,2011-12-05,2,streak_2,0.047619,0.00366,0.043959,0.127473,-0.003337,0.13081,0.213919,0.013441,0.200478,0.264469,0.018509,0.24596
LB.TO,2011-12-07,2,streak_2,0.029759,0.005579,0.02418,0.03401,-0.026603,0.060613,0.092584,0.009552,0.083032,0.041568,0.031503,0.010065
NA.TO,2011-12-08,6,streak_5plus,0.00973,-0.016208,0.025937,0.034595,-0.049849,0.084444,0.094595,0.010042,0.084552,0.196757,0.029213,0.167544
CJR-B.TO,2012-01-10,3,streak_3,-0.031396,0.006067,-0.037464,-0.035474,0.005075,-0.04055,0.007791,0.025884,-0.018093,0.108134,-0.014611,0.122744
CNR.TO,2012-01-24,2,streak_2,-0.046976,-0.010102,-0.036873,-0.050193,-0.006812,-0.043381,-0.041184,0.014343,-0.055527,0.002252,-0.042542,0.044794
RCH.TO,2012-01-26,2,streak_2,0.020126,-0.005973,0.026099,0.093082,-0.001715,0.094796,0.065409,0.014881,0.050528,0.155975,-0.034141,0.190116
IMO.TO,2012-01-31,2,streak_2,0.01958,0.00127,0.01831,0.003973,0.009931,-0.005958,0.009081,0.016693,-0.007612,-0.016175,-0.011555,-0.00462
SU.TO,2012-01-31,2,streak_2,0.005563,0.00127,0.004293,0.01669,0.009931,0.006759,0.037089,0.016693,0.020396,-0.047288,-0.011555,-0.035733
MRU.TO,2012-01-31,2,streak_2,0.030154,0.00127,0.028884,-0.012623,0.009931,-0.022553,-0.031557,0.016693,-0.04825,0.029453,-0.011555,0.041008
WCN.TO,2012-02-07,8,streak_5plus,-0.011127,-0.003782,-0.007345,-0.009736,-0.012835,0.003099,-0.030598,-0.016696,-0.013902,-0.109527,-0.055669,-0.053858
CAE.TO,2012-02-08,2,streak_2,0.010046,0.000687,0.009359,-0.029224,-0.01262,-0.016604,-0.022831,-0.004036,-0.018795,-0.073182,-0.064552,-0.00863
TH.TO,2012-02-08,2,streak_2,-0.137405,0.000687,-0.138092,-0.045802,-0.01262,-0.033182,-0.038168,-0.004036,-0.034132,-0.305344,-0.064552,-0.240792
CTC.TO,2012-02-09,2,streak_2,0.027818,-0.001845,0.029663,0.017522,-0.012699,0.03022,0.020412,-0.00139,0.021802,0.067377,-0.067566,0.134944
CTC-A.TO,2012-02-09,2,streak_2,0.041686,-0.001845,0.043531,0.030801,-0.012699,0.0435,-0.00139,-0.00139,0.0,0.066466,-0.067566,0.134032
TRI.TO,2012-02-09,3,streak_3,-0.012617,-0.001845,-0.010772,-0.027976,-0.012699,-0.015277,0.040044,-0.00139,0.041434,0.082831,-0.067566,0.150397
PD.TO,2012-02-09,2,streak_2,0.003533,-0.001845,0.005378,-0.0053,-0.012699,0.007398,0.028268,-0.00139,0.029658,-0.257067,-0.067566,-0.189501
IGM.TO,2012-02-10,7,streak_5plus,-0.001889,-0.008681,0.006793,-0.016053,-0.000984,-0.015069,-0.009443,-0.005593,-0.00385,-0.044854,-0.060946,0.016093
RUS.TO,2012-02-15,6,streak_5plus,-0.009395,0.000607,-0.010002,0.045929,0.028071,0.017858,0.078288,0.008199,0.070089,0.022965,-0.081865,0.104829
SLF.TO,2012-02-15,8,streak_5plus,0.001708,0.000607,0.001101,0.009394,0.028071,-0.018677,0.123826,0.008199,0.115626,0.088813,-0.081865,0.170678
OBE.TO,2012-02-16,11,streak_5plus,0.012009,0.009998,0.002011,-0.011547,0.029874,-0.041421,-0.053118,0.010921,-0.064038,-0.335898,-0.083797,-0.252101
DPM.TO,2012-02-16,2,streak_2,0.068841,0.009998,0.058842,0.101449,0.029874,0.071575,-0.024155,0.010921,-0.035075,-0.326087,-0.083797,-0.24229
PSI.TO,2012-02-21,2,streak_2,0.026097,0.013252,0.012845,0.060498,0.019433,0.041065,0.005931,-0.002215,0.008147,0.073547,-0.094531,0.168078
DXT.TO,2012-02-22,3,streak_3,0.010699,0.006171,0.004528,0.029957,0.009276,0.020681,0.087019,-0.014806,0.101824,-0.019258,-0.092812,0.073554
RCI-B.TO,2012-02-22,4,streak_4,0.010426,0.006171,0.004255,0.00391,0.009276,-0.005367,0.018245,-0.014806,0.033051,-0.028236,-0.092812,0.064575
D-UN.TO,2012-02-22,2,streak_2,0.001528,0.006171,-0.004643,0.005604,0.009276,-0.003673,0.041773,-0.014806,0.056579,0.086093,-0.092812,0.178905
MG.TO,2012-02-23,2,streak_2,-0.010974,0.002362,-0.013336,0.037037,-0.004511,0.041548,0.038409,-0.02673,0.065138,-0.046639,-0.089479,0.04284
TIH.TO,2012-02-23,5,streak_5plus,-0.005328,0.002362,-0.00769,-0.018114,-0.004511,-0.013603,-0.025573,-0.02673,0.001157,-0.110282,-0.089479,-0.020803
BHC.TO,2012-02-27,9,streak_5plus,0.056238,-0.001996,0.058234,0.110185,-0.006444,0.116629,0.127474,-0.011866,0.139339,0.041033,-0.090313,0.131346
MAXR.TO,2012-02-28,4,streak_4,-0.007795,0.003157,-0.010952,-0.008018,-0.013889,0.005872,-0.001861,-0.014834,0.012974,-0.005252,-0.089304,0.084053
TCW.TO,2012-02-28,8,streak_5plus,0.029539,0.003157,0.026382,0.050432,-0.013889,0.064322,-0.102305,-0.014834,-0.087471,-0.266571,-0.089304,-0.177266
TFII.TO,2012-02-29,15,streak_5plus,0.046802,-0.007574,0.054376,-0.013261,-0.034685,0.021424,-0.014041,-0.025635,0.011594,0.072543,-0.088788,0.161331
CSU.TO,2012-02-29,4,streak_4,0.007275,-0.007574,0.014849,-0.048658,-0.034685,-0.013974,-0.077996,-0.025635,-0.052362,-0.093858,-0.088788,-0.00507
RY.TO,2012-03-01,2,streak_2,0.020073,0.006288,0.013785,0.002129,-0.023236,0.025365,0.041363,-0.02409,0.065453,-0.081204,-0.095761,0.014556
WN.TO,2012-03-01,4,streak_4,-0.000791,0.006288,-0.007078,-0.008696,-0.023236,0.014541,0.001581,-0.02409,0.025671,-0.082213,-0.095761,0.013547
TD.TO,2012-03-01,3,streak_3,0.014649,0.006288,0.008361,-0.006032,-0.023236,0.017204,0.043947,-0.02409,0.068037,-0.026713,-0.095761,0.069048
NA.TO,2012-03-01,7,streak_5plus,0.005069,0.006288,-0.001218,0.007834,-0.023236,0.03107,0.041014,-0.02409,0.065104,-0.042396,-0.095761,0.053365
ARE.TO,2012-03-05,3,streak_3,-0.005369,-0.009475,0.004106,0.085906,-0.011088,0.096994,0.087248,-0.010812,0.09806,-0.010738,-0.101441,0.090703
LNR.TO,2012-03-06,2,streak_2,-0.038835,-0.017997,-0.020837,0.008495,-0.007665,0.01616,0.139563,-0.016001,0.155564,0.076456,-0.094874,0.17133
GEI.TO,2012-03-06,2,streak_2,-0.016018,-0.017997,0.001979,-0.004577,-0.007665,0.003089,0.052632,-0.016001,0.068633,-0.001144,-0.094874,0.09373
WJX.TO,2012-03-06,4,streak_4,0.048126,-0.017997,0.066123,0.051672,-0.007665,0.059337,0.099291,-0.016001,0.115292,0.120061,-0.094874,0.214935
MRC.TO,2012-03-07,7,streak_5plus,-0.000734,0.004196,-0.004929,0.06811,0.019441,0.048668,0.063708,-0.009749,0.073457,0.031059,-0.064308,0.095367
CNQ.TO,2012-03-08,3,streak_3,0.005952,0.009044,-0.003092,-0.026786,0.002243,-0.029029,-0.093254,-0.020008,-0.073246,-0.160714,-0.05804,-0.102675
DII-B.TO,2012-03-08,2,streak_2,0.007561,0.009044,-0.001483,0.020038,0.002243,0.017795,0.060492,-0.020008,0.0805,0.041069,-0.05804,0.099108
FCR-UN.TO,2012-03-08,3,streak_3,0.0,0.009044,-0.009044,-0.008264,0.002243,-0.010507,0.001033,-0.020008,0.021041,0.049587,-0.05804,0.107626
CM.TO,2012-03-08,3,streak_3,-0.002052,0.009044,-0.011097,-0.001026,0.002243,-0.003269,0.0,-0.020008,0.020008,-0.060544,-0.05804,-0.002504
SSRM.TO,2012-03-12,2,streak_2,0.0,-0.006046,0.006046,-0.047131,-0.000528,-0.046603,-0.103825,-0.045451,-0.058374,-0.157787,-0.080217,-0.07757
TOT.TO,2012-03-14,3,streak_3,-0.052885,-0.012746,-0.040139,-0.091346,-0.008534,-0.082812,-0.186126,-0.025762,-0.160364,-0.179258,-0.082982,-0.096276
MRE.TO,2012-03-20,2,streak_2,0.002457,-0.003926,0.006383,0.081081,0.00762,0.073461,0.014742,-0.02811,0.042852,-0.108108,-0.070402,-0.037706
SNC.TO,2012-03-26,2,streak_2,0.051854,0.008752,0.043102,0.016581,-0.005896,0.022477,-0.06331,-0.038955,-0.024355,-0.006934,-0.082643,0.075709
AEZS.TO,2012-03-27,2,streak_2,-0.04,-0.004994,-0.035006,-0.645,-0.005384,-0.639616,-0.695,-0.036875,-0.658125,-0.7675,-0.09896,-0.66854
RCH.TO,2012-03-29,3,streak_3,-0.014019,-0.006001,-0.008017,0.074766,-0.018947,0.093713,0.098131,-0.014186,0.112317,0.073598,-0.080797,0.154395
WTE.TO,2012-03-30,3,streak_3,-0.001585,0.004279,-0.005864,0.01664,-0.01915,0.03579,0.01664,-0.003785,0.020425,0.01981,-0.074128,0.093938
CJR-B.TO,2012-04-12,4,streak_4,-0.01763,0.015623,-0.033253,-0.0205,0.008489,-0.028989,-0.01517,-0.024163,0.008993,-0.034054,-0.040094,0.00604
TH.TO,2012-04-13,3,streak_3,-0.051887,-0.01427,-0.037617,-0.042453,-0.004994,-0.037459,-0.070755,-0.042572,-0.028183,-0.646226,-0.064611,-0.581616
CNR.TO,2012-04-23,3,streak_3,-0.009224,-0.013032,0.003808,0.053117,0.00745,0.045667,0.040712,-0.057256,0.097968,0.102099,-0.04317,0.145269
CLS.TO,2012-04-24,2,streak_2,0.058612,-0.000742,0.059355,0.058612,0.025332,0.033281,-0.075359,-0.035382,-0.039976,-0.118421,-0.036992,-0.081429
WPK.TO,2012-04-25,2,streak_2,-0.012831,0.010935,-0.023766,0.029085,0.029441,-0.000356,-0.012831,-0.034557,0.021726,0.047904,-0.042829,0.090734
MX.TO,2012-04-25,2,streak_2,0.021468,0.010935,0.010534,0.114212,0.029441,0.084772,-0.040361,-0.034557,-0.005803,-0.059253,-0.042829,-0.016424
MEG.TO,2012-04-26,2,streak_2,0.086061,0.002873,0.083188,0.111404,0.009826,0.101579,-0.003696,-0.044141,0.040445,0.006864,-0.051077,0.057941
ALA.TO,2012-04-26,2,streak_2,0.005803,0.002873,0.002929,0.031593,0.009826,0.021767,-0.029658,-0.044141,0.014483,-0.008382,-0.051077,0.042695
IMO.TO,2012-04-26,3,streak_3,0.001759,0.002873,-0.001115,0.014947,0.009826,0.005122,-0.079426,-0.044141,-0.035284,-0.060082,-0.051077,-0.009005
CPX.TO,2012-04-27,2,streak_2,0.020568,0.007566,0.013002,0.024486,-0.010786,0.035271,0.005877,-0.047728,0.053605,0.046033,-0.041668,0.087702
SU.TO,2012-04-30,3,streak_3,0.031109,0.004486,0.026623,-0.046162,-0.029956,-0.016205,-0.07727,-0.051357,-0.025913,0.012544,-0.03852,0.051064
CCO.TO,2012-05-01,2,streak_2,0.028123,0.003262,0.024861,0.023256,-0.035143,0.058399,-0.093564,-0.06992,-0.023645,-0.004327,-0.043505,0.039179
TRI.TO,2012-05-01,4,streak_4,0.008647,0.003262,0.005385,-0.001017,-0.035143,0.034126,-0.021363,-0.06992,0.048556,-0.008647,-0.043505,0.034858
MAXR.TO,2012-05-01,5,streak_5plus,-0.024521,0.003262,-0.027783,-0.011146,-0.035143,0.023997,-0.007357,-0.06992,0.062563,0.205306,-0.043505,0.248811
IFC.TO,2012-05-01,2,streak_2,-0.006287,0.003262,-0.009549,0.002168,-0.035143,0.037311,-0.011923,-0.06992,0.057997,-0.001301,-0.043505,0.042205
PSI.TO,2012-05-02,3,streak_3,-0.019977,-0.008327,-0.011649,-0.011751,-0.050929,0.039178,0.090482,-0.066457,0.156939,0.068155,-0.054173,0.122328
DXT.TO,2012-05-02,4,streak_4,0.003422,-0.008327,0.01175,-0.015058,-0.050929,0.035871,-0.047228,-0.066457,0.019229,0.036277,-0.054173,0.090449
SPB.TO,2012-05-02,2,streak_2,-0.002959,-0.008327,0.005369,0.014793,-0.050929,0.065722,-0.068047,-0.066457,-0.00159,0.017751,-0.054173,0.071924
PPL.TO,2012-05-03,2,streak_2,0.002089,-0.017596,0.019685,0.018802,-0.045388,0.06419,-0.0961,-0.071046,-0.025054,-0.093315,-0.050008,-0.043307
MFC.TO,2012-05-03,2,streak_2,-0.027595,-0.017596,-0.009999,-0.086728,-0.045388,-0.04134,-0.203679,-0.071046,-0.132633,-0.204993,-0.050008,-0.154986
RUS.TO,2012-05-03,7,streak_5plus,-0.022879,-0.017596,-0.005283,-0.039085,-0.045388,0.006303,-0.090562,-0.071046,-0.019516,-0.06673,-0.050008,-0.016722
D-UN.TO,2012-05-03,3,streak_3,-0.009311,-0.017596,0.008285,0.015829,-0.045388,0.061217,-0.01676,-0.071046,0.054286,0.060987,-0.050008,0.110995
REI-UN.TO,2012-05-03,2,streak_2,-0.006354,-0.017596,0.011242,0.010326,-0.045388,0.055714,-0.009531,-0.071046,0.061515,0.06116,-0.050008,0.111167
BHC.TO,2012-05-03,10,streak_5plus,-0.091382,-0.017596,-0.073787,-0.060503,-0.045388,-0.015115,-0.121724,-0.071046,-0.050678,-0.153321,-0.050008,-0.103314
IGM.TO,2012-05-04,8,streak_5plus,-0.017363,-0.01196,-0.005403,-0.05068,-0.023196,-0.027484,-0.144064,-0.056522,-0.087542,-0.175974,-0.042314,-0.13366
OBE.TO,2012-05-04,12,streak_5plus,-0.033375,-0.01196,-0.021414,-0.086527,-0.023196,-0.06333,-0.181706,-0.056522,-0.125184,-0.158052,-0.042314,-0.115738
CET.TO,2012-05-07,2,streak_2,-0.01987,-0.000884,-0.018985,-0.021422,-0.014868,-0.006554,-0.106489,-0.03062,-0.075868,-0.035082,-0.017572,-0.01751
FCR-UN.TO,2012-05-07,4,streak_4,0.005946,-0.000884,0.006831,0.0,-0.014868,0.014868,-0.025768,-0.03062,0.004852,0.022795,-0.017572,0.040367
FTT.TO,2012-05-08,2,streak_2,-0.015367,-0.013153,-0.002214,-0.014229,-0.031381,0.017152,-0.066022,-0.019164,-0.046858,-0.068867,0.000236,-0.069103
SCL.TO,2012-05-08,2,streak_2,0.007552,-0.013153,0.020705,0.014474,-0.031381,0.045855,0.077597,-0.019164,0.096761,0.120523,0.000236,0.120287
DPM.TO,2012-05-08,3,streak_3,-0.059308,-0.013153,-0.046155,-0.037891,-0.031381,-0.00651,0.069193,-0.019164,0.088357,0.144975,0.000236,0.144739
GEI.TO,2012-05-08,3,streak_3,0.011892,-0.013153,0.025045,-0.011892,-0.031381,0.019489,-0.03027,-0.019164,-0.011106,-0.016216,0.000236,-0.016452
WJX.TO,2012-05-08,5,streak_5plus,0.000442,-0.013153,0.013595,0.0084,-0.031381,0.039781,0.015473,-0.019164,0.034637,-0.003979,0.000236,-0.004215
WN.TO,2012-05-08,5,streak_5plus,-0.022149,-0.013153,-0.008997,-0.012305,-0.031381,0.019076,-0.031173,-0.019164,-0.012009,-0.004102,0.000236,-0.004338
CFW.TO,2012-05-09,2,streak_2,-0.048197,-0.002537,-0.04566,-0.138715,-0.030894,-0.107821,-0.052116,-0.00962,-0.042496,-0.027257,0.006519,-0.033776
LNR.TO,2012-05-09,3,streak_3,-0.027158,-0.002537,-0.02462,0.077248,-0.030894,0.108142,0.109234,-0.00962,0.118854,0.098371,0.006519,0.091852
CEE.TO,2012-05-09,4,streak_4,0.062501,-0.002537,0.065039,0.031251,-0.030894,0.062144,0.187503,-0.00962,0.197123,0.05209,0.006519,0.045571
CTC-A.TO,2012-05-10,3,streak_3,0.041694,0.005242,0.036452,-0.009121,-0.029884,0.020764,0.011726,-0.014938,0.026664,0.036265,0.015683,0.020582
MG.TO,2012-05-10,3,streak_3,0.022513,0.005242,0.017271,-0.010167,-0.029884,0.019717,-0.039216,-0.014938,-0.024278,-0.014524,0.015683,-0.030207
CTC.TO,2012-05-10,3,streak_3,0.0,0.005242,-0.005242,0.009985,-0.029884,0.039869,0.021831,-0.014938,0.036769,0.037062,0.015683,0.021379
BN.TO,2012-05-10,2,streak_2,0.003155,0.005242,-0.002087,-0.01735,-0.029884,0.012534,0.020505,-0.014938,0.035443,0.066246,0.015683,0.050563
CHE-UN.TO,2012-05-10,2,streak_2,0.035907,0.005242,0.030665,0.016158,-0.029884,0.046042,-0.023339,-0.014938,-0.008401,0.061041,0.015683,0.045358
AP-UN.TO,2012-05-15,2,streak_2,-0.000758,-0.012656,0.011898,0.015163,-0.003195,0.018358,0.029568,0.000818,0.02875,0.092494,0.03178,0.060715
TOT.TO,2012-05-15,4,streak_4,-0.041509,-0.012656,-0.028853,0.015094,-0.003195,0.018289,0.117925,0.000818,0.117106,0.017925,0.03178,-0.013855
PAAS.TO,2012-05-16,2,streak_2,-0.009322,-0.001499,-0.007823,0.15678,0.019545,0.137235,0.229661,0.01087,0.218791,-0.000847,0.049572,-0.05042
CAE.TO,2012-05-23,3,streak_3,-0.019399,0.009867,-0.029266,-0.025219,0.013753,-0.038972,-0.026165,0.026852,-0.053017,-0.008636,0.058078,-0.066714
BMO.TO,2012-05-23,2,streak_2,0.014678,0.009867,0.00481,-0.008296,0.013753,-0.022049,0.011806,0.026852,-0.015046,0.065093,0.058078,0.007014
CMG.TO,2012-05-24,2,streak_2,0.052124,0.000112,0.052011,0.011583,-0.011379,0.022962,0.023166,-0.013532,0.036698,0.079151,0.047921,0.031229
TD.TO,2012-05-24,4,streak_4,0.003509,0.000112,0.003396,-0.009211,-0.011379,0.002169,-0.004825,-0.013532,0.008708,0.035965,0.047921,-0.011956
ATS.TO,2012-05-24,2,streak_2,-0.006734,0.000112,-0.006846,-0.074074,-0.011379,-0.062695,-0.071829,-0.013532,-0.058297,0.03367,0.047921,-0.014251
GG.V,2012-05-25,2,streak_2,0.058824,0.000899,0.057924,0.117647,-0.004574,0.122221,0.152941,-0.011292,0.164233,0.117647,0.042919,0.074728
NA.TO,2012-05-31,8,streak_5plus,0.007218,0.006997,0.000221,-0.001925,0.01751,-0.019435,-0.005775,-0.000743,-0.005031,0.050048,0.050432,-0.000384
CM.TO,2012-05-31,4,streak_4,0.024752,0.006997,0.017755,0.007151,0.01751,-0.01036,0.019802,-0.000743,0.020545,0.10011,0.050432,0.049678
DOL.TO,2012-06-13,2,streak_2,0.065848,5.2e-05,0.065796,0.09933,0.025319,0.074011,0.078125,-0.006245,0.08437,0.037946,0.063954,-0.026008
BU.TO,2012-06-25,2,streak_2,0.003195,-0.009191,0.012386,-0.041534,0.014088,-0.055621,-0.127796,0.002755,-0.13055,-0.241214,0.076778,-0.317993
RCH.TO,2012-07-05,4,streak_4,0.013514,-0.008133,0.021647,0.017672,-0.030997,0.048669,0.02079,-0.034195,0.054985,0.004158,0.037402,-0.033244
CJR-B.TO,2012-07-12,5,streak_5plus,-0.045883,-0.010316,-0.035567,-0.016295,0.002997,-0.019292,-0.027445,0.029997,-0.057442,-0.002522,0.059716,-0.062238
SU.TO,2012-07-24,4,streak_4,-0.017727,-0.006799,-0.010928,0.035975,0.018397,0.017578,0.046924,0.049673,-0.002749,0.082377,0.058923,0.023454
OVV.TO,2012-07-25,2,streak_2,-0.033211,0.002224,-0.035435,0.07561,0.017241,0.05837,0.040956,0.051932,-0.010976,0.061827,0.063487,-0.001659
CNR.TO,2012-07-25,4,streak_4,-0.005522,0.002224,-0.007745,0.013368,0.017241,-0.003873,0.035455,0.051932,-0.016477,-0.005812,0.063487,-0.069299
AEM.TO,2012-07-25,2,streak_2,0.031736,0.002224,0.029512,0.147438,0.017241,0.130197,0.225785,0.051932,0.173853,0.345124,0.063487,0.281637
ALA.TO,2012-07-26,3,streak_3,0.018856,0.012817,0.006039,0.036411,0.010964,0.025447,0.057867,0.051312,0.006556,0.126138,0.070281,0.055857
MAXR.TO,2012-07-26,6,streak_5plus,0.002378,0.012817,-0.010439,0.00311,0.010964,-0.007854,0.115603,0.051312,0.064291,-0.09443,0.070281,-0.164711
TRI.TO,2012-07-31,5,streak_5plus,-0.016932,-0.007927,-0.009005,-0.004105,0.008981,-0.013086,-0.007183,0.021424,-0.028607,0.000513,0.052654,-0.052141
WN.TO,2012-07-31,6,streak_5plus,-0.009764,-0.007927,-0.001837,-0.012205,0.008981,-0.021186,0.061839,0.021424,0.040415,0.091945,0.052654,0.039291
CG.TO,2012-08-01,2,streak_2,-0.026144,-0.003961,-0.022183,-0.013072,0.00997,-0.023042,0.011438,0.019032,-0.007594,0.570261,0.065,0.505262
DXT.TO,2012-08-01,5,streak_5plus,0.005945,-0.003961,0.009905,0.138705,0.00997,0.128735,0.180317,0.019032,0.161285,0.260238,0.065,0.195238
DPM.TO,2012-08-01,4,streak_4,-0.028777,-0.003961,-0.024816,0.010072,0.00997,0.000102,0.027338,0.019032,0.008306,0.17554,0.065,0.11054
HCG.TO,2012-08-01,2,streak_2,-0.001007,-0.003961,0.002954,0.059919,0.00997,0.049949,0.122357,0.019032,0.103325,0.125881,0.065,0.060882
SPB.TO,2012-08-02,3,streak_3,0.01462,-0.00964,0.02426,0.166667,0.020622,0.146044,0.219298,0.028472,0.190826,0.374269,0.075853,0.298416
ARX.TO,2012-08-03,2,streak_2,0.015789,0.013566,0.002223,0.009774,0.033407,-0.023633,-0.006767,0.037822,-0.044589,0.059398,0.075948,-0.01655
FCR-UN.TO,2012-08-07,5,streak_5plus,0.005814,0.017226,-0.011412,0.017442,0.015065,0.002377,0.028101,0.028081,2e-05,-0.007752,0.059181,-0.066933
GEI.TO,2012-08-07,4,streak_4,0.007752,0.017226,-0.009474,0.052049,0.015065,0.036983,0.028793,0.028081,0.000712,0.10299,0.059181,0.043809
FTT.TO,2012-08-08,3,streak_3,0.029951,-0.006954,0.036905,0.023839,-0.000835,0.024673,-0.003056,0.023282,-0.026338,0.005501,0.041952,-0.036451
POU.TO,2012-08-08,2,streak_2,-0.002963,-0.006954,0.003991,-0.034074,-0.000835,-0.03324,-0.094815,0.023282,-0.118096,0.350123,0.041952,0.308171
LNR.TO,2012-08-08,4,streak_4,-0.019925,-0.006954,-0.012971,-0.026387,-0.000835,-0.025552,-0.026387,0.023282,-0.049668,0.027464,0.041952,-0.014489
CAR-UN.TO,2012-08-08,2,streak_2,-0.008486,-0.006954,-0.001532,0.017624,-0.000835,0.018459,-0.001305,0.023282,-0.024587,-0.027415,0.041952,-0.069367
CTC.TO,2012-08-09,4,streak_4,0.032693,0.006544,0.026149,0.044321,0.010559,0.033761,0.056117,0.041338,0.01478,0.078025,0.038163,0.039862
CTC-A.TO,2012-08-09,4,streak_4,0.04833,0.006544,0.041786,0.050747,0.010559,0.040188,0.08304,0.041338,0.041703,0.077109,0.038163,0.038946
MG.TO,2012-08-09,4,streak_4,0.007424,0.006544,0.000879,0.059391,0.010559,0.048832,0.08686,0.041338,0.045522,0.077951,0.038163,0.039788
PKI.TO,2012-08-09,2,streak_2,0.017301,0.006544,0.010757,0.083045,0.010559,0.072486,0.141869,0.041338,0.100531,0.171857,0.038163,0.133694
OBE.TO,2012-08-10,13,streak_5plus,0.019945,0.002766,0.017179,-0.026135,0.014716,-0.04085,0.008253,0.030131,-0.021878,-0.265687,0.028082,-0.293769
MMS.V,2012-08-10,2,streak_2,0.0,0.002766,-0.002766,-0.028572,0.014716,-0.043287,0.128571,0.030131,0.09844,0.142857,0.028082,0.114775
REI-UN.TO,2012-08-10,3,streak_3,0.003737,0.002766,0.000971,0.0142,0.014716,-0.000515,-0.001495,0.030131,-0.031626,-0.044843,0.028082,-0.072925
WJX.TO,2012-08-10,6,streak_5plus,-0.029561,0.002766,-0.032327,-0.100507,0.014716,-0.115222,-0.148649,0.030131,-0.17878,-0.167652,0.028082,-0.195734
CEE.TO,2012-08-14,5,streak_5plus,0.009444,0.001292,0.008152,0.084907,0.020079,0.064828,0.216991,0.033307,0.183684,0.056605,0.029835,0.02677
SEA.TO,2012-08-15,2,streak_2,0.00135,0.00437,-0.00302,0.042539,0.022213,0.020326,0.283592,0.042738,0.240854,0.099257,0.023714,0.075543
BNS.TO,2012-08-28,2,streak_2,-0.000459,-0.003228,0.00277,-0.01285,-0.008889,-0.003961,0.02157,0.01528,0.00629,0.04681,0.011312,0.035498
BMO.TO,2012-08-28,3,streak_3,0.003923,-0.003228,0.007151,-0.010561,-0.008889,-0.001672,0.004224,0.01528,-0.011055,0.038926,0.011312,0.027613
TD.TO,2012-08-30,5,streak_5plus,-0.010911,-0.01025,-0.000661,0.002518,0.010816,-0.008298,0.005455,0.025621,-0.020165,0.009232,0.010866,-0.001634
NA.TO,2012-08-30,9,streak_5plus,-0.010999,-0.01025,-0.000749,-0.030247,0.010816,-0.041064,-0.010082,0.025621,-0.035703,0.02429,0.010866,0.013424
CM.TO,2012-08-30,5,streak_5plus,-0.0135,-0.01025,-0.00325,0.0145,0.010816,0.003684,0.0195,0.025621,-0.006121,0.0565,0.010866,0.045634
LB.TO,2012-08-31,2,streak_2,0.020206,0.005266,0.01494,0.00129,0.032078,-0.030788,-0.00086,0.040676,-0.041536,-0.017627,0.026601,-0.044228
EMP-A.TO,2012-09-13,2,streak_2,0.007838,0.010431,-0.002593,0.028739,0.016644,0.012095,-0.007838,-0.002501,-0.005337,-0.005879,0.004071,-0.00995
CFP.TO,2012-10-23,2,streak_2,-0.009407,-0.014327,0.00492,0.013025,-0.007312,0.020337,0.04848,-0.028798,0.077279,0.36686,0.03395,0.332909
RCI-B.TO,2012-10-24,2,streak_2,0.032895,-0.002519,0.035414,0.07082,0.012367,0.058453,0.051858,-0.010282,0.062139,0.135836,0.046484,0.089352
CP.TO,2012-10-24,2,streak_2,0.060026,-0.002519,0.062545,0.042784,0.012367,0.030417,0.051086,-0.010282,0.061367,0.267561,0.046484,0.221077
AEM.TO,2012-10-24,3,streak_3,-0.016912,-0.002519,-0.014393,0.068132,0.012367,0.055765,0.054844,-0.010282,0.065126,-0.053636,0.046484,-0.10012
OVV.TO,2012-10-24,3,streak_3,-0.031025,-0.002519,-0.028506,0.026114,0.012367,0.013747,-0.073191,-0.010282,-0.06291,-0.134523,0.046484,-0.181007
TFII.TO,2012-10-25,2,streak_2,0.03012,0.008627,0.021494,0.052711,0.018688,0.034023,0.024849,-0.003436,0.028285,0.274096,0.051546,0.222551
WFG.TO,2012-10-29,2,streak_2,0.001544,0.001016,0.000528,0.060208,0.006512,0.053696,0.102663,-0.009366,0.112029,0.328831,0.041918,0.286913
SU.TO,2012-10-31,5,streak_5plus,0.007569,0.003709,0.00386,0.039735,-0.001277,0.041012,-0.016083,-0.019124,0.003041,0.03737,0.033724,0.003646
STN.TO,2012-11-01,2,streak_2,0.084304,0.00619,0.078114,0.076765,-0.01548,0.092244,0.057574,-0.017709,0.075283,0.191912,0.021114,0.170798
TRI.TO,2012-11-02,6,streak_5plus,-0.012913,-0.009552,-0.003361,-0.007748,-0.024696,0.016948,-0.026343,-0.020832,-0.005511,0.098141,0.02152,0.07662
FCR-UN.TO,2012-11-05,6,streak_5plus,-0.004859,-0.002229,-0.00263,-0.015549,-0.01483,-0.000719,0.000972,-0.017019,0.017991,0.038873,0.027237,0.011636
TCW.TO,2012-11-06,2,streak_2,0.021847,0.00068,0.021167,-0.066534,-0.013058,-0.053477,0.028798,-0.017454,0.046252,0.163853,0.031807,0.132046
SLF.TO,2012-11-07,2,streak_2,-0.028398,-0.010565,-0.017832,0.053414,-0.018323,0.071738,0.095335,-0.016495,0.11183,0.171738,0.032392,0.139346
IAG.TO,2012-11-07,2,streak_2,-0.021026,-0.010565,-0.01046,-0.03641,-0.018323,-0.018087,0.0,-0.016495,0.016495,0.250769,0.032392,0.218378
HCG.TO,2012-11-07,3,streak_3,0.014959,-0.010565,0.025525,0.081142,-0.018323,0.099466,0.114234,-0.016495,0.130729,0.199909,0.032392,0.167518
CG.TO,2012-11-07,3,streak_3,-0.054639,-0.010565,-0.044074,-0.170103,-0.018323,-0.15178,-0.298969,-0.016495,-0.282474,-0.283505,0.032392,-0.315897
DPM.TO,2012-11-07,5,streak_5plus,0.005135,-0.010565,0.0157,-0.026958,-0.018323,-0.008634,-0.05905,-0.016495,-0.042555,0.0,0.032392,-0.032392
III.TO,2012-11-08,2,streak_2,0.003082,-0.00323,0.006311,-0.048536,-0.024594,-0.023942,-0.029276,-0.0065,-0.022776,0.080123,0.04295,0.037174
MG.TO,2012-11-08,5,streak_5plus,0.006198,-0.00323,0.009428,-0.010331,-0.024594,0.014263,0.044077,-0.0065,0.050577,0.195592,0.04295,0.152643
PKI.TO,2012-11-08,3,streak_3,-0.008858,-0.00323,-0.005629,0.035433,-0.024594,0.060027,0.040354,-0.0065,0.046854,0.174213,0.04295,0.131263
AAV.TO,2012-11-08,2,streak_2,-0.023055,-0.00323,-0.019825,-0.028818,-0.024594,-0.004224,-0.069164,-0.0065,-0.062664,-0.115274,0.04295,-0.158223
FTT.TO,2012-11-08,4,streak_4,-0.047706,-0.00323,-0.044477,-0.052599,-0.024594,-0.028005,-0.043425,-0.0065,-0.036925,0.09419,0.04295,0.05124
CAR-UN.TO,2012-11-08,3,streak_3,-0.000672,-0.00323,0.002557,0.00269,-0.024594,0.027284,0.01614,-0.0065,0.02264,0.092132,0.04295,0.049182
EFX.TO,2012-11-12,2,streak_2,-0.004673,-0.000435,-0.004238,-0.015187,-0.026163,0.010976,0.045561,0.002763,0.042798,0.095794,0.045209,0.050586
AEZS.TO,2012-11-13,2,streak_2,-0.009434,-0.004659,-0.004775,-0.070755,-0.012394,-0.058361,0.014151,0.007456,0.006695,0.311321,0.04901,0.262311
EDV.TO,2012-11-14,2,streak_2,-0.035791,-0.016885,-0.018905,-0.013355,-0.007285,-0.00607,-0.084402,0.017998,-0.1024,-0.102564,0.052791,-0.155355
MRU.TO,2012-11-14,2,streak_2,0.007547,-0.016885,0.024433,0.016981,-0.007285,0.024266,0.069182,0.017998,0.051184,0.097484,0.052791,0.044694
CEE.TO,2012-11-14,6,streak_5plus,0.0,-0.016885,0.016885,0.0,-0.007285,0.007285,-0.194447,0.017998,-0.212445,-0.129621,0.052791,-0.182412
LNR.TO,2012-11-14,5,streak_5plus,0.003191,-0.016885,0.020077,-0.051064,-0.007285,-0.043779,0.012766,0.017998,-0.005232,0.232447,0.052791,0.179656
WN.TO,2012-11-20,7,streak_5plus,-0.009716,0.00049,-0.010206,-0.009716,0.012018,-0.021734,0.112855,0.024409,0.088446,0.168909,0.055953,0.112956
RY.TO,2012-11-29,2,streak_2,0.004501,0.005156,-0.000656,0.007595,0.0014,0.006195,0.02616,0.024151,0.002009,0.103516,0.052124,0.051392
BMO.TO,2012-12-04,4,streak_4,0.005802,-0.002671,0.008473,0.005222,0.004996,0.000226,0.039455,0.030494,0.008961,0.091094,0.054422,0.036672
TD.TO,2012-12-06,6,streak_5plus,-0.017652,-0.00051,-0.017142,-0.018062,0.016106,-0.034168,0.010263,0.028584,-0.018321,0.041051,0.055794,-0.014743
CM.TO,2012-12-06,6,streak_5plus,-0.005155,-0.00051,-0.004645,0.010309,0.016106,-0.005796,0.01687,0.028584,-0.011714,0.039831,0.055794,-0.015962
BNS.TO,2012-12-07,3,streak_3,-0.000862,0.0007,-0.001561,0.022835,0.011365,0.01147,0.05084,0.03054,0.0203,0.105127,0.058217,0.04691
BB.TO,2012-12-20,2,streak_2,0.034099,-0.001201,0.035301,-0.128984,-0.007054,-0.12193,0.315048,0.033942,0.281106,0.126019,0.028524,0.097495
CLS.TO,2013-01-22,2,streak_2,0.007059,0.002368,0.004691,-0.034118,0.001688,-0.035806,-0.028235,-0.006268,-0.021967,-0.078824,-0.054993,-0.02383
MRU.TO,2013-01-29,3,streak_3,-0.001149,0.001147,-0.002296,-0.027011,-0.00767,-0.019341,0.0,-0.006515,0.006515,0.044253,-0.039264,0.083517
MX.TO,2013-01-30,2,streak_2,-0.022438,-0.002821,-0.019617,-0.025056,-0.006617,-0.018439,0.077038,-0.000686,0.077724,0.224009,-0.029157,0.253166
IMO.TO,2013-02-01,2,streak_2,0.002704,0.00659,-0.003887,-0.012316,0.005573,-0.017889,-0.015921,0.00175,-0.017671,-0.088014,-0.024091,-0.063923
IFC.TO,2013-02-06,2,streak_2,-0.032411,0.001247,-0.033659,-0.053675,0.003397,-0.057072,-0.008671,0.006339,-0.01501,-0.077622,-0.022094,-0.055528
CGX.TO,2013-02-07,2,streak_2,0.015712,-0.000447,0.016158,0.023413,0.001074,0.02234,0.044194,0.005799,0.038395,0.085116,-0.013838,0.098954
TIH.TO,2013-02-11,2,streak_2,0.024083,-0.00414,0.028223,0.099771,-0.008952,0.108723,0.09805,0.006046,0.092004,0.02867,-0.016569,0.045239
TRI.TO,2013-02-13,7,streak_5plus,-0.022674,-0.001071,-0.021602,0.020784,-0.005857,0.026641,0.052433,0.000852,0.05158,0.15163,-0.016577,0.168206
K.TO,2013-02-13,2,streak_2,-0.011204,-0.001071,-0.010133,-0.04902,-0.005857,-0.043163,0.015406,0.000852,0.014554,-0.315126,-0.016577,-0.298549
HCG.TO,2013-02-13,4,streak_4,-0.004527,-0.001071,-0.003455,-0.007922,-0.005857,-0.002065,-0.053942,0.000852,-0.054794,-0.16258,-0.016577,-0.146003
SLF.TO,2013-02-13,3,streak_3,0.008436,-0.001071,0.009508,-0.028121,-0.005857,-0.022265,-0.028121,0.000852,-0.028974,0.010124,-0.016577,0.0267
RCI-B.TO,2013-02-14,3,streak_3,-0.005172,-0.004188,-0.000985,0.054138,-0.010591,0.064729,0.103103,0.004282,0.098822,0.063793,-0.023608,0.087401
OVV.TO,2013-02-14,4,streak_4,-0.065686,-0.004188,-0.061499,-0.054418,-0.010591,-0.043827,0.075306,0.004282,0.071024,-0.01759,-0.023608,0.006018
WFG.TO,2013-02-14,3,streak_3,0.0,-0.004188,0.004188,0.006348,-0.010591,0.016939,0.080596,0.004282,0.076314,0.00276,-0.023608,0.026368
KEY.TO,2013-02-14,2,streak_2,0.00744,-0.004188,0.011628,0.017113,-0.010591,0.027704,0.042411,0.004282,0.038129,0.197917,-0.023608,0.221525
REI-UN.TO,2013-02-14,4,streak_4,0.0,-0.004188,0.004188,0.008308,-0.010591,0.018899,0.004532,0.004282,0.00025,0.071752,-0.023608,0.09536
BN.TO,2013-02-15,2,streak_2,-0.030065,-0.002767,-0.027298,0.005229,-0.001588,0.006817,-0.020915,0.004716,-0.025631,0.018301,-0.016837,0.035138
IAG.TO,2013-02-15,3,streak_3,0.050345,-0.002767,0.053112,0.014616,-0.001588,0.016204,0.011774,0.004716,0.007058,0.036947,-0.016837,0.053784
DPM.TO,2013-02-15,6,streak_5plus,-0.043941,-0.002767,-0.041174,-0.090546,-0.001588,-0.088958,-0.009321,0.004716,-0.014037,-0.467377,-0.016837,-0.45054
SCL.TO,2013-02-19,2,streak_2,-0.010189,0.009743,-0.019931,0.033177,-0.002814,0.03599,0.069313,0.006881,0.062432,0.141095,-0.005801,0.146896
CG.TO,2013-02-20,4,streak_4,-0.00463,-0.007502,0.002872,-0.121914,-0.011694,-0.11022,-0.189815,0.00128,-0.191095,-0.526235,-0.005293,-0.520942
STN.TO,2013-02-21,3,streak_3,0.014002,-0.005828,0.01983,0.042007,0.001439,0.040568,0.10035,0.002659,0.097692,0.129522,0.00302,0.126501
ACO-X.TO,2013-02-21,2,streak_2,0.043349,-0.005828,0.049178,0.05854,0.001439,0.057101,0.050389,0.002659,0.047731,0.173027,0.00302,0.170007
ACO-Y.TO,2013-02-21,2,streak_2,0.028041,-0.005828,0.033869,0.056446,0.001439,0.055006,0.058267,0.002659,0.055608,0.170794,0.00302,0.167774
GTE.TO,2013-02-26,2,streak_2,-0.025559,0.000751,-0.02631,-0.047923,0.004466,-0.052389,-0.065495,0.004387,-0.069882,0.039936,0.003597,0.03634
FN.TO,2013-02-26,2,streak_2,0.020186,0.000751,0.019435,0.031056,0.004466,0.02659,0.043478,0.004387,0.039091,0.083851,0.003597,0.080254
BMO.TO,2013-02-26,5,streak_5plus,0.012973,0.000751,0.012222,0.015405,0.004466,0.010939,0.02,0.004387,0.015613,0.018108,0.003597,0.014512
CAR-UN.TO,2013-02-26,4,streak_4,-0.003724,0.000751,-0.004475,-0.000621,0.004466,-0.005087,-0.014277,0.004387,-0.018664,0.009311,0.003597,0.005714
EFX.TO,2013-02-28,3,streak_3,0.014599,0.007021,0.007577,0.06048,0.007823,0.052657,0.128259,0.001374,0.126884,0.049009,1.6e-05,0.048994
TD.TO,2013-02-28,7,streak_5plus,0.006773,0.007021,-0.000249,0.011554,0.007823,0.003731,0.003586,0.001374,0.002211,0.006773,1.6e-05,0.006757
CM.TO,2013-02-28,7,streak_5plus,-0.008897,0.007021,-0.015918,-0.006673,0.007823,-0.014495,-0.038701,0.001374,-0.040076,-0.029359,1.6e-05,-0.029375
RY.TO,2013-02-28,3,streak_3,0.008707,0.007021,0.001685,-0.004097,0.007823,-0.01192,-0.035851,0.001374,-0.037226,0.018694,1.6e-05,0.018678
WN.TO,2013-02-28,8,streak_5plus,0.012788,0.007021,0.005766,-0.001918,0.007823,-0.009741,0.03133,0.001374,0.029955,0.147698,1.6e-05,0.147683
MG.TO,2013-03-01,6,streak_5plus,0.039379,-0.003798,0.043177,0.038824,0.000367,0.038458,0.100388,-0.009882,0.11027,0.282862,-0.005873,0.288735
TFII.TO,2013-03-01,3,streak_3,-0.053959,-0.003798,-0.050161,-0.007038,0.000367,-0.007405,-0.026393,-0.009882,-0.016511,-0.070968,-0.005873,-0.065095
PPL.TO,2013-03-01,2,streak_2,0.0,-0.003798,0.003798,0.078552,0.000367,0.078185,0.110656,-0.009882,0.120537,0.151639,-0.005873,0.157512
BNS.TO,2013-03-05,4,streak_4,0.007373,0.002251,0.005122,-0.004657,0.011891,-0.016547,-0.032596,-0.022452,-0.010145,-0.022119,-0.007681,-0.014438
CSU.TO,2013-03-06,2,streak_2,0.007279,0.007538,-0.000258,-0.033849,0.011197,-0.045046,0.034941,-0.029279,0.06422,0.230846,-0.011149,0.241996
DSG.TO,2013-03-07,4,streak_4,0.038095,-0.000429,0.038524,0.046561,-0.00685,0.053411,0.024339,-0.038973,0.063311,0.161905,-0.03026,0.192165
BDT.TO,2013-03-12,2,streak_2,-0.041209,0.001563,-0.042772,-0.04533,-0.005965,-0.039365,-0.049451,-0.025166,-0.024284,-0.120879,-0.037003,-0.083876
AAV.TO,2013-03-26,3,streak_3,0.002825,0.002027,0.000798,0.050847,0.00011,0.050737,0.129943,-0.032356,0.1623,0.175141,-0.066542,0.241683
AR.TO,2013-03-26,2,streak_2,-0.002353,0.002027,-0.00438,-0.088235,0.00011,-0.088346,-0.232941,-0.032356,-0.200585,-0.337647,-0.066542,-0.271105
AGF-B.TO,2013-03-27,2,streak_2,-0.058271,-0.000527,-0.057743,-0.028195,-0.022375,-0.005821,-0.028195,-0.029662,0.001467,-0.058271,-0.055169,-0.003102
BB.TO,2013-03-28,3,streak_3,0.019595,0.003953,0.015642,0.025676,-0.026505,0.05218,0.030405,-0.037757,0.068162,0.056081,-0.058883,0.114964
IFOS.V,2013-04-01,2,streak_2,-0.040175,-0.004298,-0.035876,-0.111606,-0.032785,-0.078822,0.022293,-0.03429,0.056583,-0.062515,-0.058361,-0.004154
CCA.TO,2013-04-10,2,streak_2,0.005667,0.004069,0.001597,-0.001333,-0.029173,0.02784,-0.022667,0.008082,-0.030749,0.046667,-0.014979,0.061646
SJR-B.TO,2013-04-12,2,streak_2,-0.018654,-0.011521,-0.007133,-0.06326,-0.038866,-0.024394,-0.061638,0.008629,-0.070267,0.060383,0.000953,0.05943
RCI-B.TO,2013-04-22,4,streak_4,0.006339,0.00208,0.004258,-0.031391,0.012813,-0.044205,-0.049502,0.056093,-0.105595,-0.178992,0.051344,-0.230336
CLS.TO,2013-04-23,3,streak_3,0.060026,1.7e-05,0.060009,0.079183,0.018361,0.060821,0.194125,0.054736,0.139389,0.233716,0.055224,0.178492
OVV.TO,2013-04-23,5,streak_5plus,-0.017168,1.7e-05,-0.017185,-0.01497,0.018361,-0.033332,0.039418,0.054736,-0.015319,-0.054938,0.055224,-0.110162
ABX.TO,2013-04-24,2,streak_2,0.076404,0.014846,0.061559,0.102622,0.030238,0.072384,0.117603,0.046911,0.070692,0.051685,0.054132,-0.002446
MX.TO,2013-04-24,3,streak_3,0.012529,0.014846,-0.002317,0.07913,0.030238,0.048892,0.16815,0.046911,0.121239,0.185954,0.054132,0.131823
WFG.TO,2013-04-25,4,streak_4,0.032053,0.004816,0.027236,-0.023912,0.004148,-0.028061,-0.133299,0.032338,-0.165637,0.003053,0.032754,-0.029701
AGI.TO,2013-04-25,2,streak_2,0.07401,0.004816,0.069194,0.106713,0.004148,0.102564,0.084337,0.032338,0.051999,0.114458,0.032754,0.081704
PD.TO,2013-04-25,2,streak_2,0.006211,0.004816,0.001395,-0.026087,0.004148,-0.030235,0.07268,0.032338,0.040342,0.240208,0.032754,0.207454
TRI.TO,2013-04-30,8,streak_5plus,-0.010526,0.011679,-0.022205,0.003789,0.011468,-0.007678,0.062737,0.034103,0.028634,0.076632,0.028938,0.047694
GIB-A.TO,2013-04-30,2,streak_2,0.179993,0.011679,0.168314,0.158795,0.011468,0.147327,0.174414,0.034103,0.140311,0.184083,0.028938,0.155146
ARX.TO,2013-05-01,2,streak_2,-0.022037,-0.010854,-0.011183,-0.057772,0.00061,-0.058383,-0.001191,0.023281,-0.024472,-0.060155,0.010059,-0.070214
GIL.TO,2013-05-02,2,streak_2,0.009496,0.004732,0.004764,0.034421,0.021402,0.013019,0.049258,0.02671,0.022548,0.121068,0.013416,0.107652
FFH.TO,2013-05-02,2,streak_2,0.014121,0.004732,0.009389,0.044096,0.021402,0.022694,0.039337,0.02671,0.012627,0.012892,0.013416,-0.000524
MAXR.TO,2013-05-02,2,streak_2,0.001925,0.004732,-0.002807,-0.019533,0.021402,-0.040934,-0.040853,0.02671,-0.067563,0.056534,0.013416,0.043118
GTE.TO,2013-05-06,3,streak_3,0.085965,0.001278,0.084687,0.085965,0.012148,0.073817,0.164912,0.012542,0.15237,0.14386,0.01329,0.13057
FCR-UN.TO,2013-05-06,7,streak_5plus,0.000906,0.001278,-0.000373,-0.002717,0.012148,-0.014866,-0.020833,0.012542,-0.033376,-0.109601,0.01329,-0.122891
EDR.TO,2013-05-06,2,streak_2,-0.026,0.001278,-0.027278,-0.06,0.012148,-0.072148,-0.078,0.012542,-0.090542,-0.22,0.01329,-0.23329
FM.TO,2013-05-06,2,streak_2,-0.001765,0.001278,-0.003043,0.078824,0.012148,0.066675,0.059412,0.012542,0.04687,-0.061765,0.01329,-0.075055
EMA.TO,2013-05-07,2,streak_2,-0.002946,0.000819,-0.003765,0.0,0.00607,-0.00607,-0.064231,-0.000819,-0.063412,-0.109605,0.001237,-0.110842
K.TO,2013-05-07,3,streak_3,-0.010395,0.000819,-0.011214,0.010395,0.00607,0.004325,0.264033,-0.000819,0.264852,-0.039501,0.001237,-0.040738
GEI.TO,2013-05-07,2,streak_2,-0.003457,0.000819,-0.004276,0.021608,0.00607,0.015537,-0.043215,-0.000819,-0.042396,-0.103717,0.001237,-0.104953
CAR-UN.TO,2013-05-07,5,streak_5plus,-0.003018,0.000819,-0.003836,-0.001811,0.00607,-0.007881,-0.079059,-0.000819,-0.07824,-0.185878,0.001237,-0.187115
WEF.TO,2013-05-07,2,streak_2,-0.015253,0.000819,-0.016072,0.03869,0.00607,0.03262,-0.030878,-0.000819,-0.030059,0.205357,0.001237,0.204121
HCG.TO,2013-05-08,5,streak_5plus,-0.017981,0.0097,-0.027681,-0.092767,0.009058,-0.101825,-0.036371,-0.004397,-0.031974,0.200654,-0.004124,0.204778
NPI.TO,2013-05-08,2,streak_2,-0.001907,0.0097,-0.011606,-0.00858,0.009058,-0.017638,-0.088656,-0.004397,-0.084259,-0.142993,-0.004124,-0.13887
D-UN.TO,2013-05-08,2,streak_2,-0.001307,0.0097,-0.011007,-0.002178,0.009058,-0.011236,-0.083188,-0.004397,-0.078792,-0.151132,-0.004124,-0.147009
CG.TO,2013-05-08,5,streak_5plus,0.012618,0.0097,0.002918,0.082019,0.009058,0.072961,0.287066,-0.004397,0.291463,0.091483,-0.004124,0.095606
IAG.TO,2013-05-09,4,streak_4,-0.025187,-0.003266,-0.021921,0.007871,-0.008844,0.016715,0.081858,-0.016822,0.098679,0.177489,-0.002551,0.18004
CTC.TO,2013-05-09,2,streak_2,0.104248,-0.003266,0.107514,0.106423,-0.008844,0.115267,0.080325,-0.016822,0.097146,0.15949,-0.002551,0.16204
BN.TO,2013-05-09,3,streak_3,-0.017834,-0.003266,-0.014569,-0.007643,-0.008844,0.001201,-0.073885,-0.016822,-0.057064,-0.011465,-0.002551,-0.008914
CRR-UN.TO,2013-05-09,2,streak_2,-0.016854,-0.003266,-0.013588,-0.011236,-0.008844,-0.002392,-0.05618,-0.016822,-0.039358,-0.133427,-0.002551,-0.130876
PPL.TO,2013-05-09,3,streak_3,-0.003534,-0.003266,-0.000268,0.031213,-0.008844,0.040057,-0.018846,-0.016822,-0.002024,-0.025913,-0.002551,-0.023362
CTC-A.TO,2013-05-09,2,streak_2,0.112405,-0.003266,0.115671,0.130848,-0.008844,0.139692,0.119588,-0.016822,0.13641,0.213162,-0.002551,0.215713
MG.TO,2013-05-10,7,streak_5plus,0.035424,0.003603,0.03182,0.028243,-0.002894,0.031137,0.105314,-0.012851,0.118164,0.30876,-0.000144,0.308904
SCL.TO,2013-05-10,3,streak_3,0.000978,0.003603,-0.002625,0.05576,-0.002894,0.058653,0.022322,-0.012851,0.035173,0.110132,-0.000144,0.110276
CEE.TO,2013-05-15,7,streak_5plus,0.072718,-0.008213,0.080931,0.09089,0.013954,0.076936,0.054546,-0.023845,0.078391,0.072718,0.004953,0.067765
IFOS.V,2013-05-15,3,streak_3,-0.117656,-0.008213,-0.109443,-0.112708,0.013954,-0.126662,-0.318593,-0.023845,-0.294748,-0.044115,0.004953,-0.049068
CAE.TO,2013-05-16,2,streak_2,0.062264,0.002718,0.059547,0.036792,0.014783,0.022009,-0.00473,-0.022952,0.018222,0.059725,0.018503,0.041222
CM.TO,2013-05-30,8,streak_5plus,-0.015124,0.001092,-0.016215,-0.038039,-0.02269,-0.015349,-0.051787,-0.057082,0.005294,0.012832,-0.009849,0.022681
LB.TO,2013-06-05,2,streak_2,0.003516,-0.011934,0.015451,0.003516,-0.029411,0.032927,0.014066,-0.033929,0.047995,0.018901,0.013006,0.005895
AGF-B.TO,2013-06-26,3,streak_3,0.031936,-0.004456,0.036392,0.065868,0.011686,0.054182,0.191617,0.055283,0.136333,0.213573,0.069244,0.144329
EMP-A.TO,2013-06-27,2,streak_2,-0.0042,0.00451,-0.008709,0.0028,0.017972,-0.015172,0.022399,0.058233,-0.035835,-0.063462,0.07444,-0.137902
SJR-B.TO,2013-06-28,3,streak_3,0.054303,0.01027,0.044033,0.045531,0.010753,0.034778,0.084237,0.05524,0.028997,0.012767,0.069825,-0.057057
CCA.TO,2013-07-10,3,streak_3,0.000637,0.000797,-0.00016,0.096815,0.017874,0.078941,0.082166,0.020802,0.061364,0.067834,0.032146,0.035689
WFG.TO,2013-07-17,5,streak_5plus,-0.002109,0.004146,-0.006255,0.045874,0.018255,0.027619,0.016873,0.014988,0.001885,0.029792,0.035176,-0.005385
CNR.TO,2013-07-22,2,streak_2,-0.004728,0.005778,-0.010507,-0.021986,-0.002933,-0.019053,-0.049173,-0.001182,-0.04799,0.045626,0.039527,0.0061
WCN.TO,2013-07-23,2,streak_2,-0.006869,-0.001019,-0.005851,-0.021917,-0.007007,-0.01491,0.083415,-0.014524,0.097939,0.164213,0.038382,0.125831
MX.TO,2013-07-24,4,streak_4,-0.003614,-0.005735,0.002121,0.024465,-0.012836,0.037301,0.04754,-0.005571,0.05311,0.257993,0.039065,0.218928
OVV.TO,2013-07-24,6,streak_5plus,-0.019222,-0.005735,-0.013487,0.000578,-0.012836,0.013414,0.019367,-0.005571,0.024938,0.068507,0.039065,0.029442
CFP.TO,2013-07-25,2,streak_2,0.001002,-0.000253,0.001255,0.086215,-0.014654,0.10087,0.02005,0.007102,0.012948,0.095739,0.05149,0.044249
AGI.TO,2013-07-25,3,streak_3,0.061004,-0.000253,0.061256,0.049421,-0.014654,0.064075,0.169884,0.007102,0.162782,0.150579,0.05149,0.099089
PD.TO,2013-07-25,3,streak_3,0.047379,-0.000253,0.047631,0.055443,-0.014654,0.070097,0.068611,0.007102,0.061509,0.07165,0.05149,0.02016
TECK-B.TO,2013-07-25,2,streak_2,0.016643,-0.000253,0.016895,0.03709,-0.014654,0.051744,0.158821,0.007102,0.151719,0.256776,0.05149,0.205286
CLS.TO,2013-07-26,4,streak_4,0.063395,-0.001673,0.065068,0.137014,-0.005928,0.142942,0.128834,0.007199,0.121636,0.200409,0.057644,0.142765
FCR-UN.TO,2013-07-30,8,streak_5plus,-0.006965,-0.006883,-8.2e-05,-0.01194,-0.015763,0.003823,-0.043781,-0.004878,-0.038903,0.051741,0.060905,-0.009163
TRI.TO,2013-07-30,9,streak_5plus,-0.033633,-0.006883,-0.02675,-0.020727,-0.015763,-0.004965,-0.036762,-0.004878,-0.031884,0.070786,0.060905,0.009882
K.TO,2013-07-31,4,streak_4,-0.01232,-0.007567,-0.004754,-0.051335,-0.01344,-0.037895,0.073922,0.009768,0.064154,0.036961,0.069426,-0.032465
GWO.TO,2013-07-31,2,streak_2,-0.012681,-0.007567,-0.005115,0.006039,-0.01344,0.019479,-0.019324,0.009768,-0.029092,0.082126,0.069426,0.0127
WEF.TO,2013-07-31,3,streak_3,0.02068,-0.007567,0.028247,0.030687,-0.01344,0.044127,0.000334,0.009768,-0.009435,0.030687,0.069426,-0.038739
CFW.TO,2013-07-31,2,streak_2,0.062402,-0.007567,0.069969,0.062715,-0.01344,0.076155,0.026521,0.009768,0.016753,0.024888,0.069426,-0.044538
GIB-A.TO,2013-07-31,3,streak_3,0.097948,-0.007567,0.105514,0.084888,-0.01344,0.098328,0.073694,0.009768,0.063926,0.089241,0.069426,0.019816
UNS.TO,2013-07-31,2,streak_2,0.031015,-0.007567,0.038582,0.022511,-0.01344,0.035951,0.114557,0.009768,0.104789,0.214759,0.069426,0.145333
HCG.TO,2013-07-31,6,streak_5plus,0.027216,-0.007567,0.034782,0.080544,-0.01344,0.093984,0.062891,0.009768,0.053123,0.352703,0.069426,0.283278
IAG.TO,2013-08-01,5,streak_5plus,0.053169,0.008601,0.044568,0.053521,0.00531,0.048211,0.006338,0.013398,-0.00706,0.13838,0.070051,0.068329
GIL.TO,2013-08-01,3,streak_3,0.046585,0.008601,0.037984,0.043409,0.00531,0.038099,0.013764,0.013398,0.000365,0.100582,0.070051,0.030531
ARX.TO,2013-08-01,3,streak_3,0.028187,0.008601,0.019586,-0.018578,0.00531,-0.023888,-0.021781,0.013398,-0.035179,0.081358,0.070051,0.011307
FFH.TO,2013-08-01,3,streak_3,0.024864,0.008601,0.016263,0.045682,0.00531,0.040373,0.060713,0.013398,0.047314,0.115201,0.070051,0.04515
ABX.TO,2013-08-01,3,streak_3,0.027408,0.008601,0.018807,0.036022,0.00531,0.030712,0.18794,0.013398,0.174542,0.197338,0.070051,0.127286
GEI.TO,2013-08-07,3,streak_3,-0.00675,-0.004539,-0.002211,0.001929,0.013866,-0.011937,-0.001929,0.030138,-0.032067,0.135005,0.071568,0.063437
FNV.TO,2013-08-07,2,streak_2,0.010669,-0.004539,0.015208,0.104383,0.013866,0.090517,0.17474,0.030138,0.144602,0.141003,0.071568,0.069436
WTE.TO,2013-08-07,2,streak_2,-0.004499,-0.004539,4e-05,0.028278,0.013866,0.014412,0.052699,0.030138,0.022561,0.241003,0.071568,0.169435
NPI.TO,2013-08-07,3,streak_3,0.014673,-0.004539,0.019212,-0.029345,0.013866,-0.043211,-0.099323,0.030138,-0.129461,0.011287,0.071568,-0.060281
BHC.TO,2013-08-07,2,streak_2,0.021289,-0.004539,0.025828,0.080337,0.013866,0.066471,0.053223,0.030138,0.023085,0.151536,0.071568,0.079969
GTE.TO,2013-08-07,4,streak_4,0.0,-0.004539,0.004539,0.033033,0.013866,0.019167,0.081081,0.030138,0.050943,0.243243,0.071568,0.171675
PKI.TO,2013-08-07,2,streak_2,-0.000954,-0.004539,0.003585,0.027672,0.013866,0.013806,0.021947,0.030138,-0.008191,0.115458,0.071568,0.04389
CAR-UN.TO,2013-08-07,6,streak_5plus,0.016308,-0.004539,0.020847,0.02298,0.013866,0.009114,-0.00593,0.030138,-0.036068,0.037806,0.071568,-0.033762
CPG.TO,2013-08-08,2,streak_2,0.030924,0.011295,0.019629,0.031727,0.018255,0.013471,0.020884,0.032886,-0.012002,0.080321,0.07796,0.002361
INE.TO,2013-08-08,2,streak_2,0.035417,0.011295,0.024122,0.070833,0.018255,0.052578,0.022917,0.032886,-0.009969,0.122917,0.07796,0.044956
CTC-A.TO,2013-08-08,3,streak_3,0.071135,0.011295,0.05984,0.083648,0.018255,0.065392,0.096846,0.032886,0.06396,0.165067,0.07796,0.087106
CTC.TO,2013-08-08,3,streak_3,0.025519,0.011295,0.014224,0.0713,0.018255,0.053045,0.183637,0.032886,0.150751,0.24891,0.07796,0.170949
D-UN.TO,2013-08-08,3,streak_3,-0.00667,0.011295,-0.017965,-0.031811,0.018255,-0.050067,-0.037455,0.032886,-0.070341,-0.039507,0.07796,-0.117468
PPL.TO,2013-08-09,4,streak_4,-0.013906,-0.00086,-0.013045,0.018138,0.012077,0.006061,0.003023,0.024034,-0.021011,0.092503,0.059054,0.033449
MG.TO,2013-08-09,8,streak_5plus,0.026662,-0.00086,0.027522,0.025911,0.012077,0.013834,0.056703,0.024034,0.032669,0.101014,0.059054,0.04196
EMA.TO,2013-08-12,3,streak_3,0.016173,0.004162,0.012011,-0.014151,0.015532,-0.029683,-0.074798,0.022516,-0.097314,-0.047844,0.066671,-0.114515
LNR.TO,2013-08-14,2,streak_2,-0.004449,-0.000229,-0.00422,0.034565,0.002207,0.032359,-0.013689,0.004651,-0.01834,0.044832,0.054089,-0.009256
NA.TO,2013-08-28,2,streak_2,0.02395,0.001271,0.022679,0.036555,0.013231,0.023323,0.094118,0.019887,0.074231,0.178992,0.060248,0.118743
ZDC.V,2013-08-28,2,streak_2,0.007381,0.001271,0.00611,0.00369,0.013231,-0.009541,0.022814,0.019887,0.002927,0.117169,0.060248,0.056921
VO.V,2013-08-28,2,streak_2,0.083333,0.001271,0.082063,0.041667,0.013231,0.028435,0.0,0.019887,-0.019887,-0.125,0.060248,-0.185248
CM.TO,2013-08-29,9,streak_5plus,0.027602,0.007734,0.019868,0.030317,0.01887,0.011447,0.037557,0.018791,0.018766,0.142534,0.059878,0.082656
WCN.TO,2013-10-22,3,streak_3,-0.01276,0.004671,-0.017431,-0.029681,0.014052,-0.043733,-0.016921,0.019437,-0.036357,-0.065465,0.058037,-0.123501
CNR.TO,2013-10-22,3,streak_3,-0.001357,0.004671,-0.006028,0.037531,0.014052,0.023479,0.055844,0.019437,0.036408,0.075288,0.058037,0.017252
CLS.TO,2013-10-22,5,streak_5plus,-0.027953,0.004671,-0.032625,0.049594,0.014052,0.035542,-0.064022,0.019437,-0.083458,0.035167,0.058037,-0.02287
CIGI.TO,2013-10-23,2,streak_2,0.048539,-0.000362,0.048901,0.037395,0.01453,0.022864,0.053492,0.01373,0.039762,0.090887,0.055865,0.035022
OVV.TO,2013-10-23,7,streak_5plus,0.019162,-0.000362,0.019524,0.013923,0.01453,-0.000607,0.085746,0.01373,0.072015,0.078991,0.055865,0.023126
TECK-B.TO,2013-10-24,3,streak_3,0.036064,0.006154,0.02991,0.000784,0.016008,-0.015224,-0.083105,0.017518,-0.100623,-0.050568,0.052079,-0.102648
CPX.TO,2013-10-25,2,streak_2,0.006979,0.005599,0.00138,0.047856,0.002739,0.045117,0.015952,0.01152,0.004432,0.112662,0.029494,0.083168
WFG.TO,2013-10-28,6,streak_5plus,-0.022375,-0.00206,-0.020315,0.081109,-0.00462,0.085728,0.01373,0.005433,0.008297,0.27282,0.01365,0.25917
TRI.TO,2013-10-29,10,streak_5plus,0.033988,0.005145,0.028843,0.058157,-0.000748,0.058905,0.061556,-0.001645,0.063201,0.089502,0.023624,0.065877
FN.TO,2013-10-29,2,streak_2,0.012941,0.005145,0.007796,0.068235,-0.000748,0.068983,0.118824,-0.001645,0.120469,0.110588,0.023624,0.086964
ACO-Y.TO,2013-10-30,2,streak_2,0.0,0.001094,-0.001094,0.01044,-0.00587,0.01631,0.015818,-0.005841,0.021658,-0.011705,0.015074,-0.026779
CU.TO,2013-10-30,2,streak_2,0.005386,0.001094,0.004292,0.002244,-0.00587,0.008114,-0.046679,-0.005841,-0.040838,-0.028725,0.015074,-0.043799
CU-X.TO,2013-10-30,2,streak_2,0.008094,0.001094,0.007,0.010117,-0.00587,0.015988,-0.04573,-0.005841,-0.03989,-0.030757,0.015074,-0.045831
ACO-X.TO,2013-10-30,2,streak_2,0.002902,0.001094,0.001809,0.011287,-0.00587,0.017157,0.023218,-0.005841,0.029059,0.018059,0.015074,0.002985
MX.TO,2013-10-30,5,streak_5plus,-0.013216,0.001094,-0.01431,0.055066,-0.00587,0.060936,0.10859,-0.005841,0.114431,0.09185,0.015074,0.076776
CSU.TO,2013-10-30,2,streak_2,-0.004399,0.001094,-0.005493,0.031952,-0.00587,0.037822,-0.013545,-0.005841,-0.007704,0.246701,0.015074,0.231627
STN.TO,2013-10-31,2,streak_2,0.065148,-0.006986,0.072134,0.113509,-0.005567,0.119076,0.177458,-0.00628,0.183738,0.165867,0.02081,0.145058
ALA.TO,2013-10-31,2,streak_2,0.010674,-0.006986,0.017661,0.011645,-0.005567,0.017211,0.008248,-0.00628,0.014528,0.090733,0.02081,0.069923
AGI.TO,2013-10-31,4,streak_4,0.006702,-0.006986,0.013689,-0.123324,-0.005567,-0.117758,-0.204424,-0.00628,-0.198144,-0.378016,0.02081,-0.398826
ABX.TO,2013-10-31,4,streak_4,-0.059077,-0.006986,-0.052091,-0.112,-0.005567,-0.106433,-0.187077,-0.00628,-0.180797,-0.000615,0.02081,-0.021425
UNS.TO,2013-10-31,3,streak_3,0.00207,-0.006986,0.009057,0.099379,-0.005567,0.104945,0.160248,-0.00628,0.166528,0.17467,0.02081,0.15386
BHC.TO,2013-10-31,3,streak_3,-0.036729,-0.006986,-0.029743,-0.030258,-0.005567,-0.024691,0.013905,-0.00628,0.020185,0.335199,0.02081,0.314389
CET.TO,2013-11-05,2,streak_2,-0.040436,-7e-06,-0.040428,-0.112991,-0.000254,-0.112737,-0.197017,-0.003136,-0.193882,-0.214798,0.01068,-0.225478
INE.TO,2013-11-05,3,streak_3,0.0,-7e-06,7e-06,0.015066,-0.000254,0.01532,0.086629,-0.003136,0.089765,0.114878,0.01068,0.104198
CAR-UN.TO,2013-11-05,7,streak_5plus,-0.012694,-7e-06,-0.012686,-0.039492,-0.000254,-0.039238,-0.054302,-0.003136,-0.051166,-0.013399,0.01068,-0.024079
NVA.TO,2013-11-05,2,streak_2,0.094946,-7e-06,0.094954,0.1317,-0.000254,0.131954,0.073507,-0.003136,0.076643,0.254211,0.01068,0.243532
GEI.TO,2013-11-05,4,streak_4,-0.005072,-7e-06,-0.005064,0.004227,-0.000254,0.004481,-0.005917,-0.003136,-0.002781,0.017751,0.01068,0.007072
KEY.TO,2013-11-05,2,streak_2,-0.001217,-7e-06,-0.001209,-0.033455,-0.000254,-0.033201,0.0,-0.003136,0.003136,0.05292,0.01068,0.04224
RBA.TO,2013-11-05,2,streak_2,0.073817,-7e-06,0.073824,0.029022,-0.000254,0.029276,0.064353,-0.003136,0.067489,0.232808,0.01068,0.222128
FNV.TO,2013-11-05,3,streak_3,-0.027525,-7e-06,-0.027518,-0.00172,-0.000254,-0.001466,-0.135906,-0.003136,-0.13277,0.170558,0.01068,0.159878
MG.TO,2013-11-06,9,streak_5plus,0.013814,0.0014,0.012414,-0.014151,-0.002672,-0.011479,-0.033693,-0.004251,-0.029442,0.032682,0.014818,0.017863
IAG.TO,2013-11-06,6,streak_5plus,0.018098,0.0014,0.016699,0.037423,-0.002672,0.040095,0.040184,-0.004251,0.044435,-0.079141,0.014818,-0.09396
IFC.TO,2013-11-06,2,streak_2,0.03722,0.0014,0.03582,0.044623,-0.002672,0.047294,0.063541,-0.004251,0.067792,0.040716,0.014818,0.025897
ARX.TO,2013-11-06,4,streak_4,-0.00114,0.0014,-0.00254,0.014823,-0.002672,0.017495,0.007982,-0.004251,0.012233,0.029647,0.014818,0.014828
D-UN.TO,2013-11-06,4,streak_4,-0.003195,0.0014,-0.004594,-0.01065,-0.002672,-0.007978,-0.031416,-0.004251,-0.027165,0.063365,0.014818,0.048547
HCG.TO,2013-11-06,7,streak_5plus,0.002444,0.0014,0.001044,-0.033125,-0.002672,-0.030453,-0.034211,-0.004251,-0.02996,-0.072224,0.014818,-0.087042
CTC-A.TO,2013-11-07,4,streak_4,0.000147,-0.006442,0.006589,0.028836,-0.000725,0.029561,0.018832,-0.013453,0.032284,-0.014712,0.024887,-0.0396
QBR-B.TO,2013-11-07,2,streak_2,0.016162,-0.006442,0.022604,0.020202,-0.000725,0.020927,0.058586,-0.013453,0.072038,-0.057576,0.024887,-0.082463
CPG.TO,2013-11-07,3,streak_3,-0.005576,-0.006442,0.000866,0.005204,-0.000725,0.005929,0.015613,-0.013453,0.029066,-0.030112,0.024887,-0.054999
CTC.TO,2013-11-07,4,streak_4,0.0,-0.006442,0.006442,0.000821,-0.000725,0.001546,-0.012732,-0.013453,0.00072,0.011089,0.024887,-0.013798
FORZ.TO,2013-11-07,2,streak_2,-0.00346,-0.006442,0.002982,-0.055363,-0.000725,-0.054638,-0.100346,-0.013453,-0.086894,-0.029066,0.024887,-0.053953
TXG.TO,2013-11-07,2,streak_2,-0.107004,-0.006442,-0.100562,-0.029183,-0.000725,-0.028458,-0.145914,-0.013453,-0.132462,0.106031,0.024887,0.081144
AX-UN.TO,2013-11-07,2,streak_2,-0.0067,-0.006442,-0.000258,-0.0067,-0.000725,-0.005975,-0.005025,-0.013453,0.008427,0.097152,0.024887,0.072265
NPI.TO,2013-11-08,4,streak_4,-0.014365,0.006326,-0.020691,-0.01105,0.01032,-0.02137,-0.034254,-0.001015,-0.033239,0.00221,0.037031,-0.034821
K.TO,2013-11-13,5,streak_5plus,0.006452,0.003354,0.003097,0.004301,0.008765,-0.004464,-0.058065,-0.014453,-0.043612,0.098925,0.043111,0.055814
MMS.V,2013-11-13,2,streak_2,0.0,0.003354,-0.003354,0.0,0.008765,-0.008765,-0.148147,-0.014453,-0.133695,0.851854,0.043111,0.808743
LNR.TO,2013-11-13,3,streak_3,0.029479,0.003354,0.026125,0.19489,0.008765,0.186125,0.181133,-0.014453,0.195586,0.302981,0.043111,0.259869
AQN.TO,2013-11-14,2,streak_2,0.00838,0.00454,0.00384,0.030726,0.004435,0.026291,0.081006,-0.019169,0.100174,0.136872,0.047193,0.089679
GIB-A.TO,2013-11-14,4,streak_4,0.043025,0.00454,0.038485,0.058258,0.004435,0.053823,-0.045697,-0.019169,-0.026529,-0.085516,0.047193,-0.132709
ATD.TO,2013-11-26,2,streak_2,0.050699,-0.009085,0.059785,0.072552,-0.003904,0.076457,0.062063,0.0034,0.058663,0.176573,0.053176,0.123397
ZDC.V,2013-11-28,3,streak_3,0.033898,0.000651,0.033247,0.016949,-0.004281,0.02123,0.003113,0.016412,-0.013299,0.068834,0.063426,0.005408
BMO.TO,2013-12-03,2,streak_2,-0.044743,-0.007429,-0.037313,-0.043177,-0.007958,-0.035218,-0.034004,0.009635,-0.04364,-0.002013,0.065919,-0.067932
CWB.TO,2013-12-04,2,streak_2,0.001729,-0.001126,0.002855,0.073034,0.000308,0.072726,0.110631,0.013183,0.097448,0.07433,0.071472,0.002858
TCL-A.TO,2013-12-05,2,streak_2,-0.036077,-0.007854,-0.028222,-0.086809,-0.01289,-0.073919,-0.13867,0.021947,-0.160616,-0.080045,0.074724,-0.154769
TCL-B.TO,2013-12-05,2,streak_2,-0.010274,-0.007854,-0.00242,-0.071918,-0.01289,-0.059028,-0.119863,0.021947,-0.14181,-0.059361,0.074724,-0.134085
CM.TO,2013-12-05,10,streak_5plus,-0.013983,-0.007854,-0.006129,-0.002397,-0.01289,0.010493,-0.007591,0.021947,-0.029538,0.054335,0.074724,-0.020389
DOO.TO,2013-12-12,2,streak_2,0.06027,-0.001447,0.061716,0.074941,0.015327,0.059613,0.12728,0.042563,0.084717,0.14314,0.083322,0.059818
ENGH.TO,2013-12-17,3,streak_3,-0.007576,-0.000319,-0.007257,0.063131,0.019971,0.043161,0.08165,0.053381,0.028269,0.170875,0.087194,0.083682
CGO.TO,2014-01-13,2,streak_2,-0.000306,-0.004801,0.004495,0.007946,0.010235,-0.002288,0.057763,0.003397,0.054366,0.202934,0.040771,0.162163
VO.V,2014-01-24,3,streak_3,-0.076923,-0.015445,-0.061478,-0.076923,-0.014189,-0.062734,-0.153846,0.021108,-0.174954,-0.115385,0.044592,-0.159977
MX.TO,2014-01-29,6,streak_5plus,0.0,-0.003251,0.003251,0.040952,-0.013384,0.054336,0.206375,0.038502,0.167873,0.097438,0.065416,0.032022
CLS.TO,2014-01-30,6,streak_5plus,0.011691,0.006751,0.00494,-0.090827,-0.00612,-0.084707,-0.02518,0.041515,-0.066695,0.093525,0.073934,0.019591
WCN.TO,2014-02-10,4,streak_4,0.003971,0.000559,0.003412,0.102321,0.019461,0.08286,0.10843,0.034867,0.073563,0.081246,0.054227,0.027019
MTY.TO,2014-02-12,5,streak_5plus,0.046624,0.001405,0.04522,0.012682,0.017196,-0.004514,0.023872,0.02623,-0.002358,-0.020888,0.057546,-0.078434
MMS.V,2014-02-12,3,streak_3,0.041667,0.001405,0.040262,0.041667,0.017196,0.024471,-0.208334,0.02623,-0.234564,-0.354167,0.057546,-0.411713
CIGI.TO,2014-02-12,3,streak_3,0.034296,0.001405,0.032891,0.083935,0.017196,0.066739,0.161101,0.02623,0.134871,0.188403,0.057546,0.130856
HCG.TO,2014-02-12,8,streak_5plus,-0.001161,0.001405,-0.002566,0.133488,0.017196,0.116292,0.139292,0.02623,0.113062,0.236796,0.057546,0.17925
OVV.TO,2014-02-13,8,streak_5plus,0.011719,0.00728,0.004438,0.008695,0.022294,-0.0136,0.100428,0.023539,0.07689,0.217112,0.055624,0.161488
CTC-A.TO,2014-02-13,5,streak_5plus,0.031021,0.00728,0.02374,0.034018,0.022294,0.011723,0.051701,0.023539,0.028162,0.143863,0.055624,0.088239
CTC.TO,2014-02-13,5,streak_5plus,0.004214,0.00728,-0.003066,0.02878,0.022294,0.006486,0.275054,0.023539,0.251515,0.18892,0.055624,0.133296
IFP.TO,2014-02-13,5,streak_5plus,-0.014052,0.00728,-0.021332,0.024005,0.022294,0.001711,-0.019321,0.023539,-0.04286,0.02986,0.055624,-0.025764
IAG.TO,2014-02-13,7,streak_5plus,0.036953,0.00728,0.029673,0.058671,0.022294,0.036377,-0.018801,0.023539,-0.042339,0.003566,0.055624,-0.052058
IMG.TO,2014-02-19,2,streak_2,-0.026144,0.002998,-0.029142,-0.065359,0.00792,-0.07328,-0.08061,0.018221,-0.098831,-0.22658,0.031803,-0.258382
OGC.TO,2014-02-20,2,streak_2,0.047076,0.006424,0.040652,0.058488,0.00488,0.053608,0.152639,0.017146,0.135493,0.042796,0.03755,0.005246
FM.TO,2014-02-20,2,streak_2,0.016537,0.006424,0.010113,0.013132,0.00488,0.008253,-0.090467,0.017146,-0.107613,0.089494,0.03755,0.051944
CCL-B.TO,2014-02-20,2,streak_2,0.06386,0.006424,0.057436,0.09193,0.00488,0.08705,0.152982,0.017146,0.135836,0.286316,0.03755,0.248765
BMO.TO,2014-02-25,3,streak_3,0.000673,-0.002678,0.003351,-0.004709,-0.001012,-0.003696,0.016816,0.005089,0.011727,0.061211,0.034343,0.026868
INE.TO,2014-02-25,4,streak_4,0.0,-0.002678,0.002678,-0.011785,-0.001012,-0.010772,-0.011785,0.005089,-0.016873,0.047138,0.034343,0.012795
FN.TO,2014-02-25,3,streak_3,-0.003151,-0.002678,-0.000473,0.102941,-0.001012,0.103953,0.061975,0.005089,0.056886,0.003151,0.034343,-0.031192
UNS.TO,2014-02-27,4,streak_4,0.00586,0.00184,0.004021,-0.000345,0.008147,-0.008492,0.022057,-0.000691,0.022748,0.052525,0.02977,0.022754
CM.TO,2014-02-27,11,streak_5plus,0.009823,0.00184,0.007984,0.036542,0.008147,0.028395,0.053831,-0.000691,0.054522,0.104126,0.02977,0.074355
ALA.TO,2014-02-27,3,streak_3,-0.00214,0.00184,-0.00398,0.017123,0.008147,0.008976,0.052654,-0.000691,0.053345,0.146832,0.02977,0.117062
EQB.TO,2014-02-27,4,streak_4,0.013094,0.00184,0.011255,0.096993,0.008147,0.088846,0.158099,-0.000691,0.15879,0.249758,0.02977,0.219987
BHC.TO,2014-02-27,4,streak_4,0.015889,0.00184,0.014049,-0.014164,0.008147,-0.022312,-0.135177,-0.000691,-0.134486,-0.149464,0.02977,-0.179235
CAR-UN.TO,2014-02-28,8,streak_5plus,0.000685,-0.000359,0.001044,-0.047945,0.004024,-0.051969,-0.027397,0.003236,-0.030633,0.05,0.026332,0.023668
CPX.TO,2014-02-28,3,streak_3,-0.006146,-0.000359,-0.005787,0.063213,0.004024,0.059189,0.115891,0.003236,0.112655,0.131694,0.026332,0.105363
VO.V,2014-02-28,4,streak_4,0.041667,-0.000359,0.042025,0.041667,0.004024,0.037643,0.041667,0.003236,0.038431,-0.208333,0.026332,-0.234665
MG.TO,2014-03-03,10,streak_5plus,0.052408,0.000218,0.05219,0.083005,0.006299,0.076707,0.082399,0.008846,0.073553,0.133899,0.02777,0.106129
LIF.TO,2014-03-03,2,streak_2,0.002913,0.000218,0.002694,0.023301,0.006299,0.017002,-0.053398,0.008846,-0.062244,-0.115534,0.02777,-0.143304
RBA.TO,2014-03-03,3,streak_3,-0.040766,0.000218,-0.040984,-0.039784,0.006299,-0.046082,0.036837,0.008846,0.027991,-0.032908,0.02777,-0.060678
LNR.TO,2014-03-05,4,streak_4,0.008339,0.001001,0.007338,0.015057,-0.001589,0.016645,0.116053,0.01184,0.104212,0.303915,0.031127,0.272788
CET.TO,2014-03-06,3,streak_3,-0.028302,-0.002258,-0.026044,-0.047896,0.001035,-0.04893,-0.05225,0.006851,-0.059101,0.068215,0.034437,0.033777
NVA.TO,2014-03-06,3,streak_3,-0.008811,-0.002258,-0.006553,-0.044053,0.001035,-0.045088,0.110132,0.006851,0.103281,0.279736,0.034437,0.245298
CSU.TO,2014-03-06,3,streak_3,-0.004151,-0.002258,-0.001892,0.074802,0.001035,0.073767,0.176121,0.006851,0.16927,0.03943,0.034437,0.004993
PXT.TO,2014-03-12,2,streak_2,0.005988,0.003631,0.002357,0.043413,0.007135,0.036278,0.116766,0.011803,0.104963,0.360778,0.044662,0.316117
CPG.TO,2014-03-12,4,streak_4,0.03312,0.003631,0.029489,0.043282,0.007135,0.036147,0.086187,0.011803,0.074384,0.180279,0.044662,0.135617
QBR-B.TO,2014-03-13,3,streak_3,-0.006192,-0.005161,-0.001031,0.026832,0.001048,0.025784,0.073271,-0.000768,0.07404,0.085655,0.040024,0.045632
HWO.TO,2014-03-14,5,streak_5plus,-0.014737,-0.001221,-0.013515,0.166316,0.008192,0.158123,0.326316,0.000885,0.325431,0.349474,0.046648,0.302826
FSZ.TO,2014-03-20,5,streak_5plus,0.017889,0.001939,0.01595,0.025045,-0.010458,0.035502,-0.001789,0.011609,-0.013398,-0.044723,0.054088,-0.098811
BCM.V,2014-04-04,2,streak_2,-0.020833,-0.000632,-0.020201,-0.046875,-0.006541,-0.040334,-0.223958,0.020469,-0.244427,0.604167,0.056436,0.547731
CGO.TO,2014-04-09,3,streak_3,-0.001829,0.00439,-0.006219,0.02325,-0.004773,0.028023,0.0128,0.012072,0.000729,-0.032132,0.058633,-0.090764
WCN.TO,2014-04-21,5,streak_5plus,-0.003689,-0.000462,-0.003227,0.008229,0.00229,0.00594,0.016175,0.00171,0.014465,-0.012202,0.05284,-0.065042
OGC.TO,2014-04-29,3,streak_3,0.124819,0.003592,0.121226,0.129173,0.011431,0.117742,-0.034833,0.005512,-0.040345,0.461538,0.062921,0.398617
CIGI.TO,2014-04-29,4,streak_4,0.027624,0.003592,0.024032,0.050118,0.011431,0.038688,0.019337,0.005512,0.013825,0.085438,0.062921,0.022517
L.TO,2014-04-30,2,streak_2,0.040062,0.004718,0.035344,0.035439,0.002002,0.033437,0.007704,0.000405,0.0073,0.200308,0.059212,0.141096
NGD.TO,2014-04-30,2,streak_2,-0.005386,0.004718,-0.010104,-0.014363,0.002002,-0.016365,-0.001795,0.000405,-0.0022,0.258528,0.059212,0.199315
CCL-B.TO,2014-05-01,3,streak_3,0.081703,0.000833,0.08087,0.067319,0.000307,0.067012,0.056387,-0.003256,0.059642,0.13061,0.059576,0.071034
WPRT.TO,2014-05-01,2,streak_2,-0.012526,0.000833,-0.013359,0.210856,0.000307,0.210549,0.144746,-0.003256,0.148002,0.331246,0.059576,0.27167
ELD.TO,2014-05-01,2,streak_2,-0.016497,0.000833,-0.017329,-0.025495,0.000307,-0.025802,-0.068986,-0.003256,-0.065731,0.233353,0.059576,0.173777
FM.TO,2014-05-01,3,streak_3,-0.01366,0.000833,-0.014493,-0.067829,0.000307,-0.068136,0.047574,-0.003256,0.05083,0.237871,0.059576,0.178295
AEM.TO,2014-05-01,2,streak_2,0.001508,0.000833,0.000676,0.080694,0.000307,0.080387,0.02187,-0.003256,0.025126,0.375943,0.059576,0.316367
ALA.TO,2014-05-01,4,streak_4,0.04092,0.000833,0.040087,0.058067,0.000307,0.05776,0.035074,-0.003256,0.03833,0.070538,0.059576,0.010962
GIL.TO,2014-05-02,2,streak_2,0.065144,0.006894,0.058249,0.038071,-0.008054,0.046125,0.05203,0.001139,0.050892,0.131557,0.045458,0.086099
VET.TO,2014-05-02,2,streak_2,-0.001161,0.006894,-0.008056,-0.035067,-0.008054,-0.027014,0.027636,0.001139,0.026497,-0.00209,0.045458,-0.047548
PKI.TO,2014-05-05,2,streak_2,-0.003098,-0.004619,0.001521,0.023238,-0.015652,0.03889,0.072812,-0.002066,0.074877,0.029435,0.030484,-0.001049
FSZ.TO,2014-05-05,6,streak_5plus,-0.006838,-0.004619,-0.002219,-0.020513,-0.015652,-0.004861,-0.092308,-0.002066,-0.090242,-0.128205,0.030484,-0.158689
LIF.TO,2014-05-06,3,streak_3,-0.008197,-0.005763,-0.002434,-0.004098,-0.002864,-0.001234,0.003074,0.00679,-0.003717,0.026639,0.033388,-0.006748
IMG.TO,2014-05-06,3,streak_3,-0.005208,-0.005763,0.000555,-0.039062,-0.002864,-0.036198,-0.013021,0.00679,-0.019811,0.033854,0.033388,0.000466
IFP.TO,2014-05-06,6,streak_5plus,-0.028818,-0.005763,-0.023055,-0.014409,-0.002864,-0.011545,-0.118732,0.00679,-0.125522,-0.137752,0.033388,-0.17114
WN.TO,2014-05-06,2,streak_2,-0.001661,-0.005763,0.004102,0.00443,-0.002864,0.007294,-0.039867,0.00679,-0.046658,0.079181,0.033388,0.045793
SLF.TO,2014-05-06,2,streak_2,-0.00253,-0.005763,0.003234,0.004637,-0.002864,0.007502,0.020658,0.00679,0.013867,0.104975,0.033388,0.071587
EMA.TO,2014-05-06,2,streak_2,0.000591,-0.005763,0.006354,-0.011229,-0.002864,-0.008365,-0.016548,0.00679,-0.023339,-0.007683,0.033388,-0.041071
NFI.TO,2014-05-07,2,streak_2,0.001695,0.003018,-0.001323,-0.009322,0.004619,-0.013941,0.045701,0.012859,0.032842,0.129332,0.040363,0.088969
POU.TO,2014-05-07,2,streak_2,0.001927,0.003018,-0.001091,-0.045815,0.004619,-0.050434,0.012203,0.012859,-0.000656,-0.091843,0.040363,-0.132207
LNR.TO,2014-05-07,5,streak_5plus,-0.024528,0.003018,-0.027546,0.167086,0.004619,0.162467,0.233962,0.012859,0.221103,0.152621,0.040363,0.112257
HCG.TO,2014-05-07,9,streak_5plus,0.002734,0.003018,-0.000284,-0.028936,0.004619,-0.033555,0.033949,0.012859,0.021089,0.135794,0.040363,0.095431
TCW.TO,2014-05-07,2,streak_2,0.005251,0.003018,0.002233,0.031508,0.004619,0.026888,0.090023,0.012859,0.077163,-0.011253,0.040363,-0.051616
BHC.TO,2014-05-08,5,streak_5plus,-0.020612,-0.007533,-0.01308,-0.047153,0.00118,-0.048333,-0.039983,0.012452,-0.052435,-0.196057,0.031522,-0.227579
QBR-B.TO,2014-05-08,4,streak_4,0.012012,-0.007533,0.019545,0.032032,0.00118,0.030852,0.052052,0.012452,0.0396,0.009009,0.031522,-0.022513
CPG.TO,2014-05-08,5,streak_5plus,-0.014577,-0.007533,-0.007045,-0.012634,0.00118,-0.013814,0.009718,0.012452,-0.002734,-0.004535,0.031522,-0.036057
X.TO,2014-05-09,2,streak_2,-0.005924,-0.000818,-0.005106,-0.023697,0.002949,-0.026646,0.047393,0.022357,0.025037,-0.069905,0.044706,-0.114612
TOT.TO,2014-05-12,2,streak_2,0.04911,0.008312,0.040798,0.033763,-0.001335,0.035098,0.071209,0.025478,0.045731,0.083487,0.050055,0.033432
PXT.TO,2014-05-12,3,streak_3,0.041413,0.008312,0.033101,0.043849,-0.001335,0.045184,0.107186,0.025478,0.081708,0.317905,0.050055,0.26785
SOY.TO,2014-05-13,2,streak_2,-0.000813,0.001699,-0.002512,0.082927,-0.00885,0.091777,0.150406,0.016186,0.134221,0.206504,0.042259,0.164245
HWO.TO,2014-05-13,6,streak_5plus,-0.00885,0.001699,-0.010549,-0.014749,-0.00885,-0.005899,-0.032448,0.016186,-0.048634,-0.072271,0.042259,-0.11453
OVV.TO,2014-05-13,9,streak_5plus,0.019969,0.001699,0.01827,0.009409,-0.00885,0.01826,0.055619,0.016186,0.039434,-0.034083,0.042259,-0.076341
CAR-UN.TO,2014-05-13,9,streak_5plus,-0.006281,0.001699,-0.00798,0.086532,-0.00885,0.095382,0.073273,0.016186,0.057087,0.124913,0.042259,0.082654
BEI-UN.TO,2014-05-14,2,streak_2,-0.001834,-0.000416,-0.001418,0.04011,-0.002037,0.042147,0.041256,0.015654,0.025602,0.080908,0.039708,0.0412
CAE.TO,2014-05-15,2,streak_2,0.01723,-0.005779,0.023009,0.031702,0.001949,0.029753,-0.005642,0.022346,-0.027988,-0.065843,0.042082,-0.107925
MMS.V,2014-05-16,4,streak_4,0.0,-0.005086,0.005086,0.0,0.008171,-0.008171,0.124999,0.030948,0.094051,0.406251,0.04903,0.35722
RY.TO,2014-05-22,2,streak_2,0.01584,0.003577,0.012263,0.01188,-0.002655,0.014535,0.011046,0.031557,-0.02051,0.10817,0.06226,0.04591
RY-PZ.TO,2014-05-22,2,streak_2,-0.001873,0.003577,-0.005449,-0.01186,-0.002655,-0.009205,-0.009363,0.031557,-0.04092,0.000624,0.06226,-0.061636
TD.TO,2014-05-22,2,streak_2,0.02595,0.003577,0.022373,0.038307,-0.002655,0.040962,0.054371,0.031557,0.022815,0.118319,0.06226,0.05606
NA.TO,2014-05-27,2,streak_2,0.005872,-0.003921,0.009793,-0.027288,-0.002372,-0.024917,-0.020035,0.016764,-0.036799,0.07323,0.060004,0.013226
BMO.TO,2014-05-28,4,streak_4,-0.002517,-0.003206,0.00069,-0.002727,0.005233,-0.007959,0.008809,0.021606,-0.012797,0.079908,0.065575,0.014333
CM.TO,2014-05-29,12,streak_5plus,-0.013523,-0.001506,-0.012017,-0.02242,0.012716,-0.035136,-0.019573,0.028725,-0.048298,0.076512,0.067874,0.008639
VO.V,2014-05-29,5,streak_5plus,-0.05,-0.001506,-0.048494,0.05,0.012716,0.037284,-0.1,0.028725,-0.128725,0.0,0.067874,-0.067874
QST.V,2014-05-30,2,streak_2,-0.028646,0.001042,-0.029688,0.028646,0.014477,0.014169,0.117188,0.034636,0.082552,0.15625,0.066434,0.089816
LB.TO,2014-06-04,2,streak_2,0.010121,0.004215,0.005906,0.032698,0.011517,0.021181,0.065395,0.03206,0.033335,0.046322,0.062634,-0.016313
BB.TO,2014-06-19,2,streak_2,0.093333,0.000192,0.093141,0.19,-0.008908,0.198908,0.195556,0.010411,0.185145,0.308889,0.023575,0.285314
CCA.TO,2014-07-09,2,streak_2,-0.001222,0.005153,-0.006375,0.030555,-0.003693,0.034248,0.021266,-0.001242,0.022508,-0.007333,-0.037041,0.029708
ACST.V,2014-07-15,2,streak_2,0.0,-0.005926,0.005926,-0.063636,0.005194,-0.06883,-0.090909,0.006031,-0.09694,-0.509091,-0.07478,-0.434311
WCN.TO,2014-07-21,6,streak_5plus,0.000575,-0.001087,0.001662,-0.000287,0.012341,-0.012628,0.020971,0.013795,0.007176,0.058029,-0.060839,0.118868
CNR.TO,2014-07-21,2,streak_2,-0.001849,-0.001087,-0.000761,0.012773,0.012341,0.000432,0.026555,0.013795,0.01276,0.01563,-0.060839,0.076469
L.TO,2014-07-24,3,streak_3,0.010724,6e-06,0.010717,0.052279,0.008471,0.043808,0.02815,0.009172,0.018978,0.068365,-0.058957,0.127321
TCW.TO,2014-07-29,3,streak_3,-0.012978,9.1e-05,-0.013069,-0.101093,-0.016672,-0.084421,-0.053279,0.010197,-0.063476,-0.386612,-0.053149,-0.333463
CIGI.TO,2014-07-29,5,streak_5plus,0.052172,9.1e-05,0.052082,0.059262,-0.016672,0.075934,0.065079,0.010197,0.054882,0.016906,-0.053149,0.070055
WN.TO,2014-07-29,3,streak_3,0.013158,9.1e-05,0.013067,0.025789,-0.016672,0.042461,0.005789,0.010197,-0.004408,0.080526,-0.053149,0.133676
CVE.TO,2014-07-30,2,streak_2,0.024295,0.005063,0.019232,0.018417,-0.015829,0.034246,0.038009,0.007225,0.030784,-0.144201,-0.059495,-0.084705
TRI.TO,2014-07-30,2,streak_2,0.033516,0.005063,0.028453,0.015732,-0.015829,0.031561,0.034542,0.007225,0.027317,0.052326,-0.059495,0.111821
ALA.TO,2014-07-31,5,streak_5plus,-0.00364,-0.012503,0.008862,-0.005096,-0.026177,0.021081,0.064798,0.006499,0.058299,-0.048052,-0.068671,0.020618
FM.TO,2014-07-31,4,streak_4,-0.042998,-0.012503,-0.030496,-0.085997,-0.026177,-0.05982,-0.095129,0.006499,-0.101629,-0.355784,-0.068671,-0.287113
ELD.TO,2014-07-31,3,streak_3,-0.018239,-0.012503,-0.005737,0.088521,-0.026177,0.114699,0.091196,0.006499,0.084697,-0.181907,-0.068671,-0.113236
FFH.TO,2014-07-31,2,streak_2,0.006575,-0.012503,0.019077,-0.007861,-0.026177,0.018317,-0.017614,0.006499,-0.024113,-0.002984,-0.068671,0.065687
QBR-B.TO,2014-07-31,5,streak_5plus,-0.00097,-0.012503,0.011533,-0.022308,-0.026177,0.003869,0.048497,0.006499,0.041997,0.081474,-0.068671,0.150145
CCL-B.TO,2014-07-31,4,streak_4,-0.039695,-0.012503,-0.027192,0.028499,-0.026177,0.054676,0.008142,0.006499,0.001643,0.00916,-0.068671,0.077831
ENB.TO,2014-08-01,2,streak_2,0.0083,-0.007527,0.015828,0.000361,-0.008767,0.009128,0.034645,0.018812,0.015833,0.00397,-0.046795,0.050765
RBA.TO,2014-08-05,4,streak_4,0.018138,-0.001814,0.019952,0.011933,0.003043,0.00889,-0.02864,0.029069,-0.057709,0.053938,-0.044541,0.098479
PXT.TO,2014-08-05,4,streak_4,-0.018639,-0.001814,-0.016825,0.008388,0.003043,0.005345,-0.025163,0.029069,-0.054233,-0.301025,-0.044541,-0.256484
SLF.TO,2014-08-06,3,streak_3,-0.000382,0.000948,-0.00133,-0.019077,0.005695,-0.024772,0.013735,0.025619,-0.011884,-0.020984,-0.052496,0.031512
ATH.TO,2014-08-06,2,streak_2,0.047386,0.000948,0.046438,0.078431,0.005695,0.072736,0.191176,0.025619,0.165557,-0.48366,-0.052496,-0.431164
KEY.TO,2014-08-06,2,streak_2,0.0,0.000948,-0.000948,0.103862,0.005695,0.098166,0.202397,0.025619,0.176777,0.063915,-0.052496,0.116411
FNV.TO,2014-08-06,2,streak_2,0.025453,0.000948,0.024505,0.068303,0.005695,0.062607,-0.041384,0.025619,-0.067004,-0.145944,-0.052496,-0.093448
POU.TO,2014-08-06,3,streak_3,0.015561,0.000948,0.014613,0.042135,0.005695,0.03644,0.085947,0.025619,0.060327,-0.187695,-0.052496,-0.135198
CNQ.TO,2014-08-07,2,streak_2,-0.021882,-0.005506,-0.016376,-0.016047,0.003986,-0.020033,-0.007294,0.024194,-0.031488,-0.161196,-0.043007,-0.118189
SCL.TO,2014-08-07,2,streak_2,-0.010147,-0.005506,-0.004642,0.086898,0.003986,0.082912,0.057302,0.024194,0.033108,-0.091045,-0.043007,-0.048038
LNR.TO,2014-08-07,6,streak_5plus,-0.016188,-0.005506,-0.010682,0.022008,0.003986,0.018022,0.018552,0.024194,-0.005642,0.027101,-0.043007,0.070108
HCG.TO,2014-08-07,10,streak_5plus,0.00341,-0.005506,0.008916,0.008626,0.003986,0.00464,-0.032899,0.024194,-0.057093,0.012839,-0.043007,0.055846
MRD.TO,2014-08-07,2,streak_2,-0.015024,-0.005506,-0.009518,0.000601,0.003986,-0.003385,-0.051683,0.024194,-0.075877,-0.103365,-0.043007,-0.060358
LIF.TO,2014-08-07,4,streak_4,-0.003968,-0.005506,0.001538,0.014881,0.003986,0.010895,-0.051587,0.024194,-0.075781,-0.353175,-0.043007,-0.310167
CR.TO,2014-08-07,2,streak_2,-0.022267,-0.005506,-0.016761,-0.043522,0.003986,-0.047509,0.035425,0.024194,0.011231,-0.293522,-0.043007,-0.250515
CRR-UN.TO,2014-08-08,2,streak_2,0.004587,0.005153,-0.000565,0.013761,0.01143,0.002332,0.006116,0.025863,-0.019746,-0.009174,-0.03671,0.027536
CAR-UN.TO,2014-08-08,10,streak_5plus,-0.003783,0.005153,-0.008936,0.026482,0.01143,0.015052,0.047919,0.025863,0.022057,0.07377,-0.03671,0.110481
BN.TO,2014-08-08,2,streak_2,0.01206,0.005153,0.006908,0.060302,0.01143,0.048872,0.064322,0.025863,0.038459,0.139698,-0.03671,0.176409
IFOS.V,2014-08-12,2,streak_2,0.0,0.000826,-0.000826,-0.270247,0.005039,-0.275286,-0.567489,0.01378,-0.581269,-0.648476,-0.036156,-0.61232
FSZ.TO,2014-08-12,7,streak_5plus,0.004024,0.000826,0.003198,0.080483,0.005039,0.075444,0.118712,0.01378,0.104933,0.074447,-0.036156,0.110603
TOT.TO,2014-08-13,3,streak_3,0.010938,-0.000753,0.011691,-0.013817,0.01329,-0.027107,-0.046632,0.017029,-0.063661,-0.075993,-0.033645,-0.042348
GG.V,2014-08-13,2,streak_2,-0.038462,-0.000753,-0.037709,-0.038462,0.01329,-0.051752,0.0,0.017029,-0.017029,-0.5,-0.033645,-0.466355
HWO.TO,2014-08-13,7,streak_5plus,0.076312,-0.000753,0.077065,0.073132,0.01329,0.059842,0.041335,0.017029,0.024307,-0.158983,-0.033645,-0.125338
TXG.TO,2014-08-14,2,streak_2,-0.006112,0.001867,-0.00798,0.012225,0.01961,-0.007385,0.012225,0.017618,-0.005393,-0.158313,-0.026634,-0.131679
BEI-UN.TO,2014-08-14,3,streak_3,0.005725,0.001867,0.003858,0.022689,0.01961,0.003079,0.023325,0.017618,0.005707,0.063189,-0.026634,0.089823
AQN.TO,2014-08-14,2,streak_2,0.032328,0.001867,0.03046,0.081897,0.01961,0.062287,0.068966,0.017618,0.051347,0.181034,-0.026634,0.207668
GBT.TO,2014-08-14,2,streak_2,0.037718,0.001867,0.03585,0.099613,0.01961,0.080003,0.162476,0.017618,0.144858,0.192456,-0.026634,0.21909
RY-PZ.TO,2014-08-22,3,streak_3,0.001867,-0.001318,0.003185,0.003111,0.000135,0.002976,0.001867,-0.027455,0.029322,0.018046,-0.030914,0.04896
RY.TO,2014-08-22,3,streak_3,-0.010524,-0.001318,-0.009207,-0.013531,0.000135,-0.013666,-0.000376,-0.027455,0.02708,0.026687,-0.030914,0.057601
BNS.TO,2014-08-26,2,streak_2,-0.02346,0.001314,-0.024775,-0.025806,0.001308,-0.027114,-0.054839,-0.030656,-0.024182,-0.041056,-0.037394,-0.003662
BMO.TO,2014-08-26,5,streak_5plus,0.004291,0.001314,0.002977,0.034328,0.001308,0.03302,0.0197,-0.030656,0.050356,0.026721,-0.037394,0.064115
NA.TO,2014-08-27,3,streak_3,0.030401,-0.001056,0.031457,0.067594,0.002458,0.065135,0.048512,-0.046456,0.094968,0.086999,-0.034925,0.121924
CM.TO,2014-08-28,13,streak_5plus,-0.021488,-0.002852,-0.018636,0.002975,-0.00166,0.004635,-0.022479,-0.03691,0.014431,0.015207,-0.036167,0.051373
TD.TO,2014-08-28,3,streak_3,-0.007424,-0.002852,-0.004572,-0.00055,-0.00166,0.00111,-0.042068,-0.03691,-0.005157,-0.004399,-0.036167,0.031768
QST.V,2014-08-28,3,streak_3,0.14433,-0.002852,0.147182,0.012887,-0.00166,0.014547,-0.023196,-0.03691,0.013714,0.043814,-0.036167,0.079981
EMP-A.TO,2014-09-10,2,streak_2,-0.00098,-0.004177,0.003197,0.056863,-0.001693,0.058555,0.029412,-0.056015,0.085427,0.121569,-0.089632,0.211201
TCL-A.TO,2014-09-11,2,streak_2,0.001164,0.004033,-0.002869,-0.001164,-0.00084,-0.000324,-0.083818,-0.065364,-0.018455,-0.043073,-0.082485,0.039412
TCL-B.TO,2014-09-11,2,streak_2,-0.001144,0.004033,-0.005177,-0.029748,-0.00084,-0.028908,-0.108696,-0.065364,-0.043332,-0.098398,-0.082485,-0.015913
BB.TO,2014-09-26,3,streak_3,0.051471,0.008943,0.042527,-0.028493,-0.00893,-0.019563,0.074449,-0.028509,0.102957,0.140625,-0.019089,0.159714
WCN.TO,2014-10-21,7,streak_5plus,0.017377,0.01464,0.002737,0.023894,0.009151,0.014743,0.215585,0.044302,0.171283,0.250068,-0.00205,0.252118
CLS.TO,2014-10-21,2,streak_2,0.019091,0.01464,0.004451,0.072727,0.009151,0.063577,0.126364,0.044302,0.082061,0.245455,-0.00205,0.247505
CVE.TO,2014-10-23,3,streak_3,0.064563,0.012206,0.052357,0.060194,0.015057,0.045137,0.069417,0.053319,0.016099,-0.057282,0.031575,-0.088856
WTE.TO,2014-10-23,2,streak_2,0.009221,0.012206,-0.002985,0.028176,0.015057,0.013119,0.028176,0.053319,-0.025142,-0.02459,0.031575,-0.056165
CCO.TO,2014-10-29,2,streak_2,-0.032834,-0.006612,-0.026222,-0.049539,-0.015994,-0.033545,0.112327,0.028316,0.084011,-0.09159,-0.001463,-0.090127
TECK-B.TO,2014-10-29,2,streak_2,0.033919,-0.006612,0.040531,-0.009691,-0.015994,0.006303,0.114476,0.028316,0.08616,-0.009691,-0.001463,-0.008228
CSU.TO,2014-10-30,2,streak_2,0.005857,-0.004743,0.0106,0.047111,0.001425,0.045686,0.112081,0.027176,0.084905,0.154269,0.007551,0.146718
FFH.TO,2014-10-30,3,streak_3,-0.002427,-0.004743,0.002315,0.075495,0.001425,0.07407,0.139847,0.027176,0.112671,0.337225,0.007551,0.329674
OGC.TO,2014-10-30,4,streak_4,-0.118616,-0.004743,-0.113873,-0.196046,0.001425,-0.197471,0.07743,0.027176,0.050254,0.194399,0.007551,0.186848
CCA.TO,2014-10-31,3,streak_3,0.004003,0.010693,-0.00669,0.037203,0.007241,0.029961,0.067342,0.01978,0.047561,0.204615,0.014856,0.189759
CET.TO,2014-11-04,2,streak_2,-0.06992,-0.010125,-0.059794,0.095573,0.011845,0.083728,0.013078,0.005675,0.007404,-0.190141,0.036134,-0.226275
TCW.TO,2014-11-04,4,streak_4,-0.08238,-0.010125,-0.072254,-0.036613,0.011845,-0.048458,-0.303204,0.005675,-0.308879,-0.440503,0.036134,-0.476637
WCP.TO,2014-11-04,2,streak_2,-0.040897,-0.010125,-0.030772,0.048813,0.011845,0.036968,-0.193931,0.005675,-0.199606,-0.072559,0.036134,-0.108693
KEY.TO,2014-11-04,3,streak_3,-0.029947,-0.010125,-0.019822,0.043707,0.011845,0.031862,-0.086605,0.005675,-0.09228,-0.098341,0.036134,-0.134475
LNR.TO,2014-11-04,7,streak_5plus,0.0,-0.010125,0.010125,0.167352,0.011845,0.155507,0.16148,0.005675,0.155805,0.318066,0.036134,0.281932
WJX.TO,2014-11-04,2,streak_2,-0.021538,-0.010125,-0.011413,-0.012308,0.011845,-0.024153,-0.093333,0.005675,-0.099008,-0.240513,0.036134,-0.276647
FNV.TO,2014-11-05,3,streak_3,-0.027873,0.010973,-0.038846,0.09241,0.025705,0.066705,0.16295,0.025274,0.137677,0.374786,0.042063,0.332723
SLF.TO,2014-11-05,4,streak_4,0.014809,0.010973,0.003836,0.024162,0.025705,-0.001542,0.089634,0.025274,0.06436,0.044037,0.042063,0.001975
MRD.TO,2014-11-05,3,streak_3,0.002688,0.010973,-0.008284,0.008065,0.025705,-0.01764,-0.094758,0.025274,-0.120032,-0.266129,0.042063,-0.308192
MG.TO,2014-11-05,2,streak_2,0.057692,0.010973,0.04672,0.060897,0.025705,0.035193,0.148771,0.025274,0.123498,0.127938,0.042063,0.085875
ENB.TO,2014-11-05,3,streak_3,-0.004035,0.010973,-0.015008,-0.000367,0.025705,-0.026071,0.048789,0.025274,0.023516,0.209831,0.042063,0.167769
SCL.TO,2014-11-06,3,streak_3,0.039682,0.001038,0.038644,0.001196,0.021164,-0.019968,-0.123111,0.002413,-0.125524,-0.25538,0.039634,-0.295013
CCL-B.TO,2014-11-06,5,streak_5plus,0.04955,0.001038,0.048512,0.053053,0.021164,0.031889,0.075576,0.002413,0.073163,0.153654,0.039634,0.11402
CNQ.TO,2014-11-06,3,streak_3,0.03913,0.001038,0.038092,0.095652,0.021164,0.074488,-0.026957,0.002413,-0.029369,0.024348,0.039634,-0.015286
TXG.TO,2014-11-06,3,streak_3,0.025707,0.001038,0.024669,0.179949,0.021164,0.158785,0.102828,0.002413,0.100415,0.205656,0.039634,0.166022
AX-UN.TO,2014-11-06,2,streak_2,-0.02276,0.001038,-0.023798,0.0,0.021164,-0.021164,-0.018492,0.002413,-0.020905,0.021337,0.039634,-0.018296
LIF.TO,2014-11-06,5,streak_5plus,-0.02454,0.001038,-0.025578,-0.004601,0.021164,-0.025765,-0.121166,0.002413,-0.123578,-0.044479,0.039634,-0.084112
CTC.TO,2014-11-06,2,streak_2,0.01989,0.001038,0.018852,0.094526,0.021164,0.073362,0.243734,0.002413,0.241322,0.186834,0.039634,0.147201
CTC-A.TO,2014-11-06,2,streak_2,0.005649,0.001038,0.004611,0.015704,0.021164,-0.00546,0.015366,0.002413,0.012953,-0.045419,0.039634,-0.085052
QBR-B.TO,2014-11-06,6,streak_5plus,-0.010591,0.001038,-0.011629,0.007944,0.021164,-0.01322,0.075022,0.002413,0.072609,0.129744,0.039634,0.09011
BN.TO,2014-11-07,3,streak_3,0.016755,0.008748,0.008007,0.022046,0.01479,0.007255,0.03351,-0.006159,0.039669,0.189594,0.03574,0.153854
CAR-UN.TO,2014-11-11,11,streak_5plus,-0.004667,0.003433,-0.008101,0.033256,0.01174,0.021515,-0.009335,-0.034949,0.025615,0.120187,0.027376,0.09281
L.TO,2014-11-12,4,streak_4,0.032941,0.006497,0.026444,0.032941,0.01441,0.018531,0.030588,-0.061469,0.092057,0.097647,0.026504,0.071144
DR.TO,2014-11-13,2,streak_2,0.008929,-0.00521,0.014139,0.021825,0.008347,0.013479,0.013889,-0.06402,0.077909,0.085317,0.02506,0.060257
BEI-UN.TO,2014-11-13,4,streak_4,-0.015357,-0.00521,-0.010147,-0.018349,0.008347,-0.026695,-0.122457,-0.06402,-0.058437,-0.118468,0.02506,-0.143529
FSZ.TO,2014-11-13,8,streak_5plus,0.0,-0.00521,0.00521,0.051282,0.008347,0.042935,-0.029304,-0.06402,0.034716,0.069597,0.02506,0.044537
EQB.TO,2014-11-13,2,streak_2,-0.000358,-0.00521,0.004852,-0.008954,0.008347,-0.017301,-0.050501,-0.06402,0.013519,-0.121418,0.02506,-0.146479
GBT.TO,2014-11-13,3,streak_3,-0.003244,-0.00521,0.001966,-0.029197,0.008347,-0.037544,0.028386,-0.06402,0.092407,0.150041,0.02506,0.12498
LNF.TO,2014-11-13,2,streak_2,0.014752,-0.00521,0.019962,0.067439,0.008347,0.059093,0.170706,-0.06402,0.234726,0.201264,0.02506,0.176204
BU.TO,2014-11-13,3,streak_3,-0.050445,-0.00521,-0.045235,-0.091988,0.008347,-0.100335,-0.21365,-0.06402,-0.149629,-0.053412,0.02506,-0.078473
POW.TO,2014-11-14,2,streak_2,-0.005776,0.004351,-0.010127,0.021661,0.020056,0.001605,-0.015162,-0.070892,0.05573,0.103249,0.032885,0.070364
TAO.V,2014-11-14,2,streak_2,-0.012902,0.004351,-0.017253,0.135485,0.020056,0.115429,-0.15484,-0.070892,-0.083948,0.045163,0.032885,0.012278
WN.TO,2014-11-18,4,streak_4,0.000951,0.006081,-0.005129,0.044719,0.00893,0.035789,0.05804,-0.068604,0.126644,0.103711,0.022194,0.081517
RY.TO,2014-12-03,4,streak_4,0.00224,0.009165,-0.006925,-0.018484,-0.029028,0.010545,-0.03118,-0.015554,-0.015626,-0.043689,0.033037,-0.076726
RY-PZ.TO,2014-12-03,4,streak_4,-0.00367,0.009165,-0.012835,-0.009786,-0.029028,0.019243,0.004281,-0.015554,0.019835,-0.015291,0.033037,-0.048327
TCL-B.TO,2014-12-09,3,streak_3,-0.01005,0.003641,-0.013691,0.096734,-0.031045,0.127778,0.109296,0.017018,0.092279,0.172111,0.042067,0.130044
TCL-A.TO,2014-12-09,3,streak_3,0.012315,0.003641,0.008674,0.065271,-0.031045,0.096315,0.110837,0.017018,0.09382,0.14532,0.042067,0.103253
EMP-A.TO,2014-12-12,3,streak_3,-0.007253,-0.012513,0.005261,-0.000427,0.031765,-0.032192,0.018345,0.012895,0.00545,0.037969,0.068874,-0.030905
CCA.TO,2015-01-13,4,streak_4,0.022353,-0.005454,0.027807,-0.016275,0.00333,-0.019604,0.028824,0.059411,-0.030588,-0.04,0.078416,-0.118416
CLS.TO,2015-01-20,3,streak_3,-0.003636,-0.000286,-0.00335,0.016727,0.033907,-0.01718,0.08,0.062903,0.017097,0.023273,0.076863,-0.05359
MRU.TO,2015-01-27,2,streak_2,0.040704,0.00244,0.038264,0.066373,0.00694,0.059433,0.105611,0.029112,0.076498,0.09571,0.036918,0.058792
IMO.TO,2015-02-02,2,streak_2,0.044723,0.01547,0.029253,0.075266,0.027969,0.047297,0.031361,0.031376,-1.6e-05,0.116444,0.045408,0.071036
IFC.TO,2015-02-04,2,streak_2,-0.009481,-0.004461,-0.00502,0.026815,0.003293,0.023522,0.05837,0.002669,0.055702,0.072889,0.007369,0.06552
TIH.TO,2015-02-05,2,streak_2,0.013072,0.008616,0.004456,0.094553,0.01039,0.084164,0.144227,-0.002881,0.147107,0.15817,0.001881,0.156289
EMA.TO,2015-02-06,2,streak_2,-0.02918,-0.002711,-0.026469,0.004169,0.00685,-0.002681,-0.043076,-0.017878,-0.025198,-0.023159,-0.002387,-0.020772
CCO.TO,2015-02-06,3,streak_3,-0.003548,-0.002711,-0.000837,0.016558,0.00685,0.009709,-0.040804,-0.017878,-0.022926,0.071555,-0.002387,0.073942
WCN.TO,2015-02-09,8,streak_5plus,-0.013191,0.001114,-0.014305,-0.01696,0.011993,-0.028953,-0.021776,-0.029309,0.007534,-0.067211,0.005708,-0.072919
KEY.TO,2015-02-11,4,streak_4,0.003403,0.002581,0.000822,0.092854,0.006637,0.086217,0.10841,-0.022617,0.131027,0.111327,-0.004586,0.115913
GWO.TO,2015-02-12,2,streak_2,0.0353,0.005082,0.030218,0.054463,0.001901,0.052562,0.05295,-0.02772,0.08067,0.074634,-0.011273,0.085907
FFH.TO,2015-02-12,4,streak_4,-0.028838,0.005082,-0.03392,0.055263,0.001901,0.053362,0.049881,-0.02772,0.077601,-0.052386,-0.011273,-0.041114
PD.TO,2015-02-12,2,streak_2,0.03352,0.005082,0.028438,0.100559,0.001901,0.098658,0.044576,-0.02772,0.072296,0.198208,-0.011273,0.209481
BN.TO,2015-02-13,4,streak_4,0.013053,0.002384,0.010669,0.018129,-0.003697,0.021826,0.023205,-0.024014,0.047219,-0.017404,-0.01316,-0.004244
TRP.TO,2015-02-13,2,streak_2,-0.021707,0.002384,-0.024091,-0.050161,-0.003697,-0.046464,-0.070402,-0.024014,-0.046388,-0.075682,-0.01316,-0.062522
BU.TO,2015-02-16,4,streak_4,-0.019048,0.001297,-0.020345,-0.031746,-0.004225,-0.027521,-0.079365,-0.023996,-0.055369,-0.079365,-0.010265,-0.0691
HR-UN.TO,2015-02-17,2,streak_2,-0.004119,0.001297,-0.005416,-0.031301,-0.004225,-0.027076,-0.067545,-0.023996,-0.043549,-0.049423,-0.010265,-0.039158
CAR-UN.TO,2015-02-17,12,streak_5plus,0.011364,0.001297,0.010067,0.074134,-0.004225,0.07836,0.064394,-0.023996,0.08839,0.075758,-0.010265,0.086023
ABX.TO,2015-02-18,2,streak_2,0.022707,-0.004698,0.027405,0.055895,-0.007825,0.06372,-0.065502,-0.021093,-0.044409,0.031441,-0.010704,0.042145
CHR.TO,2015-02-19,7,streak_5plus,0.013675,-0.002136,0.015811,-0.0277,0.001039,-0.028738,0.011921,-0.022277,0.034199,0.049439,-0.009203,0.058642
OGC.TO,2015-02-19,5,streak_5plus,-0.004184,-0.002136,-0.002048,-0.030683,0.001039,-0.031722,-0.073919,-0.022277,-0.051642,0.161785,-0.009203,0.170988
CG.TO,2015-02-19,2,streak_2,-0.042553,-0.002136,-0.040417,0.023211,0.001039,0.022172,-0.042553,-0.022277,-0.020276,0.208897,-0.009203,0.2181
CU.TO,2015-02-20,2,streak_2,0.007229,-0.000534,0.007762,0.006024,0.004012,0.002012,0.012048,-0.015672,0.02772,-0.098795,0.001535,-0.10033
ACO-X.TO,2015-02-20,2,streak_2,0.012597,-0.000534,0.01313,0.015827,0.004012,0.011815,0.03876,-0.015672,0.054431,-0.083656,0.001535,-0.085191
ACO-Y.TO,2015-02-20,2,streak_2,0.0,-0.000534,0.000534,0.035831,0.004012,0.031819,0.054072,-0.015672,0.069743,-0.067101,0.001535,-0.068636
CU-X.TO,2015-02-20,2,streak_2,0.0,-0.000534,0.000534,0.012,0.004012,0.007988,0.020727,-0.015672,0.036399,-0.092,0.001535,-0.093535
BHC.TO,2015-02-22,2,streak_2,0.150499,0.001852,0.148647,0.132745,0.004093,0.128652,0.171289,-0.014171,0.18546,0.341429,0.001885,0.339544
PSK.TO,2015-02-23,2,streak_2,-0.021151,0.001852,-0.023003,0.068372,0.004093,0.064279,0.003935,-0.014171,0.018106,0.12002,0.001885,0.118135
MG.TO,2015-02-25,3,streak_3,0.070309,0.004194,0.066115,0.069617,-0.002051,0.071668,0.031581,-0.015536,0.047117,0.114338,-0.007531,0.121869
RY.TO,2015-02-25,5,streak_5plus,0.036502,0.004194,0.032308,0.026474,-0.002051,0.028525,0.013237,-0.015536,0.028773,0.070197,-0.007531,0.077727
CSU.TO,2015-02-25,3,streak_3,0.001819,0.004194,-0.002375,0.028705,-0.002051,0.030755,0.04763,-0.015536,0.063166,0.26886,-0.007531,0.27639
RY-PZ.TO,2015-02-25,5,streak_5plus,0.002484,0.004194,-0.001709,-0.002484,-0.002051,-0.000434,0.004348,-0.015536,0.019884,-0.003106,-0.007531,0.004425
CTC.TO,2015-02-26,3,streak_3,0.020221,0.000827,0.019394,-0.058348,-0.009574,-0.048774,-0.041472,-0.023561,-0.017911,-0.079907,-0.007755,-0.072152
CTC-A.TO,2015-02-26,3,streak_3,0.08857,0.000827,0.087743,0.063297,-0.009574,0.072871,0.059654,-0.023561,0.083215,0.072974,-0.007755,0.080729
L.TO,2015-02-26,5,streak_5plus,0.005291,0.000827,0.004464,-0.025397,-0.009574,-0.015823,-0.020106,-0.023561,0.003455,0.007407,-0.007755,0.015163
AX-UN.TO,2015-02-26,3,streak_3,0.001429,0.000827,0.000601,-0.008571,-0.009574,0.001003,-0.03,-0.023561,-0.006439,-0.052857,-0.007755,-0.045102
AP-UN.TO,2015-03-03,2,streak_2,0.002299,-0.00853,0.010829,-0.062069,-0.026834,-0.035235,-0.005057,-0.023696,0.018639,-0.089655,-0.012448,-0.077208
LNR.TO,2015-03-04,8,streak_5plus,0.019901,-0.003377,0.023277,-0.026193,-0.032516,0.006324,0.004975,-0.012641,0.017616,0.141352,-0.001929,0.143282
SCL.TO,2015-03-04,4,streak_4,0.004731,-0.003377,0.008108,-0.036181,-0.032516,-0.003665,-0.009167,-0.012641,0.003474,0.077605,-0.001929,0.079534
CNQ.TO,2015-03-05,4,streak_4,0.050314,0.001346,0.048969,0.000898,-0.022781,0.023679,0.075472,-0.003726,0.079198,0.038634,0.004767,0.033867
PEY.TO,2015-03-11,2,streak_2,0.0166,0.006652,0.009948,0.057241,0.017532,0.039709,0.050944,0.04675,0.004195,0.0,0.012014,-0.012014
EMP-A.TO,2015-03-12,4,streak_4,-0.01077,0.002137,-0.012907,-0.007978,0.01513,-0.023107,0.033506,0.044046,-0.01054,-0.023135,0.010163,-0.033299
AQN.TO,2015-03-16,3,streak_3,0.081466,0.008913,0.072554,0.089613,0.014316,0.075297,0.167006,0.044653,0.122354,0.107943,0.000658,0.107285
TCL-A.TO,2015-03-17,4,streak_4,0.055496,0.002402,0.053094,0.060832,0.006351,0.054481,0.062967,0.039569,0.023398,-0.049093,-0.007179,-0.041914
GBT.TO,2015-03-17,4,streak_4,-0.027027,0.002402,-0.029429,-0.023166,0.006351,-0.029517,0.001544,0.039569,-0.038024,-0.016988,-0.007179,-0.009809
TCL-B.TO,2015-03-17,4,streak_4,0.064103,0.002402,0.061701,0.059829,0.006351,0.053478,0.061966,0.039569,0.022397,-0.048077,-0.007179,-0.040898
WCP.TO,2015-03-17,3,streak_3,0.028736,0.002402,0.026334,0.079023,0.006351,0.072672,0.175287,0.039569,0.135719,0.041667,-0.007179,0.048846
POW.TO,2015-03-18,3,streak_3,-0.014249,0.004276,-0.018524,0.032383,0.01227,0.020114,0.007124,0.032775,-0.025651,-0.014249,-0.009759,-0.004489
FSZ.TO,2015-03-19,9,streak_5plus,0.045614,-0.005902,0.051516,0.024561,-0.002192,0.026754,0.063158,0.026627,0.036531,-0.019298,-0.015319,-0.00398
CNR.TO,2015-04-20,2,streak_2,0.026509,0.003385,0.023124,-0.008087,0.003105,-0.011193,-0.081474,-0.015598,-0.065875,-0.037741,-0.04673,0.008988
CP.TO,2015-04-21,2,streak_2,-0.021749,-0.004295,-0.017454,-0.003471,-0.004444,0.000974,-0.106664,-0.022047,-0.084617,-0.128876,-0.064039,-0.064837
MRU.TO,2015-04-22,3,streak_3,-0.013387,-0.002711,-0.010676,0.005355,-2e-05,0.005374,0.007363,-0.009305,0.016668,0.0,-0.06322,0.06322
PD.TO,2015-04-27,3,streak_3,-0.004785,-0.004167,-0.000618,0.075359,-0.004446,0.079805,0.002254,-0.023202,0.025455,-0.241375,-0.079314,-0.16206
WCN.TO,2015-04-27,9,streak_5plus,-0.00998,-0.004167,-0.005813,0.0,-0.004446,0.004446,0.000665,-0.023202,0.023867,-0.078731,-0.079314,0.000583
TA.TO,2015-04-28,2,streak_2,0.004251,0.00013,0.00412,-0.02763,0.001525,-0.029155,-0.109458,-0.015224,-0.094234,-0.273114,-0.087506,-0.185608
TOU.TO,2015-04-29,2,streak_2,0.012789,7.8e-05,0.012711,-0.013826,-0.011221,-0.002605,-0.059108,-0.01558,-0.043528,-0.220187,-0.082672,-0.137514
CSU.TO,2015-04-29,4,streak_4,0.01654,7.8e-05,0.016462,-0.01382,-0.011221,-0.002599,0.063817,-0.01558,0.079398,0.198726,-0.082672,0.281399
OGC.TO,2015-04-29,6,streak_5plus,-0.017991,7.8e-05,-0.018069,0.02099,-0.011221,0.032211,0.248876,-0.01558,0.264456,0.121439,-0.082672,0.204112
DXT.TO,2015-04-29,2,streak_2,0.053426,7.8e-05,0.053348,0.213705,-0.011221,0.224926,0.267131,-0.01558,0.282712,0.067364,-0.082672,0.150036
BHC.TO,2015-04-29,3,streak_3,0.036728,7.8e-05,0.03665,0.070302,-0.011221,0.081523,0.215436,-0.01558,0.231016,0.350659,-0.082672,0.433332
FFH.TO,2015-04-30,5,streak_5plus,0.010813,-0.008001,0.018815,-0.021161,-0.021072,-8.9e-05,-0.039214,-0.021711,-0.017503,0.019449,-0.068123,0.087571
AEM.TO,2015-04-30,2,streak_2,-0.046658,-0.008001,-0.038657,-0.035939,-0.021072,-0.014867,0.047604,-0.021711,0.069315,-0.207125,-0.068123,-0.139002
UNS.TO,2015-04-30,2,streak_2,-0.002849,-0.008001,0.005152,0.014957,-0.021072,0.036029,-0.008785,-0.021711,0.012926,0.192006,-0.068123,0.260129
CG.TO,2015-04-30,3,streak_3,-0.018553,-0.008001,-0.010551,0.048237,-0.021072,0.06931,0.207792,-0.021711,0.229503,-0.029685,-0.068123,0.038438
IMO.TO,2015-04-30,3,streak_3,-0.010043,-0.008001,-0.002042,-0.067193,-0.021072,-0.046121,-0.092061,-0.021711,-0.070351,-0.129125,-0.068123,-0.061002
ESI.TO,2015-05-04,2,streak_2,0.106816,0.001806,0.10501,0.162767,-0.011069,0.173836,0.242116,-0.015326,0.257442,0.041043,-0.056806,0.09785
MAXR.TO,2015-05-04,2,streak_2,-0.001982,0.001806,-0.003787,0.037539,-0.011069,0.048608,0.024296,-0.015326,0.039622,-0.188351,-0.056806,-0.131544
L.TO,2015-05-06,6,streak_5plus,0.032967,-0.009885,0.042852,0.030769,-0.008613,0.039383,0.036264,-0.010182,0.046446,0.175824,-0.044214,0.220038
LNR.TO,2015-05-06,9,streak_5plus,0.012309,-0.009885,0.022195,0.144905,-0.008613,0.153518,0.20723,-0.010182,0.217412,0.132907,-0.044214,0.177122
BN.TO,2015-05-06,5,streak_5plus,-0.010526,-0.009885,-0.000641,0.016541,-0.008613,0.025155,0.014286,-0.010182,0.024468,0.078947,-0.044214,0.123161
CIX.TO,2015-05-07,2,streak_2,0.03439,0.00432,0.030071,0.026798,-0.002875,0.029673,0.0,-0.00444,0.00444,-0.058955,-0.041134,-0.01782
GWO.TO,2015-05-07,3,streak_3,0.0,0.00432,-0.00432,-0.02113,-0.002875,-0.018255,0.005972,-0.00444,0.010411,-0.040882,-0.041134,0.000253
MG.TO,2015-05-07,4,streak_4,0.049988,0.00432,0.045669,0.051831,-0.002875,0.054707,0.137987,-0.00444,0.142426,0.126469,-0.041134,0.167603
GBT.TO,2015-05-07,5,streak_5plus,0.000771,0.00432,-0.003549,0.0,-0.002875,0.002875,0.019275,-0.00444,0.023715,-0.065536,-0.041134,-0.024401
IAG.TO,2015-05-07,2,streak_2,-0.018261,0.00432,-0.02258,-0.052615,-0.002875,-0.04974,-0.029403,-0.00444,-0.024963,-0.034974,-0.041134,0.006161
PRMW.TO,2015-05-07,2,streak_2,-0.04,0.00432,-0.04432,0.037778,-0.002875,0.040653,0.096667,-0.00444,0.101106,0.356667,-0.041134,0.397801
CNQ.TO,2015-05-07,5,streak_5plus,-0.006832,0.00432,-0.011152,-0.00427,-0.002875,-0.001394,-0.024765,-0.00444,-0.020326,-0.141759,-0.041134,-0.100625
CGX.TO,2015-05-08,2,streak_2,0.026873,0.005381,0.021491,0.03047,-0.004023,0.034492,0.045728,-0.022898,0.068626,0.011383,-0.052098,0.063482
CAR-UN.TO,2015-05-08,13,streak_5plus,0.001002,0.005381,-0.004379,-0.01002,-0.004023,-0.005997,-0.04509,-0.022898,-0.022192,0.005511,-0.052098,0.057609
CJ.TO,2015-05-11,2,streak_2,-0.022107,-0.001147,-0.02096,-0.023407,-0.00408,-0.019327,-0.072822,-0.023223,-0.049598,-0.196359,-0.046381,-0.149978
EMA.TO,2015-05-11,3,streak_3,0.015544,-0.001147,0.016691,0.010363,-0.00408,0.014443,-0.029204,-0.023223,-0.00598,0.061234,-0.046381,0.107615
SCL.TO,2015-05-12,5,streak_5plus,0.002262,-0.00722,0.009482,-0.059311,-0.002085,-0.057226,-0.016163,-0.017396,0.001234,-0.304829,-0.048698,-0.256131
TCN.TO,2015-05-12,2,streak_2,-0.017401,-0.00722,-0.010182,0.011601,-0.002085,0.013686,-0.010441,-0.017396,0.006955,0.045244,-0.048698,0.093941
RX.V,2015-05-13,2,streak_2,-0.026882,-0.004155,-0.022727,-0.115591,0.001968,-0.117559,-0.018817,-0.014113,-0.004705,-0.185484,-0.046779,-0.138705
AUN.V,2015-05-13,2,streak_2,0.083333,-0.004155,0.087488,0.083333,0.001968,0.081366,0.083333,-0.014113,0.097446,-0.25,-0.046779,-0.203221
FSZ.TO,2015-05-13,10,streak_5plus,0.014159,-0.004155,0.018314,0.0,0.001968,-0.001968,-0.00177,-0.014113,0.012343,-0.023009,-0.046779,0.02377
CTC.TO,2015-05-14,4,streak_4,0.0,0.003164,-0.003164,0.044466,0.014879,0.029587,0.057664,-0.015987,0.073651,-0.037238,-0.04955,0.012313
CTC-A.TO,2015-05-14,4,streak_4,0.013193,0.003164,0.010029,0.052661,0.014879,0.037781,0.043646,-0.015987,0.059633,0.003078,-0.04955,0.052629
CHR.TO,2015-05-14,8,streak_5plus,-0.037049,0.003164,-0.040213,-0.006616,0.014879,-0.021495,0.074099,-0.015987,0.090086,0.008932,-0.04955,0.058482
POW.TO,2015-05-15,4,streak_4,0.006684,0.005323,0.001361,0.011364,0.011492,-0.000128,0.022059,-0.018099,0.040158,-0.06885,-0.04992,-0.01893
CAE.TO,2015-05-26,2,streak_2,-0.009791,-0.008994,-0.000797,-0.02611,-0.00746,-0.018649,0.010544,-0.018601,0.029145,-0.107495,-0.140557,0.033062
BMO.TO,2015-05-27,2,streak_2,0.0,0.003967,-0.003967,-0.022068,0.003581,-0.025649,-0.03499,-0.006863,-0.028127,-0.119483,-0.126232,0.006749
NA.TO,2015-05-27,2,streak_2,0.000314,0.003967,-0.003652,-0.005343,0.003581,-0.008924,-0.013828,-0.006863,-0.006964,-0.148334,-0.126232,-0.022102
RY-PZ.TO,2015-05-28,6,streak_5plus,-0.003125,-0.000232,-0.002893,-0.019375,0.002925,-0.0223,-0.055,-0.014096,-0.040904,-0.135,-0.114417,-0.020583
RY.TO,2015-05-28,6,streak_5plus,0.001306,-0.000232,0.001537,0.004104,0.002925,0.001179,-0.02257,-0.014096,-0.008474,-0.088976,-0.114417,0.025441
CM.TO,2015-05-28,2,streak_2,0.006764,-0.000232,0.006996,0.005696,0.002925,0.002771,0.00712,-0.014096,0.021216,-0.038448,-0.114417,0.075969
DOL.TO,2015-06-10,2,streak_2,0.026778,0.004812,0.021966,0.045215,-0.00436,0.049575,0.055312,-0.036389,0.091701,0.133011,-0.086775,0.219786
DOO.TO,2015-06-11,2,streak_2,0.018497,-0.003902,0.022399,0.04329,-0.010478,0.053768,0.052342,-0.032098,0.084439,-0.007477,-0.088596,0.081118
CNR.TO,2015-07-20,3,streak_3,0.001245,-0.014833,0.016078,0.014786,-0.031183,0.045969,0.021946,-0.030657,0.052602,-0.004669,-0.060398,0.055729
L-PB.TO,2015-07-23,7,streak_5plus,-0.002012,-0.002915,0.000903,-0.003353,-0.00037,-0.002983,-0.014755,-0.058251,0.043496,-0.047619,-0.029985,-0.017634
L.TO,2015-07-23,7,streak_5plus,0.034965,-0.002915,0.03788,0.034965,-0.00037,0.035335,0.055944,-0.058251,0.114195,0.087912,-0.029985,0.117897
PD.TO,2015-07-23,4,streak_4,-0.007452,-0.002915,-0.004537,0.013413,-0.00037,0.013783,-0.171487,-0.058251,-0.113236,-0.088636,-0.029985,-0.058651
BHC.TO,2015-07-23,4,streak_4,0.092138,-0.002915,0.095052,0.056173,-0.00037,0.056543,-0.063859,-0.058251,-0.005608,-0.538671,-0.029985,-0.508686
CJ.TO,2015-07-28,3,streak_3,0.035836,0.005428,0.030408,0.032423,0.034975,-0.002552,-0.1843,-0.044267,-0.140033,-0.110922,-0.021555,-0.089366
CG.TO,2015-07-28,4,streak_4,0.0,0.005428,-0.005428,0.124744,0.034975,0.089769,0.112474,-0.044267,0.156741,0.417178,-0.021555,0.438733
CFW.TO,2015-07-29,2,streak_2,0.106272,0.01594,0.090331,-0.04878,0.030233,-0.079013,-0.228223,-0.022071,-0.206152,-0.558705,-0.015216,-0.543489
AEM.TO,2015-07-29,3,streak_3,0.014113,0.01594,-0.001827,-0.068145,0.030233,-0.098378,0.039113,-0.022071,0.061184,0.231048,-0.015216,0.246264
IAG.TO,2015-07-30,3,streak_3,0.044206,0.005664,0.038543,0.044206,0.007279,0.036927,0.01775,-0.030535,0.048284,0.03349,-0.035653,0.069142
ELD.TO,2015-07-30,2,streak_2,-0.044981,0.005664,-0.050645,0.0,0.007279,-0.007279,-0.039773,-0.030535,-0.009238,0.147254,-0.035653,0.182907
UNS.TO,2015-07-30,3,streak_3,0.096922,0.005664,0.091259,0.188849,0.007279,0.18157,0.164468,-0.030535,0.195003,0.316942,-0.035653,0.352594
CCL-B.TO,2015-07-31,2,streak_2,0.095626,0.005952,0.089674,0.091896,-0.005569,0.097465,0.03018,-0.036412,0.066591,0.111563,-0.059349,0.170912
ESI.TO,2015-08-04,3,streak_3,-0.023692,0.001569,-0.025261,0.055281,-0.000138,0.055419,-0.011846,-0.068183,0.056337,-0.165215,-0.058431,-0.106784
FSZ.TO,2015-08-05,11,streak_5plus,0.036765,0.000821,0.035943,0.007353,-0.005272,0.012625,-0.022059,-0.065268,0.043209,-0.073529,-0.053881,-0.019648
SLF.TO,2015-08-05,2,streak_2,-0.001412,0.000821,-0.002234,0.055438,-0.005272,0.06071,-0.033898,-0.065268,0.031369,0.04661,-0.053881,0.100492
OR.TO,2015-08-06,2,streak_2,-0.001631,-0.006695,0.005064,0.113377,-0.011274,0.12465,0.030179,-0.062511,0.092691,-0.023654,-0.058002,0.034348
NFI.TO,2015-08-06,2,streak_2,0.022302,-0.006695,0.028998,0.136829,-0.011274,0.148103,0.149681,-0.062511,0.212192,0.234959,-0.058002,0.292961
RBA.TO,2015-08-06,2,streak_2,-0.023297,-0.006695,-0.016602,0.121426,-0.011274,0.1327,0.042711,-0.062511,0.105222,-0.022591,-0.058002,0.035411
ACQ.TO,2015-08-06,2,streak_2,0.022655,-0.006695,0.02935,-0.007658,-0.011274,0.003616,-0.115332,-0.062511,-0.052821,-0.01768,-0.058002,0.040322
PBH.TO,2015-08-06,2,streak_2,0.000392,-0.006695,0.007087,-0.031385,-0.011274,-0.020111,-0.07297,-0.062511,-0.010459,0.035308,-0.058002,0.09331
POW.TO,2015-08-07,5,streak_5plus,-0.027937,-0.007164,-0.020773,-0.012894,-0.011627,-0.001267,-0.077364,-0.06439,-0.012974,0.015043,-0.058802,0.073845
MG.TO,2015-08-07,5,streak_5plus,0.000205,-0.007164,0.007368,-0.043763,-0.011627,-0.032136,-0.117996,-0.06439,-0.053606,-0.121472,-0.058802,-0.06267
BN.TO,2015-08-07,6,streak_5plus,-0.007725,-0.007164,-0.000561,-0.011938,-0.011627,-0.000311,-0.106039,-0.06439,-0.041649,0.005618,-0.058802,0.06442
CAS.TO,2015-08-07,2,streak_2,0.028829,-0.007164,0.035993,0.183784,-0.011627,0.195411,0.111712,-0.06439,0.176102,0.29009,-0.058802,0.348892
ATS.TO,2015-08-12,2,streak_2,-0.090625,-0.005217,-0.085408,-0.155,-0.015318,-0.139682,-0.15,-0.058607,-0.091393,-0.24375,-0.069589,-0.174161
AC.TO,2015-08-12,2,streak_2,-0.063566,-0.005217,-0.058349,-0.063566,-0.015318,-0.048248,-0.075194,-0.058607,-0.016587,-0.075194,-0.069589,-0.005605
CAE.TO,2015-08-12,3,streak_3,-0.042885,-0.005217,-0.037668,-0.040935,-0.015318,-0.025618,-0.068226,-0.058607,-0.009619,-0.014338,-0.069589,0.055251
CEE.TO,2015-08-12,2,streak_2,0.089288,-0.005217,0.094505,0.107151,-0.015318,0.122469,0.101509,-0.058607,0.160116,0.119571,-0.069589,0.18916
SII.TO,2015-08-12,2,streak_2,-0.004636,-0.005217,0.000581,-0.023179,-0.015318,-0.007861,0.064901,-0.058607,0.123507,0.199338,-0.069589,0.268926
MRU.TO,2015-08-12,4,streak_4,0.001941,-0.005217,0.007158,0.019735,-0.015318,0.035052,-0.049499,-0.058607,0.009108,0.024588,-0.069589,0.094176
GCG.TO,2015-08-13,2,streak_2,-0.005904,-0.00705,0.001146,-0.019188,-0.021123,0.001935,-0.076753,-0.061229,-0.015523,-0.092989,-0.06957,-0.023419
TCN.TO,2015-08-13,3,streak_3,0.0,-0.00705,0.00705,0.069585,-0.021123,0.090708,-0.003367,-0.061229,0.057862,-0.030303,-0.06957,0.039267
AUN.V,2015-08-13,3,streak_3,0.0,-0.00705,0.00705,-0.111111,-0.021123,-0.089988,-0.222222,-0.061229,-0.160993,-0.277778,-0.06957,-0.208208
EQB.TO,2015-08-13,2,streak_2,-0.006831,-0.00705,0.00022,0.02459,-0.021123,0.045714,0.031421,-0.061229,0.09265,0.066485,-0.06957,0.136055
BYD.TO,2015-08-14,2,streak_2,0.05642,0.002774,0.053645,0.074503,-0.035215,0.109717,0.043038,-0.062163,0.105201,0.173418,-0.078042,0.25146
AFN.TO,2015-08-14,2,streak_2,-0.026549,0.002774,-0.029323,-0.13766,-0.035215,-0.102445,-0.117011,-0.062163,-0.054848,-0.277942,-0.078042,-0.199899
BMO.TO,2015-08-25,3,streak_3,0.024757,0.007523,0.017234,0.072883,0.06178,0.011103,0.057149,0.025359,0.031791,0.173068,0.025259,0.147809
NA.TO,2015-08-26,3,streak_3,0.052768,0.017542,0.035225,0.017343,0.025169,-0.007826,0.01845,0.01428,0.00417,0.039483,0.019535,0.019949
RY-PZ.TO,2015-08-26,7,streak_5plus,0.001447,0.017542,-0.016095,0.030391,0.025169,0.005221,-0.053546,0.01428,-0.067826,-0.083213,0.019535,-0.102747
RY.TO,2015-08-26,7,streak_5plus,-0.003672,0.017542,-0.021214,-0.01428,0.025169,-0.039449,-0.013872,0.01428,-0.028152,0.051204,0.019535,0.031669
TD.TO,2015-08-27,2,streak_2,0.015394,0.028778,-0.013385,-0.007993,0.012233,-0.020226,-0.003552,-0.000224,-0.003328,0.059207,0.001629,0.057577
CM.TO,2015-08-27,3,streak_3,0.058497,0.028778,0.029718,0.04702,0.012233,0.034786,0.043688,-0.000224,0.043912,0.113662,0.001629,0.112032
BNS.TO,2015-08-28,2,streak_2,-0.006511,0.007148,-0.013659,-0.015422,-0.01237,-0.003051,-0.045236,-0.055358,0.010122,0.026731,-0.024806,0.051537
LB.TO,2015-09-02,2,streak_2,-0.011624,0.004703,-0.016326,0.009807,0.003709,0.006099,0.049764,-0.017802,0.067566,0.163458,0.011437,0.152021
DOL.TO,2015-09-10,3,streak_3,0.066641,0.002808,0.063833,0.096862,0.017137,0.079724,0.114297,0.033018,0.081279,0.099574,-0.045034,0.144608
MTY.TO,2015-10-07,2,streak_2,0.017768,0.016201,0.001567,-0.050817,0.016707,-0.067524,-0.055082,-0.006485,-0.048597,-0.041578,-0.087864,0.046286
BHC.TO,2015-10-19,5,streak_5plus,-0.063105,-0.005759,-0.057345,-0.32854,0.008354,-0.336894,-0.569965,-0.037621,-0.532344,-0.433026,-0.137006,-0.29602
TFII.TO,2015-10-22,2,streak_2,-0.005025,0.012689,-0.017715,0.049749,0.011602,0.038146,0.046231,-0.016812,0.063044,-0.123116,-0.121736,-0.001379
RCI-B.TO,2015-10-22,2,streak_2,0.0519,0.012689,0.039211,0.085366,0.011602,0.073764,0.048497,-0.016812,0.065309,-0.016449,-0.121736,0.105287
PD.TO,2015-10-22,5,streak_5plus,0.034188,0.012689,0.021498,-0.094017,0.011602,-0.105619,-0.112056,-0.016812,-0.095244,-0.267836,-0.121736,-0.1461
TRI.TO,2015-10-23,2,streak_2,-0.013324,0.005447,-0.018771,-0.014513,-0.006211,-0.008302,-0.035927,-0.032036,-0.003891,-0.060195,-0.107255,0.04706
CIGI.TO,2015-10-27,2,streak_2,0.103608,-0.00662,0.110228,0.164292,-0.012175,0.176467,0.087142,-0.027779,0.114921,0.096392,-0.105838,0.20223
CNR.TO,2015-10-27,4,streak_4,-0.02815,-0.00662,-0.02153,-0.024466,-0.012175,-0.012291,-0.045836,-0.027779,-0.018057,-0.124834,-0.105838,-0.018996
QSR.TO,2015-10-27,2,streak_2,0.053366,-0.00662,0.059986,0.020113,-0.012175,0.032287,-0.041834,-0.027779,-0.014055,-0.037544,-0.105838,0.068294
UNS.TO,2015-10-28,4,streak_4,0.041187,0.011942,0.029245,0.096882,0.000781,0.096101,0.041021,-0.021621,0.062642,0.026355,-0.096485,0.122839
AEM.TO,2015-10-28,4,streak_4,-0.014207,0.011942,-0.026149,-0.025186,0.000781,-0.025967,-0.045205,-0.021621,-0.023584,0.101388,-0.096485,0.197873
SU.TO,2015-10-28,2,streak_2,0.022673,0.011942,0.010731,0.075975,0.000781,0.075193,-0.002784,-0.021621,0.018837,-0.137629,-0.096485,-0.041145
WSP.TO,2015-10-29,2,streak_2,-0.004146,-0.005143,0.000997,0.023063,-0.014528,0.037591,-0.018917,-0.031594,0.012678,-0.118684,-0.091703,-0.02698
CFW.TO,2015-10-29,3,streak_3,-0.095238,-0.005143,-0.090095,0.0,-0.014528,0.014528,-0.134921,-0.031594,-0.103326,-0.419916,-0.091703,-0.328212
CJ.TO,2015-11-02,4,streak_4,0.005639,0.006933,-0.001294,0.067669,0.001781,0.065888,0.003759,-0.004391,0.00815,-0.330827,-0.063182,-0.267645
PXT.TO,2015-11-02,2,streak_2,0.020492,0.006933,0.013559,0.114754,0.001781,0.112973,0.112022,-0.004391,0.116412,-0.10929,-0.063182,-0.046108
AP-UN.TO,2015-11-03,2,streak_2,-0.001019,0.006408,-0.007428,-0.09684,-0.010306,-0.086534,-0.072885,0.000962,-0.073846,-0.070336,-0.08667,0.016333
TRP.TO,2015-11-03,2,streak_2,0.004898,0.006408,-0.00151,-0.023361,-0.010306,-0.013055,-0.020723,0.000962,-0.021685,0.085908,-0.08667,0.172578
NFI.TO,2015-11-04,3,streak_3,0.070601,-0.003537,0.074138,0.25922,-0.021787,0.281007,0.41958,-0.017979,0.437559,0.39431,-0.081493,0.475804
SHOP.TO,2015-11-04,2,streak_2,0.004843,-0.003537,0.00838,-0.076029,-0.021787,-0.054242,-0.145521,-0.017979,-0.127541,-0.233172,-0.081493,-0.151678
EFX.TO,2015-11-04,2,streak_2,-0.047144,-0.003537,-0.043607,0.048957,-0.021787,0.070744,0.039891,-0.017979,0.05787,-0.055304,-0.081493,0.02619
ATS.TO,2015-11-04,3,streak_3,0.029586,-0.003537,0.033123,-0.10503,-0.021787,-0.083243,-0.076923,-0.017979,-0.058944,-0.315089,-0.081493,-0.233595
IAG.TO,2015-11-04,4,streak_4,-0.009379,-0.003537,-0.005842,0.029107,-0.021787,0.050894,0.074062,-0.017979,0.092041,-0.046572,-0.081493,0.034922
DII-B.TO,2015-11-05,2,streak_2,-0.01203,-0.007539,-0.004491,-0.089925,-0.023416,-0.066509,-0.085942,-0.024675,-0.061268,-0.140177,-0.064948,-0.075229
AC.TO,2015-11-05,3,streak_3,0.065378,-0.007539,0.072917,0.081031,-0.023416,0.104447,-0.060773,-0.024675,-0.036099,-0.293738,-0.064948,-0.228791
CCL-B.TO,2015-11-05,3,streak_3,0.06868,-0.007539,0.076219,0.127294,-0.023416,0.15071,0.156602,-0.024675,0.181276,0.003256,-0.064948,0.068204
LIF.TO,2015-11-05,2,streak_2,-0.052536,-0.007539,-0.044997,0.059783,-0.023416,0.083198,-0.181159,-0.024675,-0.156485,-0.338768,-0.064948,-0.273821
RBA.TO,2015-11-05,3,streak_3,-0.007945,-0.007539,-0.000406,0.076562,-0.023416,0.099978,0.000722,-0.024675,0.025397,-0.078729,-0.064948,-0.013781
OR.TO,2015-11-05,3,streak_3,-0.01086,-0.007539,-0.003321,0.007519,-0.023416,0.030934,-0.010025,-0.024675,0.01465,0.111111,-0.064948,0.176059
BN.TO,2015-11-06,7,streak_5plus,0.001397,-0.000406,0.001802,-0.034916,-0.031832,-0.003085,0.009078,-0.014751,0.023829,-0.119413,-0.058619,-0.060795
BDT.TO,2015-11-10,2,streak_2,-0.003807,-0.005266,0.001459,0.114213,-0.012245,0.126459,0.090102,-0.041542,0.131644,-0.081218,-0.088996,0.007778
EIF.TO,2015-11-11,2,streak_2,0.0,-0.005197,0.005197,0.083088,-0.009783,0.092871,0.140441,-0.035343,0.175784,-0.055882,-0.091406,0.035524
CAS.TO,2015-11-11,3,streak_3,0.052703,-0.005197,0.0579,0.077027,-0.009783,0.08681,0.175676,-0.035343,0.211018,0.017568,-0.091406,0.108973
BYD.TO,2015-11-11,3,streak_3,0.048268,-0.005197,0.053465,0.052919,-0.009783,0.062701,0.08034,-0.035343,0.115682,-0.024214,-0.091406,0.067192
FSZ.TO,2015-11-11,12,streak_5plus,0.048626,-0.005197,0.053823,0.067653,-0.009783,0.077436,0.033827,-0.035343,0.069169,-0.031712,-0.091406,0.059693
PBH.TO,2015-11-11,3,streak_3,0.028206,-0.005197,0.033403,0.070703,-0.009783,0.080486,0.056036,-0.035343,0.091379,0.266642,-0.091406,0.358048
EQB.TO,2015-11-12,3,streak_3,-0.001281,-0.016092,0.014811,-0.009821,0.004355,-0.014175,-0.009821,-0.024382,0.014561,-0.169086,-0.094027,-0.075059
HWO.TO,2015-11-12,2,streak_2,0.001908,-0.016092,0.018001,-0.034351,0.004355,-0.038706,-0.108779,-0.024382,-0.084397,-0.211832,-0.094027,-0.117805
PAAS.TO,2015-11-12,2,streak_2,0.010458,-0.016092,0.02655,0.019608,0.004355,0.015253,0.103268,-0.024382,0.12765,0.376471,-0.094027,0.470498
TCN.TO,2015-11-12,4,streak_4,-0.010417,-0.016092,0.005676,-0.050926,0.004355,-0.055281,-0.111111,-0.024382,-0.086729,-0.284722,-0.094027,-0.190695
POW.TO,2015-11-13,6,streak_5plus,-0.002132,-0.003946,0.001814,0.066809,0.026403,0.040406,-0.000711,-0.025687,0.024976,-0.057569,-0.056829,-0.000741
WILD.TO,2015-11-16,2,streak_2,0.034574,0.018516,0.016059,0.12766,0.027387,0.100272,0.022606,-0.029055,0.051661,-0.086436,-0.0398,-0.046636
EXE.TO,2015-11-16,2,streak_2,0.047718,0.018516,0.029202,0.078838,0.027387,0.051451,0.010373,-0.029055,0.039428,0.012448,-0.0398,0.052248
MRU.TO,2015-11-18,5,streak_5plus,0.00497,0.009006,-0.004035,0.015533,0.009593,0.00594,0.031687,-0.008607,0.040294,0.102827,-0.026279,0.129106
L.TO,2015-11-18,8,streak_5plus,0.014313,0.009006,0.005307,0.002863,0.009593,-0.00673,-0.043893,-0.008607,-0.035286,-0.037214,-0.026279,-0.010934
L-PB.TO,2015-11-18,8,streak_5plus,-0.002037,0.009006,-0.011042,0.000679,0.009593,-0.008914,0.00611,-0.008607,0.014717,-0.03666,-0.026279,-0.010381
ATD.TO,2015-11-24,2,streak_2,0.017544,0.001898,0.015646,0.010526,0.006531,0.003995,0.025614,-0.02238,0.047994,-0.006667,-0.047981,0.041314
BMO.TO,2015-12-01,4,streak_4,0.014541,0.012346,0.002195,0.013362,-0.031701,0.045063,0.012576,-0.034136,0.046712,-0.007074,-0.033549,0.026475
BNS.TO,2015-12-01,3,streak_3,-0.000996,0.012346,-0.013342,-0.047825,-0.031701,-0.016124,-0.065427,-0.034136,-0.031291,-0.035868,-0.033549,-0.002319
RY-PZ.TO,2015-12-02,8,streak_5plus,-0.004068,-0.012636,0.008567,-0.056143,-0.052332,-0.003812,0.028478,-0.051987,0.080465,-0.061025,-0.037577,-0.023449
RY.TO,2015-12-02,8,streak_5plus,-0.00019,-0.012636,0.012446,-0.033625,-0.052332,0.018707,-0.049962,-0.051987,0.002025,-0.068769,-0.037577,-0.031192
ET.TO,2015-12-02,2,streak_2,0.014599,-0.012636,0.027234,0.058394,-0.052332,0.110726,0.085158,-0.051987,0.137145,0.072993,-0.037577,0.110569
TD.TO,2015-12-03,3,streak_3,-0.013517,-0.010331,-0.003186,-0.022897,-0.039083,0.016186,-0.027862,-0.040382,0.01252,-0.015724,-0.018665,0.002941
CM.TO,2015-12-03,4,streak_4,-0.022288,-0.010331,-0.011956,-0.059325,-0.039083,-0.020242,-0.077352,-0.040382,-0.036969,-0.068502,-0.018665,-0.049837
DOL.TO,2015-12-09,4,streak_4,-0.072939,0.001168,-0.074107,-0.092671,-0.000224,-0.092446,-0.18358,-0.046678,-0.136902,-0.136716,0.035334,-0.17205
DOO.TO,2015-12-11,3,streak_3,0.094887,-0.017409,0.112295,0.003163,-0.000515,0.003678,-0.17185,-0.065009,-0.106841,-0.192936,0.035409,-0.228345
MRU.TO,2016-01-26,6,streak_5plus,-0.038655,0.01549,-0.054146,-0.015966,0.043745,-0.059711,0.017647,0.049172,-0.031524,0.027451,0.136109,-0.108658
CNR.TO,2016-01-26,5,streak_5plus,0.016259,0.01549,0.000769,0.06127,0.043745,0.017525,0.124251,0.049172,0.07508,0.18535,0.136109,0.049241
GIB-A.TO,2016-01-27,2,streak_2,0.039848,0.003771,0.036077,0.095454,0.009001,0.086452,0.017932,0.034246,-0.016315,0.083862,0.119866,-0.036004
ATS.TO,2016-02-03,4,streak_4,-0.087685,0.012112,-0.099797,-0.172414,-0.012827,-0.159587,-0.038424,0.054765,-0.093188,0.137931,0.101701,0.03623
SAP.TO,2016-02-04,2,streak_2,0.031507,0.014413,0.017095,0.067311,-0.032343,0.099654,0.156105,0.049194,0.106911,0.187254,0.082506,0.104748
CIGI.TO,2016-02-05,3,streak_3,-0.051409,-0.000822,-0.050587,-0.030114,-0.053787,0.023673,0.023876,0.047681,-0.023805,0.070338,0.067126,0.003212
WCN.TO,2016-02-08,2,streak_2,-0.013055,-0.01791,0.004855,0.029122,-0.029991,0.059113,0.068488,0.042863,0.025625,0.106447,0.073449,0.032998
TRI.TO,2016-02-11,3,streak_3,-0.02873,-0.008067,-0.020663,0.011334,0.061195,-0.049861,0.021086,0.109661,-0.088575,0.072219,0.131507,-0.059287
TRP.TO,2016-02-11,3,streak_3,0.0,-0.008067,0.008067,0.043077,0.061195,-0.018118,-0.013333,0.109661,-0.122995,0.084444,0.131507,-0.047062
PD.TO,2016-02-11,6,streak_5plus,-0.023684,-0.008067,-0.015617,0.157895,0.061195,0.0967,0.63421,0.109661,0.524549,0.434211,0.131507,0.302704
IGM.TO,2016-02-12,2,streak_2,0.036077,0.024306,0.01177,0.083427,0.060063,0.023365,0.182638,0.115004,0.067634,0.167982,0.140675,0.027307
BN.TO,2016-02-12,8,streak_5plus,0.045113,0.024306,0.020806,0.09858,0.060063,0.038517,0.156224,0.115004,0.04122,0.146199,0.140675,0.005523
WILD.TO,2016-02-16,3,streak_3,0.061824,0.014037,0.047786,0.01391,0.037508,-0.023598,0.057187,0.08231,-0.025123,0.122102,0.110442,0.01166
QSR.TO,2016-02-16,3,streak_3,0.059019,0.014037,0.044982,0.012409,0.037508,-0.025099,0.133172,0.08231,0.050862,0.174637,0.110442,0.064195
SHOP.TO,2016-02-17,3,streak_3,0.077949,0.024867,0.053083,-0.027037,0.016599,-0.043636,0.234551,0.073524,0.161026,0.183638,0.106611,0.077027
CSU.TO,2016-02-17,2,streak_2,0.027624,0.024867,0.002758,0.081734,0.016599,0.065135,0.010944,0.073524,-0.06258,-0.001329,0.106611,-0.107939
SECU.V,2016-02-17,2,streak_2,-0.05698,0.024867,-0.081847,-0.068376,0.016599,-0.084975,-0.11396,0.073524,-0.187485,0.108262,0.106611,0.001651
CFX.TO,2016-02-17,2,streak_2,0.034137,0.024867,0.00927,0.079318,0.016599,0.062719,0.217863,0.073524,0.144339,0.041573,0.106611,-0.065038
ABX.TO,2016-02-17,2,streak_2,0.009494,0.024867,-0.015373,0.156646,0.016599,0.140047,0.239715,0.073524,0.166191,0.518196,0.106611,0.411585
CPX.TO,2016-02-18,2,streak_2,-0.005015,0.004989,-0.010004,-0.032096,-0.009862,-0.022234,-0.013039,0.058606,-0.071645,0.037111,0.081595,-0.044484
FM.TO,2016-02-18,2,streak_2,-0.112033,0.004989,-0.117023,-0.089212,-0.009862,-0.079349,0.672199,0.058606,0.613593,0.881743,0.081595,0.800148
CTC.TO,2016-02-18,2,streak_2,0.015693,0.004989,0.010703,0.055604,-0.009862,0.065466,0.00556,0.058606,-0.053046,0.023539,0.081595,-0.058056
FTS.TO,2016-02-18,2,streak_2,0.013077,0.004989,0.008087,0.011154,-0.009862,0.021016,0.049615,0.058606,-0.008991,0.075,0.081595,-0.006595
CTC-A.TO,2016-02-18,2,streak_2,0.077855,0.004989,0.072865,0.106786,-0.009862,0.116648,0.163119,0.058606,0.104513,0.188992,0.081595,0.107397
CHR.TO,2016-02-19,2,streak_2,0.014364,-0.009125,0.023489,0.120725,-0.01375,0.134475,0.169631,0.043746,0.125884,0.149453,0.06918,0.080272
EIF.TO,2016-02-23,3,streak_3,-0.009531,-0.006399,-0.003132,0.087977,0.001152,0.086824,0.131232,0.050438,0.080794,0.320381,0.083608,0.236773
BMO.TO,2016-02-23,5,streak_5plus,-0.002636,-0.006399,0.003763,0.010543,0.001152,0.009391,0.064882,0.050438,0.014445,0.130779,0.083608,0.04717
INE.TO,2016-02-24,2,streak_2,0.015951,-0.00181,0.017761,0.040491,0.017135,0.023356,0.144785,0.048271,0.096514,0.195092,0.093196,0.101896
LNF.TO,2016-02-25,2,streak_2,0.013972,0.001044,0.012928,0.01497,0.021789,-0.006819,-0.00499,0.048492,-0.053482,0.082834,0.10309,-0.020256
PPL.TO,2016-02-25,2,streak_2,0.002092,0.001044,0.001048,0.020397,0.021789,-0.001392,0.030335,0.048492,-0.018157,0.184623,0.10309,0.081533
CM.TO,2016-02-25,5,streak_5plus,0.025,0.001044,0.023956,0.054478,0.021789,0.032688,0.108955,0.048492,0.060463,0.196269,0.10309,0.093178
CCL-B.TO,2016-02-25,4,streak_4,0.064794,0.001044,0.06375,0.19008,0.021789,0.168291,0.190367,0.048492,0.141875,0.150229,0.10309,0.047139
GTE.TO,2016-02-29,2,streak_2,0.063123,0.004892,0.058231,0.232558,0.032404,0.200154,0.116279,0.049102,0.067177,0.275748,0.102158,0.173589
BNS.TO,2016-03-01,4,streak_4,0.057755,0.009463,0.048292,0.10534,0.040683,0.064657,0.160552,0.050045,0.110507,0.204504,0.095355,0.109149
AP-UN.TO,2016-03-01,3,streak_3,0.023823,0.009463,0.01436,0.049915,0.040683,0.009232,0.103233,0.050045,0.053188,0.187748,0.095355,0.092393
ET.TO,2016-03-02,3,streak_3,-0.005708,0.002758,-0.008465,-0.013699,0.025343,-0.039041,0.002283,0.039462,-0.037179,0.046804,0.083476,-0.036673
SCL.TO,2016-03-02,2,streak_2,-0.03198,0.002758,-0.034738,-0.008983,0.025343,-0.034326,0.019742,0.039462,-0.01972,0.142482,0.083476,0.059006
SNC.TO,2016-03-03,2,streak_2,0.032972,0.008127,0.024845,0.091289,0.028806,0.062483,0.073081,0.032455,0.040625,0.216043,0.08032,0.135723
PXT.TO,2016-03-08,3,streak_3,-0.02046,-0.005417,-0.015043,0.028133,0.007016,0.021117,0.08312,-0.002697,0.085818,0.30179,0.066694,0.235097
CPG.TO,2016-03-09,2,streak_2,-0.024407,0.006145,-0.030553,0.006276,0.006701,-0.000425,-0.012552,-0.003358,-0.009194,0.308229,0.07922,0.229009
AD-UN.TO,2016-03-09,2,streak_2,0.042589,0.006145,0.036444,0.068995,0.006701,0.062294,0.167802,-0.003358,0.17116,0.189097,0.07922,0.109878
LNR.TO,2016-03-09,2,streak_2,-0.016067,0.006145,-0.022213,0.071347,0.006701,0.064645,-0.018554,-0.003358,-0.015196,-0.078233,0.07922,-0.157452
AQN.TO,2016-03-10,2,streak_2,-0.00304,-0.00103,-0.002009,0.010638,0.006362,0.004277,0.004559,0.000284,0.004276,0.085106,0.068708,0.016398
DII-B.TO,2016-03-10,3,streak_3,0.01398,-0.00103,0.01501,-0.01239,0.006362,-0.018752,0.007117,0.000284,0.006833,0.310227,0.068708,0.241519
PBH.TO,2016-03-10,4,streak_4,0.04598,-0.00103,0.047011,0.144147,0.006362,0.137785,0.22708,0.000284,0.226797,0.205642,0.068708,0.136934
OR.TO,2016-03-14,4,streak_4,-0.014366,-0.003291,-0.011075,-0.062251,-0.001841,-0.060409,0.031125,0.004393,0.026732,0.164405,0.038123,0.126282
DOO.TO,2016-03-18,4,streak_4,0.17947,-0.009118,0.188588,0.222517,-0.019323,0.241839,0.260927,0.007231,0.253696,0.316556,0.019169,0.297388
NFI.TO,2016-03-23,4,streak_4,0.027671,-0.008449,0.036119,0.080231,0.000778,0.079453,0.177581,0.028732,0.148849,0.306626,0.038448,0.268178
DOL.TO,2016-03-30,5,streak_5plus,0.074588,0.005795,0.068793,0.097826,-0.009049,0.106876,0.085832,0.034373,0.051459,0.064843,0.019633,0.045209
BB.TO,2016-04-01,2,streak_2,-0.075901,-0.004002,-0.0719,-0.128083,-0.016896,-0.111188,-0.159393,0.033873,-0.193266,-0.182163,0.040187,-0.22235
MRU.TO,2016-04-20,7,streak_5plus,0.025056,0.003173,0.021883,0.004176,-0.004175,0.008351,0.015033,-0.002978,0.018012,0.140869,0.047399,0.093469
WPK.TO,2016-04-20,2,streak_2,0.013232,0.003173,0.010059,-0.068702,-0.004175,-0.064527,0.031043,-0.002978,0.034021,-0.024682,0.047399,-0.072081
CNR.TO,2016-04-25,6,streak_5plus,-0.008163,-0.005622,-0.002541,-0.07418,0.005586,-0.079766,-0.081484,0.005687,-0.087171,0.002434,0.052379,-0.049944
TECK-B.TO,2016-04-26,2,streak_2,0.048175,0.000971,0.047204,0.106569,0.005045,0.101524,-0.035766,0.018679,-0.054446,0.186861,0.050892,0.13597
TRI.TO,2016-04-26,4,streak_4,0.014511,0.000971,0.01354,-0.001751,0.005045,-0.006796,0.057293,0.018679,0.038614,0.117338,0.050892,0.066446
FN.TO,2016-04-26,2,streak_2,0.0,0.000971,-0.000971,0.084883,0.005045,0.079838,0.152789,0.018679,0.13411,0.215845,0.050892,0.164953
CIGI.TO,2016-04-26,4,streak_4,0.059866,0.000971,0.058895,0.097687,0.005045,0.092643,0.093149,0.018679,0.07447,0.041928,0.050892,-0.008964
ABX.TO,2016-04-26,3,streak_3,0.014277,0.000971,0.013306,0.16946,0.005045,0.164415,0.098076,0.018679,0.079396,0.280571,0.050892,0.22968
ACO-Y.TO,2016-04-27,2,streak_2,0.041556,0.00567,0.035886,0.074046,-0.007365,0.081411,0.116736,0.017365,0.099371,0.251606,0.05363,0.197975
ACO-X.TO,2016-04-27,2,streak_2,0.047692,0.00567,0.042022,0.076307,-0.007365,0.083671,0.115223,0.017365,0.097858,0.253338,0.05363,0.199708
QSR.TO,2016-04-28,4,streak_4,0.008743,-9.4e-05,0.008837,0.031976,-0.018412,0.050388,0.040719,0.015661,0.025058,0.085436,0.047438,0.037998
AEM.TO,2016-04-28,5,streak_5plus,0.040439,-9.4e-05,0.040532,0.078593,-0.018412,0.097005,0.104409,0.015661,0.088748,0.383596,0.047438,0.336158
FM.TO,2016-04-28,3,streak_3,-0.017448,-9.4e-05,-0.017355,-0.003272,-0.018412,0.01514,-0.04362,0.015661,-0.059282,0.115594,0.047438,0.068157
TRP.TO,2016-04-29,4,streak_4,0.002198,0.004688,-0.00249,-0.007221,-0.01832,0.011099,0.041758,0.014424,0.027334,0.17237,0.047982,0.124388
MRE.TO,2016-05-03,2,streak_2,-0.014925,-0.011388,-0.003538,-0.06592,-0.021766,-0.044154,-0.044776,0.014273,-0.059049,-0.095771,0.044095,-0.139866
WTE.TO,2016-05-03,2,streak_2,-0.066138,-0.011388,-0.05475,0.002645,-0.021766,0.024412,-0.004409,0.014273,-0.018682,0.038801,0.044095,-0.005294
ARE.TO,2016-05-03,2,streak_2,-0.055312,-0.011388,-0.043924,-0.026339,-0.021766,-0.004573,0.057068,0.014273,0.042795,0.030729,0.044095,-0.013366
LNR.TO,2016-05-04,3,streak_3,-0.018061,-0.005522,-0.012538,0.01376,0.004924,0.008836,0.041711,0.031318,0.010393,-0.019351,0.058682,-0.078033
AP-UN.TO,2016-05-04,4,streak_4,-0.003008,-0.005522,0.002515,0.029073,0.004924,0.024148,0.018546,0.031318,-0.012772,0.1198,0.058682,0.061117
MFI.TO,2016-05-04,2,streak_2,0.067788,-0.005522,0.073311,0.133173,0.004924,0.128249,0.125,0.031318,0.093682,0.129327,0.058682,0.070645
FNV.TO,2016-05-04,2,streak_2,-0.028216,-0.005522,-0.022694,0.047631,0.004924,0.042707,-0.025239,0.031318,-0.056558,0.189361,0.058682,0.130678
IFC.TO,2016-05-04,2,streak_2,-0.038887,-0.005522,-0.033364,-0.029608,0.004924,-0.034533,-0.002456,0.031318,-0.033774,0.02647,0.058682,-0.032212
TOU.TO,2016-05-04,2,streak_2,0.011001,-0.005522,0.016523,0.075956,0.004924,0.071032,0.15715,0.031318,0.125832,0.199057,0.058682,0.140375
SHOP.TO,2016-05-04,4,streak_4,-0.025517,-0.005522,-0.019994,-0.120694,0.004924,-0.125618,-0.001786,0.031318,-0.033104,0.225057,0.058682,0.166375
MG.TO,2016-05-05,2,streak_2,0.015436,0.0,0.015436,0.023856,0.011458,0.012398,0.028347,0.043633,-0.015286,-0.019927,0.065786,-0.085713
CCL-B.TO,2016-05-05,5,streak_5plus,-0.041454,0.0,-0.041454,-0.073414,0.011458,-0.084872,-0.035201,0.043633,-0.078834,0.006253,0.065786,-0.059533
CR.TO,2016-05-05,2,streak_2,0.012526,0.0,0.012526,0.075157,0.011458,0.063698,0.250522,0.043633,0.206889,0.210856,0.065786,0.14507
AX-UN.TO,2016-05-05,2,streak_2,0.00936,0.0,0.00936,0.040562,0.011458,0.029103,0.035881,0.043633,-0.007751,0.073323,0.065786,0.007537
SNC.TO,2016-05-05,3,streak_3,0.007848,0.0,0.007848,0.136266,0.011458,0.124808,0.176932,0.043633,0.1333,0.277289,0.065786,0.211503
DII-B.TO,2016-05-06,4,streak_4,0.065869,0.005098,0.06077,0.190208,0.011429,0.178779,0.28045,0.047256,0.233193,0.32464,0.074589,0.250051
EMA.TO,2016-05-09,2,streak_2,-0.00751,-0.01005,0.00254,0.002372,0.003438,-0.001066,0.012648,0.048469,-0.035821,0.06917,0.076933,-0.007763
OR.TO,2016-05-09,5,streak_5plus,-0.0563,-0.01005,-0.04625,-0.0563,0.003438,-0.059738,-0.014075,0.048469,-0.062544,0.020777,0.076933,-0.056156
EIF.TO,2016-05-10,4,streak_4,0.024605,0.015586,0.009019,0.074985,0.024307,0.050678,0.076157,0.055243,0.020914,0.192736,0.091228,0.101508
INE.TO,2016-05-10,3,streak_3,0.001046,0.015586,-0.01454,0.023013,0.024307,-0.001295,0.026151,0.055243,-0.029092,0.023013,0.091228,-0.068216
AD-UN.TO,2016-05-10,3,streak_3,0.008082,0.015586,-0.007503,0.000735,0.024307,-0.023573,0.016165,0.055243,-0.039078,-0.164585,0.091228,-0.255813
PXT.TO,2016-05-10,4,streak_4,0.032258,0.015586,0.016672,0.109677,0.024307,0.08537,0.139785,0.055243,0.084542,0.091398,0.091228,0.00017
PEY.TO,2016-05-10,2,streak_2,0.01962,0.015586,0.004034,0.072533,0.024307,0.048225,0.181926,0.055243,0.126684,0.258621,0.091228,0.167393
SLF.TO,2016-05-10,2,streak_2,0.014316,0.015586,-0.00127,0.032472,0.024307,0.008165,0.074022,0.055243,0.01878,0.021997,0.091228,-0.069231
TOY.TO,2016-05-11,2,streak_2,-0.008576,0.000944,-0.00952,0.089623,0.010301,0.079322,0.066038,0.033742,0.032296,0.156089,0.07258,0.08351
TCN.TO,2016-05-11,5,streak_5plus,0.005935,0.000944,0.004991,0.074184,0.010301,0.063883,0.099407,0.033742,0.065665,0.155786,0.07258,0.083207
NFI.TO,2016-05-12,5,streak_5plus,-0.014305,-2.9e-05,-0.014276,0.091921,0.002741,0.08918,0.087682,0.018081,0.069602,0.194567,0.073099,0.121469
CTC-A.TO,2016-05-12,3,streak_3,0.04545,-2.9e-05,0.045479,0.008638,0.002741,0.005897,-0.009915,0.018081,-0.027995,0.032689,0.073099,-0.04041
ENB.TO,2016-05-12,2,streak_2,0.019183,-2.9e-05,0.019212,0.032682,0.002741,0.029941,0.054352,0.018081,0.036271,0.083837,0.073099,0.010738
AQN.TO,2016-05-12,3,streak_3,0.001433,-2.9e-05,0.001462,-0.015759,0.002741,-0.018501,0.025788,0.018081,0.007707,0.063037,0.073099,-0.010061
CTC.TO,2016-05-12,3,streak_3,0.0,-2.9e-05,2.9e-05,0.009875,0.002741,0.007134,0.0,0.018081,-0.018081,0.002987,0.073099,-0.070112
LAS-A.TO,2016-05-13,2,streak_2,-0.002993,-0.002843,-0.000149,-0.000544,0.00214,-0.002684,0.035571,0.014948,0.020623,0.228661,0.069605,0.159056
GCG.TO,2016-05-13,2,streak_2,0.0,-0.002843,0.002843,0.007757,0.00214,0.005618,0.094499,0.014948,0.079551,0.127645,0.069605,0.05804
GCG-A.TO,2016-05-13,2,streak_2,-0.007902,-0.002843,-0.005059,0.019397,0.00214,0.017257,0.078305,0.014948,0.063357,0.130747,0.069605,0.061142
CAE.TO,2016-05-19,2,streak_2,0.036825,-0.000629,0.037455,0.010158,0.016144,-0.005985,0.030096,0.005482,0.024614,0.164041,0.062903,0.101137
CM.TO,2016-05-26,6,streak_5plus,-0.010293,-0.00032,-0.009973,-0.013724,0.000697,-0.014422,0.005303,0.005529,-0.000226,-0.00156,0.040737,-0.042296
NA.TO,2016-06-01,2,streak_2,-0.007465,-0.000163,-0.007302,0.071938,0.021314,0.050623,0.02545,-0.002069,0.027518,0.106549,0.044015,0.062534
DOL.TO,2016-06-08,6,streak_5plus,0.019411,-0.003655,0.023066,-0.003012,-0.033511,0.030499,-0.021754,-0.016087,-0.005667,0.087684,0.030016,0.057668
MTY.TO,2016-07-07,2,streak_2,-0.008677,-0.006788,-0.001889,-0.024454,0.01846,-0.042914,-0.083881,0.029351,-0.113232,0.036813,0.026667,0.010146
CP.TO,2016-07-20,2,streak_2,0.055199,0.00062,0.054579,0.040012,0.001749,0.038263,0.043808,0.01178,0.032028,0.064252,0.021749,0.042503
TFII.TO,2016-07-21,2,streak_2,-0.002414,0.002216,-0.00463,0.028972,0.000888,0.028084,0.082086,0.010589,0.071497,0.113472,0.021626,0.091846
CLS.TO,2016-07-21,2,streak_2,0.001522,0.002216,-0.000693,0.137747,0.000888,0.13686,0.0586,0.010589,0.04801,0.049467,0.021626,0.027841
CNR.TO,2016-07-25,7,streak_5plus,0.009,-0.007027,0.016027,-0.005714,-0.001233,-0.004481,0.011143,0.011239,-9.6e-05,0.059571,0.022074,0.037497
CIGI.TO,2016-07-26,5,streak_5plus,0.062435,0.00358,0.058855,0.109728,-0.001455,0.111184,0.135449,0.008836,0.126613,0.109936,0.025693,0.084243
FM.TO,2016-07-27,4,streak_4,-0.007759,-0.000241,-0.007519,0.077595,-0.002605,0.080199,0.034918,0.005546,0.029371,0.165858,0.017704,0.148154
CU.TO,2016-07-27,2,streak_2,-0.012302,-0.000241,-0.012061,0.011508,-0.002605,0.014113,0.003175,0.005546,-0.002372,-0.035317,0.017704,-0.053022
CU-X.TO,2016-07-27,2,streak_2,-0.00647,-0.000241,-0.00623,0.012581,-0.002605,0.015186,0.001797,0.005546,-0.003749,-0.030194,0.017704,-0.047899
UNS.TO,2016-07-27,2,streak_2,-0.003242,-0.000241,-0.003001,-0.074565,-0.002605,-0.07196,-0.098733,0.005546,-0.104279,-0.110764,0.017704,-0.128468
ACO-Y.TO,2016-07-27,3,streak_3,-0.00815,-0.000241,-0.007909,0.02626,-0.002605,0.028865,0.031391,0.005546,0.025845,-0.002113,0.017704,-0.019817
ACO-X.TO,2016-07-27,3,streak_3,-0.001522,-0.000241,-0.001282,0.023744,-0.002605,0.026349,0.034703,0.005546,0.029157,-0.003044,0.017704,-0.020749
IFC.TO,2016-07-27,3,streak_3,0.011837,-0.000241,0.012077,0.000532,-0.002605,0.003137,0.002394,0.005546,-0.003152,-0.018221,0.017704,-0.035925
TRI.TO,2016-07-28,5,streak_5plus,-0.027203,0.000426,-0.027629,-0.05643,-0.001217,-0.055213,-0.049685,0.006421,-0.056106,-0.066547,0.01975,-0.086297
AEM.TO,2016-07-28,6,streak_5plus,0.03253,0.000426,0.032103,0.07926,-0.001217,0.080477,-0.055812,0.006421,-0.062233,-0.096433,0.01975,-0.116184
MFI.TO,2016-07-28,3,streak_3,0.041308,0.000426,0.040882,-0.001291,-0.001217,-7.4e-05,-0.006454,0.006421,-0.012875,0.041738,0.01975,0.021988
MAXR.TO,2016-07-28,2,streak_2,-0.00598,0.000426,-0.006407,0.008912,-0.001217,0.010129,0.025211,0.006421,0.01879,-0.100574,0.01975,-0.120325
TRP.TO,2016-07-28,5,streak_5plus,0.015226,0.000426,0.014799,0.01876,-0.001217,0.019977,0.012507,0.006421,0.006086,0.042142,0.01975,0.022392
IFP.TO,2016-07-28,2,streak_2,-0.020394,0.000426,-0.02082,0.094937,-0.001217,0.096153,0.061181,0.006421,0.054761,0.090014,0.01975,0.070263
OGC.TO,2016-07-28,2,streak_2,-0.029197,0.000426,-0.029623,-0.010219,-0.001217,-0.009002,-0.075182,0.006421,-0.081603,-0.154015,0.01975,-0.173765
AC.TO,2016-07-29,2,streak_2,-0.047669,0.002061,-0.049731,-0.040254,0.006604,-0.046858,-0.064619,0.008885,-0.073504,0.345339,0.015983,0.329356
CJ.TO,2016-08-02,2,streak_2,-0.036961,-0.007248,-0.029713,0.045175,0.011856,0.033318,-0.024641,0.007008,-0.031649,0.026694,0.01403,0.012664
SAP.TO,2016-08-02,3,streak_3,0.012991,-0.007248,0.020239,0.065264,0.011856,0.053408,0.102072,0.007008,0.095064,0.232911,0.01403,0.21888
X.TO,2016-08-03,2,streak_2,0.023464,0.002425,0.021039,0.073743,0.022394,0.051349,-0.001117,0.008358,-0.009475,0.097207,0.020812,0.076394
SHOP.TO,2016-08-03,5,streak_5plus,0.092875,0.002425,0.090451,0.157523,0.022394,0.135129,0.238334,0.008358,0.229976,0.250626,0.020812,0.229814
AP-UN.TO,2016-08-03,5,streak_5plus,-0.002233,0.002425,-0.004658,-0.022778,0.022394,-0.045172,-0.062081,0.008358,-0.070439,-0.07548,0.020812,-0.096292
ARE.TO,2016-08-03,3,streak_3,-0.006814,0.002425,-0.009239,0.087734,0.022394,0.06534,0.07155,0.008358,0.063192,0.005963,0.020812,-0.01485
CTC.TO,2016-08-04,4,streak_4,0.015414,0.001151,0.014263,0.03584,0.018116,0.017724,0.03609,0.011838,0.024252,0.013283,0.005692,0.007591
GBT.TO,2016-08-04,2,streak_2,0.000962,0.001151,-0.000189,0.001923,0.018116,-0.016193,0.002885,0.011838,-0.008954,0.045192,0.005692,0.0395
CTC-A.TO,2016-08-04,4,streak_4,0.044264,0.001151,0.043113,0.043966,0.018116,0.02585,-0.009627,0.011838,-0.021465,-0.055677,0.005692,-0.061369
SNC.TO,2016-08-04,4,streak_4,0.0311,0.001151,0.029949,0.011135,0.018116,-0.006981,0.008063,0.011838,-0.003775,-0.06316,0.005692,-0.068852
CNQ.TO,2016-08-04,2,streak_2,0.000805,0.001151,-0.000346,0.035398,0.018116,0.017282,0.034594,0.011838,0.022755,0.076428,0.005692,0.070736
QSR.TO,2016-08-04,5,streak_5plus,0.030902,0.001151,0.029751,0.055215,0.018116,0.037099,0.088389,0.011838,0.076551,0.019541,0.005692,0.013849
QBR-B.TO,2016-08-04,2,streak_2,-0.014066,0.001151,-0.015217,0.018542,0.018116,0.000426,0.003197,0.011838,-0.008642,-0.070972,0.005692,-0.076664
CCL-B.TO,2016-08-04,6,streak_5plus,0.048251,0.001151,0.0471,0.025814,0.018116,0.007698,0.077201,0.011838,0.065363,0.025573,0.005692,0.019881
POU.TO,2016-08-05,2,streak_2,0.054583,0.008259,0.046323,0.006179,0.018398,-0.012219,0.15551,0.01837,0.137139,0.122554,0.003758,0.118796
FSZ.TO,2016-08-05,2,streak_2,0.00692,0.008259,-0.001339,0.008651,0.018398,-0.009747,0.00692,0.01837,-0.01145,-0.048443,0.003758,-0.052201
MG.TO,2016-08-05,3,streak_3,0.05441,0.008259,0.046151,0.069015,0.018398,0.050617,0.077606,0.01837,0.059236,0.066724,0.003758,0.062966
CAS.TO,2016-08-05,2,streak_2,0.015782,0.008259,0.007522,-0.017217,0.018398,-0.035615,0.225251,0.01837,0.206881,0.347202,0.003758,0.343444
FNV.TO,2016-08-08,3,streak_3,0.00906,0.007291,0.001769,-0.007641,0.006738,-0.014379,-0.03897,0.011209,-0.050179,-0.108285,-0.009523,-0.098762
CAE.TO,2016-08-10,3,streak_3,0.014773,-0.00177,0.016543,0.027841,-0.006608,0.034449,0.064205,0.000142,0.064063,0.100832,-0.009756,0.110588
NFI.TO,2016-08-10,6,streak_5plus,-0.007376,-0.00177,-0.005606,0.027361,-0.006608,0.033969,0.02284,0.000142,0.022699,-0.088696,-0.009756,-0.07894
KEL.TO,2016-08-10,2,streak_2,0.010753,-0.00177,0.012523,0.07957,-0.006608,0.086177,0.249462,0.000142,0.249321,0.260215,-0.009756,0.269971
LNR.TO,2016-08-10,4,streak_4,-0.009587,-0.00177,-0.007817,0.049851,-0.006608,0.056458,0.05539,0.000142,0.055248,-0.026843,-0.009756,-0.017087
PAAS.TO,2016-08-11,2,streak_2,-0.001318,0.001428,-0.002746,0.022837,-0.005239,0.028076,-0.107159,-0.015905,-0.091253,-0.131313,-0.001022,-0.130291
AQN.TO,2016-08-11,4,streak_4,0.002703,0.001428,0.001275,0.028378,-0.005239,0.033617,0.001351,-0.015905,0.017257,-0.051351,-0.001022,-0.050329
TXG.TO,2016-08-11,2,streak_2,0.086797,0.001428,0.085369,0.204119,-0.005239,0.209358,0.153733,-0.015905,0.169638,-0.154836,-0.001022,-0.153814
HWO.TO,2016-08-12,2,streak_2,0.007519,-0.003285,0.010803,-0.088346,-0.006786,-0.08156,0.022556,-0.013449,0.036006,0.265038,-0.003501,0.268539
BYD.TO,2016-08-12,2,streak_2,0.046648,-0.003285,0.049933,0.071475,-0.006786,0.078261,0.067947,-0.013449,0.081397,0.103881,-0.003501,0.107382
LAS-A.TO,2016-08-12,3,streak_3,0.033703,-0.003285,0.036988,0.008297,-0.006786,0.015083,0.014534,-0.013449,0.027984,-0.020485,-0.003501,-0.016984
RY-PZ.TO,2016-08-24,2,streak_2,0.006772,-0.009387,0.016159,0.003762,-0.005411,0.009174,-0.014296,0.002194,-0.016491,0.005267,0.02273,-0.017463
RY.TO,2016-08-24,2,streak_2,-0.004471,-0.009387,0.004916,-0.005331,-0.005411,8e-05,-0.004127,0.002194,-0.006322,0.096303,0.02273,0.073573
TD.TO,2016-08-25,2,streak_2,-0.001025,0.000308,-0.001333,0.016654,-0.001928,0.018582,0.010505,0.004902,0.005603,0.121701,0.031088,0.090613
CM.TO,2016-08-25,7,streak_5plus,0.012496,0.000308,0.012188,0.020619,-0.001928,0.022547,0.003124,0.004902,-0.001778,0.045298,0.031088,0.01421
NA.TO,2016-08-31,3,streak_3,-0.031279,-0.005918,-0.025361,0.0,0.00762,-0.00762,-0.00828,0.004746,-0.013026,0.066237,0.021444,0.044794
DOL.TO,2016-09-01,7,streak_5plus,0.044395,0.005884,0.03851,0.029064,0.014064,0.015001,0.057809,0.008762,0.049048,0.031939,0.033217,-0.001278
RET-A.V,2016-09-08,2,streak_2,-0.00648,0.000439,-0.006919,0.211663,-0.029081,0.240744,0.488121,-0.013604,0.501725,0.34227,0.022235,0.320035
MTY.TO,2016-10-12,3,streak_3,0.013396,0.00477,0.008626,0.059102,0.013932,0.04517,0.123457,0.014454,0.109003,0.12083,0.064737,0.056093
ALA.TO,2016-10-20,2,streak_2,0.042206,0.000499,0.041708,0.021103,-0.002217,0.02332,-0.032134,-0.00097,-0.031164,-0.023981,0.038361,-0.062342
TFII.TO,2016-10-20,3,streak_3,-0.011149,0.000499,-0.011648,-0.020583,-0.002217,-0.018366,0.1994,-0.00097,0.20037,0.259005,0.038361,0.220644
CLS.TO,2016-10-20,3,streak_3,0.005102,0.000499,0.004603,0.151604,-0.002217,0.15382,0.216472,-0.00097,0.217443,0.163265,0.038361,0.124904
PD.TO,2016-10-21,2,streak_2,0.04065,0.006136,0.034515,0.037398,-0.00095,0.038348,0.026016,0.001084,0.024932,0.258537,0.047145,0.211392
QSR.TO,2016-10-24,6,streak_5plus,-0.044896,-0.001071,-0.043825,-0.068827,-0.010289,-0.058538,0.002541,0.006754,-0.004213,0.029225,0.036221,-0.006996
CPX.TO,2016-10-24,2,streak_2,0.011254,-0.001071,0.012325,-0.007235,-0.010289,0.003054,-0.01045,0.006754,-0.017204,0.165595,0.036221,0.129374
CNR.TO,2016-10-25,8,streak_5plus,-0.001618,-0.003511,0.001893,-0.039773,-0.009093,-0.03068,0.013213,0.011888,0.001325,0.072266,0.046083,0.026183
UNS.TO,2016-10-26,3,streak_3,-0.013442,-0.004237,-0.009206,-0.009836,-0.006207,-0.003629,-0.004918,0.014142,-0.01906,-0.010634,0.051995,-0.062629
AEM.TO,2016-10-26,7,streak_5plus,-0.027483,-0.004237,-0.023247,0.045087,-0.006207,0.051294,-0.188073,0.014142,-0.202215,-0.093408,0.051995,-0.145403
SPB.TO,2016-10-27,2,streak_2,0.0,0.001769,-0.001769,0.028358,-0.014378,0.042736,0.059701,0.018072,0.04163,0.147761,0.05456,0.093201
ELD.TO,2016-10-28,2,streak_2,0.0,-0.00327,0.00327,-0.002249,-0.01688,0.014631,-0.195682,0.016287,-0.211969,0.013495,0.050021,-0.036526
TRI.TO,2016-11-01,6,streak_5plus,0.039566,-0.000609,0.040174,0.048733,-0.009116,0.057849,0.111218,0.01437,0.096848,0.112425,0.040487,0.071937
TRP.TO,2016-11-01,6,streak_5plus,-0.00211,-0.000609,-0.001502,-0.038248,-0.009116,-0.029133,-0.004221,0.01437,-0.018591,0.01952,0.040487,-0.020968
BTO.TO,2016-11-02,2,streak_2,-0.016181,-0.012424,-0.003758,-0.087379,-0.008222,-0.079157,-0.168285,0.020611,-0.188896,0.058252,0.042231,0.016022
CCA.TO,2016-11-02,2,streak_2,-0.003995,-0.012424,0.008429,0.001553,-0.008222,0.009775,0.046161,0.020611,0.025549,0.170661,0.042231,0.12843
IAG.TO,2016-11-02,2,streak_2,0.000789,-0.012424,0.013212,0.029443,-0.008222,0.037664,0.126183,0.020611,0.105572,0.086488,0.042231,0.044257
LNR.TO,2016-11-02,5,streak_5plus,-0.024795,-0.012424,-0.012371,-0.063934,-0.008222,-0.055713,-0.045492,0.020611,-0.066103,0.066393,0.042231,0.024163
MG.TO,2016-11-03,4,streak_4,-0.021539,-0.000774,-0.020765,-0.052797,0.011319,-0.064117,0.055162,0.029655,0.025507,0.049645,0.055116,-0.00547
IFP.TO,2016-11-03,3,streak_3,0.017194,-0.000774,0.017968,-0.059147,0.011319,-0.070466,0.00619,0.029655,-0.023465,-0.033012,0.055116,-0.088128
FIH-U.TO,2016-11-03,2,streak_2,0.007162,-0.000774,0.007936,0.022381,0.011319,0.011062,0.033124,0.029655,0.00347,0.01701,0.055116,-0.038106
SAP.TO,2016-11-03,4,streak_4,0.002534,-0.000774,0.003308,0.008614,0.011319,-0.002705,-0.068153,0.029655,-0.097808,-0.022802,0.055116,-0.077918
TXG.TO,2016-11-03,3,streak_3,0.003705,-0.000774,0.004479,-0.053932,0.011319,-0.065251,-0.160148,0.029655,-0.189803,0.216138,0.055116,0.161022
AIF.TO,2016-11-03,2,streak_2,0.002865,-0.000774,0.00364,0.040115,0.011319,0.028795,0.077773,0.029655,0.048119,0.089644,0.055116,0.034528
X.TO,2016-11-03,3,streak_3,0.006218,-0.000774,0.006992,0.047668,0.011319,0.036349,0.123316,0.029655,0.093661,0.143005,0.055116,0.087889
OVV.TO,2016-11-03,2,streak_2,0.055991,-0.000774,0.056765,0.137627,0.011319,0.126308,0.360219,0.029655,0.330565,0.328113,0.055116,0.272997
SNC.TO,2016-11-03,5,streak_5plus,0.03791,-0.000774,0.038684,0.059426,0.011319,0.048107,0.111885,0.029655,0.082231,0.081557,0.055116,0.026442
FTS.TO,2016-11-04,2,streak_2,0.013276,-0.005081,0.018357,-0.040491,0.011033,-0.051524,-0.053435,0.032167,-0.085602,-0.011284,0.061234,-0.072518
AC.TO,2016-11-07,3,streak_3,0.074539,0.00987,0.06467,0.083752,0.003177,0.080575,0.190955,0.040381,0.150574,0.130653,0.06531,0.065343
FNV.TO,2016-11-07,4,streak_4,-0.034276,0.00987,-0.044145,-0.141143,0.003177,-0.144321,-0.152773,0.040381,-0.193154,-0.014812,0.06531,-0.080122
AIM-PC.TO,2016-11-08,2,streak_2,-0.004323,0.000293,-0.004616,0.040346,-0.003685,0.044031,0.024496,0.032302,-0.007806,0.221902,0.057758,0.164144
AIM.TO,2016-11-08,2,streak_2,-0.006964,0.000293,-0.007257,0.043176,-0.003685,0.046861,0.162953,0.032302,0.130651,0.278596,0.057758,0.220838
POU.TO,2016-11-09,3,streak_3,-0.004509,0.007034,-0.011543,0.109107,0.006775,0.102332,0.250676,0.03964,0.211036,0.192065,0.061214,0.130851
ATS.TO,2016-11-09,2,streak_2,-0.115212,0.007034,-0.122246,-0.076508,0.006775,-0.083283,-0.021602,0.03964,-0.061242,0.134113,0.061214,0.072899
CCL-B.TO,2016-11-09,7,streak_5plus,0.010092,0.007034,0.003057,-0.063131,0.006775,-0.069906,-0.047172,0.03964,-0.086812,0.121333,0.061214,0.060119
EFX.TO,2016-11-09,2,streak_2,0.004248,0.007034,-0.002786,0.150382,0.006775,0.143607,0.270178,0.03964,0.230538,0.278675,0.061214,0.217461
AQN.TO,2016-11-10,5,streak_5plus,-0.034188,-0.001057,-0.033131,-0.034188,-0.001809,-0.032379,-0.001424,0.036267,-0.037692,0.066952,0.05809,0.008862
PRMW.TO,2016-11-10,2,streak_2,0.051887,-0.001057,0.052944,-0.088275,-0.001809,-0.086466,-0.219677,0.036267,-0.255944,-0.194744,0.05809,-0.252834
EQB.TO,2016-11-10,2,streak_2,0.018214,-0.001057,0.019271,0.015993,-0.001809,0.017802,0.190582,0.036267,0.154315,0.141715,0.05809,0.083625
CTC.TO,2016-11-10,5,streak_5plus,0.005302,-0.001057,0.006359,-0.010415,-0.001809,-0.008606,-0.007827,0.036267,-0.044094,0.018937,0.05809,-0.039153
HWO.TO,2016-11-10,3,streak_3,0.013554,-0.001057,0.014611,-0.028614,-0.001809,-0.026805,0.012048,0.036267,-0.024219,0.266566,0.05809,0.208476
CTC-A.TO,2016-11-10,5,streak_5plus,0.042551,-0.001057,0.043608,0.045422,-0.001809,0.047231,0.084589,0.036267,0.048322,0.074131,0.05809,0.016041
GUD.TO,2016-11-10,2,streak_2,-0.006316,-0.001057,-0.005259,0.047368,-0.001809,0.049177,0.052632,0.036267,0.016364,0.126316,0.05809,0.068226
GBT.TO,2016-11-10,3,streak_3,0.013799,-0.001057,0.014856,-0.045078,-0.001809,-0.043269,-0.028519,0.036267,-0.064786,-0.022999,0.05809,-0.081089
PXT.TO,2016-11-10,5,streak_5plus,0.007765,-0.001057,0.008822,0.044866,-0.001809,0.046675,0.075928,0.036267,0.03966,0.042278,0.05809,-0.015812
LAS-A.TO,2016-11-11,4,streak_4,-0.002395,-0.012812,0.010417,0.034759,0.005548,0.029211,0.037563,0.038517,-0.000954,0.005024,0.066792,-0.061768
H.TO,2016-11-11,2,streak_2,0.002411,-0.012812,0.015223,0.022303,0.005548,0.016755,0.016878,0.038517,-0.021639,0.044605,0.066792,-0.022187
SII.TO,2016-11-11,2,streak_2,-0.059113,-0.012812,-0.046302,0.049877,0.005548,0.044329,0.182882,0.038517,0.144365,0.081897,0.066792,0.015105
PAAS.TO,2016-11-14,3,streak_3,0.004103,0.002961,0.001142,0.127198,0.021202,0.105996,0.12544,0.050311,0.075128,0.393318,0.082526,0.310792
L-PB.TO,2016-11-16,2,streak_2,0.0,-0.001552,0.001552,-0.0031,0.023333,-0.026433,-0.00186,0.029893,-0.031753,0.011159,0.073793,-0.062634
L.TO,2016-11-16,2,streak_2,0.033099,-0.001552,0.034651,0.067202,0.023333,0.043869,0.098295,0.029893,0.068402,0.061184,0.073793,-0.01261
BNS.TO,2016-11-29,2,streak_2,0.016247,-0.001039,0.017286,0.024371,0.005315,0.019057,0.053721,0.027085,0.026636,0.100629,0.038913,0.061716
CM.TO,2016-12-01,8,streak_5plus,0.022282,-0.003673,0.025955,0.045157,0.01027,0.034888,0.057338,0.021223,0.036115,0.137255,0.034847,0.102408
NA.TO,2016-12-02,4,streak_4,0.013617,0.001664,0.011953,0.070071,0.017814,0.052257,0.100142,0.03256,0.067582,0.167376,0.04008,0.127296
BMO.TO,2016-12-06,2,streak_2,0.027737,0.002027,0.02571,0.071208,0.012752,0.058456,0.088889,0.026558,0.062331,0.150527,0.026618,0.123909
TCL-B.TO,2016-12-06,2,streak_2,0.042591,0.002027,0.040564,0.175688,0.012752,0.162935,0.236025,0.026558,0.209467,0.241349,0.026618,0.214731
TCL-A.TO,2016-12-06,2,streak_2,0.037653,0.002027,0.035626,0.160245,0.012752,0.147493,0.221541,0.026558,0.194983,0.223292,0.026618,0.196675
DOL.TO,2016-12-07,8,streak_5plus,0.013296,0.007405,0.005892,0.000618,0.017156,-0.016538,-0.012678,0.017401,-0.030079,0.004638,0.024528,-0.019889
ENGH.TO,2016-12-15,2,streak_2,0.007565,0.001388,0.006177,0.017021,0.007153,0.009869,0.034515,0.016069,0.018447,0.21182,0.0193,0.192521
CCA.TO,2017-01-11,3,streak_3,0.000411,0.004227,-0.003815,0.045838,0.000979,0.044859,0.078314,0.008278,0.070036,0.122713,0.019739,0.102974
CGO.TO,2017-01-11,2,streak_2,0.004448,0.004227,0.000221,0.057821,0.000979,0.056842,0.109464,0.008278,0.101186,0.10724,0.019739,0.087501
MRU.TO,2017-01-24,2,streak_2,0.000571,0.008437,-0.007866,-0.022254,-0.004845,-0.017409,-0.017404,0.022616,-0.04002,0.04622,0.015013,0.031207
CNR.TO,2017-01-24,9,streak_5plus,0.005818,0.008437,-0.002619,-0.018338,-0.004845,-0.013493,0.0172,0.022616,-0.005416,0.101176,0.015013,0.086163
MX.TO,2017-01-25,2,streak_2,0.007269,0.00212,0.005149,0.067976,-0.014394,0.08237,0.094892,0.010922,0.08397,0.029273,0.008616,0.020657
CLS.TO,2017-01-26,4,streak_4,0.013358,-0.001809,0.015167,0.078324,-0.015431,0.093755,0.092896,-0.007051,0.099947,0.200972,0.000364,0.200607
IMO.TO,2017-01-31,2,streak_2,-0.00088,-0.00124,0.00036,-0.008795,0.003363,-0.012158,-0.037232,0.012632,-0.049865,-0.07212,0.011068,-0.083187
ATS.TO,2017-02-08,3,streak_3,-0.036697,0.003562,-0.040259,0.009174,0.01853,-0.009356,0.035933,-0.000129,0.036062,-0.059633,0.004542,-0.064175
SU.TO,2017-02-08,2,streak_2,-0.002762,0.003562,-0.006324,0.029696,0.01853,0.011166,0.006215,-0.000129,0.006345,0.069751,0.004542,0.065209
IFP.TO,2017-02-09,4,streak_4,0.026006,0.00407,0.021937,0.117647,0.018709,0.098938,0.094118,-0.003041,0.097159,0.179567,0.005092,0.174475
PD.TO,2017-02-09,3,streak_3,0.008322,0.00407,0.004252,0.001387,0.018709,-0.017322,-0.151179,-0.003041,-0.148138,-0.274619,0.005092,-0.279711
TRI.TO,2017-02-09,7,streak_5plus,-0.033161,0.00407,-0.037231,-0.000861,0.018709,-0.01957,-0.002153,-0.003041,0.000888,0.03553,0.005092,0.030438
MFC.TO,2017-02-09,2,streak_2,-0.004908,0.00407,-0.008978,0.018405,0.018709,-0.000304,-0.006135,-0.003041,-0.003094,0.000614,0.005092,-0.004478
IGM.TO,2017-02-10,2,streak_2,0.010509,0.007159,0.00335,0.042875,0.015809,0.027066,0.020177,-0.004642,0.024819,0.002102,-0.004271,0.006373
X.TO,2017-02-13,4,streak_4,0.018067,0.001748,0.016318,0.022584,0.006962,0.015622,-0.015357,-0.02222,0.006863,0.058717,-0.012156,0.070873
QSR.TO,2017-02-13,7,streak_5plus,0.044829,0.001748,0.043081,0.051514,0.006962,0.044552,0.087102,-0.02222,0.109322,0.212741,-0.012156,0.224897
PAAS.TO,2017-02-14,4,streak_4,0.001262,0.001866,-0.000604,-0.053429,0.010523,-0.063951,-0.160707,-0.014959,-0.145748,-0.117796,-0.008066,-0.109729
CSU.TO,2017-02-15,2,streak_2,0.005593,0.003737,0.001855,0.075922,0.0028,0.073122,0.103618,-0.014164,0.117783,0.159475,-0.015374,0.174849
ABX.TO,2017-02-15,2,streak_2,0.004022,0.003737,0.000285,0.036702,0.0028,0.033902,0.003519,-0.014164,0.017684,-0.083962,-0.015374,-0.068587
WFG.TO,2017-02-16,2,streak_2,-0.015966,0.001212,-0.017178,0.029622,-0.004026,0.033648,0.053992,-0.022373,0.076365,0.091597,-0.036056,0.127652
AIM.TO,2017-02-16,3,streak_3,0.002121,0.001212,0.000909,-0.008484,-0.004026,-0.004457,-0.064834,-0.022373,-0.042461,-0.668027,-0.036056,-0.631971
EQB.TO,2017-02-16,3,streak_3,-0.00841,0.001212,-0.009622,0.161315,-0.004026,0.165341,0.122706,-0.022373,0.145079,-0.18922,-0.036056,-0.153165
CIX.TO,2017-02-16,2,streak_2,-0.009625,0.001212,-0.010837,-0.04002,-0.004026,-0.035994,-0.054711,-0.022373,-0.032338,-0.065856,-0.036056,-0.029801
TRP.TO,2017-02-16,7,streak_5plus,0.000766,0.001212,-0.000445,-0.006132,-0.004026,-0.002105,-0.015585,-0.022373,0.006788,0.005365,-0.036056,0.041421
FTS.TO,2017-02-16,3,streak_3,0.023588,0.001212,0.022376,0.018937,-0.004026,0.022963,0.021927,-0.022373,0.0443,0.053821,-0.036056,0.089876
IAG.TO,2017-02-16,3,streak_3,0.007795,0.001212,0.006583,-0.007565,-0.004026,-0.003539,0.01215,-0.022373,0.034523,-0.12563,-0.036056,-0.089575
CTC.TO,2017-02-16,6,streak_5plus,0.011979,0.001212,0.010768,0.042511,-0.004026,0.046538,0.024082,-0.022373,0.046455,0.06819,-0.036056,0.104246
AIM-PC.TO,2017-02-16,3,streak_3,0.0,0.001212,-0.001212,0.022485,-0.004026,0.026512,0.080473,-0.022373,0.102846,-0.286391,-0.036056,-0.250335
OVV.TO,2017-02-16,3,streak_3,-0.024569,0.001212,-0.02578,-0.106025,-0.004026,-0.101999,-0.14551,-0.022373,-0.123137,-0.114361,-0.036056,-0.078305
CTC-A.TO,2017-02-16,6,streak_5plus,0.068779,0.001212,0.067567,0.080988,-0.004026,0.085014,0.055825,-0.022373,0.078198,0.05685,-0.036056,0.092905
AC.TO,2017-02-17,4,streak_4,-0.084722,-0.001614,-0.083108,-0.072222,-0.020846,-0.051377,-0.063889,-0.026594,-0.037294,0.144444,-0.037002,0.181446
RBA.TO,2017-02-21,2,streak_2,0.127119,0.005291,0.121828,0.113092,-0.023683,0.136774,0.030099,-0.033178,0.063278,0.046464,-0.023998,0.070462
TCN.TO,2017-02-22,2,streak_2,-0.010147,-0.005791,-0.004356,0.027058,-0.032859,0.059917,0.005637,-0.036044,0.041681,0.059752,-0.027979,0.087731
GCG-A.TO,2017-02-22,2,streak_2,-0.011253,-0.005791,-0.005463,-0.058312,-0.032859,-0.025453,-0.049105,-0.036044,-0.013061,0.068542,-0.027979,0.096522
EIF.TO,2017-02-22,2,streak_2,0.012195,-0.005791,0.017986,-0.038688,-0.032859,-0.005829,-0.046678,-0.036044,-0.010634,-0.12069,-0.027979,-0.09271
SSRM.TO,2017-02-23,4,streak_4,-0.00436,-0.003095,-0.001265,0.039971,-0.014561,0.054532,-0.024709,-0.025053,0.000344,-0.082122,-0.025944,-0.056178
CCL-B.TO,2017-02-23,8,streak_5plus,0.066448,-0.003095,0.069543,0.051682,-0.014561,0.066242,0.065628,-0.025053,0.090681,0.113823,-0.025944,0.139767
CM.TO,2017-02-23,9,streak_5plus,0.010011,-0.003095,0.013106,0.002107,-0.014561,0.016668,-0.002107,-0.025053,0.022946,-0.090885,-0.025944,-0.064941
LB.TO,2017-02-28,2,streak_2,-0.032773,-0.004158,-0.028615,0.005508,0.010754,-0.005246,-0.005784,0.008737,-0.01452,-0.106582,-0.00269,-0.103892
BMO.TO,2017-02-28,3,streak_3,0.022406,-0.004158,0.026564,0.048054,0.010754,0.0373,0.013709,0.008737,0.004972,-0.063532,-0.00269,-0.060842
BNS.TO,2017-02-28,3,streak_3,-0.027916,-0.004158,-0.023758,0.012065,0.010754,0.001311,-0.003075,0.008737,-0.011812,-0.026733,-0.00269,-0.024043
NA.TO,2017-03-01,5,streak_5plus,0.01738,0.01302,0.00436,0.03602,0.013611,0.022409,-0.000504,0.01678,-0.017284,-0.055416,-0.00174,-0.053675
LIF.TO,2017-03-02,2,streak_2,-0.064394,-0.004039,-0.060355,-0.085859,-0.006583,-0.079275,-0.018939,-0.00134,-0.0176,-0.109848,-0.016013,-0.093835
AQN.TO,2017-03-02,6,streak_5plus,0.023226,-0.004039,0.027264,0.020645,-0.006583,0.027229,0.056774,-0.00134,0.058114,0.16129,-0.016013,0.177303
SNC.TO,2017-03-02,6,streak_5plus,0.002725,-0.004039,0.006763,-0.009731,-0.006583,-0.003148,-0.035422,-0.00134,-0.034083,-0.041067,-0.016013,-0.025053
TCL-A.TO,2017-03-03,3,streak_3,0.046851,0.004621,0.04223,0.086022,-0.002568,0.08859,0.162826,0.000714,0.162112,0.160522,-0.004299,0.164822
TCL-B.TO,2017-03-03,3,streak_3,0.030418,0.004621,0.025797,0.073764,-0.002568,0.076332,0.148289,0.000714,0.147575,0.122433,-0.004299,0.126733
EDV.TO,2017-03-07,2,streak_2,0.019744,-0.001344,0.021087,0.097118,-0.005438,0.102557,0.147279,0.002514,0.144764,-0.0619,-0.014076,-0.047824
PXT.TO,2017-03-07,6,streak_5plus,0.002385,-0.001344,0.003728,-0.058029,-0.005438,-0.05259,0.029412,0.002514,0.026897,-0.050874,-0.014076,-0.036799
LNR.TO,2017-03-08,6,streak_5plus,0.013234,-0.007163,0.020397,0.013597,-0.014684,0.028281,-0.074692,0.002191,-0.076883,0.018673,-0.009238,0.027911
ENGH.TO,2017-03-09,3,streak_3,0.018353,-1.3e-05,0.018366,0.125783,0.001542,0.124241,0.032229,0.012919,0.019311,0.132498,-0.00806,0.140557
POU.TO,2017-03-09,4,streak_4,-0.013836,-1.3e-05,-0.013823,0.024596,0.001542,0.023054,0.120676,0.012919,0.107758,0.311299,-0.00806,0.319359
OR.TO,2017-03-15,2,streak_2,0.0265,0.009188,0.017313,0.052221,-0.004324,0.056545,0.056898,0.017478,0.03942,0.165238,1.3e-05,0.165225
GUD.TO,2017-03-16,3,streak_3,-0.000963,0.002674,-0.003637,-0.043353,-0.011108,-0.032245,-0.006744,0.000941,-0.007684,-0.067437,-0.022602,-0.044836
HWO.TO,2017-03-21,4,streak_4,-0.030189,-0.008367,-0.021822,-0.059119,0.004138,-0.063258,-0.108176,0.007162,-0.115338,-0.211321,-0.011417,-0.199904
FNV.TO,2017-03-22,5,streak_5plus,-0.022935,0.002312,-0.025247,-0.00564,0.018644,-0.024284,0.066174,0.020407,0.045766,0.095375,-0.010677,0.106052
DOO.TO,2017-03-24,2,streak_2,-0.012602,0.00059,-0.013192,0.109711,0.009408,0.100303,0.153076,0.018071,0.135005,0.370645,-0.013846,0.384491
LAS-A.TO,2017-03-27,5,streak_5plus,-0.014734,0.004112,-0.018846,0.04929,0.006806,0.042484,0.094022,0.019589,0.074433,0.125027,-0.007971,0.132998
DOL.TO,2017-03-30,9,streak_5plus,0.111799,-0.005033,0.116832,0.14184,-0.000932,0.142772,0.199133,-0.004566,0.203699,0.246206,-0.019288,0.265494
CCA.TO,2017-04-06,4,streak_4,0.004075,0.003465,0.00061,0.081312,0.000345,0.080967,0.129633,-0.0039,0.133533,0.135843,-0.036118,0.171962
CGO.TO,2017-04-06,3,streak_3,0.005652,0.003465,0.002188,0.105982,0.000345,0.105637,0.181583,-0.0039,0.185482,0.144842,-0.036118,0.180961
RCI-B.TO,2017-04-18,2,streak_2,0.006998,-0.003972,0.01097,0.025366,0.00176,0.023607,0.01815,-0.009028,0.027178,0.035207,-0.033121,0.068328
CLS.TO,2017-04-20,5,streak_5plus,-0.008808,0.004674,-0.013483,0.024871,0.006211,0.01866,-0.040933,-0.017727,-0.023206,-0.098964,-0.019816,-0.079147
WFG.TO,2017-04-24,3,streak_3,-0.028879,0.006276,-0.035156,0.056989,-0.001819,0.058808,0.020601,-0.008812,0.029413,0.103389,-0.027628,0.131017
PD.TO,2017-04-24,4,streak_4,-0.03259,0.006276,-0.038866,-0.068611,-0.001819,-0.066792,-0.089194,-0.008812,-0.080382,-0.344768,-0.027628,-0.31714
MRU.TO,2017-04-25,3,streak_3,0.068448,0.002081,0.066367,0.108263,-0.008713,0.116976,0.072266,-0.018648,0.090914,0.014181,-0.037155,0.051336
FSV.TO,2017-04-26,2,streak_2,0.021449,-0.006078,0.027527,0.040971,-0.007971,0.048942,0.030182,-0.021245,0.051427,-0.03121,-0.034474,0.003264
QSR.TO,2017-04-26,8,streak_5plus,-0.029378,-0.006078,-0.0233,-0.021577,-0.007971,-0.013606,0.038672,-0.021245,0.059917,-0.024232,-0.034474,0.010242
TIH.TO,2017-04-26,2,streak_2,-0.010349,-0.006078,-0.004271,0.022383,-0.007971,0.030353,-0.044284,-0.021245,-0.023039,-0.003369,-0.034474,0.031105
CVE.TO,2017-04-26,2,streak_2,-0.017515,-0.006078,-0.011437,-0.062552,-0.007971,-0.054581,-0.129274,-0.021245,-0.10803,-0.301084,-0.034474,-0.26661
SU.TO,2017-04-26,3,streak_3,-0.014173,-0.006078,-0.008095,0.021753,-0.007971,0.029724,-0.000659,-0.021245,0.020585,-0.069875,-0.034474,-0.035401
CU.TO,2017-04-26,2,streak_2,0.000791,-0.006078,0.006869,0.022934,-0.007971,0.030905,0.060894,-0.021245,0.082138,0.085409,-0.034474,0.119883
CU-X.TO,2017-04-26,2,streak_2,0.0,-0.006078,0.006078,0.025659,-0.007971,0.03363,0.059515,-0.021245,0.08076,0.081967,-0.034474,0.116441
WCN.TO,2017-04-26,2,streak_2,-0.006915,-0.006078,-0.000837,0.039405,-0.007971,0.047376,0.032751,-0.021245,0.053995,-0.008873,-0.034474,0.025601
OGC.TO,2017-04-27,2,streak_2,0.023275,-0.009138,0.032413,0.064007,-0.006799,0.070806,0.080632,-0.014863,0.095495,-0.176226,-0.03055,-0.145676
WPK.TO,2017-04-27,2,streak_2,0.014437,-0.009138,0.023574,0.069597,-0.006799,0.076396,0.058608,-0.014863,0.073471,0.024995,-0.03055,0.055545
TRI.TO,2017-04-28,8,streak_5plus,0.039764,0.005133,0.034631,0.017673,-0.007081,0.024754,-0.009047,-0.005456,-0.003591,-0.029034,-0.02032,-0.008714
MRE.TO,2017-05-01,2,streak_2,0.054505,-0.000674,0.055179,0.041157,-0.000263,0.04142,0.081201,-0.013711,0.094912,-0.021135,-0.029347,0.008212
EQB.TO,2017-05-01,4,streak_4,0.297125,-0.000674,0.297798,0.263259,-0.000263,0.263522,0.367412,-0.013711,0.381123,0.52524,-0.029347,0.554586
CIGI.TO,2017-05-02,2,streak_2,0.067616,0.002831,0.064784,0.049526,0.004912,0.044614,0.056791,-0.014491,0.071282,-0.020166,-0.027716,0.00755
LIF.TO,2017-05-02,3,streak_3,-0.014785,0.002831,-0.017616,-0.025538,0.004912,-0.030449,-0.052419,-0.014491,-0.037929,-0.00672,-0.027716,0.020996
PSI.TO,2017-05-02,2,streak_2,0.001379,0.002831,-0.001452,0.014483,0.004912,0.009571,-0.025517,-0.014491,-0.011027,-0.082759,-0.027716,-0.055042
OVV.TO,2017-05-02,4,streak_4,-0.00201,0.002831,-0.004841,0.047404,0.004912,0.042492,-0.098157,-0.014491,-0.083667,-0.136683,-0.027716,-0.108967
ARX.TO,2017-05-03,2,streak_2,-0.004072,-0.004904,0.000832,0.020358,-0.003233,0.023591,0.023616,-0.00959,0.033206,-0.017101,-0.026736,0.009635
SSRM.TO,2017-05-03,5,streak_5plus,-0.019055,-0.004904,-0.014151,-0.086128,-0.003233,-0.082895,-0.076982,-0.00959,-0.067391,-0.115854,-0.026736,-0.089118
GIL.TO,2017-05-03,2,streak_2,-0.021188,-0.004904,-0.016284,0.013429,-0.003233,0.016662,0.029543,-0.00959,0.039134,-0.024769,-0.026736,0.001967
MFC.TO,2017-05-03,3,streak_3,0.002484,-0.004904,0.007389,0.017391,-0.003233,0.020624,-0.002484,-0.00959,0.007106,0.078261,-0.026736,0.104996
TOU.TO,2017-05-04,2,streak_2,-0.021529,-0.009419,-0.01211,0.066738,0.005797,0.060942,0.017223,-0.006453,0.023676,0.003767,-0.017854,0.021621
RBA.TO,2017-05-04,3,streak_3,-0.010136,-0.009419,-0.000717,-0.024006,0.005797,-0.029803,-0.036543,-0.006453,-0.03009,-0.218458,-0.017854,-0.200605
IFP.TO,2017-05-04,5,streak_5plus,-0.00413,-0.009419,0.005289,-0.01652,0.005797,-0.022317,-0.071244,-0.006453,-0.064791,0.0,-0.017854,0.017854
TA.TO,2017-05-05,2,streak_2,0.036913,0.012035,0.024878,0.003356,0.009996,-0.00664,0.110738,0.000851,0.109887,0.169463,-0.013295,0.182758
AC.TO,2017-05-05,5,streak_5plus,0.089914,0.012035,0.077879,0.286943,0.009996,0.276947,0.389367,0.000851,0.388516,0.681001,-0.013295,0.694296
TRP.TO,2017-05-05,8,streak_5plus,0.021335,0.012035,0.0093,0.011797,0.009996,0.001802,0.012801,0.000851,0.01195,0.036898,-0.013295,0.050193
SSL.TO,2017-05-08,3,streak_3,0.015945,0.004499,0.011447,0.084282,-0.00283,0.087113,0.123007,-0.007534,0.130541,0.088838,-0.020793,0.109631
FEC.TO,2017-05-08,2,streak_2,0.01945,0.004499,0.014951,0.110664,-0.00283,0.113494,-0.045607,-0.007534,-0.038073,-0.097921,-0.020793,-0.077128
NPI.TO,2017-05-09,2,streak_2,0.003734,-0.005296,0.00903,-0.001867,-0.001444,-0.000423,-0.01369,-0.017889,0.004199,-0.007467,-0.025281,0.017814
FNV.TO,2017-05-09,6,streak_5plus,0.006334,-0.005296,0.01163,0.063337,-0.001444,0.06478,0.102414,-0.017889,0.120303,0.005975,-0.025281,0.031256
ZZZ.TO,2017-05-09,2,streak_2,-0.009804,-0.005296,-0.004508,0.093137,-0.001444,0.094581,0.10014,-0.017889,0.118029,0.006653,-0.025281,0.031934
CCL-B.TO,2017-05-09,9,streak_5plus,-0.014149,-0.005296,-0.008853,-0.030598,-0.001444,-0.029154,0.032543,-0.017889,0.050432,-0.055005,-0.025281,-0.029724
LNR.TO,2017-05-10,7,streak_5plus,0.008321,0.004111,0.00421,0.09115,-0.001664,0.092813,0.068835,-0.009384,0.078219,0.171142,-0.022602,0.193745
HWO.TO,2017-05-10,5,streak_5plus,0.033846,0.004111,0.029735,0.123077,-0.001664,0.12474,0.050769,-0.009384,0.060153,-0.186154,-0.022602,-0.163551
KEL.TO,2017-05-10,2,streak_2,0.045317,0.004111,0.041207,0.089124,-0.001664,0.090787,-0.063444,-0.009384,-0.05406,-0.086103,-0.022602,-0.0635
TCN.TO,2017-05-10,3,streak_3,0.00558,0.004111,0.00147,0.054688,-0.001664,0.056351,0.098214,-0.009384,0.107598,-0.013393,-0.022602,0.009209
NFI.TO,2017-05-10,2,streak_2,0.011225,0.004111,0.007115,0.045837,-0.001664,0.047501,0.057437,-0.009384,0.066821,-0.00042,-0.022602,0.022182
PXT.TO,2017-05-10,7,streak_5plus,0.033445,0.004111,0.029334,0.061037,-0.001664,0.0627,-0.041806,-0.009384,-0.032422,-0.097826,-0.022602,-0.075224
CTC-A.TO,2017-05-11,7,streak_5plus,-0.059332,-0.005284,-0.054048,-0.084598,-0.022996,-0.061602,-0.102761,-0.010235,-0.092526,-0.094366,-0.035751,-0.058615
GUD.TO,2017-05-11,4,streak_4,-0.030505,-0.005284,-0.025222,-0.031459,-0.022996,-0.008463,-0.051478,-0.010235,-0.041243,-0.185891,-0.035751,-0.15014
GCG-A.TO,2017-05-11,3,streak_3,0.013507,-0.005284,0.018791,0.035697,-0.022996,0.058693,-0.027979,-0.010235,-0.017744,-0.057405,-0.035751,-0.021654
CTC.TO,2017-05-11,7,streak_5plus,0.038934,-0.005284,0.044217,0.016485,-0.022996,0.039481,0.140477,-0.010235,0.150712,0.11534,-0.035751,0.151091
MEG.TO,2017-05-11,2,streak_2,-0.046926,-0.005284,-0.041642,-0.056634,-0.022996,-0.033638,-0.26699,-0.010235,-0.256756,-0.223301,-0.035751,-0.18755
ZDC.V,2017-05-16,2,streak_2,-0.047619,-0.005515,-0.042104,0.095238,-0.009764,0.105002,0.095238,-0.029393,0.124631,-0.047619,-0.034019,-0.0136
ATS.TO,2017-05-18,4,streak_4,0.078397,0.000229,0.078168,0.13676,0.00897,0.12779,0.106272,-0.005316,0.111588,0.156794,-0.01572,0.172514
TD.TO,2017-05-25,2,streak_2,0.01549,-0.000571,0.01606,0.02164,-0.004514,0.026154,0.035535,-0.012945,0.04848,0.032802,-0.023107,0.055909
RY-PZ.TO,2017-05-25,2,streak_2,0.001982,-0.000571,0.002552,-0.00066,-0.004514,0.003853,0.02576,-0.012945,0.038704,0.040951,-0.023107,0.064058
CM.TO,2017-05-25,10,streak_5plus,-0.009852,-0.000571,-0.009282,-0.006375,-0.004514,-0.001861,0.007244,-0.012945,0.020189,0.024341,-0.023107,0.047448
RY.TO,2017-05-25,2,streak_2,0.007983,-0.000571,0.008554,0.003992,-0.004514,0.008505,0.01094,-0.012945,0.023885,0.000148,-0.023107,0.023255
LB.TO,2017-05-30,3,streak_3,-0.002466,-0.00321,0.000744,-0.00894,-0.000785,-0.008155,0.037608,-0.009123,0.046731,0.032984,-0.023985,0.056969
BNS.TO,2017-05-30,4,streak_4,0.00632,-0.00321,0.00953,0.008264,-0.000785,0.009049,0.040107,-0.009123,0.04923,0.02771,-0.023985,0.051696
NA.TO,2017-05-31,6,streak_5plus,0.005333,-0.001464,0.006797,0.006667,0.005998,0.000669,0.042933,-0.001093,0.044026,0.0568,-0.018845,0.075645
CAE.TO,2017-05-31,2,streak_2,-0.017117,-0.001464,-0.015653,0.002703,0.005998,-0.003295,0.017214,-0.001093,0.018307,-0.096714,-0.018845,-0.077868
DOO.TO,2017-06-01,3,streak_3,0.126943,0.007818,0.119125,0.118523,0.001446,0.117077,0.158679,-0.008893,0.167571,0.266192,-0.014124,0.280316
CWB.TO,2017-06-01,2,streak_2,0.036606,0.007818,0.028788,0.058791,0.001446,0.057345,0.135885,-0.008893,0.144777,0.192457,-0.014124,0.206581
DOL.TO,2017-06-07,10,streak_5plus,0.008199,-0.005981,0.01418,-0.039064,-0.005483,-0.033581,-0.055462,-0.024999,-0.030463,-0.047504,-0.026176,-0.021328
TCL-A.TO,2017-06-08,4,streak_4,0.040459,0.003318,0.037141,0.069454,-0.013141,0.082595,0.068105,-0.022437,0.090542,0.086986,-0.022612,0.109598
TCL-B.TO,2017-06-08,4,streak_4,0.033829,0.003318,0.030512,0.047361,-0.013141,0.060502,0.071042,-0.022437,0.093479,0.052097,-0.022612,0.07471
EMP-A.TO,2017-06-28,2,streak_2,0.099398,0.004869,0.094529,0.161446,-0.008383,0.169829,0.065663,-0.005876,0.071539,0.158434,0.021497,0.136937
CCA.TO,2017-07-13,5,streak_5plus,-0.018614,-0.000594,-0.01802,0.05418,0.00665,0.04753,0.11534,-0.007303,0.122643,0.130962,0.039501,0.091461
CGO.TO,2017-07-13,4,streak_4,-0.007353,-0.000594,-0.006759,0.106209,0.00665,0.09956,0.171977,-0.007303,0.17928,0.218546,0.039501,0.179045
RCI-B.TO,2017-07-20,3,streak_3,0.013438,0.001305,0.012133,0.011577,-0.004808,0.016386,0.003721,-0.01918,0.022902,0.039694,0.037607,0.002088
WFG.TO,2017-07-20,4,streak_4,-0.004803,0.001305,-0.006108,-0.03705,-0.004808,-0.032242,-0.04837,-0.01918,-0.02919,0.15506,0.037607,0.117454
OVV.TO,2017-07-21,5,streak_5plus,0.014006,-0.005339,0.019345,0.060824,-0.004795,0.06562,-0.07403,-0.020485,-0.053544,0.180072,0.038822,0.14125
WCN.TO,2017-07-25,3,streak_3,0.011721,0.004872,0.006849,0.013852,0.001005,0.012847,0.016383,-0.00433,0.020712,0.116676,0.05132,0.065356
L.TO,2017-07-26,2,streak_2,-0.037333,-0.002039,-0.035294,-0.053333,-2e-05,-0.053314,-0.062222,-0.008301,-0.053921,-0.038222,0.042914,-0.081136
ATH.TO,2017-07-26,2,streak_2,0.010309,-0.002039,0.012348,0.041237,-2e-05,0.041257,-0.020619,-0.008301,-0.012317,0.092784,0.042914,0.049869
AEM.TO,2017-07-26,2,streak_2,0.039126,-0.002039,0.041165,0.019355,-2e-05,0.019375,0.03642,-0.008301,0.044722,-0.008533,0.042914,-0.051447
CPX.TO,2017-07-26,2,streak_2,0.046667,-0.002039,0.048706,0.012667,-2e-05,0.012686,0.060667,-0.008301,0.068968,0.029333,0.042914,-0.013581
CFW.TO,2017-07-26,2,streak_2,0.059701,-0.002039,0.061741,-0.002985,-2e-05,-0.002965,0.00597,-0.008301,0.014271,0.376119,0.042914,0.333205
L-PB.TO,2017-07-26,2,streak_2,0.000598,-0.002039,0.002637,-0.002391,-2e-05,-0.002371,-0.007173,-0.008301,0.001129,0.002391,0.042914,-0.040523
TFII.TO,2017-07-27,2,streak_2,0.001559,0.001318,0.000241,-0.00039,0.006209,-0.006599,0.010916,-0.007606,0.018523,0.087719,0.047471,0.040248
MFI.TO,2017-07-27,2,streak_2,0.041304,0.001318,0.039985,0.047745,0.006209,0.041536,0.05305,-0.007606,0.060657,0.018947,0.047471,-0.028524
MEG.TO,2017-07-27,3,streak_3,0.103226,0.001318,0.101908,0.051613,0.006209,0.045404,0.015054,-0.007606,0.02266,0.116129,0.047471,0.068658
ALA.TO,2017-07-27,2,streak_2,-0.006803,0.001318,-0.008121,0.003663,0.006209,-0.002546,-0.044479,-0.007606,-0.036873,0.00314,0.047471,-0.044331
CVE.TO,2017-07-27,3,streak_3,0.094048,0.001318,0.092729,0.030952,0.006209,0.024743,-0.067857,-0.007606,-0.060251,0.216667,0.047471,0.169196
TRP.TO,2017-07-28,9,streak_5plus,-0.000981,-0.004127,0.003147,0.012748,3.9e-05,0.012709,-0.013974,-0.009176,-0.004798,-0.029909,0.050167,-0.080076
PD.TO,2017-07-31,5,streak_5plus,-0.039788,0.001005,-0.040793,0.02122,0.008547,0.012673,-0.175066,-0.003041,-0.172026,-0.015915,0.057778,-0.073693
CG.TO,2017-07-31,2,streak_2,-0.007042,0.001005,-0.008047,0.017606,0.008547,0.009059,0.107394,-0.003041,0.110435,0.332746,0.057778,0.274969
WCP.TO,2017-08-01,2,streak_2,0.0,0.003843,-0.003843,0.025455,0.007429,0.018026,-0.047273,-0.000713,-0.04656,0.014545,0.058221,-0.043676
BTE.TO,2017-08-01,2,streak_2,0.036145,0.003843,0.032301,0.006024,0.007429,-0.001405,-0.126506,-0.000713,-0.125793,0.012048,0.058221,-0.046173
CIGI.TO,2017-08-01,3,streak_3,0.033898,0.003843,0.030055,-0.027542,0.007429,-0.034971,-0.03859,-0.000713,-0.037876,0.125908,0.058221,0.067687
CJ.TO,2017-08-01,2,streak_2,-0.045283,0.003843,-0.049126,-0.120755,0.007429,-0.128183,-0.116981,-0.000713,-0.116268,0.056604,0.058221,-0.001618
AC.TO,2017-08-01,6,streak_5plus,0.096319,0.003843,0.092476,0.1059,0.007429,0.098471,0.174483,-0.000713,0.175196,0.288956,0.058221,0.230735
TRI.TO,2017-08-01,9,streak_5plus,0.053782,0.003843,0.049939,0.04307,0.007429,0.035641,0.010494,-0.000713,0.011207,0.064276,0.058221,0.006055
PKI.TO,2017-08-02,2,streak_2,0.0,0.004177,-0.004177,-0.027228,0.001,-0.028228,-0.000495,0.000645,-0.00114,-0.039109,0.054414,-0.093522
QSR.TO,2017-08-02,9,streak_5plus,0.010081,0.004177,0.005904,0.03838,0.001,0.03738,0.02706,0.000645,0.026416,0.124337,0.054414,0.069923
TOU.TO,2017-08-02,3,streak_3,-0.031672,0.004177,-0.035849,-0.080997,0.001,-0.081997,-0.117861,0.000645,-0.118506,-0.130841,0.054414,-0.185255
RUS.TO,2017-08-02,2,streak_2,-0.006553,0.004177,-0.01073,0.070773,0.001,0.069773,0.057012,0.000645,0.056367,0.174967,0.054414,0.120554
K.TO,2017-08-02,2,streak_2,0.008621,0.004177,0.004444,0.036638,0.001,0.035638,0.105603,0.000645,0.104959,-0.010776,0.054414,-0.065189
LIF.TO,2017-08-02,4,streak_4,-0.020633,0.004177,-0.02481,0.108666,0.001,0.107666,0.181568,0.000645,0.180923,0.280605,0.054414,0.226192
LNR.TO,2017-08-02,8,streak_5plus,0.002779,0.004177,-0.001398,0.012424,0.001,0.011425,0.030571,0.000645,0.029926,0.178192,0.054414,0.123778
ZZZ.TO,2017-08-02,3,streak_3,0.029393,0.004177,0.025216,-0.078165,0.001,-0.079165,-0.104005,0.000645,-0.10465,0.01615,0.054414,-0.038264
HCG.TO,2017-08-02,2,streak_2,0.011295,0.004177,0.007118,-0.024849,0.001,-0.025849,-0.005271,0.000645,-0.005916,0.015813,0.054414,-0.0386
ARX.TO,2017-08-03,3,streak_3,-0.052282,-0.004821,-0.047461,-0.045643,-0.012531,-0.033112,-0.017427,-0.004848,-0.01258,-0.024066,0.049091,-0.073157
AAV.TO,2017-08-03,2,streak_2,-0.032941,-0.004821,-0.02812,-0.030588,-0.012531,-0.018057,-0.054118,-0.004848,-0.04927,-0.149412,0.049091,-0.198503
GIL.TO,2017-08-03,3,streak_3,-0.001824,-0.004821,0.002998,0.015198,-0.012531,0.027729,0.03465,-0.004848,0.039498,-0.008207,0.049091,-0.057297
CR.TO,2017-08-03,2,streak_2,-0.050891,-0.004821,-0.046069,-0.066158,-0.012531,-0.053626,0.063613,-0.004848,0.068461,0.145038,0.049091,0.095947
MRE.TO,2017-08-08,3,streak_3,0.067599,-0.000105,0.067704,0.09324,-0.009051,0.102291,0.099068,-0.01299,0.112058,0.314685,0.054673,0.260012
KXS.TO,2017-08-08,2,streak_2,-0.008091,-0.000105,-0.007986,-0.153597,-0.009051,-0.144546,-0.084889,-0.01299,-0.071899,-0.102937,0.054673,-0.15761
FNV.TO,2017-08-08,7,streak_5plus,-0.004494,-0.000105,-0.004389,0.067763,-0.009051,0.076814,0.095553,-0.01299,0.108543,0.161779,0.054673,0.107106
NVA.TO,2017-08-08,2,streak_2,-0.006441,-0.000105,-0.006336,0.0,-0.009051,0.009051,0.099839,-0.01299,0.112829,0.388084,0.054673,0.333411
NFI.TO,2017-08-09,3,streak_3,-0.004312,-0.002563,-0.001749,0.004124,-0.010396,0.01452,-0.042182,-0.0152,-0.026982,0.023591,0.057379,-0.033788
BTO.TO,2017-08-09,3,streak_3,0.029167,-0.002563,0.03173,0.025,-0.010396,0.035396,0.1375,-0.0152,0.1527,0.079167,0.057379,0.021788
FTT.TO,2017-08-09,2,streak_2,0.088977,-0.002563,0.09154,0.066238,-0.010396,0.076634,0.087494,-0.0152,0.102694,0.24518,0.057379,0.187801
NPI.TO,2017-08-09,3,streak_3,-0.011285,-0.002563,-0.008722,0.052038,-0.010396,0.062433,0.028213,-0.0152,0.043413,0.057053,0.057379,-0.000326
MFC.TO,2017-08-09,4,streak_4,-0.01087,-0.002563,-0.008307,-0.03032,-0.010396,-0.019925,-0.084096,-0.0152,-0.068896,0.032037,0.057379,-0.025343
TCN.TO,2017-08-09,4,streak_4,0.0,-0.002563,0.002563,0.052036,-0.010396,0.062432,0.021493,-0.0152,0.036693,0.030543,0.057379,-0.026836
TA.TO,2017-08-09,3,streak_3,-0.002833,-0.002563,-0.00027,-0.028329,-0.010396,-0.017933,-0.063739,-0.0152,-0.048539,-0.072238,0.057379,-0.129617
KEY.TO,2017-08-09,2,streak_2,0.000431,-0.002563,0.002994,-0.064252,-0.010396,-0.053856,-0.063821,-0.0152,-0.04862,-0.025873,0.057379,-0.083252
SSRM.TO,2017-08-10,6,streak_5plus,0.124776,-0.009397,0.134173,0.078995,-0.008878,0.087873,0.11939,-0.015246,0.134635,-0.043088,0.058361,-0.101449
CTC-A.TO,2017-08-10,8,streak_5plus,0.057299,-0.009397,0.066696,0.076336,-0.008878,0.085214,0.023843,-0.015246,0.039089,0.11554,0.058361,0.057179
GCG-A.TO,2017-08-10,4,streak_4,0.0,-0.009397,0.009397,0.004606,-0.008878,0.013484,-0.057318,-0.015246,-0.042073,-0.037871,0.058361,-0.096232
LNF.TO,2017-08-10,2,streak_2,-0.015186,-0.009397,-0.005789,-0.003037,-0.008878,0.005841,-0.026576,-0.015246,-0.01133,0.002278,0.058361,-0.056083
EQB.TO,2017-08-10,5,streak_5plus,0.014107,-0.009397,0.023504,-0.022572,-0.008878,-0.013694,-0.101975,-0.015246,-0.086729,0.082225,0.058361,0.023864
CTC.TO,2017-08-10,8,streak_5plus,0.011237,-0.009397,0.020634,0.030476,-0.008878,0.039355,0.032703,-0.015246,0.047948,0.029151,0.058361,-0.02921
MG.TO,2017-08-11,2,streak_2,-0.031069,-0.002713,-0.028356,-0.011129,-0.0027,-0.008429,-0.00371,-0.002255,-0.001454,0.128449,0.066855,0.061593
PBH.TO,2017-08-14,2,streak_2,0.072709,0.005754,0.066956,0.105212,-0.005395,0.110606,0.120902,0.007317,0.113585,0.138554,0.066911,0.071643
ATS.TO,2017-08-16,5,streak_5plus,0.040404,-0.001033,0.041437,-0.008547,-0.007471,-0.001076,-0.02331,0.004961,-0.028271,0.158508,0.054001,0.104507
RY-PZ.TO,2017-08-23,3,streak_3,0.001271,0.005219,-0.003948,0.006989,0.00652,0.000469,0.020966,0.031358,-0.010392,0.102287,0.072853,0.029434
RY.TO,2017-08-23,3,streak_3,0.010909,0.005219,0.00569,0.009115,0.00652,0.002596,0.024208,0.031358,-0.00715,0.106695,0.072853,0.033842
CM.TO,2017-08-24,11,streak_5plus,-0.01867,0.000863,-0.019533,-0.022065,0.00464,-0.026705,0.016973,0.025957,-0.008984,0.079208,0.067077,0.012131
BNS.TO,2017-08-29,5,streak_5plus,0.001656,0.00204,-0.000384,-0.007096,0.002538,-0.009633,0.036424,0.037052,-0.000628,0.096026,0.065779,0.030248
LB.TO,2017-08-29,4,streak_4,0.020591,0.00204,0.018551,0.05103,0.002538,0.048492,0.128917,0.037052,0.091865,0.115786,0.065779,0.050008
NA.TO,2017-08-30,7,streak_5plus,0.033813,0.003342,0.030471,0.025233,-0.001518,0.026752,0.092859,0.035511,0.057348,0.157709,0.062781,0.094928
CWB.TO,2017-08-31,3,streak_3,0.010698,0.005207,0.00549,0.052558,-0.007176,0.059734,0.183721,0.033159,0.150562,0.257209,0.055151,0.202059
TD.TO,2017-08-31,3,streak_3,0.033326,0.005207,0.028119,0.021048,-0.007176,0.028224,0.082438,0.033159,0.049279,0.166192,0.055151,0.111041
DOO.TO,2017-09-01,4,streak_4,-0.016633,-0.001335,-0.015298,-0.043756,-0.014896,-0.02886,-0.009212,0.032415,-0.041627,0.138946,0.056245,0.0827
DOL.TO,2017-09-07,11,streak_5plus,0.106329,-0.002344,0.108673,0.109873,0.004449,0.105424,0.133418,0.047577,0.085841,0.257215,0.056833,0.200382
TCL-B.TO,2017-09-07,5,streak_5plus,0.027759,-0.002344,0.030103,0.103767,0.004449,0.099318,0.101124,0.047577,0.053547,0.1269,0.056833,0.070067
TCL-A.TO,2017-09-07,5,streak_5plus,0.061224,-0.002344,0.063568,0.103357,0.004449,0.098909,0.098749,0.047577,0.051172,0.119816,0.056833,0.062982
EMP-A.TO,2017-09-14,3,streak_3,0.145012,0.003034,0.141977,0.187355,0.017373,0.169982,0.147332,0.04498,0.102352,0.330626,0.065262,0.265365
CP.TO,2017-10-17,2,streak_2,-0.005846,0.000899,-0.006745,0.062023,0.00336,0.058663,0.037367,0.006986,0.03038,0.072954,0.0314,0.041554
RCI-B.TO,2017-10-19,4,streak_4,-0.01179,0.002268,-0.014058,0.004716,0.0046,0.000116,0.018275,0.009707,0.008568,-0.061898,0.031827,-0.093725
ALA.TO,2017-10-19,3,streak_3,0.044657,0.002268,0.042389,0.018607,0.0046,0.014007,0.035619,0.009707,0.025912,0.049442,0.031827,0.017615
CFP.TO,2017-10-20,2,streak_2,-0.001241,0.002478,-0.003719,0.059164,0.004653,0.054511,0.098055,0.011417,0.086638,0.172528,0.033854,0.138674
WFG.TO,2017-10-23,5,streak_5plus,0.030425,-8.8e-05,0.030513,0.044892,0.006073,0.038819,0.088591,0.009283,0.079308,0.150634,0.030951,0.119683
AC.TO,2017-10-25,7,streak_5plus,-0.012908,-0.003162,-0.009746,-0.029613,0.007576,-0.037189,-0.048975,0.010594,-0.059569,-0.134396,0.023835,-0.158232
AEM.TO,2017-10-25,3,streak_3,0.001472,-0.003162,0.004634,0.026277,0.007576,0.018701,0.017238,0.010594,0.006644,0.081984,0.023835,0.058149
WCN.TO,2017-10-25,4,streak_4,0.00501,-0.003162,0.008172,0.023259,0.007576,0.015682,-0.020635,0.010594,-0.031229,0.00334,0.023835,-0.020495
MFI.TO,2017-10-26,3,streak_3,0.026728,0.002321,0.024407,0.028637,0.011006,0.017631,0.046964,0.013844,0.03312,0.111493,0.022025,0.089468
CFW.TO,2017-10-26,3,streak_3,0.049892,0.002321,0.04757,0.136659,0.011006,0.125653,0.364425,0.013844,0.350581,0.557484,0.022025,0.535459
CPG.TO,2017-10-26,2,streak_2,-0.033248,0.002321,-0.035569,0.131714,0.011006,0.120707,0.025575,0.013844,0.011731,0.182864,0.022025,0.16084
QSR.TO,2017-10-26,10,streak_5plus,-0.024898,0.002321,-0.027219,-0.034917,0.011006,-0.045923,-0.029907,0.013844,-0.043752,-0.108092,0.022025,-0.130117
PD.TO,2017-10-27,6,streak_5plus,0.097643,0.003895,0.093748,0.26936,0.007765,0.261595,0.158249,0.013624,0.144626,0.592593,0.021873,0.570719
PSK.TO,2017-10-30,2,streak_2,0.028661,0.00309,0.025571,0.028269,0.004181,0.024088,-0.038869,0.005554,-0.044423,-0.075383,0.008851,-0.084234
CIGI.TO,2017-10-31,4,streak_4,0.078574,0.001425,0.077149,0.087707,0.005587,0.08212,0.135257,0.001675,0.133582,0.083213,-0.002956,0.086168
KXS.TO,2017-11-01,3,streak_3,-0.016322,0.000231,-0.016553,0.113011,0.006627,0.106384,0.120006,-0.003613,0.123619,0.28758,-0.004611,0.292191
TRI.TO,2017-11-01,10,streak_5plus,-0.055875,0.000231,-0.056106,-0.056902,0.006627,-0.063529,-0.047658,-0.003613,-0.044045,-0.110723,-0.004611,-0.106112
AAV.TO,2017-11-02,3,streak_3,0.004167,-0.000892,0.005059,-0.005556,0.004748,-0.010303,-0.1625,0.002383,-0.164883,-0.447222,-0.010506,-0.436717
GIL.TO,2017-11-02,4,streak_4,-0.007603,-0.000892,-0.006711,0.002433,0.004748,-0.002315,0.088808,0.002383,0.086425,0.095499,-0.010506,0.106005
CCA.TO,2017-11-02,6,streak_5plus,0.010497,-0.000892,0.011389,-0.068303,0.004748,-0.07305,0.010053,0.002383,0.00767,-0.159225,-0.010506,-0.14872
CNQ.TO,2017-11-02,2,streak_2,0.004772,-0.000892,0.005664,0.032038,0.004748,0.027291,-0.02863,0.002383,-0.031013,-0.051125,-0.010506,-0.040619
AIF.TO,2017-11-02,2,streak_2,-0.005632,-0.000892,-0.00474,-0.005006,0.004748,-0.009754,0.007509,0.002383,0.005126,-0.039424,-0.010506,-0.028919
WTE.TO,2017-11-02,2,streak_2,-0.008745,-0.000892,-0.007852,0.018114,0.004748,0.013366,0.00812,0.002383,0.005737,0.024984,-0.010506,0.03549
CGO.TO,2017-11-02,5,streak_5plus,0.004466,-0.000892,0.005358,0.007496,0.004748,0.002748,0.124402,0.002383,0.122019,-0.122967,-0.010506,-0.112461
CEE.TO,2017-11-02,2,streak_2,-0.27027,-0.000892,-0.269378,-0.301802,0.004748,-0.306549,-0.243243,0.002383,-0.245626,-0.108108,-0.010506,-0.097602
CVE.TO,2017-11-02,4,streak_4,0.027199,-0.000892,0.028091,0.113327,0.004748,0.10858,-0.054397,0.002383,-0.05678,-0.106074,-0.010506,-0.095569
BTE.TO,2017-11-02,3,streak_3,-0.017045,-0.000892,-0.016153,0.142045,0.004748,0.137298,0.164773,0.002383,0.16239,0.005682,-0.010506,0.016188
AGI.TO,2017-11-02,2,streak_2,0.023873,-0.000892,0.024765,-0.001326,0.004748,-0.006074,0.019894,0.002383,0.017511,-0.086207,-0.010506,-0.075701
FTS.TO,2017-11-03,2,streak_2,0.014319,0.000325,0.013994,0.027762,0.00419,0.023572,0.023086,0.001499,0.021587,-0.083285,-0.025539,-0.057746
LIF.TO,2017-11-06,5,streak_5plus,0.022876,0.004494,0.018381,0.044662,0.001192,0.04347,0.124183,-0.003196,0.127379,0.285403,-0.042784,0.328187
FNV.TO,2017-11-06,8,streak_5plus,0.057823,0.004494,0.053328,0.048347,0.001192,0.047155,-0.017444,-0.003196,-0.014248,-0.081404,-0.042784,-0.038621
IFC.TO,2017-11-07,2,streak_2,-0.001791,0.002461,-0.004252,-0.034471,-0.004095,-0.030376,-0.002238,-0.010968,0.00873,-0.059877,-0.045258,-0.014619
BHC.TO,2017-11-07,2,streak_2,0.172391,0.002461,0.169931,0.2035,-0.004095,0.207595,0.460143,-0.010968,0.471111,0.48153,-0.045258,0.526787
FTT.TO,2017-11-07,3,streak_3,0.01409,0.002461,0.011629,-0.019726,-0.004095,-0.015631,-0.01409,-0.010968,-0.003122,0.09219,-0.045258,0.137448
EIF.TO,2017-11-08,2,streak_2,0.018607,-0.001636,0.020243,-0.043893,-0.013557,-0.030336,0.09542,-0.013824,0.109243,-0.012405,-0.049666,0.037261
PAAS.TO,2017-11-08,2,streak_2,-0.008879,-0.001636,-0.007243,-0.08879,-0.013557,-0.075233,-0.101554,-0.013824,-0.08773,-0.044395,-0.049666,0.005271
TOU.TO,2017-11-08,4,streak_4,0.005208,-0.001636,0.006845,0.028356,-0.013557,0.041914,-0.116898,-0.013824,-0.103075,-0.24537,-0.049666,-0.195704
K.TO,2017-11-08,3,streak_3,0.016913,-0.001636,0.01855,0.042283,-0.013557,0.05584,-0.048626,-0.013824,-0.034802,-0.057082,-0.049666,-0.007417
RUS.TO,2017-11-08,3,streak_3,-0.005187,-0.001636,-0.003551,0.027666,-0.013557,0.041223,0.07147,-0.013824,0.085293,0.164265,-0.049666,0.213931
CHR.TO,2017-11-08,2,streak_2,0.043831,-0.001636,0.045467,0.067956,-0.013557,0.081513,0.066851,-0.013824,0.080674,0.025967,-0.049666,0.075633
IAG.TO,2017-11-08,2,streak_2,0.020258,-0.001636,0.021895,0.024043,-0.013557,0.0376,0.028495,-0.013824,0.042319,0.015583,-0.049666,0.065249
SLF.TO,2017-11-08,2,streak_2,-0.011437,-0.001636,-0.0098,-0.010042,-0.013557,0.003515,0.041562,-0.013824,0.055386,0.049651,-0.049666,0.099317
SPB.TO,2017-11-08,2,streak_2,0.004926,-0.001636,0.006563,-0.073892,-0.013557,-0.060335,-0.086207,-0.013824,-0.072383,-0.078818,-0.049666,-0.029152
TCN.TO,2017-11-08,5,streak_5plus,0.009879,-0.001636,0.011516,0.063666,-0.013557,0.077223,0.046103,-0.013824,0.059927,-0.020856,-0.049666,0.02881
MFC.TO,2017-11-08,5,streak_5plus,-0.005543,-0.001636,-0.003907,0.006098,-0.013557,0.019655,0.013304,-0.013824,0.027127,-0.047672,-0.049666,0.001994
X.TO,2017-11-09,2,streak_2,-0.014706,-0.001447,-0.013259,-0.016436,-0.014088,-0.002348,-0.035467,-0.00557,-0.029898,0.058824,-0.064562,0.123386
CEU.TO,2017-11-09,2,streak_2,-0.021311,-0.001447,-0.019865,-0.12459,-0.014088,-0.110502,-0.206557,-0.00557,-0.200988,-0.252459,-0.064562,-0.187897
ARX.TO,2017-11-09,4,streak_4,0.008703,-0.001447,0.010149,-0.096519,-0.014088,-0.082431,-0.181962,-0.00557,-0.176392,-0.287184,-0.064562,-0.222621
ACQ.TO,2017-11-09,2,streak_2,0.002714,-0.001447,0.00416,0.099955,-0.014088,0.114043,0.089648,-0.00557,0.095218,-0.029809,-0.064562,0.034754
GOOS.TO,2017-11-09,2,streak_2,0.136397,-0.001447,0.137843,0.115051,-0.014088,0.129139,0.295948,-0.00557,0.301518,0.452605,-0.064562,0.517167
STN.TO,2017-11-09,2,streak_2,-0.010763,-0.001447,-0.009316,-0.0123,-0.014088,0.001788,-0.048585,-0.00557,-0.043016,-0.021218,-0.064562,0.043345
CIX.TO,2017-11-09,2,streak_2,0.00392,-0.001447,0.005366,-0.00392,-0.014088,0.010169,0.035277,-0.00557,0.040846,0.010289,-0.064562,0.074851
EQB.TO,2017-11-09,6,streak_5plus,0.016015,-0.001447,0.017462,0.020112,-0.014088,0.0342,0.099069,-0.00557,0.104638,0.01825,-0.064562,0.082812
POU.TO,2017-11-09,2,streak_2,0.051988,-0.001447,0.053435,-0.04791,-0.014088,-0.033822,-0.231906,-0.00557,-0.226337,-0.351172,-0.064562,-0.28661
CTC-A.TO,2017-11-09,9,streak_5plus,0.031258,-0.001447,0.032705,0.02357,-0.014088,0.037659,0.038185,-0.00557,0.043755,0.028892,-0.064562,0.093455
MG.TO,2017-11-09,3,streak_3,-0.011977,-0.001447,-0.01053,-0.003857,-0.014088,0.010231,0.05948,-0.00557,0.06505,0.000406,-0.064562,0.064968
GCG-A.TO,2017-11-10,5,streak_5plus,-0.022617,-0.002661,-0.019956,-0.030695,-0.009122,-0.021573,-0.011847,0.000871,-0.012718,0.004847,-0.065141,0.069987
POW.TO,2017-11-10,2,streak_2,-0.016347,-0.002661,-0.013686,-0.003946,-0.009122,0.005176,-0.003382,0.000871,-0.004253,-0.085118,-0.065141,-0.019978
PWF-PZ.TO,2017-11-10,2,streak_2,0.0,-0.002661,0.002661,0.003161,-0.009122,0.012282,-0.003793,0.000871,-0.004663,-0.02402,-0.065141,0.04112
MPVD.TO,2017-11-13,2,streak_2,0.002755,-0.000811,0.003565,-0.019284,-0.002538,-0.016746,-0.035813,0.004003,-0.039815,-0.055096,-0.049715,-0.005381
BDGI.TO,2017-11-13,2,streak_2,-0.073563,-0.000811,-0.072753,-0.072797,-0.002538,-0.070259,-0.067816,0.004003,-0.071819,-0.166284,-0.049715,-0.116568
MRE.TO,2017-11-14,4,streak_4,0.0,-0.007063,0.007063,0.204608,-0.001366,0.205975,0.231336,0.005472,0.225864,0.181567,-0.050529,0.232096
HCG.TO,2017-11-14,3,streak_3,0.002861,-0.007063,0.009925,0.170243,-0.001366,0.17161,0.211016,0.005472,0.205543,0.178112,-0.050529,0.228641
L-PB.TO,2017-11-15,3,streak_3,-0.000587,-0.002174,0.001587,0.00939,0.010281,-0.000891,0.01115,0.014045,-0.002895,0.002347,-0.03675,0.039097
L.TO,2017-11-15,3,streak_3,0.001828,-0.002174,0.004002,-0.002742,0.010281,-0.013023,-0.012797,0.014045,-0.026842,-0.062157,-0.03675,-0.025408
ATD.TO,2017-11-28,2,streak_2,0.004636,-0.000779,0.005415,0.022848,-0.004557,0.027404,0.024503,0.011214,0.013289,-0.028808,-0.037364,0.008556
RY.TO,2017-11-29,4,streak_4,0.009224,-0.003862,0.013086,0.004883,-0.007106,0.011989,0.021839,0.011198,0.010641,0.009767,-0.039652,0.049418
RY-PZ.TO,2017-11-29,4,streak_4,0.00173,-0.003862,0.005592,-0.018454,-0.007106,-0.011349,-0.00346,0.011198,-0.014658,0.002307,-0.039652,0.041958
CM.TO,2017-11-30,12,streak_5plus,0.02908,0.00625,0.02283,0.036678,-0.003689,0.040367,0.07781,0.021437,0.056373,0.018601,-0.036518,0.055119
DOO.TO,2017-12-01,5,streak_5plus,0.010784,-0.001774,0.012558,0.019546,-0.003224,0.02277,-0.009436,0.018926,-0.028362,-0.032128,-0.032749,0.000622
NA.TO,2017-12-01,8,streak_5plus,0.002178,-0.001774,0.003951,0.006751,-0.003224,0.009975,-0.007404,0.018926,-0.026331,0.00196,-0.032749,0.034709
BMO.TO,2017-12-05,2,streak_2,-0.004544,-0.003338,-0.001206,0.012779,0.008423,0.004356,0.022008,0.023821,-0.001814,-0.02215,-0.031085,0.008936
DOL.TO,2017-12-06,12,streak_5plus,-0.021144,-0.000434,-0.02071,0.028192,0.012459,0.015732,0.007652,0.025258,-0.017606,-0.014499,-0.023687,0.009189
ALS.TO,2017-12-12,2,streak_2,0.003347,0.000652,0.002695,0.074477,0.001745,0.072732,0.133054,0.012712,0.120343,-0.015063,-0.027938,0.012875
EMP-A.TO,2017-12-13,4,streak_4,-0.059721,0.001402,-0.061123,-0.074978,0.001204,-0.076182,-0.061465,0.015998,-0.077463,-0.057977,-0.027516,-0.030461
CCA.TO,2018-01-10,7,streak_5plus,-0.025404,-0.004363,-0.021041,-0.109007,-0.001244,-0.107763,-0.126405,-0.060579,-0.065826,-0.198306,-0.064776,-0.13353
RCI-B.TO,2018-01-25,5,streak_5plus,-0.009418,-0.004925,-0.004493,-0.014555,-0.020419,0.005864,-0.037457,-0.039652,0.002195,0.004067,-0.047555,0.051622
MX.TO,2018-01-31,2,streak_2,0.009725,-0.000238,0.009963,-0.027807,-0.037078,0.009271,-0.086613,-0.035192,-0.051421,0.012764,-0.021096,0.03386
FTT.TO,2018-02-06,4,streak_4,0.019925,0.001898,0.018027,-0.005263,-0.006058,0.000795,-0.051128,0.008986,-0.060114,-0.015789,0.030897,-0.046687
MFC.TO,2018-02-07,6,streak_5plus,-0.001163,-0.002167,0.001005,-0.015698,-0.009594,-0.006104,-0.036628,0.011377,-0.048005,-0.01686,0.031164,-0.048024
SU.TO,2018-02-07,2,streak_2,-0.007947,-0.002167,-0.005779,-0.013668,-0.009594,-0.004074,-0.013986,0.011377,-0.025363,0.173872,0.031164,0.142708
IFP.TO,2018-02-08,2,streak_2,-0.030226,-0.017286,-0.01294,0.058748,-0.00015,0.058898,0.026394,0.016125,0.01027,0.06556,0.037846,0.027714
GOOS.TO,2018-02-08,3,streak_3,-0.160569,-0.017286,-0.143283,-0.089065,-0.00015,-0.088915,-0.13088,0.016125,-0.147005,0.005227,0.037846,-0.032619
TRI.TO,2018-02-08,11,streak_5plus,-0.01999,-0.017286,-0.002705,-0.016619,-0.00015,-0.016468,0.02264,0.016125,0.006515,-0.012765,0.037846,-0.050611
ARX.TO,2018-02-08,5,streak_5plus,-0.016376,-0.017286,0.00091,-0.019651,-0.00015,-0.019501,0.015284,0.016125,-0.000841,0.087336,0.037846,0.04949
X.TO,2018-02-12,3,streak_3,0.003292,0.013795,-0.010503,0.021399,0.027809,-0.00641,0.032922,0.040746,-0.007824,0.071605,0.063108,0.008497
QSR.TO,2018-02-12,11,streak_5plus,0.061824,0.013795,0.048029,0.043111,0.027809,0.015302,0.047881,0.040746,0.007135,0.031921,0.063108,-0.031187
H.TO,2018-02-13,2,streak_2,0.005135,-0.001666,0.006801,0.02439,0.012958,0.011433,0.020539,0.027011,-0.006472,-0.044288,0.055354,-0.099641
RUS.TO,2018-02-14,4,streak_4,0.01676,0.007347,0.009413,0.045708,0.020208,0.0255,-0.020823,0.029843,-0.050665,-0.008126,0.057917,-0.066043
CIGI.TO,2018-02-14,5,streak_5plus,0.109125,0.007347,0.101778,0.085297,0.020208,0.065088,0.158814,0.029843,0.128971,0.291091,0.057917,0.233174
AEM.TO,2018-02-14,4,streak_4,0.033397,0.007347,0.02605,-0.072963,0.020208,-0.093172,-0.075516,0.029843,-0.105358,0.017869,0.057917,-0.040049
WFG.TO,2018-02-14,6,streak_5plus,0.031088,0.007347,0.023741,0.062708,0.020208,0.042499,0.052876,0.029843,0.023034,0.083964,0.057917,0.026047
HCG.TO,2018-02-14,4,streak_4,0.027322,0.007347,0.019975,-0.024287,0.020208,-0.044495,-0.110504,0.029843,-0.140347,-0.163327,0.057917,-0.221245
SPB.TO,2018-02-14,3,streak_3,-0.010554,0.007347,-0.017901,0.032982,0.020208,0.012773,0.058047,0.029843,0.028205,0.127968,0.057917,0.070051
WCN.TO,2018-02-14,5,streak_5plus,0.006637,0.007347,-0.00071,0.034169,0.020208,0.013961,0.119838,0.029843,0.089995,0.120084,0.057917,0.062166
SLF.TO,2018-02-14,3,streak_3,0.004572,0.007347,-0.002775,0.064551,0.020208,0.044343,0.082571,0.029843,0.052729,0.08284,0.057917,0.024923
BN.TO,2018-02-15,2,streak_2,0.021533,0.00518,0.016353,0.056365,0.011736,0.044628,0.089297,0.024986,0.064311,0.074731,0.050873,0.023858
CIX.TO,2018-02-15,3,streak_3,0.018627,0.00518,0.013447,0.037255,0.011736,0.025518,0.025,0.024986,1.4e-05,-0.082843,0.050873,-0.133716
CTC-A.TO,2018-02-15,10,streak_5plus,0.065557,0.00518,0.060377,0.079703,0.011736,0.067966,0.050198,0.024986,0.025212,0.020774,0.050873,-0.030099
CVE.TO,2018-02-15,5,streak_5plus,-0.052319,0.00518,-0.057499,-0.057075,0.011736,-0.068811,0.12604,0.024986,0.101054,0.416171,0.050873,0.365298
YRI.TO,2018-02-15,2,streak_2,-0.011521,0.00518,-0.016701,-0.142857,0.011736,-0.154594,-0.214286,0.024986,-0.239272,-0.178576,0.050873,-0.229449
PD.TO,2018-02-15,7,streak_5plus,-0.014019,0.00518,-0.019199,0.009346,0.011736,-0.002391,-0.135514,0.024986,-0.1605,0.170561,0.050873,0.119688
AC.TO,2018-02-16,8,streak_5plus,0.012741,0.002914,0.009827,0.068229,0.01498,0.053249,0.142211,0.011793,0.130418,0.010686,0.047762,-0.037075
HBM.TO,2018-02-21,2,streak_2,0.012987,0.005479,0.007508,0.020979,0.015014,0.005966,-0.004995,0.015279,-0.020274,-0.087912,0.045688,-0.1336
EIF.TO,2018-02-21,3,streak_3,0.016827,0.005479,0.011347,0.045192,0.015014,0.030179,0.029327,0.015279,0.014048,0.102885,0.045688,0.057196
MFI.TO,2018-02-21,4,streak_4,-0.040226,0.005479,-0.045705,-0.068102,0.015014,-0.083115,-0.107269,0.015279,-0.122548,-0.161609,0.045688,-0.207297
L-PB.TO,2018-02-22,4,streak_4,0.006463,-0.001018,0.007481,-0.001763,-0.005237,0.003474,0.007638,-0.007994,0.015632,0.011163,0.039281,-0.028118
EFX.TO,2018-02-22,2,streak_2,0.022848,-0.001018,0.023866,0.063976,-0.005237,0.069213,0.073877,-0.007994,0.081871,0.003046,0.039281,-0.036235
CM.TO,2018-02-22,13,streak_5plus,0.003831,-0.001018,0.004849,0.00613,-0.005237,0.011367,-0.003831,-0.007994,0.004163,-0.000255,0.039281,-0.039537
GCG-A.TO,2018-02-22,6,streak_5plus,0.004276,-0.001018,0.005294,0.028327,-0.005237,0.033564,0.00481,-0.007994,0.012804,-0.036879,0.039281,-0.07616
CGX.TO,2018-02-22,2,streak_2,0.0,-0.001018,0.001018,0.050047,-0.005237,0.055285,-0.01142,-0.007994,-0.003426,-0.051908,0.039281,-0.091189
TIH.TO,2018-02-22,2,streak_2,0.0,-0.001018,0.001018,0.059996,-0.005237,0.065233,0.013286,-0.007994,0.02128,0.082001,0.039281,0.04272
CFP.TO,2018-02-22,3,streak_3,-0.012621,-0.001018,-0.011604,-0.01877,-0.005237,-0.013533,-0.026861,-0.007994,-0.018867,0.034951,0.039281,-0.00433
L.TO,2018-02-22,4,streak_4,-0.018287,-0.001018,-0.017269,0.009625,-0.005237,0.014862,0.000962,-0.007994,0.008957,0.014437,0.039281,-0.024844
MG.TO,2018-02-22,4,streak_4,0.024419,-0.001018,0.025437,0.014179,-0.005237,0.019416,0.018314,-0.007994,0.026308,0.214455,0.039281,0.175173
RY-PZ.TO,2018-02-23,5,streak_5plus,0.002296,0.008402,-0.006106,-0.002296,-0.007364,0.005068,-0.003444,-0.018345,0.014901,0.026406,0.039037,-0.012631
RY.TO,2018-02-23,5,streak_5plus,0.003968,0.008402,-0.004434,-0.015474,-0.007364,-0.00811,-0.028832,-0.018345,-0.010487,-0.020235,0.039037,-0.059273
PSK.TO,2018-02-26,3,streak_3,0.0,0.004873,-0.004873,-0.046574,-0.016236,-0.030339,-0.039857,-0.021735,-0.018122,-0.110614,0.027957,-0.13857
BMO.TO,2018-02-27,3,streak_3,-0.013791,-0.002768,-0.011023,-0.029412,-0.011034,-0.018377,-0.030538,-0.031722,0.001184,0.030115,0.019179,0.010936
TCN.TO,2018-02-28,6,streak_5plus,-0.006615,-0.014581,0.007966,-0.050717,-0.00804,-0.042676,-0.06946,-0.031989,-0.037471,0.035281,0.016042,0.019239
KXS.TO,2018-02-28,4,streak_4,0.027784,-0.014581,0.042365,-0.003665,-0.00804,0.004375,-0.033341,-0.031989,-0.001353,-0.010759,0.016042,-0.026801
NA.TO,2018-02-28,9,streak_5plus,-0.022815,-0.014581,-0.008234,-0.006672,-0.00804,0.001368,-0.044554,-0.031989,-0.012566,-0.025183,0.016042,-0.041225
MRE.TO,2018-03-01,5,streak_5plus,-0.020218,-0.003154,-0.017064,-0.012442,0.001936,-0.014378,0.031882,-0.004883,0.036764,0.094868,0.039242,0.055626
AQN.TO,2018-03-01,2,streak_2,-0.00237,-0.003154,0.000784,0.016588,0.001936,0.014652,0.017773,-0.004883,0.022655,0.017773,0.039242,-0.021469
CNQ.TO,2018-03-01,3,streak_3,0.000768,-0.003154,0.003922,-0.011521,0.001936,-0.013457,0.02765,-0.004883,0.032532,0.14977,0.039242,0.110528
AAV.TO,2018-03-05,4,streak_4,0.038997,0.010186,0.028812,0.019499,0.012558,0.006941,0.100279,-0.013247,0.113526,0.100279,0.042829,0.05745
PXT.TO,2018-03-05,2,streak_2,0.000735,0.010186,-0.00945,-0.017647,0.012558,-0.030205,-0.011029,-0.013247,0.002218,0.283088,0.042829,0.24026
BTE.TO,2018-03-06,4,streak_4,0.038576,0.000251,0.038325,0.04451,0.004086,0.040425,0.002967,-0.024251,0.027219,0.442136,0.032874,0.409263
FNV.TO,2018-03-07,9,streak_5plus,-0.009249,-0.00467,-0.004579,-0.022412,0.006555,-0.028967,-0.059647,-0.012165,-0.047482,0.003083,0.037124,-0.034041
CJT.TO,2018-03-12,3,streak_3,0.044422,0.001733,0.042688,0.065607,0.00857,0.057037,0.067145,-0.020266,0.087411,0.073637,0.040115,0.033523
NVA.TO,2018-03-12,3,streak_3,-0.013477,0.001733,-0.01521,0.001348,0.00857,-0.007222,0.004043,-0.020266,0.024309,0.214286,0.040115,0.174171
EMP-A.TO,2018-03-14,5,streak_5plus,0.043813,0.000415,0.043398,0.087145,-0.001962,0.089107,0.051517,-0.024145,0.075662,0.041406,0.041024,0.000382
GUD.TO,2018-03-15,2,streak_2,-0.032622,0.001086,-0.033708,-0.025094,0.001386,-0.02648,-0.022585,-0.02425,0.001665,0.0,0.039109,-0.039109
DOO.TO,2018-03-21,6,streak_5plus,0.09473,0.003772,0.090958,0.061528,-0.025627,0.087155,0.160204,-0.010374,0.170578,0.402136,0.044831,0.357305
POW.TO,2018-03-23,3,streak_3,-0.0123,-0.011442,-0.000858,0.00246,-0.002117,0.004577,0.0123,0.009883,0.002417,0.046125,0.060734,-0.014609
LAS-A.TO,2018-03-26,2,streak_2,0.015688,0.00492,0.010768,0.0,-0.00067,0.00067,0.004865,0.016639,-0.011773,0.122999,0.080559,0.042441
DOL.TO,2018-03-29,13,streak_5plus,0.008525,0.013013,-0.004488,-0.011499,0.012274,-0.023773,-0.03866,0.032894,-0.071554,-0.004362,0.069967,-0.074329
RCI-B.TO,2018-04-19,6,streak_5plus,0.012427,-0.004868,0.017295,0.059873,-0.001301,0.061174,0.082919,0.039511,0.043409,0.181428,0.061005,0.120423
ABX.TO,2018-04-23,2,streak_2,-0.010463,0.004379,-0.014842,0.054559,0.011922,0.042637,0.003737,0.042656,-0.038919,-0.028401,0.06143,-0.089831
CFX.TO,2018-04-24,2,streak_2,0.028588,-0.004829,0.033417,0.032018,0.003588,0.02843,0.260436,0.037403,0.223033,0.489346,0.055857,0.433488
CFP.TO,2018-04-24,4,streak_4,0.018188,-0.004829,0.023017,-0.006736,0.003588,-0.010324,0.07713,0.037403,0.039727,-0.035366,0.055857,-0.091223
QSR.TO,2018-04-24,12,streak_5plus,0.043095,-0.004829,0.047924,0.011804,0.003588,0.008216,0.072325,0.037403,0.034922,0.245082,0.055857,0.189224
FSV.TO,2018-04-25,2,streak_2,0.008706,0.002119,0.006586,-0.011684,0.009168,-0.020852,0.006758,0.041132,-0.034374,0.129439,0.058997,0.070442
CSU.TO,2018-04-25,2,streak_2,0.008792,0.002119,0.006673,0.057571,0.009168,0.048403,0.137826,0.041132,0.096694,0.185797,0.058997,0.126799
TFII.TO,2018-04-25,2,streak_2,0.015314,0.002119,0.013195,0.061584,0.009168,0.052415,0.117628,0.041132,0.076496,0.164875,0.058997,0.105877
WFG.TO,2018-04-25,7,streak_5plus,-0.004002,0.002119,-0.006121,-0.064736,0.009168,-0.073905,0.003178,0.041132,-0.037954,-0.120292,0.058997,-0.179289
PD.TO,2018-04-26,8,streak_5plus,0.052758,0.00824,0.044518,0.095923,0.007615,0.088309,0.105516,0.036487,0.069029,0.076739,0.058737,0.018002
TRP.TO,2018-04-27,2,streak_2,-0.003034,0.002002,-0.005035,0.006343,-0.00103,0.007373,-0.014341,0.024204,-0.038545,0.08053,0.052316,0.028213
AC.TO,2018-04-30,9,streak_5plus,0.009196,-0.003893,0.013089,-0.038385,0.003861,-0.042246,-0.044382,0.016191,-0.060574,-0.063974,0.046276,-0.110251
RUS.TO,2018-05-01,5,streak_5plus,-0.007788,0.000705,-0.008493,0.041018,0.012859,0.028159,0.02648,0.028242,-0.001762,-0.063863,0.047258,-0.111121
SU.TO,2018-05-01,3,streak_3,-0.005491,0.000705,-0.006196,0.009061,0.012859,-0.003798,0.053267,0.028242,0.025025,0.129874,0.047258,0.082616
CG.TO,2018-05-01,2,streak_2,0.015038,0.000705,0.014333,-0.004511,0.012859,-0.01737,-0.096241,0.028242,-0.124483,-0.255639,0.047258,-0.302897
CIGI.TO,2018-05-01,6,streak_5plus,0.077774,0.000705,0.077069,0.069275,0.012859,0.056416,0.08441,0.028242,0.056168,0.208755,0.047258,0.161497
OVV.TO,2018-05-01,2,streak_2,0.010009,0.000705,0.009304,0.060055,0.012859,0.047196,0.045041,0.028242,0.016799,0.100698,0.047258,0.05344
MFC.TO,2018-05-02,7,streak_5plus,-0.032239,0.000576,-0.032815,0.009552,0.014329,-0.004777,0.018507,0.028337,-0.00983,0.00597,0.052187,-0.046217
L.TO,2018-05-02,5,streak_5plus,-0.000954,0.000576,-0.00153,0.000954,0.014329,-0.013375,0.022901,0.028337,-0.005437,0.073473,0.052187,0.021287
L-PB.TO,2018-05-02,5,streak_5plus,-0.00174,0.000576,-0.002316,0.00232,0.014329,-0.012009,-0.00232,0.028337,-0.030658,0.018561,0.052187,-0.033625
KXS.TO,2018-05-02,5,streak_5plus,-0.016894,0.000576,-0.01747,-0.021208,0.014329,-0.035537,0.021567,0.028337,-0.00677,0.051761,0.052187,-0.000425
WCN.TO,2018-05-02,6,streak_5plus,-0.019886,0.000576,-0.020462,0.0464,0.014329,0.032071,0.078629,0.028337,0.050291,0.091886,0.052187,0.039699
MRE.TO,2018-05-03,6,streak_5plus,-0.011739,-0.00041,-0.011329,0.11372,0.018102,0.095618,-0.011005,0.026593,-0.037599,-0.106383,0.047921,-0.154304
CNQ.TO,2018-05-03,4,streak_4,-0.021484,-0.00041,-0.021075,-0.01237,0.018102,-0.030472,-0.039062,0.026593,-0.065656,0.027995,0.047921,-0.019926
AD-UN.TO,2018-05-07,2,streak_2,0.002139,0.005035,-0.002896,-0.079144,0.016142,-0.095286,-0.075936,0.024979,-0.100914,0.106952,0.043918,0.063034
HCG.TO,2018-05-08,5,streak_5plus,0.00297,0.002157,0.000812,0.027468,0.017522,0.009946,0.046771,0.02374,0.02303,0.075724,0.030218,0.045506
KEY.TO,2018-05-08,2,streak_2,0.000444,0.002157,-0.001713,0.012872,0.017522,-0.00465,0.02885,0.02374,0.00511,0.055482,0.030218,0.025264
EIF.TO,2018-05-08,4,streak_4,-0.001554,0.002157,-0.003711,0.113472,0.017522,0.095949,0.154404,0.02374,0.130664,0.156477,0.030218,0.126259
NVA.TO,2018-05-08,4,streak_4,-0.010262,0.002157,-0.012419,0.050171,0.017522,0.032649,0.034208,0.02374,0.010467,-0.014823,0.030218,-0.045041
CCL-B.TO,2018-05-08,2,streak_2,0.002313,0.002157,0.000156,0.008895,0.017522,-0.008627,0.044476,0.02374,0.020736,0.042697,0.030218,0.012479
DBM.TO,2018-05-08,2,streak_2,0.011396,0.002157,0.009239,0.105413,0.017522,0.087891,0.079772,0.02374,0.056032,-0.008547,0.030218,-0.038765
TOU.TO,2018-05-08,5,streak_5plus,-0.011432,0.002157,-0.013589,0.009025,0.017522,-0.008497,0.021059,0.02374,-0.002681,-0.005415,0.030218,-0.035633
TOY.TO,2018-05-08,2,streak_2,0.011163,0.002157,0.009005,0.035173,0.017522,0.017651,0.010741,0.02374,-0.012999,0.115206,0.030218,0.084989
SLF.TO,2018-05-08,4,streak_4,0.001819,0.002157,-0.000338,0.043399,0.017522,0.025877,0.04132,0.02374,0.01758,-0.015333,0.030218,-0.04555
X.TO,2018-05-09,4,streak_4,0.003298,0.004298,-0.001001,0.096455,0.016102,0.080353,0.120363,0.022098,0.098264,0.173949,0.029818,0.144131
TCN.TO,2018-05-09,7,streak_5plus,-0.002309,0.004298,-0.006608,0.005774,0.016102,-0.010328,0.081986,0.022098,0.059888,0.095843,0.029818,0.066025
LAS-A.TO,2018-05-09,3,streak_3,0.005644,0.004298,0.001346,0.076391,0.016102,0.060289,0.105137,0.022098,0.083038,0.016407,0.029818,-0.013411
MAXR.TO,2018-05-09,2,streak_2,0.142908,0.004298,0.138609,0.064317,0.016102,0.048215,0.115771,0.022098,0.093673,-0.153883,0.029818,-0.183701
FNV.TO,2018-05-09,10,streak_5plus,-0.000789,0.004298,-0.005087,-0.051843,0.016102,-0.067945,-0.045869,0.022098,-0.067968,-0.026598,0.029818,-0.056416
AFN.TO,2018-05-09,2,streak_2,0.050563,0.004298,0.046265,0.084566,0.016102,0.068464,0.067344,0.022098,0.045245,0.020755,0.029818,-0.009063
GUD.TO,2018-05-10,3,streak_3,-0.011307,0.003061,-0.014367,0.01005,0.0124,-0.00235,0.01005,0.018346,-0.008296,0.04397,0.031815,0.012155
MG.TO,2018-05-10,5,streak_5plus,0.026664,0.003061,0.023604,0.084698,0.0124,0.072298,0.099163,0.018346,0.080817,-0.093587,0.031815,-0.125401
BN.TO,2018-05-10,3,streak_3,0.004154,0.003061,0.001093,0.007122,0.0124,-0.005279,0.043917,0.018346,0.025571,0.118694,0.031815,0.086879
AQN.TO,2018-05-10,3,streak_3,0.001181,0.003061,-0.00188,-0.011806,0.0124,-0.024207,-0.015348,0.018346,-0.033694,0.0732,0.031815,0.041385
ENB.TO,2018-05-10,2,streak_2,0.018429,0.003061,0.015369,0.024038,0.0124,0.011638,-0.006811,0.018346,-0.025157,0.157452,0.031815,0.125637
EMA.TO,2018-05-10,2,streak_2,-0.017685,0.003061,-0.020746,-0.003215,0.0124,-0.015616,-0.013666,0.018346,-0.032012,0.041399,0.031815,0.009584
POW.TO,2018-05-11,4,streak_4,0.013489,0.001491,0.011997,0.018394,0.011535,0.006858,0.059473,0.019036,0.040437,0.005518,0.022996,-0.017478
H.TO,2018-05-15,3,streak_3,0.003358,0.000758,0.002599,0.008731,0.00368,0.00505,0.024849,0.011203,0.013646,0.014775,0.015237,-0.000462
BYD.TO,2018-05-15,2,streak_2,0.04802,0.000758,0.047261,0.079413,0.00368,0.075733,0.110611,0.011203,0.099409,0.192274,0.015237,0.177037
CM.TO,2018-05-23,14,streak_5plus,-0.01485,-0.000681,-0.014169,-0.034231,-0.013763,-0.020468,-0.002517,0.017108,-0.019625,0.052605,0.009427,0.043178
TD.TO,2018-05-24,2,streak_2,0.004407,-0.001252,0.005659,0.002571,-0.005275,0.007845,0.019464,0.012483,0.006981,0.053066,0.013233,0.039833
RY.TO,2018-05-24,6,streak_5plus,-0.019717,-0.001252,-0.018465,-0.042874,-0.005275,-0.0376,-0.004499,0.012483,-0.016982,0.037713,0.013233,0.02448
RY-PZ.TO,2018-05-24,6,streak_5plus,-0.003344,-0.001252,-0.002092,-0.009476,-0.005275,-0.004201,-0.008361,0.012483,-0.020844,-0.003344,0.013233,-0.016578
CAE.TO,2018-05-25,2,streak_2,0.052277,-0.002352,0.054629,0.081584,-0.003233,0.084817,0.073575,0.020883,0.052692,0.031855,0.013231,0.018624
BNS.TO,2018-05-29,2,streak_2,-0.037264,-0.005838,-0.031426,-0.037703,0.002254,-0.039957,-0.052609,0.016483,-0.069092,-0.00548,0.026742,-0.032222
BMO.TO,2018-05-30,4,streak_4,0.001671,0.00792,-0.006249,0.010862,0.012542,-0.00168,0.021863,0.019388,0.002476,0.07687,0.027188,0.049682
NA.TO,2018-05-30,10,streak_5plus,0.004858,0.00792,-0.003062,0.007507,0.012542,-0.005035,0.03599,0.019388,0.016603,0.070214,0.027188,0.043026
DOO.TO,2018-05-31,7,streak_5plus,0.058279,0.000798,0.057482,0.093432,0.008424,0.085008,0.12729,0.008175,0.119114,0.143016,0.021285,0.12173
CWB.TO,2018-06-07,2,streak_2,0.085204,0.00055,0.084654,0.060479,0.005061,0.055419,0.06086,0.01161,0.049249,0.043743,-0.005129,0.048871
TCL-A.TO,2018-06-07,2,streak_2,-0.00426,0.00055,-0.00481,0.044728,0.005061,0.039668,0.084132,0.01161,0.072522,0.01278,-0.005129,0.017908
TCL-B.TO,2018-06-07,2,streak_2,-0.002115,0.00055,-0.002665,0.050238,0.005061,0.045177,0.061872,0.01161,0.050262,-0.007403,-0.005129,-0.002275
CJR-B.TO,2018-06-27,2,streak_2,-0.1792,-0.002998,-0.176203,-0.2112,0.001511,-0.212711,-0.333877,0.010786,-0.344664,-0.304419,-0.006806,-0.297614
EMP-A.TO,2018-06-28,6,streak_5plus,0.040582,-0.003167,0.043749,-0.005734,0.002175,-0.007909,0.042347,0.010024,0.032323,-0.06749,-0.001645,-0.065845
ATZ.TO,2018-07-11,2,streak_2,-0.008015,-0.00794,-7.5e-05,0.063502,-0.001783,0.065285,-0.016646,-0.007958,-0.008688,0.100493,-0.062319,0.162812
WFG.TO,2018-07-19,8,streak_5plus,-0.029284,0.003981,-0.033265,-0.118224,-0.003435,-0.114789,-0.000726,-0.009328,0.008602,-0.30288,-0.065138,-0.237742
RCI-B.TO,2018-07-19,7,streak_5plus,-0.000574,0.003981,-0.004555,-0.034997,-0.003435,-0.031562,0.035188,-0.009328,0.044516,0.012813,-0.065138,0.077951
CNR.TO,2018-07-24,2,streak_2,-0.00541,-0.00187,-0.00354,0.028274,-0.004586,0.03286,0.014698,-0.004476,0.019174,-0.034807,-0.069156,0.03435
WCN.TO,2018-07-24,7,streak_5plus,-0.019818,-0.00187,-0.017949,-0.010326,-0.004586,-0.005741,0.006884,-0.004476,0.01136,-0.033796,-0.069156,0.03536
L.TO,2018-07-25,6,streak_5plus,-0.002669,0.001873,-0.004542,0.00089,0.002678,-0.001789,-0.004448,-0.003862,-0.000586,-0.040036,-0.090359,0.050324
CFX.TO,2018-07-25,3,streak_3,-0.005006,0.001873,-0.006879,0.049288,0.002678,0.046609,0.053589,-0.003862,0.057451,-0.067593,-0.090359,0.022766
SU.TO,2018-07-25,4,streak_4,-0.007754,0.001873,-0.009627,0.023262,0.002678,0.020583,0.002001,-0.003862,0.005863,-0.183092,-0.090359,-0.092732
L-PB.TO,2018-07-25,6,streak_5plus,0.003434,0.001873,0.001561,0.005152,0.002678,0.002473,0.004579,-0.003862,0.008441,0.004007,-0.090359,0.094366
CFP.TO,2018-07-25,5,streak_5plus,-0.016365,0.001873,-0.018238,-0.006964,0.002678,-0.009642,0.062326,-0.003862,0.066188,-0.336003,-0.090359,-0.245643
FSV.TO,2018-07-25,3,streak_3,0.067546,0.001873,0.065672,0.04787,0.002678,0.045192,0.085903,-0.003862,0.089765,-0.034077,-0.090359,0.056282
YRI.TO,2018-07-26,3,streak_3,-0.010899,0.002125,-0.013024,0.128065,-0.00268,0.130745,-0.002725,-0.00394,0.001215,-0.132172,-0.091147,-0.041025
TECK-B.TO,2018-07-26,2,streak_2,0.046707,0.002125,0.044582,0.004704,-0.00268,0.007384,-0.081653,-0.00394,-0.077713,-0.231519,-0.091147,-0.140372
TFII.TO,2018-07-26,3,streak_3,-0.00938,0.002125,-0.011506,0.144116,-0.00268,0.146796,0.196703,-0.00394,0.200643,0.044912,-0.091147,0.136059
AC.TO,2018-07-27,10,streak_5plus,-0.002981,-0.003749,0.000768,-0.008944,-0.002826,-0.006118,0.141823,-0.000687,0.142509,0.028109,-0.09525,0.123359
MAXR.TO,2018-07-31,3,streak_3,-0.05303,0.005414,-0.058445,-0.255199,-0.003622,-0.251577,-0.374629,0.002741,-0.377369,-0.468381,-0.088771,-0.379611
CIGI.TO,2018-07-31,7,streak_5plus,0.009632,0.005414,0.004218,-0.031112,-0.003622,-0.02749,0.007802,0.002741,0.005061,-0.180794,-0.088771,-0.092023
CF-PC.TO,2018-08-01,2,streak_2,-0.00724,-0.003481,-0.003759,0.0,-0.007235,0.007235,0.004525,-0.003797,0.008322,-0.01629,-0.085597,0.069307
CF.TO,2018-08-01,2,streak_2,-0.001789,-0.003481,0.001692,0.0,-0.007235,0.007235,-0.025045,-0.003797,-0.021248,-0.046512,-0.085597,0.039085
OVV.TO,2018-08-01,3,streak_3,0.013898,-0.003481,0.017379,-0.018351,-0.007235,-0.011116,-0.03117,-0.003797,-0.027373,-0.250304,-0.085597,-0.164707
QSR.TO,2018-08-01,13,streak_5plus,0.002011,-0.003481,0.005491,-0.021191,-0.007235,-0.013956,-0.102243,-0.003797,-0.098446,-0.123898,-0.085597,-0.038301
CNQ.TO,2018-08-02,5,streak_5plus,-0.020266,0.001978,-0.022244,-0.042432,0.002455,-0.044887,-0.060165,-0.006955,-0.05321,-0.19506,-0.074899,-0.120162
RNW.TO,2018-08-02,2,streak_2,0.017065,0.001978,0.015086,0.004551,0.002455,0.002096,0.013652,-0.006955,0.020607,-0.128555,-0.074899,-0.053657
PKI.TO,2018-08-02,2,streak_2,0.010737,0.001978,0.008758,0.152906,0.002455,0.150452,0.170678,-0.006955,0.177632,0.28619,-0.074899,0.361089
IAG.TO,2018-08-02,2,streak_2,0.024479,0.001978,0.022501,0.008725,0.002455,0.00627,0.034416,-0.006955,0.041371,-0.105187,-0.074899,-0.030288
KXS.TO,2018-08-02,6,streak_5plus,0.000785,0.001978,-0.001193,0.088503,0.002455,0.086048,0.104543,-0.006955,0.111498,0.004487,-0.074899,0.079385
TRP.TO,2018-08-02,3,streak_3,0.009977,0.001978,0.007999,-0.001791,0.002455,-0.004245,-0.047838,-0.006955,-0.040883,-0.11691,-0.074899,-0.042011
AIM.TO,2018-08-03,2,streak_2,0.080925,0.00067,0.080255,0.132948,-0.00504,0.137988,0.216763,-0.015107,0.23187,0.147399,-0.078608,0.226007
PWF-PZ.TO,2018-08-03,2,streak_2,0.003264,0.00067,0.002593,0.009791,-0.00504,0.014831,0.018277,-0.015107,0.033384,-0.02154,-0.078608,0.057068
ENB.TO,2018-08-03,3,streak_3,0.007436,0.00067,0.006766,0.018768,-0.00504,0.023808,-0.012748,-0.015107,0.002359,-0.095255,-0.078608,-0.016647
AIM-PC.TO,2018-08-03,2,streak_2,0.034137,0.00067,0.033466,0.063253,-0.00504,0.068293,0.130522,-0.015107,0.145629,0.165663,-0.078608,0.244271
BHC.TO,2018-08-07,2,streak_2,0.034471,-0.008155,0.042626,-0.050017,-0.010317,-0.0397,-0.049003,-0.01721,-0.031793,0.13045,-0.073233,0.203682
MRE.TO,2018-08-08,7,streak_5plus,-0.046075,0.001768,-0.047843,-0.010239,0.002726,-0.012965,0.021331,-0.011384,0.032715,-0.127986,-0.061008,-0.066978
TCN.TO,2018-08-08,8,streak_5plus,0.003171,0.001768,0.001403,0.085624,0.002726,0.082897,0.022199,-0.011384,0.033583,-0.002114,-0.061008,0.058894
ALS.TO,2018-08-08,3,streak_3,-0.005291,0.001768,-0.007059,-0.002645,0.002726,-0.005372,-0.034392,-0.011384,-0.023008,0.08642,-0.061008,0.147428
KEY.TO,2018-08-08,3,streak_3,0.004205,0.001768,0.002437,0.017241,0.002726,0.014515,-0.069807,-0.011384,-0.058423,-0.084525,-0.061008,-0.023516
ADW-A.TO,2018-08-08,3,streak_3,0.013503,0.001768,0.011734,0.011914,0.002726,0.009188,0.045274,-0.011384,0.056658,-0.098491,-0.061008,-0.037483
NPI.TO,2018-08-08,2,streak_2,-0.003499,0.001768,-0.005267,-0.046647,0.002726,-0.049373,-0.072886,-0.011384,-0.061503,-0.114286,-0.061008,-0.053277
PAAS.TO,2018-08-08,2,streak_2,-0.004891,0.001768,-0.00666,0.040761,0.002726,0.038035,-0.055435,-0.011384,-0.044051,-0.043478,-0.061008,0.01753
MFC.TO,2018-08-08,8,streak_5plus,0.001227,0.001768,-0.000541,0.048466,0.002726,0.04574,0.006135,-0.011384,0.017519,-0.068098,-0.061008,-0.00709
ADW-B.TO,2018-08-08,3,streak_3,0.0,0.001768,-0.001768,0.0,0.002726,-0.002726,0.006512,-0.011384,0.017896,-0.103473,-0.061008,-0.042465
GEI.TO,2018-08-08,2,streak_2,0.004367,0.001768,0.002598,0.073362,0.002726,0.070636,0.00262,-0.011384,0.014004,0.218341,-0.061008,0.279349
PXT.TO,2018-08-08,3,streak_3,-0.025258,0.001768,-0.027027,-0.177382,0.002726,-0.180109,-0.210103,-0.011384,-0.19872,-0.170494,-0.061008,-0.109485
SLF.TO,2018-08-08,5,streak_5plus,0.00739,0.001768,0.005621,0.009237,0.002726,0.006511,0.007918,-0.011384,0.019301,-0.04038,-0.061008,0.020628
AFN.TO,2018-08-09,3,streak_3,0.073545,0.006246,0.0673,0.064677,-0.010211,0.074888,0.123945,-0.013779,0.137724,0.105992,-0.057965,0.163956
EXE.TO,2018-08-09,3,streak_3,0.019272,0.006246,0.013026,0.098501,-0.010211,0.108712,0.132762,-0.013779,0.146541,0.027837,-0.057965,0.085802
HOT-UN.TO,2018-08-09,2,streak_2,0.0,0.006246,-0.006246,0.083045,-0.010211,0.093256,0.095156,-0.013779,0.108934,0.029412,-0.057965,0.087376
QBR-B.TO,2018-08-09,2,streak_2,0.050863,0.006246,0.044617,0.043397,-0.010211,0.053608,-0.063929,-0.013779,-0.05015,-0.014466,-0.057965,0.043499
BN.TO,2018-08-09,4,streak_4,0.051897,0.006246,0.045652,0.045201,-0.010211,0.055412,0.033482,-0.013779,0.047261,0.006138,-0.057965,0.064103
AQN.TO,2018-08-09,4,streak_4,0.015642,0.006246,0.009397,0.017877,-0.010211,0.028088,0.040223,-0.013779,0.054002,0.065922,-0.057965,0.123886
TXG.TO,2018-08-09,2,streak_2,0.017143,0.006246,0.010897,-0.096,-0.010211,-0.085789,0.054857,-0.013779,0.068636,0.342857,-0.057965,0.400822
GOOS.TO,2018-08-09,4,streak_4,-0.030824,0.006246,-0.03707,-0.083803,-0.010211,-0.073592,0.014724,-0.013779,0.028503,0.110637,-0.057965,0.168602
GUD.TO,2018-08-09,4,streak_4,0.0,0.006246,-0.006246,-0.008424,-0.010211,0.001788,-0.008424,-0.013779,0.005355,-0.025271,-0.057965,0.032694
RUS.TO,2018-08-09,6,streak_5plus,-0.000523,0.006246,-0.006769,0.021978,-0.010211,0.032189,-0.020931,-0.013779,-0.007153,-0.080063,-0.057965,-0.022098
FSZ.TO,2018-08-10,2,streak_2,0.042345,-0.005513,0.047858,0.060261,-0.011653,0.071913,0.004886,-0.021922,0.026808,0.058632,-0.064537,0.123169
NEO.TO,2018-08-13,2,streak_2,0.00218,-0.004637,0.006817,0.017442,-0.000171,0.017613,-0.007994,-0.014222,0.006228,0.005814,-0.064441,0.070255
H.TO,2018-08-14,4,streak_4,0.012056,0.004917,0.00714,0.021433,0.004935,0.016498,0.038178,-0.012418,0.050596,0.03148,-0.067344,0.098825
ATS.TO,2018-08-15,2,streak_2,0.058497,-0.011157,0.069654,0.097327,-0.002064,0.099391,0.209279,-0.020146,0.229425,-0.109934,-0.073414,-0.036521
RY-PZ.TO,2018-08-22,7,streak_5plus,0.00056,0.003086,-0.002527,0.002238,0.00359,-0.001351,-0.011192,-0.005044,-0.006148,-0.093453,-0.087133,-0.00632
CSW-A.TO,2018-08-22,2,streak_2,0.007485,0.003086,0.004399,-0.014222,0.00359,-0.017811,-0.019461,-0.005044,-0.014417,-0.056886,-0.087133,0.030246
RY.TO,2018-08-22,7,streak_5plus,0.01344,0.003086,0.010354,0.011889,0.00359,0.0083,0.019126,-0.005044,0.02417,-0.078315,-0.087133,0.008818
CM.TO,2018-08-23,15,streak_5plus,0.005493,-0.001254,0.006747,0.009315,0.00263,0.006684,0.021256,-0.007536,0.028793,-0.05732,-0.076606,0.019286
BMO.TO,2018-08-28,5,streak_5plus,0.001814,-0.005406,0.00722,0.011141,-0.017216,0.028357,0.015805,-0.016729,0.032534,-0.072678,-0.087063,0.014385
BNS.TO,2018-08-28,3,streak_3,-0.018074,-0.005406,-0.012667,-0.039674,-0.017216,-0.022458,-0.009257,-0.016729,0.007472,-0.091029,-0.087063,-0.003966
NA.TO,2018-08-29,11,streak_5plus,0.001238,0.002128,-0.00089,-0.00784,-0.013323,0.005483,0.006602,-0.009226,0.015828,-0.06994,-0.086295,0.016355
TD.TO,2018-08-30,3,streak_3,-0.005198,-0.001141,-0.004057,0.004159,-0.017657,0.021816,-0.010224,-0.019353,0.009129,-0.063767,-0.074373,0.010606
DOO.TO,2018-08-30,8,streak_5plus,0.077857,-0.001141,0.078998,0.074943,-0.017657,0.0926,-0.068469,-0.019353,-0.049116,-0.324539,-0.074373,-0.250165
ENGH.TO,2018-09-06,2,streak_2,0.001489,-0.002274,0.003764,0.015788,-0.00549,0.021278,0.000596,-0.008111,0.008707,-0.163241,-0.066553,-0.096688
GBT.TO,2018-09-06,7,streak_5plus,-0.017147,-0.002274,-0.014873,0.039751,-0.00549,0.045241,0.038971,-0.008111,0.047083,-0.011691,-0.066553,0.054861
ATZ.TO,2018-10-04,3,streak_3,-0.015244,-0.004069,-0.011175,0.079878,-0.046976,0.126854,0.163415,-0.059283,0.222697,-0.057927,-0.102382,0.044456
MTY.TO,2018-10-10,2,streak_2,0.018792,-0.021237,0.04003,0.14158,-0.017308,0.158888,0.169677,-0.030572,0.20025,0.062215,-0.066191,0.128406
CP.TO,2018-10-18,2,streak_2,-0.029266,-0.008101,-0.021166,-0.044295,-0.039975,-0.00432,0.028278,-0.024791,0.053069,-0.032035,-0.020522,-0.011513
CJR-B.TO,2018-10-19,3,streak_3,0.06087,0.004285,0.056585,0.097827,-0.031161,0.128987,0.078261,-0.016139,0.0944,0.241162,-0.006511,0.247674
RCI-B.TO,2018-10-19,8,streak_5plus,-0.009819,0.004285,-0.014103,0.000378,-0.031161,0.031538,0.047205,-0.016139,0.063344,0.08327,-0.006511,0.089782
WFG.TO,2018-10-22,9,streak_5plus,-0.043018,-0.00371,-0.039308,-0.018034,-0.037608,0.019574,0.054765,-0.025798,0.080563,0.064361,-0.007492,0.071853
TFII.TO,2018-10-22,4,streak_4,-0.009584,-0.00371,-0.005874,-0.046658,-0.037608,-0.00905,-0.01034,-0.025798,0.015458,-0.117024,-0.007492,-0.109532
CNR.TO,2018-10-23,3,streak_3,-0.029258,-0.008272,-0.020985,-0.034493,-0.044827,0.010333,-0.021661,-0.034757,0.013096,-0.025665,-0.011607,-0.014057
CFP.TO,2018-10-24,6,streak_5plus,-0.06336,-0.024606,-0.038754,-0.05501,-0.025561,-0.029449,-0.088409,-0.012443,-0.075965,-0.205305,-0.005031,-0.200274
WPK.TO,2018-10-25,2,streak_2,-0.004799,0.001006,-0.005805,-0.017681,0.007928,-0.025609,-0.021975,0.012241,-0.034216,0.038141,0.024931,0.01321
ARE.TO,2018-10-25,2,streak_2,-0.016543,0.001006,-0.017549,0.146402,0.007928,0.138474,0.138958,0.012241,0.126717,0.139785,0.024931,0.114854
YRI.TO,2018-10-25,4,streak_4,-0.064706,0.001006,-0.065712,-0.120588,0.007928,-0.128516,-0.12647,0.012241,-0.138711,-0.048554,0.024931,-0.073485
PSK.TO,2018-10-29,2,streak_2,-0.029904,-0.011183,-0.018721,-0.054426,0.015516,-0.069941,-0.15012,0.008356,-0.158475,-0.110048,0.032932,-0.14298
WCN.TO,2018-10-29,8,streak_5plus,-0.005946,-0.011183,0.005237,0.017399,0.015516,0.001883,0.066733,0.008356,0.058377,0.117498,0.032932,0.084566
CIGI.TO,2018-10-30,8,streak_5plus,0.056916,0.011731,0.045185,0.081024,0.033685,0.047339,0.041506,0.0151,0.026406,0.002982,0.050354,-0.047371
SU.TO,2018-10-31,5,streak_5plus,0.015291,0.008916,0.006374,0.036086,0.026735,0.009351,-0.00581,0.018584,-0.024394,-0.014067,0.039619,-0.053686
TRP.TO,2018-11-01,4,streak_4,0.025854,0.008178,0.017676,0.044874,0.022765,0.022108,0.095691,0.011093,0.084598,0.141753,0.034158,0.107596
CNQ.TO,2018-11-01,6,streak_5plus,0.047815,0.008178,0.039637,0.059357,0.022765,0.036592,-0.074196,0.011093,-0.085289,-0.014015,0.034158,-0.048173
SNC.TO,2018-11-01,2,streak_2,-0.022256,0.008178,-0.030435,-0.008073,0.022765,-0.030839,0.045822,0.011093,0.034728,-0.217107,0.034158,-0.251265
OVV.TO,2018-11-01,4,streak_4,-0.12203,0.008178,-0.130209,-0.146688,0.022765,-0.169454,-0.311735,0.011093,-0.322828,-0.327394,0.034158,-0.361552
WTE.TO,2018-11-02,2,streak_2,-0.003764,-0.00204,-0.001725,0.062735,0.013683,0.049052,-0.007528,0.003142,-0.01067,-0.09473,0.023505,-0.118235
CCO.TO,2018-11-02,2,streak_2,0.008529,-0.00204,0.010568,0.104478,0.013683,0.090795,0.093106,0.003142,0.089964,0.09666,0.023505,0.073155
ENB.TO,2018-11-02,4,streak_4,-0.008152,-0.00204,-0.006113,0.04309,0.013683,0.029407,0.068323,0.003142,0.065181,0.184006,0.023505,0.160502
IGM.TO,2018-11-02,2,streak_2,0.028797,-0.00204,0.030837,0.03948,0.013683,0.025797,0.037622,0.003142,0.03448,0.038551,0.023505,0.015046
NTR.TO,2018-11-05,2,streak_2,-0.012282,0.006508,-0.01879,0.023674,0.010258,0.013415,-0.046102,0.010298,-0.0564,-0.048238,0.031946,-0.080184
FTT.TO,2018-11-05,2,streak_2,0.009641,0.006508,0.003132,-0.020158,0.010258,-0.030416,-0.026731,0.010298,-0.037029,-0.097721,0.031946,-0.129667
ESI.TO,2018-11-05,2,streak_2,0.070727,0.006508,0.064219,0.072692,0.010258,0.062433,0.001965,0.010298,-0.008333,-0.042468,0.031946,-0.074414
BHC.TO,2018-11-06,3,streak_3,0.052018,0.004928,0.047089,0.03707,-0.004028,0.041098,-0.029895,-0.010126,-0.019769,0.011061,0.031871,-0.02081
IFC.TO,2018-11-06,2,streak_2,0.001114,0.004928,-0.003814,0.003565,-0.004028,0.007593,-0.01504,-0.010126,-0.004914,0.005459,0.031871,-0.026412
TRI.TO,2018-11-06,2,streak_2,0.045906,0.004928,0.040978,0.051272,-0.004028,0.0553,0.19694,-0.010126,0.207066,0.241455,0.031871,0.209584
SCL.TO,2018-11-06,2,streak_2,0.021474,0.004928,0.016545,-0.081684,-0.004028,-0.077656,-0.186787,-0.010126,-0.17666,-0.15202,0.031871,-0.18389
NPI.TO,2018-11-06,3,streak_3,0.009302,0.004928,0.004374,0.044518,-0.004028,0.048546,0.122259,-0.010126,0.132386,0.231229,0.031871,0.199358
SLF.TO,2018-11-07,6,streak_5plus,0.008526,0.005015,0.00351,-0.0033,-0.010521,0.007221,-0.010726,-0.0072,-0.003527,-0.016502,0.027438,-0.04394
RUS.TO,2018-11-07,7,streak_5plus,0.02627,0.005015,0.021254,0.011092,-0.010521,0.021613,-0.100992,-0.0072,-0.093793,-0.050204,0.027438,-0.077642
TCN.TO,2018-11-07,9,streak_5plus,-0.013771,0.005015,-0.018787,-0.024364,-0.010521,-0.013843,-0.059322,-0.0072,-0.052122,-0.007415,0.027438,-0.034853
MFC.TO,2018-11-07,9,streak_5plus,-0.006583,0.005015,-0.011599,0.034891,-0.010521,0.045413,0.015142,-0.0072,0.022341,-0.0158,0.027438,-0.043238
IAG.TO,2018-11-07,3,streak_3,0.002419,0.005015,-0.002597,0.031174,-0.010521,0.041696,0.007794,-0.0072,0.014993,0.053212,0.027438,0.025774
ALS.TO,2018-11-07,4,streak_4,-0.008117,0.005015,-0.013132,-0.056006,-0.010521,-0.045485,-0.043019,-0.0072,-0.03582,-0.138799,0.027438,-0.166237
ADW-A.TO,2018-11-07,4,streak_4,0.002643,0.005015,-0.002372,-0.059031,-0.010521,-0.048509,-0.115418,-0.0072,-0.108219,-0.011454,0.027438,-0.038892
CSW-A.TO,2018-11-07,3,streak_3,0.02619,0.005015,0.021175,0.010317,-0.010521,0.020839,0.047619,-0.0072,0.054819,0.026984,0.027438,-0.000454
ADW-B.TO,2018-11-07,4,streak_4,0.0,0.005015,-0.005015,-0.073446,-0.010521,-0.062925,-0.100081,-0.0072,-0.092881,-0.024213,0.027438,-0.051651
SSRM.TO,2018-11-08,2,streak_2,-0.002427,-0.000774,-0.001653,0.105987,-0.015375,0.121362,0.11165,-0.028134,0.139784,0.408576,0.021731,0.386845
TOT.TO,2018-11-08,2,streak_2,0.014815,-0.000774,0.015589,0.020988,-0.015375,0.036362,0.058025,-0.028134,0.086159,0.059259,0.021731,0.037528
CAS.TO,2018-11-08,2,streak_2,0.074169,-0.000774,0.074943,0.097187,-0.015375,0.112561,0.219949,-0.028134,0.248083,-0.023018,0.021731,-0.044749
QBR-B.TO,2018-11-08,3,streak_3,0.024621,-0.000774,0.025396,0.071023,-0.015375,0.086397,0.072917,-0.028134,0.101051,0.192235,0.021731,0.170503
EFX.TO,2018-11-08,2,streak_2,-0.012743,-0.000774,-0.011969,0.061704,-0.015375,0.077078,-0.056338,-0.028134,-0.028204,-0.001341,0.021731,-0.023073
GCG-A.TO,2018-11-08,2,streak_2,-0.010096,-0.000774,-0.009321,-0.030287,-0.015375,-0.014912,-0.112115,-0.028134,-0.083981,-0.043571,0.021731,-0.065302
H.TO,2018-11-08,5,streak_5plus,-0.022293,-0.000774,-0.021519,-0.024204,-0.015375,-0.008829,0.084713,-0.028134,0.112847,0.074522,0.021731,0.052791
HWO.TO,2018-11-08,2,streak_2,0.009311,-0.000774,0.010085,-0.074488,-0.015375,-0.059113,-0.020484,-0.028134,0.00765,0.104283,0.021731,0.082552
EXE.TO,2018-11-08,4,streak_4,-0.00625,-0.000774,-0.005476,-0.05625,-0.015375,-0.040875,-0.091667,-0.028134,-0.063533,0.020833,0.021731,-0.000898
CIX.TO,2018-11-08,2,streak_2,0.02394,-0.000774,0.024714,0.063611,-0.015375,0.078986,-0.00342,-0.028134,0.024714,-0.02736,0.021731,-0.049091
EQB.TO,2018-11-08,2,streak_2,-0.03402,-0.000774,-0.033246,-0.031076,-0.015375,-0.015701,-0.058227,-0.028134,-0.030093,-0.035002,0.021731,-0.056733
RBA.TO,2018-11-08,2,streak_2,0.009456,-0.000774,0.010231,0.043341,-0.015375,0.058716,0.025479,-0.028134,0.053613,0.113475,0.021731,0.091744
GUD.TO,2018-11-08,5,streak_5plus,0.011111,-0.000774,0.011885,0.023457,-0.015375,0.038832,0.035802,-0.028134,0.063936,-0.041975,0.021731,-0.063707
FSZ.TO,2018-11-09,3,streak_3,0.035385,-0.005411,0.040796,-0.04,-0.013843,-0.026157,-0.101538,-0.036621,-0.064918,-0.026154,0.017959,-0.044112
ECN.TO,2018-11-12,2,streak_2,-0.035088,-0.007725,-0.027362,-0.008772,-0.007784,-0.000988,0.061404,-0.035753,0.097156,0.210526,0.019281,0.191246
ECN-PC.TO,2018-11-12,2,streak_2,0.001704,-0.007725,0.009429,-0.011925,-0.007784,-0.004141,-0.088586,-0.035753,-0.052833,-0.034072,0.019281,-0.053352
CF-PC.TO,2018-11-13,3,streak_3,0.0,-0.001623,0.001623,0.001889,-0.005635,0.007523,-0.119924,-0.032237,-0.087687,-0.012276,0.032046,-0.044322
CF.TO,2018-11-13,3,streak_3,-0.009881,-0.001623,-0.008258,0.045455,-0.005635,0.051089,-0.059289,-0.032237,-0.027051,-0.033597,0.032046,-0.065643
AIM-PC.TO,2018-11-14,3,streak_3,0.0,8.6e-05,-8.6e-05,-0.018966,-0.016839,-0.002127,0.025862,-0.023044,0.048906,0.093103,0.032706,0.060397
AIM.TO,2018-11-14,3,streak_3,-0.026316,8.6e-05,-0.026402,-0.026316,-0.016839,-0.009477,-0.121053,-0.023044,-0.098008,-0.015789,0.032706,-0.048495
L.TO,2018-11-14,7,streak_5plus,0.002492,8.6e-05,0.002406,-0.000831,-0.016839,0.016008,0.054817,-0.023044,0.077861,0.157807,0.032706,0.125101
GOOS.TO,2018-11-14,5,streak_5plus,0.098077,8.6e-05,0.097991,0.083366,-0.016839,0.100204,0.006711,-0.023044,0.029755,0.011485,0.032706,-0.021221
L-PB.TO,2018-11-14,7,streak_5plus,0.0,8.6e-05,-8.6e-05,-0.004044,-0.016839,0.012795,0.006355,-0.023044,0.029399,0.009821,0.032706,-0.022885
ATD.TO,2018-11-27,2,streak_2,-0.011175,-0.004569,-0.006605,0.045977,0.017472,0.028505,0.019796,-0.056452,0.076248,0.134738,0.070713,0.064025
RY-PZ.TO,2018-11-28,8,streak_5plus,0.015605,0.015203,0.000402,0.002497,0.007996,-0.0055,-0.078652,-0.04832,-0.030332,-0.060549,0.07059,-0.131139
RY.TO,2018-11-28,8,streak_5plus,0.027358,0.015203,0.012154,0.012785,0.007996,0.004789,-0.025021,-0.04832,0.023299,0.08771,0.07059,0.01712
TD.TO,2018-11-29,4,streak_4,-0.001666,0.001496,-0.003162,-0.021099,0.000745,-0.021844,-0.07792,-0.055921,-0.021998,0.031279,0.059125,-0.027846
DOO.TO,2018-11-30,9,streak_5plus,0.071241,0.00025,0.070991,-0.081249,-0.016915,-0.064334,-0.191565,-0.055733,-0.135833,-0.093877,0.055555,-0.149431
BMO.TO,2018-12-04,6,streak_5plus,-0.038382,-0.01384,-0.024543,-0.06906,-0.035791,-0.03327,-0.089421,-0.055542,-0.033879,0.060531,0.053493,0.007038
NA.TO,2018-12-05,12,streak_5plus,0.00244,0.0079,-0.00546,-0.022626,-0.026275,0.003649,-0.034383,-0.037143,0.002759,0.041925,0.065914,-0.023988
ENGH.TO,2018-12-13,3,streak_3,-0.023542,-0.002212,-0.02133,0.043921,-0.035108,0.079029,0.036543,0.017804,0.018738,-0.047435,0.091814,-0.139249
ATZ.TO,2019-01-09,4,streak_4,0.046144,0.01366,0.032485,0.021492,0.030202,-0.00871,0.118837,0.075802,0.043035,0.178255,0.123388,0.054868
CGO.TO,2019-01-10,2,streak_2,0.017457,0.006674,0.010784,0.112355,0.02071,0.091645,0.145479,0.060704,0.084775,0.29812,0.103467,0.194653
SJR-B.TO,2019-01-14,2,streak_2,0.037272,0.00243,0.034842,0.036118,0.024406,0.011712,0.041889,0.042151,-0.000262,0.060327,0.09775,-0.037422
CP.TO,2019-01-23,3,streak_3,0.001012,-0.001674,0.002685,0.041473,0.015052,0.026421,0.043091,0.050355,-0.007264,0.130285,0.094238,0.036047
RCI-B.TO,2019-01-24,9,streak_5plus,-0.023009,0.004767,-0.027776,-0.037825,0.018168,-0.055992,0.008192,0.052912,-0.044719,-0.08175,0.090622,-0.172372
CNR.TO,2019-01-29,4,streak_4,-0.004624,0.005495,-0.010119,-0.018498,0.014546,-0.033044,0.027746,0.045238,-0.017492,0.142945,0.079448,0.063497
GIB-A.TO,2019-01-30,2,streak_2,-0.0028,0.00139,-0.004191,0.028005,0.015495,0.01251,0.024037,0.034657,-0.010619,0.119137,0.072275,0.046861
IMO.TO,2019-02-01,2,streak_2,-0.046519,-0.002207,-0.044312,-0.034808,0.010476,-0.045284,-0.021145,0.032013,-0.053158,0.032856,0.056002,-0.023146
IFC.TO,2019-02-05,3,streak_3,0.000776,0.006435,-0.005659,0.051785,-0.002141,0.053926,0.049678,0.031393,0.018286,0.053116,0.05712,-0.004004
CCO.TO,2019-02-08,3,streak_3,-0.029751,-0.004464,-0.025287,-0.043109,-0.000471,-0.042637,-0.058288,0.02565,-0.083938,-0.173649,0.03938,-0.213029
CF-PC.TO,2019-02-12,4,streak_4,-0.013208,0.004702,-0.017909,0.001887,0.023669,-0.021782,0.024528,0.037324,-0.012796,-0.010377,0.040112,-0.050489
CF.TO,2019-02-12,4,streak_4,0.014523,0.004702,0.009821,0.037344,0.023669,0.013675,0.006224,0.037324,-0.0311,-0.155602,0.040112,-0.195714
GSY.TO,2019-02-13,2,streak_2,0.024026,-0.000984,0.02501,0.099912,0.024875,0.075037,0.049224,0.028481,0.020743,0.249341,0.041069,0.208272
ABX.TO,2019-02-13,2,streak_2,-0.038943,-0.000984,-0.037958,0.023644,0.024875,-0.001231,-0.015299,0.028481,-0.04378,-0.052156,0.041069,-0.093224
CIGI.TO,2019-02-13,9,streak_5plus,0.019048,-0.000984,0.020032,0.025397,0.024875,0.000522,-0.021995,0.028481,-0.050476,-0.081746,0.041069,-0.122815
CSW-A.TO,2019-02-13,4,streak_4,0.003906,-0.000984,0.004891,-0.009375,0.024875,-0.03425,-0.027344,0.028481,-0.055825,-0.039844,0.041069,-0.080912
SLF.TO,2019-02-13,7,streak_5plus,-0.013333,-0.000984,-0.012349,0.055887,0.024875,0.031011,0.087092,0.028481,0.058611,0.139858,0.041069,0.098789
WCN.TO,2019-02-13,9,streak_5plus,-0.010765,-0.000984,-0.00978,-0.022372,0.024875,-0.047247,0.007301,0.028481,-0.02118,0.114855,0.041069,0.073787
IAG.TO,2019-02-13,4,streak_4,-0.01233,-0.000984,-0.011345,0.040072,0.024875,0.015197,0.037503,0.028481,0.009022,0.030568,0.041069,-0.010501
T.TO,2019-02-14,2,streak_2,-0.001228,0.004435,-0.005662,0.00798,0.023946,-0.015966,0.038674,0.032873,0.005801,0.06016,0.044245,0.015915
AEM.TO,2019-02-14,2,streak_2,0.010344,0.004435,0.005909,0.037365,0.023946,0.013419,0.063542,0.032873,0.030669,0.004433,0.044245,-0.039812
TRP.TO,2019-02-14,5,streak_5plus,0.012542,0.004435,0.008108,0.053567,0.023946,0.029621,0.081526,0.032873,0.048653,0.167233,0.044245,0.122988
GOOS.TO,2019-02-14,6,streak_5plus,-0.126563,0.004435,-0.130998,-0.098622,0.023946,-0.122568,-0.128732,0.032873,-0.161605,-0.1568,0.044245,-0.201045
YRI.TO,2019-02-14,5,streak_5plus,-0.011561,0.004435,-0.015995,0.026012,0.023946,0.002066,-0.014451,0.032873,-0.047324,-0.204094,0.044245,-0.248339
CTC-A.TO,2019-02-14,2,streak_2,-0.047586,0.004435,-0.05202,-0.012842,0.023946,-0.036788,-0.019791,0.032873,-0.052664,-0.047234,0.044245,-0.091478
BN.TO,2019-02-14,5,streak_5plus,-0.001581,0.004435,-0.006016,0.02214,0.023946,-0.001806,0.084871,0.032873,0.051998,0.124407,0.044245,0.080162
CTC.TO,2019-02-14,2,streak_2,0.029986,0.004435,0.025551,0.091799,0.023946,0.067852,0.053501,0.032873,0.020628,0.0,0.044245,-0.044245
FM.TO,2019-02-14,2,streak_2,0.009559,0.004435,0.005124,0.070588,0.023946,0.046642,0.055147,0.032873,0.022274,-0.161029,0.044245,-0.205274
ENB.TO,2019-02-15,5,streak_5plus,0.00099,0.00906,-0.00807,0.028044,0.020196,0.007847,0.039261,0.035385,0.003876,0.069944,0.047649,0.022295
EMA.TO,2019-02-19,2,streak_2,-0.006,0.006263,-0.012263,-0.000667,0.013815,-0.014481,0.054667,0.022092,0.032575,0.127333,0.035585,0.091748
EMA-PH.TO,2019-02-19,2,streak_2,0.0,0.006263,-0.006263,-0.001913,0.013815,-0.015728,0.017219,0.022092,-0.004873,0.042092,0.035585,0.006507
BHC.TO,2019-02-20,4,streak_4,-0.052742,0.005886,-0.058627,-0.086605,0.008188,-0.094793,0.010189,0.014444,-0.004255,-0.015583,0.030689,-0.046272
OR.TO,2019-02-20,2,streak_2,0.000791,0.005886,-0.005094,0.092563,0.008188,0.084375,0.125,0.014444,0.110556,-0.021361,0.030689,-0.05205
L.TO,2019-02-21,8,streak_5plus,-0.015065,-0.00189,-0.013175,-0.01363,0.002688,-0.016318,0.005739,0.013312,-0.007573,0.069584,0.018476,0.051107
EFX.TO,2019-02-21,3,streak_3,0.008878,-0.00189,0.010768,0.11097,0.002688,0.108282,0.112873,0.013312,0.099561,0.031072,0.018476,0.012595
L-PB.TO,2019-02-21,8,streak_5plus,-0.001723,-0.00189,0.000167,0.001149,0.002688,-0.00154,0.013785,0.013312,0.000474,0.040781,0.018476,0.022305
MG.TO,2019-02-22,2,streak_2,0.030078,0.000756,0.029322,-0.000725,-0.000119,-0.000606,-0.078275,0.005525,-0.0838,-0.143685,0.010231,-0.153916
PRMW.TO,2019-02-22,2,streak_2,-0.11532,0.000756,-0.116077,-0.038997,-0.000119,-0.038878,-0.038997,0.005525,-0.044522,-0.126462,0.010231,-0.136693
HCG.TO,2019-02-22,2,streak_2,0.00242,0.000756,0.001664,0.018149,-0.000119,0.018268,-0.031458,0.005525,-0.036983,0.095584,0.010231,0.085353
BMO.TO,2019-02-26,7,streak_5plus,0.025007,0.000679,0.024328,0.041451,-0.001177,0.042629,0.019571,0.006116,0.013455,0.053547,0.018042,0.035505
WN.TO,2019-02-26,2,streak_2,-0.031873,0.000679,-0.032551,-0.016733,-0.001177,-0.015556,0.00996,0.006116,0.003844,0.084462,0.018042,0.06642
PSI.TO,2019-02-26,2,streak_2,-0.016057,0.000679,-0.016735,0.003211,-0.001177,0.004388,-0.008992,0.006116,-0.015107,-0.031471,0.018042,-0.049513
TRI.TO,2019-02-26,3,streak_3,0.029454,0.000679,0.028776,0.034283,-0.001177,0.03546,0.112184,0.006116,0.106068,0.262514,0.018042,0.244472
TCN.TO,2019-02-27,10,streak_5plus,-0.005285,0.000398,-0.005684,0.039112,0.001158,0.037954,0.070825,0.00402,0.066804,-0.027484,0.014289,-0.041773
TFII.TO,2019-02-27,5,streak_5plus,0.012128,0.000398,0.01173,0.013782,0.001158,0.012624,-0.016538,0.00402,-0.020558,0.072216,0.014289,0.057927
INE.TO,2019-02-27,2,streak_2,-0.005401,0.000398,-0.005799,-0.024302,0.001158,-0.02546,-0.024302,0.00402,-0.028323,-0.033303,0.014289,-0.047593
WCP.TO,2019-02-28,2,streak_2,-0.028302,-0.004684,-0.023617,-0.091195,0.001107,-0.092302,-0.062893,0.005052,-0.067945,-0.028302,0.003558,-0.03186
CU-X.TO,2019-02-28,2,streak_2,0.00884,-0.004684,0.013524,0.032044,0.001107,0.030937,0.068508,0.005052,0.063457,0.117495,0.003558,0.113937
ACO-Y.TO,2019-02-28,2,streak_2,0.016273,-0.004684,0.020957,0.047283,0.001107,0.046175,0.05588,0.005052,0.050828,0.078907,0.003558,0.075348
CU.TO,2019-02-28,2,streak_2,0.016762,-0.004684,0.021447,0.042927,0.001107,0.04182,0.066639,0.005052,0.061588,0.115699,0.003558,0.112141
ECN.TO,2019-02-28,3,streak_3,0.0,-0.004684,0.004684,0.049645,0.001107,0.048538,0.085106,0.005052,0.080055,0.049645,0.003558,0.046087
ACO-X.TO,2019-02-28,2,streak_2,0.017587,-0.004684,0.022272,0.043197,0.001107,0.042089,0.05091,0.005052,0.045859,0.074668,0.003558,0.07111
OVV.TO,2019-02-28,5,streak_5plus,0.067467,-0.004684,0.072151,0.034133,0.001107,0.033026,0.0624,0.005052,0.057348,-0.125867,0.003558,-0.129425
ECN-PC.TO,2019-02-28,3,streak_3,0.002473,-0.004684,0.007158,0.004122,0.001107,0.003015,0.00742,0.005052,0.002368,0.023083,0.003558,0.019525
SCL.TO,2019-03-06,3,streak_3,-0.009681,0.000348,-0.010029,0.052275,0.003121,0.049154,0.010827,0.012023,-0.001195,-0.142073,0.004954,-0.147028
CWB.TO,2019-03-07,2,streak_2,-0.023355,-0.002212,-0.021142,-0.021231,0.003598,-0.024829,-0.047983,0.01364,-0.061623,-0.045435,0.007494,-0.05293
ESI.TO,2019-03-08,3,streak_3,0.028846,-0.003755,0.032602,0.030769,0.001937,0.028832,0.1166,0.021156,0.095444,-0.036467,0.010669,-0.047135
BDGI.TO,2019-03-12,2,streak_2,-0.016964,0.001894,-0.018858,0.093155,0.009015,0.08414,0.133036,0.014299,0.118737,0.229762,0.006836,0.222926
ET.TO,2019-03-13,2,streak_2,0.008188,0.000824,0.007364,0.065507,0.003185,0.062321,0.126919,0.016088,0.110832,0.121801,0.006947,0.114855
QBR-B.TO,2019-03-13,4,streak_4,-0.020024,0.000824,-0.020848,-0.014134,0.003185,-0.01732,0.016883,0.016088,0.000795,-0.002356,0.006947,-0.009303
WTE.TO,2019-03-18,3,streak_3,-0.028771,0.006877,-0.035649,0.042768,-0.003166,0.045934,0.105754,0.02324,0.082514,0.161742,0.010006,0.151736
FSZ.TO,2019-03-22,4,streak_4,0.016103,-0.00956,0.025663,0.049919,-0.005485,0.055404,0.056361,0.020481,0.03588,0.040258,0.020327,0.019931
DOO.TO,2019-03-22,10,streak_5plus,-0.075266,-0.00956,-0.065706,0.003818,-0.005485,0.009303,0.08372,0.020481,0.063239,0.242705,0.020327,0.222378
CGO.TO,2019-04-09,3,streak_3,-0.024718,-0.004315,-0.020403,0.042711,0.006595,0.036116,0.0755,-0.000603,0.076104,0.046746,0.008405,0.038342
TFII.TO,2019-04-23,6,streak_5plus,0.01295,0.005556,0.007394,0.028749,0.001393,0.027356,0.021756,-0.015075,0.036831,-0.087542,-0.003523,-0.084019
WCN.TO,2019-04-24,10,streak_5plus,0.005873,-0.004973,0.010846,0.03769,-0.005321,0.043011,0.068016,-0.030283,0.0983,0.043737,-0.005801,0.049539
CU-X.TO,2019-04-25,3,streak_3,0.006577,-0.000627,0.007204,0.004154,-0.005046,0.0092,0.022499,-0.021493,0.043993,-0.021807,0.001525,-0.023332
PD.TO,2019-04-25,2,streak_2,-0.047493,-0.000627,-0.046866,-0.176781,-0.005046,-0.171735,-0.327177,-0.021493,-0.305683,-0.401055,0.001525,-0.402581
CU.TO,2019-04-25,3,streak_3,0.00692,-0.000627,0.007547,0.009996,-0.005046,0.015042,0.033064,-0.021493,0.054558,-0.013072,0.001525,-0.014597
AEM.TO,2019-04-25,3,streak_3,0.001484,-0.000627,0.002111,0.007634,-0.005046,0.01268,0.009118,-0.021493,0.030611,0.293893,0.001525,0.292368
FM.TO,2019-04-29,3,streak_3,-0.030344,-0.000788,-0.029555,-0.115981,-0.007169,-0.108812,-0.337154,-0.019021,-0.318134,-0.168577,-0.004966,-0.163611
OVV.TO,2019-04-30,6,streak_5plus,-0.028233,-0.001187,-0.027046,-0.034535,-0.00644,-0.028095,-0.173683,-0.028246,-0.145437,-0.4303,-0.006518,-0.423782
ALA.TO,2019-05-02,2,streak_2,0.03415,-0.005569,0.039719,0.051967,-0.006387,0.058354,0.100223,-0.028195,0.128418,0.14922,-0.005829,0.15505
WTE.TO,2019-05-03,4,streak_4,0.009407,0.005088,0.004319,0.067294,-0.005429,0.072723,0.096961,-0.024069,0.12103,0.039074,-0.002066,0.04114
TRP.TO,2019-05-03,6,streak_5plus,-0.011786,0.005088,-0.016874,-0.005666,-0.005429,-0.000237,0.031052,-0.024069,0.055121,0.036491,-0.002066,0.038557
GEI.TO,2019-05-06,2,streak_2,-0.002128,-5.5e-05,-0.002073,0.016312,-0.011931,0.028243,0.041135,-0.019898,0.061032,0.073759,-0.013502,0.08726
AD-UN.TO,2019-05-06,2,streak_2,-0.002812,-5.5e-05,-0.002757,0.013121,-0.011931,0.025052,0.014995,-0.019898,0.034893,0.142455,-0.013502,0.155957
AC.TO,2019-05-06,2,streak_2,0.049375,-5.5e-05,0.04943,0.077037,-0.011931,0.088969,0.172219,-0.019898,0.192117,0.32094,-0.013502,0.334442
BHC.TO,2019-05-06,5,streak_5plus,0.091632,-5.5e-05,0.091687,0.080496,-0.011931,0.092428,-0.089405,-0.019898,-0.069507,0.004136,-0.013502,0.017638
TCN.TO,2019-05-07,11,streak_5plus,-0.010672,-0.008228,-0.002445,-0.008538,-0.018195,0.009657,-0.01921,-0.017025,-0.002185,-0.042689,-0.020857,-0.021833
EIF.TO,2019-05-07,2,streak_2,-0.001635,-0.008228,0.006592,0.022895,-0.018195,0.04109,0.043745,-0.017025,0.06077,0.077269,-0.020857,0.098126
IFC.TO,2019-05-07,4,streak_4,-0.009266,-0.008228,-0.001039,0.04991,-0.018195,0.068106,0.06939,-0.017025,0.086415,0.141413,-0.020857,0.16227
CSW-A.TO,2019-05-08,5,streak_5plus,-0.004055,0.002421,-0.006476,-0.003244,-0.004481,0.001237,0.020276,-0.007947,0.028223,-0.005677,-0.005661,-1.6e-05
ABX.TO,2019-05-08,3,streak_3,-0.010791,0.002421,-0.013212,-0.019424,-0.004481,-0.014943,0.061871,-0.007947,0.069818,0.411511,-0.005661,0.417172
TRI.TO,2019-05-08,4,streak_4,0.029887,0.002421,0.027466,0.052303,-0.004481,0.056784,0.074446,-0.007947,0.082394,0.094824,-0.005661,0.100485
ECN.TO,2019-05-08,4,streak_4,-0.02,0.002421,-0.022421,0.026667,-0.004481,0.031148,0.026667,-0.007947,0.034614,0.093333,-0.005661,0.098994
ECN-PC.TO,2019-05-08,4,streak_4,-0.002433,0.002421,-0.004854,0.0,-0.004481,0.004481,-0.001622,-0.007947,0.006325,-0.01541,-0.005661,-0.009749
SSRM.TO,2019-05-09,3,streak_3,-0.003489,-0.004611,0.001121,-0.007676,-0.004836,-0.00284,0.057223,-0.010148,0.067371,0.493371,0.000433,0.492938
FSZ.TO,2019-05-09,5,streak_5plus,0.007788,-0.004611,0.012399,0.004673,-0.004836,0.009509,-0.009346,-0.010148,0.000802,-0.093458,0.000433,-0.093891
GUD.TO,2019-05-09,6,streak_5plus,-0.004,-0.004611,0.000611,-0.008,-0.004836,-0.003164,-0.012,-0.010148,-0.001852,-0.008,0.000433,-0.008433
X.TO,2019-05-09,2,streak_2,0.000701,-0.004611,0.005311,0.103714,-0.004836,0.10855,0.081289,-0.010148,0.091437,0.351086,0.000433,0.350653
STN.TO,2019-05-09,2,streak_2,-0.002769,-0.004611,0.001841,0.060575,-0.004836,0.065411,0.028037,-0.010148,0.038185,-0.064382,0.000433,-0.064815
BN.TO,2019-05-09,6,streak_5plus,-0.015618,-0.004611,-0.011007,0.009465,-0.004836,0.014301,0.005679,-0.010148,0.015827,0.051112,0.000433,0.050679
EMA-PH.TO,2019-05-09,3,streak_3,-0.00184,-0.004611,0.00277,0.017178,-0.004836,0.022014,-0.020859,-0.010148,-0.010711,0.052761,0.000433,0.052328
EMA.TO,2019-05-09,3,streak_3,-0.001809,-0.004611,0.002801,0.011158,-0.004836,0.015994,0.050663,-0.010148,0.060811,0.120929,0.000433,0.120496
FR.TO,2019-05-09,2,streak_2,0.020434,-0.004611,0.025045,0.010217,-0.004836,0.015053,0.081737,-0.010148,0.091885,0.812261,0.000433,0.811828
LAS-A.TO,2019-05-10,2,streak_2,-6.7e-05,-0.001483,0.001416,0.063669,0.007481,0.056188,0.111505,-0.006464,0.117968,0.057122,0.001195,0.055927
ENB.TO,2019-05-10,6,streak_5plus,0.004765,-0.001483,0.006248,0.030178,0.007481,0.022697,-0.030813,-0.006464,-0.024349,-0.078145,0.001195,-0.07934
KXS.TO,2019-05-10,2,streak_2,0.038477,-0.001483,0.03996,0.038204,0.007481,0.030724,0.118979,-0.006464,0.125443,0.115159,0.001195,0.113964
RNW.TO,2019-05-13,2,streak_2,-0.004717,-0.006394,0.001677,0.000943,0.006394,-0.00545,0.020755,-0.002994,0.023749,-0.034906,-0.003669,-0.031236
ESI.TO,2019-05-13,4,streak_4,-0.013462,-0.006394,-0.007068,0.094231,0.006394,0.087837,-0.057692,-0.002994,-0.054698,-0.381089,-0.003669,-0.37742
LNF.TO,2019-05-14,2,streak_2,0.008764,0.005626,0.003139,0.04645,0.014395,0.032056,0.014899,0.002087,0.012812,0.026293,0.00972,0.016573
SCL.TO,2019-05-14,4,streak_4,0.033907,0.005626,0.028282,-0.002153,0.014395,-0.016548,-0.050966,0.002087,-0.053053,-0.077554,0.00972,-0.087274
QST.V,2019-05-15,2,streak_2,0.054,0.002063,0.051937,0.03,0.002634,0.027366,-0.04,-0.002776,-0.037224,-0.05,-0.014652,-0.035348
BYD.TO,2019-05-15,2,streak_2,0.06598,0.002063,0.063917,0.08711,0.002634,0.084475,0.08804,-0.002776,0.090816,0.128771,-0.014652,0.143423
ATS.TO,2019-05-16,2,streak_2,0.048621,0.007709,0.040912,0.03609,-0.009407,0.045497,0.071679,-0.000993,0.072672,-0.049123,-0.018728,-0.030395
HRX.TO,2019-05-23,2,streak_2,0.026316,-0.009971,0.036287,0.025674,-0.011998,0.037672,0.225289,0.015152,0.210136,0.150193,-0.001115,0.151307
GOOS.TO,2019-05-29,7,streak_5plus,-0.310521,-0.010186,-0.300335,-0.304217,-0.008056,-0.296161,-0.284106,0.000902,-0.285008,-0.262494,-0.006989,-0.255506
PTK.V,2019-05-30,2,streak_2,0.0,-0.002622,0.002622,0.0,0.005034,-0.005034,0.026316,0.010923,0.015393,-0.026316,0.008691,-0.035007
DOO.TO,2019-05-30,11,streak_5plus,0.155807,-0.002622,0.158429,0.172024,0.005034,0.166991,0.294237,0.010923,0.283314,0.113235,0.008691,0.104544
ET.TO,2019-06-20,3,streak_3,0.0,0.003815,-0.003815,0.006404,-0.012088,0.018493,0.092406,-0.001569,0.093975,0.020128,0.020991,-0.000863
CGO.TO,2019-07-10,4,streak_4,-0.00241,0.001094,-0.003504,0.151968,-0.002587,0.154555,0.17012,-0.008504,0.178624,0.163373,-0.015183,0.178556
ATZ.TO,2019-07-11,5,streak_5plus,-0.017386,-0.002137,-0.015249,-0.005995,-0.004776,-0.001219,0.085132,-0.013403,0.098535,-0.041367,-0.011073,-0.030294
PSK.TO,2019-07-22,2,streak_2,-0.008953,0.002002,-0.010955,-0.070937,0.002736,-0.073672,-0.084711,-0.016535,-0.068175,-0.151515,-0.004088,-0.147427
AEM.TO,2019-07-24,4,streak_4,0.009429,0.002359,0.00707,0.019189,-0.006432,0.025622,0.128536,-0.019261,0.147797,0.011745,-0.014288,0.026034
AD-UN.TO,2019-07-24,3,streak_3,0.010708,0.002359,0.008349,0.021417,-0.006432,0.027849,-0.012356,-0.019261,0.006905,-0.00659,-0.014288,0.007699
TFII.TO,2019-07-25,7,streak_5plus,-0.007852,-0.007441,-0.000411,0.062255,-0.012353,0.074607,-0.05917,-0.034566,-0.024604,0.077398,-0.014598,0.091996
CU-X.TO,2019-07-25,4,streak_4,-0.002831,-0.007441,0.00461,0.014154,-0.012353,0.026507,0.086341,-0.034566,0.120907,0.100495,-0.014598,0.115094
YRI.TO,2019-07-25,6,streak_5plus,-0.007916,-0.007441,-0.000475,0.029024,-0.012353,0.041376,0.274406,-0.034566,0.308972,0.174131,-0.014598,0.188729
ARE.TO,2019-07-25,2,streak_2,-0.014696,-0.007441,-0.007255,0.0167,-0.012353,0.029053,-0.068804,-0.034566,-0.034238,-0.094856,-0.014598,-0.080258
WPK.TO,2019-07-25,2,streak_2,0.006358,-0.007441,0.013798,0.02755,-0.012353,0.039902,0.02543,-0.034566,0.059996,0.046358,-0.014598,0.060956
CU.TO,2019-07-25,4,streak_4,0.000779,-0.007441,0.00822,0.007012,-0.012353,0.019365,0.07947,-0.034566,0.114036,0.092326,-0.014598,0.106924
PD.TO,2019-07-25,3,streak_3,-0.039648,-0.007441,-0.032207,0.0,-0.012353,0.012353,-0.370044,-0.034566,-0.335478,-0.400881,-0.014598,-0.386283
MEG.TO,2019-07-30,2,streak_2,0.052525,-0.001583,0.054108,-0.00404,-0.020779,0.016739,-0.052525,-0.01337,-0.039155,0.050505,-0.004493,0.054998
CG.TO,2019-07-30,2,streak_2,0.018378,-0.001583,0.019961,0.022703,-0.020779,0.043482,0.163243,-0.01337,0.176613,0.16,-0.004493,0.164493
AC.TO,2019-07-30,3,streak_3,0.035485,-0.001583,0.037067,-0.020625,-0.020779,0.000154,-0.053227,-0.01337,-0.039857,0.051674,-0.004493,0.056167
K.TO,2019-07-31,2,streak_2,-0.049407,-0.003613,-0.045794,0.195652,-0.012201,0.207853,0.177866,-0.004956,0.182821,0.124506,0.002144,0.122362
OVV.TO,2019-07-31,7,streak_5plus,0.048791,-0.003613,0.052404,-0.036697,-0.012201,-0.024496,0.040033,-0.004956,0.044989,-0.034612,0.002144,-0.036756
ALA.TO,2019-08-01,3,streak_3,-0.00323,-0.001804,-0.001426,-0.007752,-0.000128,-0.007624,-0.102067,0.002164,-0.104231,-0.040052,0.004669,-0.044721
PKI.TO,2019-08-01,2,streak_2,0.005222,-0.001804,0.007026,0.008703,-0.000128,0.008831,-0.035103,0.002164,-0.037267,0.021178,0.004669,0.016509
TRI.TO,2019-08-01,5,streak_5plus,0.017568,-0.001804,0.019372,0.007278,-0.000128,0.007406,0.037771,0.002164,0.035608,0.004016,0.004669,-0.000653
TRP.TO,2019-08-01,7,streak_5plus,0.005718,-0.001804,0.007522,-0.015835,-0.000128,-0.015707,0.055641,0.002164,0.053477,0.038487,0.004669,0.033818
KXS.TO,2019-08-01,3,streak_3,0.006143,-0.001804,0.007947,0.012407,-0.000128,0.012535,-0.065767,0.002164,-0.067931,0.013129,0.004669,0.008461
CNQ.TO,2019-08-01,2,streak_2,-0.035436,-0.001804,-0.033632,-0.032844,-0.000128,-0.032716,-0.048401,0.002164,-0.050565,0.004322,0.004669,-0.000347
EDV.TO,2019-08-01,2,streak_2,0.071672,-0.001804,0.073476,0.111165,-0.000128,0.111293,0.052657,0.002164,0.050493,-0.032667,0.004669,-0.037336
FFH.TO,2019-08-01,2,streak_2,-0.005283,-0.001804,-0.003479,-0.005649,-0.000128,-0.005521,-0.02978,0.002164,-0.031944,-0.087421,0.004669,-0.09209
GIL.TO,2019-08-01,2,streak_2,-0.002798,-0.001804,-0.000993,-0.037228,-0.000128,-0.0371,-0.057456,0.002164,-0.05962,-0.350118,0.004669,-0.354787
ENB.TO,2019-08-02,7,streak_5plus,-0.003466,-0.00643,0.002964,0.005893,-0.00218,0.008072,0.021144,0.001356,0.019788,0.109185,0.013256,0.095929
GEI.TO,2019-08-06,3,streak_3,-0.023118,-0.00751,-0.015608,0.01255,-0.002083,0.014633,0.016513,0.010884,0.005629,0.027741,0.024466,0.003275
BTO.TO,2019-08-06,2,streak_2,0.063953,-0.00751,0.071463,0.125,-0.002083,0.127083,0.113372,0.010884,0.102488,0.046512,0.024466,0.022046
MRE.TO,2019-08-06,2,streak_2,-0.025219,-0.00751,-0.017709,-0.002193,-0.002083,-0.00011,-0.003289,0.010884,-0.014173,0.086623,0.024466,0.062157
CF-PC.TO,2019-08-06,5,streak_5plus,-0.001907,-0.00751,0.005603,0.011439,-0.002083,0.013523,0.015253,0.010884,0.004369,0.033365,0.024466,0.008899
WTE.TO,2019-08-06,5,streak_5plus,-0.009838,-0.00751,-0.002328,0.018271,-0.002083,0.020355,0.000703,0.010884,-0.010181,0.128602,0.024466,0.104136
CF.TO,2019-08-06,5,streak_5plus,0.002304,-0.00751,0.009814,-0.0553,-0.002083,-0.053216,-0.050691,0.010884,-0.061575,0.034562,0.024466,0.010096
ECN.TO,2019-08-07,5,streak_5plus,-0.017964,0.007164,-0.025128,-0.017964,0.012465,-0.030429,-0.005988,0.026335,-0.032323,-0.017964,0.032967,-0.050931
NPI.TO,2019-08-07,2,streak_2,0.004637,0.007164,-0.002528,0.004122,0.012465,-0.008343,0.007728,0.026335,-0.018607,0.032973,0.032967,6e-06
X.TO,2019-08-07,3,streak_3,0.003501,0.007164,-0.003664,0.117853,0.012465,0.105388,0.160443,0.026335,0.134108,0.131855,0.032967,0.098888
FNV.TO,2019-08-07,2,streak_2,0.028412,0.007164,0.021247,0.028678,0.012465,0.016213,0.084081,0.026335,0.057745,0.054248,0.032967,0.021281
PAAS.TO,2019-08-07,2,streak_2,0.018715,0.007164,0.011551,-0.000506,0.012465,-0.012971,0.080425,0.026335,0.05409,-0.011634,0.032967,-0.044601
MFC.TO,2019-08-07,2,streak_2,-0.006858,0.007164,-0.014022,0.014963,0.012465,0.002498,0.038653,0.026335,0.012318,0.158354,0.032967,0.125387
ECN-PC.TO,2019-08-07,5,streak_5plus,-0.004918,0.007164,-0.012082,-0.002459,0.012465,-0.014924,-0.021311,0.026335,-0.047647,0.021311,0.032967,-0.011656
SCL.TO,2019-08-08,5,streak_5plus,-0.005354,0.008564,-0.013918,-0.017846,-0.013483,-0.004364,-0.018246,0.016606,-0.034852,-0.159355,0.029535,-0.18889
GCG-A.TO,2019-08-08,2,streak_2,0.01334,0.008564,0.004776,0.010262,-0.013483,0.023744,-0.003079,0.016606,-0.019685,0.076963,0.029535,0.047427
AIF.TO,2019-08-08,2,streak_2,0.004396,0.008564,-0.004169,0.10832,-0.013483,0.121803,0.113344,0.016606,0.096738,0.080063,0.029535,0.050527
GUD.TO,2019-08-08,7,streak_5plus,0.00813,0.008564,-0.000434,0.052846,-0.013483,0.066328,0.055556,0.016606,0.03895,0.130081,0.029535,0.100546
SSRM.TO,2019-08-08,4,streak_4,0.008008,0.008564,-0.000557,-0.059821,-0.013483,-0.046338,-0.076778,0.016606,-0.093384,-0.111163,0.029535,-0.140699
WSP.TO,2019-08-08,2,streak_2,0.022555,0.008564,0.013991,-0.015878,-0.013483,-0.002395,0.016471,0.016606,-0.000135,0.178365,0.029535,0.148829
CRON.TO,2019-08-08,2,streak_2,-0.035639,0.008564,-0.044204,-0.072327,-0.013483,-0.058844,-0.176625,0.016606,-0.193231,-0.422956,0.029535,-0.452491
HRX.TO,2019-08-09,3,streak_3,0.047696,-0.003853,0.051548,-0.046088,-0.023896,-0.022192,-0.07985,0.005523,-0.085373,-0.024116,0.024463,-0.048579
EMA.TO,2019-08-12,4,streak_4,0.007574,-0.006334,0.013907,0.019205,-0.011719,0.030924,0.012443,0.011994,0.000448,-0.037598,0.032806,-0.070405
EMA-PH.TO,2019-08-12,4,streak_4,-0.004063,-0.006334,0.002271,-0.009867,-0.011719,0.001852,-0.00058,0.011994,-0.012575,0.024956,0.032806,-0.00785
GOOS.TO,2019-08-14,8,streak_5plus,-0.066702,-0.018647,-0.048054,-0.092262,-0.008409,-0.083853,0.00105,0.017889,-0.016839,-0.093487,0.034163,-0.127651
AIM-PC.TO,2019-08-14,2,streak_2,-0.013699,-0.018647,0.004949,-0.00274,-0.008409,0.00567,-0.00274,0.017889,-0.020629,0.094064,0.034163,0.0599
FSZ.TO,2019-08-14,6,streak_5plus,-0.010327,-0.018647,0.00832,-0.049914,-0.008409,-0.041505,-0.037866,0.017889,-0.055755,0.10327,0.034163,0.069107
AIM.TO,2019-08-14,2,streak_2,-0.015015,-0.018647,0.003632,-0.003003,-0.008409,0.005406,0.012012,0.017889,-0.005877,0.111111,0.034163,0.076948
LNF.TO,2019-08-14,3,streak_3,0.0,-0.018647,0.018647,-0.01281,-0.008409,-0.0044,0.038429,0.017889,0.02054,-0.031597,0.034163,-0.06576
ITR.V,2019-08-27,2,streak_2,0.0558,0.005267,0.050533,0.129222,0.01866,0.110562,0.202643,0.042581,0.160062,0.0558,0.058023,-0.002223
DOO.TO,2019-08-29,12,streak_5plus,0.155307,0.006932,0.148375,0.217222,0.018627,0.198594,0.258845,0.025972,0.232873,0.600937,0.050941,0.549995
GBT.TO,2019-09-05,2,streak_2,0.004479,0.00766,-0.003181,0.00224,0.009867,-0.007627,-0.033595,-0.004851,-0.028743,0.059351,0.026956,0.032394
TCL-A.TO,2019-09-05,2,streak_2,0.040331,0.00766,0.032671,0.058945,0.009867,0.049078,0.068252,-0.004851,0.073104,0.010341,0.026956,-0.016615
TCL-B.TO,2019-09-05,2,streak_2,0.041346,0.00766,0.033686,0.041346,0.009867,0.031479,0.010577,-0.004851,0.015428,0.004808,0.026956,-0.022149
ACB.TO,2019-09-11,2,streak_2,0.031515,0.004463,0.027053,-0.152727,0.01799,-0.170717,-0.33697,-0.009518,-0.327452,-0.580606,0.02501,-0.605616
EMP-A.TO,2019-09-12,2,streak_2,-0.00618,0.001939,-0.008119,-0.001545,0.01139,-0.012935,-0.010198,-0.011342,0.001144,-0.011434,0.020444,-0.031878
ENGH.TO,2019-09-12,2,streak_2,0.002126,0.001939,0.000188,-0.045261,0.01139,-0.056651,-0.088092,-0.011342,-0.076751,0.042831,0.020444,0.022387
ATZ.TO,2019-10-15,6,streak_5plus,0.011264,0.000195,0.011069,0.182728,0.000201,0.182527,0.215895,0.030106,0.185789,0.48811,0.057124,0.430986
CNR.TO,2019-10-22,2,streak_2,0.011242,-0.001644,0.012887,0.011049,-0.001888,0.012937,0.0566,0.036112,0.020488,0.082768,0.070274,0.012494
AEM.TO,2019-10-23,5,streak_5plus,0.016622,-0.003392,0.020014,0.117188,0.001623,0.115565,0.160738,0.037477,0.123261,0.151263,0.073721,0.077542
CP.TO,2019-10-23,2,streak_2,-0.001825,-0.003392,0.001566,0.030303,0.001623,0.02868,0.094195,0.037477,0.056718,0.182548,0.073721,0.108827
PD.TO,2019-10-24,4,streak_4,-0.014493,0.002045,-0.016537,0.028986,0.010131,0.018854,0.007246,0.040604,-0.033357,0.188406,0.078716,0.10969
YRI.TO,2019-10-24,7,streak_5plus,0.030162,0.002045,0.028118,0.069606,0.010131,0.059475,0.074246,0.040604,0.033642,0.204241,0.078716,0.125525
SJR-B.TO,2019-10-25,2,streak_2,0.032517,0.00215,0.030367,0.079085,0.006958,0.072126,0.094639,0.035768,0.05887,0.057754,0.073064,-0.01531
AIM-PC.TO,2019-10-28,3,streak_3,-0.00085,-0.001036,0.000187,-0.001699,0.011558,-0.013257,0.013594,0.038307,-0.024713,0.019541,0.063275,-0.043734
AIM.TO,2019-10-28,3,streak_3,-0.019553,-0.001036,-0.018517,0.058659,0.011558,0.047101,0.089385,0.038307,0.051079,-0.00838,0.063275,-0.071655
FN.TO,2019-10-29,2,streak_2,-0.011277,0.001867,-0.013144,0.119613,0.017227,0.102387,0.102698,0.039567,0.063132,0.014901,0.067942,-0.053041
TXG.TO,2019-10-30,2,streak_2,0.014671,0.005074,0.009598,0.149648,0.016068,0.13358,0.127934,0.04157,0.086364,0.055164,0.066616,-0.011451
CCA.TO,2019-10-30,2,streak_2,0.018646,0.005074,0.013572,-0.008158,0.016068,-0.024225,0.042769,0.04157,0.001199,-0.039273,0.066616,-0.105888
CG.TO,2019-10-30,3,streak_3,-0.160298,0.005074,-0.165372,-0.186393,0.016068,-0.202461,-0.11836,0.04157,-0.15993,-0.214352,0.066616,-0.280968
ACO-Y.TO,2019-10-31,2,streak_2,0.001957,-0.001103,0.00306,0.084172,0.014799,0.069374,0.080817,0.037154,0.043662,0.123043,0.059946,0.063096
OVV.TO,2019-10-31,8,streak_5plus,-0.066523,-0.001103,-0.06542,0.112311,0.014799,0.097512,-0.034125,0.037154,-0.07128,-0.23067,0.059946,-0.290616
CU.TO,2019-10-31,5,streak_5plus,0.00287,-0.001103,0.003973,0.038034,0.014799,0.023235,0.031575,0.037154,-0.005579,0.071762,0.059946,0.011815
KXS.TO,2019-10-31,4,streak_4,0.009724,-0.001103,0.010827,0.172269,0.014799,0.15747,0.290516,0.037154,0.253362,0.311525,0.059946,0.251578
CU-X.TO,2019-10-31,5,streak_5plus,0.009061,-0.001103,0.010164,0.041748,0.014799,0.026949,0.030744,0.037154,-0.00641,0.074434,0.059946,0.014487
TRI.TO,2019-10-31,6,streak_5plus,-0.006581,-0.001103,-0.005478,-0.012416,0.014799,-0.027215,0.054259,0.037154,0.017104,0.205115,0.059946,0.145169
WCP.TO,2019-10-31,2,streak_2,-0.015873,-0.001103,-0.01477,0.087302,0.014799,0.072503,0.130952,0.037154,0.093798,0.329365,0.059946,0.269419
ACO-X.TO,2019-10-31,2,streak_2,0.00255,-0.001103,0.003653,0.086119,0.014799,0.07132,0.092351,0.037154,0.055197,0.127762,0.059946,0.067816
ARE.TO,2019-10-31,3,streak_3,-0.007942,-0.001103,-0.006839,0.039711,0.014799,0.024912,-0.001444,0.037154,-0.038598,-0.046209,0.059946,-0.106156
WTE.TO,2019-11-01,6,streak_5plus,-0.01723,0.006728,-0.023958,0.028079,0.019572,0.008508,-0.053606,0.033792,-0.087398,-0.290364,0.050676,-0.34104
TRP.TO,2019-11-01,8,streak_5plus,0.012071,0.006728,0.005343,-0.013554,0.019572,-0.033125,0.012283,0.033792,-0.021509,0.104828,0.050676,0.054153
PPL.TO,2019-11-01,2,streak_2,-0.002785,0.006728,-0.009513,0.006498,0.019572,-0.013074,0.004332,0.033792,-0.02946,0.106745,0.050676,0.056069
IGM.TO,2019-11-01,2,streak_2,0.016154,0.006728,0.009426,0.074231,0.019572,0.054659,0.027692,0.033792,-0.0061,0.045,0.050676,-0.005676
TIH.TO,2019-11-04,2,streak_2,0.004975,0.004562,0.000413,0.035949,0.017072,0.018877,0.003852,0.023346,-0.019494,0.002247,0.047348,-0.045101
CJT.TO,2019-11-04,2,streak_2,0.03615,0.004562,0.031588,0.033236,0.017072,0.016164,0.03097,0.023346,0.007624,0.206539,0.047348,0.159191
MAXR.TO,2019-11-04,2,streak_2,0.108843,0.004562,0.104281,0.32568,0.017072,0.308608,0.259354,0.023346,0.236008,0.864425,0.047348,0.817077
GEI.TO,2019-11-04,4,streak_4,0.016329,0.004562,0.011767,0.07838,0.017072,0.061308,0.077727,0.023346,0.054381,0.180927,0.047348,0.133579
SSRM.TO,2019-11-05,5,streak_5plus,-0.03005,0.000726,-0.030776,0.018364,0.012778,0.005586,0.177518,0.013341,0.164177,0.235392,0.050564,0.184828
EDV.TO,2019-11-05,3,streak_3,0.087047,0.000726,0.086321,0.001036,0.012778,-0.011741,0.073057,0.013341,0.059716,0.10829,0.050564,0.057726
BTO.TO,2019-11-05,3,streak_3,0.0,0.000726,-0.000726,-0.005556,0.012778,-0.018333,0.088889,0.013341,0.075547,0.219444,0.050564,0.16888
KEY.TO,2019-11-05,2,streak_2,-0.00892,0.000726,-0.009646,0.057277,0.012778,0.044499,0.03662,0.013341,0.023278,0.134742,0.050564,0.084177
EQB.TO,2019-11-05,2,streak_2,0.008751,0.000726,0.008026,-0.028394,0.012778,-0.041171,-0.026838,0.013341,-0.040179,-0.052509,0.050564,-0.103073
TOU.TO,2019-11-06,2,streak_2,-0.03132,0.003818,-0.035138,-0.017897,0.013638,-0.031535,0.016779,0.012912,0.003866,0.087248,0.058129,0.029119
MFC.TO,2019-11-06,3,streak_3,0.008611,0.003818,0.004793,0.044672,0.013638,0.031034,0.010226,0.012912,-0.002686,0.062971,0.058129,0.004842
IAG.TO,2019-11-06,2,streak_2,0.046952,0.003818,0.043133,0.032753,0.013638,0.019115,0.048088,0.012912,0.035176,0.144832,0.058129,0.086703
NPI.TO,2019-11-06,3,streak_3,0.012968,0.003818,0.009149,0.024938,0.013638,0.0113,0.072319,0.012912,0.059407,0.165586,0.058129,0.107457
OR.TO,2019-11-06,2,streak_2,-0.013357,0.003818,-0.017176,-0.065004,0.013638,-0.078642,-0.0374,0.012912,-0.050312,0.027605,0.058129,-0.030524
TA.TO,2019-11-07,2,streak_2,0.105644,0.003595,0.102049,0.131693,0.012684,0.119009,0.173661,0.006527,0.167134,0.324168,0.060428,0.26374
PAAS.TO,2019-11-07,3,streak_3,0.035282,0.003595,0.031687,0.081149,0.012684,0.068465,0.239415,0.006527,0.232888,0.370464,0.060428,0.310036
EFX.TO,2019-11-07,2,streak_2,0.04458,0.003595,0.040984,0.103343,0.012684,0.09066,0.120567,0.006527,0.11404,-0.028369,0.060428,-0.088797
CNQ.TO,2019-11-07,3,streak_3,0.082845,0.003595,0.07925,0.077824,0.012684,0.06514,0.081172,0.006527,0.074644,0.14728,0.060428,0.086852
SAP.TO,2019-11-07,2,streak_2,0.046984,0.003595,0.043389,0.063656,0.012684,0.050972,0.031222,0.006527,0.024694,0.086996,0.060428,0.026568
GCG-A.TO,2019-11-07,3,streak_3,0.020486,0.003595,0.016891,0.02525,0.012684,0.012566,0.049547,0.006527,0.04302,0.055741,0.060428,-0.004687
IFP.TO,2019-11-07,2,streak_2,-0.003856,0.003595,-0.007451,0.021851,0.012684,0.009167,-0.02892,0.006527,-0.035447,-0.025064,0.060428,-0.085492
QBR-B.TO,2019-11-07,2,streak_2,0.020979,0.003595,0.017384,0.086384,0.012684,0.0737,0.080625,0.006527,0.074098,0.098313,0.060428,0.037886
PWF-PZ.TO,2019-11-07,2,streak_2,-0.008299,0.003595,-0.011894,-0.002964,0.012684,-0.015648,0.002371,0.006527,-0.004156,0.029046,0.060428,-0.031382
FSZ.TO,2019-11-08,7,streak_5plus,0.009868,0.00426,0.005608,0.032895,0.009901,0.022993,0.021382,0.011377,0.010005,0.180921,0.05056,0.130361
MG.TO,2019-11-08,2,streak_2,0.001487,0.00426,-0.002774,-0.015197,0.009901,-0.025098,-0.041791,0.011377,-0.053168,-0.087215,0.05056,-0.137775
HRX.TO,2019-11-08,4,streak_4,0.014278,0.00426,0.010017,0.041735,0.009901,0.031834,-0.015925,0.011377,-0.027302,0.178473,0.05056,0.127914
ENB.TO,2019-11-08,8,streak_5plus,0.021855,0.00426,0.017594,0.045894,0.009901,0.035993,0.068998,0.011377,0.057621,0.174212,0.05056,0.123652
FNV.TO,2019-11-11,3,streak_3,0.001091,0.00032,0.000771,0.035576,0.008953,0.026624,0.018376,0.004355,0.014021,0.20104,0.051145,0.149895
MRE.TO,2019-11-12,3,streak_3,-0.003887,0.001576,-0.005463,0.03207,0.008429,0.023641,0.104956,0.004022,0.100935,0.132167,0.052971,0.079196
CRON.TO,2019-11-12,3,streak_3,-0.027128,0.001576,-0.028704,-0.237605,0.008429,-0.246034,-0.151543,0.004022,-0.155565,-0.149673,0.052971,-0.202644
HCG.TO,2019-11-13,2,streak_2,0.14316,0.002874,0.140286,0.197243,0.006032,0.191211,0.154118,0.001786,0.152332,0.15023,0.054615,0.095615
GOOS.TO,2019-11-13,9,streak_5plus,-0.109115,0.002874,-0.11199,-0.124952,0.006032,-0.130984,0.027231,0.001786,0.025445,-0.172267,0.054615,-0.226882
SEA.TO,2019-11-13,2,streak_2,-0.009236,0.002874,-0.012111,0.030788,0.006032,0.024756,0.044335,0.001786,0.042549,0.067734,0.054615,0.013119
ACB.TO,2019-11-14,3,streak_3,-0.066098,0.000837,-0.066935,-0.253731,0.002819,-0.25655,-0.266525,-0.000655,-0.26587,-0.58209,0.050902,-0.632992
AFN.TO,2019-11-14,2,streak_2,0.077198,0.000837,0.076361,0.04729,0.002819,0.044472,-0.00409,-0.000655,-0.003435,0.089468,0.050902,0.038566
CGX.TO,2019-11-14,2,streak_2,0.052814,0.000837,0.051977,0.112121,0.002819,0.109302,0.045559,-0.000655,0.046213,0.485823,0.050902,0.43492
WN.TO,2019-11-19,2,streak_2,0.00567,-0.000805,0.006474,0.020553,0.000458,0.020095,0.018781,0.002943,0.015838,0.079376,0.052881,0.026496
REAL.TO,2019-11-21,3,streak_3,0.061296,-0.000388,0.061684,0.105079,0.005574,0.099504,0.133975,0.003422,0.130553,0.359895,0.04926,0.310635
ATD.TO,2019-11-26,2,streak_2,0.009547,0.000176,0.009371,0.011995,-0.003018,0.015013,-0.014443,0.008648,-0.023091,-0.009058,0.000528,-0.009586
DOO.TO,2019-11-27,13,streak_5plus,0.024642,0.003798,0.020844,0.01049,-0.008435,0.018925,-0.047786,0.007766,-0.055551,-0.089244,-0.018696,-0.070548
NA.TO,2019-12-04,2,streak_2,0.019626,0.000302,0.019323,0.017465,0.003463,0.014002,0.019986,0.012627,0.007358,-0.055095,-0.020021,-0.035074
MEQ.TO,2019-12-09,7,streak_5plus,0.004534,-0.002712,0.007246,0.061065,0.000359,0.060707,0.104704,0.014038,0.090666,0.096486,-0.119956,0.216443
TRZ.TO,2019-12-10,3,streak_3,-0.001251,-1.2e-05,-0.001239,0.000625,0.006224,-0.005598,0.009381,0.016731,-0.00735,-0.202627,-0.158151,-0.044476
TCL-A.TO,2019-12-12,3,streak_3,0.074799,0.000431,0.074368,0.207135,0.005455,0.20168,0.243959,0.024399,0.21956,0.13809,-0.190282,0.328372
ENGH.TO,2019-12-12,3,streak_3,-0.014996,0.000431,-0.015427,0.183475,0.005455,0.178021,0.283446,0.024399,0.259048,0.077918,-0.190282,0.2682
EMP-A.TO,2019-12-12,3,streak_3,-0.093185,0.000431,-0.093616,-0.115689,0.005455,-0.121144,-0.129635,0.024399,-0.154034,-0.222187,-0.190282,-0.031905
TCL-B.TO,2019-12-12,3,streak_3,0.046067,0.000431,0.045636,0.168539,0.005455,0.163085,0.304494,0.024399,0.280096,0.08427,-0.190282,0.274552
ATZ.TO,2020-01-09,7,streak_5plus,0.169508,0.003949,0.165559,0.173405,0.014411,0.158994,0.270823,0.034349,0.236474,-0.357039,-0.206998,-0.15004
CNR.TO,2020-01-28,3,streak_3,0.010262,0.003348,0.006914,0.01017,-0.003595,0.013765,-0.036375,-0.022967,-0.013408,-0.063313,-0.16055,0.097237
CLS.TO,2020-01-29,2,streak_2,-0.006803,0.000623,-0.007426,0.017857,0.000674,0.017183,-0.245748,-0.044769,-0.200979,-0.385204,-0.154426,-0.230778
CP.TO,2020-01-29,3,streak_3,0.013866,0.000623,0.013243,0.038245,0.000674,0.037571,-0.01158,-0.044769,0.033189,-0.05531,-0.154426,0.099116
REAL.TO,2020-01-30,4,streak_4,0.03415,-0.001211,0.035361,0.056422,0.007983,0.048439,0.008909,-0.071306,0.080215,0.207869,-0.130409,0.338279
IFC.TO,2020-02-04,2,streak_2,0.009079,0.007647,0.001432,0.055021,0.02076,0.034261,0.086327,-0.03454,0.120867,-0.076387,-0.151601,0.075214
ATS.TO,2020-02-05,2,streak_2,-0.04971,0.007931,-0.057642,-0.055985,0.015098,-0.071082,-0.101351,-0.054743,-0.046608,-0.005791,-0.154237,0.148445
SAP.TO,2020-02-06,3,streak_3,-0.001392,0.005999,-0.007392,-0.00724,0.010271,-0.017511,-0.116402,-0.083652,-0.03275,-0.14787,-0.15981,0.01194
CAE.TO,2020-02-07,2,streak_2,0.033641,-0.005744,0.039385,0.001495,0.003587,-0.002092,-0.242462,-0.182644,-0.059818,-0.461519,-0.164652,-0.296867
GOOS.TO,2020-02-07,10,streak_5plus,-0.043035,-0.005744,-0.037291,-0.06795,0.003587,-0.071537,-0.314609,-0.182644,-0.131965,-0.283352,-0.164652,-0.118701
WFG.TO,2020-02-11,2,streak_2,0.023891,0.002057,0.021834,0.077026,0.006635,0.070391,-0.360474,-0.195625,-0.164849,-0.297209,-0.148665,-0.148545
ABX.TO,2020-02-12,2,streak_2,-0.005955,0.003139,-0.009094,0.132506,0.008342,0.124164,-0.045658,-0.29637,0.250712,0.498759,-0.162901,0.66166
H.TO,2020-02-12,2,streak_2,0.017484,0.003139,0.014345,0.024733,0.008342,0.016391,-0.151386,-0.29637,0.144984,-0.091258,-0.162901,0.071643
GWO.TO,2020-02-12,2,streak_2,-0.00234,0.003139,-0.005479,-0.021451,0.008342,-0.029793,-0.353354,-0.29637,-0.056984,-0.398986,-0.162901,-0.236085
SHOP.TO,2020-02-12,2,streak_2,0.076954,0.003139,0.073815,0.096421,0.008342,0.088079,-0.194901,-0.29637,0.101469,0.607406,-0.162901,0.770306
WCN.TO,2020-02-12,2,streak_2,0.001971,0.003139,-0.001168,0.025067,0.008342,0.016725,-0.118871,-0.29637,0.177499,-0.012691,-0.162901,0.150209
TC.TO,2020-02-12,2,streak_2,-0.019546,0.003139,-0.022685,-0.062926,0.008342,-0.071268,-0.242623,-0.29637,0.053747,-0.037453,-0.162901,0.125448
SLF.TO,2020-02-12,2,streak_2,0.006328,0.003139,0.003189,0.006526,0.008342,-0.001817,-0.327862,-0.29637,-0.031492,-0.262409,-0.162901,-0.099508
PD.TO,2020-02-13,5,streak_5plus,0.13253,-0.000656,0.133186,0.180723,0.006236,0.174487,-0.614458,-0.230843,-0.383615,-0.560241,-0.186717,-0.373524
FIH-U.TO,2020-02-13,2,streak_2,0.001608,-0.000656,0.002264,0.095659,0.006236,0.089424,-0.312701,-0.230843,-0.081858,-0.405949,-0.186717,-0.219232
BN.TO,2020-02-13,2,streak_2,0.031812,-0.000656,0.032468,0.056362,0.006236,0.050127,-0.140733,-0.230843,0.09011,-0.233748,-0.186717,-0.047032
IAG.TO,2020-02-13,3,streak_3,-0.03828,-0.000656,-0.037624,-0.055221,0.006236,-0.061456,-0.338003,-0.230843,-0.10716,-0.482163,-0.186717,-0.295447
CIX.TO,2020-02-14,2,streak_2,0.029881,0.001526,0.028355,0.039155,0.001251,0.037904,-0.374549,-0.306422,-0.068128,-0.386399,-0.185818,-0.200581
TXG.TO,2020-02-19,3,streak_3,0.09453,0.003757,0.090773,0.117897,-0.038128,0.156025,-0.280404,-0.343644,0.063241,0.074349,-0.166466,0.240815
OVV.TO,2020-02-19,9,streak_5plus,0.053644,0.003757,0.049887,-0.157434,-0.038128,-0.119306,-0.797668,-0.343644,-0.454024,-0.430321,-0.166466,-0.263855
PAAS.TO,2020-02-19,4,streak_4,0.026685,0.003757,0.022928,0.020014,-0.038128,0.058142,-0.407654,-0.343644,-0.06401,0.186447,-0.166466,0.352913
GCG-A.TO,2020-02-19,4,streak_4,-0.00138,0.003757,-0.005137,0.0092,-0.038128,0.047328,-0.360166,-0.343644,-0.016521,-0.277829,-0.166466,-0.111363
SSRM.TO,2020-02-20,6,streak_5plus,-0.000845,0.001043,-0.001888,-0.007179,-0.049288,0.042109,-0.298142,-0.321047,0.022905,0.22973,-0.163333,0.393062
MG.TO,2020-02-21,3,streak_3,-0.020046,-0.005606,-0.014439,-0.113592,-0.068362,-0.04523,-0.45859,-0.339515,-0.119074,-0.197292,-0.170485,-0.026807
EQB.TO,2020-02-24,3,streak_3,-0.01361,-0.015737,0.002127,-0.163317,-0.08857,-0.074746,-0.566374,-0.370723,-0.19565,-0.459171,-0.1642,-0.294971
GEI.TO,2020-02-24,5,streak_5plus,-0.022082,-0.015737,-0.006345,-0.089905,-0.08857,-0.001335,-0.534175,-0.370723,-0.163451,-0.218717,-0.1642,-0.054517
TRI.TO,2020-02-25,7,streak_5plus,0.005679,-0.021938,0.027617,-0.04636,-0.057474,0.011114,-0.223748,-0.284216,0.060468,-0.117811,-0.141624,0.023813
BMO.TO,2020-02-25,2,streak_2,-0.022381,-0.021938,-0.000443,-0.07417,-0.057474,-0.016696,-0.355628,-0.284216,-0.071412,-0.334678,-0.141624,-0.193054
KXS.TO,2020-02-25,5,streak_5plus,-0.067891,-0.021938,-0.045952,0.053144,-0.057474,0.110618,-0.053793,-0.284216,0.230423,0.644315,-0.141624,0.785938
NPI.TO,2020-02-25,4,streak_4,0.005887,-0.021938,0.027825,-0.034144,-0.057474,0.02333,-0.295918,-0.284216,-0.011702,-0.05573,-0.141624,0.085894
STN.TO,2020-02-26,2,streak_2,-0.014977,-0.007888,-0.007089,0.045734,-0.043883,0.089617,-0.130784,-0.235088,0.104304,0.048141,-0.118138,0.166279
AQN.TO,2020-02-27,2,streak_2,-0.027302,-0.019041,-0.00826,0.029841,-0.015397,0.045239,-0.159365,-0.215393,0.056028,-0.109206,-0.103856,-0.005351
CU.TO,2020-02-27,6,streak_5plus,-0.012949,-0.019041,0.006092,0.025575,-0.015397,0.040972,-0.206216,-0.215393,0.009177,-0.211072,-0.103856,-0.107216
PPL.TO,2020-02-27,3,streak_3,-0.014262,-0.019041,0.00478,-0.037472,-0.015397,-0.022075,-0.411633,-0.215393,-0.19624,-0.279362,-0.103856,-0.175507
NA.TO,2020-02-27,3,streak_3,-0.029554,-0.019041,-0.010513,-0.057034,-0.015397,-0.041637,-0.260629,-0.215393,-0.045236,-0.152091,-0.103856,-0.048235
CU-X.TO,2020-02-27,6,streak_5plus,-0.015493,-0.019041,0.003549,0.023677,-0.015397,0.039075,-0.215142,-0.215393,0.000251,-0.208711,-0.103856,-0.104855
ONEX.TO,2020-02-28,2,streak_2,-0.065134,-0.027175,-0.037959,-0.07765,-0.009774,-0.067876,-0.387739,-0.241048,-0.146691,-0.189017,-0.087017,-0.101999
SNC.TO,2020-02-28,2,streak_2,0.109633,-0.027175,0.136809,0.09849,-0.009774,0.108265,-0.300144,-0.241048,-0.059096,-0.265996,-0.087017,-0.178979
ARE.TO,2020-03-03,4,streak_4,-0.039294,-0.007835,-0.031459,-0.006415,-0.123184,0.116769,-0.223737,-0.191774,-0.031962,-0.105052,-0.079567,-0.025485
MRE.TO,2020-03-05,4,streak_4,-0.043137,-0.013439,-0.029698,-0.122549,-0.149552,0.027003,-0.445098,-0.219417,-0.225681,-0.079412,-0.071778,-0.007634
FEC.TO,2020-03-05,2,streak_2,-0.051051,-0.013439,-0.037612,-0.378378,-0.149552,-0.228827,-0.438438,-0.219417,-0.219022,-0.376877,-0.071778,-0.305099
FNV.TO,2020-03-09,4,streak_4,-0.080085,-0.102677,0.022592,-0.234487,-0.152006,-0.082481,-0.019358,-0.159648,0.140289,0.085256,-0.019839,0.105095
EDV.TO,2020-03-09,4,streak_4,-0.052337,-0.102677,0.05034,-0.140752,-0.152006,0.011254,-0.060976,-0.159648,0.098672,0.293699,-0.019839,0.313538
BDGI.TO,2020-03-11,2,streak_2,-0.063747,-0.045995,-0.017751,-0.251075,-0.151951,-0.099124,-0.091122,-0.069019,-0.022103,0.084083,0.058537,0.025546
QBR-B.TO,2020-03-12,3,streak_3,-0.106152,-0.123447,0.017295,-0.096502,-0.178604,0.082102,-0.025734,-0.007253,-0.018481,0.004021,0.100294,-0.096273
WTE.TO,2020-03-13,7,streak_5plus,0.06214,0.096558,-0.034418,0.084005,-0.027022,0.111026,0.142693,0.125307,0.017386,0.219793,0.203254,0.016539
ATD.TO,2020-03-17,3,streak_3,0.001904,0.026277,-0.024373,-0.063155,-0.091575,0.02842,0.154554,0.1293,0.025254,0.264995,0.242654,0.022341
DOO.TO,2020-03-20,14,streak_5plus,0.008116,-0.026186,0.034302,0.078172,0.098657,-0.020485,0.062794,0.182227,-0.119434,1.281504,0.271912,1.009592
SIS.TO,2020-03-25,2,streak_2,0.135693,0.045191,0.090502,0.315634,0.064251,0.251384,0.39233,0.13364,0.258691,0.632743,0.238141,0.394602
BB.TO,2020-03-31,2,streak_2,0.041516,0.0261,0.015417,-0.115523,0.042505,-0.158028,0.095668,0.167933,-0.072266,0.184116,0.180328,0.003788
TFII.TO,2020-04-21,2,streak_2,-0.029735,-0.03115,0.001415,0.131868,0.017639,0.114229,0.202004,0.042347,0.159657,0.640918,0.124782,0.516136
CP.TO,2020-04-21,4,streak_4,-0.010154,-0.03115,0.020996,0.050262,0.017639,0.032623,0.099848,0.042347,0.057501,0.19868,0.124782,0.073898
ARE.TO,2020-04-23,5,streak_5plus,-0.011353,-0.002597,-0.008756,0.099338,0.065782,0.033556,0.04825,0.04377,0.004479,0.108798,0.13178,-0.022982
CNR.TO,2020-04-27,4,streak_4,0.0223,0.015374,0.006926,0.0161,0.013862,0.002238,0.057,0.050463,0.006537,0.168,0.109338,0.058662
CIGI.TO,2020-04-28,2,streak_2,0.007022,0.010668,-0.003646,-0.07684,0.007028,-0.083868,-0.015665,0.04302,-0.058685,-0.033626,0.103756,-0.137382
WFG.TO,2020-04-28,3,streak_3,0.137631,0.010668,0.126963,0.259233,0.007028,0.252206,0.285366,0.04302,0.242346,0.987805,0.103756,0.884049
AGI.TO,2020-04-29,2,streak_2,0.003673,0.029044,-0.025371,0.044077,0.000899,0.043178,-0.037649,0.031382,-0.069031,0.343434,0.089402,0.254032
CLS.TO,2020-04-29,3,streak_3,0.17704,0.029044,0.147996,0.095436,0.000899,0.094537,0.289073,0.031382,0.257691,0.323651,0.089402,0.234249
AEM.TO,2020-04-30,6,streak_5plus,-0.033124,-0.02938,-0.003744,0.064749,-0.026096,0.090846,0.050573,-0.002318,0.052891,0.165213,0.070042,0.095171
PD.TO,2020-04-30,6,streak_5plus,0.136364,-0.02938,0.165743,0.121212,-0.026096,0.147309,0.151515,-0.002318,0.153833,0.363636,0.070042,0.293595
CCO.TO,2020-05-01,2,streak_2,0.041943,-0.010852,0.052795,0.072112,0.003586,0.068526,0.047829,0.030817,0.017012,-0.003679,0.102742,-0.106421
IMO.TO,2020-05-01,2,streak_2,-0.029749,-0.010852,-0.018897,-0.074635,0.003586,-0.07822,-0.012004,0.030817,-0.042821,-0.012004,0.102742,-0.114746
WTE.TO,2020-05-01,8,streak_5plus,-0.050718,-0.010852,-0.039866,0.006699,0.003586,0.003113,0.02488,0.030817,-0.005937,0.151196,0.102742,0.048454
ZZZ.TO,2020-05-04,2,streak_2,-0.025271,0.008529,-0.0338,0.08213,0.023686,0.058444,0.259025,0.052947,0.206078,0.527978,0.105942,0.422037
GEI.TO,2020-05-04,6,streak_5plus,-0.008264,0.008529,-0.016794,0.082645,0.023686,0.058958,0.123216,0.052947,0.070269,0.163787,0.105942,0.057845
K.TO,2020-05-05,2,streak_2,0.018391,0.004517,0.013874,0.001149,0.024293,-0.023144,-0.13908,0.056297,-0.195377,0.333333,0.110071,0.223262
IFC.TO,2020-05-05,3,streak_3,0.01127,0.004517,0.006753,0.056351,0.024293,0.032058,0.005593,0.056297,-0.050704,0.101686,0.110071,-0.008385
SLF.TO,2020-05-05,3,streak_3,-0.042675,0.004517,-0.047191,0.030987,0.024293,0.006694,0.106551,0.056297,0.050254,0.121772,0.110071,0.011701
KXS.TO,2020-05-06,6,streak_5plus,0.040489,0.00129,0.039199,0.114161,0.004699,0.109462,0.177728,0.048361,0.129367,0.478151,0.1141,0.364051
TXG.TO,2020-05-06,4,streak_4,-0.060964,0.00129,-0.062253,-0.118486,0.004699,-0.123185,-0.117011,0.048361,-0.165372,0.212881,0.1141,0.098781
FNV.TO,2020-05-06,5,streak_5plus,-0.017679,0.00129,-0.018968,-0.033605,0.004699,-0.038304,-0.126533,0.048361,-0.174894,0.042676,0.1141,-0.071424
STN.TO,2020-05-06,3,streak_3,-0.008222,0.00129,-0.009512,0.008736,0.004699,0.004037,0.014132,0.048361,-0.034229,0.061151,0.1141,-0.052949
REAL.TO,2020-05-06,5,streak_5plus,0.226553,0.00129,0.225263,0.345311,0.004699,0.340612,0.247868,0.048361,0.199508,0.978685,0.1141,0.864585
MG.TO,2020-05-07,4,streak_4,0.034054,0.000202,0.033851,-0.015031,-0.022083,0.007052,0.229685,0.069005,0.16068,0.276186,0.117891,0.158295
IAG.TO,2020-05-07,4,streak_4,-0.056855,0.000202,-0.057058,-0.135201,-0.022083,-0.113119,0.101469,0.069005,0.032464,0.08161,0.117891,-0.03628
PRMW.TO,2020-05-07,2,streak_2,0.115448,0.000202,0.115246,0.053156,-0.022083,0.075239,0.247508,0.069005,0.178503,0.42691,0.117891,0.30902
CAS.TO,2020-05-07,2,streak_2,0.032619,0.000202,0.032417,-0.007456,-0.022083,0.014627,0.05685,0.069005,-0.012156,0.191985,0.117891,0.074095
RBA.TO,2020-05-07,2,streak_2,0.035206,0.000202,0.035004,-0.026779,-0.022083,-0.004696,-0.012734,0.069005,-0.08174,0.099438,0.117891,-0.018452
OVV.TO,2020-05-07,10,streak_5plus,0.02095,0.000202,0.020747,0.149441,-0.022083,0.171524,0.949721,0.069005,0.880715,1.03771,0.117891,0.919819
LAS-A.TO,2020-05-08,2,streak_2,0.009839,0.008959,0.00088,0.022763,-0.021842,0.044605,0.248562,0.076933,0.171629,0.204036,0.115332,0.088704
CRON.TO,2020-05-08,4,streak_4,-0.045685,0.008959,-0.054645,-0.120558,-0.021842,-0.098716,0.351523,0.076933,0.27459,-0.045685,0.115332,-0.161017
PBH.TO,2020-05-11,2,streak_2,0.12575,0.009127,0.116623,0.117285,-0.021895,0.13918,0.120517,0.057936,0.062581,0.296752,0.109504,0.187248
EFN.TO,2020-05-11,2,streak_2,-0.01464,0.009127,-0.023767,-0.172297,-0.021895,-0.150402,0.054054,0.057936,-0.003882,0.154279,0.109504,0.044775
NPI.TO,2020-05-13,5,streak_5plus,-0.049383,-0.025401,-0.023982,-0.035802,0.007822,-0.043624,0.023457,0.011404,0.012053,0.20535,0.113842,0.091508
EQB.TO,2020-05-13,4,streak_4,-0.065083,-0.025401,-0.039681,-0.119146,0.007822,-0.126968,0.069904,0.011404,0.0585,0.283402,0.113842,0.169561
EDV.TO,2020-05-13,5,streak_5plus,0.036028,-0.025401,0.061429,0.20167,0.007822,0.193848,0.153339,0.011404,0.141936,0.199473,0.113842,0.085631
LNF.TO,2020-05-14,2,streak_2,-0.01145,0.000448,-0.011899,-0.000954,0.026318,-0.027273,-0.049618,0.051947,-0.101565,0.168893,0.139755,0.029138
CEU.TO,2020-05-14,2,streak_2,-0.029704,0.000448,-0.030152,0.059408,0.026318,0.033089,0.135249,0.051947,0.083302,-0.049499,0.139755,-0.189254
CAE.TO,2020-05-22,3,streak_3,-0.055666,0.001928,-0.057594,0.069085,0.025381,0.043704,0.124254,0.03959,0.084664,-0.008449,0.115681,-0.12413
NA.TO,2020-05-26,4,streak_4,0.05653,0.004822,0.051707,0.134056,0.010666,0.12339,0.162667,0.032463,0.130204,0.266267,0.102896,0.163371
BNS.TO,2020-05-26,2,streak_2,0.074009,0.004822,0.069186,0.08047,0.010666,0.069804,0.092217,0.032463,0.059754,0.110426,0.102896,0.00753
ATS.TO,2020-05-27,3,streak_3,-0.031025,0.008179,-0.039204,-0.133543,0.01626,-0.149803,-0.16232,0.009658,-0.171978,-0.143885,0.097002,-0.240887
DOO.TO,2020-05-28,15,streak_5plus,-0.036338,-0.000609,-0.035729,0.068774,0.019847,0.048928,0.047218,0.0114,0.035818,0.3566,0.099398,0.257203
KHRN.V,2020-05-28,2,streak_2,0.0375,-0.000609,0.038109,-0.0875,0.019847,-0.107347,-0.275,0.0114,-0.2864,-0.3875,0.099398,-0.486898
CWB.TO,2020-05-29,2,streak_2,-0.033784,-0.00458,-0.029204,0.081081,0.017376,0.063705,-0.006237,-0.004829,-0.001408,0.099792,0.096235,0.003557
GUD.TO,2020-06-26,8,streak_5plus,-0.061898,-0.016645,-0.045253,-0.030261,0.009757,-0.040018,-0.064649,0.046303,-0.110952,-0.181568,0.040094,-0.221662
ATD.TO,2020-06-29,4,streak_4,-0.00099,0.013214,-0.014203,0.029943,0.031648,-0.001705,0.095768,0.06138,0.034388,0.100718,0.069379,0.031338
ATZ.TO,2020-07-09,8,streak_5plus,0.031492,-0.003877,0.035369,-0.013939,0.027775,-0.041714,-0.078472,0.058563,-0.137035,-0.068147,0.051129,-0.119275
RCH.TO,2020-07-09,2,streak_2,0.02854,-0.003877,0.032417,0.095997,0.027775,0.068222,0.173091,0.058563,0.114528,0.285397,0.051129,0.234268
CCA.TO,2020-07-15,2,streak_2,0.019121,0.009731,0.00939,0.031868,0.015998,0.01587,0.05281,0.039073,0.013736,0.078174,0.034378,0.043796
CGO.TO,2020-07-15,2,streak_2,-0.002551,0.009731,-0.012282,0.027428,0.015998,0.01143,-0.003668,0.039073,-0.042741,0.057885,0.034378,0.023508
CNR.TO,2020-07-21,5,streak_5plus,-0.008544,-0.001279,-0.007265,-0.002649,-0.001384,-0.001265,0.062799,0.024327,0.038472,0.136962,0.005536,0.131425
CP.TO,2020-07-22,5,streak_5plus,0.001285,0.000501,0.000784,0.005425,-0.00258,0.008005,0.077516,0.027458,0.050058,0.137473,0.004158,0.133316
CFX.TO,2020-07-23,2,streak_2,0.051282,-0.009424,0.060706,0.089744,0.007643,0.0821,-0.014652,0.021446,-0.036098,-0.135531,0.006697,-0.142228
FSV.TO,2020-07-23,2,streak_2,0.069955,-0.009424,0.079379,0.112959,0.007643,0.105316,0.149571,0.021446,0.128126,0.234055,0.006697,0.227358
L-PB.TO,2020-07-23,2,streak_2,0.007228,-0.009424,0.016652,-0.005679,0.007643,-0.013322,0.0,0.021446,-0.021446,0.040268,0.006697,0.033571
YRI.TO,2020-07-23,2,streak_2,-0.033666,-0.009424,-0.024242,0.103491,0.007643,0.095848,-0.014963,0.021446,-0.036408,-0.04393,0.006697,-0.050627
ARE.TO,2020-07-23,6,streak_5plus,-0.015358,-0.009424,-0.005934,-0.036689,0.007643,-0.044333,-0.010239,0.021446,-0.031685,-0.044369,0.006697,-0.051066
L.TO,2020-07-23,2,streak_2,0.015212,-0.009424,0.024636,0.019841,0.007643,0.012198,0.039021,0.021446,0.017575,-0.006614,0.006697,-0.013311
PD.TO,2020-07-23,7,streak_5plus,-0.011494,-0.009424,-0.00207,0.034483,0.007643,0.026839,0.149425,0.021446,0.12798,0.16092,0.006697,0.154222
WFG.TO,2020-07-27,4,streak_4,0.026264,0.010264,0.015999,0.107933,0.010758,0.097175,0.189063,0.038782,0.150281,0.045332,0.005157,0.040175
TFII.TO,2020-07-27,3,streak_3,0.008419,0.010264,-0.001846,0.085187,0.010758,0.074429,0.115053,0.038782,0.076271,0.225697,0.005157,0.220539
FN.TO,2020-07-27,2,streak_2,0.028162,0.010264,0.017897,0.207373,0.010758,0.196615,0.206861,0.038782,0.168079,0.220686,0.005157,0.215529
OVV.TO,2020-07-28,11,streak_5plus,-0.027435,-0.002475,-0.02496,-0.055556,0.01279,-0.068345,-0.001372,0.038902,-0.040273,-0.176269,-0.008687,-0.167581
EFN.TO,2020-07-28,3,streak_3,0.023891,-0.002475,0.026366,0.176337,0.01279,0.163547,0.125142,0.038902,0.086241,0.418658,-0.008687,0.427345
IFC.TO,2020-07-28,4,streak_4,-0.010476,-0.002475,-0.008001,0.031825,0.01279,0.019036,0.015079,0.038902,-0.023822,0.01,-0.008687,0.018687
CLS.TO,2020-07-29,4,streak_4,0.113898,0.010756,0.103142,0.153605,0.02359,0.130015,0.088819,0.037851,0.050969,-0.15674,-0.033167,-0.123573
ENB.TO,2020-07-29,2,streak_2,0.03079,0.010756,0.020034,0.033869,0.02359,0.010279,0.026685,0.037851,-0.011166,-0.115293,-0.033167,-0.082125
K.TO,2020-07-29,3,streak_3,0.002838,0.010756,-0.007918,0.116367,0.02359,0.092777,-0.053926,0.037851,-0.091777,-0.108798,-0.033167,-0.075631
GIB-A.TO,2020-07-29,2,streak_2,0.069462,0.010756,0.058706,0.085244,0.02359,0.061654,0.064739,0.037851,0.026889,-0.064739,-0.033167,-0.031572
NOA.TO,2020-07-29,2,streak_2,0.018156,0.010756,0.0074,0.203911,0.02359,0.180321,0.208101,0.037851,0.17025,0.371508,-0.033167,0.404676
MFI.TO,2020-07-30,2,streak_2,0.054146,0.000282,0.053863,0.048646,0.017453,0.031193,0.05203,0.025229,0.026801,-0.116328,-0.038295,-0.078034
DPM.TO,2020-07-30,2,streak_2,-0.029904,0.000282,-0.030187,0.083732,0.017453,0.066279,0.003589,0.025229,-0.021641,-0.053828,-0.038295,-0.015533
IAG.TO,2020-07-30,5,streak_5plus,0.076348,0.000282,0.076066,0.061399,0.017453,0.043945,0.124666,0.025229,0.099437,0.052856,-0.038295,0.091151
REAL.TO,2020-07-30,6,streak_5plus,0.011479,0.000282,0.011197,0.076091,0.017453,0.058637,-0.104952,0.025229,-0.130182,-0.206297,-0.038295,-0.168002
ARX.TO,2020-07-30,2,streak_2,0.017021,0.000282,0.016739,0.12766,0.017453,0.110206,0.212766,0.025229,0.187537,0.2,-0.038295,0.238295
IMO.TO,2020-07-31,3,streak_3,-0.048072,-0.007982,-0.04009,-0.014263,0.015044,-0.029307,-0.022715,0.013197,-0.035912,-0.185948,-0.044094,-0.141854
GEI.TO,2020-08-04,7,streak_5plus,0.038089,0.012295,0.025794,0.111039,0.026983,0.084056,0.100065,0.029426,0.070638,-0.08909,-0.02921,-0.05988
STN.TO,2020-08-05,4,streak_4,0.006581,0.008162,-0.001582,0.017548,0.007881,0.009667,-0.018767,0.020161,-0.038928,-0.077992,-0.026197,-0.051794
EDV.TO,2020-08-05,6,streak_5plus,-0.004224,0.008162,-0.012386,-0.11306,0.007881,-0.120942,-0.020468,0.020161,-0.040629,-0.091293,-0.026197,-0.065096
GFL.TO,2020-08-05,2,streak_2,0.020932,0.008162,0.01277,-0.074274,0.007881,-0.082155,-0.195138,0.020161,-0.2153,-0.09892,-0.026197,-0.072722
TXG.TO,2020-08-05,5,streak_5plus,0.00407,0.008162,-0.004092,-0.161579,0.007881,-0.16946,-0.224664,0.020161,-0.244826,-0.177452,-0.026197,-0.151255
KXS.TO,2020-08-05,7,streak_5plus,0.006275,0.008162,-0.001887,-0.102538,0.007881,-0.110419,-0.006554,0.020161,-0.026715,-0.02603,-0.026197,0.000168
CAS.TO,2020-08-06,3,streak_3,0.011867,0.004697,0.007171,-0.054589,0.004466,-0.059055,-0.113924,-0.003194,-0.11073,-0.080696,-0.030476,-0.05022
RBA.TO,2020-08-06,3,streak_3,0.016271,0.004697,0.011575,0.281807,0.004466,0.277341,0.190583,-0.003194,0.193777,0.379609,-0.030476,0.410085
CIGI.TO,2020-08-06,3,streak_3,0.098663,0.004697,0.093966,0.193666,0.004466,0.1892,0.225897,-0.003194,0.229091,0.353835,-0.030476,0.384311
SAP.TO,2020-08-06,4,streak_4,0.055708,0.004697,0.051012,0.074966,0.004466,0.070499,-0.011692,-0.003194,-0.008498,-0.009629,-0.030476,0.020847
LNR.TO,2020-08-06,2,streak_2,0.002817,0.004697,-0.00188,0.015109,0.004466,0.010643,0.001793,-0.003194,0.004986,0.059667,-0.030476,0.090143
ZZZ.TO,2020-08-06,3,streak_3,0.030409,0.004697,0.025713,0.051462,0.004466,0.046996,0.038596,-0.003194,0.04179,0.194152,-0.030476,0.224628
GDI.TO,2020-08-06,2,streak_2,-0.009994,0.004697,-0.01469,0.166458,0.004466,0.161992,0.187071,-0.003194,0.190264,0.118676,-0.030476,0.149152
PBH.TO,2020-08-06,3,streak_3,0.03374,0.004697,0.029043,0.029676,0.004466,0.02521,-0.001231,-0.003194,0.001962,0.042606,-0.030476,0.073081
ERO.TO,2020-08-06,2,streak_2,0.034803,0.004697,0.030106,0.055685,0.004466,0.051218,0.13109,-0.003194,0.134284,0.039443,-0.030476,0.069919
PRMW.TO,2020-08-06,3,streak_3,-0.009798,0.004697,-0.014495,0.032277,0.004466,0.02781,-0.049568,-0.003194,-0.046374,-0.083573,-0.030476,-0.053098
ONEX.TO,2020-08-06,3,streak_3,0.041895,0.004697,0.037198,0.085841,0.004466,0.081375,0.078659,-0.003194,0.081853,-0.033516,-0.030476,-0.00304
SLF.TO,2020-08-06,4,streak_4,0.008453,0.004697,0.003756,0.062691,0.004466,0.058224,0.031698,-0.003194,0.034891,0.036628,-0.030476,0.067104
WTE.TO,2020-08-06,9,streak_5plus,0.010025,0.004697,0.005329,0.096074,0.004466,0.091607,-0.035923,-0.003194,-0.03273,-0.179616,-0.030476,-0.14914
IFP.TO,2020-08-06,2,streak_2,-0.02082,0.004697,-0.025517,0.021451,0.004466,0.016985,0.038486,-0.003194,0.041679,0.008833,-0.030476,0.039309
PSI.TO,2020-08-06,2,streak_2,0.00381,0.004697,-0.000887,0.017143,0.004466,0.012677,-0.064762,-0.003194,-0.061568,-0.140952,-0.030476,-0.110477
CCL-B.TO,2020-08-07,2,streak_2,0.079857,-0.002087,0.081944,0.103457,-0.002956,0.106412,0.046246,-0.02178,0.068026,0.192133,-0.016943,0.209076
LAS-A.TO,2020-08-07,3,streak_3,-0.011704,-0.002087,-0.009617,-0.032852,-0.002956,-0.029896,-0.01978,-0.02178,0.002001,-0.050441,-0.016943,-0.033498
POW.TO,2020-08-07,2,streak_2,0.009918,-0.002087,0.012005,0.043757,-0.002956,0.046713,0.018086,-0.02178,0.039867,0.084597,-0.016943,0.10154
GOOS.TO,2020-08-11,11,streak_5plus,-0.056695,-0.006534,-0.050161,-0.073884,0.003047,-0.076931,-0.005127,-0.013363,0.008236,0.368818,-0.007805,0.376622
NPI.TO,2020-08-12,6,streak_5plus,-0.003403,0.004746,-0.008149,-0.007145,0.007826,-0.014971,-0.031984,-0.018894,-0.013089,0.183396,0.007177,0.176219
AFN.TO,2020-08-12,2,streak_2,0.102993,0.004746,0.098247,0.072739,0.007826,0.064913,0.052784,-0.018894,0.071678,-0.107177,0.007177,-0.114354
LNF.TO,2020-08-12,3,streak_3,0.121043,0.004746,0.116296,0.16108,0.007826,0.153254,0.358473,-0.018894,0.377367,0.445065,0.007177,0.437888
FRU.TO,2020-08-12,2,streak_2,0.060811,0.004746,0.056064,0.081081,0.007826,0.073255,-0.097973,-0.018894,-0.079079,-0.003378,0.007177,-0.010555
ATS.TO,2020-08-12,4,streak_4,0.1341,0.004746,0.129353,0.099617,0.007826,0.091791,0.018062,-0.018894,0.036957,0.019157,0.007177,0.01198
GUD.TO,2020-08-13,9,streak_5plus,0.004464,-0.002727,0.007191,-0.017857,0.000127,-0.017984,-0.108631,-0.021285,-0.087346,-0.1875,0.011994,-0.199494
ACST.V,2020-08-13,2,streak_2,0.010101,-0.002727,0.012828,0.090909,0.000127,0.090782,-0.742424,-0.021285,-0.72114,-0.727273,0.011994,-0.739266
NA.TO,2020-08-26,5,streak_5plus,0.043463,0.010381,0.033082,0.055053,0.001655,0.053398,-0.026259,-0.042437,0.016179,0.089641,0.039525,0.050117
DOO.TO,2020-08-27,16,streak_5plus,0.038438,-0.003484,0.041922,0.063559,-0.005479,0.069039,0.000908,-0.043157,0.044065,0.021035,0.031155,-0.01012
CWB.TO,2020-08-28,3,streak_3,0.076087,-0.001536,0.077623,0.085539,-0.01689,0.102429,0.088847,-0.029208,0.118055,0.210302,0.037044,0.173259
ATD.TO,2020-09-01,5,streak_5plus,0.007624,0.007908,-0.000284,0.03394,-0.025124,0.059064,0.088539,-0.023797,0.112337,0.013281,0.040928,-0.027647
DOL.TO,2020-09-02,2,streak_2,-0.00472,0.003184,-0.007904,-0.049754,-0.015704,-0.03405,-0.004916,-0.027666,0.02275,0.022026,0.039165,-0.017139
TCL-A.TO,2020-09-09,2,streak_2,0.038936,0.017646,0.02129,0.08452,0.020609,0.063911,0.130104,0.020423,0.109681,0.357075,0.092108,0.264967
TCL-B.TO,2020-09-09,2,streak_2,0.0,0.017646,-0.017646,0.133396,0.020609,0.112787,0.162725,0.020423,0.142302,0.336802,0.092108,0.244694
EMP-A.TO,2020-09-10,2,streak_2,0.042308,-0.012104,0.054411,0.090064,-0.005365,0.095429,0.152564,0.00921,0.143354,0.051282,0.076625,-0.025343
ENGH.TO,2020-09-10,2,streak_2,-0.027336,-0.012104,-0.015233,-0.067069,-0.005365,-0.061704,-0.006675,0.00921,-0.015886,-0.118563,0.076625,-0.195189
BB.TO,2020-09-24,3,streak_3,-0.010886,0.006019,-0.016905,-0.049767,0.019239,-0.069005,0.043546,0.030789,0.012756,0.443235,0.109717,0.333518
RCH.TO,2020-10-08,3,streak_3,0.064879,0.006464,0.058414,0.022203,0.004425,0.017778,0.007785,-0.008857,0.016642,-0.07699,0.098233,-0.175222
MTY.TO,2020-10-09,2,streak_2,0.155947,0.001712,0.154236,0.158297,-0.005788,0.164084,0.2279,-0.003544,0.231444,0.411454,0.084671,0.326782
ATZ.TO,2020-10-14,9,streak_5plus,0.026205,-0.003355,0.029561,0.179245,-0.014385,0.19363,0.210692,0.015947,0.194745,0.305031,0.08624,0.218791
TFII.TO,2020-10-22,4,streak_4,-0.00368,0.003031,-0.006712,-0.024757,-0.039655,0.014897,0.055202,0.041873,0.01333,0.040482,0.10388,-0.063399
CFP.TO,2020-10-22,2,streak_2,-0.030886,0.003031,-0.033917,-0.032051,-0.039655,0.007603,0.048368,0.041873,0.006496,0.406177,0.10388,0.302297
WPK.TO,2020-10-22,2,streak_2,-0.000542,0.003031,-0.003573,-0.040358,-0.039655,-0.000703,-0.024919,0.041873,-0.066791,-0.029523,0.10388,-0.133404
WFG.TO,2020-10-26,5,streak_5plus,-0.011398,-0.01377,0.002371,-0.020585,-0.044375,0.02379,0.144947,0.048479,0.096469,0.336849,0.098251,0.238598
CCA.TO,2020-10-27,3,streak_3,-0.000395,-0.003651,0.003255,-0.033087,-0.0238,-0.009287,0.005405,0.074299,-0.068894,0.146454,0.105712,0.040742
CIA.TO,2020-10-27,2,streak_2,0.008264,-0.003651,0.011915,0.198347,-0.0238,0.222147,0.53719,0.074299,0.462891,0.938017,0.105712,0.832305
CGO.TO,2020-10-27,3,streak_3,-0.002206,-0.003651,0.001444,-0.028054,-0.0238,-0.004253,-0.01182,0.074299,-0.08612,0.149409,0.105712,0.043697
QSR.TO,2020-10-27,2,streak_2,-0.038043,-0.003651,-0.034392,-0.063404,-0.0238,-0.039604,0.06942,0.074299,-0.00488,0.046334,0.105712,-0.059378
CIGI.TO,2020-10-27,4,streak_4,0.11962,-0.003651,0.123271,0.137293,-0.0238,0.161093,0.363549,0.074299,0.28925,0.384467,0.105712,0.278756
EFN.TO,2020-10-27,4,streak_4,0.032285,-0.003651,0.035935,-0.068709,-0.0238,-0.044908,-0.013245,0.074299,-0.087544,-0.055464,0.105712,-0.161175
FN.TO,2020-10-27,3,streak_3,0.019295,-0.003651,0.022946,0.109899,-0.0238,0.1337,0.114094,0.074299,0.039795,0.295302,0.105712,0.18959
WCN.TO,2020-10-28,2,streak_2,-0.015515,-0.027108,0.011594,-0.009852,-0.0051,-0.004752,0.011171,0.080657,-0.069487,-0.049414,0.087604,-0.137019
OVV.TO,2020-10-28,12,streak_5plus,-0.062448,-0.027108,-0.03534,0.043297,-0.0051,0.048397,0.466278,0.080657,0.385621,0.698585,0.087604,0.61098
FSV.TO,2020-10-28,3,streak_3,0.017516,-0.027108,0.044624,0.06744,-0.0051,0.072539,0.01776,0.080657,-0.062897,0.029051,0.087604,-0.058553
CLS.TO,2020-10-28,5,streak_5plus,-0.081911,-0.027108,-0.054803,-0.05802,-0.0051,-0.052921,0.169511,0.080657,0.088854,0.216155,0.087604,0.12855
FM.TO,2020-10-28,2,streak_2,-0.007133,-0.027108,0.019976,0.082026,-0.0051,0.087125,0.253923,0.080657,0.173266,0.417974,0.087604,0.33037
SHOP.TO,2020-10-29,3,streak_3,-0.049838,0.005396,-0.055234,-0.044481,0.026439,-0.07092,-0.019957,0.113219,-0.133176,0.051026,0.132845,-0.081819
ARE.TO,2020-10-29,7,streak_5plus,0.007505,0.005396,0.002109,0.077861,0.026439,0.051422,0.209193,0.113219,0.095974,0.238274,0.132845,0.105429
ACO-X.TO,2020-10-29,2,streak_2,0.006892,0.005396,0.001496,-0.021661,0.026439,-0.0481,0.022973,0.113219,-0.090246,-0.033476,0.132845,-0.16632
YRI.TO,2020-10-29,3,streak_3,0.021127,0.005396,0.015731,0.029578,0.026439,0.003138,-0.053521,0.113219,-0.16674,-0.143373,0.132845,-0.276218
SJR-B.TO,2020-10-30,2,streak_2,-0.015253,-0.00575,-0.009504,0.015253,0.040043,-0.024789,0.021809,0.110135,-0.088327,-0.002953,0.106332,-0.109285
IMO.TO,2020-10-30,4,streak_4,0.064227,-0.00575,0.069976,0.117403,0.040043,0.07736,0.45511,0.110135,0.344975,0.475138,0.106332,0.368806
NTR.TO,2020-11-02,2,streak_2,0.015529,0.007464,0.008065,-0.041557,0.045069,-0.086626,0.183727,0.103314,0.080413,0.192476,0.135547,0.056929
PKI.TO,2020-11-03,2,streak_2,0.022505,0.015436,0.007068,0.181488,0.049628,0.131861,0.191652,0.101931,0.089721,0.187296,0.138728,0.048568
WTE.TO,2020-11-03,10,streak_5plus,-0.03493,0.015436,-0.050366,0.08982,0.049628,0.040193,0.188623,0.101931,0.086692,0.224551,0.138728,0.085823
HBM.TO,2020-11-03,2,streak_2,0.078464,0.015436,0.063028,0.143573,0.049628,0.093945,0.422371,0.101931,0.32044,0.253756,0.138728,0.115028
TRI.TO,2020-11-03,2,streak_2,0.035551,0.015436,0.020115,0.049026,0.049628,-0.000602,-0.009121,0.101931,-0.111052,0.041978,0.138728,-0.09675
TXG.TO,2020-11-03,6,streak_5plus,0.076718,0.015436,0.061282,0.073522,0.049628,0.023894,0.067661,0.101931,-0.03427,-0.10016,0.138728,-0.238888
GSY.TO,2020-11-03,2,streak_2,0.050424,0.015436,0.034988,0.119289,0.049628,0.069661,0.251305,0.101931,0.149375,0.439295,0.138728,0.300567
IFC.TO,2020-11-03,5,streak_5plus,0.005538,0.015436,-0.009898,0.004254,0.049628,-0.045374,0.063087,0.101931,-0.038844,0.050726,0.138728,-0.088002
RUS.TO,2020-11-04,2,streak_2,-0.014384,0.003733,-0.018117,0.073288,0.042424,0.030864,0.164384,0.089026,0.075358,0.329452,0.124015,0.205437
IAG.TO,2020-11-04,6,streak_5plus,0.047339,0.003733,0.043606,0.13236,0.042424,0.089936,0.162506,0.089026,0.07348,0.174988,0.124015,0.050973
GFL.TO,2020-11-04,3,streak_3,0.001873,0.003733,-0.00186,0.056201,0.042424,0.013777,0.334208,0.089026,0.245182,0.390408,0.124015,0.266393
IMG.TO,2020-11-04,2,streak_2,-0.038855,0.003733,-0.042588,-0.0818,0.042424,-0.124223,-0.051125,0.089026,-0.14015,-0.0818,0.124015,-0.205815
KXS.TO,2020-11-04,8,streak_5plus,0.041615,0.003733,0.037882,-0.188699,0.042424,-0.231123,-0.097929,0.089026,-0.186954,-0.109382,0.124015,-0.233397
CG.TO,2020-11-04,2,streak_2,0.029823,0.003733,0.02609,-0.020503,0.042424,-0.062927,0.095061,0.089026,0.006035,0.103448,0.124015,-0.020567
K.TO,2020-11-04,4,streak_4,-0.015337,0.003733,-0.01907,-0.068507,0.042424,-0.110931,-0.116564,0.089026,-0.20559,-0.149284,0.124015,-0.273299
STN.TO,2020-11-04,5,streak_5plus,-0.002379,0.003733,-0.006112,-0.026963,0.042424,-0.069386,-0.020354,0.089026,-0.10938,0.254824,0.124015,0.130809
GWO.TO,2020-11-04,2,streak_2,0.001853,0.003733,-0.00188,0.037517,0.042424,-0.004906,0.064382,0.089026,-0.024644,0.067624,0.124015,-0.056391
WSP.TO,2020-11-04,2,streak_2,0.000366,0.003733,-0.003367,0.053223,0.042424,0.010799,0.132568,0.089026,0.043543,0.371948,0.124015,0.247933
SLF.TO,2020-11-04,5,streak_5plus,0.001134,0.003733,-0.002599,0.084354,0.042424,0.04193,0.052608,0.089026,-0.036418,0.117234,0.124015,-0.006781
PSI.TO,2020-11-04,3,streak_3,0.0,0.003733,-0.003733,0.110865,0.042424,0.068441,0.412417,0.089026,0.323391,0.722838,0.124015,0.598823
ATS.TO,2020-11-04,5,streak_5plus,0.100058,0.003733,0.096326,0.089526,0.042424,0.047102,0.282621,0.089026,0.193596,0.521358,0.124015,0.397342
BDGI.TO,2020-11-04,2,streak_2,0.017611,0.003733,0.013879,-0.115025,0.042424,-0.157448,-0.015685,0.089026,-0.104711,-0.016786,0.124015,-0.140801
SVM.TO,2020-11-05,2,streak_2,0.141069,0.01872,0.122349,0.040956,0.048466,-0.007511,-0.144482,0.087463,-0.231946,-0.100114,0.127717,-0.22783
PBH.TO,2020-11-05,4,streak_4,0.01807,0.01872,-0.00065,-0.025038,0.048466,-0.073505,0.061533,0.087463,-0.02593,0.085036,0.127717,-0.042681
IGM.TO,2020-11-05,2,streak_2,0.011618,0.01872,-0.007102,0.099828,0.048466,0.051361,0.123494,0.087463,0.036031,0.197074,0.127717,0.069357
RBA.TO,2020-11-05,4,streak_4,0.014555,0.01872,-0.004166,-0.018193,0.048466,-0.06666,0.024341,0.087463,-0.063122,-0.145044,0.127717,-0.272761
PRMW.TO,2020-11-05,4,streak_4,0.03522,0.01872,0.0165,0.098742,0.048466,0.050276,0.133962,0.087463,0.046499,0.243396,0.127717,0.11568
MAXR.TO,2020-11-05,2,streak_2,0.04148,0.01872,0.022759,-0.131446,0.048466,-0.179913,0.016255,0.087463,-0.071208,0.757938,0.127717,0.630222
IFP.TO,2020-11-05,3,streak_3,0.022514,0.01872,0.003794,0.072545,0.048466,0.024079,0.269543,0.087463,0.18208,0.659162,0.127717,0.531445
QBR-B.TO,2020-11-05,2,streak_2,0.009292,0.01872,-0.009429,0.060395,0.048466,0.011928,0.045683,0.087463,-0.04178,-0.001936,0.127717,-0.129652
POU.TO,2020-11-05,2,streak_2,0.025641,0.01872,0.006921,0.323077,0.048466,0.274611,0.738462,0.087463,0.650998,2.482051,0.127717,2.354335
JWEL.TO,2020-11-05,2,streak_2,0.011742,0.01872,-0.006979,-0.084987,0.048466,-0.133454,-0.090299,0.087463,-0.177762,-0.116858,0.127717,-0.244574
ABX.TO,2020-11-05,2,streak_2,0.078504,0.01872,0.059784,-0.056267,0.048466,-0.104733,-0.143868,0.087463,-0.231331,-0.205526,0.127717,-0.333242
ERO.TO,2020-11-05,3,streak_3,0.029018,0.01872,0.010298,0.110491,0.048466,0.062025,0.116629,0.087463,0.029166,0.083147,0.127717,-0.044569
LAS-A.TO,2020-11-06,4,streak_4,0.028759,-0.000945,0.029704,0.07424,0.017425,0.056814,0.088078,0.075027,0.013052,0.128658,0.112755,0.015903
H.TO,2020-11-06,2,streak_2,0.008337,-0.000945,0.009282,0.000397,0.017425,-0.017028,-0.001588,0.075027,-0.076615,0.007146,0.112755,-0.105609
PBL.TO,2020-11-09,2,streak_2,0.003299,0.011859,-0.00856,0.170594,0.024124,0.14647,0.204995,0.079814,0.125181,0.725259,0.125746,0.599513
ZZZ.TO,2020-11-09,4,streak_4,-0.01769,0.011859,-0.02955,0.044226,0.024124,0.020102,0.081572,0.079814,0.001758,0.166585,0.125746,0.040839
NPI.TO,2020-11-10,7,streak_5plus,-0.017792,0.008467,-0.026259,-0.054222,0.025122,-0.079344,0.012991,0.070594,-0.057603,0.131319,0.117305,0.014014
LNR.TO,2020-11-10,3,streak_3,0.020362,0.008467,0.011895,0.268552,0.025122,0.24343,0.390045,0.070594,0.319451,0.518778,0.117305,0.401474
LNF.TO,2020-11-10,4,streak_4,0.055782,0.008467,0.047315,0.076871,0.025122,0.051749,0.108844,0.070594,0.03825,0.184354,0.117305,0.067049
GDI.TO,2020-11-10,3,streak_3,-0.0264,0.008467,-0.034867,0.093867,0.025122,0.068745,0.133333,0.070594,0.062739,0.16,0.117305,0.042695
MFC.TO,2020-11-11,2,streak_2,-0.024662,0.009551,-0.034214,-0.005872,0.020024,-0.025896,0.066941,0.056845,0.010096,0.133881,0.110885,0.022996
BYD.TO,2020-11-11,2,streak_2,0.080081,0.009551,0.07053,0.102744,0.020024,0.08272,0.104167,0.056845,0.047322,0.123984,0.110885,0.013099
GIB-A.TO,2020-11-11,3,streak_3,0.036115,0.009551,0.026564,0.028039,0.020024,0.008016,0.052378,0.056845,-0.004467,0.122028,0.110885,0.011143
SPB.TO,2020-11-11,2,streak_2,0.004251,0.009551,-0.005301,-0.077577,0.020024,-0.097601,0.002125,0.056845,-0.054719,0.047821,0.110885,-0.063064
SIS.TO,2020-11-11,2,streak_2,0.045948,0.009551,0.036397,-0.06015,0.020024,-0.080174,-0.030911,0.056845,-0.087755,0.191312,0.110885,0.080427
ALS.TO,2020-11-11,2,streak_2,-0.003972,0.009551,-0.013524,-0.005958,0.020024,-0.025982,0.143992,0.056845,0.087147,0.444886,0.110885,0.334001
TOY.TO,2020-11-11,2,streak_2,0.003193,0.009551,-0.006358,-0.075351,0.020024,-0.095375,-0.112388,0.056845,-0.169233,-0.152618,0.110885,-0.263503
CIX.TO,2020-11-12,2,streak_2,0.015602,-0.01144,0.027042,0.054235,0.006898,0.047337,0.009658,0.048837,-0.039179,0.127786,0.096512,0.031274
GCG-A.TO,2020-11-12,2,streak_2,0.0,-0.01144,0.01144,0.052576,0.006898,0.045678,0.140202,0.048837,0.091365,0.259161,0.096512,0.162649
AIF.TO,2020-11-12,2,streak_2,-0.008221,-0.01144,0.00322,-0.17373,0.006898,-0.180628,-0.162769,0.048837,-0.211607,-0.142857,0.096512,-0.239369
L.TO,2020-11-12,3,streak_3,0.013504,-0.01144,0.024945,-0.037812,0.006898,-0.04471,-0.022282,0.048837,-0.07112,-0.064821,0.096512,-0.161333
EIF.TO,2020-11-12,2,streak_2,-0.052464,-0.01144,-0.041023,0.046792,0.006898,0.039894,0.030486,0.048837,-0.018352,0.040411,0.096512,-0.056101
CAS.TO,2020-11-12,4,streak_4,-0.103448,-0.01144,-0.092008,-0.041051,0.006898,-0.047949,0.000821,0.048837,-0.048016,0.111658,0.096512,0.015147
AFN.TO,2020-11-12,3,streak_3,-0.067889,-0.01144,-0.056448,-0.090631,0.006898,-0.097529,-0.005771,0.048837,-0.054608,0.275628,0.096512,0.179116
DPM.TO,2020-11-12,3,streak_3,0.030626,-0.01144,0.042066,-0.035952,0.006898,-0.04285,0.010652,0.048837,-0.038185,-0.019973,0.096512,-0.116485
CCL-B.TO,2020-11-13,3,streak_3,0.051113,0.005633,0.045481,0.055179,0.019756,0.035423,0.075315,0.058298,0.017017,0.196128,0.113254,0.082874
SII.TO,2020-11-13,2,streak_2,0.027027,0.005633,0.021394,0.001782,0.019756,-0.017974,-0.003861,0.058298,-0.062159,0.081081,0.113254,-0.032173
FSZ.TO,2020-11-13,2,streak_2,0.041186,0.005633,0.035554,0.072488,0.019756,0.052731,0.067545,0.058298,0.009248,0.110379,0.113254,-0.002875
ACST.V,2020-11-16,3,streak_3,-0.035714,0.012845,-0.048559,0.107143,0.020599,0.086544,0.160714,0.042685,0.118029,3.964286,0.108956,3.85533
ATD.TO,2020-11-24,6,streak_5plus,0.005513,0.010518,-0.005005,-0.012464,0.005604,-0.018068,0.03092,0.026792,0.004128,-0.127517,0.081313,-0.208829
ARU.V,2020-11-24,2,streak_2,-0.048718,0.010518,-0.059236,-0.035897,0.005604,-0.041502,-0.176923,0.026792,-0.203715,-0.169231,0.081313,-0.250543
DOO.TO,2020-11-25,17,streak_5plus,0.032599,0.002246,0.030353,0.101622,0.001308,0.100314,0.241965,0.018484,0.223481,0.296602,0.054949,0.241654
OSI.V,2020-11-30,2,streak_2,0.008065,-0.011859,0.019923,0.008065,0.007151,0.000914,-0.008065,0.008576,-0.016641,-0.056452,0.05892,-0.115371
BMO.TO,2020-12-01,2,streak_2,0.034198,0.006201,0.027997,0.043513,0.022809,0.020704,0.036993,0.014142,0.022851,0.162608,0.065758,0.09685
RY.TO,2020-12-02,2,streak_2,-0.005975,0.003544,-0.009518,-0.011385,0.019778,-0.031164,-0.021982,0.013349,-0.035331,0.036974,0.047916,-0.010942
NA.TO,2020-12-02,6,streak_5plus,-0.011454,0.003544,-0.014998,-0.019256,0.019778,-0.039034,-0.015438,0.013349,-0.028787,0.141434,0.047916,0.093518
TD.TO,2020-12-03,2,streak_2,-0.001585,0.002293,-0.003878,0.022367,0.01162,0.010747,0.021663,0.018683,0.00298,0.135435,0.058923,0.076512
CM.TO,2020-12-03,2,streak_2,0.002329,0.002293,3.6e-05,0.015374,0.01162,0.003754,0.004892,0.018683,-0.013791,0.127883,0.058923,0.068959
LB.TO,2020-12-04,2,streak_2,-0.009178,0.00707,-0.016248,-0.002394,0.011225,-0.01362,-0.01237,0.024721,-0.037092,0.252195,0.060915,0.19128
CWB.TO,2020-12-04,4,streak_4,-0.024438,0.00707,-0.031507,-0.054694,0.011225,-0.065919,-0.008534,0.024721,-0.033255,0.147789,0.060915,0.086874
MEQ.TO,2020-12-07,2,streak_2,0.007478,0.003504,0.003974,0.032172,0.001592,0.030579,0.056724,0.028914,0.02781,0.139975,0.061538,0.078437
DOL.TO,2020-12-09,3,streak_3,0.030245,-0.004484,0.03473,0.001332,-0.007512,0.008843,0.012555,0.016753,-0.004198,-0.061061,0.068349,-0.12941
TCL-A.TO,2020-12-10,3,streak_3,0.038271,0.001902,0.036369,0.115521,0.000427,0.115094,0.097803,0.024254,0.073549,0.238838,0.073543,0.165295
ENGH.TO,2020-12-17,3,streak_3,0.052286,0.004867,0.047419,-0.050465,0.001491,-0.051956,0.011113,0.0222,-0.011087,-0.015303,0.073238,-0.088541
CJR-B.TO,2021-01-12,2,streak_2,0.032609,0.00286,0.029748,0.06087,0.00058,0.06029,0.106522,0.026435,0.080087,0.414508,0.070635,0.343873
ATZ.TO,2021-01-13,10,streak_5plus,0.004437,-0.002841,0.007278,0.116983,-0.001579,0.118562,0.166196,0.026243,0.139953,0.269463,0.067714,0.201749
CGO.TO,2021-01-14,4,streak_4,-0.006762,0.001305,-0.008067,0.118499,0.004472,0.114028,0.212043,0.025554,0.186489,0.244566,0.068972,0.175594
CCA.TO,2021-01-14,4,streak_4,-0.014113,0.001305,-0.015418,0.059533,0.004472,0.055061,0.190916,0.025554,0.165362,0.228252,0.068972,0.15928
RCH.TO,2021-01-21,4,streak_4,0.06067,-0.005479,0.066149,0.102928,-0.032778,0.135706,0.058557,0.020505,0.038052,0.189254,0.062637,0.126617
CLS.TO,2021-01-27,6,streak_5plus,-0.040395,-0.019967,-0.020428,-0.037702,0.005349,-0.043051,-0.06912,0.024978,-0.094099,-0.057451,0.078501,-0.135952
GIB-A.TO,2021-01-27,4,streak_4,0.005508,-0.019967,0.025475,0.054774,0.005349,0.049425,-0.031008,0.024978,-0.055986,0.068951,0.078501,-0.009549
CIA.TO,2021-01-27,3,streak_3,-0.066098,-0.019967,-0.046131,-0.119403,0.005349,-0.124752,-0.031983,0.024978,-0.056961,0.219616,0.078501,0.141115
RCI-B.TO,2021-01-28,2,streak_2,-0.050048,0.013361,-0.063408,-0.040077,0.028208,-0.068284,-0.110067,0.036495,-0.146562,-0.009779,0.110913,-0.120693
ATS.TO,2021-02-03,6,streak_5plus,0.141352,0.002316,0.139036,0.171203,0.029881,0.141322,0.207638,0.014054,0.193585,0.270852,0.073485,0.197367
IFP.TO,2021-02-04,4,streak_4,0.039577,0.007038,0.032538,0.085031,0.030247,0.054784,0.074451,0.02596,0.048491,0.380486,0.077853,0.302633
GOOS.TO,2021-02-04,12,streak_5plus,0.223831,0.007038,0.216792,0.152561,0.030247,0.122314,0.271938,0.02596,0.245977,0.147439,0.077853,0.069586
PSK.TO,2021-02-08,2,streak_2,0.050367,0.010719,0.039648,0.105981,0.017882,0.0881,0.237146,0.025546,0.2116,0.220357,0.07371,0.146647
TFII.TO,2021-02-08,5,streak_5plus,0.013886,0.010719,0.003167,0.053807,0.017882,0.035925,-0.017704,0.025546,-0.04325,0.173224,0.07371,0.099514
FTT.TO,2021-02-09,2,streak_2,0.003096,0.004272,-0.001176,0.040635,0.008849,0.031786,0.157895,0.019623,0.138272,0.176858,0.056278,0.120579
FSV.TO,2021-02-09,4,streak_4,0.039309,0.004272,0.035037,0.026896,0.008849,0.018047,0.035898,0.019623,0.016275,0.066652,0.056278,0.010373
IFC.TO,2021-02-09,6,streak_5plus,0.006961,0.004272,0.00269,0.007869,0.008849,-0.000979,0.056749,0.019623,0.037126,0.151559,0.056278,0.09528
MFC.TO,2021-02-10,3,streak_3,-0.003612,0.002673,-0.006285,0.01548,-0.001836,0.017316,0.110939,0.023685,0.087255,0.049536,0.047011,0.002525
TIH.TO,2021-02-10,2,streak_2,-0.006937,0.002673,-0.00961,-0.016931,-0.001836,-0.015095,-0.012934,0.023685,-0.036618,0.157084,0.047011,0.110073
RUS.TO,2021-02-10,3,streak_3,0.013896,0.002673,0.011223,-0.022041,-0.001836,-0.020205,0.012458,0.023685,-0.011227,0.254432,0.047011,0.207422
GWO.TO,2021-02-10,3,streak_3,0.012335,0.002673,0.009662,0.031901,-0.001836,0.033737,0.102084,0.023685,0.0784,0.219056,0.047011,0.172045
K.TO,2021-02-10,5,streak_5plus,-0.001181,0.002673,-0.003853,-0.069658,-0.001836,-0.067822,-0.083825,0.023685,-0.10751,0.002361,0.047011,-0.044649
SLF.TO,2021-02-10,6,streak_5plus,0.002202,0.002673,-0.000471,0.0,-0.001836,0.001836,0.057658,0.023685,0.033973,0.066667,0.047011,0.019656
CIGI.TO,2021-02-11,5,streak_5plus,0.118809,-0.003511,0.122319,0.042975,-0.009952,0.052928,0.027679,0.021319,0.00636,0.046293,0.035215,0.011078
AEM.TO,2021-02-11,2,streak_2,-0.026168,-0.003511,-0.022657,-0.165566,-0.009952,-0.155614,-0.200293,0.021319,-0.221612,-0.097823,0.035215,-0.133039
CIX.TO,2021-02-11,3,streak_3,0.049793,-0.003511,0.053303,0.035961,-0.009952,0.045914,0.070539,0.021319,0.049221,0.178423,0.035215,0.143208
FIH-U.TO,2021-02-11,2,streak_2,-0.007812,-0.003511,-0.004302,-0.017188,-0.009952,-0.007235,-0.0125,0.021319,-0.033819,-0.052344,0.035215,-0.087559
YRI.TO,2021-02-11,4,streak_4,-0.007987,-0.003511,-0.004477,-0.094249,-0.009952,-0.084297,-0.110224,0.021319,-0.131543,-0.025785,0.035215,-0.061
WFG.TO,2021-02-11,6,streak_5plus,0.008062,-0.003511,0.011572,-0.038411,-0.009952,-0.028459,-0.082039,0.021319,-0.103358,0.082158,0.035215,0.046942
CAE.TO,2021-02-12,2,streak_2,-0.012004,0.003654,-0.015657,-0.001231,-0.000473,-0.000758,0.057864,0.030544,0.02732,0.122499,0.040385,0.082114
CSU.TO,2021-02-12,2,streak_2,-0.003708,0.003654,-0.007361,0.064362,-0.000473,0.064835,0.056349,0.030544,0.025804,0.082644,0.040385,0.042259
CUP-U.TO,2021-02-12,2,streak_2,0.006838,0.003654,0.003184,0.009402,-0.000473,0.009875,0.011111,0.030544,-0.019433,-0.035897,0.040385,-0.076282
EMA.TO,2021-02-16,2,streak_2,-0.005012,0.00175,-0.006762,-0.03693,-0.002356,-0.034573,0.041414,0.022416,0.018998,0.100501,0.049106,0.051396
GSY.TO,2021-02-17,3,streak_3,-0.000195,-0.006365,0.00617,0.080529,-0.008782,0.089311,0.111749,0.02653,0.085219,0.226512,0.053113,0.173399
WCN.TO,2021-02-17,3,streak_3,-0.000996,-0.006365,0.005369,-0.016433,-0.008782,-0.007651,0.016101,0.02653,-0.010429,0.183584,0.053113,0.13047
NTR.TO,2021-02-17,3,streak_3,-0.012582,-0.006365,-0.006217,-0.017484,-0.008782,-0.008702,0.004575,0.02653,-0.021954,0.035784,0.053113,-0.017329
OVV.TO,2021-02-17,13,streak_5plus,0.00952,-0.006365,0.015885,0.021157,-0.008782,0.029939,0.141749,0.02653,0.115219,0.124118,0.053113,0.071005
SHOP.TO,2021-02-17,4,streak_4,-0.027936,-0.006365,-0.021571,-0.11787,-0.008782,-0.109088,-0.217933,0.02653,-0.244462,-0.287404,0.053113,-0.340517
EIF.TO,2021-02-17,3,streak_3,-0.011048,-0.006365,-0.004683,0.067626,-0.008782,0.076408,0.053231,0.02653,0.026701,0.0539,0.053113,0.000787
HBM.TO,2021-02-18,3,streak_3,0.042649,-0.00548,0.048129,0.156004,0.00597,0.150034,-0.010101,0.025127,-0.035228,0.097643,0.061622,0.036021
SPB.TO,2021-02-18,3,streak_3,0.067067,-0.00548,0.072547,0.025025,0.00597,0.019055,0.088088,0.025127,0.062961,0.166166,0.061622,0.104544
TRP.TO,2021-02-18,2,streak_2,0.009777,-0.00548,0.015257,-0.00675,0.00597,-0.012721,0.007449,0.025127,-0.017678,0.091248,0.061622,0.029625
CTC-A.TO,2021-02-18,2,streak_2,-0.001102,-0.00548,0.004378,-0.052846,0.00597,-0.058816,0.00124,0.025127,-0.023887,0.204217,0.061622,0.142594
HCG.TO,2021-02-18,2,streak_2,-0.021947,-0.00548,-0.016466,0.011132,0.00597,0.005162,-0.007634,0.025127,-0.03276,0.104644,0.061622,0.043021
MTY.TO,2021-02-18,3,streak_3,-0.056292,-0.00548,-0.050812,0.063247,0.00597,0.057277,0.054336,0.025127,0.029209,0.150619,0.061622,0.088997
NGT.TO,2021-02-18,2,streak_2,-0.001549,-0.00548,0.003932,-0.013517,0.00597,-0.019487,0.077584,0.025127,0.052457,0.239651,0.061622,0.178028
ABX.TO,2021-02-18,3,streak_3,-0.026268,-0.00548,-0.020788,-0.047554,0.00597,-0.053524,-0.004982,0.025127,-0.030109,0.153986,0.061622,0.092363
MG.TO,2021-02-19,2,streak_2,0.09844,0.00603,0.092409,0.085686,-0.002769,0.088455,0.208024,0.031733,0.17629,0.218053,0.062542,0.155511
EQB.TO,2021-02-22,2,streak_2,0.019411,0.001762,0.017648,0.114306,-0.017624,0.13193,0.04619,0.023433,0.022757,0.178109,0.063027,0.115083
BMO.TO,2021-02-23,3,streak_3,0.030157,-0.004702,0.034859,0.041858,-0.006358,0.048216,0.076719,0.013743,0.062976,0.227986,0.060304,0.167681
LNF.TO,2021-02-23,5,streak_5plus,0.001778,-0.004702,0.006481,-0.009484,-0.006358,-0.003126,0.129223,0.013743,0.11548,0.132187,0.060304,0.071883
TRI.TO,2021-02-23,3,streak_3,0.107455,-0.004702,0.112157,0.099574,-0.006358,0.105932,0.107242,0.013743,0.093499,0.141001,0.060304,0.080697
BNS.TO,2021-02-23,2,streak_2,0.027861,-0.004702,0.032563,0.048159,-0.006358,0.054518,0.082786,0.013743,0.069043,0.113831,0.060304,0.053527
AGI.TO,2021-02-24,2,streak_2,0.027594,0.008423,0.01917,0.004415,0.004992,-0.000577,0.037528,0.016268,0.021259,0.16777,0.067321,0.100449
TXG.TO,2021-02-24,7,streak_5plus,0.065469,0.008423,0.057045,0.007702,0.004992,0.00271,0.040436,0.016268,0.024168,0.163671,0.067321,0.09635
BHC.TO,2021-02-24,2,streak_2,-0.019395,0.008423,-0.027819,0.026197,0.004992,0.021205,-0.024937,0.016268,-0.041205,-0.050126,0.067321,-0.117447
NA.TO,2021-02-24,7,streak_5plus,0.0484,0.008423,0.039977,0.072759,0.004992,0.067767,0.145837,0.016268,0.129568,0.254577,0.067321,0.187256
AIF.TO,2021-02-24,3,streak_3,-0.053735,0.008423,-0.062158,0.109505,0.004992,0.104514,0.213312,0.016268,0.197043,0.157948,0.067321,0.090627
RY.TO,2021-02-24,3,streak_3,-0.002556,0.008423,-0.010979,-0.022042,0.004992,-0.027034,0.033756,0.016268,0.017487,0.110957,0.067321,0.043636
CFP.TO,2021-02-24,3,streak_3,0.031086,0.008423,0.022663,0.005248,0.004992,0.000256,-0.049253,0.016268,-0.065522,0.199838,0.067321,0.132518
STN.TO,2021-02-24,6,streak_5plus,0.008059,0.008423,-0.000364,0.071008,0.004992,0.066017,0.115879,0.016268,0.099611,0.139403,0.067321,0.072082
AND.TO,2021-02-24,2,streak_2,0.099973,0.008423,0.09155,-0.025394,0.004992,-0.030386,-0.024325,0.016268,-0.040593,-0.098637,0.067321,-0.165958
GCG-A.TO,2021-02-24,3,streak_3,-0.018909,0.008423,-0.027333,-0.020668,0.004992,-0.02566,0.103782,0.016268,0.087513,0.153034,0.067321,0.085713
PSI.TO,2021-02-24,4,streak_4,0.021465,0.008423,0.013041,0.035354,0.004992,0.030362,-0.011364,0.016268,-0.027632,-0.07702,0.067321,-0.144341
EFX.TO,2021-02-24,2,streak_2,0.004975,0.008423,-0.003448,0.039801,0.004992,0.034809,-0.008706,0.016268,-0.024975,-0.085821,0.067321,-0.153142
TCL-A.TO,2021-02-25,4,streak_4,0.00581,-0.01412,0.01993,0.001291,-0.008862,0.010153,0.025178,0.009013,0.016165,0.070368,0.068219,0.002149
CCL-B.TO,2021-02-25,4,streak_4,0.016741,-0.01412,0.03086,0.041851,-0.008862,0.050713,0.042836,0.009013,0.033823,0.047924,0.068219,-0.020295
JWEL.TO,2021-02-25,3,streak_3,0.013307,-0.01412,0.027427,-0.00779,-0.008862,0.001072,0.075949,0.009013,0.066936,0.107108,0.068219,0.038889
ARE.TO,2021-02-25,8,streak_5plus,0.018437,-0.01412,0.032557,0.114307,-0.008862,0.123168,0.148968,0.009013,0.139955,0.080383,0.068219,0.012164
TD.TO,2021-02-25,3,streak_3,-0.016775,-0.01412,-0.002655,-0.006058,-0.008862,0.002804,0.034172,0.009013,0.025159,0.129077,0.068219,0.060858
CAS.TO,2021-02-25,5,streak_5plus,0.018209,-0.01412,0.032329,0.062974,-0.008862,0.071836,-0.005311,0.009013,-0.014324,-0.157815,0.068219,-0.226034
L.TO,2021-02-25,4,streak_4,0.03532,-0.01412,0.04944,0.028698,-0.008862,0.037559,0.130979,0.009013,0.121966,0.245033,0.068219,0.176814
PRMW.TO,2021-02-25,5,streak_5plus,-0.031196,-0.01412,-0.017076,-0.028885,-0.008862,-0.020024,0.044483,0.009013,0.03547,0.096476,0.068219,0.028257
QBR-B.TO,2021-02-25,3,streak_3,0.015163,-0.01412,0.029283,0.042835,-0.008862,0.051697,0.120925,0.009013,0.111912,0.046247,0.068219,-0.021972
ACO-X.TO,2021-02-25,3,streak_3,0.019193,-0.01412,0.033313,0.008273,-0.008862,0.017134,0.112839,0.009013,0.103826,0.174719,0.068219,0.106499
GIL.TO,2021-02-25,2,streak_2,0.156755,-0.01412,0.170875,0.097931,-0.008862,0.106793,0.110537,0.009013,0.101524,0.262767,0.068219,0.194547
CM.TO,2021-02-25,3,streak_3,0.001288,-0.01412,0.015408,0.028559,-0.008862,0.037421,0.07537,0.009013,0.066357,0.177153,0.068219,0.108933
ALC.TO,2021-02-26,3,streak_3,0.0,-0.008955,0.008955,0.053832,-0.005367,0.059199,0.12135,0.029034,0.092316,0.156934,0.085104,0.07183
CWB.TO,2021-02-26,5,streak_5plus,0.068473,-0.008955,0.077428,0.086155,-0.005367,0.091522,0.048909,0.029034,0.019875,0.197893,0.085104,0.112789
ALA.TO,2021-02-26,2,streak_2,-0.023608,-0.008955,-0.014652,-0.00908,-0.005367,-0.003713,0.061138,0.029034,0.032104,0.227603,0.085104,0.142498
ONEX.TO,2021-02-26,4,streak_4,0.024713,-0.008955,0.033669,0.079288,-0.005367,0.084655,0.138717,0.029034,0.109683,0.267579,0.085104,0.182474
TOY.TO,2021-03-01,3,streak_3,0.028708,0.01325,0.015458,0.437247,0.017757,0.41949,0.239971,0.036483,0.203487,0.47442,0.099218,0.375203
FN.TO,2021-03-02,4,streak_4,-0.004292,0.006667,-0.010959,0.075107,0.008645,0.066462,0.078786,0.022186,0.0566,0.169528,0.07822,0.091308
WN.TO,2021-03-02,2,streak_2,0.020803,0.006667,0.014136,0.071168,0.008645,0.062523,0.202555,0.022186,0.180368,0.264599,0.07822,0.186378
LAC.TO,2021-03-02,3,streak_3,-0.007904,0.006667,-0.01457,-0.237521,0.008645,-0.246166,-0.247504,0.022186,-0.26969,-0.223794,0.07822,-0.302014
ZZZ.TO,2021-03-02,5,streak_5plus,0.018293,0.006667,0.011626,0.122358,0.008645,0.113713,0.137805,0.022186,0.115619,0.07561,0.07822,-0.002611
GDI.TO,2021-03-02,4,streak_4,0.024636,0.006667,0.017969,0.101904,0.008645,0.093259,0.159015,0.022186,0.136828,0.108623,0.07822,0.030402
ACQ.TO,2021-03-02,2,streak_2,-0.022531,0.006667,-0.029198,0.155732,0.008645,0.147087,-0.013585,0.022186,-0.035771,0.434725,0.07822,0.356505
LB.TO,2021-03-03,3,streak_3,0.099286,-0.005477,0.104763,0.106429,0.009641,0.096788,0.106786,0.015151,0.091635,0.2075,0.084379,0.123121
POU.TO,2021-03-03,3,streak_3,-0.005488,-0.005477,-1.1e-05,-0.012075,0.009641,-0.021715,-0.075741,0.015151,-0.090892,0.331504,0.084379,0.247125
MEG.TO,2021-03-03,2,streak_2,0.040562,-0.005477,0.046039,0.131045,0.009641,0.121404,-0.00312,0.015151,-0.018271,0.318253,0.084379,0.233874
DSG.TO,2021-03-03,2,streak_2,-0.028519,-0.005477,-0.023041,0.035648,0.009641,0.026007,0.012279,0.015151,-0.002872,-0.073277,0.084379,-0.157656
EFN.TO,2021-03-03,5,streak_5plus,0.000876,-0.005477,0.006354,0.092901,0.009641,0.08326,0.099912,0.015151,0.084762,0.092901,0.084379,0.008522
MRE.TO,2021-03-04,2,streak_2,-0.010661,-0.010644,-1.7e-05,-0.105188,0.020158,-0.125346,-0.153518,0.036549,-0.190067,-0.10661,0.090089,-0.196699
CNQ.TO,2021-03-04,2,streak_2,0.018621,-0.010644,0.029264,0.065517,0.020158,0.04536,0.064828,0.036549,0.028279,0.20069,0.090089,0.1106
WPK.TO,2021-03-04,3,streak_3,-0.015371,-0.010644,-0.004728,0.025334,0.020158,0.005177,0.102477,0.036549,0.065928,-0.01224,0.090089,-0.10233
AD-UN.TO,2021-03-09,2,streak_2,0.035283,0.007661,0.027623,0.049211,0.026926,0.022284,0.040854,0.036369,0.004485,0.084494,0.085465,-0.000971
OIII.V,2021-03-09,2,streak_2,0.007937,0.007661,0.000276,-0.007937,0.026926,-0.034863,-0.02381,0.036369,-0.060179,0.06746,0.085465,-0.018005
PBL.TO,2021-03-10,3,streak_3,-0.022462,0.004882,-0.027344,0.121119,0.014775,0.106344,0.137194,0.033856,0.103338,0.254129,0.078858,0.175271
ALS.TO,2021-03-10,3,streak_3,0.015162,0.004882,0.01028,0.073646,0.014775,0.058871,0.049097,0.033856,0.015241,0.228159,0.078858,0.149301
NVEI.TO,2021-03-10,2,streak_2,0.15466,0.004882,0.149778,0.395634,0.014775,0.380859,0.425021,0.033856,0.391165,0.356171,0.078858,0.277313
LNR.TO,2021-03-10,4,streak_4,0.049339,0.004882,0.044457,0.030082,0.014775,0.015307,-0.002811,0.033856,-0.036668,0.093759,0.078858,0.0149
FNV.TO,2021-03-10,2,streak_2,0.015267,0.004882,0.010385,0.090185,0.014775,0.07541,0.191912,0.033856,0.158056,0.304587,0.078858,0.225729
DCBO.TO,2021-03-11,2,streak_2,0.092607,0.008272,0.084335,0.003961,0.015682,-0.011721,0.127876,0.028785,0.099091,0.233874,0.070214,0.16366
PBH.TO,2021-03-11,5,streak_5plus,0.046214,0.008272,0.037942,0.057767,0.015682,0.042085,0.075727,0.028785,0.046942,0.115219,0.070214,0.045005
ADEN.TO,2021-03-11,9,streak_5plus,0.034976,0.008272,0.026704,0.072584,0.015682,0.056902,0.123355,0.028785,0.094569,0.077473,0.070214,0.007259
FSZ.TO,2021-03-18,3,streak_3,-0.014925,-0.007723,-0.007203,-0.074627,-0.01869,-0.055937,-0.004478,0.019396,-0.023874,0.013433,0.065737,-0.052305
KRR.TO,2021-03-19,3,streak_3,0.038123,0.000929,0.037194,-0.01173,-0.009843,-0.001888,0.217009,0.019531,0.197478,0.158358,0.069413,0.088945
ALV.V,2021-03-25,2,streak_2,0.11413,0.001224,0.112907,0.01087,0.003886,0.006983,-0.021739,0.025445,-0.047184,0.048913,0.082461,-0.033547
DOO.TO,2021-03-25,18,streak_5plus,0.032868,0.001224,0.031644,0.100494,0.003886,0.096607,0.152578,0.025445,0.127133,-0.035808,0.082461,-0.118269
LAS-A.TO,2021-03-26,5,streak_5plus,0.00828,0.005442,0.002838,0.049268,0.018187,0.031081,0.228274,0.027854,0.200421,0.114616,0.083856,0.03076
RCH.TO,2021-04-08,5,streak_5plus,0.01043,0.005217,0.005213,-0.006105,0.002227,-0.008332,0.033579,0.008464,0.025116,-0.052404,0.060719,-0.113123
MTY.TO,2021-04-09,4,streak_4,-0.010162,-4.7e-05,-0.010115,-0.058824,0.004836,-0.06366,-0.036936,0.012679,-0.049614,-0.034004,0.043284,-0.077288
CJR-B.TO,2021-04-09,3,streak_3,0.070086,-4.7e-05,0.070132,0.076923,0.004836,0.072087,0.022223,0.012679,0.009544,0.019924,0.043284,-0.02336
CCA.TO,2021-04-13,5,streak_5plus,0.000734,0.000125,0.000609,0.005244,0.000161,0.005083,0.000734,0.003786,-0.003052,0.03304,0.053736,-0.020696
CGO.TO,2021-04-13,5,streak_5plus,-0.004291,0.000125,-0.004416,0.006761,0.000161,0.0066,0.003641,0.003786,-0.000146,-0.006891,0.053736,-0.060627
RCI-B.TO,2021-04-21,3,streak_3,0.004404,0.005383,-0.00098,-0.008616,0.007053,-0.015669,0.001723,0.019758,-0.018034,0.096879,0.047367,0.049513
FSV.TO,2021-04-27,5,streak_5plus,0.027447,0.000235,0.027213,-0.053968,0.002222,-0.056191,-0.074493,0.029989,-0.104482,0.082147,0.051871,0.030276
CS.TO,2021-04-27,2,streak_2,-0.060886,0.000235,-0.06112,0.001845,0.002222,-0.000377,0.001845,0.029989,-0.028144,0.00738,0.051871,-0.044491
TFII.TO,2021-04-27,6,streak_5plus,0.028356,0.000235,0.028122,0.114516,0.002222,0.112294,0.180718,0.029989,0.150729,0.355546,0.051871,0.303675
GIB-A.TO,2021-04-28,5,streak_5plus,0.015553,0.009486,0.006067,0.043034,0.000673,0.042362,0.011069,0.031254,-0.020185,0.101527,0.052062,0.049464
WCN.TO,2021-04-28,4,streak_4,-0.005277,0.009486,-0.014763,0.032516,0.000673,0.031843,0.008129,0.031254,-0.023125,0.085853,0.052062,0.03379
SHOP.TO,2021-04-28,5,streak_5plus,0.111168,0.009486,0.101682,-0.01733,0.000673,-0.018003,0.043602,0.031254,0.012348,0.36901,0.052062,0.316947
ACO-X.TO,2021-04-29,4,streak_4,0.002062,-0.005223,0.007285,0.002356,-0.002392,0.004748,0.042121,0.025582,0.016538,0.065096,0.045121,0.019975
CU.TO,2021-04-29,2,streak_2,0.012268,-0.005223,0.017491,0.018216,-0.002392,0.020608,0.030112,0.025582,0.004529,0.056877,0.045121,0.011757
OVV.TO,2021-04-29,14,streak_5plus,0.023051,-0.005223,0.028274,0.06678,-0.002392,0.069172,0.075593,0.025582,0.050011,0.090847,0.045121,0.045727
AEM.TO,2021-04-29,3,streak_3,-0.026837,-0.005223,-0.021614,0.019671,-0.002392,0.022063,0.084165,0.025582,0.058582,-0.030912,0.045121,-0.076033
CFX.TO,2021-04-29,2,streak_2,-0.03043,-0.005223,-0.025207,-0.026233,-0.002392,-0.023841,-0.082896,0.025582,-0.108479,-0.298006,0.045121,-0.343127
CLS.TO,2021-04-29,7,streak_5plus,-0.03626,-0.005223,-0.031037,-0.05916,-0.002392,-0.056768,-0.004771,0.025582,-0.030353,0.070611,0.045121,0.02549
FFH.TO,2021-04-29,2,streak_2,0.006195,-0.005223,0.011418,0.023733,-0.002392,0.026124,0.007983,0.025582,-0.017599,-0.093269,0.045121,-0.138389
PSI.TO,2021-04-29,5,streak_5plus,0.011166,-0.005223,0.016389,0.002481,-0.002392,0.004873,-0.069479,0.025582,-0.095061,-0.148883,0.045121,-0.194004
FIH-U.TO,2021-04-29,3,streak_3,-0.008013,-0.005223,-0.00279,-0.014423,-0.002392,-0.012031,-0.010417,0.025582,-0.035999,0.05609,0.045121,0.010969
ALA.TO,2021-04-29,3,streak_3,0.008556,-0.005223,0.013779,0.05508,-0.002392,0.057472,0.084492,0.025582,0.05891,0.194118,0.045121,0.148997
CFP.TO,2021-04-29,4,streak_4,-0.033587,-0.005223,-0.028364,0.064005,-0.002392,0.066397,-0.051648,0.025582,-0.07723,-0.265209,0.045121,-0.31033
SU.TO,2021-05-03,2,streak_2,0.024279,0.00549,0.018789,0.089785,0.01907,0.070715,0.123683,0.04541,0.078273,-0.059551,0.061727,-0.121278
NTR.TO,2021-05-03,4,streak_4,0.01286,0.00549,0.00737,0.098594,0.01907,0.079524,0.12963,0.04541,0.08422,0.10168,0.061727,0.039953
STLC.TO,2021-05-04,2,streak_2,0.043673,-0.001312,0.044985,0.182857,0.00774,0.175118,0.053469,0.039452,0.014017,0.288571,0.059995,0.228576
ERO.TO,2021-05-04,4,streak_4,-0.00488,-0.001312,-0.003569,0.145181,0.00774,0.137441,0.118341,0.039452,0.078889,-0.00244,0.059995,-0.062435
BHC.TO,2021-05-04,3,streak_3,-0.107282,-0.001312,-0.10597,-0.1376,0.00774,-0.14534,-0.005183,0.039452,-0.044635,-0.141487,0.059995,-0.201483
TRI.TO,2021-05-04,4,streak_4,0.038476,-0.001312,0.039788,0.016102,0.00774,0.008362,0.042314,0.039452,0.002862,0.156057,0.059995,0.096062
EQB.TO,2021-05-04,3,streak_3,0.002414,-0.001312,0.003725,0.074509,0.00774,0.06677,0.034117,0.039452,-0.005336,0.085291,0.059995,0.025296
TIH.TO,2021-05-04,3,streak_3,-0.000435,-0.001312,0.000877,0.078947,0.00774,0.071208,0.112223,0.039452,0.072771,0.069378,0.059995,0.009383
RPI-UN.TO,2021-05-04,2,streak_2,-0.001402,-0.001312,-9e-05,-0.049071,0.00774,-0.056811,-0.114967,0.039452,-0.154419,-0.05871,0.059995,-0.118705
RUS.TO,2021-05-04,4,streak_4,0.013461,-0.001312,0.014772,0.14112,0.00774,0.133381,0.168042,0.039452,0.12859,0.270951,0.059995,0.210956
CIGI.TO,2021-05-04,6,streak_5plus,0.057031,-0.001312,0.058343,0.044875,0.00774,0.037135,0.024614,0.039452,-0.014839,0.199835,0.059995,0.13984
GIL.TO,2021-05-05,3,streak_3,-0.002551,0.006395,-0.008946,-0.015051,0.004482,-0.019533,0.020153,0.039264,-0.019111,0.028061,0.059501,-0.031439
ARX.TO,2021-05-05,2,streak_2,0.014104,0.006395,0.00771,0.126939,0.004482,0.122457,0.149506,0.039264,0.110242,0.09591,0.059501,0.036409
ABX.TO,2021-05-05,4,streak_4,0.008783,0.006395,0.002389,0.071146,0.004482,0.066664,0.050944,0.039264,0.01168,0.016689,0.059501,-0.042812
MFC.TO,2021-05-05,4,streak_4,0.015052,0.006395,0.008657,-0.043274,0.004482,-0.047756,-0.045626,0.039264,-0.08489,-0.08984,0.059501,-0.149341
FNV.TO,2021-05-05,3,streak_3,0.011142,0.006395,0.004747,0.02438,0.004482,0.019898,0.025818,0.039264,-0.013446,0.153289,0.059501,0.093788
TOY.TO,2021-05-05,4,streak_4,0.002944,0.006395,-0.003451,-0.030177,0.004482,-0.034659,-0.04318,0.039264,-0.082444,0.136899,0.059501,0.077398
FTS.TO,2021-05-05,2,streak_2,-0.005044,0.006395,-0.011438,0.000658,0.004482,-0.003824,0.014474,0.039264,-0.02479,0.051316,0.059501,-0.008185
JWEL.TO,2021-05-05,4,streak_4,0.004319,0.006395,-0.002076,-0.013245,0.004482,-0.017727,-0.056435,0.039264,-0.0957,-0.109415,0.059501,-0.168916
L.TO,2021-05-05,5,streak_5plus,0.016982,0.006395,0.010588,0.043109,0.004482,0.038627,0.096016,0.039264,0.056752,0.271065,0.059501,0.211564
GWO.TO,2021-05-05,4,streak_4,-0.000355,0.006395,-0.006749,0.016673,0.004482,0.012191,0.040795,0.039264,0.00153,0.070947,0.059501,0.011446
CSU.TO,2021-05-05,3,streak_3,-0.00646,0.006395,-0.012854,-0.054553,0.004482,-0.059035,-0.033634,0.039264,-0.072898,0.112945,0.059501,0.053445
ACQ.TO,2021-05-05,3,streak_3,0.077267,0.006395,0.070872,0.069227,0.004482,0.064745,-0.068557,0.039264,-0.107822,0.11858,0.059501,0.059079
TSU.TO,2021-05-05,2,streak_2,0.031914,0.006395,0.02552,0.113638,0.004482,0.109156,0.182015,0.039264,0.142751,0.378272,0.059501,0.318771
WFG.TO,2021-05-06,7,streak_5plus,0.008034,-0.00102,0.009054,-0.059841,-0.010507,-0.049334,-0.140179,0.037207,-0.177387,-0.147595,0.05514,-0.202735
CNQ.TO,2021-05-06,3,streak_3,0.013522,-0.00102,0.014542,0.023181,-0.010507,0.033688,0.13973,0.037207,0.102522,0.03284,0.05514,-0.022301
FSZ.TO,2021-05-06,4,streak_4,0.00436,-0.00102,0.005381,-0.049419,-0.010507,-0.038912,-0.014535,0.037207,-0.051742,0.020349,0.05514,-0.034792
AD-UN.TO,2021-05-06,3,streak_3,0.001681,-0.00102,0.002701,-0.030252,-0.010507,-0.019745,-0.021849,0.037207,-0.059056,0.088235,0.05514,0.033095
LNR.TO,2021-05-06,5,streak_5plus,0.063706,-0.00102,0.064726,0.040526,-0.010507,0.051033,0.169732,0.037207,0.132525,0.02961,0.05514,-0.025531
AIF.TO,2021-05-06,4,streak_4,-0.027716,-0.00102,-0.026696,-0.0857,-0.010507,-0.075193,-0.065635,0.037207,-0.102842,-0.04251,0.05514,-0.09765
MRE.TO,2021-05-06,3,streak_3,0.009732,-0.00102,0.010752,-0.022709,-0.010507,-0.012202,0.067315,0.037207,0.030108,-0.077859,0.05514,-0.132999
GDI.TO,2021-05-06,5,streak_5plus,-0.014493,-0.00102,-0.013473,-0.069243,-0.010507,-0.058736,-0.071032,0.037207,-0.10824,-0.002505,0.05514,-0.057645
MG.TO,2021-05-06,3,streak_3,0.016195,-0.00102,0.017215,-0.02419,-0.010507,-0.013683,0.093583,0.037207,0.056376,-0.078413,0.05514,-0.133554
PRMW.TO,2021-05-06,6,streak_5plus,0.003836,-0.00102,0.004856,-0.001096,-0.010507,0.009411,0.040548,0.037207,0.003341,0.048767,0.05514,-0.006373
IPL.TO,2021-05-06,2,streak_2,0.003908,-0.00102,0.004929,-0.011725,-0.010507,-0.001218,0.134003,0.037207,0.096796,0.112786,0.05514,0.057646
IFP.TO,2021-05-06,5,streak_5plus,0.021573,-0.00102,0.022593,-0.023559,-0.010507,-0.013052,-0.123723,0.037207,-0.16093,-0.22196,0.05514,-0.277101
PBH.TO,2021-05-06,6,streak_5plus,0.000384,-0.00102,0.001404,0.0,-0.010507,0.010507,0.023225,0.037207,-0.013983,0.07476,0.05514,0.01962
CCO.TO,2021-05-07,2,streak_2,0.106324,0.009419,0.096906,0.029789,-0.008045,0.037834,0.179652,0.038583,0.141069,-0.019707,0.061397,-0.081103
LAS-A.TO,2021-05-07,6,streak_5plus,-0.007197,0.009419,-0.016616,-0.025887,-0.008045,-0.017841,-0.014046,0.038583,-0.052629,-0.081491,0.061397,-0.142887
TRP.TO,2021-05-07,3,streak_3,0.002312,0.009419,-0.007106,-0.023334,-0.008045,-0.015289,0.036367,0.038583,-0.002215,0.005255,0.061397,-0.056141
ZZZ.TO,2021-05-10,6,streak_5plus,-0.001935,-0.00569,0.003754,-0.07129,-0.005444,-0.065847,-0.142258,0.030463,-0.172721,-0.030968,0.049541,-0.080509
NVEI.TO,2021-05-10,3,streak_3,0.006698,-0.00569,0.012388,0.043978,-0.005444,0.049422,0.020599,0.030463,-0.009864,0.280045,0.049541,0.230504
FVI.TO,2021-05-10,2,streak_2,-0.034483,-0.00569,-0.028793,-0.022989,-0.005444,-0.017545,0.02682,0.030463,-0.003643,-0.318008,0.049541,-0.367549
GSY.TO,2021-05-11,4,streak_4,-0.011672,-0.00454,-0.007132,-0.037916,0.005826,-0.043742,-0.011138,0.033075,-0.044214,0.210406,0.058558,0.151848
EFN.TO,2021-05-11,6,streak_5plus,-0.001468,-0.00454,0.003071,-0.088106,0.005826,-0.093932,-0.097651,0.033075,-0.130726,-0.041116,0.058558,-0.099674
ALS.TO,2021-05-11,4,streak_4,0.017765,-0.00454,0.022305,-0.08596,0.005826,-0.091786,-0.012034,0.033075,-0.04511,-0.087106,0.058558,-0.145664
AFN.TO,2021-05-11,4,streak_4,-0.03111,-0.00454,-0.02657,-0.08296,0.005826,-0.088786,-0.125383,0.033075,-0.158458,-0.309922,0.058558,-0.36848
WN.TO,2021-05-11,3,streak_3,-0.011562,-0.00454,-0.007023,0.003854,0.005826,-0.001972,0.028758,0.033075,-0.004318,0.163356,0.058558,0.104798
EDR.TO,2021-05-11,2,streak_2,0.024862,-0.00454,0.029402,0.114641,0.005826,0.108815,0.19337,0.033075,0.160295,-0.234807,0.058558,-0.293365
IFC.TO,2021-05-11,7,streak_5plus,-0.011564,-0.00454,-0.007025,-0.04271,0.005826,-0.048536,0.00368,0.033075,-0.029396,0.022866,0.058558,-0.035692
AND.TO,2021-05-11,3,streak_3,-0.004387,-0.00454,0.000153,0.042995,0.005826,0.037169,0.015209,0.033075,-0.017866,0.233694,0.058558,0.175136
ADEN.TO,2021-05-12,10,streak_5plus,-0.014876,-0.008623,-0.006253,-0.068306,0.012094,-0.0804,-0.132362,0.040236,-0.172597,0.101093,0.066411,0.034682
GCG-A.TO,2021-05-12,4,streak_4,0.008121,-0.008623,0.016744,0.038283,0.012094,0.026189,0.038283,0.040236,-0.001952,0.054138,0.066411,-0.012273
CCL-B.TO,2021-05-12,5,streak_5plus,0.005761,-0.008623,0.014384,-0.032444,0.012094,-0.044538,-0.036992,0.040236,-0.077228,0.025015,0.066411,-0.041396
CGY.TO,2021-05-12,2,streak_2,-0.009884,-0.008623,-0.001261,0.010465,0.012094,-0.001629,-0.023643,0.040236,-0.063879,0.150388,0.066411,0.083977
HCG.TO,2021-05-13,3,streak_3,0.055406,0.001465,0.05394,0.037436,0.016182,0.021255,0.075472,0.053936,0.021536,0.163822,0.073938,0.089883
QBR-B.TO,2021-05-13,4,streak_4,-0.000718,0.001465,-0.002184,-0.015086,0.016182,-0.031268,-0.02694,0.053936,-0.080876,-0.070402,0.073938,-0.144341
PBL.TO,2021-05-13,4,streak_4,-0.004021,0.001465,-0.005486,0.036186,0.016182,0.020004,0.073138,0.053936,0.019202,-0.108941,0.073938,-0.18288
TXG.TO,2021-05-13,8,streak_5plus,0.046453,0.001465,0.044988,0.114878,0.016182,0.098696,0.069052,0.053936,0.015116,-0.173886,0.073938,-0.247824
CIX.TO,2021-05-13,4,streak_4,0.036385,0.001465,0.03492,0.088615,0.016182,0.072433,0.078639,0.053936,0.024702,0.245305,0.073938,0.171367
GOOS.TO,2021-05-13,13,streak_5plus,-0.090567,0.001465,-0.092033,-0.094522,0.016182,-0.110704,-0.003164,0.053936,-0.0571,-0.067431,0.073938,-0.14137
EIF.TO,2021-05-13,4,streak_4,0.003298,0.001465,0.001833,0.033971,0.016182,0.017789,0.034301,0.053936,-0.019635,0.115435,0.073938,0.041497
CTC-A.TO,2021-05-13,3,streak_3,0.105969,0.001465,0.104503,0.073589,0.016182,0.057407,0.059498,0.053936,0.005562,0.056241,0.073938,-0.017697
POW.TO,2021-05-13,2,streak_2,0.004873,0.001465,0.003407,0.0491,0.016182,0.032919,0.082459,0.053936,0.028523,0.167541,0.073938,0.093603
EDV.TO,2021-05-13,2,streak_2,0.020027,0.001465,0.018562,0.113336,0.016182,0.097155,0.159763,0.053936,0.105827,0.109695,0.073938,0.035757
LNF.TO,2021-05-13,6,streak_5plus,0.050117,0.001465,0.048651,0.085664,0.016182,0.069483,0.135198,0.053936,0.081262,0.205711,0.073938,0.131773
CAE.TO,2021-05-19,3,streak_3,-0.006378,-0.004619,-0.001759,0.014143,0.012221,0.001922,0.063505,0.03265,0.030856,-0.042984,0.040754,-0.083738
HRX.TO,2021-05-20,5,streak_5plus,0.068858,0.006489,0.062369,0.099876,0.018407,0.081469,0.101117,0.030005,0.071112,0.129032,0.041119,0.087914
ATS.TO,2021-05-20,7,streak_5plus,0.061458,0.006489,0.054969,0.024653,0.018407,0.006246,0.168056,0.030005,0.138051,0.534375,0.041119,0.493256
IFX.V,2021-05-26,2,streak_2,0.031746,0.009272,0.022474,0.095238,0.021054,0.074184,0.055556,0.030684,0.024872,0.111111,0.050281,0.06083
BMO.TO,2021-05-26,4,streak_4,0.014675,0.009272,0.005403,0.035458,0.021054,0.014404,0.034867,0.030684,0.004183,0.067763,0.050281,0.017482
TD.TO,2021-05-27,4,streak_4,-0.0249,0.001464,-0.026364,-0.013757,0.01143,-0.025187,-0.018434,0.023783,-0.042217,-0.025588,0.042633,-0.068221
CM.TO,2021-05-27,4,streak_4,0.028822,0.001464,0.027358,0.057096,0.01143,0.045666,0.064757,0.023783,0.040975,0.115104,0.042633,0.072471
RY.TO,2021-05-27,4,streak_4,0.012456,0.001464,0.010992,0.012266,0.01143,0.000835,0.010079,0.023783,-0.013704,0.07911,0.042633,0.036477
CWB.TO,2021-05-28,6,streak_5plus,-0.016018,0.003934,-0.019952,-0.038317,0.008445,-0.046762,-0.03706,0.023055,-0.060115,-0.042714,0.036906,-0.07962
NA.TO,2021-05-28,8,streak_5plus,-0.027654,0.003934,-0.031589,-0.040494,0.008445,-0.048939,-0.026296,0.023055,-0.049351,0.032346,0.036906,-0.004561
BNS.TO,2021-06-01,3,streak_3,-0.003999,0.012417,-0.016416,-0.000696,0.015422,-0.016118,-0.007825,0.0223,-0.030125,-0.017214,0.043789,-0.061003
LB.TO,2021-06-02,4,streak_4,0.030464,-0.00024,0.030705,0.018338,0.0045,0.013837,0.009465,0.009491,-2.7e-05,-0.018338,0.030381,-0.048719
DSG.TO,2021-06-02,3,streak_3,0.003989,-0.00024,0.004229,0.134065,0.0045,0.129564,0.221399,0.009491,0.211908,0.409175,0.030381,0.378794
DOO.TO,2021-06-03,19,streak_5plus,-0.045239,-0.001492,-0.043747,-0.088795,0.001557,-0.090353,-0.006944,0.012763,-0.019707,0.07859,0.035972,0.042618
TCL-A.TO,2021-06-09,5,streak_5plus,0.079662,-0.00317,0.082832,0.114665,0.008243,0.106422,0.042849,-0.000234,0.043083,0.044056,0.033684,0.010371
EMP-A.TO,2021-06-23,2,streak_2,-0.05537,-0.001797,-0.053574,-0.079723,-0.00147,-0.078253,-0.049987,-0.005109,-0.044878,-0.074596,0.00994,-0.084537
CJR-B.TO,2021-06-29,4,streak_4,0.065878,0.001276,0.064603,0.015203,0.007679,0.007523,-0.035473,0.004224,-0.039698,-0.017133,0.00143,-0.018562
SJR-B.TO,2021-06-30,2,streak_2,0.007293,-0.000268,0.00756,0.007293,0.005929,0.001363,0.021016,0.00698,0.014035,0.046933,-0.00064,0.047573
RCH.TO,2021-07-08,6,streak_5plus,0.028725,-0.011306,0.040031,0.040805,-0.007067,0.047873,0.098255,0.009108,0.089147,0.044832,-0.004874,0.049706
MTY.TO,2021-07-09,5,streak_5plus,0.170747,0.00981,0.160936,0.27898,0.006106,0.272874,0.317216,0.018753,0.298464,0.27716,0.017696,0.259464
ATZ.TO,2021-07-13,11,streak_5plus,0.021591,0.001858,0.019732,-0.056573,-0.025038,-0.031535,0.08281,0.01586,0.066949,0.096748,0.010082,0.086665
TFII.TO,2021-07-26,7,streak_5plus,0.008111,-0.001159,0.00927,0.070971,0.004924,0.066047,0.086787,0.017802,0.068985,0.124747,0.054308,0.070438
CLS.TO,2021-07-26,8,streak_5plus,0.013001,-0.001159,0.01416,0.195016,0.004924,0.190093,0.23727,0.017802,0.219467,0.264355,0.054308,0.210047
IFC.TO,2021-07-27,8,streak_5plus,0.006871,0.000417,0.006454,0.005834,0.009963,-0.004129,0.030725,0.020942,0.009783,0.005834,0.050012,-0.044178
MEQ.TO,2021-07-27,2,streak_2,0.02847,0.000417,0.028053,0.108047,0.009963,0.098084,0.165678,0.020942,0.144736,0.080071,0.050012,0.030059
FSV.TO,2021-07-27,6,streak_5plus,0.018516,0.000417,0.018099,0.028067,0.009963,0.018104,0.038834,0.020942,0.017892,0.079335,0.050012,0.029323
CS.TO,2021-07-27,3,streak_3,0.003663,0.000417,0.003246,-0.012821,0.009963,-0.022783,-0.012821,0.020942,-0.033763,0.007326,0.050012,-0.042686
SHOP.TO,2021-07-28,6,streak_5plus,-0.014114,0.002825,-0.01694,-0.003059,0.007748,-0.010807,-0.019338,0.016398,-0.035736,-0.14126,0.038744,-0.180004
AD-UN.TO,2021-07-28,4,streak_4,-0.002498,0.002825,-0.005323,0.049958,0.007748,0.042211,0.084929,0.016398,0.068531,0.097419,0.038744,0.058675
L.TO,2021-07-28,6,streak_5plus,0.010332,0.002825,0.007506,0.058184,0.007748,0.050436,0.087548,0.016398,0.07115,0.144644,0.038744,0.1059
GIB-A.TO,2021-07-28,6,streak_5plus,-0.027893,0.002825,-0.030719,-0.031358,0.007748,-0.039106,-0.055527,0.016398,-0.071924,-0.049983,0.038744,-0.088727
TIH.TO,2021-07-28,4,streak_4,-0.000103,0.002825,-0.002928,0.023609,0.007748,0.015861,0.028844,0.016398,0.012446,0.046705,0.038744,0.007961
AEM.TO,2021-07-28,4,streak_4,0.004661,0.002825,0.001836,0.031755,0.007748,0.024008,-0.069046,0.016398,-0.085444,-0.08405,0.038744,-0.122794
EQB.TO,2021-07-28,4,streak_4,-0.001508,0.002825,-0.004334,0.010707,0.007748,0.00296,0.059116,0.016398,0.042718,0.070125,0.038744,0.031381
WFG.TO,2021-07-28,8,streak_5plus,-0.018778,0.002825,-0.021604,-0.002377,0.007748,-0.010125,0.064773,0.016398,0.048375,0.124317,0.038744,0.085573
TOU.TO,2021-07-28,2,streak_2,0.005941,0.002825,0.003115,-0.004752,0.007748,-0.0125,-0.025743,0.016398,-0.04214,0.343366,0.038744,0.304622
ALA.TO,2021-07-28,4,streak_4,-0.006673,0.002825,-0.009498,0.00089,0.007748,-0.006858,-0.038701,0.016398,-0.055099,-0.008452,0.038744,-0.047196
CP.TO,2021-07-28,2,streak_2,-0.005801,0.002825,-0.008627,0.019224,0.007748,0.011476,-0.00637,0.016398,-0.022768,0.031623,0.038744,-0.007121
CFP.TO,2021-07-29,5,streak_5plus,0.054765,0.004024,0.050741,0.071151,0.007172,0.063979,0.16257,0.020474,0.142096,0.155239,0.047804,0.107435
RPI-UN.TO,2021-07-29,3,streak_3,0.009983,0.004024,0.00596,-0.026992,0.007172,-0.034164,-0.040673,0.020474,-0.061147,-0.043261,0.047804,-0.091066
OGC.TO,2021-07-29,2,streak_2,0.008915,0.004024,0.004892,-0.013373,0.007172,-0.020545,0.013373,0.020474,-0.007101,0.008915,0.047804,-0.038889
CU.TO,2021-07-29,3,streak_3,0.003869,0.004024,-0.000155,-0.000352,0.007172,-0.007524,0.007738,0.020474,-0.012736,-0.00211,0.047804,-0.049915
ACO-X.TO,2021-07-29,5,streak_5plus,0.006084,0.004024,0.00206,-0.023507,0.007172,-0.030679,-0.033186,0.020474,-0.05366,-0.060841,0.047804,-0.108645
CFX.TO,2021-07-29,3,streak_3,-0.00299,0.004024,-0.007013,-0.025411,0.007172,-0.032583,-0.016442,0.020474,-0.036917,0.076233,0.047804,0.028429
FFH.TO,2021-07-29,3,streak_3,0.01484,0.004024,0.010816,0.100651,0.007172,0.093479,0.104297,0.020474,0.083822,-0.010936,0.047804,-0.05874
TRP.TO,2021-07-29,4,streak_4,-0.009928,0.004024,-0.013951,-0.015512,0.007172,-0.022684,-0.03454,0.020474,-0.055014,0.10424,0.047804,0.056436
FIH-U.TO,2021-07-29,4,streak_4,0.02352,0.004024,0.019497,0.008346,0.007172,0.001174,0.067527,0.020474,0.047052,-0.00607,0.047804,-0.053874
TIXT.TO,2021-07-30,2,streak_2,-0.011413,-0.001182,-0.010231,-0.018007,0.008054,-0.026061,0.095866,0.013943,0.081923,0.197058,0.035708,0.16135
QSR.TO,2021-07-30,2,streak_2,0.054241,-0.001182,0.055423,-0.010068,0.008054,-0.018122,-0.001384,0.013943,-0.015327,-0.132142,0.035708,-0.16785
ENB.TO,2021-07-30,2,streak_2,-0.005423,-0.001182,-0.004241,0.00461,0.008054,-0.003445,0.024132,0.013943,0.01019,0.066161,0.035708,0.030452
CF.TO,2021-08-02,5,streak_5plus,-0.009507,0.00385,-0.013357,0.030251,0.007374,0.022877,0.113224,0.014546,0.098678,0.058773,0.04728,0.011493
GWO.TO,2021-08-03,5,streak_5plus,0.004693,0.00385,0.000844,0.027489,0.007374,0.020115,0.039557,0.014546,0.025012,-0.011733,0.04728,-0.059013
ZZZ.TO,2021-08-03,7,streak_5plus,-0.032477,0.00385,-0.036327,0.134441,0.007374,0.127067,0.162009,0.014546,0.147463,0.192598,0.04728,0.145319
WCN.TO,2021-08-04,5,streak_5plus,-0.000775,-0.001778,0.001002,-0.020028,0.006373,-0.026402,0.028169,0.015894,0.012275,0.070099,0.039483,0.030617
NFI.TO,2021-08-04,2,streak_2,0.091177,-0.001778,0.092955,0.074197,0.006373,0.067824,0.150609,0.015894,0.134715,-0.072717,0.039483,-0.1122
ERO.TO,2021-08-04,5,streak_5plus,-0.026091,-0.001778,-0.024313,-0.020791,0.006373,-0.027164,0.001223,0.015894,-0.014671,-0.061965,0.039483,-0.101448
SSRM.TO,2021-08-04,2,streak_2,0.042575,-0.001778,0.044352,-0.053218,0.006373,-0.059592,0.014192,0.015894,-0.001703,-0.054232,0.039483,-0.093715
MFC.TO,2021-08-04,5,streak_5plus,0.004152,-0.001778,0.005929,0.046705,0.006373,0.040331,0.03425,0.015894,0.018356,0.03425,0.039483,-0.005233
TSU.TO,2021-08-04,3,streak_3,-0.000216,-0.001778,0.001561,0.041973,0.006373,0.0356,0.011683,0.015894,-0.004211,-0.052142,0.039483,-0.091625
TOY.TO,2021-08-04,5,streak_5plus,-0.012361,-0.001778,-0.010584,-0.0552,0.006373,-0.061574,-0.007886,0.015894,-0.02378,-0.135976,0.039483,-0.175459
X.TO,2021-08-04,2,streak_2,0.001662,-0.001778,0.003439,0.026589,0.006373,0.020216,0.043207,0.015894,0.027313,-0.001662,0.039483,-0.041144
EDV.TO,2021-08-04,3,streak_3,0.046906,-0.001778,0.048683,-0.036263,0.006373,-0.042637,0.021679,0.015894,0.005785,0.061096,0.039483,0.021613
CIGI.TO,2021-08-04,7,streak_5plus,0.022891,-0.001778,0.024668,0.028269,0.006373,0.021896,0.100569,0.015894,0.084675,0.083933,0.039483,0.04445
GIL.TO,2021-08-05,4,streak_4,0.0,0.002253,-0.002253,0.075434,0.011033,0.064401,0.136476,0.022893,0.113584,0.080645,0.046012,0.034634
IFP.TO,2021-08-05,6,streak_5plus,-0.017182,0.002253,-0.019435,-0.020619,0.011033,-0.031652,0.04811,0.022893,0.025217,0.108438,0.046012,0.062427
QBR-B.TO,2021-08-05,5,streak_5plus,-0.038928,0.002253,-0.041181,-0.047374,0.011033,-0.058407,-0.007345,0.022893,-0.030237,-0.055454,0.046012,-0.101465
TRI.TO,2021-08-05,5,streak_5plus,0.055565,0.002253,0.053312,0.075294,0.011033,0.064261,0.133194,0.022893,0.110301,0.081575,0.046012,0.035564
GSY.TO,2021-08-05,5,streak_5plus,-0.00053,0.002253,-0.002783,0.05716,0.011033,0.046127,0.166843,0.022893,0.143951,0.159094,0.046012,0.113082
TXG.TO,2021-08-05,9,streak_5plus,0.017177,0.002253,0.014924,-0.025392,0.011033,-0.036425,0.000747,0.022893,-0.022146,0.082151,0.046012,0.036139
PBH.TO,2021-08-05,7,streak_5plus,0.020968,0.002253,0.018715,0.029447,0.011033,0.018413,0.068557,0.022893,0.045664,0.07038,0.046012,0.024369
ONEX.TO,2021-08-05,5,streak_5plus,-0.013645,0.002253,-0.015898,-0.026307,0.011033,-0.03734,-0.047375,0.022893,-0.070267,0.017684,0.046012,-0.028328
CCL-B.TO,2021-08-05,6,streak_5plus,0.013427,0.002253,0.011174,0.008653,0.011033,-0.00238,0.005967,0.022893,-0.016925,-0.028196,0.046012,-0.074208
PRMW.TO,2021-08-05,7,streak_5plus,0.033477,0.002253,0.031224,0.066415,0.011033,0.055382,0.103672,0.022893,0.080779,0.021598,0.046012,-0.024413
CNQ.TO,2021-08-05,4,streak_4,0.006274,0.002253,0.004021,0.039523,0.011033,0.02849,0.084065,0.022893,0.061173,0.313049,0.046012,0.267037
RUS.TO,2021-08-05,5,streak_5plus,0.008518,0.002253,0.006265,0.012266,0.011033,0.001233,-0.05724,0.022893,-0.080133,-0.070187,0.046012,-0.116199
SAP.TO,2021-08-05,2,streak_2,0.005284,0.002253,0.003032,0.020516,0.011033,0.009483,-0.009636,0.022893,-0.032529,-0.158533,0.046012,-0.204544
JWEL.TO,2021-08-05,5,streak_5plus,-0.00582,0.002253,-0.008072,0.025542,0.011033,0.014508,0.034271,0.022893,0.011378,0.141287,0.046012,0.095275
MG.TO,2021-08-06,4,streak_4,-0.004226,0.004903,-0.009129,0.024914,0.007121,0.017793,-0.041041,0.021884,-0.062925,-0.004449,0.047439,-0.051888
POW.TO,2021-08-06,3,streak_3,0.015995,0.004903,0.011092,0.037987,0.007121,0.030866,0.054982,0.021884,0.033098,0.050983,0.047439,0.003544
ADEN.TO,2021-08-09,11,streak_5plus,0.075301,-0.001856,0.077157,0.130723,0.002085,0.128637,0.089458,0.016175,0.073282,0.242169,0.047882,0.194287
ABX.TO,2021-08-09,5,streak_5plus,-0.01167,-0.001856,-0.009814,-0.028725,0.002085,-0.030811,-0.024237,0.016175,-0.040412,-0.052513,0.047882,-0.100395
GDI.TO,2021-08-09,6,streak_5plus,0.021073,-0.001856,0.022929,0.011167,0.002085,0.009082,0.017651,0.016175,0.001476,-0.013689,0.047882,-0.061571
HRX.TO,2021-08-10,6,streak_5plus,0.003298,0.002853,0.000446,0.009346,0.002251,0.007095,0.029687,0.014894,0.014792,0.057724,0.054757,0.002967
STLC.TO,2021-08-10,3,streak_3,0.059128,0.002853,0.056275,0.187399,0.002251,0.185148,0.214863,0.014894,0.199968,0.063005,0.054757,0.008247
WSP.TO,2021-08-10,2,streak_2,0.00096,0.002853,-0.001893,0.064154,0.002251,0.061903,0.072515,0.014894,0.057621,0.150103,0.054757,0.095345
AT.TO,2021-08-10,2,streak_2,0.010638,0.002853,0.007786,-0.048759,0.002251,-0.05101,-0.12234,0.014894,-0.137235,-0.542553,0.054757,-0.597311
NVEI.TO,2021-08-10,4,streak_4,0.150262,0.002853,0.147409,0.268338,0.002251,0.266088,0.514858,0.014894,0.499964,0.398361,0.054757,0.343604
H.TO,2021-08-10,2,streak_2,0.004055,0.002853,0.001202,0.022484,0.002251,0.020234,0.03686,0.014894,0.021965,-0.012901,0.054757,-0.067658
CGY.TO,2021-08-10,3,streak_3,-0.005696,0.002853,-0.008548,0.032102,0.002251,0.029851,0.01329,0.014894,-0.001605,-0.049189,0.054757,-0.103946
CG.TO,2021-08-10,2,streak_2,-0.02,0.002853,-0.022853,0.00625,0.002251,0.003999,-0.015,0.014894,-0.029894,0.13875,0.054757,0.083993
FNV.TO,2021-08-11,4,streak_4,0.014203,0.002845,0.011358,0.004042,-0.006445,0.010488,-0.056266,0.010227,-0.066492,-0.051404,0.053611,-0.105015
AFN.TO,2021-08-11,5,streak_5plus,0.005806,0.002845,0.002961,-0.145492,-0.006445,-0.139047,-0.065574,0.010227,-0.0758,-0.025273,0.053611,-0.078885
LNR.TO,2021-08-11,6,streak_5plus,0.004788,0.002845,0.001944,-0.033662,-0.006445,-0.027217,-0.045705,0.010227,-0.055932,-0.036854,0.053611,-0.090466
CAE.TO,2021-08-11,4,streak_4,-0.030227,0.002845,-0.033071,-0.126197,-0.006445,-0.119751,-0.026448,0.010227,-0.036675,0.067003,0.053611,0.013391
PBL.TO,2021-08-11,5,streak_5plus,0.009346,0.002845,0.006501,-0.006676,-0.006445,-0.00023,0.007121,0.010227,-0.003106,0.092568,0.053611,0.038957
GOOS.TO,2021-08-11,14,streak_5plus,-0.13095,0.002845,-0.133795,-0.205137,-0.006445,-0.198692,-0.122687,0.010227,-0.132914,0.125741,0.053611,0.07213
ACQ.TO,2021-08-11,4,streak_4,0.036339,0.002845,0.033495,0.023402,-0.006445,0.029847,-0.151636,0.010227,-0.161863,-0.092656,0.053611,-0.146267
ATS.TO,2021-08-11,8,streak_5plus,0.119841,0.002845,0.116997,0.161376,-0.006445,0.167821,0.221958,0.010227,0.211731,0.361111,0.053611,0.3075
LNF.TO,2021-08-11,7,streak_5plus,0.024252,0.002845,0.021407,0.071207,-0.006445,0.077653,0.013932,0.010227,0.003705,0.109391,0.053611,0.05578
CTC-A.TO,2021-08-12,4,streak_4,0.000415,-0.001625,0.00204,-0.040515,-0.012256,-0.028259,-0.045438,0.003848,-0.049287,-0.072962,0.044171,-0.117134
GCG.TO,2021-08-12,3,streak_3,0.059099,-0.001625,0.060724,0.117886,-0.012256,0.130142,-0.111945,0.003848,-0.115793,-0.025954,0.044171,-0.070125
GCG-A.TO,2021-08-12,5,streak_5plus,0.038885,-0.001625,0.04051,0.031181,-0.012256,0.043437,0.032649,0.003848,0.0288,0.155906,0.044171,0.111735
AIF.TO,2021-08-12,5,streak_5plus,0.001411,-0.001625,0.003036,0.083598,-0.012256,0.095853,0.130688,0.003848,0.126839,0.083774,0.044171,0.039603
EIF.TO,2021-08-12,5,streak_5plus,-0.006171,-0.001625,-0.004546,0.010285,-0.012256,0.022541,0.037908,0.003848,0.034059,0.057596,0.044171,0.013425
FSZ.TO,2021-08-12,5,streak_5plus,-0.022191,-0.001625,-0.020566,-0.065187,-0.012256,-0.052932,-0.055479,0.003848,-0.059327,-0.020804,0.044171,-0.064976
GUD.TO,2021-08-13,10,streak_5plus,0.089494,-0.000122,0.089616,0.036965,-0.014873,0.051838,0.025292,0.007105,0.018187,0.029183,0.051724,-0.022541
LAS-A.TO,2021-08-13,7,streak_5plus,0.002531,-0.000122,0.002652,0.036011,-0.014873,0.050884,0.0279,0.007105,0.020795,0.029782,0.051724,-0.021942
HCG.TO,2021-08-13,4,streak_4,-0.002059,-0.000122,-0.001937,-0.008749,-0.014873,0.006123,-0.056613,0.007105,-0.063719,0.104992,0.051724,0.053269
VET.TO,2021-08-16,2,streak_2,-0.066002,-0.001691,-0.064311,-0.16812,-0.008729,-0.159391,0.046077,0.001716,0.044362,0.430884,0.060941,0.369943
BNS.TO,2021-08-24,4,streak_4,-0.007972,0.003443,-0.011415,-0.020451,0.005748,-0.026198,-0.038648,-0.003702,-0.034946,0.042288,0.046075,-0.003788
BMO.TO,2021-08-24,5,streak_5plus,0.016693,0.003443,0.01325,-0.021851,0.005748,-0.027599,-0.016881,-0.003702,-0.013179,0.085154,0.046075,0.039079
RY.TO,2021-08-25,5,streak_5plus,0.008352,0.001922,0.00643,-0.018481,0.001708,-0.020189,-0.029498,-0.004181,-0.025317,0.005331,0.044092,-0.038761
NA.TO,2021-08-25,9,streak_5plus,-0.005482,0.001922,-0.007404,0.004529,0.001708,0.00282,-0.030986,-0.004181,-0.026805,0.059349,0.044092,0.015257
IFOS.V,2021-08-25,2,streak_2,-0.069231,0.001922,-0.071153,-0.161538,0.001708,-0.163247,-0.107692,-0.004181,-0.103512,-0.030769,0.044092,-0.074862
TD.TO,2021-08-26,5,streak_5plus,-0.02386,-0.004037,-0.019823,-0.042214,0.004969,-0.047183,-0.028943,-0.008967,-0.019976,0.127347,0.046684,0.080663
CM.TO,2021-08-26,5,streak_5plus,-0.020939,-0.004037,-0.016902,-0.040733,0.004969,-0.045702,-0.03648,-0.008967,-0.027513,-0.005889,0.046684,-0.052573
CWB.TO,2021-08-27,7,streak_5plus,0.024934,0.006847,0.018087,0.037402,0.014187,0.023214,0.060367,-0.00199,0.062357,0.13189,0.054086,0.077803
ATD.TO,2021-08-31,2,streak_2,-0.016547,-0.000588,-0.01596,-0.03449,0.010274,-0.044764,-0.061603,-0.021214,-0.040389,-0.09051,0.0269,-0.11741
LB.TO,2021-09-01,5,streak_5plus,0.015667,0.005184,0.010483,-0.030732,0.00772,-0.038452,-0.044592,-0.024904,-0.019688,-0.127749,0.003746,-0.131495
DOO.TO,2021-09-02,20,streak_5plus,0.111393,0.005099,0.106294,0.144069,0.000759,0.143311,0.112368,-0.026037,0.138406,-0.07062,-0.010875,-0.059745
DSG.TO,2021-09-08,4,streak_4,0.013262,-0.003114,0.016376,0.01999,-0.012174,0.032164,-0.03647,-0.029553,-0.006917,-0.039395,0.002619,-0.042015
RCH.TO,2021-10-07,7,streak_5plus,0.06963,0.011118,0.058512,0.054471,0.031112,0.023359,0.065262,0.062605,0.002657,0.042909,0.044216,-0.001308
MTY.TO,2021-10-08,6,streak_5plus,-0.056075,5e-06,-0.05608,-0.068905,0.025073,-0.093979,-0.058134,0.055853,-0.113987,-0.193727,0.032136,-0.225864
FMAN.V,2021-10-12,2,streak_2,0.0,0.001019,-0.001019,0.094595,0.027875,0.06672,0.27027,0.057709,0.212562,0.432432,0.04205,0.390383
ATZ.TO,2021-10-13,12,streak_5plus,0.010217,0.008876,0.001341,0.237478,0.0318,0.205678,0.263643,0.050144,0.213499,0.23374,0.046871,0.18687
CJR-B.TO,2021-10-22,5,streak_5plus,-0.049828,0.000179,-0.050007,-0.032646,-0.000702,-0.031943,-0.080756,0.016151,-0.096907,-0.136553,-0.027861,-0.108692
QSR.TO,2021-10-25,3,streak_3,-0.048428,0.003233,-0.051661,-0.085047,-0.008442,-0.076605,-0.037681,0.009644,-0.047324,-0.080669,-0.030397,-0.050272
CLS.TO,2021-10-25,9,streak_5plus,0.012142,0.003233,0.008909,0.058109,-0.008442,0.066551,0.237641,0.009644,0.227997,0.182134,-0.030397,0.21253
FSV.TO,2021-10-26,7,streak_5plus,-0.01747,-0.005229,-0.012241,-0.023991,-0.001776,-0.022215,0.013369,0.00794,0.005429,-0.203576,-0.032596,-0.17098
CFP.TO,2021-10-26,6,streak_5plus,-0.017149,-0.005229,-0.01192,-0.080029,-0.001776,-0.078253,0.048589,0.00794,0.040649,0.009289,-0.032596,0.041885
WCN.TO,2021-10-27,6,streak_5plus,-0.00882,-0.01032,0.001499,0.04347,-0.000165,0.043635,0.064008,0.017706,0.046302,-0.048951,-0.027279,-0.021672
AEM.TO,2021-10-27,5,streak_5plus,-0.011942,-0.01032,-0.001623,-0.087209,-0.000165,-0.087044,-0.077938,0.017706,-0.095645,-0.127121,-0.027279,-0.099842
MX.TO,2021-10-27,2,streak_2,-0.014391,-0.01032,-0.004072,-0.006628,-0.000165,-0.006462,-0.015906,0.017706,-0.033612,-0.009657,-0.027279,0.017622
WFG.TO,2021-10-27,9,streak_5plus,-0.014994,-0.01032,-0.004674,-0.025094,-0.000165,-0.024928,0.079342,0.017706,0.061636,0.127135,-0.027279,0.154414
OGC.TO,2021-10-28,3,streak_3,-0.020202,0.011572,-0.031774,-0.020202,0.014798,-0.035,0.021645,0.03141,-0.009765,-0.226551,-0.019609,-0.206943
TFII.TO,2021-10-28,8,streak_5plus,0.038607,0.011572,0.027034,-0.039494,0.014798,-0.054292,0.008283,0.03141,-0.023127,-0.176022,-0.019609,-0.156414
CU.TO,2021-10-28,4,streak_4,0.020137,0.011572,0.008564,0.033082,0.014798,0.018283,0.037037,0.03141,0.005627,0.062927,-0.019609,0.082536
ARE.TO,2021-10-28,2,streak_2,0.018326,0.011572,0.006754,-0.135614,0.014798,-0.150412,-0.155162,0.03141,-0.186572,-0.158216,-0.019609,-0.138608
ACO-X.TO,2021-10-28,6,streak_5plus,0.020433,0.011572,0.00886,0.027644,0.014798,0.012846,0.046575,0.03141,0.015164,0.071514,-0.019609,0.091123
ELD.TO,2021-10-28,2,streak_2,-0.031071,0.011572,-0.042644,-0.040065,0.014798,-0.054864,-0.035977,0.03141,-0.067387,-0.104661,-0.019609,-0.085052
ALA.TO,2021-10-28,5,streak_5plus,0.008524,0.011572,-0.003048,-0.024675,0.014798,-0.039473,-0.020188,0.03141,-0.051599,0.010319,-0.019609,0.029927
SJR-B.TO,2021-10-29,3,streak_3,-0.007519,-0.007567,4.8e-05,-0.005291,0.006822,-0.012113,0.023909,-0.003378,0.027286,0.06439,-0.021498,0.085887
CIGI.TO,2021-11-02,8,streak_5plus,-0.018463,-0.003624,-0.014839,0.025542,0.014567,0.010976,-0.033415,-0.027627,-0.005787,0.052727,0.003431,0.049296
EQB.TO,2021-11-02,5,streak_5plus,0.034985,-0.003624,0.038609,0.002995,0.014567,-0.011572,-0.064389,-0.027627,-0.036761,-0.10128,0.003431,-0.104711
TRI.TO,2021-11-02,6,streak_5plus,-0.003193,-0.003624,0.000431,0.019591,0.014567,0.005024,0.044769,-0.027627,0.072396,-0.067987,0.003431,-0.071418
GWO.TO,2021-11-02,6,streak_5plus,0.002035,-0.003624,0.005659,0.046472,0.014567,0.031905,0.010855,-0.027627,0.038482,0.099729,0.003431,0.096298
SSRM.TO,2021-11-03,3,streak_3,0.098071,0.004492,0.093579,0.132905,0.020052,0.112853,0.170954,-0.033321,0.204275,0.081458,0.009088,0.072369
SLF.TO,2021-11-03,2,streak_2,0.002873,0.004492,-0.00162,0.000507,0.020052,-0.019545,-0.041399,-0.033321,-0.008078,0.040385,0.009088,0.031297
AT.TO,2021-11-03,3,streak_3,-0.264851,0.004492,-0.269344,-0.363861,0.020052,-0.383913,-0.475248,-0.033321,-0.441927,-0.55198,0.009088,-0.561069
ATS.TO,2021-11-03,9,streak_5plus,0.071254,0.004492,0.066761,0.145625,0.020052,0.125573,0.049878,-0.033321,0.083198,0.140058,0.009088,0.13097
TOU.TO,2021-11-03,3,streak_3,-0.000288,0.004492,-0.00478,0.019563,0.020052,-0.000489,-0.098389,-0.033321,-0.065068,0.108746,0.009088,0.099657
IFP.TO,2021-11-03,7,streak_5plus,0.029433,0.004492,0.02494,0.052837,0.020052,0.032785,0.170567,-0.033321,0.203888,0.33617,0.009088,0.327082
STN.TO,2021-11-03,2,streak_2,-0.008644,0.004492,-0.013136,0.006369,0.020052,-0.013683,0.018957,-0.033321,0.052277,-0.008189,0.009088,-0.017278
IAG.TO,2021-11-03,2,streak_2,0.028886,0.004492,0.024394,0.002174,0.020052,-0.017878,-0.066004,-0.033321,-0.032683,0.123,0.009088,0.113912
NFI.TO,2021-11-03,3,streak_3,0.011647,0.004492,0.007154,0.038153,0.020052,0.018101,-0.180321,-0.033321,-0.147001,-0.212531,0.009088,-0.221619
BIP-UN.TO,2021-11-03,2,streak_2,0.010068,0.004492,0.005576,0.037755,0.020052,0.017703,-0.000252,-0.033321,0.033069,0.053864,0.009088,0.044775
FNV.TO,2021-11-03,5,streak_5plus,0.0114,0.004492,0.006908,0.031053,0.020052,0.011001,-0.031528,-0.033321,0.001792,-0.032063,0.009088,-0.041151
TXG.TO,2021-11-03,10,streak_5plus,0.017556,0.004492,0.013064,0.05618,0.020052,0.036128,-0.061798,-0.033321,-0.028477,-0.122893,0.009088,-0.131982
TOY.TO,2021-11-03,6,streak_5plus,-0.00592,0.004492,-0.010412,0.160829,0.020052,0.140777,0.062654,-0.033321,0.095975,0.158855,0.009088,0.149767
PSI.TO,2021-11-03,6,streak_5plus,0.011947,0.004492,0.007455,0.152927,0.020052,0.132875,0.099164,-0.033321,0.132484,0.311828,0.009088,0.30274
CNQ.TO,2021-11-04,5,streak_5plus,0.000478,0.003621,-0.003143,0.008122,0.009255,-0.001132,-0.016245,-0.023658,0.007414,0.28667,-0.008046,0.294716
FFH.TO,2021-11-04,4,streak_4,-0.011057,0.003621,-0.014678,0.02785,0.009255,0.018595,0.108621,-0.023658,0.13228,0.217833,-0.008046,0.22588
GIL.TO,2021-11-04,5,streak_5plus,0.067509,0.003621,0.063888,0.106315,0.009255,0.09706,0.104248,-0.023658,0.127906,0.081975,-0.008046,0.090021
ABX.TO,2021-11-04,6,streak_5plus,0.011506,0.003621,0.007885,0.107554,0.009255,0.098299,0.024512,-0.023658,0.048171,0.065533,-0.008046,0.073579
QBR-B.TO,2021-11-04,6,streak_5plus,-0.012442,0.003621,-0.016063,-0.001166,0.009255,-0.010421,-0.033437,-0.023658,-0.009779,0.012053,-0.008046,0.020099
ENB.TO,2021-11-04,3,streak_3,0.001767,0.003621,-0.001854,0.009846,0.009255,0.000591,-0.06867,-0.023658,-0.045011,0.060338,-0.008046,0.068384
IGM.TO,2021-11-04,2,streak_2,-0.00303,0.003621,-0.00665,0.020954,0.009255,0.0117,-0.063368,-0.023658,-0.039709,-0.089624,-0.008046,-0.081578
MFI.TO,2021-11-04,2,streak_2,0.115942,0.003621,0.112321,0.129193,0.009255,0.119938,0.049689,-0.023658,0.073348,0.12381,-0.008046,0.131856
TSU.TO,2021-11-04,4,streak_4,0.0,0.003621,-0.003621,-0.058965,0.009255,-0.06822,-0.048005,-0.023658,-0.024347,-0.061815,-0.008046,-0.053769
RUS.TO,2021-11-04,6,streak_5plus,0.012459,0.003621,0.008838,0.069989,0.009255,0.060734,0.021253,-0.023658,0.044912,-0.006962,-0.008046,0.001084
FIH-U.TO,2021-11-04,5,streak_5plus,0.005364,0.003621,0.001743,0.018391,0.009255,0.009136,-0.016858,-0.023658,0.0068,-0.068966,-0.008046,-0.060919
TIXT.TO,2021-11-05,3,streak_3,-0.063776,0.005328,-0.069104,-0.060619,0.011241,-0.071859,-0.11366,-0.033211,-0.080449,-0.291097,-0.003289,-0.287807
GOOS.TO,2021-11-05,15,streak_5plus,0.193017,0.005328,0.18769,0.228724,0.011241,0.217484,-0.069232,-0.033211,-0.036021,-0.212855,-0.003289,-0.209565
WTE.TO,2021-11-05,2,streak_2,-0.003882,0.005328,-0.009209,0.02426,0.011241,0.013019,-0.046094,-0.033211,-0.012883,0.009219,-0.003289,0.012508
CG.TO,2021-11-05,3,streak_3,0.041274,0.005328,0.035946,0.116745,0.011241,0.105505,-0.056604,-0.033211,-0.023392,0.074292,-0.003289,0.077582
CF.TO,2021-11-07,6,streak_5plus,0.010093,0.004693,0.0054,0.096273,0.014574,0.081699,-0.036491,-0.027717,-0.008773,-0.011646,-0.010268,-0.001378
LUG.TO,2021-11-08,2,streak_2,0.000998,0.004693,-0.003695,0.078842,0.014574,0.064268,-0.120758,-0.027717,-0.093041,-0.148703,-0.010268,-0.138435
ADEN.TO,2021-11-08,12,streak_5plus,0.078322,0.004693,0.073629,0.03807,0.014574,0.023496,-0.03613,-0.027717,-0.008412,0.026431,-0.010268,0.036698
FTT.TO,2021-11-08,2,streak_2,0.033821,0.004693,0.029128,-0.007617,0.014574,-0.022191,-0.101463,-0.027717,-0.073745,-0.046618,-0.010268,-0.03635
ACQ.TO,2021-11-08,5,streak_5plus,0.005089,0.004693,0.000396,-0.192536,0.014574,-0.20711,-0.242578,-0.027717,-0.214861,-0.264419,-0.010268,-0.254151
TCN.TO,2021-11-09,2,streak_2,0.007789,0.001763,0.006026,0.014979,0.005873,0.009106,0.031156,-0.018268,0.049425,0.097064,-0.008318,0.105382
AD-UN.TO,2021-11-09,5,streak_5plus,0.004422,0.001763,0.002659,0.045689,0.005873,0.039816,-0.014001,-0.018268,0.004267,0.021371,-0.008318,0.029688
IFC.TO,2021-11-09,9,streak_5plus,0.005588,0.001763,0.003826,0.008153,0.005873,0.00228,-0.010388,-0.018268,0.00788,0.083169,-0.008318,0.091487
WSP.TO,2021-11-09,3,streak_3,-0.003278,0.001763,-0.005041,0.037306,0.005873,0.031433,0.068594,-0.018268,0.086862,-0.037962,-0.008318,-0.029644
LNR.TO,2021-11-09,7,streak_5plus,-0.009845,0.001763,-0.011608,0.089797,0.005873,0.083924,0.061903,-0.018268,0.080172,-0.013276,-0.008318,-0.004958
H.TO,2021-11-09,3,streak_3,0.007842,0.001763,0.006079,0.00112,0.005873,-0.004753,0.04817,-0.018268,0.066439,0.094473,-0.008318,0.102791
NVEI.TO,2021-11-09,5,streak_5plus,-0.03516,0.001763,-0.036922,-0.05048,0.005873,-0.056353,-0.152146,-0.018268,-0.133878,-0.470983,-0.008318,-0.462665
MAGT.TO,2021-11-09,2,streak_2,-0.024869,0.001763,-0.026632,-0.086387,0.005873,-0.09226,-0.151832,-0.018268,-0.133564,-0.31466,-0.008318,-0.306342
FRU.TO,2021-11-10,2,streak_2,-0.02963,-0.00614,-0.023489,-0.017989,0.005682,-0.023671,-0.103704,-0.023946,-0.079758,0.057143,0.000449,0.056694
POW.TO,2021-11-10,4,streak_4,-0.000313,-0.00614,0.005827,-0.007206,0.005682,-0.012887,-0.013784,-0.023946,0.010161,0.011905,0.000449,0.011456
STLC.TO,2021-11-10,4,streak_4,-0.007998,-0.00614,-0.001857,0.066749,0.005682,0.061067,-0.029222,-0.023946,-0.005276,-0.078745,0.000449,-0.079194
TFPM.TO,2021-11-10,2,streak_2,0.003543,-0.00614,0.009683,0.25155,0.005682,0.245868,0.150576,-0.023946,0.174522,0.361382,0.000449,0.360933
AFN.TO,2021-11-10,6,streak_5plus,0.00946,-0.00614,0.015601,0.046251,0.005682,0.040569,0.114926,-0.023946,0.138872,0.185704,0.000449,0.185255
SEA.TO,2021-11-10,2,streak_2,0.010757,-0.00614,0.016898,0.043442,0.005682,0.03776,-0.076955,-0.023946,-0.053009,-0.167977,0.000449,-0.168426
GIB-A.TO,2021-11-10,7,streak_5plus,-0.043448,-0.00614,-0.037307,-0.04993,0.005682,-0.055612,-0.049492,-0.023946,-0.025546,-0.032148,0.000449,-0.032597
OR.TO,2021-11-10,2,streak_2,0.011326,-0.00614,0.017466,0.076616,0.005682,0.070934,-0.055963,-0.023946,-0.032017,-0.045969,0.000449,-0.046419
LNF.TO,2021-11-10,8,streak_5plus,-0.002326,-0.00614,0.003815,-0.009302,0.005682,-0.014984,-0.001395,-0.023946,0.022551,0.026977,0.000449,0.026528
SPB.TO,2021-11-11,2,streak_2,0.031818,0.005596,0.026222,0.007273,0.008904,-0.001631,-0.007273,-0.024993,0.01772,-0.04,0.003252,-0.043252
AIF.TO,2021-11-11,6,streak_5plus,0.006347,0.005596,0.000751,0.032547,0.008904,0.023643,0.059398,-0.024993,0.084391,-0.18633,0.003252,-0.189583
EDV.TO,2021-11-11,4,streak_4,0.028542,0.005596,0.022946,-0.000344,0.008904,-0.009248,-0.202545,-0.024993,-0.177552,-0.106946,0.003252,-0.110199
ZZZ.TO,2021-11-11,8,streak_5plus,-0.018315,0.005596,-0.023911,-0.009862,0.008904,-0.018766,-0.029022,-0.024993,-0.004029,-0.149338,0.003252,-0.15259
EIF.TO,2021-11-11,6,streak_5plus,0.005279,0.005596,-0.000317,0.038066,0.008904,0.029162,-0.047235,-0.024993,-0.022242,0.015004,0.003252,0.011752
FSZ.TO,2021-11-11,6,streak_5plus,0.018414,0.005596,0.012818,0.041076,0.008904,0.032172,-0.014164,-0.024993,0.010829,-0.041076,0.003252,-0.044329
IFOS.V,2021-11-11,3,streak_3,0.0,0.005596,-0.005596,0.125,0.008904,0.116096,0.178571,-0.024993,0.203565,0.241071,0.003252,0.237819
HRX.TO,2021-11-12,7,streak_5plus,0.016595,0.008641,0.007954,0.013919,0.002572,0.011347,-0.086724,-0.032036,-0.054688,-0.041756,-0.001538,-0.040218
NGD.TO,2021-11-12,2,streak_2,0.09901,0.008641,0.090368,0.064356,0.002572,0.061785,-0.09901,-0.032036,-0.066974,0.188119,-0.001538,0.189657
ONEX.TO,2021-11-12,6,streak_5plus,0.001514,0.008641,-0.007128,-0.009515,0.002572,-0.012086,0.033733,-0.032036,0.065769,-0.015785,-0.001538,-0.014247
HCG.TO,2021-11-12,5,streak_5plus,0.029343,0.008641,0.020702,0.015603,0.002572,0.013032,-0.061248,-0.032036,-0.029212,-0.13973,-0.001538,-0.138192
AR.TO,2021-11-15,2,streak_2,0.0,-0.003923,0.003923,-0.007833,-0.009808,0.001975,-0.180157,-0.046857,-0.1333,-0.407311,-0.01911,-0.388201
PET.TO,2021-11-16,2,streak_2,0.087402,0.001573,0.085829,0.085695,-0.012097,0.097792,0.068624,-0.04771,0.116334,-0.034141,-0.008324,-0.025817
L.TO,2021-11-17,7,streak_5plus,-0.012584,-0.002956,-0.009628,-0.007191,-0.012129,0.004938,0.046742,-0.043652,0.090394,0.011685,-0.015361,0.027046
CGY.TO,2021-11-24,4,streak_4,0.00203,0.004409,-0.00238,-0.056837,-0.037,-0.019837,-0.027311,-0.017885,-0.009426,0.006828,-0.032251,0.039079
MCLD.V,2021-11-29,2,streak_2,-0.006969,0.001093,-0.008062,-0.027875,-0.023317,-0.004557,0.062718,0.010357,0.052361,-0.207317,-0.005747,-0.201571
BNS.TO,2021-11-30,5,streak_5plus,-0.02034,-0.023122,0.002782,0.040847,-0.013613,0.05446,0.120693,0.006884,0.113808,0.161876,0.00504,0.156836
DOO.TO,2021-12-01,21,streak_5plus,-0.022167,-0.009458,-0.01271,0.059216,0.024332,0.034884,0.09883,0.027241,0.071589,-0.130644,0.028577,-0.159221
DSG.TO,2021-12-01,5,streak_5plus,-0.022685,-0.009458,-0.013227,-0.026288,0.024332,-0.05062,0.018596,0.027241,-0.008645,-0.15977,0.028577,-0.188347
MDI.TO,2021-12-02,2,streak_2,0.001174,0.014532,-0.013359,0.030516,0.029944,0.000572,-0.008216,0.037719,-0.045935,0.326291,0.045826,0.280466
TD.TO,2021-12-02,6,streak_5plus,0.049159,0.014532,0.034627,0.037684,0.029944,0.00774,0.080063,0.037719,0.042344,0.080845,0.045826,0.035019
CWB.TO,2021-12-03,8,streak_5plus,-0.043946,-0.006199,-0.037747,-0.017517,0.007875,-0.025392,-0.018746,0.013375,-0.032122,-0.028273,0.026125,-0.054398
BMO.TO,2021-12-03,6,streak_5plus,0.023547,-0.006199,0.029746,0.022392,0.007875,0.014517,0.038297,0.013375,0.024922,0.065666,0.026125,0.039541
MEQ.TO,2021-12-07,3,streak_3,0.033106,0.014458,0.018649,0.038193,-0.005398,0.043591,0.086128,0.010709,0.075419,0.126218,0.0303,0.095917
LB.TO,2021-12-10,6,streak_5plus,0.056667,-0.001668,0.058335,0.058667,-0.008874,0.067541,0.157333,0.022437,0.134897,0.143667,0.0122,0.131466
BB.TO,2021-12-21,2,streak_2,0.03913,0.018828,0.020302,0.025217,0.039268,-0.014051,-0.069565,0.004051,-0.073616,-0.173913,0.067874,-0.241787
ATZ.TO,2022-01-12,13,streak_5plus,-0.010592,0.00565,-0.016241,0.153477,-9e-06,0.153487,0.157674,0.015483,0.142191,-0.085931,0.02424,-0.110171
SJR-B.TO,2022-01-12,4,streak_4,-0.003679,0.00565,-0.009328,-0.009507,-9e-06,-0.009497,-0.011351,0.015483,-0.026834,0.038555,0.02424,0.014316
CJR-B.TO,2022-01-13,6,streak_5plus,0.060362,-0.004767,0.06513,0.044266,-0.008871,0.053137,0.04829,0.006389,0.041901,-0.081534,0.014975,-0.096509
ELD.TO,2022-01-18,3,streak_3,-0.024514,-0.012207,-0.012307,-0.03973,-0.044861,0.005132,0.106509,-0.00162,0.108129,0.298394,0.015828,0.282566
RCH.TO,2022-01-20,8,streak_5plus,0.08268,-0.006932,0.089612,0.08862,-0.028733,0.117353,0.125683,-0.001363,0.127046,-0.143977,0.037406,-0.181383
MRU.TO,2022-01-25,2,streak_2,-0.006959,0.000958,-0.007917,0.055012,0.025618,0.029394,0.033969,0.008405,0.025564,0.094283,0.021418,0.072865
CNR.TO,2022-01-25,2,streak_2,0.008804,0.000958,0.007846,0.008734,0.025618,-0.016885,-0.001409,0.008405,-0.009813,0.034089,0.021418,0.012671
CLS.TO,2022-01-26,10,streak_5plus,0.005061,0.000238,0.004823,0.178597,0.035399,0.143198,0.078814,0.0083,0.070514,-0.0188,0.004847,-0.023647
AGF-B.TO,2022-01-26,2,streak_2,0.005146,0.000238,0.004908,0.036021,0.035399,0.000622,-0.02916,0.0083,-0.037459,0.013722,0.004847,0.008875
MX.TO,2022-01-26,3,streak_3,-0.015992,0.000238,-0.01623,0.04873,0.035399,0.013331,0.102352,0.0083,0.094052,0.090875,0.004847,0.086028
RCI-B.TO,2022-01-27,2,streak_2,0.03311,-0.002515,0.035625,0.053757,0.037216,0.016541,0.064918,0.024767,0.040151,0.173177,0.0072,0.165977
BIP-UN.TO,2022-02-02,3,streak_3,0.011841,0.001993,0.009848,0.012325,0.002688,0.009637,0.002417,-0.00326,0.005676,0.050266,-0.019447,0.069712
ATS.TO,2022-02-02,10,streak_5plus,-0.03378,0.001993,-0.035773,-0.1087,0.002688,-0.111387,-0.124741,-0.00326,-0.121481,-0.348179,-0.019447,-0.328732
LSPD.TO,2022-02-02,2,streak_2,-0.072583,0.001993,-0.074576,-0.124915,0.002688,-0.127602,-0.29124,-0.00326,-0.28798,-0.368828,-0.019447,-0.349382
GIB-A.TO,2022-02-02,8,streak_5plus,0.027032,0.001993,0.025039,-0.004413,0.002688,-0.007101,-0.041467,-0.00326,-0.038208,-0.040916,-0.019447,-0.021469
IFP.TO,2022-02-03,8,streak_5plus,-0.014862,-0.012564,-0.002298,0.056263,0.011319,0.044944,0.047505,0.001872,0.045633,0.034501,-0.008304,0.042805
AIF.TO,2022-02-03,7,streak_5plus,-0.049495,-0.012564,-0.03693,-0.107703,0.011319,-0.119022,-0.209132,0.001872,-0.211005,-0.153189,-0.008304,-0.144885
EQB.TO,2022-02-07,6,streak_5plus,0.000147,-0.001711,0.001859,0.01401,0.013017,0.000993,-0.022121,-0.001876,-0.020245,-0.274886,-0.030021,-0.244865
TFII.TO,2022-02-07,9,streak_5plus,-0.025422,-0.001711,-0.02371,0.087423,0.013017,0.074406,-0.065945,-0.001876,-0.064069,-0.134491,-0.030021,-0.10447
RAY-A.TO,2022-02-08,2,streak_2,0.010989,0.006673,0.004316,-0.012559,0.00551,-0.018069,-0.061224,0.012135,-0.07336,-0.175824,-0.058195,-0.117629
IFC.TO,2022-02-08,10,streak_5plus,0.017415,0.006673,0.010742,0.035324,0.00551,0.029814,0.065954,0.012135,0.053819,0.018959,-0.058195,0.077154
FTT.TO,2022-02-08,3,streak_3,0.014062,0.006673,0.007389,0.079898,0.00551,0.074388,0.061681,0.012135,0.049546,0.013742,-0.058195,0.071937
CF.TO,2022-02-08,7,streak_5plus,0.022781,0.006673,0.016108,-0.034564,0.00551,-0.040074,-0.178319,0.012135,-0.190454,-0.30165,-0.058195,-0.243455
GWO.TO,2022-02-08,7,streak_5plus,0.006913,0.006673,0.00024,-0.026751,0.00551,-0.03226,-0.10009,0.012135,-0.112225,-0.16321,-0.058195,-0.105015
CGY.TO,2022-02-09,5,streak_5plus,0.008846,0.010619,-0.001773,-0.003764,0.005866,-0.00963,0.11086,0.009566,0.101294,0.177489,-0.069565,0.247054
SLF.TO,2022-02-09,3,streak_3,0.001292,0.010619,-0.009326,-0.07189,0.005866,-0.077756,-0.079968,0.009566,-0.089534,-0.128756,-0.069565,-0.059191
RUS.TO,2022-02-10,7,streak_5plus,0.004337,-0.003356,0.007693,0.015902,-0.010211,0.026113,-0.038309,-0.006591,-0.031717,-0.054572,-0.081785,0.027213
TIXT.TO,2022-02-10,4,streak_4,0.005042,-0.003356,0.008398,-0.070868,-0.010211,-0.060657,-0.182073,-0.006591,-0.175482,-0.217647,-0.081785,-0.135862
FFH.TO,2022-02-10,5,streak_5plus,0.0044,-0.003356,0.007755,0.00869,-0.010211,0.0189,-0.087381,-0.006591,-0.080789,0.027853,-0.081785,0.109638
CIGI.TO,2022-02-10,9,streak_5plus,-0.003332,-0.003356,2.4e-05,0.007945,-0.010211,0.018156,-0.191645,-0.006591,-0.185054,-0.300871,-0.081785,-0.219086
WCP.TO,2022-02-14,2,streak_2,-0.013624,-0.00911,-0.004514,-0.024523,-0.025087,0.000564,-0.008174,-0.016753,0.008578,0.09673,-0.067243,0.163973
MEQ.TO,2022-02-14,4,streak_4,0.004914,-0.00911,0.014024,-0.023602,-0.025087,0.001485,0.028293,-0.016753,0.045045,-0.158365,-0.067243,-0.091122
QSR.TO,2022-02-15,4,streak_4,0.037187,0.00703,0.030158,-0.002516,-0.020827,0.01831,0.001398,0.005447,-0.004049,-0.085139,-0.053675,-0.031464
FSV.TO,2022-02-15,8,streak_5plus,-0.003655,0.00703,-0.010684,-0.093856,-0.020827,-0.073029,-0.076218,0.005447,-0.081665,-0.172458,-0.053675,-0.118782
WEF.TO,2022-02-15,6,streak_5plus,0.005208,0.00703,-0.001821,0.005208,-0.020827,0.026035,0.046875,0.005447,0.041428,-0.072917,-0.053675,-0.019241
WCN.TO,2022-02-16,7,streak_5plus,-0.003987,-0.005534,0.001547,-0.006893,-0.03527,0.028377,0.143871,0.012491,0.131379,0.075686,-0.047045,0.122731
NOA.TO,2022-02-16,2,streak_2,0.020666,-0.005534,0.0262,0.00287,-0.03527,0.03814,0.022962,0.012491,0.010471,-0.125144,-0.047045,-0.078098
NTR.TO,2022-02-16,2,streak_2,0.005774,-0.005534,0.011308,0.010586,-0.03527,0.045856,0.309034,0.012491,0.296543,0.416576,-0.047045,0.463622
K.TO,2022-02-16,2,streak_2,0.023774,-0.005534,0.029308,-0.037147,-0.03527,-0.001877,-0.007429,0.012491,-0.019921,-0.22734,-0.047045,-0.180295
ABX.TO,2022-02-16,7,streak_5plus,0.071644,-0.005534,0.077179,0.10574,-0.03527,0.14101,0.161847,0.012491,0.149356,0.003021,-0.047045,0.050067
MTY.TO,2022-02-17,7,streak_5plus,-0.024519,-0.009694,-0.014825,-0.077481,-0.029074,-0.048408,-0.016085,0.020338,-0.036423,-0.081797,-0.059962,-0.021835
UNS.TO,2022-02-18,8,streak_5plus,0.143109,-0.007938,0.151047,0.168648,-0.00332,0.171968,0.346543,0.039327,0.307217,0.334214,-0.046958,0.381172
CRON.TO,2022-02-18,2,streak_2,-0.060669,-0.007938,-0.052731,-0.056485,-0.00332,-0.053166,-0.062762,0.039327,-0.102088,-0.085774,-0.046958,-0.038816
PSI.TO,2022-02-22,7,streak_5plus,0.014248,-0.004779,0.019027,0.010686,0.005626,0.005059,0.15049,0.050752,0.099738,0.247551,-0.038585,0.286136
GEI.TO,2022-02-22,2,streak_2,-0.051668,-0.004779,-0.046889,0.025834,0.005626,0.020208,0.048977,0.050752,-0.001774,0.083423,-0.038585,0.122008
TFPM.TO,2022-02-22,3,streak_3,-0.011356,-0.004779,-0.006577,-0.07571,0.005626,-0.081336,0.063091,0.050752,0.01234,-0.066877,-0.038585,-0.028292
LUG.TO,2022-02-23,3,streak_3,0.033254,-0.007825,0.041079,0.058195,0.004625,0.05357,0.108076,0.048996,0.05908,0.118765,-0.029731,0.148495
CU.TO,2022-02-23,5,streak_5plus,0.004871,-0.007825,0.012696,0.015658,0.004625,0.011033,0.065414,0.048996,0.016418,0.168754,-0.029731,0.198485
GIL.TO,2022-02-23,6,streak_5plus,0.034812,-0.007825,0.042636,-0.010421,0.004625,-0.015046,-0.035033,0.048996,-0.084029,-0.221508,-0.029731,-0.191777
STLC.TO,2022-02-23,5,streak_5plus,-0.018827,-0.007825,-0.011002,0.177408,0.004625,0.172783,0.513034,0.048996,0.464038,0.108979,-0.029731,0.13871
TXG.TO,2022-02-23,11,streak_5plus,0.045305,-0.007825,0.05313,0.099803,0.004625,0.095178,0.066973,0.048996,0.017977,-0.118844,-0.029731,-0.089114
EIF.TO,2022-02-23,7,streak_5plus,-0.008974,-0.007825,-0.001149,-0.082165,0.004625,-0.08679,-0.024678,0.048996,-0.073674,0.03309,-0.029731,0.062821
TCW.TO,2022-02-23,3,streak_3,-0.013158,-0.007825,-0.005333,-0.039474,0.004625,-0.044099,0.029605,0.048996,-0.019391,0.309211,-0.029731,0.338941
BHC.TO,2022-02-23,2,streak_2,-0.032836,-0.007825,-0.025011,-0.010614,0.004625,-0.015239,-0.016915,0.048996,-0.065911,-0.605307,-0.029731,-0.575576
GCG.TO,2022-02-24,4,streak_4,-0.029486,0.000853,-0.030339,0.043915,0.024653,0.019262,0.060226,0.057544,0.002682,-0.21675,-0.017373,-0.199377
AAV.TO,2022-02-24,2,streak_2,0.006051,0.000853,0.005198,0.183056,0.024653,0.158403,0.237519,0.057544,0.179975,0.593041,-0.017373,0.610414
TECK-B.TO,2022-02-24,2,streak_2,0.0,0.000853,-0.000853,0.05386,0.024653,0.029207,0.115787,0.057544,0.058243,0.139337,-0.017373,0.156711
L.TO,2022-02-24,8,streak_5plus,0.039384,0.000853,0.038531,0.023087,0.024653,-0.001565,0.129923,0.057544,0.072379,0.171118,-0.017373,0.188492
ACO-X.TO,2022-02-24,7,streak_5plus,-0.003416,0.000853,-0.004269,0.002277,0.024653,-0.022375,0.014518,0.057544,-0.043026,0.147452,-0.017373,0.164826
FSZ.TO,2022-02-25,7,streak_5plus,0.045662,0.016574,0.029088,0.070015,0.023529,0.046487,0.083714,0.059917,0.023796,0.024353,-0.011064,0.035417
CWB.TO,2022-02-25,9,streak_5plus,0.034826,0.016574,0.018252,0.02301,0.023529,-0.000519,0.018968,0.059917,-0.04095,-0.086443,-0.011064,-0.075379
ONEX.TO,2022-02-25,7,streak_5plus,0.019136,0.016574,0.002562,-0.01372,0.023529,-0.037249,-0.005777,0.059917,-0.065694,-0.123601,-0.011064,-0.112537
ALC.TO,2022-02-28,2,streak_2,0.008166,0.000967,0.0072,-0.008909,0.014043,-0.022952,-0.004454,0.041306,-0.04576,-0.012621,-0.016934,0.004313
TOY.TO,2022-02-28,7,streak_5plus,0.010867,0.000967,0.009901,-0.040525,0.014043,-0.054569,-0.064071,0.041306,-0.105376,-0.023319,-0.016934,-0.006385
MER.TO,2022-02-28,5,streak_5plus,0.053333,0.000967,0.052367,-0.088889,0.014043,-0.102932,-0.195556,0.041306,-0.236861,-0.031111,-0.016934,-0.014178
AOI.TO,2022-02-28,5,streak_5plus,0.052632,0.000967,0.051665,-0.093117,0.014043,-0.107161,-0.194332,0.041306,-0.235638,-0.032389,-0.016934,-0.015455
BNS.TO,2022-03-01,6,streak_5plus,-0.010423,-0.00577,-0.004653,0.003376,0.008425,-0.005049,0.003523,0.045479,-0.041955,-0.055344,-0.009798,-0.045545
BMO.TO,2022-03-01,7,streak_5plus,-0.00041,-0.00577,0.00536,-0.016564,0.008425,-0.02499,0.029848,0.045479,-0.01563,-0.041492,-0.009798,-0.031694
FEC.TO,2022-03-01,2,streak_2,0.041296,-0.00577,0.047066,0.063968,0.008425,0.055542,0.110121,0.045479,0.064643,0.115789,-0.009798,0.125588
WN.TO,2022-03-02,2,streak_2,0.024667,0.011955,0.012713,0.124547,0.010831,0.113716,0.133978,0.051013,0.082965,0.144861,-0.013102,0.157963
ATH.TO,2022-03-02,2,streak_2,0.019512,0.011955,0.007558,0.204878,0.010831,0.194047,0.019512,0.051013,-0.031501,0.263415,-0.013102,0.276517
LB.TO,2022-03-02,7,streak_5plus,0.04607,0.011955,0.034116,-0.006625,0.010831,-0.017456,0.025294,0.051013,-0.025719,-0.063535,-0.013102,-0.050433
ZZZ.TO,2022-03-02,9,streak_5plus,-0.017844,0.011955,-0.029798,-0.079182,0.010831,-0.090013,0.012639,0.051013,-0.038373,-0.064312,-0.013102,-0.05121
POU.TO,2022-03-02,2,streak_2,0.000819,0.011955,-0.011136,0.019648,0.010831,0.008817,0.085551,0.051013,0.034538,0.310274,-0.013102,0.323376
ACQ.TO,2022-03-03,6,streak_5plus,-0.031269,-0.000245,-0.031025,0.006192,0.011178,-0.004986,0.121672,0.029856,0.091816,-0.142415,-0.025494,-0.11692
MDI.TO,2022-03-03,3,streak_3,0.020661,-0.000245,0.020906,0.150826,0.011178,0.139648,0.257231,0.029856,0.227376,0.106405,-0.025494,0.131899
CNQ.TO,2022-03-03,6,streak_5plus,-0.004437,-0.000245,-0.004192,0.019113,0.011178,0.007934,0.074061,0.029856,0.044206,0.185324,-0.025494,0.210819
TD.TO,2022-03-03,7,streak_5plus,-0.031393,-0.000245,-0.031148,-0.029987,0.011178,-0.041165,-0.022607,0.029856,-0.052463,-0.045566,-0.025494,-0.020072
ET.TO,2022-03-08,2,streak_2,0.018657,-0.003398,0.022055,0.106343,-0.005802,0.112145,0.119403,0.029402,0.090001,0.01959,-0.022779,0.042369
BOS.TO,2022-03-08,6,streak_5plus,-0.009448,-0.003398,-0.006049,-0.001453,-0.005802,0.004348,0.088299,0.029402,0.058897,-0.402253,-0.022779,-0.379474
FC.TO,2022-03-08,2,streak_2,0.008815,-0.003398,0.012213,0.022527,-0.005802,0.028329,0.020568,0.029402,-0.008834,-0.064643,-0.022779,-0.041863
AD-UN.TO,2022-03-08,6,streak_5plus,-0.000757,-0.003398,0.002641,0.090083,-0.005802,0.095885,0.120363,0.029402,0.090961,0.082513,-0.022779,0.105293
NVEI.TO,2022-03-08,6,streak_5plus,0.135394,-0.003398,0.138792,0.200289,-0.005802,0.206091,0.668836,0.029402,0.639433,0.128525,-0.022779,0.151304
RX.V,2022-03-08,2,streak_2,0.0,-0.003398,0.003398,0.018182,-0.005802,0.023983,0.15974,0.029402,0.130338,-0.01039,-0.022779,0.01239
WSP.TO,2022-03-09,4,streak_4,0.022595,0.012302,0.010293,0.029489,-0.002082,0.03157,-0.020808,0.026215,-0.047023,-0.09587,-0.014309,-0.081562
AFN.TO,2022-03-09,7,streak_5plus,0.085274,0.012302,0.072971,0.094587,-0.002082,0.096668,0.106228,0.026215,0.080013,-0.072468,-0.014309,-0.058159
PET.TO,2022-03-09,3,streak_3,0.087719,0.012302,0.075417,0.08548,-0.002082,0.087561,0.108623,0.026215,0.082407,0.158641,-0.014309,0.17295
EMP-A.TO,2022-03-10,2,streak_2,0.009482,0.004118,0.005365,-0.025286,-0.001135,-0.024151,0.030635,0.015898,0.014736,-0.065402,-0.032606,-0.032797
DCBO.TO,2022-03-10,2,streak_2,-0.046464,0.004118,-0.050581,-0.001205,-0.001135,-6.9e-05,0.061091,0.015898,0.045193,-0.279126,-0.032606,-0.24652
CEU.TO,2022-03-10,5,streak_5plus,0.042194,0.004118,0.038077,-0.067511,-0.001135,-0.066375,-0.122363,0.015898,-0.138261,0.164557,-0.032606,0.197163
LIF.TO,2022-03-10,2,streak_2,0.010756,0.004118,0.006638,-0.201324,-0.001135,-0.200189,-0.185604,0.015898,-0.201502,-0.300607,-0.032606,-0.268001
HWX.TO,2022-03-10,3,streak_3,0.00173,0.004118,-0.002387,-0.051903,-0.001135,-0.050768,-0.032872,0.015898,-0.04877,0.141869,-0.032606,0.174474
CJ.TO,2022-03-14,2,streak_2,-0.045775,-0.013093,-0.032682,-0.066901,0.01662,-0.083522,-0.133803,0.015316,-0.149118,0.103873,-0.055308,0.159181
ADEN.TO,2022-03-14,13,streak_5plus,-0.013806,-0.013093,-0.000713,-0.001823,0.01662,-0.018444,-0.172701,0.015316,-0.188017,-0.250586,-0.055308,-0.195279
IPO.TO,2022-03-16,2,streak_2,0.023186,0.013262,0.009924,0.121167,0.041845,0.079322,0.333583,0.030687,0.302895,0.346298,-0.07737,0.423668
HITI.V,2022-03-17,2,streak_2,0.025424,0.014085,0.011338,-0.076271,0.021585,-0.097856,-0.137288,0.018021,-0.15531,-0.554237,-0.086507,-0.46773
EDV.TO,2022-03-17,5,streak_5plus,0.02101,0.014085,0.006924,0.003686,0.021585,-0.017899,0.085514,0.018021,0.067493,-0.079985,-0.086507,0.006522
SFC.TO,2022-03-21,2,streak_2,0.005792,0.008736,-0.002944,-0.00193,0.008589,-0.01052,0.015444,0.00918,0.006264,0.054054,-0.132365,0.186419
CPLF.TO,2022-03-23,2,streak_2,0.0,-0.006442,0.006442,0.023573,0.00058,0.022993,-0.352357,-0.019208,-0.33315,-0.613524,-0.127618,-0.485905
IFOS.V,2022-03-24,4,streak_4,-0.011765,0.00026,-0.012025,0.113725,0.006557,0.107169,0.054902,-0.034005,0.088907,-0.196078,-0.133511,-0.062567
DOO.TO,2022-03-25,22,streak_5plus,0.093352,0.0031,0.090252,0.155626,-0.002174,0.1578,0.185068,-0.04221,0.227278,-0.085173,-0.146814,0.061641
OM.V,2022-03-28,2,streak_2,0.0,-0.001277,0.001277,0.131579,-0.002404,0.133983,0.578947,-0.059761,0.638709,0.026316,-0.133737,0.160053
AGF-B.TO,2022-03-30,3,streak_3,-0.001592,-0.000507,-0.001085,0.02707,-0.007081,0.034151,-0.046178,-0.04374,-0.002438,-0.136943,-0.12969,-0.007252
DOL.TO,2022-03-30,2,streak_2,0.036045,-0.000507,0.036552,0.086215,-0.007081,0.093295,0.061792,-0.04374,0.105532,0.092394,-0.12969,0.222084
IPCO.TO,2022-03-30,2,streak_2,0.015504,-0.000507,0.016011,0.009475,-0.007081,0.016556,0.040482,-0.04374,0.084223,0.152455,-0.12969,0.282145
CNC.V,2022-04-01,2,streak_2,-0.048701,0.002869,-0.05157,-0.103896,-0.002526,-0.10137,-0.301948,-0.054728,-0.24722,-0.516234,-0.138363,-0.377871
TLRY.TO,2022-04-06,2,streak_2,0.038813,-0.006484,0.045297,-0.105023,-0.009822,-0.095201,-0.281963,-0.056295,-0.225668,-0.519406,-0.141199,-0.378208
MTY.TO,2022-04-08,8,streak_5plus,0.083533,0.001809,0.081724,-0.018385,0.000953,-0.019338,-0.092926,-0.084049,-0.008877,0.018585,-0.126939,0.145524
CCA.TO,2022-04-13,2,streak_2,-0.00438,0.005646,-0.010026,0.054807,0.013032,0.041775,-0.104111,-0.092851,-0.011259,-0.167341,-0.139845,-0.027495
RCI-B.TO,2022-04-20,3,streak_3,0.030936,-0.000927,0.031862,-0.019954,-0.060312,0.040358,-0.120186,-0.08708,-0.033105,-0.17819,-0.155467,-0.022723
ACO-X.TO,2022-04-26,8,streak_5plus,0.005404,-0.015282,0.020686,-0.024961,-0.015215,-0.009746,0.037313,-0.029893,0.067206,-0.005661,-0.096564,0.090903
WPK.TO,2022-04-26,2,streak_2,0.011853,-0.015282,0.027135,0.082705,-0.015215,0.09792,0.028825,-0.029893,0.058718,0.148438,-0.096564,0.245002
CU.TO,2022-04-26,6,streak_5plus,-0.002784,-0.015282,0.012498,-0.028147,-0.015215,-0.012932,0.043613,-0.029893,0.073505,0.022889,-0.096564,0.119453
GBT.TO,2022-04-26,6,streak_5plus,0.022883,-0.015282,0.038165,0.076278,-0.015215,0.091493,0.032799,-0.029893,0.062692,0.019832,-0.096564,0.116397
GIB-A.TO,2022-04-27,9,streak_5plus,0.009958,0.002581,0.007377,0.028394,0.010367,0.018027,0.038352,-0.007665,0.046017,0.059154,-0.076667,0.135821
TECK-B.TO,2022-04-27,3,streak_3,0.083231,0.002581,0.08065,0.111111,0.010367,0.100744,0.085281,-0.007665,0.092946,-0.304223,-0.076667,-0.227556
CLS.TO,2022-04-27,11,streak_5plus,0.002948,0.002581,0.000367,0.050111,0.010367,0.039744,-0.006632,-0.007665,0.001033,0.0,-0.076667,0.076667
MX.TO,2022-04-27,4,streak_4,0.017592,0.002581,0.015011,0.101414,0.010367,0.091047,0.017075,-0.007665,0.02474,-0.171438,-0.076667,-0.094771
FSV.TO,2022-04-27,9,streak_5plus,-0.000897,0.002581,-0.003478,-0.018008,0.010367,-0.028375,-0.035888,-0.007665,-0.028223,0.067739,-0.076667,0.144406
TIH.TO,2022-04-27,2,streak_2,0.014019,0.002581,0.011438,-0.073282,0.010367,-0.083649,-0.051616,-0.007665,-0.043951,-0.084934,-0.076667,-0.008267
YRI.TO,2022-04-27,2,streak_2,-0.008696,0.002581,-0.011276,0.017391,0.010367,0.007024,-0.031884,-0.007665,-0.024219,-0.152467,-0.076667,-0.0758
PSI.TO,2022-04-28,8,streak_5plus,0.006593,0.018169,-0.011576,-0.007326,0.021249,-0.028575,0.07326,0.000212,0.073048,-0.050549,-0.085397,0.034848
FFH.TO,2022-04-28,6,streak_5plus,0.01903,0.018169,0.000861,0.019861,0.021249,-0.001389,0.01618,0.000212,0.015967,0.000134,-0.085397,0.085531
TFII.TO,2022-04-28,10,streak_5plus,0.051537,0.018169,0.033368,0.08248,0.021249,0.06123,0.019456,0.000212,0.019244,0.150264,-0.085397,0.235661
PCLO.V,2022-04-29,2,streak_2,0.087719,-0.017002,0.104721,0.0,-0.020117,0.020117,-0.166667,-0.00955,-0.157117,-0.175439,-0.088371,-0.087067
MG.TO,2022-04-29,2,streak_2,-0.031358,-0.017002,-0.014356,-0.037717,-0.020117,-0.017599,0.043353,-0.00955,0.052902,0.004769,-0.088371,0.09314
AMC.TO,2022-05-01,2,streak_2,-0.064677,-0.003362,-0.061315,-0.046434,-0.006199,-0.040236,-0.145937,-0.001575,-0.144362,-0.325041,-0.06287,-0.262172
X.TO,2022-05-02,2,streak_2,-0.003307,-0.003362,5.5e-05,0.020256,-0.006199,0.026455,0.058702,-0.001575,0.060277,-0.02191,-0.06287,0.04096
MEG.TO,2022-05-02,2,streak_2,0.008457,-0.003362,0.011819,0.086152,-0.006199,0.092351,0.143235,-0.001575,0.14481,-0.085624,-0.06287,-0.022754
FEC.TO,2022-05-02,3,streak_3,-0.009939,-0.003362,-0.006577,0.084862,-0.006199,0.091061,-0.002294,-0.001575,-0.000719,-0.095566,-0.06287,-0.032696
GEI.TO,2022-05-02,3,streak_3,-0.008364,-0.003362,-0.005002,0.066911,-0.006199,0.073109,0.095139,-0.001575,0.096713,0.08782,-0.06287,0.15069
QSR.TO,2022-05-03,5,streak_5plus,-0.034645,0.010299,-0.044944,-0.098392,-0.033467,-0.064926,-0.105183,0.001039,-0.106222,-0.063747,-0.048294,-0.015454
GWO.TO,2022-05-03,8,streak_5plus,0.000697,0.010299,-0.009601,-0.029289,-0.033467,0.004178,-0.018828,0.001039,-0.019867,-0.091702,-0.048294,-0.043408
LUG.TO,2022-05-03,4,streak_4,0.029988,0.010299,0.01969,0.010381,-0.033467,0.043847,0.00692,0.001039,0.005881,-0.140715,-0.048294,-0.092422
CIGI.TO,2022-05-03,10,streak_5plus,0.023282,0.010299,0.012983,0.002365,-0.033467,0.035832,0.071988,0.001039,0.070949,0.172506,-0.048294,0.220799
ACQ.TO,2022-05-03,7,streak_5plus,0.023031,0.010299,0.012732,-0.050067,-0.033467,-0.0166,-0.075434,0.001039,-0.076473,-0.134846,-0.048294,-0.086553
IMG.TO,2022-05-03,2,streak_2,0.008357,0.010299,-0.001942,-0.245125,-0.033467,-0.211659,-0.222841,0.001039,-0.22388,-0.412256,-0.048294,-0.363963
WEF.TO,2022-05-03,7,streak_5plus,0.031088,0.010299,0.020789,-0.036269,-0.033467,-0.002803,-0.103627,0.001039,-0.104666,-0.26943,-0.048294,-0.221137
RUS.TO,2022-05-03,8,streak_5plus,0.002795,0.010299,-0.007503,-0.07058,-0.033467,-0.037113,-0.040531,0.001039,-0.04157,-0.172956,-0.048294,-0.124662
TOY.TO,2022-05-04,8,streak_5plus,0.009035,0.013379,-0.004345,-0.077126,-0.048562,-0.028565,-0.038563,0.006051,-0.044614,None,None,None
GIL.TO,2022-05-04,7,streak_5plus,0.007952,0.013379,-0.005428,-0.126024,-0.048562,-0.077462,-0.096145,0.006051,-0.102196,None,None,None
ALC.TO,2022-05-04,3,streak_3,0.00228,0.013379,-0.0111,-0.016717,-0.048562,0.031845,0.016717,0.006051,0.010666,None,None,None
ZZZ.TO,2022-05-04,10,streak_5plus,0.00878,0.013379,-0.0046,0.045215,-0.048562,0.093777,0.115013,0.006051,0.108962,None,None,None
CSU.TO,2022-05-04,2,streak_2,-0.018206,0.013379,-0.031586,-0.082623,-0.048562,-0.034061,-0.050666,0.006051,-0.056717,None,None,None
FSZ.TO,2022-05-04,8,streak_5plus,0.004504,0.013379,-0.008875,-0.045045,-0.048562,0.003517,0.036036,0.006051,0.029985,None,None,None
L.TO,2022-05-04,9,streak_5plus,-0.011928,0.013379,-0.025307,0.012697,-0.048562,0.061259,0.014236,0.006051,0.008185,None,None,None
ABX.TO,2022-05-04,8,streak_5plus,0.02549,0.013379,0.012111,-0.036863,-0.048562,0.011699,-0.07098,0.006051,-0.077031,None,None,None
EDV.TO,2022-05-05,6,streak_5plus,0.017391,-0.023073,0.040464,-0.037681,-0.063616,0.025935,-0.047826,-0.018612,-0.029214,-0.210145,-0.079287,-0.130858
UNS.TO,2022-05-05,9,streak_5plus,0.061047,-0.023073,0.08412,-0.014172,-0.063616,0.049444,0.053779,-0.018612,0.072391,0.350654,-0.079287,0.429941
CNQ.TO,2022-05-05,7,streak_5plus,-0.020594,-0.023073,0.002479,-0.090615,-0.063616,-0.026999,0.018829,-0.018612,0.037441,-0.159753,-0.079287,-0.080466
AD-UN.TO,2022-05-05,7,streak_5plus,-0.022711,-0.023073,0.000362,-0.05181,-0.063616,0.011806,0.010646,-0.018612,0.029258,-0.05252,-0.079287,0.026768
STLC.TO,2022-05-05,6,streak_5plus,-0.031515,-0.023073,-0.008443,-0.163881,-0.063616,-0.100265,-0.100575,-0.018612,-0.081963,-0.223349,-0.079287,-0.144062
JWEL.TO,2022-05-05,2,streak_2,0.020874,-0.023073,0.043947,-0.002935,-0.063616,0.06068,0.131442,-0.018612,0.150054,0.080235,-0.079287,0.159522
PBH.TO,2022-05-06,2,streak_2,0.006069,-0.003039,0.009108,-0.067194,-0.048178,-0.019016,-0.059933,0.005938,-0.065871,-0.019833,-0.05558,0.035747
TIXT.TO,2022-05-06,5,streak_5plus,0.042979,-0.003039,0.046018,0.071508,-0.048178,0.119686,0.184513,0.005938,0.178574,0.300482,-0.05558,0.356062
EFN.TO,2022-05-09,2,streak_2,-0.020057,-0.030708,0.01065,0.161414,-0.025856,0.18727,0.262655,0.014292,0.248363,0.359121,-0.051194,0.410315
FTT.TO,2022-05-09,4,streak_4,-0.036745,-0.030708,-0.006037,-0.098694,-0.025856,-0.072838,-0.054358,0.014292,-0.06865,-0.209535,-0.051194,-0.158341
CPLF.TO,2022-05-10,3,streak_3,0.01005,-0.00548,0.01553,-0.095477,0.010335,-0.105813,-0.294472,0.039636,-0.334108,-0.254271,-0.01898,-0.235291
EIF.TO,2022-05-10,8,streak_5plus,0.0,-0.00548,0.00548,0.139233,0.010335,0.128897,0.247525,0.039636,0.207889,0.249072,-0.01898,0.268052
EQB.TO,2022-05-10,7,streak_5plus,0.001638,-0.00548,0.007118,0.12651,0.010335,0.116175,0.151689,0.039636,0.112053,0.086387,-0.01898,0.105367
TCN.TO,2022-05-10,3,streak_3,-0.017544,-0.00548,-0.012064,0.010396,0.010335,6.1e-05,-0.104613,0.039636,-0.144249,-0.099415,-0.01898,-0.080435
IFC.TO,2022-05-10,11,streak_5plus,-0.022061,-0.00548,-0.016581,0.001212,0.010335,-0.009123,0.040242,0.039636,0.000607,0.085515,-0.01898,0.104495
NVEI.TO,2022-05-10,7,streak_5plus,-0.06442,-0.00548,-0.05894,-0.004739,0.010335,-0.015075,0.090047,0.039636,0.050412,-0.165877,-0.01898,-0.146897
NPI.TO,2022-05-10,2,streak_2,-0.020775,-0.00548,-0.015295,0.003101,0.010335,-0.007234,0.04124,0.039636,0.001605,0.11845,-0.01898,0.13743
MEQ.TO,2022-05-10,5,streak_5plus,-0.01681,-0.00548,-0.01133,-0.017333,0.010335,-0.027668,0.087188,0.039636,0.047552,0.081962,-0.01898,0.100942
NVA.TO,2022-05-10,2,streak_2,-0.008562,-0.00548,-0.003082,0.023973,0.010335,0.013637,0.193493,0.039636,0.153858,-0.101884,-0.01898,-0.082903
PET.TO,2022-05-10,4,streak_4,0.059259,-0.00548,0.064739,-0.012458,0.010335,-0.022793,0.039731,0.039636,9.5e-05,0.039057,-0.01898,0.058038
CCL-B.TO,2022-05-11,2,streak_2,-0.001362,-0.002655,0.001293,0.141245,0.030211,0.111034,0.126654,0.033876,0.092778,0.175486,-0.011106,0.186592
SLF.TO,2022-05-11,4,streak_4,-0.013721,-0.002655,-0.011067,-0.014834,0.030211,-0.045045,-0.002411,0.033876,-0.036287,-0.038754,-0.011106,-0.027648
PEY.TO,2022-05-11,2,streak_2,0.023279,-0.002655,0.025934,0.096154,0.030211,0.065943,0.229757,0.033876,0.195881,0.025304,-0.011106,0.03641
CGY.TO,2022-05-11,6,streak_5plus,-0.019022,-0.002655,-0.016367,0.043159,0.030211,0.012948,0.014226,0.033876,-0.01965,0.007992,-0.011106,0.019098
DFY.TO,2022-05-11,2,streak_2,-0.015553,-0.002655,-0.012898,0.017207,0.030211,-0.013004,0.100596,0.033876,0.066719,0.241231,-0.011106,0.252337
TXG.TO,2022-05-11,12,streak_5plus,-0.017945,-0.002655,-0.01529,0.028548,0.030211,-0.001663,0.019576,0.033876,-0.0143,-0.078303,-0.011106,-0.067197
CS.TO,2022-05-11,2,streak_2,0.004202,-0.002655,0.006856,0.046218,0.030211,0.016007,0.012605,0.033876,-0.021271,-0.348739,-0.011106,-0.337633
WSP.TO,2022-05-11,5,streak_5plus,-0.022749,-0.002655,-0.020095,-0.015561,0.030211,-0.045772,0.055947,0.033876,0.02207,0.13983,-0.011106,0.150936
HWX.TO,2022-05-12,4,streak_4,-0.022263,-0.006967,-0.015297,0.092764,0.013313,0.079451,0.163265,0.022054,0.141211,-0.096475,-0.013056,-0.083419
IFOS.V,2022-05-12,5,streak_5plus,0.008032,-0.006967,0.014999,0.160643,0.013313,0.147329,-0.144578,0.022054,-0.166633,-0.317269,-0.013056,-0.304213
ADEN.TO,2022-05-12,14,streak_5plus,-0.005932,-0.006967,0.001035,0.09665,0.013313,0.083337,0.003838,0.022054,-0.018216,0.084089,-0.013056,0.097146
AOI.TO,2022-05-12,6,streak_5plus,-0.013333,-0.006967,-0.006367,-0.022222,0.013313,-0.035536,0.053333,0.022054,0.031279,-0.004444,-0.013056,0.008612
CJ.TO,2022-05-12,3,streak_3,-0.018293,-0.006967,-0.011326,0.272358,0.013313,0.259044,0.27439,0.022054,0.252336,0.256098,-0.013056,0.269154
CTC-A.TO,2022-05-12,2,streak_2,0.062442,-0.006967,0.069409,0.028688,0.013313,0.015374,0.014843,0.022054,-0.007211,0.025476,-0.013056,0.038533
CEU.TO,2022-05-12,6,streak_5plus,-0.036036,-0.006967,-0.029069,0.040541,0.013313,0.027227,0.148649,0.022054,0.126594,0.076577,-0.013056,0.089633
MER.TO,2022-05-12,6,streak_5plus,-0.014634,-0.006967,-0.007667,-0.019512,0.013313,-0.032825,0.053659,0.022054,0.031604,-0.004878,-0.013056,0.008178
CIX.TO,2022-05-12,2,streak_2,-0.024333,-0.006967,-0.017366,0.008634,0.013313,-0.004679,0.018838,0.022054,-0.003216,-0.035322,-0.013056,-0.022266
ONEX.TO,2022-05-13,8,streak_5plus,0.034973,0.020341,0.014632,0.011515,0.024509,-0.012993,-0.016491,0.002208,-0.0187,-0.018624,0.009483,-0.028107
NEO.TO,2022-05-13,4,streak_4,0.200658,0.020341,0.180317,0.226974,0.024509,0.202465,0.145833,0.002208,0.143625,0.343202,0.009483,0.333719
SFC.TO,2022-05-13,3,streak_3,0.009542,0.020341,-0.010799,0.026718,0.024509,0.002209,0.041985,0.002208,0.039777,-0.053435,0.009483,-0.062918
TBRD.V,2022-05-16,2,streak_2,0.080645,0.005304,0.075342,0.225806,0.004866,0.220941,0.048387,-0.027428,0.075815,0.112903,-0.005368,0.118271
VMC.V,2022-05-16,2,streak_2,0.061611,0.005304,0.056308,-0.061611,0.004866,-0.066477,-0.056872,-0.027428,-0.029444,-0.047393,-0.005368,-0.042025
RX.V,2022-05-18,3,streak_3,-0.055288,-0.019013,-0.036275,-0.064904,-0.005232,-0.059672,-0.134615,-0.072564,-0.062052,-0.088942,-0.015148,-0.073794
ATS.TO,2022-05-19,11,streak_5plus,0.119393,0.004005,0.115389,0.152307,0.021431,0.130876,0.154566,-0.05825,0.212816,0.485641,0.008387,0.477253
BNS.TO,2022-05-25,7,streak_5plus,0.029205,0.004811,0.024394,0.054169,0.021843,0.032326,-0.042095,-0.063205,0.021111,0.017295,-0.008617,0.025911
BMO.TO,2022-05-25,8,streak_5plus,-0.00212,0.004811,-0.006932,0.034102,0.021843,0.012259,-0.058751,-0.063205,0.004455,0.017316,-0.008617,0.025933
CIA.TO,2022-05-25,2,streak_2,-0.029173,0.004811,-0.033985,-0.04376,0.021843,-0.065603,-0.319287,-0.063205,-0.256081,-0.351702,-0.008617,-0.343085
TD.TO,2022-05-26,8,streak_5plus,0.015707,0.00728,0.008427,0.023875,0.016184,0.007691,-0.103921,-0.081766,-0.022155,-0.075145,-0.02006,-0.055084
RY.TO,2022-05-26,2,streak_2,-8.9e-05,0.00728,-0.007369,0.030343,0.016184,0.014159,-0.040488,-0.081766,0.041278,0.003203,-0.02006,0.023263
NA.TO,2022-05-27,2,streak_2,0.02344,0.01054,0.012901,0.031498,0.024333,0.007165,-0.109022,-0.071561,-0.037461,-0.015993,-0.026631,0.010638
LB.TO,2022-06-01,8,streak_5plus,0.089068,-0.000753,0.08982,0.102894,0.009595,0.093299,0.027653,-0.079631,0.107284,0.074277,-0.041294,0.115571
DOO.TO,2022-06-03,23,streak_5plus,-0.103749,-0.011464,-0.092286,-0.149974,-0.022247,-0.127727,None,None,None,-0.080431,-0.072219,-0.008212
MDI.TO,2022-06-07,4,streak_4,0.004748,0.00524,-0.000492,0.068376,-0.051707,0.120083,-0.185185,-0.09534,-0.089845,-0.180437,-0.080522,-0.099915
DOL.TO,2022-06-08,3,streak_3,0.05267,-0.006489,0.059158,0.035306,-0.065925,0.101231,0.066126,-0.10505,0.171176,0.150919,-0.07919,0.230109
CVO.TO,2022-06-14,2,streak_2,-0.038532,-0.009832,-0.028701,0.009174,-0.028314,0.037489,0.034862,-0.053894,0.088756,0.047706,0.001555,0.046151
AGF-B.TO,2022-06-22,4,streak_4,-0.009542,-0.013153,0.003612,0.034351,-0.001797,0.036148,0.028626,-0.012286,0.040912,0.013359,0.015843,-0.002485
ET.TO,2022-06-23,3,streak_3,0.063539,-0.015097,0.078635,0.051808,0.003925,0.047883,0.026393,0.003099,0.023294,0.117302,0.019191,0.098111
ATD.TO,2022-06-28,2,streak_2,-0.03538,-0.001849,-0.033531,-0.065144,-0.011912,-0.053232,-0.014976,-0.01483,-0.000146,-0.01067,-0.040362,0.029692
WPM.TO,2022-06-29,2,streak_2,-0.008532,-0.007496,-0.001036,-0.064633,-0.02021,-0.044423,-0.135879,0.00166,-0.137538,-0.178114,-0.046596,-0.131518
IPCO.TO,2022-06-29,3,streak_3,-0.009716,-0.007496,-0.00222,-0.094918,-0.02021,-0.074707,0.118834,0.00166,0.117175,-0.250374,-0.046596,-0.203778
TINY.V,2022-06-29,2,streak_2,0.002849,-0.007496,0.010345,-0.002849,-0.02021,0.017361,-0.173789,0.00166,-0.175449,-0.444444,-0.046596,-0.397849
CURA.TO,2022-06-30,2,streak_2,-0.013636,-0.011384,-0.002252,0.022727,-0.018288,0.041015,0.098485,0.019818,0.078667,0.040909,-0.040396,0.081305
ATZ.TO,2022-07-07,14,streak_5plus,0.075803,0.017806,0.057997,0.057372,-0.006113,0.063485,0.223246,0.045238,0.178008,0.443222,0.03424,0.408983
MTY.TO,2022-07-08,9,streak_5plus,-0.037081,-0.002114,-0.034967,-0.010791,-0.038509,0.027718,0.078478,0.029213,0.049264,0.05827,0.009017,0.049252
PSK.TO,2022-07-18,2,streak_2,0.065007,0.010933,0.054074,0.080913,0.031988,0.048925,0.046335,0.0971,-0.050765,0.235131,0.011911,0.22322
WPK.TO,2022-07-21,3,streak_3,0.001621,0.002219,-0.000598,-0.02709,0.012297,-0.039387,-0.045149,0.065439,-0.110589,-0.007641,-0.011698,0.004057
CLS.TO,2022-07-25,12,streak_5plus,0.011177,0.006406,0.004772,0.005216,0.037402,-0.032186,0.073025,0.052258,0.020768,-0.059613,-0.021261,-0.038351
TIH.TO,2022-07-26,3,streak_3,-0.009152,-0.006899,-0.002253,None,None,None,-0.00965,0.04611,-0.055759,-0.067151,-0.012746,-0.054405
AFM.V,2022-07-26,2,streak_2,-0.040541,-0.006899,-0.033642,None,None,None,-0.054066,0.04611,-0.100176,-0.162164,-0.012746,-0.149418
MEQ.TO,2022-07-26,6,streak_5plus,-0.018326,-0.006899,-0.011427,None,None,None,0.03649,0.04611,-0.009619,-0.109228,-0.012746,-0.096482
FN.TO,2022-07-26,2,streak_2,-0.03003,-0.006899,-0.023131,None,None,None,-0.018685,0.04611,-0.064795,-0.062729,-0.012746,-0.049984
TECK-B.TO,2022-07-26,4,streak_4,-0.030937,-0.006899,-0.024038,None,None,None,0.355922,0.04611,0.309813,0.380966,-0.012746,0.393712
GIB-A.TO,2022-07-27,10,streak_5plus,0.020673,0.014858,0.005815,0.028284,0.028072,0.000212,-0.007611,0.055274,-0.062886,0.012967,-0.002862,0.015829
WFG.TO,2022-07-27,2,streak_2,-0.018379,0.014858,-0.033237,-0.052402,0.028072,-0.080474,-0.041118,0.055274,-0.096392,-0.173107,-0.002862,-0.170245
TOY.TO,2022-07-27,9,streak_5plus,-0.011872,0.014858,-0.02673,-0.047912,0.028072,-0.075984,-0.021836,0.055274,-0.07711,-0.088828,-0.002862,-0.085966
RCI-B.TO,2022-07-27,4,streak_4,0.005488,0.014858,-0.00937,-0.037093,0.028072,-0.065165,-0.034633,0.055274,-0.089907,-0.102574,-0.002862,-0.099712
SES.TO,2022-07-27,2,streak_2,-0.040998,0.014858,-0.055856,-0.023173,0.028072,-0.051245,-0.02139,0.055274,-0.076665,0.130125,-0.002862,0.132987
CPG.TO,2022-07-27,2,streak_2,0.016148,0.014858,0.001289,0.05075,0.028072,0.022678,0.116494,0.055274,0.061219,0.114187,-0.002862,0.117049
L.TO,2022-07-27,10,streak_5plus,-0.037729,0.014858,-0.052587,-0.04276,0.028072,-0.070832,-0.01617,0.055274,-0.071444,-0.084441,-0.002862,-0.081579
YRI.TO,2022-07-28,3,streak_3,0.020034,0.010496,0.009537,0.013356,0.015129,-0.001773,0.065109,0.047661,0.017447,0.042414,-0.008185,0.050599
OGC.TO,2022-07-28,2,streak_2,0.008621,0.010496,-0.001875,-0.083333,0.015129,-0.098462,-0.12069,0.047661,-0.168351,-0.162356,-0.008185,-0.154171
CJ.TO,2022-07-28,4,streak_4,0.036424,0.010496,0.025928,0.046358,0.015129,0.031229,0.039735,0.047661,-0.007926,0.07947,-0.008185,0.087655
ZZZ.TO,2022-07-28,11,streak_5plus,0.0,0.010496,-0.010496,0.085854,0.015129,0.070726,0.06296,0.047661,0.015299,-0.169665,-0.008185,-0.16148
AEM.TO,2022-07-28,2,streak_2,0.063724,0.010496,0.053228,0.079871,0.015129,0.064742,0.162325,0.047661,0.114664,0.165339,-0.008185,0.173524
CU.TO,2022-07-28,7,streak_5plus,0.019649,0.010496,0.009153,-0.005061,0.015129,-0.02019,0.036916,0.047661,-0.010746,-0.114022,-0.008185,-0.105837
ACO-X.TO,2022-07-28,9,streak_5plus,0.014344,0.010496,0.003848,0.007428,0.015129,-0.007701,0.05584,0.047661,0.008179,-0.070953,-0.008185,-0.062768
X.TO,2022-07-28,3,streak_3,0.002967,0.010496,-0.007529,0.034337,0.015129,0.019208,0.053836,0.047661,0.006175,0.036032,-0.008185,0.044217
TRP.TO,2022-07-28,2,streak_2,-0.015679,0.010496,-0.026175,-0.058408,0.015129,-0.073537,-0.065472,0.047661,-0.113133,-0.163336,-0.008185,-0.155151
CVE.TO,2022-07-28,2,streak_2,0.039664,0.010496,0.029168,-0.051797,0.015129,-0.066925,0.076528,0.047661,0.028867,0.127858,-0.008185,0.136043
IFC.TO,2022-07-28,12,streak_5plus,-0.00349,0.010496,-0.013986,0.034198,0.015129,0.019069,0.053042,0.047661,0.00538,0.104804,-0.008185,0.112989
FFH.TO,2022-07-28,7,streak_5plus,0.001814,0.010496,-0.008682,-0.026489,0.015129,-0.041618,-0.03233,0.047661,-0.079991,-0.061548,-0.008185,-0.053363
TFII.TO,2022-07-28,11,streak_5plus,0.042165,0.010496,0.031669,0.13081,0.015129,0.115681,0.202913,0.047661,0.155251,0.143666,-0.008185,0.151851
BLX.TO,2022-08-03,2,streak_2,-0.006651,0.002081,-0.008733,0.040596,0.003743,0.036854,0.060321,-0.008946,0.069267,-0.172706,-0.00406,-0.168646
CIGI.TO,2022-08-03,11,streak_5plus,0.020774,0.002081,0.018692,-0.025744,0.003743,-0.029487,-0.032945,-0.008946,-0.023998,-0.191805,-0.00406,-0.187745
SLF.TO,2022-08-03,5,streak_5plus,0.010763,0.002081,0.008682,0.026311,0.003743,0.022568,0.000199,-0.008946,0.009146,0.000199,-0.00406,0.00426
TXG.TO,2022-08-03,13,streak_5plus,-0.042945,0.002081,-0.045026,0.141104,0.003743,0.137362,-0.005112,-0.008946,0.003834,-0.05317,-0.00406,-0.049109
NVA.TO,2022-08-03,3,streak_3,-0.057606,0.002081,-0.059687,-0.074707,0.003743,-0.07845,-0.027903,-0.008946,-0.018957,0.216022,-0.00406,0.220082
EDV.TO,2022-08-03,7,streak_5plus,0.008716,0.002081,0.006634,0.089908,0.003743,0.086166,0.015596,-0.008946,0.024543,-0.016972,-0.00406,-0.012912
GWO.TO,2022-08-03,9,streak_5plus,0.001919,0.002081,-0.000162,0.005374,0.003743,0.001632,0.00691,-0.008946,0.015856,0.029559,-0.00406,0.033619
HWX.TO,2022-08-04,5,streak_5plus,-0.04158,0.001591,-0.043171,-0.004158,0.017395,-0.021553,-0.012474,-0.020628,0.008154,0.261954,-0.001443,0.263397
TRI.TO,2022-08-04,2,streak_2,0.040666,0.001591,0.039075,0.033152,0.017395,0.015757,0.020112,-0.020628,0.04074,-0.013629,-0.001443,-0.012186
WJX.TO,2022-08-04,2,streak_2,0.008892,0.001591,0.0073,0.080616,0.017395,0.063222,0.028453,-0.020628,0.049081,-0.043272,-0.001443,-0.041829
CNQ.TO,2022-08-04,8,streak_5plus,-0.022214,0.001591,-0.023805,0.029133,0.017395,0.011738,0.105972,-0.020628,0.126601,0.295339,-0.001443,0.296781
QSR.TO,2022-08-04,6,streak_5plus,0.076303,0.001591,0.074712,0.084653,0.017395,0.067258,0.106392,-0.020628,0.127021,0.139361,-0.001443,0.140804
KEY.TO,2022-08-04,2,streak_2,-0.036158,0.001591,-0.037749,-0.022279,0.017395,-0.039674,-0.043097,-0.020628,-0.022469,-0.098247,-0.001443,-0.096804
SAP.TO,2022-08-04,2,streak_2,0.090718,0.001591,0.089127,0.092469,0.017395,0.075074,0.074956,-0.020628,0.095585,0.081961,-0.001443,0.083404
TSU.TO,2022-08-04,2,streak_2,0.046108,0.001591,0.044517,0.121779,0.017395,0.104384,-0.069704,-0.020628,-0.049076,0.029563,-0.001443,0.031006
SU.TO,2022-08-04,2,streak_2,-0.044673,0.001591,-0.046264,-0.046337,0.017395,-0.063732,0.001387,-0.020628,0.022016,0.168424,-0.001443,0.169867
JWEL.TO,2022-08-04,3,streak_3,0.000605,0.001591,-0.000986,0.049002,0.017395,0.031607,0.019964,-0.020628,0.040592,-0.044465,-0.001443,-0.043022
GIL.TO,2022-08-04,8,streak_5plus,0.05142,0.001591,0.049829,0.063068,0.017395,0.045673,0.042898,-0.020628,0.063526,0.141477,-0.001443,0.14292
ALC.TO,2022-08-05,4,streak_4,0.024257,0.002202,0.022055,0.042254,0.021193,0.02106,0.037559,-0.015636,0.053194,0.043818,-0.015324,0.059143
UNS.TO,2022-08-05,10,streak_5plus,-0.00407,0.002202,-0.006272,0.022795,0.021193,0.001602,0.003257,-0.015636,0.018892,0.012483,-0.015324,0.027807
LEV.TO,2022-08-05,2,streak_2,0.008708,0.002202,0.006507,-0.039187,0.021193,-0.06038,-0.271408,-0.015636,-0.255772,-0.364296,-0.015324,-0.348972
TIXT.TO,2022-08-05,6,streak_5plus,0.048868,0.002202,0.046667,0.106571,0.021193,0.085378,0.027057,-0.015636,0.042693,-0.100497,-0.015324,-0.085173
PBH.TO,2022-08-05,3,streak_3,-0.01299,0.002202,-0.015191,-0.032197,0.021193,-0.05339,-0.044188,-0.015636,-0.028552,-0.207505,-0.015324,-0.192181
MRE.TO,2022-08-08,2,streak_2,0.020179,0.002503,0.017677,0.15583,0.028527,0.127303,0.087444,-0.027105,0.114549,0.086323,-0.019312,0.105635
ABX.TO,2022-08-08,9,streak_5plus,0.033149,0.002503,0.030647,0.059669,0.028527,0.031142,-0.016022,-0.027105,0.011083,-0.092265,-0.019312,-0.072953
CVO.TO,2022-08-08,3,streak_3,-0.044408,0.002503,-0.04691,0.197368,0.028527,0.168841,-0.0625,-0.027105,-0.035395,-0.136513,-0.019312,-0.117201
CTS.TO,2022-08-09,2,streak_2,-0.054098,-0.004621,-0.049477,0.190164,0.026,0.164164,-0.104918,-0.02175,-0.083168,-0.213115,-0.011154,-0.20196
NVEI.TO,2022-08-09,8,streak_5plus,-0.214394,-0.004621,-0.209772,-0.112769,0.026,-0.138769,-0.289195,-0.02175,-0.267446,-0.277106,-0.011154,-0.265952
H.TO,2022-08-09,2,streak_2,0.011374,-0.004621,0.015995,-0.002459,0.026,-0.028459,-0.006456,-0.02175,0.015294,-0.046419,-0.011154,-0.035264
PET.TO,2022-08-09,5,streak_5plus,0.010266,-0.004621,0.014888,0.092076,0.026,0.066076,0.040744,-0.02175,0.062494,0.127687,-0.011154,0.138841
FRU.TO,2022-08-09,2,streak_2,0.013195,-0.004621,0.017816,0.01131,0.026,-0.01469,0.028275,-0.02175,0.050025,0.29312,-0.011154,0.304274
ACQ.TO,2022-08-10,8,streak_5plus,0.016269,0.015711,0.000558,0.079537,0.03533,0.044207,0.065799,-0.008443,0.074242,-0.231381,-0.001655,-0.229726
STN.TO,2022-08-10,2,streak_2,0.021963,0.015711,0.006252,0.062342,0.03533,0.027012,0.032269,-0.008443,0.040712,0.097483,-0.001655,0.099138
TCN.TO,2022-08-10,4,streak_4,0.011445,0.015711,-0.004266,0.065808,0.03533,0.030478,-0.060086,-0.008443,-0.051643,-0.235336,-0.001655,-0.233681
RUS.TO,2022-08-10,9,streak_5plus,0.031847,0.015711,0.016136,0.101486,0.03533,0.066156,0.045435,-0.008443,0.053878,0.101062,-0.001655,0.102716
CPLF.TO,2022-08-10,4,streak_4,-0.053333,0.015711,-0.069045,-0.082667,0.03533,-0.117997,-0.105333,-0.008443,-0.09689,-0.538667,-0.001655,-0.537012
LNR.TO,2022-08-10,2,streak_2,0.025507,0.015711,0.009796,0.131309,0.03533,0.09598,0.100234,-0.008443,0.108677,0.012754,-0.001655,0.014409
CCL-B.TO,2022-08-10,3,streak_3,0.035557,0.015711,0.019846,0.054521,0.03533,0.019191,0.085337,-0.008443,0.09378,0.003556,-0.001655,0.005211
EFN.TO,2022-08-10,3,streak_3,0.010653,0.015711,-0.005058,0.166193,0.03533,0.130863,0.087358,-0.008443,0.095801,0.232244,-0.001655,0.233899
STLC.TO,2022-08-10,7,streak_5plus,0.010796,0.015711,-0.004915,-0.027665,0.03533,-0.062995,0.012483,-0.008443,0.020926,0.076248,-0.001655,0.077903
ATS.TO,2022-08-10,12,streak_5plus,0.071546,0.015711,0.055835,0.079991,0.03533,0.044661,-0.039409,-0.008443,-0.030966,0.100868,-0.001655,0.102523
PSI.TO,2022-08-10,9,streak_5plus,-0.053599,0.015711,-0.06931,-0.056662,0.03533,-0.091991,-0.084992,-0.008443,-0.076549,0.07121,-0.001655,0.072865
CHE-UN.TO,2022-08-10,2,streak_2,0.0162,0.015711,0.000489,0.014728,0.03533,-0.020602,-0.008837,-0.008443,-0.000393,-0.097202,-0.001655,-0.095547
EIF.TO,2022-08-11,9,streak_5plus,0.00522,0.00533,-0.00011,0.022869,0.01486,0.008009,0.012429,-0.005662,0.018091,-0.026597,-0.011345,-0.015252
NPI.TO,2022-08-11,3,streak_3,0.000537,0.00533,-0.004793,0.037335,0.01486,0.022476,0.016385,-0.005662,0.022047,-0.082729,-0.011345,-0.071384
IFOS.V,2022-08-11,6,streak_5plus,0.147929,0.00533,0.142599,0.100592,0.01486,0.085732,0.207101,-0.005662,0.212763,0.142012,-0.011345,0.153357
ADEN.TO,2022-08-11,15,streak_5plus,0.019676,0.00533,0.014346,-0.020311,0.01486,-0.035171,-0.119962,-0.005662,-0.1143,-0.20311,-0.011345,-0.191765
PRMW.TO,2022-08-11,2,streak_2,0.074754,0.00533,0.069424,0.108852,0.01486,0.093993,0.152787,-0.005662,0.158449,0.096393,-0.011345,0.107738
FSZ.TO,2022-08-11,9,streak_5plus,0.029985,0.00533,0.024655,0.056972,0.01486,0.042112,-0.017991,-0.005662,-0.012329,-0.068966,-0.011345,-0.057621
ALV.V,2022-08-11,2,streak_2,0.001965,0.00533,-0.003366,0.035363,0.01486,0.020504,-0.001965,-0.005662,0.003698,-0.123772,-0.011345,-0.112427
CEU.TO,2022-08-11,7,streak_5plus,0.053061,0.00533,0.047731,-0.012245,0.01486,-0.027105,-0.057143,-0.005662,-0.051481,0.159184,-0.011345,0.170528
NEO.TO,2022-08-12,5,streak_5plus,0.049334,0.009399,0.039936,-0.033673,0.013681,-0.047353,-0.036022,-0.000235,-0.035787,-0.292091,-0.032393,-0.259698
SFC.TO,2022-08-12,4,streak_4,0.015748,0.009399,0.006349,0.047244,0.013681,0.033564,0.061024,-0.000235,0.061259,-0.023622,-0.032393,0.008771
ROMJ.V,2022-08-15,2,streak_2,0.2625,4e-05,0.26246,0.1375,-0.00339,0.14089,-0.125,-0.026482,-0.098518,-0.05,-0.009386,-0.040614
BU.TO,2022-08-15,2,streak_2,-0.034091,4e-05,-0.03413,-0.215909,-0.00339,-0.21252,-0.386364,-0.026482,-0.359882,-0.454545,-0.009386,-0.44516
MCLD.V,2022-08-15,2,streak_2,-0.01548,4e-05,-0.015519,-0.065015,-0.00339,-0.061626,-0.102167,-0.026482,-0.075685,-0.603715,-0.009386,-0.59433
NA.TO,2022-08-24,3,streak_3,-0.009429,0.001801,-0.011231,-0.044541,-0.023642,-0.020899,-0.040074,-0.049171,0.009097,0.065881,-0.000415,0.066296
NOW.V,2022-08-24,2,streak_2,0.111111,0.001801,0.10931,-0.041667,-0.023642,-0.018024,-0.125,-0.049171,-0.075829,-0.194444,-0.000415,-0.194029
TD.TO,2022-08-25,9,streak_5plus,0.007367,0.007537,-0.00017,-0.01105,-0.034493,0.023443,-0.012415,-0.076938,0.064523,0.072988,0.00992,0.063068
KUT.V,2022-08-25,2,streak_2,0.081081,0.007537,0.073544,0.140541,-0.034493,0.175034,0.135135,-0.076938,0.212073,0.094595,0.00992,0.084675
ATD.TO,2022-08-30,3,streak_3,-0.004729,-0.016293,0.011564,0.034376,-0.037699,0.072075,-0.012186,-0.05985,0.047664,0.073118,0.027611,0.045506
MDI.TO,2022-09-06,5,streak_5plus,0.022406,-0.009475,0.031881,0.04717,0.03717,0.01,0.012972,0.005194,0.007777,0.116745,0.065103,0.051642
DTOL.TO,2022-09-07,2,streak_2,-0.011976,0.008021,-0.019997,-0.154192,0.029185,-0.183377,-0.103293,0.007691,-0.110984,-0.112275,0.073207,-0.185483
TCL-A.TO,2022-09-07,2,streak_2,0.027376,0.008021,0.019356,0.009886,0.029185,-0.019299,0.004563,0.007691,-0.003128,0.022814,0.073207,-0.050393
DOL.TO,2022-09-09,4,streak_4,0.013713,0.01856,-0.004847,-0.041265,0.007583,-0.048847,0.022981,-0.04275,0.065731,0.004952,0.029733,-0.024781
ET.TO,2022-09-13,4,streak_4,0.0285,-0.017101,0.0456,-0.051132,-0.021254,-0.029878,-0.184409,-0.088582,-0.095827,-0.142498,-0.000901,-0.141597
DOO.TO,2022-09-14,24,streak_5plus,0.090689,0.004108,0.086581,0.038373,-0.014085,0.052458,-0.048513,-0.073254,0.02474,0.172275,0.015357,0.156917
AGF-B.TO,2022-09-28,5,streak_5plus,0.115304,0.018626,0.096678,0.092243,0.058068,0.034175,0.104822,0.053086,0.051735,0.21174,0.06548,0.14626
VRN.TO,2022-09-28,2,streak_2,0.059914,0.018626,0.041289,0.196862,0.058068,0.138794,0.338088,0.053086,0.285002,0.21826,0.06548,0.15278
WPM.TO,2022-09-29,3,streak_3,0.01697,-0.011105,0.028075,0.086545,0.031433,0.055112,0.069576,0.037707,0.031868,None,None,None
TINY.V,2022-09-29,3,streak_3,0.0,-0.011105,0.011105,0.251282,0.031433,0.219849,0.076923,0.037707,0.039216,None,None,None
IPCO.TO,2022-09-29,4,streak_4,-0.003587,-0.011105,0.007518,0.104036,0.031433,0.072602,0.145291,0.037707,0.107584,None,None,None
BBD-B.TO,2022-09-30,2,streak_2,-0.034739,0.00013,-0.034869,0.101873,0.029129,0.072744,0.5242,0.055819,0.468381,0.980874,0.045673,0.935201
RCH.TO,2022-10-06,2,streak_2,0.008866,-0.013314,0.02218,-0.077109,-0.053485,-0.023624,-0.10129,0.000317,-0.101607,-0.028748,0.018388,-0.047136
ATZ.TO,2022-10-12,15,streak_5plus,0.06506,-0.000571,0.065631,0.144797,0.031921,0.112876,0.124863,0.061899,0.062964,0.100767,0.092344,0.008423
CLS.TO,2022-10-24,13,streak_5plus,0.033333,0.003043,0.03029,0.196032,0.032352,0.163679,0.18254,0.059175,0.123365,0.379365,0.087069,0.292296
NBLY.TO,2022-10-25,2,streak_2,0.097431,0.009441,0.08799,0.111488,0.026836,0.084652,0.175473,0.068801,0.106671,0.150751,0.090557,0.060194
CNR.TO,2022-10-25,2,streak_2,0.010552,0.009441,0.001112,0.037207,0.026836,0.010371,0.077361,0.068801,0.008559,0.066945,0.090557,-0.023612
WFG.TO,2022-10-26,3,streak_3,0.013051,0.009572,0.003479,0.033932,0.02203,0.011902,0.084047,0.062067,0.021979,0.044477,0.080253,-0.035777
CP.TO,2022-10-26,2,streak_2,0.015901,0.009572,0.006329,0.036719,0.02203,0.01469,0.101893,0.062067,0.039826,0.09614,0.080253,0.015886
AEM.TO,2022-10-26,3,streak_3,0.040643,0.009572,0.031071,0.065952,0.02203,0.043923,0.136708,0.062067,0.074641,0.321633,0.080253,0.24138
ACO-X.TO,2022-10-27,10,streak_5plus,0.016855,0.00375,0.013106,0.009947,-0.000145,0.010093,0.025974,0.055203,-0.029229,0.040895,0.068455,-0.02756
CFP.TO,2022-10-27,2,streak_2,0.035733,0.00375,0.031983,0.041429,-0.000145,0.041575,0.266183,0.055203,0.210981,0.203522,0.068455,0.135067
TECK-B.TO,2022-10-27,5,streak_5plus,-0.036871,0.00375,-0.040621,-0.108696,-0.000145,-0.10855,-0.006394,0.055203,-0.061597,0.142157,0.068455,0.073702
TFII.TO,2022-10-27,12,streak_5plus,-0.039897,0.00375,-0.043647,-0.064755,-0.000145,-0.06461,0.05517,0.055203,-3.3e-05,0.076054,0.068455,0.007599
TVE.TO,2022-10-27,2,streak_2,0.030093,0.00375,0.026343,0.071759,-0.000145,0.071905,0.030093,0.055203,-0.02511,-0.048611,0.068455,-0.117066
CU.TO,2022-10-27,8,streak_5plus,0.003995,0.00375,0.000245,0.014314,-0.000145,0.01446,0.038615,0.055203,-0.016588,0.069907,0.068455,0.001452
PD.TO,2022-10-27,2,streak_2,-0.015719,0.00375,-0.019469,0.122631,-0.000145,0.122777,0.17528,0.055203,0.120077,0.216516,0.068455,0.148061
WCP.TO,2022-10-27,2,streak_2,-0.008083,0.00375,-0.011833,-0.001155,-0.000145,-0.001009,0.013857,0.055203,-0.041346,0.04388,0.068455,-0.024575
YRI.TO,2022-10-27,4,streak_4,-0.028347,0.00375,-0.032097,-0.111811,-0.000145,-0.111666,0.125984,0.055203,0.070781,0.316982,0.068455,0.248527
IMO.TO,2022-10-28,2,streak_2,0.09132,0.006154,0.085165,0.152469,-0.005731,0.158199,0.134882,0.053312,0.08157,0.074217,0.069677,0.00454
CJT.TO,2022-10-31,2,streak_2,0.021453,-0.002316,0.023769,-0.020975,-0.001099,-0.019876,0.019459,0.038483,-0.019023,-0.050642,0.063853,-0.114495
CPX.TO,2022-10-31,3,streak_3,-0.001031,-0.002316,0.001285,-0.063177,-0.001099,-0.062078,-0.003868,0.038483,-0.04235,-0.002579,0.063853,-0.066432
MRE.TO,2022-11-01,3,streak_3,0.015738,0.004715,0.011023,0.227603,0.006167,0.221436,0.363196,0.043823,0.319374,0.455206,0.058993,0.396213
TRI.TO,2022-11-01,3,streak_3,-0.031677,0.004715,-0.036392,-0.018587,0.006167,-0.024754,0.068562,0.043823,0.024739,0.092934,0.058993,0.033941
TIH.TO,2022-11-01,4,streak_4,0.007315,0.004715,0.002599,-0.006112,0.006167,-0.012279,-0.027555,0.043823,-0.071378,0.016333,0.058993,-0.04266
BLCO.TO,2022-11-02,2,streak_2,-0.055102,-0.012332,-0.04277,-0.029082,0.007306,-0.036388,0.038265,0.047936,-0.009671,0.171939,0.064028,0.107911
SES.TO,2022-11-02,3,streak_3,0.037152,-0.012332,0.049484,0.035604,0.007306,0.028297,0.027864,0.047936,-0.020072,0.128483,0.064028,0.064455
ATH.TO,2022-11-02,2,streak_2,-0.024735,-0.012332,-0.012403,0.010601,0.007306,0.003294,-0.021201,0.047936,-0.069137,0.035336,0.064028,-0.028692
SLF.TO,2022-11-02,6,streak_5plus,-0.0096,-0.012332,0.002732,0.041,0.007306,0.033694,0.1186,0.047936,0.070664,0.1734,0.064028,0.109372
GOOS.TO,2022-11-02,2,streak_2,-0.090828,-0.012332,-0.078495,-0.000447,0.007306,-0.007754,0.127517,0.047936,0.079581,0.439821,0.064028,0.375793
WCN.TO,2022-11-02,2,streak_2,-0.002408,-0.012332,0.009924,0.048624,0.007306,0.041318,0.089622,0.047936,0.041686,-0.00906,0.064028,-0.073088
TOY.TO,2022-11-02,10,streak_5plus,-0.026205,-0.012332,-0.013873,-0.202719,0.007306,-0.210026,-0.182942,0.047936,-0.230878,-0.166131,0.064028,-0.230159
PSI.TO,2022-11-02,10,streak_5plus,0.00834,-0.012332,0.020672,0.065201,0.007306,0.057895,0.087945,0.047936,0.040009,0.078089,0.064028,0.014061
GFL.TO,2022-11-02,2,streak_2,-0.012792,-0.012332,-0.00046,-0.041713,0.007306,-0.049019,0.080089,0.047936,0.032153,0.137375,0.064028,0.073347
SU.TO,2022-11-02,3,streak_3,-0.02256,-0.012332,-0.010228,0.012586,0.007306,0.00528,-0.073379,0.047936,-0.121315,-0.020898,0.064028,-0.084926
TOU.TO,2022-11-02,2,streak_2,0.01342,-0.012332,0.025752,0.049258,0.007306,0.041952,0.085254,0.047936,0.037318,-0.150616,0.064028,-0.214644
LSPD.TO,2022-11-03,2,streak_2,-0.186028,-0.001857,-0.18417,-0.222177,0.003491,-0.225668,-0.058489,0.064766,-0.123255,0.01056,0.076469,-0.065909
BTE.TO,2022-11-03,2,streak_2,0.041135,-0.001857,0.042992,-0.059574,0.003491,-0.063066,-0.097872,0.064766,-0.162639,-0.194326,0.076469,-0.270796
POU.TO,2022-11-03,2,streak_2,0.035246,-0.001857,0.037103,-0.04387,0.003491,-0.047361,-0.030371,0.064766,-0.095138,-0.018748,0.076469,-0.095217
FFH.TO,2022-11-03,8,streak_5plus,-0.011925,-0.001857,-0.010067,0.060685,0.003491,0.057194,0.157023,0.064766,0.092256,0.296963,0.076469,0.220493
TSU.TO,2022-11-03,3,streak_3,0.038284,-0.001857,0.040141,0.123844,0.003491,0.120353,0.125385,0.064766,0.060619,0.109969,0.076469,0.0335
NVEI.TO,2022-11-03,9,streak_5plus,0.044526,-0.001857,0.046383,-0.075432,0.003491,-0.078923,0.068622,0.064766,0.003856,0.238083,0.076469,0.161613
CNQ.TO,2022-11-03,9,streak_5plus,0.004224,-0.001857,0.006081,-0.029006,0.003491,-0.032497,-0.021402,0.064766,-0.086169,-0.030414,0.076469,-0.106883
ABX.TO,2022-11-03,10,streak_5plus,-0.082635,-0.001857,-0.080778,0.058626,0.003491,0.055135,0.182021,0.064766,0.117255,0.362367,0.076469,0.285898
QSR.TO,2022-11-03,7,streak_5plus,0.015926,-0.001857,0.017783,0.026373,0.003491,0.022882,0.116703,0.064766,0.051936,0.117467,0.076469,0.040998
ARX.TO,2022-11-03,2,streak_2,0.021591,-0.001857,0.023448,-0.067614,0.003491,-0.071105,0.01875,0.064766,-0.046016,-0.217045,0.076469,-0.293515
GIL.TO,2022-11-03,9,streak_5plus,-0.027164,-0.001857,-0.025307,-0.097204,0.003491,-0.100695,-0.010919,0.064766,-0.075685,0.051132,0.076469,-0.025338
TIXT.TO,2022-11-04,7,streak_5plus,-0.072117,0.010841,-0.082958,-0.175629,0.038937,-0.214567,-0.112838,0.064679,-0.177517,-0.000622,0.077916,-0.078538
UNS.TO,2022-11-04,11,streak_5plus,0.007455,0.010841,-0.003387,0.107561,0.038937,0.068624,0.213525,0.064679,0.148846,0.055378,0.077916,-0.022538
T.TO,2022-11-04,2,streak_2,0.023799,0.010841,0.012958,0.032021,0.038937,-0.006917,0.020338,0.064679,-0.044341,0.037213,0.077916,-0.040703
BU.TO,2022-11-06,3,streak_3,0.025,0.004941,0.020059,0.125,0.034021,0.090979,-0.025,0.040746,-0.065746,0.0625,0.067276,-0.004776
SSL.TO,2022-11-07,2,streak_2,0.001515,0.004941,-0.003426,0.027273,0.034021,-0.006748,0.048485,0.040746,0.007739,0.083333,0.067276,0.016058
CHE-UN.TO,2022-11-07,3,streak_3,0.003273,0.004941,-0.001668,0.157119,0.034021,0.123099,0.261866,0.040746,0.22112,0.355155,0.067276,0.28788
WJX.TO,2022-11-07,3,streak_3,0.023125,0.004941,0.018184,0.061875,0.034021,0.027854,0.0625,0.040746,0.021754,0.236875,0.067276,0.169599
ALC.TO,2022-11-07,5,streak_5plus,-0.025038,0.004941,-0.029979,0.005311,0.034021,-0.02871,-0.004552,0.040746,-0.045298,0.06525,0.067276,-0.002025
FTT.TO,2022-11-07,6,streak_5plus,0.034957,0.004941,0.030016,0.124954,0.034021,0.090933,0.142432,0.040746,0.101686,0.28412,0.067276,0.216845
CVO.TO,2022-11-07,4,streak_4,-0.012987,0.004941,-0.017928,0.142857,0.034021,0.108836,0.282004,0.040746,0.241258,0.690167,0.067276,0.622891
AFN.TO,2022-11-08,2,streak_2,0.042795,0.005853,0.036942,0.14032,0.019232,0.121089,0.159534,0.022731,0.136803,0.498399,0.055408,0.442991
EFN.TO,2022-11-08,4,streak_4,-0.021326,0.005853,-0.027179,-0.022478,0.019232,-0.04171,0.013833,0.022731,-0.008898,0.029395,0.055408,-0.026013
AND.TO,2022-11-08,2,streak_2,-0.004484,0.005853,-0.010337,-0.054787,0.019232,-0.074018,-0.044063,0.022731,-0.066794,-0.089296,0.055408,-0.144704
PET.TO,2022-11-08,6,streak_5plus,0.038804,0.005853,0.032951,0.011498,0.019232,-0.007734,0.088531,0.022731,0.0658,0.104053,0.055408,0.048645
ADEN.TO,2022-11-08,16,streak_5plus,0.027835,0.005853,0.021982,0.031928,0.019232,0.012696,0.027425,0.022731,0.004694,0.327057,0.055408,0.271649
BDT.TO,2022-11-08,2,streak_2,0.014625,0.005853,0.008772,0.137112,0.019232,0.11788,0.180987,0.022731,0.158256,0.482633,0.055408,0.427225
FRU.TO,2022-11-08,3,streak_3,-0.000724,0.005853,-0.006577,-0.02462,0.019232,-0.043852,-0.103548,0.022731,-0.126279,-0.101376,0.055408,-0.156784
TCN.TO,2022-11-08,5,streak_5plus,0.004677,0.005853,-0.001176,0.090739,0.019232,0.071507,0.006548,0.022731,-0.016183,0.05145,0.055408,-0.003958
EIF.TO,2022-11-09,10,streak_5plus,-0.000255,-0.016073,0.015818,0.045199,0.017014,0.028185,0.057712,0.015915,0.041797,0.195097,0.054155,0.140942
GIB-A.TO,2022-11-09,11,streak_5plus,0.004456,-0.016073,0.020529,0.037501,0.017014,0.020487,0.077509,0.015915,0.061593,0.133203,0.054155,0.079049
LNF.TO,2022-11-09,2,streak_2,0.023183,-0.016073,0.039256,-0.08396,0.017014,-0.100974,-0.071429,0.015915,-0.087344,0.064536,0.054155,0.010382
RUS.TO,2022-11-09,10,streak_5plus,-0.017189,-0.016073,-0.001116,-0.044309,0.017014,-0.061323,-0.050802,0.015915,-0.066717,0.090145,0.054155,0.03599
LNR.TO,2022-11-09,3,streak_3,-0.017757,-0.016073,-0.001684,0.102736,0.017014,0.085722,0.105635,0.015915,0.08972,0.282479,0.054155,0.228324
IAG.TO,2022-11-09,2,streak_2,-0.072553,-0.016073,-0.05648,-0.028403,0.017014,-0.045417,0.013834,0.015915,-0.002082,0.090361,0.054155,0.036206
TXG.TO,2022-11-09,14,streak_5plus,-0.015504,-0.016073,0.000569,0.085271,0.017014,0.068257,0.341085,0.015915,0.32517,0.714147,0.054155,0.659993
PIPE.TO,2022-11-09,2,streak_2,-0.204598,-0.016073,-0.188525,-0.197701,0.017014,-0.214715,-0.314943,0.015915,-0.330858,-0.314943,0.054155,-0.369097
TRP.TO,2022-11-09,3,streak_3,0.024886,-0.016073,0.040959,0.056341,0.017014,0.039327,-0.035238,0.015915,-0.051153,-0.055146,0.054155,-0.109301
NPI.TO,2022-11-09,4,streak_4,-0.00937,-0.016073,0.006703,-0.062372,0.017014,-0.079386,-0.052416,0.015915,-0.068331,-0.14612,0.054155,-0.200275
KEY.TO,2022-11-09,3,streak_3,-0.044373,-0.016073,-0.0283,-0.000403,0.017014,-0.017417,0.071803,0.015915,0.055888,0.035095,0.054155,-0.01906
NVA.TO,2022-11-09,4,streak_4,-0.076545,-0.016073,-0.060472,-0.021067,0.017014,-0.038081,-0.126404,0.015915,-0.14232,-0.216292,0.054155,-0.270447
CGX.TO,2022-11-10,2,streak_2,0.049536,0.0334,0.016136,0.024768,0.031725,-0.006957,0.00516,0.032304,-0.027144,-0.080495,0.069023,-0.149518
DCBO.TO,2022-11-10,2,streak_2,0.192857,0.0334,0.159457,0.304658,0.031725,0.272933,0.349068,0.032304,0.316764,0.634161,0.069023,0.565139
DFY.TO,2022-11-10,4,streak_4,-0.037614,0.0334,-0.071014,-0.039495,0.031725,-0.07122,0.005373,0.032304,-0.026931,-0.067168,0.069023,-0.136191
SFTC.TO,2022-11-10,2,streak_2,0.04497,0.0334,0.01157,-0.061738,0.031725,-0.093463,-0.109756,0.032304,-0.14206,0.060213,0.069023,-0.008809
CAS.TO,2022-11-10,2,streak_2,-0.022636,0.0334,-0.056036,-0.037284,0.031725,-0.069009,-0.047936,0.032304,-0.08024,0.073236,0.069023,0.004213
MOGO.TO,2022-11-10,2,streak_2,0.011765,0.0334,-0.021635,0.035294,0.031725,0.003569,-0.070588,0.032304,-0.102892,0.352941,0.069023,0.283918
SFC.TO,2022-11-10,5,streak_5plus,-0.016129,0.0334,-0.049529,0.002016,0.031725,-0.029709,-0.024194,0.032304,-0.056498,-0.147177,0.069023,-0.2162
GSY.TO,2022-11-10,2,streak_2,0.08703,0.0334,0.05363,0.004398,0.031725,-0.027327,-0.027232,0.032304,-0.059536,0.101628,0.069023,0.032605
SAP.TO,2022-11-10,3,streak_3,0.022163,0.0334,-0.011237,0.051935,0.031725,0.02021,0.05392,0.032304,0.021616,0.099901,0.069023,0.030878
KEC.TO,2022-11-10,2,streak_2,-0.046667,0.0334,-0.080067,-0.109697,0.031725,-0.141422,-0.181818,0.032304,-0.214122,-0.152121,0.069023,-0.221144
H.TO,2022-11-11,3,streak_3,-0.011439,0.006058,-0.017497,0.016841,-0.005293,0.022134,0.08516,-0.002166,0.087327,0.025103,0.030385,-0.005281
MDA.TO,2022-11-11,2,streak_2,0.04414,0.006058,0.038082,0.00761,-0.005293,0.012903,-0.086758,-0.002166,-0.084592,0.013699,0.030385,-0.016686
SIL.TO,2022-11-14,2,streak_2,0.014756,-0.009432,0.024188,-0.044268,-0.006494,-0.037774,0.011351,-0.004565,0.015915,-0.194098,0.024891,-0.218989
SEA.TO,2022-11-14,2,streak_2,0.005435,-0.009432,0.014867,-0.025362,-0.006494,-0.018869,-0.027778,-0.004565,-0.023213,-0.038043,0.024891,-0.062935
MCLD.V,2022-11-15,3,streak_3,-0.065041,0.003664,-0.068705,-0.04878,0.002776,-0.051556,0.113821,0.005105,0.108716,-0.02439,0.039173,-0.063563
STLC.TO,2022-11-15,8,streak_5plus,-0.00123,0.003664,-0.004895,0.126115,0.002776,0.123339,0.206398,0.005105,0.201293,0.388188,0.039173,0.349015
SLHG.V,2022-11-16,2,streak_2,-0.044776,-0.001841,-0.042936,-0.029851,0.011263,-0.041114,-0.432836,-0.005156,-0.427679,-0.559701,0.035509,-0.595211
L.TO,2022-11-16,11,streak_5plus,0.023568,-0.001841,0.025408,0.071922,0.011263,0.060659,0.155221,-0.005156,0.160378,0.098334,0.035509,0.062825
RVG.V,2022-11-22,2,streak_2,0.032787,0.012159,0.020627,-0.04918,0.012184,-0.061364,0.016393,-0.033548,0.049942,0.098361,0.013791,0.08457
IFX.V,2022-11-24,2,streak_2,-0.033333,0.003047,-0.03638,-0.053333,0.008431,-0.061764,-0.06,-0.045981,-0.014019,0.026667,-0.00464,0.031307
SGI.V,2022-11-25,2,streak_2,0.088889,0.001951,0.086937,0.044444,0.008917,0.035528,0.022222,-0.041162,0.063384,0.355556,-0.00614,0.361695
KUT.V,2022-11-29,3,streak_3,0.024691,0.002814,0.021877,-0.032099,0.001078,-0.033177,-0.08642,-0.046309,-0.04011,-0.054321,3.4e-05,-0.054355
DOO.TO,2022-11-30,25,streak_5plus,0.036566,0.008675,0.027891,0.074298,-0.014164,0.088461,0.066137,-0.039034,0.10517,0.21611,-0.000868,0.216978
TD.TO,2022-12-01,10,streak_5plus,0.025902,0.00353,0.022372,-0.002835,-0.023473,0.020638,-0.020747,-0.052235,0.031488,-0.001031,-0.005676,0.004645
ET.TO,2022-12-06,5,streak_5plus,0.027885,-0.012454,0.040339,0.005769,-0.010997,0.016766,0.014423,-0.036335,0.050758,-0.054808,0.00164,-0.056448
DTOL.TO,2022-12-07,3,streak_3,-0.015126,-0.00085,-0.014276,0.109244,0.001666,0.107578,0.067227,-0.008789,0.076016,0.415126,0.017824,0.397302
MDI.TO,2022-12-08,6,streak_5plus,0.035181,-0.0002,0.035382,0.135394,-0.00408,0.139475,0.234542,-0.005813,0.240354,0.085288,0.005683,0.079605
TCL-A.TO,2022-12-13,3,streak_3,0.03166,0.00019,0.03147,-0.059459,-0.040905,-0.018555,-0.041699,0.009566,-0.051264,-0.230888,-0.016259,-0.214629
MEQ.TO,2022-12-13,7,streak_5plus,-0.035744,0.00019,-0.035934,-0.029567,-0.040905,0.011338,0.003377,0.009566,-0.006189,0.060945,-0.016259,0.077204
BB.TO,2022-12-20,2,streak_2,0.003565,0.005526,-0.001961,None,None,None,-0.01426,0.059404,-0.073664,-0.074866,0.02365,-0.098516
QIPT.V,2022-12-21,2,streak_2,0.053068,0.013684,0.039384,0.069652,-0.001181,0.070833,0.330017,0.061962,0.268054,0.47927,0.011701,0.46757
BBD-B.TO,2022-12-31,3,streak_3,0.010905,0.003037,0.007867,0.069638,0.024358,0.04528,0.229577,0.071316,0.158261,0.411517,0.036883,0.374634
AEP.V,2022-12-31,2,streak_2,-0.013333,0.003037,-0.016371,-0.013333,0.024358,-0.037691,0.24,0.071316,0.168684,0.266667,0.036883,0.229783
ATZ.TO,2023-01-11,16,streak_5plus,0.019303,0.006342,0.012961,-0.076418,0.028072,-0.10449,-0.120796,0.039228,-0.160024,-0.156617,0.026283,-0.1829
CCA.TO,2023-01-12,2,streak_2,0.001303,0.009293,-0.00799,-0.158847,0.017533,-0.17638,-0.140168,0.028599,-0.168767,-0.176658,0.021433,-0.198091
CGO.TO,2023-01-12,2,streak_2,0.020792,0.009293,0.011499,-0.13981,0.017533,-0.157343,-0.09016,0.028599,-0.118759,-0.100556,0.021433,-0.121989
RCH.TO,2023-01-19,3,streak_3,0.007363,-0.001708,0.009071,0.006514,0.010964,-0.00445,0.114415,0.011298,0.103118,0.078448,0.014949,0.063499
MRU.TO,2023-01-24,2,streak_2,0.016106,-9.7e-05,0.016203,-0.030658,-0.002884,-0.027774,-0.043091,-0.021243,-0.021849,0.037723,0.002186,0.035537
CNR.TO,2023-01-24,3,streak_3,0.003596,-9.7e-05,0.003693,-0.048809,-0.002884,-0.045925,-0.055295,-0.021243,-0.034052,0.022863,0.002186,0.020677
CLS.TO,2023-01-25,14,streak_5plus,-0.00283,-0.001454,-0.001375,0.00283,0.006679,-0.003849,0.00283,-0.021397,0.024227,-0.123939,-0.009196,-0.114743
HITI.V,2023-01-30,2,streak_2,0.031532,-0.006874,0.038406,-0.040541,0.002115,-0.042655,-0.157658,-0.023815,-0.133843,-0.189189,-0.003765,-0.185424
CP.TO,2023-01-31,3,streak_3,0.014093,0.009493,0.0046,0.012713,0.002761,0.009952,0.010841,-0.015181,0.026021,0.039026,0.00209,0.036936
IMO.TO,2023-01-31,3,streak_3,0.029416,0.009493,0.019924,-0.049793,0.002761,-0.052554,-0.025433,-0.015181,-0.010252,-0.03294,0.00209,-0.03503
GIB-A.TO,2023-02-01,12,streak_5plus,0.040906,-0.000784,0.04169,0.076258,-0.002041,0.078299,0.081195,-0.020714,0.10191,0.220224,-0.017324,0.237548
MX.TO,2023-02-02,2,streak_2,-0.036249,-0.000516,-0.035734,0.082326,-0.00345,0.085777,0.134364,-0.008168,0.142533,-0.089576,-0.019103,-0.070474
FTT.TO,2023-02-06,7,streak_5plus,-0.004344,-0.006234,0.00189,-0.004923,-0.007043,0.00212,-0.055314,-0.023258,-0.032056,-0.072401,-0.01042,-0.061981
CGX.TO,2023-02-07,3,streak_3,0.010181,0.004659,0.005522,-0.024887,0.003553,-0.02844,-0.075792,-0.01369,-0.062102,-0.011312,-0.002118,-0.009194
SLF.TO,2023-02-08,7,streak_5plus,0.003561,-0.002195,0.005757,0.014245,-0.000975,0.015219,-0.015771,-0.030799,0.015028,-0.019332,-0.006721,-0.01261
CNC.V,2023-02-08,2,streak_2,0.05,-0.002195,0.052195,-0.11,-0.000975,-0.109025,-0.185,-0.030799,-0.154201,-0.195,-0.006721,-0.188279
IGM.TO,2023-02-09,2,streak_2,-0.002238,-0.003951,0.001713,0.016783,0.001978,0.014805,0.006713,-0.043744,0.050457,-0.054266,-0.008714,-0.045552
CCO.TO,2023-02-09,2,streak_2,0.045703,-0.003951,0.049654,0.079365,0.001978,0.077387,-0.041325,-0.043744,0.002419,0.041598,-0.008714,0.050312
TIXT.TO,2023-02-09,8,streak_5plus,-0.030805,-0.003951,-0.026854,-0.023518,0.001978,-0.025496,-0.046704,-0.043744,-0.00296,-0.223253,-0.008714,-0.214539
RSI.TO,2023-02-09,2,streak_2,0.008299,-0.003951,0.01225,0.053942,0.001978,0.051964,0.053942,-0.043744,0.097686,0.09751,-0.008714,0.106224
RUS.TO,2023-02-09,11,streak_5plus,0.005285,-0.003951,0.009236,0.14024,0.001978,0.138262,0.11346,-0.043744,0.157204,0.109232,-0.008714,0.117946
ARX.TO,2023-02-09,3,streak_3,-0.008517,-0.003951,-0.004566,0.020582,0.001978,0.018604,0.010646,-0.043744,0.05439,0.119943,-0.008714,0.128657
SAP.TO,2023-02-09,4,streak_4,-0.016541,-0.003951,-0.012591,0.012331,0.001978,0.010353,-0.036992,-0.043744,0.006751,-0.005714,-0.008714,0.003
TRI.TO,2023-02-09,4,streak_4,-0.018462,-0.003951,-0.014511,0.063526,0.001978,0.061548,0.054857,-0.043744,0.098601,0.069084,-0.008714,0.077798
DFY.TO,2023-02-09,5,streak_5plus,-0.027938,-0.003951,-0.023987,0.012673,0.001978,0.010695,-0.037154,-0.043744,0.006589,0.008929,-0.008714,0.017643
FTS.TO,2023-02-10,2,streak_2,0.032983,0.000694,0.032289,0.035504,0.000418,0.035087,0.031092,-0.048981,0.080073,0.152311,-0.008749,0.161059
MEQ.TO,2023-02-14,8,streak_5plus,-0.001116,0.000126,-0.001242,-0.049334,-0.021717,-0.027616,-0.095109,-0.063925,-0.031183,-0.009141,-0.007835,-0.001306
H.TO,2023-02-14,4,streak_4,0.0018,0.000126,0.001675,-0.006001,-0.021717,0.015717,0.033603,-0.063925,0.097529,0.092109,-0.007835,0.099944
IAG.TO,2023-02-14,3,streak_3,0.004335,0.000126,0.004209,0.058847,-0.021717,0.080564,-0.003809,-0.063925,0.060116,0.046762,-0.007835,0.054597
TRP.TO,2023-02-14,4,streak_4,0.013995,0.000126,0.013869,-0.020144,-0.021717,0.001573,-0.075276,-0.063925,-0.01135,0.022265,-0.007835,0.0301
CAE.TO,2023-02-14,2,streak_2,0.051341,0.000126,0.051216,0.013249,-0.021717,0.034967,-0.052998,-0.063925,0.010928,-0.026499,-0.007835,-0.018664
SU.TO,2023-02-14,4,streak_4,0.014702,0.000126,0.014577,-0.005881,-0.021717,0.015837,-0.109042,-0.063925,-0.045116,-0.133546,-0.007835,-0.125711
TIH.TO,2023-02-14,5,streak_5plus,-0.009159,0.000126,-0.009285,0.024585,-0.021717,0.046303,-0.013112,-0.063925,0.050813,-0.01639,-0.007835,-0.008555
WCN.TO,2023-02-15,3,streak_3,0.009612,0.000753,0.008859,0.02622,-0.024703,0.050923,0.041235,-0.056306,0.097541,0.070584,-0.022347,0.092931
GSY.TO,2023-02-15,3,streak_3,0.017228,0.000753,0.016475,-0.030856,-0.024703,-0.006153,-0.127368,-0.056306,-0.071062,-0.128739,-0.022347,-0.106392
ABX.TO,2023-02-15,11,streak_5plus,-0.032907,0.000753,-0.03366,-0.076782,-0.024703,-0.052079,0.009598,-0.056306,0.065904,0.070841,-0.022347,0.093188
FIH-U.TO,2023-02-16,2,streak_2,-0.001512,-0.005502,0.00399,-0.031746,-0.025685,-0.006061,-0.083144,-0.064318,-0.018826,-0.006047,-0.020463,0.014416
EQB.TO,2023-02-16,2,streak_2,-0.007393,-0.005502,-0.001892,-0.013371,-0.025685,0.012314,-0.183734,-0.064318,-0.119416,-0.025956,-0.020463,-0.005493
FFH.TO,2023-02-16,9,streak_5plus,-0.002383,-0.005502,0.003119,0.056874,-0.025685,0.082559,0.01044,-0.064318,0.074759,0.10779,-0.020463,0.128253
UNS.TO,2023-02-17,12,streak_5plus,0.030527,-0.004426,0.034953,-0.00837,-0.018791,0.01042,0.143525,-0.052751,0.196276,0.151403,-0.01501,0.166413
RBA.TO,2023-02-21,2,streak_2,-0.014225,-0.0128,-0.001424,-0.019637,-0.012433,-0.007204,-0.117069,-0.041935,-0.075135,-0.085222,-0.007999,-0.077223
GEI.TO,2023-02-21,2,streak_2,-0.034625,-0.0128,-0.021825,0.002584,-0.012433,0.015017,-0.064599,-0.041935,-0.022665,-0.066667,-0.007999,-0.058668
OGC.TO,2023-02-21,3,streak_3,0.0,-0.0128,0.0128,0.03963,-0.012433,0.052063,0.141347,-0.041935,0.183282,0.103038,-0.007999,0.111037
TXG.TO,2023-02-22,15,streak_5plus,-0.019112,-0.002927,-0.016186,0.033292,-0.001551,0.034843,0.297781,-0.035541,0.333322,0.271887,-0.005263,0.27715
WCP.TO,2023-02-22,3,streak_3,-0.012019,-0.002927,-0.009093,0.034856,-0.001551,0.036407,0.008413,-0.035541,0.043955,0.026442,-0.005263,0.031706
NPI.TO,2023-02-23,5,streak_5plus,-0.002107,-0.000255,-0.001852,-0.01264,0.003292,-0.015932,-0.002458,-0.03632,0.033863,-0.097963,-0.013154,-0.084809
EMA.TO,2023-02-23,2,streak_2,0.016801,-0.000255,0.017056,-0.012769,0.003292,-0.016061,-0.015905,-0.03632,0.020415,0.064964,-0.013154,0.078119
CAS.TO,2023-02-23,3,streak_3,0.086085,-0.000255,0.086339,0.09316,0.003292,0.089869,0.148585,-0.03632,0.184905,0.251179,-0.013154,0.264334
BTE.TO,2023-02-23,3,streak_3,0.036609,-0.000255,0.036863,-0.013487,0.003292,-0.016779,-0.16185,-0.03632,-0.125529,-0.144509,-0.013154,-0.131354
L.TO,2023-02-23,12,streak_5plus,0.017537,-0.000255,0.017792,0.007463,0.003292,0.004171,-0.006716,-0.03632,0.029604,0.040299,-0.013154,0.053453
OR.TO,2023-02-23,2,streak_2,-0.004235,-0.000255,-0.00398,0.081065,0.003292,0.077773,0.208711,-0.03632,0.245032,0.250454,-0.013154,0.263608
ALC.TO,2023-02-27,6,streak_5plus,0.012959,0.002025,0.010934,0.010079,0.017924,-0.007845,-0.025198,-0.029402,0.004204,-0.048956,-0.014782,-0.034174
LB.TO,2023-02-28,2,streak_2,-0.017329,-0.001922,-0.015407,-0.024465,0.01257,-0.037035,-0.087326,-0.029745,-0.057581,-0.113829,-0.014419,-0.09941
ARE.TO,2023-02-28,2,streak_2,-0.026201,-0.001922,-0.024279,0.208515,0.01257,0.195945,0.29476,-0.029745,0.324504,0.291485,-0.014419,0.305904
TSU.TO,2023-02-28,4,streak_4,-0.000865,-0.001922,0.001057,0.025648,0.01257,0.013078,-0.095101,-0.029745,-0.065356,-0.004323,-0.014419,0.010096
WN.TO,2023-03-01,2,streak_2,0.008388,0.001909,0.006478,-0.013234,0.002686,-0.01592,0.019944,-0.018965,0.038909,-0.051258,-0.023811,-0.027447
DSG.TO,2023-03-01,2,streak_2,-0.007055,0.001909,-0.008964,0.033386,0.002686,0.030701,0.055147,-0.018965,0.074112,0.050775,-0.023811,0.074586
RY.TO,2023-03-01,2,streak_2,-0.03548,0.001909,-0.037389,-0.014416,0.002686,-0.017102,-0.075204,-0.018965,-0.056239,-0.102675,-0.023811,-0.078864
MRE.TO,2023-03-02,4,streak_4,0.002972,0.00382,-0.000849,0.066865,0.004279,0.062585,0.007429,-0.015736,0.023165,-0.195394,-0.033939,-0.161455
TD.TO,2023-03-02,11,streak_5plus,-0.024169,0.00382,-0.027989,-0.038268,0.004279,-0.042547,-0.113419,-0.015736,-0.097683,-0.142246,-0.033939,-0.108307
PSI.TO,2023-03-02,11,streak_5plus,-0.003759,0.00382,-0.00758,-0.097744,0.004279,-0.102024,-0.17594,-0.015736,-0.160204,-0.222556,-0.033939,-0.188617
AND.TO,2023-03-02,3,streak_3,-0.004438,0.00382,-0.008258,-0.02705,0.004279,-0.031329,0.022612,-0.015736,0.038348,-0.046492,-0.033939,-0.012553
CWB.TO,2023-03-02,2,streak_2,-0.054837,0.00382,-0.058658,-0.050137,0.004279,-0.054416,-0.107716,-0.015736,-0.091981,-0.099882,-0.033939,-0.065943
LNF.TO,2023-03-03,3,streak_3,0.006176,0.012017,-0.005841,-0.016283,-0.012317,-0.003966,-0.103874,-0.011668,-0.092206,0.089276,-0.032694,0.121969
EFN.TO,2023-03-06,5,streak_5plus,-0.003786,-0.003246,-0.00054,-0.051379,-0.039195,-0.012184,-0.077339,-0.014736,-0.062603,0.060573,-0.027063,0.087636
PNE.TO,2023-03-06,5,streak_5plus,-0.018018,-0.003246,-0.014772,0.0,-0.039195,0.039195,0.018018,-0.014736,0.032754,0.072072,-0.027063,0.099135
AFN.TO,2023-03-07,3,streak_3,-0.023438,-0.011665,-0.011773,0.061592,-0.045133,0.106725,0.032703,-0.01165,0.044354,-0.082485,-0.028428,-0.054057
POU.TO,2023-03-07,3,streak_3,-0.047359,-0.011665,-0.035694,-0.076503,-0.045133,-0.031369,0.000364,-0.01165,0.012014,-0.048816,-0.028428,-0.020388
PET.TO,2023-03-07,7,streak_5plus,-0.036192,-0.011665,-0.024527,-0.04878,-0.045133,-0.003647,-0.09284,-0.01165,-0.08119,-0.217414,-0.028428,-0.188986
NVEI.TO,2023-03-08,10,streak_5plus,0.117647,0.003502,0.114145,0.243016,-0.02867,0.271686,0.226891,-0.005716,0.232607,-0.07722,-0.010846,-0.066374
NVA.TO,2023-03-08,5,streak_5plus,-0.026187,0.003502,-0.029688,-0.03437,-0.02867,-0.0057,-0.063011,-0.005716,-0.057295,-0.094926,-0.010846,-0.084081
WSP.TO,2023-03-08,2,streak_2,-0.009205,0.003502,-0.012707,-0.005905,-0.02867,0.022765,-0.049383,-0.005716,-0.043667,0.00521,-0.010846,0.016056
CR.TO,2023-03-08,3,streak_3,0.010331,0.003502,0.006829,0.030992,-0.02867,0.059662,-0.016529,-0.005716,-0.010813,0.020661,-0.010846,0.031507
KEC.TO,2023-03-08,3,streak_3,0.0,0.003502,-0.003502,-0.049536,-0.02867,-0.020865,-0.071981,-0.005716,-0.066265,-0.026316,-0.010846,-0.01547
MAGT.TO,2023-03-09,2,streak_2,0.003608,-0.012769,0.016377,-0.004962,-0.047561,0.042599,-0.00203,-0.007362,0.005333,None,None,None
AD-UN.TO,2023-03-09,2,streak_2,0.006901,-0.012769,0.01967,-0.066943,-0.047561,-0.019382,-0.075914,-0.007362,-0.068552,-0.135266,-0.017831,-0.117435
SFTC.TO,2023-03-09,3,streak_3,0.002451,-0.012769,0.01522,-0.02451,-0.047561,0.023051,0.160131,-0.007362,0.167493,0.120098,-0.017831,0.137929
HITI.V,2023-03-17,3,streak_3,0.065359,-0.007744,0.073103,-0.006536,-0.004048,-0.002488,0.189542,0.056451,0.133091,0.117647,0.024996,0.092651
DOO.TO,2023-03-23,26,streak_5plus,-0.046027,-0.003732,-0.042295,-0.062459,0.01561,-0.078069,-0.042946,0.059408,-0.102354,-0.050415,0.008867,-0.059283
MDA.TO,2023-03-23,3,streak_3,0.02149,-0.003732,0.025222,0.002865,0.01561,-0.012744,-0.031519,0.059408,-0.090926,0.179083,0.008867,0.170216
NGEN.V,2023-03-27,2,streak_2,-0.065868,0.006317,-0.072186,-0.017964,0.030685,-0.048649,-0.035928,0.048119,-0.084048,-0.02994,-0.004272,-0.025669
CSU.TO,2023-03-29,2,streak_2,0.003097,0.009167,-0.00607,0.063272,0.031454,0.031819,0.095265,0.044009,0.051256,0.109141,0.003846,0.105295
PVT.V,2023-03-29,2,streak_2,0.038012,0.009167,0.028845,0.026316,0.031454,-0.005138,-0.108187,0.044009,-0.152196,-0.260234,0.003846,-0.26408
YRI.TO,2023-03-29,5,streak_5plus,-0.0125,0.009167,-0.021667,None,None,None,None,None,None,None,None,None
BBD-B.TO,2023-03-30,4,streak_4,0.022238,0.005207,0.017031,-0.034577,0.016227,-0.050803,-0.160402,0.040267,-0.200668,-0.066141,-0.000948,-0.065193
RCI-A.TO,2023-03-30,2,streak_2,0.005695,0.005207,0.000487,0.021053,0.016227,0.004826,0.064366,0.040267,0.024099,-0.03365,-0.000948,-0.032702
BBU-UN.TO,2023-03-30,2,streak_2,0.033981,0.005207,0.028773,-0.017652,0.016227,-0.033879,-0.030891,0.040267,-0.071158,-0.023389,-0.000948,-0.022442
BBD-A.TO,2023-03-30,2,streak_2,0.019016,0.005207,0.013809,-0.033886,0.016227,-0.050113,-0.153989,0.040267,-0.194256,-0.068487,-0.000948,-0.06754
GMIN.TO,2023-03-30,3,streak_3,0.03,0.005207,0.024793,0.05,0.016227,0.033773,0.05,0.040267,0.009733,0.08,-0.000948,0.080948
LUN.TO,2023-03-31,2,streak_2,0.027414,0.007969,0.019445,0.038141,0.012823,0.025318,0.175209,0.033805,0.141404,0.151371,-0.001394,0.152765
BB.TO,2023-03-31,3,streak_3,0.143911,0.007969,0.135943,0.127306,0.012823,0.114483,-0.02952,0.033805,-0.063325,0.309963,-0.001394,0.311357
RCH.TO,2023-04-06,4,streak_4,0.011918,0.00184,0.010078,0.022418,0.020085,0.002333,0.155221,0.018969,0.136253,0.106981,-0.017307,0.124288
CCA.TO,2023-04-13,3,streak_3,-0.01319,0.005388,-0.018578,-0.010904,0.011073,-0.021977,-0.04854,-0.001794,-0.046746,0.064545,-0.018749,0.083294
MRU.TO,2023-04-19,3,streak_3,0.006293,-0.000189,0.006481,0.026849,-0.011835,0.038684,0.011467,-0.018772,0.030239,-0.019018,-0.014895,-0.004123
HME.V,2023-04-20,2,streak_2,0.0,-0.002423,0.002423,-0.036697,-0.015188,-0.021509,-0.084817,-0.018553,-0.066263,-0.045872,-0.009168,-0.036704
CNR.TO,2023-04-24,4,streak_4,0.010468,-0.000797,0.011266,-0.030199,-0.00274,-0.027459,-0.062429,-0.026443,-0.035985,-0.054181,-0.007041,-0.04714
ARE.TO,2023-04-25,3,streak_3,0.017974,-0.011452,0.029426,-0.081699,-0.002979,-0.07872,-0.046569,-0.036224,-0.010344,-0.089869,-0.004575,-0.085294
EQ.V,2023-04-26,2,streak_2,-0.016667,-0.003581,-0.013085,0.008333,-0.00158,0.009914,-0.05,-0.032574,-0.017426,-0.208333,0.00546,-0.213793
MX.TO,2023-04-26,3,streak_3,-0.009546,-0.003581,-0.005964,0.02793,-0.00158,0.02951,-0.053739,-0.032574,-0.021165,0.012728,0.00546,0.007268
NOA.TO,2023-04-26,2,streak_2,-0.025514,-0.003581,-0.021933,-0.00535,-0.00158,-0.00377,-0.01893,-0.032574,0.013644,-0.003292,0.00546,-0.008752
CLS.TO,2023-04-26,15,streak_5plus,0.036176,-0.003581,0.039757,-0.062016,-0.00158,-0.060435,0.025194,-0.032574,0.057767,0.406977,0.00546,0.401517
RCI-B.TO,2023-04-26,2,streak_2,0.026644,-0.003581,0.030225,0.034159,-0.00158,0.035739,-0.037916,-0.032574,-0.005343,-0.077199,0.00546,-0.082659
GIB-A.TO,2023-04-26,13,streak_5plus,0.040809,-0.003581,0.04439,0.047926,-0.00158,0.049506,0.047698,-0.032574,0.080272,0.020215,0.00546,0.014755
SGI.V,2023-04-26,3,streak_3,-0.023256,-0.003581,-0.019675,-0.069767,-0.00158,-0.068187,-0.162791,-0.032574,-0.130217,None,None,None
WCP.TO,2023-04-26,4,streak_4,-0.019231,-0.003581,-0.01565,-0.059955,-0.00158,-0.058374,-0.09276,-0.032574,-0.060187,-0.029412,0.00546,-0.034872
WCN.TO,2023-04-26,4,streak_4,-0.007197,-0.003581,-0.003616,-0.016882,-0.00158,-0.015302,-0.024873,-0.032574,0.007701,-0.01974,0.00546,-0.0252
AGI.TO,2023-04-26,2,streak_2,-0.009867,-0.003581,-0.006285,0.050493,-0.00158,0.052074,-0.038886,-0.032574,-0.006312,-0.06094,0.00546,-0.0664
FSV.TO,2023-04-26,2,streak_2,0.014628,-0.003581,0.018209,0.029464,-0.00158,0.031044,-5.2e-05,-0.032574,0.032522,0.061843,0.00546,0.056383
TIH.TO,2023-04-27,6,streak_5plus,-0.000191,0.007655,-0.007846,-0.00354,-0.000589,-0.002951,-0.015214,-0.021918,0.006704,-0.005263,0.00957,-0.014832
ELD.TO,2023-04-27,2,streak_2,0.002807,0.007655,-0.004848,0.128421,-0.000589,0.12901,-0.027368,-0.021918,-0.00545,0.004912,0.00957,-0.004657
CCO.TO,2023-04-28,3,streak_3,0.028611,0.00555,0.023061,-0.005278,-0.013858,0.00858,0.022778,-0.027024,0.049802,0.205833,-0.00668,0.212514
TRP.TO,2023-04-28,5,streak_5plus,0.021487,0.00555,0.015937,0.00316,-0.013858,0.017018,-0.016431,-0.027024,0.010592,-0.128292,-0.00668,-0.121611
NGEN.V,2023-04-28,3,streak_3,-0.048193,0.00555,-0.053743,-0.018072,-0.013858,-0.004214,0.036145,-0.027024,0.063168,-0.006024,-0.00668,0.000656
IMO.TO,2023-04-28,4,streak_4,-0.006344,0.00555,-0.011894,-0.13291,-0.013858,-0.119053,-0.081696,-0.027024,-0.054672,-0.010057,-0.00668,-0.003377
GEI.TO,2023-05-01,3,streak_3,0.001042,-0.001037,0.002079,-0.050547,-0.004579,-0.045968,-0.063575,-0.043457,-0.020118,-0.060448,-0.005674,-0.054774
X.TO,2023-05-01,2,streak_2,0.005763,-0.001037,0.0068,0.026508,-0.004579,0.031087,0.072993,-0.043457,0.11645,0.098732,-0.005674,0.104407
KEC.TO,2023-05-01,4,streak_4,0.016051,-0.001037,0.017088,-0.029695,-0.004579,-0.025116,0.027287,-0.043457,0.070744,0.116372,-0.005674,0.122047
EQB.TO,2023-05-02,3,streak_3,-0.030334,-0.010065,-0.020269,0.039246,-0.00145,0.040696,0.07335,-0.050589,0.12394,0.272322,0.000558,0.271764
OGC.TO,2023-05-02,4,streak_4,0.065315,-0.010065,0.075381,0.131757,-0.00145,0.133207,-0.027027,-0.050589,0.023562,-0.088964,0.000558,-0.089522
TRI.TO,2023-05-02,5,streak_5plus,-0.00534,-0.010065,0.004725,-0.093975,-0.00145,-0.092525,-0.032273,-0.050589,0.018316,-0.002438,0.000558,-0.002996
ABX.TO,2023-05-03,12,streak_5plus,0.009211,-0.002592,0.011803,-0.017621,0.008727,-0.026348,-0.124149,-0.036031,-0.088118,-0.155386,0.00614,-0.161526
DPM.TO,2023-05-03,2,streak_2,-0.008114,-0.002592,-0.005521,0.030426,0.008727,0.021699,-0.06998,-0.036031,-0.033949,-0.131846,0.00614,-0.137986
KXS.TO,2023-05-03,2,streak_2,-0.041532,-0.002592,-0.038939,-0.033053,0.008727,-0.04178,-0.022089,-0.036031,0.013942,-0.044016,0.00614,-0.050156
VET.TO,2023-05-03,2,streak_2,-0.015775,-0.002592,-0.013183,0.052812,0.008727,0.044085,-0.059671,-0.036031,-0.02364,0.154321,0.00614,0.148181
FTS.TO,2023-05-03,3,streak_3,0.014777,-0.002592,0.01737,0.027871,0.008727,0.019144,-0.038346,-0.036031,-0.002316,-0.059297,0.00614,-0.065437
POU.TO,2023-05-03,4,streak_4,-0.0123,-0.002592,-0.009707,0.027208,0.008727,0.018481,-0.052553,-0.036031,-0.016522,0.062989,0.00614,0.056849
TIXT.TO,2023-05-04,9,streak_5plus,-0.066094,-0.005723,-0.060371,-0.124347,0.007104,-0.131451,-0.207991,-0.016217,-0.191774,-0.553771,-0.006706,-0.547065
EDV.TO,2023-05-04,2,streak_2,0.033801,-0.005723,0.039525,0.006059,0.007104,-0.001045,0.009247,-0.016217,0.025465,-0.148597,-0.006706,-0.141891
PSI.TO,2023-05-04,12,streak_5plus,-0.003902,-0.005723,0.001821,0.039024,0.007104,0.03192,0.057561,-0.016217,0.073778,0.174634,-0.006706,0.18134
ARX.TO,2023-05-04,4,streak_4,0.0234,-0.005723,0.029123,0.086029,0.007104,0.078925,0.073641,-0.016217,0.089858,0.269787,-0.006706,0.276493
UNS.TO,2023-05-04,13,streak_5plus,-0.000215,-0.005723,0.005509,0.000215,0.007104,-0.006889,0.00602,-0.016217,0.022238,0.031176,-0.006706,0.037882
RUS.TO,2023-05-08,12,streak_5plus,0.001983,0.002103,-0.00012,0.019828,-0.005959,0.025787,0.080634,-0.023678,0.104313,0.149372,-0.014896,0.164268
CR.TO,2023-05-08,4,streak_4,-0.01087,0.002103,-0.012973,0.023913,-0.005959,0.029872,0.073913,-0.023678,0.097591,0.293478,-0.014896,0.308375
FTT.TO,2023-05-08,8,streak_5plus,-0.005932,0.002103,-0.008035,0.019357,-0.005959,0.025315,0.160162,-0.023678,0.183841,0.345926,-0.014896,0.360822
SU.TO,2023-05-08,5,streak_5plus,0.010047,0.002103,0.007944,-0.020374,-0.005959,-0.014415,0.016467,-0.023678,0.040145,0.0494,-0.014896,0.064296
CTS.TO,2023-05-09,2,streak_2,-0.008646,2.4e-05,-0.00867,-0.097983,-0.002196,-0.095787,-0.011527,-0.02922,0.017693,-0.100865,-0.018421,-0.082444
EFN.TO,2023-05-09,6,streak_5plus,0.017272,2.4e-05,0.017248,0.169744,-0.002196,0.17194,0.14592,-0.02922,0.17514,0.242406,-0.018421,0.260827
K.TO,2023-05-09,2,streak_2,0.001464,2.4e-05,0.00144,0.021962,-0.002196,0.024158,-0.111274,-0.02922,-0.082054,-0.048316,-0.018421,-0.029895
SPB.TO,2023-05-09,2,streak_2,-0.00243,2.4e-05,-0.002454,0.092345,-0.002196,0.094541,0.055893,-0.02922,0.085113,0.052248,-0.018421,0.070669
GSY.TO,2023-05-09,4,streak_4,0.000676,2.4e-05,0.000652,0.152294,-0.002196,0.15449,0.142374,-0.02922,0.171594,0.387893,-0.018421,0.406314
MEQ.TO,2023-05-09,9,streak_5plus,0.015681,2.4e-05,0.015657,0.086208,-0.002196,0.088404,0.041307,-0.02922,0.070527,0.046508,-0.018421,0.064929
TXG.TO,2023-05-10,16,streak_5plus,-0.044427,-0.004197,-0.04023,-0.199127,-0.016691,-0.182436,-0.175724,-0.031235,-0.144489,-0.380008,-0.015078,-0.36493
SSL.TO,2023-05-10,3,streak_3,-0.010204,-0.004197,-0.006007,-0.08801,-0.016691,-0.071319,-0.109694,-0.031235,-0.078459,-0.110969,-0.015078,-0.095891
IFOS.V,2023-05-10,2,streak_2,-0.017857,-0.004197,-0.01366,0.0,-0.016691,0.016691,-0.083333,-0.031235,-0.052098,-0.220238,-0.015078,-0.20516
WSP.TO,2023-05-10,3,streak_3,0.000454,-0.004197,0.004651,-0.026534,-0.016691,-0.009842,-0.018313,-0.031235,0.012923,0.023132,-0.015078,0.03821
IFC.TO,2023-05-10,2,streak_2,0.009745,-0.004197,0.013942,0.000786,-0.016691,0.017477,-0.014985,-0.031235,0.01625,-0.012051,-0.015078,0.003028
STN.TO,2023-05-10,2,streak_2,0.008941,-0.004197,0.013138,-0.04222,-0.016691,-0.025529,0.011673,-0.031235,0.042908,0.094002,-0.015078,0.109081
RBA.TO,2023-05-10,3,streak_3,0.002825,-0.004197,0.007022,-0.091484,-0.016691,-0.074793,-0.038746,-0.031235,-0.007511,0.014664,-0.015078,0.029743
OR.TO,2023-05-10,3,streak_3,-0.00664,-0.004197,-0.002443,-0.016379,-0.016691,0.000312,-0.068172,-0.031235,-0.036936,-0.186808,-0.015078,-0.17173
PAAS.TO,2023-05-10,2,streak_2,-0.020238,-0.004197,-0.016041,-0.090189,-0.016691,-0.073498,-0.131104,-0.031235,-0.099869,-0.158381,-0.015078,-0.143303
OLA.TO,2023-05-11,2,streak_2,-0.030449,-0.003986,-0.026463,-0.024038,-0.009898,-0.014141,-0.092949,-0.029621,-0.063328,-0.011218,-0.00763,-0.003588
FFH.TO,2023-05-11,10,streak_5plus,0.01264,-0.003986,0.016626,0.042104,-0.009898,0.052002,0.056953,-0.029621,0.086573,0.217001,-0.00763,0.224631
CAS.TO,2023-05-11,4,streak_4,0.033465,-0.003986,0.03745,0.052165,-0.009898,0.062063,0.072835,-0.029621,0.102455,0.125,-0.00763,0.13263
GCG-A.TO,2023-05-11,2,streak_2,-0.037463,-0.003986,-0.033477,-0.003746,-0.009898,0.006152,0.011489,-0.029621,0.041109,-0.037712,-0.00763,-0.030083
DCBO.TO,2023-05-11,3,streak_3,-0.169461,-0.003986,-0.165475,-0.126035,-0.009898,-0.116137,-0.043426,-0.029621,-0.013805,-0.004645,-0.00763,0.002984
SLF.TO,2023-05-11,8,streak_5plus,-0.002787,-0.003986,0.001198,0.027352,-0.009898,0.03725,0.05331,-0.029621,0.082931,0.060627,-0.00763,0.068257
EMA.TO,2023-05-12,3,streak_3,0.008958,9.8e-05,0.00886,-0.029316,-0.005902,-0.023414,-0.050285,-0.024307,-0.025978,-0.102402,-0.00049,-0.101913
SFTC.TO,2023-05-12,4,streak_4,-0.026451,9.8e-05,-0.026549,-0.01543,-0.005902,-0.009528,-0.005878,-0.024307,0.018429,-0.066128,-0.00049,-0.065638
MDA.TO,2023-05-12,4,streak_4,0.026549,9.8e-05,0.026451,0.20059,-0.005902,0.206492,0.235988,-0.024307,0.260296,0.536873,-0.00049,0.537363
CSU.TO,2023-05-15,3,streak_3,0.038244,0.005896,0.032348,0.07742,-0.003355,0.080774,0.085692,-0.021019,0.106711,0.066307,-0.006322,0.072629
LIRC.TO,2023-05-15,2,streak_2,-0.006707,0.005896,-0.012603,0.042924,-0.003355,0.046279,-0.047619,-0.021019,-0.0266,-0.302482,-0.006322,-0.296159
FVI.TO,2023-05-15,2,streak_2,0.0,0.005896,-0.005896,-0.010638,-0.003355,-0.007284,-0.042553,-0.021019,-0.021534,-0.142553,-0.006322,-0.136231
LAC.TO,2023-05-15,2,streak_2,0.008969,0.005896,0.003072,0.036909,-0.003355,0.040264,-0.027596,-0.021019,-0.006577,-0.149707,-0.006322,-0.143384
NXH.V,2023-05-17,2,streak_2,0.0,0.002683,-0.002683,0.0,-0.015532,0.015532,0.04,-0.010607,0.050607,-0.25,-0.016945,-0.233055
CM.TO,2023-05-25,2,streak_2,0.020566,-0.007708,0.028274,0.005905,-0.017839,0.023745,0.003665,-0.017403,0.021068,-0.021991,-0.002404,-0.019588
HME.V,2023-05-25,3,streak_3,0.0,-0.007708,0.007708,-0.012327,-0.017839,0.005513,-0.009901,-0.017403,0.007502,0.0,-0.002404,0.002404
NXH.V,2023-05-26,3,streak_3,0.0,0.007394,-0.007394,-0.06,-0.005148,-0.054852,0.0,-0.017998,0.017998,-0.23,8.6e-05,-0.230086
AGMR.V,2023-05-29,2,streak_2,0.0,0.002395,-0.002395,0.035556,0.005236,0.03032,-0.097778,-0.016717,-0.081061,-0.266667,-0.004242,-0.262425
TRBE.V,2023-05-30,2,streak_2,0.064815,-0.011433,0.076248,-0.027778,-0.001823,-0.025955,-0.12037,-0.011764,-0.108607,-0.203704,0.00286,-0.206563
PLRB.V,2023-05-30,2,streak_2,0.056604,-0.011433,0.068037,-0.009434,-0.001823,-0.007611,-0.009434,-0.011764,0.00233,-0.198113,0.00286,-0.200973
CAE.TO,2023-05-31,3,streak_3,-0.071882,-0.008485,-0.063397,-0.031093,0.016003,-0.047097,-0.047476,0.004012,-0.051488,0.082581,0.027898,0.054683
DSG.TO,2023-05-31,3,streak_3,-0.00747,-0.008485,0.001015,-0.023168,0.016003,-0.039171,-0.024019,0.004012,-0.028031,-0.032813,0.027898,-0.060711
LB.TO,2023-06-01,3,streak_3,0.044615,0.005114,0.039501,0.07,0.021025,0.048975,0.093462,0.017423,0.076039,0.264615,0.038734,0.225882
DOO.TO,2023-06-01,27,streak_5plus,-0.014349,0.005114,-0.019464,0.069409,0.021025,0.048384,0.130421,0.017423,0.112998,0.11267,0.038734,0.073937
DOL.TO,2023-06-07,2,streak_2,0.000851,-0.003585,0.004436,0.021147,-0.003251,0.024398,0.077297,-0.012211,0.089508,0.059431,0.008546,0.050885
HITI.V,2023-06-14,4,streak_4,0.02381,0.001236,0.022574,-0.035714,-0.011821,-0.023894,0.0,0.014367,-0.014367,0.488095,0.014432,0.473663
BB.TO,2023-06-28,4,streak_4,-0.003017,0.004348,-0.007365,0.028658,0.018791,0.009867,-0.075415,0.033061,-0.108476,-0.001508,-0.015056,0.013548
GMG.V,2023-06-29,2,streak_2,0.04,0.004758,0.035242,0.022222,-0.000414,0.022636,-0.013333,0.035345,-0.048678,-0.32,-0.011514,-0.308486
LUN.TO,2023-06-29,3,streak_3,-0.005149,0.004758,-0.009907,0.012358,-0.000414,0.012772,0.147271,0.035345,0.111926,-0.035015,-0.011514,-0.023501
ENB-PFA.TO,2023-06-29,2,streak_2,0.007479,0.004758,0.002721,-0.00374,-0.000414,-0.003326,-0.009723,0.035345,-0.045068,-0.052855,-0.011514,-0.04134
BBU-UN.TO,2023-06-29,3,streak_3,0.001808,0.004758,-0.002951,0.024401,-0.000414,0.024815,0.000452,0.035345,-0.034893,-0.103931,-0.011514,-0.092417
PMET.TO,2023-06-29,3,streak_3,-0.016807,0.004758,-0.021565,-0.000646,-0.000414,-0.000233,-0.004525,0.035345,-0.03987,-0.297996,-0.011514,-0.286482
ATZ.TO,2023-07-11,17,streak_5plus,-0.010591,0.00283,-0.013421,-0.217123,0.020396,-0.237519,-0.302442,0.022843,-0.325285,-0.302736,-0.016209,-0.286527
OLA.TO,2023-07-12,3,streak_3,0.073298,0.009669,0.06363,0.073298,0.025052,0.048246,0.076789,0.023357,0.053432,-0.223386,-0.010806,-0.21258
CCA.TO,2023-07-13,4,streak_4,-0.00826,0.010304,-0.018564,-0.043284,0.020946,-0.06423,-0.037172,0.016781,-0.053952,-0.104246,-0.028429,-0.075816
MEQ.TO,2023-07-25,10,streak_5plus,0.004733,-0.001487,0.00622,0.027513,0.002162,0.025351,-0.025072,-0.034122,0.00905,-0.003698,-0.077524,0.073826
AGI.TO,2023-07-26,3,streak_3,-0.014215,0.000491,-0.014707,-0.037083,-0.000905,-0.036178,0.014215,-0.037744,0.051959,0.071693,-0.078028,0.149722
GFL.TO,2023-07-26,2,streak_2,-0.008938,0.000491,-0.009429,-0.060279,-0.000905,-0.059373,-0.080233,-0.037744,-0.042489,-0.158179,-0.078028,-0.080151
NOA.TO,2023-07-26,3,streak_3,-0.016102,0.000491,-0.016594,0.312139,-0.000905,0.313044,0.301404,-0.037744,0.339148,0.132535,-0.078028,0.210563
MX.TO,2023-07-26,4,streak_4,-0.026357,0.000491,-0.026849,-0.010298,-0.000905,-0.009393,-0.075231,-0.037744,-0.037487,-0.08745,-0.078028,-0.009421
CLS.TO,2023-07-26,16,streak_5plus,-0.001377,0.000491,-0.001869,0.30303,-0.000905,0.303935,0.378788,-0.037744,0.416532,0.604683,-0.078028,0.682712
GIB-A.TO,2023-07-26,14,streak_5plus,-0.045121,0.000491,-0.045612,-0.008312,-0.000905,-0.007407,0.008386,-0.037744,0.04613,-0.025009,-0.078028,0.053019
TIH.TO,2023-07-26,7,streak_5plus,-0.003737,0.000491,-0.004229,0.052516,-0.000905,0.053421,0.018495,-0.037744,0.05624,-0.03747,-0.078028,0.040558
WCP.TO,2023-07-26,5,streak_5plus,0.018648,0.000491,0.018157,0.044289,-0.000905,0.045194,0.04662,-0.037744,0.084364,0.115385,-0.078028,0.193413
AEM.TO,2023-07-26,2,streak_2,-0.000306,0.000491,-0.000797,-0.02401,-0.000905,-0.023105,-0.057348,-0.037744,-0.019604,-0.014222,-0.078028,0.063806
ARE.TO,2023-07-26,4,streak_4,0.003562,0.000491,0.00307,-0.118433,-0.000905,-0.117528,-0.121995,-0.037744,-0.08425,-0.137133,-0.078028,-0.059104
NGD.TO,2023-07-26,2,streak_2,-0.006061,0.000491,-0.006552,-0.10303,-0.000905,-0.102125,-0.169697,-0.037744,-0.131953,-0.109091,-0.078028,-0.031063
FSV.TO,2023-07-27,3,streak_3,-0.004063,-0.008564,0.004502,-0.008076,-0.016701,0.008625,-0.038767,-0.035299,-0.003468,-0.084239,-0.082012,-0.002227
WPK.TO,2023-07-27,2,streak_2,-0.004152,-0.008564,0.004413,-0.037104,-0.016701,-0.020403,-0.043591,-0.035299,-0.008292,-0.094966,-0.082012,-0.012954
CVE.TO,2023-07-27,2,streak_2,0.027137,-0.008564,0.035702,0.04161,-0.016701,0.058311,0.075984,-0.035299,0.111283,0.142469,-0.082012,0.224482
OVV.TO,2023-07-27,2,streak_2,-0.000936,-0.008564,0.007628,0.094195,-0.016701,0.110896,0.115543,-0.035299,0.150842,0.177903,-0.082012,0.259915
X.TO,2023-07-27,3,streak_3,-0.002496,-0.008564,0.006068,-0.013909,-0.016701,0.002792,0.010342,-0.035299,0.045641,0.022111,-0.082012,0.104123
TRP.TO,2023-07-27,6,streak_5plus,-0.033629,-0.008564,-0.025065,-0.017749,-0.016701,-0.001048,-0.017982,-0.035299,0.017317,-0.015647,-0.082012,0.066365
PD.TO,2023-07-27,2,streak_2,0.070469,-0.008564,0.079034,0.109733,-0.016701,0.126434,0.123545,-0.035299,0.158844,0.023149,-0.082012,0.105161
ELD.TO,2023-07-27,3,streak_3,-0.062849,-0.008564,-0.054285,-0.127095,-0.016701,-0.110394,-0.151536,-0.035299,-0.116238,-0.045391,-0.082012,0.036621
IMO.TO,2023-07-28,5,streak_5plus,0.049547,0.006568,0.042978,0.025164,-0.01299,0.038154,0.110347,-0.017679,0.128026,0.176149,-0.080847,0.256995
GEI.TO,2023-07-31,4,streak_4,0.012757,0.005224,0.007532,-0.056572,-0.013811,-0.042761,-0.05269,-0.01116,-0.04153,0.016084,-0.081026,0.09711
EQB.TO,2023-08-01,4,streak_4,-0.003098,-0.004543,0.001445,0.087284,-0.020391,0.107676,-0.007408,-0.014365,0.006957,-0.110991,-0.084992,-0.025999
DPM.TO,2023-08-01,3,streak_3,-0.029478,-0.004543,-0.024936,-0.048753,-0.020391,-0.028362,-0.007937,-0.014365,0.006428,-0.002268,-0.084992,0.082725
OGC.TO,2023-08-01,5,streak_5plus,-0.014833,-0.004543,-0.01029,0.013597,-0.020391,0.033988,0.055624,-0.014365,0.069989,-0.155748,-0.084992,-0.070756
KEC.TO,2023-08-01,5,streak_5plus,-0.015417,-0.004543,-0.010874,-0.107218,-0.020391,-0.086827,-0.08199,-0.014365,-0.067625,-0.074982,-0.084992,0.01001
TCW.TO,2023-08-01,2,streak_2,-0.002645,-0.004543,0.001897,0.092593,-0.020391,0.112984,0.171958,-0.014365,0.186323,0.142857,-0.084992,0.227849
SHOP.TO,2023-08-02,2,streak_2,-0.069516,-0.015327,-0.054189,-0.173064,-0.012546,-0.160518,0.003013,-0.011703,0.014716,-0.245035,-0.070808,-0.174226
K.TO,2023-08-02,3,streak_3,-0.037643,-0.015327,-0.022317,0.067103,-0.012546,0.079649,0.090016,-0.011703,0.10172,0.163666,-0.070808,0.234474
TRI.TO,2023-08-02,6,streak_5plus,0.017432,-0.015327,0.032759,-0.01928,-0.012546,-0.006734,-0.026668,-0.011703,-0.014965,-0.052009,-0.070808,0.0188
VET.TO,2023-08-02,3,streak_3,-0.020202,-0.015327,-0.004875,0.106358,-0.012546,0.118903,0.080214,-0.011703,0.091917,0.111111,-0.070808,0.181919
TXG.TO,2023-08-02,17,streak_5plus,-0.026831,-0.015327,-0.011504,-0.126328,-0.012546,-0.113782,-0.129681,-0.011703,-0.117978,-0.25545,-0.070808,-0.184642
ARX.TO,2023-08-02,5,streak_5plus,-0.001083,-0.015327,0.014244,0.046021,-0.012546,0.058566,0.043855,-0.011703,0.055558,0.151056,-0.070808,0.221864
FTS.TO,2023-08-02,4,streak_4,-0.002187,-0.015327,0.013139,-0.015311,-0.012546,-0.002765,-0.035991,-0.011703,-0.024288,0.019089,-0.070808,0.089898
SSRM.TO,2023-08-02,2,streak_2,0.013333,-0.015327,0.02866,0.030933,-0.012546,0.043479,0.0624,-0.011703,0.074103,-0.136533,-0.070808,-0.065725
TOY.TO,2023-08-02,2,streak_2,-0.000886,-0.015327,0.01444,0.0387,-0.012546,0.051246,0.02836,-0.011703,0.040064,-0.054948,-0.070808,0.01586
GOOS.TO,2023-08-03,2,streak_2,-0.030581,-0.004822,-0.025759,0.002184,0.006168,-0.003983,-0.032329,0.016183,-0.048512,-0.3827,-0.029276,-0.353424
HCG.TO,2023-08-03,2,streak_2,0.015567,-0.004822,0.020389,0.016264,0.006168,0.010096,0.028346,0.016183,0.012162,None,None,None
RBA.TO,2023-08-03,4,streak_4,0.012103,-0.004822,0.016925,-0.051815,0.006168,-0.057983,0.037191,0.016183,0.021008,0.137796,-0.029276,0.167072
SPB.TO,2023-08-03,3,streak_3,0.038194,-0.004822,0.043017,0.045139,0.006168,0.038971,0.053241,0.016183,0.037057,0.028935,-0.029276,0.058211
SNC.TO,2023-08-03,2,streak_2,0.100898,-0.004822,0.10572,0.128896,0.006168,0.122728,0.141838,0.016183,0.125655,None,None,None
CAS.TO,2023-08-03,5,streak_5plus,0.080039,-0.004822,0.084861,0.102218,0.006168,0.09605,0.109933,0.016183,0.093749,0.019286,-0.029276,0.048562
EQX.TO,2023-08-03,2,streak_2,0.036164,-0.004822,0.040986,0.029874,0.006168,0.023706,0.053459,0.016183,0.037276,-0.02044,-0.029276,0.008835
TA.TO,2023-08-04,2,streak_2,0.02044,0.00573,0.01471,0.033019,0.014259,0.01876,-0.025157,0.014567,-0.039724,-0.187893,-0.014701,-0.173192
MG.TO,2023-08-04,2,streak_2,-0.03253,0.00573,-0.03826,-0.086659,0.014259,-0.100918,-0.042934,0.014567,-0.057501,-0.125379,-0.014701,-0.110677
EFR.TO,2023-08-04,2,streak_2,0.001233,0.00573,-0.004497,0.117139,0.014259,0.10288,0.266338,0.014567,0.251771,0.337855,-0.014701,0.352556
ABX.TO,2023-08-08,13,streak_5plus,-0.000974,-0.001483,0.000508,0.017048,0.002693,0.014355,-0.01169,-0.000445,-0.011245,0.021432,-0.024318,0.04575
WSP.TO,2023-08-08,4,streak_4,-0.007227,-0.001483,-0.005745,0.047654,0.002693,0.044961,0.057365,-0.000445,0.05781,0.047598,-0.024318,0.071916
QSR.TO,2023-08-08,2,streak_2,0.013496,-0.001483,0.014978,-0.007242,0.002693,-0.009935,-0.071867,-0.000445,-0.071423,-0.05925,-0.024318,-0.034931
EFN.TO,2023-08-08,7,streak_5plus,0.034209,-0.001483,0.035692,0.003966,0.002693,0.001273,-0.010907,-0.000445,-0.010463,-0.053049,-0.024318,-0.028731
FTT.TO,2023-08-08,9,streak_5plus,-0.003016,-0.001483,-0.001533,-0.047553,0.002693,-0.050246,-0.031547,-0.000445,-0.031102,-0.179541,-0.024318,-0.155223
SLF.TO,2023-08-08,9,streak_5plus,-0.007267,-0.001483,-0.005785,-0.025032,0.002693,-0.027726,-0.01405,-0.000445,-0.013606,-0.042313,-0.024318,-0.017995
CR.TO,2023-08-09,5,streak_5plus,0.031353,0.00343,0.027923,0.044554,-0.015154,0.059708,0.056106,-0.003657,0.059763,-0.064356,-0.031199,-0.033158
ALV.V,2023-08-09,2,streak_2,0.003704,0.00343,0.000274,0.054321,-0.015154,0.069475,-0.037037,-0.003657,-0.03338,-0.180247,-0.031199,-0.149048
OR.TO,2023-08-09,4,streak_4,0.004374,0.00343,0.000944,-0.034992,-0.015154,-0.019838,-0.080372,-0.003657,-0.076714,-0.061782,-0.031199,-0.030584
IFOS.V,2023-08-09,3,streak_3,0.0,0.00343,-0.00343,0.022901,-0.015154,0.038055,-0.015267,-0.003657,-0.01161,-0.137405,-0.031199,-0.106206
LAC.TO,2023-08-09,3,streak_3,0.006805,0.00343,0.003376,-0.059247,-0.015154,-0.044093,-0.008807,-0.003657,-0.00515,-0.60008,-0.031199,-0.568881
GSY.TO,2023-08-09,5,streak_5plus,-0.007472,0.00343,-0.010902,-0.001056,-0.015154,0.014098,-0.096735,-0.003657,-0.093078,-0.081303,-0.031199,-0.050104
CTS.TO,2023-08-09,3,streak_3,-0.086538,0.00343,-0.089968,-0.198718,-0.015154,-0.183564,-0.102564,-0.003657,-0.098907,-0.019231,-0.031199,0.011968
LNR.TO,2023-08-09,2,streak_2,-0.03349,0.00343,-0.03692,-0.100471,-0.015154,-0.085317,-0.088097,-0.003657,-0.08444,-0.176463,-0.031199,-0.145264
PEY.TO,2023-08-09,2,streak_2,0.012283,0.00343,0.008853,0.024565,-0.015154,0.039719,0.08393,-0.003657,0.087588,0.234391,-0.031199,0.26559
MRU.TO,2023-08-09,4,streak_4,0.01241,0.00343,0.008981,0.017045,-0.015154,0.032199,0.010915,-0.003657,0.014572,0.069827,-0.031199,0.101025
ATS.TO,2023-08-09,2,streak_2,0.065357,0.00343,0.061927,0.00125,-0.015154,0.016404,0.075179,-0.003657,0.078836,-0.168393,-0.031199,-0.137194
CAE.TO,2023-08-09,4,streak_4,0.080351,0.00343,0.076921,0.056718,-0.015154,0.071872,0.104321,-0.003657,0.107979,-0.026671,-0.031199,0.004528
STN.TO,2023-08-09,3,streak_3,-0.001926,0.00343,-0.005356,-0.001359,-0.015154,0.013794,0.002606,-0.003657,0.006263,-0.043956,-0.031199,-0.012757
SAP.TO,2023-08-10,5,streak_5plus,-0.001894,0.003334,-0.005228,-0.012879,-0.018555,0.005676,0.0375,-0.009894,0.047394,0.006818,-0.036749,0.043567
RUS.TO,2023-08-10,13,streak_5plus,-0.015062,0.003334,-0.018396,0.035145,-0.018555,0.053699,0.033077,-0.009894,0.042971,-0.044005,-0.036749,-0.007256
BYD.TO,2023-08-10,2,streak_2,0.045326,0.003334,0.041992,0.019202,-0.018555,0.037757,0.021608,-0.009894,0.031502,0.04541,-0.036749,0.08216
ADEN.TO,2023-08-10,2,streak_2,-0.023002,0.003334,-0.026336,-0.045716,-0.018555,-0.027161,-0.094882,-0.009894,-0.084988,-0.237493,-0.036749,-0.200744
PSI.TO,2023-08-10,13,streak_5plus,-0.000796,0.003334,-0.00413,-0.01035,-0.018555,0.008204,0.042994,-0.009894,0.052887,0.002389,-0.036749,0.039138
KEY.TO,2023-08-10,2,streak_2,0.003106,0.003334,-0.000229,-0.013803,-0.018555,0.004752,0.006901,-0.009894,0.016795,-0.00069,-0.036749,0.036059
PRMW.TO,2023-08-10,2,streak_2,0.09375,0.003334,0.090416,0.121591,-0.018555,0.140146,0.096023,-0.009894,0.105917,0.103409,-0.036749,0.140158
AC.TO,2023-08-11,2,streak_2,0.032371,0.00318,0.02919,0.00175,-0.026088,0.027838,-0.072616,-0.00787,-0.064746,-0.208224,-0.037138,-0.171086
SFTC.TO,2023-08-11,5,streak_5plus,0.066275,0.00318,0.063095,0.003356,-0.026088,0.029443,0.012584,-0.00787,0.020454,0.167785,-0.037138,0.204923
MDA.TO,2023-08-11,5,streak_5plus,0.234597,0.00318,0.231417,0.226303,-0.026088,0.252391,0.343602,-0.00787,0.351472,0.42654,-0.037138,0.463679
SFC.TO,2023-08-14,2,streak_2,-0.007812,-0.005738,-0.002074,-0.002604,-0.028872,0.026267,0.059896,-0.009041,0.068937,0.432292,-0.036903,0.469195
CHE-UN.TO,2023-08-14,2,streak_2,0.002618,-0.005738,0.008356,-0.064136,-0.028872,-0.035265,-0.036649,-0.009041,-0.027608,-0.014398,-0.036903,0.022505
SU.TO,2023-08-14,6,streak_5plus,-0.006146,-0.005738,-0.000408,0.051216,-0.028872,0.080088,0.1137,-0.009041,0.122741,0.085275,-0.036903,0.122178
VMC.V,2023-08-14,2,streak_2,-0.032895,-0.005738,-0.027157,-0.052632,-0.028872,-0.02376,-0.078947,-0.009041,-0.069907,-0.243421,-0.036903,-0.206518
WLF.V,2023-08-24,2,streak_2,0.0,-0.005231,0.005231,-0.083333,0.022661,-0.105995,-0.166667,-0.00502,-0.161646,0.0,0.011781,-0.011781
NGEX.V,2023-08-24,2,streak_2,-0.037258,-0.005231,-0.032026,-0.056632,0.022661,-0.079293,-0.165425,-0.00502,-0.160405,0.00149,0.011781,-0.01029
GIP.V,2023-08-25,2,streak_2,0.002751,0.003034,-0.000283,-0.035763,0.026133,-0.061896,-0.140303,0.001254,-0.141557,-0.507565,0.017238,-0.524804
NOW.V,2023-08-29,2,streak_2,-0.018182,0.013248,-0.03143,0.036364,0.019411,0.016953,-0.036364,-0.029418,-0.006946,-0.090909,0.000379,-0.091289
THNK.V,2023-08-29,2,streak_2,0.068966,0.013248,0.055717,-0.12069,0.019411,-0.1401,-0.172414,-0.029418,-0.142996,-0.206897,0.000379,-0.207276
LB.TO,2023-08-31,4,streak_4,-0.035888,-0.001854,-0.034034,-0.031934,-0.009749,-0.022185,-0.193431,-0.038809,-0.154622,-0.31691,-0.010531,-0.306379
ATD.TO,2023-09-06,2,streak_2,-0.00513,-0.009151,0.00402,0.00285,-0.009342,0.012192,-0.001995,-0.067552,0.065557,0.086219,-0.000176,0.086396
DOO.TO,2023-09-07,28,streak_5plus,-0.01496,-0.004692,-0.010268,-0.007731,0.002566,-0.010297,0.011446,-0.053849,0.065295,-0.210241,0.007361,-0.217602
DOL.TO,2023-09-13,3,streak_3,0.059228,0.002759,0.056468,0.065421,-0.000208,0.065628,0.064858,-0.035746,0.100604,0.105844,0.004712,0.101131
EMP-A.TO,2023-09-14,2,streak_2,0.027999,0.014246,0.013752,0.04804,-0.003166,0.051206,0.06366,-0.040239,0.103899,0.09107,-0.002224,0.093294
HITI.V,2023-09-14,5,streak_5plus,0.056,0.014246,0.041754,-0.008,-0.003166,-0.004834,-0.18,-0.040239,-0.139761,-0.192,-0.002224,-0.189776
ATZ.TO,2023-09-28,18,streak_5plus,0.019644,0.007959,0.011684,0.01736,-0.020642,0.038002,0.005025,-0.035944,0.040969,0.265418,0.076837,0.188581
BB.TO,2023-09-28,5,streak_5plus,-0.024169,0.007959,-0.032129,-0.114804,-0.020642,-0.094162,-0.287009,-0.035944,-0.251065,-0.29003,0.076837,-0.366867
LBNK.V,2023-09-28,2,streak_2,0.0,0.007959,-0.007959,-0.019417,-0.020642,0.001225,-0.165049,-0.035944,-0.129105,0.07767,0.076837,0.000833
GMIN.TO,2023-09-29,4,streak_4,0.008772,-0.002522,0.011294,0.04386,-0.023118,0.066978,0.061404,-0.037462,0.098865,0.236842,0.069814,0.167028
PMET.TO,2023-09-29,4,streak_4,0.012891,-0.002522,0.015413,-0.169429,-0.023118,-0.146311,-0.043278,-0.037462,-0.005816,-0.085635,0.069814,-0.155449
QBR-A.TO,2023-09-29,2,streak_2,0.0,-0.002522,0.002522,0.0,-0.023118,0.023118,-0.006889,-0.037462,0.030573,0.151559,0.069814,0.081745
BBU-UN.TO,2023-09-29,4,streak_4,0.013616,-0.002522,0.016137,0.009581,-0.023118,0.0327,-0.104387,-0.037462,-0.066926,0.350479,0.069814,0.280665
MTY.TO,2023-10-11,2,streak_2,-0.036961,0.008338,-0.045299,-0.086304,0.009825,-0.096129,-0.073921,0.001487,-0.075408,-0.02364,0.076313,-0.099953
NBLY.TO,2023-10-24,2,streak_2,-0.016222,-0.003161,-0.013062,0.019119,-0.00997,0.02909,0.002897,0.055826,-0.052929,0.056779,0.10437,-0.047591
AGI.TO,2023-10-25,4,streak_4,-0.010274,-0.002033,-0.008241,-0.030822,-0.005952,-0.02487,0.054224,0.059384,-0.005161,-0.074201,0.107408,-0.181609
CLS.TO,2023-10-25,17,streak_5plus,-0.021008,-0.002033,-0.018975,-0.093277,-0.005952,-0.087326,0.021008,0.059384,-0.038376,0.162185,0.107408,0.054777
MX.TO,2023-10-25,5,streak_5plus,-0.00665,-0.002033,-0.004617,0.049591,-0.005952,0.055543,0.090063,0.059384,0.030678,0.126354,0.107408,0.018946
ARE.TO,2023-10-25,5,streak_5plus,-0.024169,-0.002033,-0.022136,-0.055388,-0.005952,-0.049436,0.035247,0.059384,-0.024138,0.303122,0.107408,0.195714
NGD.TO,2023-10-25,3,streak_3,-0.013423,-0.002033,-0.01139,0.134228,-0.005952,0.14018,0.221477,0.059384,0.162092,0.114094,0.107408,0.006686
ELD.TO,2023-10-26,4,streak_4,-0.03187,-0.003832,-0.028038,0.076487,0.006919,0.069568,0.140935,0.061685,0.07925,0.185552,0.113659,0.071893
IMO.TO,2023-10-27,6,streak_5plus,-0.019161,-0.007306,-0.011855,-0.010428,0.039787,-0.050215,-0.029979,0.065048,-0.095027,-0.04536,0.119203,-0.164563
FTS.TO,2023-10-27,5,streak_5plus,-0.009451,-0.007306,-0.002145,0.031108,0.039787,-0.008679,0.01457,0.065048,-0.050478,-0.027958,0.119203,-0.147162
AC.TO,2023-10-30,3,streak_3,-0.013158,0.006372,-0.01953,0.079545,0.058039,0.021506,0.052632,0.069129,-0.016497,0.119019,0.131432,-0.012413
TIH.TO,2023-10-30,8,streak_5plus,0.02635,0.006372,0.019978,0.071508,0.058039,0.013469,0.104496,0.069129,0.035367,0.152167,0.131432,0.020735
FN.TO,2023-10-31,2,streak_2,-0.007009,0.000886,-0.007895,0.104806,0.047044,0.057762,0.092123,0.062577,0.029546,0.213284,0.125742,0.087542
EQX.TO,2023-10-31,3,streak_3,-0.025682,0.000886,-0.026568,0.0626,0.047044,0.015556,0.166934,0.062577,0.104357,-0.049759,0.125742,-0.175502
GOOS.TO,2023-11-01,3,streak_3,-0.088427,0.010888,-0.099315,-0.072172,0.0372,-0.109372,-0.027958,0.065844,-0.093802,0.048114,0.113832,-0.065717
GFL.TO,2023-11-01,3,streak_3,0.003263,0.010888,-0.007625,-0.000753,0.0372,-0.037953,-0.065512,0.065844,-0.131356,0.143825,0.113832,0.029994
TOY.TO,2023-11-01,3,streak_3,-0.004977,0.010888,-0.015865,0.027061,0.0372,-0.01014,0.00902,0.065844,-0.056823,0.045101,0.113832,-0.06873
BLCO.TO,2023-11-01,2,streak_2,0.0292,0.010888,0.018312,0.024259,0.0372,-0.012942,-0.042677,0.065844,-0.108521,-0.148697,0.113832,-0.262529
TRI.TO,2023-11-01,7,streak_5plus,0.020189,0.010888,0.009301,0.063486,0.0372,0.026286,0.14244,0.065844,0.076596,0.20605,0.113832,0.092219
CNQ.TO,2023-11-02,2,streak_2,0.039833,0.028686,0.011147,-0.040816,0.023649,-0.064465,0.010081,0.060658,-0.050577,-0.047209,0.106934,-0.154144
BHC.TO,2023-11-02,2,streak_2,0.025432,0.028686,-0.003254,0.008138,0.023649,-0.015511,-0.015259,0.060658,-0.075918,0.088505,0.106934,-0.01843
GIL.TO,2023-11-02,2,streak_2,0.147828,0.028686,0.119142,0.19045,0.023649,0.166801,0.275425,0.060658,0.214767,0.178311,0.106934,0.071377
TSU.TO,2023-11-02,2,streak_2,0.038246,0.028686,0.00956,0.08935,0.023649,0.065701,0.116716,0.060658,0.056058,0.243983,0.106934,0.137049
SHOP.TO,2023-11-02,3,streak_3,0.213124,0.028686,0.184438,0.279781,0.023649,0.256132,0.460981,0.060658,0.400323,0.517884,0.106934,0.410949
CVE.TO,2023-11-02,3,streak_3,0.014634,0.028686,-0.014052,-0.083333,0.023649,-0.106982,-0.086992,0.060658,-0.14765,-0.174797,0.106934,-0.281731
ABX.TO,2023-11-02,14,streak_5plus,-0.00718,0.028686,-0.035867,-0.057922,0.023649,-0.081571,0.080421,0.060658,0.019763,-0.034945,0.106934,-0.141879
BEPC.TO,2023-11-02,2,streak_2,0.052073,0.028686,0.023387,0.019527,0.023649,-0.004122,0.120589,0.060658,0.059931,0.171977,0.106934,0.065042
CFP.TO,2023-11-02,2,streak_2,0.026804,0.028686,-0.001882,0.09622,0.023649,0.072571,0.103093,0.060658,0.042434,0.135395,0.106934,0.028461
FIH-U.TO,2023-11-02,2,streak_2,0.013934,0.028686,-0.014752,0.04918,0.023649,0.025531,0.091803,0.060658,0.031145,0.213115,0.106934,0.10618
PRMW.TO,2023-11-02,3,streak_3,0.089707,0.028686,0.061021,0.116734,0.023649,0.093085,0.072455,0.060658,0.011797,0.093157,0.106934,-0.013777
PSI.TO,2023-11-02,14,streak_5plus,-0.00641,0.028686,-0.035096,0.008814,0.023649,-0.014835,0.069712,0.060658,0.009053,0.111378,0.106934,0.004444
MG.TO,2023-11-03,3,streak_3,0.085485,0.010119,0.075366,0.063419,-0.001982,0.065401,0.124714,0.042117,0.082597,0.147924,0.074329,0.073595
EFR.TO,2023-11-03,3,streak_3,-0.034698,0.010119,-0.044817,-0.02758,-0.001982,-0.025598,-0.072954,0.042117,-0.115071,-0.068505,0.074329,-0.142834
QSR.TO,2023-11-03,3,streak_3,-0.024234,0.010119,-0.034353,-0.00248,-0.001982,-0.000498,0.032124,0.042117,-0.009993,0.131763,0.074329,0.057434
EFN.TO,2023-11-06,8,streak_5plus,-0.001046,-0.004086,0.00304,0.034519,-0.008595,0.043114,0.107218,0.029523,0.077694,0.139644,0.052812,0.086832
FTT.TO,2023-11-06,10,streak_5plus,-0.035451,-0.004086,-0.031366,-0.094628,-0.008595,-0.086032,-0.092173,0.029523,-0.121697,0.024271,0.052812,-0.028542
TCN.TO,2023-11-07,2,streak_2,-0.001024,-0.008524,0.007501,-0.027636,-0.001758,-0.025878,0.106448,0.03201,0.074438,0.520983,0.061477,0.459505
PET.TO,2023-11-07,2,streak_2,0.058583,-0.008524,0.067107,0.043834,-0.001758,0.045592,0.045883,0.03201,0.013873,0.225317,0.061477,0.16384
PBL.TO,2023-11-07,2,streak_2,0.0141,-0.008524,0.022624,0.093999,-0.001758,0.095756,0.150036,0.03201,0.118026,0.225235,0.061477,0.163758
IAG.TO,2023-11-07,2,streak_2,-0.004074,-0.008524,0.00445,-0.001782,-0.001758,-2.5e-05,0.083132,0.03201,0.051122,0.101464,0.061477,0.039987
GSY.TO,2023-11-07,6,streak_5plus,0.014986,-0.008524,0.02351,0.042893,-0.001758,0.044651,0.179559,0.03201,0.147549,0.308238,0.061477,0.24676
GWO.TO,2023-11-07,2,streak_2,-0.0155,-0.008524,-0.006975,0.020758,-0.001758,0.022516,0.104069,0.03201,0.072059,0.123166,0.061477,0.061689
TA.TO,2023-11-07,3,streak_3,0.025465,-0.008524,0.033989,0.049951,-0.001758,0.051709,0.036239,0.03201,0.004229,-0.115573,0.061477,-0.17705
TRP.TO,2023-11-08,7,streak_5plus,0.008407,-0.002319,0.010726,0.007726,0.022891,-0.015165,0.042263,0.035687,0.006576,0.04658,0.071191,-0.02461
SU.TO,2023-11-08,7,streak_5plus,-0.018373,-0.002319,-0.016054,0.042871,0.022891,0.01998,-0.05561,0.035687,-0.091297,-0.007104,0.071191,-0.078295
H.TO,2023-11-08,2,streak_2,-0.000847,-0.002319,0.001472,0.020616,0.022891,-0.002275,0.028523,0.035687,-0.007164,0.079921,0.071191,0.00873
FNV.TO,2023-11-08,2,streak_2,-0.015849,-0.002319,-0.01353,-0.015788,0.022891,-0.038679,-0.135232,0.035687,-0.170919,-0.136082,0.071191,-0.207273
MDA.TO,2023-11-08,6,streak_5plus,0.033898,-0.002319,0.036218,-0.050847,0.022891,-0.073738,-0.055085,0.035687,-0.090772,-0.004237,0.071191,-0.075428
MRE.TO,2023-11-08,2,streak_2,0.015953,-0.002319,0.018272,0.048699,0.022891,0.025808,0.02351,0.035687,-0.012178,0.151134,0.071191,0.079943
ADEN.TO,2023-11-08,3,streak_3,-0.017778,-0.002319,-0.015459,-0.024444,0.022891,-0.047335,-0.075556,0.035687,-0.111243,0.16,0.071191,0.088809
K.TO,2023-11-08,4,streak_4,-0.018156,-0.002319,-0.015837,-0.013966,0.022891,-0.036857,0.090782,0.035687,0.055095,-0.01257,0.071191,-0.08376
MFC.TO,2023-11-08,2,streak_2,-0.008768,-0.002319,-0.006449,0.032442,0.022891,0.009551,0.081543,0.035687,0.045856,0.226655,0.071191,0.155464
NVA.TO,2023-11-08,2,streak_2,-0.026877,-0.002319,-0.024558,0.029249,0.022891,0.006358,-0.121739,0.035687,-0.157426,-0.217391,0.071191,-0.288582
LNR.TO,2023-11-08,3,streak_3,-0.004246,-0.002319,-0.001927,-0.094561,0.022891,-0.117452,-0.084599,0.035687,-0.120286,0.064348,0.071191,-0.006843
AD-UN.TO,2023-11-08,2,streak_2,-0.003478,-0.002319,-0.001159,0.077391,0.022891,0.054501,0.166957,0.035687,0.131269,0.256522,0.071191,0.185331
WSP.TO,2023-11-08,5,streak_5plus,0.009715,-0.002319,0.012034,0.033865,0.022891,0.010974,0.009986,0.035687,-0.025701,0.087865,0.071191,0.016674
GIB-A.TO,2023-11-08,15,streak_5plus,-0.021817,-0.002319,-0.019498,-0.016865,0.022891,-0.039756,0.005957,0.035687,-0.029731,0.074279,0.071191,0.003088
FEC.TO,2023-11-09,2,streak_2,0.014272,0.002929,0.011343,-0.208373,0.02702,-0.235393,-0.32255,0.038315,-0.360865,-0.306375,0.071141,-0.377516
SFTC.TO,2023-11-09,6,streak_5plus,-0.002151,0.002929,-0.005079,0.03871,0.02702,0.01169,-0.103943,0.038315,-0.142258,0.035125,0.071141,-0.036016
BLX.TO,2023-11-09,2,streak_2,0.023882,0.002929,0.020953,0.086808,0.02702,0.059788,0.159591,0.038315,0.121276,0.11865,0.071141,0.047509
RBA.TO,2023-11-09,5,streak_5plus,0.01204,0.002929,0.009111,-0.108811,0.02702,-0.13583,-0.059638,0.038315,-0.097953,0.007652,0.071141,-0.06349
CAS.TO,2023-11-09,6,streak_5plus,0.040936,0.002929,0.038007,0.049708,0.02702,0.022688,0.109162,0.038315,0.070847,0.25731,0.071141,0.186169
GUD.TO,2023-11-09,2,streak_2,0.043933,0.002929,0.041004,0.083682,0.02702,0.056662,0.083682,0.038315,0.045367,0.177824,0.071141,0.106683
CEU.TO,2023-11-09,2,streak_2,0.014881,0.002929,0.011952,0.074405,0.02702,0.047385,-0.041667,0.038315,-0.079982,0.196429,0.071141,0.125287
STN.TO,2023-11-09,4,streak_4,0.002917,0.002929,-1.2e-05,0.105718,0.02702,0.078698,0.216336,0.038315,0.178021,0.26301,0.071141,0.191869
QBR-B.TO,2023-11-09,2,streak_2,0.005419,0.002929,0.00249,0.010838,0.02702,-0.016182,0.043714,0.038315,0.005399,0.064306,0.071141,-0.006835
KEL.TO,2023-11-09,2,streak_2,-0.016238,0.002929,-0.019167,-0.031123,0.02702,-0.058143,-0.205683,0.038315,-0.243998,-0.265223,0.071141,-0.336364
ONEX.TO,2023-11-10,9,streak_5plus,0.010362,0.003426,0.006936,0.039662,0.023775,0.015886,0.079085,0.037989,0.041097,0.21141,0.072608,0.138802
ATRL.TO,2023-11-10,2,streak_2,0.081805,0.003426,0.078379,0.081557,0.023775,0.057781,0.020079,0.037989,-0.017909,0.100149,0.072608,0.027541
DFY.TO,2023-11-10,2,streak_2,-0.01583,0.003426,-0.019255,-0.003821,0.023775,-0.027596,-0.020197,0.037989,-0.058185,0.028384,0.072608,-0.044224
POW.TO,2023-11-13,2,streak_2,-0.00067,0.002783,-0.003453,0.074422,0.026523,0.047898,0.107945,0.033779,0.074166,0.149849,0.071882,0.077967
SLF.TO,2023-11-13,10,streak_5plus,0.00503,0.002783,0.002247,0.057344,0.026523,0.030821,0.081657,0.033779,0.047878,0.093729,0.071882,0.021847
TXG.TO,2023-11-14,18,streak_5plus,0.041335,0.015957,0.025378,0.019078,0.027261,-0.008184,0.068362,0.026617,0.041745,0.027822,0.044436,-0.016614
SLS.TO,2023-11-14,2,streak_2,0.069915,0.015957,0.053958,0.112288,0.027261,0.085027,-0.150424,0.026617,-0.177041,-0.230932,0.044436,-0.275368
CHE-UN.TO,2023-11-14,3,streak_3,0.032,0.015957,0.016043,0.005333,0.027261,-0.021928,-0.008,0.026617,-0.034617,0.030667,0.044436,-0.013769
BU.TO,2023-11-14,2,streak_2,0.071429,0.015957,0.055472,0.071429,0.027261,0.044167,0.464286,0.026617,0.437669,0.678571,0.044436,0.634135
CAE.TO,2023-11-14,5,streak_5plus,-0.044356,0.015957,-0.060313,-0.044687,0.027261,-0.071949,-0.08805,0.026617,-0.114667,-0.060576,0.044436,-0.105012
L.TO,2023-11-15,2,streak_2,-0.022429,0.001708,-0.024137,-0.032091,0.00431,-0.036401,0.024845,0.030254,-0.005409,0.121118,0.043234,0.077884
EQ.V,2023-11-16,2,streak_2,0.054795,-0.000239,0.055034,0.082192,0.002797,0.079395,0.068493,0.035941,0.032552,0.356164,0.058072,0.298093
XYBN.V,2023-11-21,2,streak_2,0.0,-0.006742,0.006742,0.054545,-0.01056,0.065105,-0.290909,0.029294,-0.320203,-0.1,0.045731,-0.145731
OAM.V,2023-11-21,2,streak_2,0.083333,-0.006742,0.090075,0.083333,-0.01056,0.093893,0.0,0.029294,-0.029294,2.083333,0.045731,2.037602
GIII.V,2023-11-26,2,streak_2,0.014286,-0.003502,0.017788,0.071429,0.0174,0.054028,-0.114286,0.045406,-0.159692,0.0,0.060478,-0.060478
ATD.TO,2023-11-28,3,streak_3,0.0,0.000205,-0.000205,-0.009615,0.018844,-0.02846,-0.013643,0.044762,-0.058405,0.076143,0.060456,0.015687
WLF.V,2023-11-28,3,streak_3,0.0,0.000205,-0.000205,0.052632,0.018844,0.033787,-0.263158,0.044762,-0.30792,None,None,None
NOW.V,2023-11-29,3,streak_3,0.115385,0.003963,0.111422,0.326923,0.016924,0.309999,0.442308,0.045995,0.396312,0.076923,0.066218,0.010705
RY.TO,2023-11-30,2,streak_2,0.032098,0.00597,0.026127,0.042224,0.007854,0.03437,0.127486,0.037577,0.08991,0.122152,0.071395,0.050757
MEQ.TO,2023-12-06,11,streak_5plus,0.002327,-0.004991,0.007318,0.003385,-0.006974,0.010359,0.048449,0.034305,0.014143,0.231382,0.069626,0.161756
EQB.TO,2023-12-06,5,streak_5plus,0.012104,-0.004991,0.017096,0.046289,-0.006974,0.053263,0.154828,0.034305,0.120523,0.083932,0.069626,0.014306
CWB.TO,2023-12-08,2,streak_2,0.02885,0.002614,0.026236,0.038582,0.024671,0.01391,0.012165,0.035057,-0.022891,-0.044143,0.073511,-0.117655
DOL.TO,2023-12-13,4,streak_4,-0.020601,0.019556,-0.040157,-0.059976,0.02994,-0.089916,-0.009641,0.040927,-0.050567,0.055815,0.078883,-0.023068
ENGH.TO,2023-12-14,2,streak_2,-0.009346,0.007237,-0.016583,0.035772,-0.001391,0.037163,0.104093,0.015444,0.088649,-0.077022,0.059124,-0.136146
AAU.V,2023-12-21,2,streak_2,0.105263,0.008004,0.097259,0.105263,0.017359,0.087905,0.736842,0.021057,0.715785,None,None,None
ATZ.TO,2024-01-09,19,streak_5plus,0.024571,-0.00493,0.029501,0.344384,-0.000617,0.345001,0.472699,-0.005561,0.47826,0.347894,0.056247,0.291647
ATZ.TO,2024-01-10,20,streak_5plus,0.007233,0.000877,0.006355,0.279025,-0.001092,0.280118,0.475447,-8.6e-05,0.475533,0.308337,0.06632,0.242016
NOW.V,2024-01-15,4,streak_4,-0.189474,0.003416,-0.19289,-0.157895,-0.003988,-0.153907,-0.357895,0.003673,-0.361568,-0.410526,0.043344,-0.45387
CLS.TO,2024-01-28,18,streak_5plus,0.01536,0.003541,0.011819,0.129625,-0.001903,0.131528,0.315802,0.009164,0.306637,0.381429,0.039947,0.341482
HITI.V,2024-01-29,6,streak_5plus,0.003861,0.003541,0.00032,-0.081081,-0.001903,-0.079178,-0.088803,0.009164,-0.097967,0.061776,0.039947,0.021829
CLS.TO,2024-01-29,19,streak_5plus,0.01536,0.003541,0.011819,0.129625,-0.001903,0.131528,0.315802,0.009164,0.306637,0.381429,0.039947,0.341482
CP.TO,2024-01-30,2,streak_2,0.001431,0.001311,0.000119,0.057511,-0.015481,0.072992,0.08536,0.002061,0.083299,0.041965,0.038278,0.003687
GIB-A.TO,2024-01-31,16,streak_5plus,0.009233,-0.009704,0.018937,0.007818,-0.012729,0.020546,0.044548,0.006392,0.038155,-0.064968,0.022923,-0.087891
LIFT.V,2024-01-31,2,streak_2,-0.034545,-0.009704,-0.024841,-0.141818,-0.012729,-0.12909,-0.138182,0.006392,-0.144574,-0.4,0.022923,-0.422923
MX.TO,2024-01-31,6,streak_5plus,-0.022343,-0.009704,-0.012638,-0.015911,-0.012729,-0.003182,-0.004739,0.006392,-0.011132,0.085647,0.022923,0.062724
RCI-B.TO,2024-02-01,2,streak_2,0.006682,0.004628,0.002053,-0.004454,-0.002507,-0.001947,-0.038376,0.025236,-0.063611,-0.172691,0.033617,-0.206309
BEPC.TO,2024-02-02,3,streak_3,-0.030108,-0.001615,-0.028494,-0.092078,-0.009451,-0.082627,-0.125694,0.019504,-0.145198,-0.004969,0.033335,-0.038304
IMO.TO,2024-02-02,7,streak_5plus,-0.008933,-0.001615,-0.007319,0.034634,-0.009451,0.044086,0.114898,0.019504,0.095395,0.225536,0.033335,0.192201
MEQ.TO,2024-02-06,12,streak_5plus,0.024992,0.004111,0.020881,0.076082,0.009362,0.06672,0.127042,0.034597,0.092445,0.174292,0.066482,0.107811
SLF.TO,2024-02-07,11,streak_5plus,0.003398,0.000549,0.002849,-0.002935,-0.017783,0.014849,0.06333,0.039933,0.023397,0.039079,0.0636,-0.02452
SLF.TO,2024-02-08,12,streak_5plus,0.003541,-0.002365,0.005906,0.006466,-0.003806,0.010271,0.059729,0.036639,0.02309,0.040025,0.061519,-0.021494
CF.TO,2024-02-08,2,streak_2,0.044776,-0.002365,0.047141,0.173134,-0.003806,0.17694,0.131343,0.036639,0.094704,0.19403,0.061519,0.132511
BN.TO,2024-02-08,2,streak_2,0.019574,-0.002365,0.02194,0.003972,-0.003806,0.007777,0.051631,0.036639,0.014992,0.132199,0.061519,0.07068
LSPD.TO,2024-02-08,2,streak_2,-0.244208,-0.002365,-0.241843,-0.302697,-0.003806,-0.298891,-0.304596,0.036639,-0.341235,-0.290543,0.061519,-0.352062
SVM.TO,2024-02-08,2,streak_2,0.003333,-0.002365,0.005699,0.023333,-0.003806,0.027139,0.203333,0.036639,0.166694,0.53,0.061519,0.468481
BBD-B.TO,2024-02-08,2,streak_2,-0.146997,-0.002365,-0.144631,-0.039532,-0.003806,-0.035726,0.006333,0.036639,-0.030307,0.385147,0.061519,0.323628
BBD-A.TO,2024-02-08,2,streak_2,-0.149436,-0.002365,-0.147071,-0.043761,-0.003806,-0.039955,0.002675,0.036639,-0.033964,0.376839,0.061519,0.31532
TRI.TO,2024-02-08,8,streak_5plus,0.042916,-0.002365,0.045281,0.057545,-0.003806,0.06135,0.056113,0.036639,0.019473,0.14532,0.061519,0.083801
TFII.TO,2024-02-08,2,streak_2,0.008762,-0.002365,0.011127,0.039619,-0.003806,0.043425,0.062313,0.036639,0.025673,-0.018612,0.061519,-0.080131
TSU.TO,2024-02-08,3,streak_3,-0.026204,-0.002365,-0.023839,0.097406,-0.003806,0.101212,0.129963,0.036639,0.093323,0.2009,0.061519,0.139381
FTS.TO,2024-02-09,6,streak_5plus,0.002683,0.004302,-0.00162,0.016302,0.014489,0.001813,0.04189,0.040613,0.001278,0.081098,0.069609,0.011488
T.TO,2024-02-09,2,streak_2,0.029557,0.004302,0.025254,0.03202,0.014489,0.017531,0.031034,0.040613,-0.009578,-0.008374,0.069609,-0.077984
QSR.TO,2024-02-12,4,streak_4,0.016716,0.002746,0.01397,0.004512,0.011709,-0.007197,0.065737,0.039096,0.02664,-0.026664,0.061843,-0.088507
HIVE.V,2024-02-12,2,streak_2,0.072016,0.002746,0.06927,0.222222,0.011709,0.210513,-0.12963,0.039096,-0.168726,-0.333333,0.061843,-0.395177
H.TO,2024-02-13,3,streak_3,-0.012105,-0.022893,0.010788,0.020263,0.00713,0.013134,0.042895,0.042853,4.2e-05,0.026053,0.056576,-0.030523
ABX.TO,2024-02-13,15,streak_5plus,-0.030966,-0.022893,-0.008073,0.006941,0.00713,-0.000189,0.098772,0.042853,0.055919,0.180993,0.056576,0.124417
TIH.TO,2024-02-13,9,streak_5plus,-0.020278,-0.022893,0.002615,0.041932,0.00713,0.034802,0.058945,0.042853,0.016092,0.040986,0.056576,-0.015589
K.TO,2024-02-13,5,streak_5plus,-0.042398,-0.022893,-0.019504,-0.020468,0.00713,-0.027597,0.106725,0.042853,0.063872,0.489766,0.056576,0.43319
QSR.TO,2024-02-13,5,streak_5plus,-0.037119,-0.022893,-0.014226,-0.020476,0.00713,-0.027606,0.0581,0.042853,0.015247,-0.057797,0.056576,-0.114373
SHOP.TO,2024-02-13,4,streak_4,-0.125448,-0.022893,-0.102555,-0.113354,0.00713,-0.120483,-0.116106,0.042853,-0.15896,-0.330219,0.056576,-0.386795
WCN.TO,2024-02-13,2,streak_2,0.022753,-0.022893,0.045646,0.089205,0.00713,0.082075,0.103218,0.042853,0.060365,0.096821,0.056576,0.040246
GSY.TO,2024-02-13,7,streak_5plus,-0.032916,-0.022893,-0.010022,0.061027,0.00713,0.053898,-0.001623,0.042853,-0.044476,0.103616,0.056576,0.04704
IFC.TO,2024-02-13,2,streak_2,-0.00695,-0.022893,0.015943,0.08429,0.00713,0.077161,0.077242,0.042853,0.034389,0.089663,0.056576,0.033088
ABX.TO,2024-02-14,16,streak_5plus,-0.007163,0.014787,-0.02195,0.039118,0.028535,0.010583,0.122314,0.060476,0.061838,0.231956,0.080559,0.151397
CGY.TO,2024-02-14,2,streak_2,0.011543,0.014787,-0.003244,0.007104,0.028535,-0.021432,0.0103,0.060476,-0.050176,-0.033564,0.080559,-0.114123
K.TO,2024-02-14,6,streak_5plus,0.007634,0.014787,-0.007154,0.0,0.028535,-0.028535,0.143511,0.060476,0.083035,0.596947,0.080559,0.516388
MFC.TO,2024-02-14,3,streak_3,0.018038,0.014787,0.00325,0.075758,0.028535,0.047222,0.100289,0.060476,0.039813,0.193001,0.080559,0.112443
PMET.TO,2024-02-14,5,streak_5plus,0.071975,0.014787,0.057188,0.094946,0.028535,0.066411,0.364472,0.060476,0.303996,0.229709,0.080559,0.14915
GWO.TO,2024-02-14,3,streak_3,-0.007349,0.014787,-0.022137,0.014961,0.028535,-0.013575,0.043832,0.060476,-0.016644,0.031234,0.080559,-0.049325
BU.TO,2024-02-14,3,streak_3,-0.06383,0.014787,-0.078617,-0.191489,0.028535,-0.220025,-0.06383,0.060476,-0.124306,0.06383,0.080559,-0.016729
DFY.TO,2024-02-15,3,streak_3,0.03329,0.015955,0.017335,0.124317,0.020522,0.103795,0.173992,0.045947,0.128046,0.123017,0.066799,0.056217
FIH-U.TO,2024-02-15,3,streak_3,0.000699,0.015955,-0.015256,0.015385,0.020522,-0.005138,0.027972,0.045947,-0.017975,-0.00979,0.066799,-0.07659
IMG.TO,2024-02-15,2,streak_2,0.042424,0.015955,0.026469,0.051515,0.020522,0.030993,0.260606,0.045947,0.214659,0.848485,0.066799,0.781685
SSL.TO,2024-02-15,2,streak_2,0.026465,0.015955,0.01051,0.037807,0.020522,0.017285,0.274102,0.045947,0.228155,0.449905,0.066799,0.383106
TRP.TO,2024-02-16,8,streak_5plus,0.025467,0.00155,0.023917,0.032683,0.008976,0.023706,0.048599,0.028955,0.019644,0.040535,0.050752,-0.010218
BLCO.TO,2024-02-20,3,streak_3,0.01491,-0.001792,0.016702,0.169152,0.003232,0.16592,0.111054,0.028463,0.082591,0.024165,0.056917,-0.032752
GIL.TO,2024-02-20,3,streak_3,-0.016734,-0.001792,-0.014941,0.013164,0.003232,0.009932,0.095716,0.028463,0.067253,0.040161,0.056917,-0.016756
GIL.TO,2024-02-21,4,streak_4,0.037214,-0.002126,0.039339,0.026549,0.004779,0.02177,0.121171,0.039034,0.082137,0.078738,0.058947,0.019792
L.TO,2024-02-21,3,streak_3,-0.006621,-0.002126,-0.004495,0.053265,0.004779,0.048486,0.09028,0.039034,0.051246,0.13542,0.058947,0.076473
BLCO.TO,2024-02-21,4,streak_4,0.138298,-0.002126,0.140423,0.175785,0.004779,0.171006,0.111955,0.039034,0.072922,0.009119,0.058947,-0.049828
SU.TO,2024-02-21,8,streak_5plus,0.027811,-0.002126,0.029937,0.031197,0.004779,0.026418,0.124547,0.039034,0.085513,0.284885,0.058947,0.225939
STLC.TO,2024-02-21,2,streak_2,-0.029889,-0.002126,-0.027764,0.075238,0.004779,0.070459,0.074208,0.039034,0.035174,0.118011,0.058947,0.059064
EQX.TO,2024-02-21,4,streak_4,-0.008013,-0.002126,-0.005887,-0.104167,0.004779,-0.108946,0.160256,0.039034,0.121223,0.266026,0.058947,0.207079
TFPM.TO,2024-02-22,2,streak_2,-0.01036,0.006882,-0.017241,-0.007313,0.003372,-0.010685,0.109689,0.043212,0.066477,0.418038,0.055468,0.362569
NGT.TO,2024-02-22,2,streak_2,-0.075824,0.006882,-0.082705,-0.100945,0.003372,-0.104317,0.045172,0.043212,0.00196,0.295229,0.055468,0.239761
L.TO,2024-02-22,4,streak_4,0.034535,0.006882,0.027653,0.066646,0.003372,0.063274,0.101484,0.043212,0.058272,0.140563,0.055468,0.085095
ELD.TO,2024-02-23,5,streak_5plus,-0.061104,0.004461,-0.065565,-0.07293,0.002134,-0.075065,0.198423,0.031241,0.167182,0.38502,0.041406,0.343614
HBM.TO,2024-02-23,2,streak_2,0.047354,0.004461,0.042893,0.108635,0.002134,0.106501,0.29805,0.031241,0.266809,0.777159,0.041406,0.735753
RBA.TO,2024-02-23,6,streak_5plus,0.122424,0.004461,0.117963,0.110237,0.002134,0.108103,0.135276,0.031241,0.104035,0.115223,0.041406,0.073817
CIX.TO,2024-02-23,2,streak_2,0.044459,0.004461,0.039998,0.069011,0.002134,0.066877,0.099535,0.031241,0.068294,-0.058394,0.041406,-0.0998
PPL-PQ.TO,2024-02-23,2,streak_2,-0.000521,0.004461,-0.004982,-0.000521,0.002134,-0.002656,0.040667,0.031241,0.009426,0.020334,0.041406,-0.021073
ONEX.TO,2024-02-23,10,streak_5plus,-0.015578,0.004461,-0.020039,-0.022588,0.002134,-0.024722,-0.023464,0.031241,-0.054705,-0.055107,0.041406,-0.096513
MDA.TO,2024-02-27,7,streak_5plus,-0.014696,-0.000253,-0.014442,0.053184,0.009698,0.043486,0.021693,0.027584,-0.00589,-0.158852,0.049197,-0.20805
SSRM.TO,2024-02-27,2,streak_2,0.001585,-0.000253,0.001838,-0.099842,0.009698,-0.109539,-0.11252,0.027584,-0.140103,0.193344,0.049197,0.144147
WSP.TO,2024-02-28,6,streak_5plus,0.003145,-0.003523,0.006667,0.046267,0.00971,0.036557,0.085005,0.036972,0.048033,-0.02716,0.044383,-0.071543
CPX.TO,2024-02-28,2,streak_2,0.004324,-0.003523,0.007847,-0.003459,0.00971,-0.013169,0.022197,0.036972,-0.014775,0.023061,0.044383,-0.021322
CF-PC.TO,2024-02-28,2,streak_2,0.0,-0.003523,0.003523,-0.007733,0.00971,-0.017443,0.005354,0.036972,-0.031618,0.058299,0.044383,0.013916
MDA.TO,2024-02-28,8,streak_5plus,0.005682,-0.003523,0.009204,0.064631,0.00971,0.054921,0.03125,0.036972,-0.005722,-0.147727,0.044383,-0.19211
TOY.TO,2024-02-28,4,streak_4,-0.006399,-0.003523,-0.002876,-0.047532,0.00971,-0.057242,0.027422,0.036972,-0.00955,-0.138635,0.044383,-0.183018
RY.TO,2024-02-28,3,streak_3,-0.002187,-0.003523,0.001335,0.014502,0.00971,0.004792,0.038159,0.036972,0.001187,0.103216,0.044383,0.058833
RY-PZ.TO,2024-02-28,2,streak_2,0.010145,-0.003523,0.013668,0.05314,0.00971,0.04343,0.077778,0.036972,0.040806,None,None,None
NA.TO,2024-02-28,2,streak_2,0.023123,-0.003523,0.026646,0.039195,0.00971,0.029486,0.115409,0.036972,0.078437,0.110639,0.044383,0.066256
CNQ.TO,2024-02-28,3,streak_3,0.004628,-0.003523,0.008151,0.083557,0.00971,0.073847,0.156882,0.036972,0.11991,0.193423,0.044383,0.14904
CM.TO,2024-02-29,2,streak_2,0.022042,0.005639,0.016403,0.055623,0.016485,0.039138,0.107457,0.043457,0.063999,0.042707,0.030795,0.011912
BRO.V,2024-02-29,2,streak_2,0.0,0.005639,-0.005639,0.066667,0.016485,0.050182,-0.4,0.043457,-0.443457,-0.222222,0.030795,-0.253017
LA.V,2024-02-29,2,streak_2,0.074528,0.005639,0.068889,0.070755,0.016485,0.05427,0.028302,0.043457,-0.015155,-0.070755,0.030795,-0.10155
NFI.TO,2024-02-29,2,streak_2,-0.027287,0.005639,-0.032927,-0.081862,0.016485,-0.098347,0.032905,0.043457,-0.010552,0.219904,0.030795,0.189109
PXT.TO,2024-02-29,2,streak_2,0.000542,0.005639,-0.005097,-0.059653,0.016485,-0.076138,0.00705,0.043457,-0.036407,0.049349,0.030795,0.018554
CEU.TO,2024-02-29,3,streak_3,0.004866,0.005639,-0.000773,0.099757,0.016485,0.083272,0.116788,0.043457,0.073331,0.613139,0.030795,0.582344
CNQ.TO,2024-02-29,4,streak_4,0.051649,0.005639,0.04601,0.080262,0.016485,0.063777,0.161494,0.043457,0.118036,0.158341,0.030795,0.127547
ACO-X.TO,2024-02-29,2,streak_2,0.001448,0.005639,-0.004191,0.02172,0.016485,0.005235,0.015928,0.043457,-0.027529,0.069794,0.030795,0.039
CU.TO,2024-02-29,2,streak_2,-0.000358,0.005639,-0.005997,0.013968,0.016485,-0.002516,0.008954,0.043457,-0.034503,0.019699,0.030795,-0.011096
ATRL.TO,2024-03-01,3,streak_3,0.113612,0.008837,0.104774,0.221761,0.020175,0.201586,0.204938,0.038463,0.166475,0.169543,0.033145,0.136398
CWB.TO,2024-03-01,3,streak_3,-0.018286,0.008837,-0.027124,-0.005737,0.020175,-0.025911,-0.02976,0.038463,-0.068222,-0.077089,0.033145,-0.110234
SFTC.TO,2024-03-04,7,streak_5plus,0.02329,-0.000988,0.024278,0.25182,0.008588,0.243231,0.248908,0.024252,0.224656,0.289665,0.033254,0.256411
FNV.TO,2024-03-05,3,streak_3,0.030107,-0.000241,0.030349,0.032376,0.011058,0.021317,0.10077,0.027003,0.073767,0.143319,0.027198,0.116121
BDT.TO,2024-03-05,7,streak_5plus,0.015272,-0.000241,0.015513,0.075137,0.011058,0.064079,0.071472,0.027003,0.044469,0.263286,0.027198,0.236089
PET.TO,2024-03-05,3,streak_3,0.001034,-0.000241,0.001276,0.059979,0.011058,0.048921,0.05929,0.027003,0.032287,-0.098587,0.027198,-0.125785
PBL.TO,2024-03-05,3,streak_3,0.004217,-0.000241,0.004459,-0.004217,0.011058,-0.015275,0.034861,0.027003,0.007858,-0.089963,0.027198,-0.117161
ELD.TO,2024-03-05,6,streak_5plus,0.041531,-0.000241,0.041773,0.077223,0.011058,0.066164,0.318624,0.027003,0.291621,0.434134,0.027198,0.406936
SFTC.TO,2024-03-05,8,streak_5plus,0.193457,-0.000241,0.193698,0.139403,0.011058,0.128344,0.1899,0.027003,0.162898,0.236842,0.027198,0.209644
LNR.TO,2024-03-06,4,streak_4,0.005888,0.003164,0.002725,0.113674,0.014174,0.0995,0.11351,0.024431,0.089079,0.106313,0.021012,0.085302
FEC.TO,2024-03-06,3,streak_3,0.006775,0.003164,0.003611,0.065041,0.014174,0.050867,0.115176,0.024431,0.090745,0.135501,0.021012,0.11449
KEL.TO,2024-03-07,3,streak_3,-0.009804,0.00929,-0.019094,-0.04902,0.017417,-0.066436,0.0,0.031046,-0.031046,-0.013072,0.025516,-0.038588
DBM.TO,2024-03-07,6,streak_5plus,0.023944,0.00929,0.014654,0.023944,0.017417,0.006527,0.023944,0.031046,-0.007102,-0.076056,0.025516,-0.101573
AQN.TO,2024-03-08,2,streak_2,0.049598,-0.00262,0.052218,-0.002681,0.00162,-0.004301,0.05496,0.021368,0.033592,0.050938,0.019936,0.031002
SIL.TO,2024-03-11,2,streak_2,0.10174,0.001458,0.100282,0.216867,0.005139,0.211729,0.369478,0.02872,0.340758,0.467202,0.012398,0.454804
TCL-A.TO,2024-03-12,2,streak_2,-0.000812,0.002839,-0.003651,0.051136,0.003124,0.048013,-0.006494,0.019748,-0.026242,0.064935,0.013809,0.051126
AD-UN.TO,2024-03-14,3,streak_3,0.013103,-0.006381,0.019485,0.027586,0.003441,0.024145,-0.001379,-0.003191,0.001811,-0.015862,-0.000387,-0.015475
ET.TO,2024-03-14,2,streak_2,0.028594,-0.006381,0.034975,0.037094,0.003441,0.033653,-0.011592,-0.003191,-0.008401,0.03864,-0.000387,0.039027
ADEN.TO,2024-03-18,4,streak_4,0.07464,-0.000549,0.07519,0.177158,0.006174,0.170984,0.190947,-0.009442,0.200389,0.124101,-0.009616,0.133717
MAG.TO,2024-03-19,2,streak_2,-0.009877,0.001072,-0.010948,0.007407,0.004813,0.002594,0.342387,-0.008293,0.35068,0.334979,-0.011416,0.346396
IFOS.V,2024-03-20,4,streak_4,0.055046,0.008467,0.046579,0.091743,0.002374,0.089369,0.192661,-0.006962,0.199623,0.183486,-0.011404,0.19489
FIL.TO,2024-03-20,2,streak_2,0.018003,0.008467,0.009535,-0.061294,0.002374,-0.063669,0.046292,-0.006962,0.053255,0.06258,-0.011404,0.073984
SCR.TO,2024-03-25,2,streak_2,0.025072,-0.001901,0.026973,0.070201,0.009152,0.061048,0.149355,0.001255,0.1481,0.069126,-0.019523,0.088649
LIFT.V,2024-03-26,3,streak_3,0.023529,-0.001358,0.024888,0.073529,0.006052,0.067477,-0.067647,-0.003126,-0.064521,0.029412,-0.00427,0.033682
HPS-A.TO,2024-03-27,2,streak_2,0.008252,0.008881,-0.000628,0.197977,0.009127,0.18885,0.101618,-0.001237,0.102855,-0.150809,-0.005659,-0.14515
BBU-UN.TO,2024-03-30,2,streak_2,-0.019688,0.000826,-0.020513,-0.068568,0.004394,-0.072961,-0.133401,-0.00701,-0.126391,-0.166667,-0.010141,-0.156525
BBD-B.TO,2024-03-30,3,streak_3,-0.011522,0.000826,-0.012348,0.021324,0.004394,0.01693,0.085125,-0.00701,0.092135,0.496991,-0.010141,0.507132
KNT.TO,2024-04-01,2,streak_2,0.011111,0.000826,0.010286,0.133333,0.004394,0.128939,0.212698,-0.00701,0.219709,0.219048,-0.010141,0.229189
BB.TO,2024-04-03,6,streak_5plus,-0.002618,0.001694,-0.004312,0.099476,0.012988,0.086489,0.026178,-0.015696,0.041874,-0.115183,-0.005495,-0.109688
DOL.TO,2024-04-04,5,streak_5plus,0.09972,-0.002745,0.102465,0.112435,0.003916,0.108519,0.14958,-0.013083,0.162663,0.26652,0.005029,0.261491
NOW.V,2024-04-05,5,streak_5plus,-0.034483,0.009641,-0.044124,-0.086207,0.002644,-0.088851,-0.206897,-0.004734,-0.202162,-0.431034,0.008716,-0.43975
RVLY.V,2024-04-05,2,streak_2,0.0,0.009641,-0.009641,None,None,None,-0.135417,-0.004734,-0.130682,-0.364583,0.008716,-0.373299
CCA.TO,2024-04-10,2,streak_2,-0.037289,-0.007276,-0.030014,-0.033504,-0.032149,-0.001355,-0.01855,-0.004588,-0.013962,-0.109029,-0.014279,-0.09475
EQ.V,2024-04-10,3,streak_3,0.0,-0.007276,0.007276,0.0,-0.032149,0.032149,-0.027273,-0.004588,-0.022684,0.045455,-0.014279,0.059733
EQ.V,2024-04-15,4,streak_4,0.0,-0.007297,0.007297,-0.009174,-0.004228,-0.004946,-0.027523,0.016402,-0.043925,0.055046,0.03532,0.019726
CEE.TO,2024-04-18,2,streak_2,-0.009302,0.002415,-0.011717,-0.037209,0.010048,-0.047257,-0.023256,0.029724,-0.05298,0.074419,0.055185,0.019233
NGEN.V,2024-04-23,4,streak_4,-0.032864,0.006387,-0.039251,-0.032864,0.006383,-0.039246,-0.018779,0.021708,-0.040488,0.370892,0.045753,0.325139
AEM.TO,2024-04-24,2,streak_2,0.015079,-0.006269,0.021348,0.014241,-0.013502,0.027743,0.075634,0.008591,0.067043,0.215893,0.03644,0.179453
RCI-B.TO,2024-04-24,3,streak_3,-0.033136,-0.006269,-0.026867,-0.046548,-0.013502,-0.033046,-0.00927,0.008591,-0.017861,-0.033333,0.03644,-0.069773
RCI-A.TO,2024-04-24,2,streak_2,0.00633,-0.006269,0.0126,0.002877,-0.013502,0.016379,0.069442,0.008591,0.060851,-0.027623,0.03644,-0.064063
MAG.TO,2024-04-24,3,streak_3,-0.00431,-0.006269,0.001959,0.018473,-0.013502,0.031975,0.086207,0.008591,0.077616,0.101601,0.03644,0.065161
CLS.TO,2024-04-24,20,streak_5plus,0.010706,-0.006269,0.016975,-0.002844,-0.013502,0.010658,0.272499,0.008591,0.263908,0.333556,0.03644,0.297117
MRU.TO,2024-04-24,2,streak_2,0.005442,-0.006269,0.011711,0.007501,-0.013502,0.021003,0.067657,0.008591,0.059066,0.178114,0.03644,0.141675
WCN.TO,2024-04-24,3,streak_3,0.002943,-0.006269,0.009212,-0.016721,-0.013502,-0.003219,-0.00272,0.008591,-0.011311,0.099746,0.03644,0.063306
MX.TO,2024-04-24,7,streak_5plus,-0.00251,-0.006269,0.003759,0.006275,-0.013502,0.019777,0.095231,0.008591,0.08664,0.032789,0.03644,-0.00365
AEM.TO,2024-04-25,3,streak_3,0.016741,0.000535,0.016206,0.013204,-0.006634,0.019838,0.060481,0.020445,0.040036,0.188163,0.035015,0.153148
BBD-A.TO,2024-04-25,3,streak_3,0.089882,0.000535,0.089347,0.18771,-0.006634,0.194343,0.575667,0.020445,0.555222,0.680911,0.035015,0.645897
SES.TO,2024-04-25,2,streak_2,0.044214,0.000535,0.04368,0.039511,-0.006634,0.046144,0.030103,0.020445,0.009659,0.031044,0.035015,-0.00397
BBD-B.TO,2024-04-25,4,streak_4,0.083158,0.000535,0.082623,0.181579,-0.006634,0.188212,0.561053,0.020445,0.540608,0.664737,0.035015,0.629722
AAV.TO,2024-04-25,2,streak_2,0.034716,0.000535,0.034181,0.027001,-0.006634,0.033634,0.106075,0.020445,0.085631,-0.046287,0.035015,-0.081302
NGT.TO,2024-04-25,3,streak_3,0.120928,0.000535,0.120393,0.056953,-0.006634,0.063587,0.08582,0.020445,0.065375,0.252974,0.035015,0.21796
CLS.TO,2024-04-25,21,streak_5plus,-0.021516,0.000535,-0.022051,-0.009599,-0.006634,-0.002966,0.329692,0.020445,0.309247,0.220622,0.035015,0.185608
ELD.TO,2024-04-25,7,streak_5plus,0.02799,0.000535,0.027455,0.009669,-0.006634,0.016303,0.084987,0.020445,0.064543,0.146565,0.035015,0.11155
BBD-PC.TO,2024-04-25,2,streak_2,0.007322,0.000535,0.006787,0.010372,-0.006634,0.017006,0.035998,0.020445,0.015553,0.122026,0.035015,0.087011
MX.TO,2024-04-25,8,streak_5plus,-0.001573,0.000535,-0.002108,0.016515,-0.006634,0.023148,0.105379,0.020445,0.084934,0.02312,0.035015,-0.011894
IMO.TO,2024-04-26,8,streak_5plus,-0.008162,0.003829,-0.01199,-0.042418,-0.002842,-0.039576,-0.030606,0.022298,-0.052904,0.008054,0.033017,-0.024963
ELD.TO,2024-04-26,8,streak_5plus,0.028218,0.003829,0.024389,-0.008416,-0.002842,-0.005574,0.076733,0.022298,0.054435,0.073762,0.033017,0.040745
GIII.V,2024-04-28,3,streak_3,0.015385,0.00193,0.013455,0.046154,-0.000992,0.047146,-0.046154,0.013469,-0.059623,-0.184615,0.03849,-0.223106
CRE.V,2024-04-29,2,streak_2,0.134831,0.00193,0.132901,0.101124,-0.000992,0.102116,0.0,0.013469,-0.013469,-0.382022,0.03849,-0.420513
OAM.V,2024-04-29,3,streak_3,0.0,0.00193,-0.00193,0.046875,-0.000992,0.047867,-0.0625,0.013469,-0.075969,-0.15625,0.03849,-0.19474
QSR.TO,2024-04-30,6,streak_5plus,0.035468,-0.013497,0.048965,0.021134,0.011262,0.009872,-0.098661,-0.005161,-0.0935,-0.038083,0.034891,-0.072974
OAM.V,2024-04-30,4,streak_4,0.015625,-0.013497,0.029122,0.046875,0.011262,0.035613,-0.125,-0.005161,-0.119839,-0.15625,0.034891,-0.191141
ABX.TO,2024-05-01,17,streak_5plus,-0.015554,0.000649,-0.016203,0.005032,0.026531,-0.021499,0.023788,0.01645,0.007338,0.107045,0.051127,0.055918
FNV.TO,2024-05-01,4,streak_4,0.011301,0.000649,0.010652,0.043914,0.026531,0.017383,0.026102,0.01645,0.009653,0.066024,0.051127,0.014897
RUS.TO,2024-05-01,2,streak_2,-0.014988,0.000649,-0.015637,0.007494,0.026531,-0.019037,-0.047183,0.01645,-0.063633,0.041354,0.051127,-0.009773
GIL.TO,2024-05-01,5,streak_5plus,-0.00238,0.000649,-0.00303,-0.061242,0.026531,-0.087773,0.075958,0.01645,0.059508,0.176369,0.051127,0.125242
BLCO.TO,2024-05-01,5,streak_5plus,-0.051205,0.000649,-0.051854,0.026104,0.026531,-0.000426,0.059237,0.01645,0.042787,0.178715,0.051127,0.127588
FTS.TO,2024-05-01,7,streak_5plus,0.005539,0.000649,0.00489,0.020574,0.026531,-0.005957,-0.001978,0.01645,-0.018428,0.067854,0.051127,0.016727
L.TO,2024-05-01,5,streak_5plus,0.012325,0.000649,0.011676,0.023555,0.026531,-0.002975,0.032868,0.01645,0.016418,0.125719,0.051127,0.074592
GIB-A.TO,2024-05-01,17,streak_5plus,-0.019965,0.000649,-0.020615,0.014343,0.026531,-0.012187,-0.038705,0.01645,-0.055155,0.078925,0.051127,0.027798
CPX.TO,2024-05-01,3,streak_3,-0.011094,0.000649,-0.011744,0.010495,0.026531,-0.016036,0.08066,0.01645,0.06421,0.172414,0.051127,0.121287
ALC.TO,2024-05-01,2,streak_2,0.008246,0.000649,0.007597,0.006747,0.026531,-0.019784,-0.007496,0.01645,-0.023946,0.051724,0.051127,0.000597
GWO.TO,2024-05-01,4,streak_4,0.001332,0.000649,0.000683,0.053543,0.026531,0.027012,0.026372,0.01645,0.009922,0.032765,0.051127,-0.018362
NOA.TO,2024-05-02,2,streak_2,-0.026335,0.004354,-0.030688,-0.035943,0.024419,-0.060362,-0.003203,0.024875,-0.028078,-0.046975,0.063612,-0.110587
ACO-X.TO,2024-05-02,3,streak_3,0.004859,0.004354,0.000505,0.058588,0.024419,0.034169,0.063732,0.024875,0.038857,0.152901,0.063612,0.089289
ATZ.TO,2024-05-02,21,streak_5plus,0.022354,0.004354,0.018001,0.026599,0.024419,0.002179,-0.036503,0.024875,-0.061378,0.2824,0.063612,0.218787
TRI.TO,2024-05-02,9,streak_5plus,0.068633,0.004354,0.06428,0.100836,0.024419,0.076416,0.129007,0.024875,0.104132,0.077089,0.063612,0.013477
EDV.TO,2024-05-02,2,streak_2,-0.015051,0.004354,-0.019405,-0.014317,0.024419,-0.038737,0.023495,0.024875,-0.00138,0.051028,0.063612,-0.012584
NFI.TO,2024-05-02,3,streak_3,-0.000886,0.004354,-0.005239,0.182462,0.024419,0.158043,0.371125,0.024875,0.34625,0.519043,0.063612,0.455431
CU.TO,2024-05-02,3,streak_3,-0.004255,0.004354,-0.008609,0.037234,0.024419,0.012815,0.021631,0.024875,-0.003244,0.062411,0.063612,-0.001201
TSU.TO,2024-05-02,4,streak_4,0.008755,0.004354,0.004402,0.073592,0.024419,0.049173,-0.04567,0.024875,-0.070545,0.092759,0.063612,0.029147
NFI.TO,2024-05-03,4,streak_4,0.141844,0.005691,0.136153,0.24734,0.025322,0.222019,0.41844,0.013449,0.404991,0.691489,0.041241,0.650249
TRP.TO,2024-05-03,9,streak_5plus,0.032701,0.005691,0.02701,0.047962,0.025322,0.02264,0.050142,0.013449,0.036693,0.220842,0.041241,0.179601
BBU-UN.TO,2024-05-03,3,streak_3,0.0,0.005691,-0.005691,0.04011,0.025322,0.014788,-0.039324,0.013449,-0.052773,0.106567,0.041241,0.065327
K.TO,2024-05-06,7,streak_5plus,0.022573,0.01422,0.008353,0.151242,0.016471,0.13477,0.167043,0.001403,0.16564,0.352144,0.012767,0.339378
PET.TO,2024-05-07,4,streak_4,-0.03529,0.001397,-0.036687,-0.10138,-1.4e-05,-0.101366,-0.158807,-0.005144,-0.153663,-0.207251,-0.012583,-0.194667
SU.TO,2024-05-07,9,streak_5plus,0.005955,0.001397,0.004558,0.020445,-1.4e-05,0.020458,-0.016475,-0.005144,-0.011331,-0.030568,-0.012583,-0.017984
TFPM.TO,2024-05-07,3,streak_3,0.014706,0.001397,0.013309,0.009191,-1.4e-05,0.009205,-0.017923,-0.005144,-0.012779,-0.086857,-0.012583,-0.074273
IFC.TO,2024-05-07,3,streak_3,-0.010645,0.001397,-0.012042,-0.019516,-1.4e-05,-0.019502,-0.008959,-0.005144,-0.003816,0.078063,-0.012583,0.090646
GSY.TO,2024-05-07,8,streak_5plus,-0.000567,0.001397,-0.001965,-0.035518,-1.4e-05,-0.035504,0.01061,-0.005144,0.015754,0.048908,-0.012583,0.061491
K.TO,2024-05-07,8,streak_5plus,0.007726,0.001397,0.006329,0.124724,-1.4e-05,0.124738,0.175497,-0.005144,0.180641,0.286976,-0.012583,0.299559
MAG.TO,2024-05-07,4,streak_4,0.014235,0.001397,0.012838,-0.016607,-1.4e-05,-0.016594,0.033808,-0.005144,0.038952,-0.027877,-0.012583,-0.015293
ERO.TO,2024-05-07,2,streak_2,-0.008978,0.001397,-0.010375,0.023481,-1.4e-05,0.023494,-0.075622,-0.005144,-0.070478,-0.07942,-0.012583,-0.066837
OVV.TO,2024-05-07,2,streak_2,0.005543,0.001397,0.004145,-0.049737,-1.4e-05,-0.049724,-0.089848,-0.005144,-0.084704,-0.209889,-0.012583,-0.197306
WN.TO,2024-05-07,2,streak_2,-0.007956,0.001397,-0.009353,0.010716,-1.4e-05,0.01073,0.040591,-0.005144,0.045735,0.103264,-0.012583,0.115847
MEQ.TO,2024-05-07,13,streak_5plus,-0.007094,0.001397,-0.008491,-0.036136,-1.4e-05,-0.036122,-0.059857,-0.005144,-0.054713,0.071884,-0.012583,0.084467
ADEN.TO,2024-05-07,5,streak_5plus,-0.04283,0.001397,-0.044227,-0.130383,-1.4e-05,-0.13037,-0.055135,-0.005144,-0.049991,-0.045906,-0.012583,-0.033323
MFC-PB.TO,2024-05-08,2,streak_2,-0.010262,-0.001409,-0.008854,0.00171,-0.002122,0.003832,-0.002851,-0.002759,-9.2e-05,0.078107,-0.018375,0.096483
CEU.TO,2024-05-08,4,streak_4,0.017391,-0.001409,0.0188,0.144348,-0.002122,0.14647,0.166957,-0.002759,0.169716,0.241739,-0.018375,0.260115
WSP.TO,2024-05-08,7,streak_5plus,0.019664,-0.001409,0.021073,0.015995,-0.002122,0.018117,-0.025027,-0.002759,-0.022268,-0.011149,-0.018375,0.007226
FVI.TO,2024-05-08,2,streak_2,-0.025111,-0.001409,-0.023702,0.059084,-0.002122,0.061206,0.070901,-0.002759,0.07366,-0.155096,-0.018375,-0.136721
MFC-PC.TO,2024-05-08,2,streak_2,0.004142,-0.001409,0.005551,0.012426,-0.002122,0.014548,0.002959,-0.002759,0.005718,0.089941,-0.018375,0.108316
SSRM.TO,2024-05-08,3,streak_3,-0.017403,-0.001409,-0.015994,-0.008032,-0.002122,-0.00591,-0.037483,-0.002759,-0.034724,-0.202142,-0.018375,-0.183766
TXG.TO,2024-05-08,2,streak_2,0.003145,-0.001409,0.004553,0.069182,-0.002122,0.071304,0.174004,-0.002759,0.176763,0.048742,-0.018375,0.067118
EQX.TO,2024-05-08,5,streak_5plus,0.002618,-0.001409,0.004026,-0.062827,-0.002122,-0.060705,-0.010471,-0.002759,-0.007712,-0.125654,-0.018375,-0.107279
FSZ.TO,2024-05-08,2,streak_2,0.037351,-0.001409,0.03876,0.064516,-0.002122,0.066638,0.018676,-0.002759,0.021435,0.11545,-0.018375,0.133825
BTO.TO,2024-05-08,2,streak_2,0.021277,-0.001409,0.022685,0.091185,-0.002122,0.093307,0.079027,-0.002759,0.081786,0.082067,-0.018375,0.100442
LNR.TO,2024-05-08,5,streak_5plus,0.014127,-0.001409,0.015536,0.104603,-0.002122,0.106725,0.077619,-0.002759,0.080378,-0.053333,-0.018375,-0.034958
OR.TO,2024-05-08,2,streak_2,0.008439,-0.001409,0.009848,0.031411,-0.002122,0.033533,0.093765,-0.002759,0.096524,0.018753,-0.018375,0.037128
IFOS.V,2024-05-08,5,streak_5plus,0.007692,-0.001409,0.009101,-0.023077,-0.002122,-0.020955,-0.053846,-0.002759,-0.051087,0.0,-0.018375,0.018375
OVV.TO,2024-05-08,3,streak_3,-0.030026,-0.001409,-0.028617,-0.056281,-0.002122,-0.054159,-0.08181,-0.002759,-0.079051,-0.213809,-0.018375,-0.195434
LNF.TO,2024-05-08,2,streak_2,0.01273,-0.001409,0.014139,0.0,-0.002122,0.002122,0.000943,-0.002759,0.003702,0.195191,-0.018375,0.213566
BN.TO,2024-05-08,3,streak_3,0.006811,-0.001409,0.00822,0.014884,-0.002122,0.017006,-0.036075,-0.002759,-0.033316,-0.015388,-0.018375,0.002987
LUG.TO,2024-05-08,2,streak_2,0.007361,-0.001409,0.00877,0.059456,-0.002122,0.061578,0.083805,-0.002759,0.086564,0.162514,-0.018375,0.18089
MFC.TO,2024-05-08,4,streak_4,0.010003,-0.001409,0.011412,0.067118,-0.002122,0.06924,0.075186,-0.002759,0.077945,0.008712,-0.018375,0.027088
RBA.TO,2024-05-09,7,streak_5plus,0.008577,0.005238,0.003339,0.046812,0.00115,0.045662,0.014984,-0.01133,0.026314,0.090731,-0.001509,0.09224
ENB-PFA.TO,2024-05-09,2,streak_2,-0.000224,0.005238,-0.005462,0.001568,0.00115,0.000418,-0.020609,-0.01133,-0.009279,0.058916,-0.001509,0.060425
PPL-PC.TO,2024-05-09,2,streak_2,-0.001659,0.005238,-0.006898,-0.009956,0.00115,-0.011106,-0.056416,-0.01133,-0.045086,0.035951,-0.001509,0.037461
PPL-PA.TO,2024-05-09,2,streak_2,-0.001565,0.005238,-0.006803,-0.01252,0.00115,-0.01367,-0.03495,-0.01133,-0.02362,0.014085,-0.001509,0.015594
RSI.TO,2024-05-09,2,streak_2,0.010549,0.005238,0.00531,0.14135,0.00115,0.1402,0.111814,-0.01133,0.123144,0.111814,-0.001509,0.113324
PRMW.TO,2024-05-09,2,streak_2,0.03878,0.005238,0.033542,0.052334,0.00115,0.051184,0.145331,-0.01133,0.156661,0.068148,-0.001509,0.069657
AD-UN.TO,2024-05-09,4,streak_4,0.009682,0.005238,0.004444,0.026279,0.00115,0.025129,-0.028354,-0.01133,-0.017024,0.024896,-0.001509,0.026406
GCG.TO,2024-05-09,2,streak_2,0.0,0.005238,-0.005238,-0.011012,0.00115,-0.012162,-0.011012,-0.01133,0.000318,-0.043814,-0.001509,-0.042305
MDA.TO,2024-05-09,9,streak_5plus,-0.067159,0.005238,-0.072398,-0.111484,0.00115,-0.112634,-0.191404,-0.01133,-0.180074,-0.08865,-0.001509,-0.087141
T.TO,2024-05-09,3,streak_3,-0.004451,0.005238,-0.009689,-0.002473,0.00115,-0.003623,0.011375,-0.01133,0.022705,0.01731,-0.001509,0.018819
PPL-PQ.TO,2024-05-09,3,streak_3,-0.008024,0.005238,-0.013262,-0.011535,0.00115,-0.012685,-0.047643,-0.01133,-0.036313,0.037111,-0.001509,0.038621
BN.TO,2024-05-09,4,streak_4,0.000752,0.005238,-0.004487,0.009521,0.00115,0.008371,-0.054623,-0.01133,-0.043293,0.011526,-0.001509,0.013035
IMG.TO,2024-05-09,3,streak_3,0.015414,0.005238,0.010176,0.175337,0.00115,0.174187,-0.050096,-0.01133,-0.038766,-0.021195,-0.001509,-0.019685
GCG-A.TO,2024-05-09,2,streak_2,-0.009225,0.005238,-0.014463,-0.013607,0.00115,-0.014757,-0.009917,-0.01133,0.001413,-0.054428,-0.001509,-0.052919
WPM.TO,2024-05-09,2,streak_2,0.022168,0.005238,0.016929,0.019312,0.00115,0.018162,-0.028152,-0.01133,-0.016822,0.00272,-0.001509,0.004229
ENB-PFA.TO,2024-05-10,3,streak_3,0.010307,-0.00299,0.013297,-0.003585,-0.003397,-0.000189,-0.023079,-0.013675,-0.009403,0.06229,-0.002883,0.065173
IMG.TO,2024-05-10,4,streak_4,0.113852,-0.00299,0.116842,0.13852,-0.003397,0.141916,-0.043643,-0.013675,-0.029968,0.111954,-0.002883,0.114837
AD-UN.TO,2024-05-10,5,streak_5plus,0.031507,-0.00299,0.034497,0.026027,-0.003397,0.029424,-0.020548,-0.013675,-0.006872,0.017123,-0.002883,0.020006
DNTL.TO,2024-05-10,2,streak_2,-0.033762,-0.00299,-0.030772,0.027331,-0.003397,0.030728,0.27492,-0.013675,0.288595,0.323151,-0.002883,0.326034
SIL.TO,2024-05-13,3,streak_3,-0.012048,-0.002228,-0.00982,0.091222,0.007015,0.084207,-0.026678,-0.018898,-0.00778,-0.065404,0.004034,-0.069439
HBM.TO,2024-05-14,3,streak_3,0.140951,-0.000714,0.141665,0.176814,0.009389,0.167425,0.031693,-0.01337,0.045063,-0.170142,0.016128,-0.18627
SIL.TO,2024-05-14,4,streak_4,0.025261,-0.000714,0.025976,0.087108,0.009389,0.077719,-0.022648,-0.01337,-0.009278,-0.014808,0.016128,-0.030937
CG.TO,2024-05-14,2,streak_2,0.002364,-0.000714,0.003078,0.152482,0.009389,0.143093,0.053191,-0.01337,0.066561,0.085106,0.016128,0.068978
OLA.TO,2024-05-14,2,streak_2,0.00969,-0.000714,0.010404,0.160853,0.009389,0.151463,0.071705,-0.01337,0.085075,-0.003876,0.016128,-0.020004
CGY.TO,2024-05-14,3,streak_3,0.008151,-0.000714,0.008865,0.040385,0.009389,0.030996,0.011671,-0.01337,0.025041,-0.16821,0.016128,-0.184339
BDT.TO,2024-05-14,8,streak_5plus,-0.005118,-0.000714,-0.004403,0.037871,0.009389,0.028482,0.261003,-0.01337,0.274373,0.095701,0.016128,0.079573
GLXY.TO,2024-05-14,2,streak_2,-0.011155,-0.000714,-0.010441,0.069323,0.009389,0.059933,0.285259,-0.01337,0.298629,0.133068,0.016128,0.11694
DBM.TO,2024-05-14,7,streak_5plus,-0.019608,-0.000714,-0.018894,-0.015083,0.009389,-0.024472,-0.012066,-0.01337,0.001303,-0.078431,0.016128,-0.09456
PEY.TO,2024-05-14,2,streak_2,0.002978,-0.000714,0.003693,0.043187,0.009389,0.033798,0.016381,-0.01337,0.029751,-0.007446,0.016128,-0.023574
ATS.TO,2024-05-16,2,streak_2,0.053975,0.000673,0.053302,-0.027996,-0.003769,-0.024226,-0.028443,-0.028975,0.000532,-0.175812,0.033561,-0.209373
LSPD.TO,2024-05-16,3,streak_3,0.183074,0.000673,0.182401,0.148532,-0.003769,0.152301,0.161197,-0.028975,0.190172,0.054116,0.033561,0.020555
ELE.V,2024-05-20,2,streak_2,0.008403,0.000125,0.008279,0.008403,-0.004095,0.012499,-0.092437,-0.038018,-0.054419,-0.142857,0.028978,-0.171835
HRX.TO,2024-05-21,2,streak_2,0.044367,0.000125,0.044242,0.161515,-0.004095,0.165611,0.208873,-0.038018,0.246892,0.555334,0.028978,0.526356
DMGI.V,2024-05-21,2,streak_2,0.037736,0.000125,0.037611,0.037736,-0.004095,0.041831,0.037736,-0.038018,0.075754,-0.09434,0.028978,-0.123318
TD-PFI.TO,2024-05-22,2,streak_2,-0.002169,-0.005403,0.003234,0.007809,-0.009039,0.016849,-0.018221,-0.04234,0.024119,0.043818,0.025334,0.018484
HRX.TO,2024-05-22,3,streak_3,0.07685,-0.005403,0.082253,0.081623,-0.009039,0.090662,0.145585,-0.04234,0.187925,0.48926,0.025334,0.463927
TD-PFA.TO,2024-05-23,2,streak_2,0.006055,-0.006533,0.012589,0.003893,-0.020083,0.023976,-0.000433,-0.034251,0.033818,0.033737,0.034676,-0.000939
TD-PFJ.TO,2024-05-23,2,streak_2,0.017205,-0.006533,0.023739,0.026437,-0.020083,0.046521,-0.015107,-0.034251,0.019144,0.04658,0.034676,0.011904
TD.TO,2024-05-23,2,streak_2,-0.016084,-0.006533,-0.009551,-0.023776,-0.020083,-0.003693,-0.037483,-0.034251,-0.003232,0.072727,0.034676,0.038051
SVM.TO,2024-05-23,3,streak_3,-0.003817,-0.006533,0.002717,0.072519,-0.020083,0.092603,-0.070611,-0.034251,-0.03636,0.001908,0.034676,-0.032768
EQ.V,2024-05-23,5,streak_5plus,0.0,-0.006533,0.006533,0.018182,-0.020083,0.038265,0.045455,-0.034251,0.079706,0.009091,0.034676,-0.025585
EQ.V,2024-05-24,6,streak_5plus,0.0,0.00541,-0.00541,0.027273,-0.005815,0.033088,0.045455,-0.029094,0.074548,0.018182,0.037688,-0.019506
OAM.V,2024-05-27,5,streak_5plus,0.0,0.002352,-0.002352,0.0,-0.002321,0.002321,-0.116667,-0.02116,-0.095507,-0.333333,0.043242,-0.376575
OAM.V,2024-05-28,6,streak_5plus,0.0,-0.004841,0.004841,-0.083333,-0.011473,-0.07186,0.0,-0.026143,0.026143,-0.266667,0.043605,-0.310272
BNS.TO,2024-05-28,2,streak_2,-0.008518,-0.004841,-0.003677,-0.018569,-0.011473,-0.007096,-0.046337,-0.026143,-0.020195,0.02385,0.043605,-0.019755
LA.V,2024-05-29,3,streak_3,-0.015,-0.016488,0.001488,-0.03,-0.012886,-0.017114,-0.04,-0.021163,-0.018837,-0.16,0.044684,-0.204684
NA.TO,2024-05-29,3,streak_3,0.025488,-0.016488,0.041975,0.045747,-0.012886,0.058633,-0.030716,-0.021163,-0.009553,0.072075,0.044684,0.027391
NA-PE.TO,2024-05-29,2,streak_2,-0.00091,-0.016488,0.015578,0.003185,-0.012886,0.01607,-0.005005,-0.021163,0.016159,0.05323,0.044684,0.008546
CM.TO,2024-05-30,3,streak_3,0.07019,0.007932,0.062258,0.043765,0.01128,0.032486,0.027746,0.002018,0.025727,0.152436,0.056124,0.096312
RY.TO,2024-05-30,4,streak_4,0.051889,0.007932,0.043957,0.040615,0.01128,0.029336,0.031507,0.002018,0.029488,0.145588,0.056124,0.089464
DOO.TO,2024-05-31,2,streak_2,-0.060963,0.008944,-0.069907,-0.044123,0.007131,-0.051254,-0.031099,-0.008876,-0.022224,0.060065,0.052366,0.007699
TCL-A.TO,2024-06-05,3,streak_3,-0.013457,0.007589,-0.021046,0.079058,-0.004136,0.083194,0.142136,0.012094,0.130042,0.250631,0.048348,0.202283
TCL-B.TO,2024-06-05,2,streak_2,-0.009926,0.007589,-0.017515,0.095947,-0.004136,0.100083,0.126551,0.012094,0.114457,0.232423,0.048348,0.184076
DOL.TO,2024-06-12,6,streak_5plus,-0.040898,0.003395,-0.044292,-0.01302,-0.01261,-0.00041,0.030593,0.030008,0.000585,0.07916,0.060487,0.018673
EMP-A.TO,2024-06-20,2,streak_2,0.05378,0.002998,0.050783,0.060424,0.012874,0.04755,0.126542,0.054539,0.072004,0.207529,0.109189,0.098341
PMET.TO,2024-06-21,6,streak_5plus,-0.04562,-0.001228,-0.044393,-0.054745,0.016718,-0.071463,-0.153285,0.059834,-0.213119,-0.379562,0.105925,-0.485487
HIVE.V,2024-06-24,3,streak_3,-0.050119,0.013626,-0.063745,0.011933,0.014888,-0.002954,0.412888,0.058404,0.354483,0.011933,0.108551,-0.096617
BB.TO,2024-06-25,7,streak_5plus,-0.012903,-0.002751,-0.010153,0.090323,0.004815,0.085508,0.064516,0.036204,0.028312,0.06129,0.096281,-0.03499
BU.TO,2024-06-25,4,streak_4,0.045455,-0.002751,0.048205,0.090909,0.004815,0.086094,-0.136364,0.036204,-0.172567,-0.25,0.096281,-0.346281
HIVE.V,2024-06-27,4,streak_4,-0.042129,0.006805,-0.048933,-0.101996,0.020653,-0.122648,0.166297,0.046843,0.119454,0.019956,0.102776,-0.082821
IPCO.TO,2024-06-29,2,streak_2,0.065193,0.003566,0.061628,0.085083,0.011442,0.073641,0.076243,0.043377,0.032866,-0.11768,0.097121,-0.214801
BBU-UN.TO,2024-06-29,4,streak_4,-0.006267,0.003566,-0.009833,-0.012534,0.011442,-0.023976,0.072072,0.043377,0.028695,0.227575,0.097121,0.130454
ATZ.TO,2024-07-10,22,streak_5plus,0.007568,0.013959,-0.006391,0.16333,0.04323,0.1201,0.037842,0.008307,0.029535,0.242432,0.092095,0.150337
ATZ.TO,2024-07-11,23,streak_5plus,0.005815,0.008676,-0.00286,0.147323,0.022416,0.124907,0.028834,-0.00174,0.030575,0.211291,0.083878,0.127413
CRE.V,2024-07-18,3,streak_3,-0.137931,-0.005444,-0.132487,-0.155172,-0.00926,-0.145913,-0.267241,0.008901,-0.276142,0.034483,0.08049,-0.046008
GSY.TO,2024-07-22,9,streak_5plus,0.023283,0.008034,0.015249,0.064693,0.005483,0.059211,-0.009313,0.015293,-0.024606,-0.022063,0.089593,-0.111656
CLS.TO,2024-07-23,22,streak_5plus,0.018395,-0.002575,0.020971,-0.115355,-0.00407,-0.111285,-0.06745,0.010886,-0.078337,-0.010731,0.07944,-0.09017
NGT.TO,2024-07-23,4,streak_4,-0.002206,-0.002575,0.000369,0.006775,-0.00407,0.010845,0.084922,0.010886,0.074036,0.253348,0.07944,0.173908
WCN.TO,2024-07-24,4,streak_4,-0.003365,-0.007636,0.004271,-0.01938,0.000478,-0.019858,0.009609,0.009805,-0.000196,0.002879,0.077137,-0.074259
ARE.TO,2024-07-24,2,streak_2,-0.032787,-0.007636,-0.025151,0.140413,0.000478,0.139936,0.230221,0.009805,0.220416,0.532431,0.077137,0.455293
CLS.TO,2024-07-24,23,streak_5plus,-0.074887,-0.007636,-0.067251,-0.150151,0.000478,-0.150628,-0.100853,0.009805,-0.110658,-0.003136,0.077137,-0.080273
NGT.TO,2024-07-24,5,streak_5plus,0.014369,-0.007636,0.022005,0.011211,0.000478,0.010733,0.079425,0.009805,0.06962,0.237802,0.077137,0.160665
TFII.TO,2024-07-25,2,streak_2,0.021475,-0.001396,0.022871,0.016735,0.020813,-0.004078,-0.040387,0.028556,-0.068943,-0.113761,0.084454,-0.198214
ELD.TO,2024-07-25,9,streak_5plus,-0.037284,-0.001396,-0.035888,0.039059,0.020813,0.018246,0.063915,0.028556,0.035359,0.106081,0.084454,0.021627
BBD-A.TO,2024-07-25,4,streak_4,-0.050215,-0.001396,-0.04882,-0.019225,0.020813,-0.040038,-0.047694,0.028556,-0.07625,0.115874,0.084454,0.03142
L.TO,2024-07-25,6,streak_5plus,-0.003902,-0.001396,-0.002507,0.007317,0.020813,-0.013496,0.023171,0.028556,-0.005385,0.043659,0.084454,-0.040795
BBD-PC.TO,2024-07-25,3,streak_3,0.002719,-0.001396,0.004115,0.047852,0.020813,0.027039,0.028276,0.028556,-0.00028,0.081022,0.084454,-0.003432
LIFT.V,2024-07-26,2,streak_2,-0.028112,0.009147,-0.03726,-0.116466,0.005096,-0.121561,-0.004016,0.032776,-0.036792,0.558233,0.082082,0.476151
TOY.TO,2024-07-29,5,streak_5plus,-0.007442,-0.001543,-0.005899,-0.03938,-0.025738,-0.013642,0.004651,0.019514,-0.014862,0.005581,0.076744,-0.071163
ESK.V,2024-07-29,2,streak_2,-0.021277,-0.001543,-0.019734,-0.06383,-0.025738,-0.038092,-0.170213,0.019514,-0.189726,-0.234043,0.076744,-0.310787
WN.TO,2024-07-29,3,streak_3,-0.007865,-0.001543,-0.006322,-0.015158,-0.025738,0.01058,0.032318,0.019514,0.012804,0.038753,0.076744,-0.037991
WN.TO,2024-07-30,4,streak_4,0.005189,0.00198,0.003209,-0.020611,-0.035128,0.014517,0.037187,0.015251,0.021936,0.051888,0.078272,-0.026384
IFC.TO,2024-07-30,4,streak_4,0.010098,0.00198,0.008119,0.027,-0.035128,0.062128,0.037183,0.015251,0.021932,0.1219,0.078272,0.043628
TCW.TO,2024-07-30,2,streak_2,0.0,0.00198,-0.00198,0.017058,-0.035128,0.052185,0.023454,0.015251,0.008204,-0.121535,0.078272,-0.199807
TOY.TO,2024-07-30,6,streak_5plus,0.012809,0.00198,0.010829,-0.06248,-0.035128,-0.027353,-0.010934,0.015251,-0.026185,-0.014371,0.078272,-0.092642
WSP.TO,2024-07-30,8,streak_5plus,-0.004956,0.00198,-0.006936,-0.058855,-0.035128,-0.023727,-0.018232,0.015251,-0.033482,0.105054,0.078272,0.026782
WN-PA.TO,2024-07-30,2,streak_2,-0.007859,0.00198,-0.009839,0.020342,-0.035128,0.05547,0.03976,0.015251,0.024509,0.046694,0.078272,-0.031577
MX.TO,2024-07-30,9,streak_5plus,-0.019407,0.00198,-0.021387,-0.120012,-0.035128,-0.084885,-0.073746,0.015251,-0.088997,-0.16426,0.078272,-0.242532
BLCO.TO,2024-07-31,6,streak_5plus,0.00937,0.012535,-0.003165,-0.103066,-0.041346,-0.061721,-0.08092,0.017648,-0.098568,0.213373,0.07374,0.139633
CG.TO,2024-07-31,3,streak_3,0.004525,0.012535,-0.00801,-0.061086,-0.041346,-0.01974,0.05543,0.017648,0.037782,0.100679,0.07374,0.026938
AEM.TO,2024-07-31,4,streak_4,0.023082,0.012535,0.010547,-0.045968,-0.041346,-0.004622,0.063648,0.017648,0.046,0.184068,0.07374,0.110328
IVN.TO,2024-07-31,2,streak_2,0.027904,0.012535,0.01537,-0.157175,-0.041346,-0.11583,0.017654,0.017648,6e-06,0.081435,0.07374,0.007695
K.TO,2024-07-31,9,streak_5plus,0.036851,0.012535,0.024316,-0.077052,-0.041346,-0.035706,0.007538,0.017648,-0.01011,0.208543,0.07374,0.134802
RUS.TO,2024-07-31,3,streak_3,0.005597,0.012535,-0.006938,-0.026119,-0.041346,0.015226,-0.046109,0.017648,-0.063756,-0.002399,0.07374,-0.076139
FTS.TO,2024-07-31,8,streak_5plus,0.010559,0.012535,-0.001975,0.027603,-0.041346,0.068948,0.043535,0.017648,0.025887,0.062986,0.07374,-0.010754
X.TO,2024-07-31,2,streak_2,0.004416,0.012535,-0.008119,-0.009323,-0.041346,0.032023,0.017419,0.017648,-0.000229,0.055692,0.07374,-0.018049
NFI.TO,2024-07-31,5,streak_5plus,0.01962,0.012535,0.007085,0.114744,-0.041346,0.15609,0.129013,0.017648,0.111366,-0.019025,0.07374,-0.092765
TRP.TO,2024-08-01,10,streak_5plus,0.018552,-0.016771,0.035324,0.018552,-0.038302,0.056855,0.064751,0.010186,0.054565,0.121499,0.045265,0.076234
CG.TO,2024-08-01,4,streak_4,-0.019144,-0.016771,-0.002373,-0.029279,-0.038302,0.009023,0.039414,0.010186,0.029229,0.070946,0.045265,0.025681
GOOS.TO,2024-08-01,2,streak_2,-0.051475,-0.016771,-0.034704,-0.099812,-0.038302,-0.061509,-0.010672,0.010186,-0.020857,-0.139987,0.045265,-0.185252
TA.TO,2024-08-01,2,streak_2,0.085714,-0.016771,0.102486,0.066995,-0.038302,0.105298,0.146798,0.010186,0.136612,0.406897,0.045265,0.361632
ALA.TO,2024-08-01,2,streak_2,0.022483,-0.016771,0.039254,-0.008866,-0.038302,0.029436,0.048765,0.010186,0.038579,0.019316,0.045265,-0.025949
AD-UN.TO,2024-08-01,6,streak_5plus,-0.00202,-0.016771,0.014751,-0.00202,-0.038302,0.036282,0.024242,0.010186,0.014057,0.129293,0.045265,0.084028
TA-PH.TO,2024-08-01,2,streak_2,0.000998,-0.016771,0.017769,0.021457,-0.038302,0.05976,0.060379,0.010186,0.050194,0.050898,0.045265,0.005634
LSPD.TO,2024-08-01,4,streak_4,-0.011357,-0.016771,0.005414,-0.062196,-0.038302,-0.023893,-0.060032,0.010186,-0.070218,0.138453,0.045265,0.093189
CNQ.TO,2024-08-01,2,streak_2,-0.011094,-0.016771,0.005677,-0.036328,-0.038302,0.001974,-0.004786,0.010186,-0.014971,-0.022406,0.045265,-0.06767
TRI.TO,2024-08-01,10,streak_5plus,-0.014652,-0.016771,0.002119,-0.016432,-0.038302,0.02187,0.034964,0.010186,0.024779,0.02191,0.045265,-0.023355
ERO.TO,2024-08-01,3,streak_3,-0.038519,-0.016771,-0.021747,-0.057407,-0.038302,-0.019105,0.026296,0.010186,0.016111,-0.052963,0.045265,-0.098227
ENB-PFA.TO,2024-08-02,4,streak_4,0.00885,-0.02181,0.03066,0.023311,-0.018127,0.041438,0.062594,0.014052,0.048543,0.100367,0.06742,0.032947
ACO-X.TO,2024-08-02,4,streak_4,0.002202,-0.02181,0.024012,0.00367,-0.018127,0.021797,0.052361,0.014052,0.038309,0.110105,0.06742,0.042685
MAG.TO,2024-08-02,5,streak_5plus,-0.038634,-0.02181,-0.016824,-0.096865,-0.018127,-0.078738,-0.095745,0.014052,-0.109796,0.280515,0.06742,0.213095
IMO.TO,2024-08-02,9,streak_5plus,-0.015158,-0.02181,0.006652,0.035513,-0.018127,0.05364,0.028692,0.014052,0.01464,0.033564,0.06742,-0.033856
CU.TO,2024-08-02,4,streak_4,0.003285,-0.02181,0.025095,-0.001314,-0.018127,0.016813,0.052562,0.014052,0.038511,0.092313,0.06742,0.024893
T.TO,2024-08-02,4,streak_4,0.015919,-0.02181,0.037729,-0.007236,-0.018127,0.010891,-0.021225,0.014052,-0.035277,-0.017849,0.06742,-0.085269
HRX.TO,2024-08-06,4,streak_4,-0.001282,-0.011166,0.009884,-0.000321,0.007707,-0.008027,0.004808,0.036585,-0.031778,0.029808,0.09126,-0.061453
GWO.TO,2024-08-06,5,streak_5plus,-0.011458,-0.011166,-0.000292,0.022135,0.007707,0.014429,0.110156,0.036585,0.073571,0.154427,0.09126,0.063167
RBA.TO,2024-08-06,8,streak_5plus,0.041998,-0.011166,0.053164,0.034148,0.007707,0.026441,0.098028,0.036585,0.061442,0.147777,0.09126,0.056517
SU.TO,2024-08-06,10,streak_5plus,0.00082,-0.011166,0.011986,0.094057,0.007707,0.086351,0.040984,0.036585,0.004398,0.053074,0.09126,-0.038187
GWO-PN.TO,2024-08-06,2,streak_2,-0.012757,-0.011166,-0.001591,-0.03331,0.007707,-0.041016,0.003544,0.036585,-0.033042,-0.012757,0.09126,-0.104017
IAG.TO,2024-08-06,2,streak_2,-0.011132,-0.011166,3.5e-05,0.102505,0.007707,0.094798,0.183558,0.036585,0.146972,0.286294,0.09126,0.195034
MFC-PB.TO,2024-08-06,3,streak_3,0.001591,-0.011166,0.012757,0.0,0.007707,-0.007707,0.032344,0.036585,-0.004242,0.004772,0.09126,-0.086488
PET.TO,2024-08-06,5,streak_5plus,-0.051804,-0.011166,-0.040637,-0.090177,0.007707,-0.097883,-0.08749,0.036585,-0.124076,-0.041827,0.09126,-0.133087
OR.TO,2024-08-06,3,streak_3,-0.039232,-0.011166,-0.028066,-0.018337,0.007707,-0.026044,-0.057996,0.036585,-0.094581,0.190618,0.09126,0.099358
MFC-PC.TO,2024-08-06,3,streak_3,-0.002714,-0.011166,0.008452,0.006515,0.007707,-0.001192,0.039631,0.036585,0.003046,0.009772,0.09126,-0.081488
TFPM.TO,2024-08-06,4,streak_4,-0.029311,-0.011166,-0.018145,0.040059,0.007707,0.032352,0.031754,0.036585,-0.004831,0.149487,0.09126,0.058227
SII.TO,2024-08-06,2,streak_2,-0.039476,-0.011166,-0.02831,-0.036246,0.007707,-0.043953,-0.069621,0.036585,-0.106207,0.051857,0.09126,-0.039403
PRMW.TO,2024-08-07,3,streak_3,-0.004823,-0.004477,-0.000346,-0.011368,0.029064,-0.040431,0.07475,0.045902,0.028848,0.194626,0.10958,0.085046
GSY.TO,2024-08-07,10,streak_5plus,-0.030832,-0.004477,-0.026356,-0.023097,0.029064,-0.052161,-0.054471,0.045902,-0.100373,-0.065884,0.10958,-0.175464
TFPM.TO,2024-08-07,5,streak_5plus,-0.020634,-0.004477,-0.016157,0.058883,0.029064,0.029819,0.061902,0.045902,0.016,0.18923,0.10958,0.07965
MFC.TO,2024-08-07,5,streak_5plus,-0.02343,-0.004477,-0.018953,0.026554,0.029064,-0.002509,0.108404,0.045902,0.062502,0.234614,0.10958,0.125034
NTR.TO,2024-08-07,2,streak_2,-0.003895,-0.004477,0.000582,-0.018987,0.029064,-0.048051,-0.033106,0.045902,-0.079008,0.089906,0.10958,-0.019674
CVO.TO,2024-08-07,2,streak_2,-0.025,-0.004477,-0.020523,0.075,0.029064,0.045936,-0.033333,0.045902,-0.079235,0.19,0.10958,0.08042
BDT.TO,2024-08-07,9,streak_5plus,-0.003239,-0.004477,0.001238,-0.009255,0.029064,-0.038318,-0.030541,0.045902,-0.076443,0.388246,0.10958,0.278666
PBH.TO,2024-08-07,2,streak_2,0.005687,-0.004477,0.010164,0.002541,0.029064,-0.026522,0.00242,0.045902,-0.043482,-0.016457,0.10958,-0.126037
FSZ.TO,2024-08-07,3,streak_3,-0.025223,-0.004477,-0.020746,0.007418,0.029064,-0.021645,-0.014837,0.045902,-0.060739,0.304154,0.10958,0.194574
SII.TO,2024-08-07,3,streak_3,-0.023912,-0.004477,-0.019435,0.008967,0.029064,-0.020097,-0.028022,0.045902,-0.073924,0.142724,0.10958,0.033144
SHOP.TO,2024-08-07,2,streak_2,0.178514,-0.004477,0.182991,0.285408,0.029064,0.256344,0.270655,0.045902,0.224752,0.4772,0.10958,0.36762
AC.TO,2024-08-07,2,streak_2,-0.013871,-0.004477,-0.009394,0.01255,0.029064,-0.016514,0.021797,0.045902,-0.024106,0.464993,0.10958,0.355414
IFOS.V,2024-08-07,6,streak_5plus,-0.007634,-0.004477,-0.003157,0.091603,0.029064,0.06254,0.129771,0.045902,0.083869,0.19084,0.10958,0.08126
WPM.TO,2024-08-07,3,streak_3,-0.030088,-0.004477,-0.025611,0.054159,0.029064,0.025095,0.070875,0.045902,0.024972,0.201926,0.10958,0.092346
EQX.TO,2024-08-07,6,streak_5plus,-0.038849,-0.004477,-0.034372,0.01295,0.029064,-0.016114,0.058993,0.045902,0.013091,0.071942,0.10958,-0.037637
PBH.TO,2024-08-08,3,streak_3,-0.009505,0.015749,-0.025254,-0.002406,0.040172,-0.042578,-0.005535,0.04115,-0.046685,-0.097341,0.125977,-0.223318
CCL-B.TO,2024-08-08,2,streak_2,0.014514,0.015749,-0.001235,0.066909,0.040172,0.026737,0.137155,0.04115,0.096005,0.183019,0.125977,0.057042
SAP.TO,2024-08-08,2,streak_2,0.028117,0.015749,0.012368,-0.026423,0.040172,-0.066595,-0.03252,0.04115,-0.07367,-0.128388,0.125977,-0.254364
POW-PC.TO,2024-08-08,2,streak_2,0.002255,0.015749,-0.013494,0.001353,0.040172,-0.038819,0.026161,0.04115,-0.014988,0.001804,0.125977,-0.124173
CEU.TO,2024-08-08,5,streak_5plus,0.029412,0.015749,0.013663,0.053221,0.040172,0.013049,-0.019608,0.04115,-0.060758,0.166667,0.125977,0.04069
POW.TO,2024-08-08,2,streak_2,-0.008562,0.015749,-0.024311,0.049601,0.040172,0.00943,0.130204,0.04115,0.089054,0.288751,0.125977,0.162774
IMG.TO,2024-08-08,5,streak_5plus,0.02834,0.015749,0.012591,0.354251,0.040172,0.314079,0.321862,0.04115,0.280712,0.461538,0.125977,0.335562
PPL-PC.TO,2024-08-08,3,streak_3,0.0,0.015749,-0.015749,0.005873,0.040172,-0.034299,0.054458,0.04115,0.013308,0.040577,0.125977,-0.0854
PPL-PA.TO,2024-08-08,3,streak_3,0.0,0.015749,-0.015749,0.013889,0.040172,-0.026283,0.032407,0.04115,-0.008742,0.070473,0.125977,-0.055504
GPH.V,2024-08-08,2,streak_2,-0.047059,0.015749,-0.062808,-0.047059,0.040172,-0.087231,-0.082353,0.04115,-0.123503,-0.070588,0.125977,-0.196565
BN.TO,2024-08-08,5,streak_5plus,0.034333,0.015749,0.018584,0.076864,0.040172,0.036692,0.060979,0.04115,0.019829,0.348194,0.125977,0.222217
QBR-A.TO,2024-08-08,2,streak_2,0.034539,0.015749,0.01879,0.035842,0.040172,-0.00433,0.060932,0.04115,0.019782,0.097752,0.125977,-0.028225
RSI.TO,2024-08-08,3,streak_3,0.001901,0.015749,-0.013848,-0.038023,0.040172,-0.078195,-0.011407,0.04115,-0.052557,0.015209,0.125977,-0.110768
PRMW.TO,2024-08-08,4,streak_4,-0.017999,0.015749,-0.033748,0.002077,0.040172,-0.038095,0.058498,0.04115,0.017348,0.228453,0.125977,0.102476
LAS-A.TO,2024-08-08,2,streak_2,0.038532,0.015749,0.022783,0.128686,0.040172,0.088514,0.119779,0.04115,0.078629,0.162966,0.125977,0.03699
LNR.TO,2024-08-08,6,streak_5plus,0.034541,0.015749,0.018792,0.006539,0.040172,-0.033633,-0.009893,0.04115,-0.051043,-0.034038,0.125977,-0.160014
JWEL.TO,2024-08-08,2,streak_2,0.002901,0.015749,-0.012847,-0.034172,0.040172,-0.074343,-0.001612,0.04115,-0.042762,0.046099,0.125977,-0.079878
QBR-B.TO,2024-08-08,2,streak_2,0.03628,0.015749,0.020531,0.043206,0.040172,0.003034,0.066953,0.04115,0.025803,0.08839,0.125977,-0.037586
CTC-A.TO,2024-08-08,2,streak_2,0.077378,0.015749,0.061629,0.080682,0.040172,0.04051,0.130168,0.04115,0.089018,0.097434,0.125977,-0.028543
CTC.TO,2024-08-08,2,streak_2,0.0,0.015749,-0.015749,0.11386,0.040172,0.073688,0.179991,0.04115,0.138841,0.097418,0.125977,-0.028559
LNF.TO,2024-08-08,3,streak_3,0.009073,0.015749,-0.006676,0.016174,0.040172,-0.023998,0.099408,0.04115,0.058258,0.063116,0.125977,-0.06286
AQN-PA.TO,2024-08-09,2,streak_2,0.006979,0.003856,0.003123,0.006979,0.036314,-0.029335,0.045862,0.036067,0.009796,0.00349,0.117896,-0.114406
CGX.TO,2024-08-09,2,streak_2,0.076923,0.003856,0.073067,0.16388,0.036314,0.127566,0.192865,0.036067,0.156799,0.148272,0.117896,0.030376
ABX.TO,2024-08-11,18,streak_5plus,0.093791,0.003926,0.089864,0.128962,0.033315,0.095647,0.123317,0.031007,0.092311,0.078593,0.109725,-0.031132
BLDP.TO,2024-08-11,2,streak_2,-0.059925,0.003926,-0.063851,-0.044944,0.033315,-0.078259,-0.11985,0.031007,-0.150857,-0.292135,0.109725,-0.401859
ABX.TO,2024-08-12,19,streak_5plus,0.093791,0.003926,0.089864,0.128962,0.033315,0.095647,0.123317,0.031007,0.092311,0.078593,0.109725,-0.031132
BLDP.TO,2024-08-12,3,streak_3,-0.059925,0.003926,-0.063851,-0.044944,0.033315,-0.078259,-0.11985,0.031007,-0.150857,-0.292135,0.109725,-0.401859
SVM.TO,2024-08-12,4,streak_4,0.009302,0.003926,0.005376,0.144186,0.033315,0.110871,0.065116,0.031007,0.03411,0.32093,0.109725,0.211206
PMET.TO,2024-08-13,7,streak_5plus,-0.021505,0.009791,-0.031296,0.019355,0.032033,-0.012678,-0.24086,0.036265,-0.277125,-0.307527,0.10672,-0.414246
HIVE.V,2024-08-13,5,streak_5plus,0.013055,0.009791,0.003264,0.096606,0.032033,0.064573,0.065274,0.036265,0.029009,0.91906,0.10672,0.812341
BU.TO,2024-08-13,5,streak_5plus,0.0,0.009791,-0.009791,-0.051282,0.032033,-0.083315,-0.102564,0.036265,-0.138829,-0.282051,0.10672,-0.388771
SVM.TO,2024-08-13,5,streak_5plus,0.0,0.009791,-0.009791,0.179724,0.032033,0.147691,0.048387,0.036265,0.012122,0.239631,0.10672,0.132912
IPO.TO,2024-08-14,2,streak_2,-0.013599,0.006269,-0.019869,-0.029012,0.018534,-0.047546,-0.078876,0.037885,-0.116761,-0.211242,0.1019,-0.313142
BU.TO,2024-08-14,6,streak_5plus,-0.025641,0.006269,-0.03191,-0.076923,0.018534,-0.095457,-0.128205,0.037885,-0.166091,-0.333333,0.1019,-0.435234
BLX.TO,2024-08-14,2,streak_2,0.003295,0.006269,-0.002974,-0.03595,0.018534,-0.054483,-0.020072,0.037885,-0.057957,-0.053625,0.1019,-0.155525
MRU.TO,2024-08-14,3,streak_3,0.009429,0.006269,0.00316,0.026025,0.018534,0.007491,0.069902,0.037885,0.032017,0.085743,0.1019,-0.016157
EQ.V,2024-08-22,7,streak_5plus,0.009009,-0.003642,0.012651,-0.009009,0.000229,-0.009238,-0.036036,0.032251,-0.068287,-0.009009,0.082814,-0.091823
GIII.V,2024-08-23,5,streak_5plus,-0.065217,0.010791,-0.076008,-0.043478,0.008247,-0.051726,-0.086957,0.037209,-0.124165,0.086957,0.102146,-0.01519
RX.V,2024-08-26,2,streak_2,-0.005988,0.002701,-0.008689,0.055888,0.002581,0.053307,0.07485,0.028605,0.046245,0.098802,0.092682,0.00612
EQ.V,2024-08-27,8,streak_5plus,0.0,-0.003812,0.003812,0.0,-0.013127,0.013127,-0.018182,0.023851,-0.042033,-0.009091,0.088286,-0.097377
LA.V,2024-08-27,4,streak_4,-0.011765,-0.003812,-0.007953,0.02,-0.013127,0.033127,-0.058824,0.023851,-0.082675,-0.062353,0.088286,-0.150639
BNS.TO,2024-08-27,3,streak_3,0.024792,-0.003812,0.028604,0.033611,-0.013127,0.046738,0.108319,0.023851,0.084468,0.228453,0.088286,0.140166
RY.TO,2024-08-28,5,streak_5plus,0.021775,-0.005718,0.027493,0.053806,-0.009424,0.06323,0.071586,0.033267,0.038318,0.124725,0.092223,0.032503
KUT.V,2024-08-28,2,streak_2,0.016181,-0.005718,0.021899,0.019417,-0.009424,0.028841,0.245955,0.033267,0.212687,0.576052,0.092223,0.483829
NA-PE.TO,2024-08-28,3,streak_3,0.006479,-0.005718,0.012197,0.000864,-0.009424,0.010288,-0.003456,0.033267,-0.036723,0.013823,0.092223,-0.0784
NA.TO,2024-08-28,4,streak_4,0.058521,-0.005718,0.064239,0.036402,-0.009424,0.045826,0.068449,0.033267,0.035182,0.156144,0.092223,0.063921
EQB.TO,2024-08-28,2,streak_2,-0.011042,-0.005718,-0.005324,-0.018824,-0.009424,-0.0094,0.070144,0.033267,0.036877,0.145126,0.092223,0.052903
CM.TO,2024-08-29,4,streak_4,0.05503,0.004346,0.050685,0.098022,-0.005997,0.10402,0.138292,0.03588,0.102412,0.247205,0.102101,0.145104
LB.TO,2024-08-30,2,streak_2,-0.042622,0.00511,-0.047732,-0.031363,-0.019206,-0.012157,0.011259,0.033275,-0.022017,0.11339,0.099709,0.01368
DOO.TO,2024-09-05,3,streak_3,-0.040781,-0.002279,-0.038502,-0.112092,0.007396,-0.119488,-0.14524,0.040263,-0.185504,-0.251663,0.112622,-0.364285
DOO.TO,2024-09-06,4,streak_4,-0.045356,-0.009,-0.036356,-0.052404,0.021176,-0.07358,-0.097761,0.051091,-0.148852,-0.235535,0.115402,-0.350937
TCL-B.TO,2024-09-11,3,streak_3,0.001334,0.009047,-0.007712,-0.003336,0.029326,-0.032662,0.070047,0.053115,0.016932,0.083389,0.113998,-0.030609
DOL.TO,2024-09-11,7,streak_5plus,0.081839,0.009047,0.072792,0.075192,0.029326,0.045866,0.116992,0.053115,0.063878,0.119315,0.113998,0.005317
TCL-A.TO,2024-09-11,4,streak_4,0.017784,0.009047,0.008737,0.033516,0.029326,0.004189,0.084815,0.053115,0.031701,0.100547,0.113998,-0.013451
EMP-A.TO,2024-09-12,3,streak_3,0.05582,0.01137,0.044451,0.019577,0.016432,0.003145,0.065079,0.047008,0.018072,0.132011,0.098793,0.033218
AIR.V,2024-09-26,2,streak_2,0.0,0.00535,-0.00535,0.0,0.004003,-0.004003,0.285714,0.023333,0.262381,-0.214286,0.039358,-0.253644
BBD-B.TO,2024-09-30,2,streak_2,0.025102,0.00182,0.023282,0.039645,0.008599,0.031047,0.038151,0.025287,0.012864,-0.036956,0.027708,-0.064664
CNC.V,2024-09-30,3,streak_3,-0.017699,0.00182,-0.019519,-0.026549,0.008599,-0.035147,-0.097345,0.025287,-0.122632,-0.185841,0.027708,-0.213549
ATZ.TO,2024-10-10,24,streak_5plus,0.0006,0.003195,-0.002595,-0.126025,0.01922,-0.145245,-0.087818,0.022064,-0.109882,0.357471,0.022407,0.335065
MTY.TO,2024-10-11,2,streak_2,-0.014778,0.00695,-0.021728,-0.002911,0.021405,-0.024316,0.010076,0.020039,-0.009963,-0.040305,0.009629,-0.049933
GSY.TO,2024-10-20,11,streak_5plus,-0.034322,-0.003996,-0.030326,-0.077622,-0.014455,-0.063167,-0.078553,0.00622,-0.084773,-0.060762,0.01242,-0.073182
GSY.TO,2024-10-21,12,streak_5plus,-0.034322,-0.003996,-0.030326,-0.077622,-0.014455,-0.063167,-0.078553,0.00622,-0.084773,-0.060762,0.01242,-0.073182
CLS.TO,2024-10-23,24,streak_5plus,0.026214,-0.004702,0.030916,0.257231,-0.005148,0.262379,0.570119,0.014046,0.556072,1.289902,0.025185,1.264717
WCN.TO,2024-10-23,5,streak_5plus,-0.004267,-0.004702,0.000435,0.002697,-0.005148,0.007845,0.04251,0.014046,0.028464,0.026851,0.025185,0.001666
WCP.TO,2024-10-23,2,streak_2,-0.007277,-0.004702,-0.002574,-0.004158,-0.005148,0.00099,0.00104,0.014046,-0.013007,-0.017672,0.025185,-0.042856
TECK-B.TO,2024-10-24,2,streak_2,-0.034797,-0.000895,-0.033901,-0.035531,-0.002678,-0.032853,-0.031273,0.033251,-0.064524,-0.095727,0.035017,-0.130745
CTS.TO,2024-10-24,2,streak_2,-0.235828,-0.000895,-0.234932,-0.315193,-0.002678,-0.312515,-0.240363,0.033251,-0.273614,-0.188209,0.035017,-0.223226
NGD.TO,2024-10-29,2,streak_2,0.020151,-0.000126,0.020277,-0.035264,-0.012603,-0.022662,-0.04534,0.03417,-0.07951,0.04534,0.034756,0.010584
BLCO.TO,2024-10-30,7,streak_5plus,-0.013504,-0.002231,-0.011273,-0.051247,-0.007112,-0.044134,-0.007964,0.037687,-0.045651,-0.106648,0.037077,-0.143725
KXS.TO,2024-10-30,2,streak_2,0.002229,-0.002231,0.00446,0.056879,-0.007112,0.063991,0.142866,0.037687,0.105179,0.083057,0.037077,0.045981
IVN.TO,2024-10-30,3,streak_3,-0.038481,-0.002231,-0.03625,-0.008608,-0.007112,-0.001495,-0.051646,0.037687,-0.089333,-0.196962,0.037077,-0.234039
AEM.TO,2024-10-30,5,streak_5plus,-0.008472,-0.002231,-0.006241,-0.040385,-0.007112,-0.033273,-0.053298,0.037687,-0.090986,0.055437,0.037077,0.01836
X.TO,2024-10-30,3,streak_3,0.001396,-0.002231,0.003627,0.0128,-0.007112,0.019912,0.013498,0.037687,-0.02419,0.039562,0.037077,0.002486
ARE.TO,2024-10-31,3,streak_3,0.005391,-0.014318,0.019709,0.251123,0.005292,0.245831,0.258311,0.04226,0.216051,0.075472,0.053065,0.022407
ELD.TO,2024-10-31,10,streak_5plus,-0.030812,-0.014318,-0.016494,-0.097239,0.005292,-0.102531,-0.110844,0.04226,-0.153104,-0.106042,0.053065,-0.159107
CNQ.TO,2024-10-31,3,streak_3,-0.003106,-0.014318,0.011212,0.017746,0.005292,0.012454,0.000444,0.04226,-0.041816,-0.045031,0.053065,-0.098096
VRN.TO,2024-10-31,2,streak_2,-0.143911,-0.014318,-0.129594,-0.110701,0.005292,-0.115993,-0.111931,0.04226,-0.154191,-0.078721,0.053065,-0.131786
ALA.TO,2024-10-31,3,streak_3,-0.014089,-0.014318,0.000229,-0.018377,0.005292,-0.023669,0.009801,0.04226,-0.032459,0.009801,0.053065,-0.043264
GIL.TO,2024-10-31,2,streak_2,0.01291,-0.014318,0.027228,0.024605,0.005292,0.019313,0.04192,0.04226,-0.00034,0.132594,0.053065,0.079529
FFH.TO,2024-10-31,2,streak_2,-0.012742,-0.014318,0.001576,0.033007,0.005292,0.027714,0.12627,0.04226,0.08401,0.136584,0.053065,0.083519
FIH-U.TO,2024-10-31,2,streak_2,-0.008125,-0.014318,0.006193,0.054841,0.005292,0.049549,0.023697,0.04226,-0.018563,0.178064,0.053065,0.124999
AC.TO,2024-11-01,3,streak_3,0.139905,0.004069,0.135835,0.226285,0.028522,0.197763,0.322734,0.061726,0.261009,0.039216,0.056969,-0.017754
ENB-PFA.TO,2024-11-01,5,streak_5plus,0.003148,0.004069,-0.000921,0.045651,0.028522,0.017129,0.093467,0.061726,0.031742,0.134789,0.056969,0.07782
IMO.TO,2024-11-01,10,streak_5plus,-0.051282,0.004069,-0.055351,-0.012721,0.028522,-0.041243,-0.001988,0.061726,-0.063713,-0.064103,0.056969,-0.121072
WTE.TO,2024-11-04,2,streak_2,0.000922,3.7e-05,0.000885,0.029046,0.020787,0.008258,0.042416,0.055044,-0.012628,0.02213,0.040676,-0.018546
TPZ.TO,2024-11-04,2,streak_2,0.012243,3.7e-05,0.012206,0.045024,0.020787,0.024236,0.037125,0.055044,-0.017919,-0.039494,0.040676,-0.08017
SLF.TO,2024-11-04,2,streak_2,-0.002307,3.7e-05,-0.002344,0.062161,0.020787,0.041373,0.128257,0.055044,0.073213,0.080212,0.040676,0.039536
IFOS.V,2024-11-05,7,streak_5plus,0.019608,0.005434,0.014174,0.091503,0.021982,0.069521,0.052288,0.056876,-0.004589,0.189542,0.042187,0.147355
FTS.TO,2024-11-05,9,streak_5plus,0.030078,0.005434,0.024644,0.041224,0.021982,0.019242,0.06281,0.056876,0.005933,0.04494,0.042187,0.002752
PET.TO,2024-11-05,6,streak_5plus,-0.022427,0.005434,-0.027861,-0.001201,0.021982,-0.023184,0.066079,0.056876,0.009203,0.006007,0.042187,-0.03618
AD-UN.TO,2024-11-05,7,streak_5plus,0.023966,0.005434,0.018533,0.068904,0.021982,0.046921,0.095267,0.056876,0.03839,0.136609,0.042187,0.094421
TRI.TO,2024-11-05,11,streak_5plus,0.03239,0.005434,0.026956,0.027243,0.021982,0.005261,0.013133,0.056876,-0.043743,0.051957,0.042187,0.009769
RAY-A.TO,2024-11-05,2,streak_2,0.023416,0.005434,0.017982,0.066116,0.021982,0.044134,0.055096,0.056876,-0.00178,0.110193,0.042187,0.068005
K.TO,2024-11-05,10,streak_5plus,0.002185,0.005434,-0.003249,-0.051712,0.021982,-0.073694,0.011653,0.056876,-0.045223,0.188638,0.042187,0.146451
BDT.TO,2024-11-05,10,streak_5plus,0.000333,0.005434,-0.0051,-0.050684,0.021982,-0.072666,-0.006669,0.056876,-0.063545,-0.237746,0.042187,-0.279933
MX.TO,2024-11-05,10,streak_5plus,-0.001121,0.005434,-0.006555,0.08352,0.021982,0.061538,0.221039,0.056876,0.164162,0.413117,0.042187,0.370929
TFPM.TO,2024-11-05,6,streak_5plus,0.00425,0.005434,-0.001184,-0.045899,0.021982,-0.067881,-0.0034,0.056876,-0.060276,-0.010625,0.042187,-0.052812
IAG.TO,2024-11-05,3,streak_3,0.003696,0.005434,-0.001738,0.119174,0.021982,0.097192,0.184531,0.056876,0.127654,0.147571,0.042187,0.105383
IFC.TO,2024-11-05,5,streak_5plus,0.008161,0.005434,0.002727,-0.005932,0.021982,-0.027914,-3.8e-05,0.056876,-0.056914,-0.025351,0.042187,-0.067539
INE.TO,2024-11-06,2,streak_2,-0.018994,0.010235,-0.029229,-0.051397,0.021941,-0.073338,-0.067039,0.05139,-0.118429,-0.202235,0.048463,-0.250697
MFC.TO,2024-11-06,6,streak_5plus,0.050101,0.010235,0.039867,0.093877,0.021941,0.071935,0.104251,0.05139,0.052861,0.039221,0.048463,-0.009242
OR.TO,2024-11-06,4,streak_4,-0.001782,0.010235,-0.012016,-0.085175,0.021941,-0.107116,-0.0335,0.05139,-0.08489,-0.004277,0.048463,-0.052739
CEU.TO,2024-11-06,6,streak_5plus,0.038653,0.010235,0.028419,0.110973,0.021941,0.089031,0.197007,0.05139,0.145617,0.093516,0.048463,0.045054
SII.TO,2024-11-06,4,streak_4,-0.045938,0.010235,-0.056172,-0.051986,0.021941,-0.073927,-0.014713,0.05139,-0.066103,0.009645,0.048463,-0.038817
ARX.TO,2024-11-06,2,streak_2,0.007181,0.010235,-0.003053,0.081239,0.021941,0.059298,0.086625,0.05139,0.035235,0.10009,0.048463,0.051627
WDO.TO,2024-11-06,2,streak_2,-0.005029,0.010235,-0.015264,-0.045264,0.021941,-0.067205,0.101425,0.05139,0.050035,0.222967,0.048463,0.174505
SVM.TO,2024-11-06,6,streak_5plus,-0.006431,0.010235,-0.016665,-0.12701,0.021941,-0.148951,-0.297428,0.05139,-0.348818,-0.241158,0.048463,-0.28962
GWO.TO,2024-11-06,6,streak_5plus,0.007388,0.010235,-0.002847,0.03649,0.021941,0.014549,0.045892,0.05139,-0.005498,0.017014,0.048463,-0.031449
IFOS.V,2024-11-06,8,streak_5plus,0.012821,0.010235,0.002586,0.076923,0.021941,0.054982,0.032051,0.05139,-0.019339,0.166667,0.048463,0.118204
MX.TO,2024-11-06,11,streak_5plus,-0.00318,0.010235,-0.013415,0.083053,0.021941,0.061112,0.211934,0.05139,0.160544,0.377104,0.048463,0.328642
WSP.TO,2024-11-06,9,streak_5plus,0.004965,0.010235,-0.005269,-0.040724,0.021941,-0.062665,0.006447,0.05139,-0.044943,-0.004805,0.048463,-0.053268
BBD-A.TO,2024-11-07,5,streak_5plus,-0.070047,0.008459,-0.078505,-0.128093,0.014267,-0.14236,-0.030605,0.042314,-0.072918,-0.259721,0.036408,-0.296129
H.TO,2024-11-07,2,streak_2,0.006279,0.008459,-0.00218,-0.003488,0.014267,-0.017755,0.056977,0.042314,0.014663,0.038605,0.036408,0.002197
ECN-PC.TO,2024-11-07,2,streak_2,0.00059,0.008459,-0.007869,0.104425,0.014267,0.090158,0.174631,0.042314,0.132318,0.20413,0.036408,0.167722
CAS.TO,2024-11-07,2,streak_2,0.018287,0.008459,0.009828,0.017324,0.014267,0.003057,0.153994,0.042314,0.111681,0.190568,0.036408,0.15416
IMG.TO,2024-11-07,6,streak_5plus,0.023546,0.008459,0.015087,-0.031856,0.014267,-0.046123,0.083102,0.042314,0.040789,0.279778,0.036408,0.24337
AAUC.TO,2024-11-07,2,streak_2,0.052342,0.008459,0.043883,-0.15427,0.014267,-0.168537,-0.055096,0.042314,-0.09741,0.341598,0.036408,0.30519
SVM.TO,2024-11-07,7,streak_5plus,0.024272,0.008459,0.015813,-0.122977,0.014267,-0.137244,-0.273463,0.042314,-0.315776,-0.237864,0.036408,-0.274272
GOOS.TO,2024-11-07,3,streak_3,0.000743,0.008459,-0.007716,0.007429,0.014267,-0.006837,-0.002229,0.042314,-0.044542,0.038633,0.036408,0.002225
CTC-A.TO,2024-11-07,3,streak_3,0.019465,0.008459,0.011006,0.008122,0.014267,-0.006145,0.045792,0.042314,0.003478,0.064277,0.036408,0.027869
WPM.TO,2024-11-07,4,streak_4,0.018431,0.008459,0.009972,-0.056906,0.014267,-0.071173,0.009676,0.042314,-0.032637,0.094229,0.036408,0.057821
LSPD.TO,2024-11-07,5,streak_5plus,0.070127,0.008459,0.061669,0.172131,0.014267,0.157864,0.091985,0.042314,0.049672,-0.178506,0.036408,-0.214914
FSZ.TO,2024-11-07,4,streak_4,0.109853,0.008459,0.101394,0.012458,0.014267,-0.001809,0.012458,0.042314,-0.029856,-0.228766,0.036408,-0.265173
LUG.TO,2024-11-07,2,streak_2,0.020141,0.008459,0.011682,-0.028197,0.014267,-0.042464,0.120175,0.042314,0.077861,0.285331,0.036408,0.248923
LAS-A.TO,2024-11-07,3,streak_3,-0.007891,0.008459,-0.01635,0.039979,0.014267,0.025712,0.00058,0.042314,-0.041733,0.011953,0.036408,-0.024455
CRE.V,2024-11-07,4,streak_4,-0.018868,0.008459,-0.027327,-0.160377,0.014267,-0.174644,-0.264151,0.042314,-0.306464,-0.150943,0.036408,-0.187351
CTC.TO,2024-11-07,3,streak_3,0.0364,0.008459,0.027942,0.013621,0.014267,-0.000646,0.012494,0.042314,-0.02982,0.064018,0.036408,0.02761
TRP.TO,2024-11-07,11,streak_5plus,0.021831,0.008459,0.013372,0.007017,0.014267,-0.00725,0.019804,0.042314,-0.02251,0.011383,0.036408,-0.025025
JWEL.TO,2024-11-07,3,streak_3,0.005239,0.008459,-0.00322,0.088752,0.014267,0.074485,0.115254,0.042314,0.072941,-0.036055,0.036408,-0.072463
PRMW.TO,2024-11-07,5,streak_5plus,-0.045083,0.008459,-0.053542,None,None,None,None,None,None,None,None,None
FIL.TO,2024-11-08,2,streak_2,-0.011869,-0.003481,-0.008387,-0.02039,0.008203,-0.028592,-0.017651,0.034046,-0.051697,None,None,None
BBU-UN.TO,2024-11-08,2,streak_2,0.049136,-0.003481,0.052617,0.056718,0.008203,0.048516,0.053988,0.034046,0.019943,-0.029421,0.024028,-0.053449
RBA.TO,2024-11-08,9,streak_5plus,0.03229,-0.003481,0.035771,0.048763,0.008203,0.04056,0.109982,0.034046,0.075936,0.072693,0.024028,0.048665
T.TO,2024-11-08,5,streak_5plus,0.037871,-0.003481,0.041352,0.015353,0.008203,0.007151,0.058342,0.034046,0.024296,-0.003071,0.024028,-0.027099
GPH.V,2024-11-08,3,streak_3,-0.025,-0.003481,-0.021519,-0.0625,0.008203,-0.070703,0.0,0.034046,-0.034046,0.1875,0.024028,0.163472
NVA.TO,2024-11-08,2,streak_2,0.074359,-0.003481,0.07784,0.113675,0.008203,0.105473,0.142735,0.034046,0.108689,0.073504,0.024028,0.049476
MKP.TO,2024-11-11,2,streak_2,-0.009259,0.001208,-0.010467,0.064815,0.005303,0.059512,0.065972,0.034977,0.030996,0.020833,0.03633,-0.015496
BITF.TO,2024-11-11,2,streak_2,0.16879,0.001208,0.167582,0.009554,0.005303,0.004251,-0.035032,0.034977,-0.070008,-0.363057,0.03633,-0.399387
CAE.TO,2024-11-11,2,streak_2,0.021341,0.001208,0.020134,0.168826,0.005303,0.163523,0.25686,0.034977,0.221883,0.313262,0.03633,0.276933
HRX.TO,2024-11-11,5,streak_5plus,0.00187,0.001208,0.000662,-0.004986,0.005303,-0.010289,-0.009972,0.034977,-0.044949,0.010284,0.03633,-0.026046
MAG.TO,2024-11-12,6,streak_5plus,0.003383,0.005393,-0.00201,0.043499,0.007568,0.035932,0.048816,0.028843,0.019973,0.092798,0.033986,0.058812
HRX.TO,2024-11-12,6,streak_5plus,0.000622,0.005393,-0.004771,-0.008709,0.007568,-0.016277,-0.012131,0.028843,-0.040974,0.010575,0.033986,-0.023411
LNR.TO,2024-11-12,7,streak_5plus,0.009551,0.005393,0.004158,0.011598,0.007568,0.00403,0.0394,0.028843,0.010557,-0.097732,0.033986,-0.131718
CAE.TO,2024-11-12,3,streak_3,0.00597,0.005393,0.000577,0.163806,0.007568,0.156238,0.233955,0.028843,0.205112,0.26791,0.033986,0.233924
SU.TO,2024-11-12,11,streak_5plus,-0.016813,0.005393,-0.022207,0.057891,0.007568,0.050323,0.003057,0.028843,-0.025786,0.08483,0.033986,0.050844
L.TO,2024-11-13,7,streak_5plus,-0.023923,0.002648,-0.026572,-0.065028,0.003523,-0.068551,0.029796,0.029479,0.000317,-0.045455,0.025683,-0.071138
ADEN.TO,2024-11-13,2,streak_2,-0.007042,0.002648,-0.00969,-0.046948,0.003523,-0.050471,0.000782,0.029479,-0.028696,-0.136411,0.025683,-0.162094
PBL.TO,2024-11-13,2,streak_2,-0.002983,0.002648,-0.005631,0.06732,0.003523,0.063797,0.045164,0.029479,0.015685,0.112484,0.025683,0.086801
HIVE.V,2024-11-13,6,streak_5plus,-0.106122,0.002648,-0.108771,-0.183673,0.003523,-0.187196,-0.238095,0.029479,-0.267574,-0.465306,0.025683,-0.490989
KNT.TO,2024-11-14,2,streak_2,0.02657,0.002429,0.024141,0.100242,0.001901,0.098341,0.150966,0.016875,0.134091,0.281401,0.028392,0.253008
BN.TO,2024-11-14,6,streak_5plus,0.007855,0.002429,0.005426,-0.022817,0.001901,-0.024717,0.044137,0.016875,0.027262,0.062465,0.028392,0.034072
NOU.V,2024-11-14,2,streak_2,0.027778,0.002429,0.025349,-0.022222,0.001901,-0.024123,0.072222,0.016875,0.055347,None,None,None
CIX.TO,2024-11-14,2,streak_2,0.03772,0.002429,0.035291,0.00943,0.001901,0.007529,0.312473,0.016875,0.295598,0.333476,0.028392,0.305084
CU.TO,2024-11-14,5,streak_5plus,0.003371,0.002429,0.000942,0.026969,0.001901,0.025068,0.032485,0.016875,0.01561,0.011646,0.028392,-0.016747
ACO-X.TO,2024-11-14,5,streak_5plus,0.018371,0.002429,0.015942,0.018371,0.001901,0.01647,0.022355,0.016875,0.00548,0.014608,0.028392,-0.013784
WN-PA.TO,2024-11-19,3,streak_3,0.006267,0.001357,0.00491,0.011191,0.017356,-0.006165,0.026858,0.005717,0.02114,0.045658,0.025996,0.019662
RX.V,2024-11-20,3,streak_3,0.035581,0.001028,0.034553,0.05618,0.015765,0.040415,0.071161,-0.018144,0.089305,0.021536,0.020123,0.001412
TBRD.V,2024-11-20,2,streak_2,0.035714,0.001028,0.034687,0.035714,0.015765,0.019949,0.130952,-0.018144,0.149097,0.071429,0.020123,0.051305
MRU.TO,2024-11-20,4,streak_4,0.009296,0.001028,0.008269,0.056719,0.015765,0.040954,0.053424,-0.018144,0.071569,0.078842,0.020123,0.058719
GIII.V,2024-11-25,6,streak_5plus,-0.107143,-0.001332,-0.105811,-0.089286,0.008006,-0.097291,0.428571,-0.027326,0.455898,0.017857,-0.009444,0.027301
MGRO.V,2024-11-27,2,streak_2,0.0,0.003275,-0.003275,0.034884,0.009077,0.025807,-0.290698,-0.02396,-0.266738,-0.244186,-0.010899,-0.233287
RSI.TO,2024-11-28,4,streak_4,0.056285,0.002166,0.05412,0.099437,0.005999,0.093438,0.050657,-0.034043,0.0847,-0.020638,-0.003719,-0.016919
TRBE.V,2024-11-28,2,streak_2,0.051282,0.002166,0.049116,0.051282,0.005999,0.045283,0.128205,-0.034043,0.162248,0.166667,-0.003719,0.170386
BNS.TO,2024-12-03,4,streak_4,-0.03366,0.001774,-0.035434,-0.007778,0.001372,-0.00915,-0.033257,-0.020195,-0.013062,-0.109561,-0.028116,-0.081445
RY.TO,2024-12-04,6,streak_5plus,0.002588,0.000215,0.002374,0.015176,-0.005126,0.020301,-0.008823,-0.024805,0.015982,-0.062643,-0.041025,-0.021619
NA.TO,2024-12-04,5,streak_5plus,-0.038167,0.000215,-0.038382,-0.048978,-0.005126,-0.043852,-0.052802,-0.024805,-0.027997,-0.169363,-0.041025,-0.128338
DOL.TO,2024-12-04,8,streak_5plus,-0.051353,0.000215,-0.051568,-0.040122,-0.005126,-0.034996,-0.061773,-0.024805,-0.036967,0.034912,-0.041025,0.075937
NA-PE.TO,2024-12-04,4,streak_4,-0.004261,0.000215,-0.004475,0.0,-0.005126,0.005126,0.026843,-0.024805,0.051648,0.017043,-0.041025,0.058068
CM.TO,2024-12-05,5,streak_5plus,0.044328,0.001513,0.042815,0.064805,0.000643,0.064162,0.012914,-0.02774,0.040655,-0.080279,-0.034413,-0.045866
LB.TO,2024-12-06,3,streak_3,0.053598,0.00046,0.053138,0.042952,-0.010487,0.053438,0.005507,-0.024467,0.029973,-0.071586,-0.050596,-0.02099
DOO.TO,2024-12-06,5,streak_5plus,0.069078,0.00046,0.068619,0.077564,-0.010487,0.088051,0.084264,-0.024467,0.10873,-0.130415,-0.050596,-0.07982
TCL-B.TO,2024-12-11,4,streak_4,-0.028941,0.006015,-0.034956,-0.001847,-0.01508,0.013233,0.039409,-0.037954,0.077363,0.007389,-0.051015,0.058404
TCL-A.TO,2024-12-11,5,streak_5plus,0.0,0.006015,-0.006015,0.010107,-0.01508,0.025187,0.02211,-0.037954,0.060064,0.080859,-0.051015,0.131874
EMP-A.TO,2024-12-12,4,streak_4,0.052495,-0.009627,0.062122,0.032015,-0.042899,0.074914,-0.011064,-0.041668,0.030604,0.015301,-0.04304,0.058341
RET.V,2024-12-19,2,streak_2,0.0,-0.005827,0.005827,-0.032609,0.009749,-0.042357,0.061594,0.029507,0.032087,-0.137681,0.016757,-0.154438
RET-A.V,2024-12-19,2,streak_2,-0.023346,-0.005827,-0.017519,-0.046693,0.009749,-0.056441,-0.07393,0.029507,-0.103437,-0.11284,0.016757,-0.129597
AIR.V,2024-12-19,3,streak_3,0.111111,-0.005827,0.116938,0.222222,0.009749,0.212473,0.222222,0.029507,0.192715,0.333333,0.016757,0.316576
IE.TO,2024-12-31,2,streak_2,-0.004545,0.004358,-0.008904,-0.062727,0.012563,-0.07529,-0.203636,0.034634,-0.23827,-0.238182,0.012059,-0.250241
ATZ.TO,2025-01-08,25,streak_5plus,0.002284,0.004886,-0.002601,0.166052,-0.01369,0.179742,0.199438,0.025668,0.17377,-0.270778,-0.083049,-0.18773
ATZ.TO,2025-01-09,26,streak_5plus,-0.000877,0.000866,-0.001743,0.154804,-0.010474,0.165278,0.227735,0.019272,0.208463,-0.323633,-0.101582,-0.222051
CCA.TO,2025-01-10,2,streak_2,-0.01708,-0.012192,-0.004887,-0.093553,-0.009061,-0.084491,-0.084013,0.014737,-0.09875,-0.02308,-0.053698,0.030618
AGF-B.TO,2025-01-22,2,streak_2,0.02552,0.001183,0.024337,0.02552,0.005455,0.020065,0.07656,0.009196,0.067363,-0.13138,-0.038589,-0.092791
WGX.TO,2025-01-23,2,streak_2,0.004132,0.004844,-0.000711,-0.078512,0.006392,-0.084905,-0.086777,-0.006499,-0.080278,0.082645,-0.033139,0.115784
CLS.TO,2025-01-27,25,streak_5plus,-0.280398,-0.00704,-0.273358,0.027193,0.002536,0.024656,-0.130868,-0.010385,-0.120482,-0.293279,-0.029762,-0.263517
LA.V,2025-01-28,5,streak_5plus,0.016713,0.005152,0.011561,-0.02507,-0.001874,-0.023195,-0.13649,0.00155,-0.13804,-0.164345,-0.0194,-0.144946
MRU.TO,2025-01-28,5,streak_5plus,-0.032605,0.005152,-0.037758,-0.005989,-0.001874,-0.004114,0.053122,0.00155,0.051572,0.131086,-0.0194,0.150485
GIB-A.TO,2025-01-29,2,streak_2,0.004877,0.002117,0.00276,0.026516,-0.005511,0.032028,-0.032429,-0.01146,-0.020969,-0.097531,-0.02144,-0.076091
CNC.V,2025-01-29,4,streak_4,-0.005988,0.002117,-0.008105,0.017964,-0.005511,0.023476,0.017964,-0.01146,0.029424,0.149701,-0.02144,0.171141
MX.TO,2025-01-29,12,streak_5plus,0.019427,0.002117,0.017311,0.088358,-0.005511,0.09387,-0.101741,-0.01146,-0.090282,-0.373003,-0.02144,-0.351563
CLS.TO,2025-01-29,26,streak_5plus,0.065711,0.002117,0.063595,0.389416,-0.005511,0.394927,0.14627,-0.01146,0.157729,-0.114443,-0.02144,-0.093003
RCI-B.TO,2025-01-30,2,streak_2,0.0,0.013151,-0.013151,-0.004002,0.003788,-0.00779,-0.030765,-0.003133,-0.027633,-0.122311,-0.024795,-0.097517
RCI-A.TO,2025-01-30,2,streak_2,-0.032573,0.013151,-0.045724,-0.069924,0.003788,-0.073712,-0.07557,-0.003133,-0.072437,-0.160043,-0.024795,-0.135249
CRE.V,2025-01-30,5,streak_5plus,0.0,0.013151,-0.013151,0.078571,0.003788,0.074783,0.857143,-0.003133,0.860276,0.2,-0.024795,0.224795
BEPC.TO,2025-01-31,2,streak_2,0.049702,-0.010663,0.060365,0.060494,-0.010609,0.071103,0.056518,-0.031257,0.087775,0.092303,-0.039239,0.131543
BEP-UN.TO,2025-01-31,2,streak_2,0.061724,-0.010663,0.072387,0.083718,-0.010609,0.094327,0.067045,-0.031257,0.098302,0.092586,-0.039239,0.131825
IMO.TO,2025-01-31,11,streak_5plus,-0.065866,-0.010663,-0.055203,-0.077968,-0.010609,-0.067359,-0.071124,-0.031257,-0.039866,-0.085607,-0.039239,-0.046367
X.TO,2025-02-02,4,streak_4,0.006549,-0.011409,0.017958,0.10682,-0.003533,0.110353,0.140244,-0.037641,0.177885,0.247967,-0.019645,0.267613
X.TO,2025-02-03,5,streak_5plus,0.006549,-0.011409,0.017958,0.10682,-0.003533,0.110353,0.140244,-0.037641,0.177885,0.247967,-0.019645,0.267613
MEQ.TO,2025-02-04,2,streak_2,0.079609,0.00149,0.07812,0.081573,0.016524,0.065048,0.032546,-0.014698,0.047244,-0.001498,-0.011422,0.009923
SU.TO,2025-02-05,12,streak_5plus,0.014593,0.011488,0.003105,0.062301,0.01394,0.048361,-0.079888,-0.027509,-0.052379,-0.105332,-0.012053,-0.093279
GWO.TO,2025-02-05,7,streak_5plus,0.013158,0.011488,0.00167,0.091659,0.01394,0.077719,0.169269,-0.027509,0.196777,0.133809,-0.012053,0.145862
LSPD.TO,2025-02-06,6,streak_5plus,-0.128923,-0.001381,-0.127543,-0.08788,-0.000262,-0.087618,-0.208595,-0.031717,-0.176878,-0.348624,-0.01598,-0.332644
BBD-A.TO,2025-02-06,6,streak_5plus,-0.069892,-0.001381,-0.068512,-0.038569,-0.000262,-0.038307,0.006311,-0.031717,0.038028,-0.019168,-0.01598,-0.003188
ARX.TO,2025-02-06,3,streak_3,-0.015096,-0.001381,-0.013715,0.04896,-0.000262,0.049222,0.005712,-0.031717,0.037429,0.073031,-0.01598,0.089011
TRI.TO,2025-02-06,12,streak_5plus,0.065855,-0.001381,0.067236,0.057613,-0.000262,0.057875,0.078369,-0.031717,0.110086,0.102114,-0.01598,0.118094
CVO.TO,2025-02-10,3,streak_3,0.021812,0.00849,0.013322,0.261745,0.001584,0.260161,-0.139262,-0.046956,-0.092306,0.080537,-0.003349,0.083886
SHOP.TO,2025-02-10,2,streak_2,0.023141,0.00849,0.014651,0.084988,0.001584,0.083404,-0.20105,-0.046956,-0.154094,-0.236715,-0.003349,-0.233366
IFC.TO,2025-02-11,6,streak_5plus,0.001286,-0.001056,0.002343,0.049213,-0.000394,0.049607,0.030395,-0.048155,0.07855,0.05763,-0.004938,0.062568
HIVE.V,2025-02-11,7,streak_5plus,-0.034483,-0.001056,-0.033427,-0.017241,-0.000394,-0.016848,-0.371921,-0.048155,-0.323766,-0.359606,-0.004938,-0.354668
SHOP.TO,2025-02-11,3,streak_3,0.029263,-0.001056,0.030319,0.069368,-0.000394,0.069761,-0.190673,-0.048155,-0.142518,-0.148936,-0.004938,-0.143998
FM.TO,2025-02-11,2,streak_2,-0.04899,-0.001056,-0.047934,-0.018182,-0.000394,-0.017788,-0.10202,-0.048155,-0.053865,0.018687,-0.004938,0.023625
SVM.TO,2025-02-11,8,streak_5plus,-0.029851,-0.001056,-0.028795,0.08742,-0.000394,0.087814,0.208955,-0.048155,0.25711,0.074627,-0.004938,0.079565
HIVE.V,2025-02-12,8,streak_5plus,0.002551,-0.00268,0.005231,-0.010204,-0.000219,-0.009986,-0.385204,-0.055736,-0.329469,-0.298469,-0.000581,-0.297888
QSR.TO,2025-02-12,2,streak_2,-0.017009,-0.00268,-0.014329,-0.059425,-0.000219,-0.059207,-0.00689,-0.055736,0.048846,-0.001507,-0.000581,-0.000926
CTC.TO,2025-02-13,4,streak_4,-0.017541,0.005297,-0.022838,-0.013583,-0.001917,-0.011667,-0.071245,-0.039498,-0.031747,0.042145,0.005062,0.037083
BN.TO,2025-02-13,7,streak_5plus,0.023419,0.005297,0.018122,0.016574,-0.001917,0.01849,-0.132769,-0.039498,-0.093271,-0.004324,0.005062,-0.009386
AEM.TO,2025-02-13,6,streak_5plus,0.005626,0.005297,0.000329,-0.023287,-0.001917,-0.02137,0.050634,-0.039498,0.090132,0.0334,0.005062,0.028338
T.TO,2025-02-13,6,streak_5plus,0.037468,0.005297,0.032172,0.046076,-0.001917,0.047993,0.050127,-0.039498,0.089625,0.059241,0.005062,0.054179
CTC-A.TO,2025-02-13,4,streak_4,-0.078028,0.005297,-0.083325,-0.07928,-0.001917,-0.077364,-0.088441,-0.039498,-0.048942,0.02959,0.005062,0.024528
TSU.TO,2025-02-13,2,streak_2,-0.000593,0.005297,-0.00589,0.042099,-0.001917,0.044016,-0.025497,-0.039498,0.014002,0.11177,0.005062,0.106708
FFH.TO,2025-02-13,3,streak_3,-0.00045,0.005297,-0.005747,0.023025,-0.001917,0.024941,-0.012259,-0.039498,0.027239,0.113489,0.005062,0.108427
WGX.TO,2025-02-13,3,streak_3,0.009217,0.005297,0.00392,0.018433,-0.001917,0.02035,0.175115,-0.039498,0.214614,0.046083,0.005062,0.041021
TRP.TO,2025-02-14,12,streak_5plus,-0.030719,-0.008378,-0.022341,-0.048009,-0.02146,-0.026548,0.014819,-0.035543,0.050362,0.049861,0.007744,0.042117
DFY.TO,2025-02-14,2,streak_2,-0.021283,-0.008378,-0.012905,-0.069931,-0.02146,-0.048471,-0.024644,-0.035543,0.010899,0.056169,0.007744,0.048425
AC.TO,2025-02-14,4,streak_4,-0.025796,-0.008378,-0.017418,-0.075741,-0.02146,-0.054281,-0.149835,-0.035543,-0.114292,0.031833,0.007744,0.02409
FTS.TO,2025-02-14,10,streak_5plus,0.011875,-0.008378,0.020253,0.007092,-0.02146,0.028553,0.03843,-0.035543,0.073973,0.060036,0.007744,0.052293
CJT.TO,2025-02-17,2,streak_2,0.02076,0.006498,0.014261,-0.050046,-0.013024,-0.037022,-0.217702,-0.030495,-0.187207,-0.129842,0.019177,-0.14902
IAG.TO,2025-02-18,4,streak_4,0.019526,0.006498,0.013028,0.019841,-0.013024,0.032865,-0.002047,-0.030495,0.028448,0.097079,0.019177,0.077902
CHR.TO,2025-02-19,2,streak_2,-0.008786,-0.000881,-0.007904,0.034625,-0.017342,0.051967,0.0677,-0.022598,0.090298,0.011886,0.01586,-0.003974
BLCO.TO,2025-02-19,8,streak_5plus,0.003898,-0.000881,0.004779,-0.006929,-0.017342,0.010413,-0.038978,-0.022598,-0.01638,-0.266349,0.01586,-0.282209
TFPM.TO,2025-02-19,7,streak_5plus,0.002059,-0.000881,0.00294,0.007414,-0.017342,0.024755,0.129325,-0.022598,0.151922,0.184926,0.01586,0.169066
TECK-B.TO,2025-02-19,3,streak_3,0.003506,-0.000881,0.004387,-0.036227,-0.017342,-0.018885,0.021035,-0.022598,0.043633,-0.158264,0.01586,-0.174124
TECK-A.TO,2025-02-19,2,streak_2,0.003506,-0.000881,0.004387,-0.031386,-0.017342,-0.014044,0.021035,-0.022598,0.043633,-0.158264,0.01586,-0.174124
INE.TO,2025-02-19,3,streak_3,0.032609,-0.000881,0.03349,0.807065,-0.017342,0.824407,0.817935,-0.022598,0.840532,0.839674,0.01586,0.823814
MFC.TO,2025-02-19,7,streak_5plus,-0.005867,-0.000881,-0.004985,0.032755,-0.017342,0.050097,0.037155,-0.022598,0.059752,0.050843,0.01586,0.034983
WCP.TO,2025-02-19,3,streak_3,0.002158,-0.000881,0.003039,-0.006472,-0.017342,0.010869,-0.055016,-0.022598,-0.032419,-0.121899,0.01586,-0.137759
GIL.TO,2025-02-19,3,streak_3,0.040867,-0.000881,0.041748,0.057435,-0.017342,0.074777,-0.086566,-0.022598,-0.063969,-0.043076,0.01586,-0.058936
FPC.V,2025-02-19,2,streak_2,0.0,-0.000881,0.000881,-0.046512,-0.017342,-0.02917,-0.116279,-0.022598,-0.093681,0.255814,0.01586,0.239954
NGD.TO,2025-02-19,3,streak_3,-0.016706,-0.000881,-0.015825,-0.071599,-0.017342,-0.054257,0.152745,-0.022598,0.175342,0.362768,0.01586,0.346908
LUG.TO,2025-02-20,3,streak_3,0.018805,-0.004374,0.02318,0.106748,-0.011621,0.118369,0.145741,-0.022087,0.167828,0.683628,0.008312,0.675316
INE.TO,2025-02-20,4,streak_4,0.106579,-0.004374,0.110953,0.747368,-0.011621,0.758989,0.756579,-0.022087,0.778666,0.785526,0.008312,0.777214
TECK-A.TO,2025-02-20,3,streak_3,0.014806,-0.004374,0.019181,-0.0183,-0.011621,-0.006679,0.002828,-0.022087,0.024915,-0.18017,0.008312,-0.188482
ELD.TO,2025-02-20,11,streak_5plus,0.012171,-0.004374,0.016546,0.008277,-0.011621,0.019897,0.111003,-0.022087,0.13309,0.336417,0.008312,0.328105
H.TO,2025-02-20,3,streak_3,-0.015982,-0.004374,-0.011607,0.013699,-0.011621,0.02532,0.104566,-0.022087,0.126653,0.145205,0.008312,0.136894
EMA-PC.TO,2025-02-21,2,streak_2,0.0,-0.014388,0.014388,-0.002231,-0.015125,0.012894,-0.011602,-0.021384,0.009782,0.01071,0.013322,-0.002613
RBA.TO,2025-02-21,10,streak_5plus,-0.005223,-0.014388,0.009165,-0.012027,-0.015125,0.003097,-0.03134,-0.021384,-0.009956,0.025773,0.013322,0.012451
EMA.TO,2025-02-21,2,streak_2,0.019086,-0.014388,0.033474,0.014682,-0.015125,0.029807,0.045513,-0.021384,0.066897,0.099101,0.013322,0.085779
MER.TO,2025-02-24,2,streak_2,0.011905,0.000171,0.011734,0.017857,0.009802,0.008055,0.119048,0.006247,0.1128,0.047619,0.029149,0.01847
ALC.TO,2025-02-24,2,streak_2,-0.013158,0.000171,-0.013329,0.009003,0.009802,-0.0008,0.01662,0.006247,0.010373,0.0741,0.029149,0.044951
EMA.TO,2025-02-24,3,streak_3,-0.011885,0.000171,-0.012056,0.003061,0.009802,-0.006741,0.02179,0.006247,0.015543,0.085359,0.029149,0.056211
AOI.TO,2025-02-24,2,streak_2,0.016393,0.000171,0.016222,0.021858,0.009802,0.012056,0.125683,0.006247,0.119436,0.027322,0.029149,-0.001826
OVV.TO,2025-02-25,2,streak_2,-0.025367,0.002095,-0.027462,-0.072311,-0.005952,-0.066359,0.015648,0.007483,0.008165,-0.185142,0.037656,-0.222799
BNS.TO,2025-02-25,5,streak_5plus,-0.011481,0.002095,-0.013576,-0.008138,-0.005952,-0.002186,-0.035315,0.007483,-0.042797,0.014823,0.037656,-0.022833
LB.TO,2025-02-26,4,streak_4,0.001893,0.004936,-0.003043,-0.037472,-0.025075,-0.012396,-0.009841,-0.001702,-0.008139,0.046934,0.042255,0.004679
ACO-X.TO,2025-02-26,6,streak_5plus,0.001286,0.004936,-0.003649,-0.002144,-0.025075,0.022931,0.026587,-0.001702,0.028289,0.087693,0.042255,0.045438
OVV.TO,2025-02-26,3,streak_3,-0.006253,0.004936,-0.011189,-0.068109,-0.025075,-0.043033,0.046476,-0.001702,0.048178,-0.158526,0.042255,-0.200781
RY.TO,2025-02-26,7,streak_5plus,0.004265,0.004936,-0.00067,-0.044936,-0.025075,-0.01986,-0.026913,-0.001702,-0.025211,0.051604,0.042255,0.009349
NA.TO,2025-02-26,6,streak_5plus,-0.054679,0.004936,-0.059614,-0.077549,-0.025075,-0.052473,-0.054679,-0.001702,-0.052977,0.024883,0.042255,-0.017372
STN.TO,2025-02-26,2,streak_2,0.068287,0.004936,0.063351,-0.016087,-0.025075,0.008988,-0.002597,-0.001702,-0.000895,0.193548,0.042255,0.151293
NA-PE.TO,2025-02-26,5,streak_5plus,0.003311,0.004936,-0.001624,-0.012831,-0.025075,0.012244,-0.007036,-0.001702,-0.005334,0.019868,0.042255,-0.022388
CPX.TO,2025-02-26,2,streak_2,-0.020234,0.004936,-0.02517,-0.066058,-0.025075,-0.040983,-0.057528,-0.001702,-0.055826,0.074588,0.042255,0.032333
CM.TO,2025-02-26,6,streak_5plus,0.006578,0.004936,0.001642,-0.03612,-0.025075,-0.011045,-0.037436,-0.001702,-0.035734,0.109795,0.042255,0.06754
WN-PA.TO,2025-02-26,4,streak_4,0.005596,0.004936,0.00066,0.00904,-0.025075,0.034115,0.024968,-0.001702,0.02667,0.03573,0.042255,-0.006526
WSP.TO,2025-02-26,10,streak_5plus,0.006089,0.004936,0.001154,-0.040323,-0.025075,-0.015248,-0.041533,-0.001702,-0.039831,0.096651,0.042255,0.054396
WN.TO,2025-02-26,2,streak_2,0.02818,0.004936,0.023245,0.011033,-0.025075,0.036108,0.049847,-0.001702,0.051549,0.212548,0.042255,0.170293
EFX.TO,2025-02-26,2,streak_2,-0.034541,0.004936,-0.039477,-0.126369,-0.025075,-0.101294,-0.070767,-0.001702,-0.069065,-0.165122,0.042255,-0.207377
EQB.TO,2025-02-26,2,streak_2,0.010754,0.004936,0.005818,-0.045006,-0.025075,-0.019931,-0.036941,-0.001702,-0.035239,-0.043015,0.042255,-0.08527
GCG-A.TO,2025-02-27,2,streak_2,0.028235,-0.007904,0.03614,-0.024,-0.018067,-0.005933,-0.065176,-0.006605,-0.058571,0.002353,0.037709,-0.035356
EXE.TO,2025-02-27,5,streak_5plus,-0.011394,-0.007904,-0.003489,0.115688,-0.018067,0.133755,0.115688,-0.006605,0.122293,0.257669,0.037709,0.21996
DBM.TO,2025-02-27,2,streak_2,-0.019284,-0.007904,-0.01138,-0.084022,-0.018067,-0.065955,-0.078512,-0.006605,-0.071907,0.121212,0.037709,0.083503
EFX.TO,2025-02-27,3,streak_3,-0.022688,-0.007904,-0.014783,-0.089005,-0.018067,-0.070939,-0.054101,-0.006605,-0.047496,-0.132635,0.037709,-0.170344
GCG.TO,2025-02-27,2,streak_2,0.001906,-0.007904,0.00981,-0.004765,-0.018067,0.013301,-0.055754,-0.006605,-0.049149,0.025494,0.037709,-0.012214
CIX.TO,2025-02-28,3,streak_3,0.0,0.010558,-0.010558,-0.005773,-0.021657,0.015884,-0.005131,-0.014685,0.009553,0.00898,0.043075,-0.034095
CHE-UN.TO,2025-02-28,2,streak_2,0.058761,0.010558,0.048203,0.012821,-0.021657,0.034477,-0.013889,-0.014685,0.000796,0.162393,0.043075,0.119318
HUT.TO,2025-03-03,2,streak_2,-0.043601,-0.015433,-0.028167,-0.090483,-0.024995,-0.065488,-0.216128,-0.018745,-0.197383,-0.020159,0.03078,-0.050939
DSG.TO,2025-03-03,2,streak_2,-0.009736,-0.015433,0.005697,-0.105792,-0.024995,-0.080797,-0.101637,-0.018745,-0.082892,-0.01327,0.03078,-0.04405
PET.TO,2025-03-04,7,streak_5plus,0.112047,-0.017183,0.12923,0.109941,-0.024834,0.134775,0.093092,0.001268,0.091824,0.281803,0.055492,0.22631
GDI.TO,2025-03-04,2,streak_2,0.007225,-0.017183,0.024408,-0.060405,-0.024834,-0.03557,-0.07948,0.001268,-0.080748,-0.081792,0.055492,-0.137284
LNR.TO,2025-03-04,8,streak_5plus,-0.045455,-0.017183,-0.028272,0.019537,-0.024834,0.044372,-0.019338,0.001268,-0.020606,0.222687,0.055492,0.167195
CTS.TO,2025-03-04,3,streak_3,-0.001838,-0.017183,0.015345,-0.001838,-0.024834,0.022996,0.005515,0.001268,0.004247,None,None,None
NVA.TO,2025-03-05,3,streak_3,0.023214,0.01216,0.011054,0.039286,-0.013178,0.052463,0.25,0.02992,0.22008,0.263393,0.075476,0.187917
SOBO.TO,2025-03-05,2,streak_2,0.022884,0.01216,0.010724,-0.052109,-0.013178,-0.038932,-0.016543,0.02992,-0.046463,-0.030052,0.075476,-0.105529
TOU.TO,2025-03-05,2,streak_2,-0.000641,0.01216,-0.012802,0.002245,-0.013178,0.015422,0.097964,0.02992,0.068044,-0.010582,0.075476,-0.086058
ET.TO,2025-03-05,2,streak_2,0.015829,0.01216,0.003668,-0.007449,-0.013178,0.005729,-0.053073,0.02992,-0.082993,0.08473,0.075476,0.009254
DSG.TO,2025-03-05,3,streak_3,0.008051,0.01216,-0.004109,-0.105427,-0.013178,-0.092249,-0.055281,0.02992,-0.085201,0.000697,0.075476,-0.074779
CNQ.TO,2025-03-06,4,streak_4,0.013731,-0.011532,0.025263,0.066279,-0.017993,0.084272,0.081595,-0.021511,0.103106,0.088196,0.058631,0.029565
ALA.TO,2025-03-06,4,streak_4,-0.010683,-0.011532,0.000848,0.047512,-0.017993,0.065505,0.082654,-0.021511,0.104165,0.063537,0.058631,0.004906
MDA.TO,2025-03-07,2,streak_2,0.177271,0.00711,0.17016,0.195261,-0.01549,0.210751,0.053971,-0.056561,0.110532,0.282141,0.071522,0.210619
CSU.TO,2025-03-07,2,streak_2,0.008058,0.00711,0.000948,-0.057051,-0.01549,-0.041562,-0.110475,-0.056561,-0.053914,-0.001805,0.071522,-0.073327
TCL-B.TO,2025-03-10,5,streak_5plus,-0.045625,-0.015271,-0.030354,0.076875,-0.008296,0.085171,0.00625,-0.076712,0.082962,0.284375,0.067463,0.216912
TCL-A.TO,2025-03-10,6,streak_5plus,-0.036943,-0.015271,-0.021671,0.084076,-0.008296,0.092372,0.038853,-0.076712,0.115566,0.315287,0.067463,0.247824
TCL-B.TO,2025-03-11,6,streak_5plus,0.0,-0.005435,0.005435,0.114604,0.016587,0.098017,0.054355,-0.076856,0.131211,0.355599,0.081831,0.273768
MATR.TO,2025-03-11,2,streak_2,0.029622,-0.005435,0.035057,0.089888,0.016587,0.073301,-0.074566,-0.076856,0.00229,0.042901,0.081831,-0.03893
EDR.TO,2025-03-11,2,streak_2,0.246654,-0.005435,0.252089,0.315488,0.016587,0.298901,-0.143403,-0.076856,-0.066548,0.307839,0.081831,0.226008
ASTL.TO,2025-03-12,2,streak_2,0.006083,0.007221,-0.001138,0.087591,0.018884,0.068707,-0.164234,-0.021494,-0.142739,0.013382,0.089825,-0.076443
AD-UN.TO,2025-03-12,8,streak_5plus,0.019177,0.007221,0.011955,0.032149,0.018884,0.013265,-0.003948,-0.021494,0.017546,0.019741,0.089825,-0.070085
WPM.TO,2025-03-13,5,streak_5plus,0.025578,-0.009012,0.03459,0.066109,0.026446,0.039663,0.065912,-0.057666,0.123579,0.194294,0.08602,0.108274
SFC.TO,2025-03-13,2,streak_2,0.023155,-0.009012,0.032167,0.070912,0.026446,0.044466,0.089725,-0.057666,0.147391,0.209841,0.08602,0.123821
EMP-A.TO,2025-03-13,5,streak_5plus,-0.045362,-0.009012,-0.03635,0.010206,0.026446,-0.01624,0.032887,-0.057666,0.090554,0.163302,0.08602,0.077282
SFC.TO,2025-03-14,3,streak_3,0.055163,0.014469,0.040693,0.062235,0.035409,0.026826,0.059406,-0.025426,0.084832,0.202263,0.099681,0.102582
WTE.TO,2025-03-14,3,streak_3,0.002159,0.014469,-0.01231,0.027202,0.035409,-0.008206,0.01943,-0.025426,0.044856,0.145078,0.099681,0.045397
GFR.TO,2025-03-16,4,streak_4,0.014104,0.009437,0.004668,0.055007,0.016906,0.038101,-0.014104,-0.027976,0.013871,-0.019746,0.079459,-0.099206
KNT.TO,2025-03-17,3,streak_3,0.068015,0.009437,0.058578,0.084559,0.016906,0.067653,0.158088,-0.027976,0.186064,0.482537,0.079459,0.403077
WDO.TO,2025-03-19,3,streak_3,0.012555,0.014697,-0.002142,0.03892,0.025637,0.013283,0.166353,-0.024257,0.19061,0.231011,0.074285,0.156725
PPTA.TO,2025-03-19,5,streak_5plus,0.034304,0.014697,0.019607,0.034304,0.025637,0.008667,0.197411,-0.024257,0.221668,0.154693,0.074285,0.080407
IFOS.V,2025-03-19,9,streak_5plus,0.004975,0.014697,-0.009722,0.044776,0.025637,0.019139,0.019901,-0.024257,0.044158,0.243781,0.074285,0.169496
PPTA.TO,2025-03-20,6,streak_5plus,0.028786,-0.000359,0.029145,-0.028786,0.003666,-0.032452,0.138298,-0.034959,0.173257,0.150188,0.059463,0.090724
VLE.TO,2025-03-24,5,streak_5plus,0.011613,0.013441,-0.001828,0.083871,-0.008383,0.092254,-0.077419,-0.026533,-0.050886,0.015484,0.061241,-0.045757
DOO.TO,2025-03-26,6,streak_5plus,0.074199,-0.00704,0.08124,0.007957,-0.012084,0.020041,-0.053113,-0.024152,-0.028961,0.302367,0.054425,0.247942
AAUC.TO,2025-03-26,3,streak_3,0.008439,-0.00704,0.015479,0.033755,-0.012084,0.045839,0.149789,-0.024152,0.173941,0.296765,0.054425,0.24234
LAS-A.TO,2025-03-27,4,streak_4,0.036639,0.0,0.036639,0.024459,0.005807,0.018652,0.000347,-0.017909,0.018255,0.048225,0.055848,-0.007623
GLXY.TO,2025-03-28,2,streak_2,-0.056766,-0.015973,-0.040793,-0.135321,-0.032801,-0.10252,0.21617,-0.014407,0.230577,0.602064,0.063229,0.538836
GMIN.TO,2025-03-28,2,streak_2,0.032507,-0.015973,0.04848,-0.016529,-0.032801,0.016272,0.058953,-0.014407,0.07336,0.019284,0.063229,-0.043945
NOW.V,2025-04-01,6,streak_5plus,0.056604,0.004647,0.051956,-0.037736,-0.082593,0.044857,0.075472,-0.003042,0.078514,0.226415,0.077841,0.148574
SKE.TO,2025-04-01,2,streak_2,-0.004135,0.004647,-0.008782,-0.118539,-0.082593,-0.035946,0.135768,-0.003042,0.13881,0.492764,0.077841,0.414923
DTOL.TO,2025-04-02,2,streak_2,-0.027582,0.010941,-0.038523,-0.214881,-0.100922,-0.11396,-0.140475,-0.009495,-0.130979,-0.071199,0.073358,-0.144558
DOL.TO,2025-04-02,9,streak_5plus,0.034606,0.010941,0.023665,-0.0268,-0.100922,0.074121,0.102713,-0.009495,0.112208,0.230404,0.073358,0.157046
DOL.TO,2025-04-03,10,streak_5plus,0.003835,-0.038384,0.04222,-0.0464,-0.062441,0.01604,0.067149,-0.010894,0.078043,0.198051,0.068245,0.129806
AGF-B.TO,2025-04-08,3,streak_3,0.012486,-0.015425,0.02791,0.013621,0.044052,-0.030431,0.204313,0.100689,0.103624,0.414302,0.176911,0.237391
CCA.TO,2025-04-09,3,streak_3,0.000946,0.05421,-0.053264,-0.01545,0.069357,-0.084807,0.048557,0.12206,-0.073503,0.109412,0.198401,-0.088989
CGO.TO,2025-04-09,2,streak_2,0.004377,0.05421,-0.049833,-0.004377,0.069357,-0.073733,0.105392,0.12206,-0.016668,0.168768,0.198401,-0.029634
GRGD.TO,2025-04-15,2,streak_2,0.06304,0.008439,0.054601,0.198618,0.018415,0.180203,0.272021,0.076509,0.195512,1.465458,0.13356,1.331898
FSV.TO,2025-04-22,2,streak_2,0.006152,0.012375,-0.006223,0.006661,0.032892,-0.026231,0.014637,0.076234,-0.061597,0.041875,0.137786,-0.095911
CLS.TO,2025-04-22,27,streak_5plus,0.026193,0.012375,0.013818,0.087639,0.032892,0.054747,0.41882,0.076234,0.342585,1.001166,0.137786,0.86338
WFG.TO,2025-04-22,2,streak_2,0.025739,0.012375,0.013364,0.030666,0.032892,-0.002226,0.01669,0.076234,-0.059544,-0.007139,0.137786,-0.144925
NGT.TO,2025-04-23,2,streak_2,-0.021809,0.006858,-0.028667,-0.027295,0.023389,-0.050684,-0.031041,0.063688,-0.094729,0.120016,0.125829,-0.005813
FM.TO,2025-04-23,3,streak_3,0.094238,0.006858,0.087379,0.133253,0.023389,0.109864,0.20108,0.063688,0.137392,0.460384,0.125829,0.334555
CJT.TO,2025-04-23,3,streak_3,0.013455,0.006858,0.006597,0.142223,0.023389,0.118834,0.22753,0.063688,0.163842,0.378902,0.125829,0.253073
TECK-A.TO,2025-04-24,4,streak_4,0.024099,0.010412,0.013687,-0.015188,0.015078,-0.030266,0.005873,0.057505,-0.051632,0.083232,0.120285,-0.037053
AEM.TO,2025-04-24,7,streak_5plus,0.009334,0.010412,-0.001078,-0.013571,0.015078,-0.028649,-0.016948,0.057505,-0.074453,0.056432,0.120285,-0.063853
FSV.TO,2025-04-24,3,streak_3,-0.007028,0.010412,-0.01744,0.00912,0.015078,-0.005958,-0.008743,0.057505,-0.066248,0.015353,0.120285,-0.104932
TECK-B.TO,2025-04-24,4,streak_4,0.024099,0.010412,0.013687,-0.055488,0.015078,-0.070566,0.005873,0.057505,-0.051632,0.083232,0.120285,-0.037053
HPS-A.TO,2025-04-28,2,streak_2,0.022409,0.003565,0.018843,0.072052,0.01299,0.059062,0.161112,0.06307,0.098042,0.324983,0.112661,0.212322
MPH.V,2025-04-28,2,streak_2,0.0,0.003565,-0.003565,0.0,0.01299,-0.01299,0.277108,0.06307,0.214038,0.445783,0.112661,0.333123
ECOM.V,2025-04-28,2,streak_2,0.0,0.003565,-0.003565,-0.111111,0.01299,-0.124102,0.111111,0.06307,0.048041,0.888889,0.112661,0.776228
CRE.V,2025-04-28,6,streak_5plus,-0.011628,0.003565,-0.015193,-0.081395,0.01299,-0.094386,-0.023256,0.06307,-0.086326,0.023256,0.112661,-0.089405
ALC.TO,2025-04-29,3,streak_3,0.008081,0.003061,0.00502,-0.008081,0.006246,-0.014327,0.047138,0.059878,-0.01274,0.078788,0.105119,-0.026331
GIL.TO,2025-04-29,4,streak_4,0.008437,0.003061,0.005376,0.121556,0.006246,0.11531,0.16064,0.059878,0.100762,0.231921,0.105119,0.126803
ASTL.TO,2025-04-29,3,streak_3,-0.007123,0.003061,-0.010183,0.098291,0.006246,0.092044,0.052707,0.059878,-0.007172,0.198006,0.105119,0.092887
CPX.TO,2025-04-29,3,streak_3,0.002425,0.003061,-0.000636,0.0392,0.006246,0.032954,0.10487,0.059878,0.044991,0.233583,0.105119,0.128464
NGD.TO,2025-04-29,4,streak_4,-0.014989,0.003061,-0.01805,0.164882,0.006246,0.158636,0.301927,0.059878,0.242049,0.218415,0.105119,0.113297
BDGI.TO,2025-04-29,2,streak_2,-0.009462,0.003061,-0.012523,0.084077,0.006246,0.07783,0.209786,0.059878,0.149908,0.470127,0.105119,0.365008
BDI.TO,2025-04-30,2,streak_2,0.001238,-0.001319,0.002556,0.137376,0.004028,0.133348,0.186881,0.053714,0.133168,0.472772,0.107154,0.365618
CP.TO,2025-04-30,2,streak_2,0.004939,-0.001319,0.006258,0.015523,0.004028,0.011494,0.124987,0.053714,0.071274,0.056043,0.107154,-0.051111
TRI.TO,2025-04-30,13,streak_5plus,0.007105,-0.001319,0.008424,0.006232,0.004028,0.002204,0.068154,0.053714,0.01444,0.086135,0.107154,-0.021019
IMO.TO,2025-04-30,12,streak_5plus,-0.032128,-0.001319,-0.030809,-0.018662,0.004028,-0.02269,0.031174,0.053714,-0.02254,0.238257,0.107154,0.131103
IVN.TO,2025-04-30,2,streak_2,-0.059185,-0.001319,-0.057867,0.057648,0.004028,0.05362,-0.139124,0.053714,-0.192837,-0.142967,0.107154,-0.250121
FFH.TO,2025-04-30,4,streak_4,0.008141,-0.001319,0.009459,0.028123,0.004028,0.024095,0.078256,0.053714,0.024542,0.175468,0.107154,0.068314
ARX.TO,2025-05-01,4,streak_4,-0.015898,-0.001856,-0.014042,0.04531,0.012861,0.032449,0.124006,0.053676,0.07033,0.095787,0.101776,-0.005989
FFH.TO,2025-05-01,5,streak_5plus,0.000794,-0.001856,0.00265,0.036575,0.012861,0.023713,0.084923,0.053676,0.031247,0.143484,0.101776,0.041707
MRE.TO,2025-05-01,2,streak_2,0.002755,-0.001856,0.004611,0.023416,0.012861,0.010555,0.14876,0.053676,0.095084,0.151515,0.101776,0.049739
BEPC.TO,2025-05-01,3,streak_3,0.011573,-0.001856,0.013429,-0.020516,0.012861,-0.033377,0.041557,0.053676,-0.012119,0.306681,0.101776,0.204904
TKO.TO,2025-05-01,2,streak_2,-0.019169,-0.001856,-0.017314,-0.14377,0.012861,-0.156631,-0.01278,0.053676,-0.066455,0.361022,0.101776,0.259246
EDV.TO,2025-05-01,2,streak_2,0.017396,-0.001856,0.019252,0.099484,0.012861,0.086622,0.126393,0.053676,0.072717,0.140799,0.101776,0.039023
TRI.TO,2025-05-01,14,streak_5plus,0.00201,-0.001856,0.003866,0.017105,0.012861,0.004244,0.066294,0.053676,0.012618,0.080246,0.101776,-0.021531
ATZ.TO,2025-05-01,27,streak_5plus,0.022891,-0.001856,0.024747,0.170344,0.012861,0.157483,0.373479,0.053676,0.319803,0.514333,0.101776,0.412556
BBU-UN.TO,2025-05-02,2,streak_2,0.035401,0.009514,0.025887,0.034053,0.018491,0.015561,0.146662,0.064261,0.082401,0.119016,0.099381,0.019635
BEPC.TO,2025-05-02,4,streak_4,-0.018461,0.009514,-0.027975,-0.01066,0.018491,-0.029152,0.01092,0.064261,-0.053341,0.291212,0.099381,0.191831
SU.TO,2025-05-05,13,streak_5plus,-0.030907,-0.003116,-0.027791,-0.020537,0.013032,-0.033568,-0.00183,0.055734,-0.057564,0.073404,0.079456,-0.006052
OVV.TO,2025-05-05,4,streak_4,-0.030228,-0.003116,-0.027112,0.027122,0.013032,0.014091,0.062733,0.055734,0.006999,0.118012,0.079456,0.038557
NVA.TO,2025-05-05,4,streak_4,-0.035893,-0.003116,-0.032777,0.043406,0.013032,0.030374,0.181135,0.055734,0.125401,0.193656,0.079456,0.1142
TFPM.TO,2025-05-05,8,streak_5plus,0.033101,-0.003116,0.036217,0.063066,0.013032,0.050035,0.138676,0.055734,0.082942,0.102439,0.079456,0.022983
DPM.TO,2025-05-05,2,streak_2,0.034091,-0.003116,0.037207,0.164205,0.013032,0.151173,0.257955,0.055734,0.202221,0.359659,0.079456,0.280203
MEQ.TO,2025-05-05,3,streak_3,-0.008414,-0.003116,-0.005298,-0.007182,0.013032,-0.020214,-0.020675,0.055734,-0.076409,-0.028319,0.079456,-0.107775
IFC.TO,2025-05-05,7,streak_5plus,0.004427,-0.003116,0.007543,-0.024314,0.013032,-0.037346,0.014602,0.055734,-0.041132,-0.06931,0.079456,-0.148765
EFX.TO,2025-05-05,4,streak_4,-0.023784,-0.003116,-0.020668,0.018378,0.013032,0.005347,0.104865,0.055734,0.049131,0.152432,0.079456,0.072977
CHR.TO,2025-05-05,3,streak_3,-0.000525,-0.003116,0.002591,0.016807,0.013032,0.003775,0.091387,0.055734,0.035653,0.146008,0.079456,0.066553
CHR.TO,2025-05-06,4,streak_4,0.000525,0.00085,-0.000324,0.057803,0.023191,0.034612,0.091435,0.055123,0.036312,0.143458,0.104859,0.038599
WSP.TO,2025-05-06,11,streak_5plus,-0.00044,0.00085,-0.00129,0.038962,0.023191,0.015771,0.107276,0.055123,0.052153,0.141032,0.104859,0.036173
LUG.TO,2025-05-06,4,streak_4,0.094881,0.00085,0.094032,-0.008227,0.023191,-0.031418,0.226691,0.055123,0.171569,0.248995,0.104859,0.144135
K.TO,2025-05-06,2,streak_2,0.048144,0.00085,0.047295,-0.043631,0.023191,-0.066822,0.060181,0.055123,0.005058,0.251254,0.104859,0.146395
OVV.TO,2025-05-06,5,streak_5plus,0.003629,0.00085,0.00278,0.121264,0.023191,0.098073,0.076003,0.055123,0.020881,0.170794,0.104859,0.065935
LNF.TO,2025-05-06,2,streak_2,0.007404,0.00085,0.006555,0.074913,0.023191,0.051722,0.22561,0.055123,0.170487,0.196864,0.104859,0.092005
TFPM.TO,2025-05-06,9,streak_5plus,0.015852,0.00085,0.015002,-0.060034,0.023191,-0.083225,0.12344,0.055123,0.068318,0.132546,0.104859,0.027687
SIS.TO,2025-05-06,2,streak_2,-0.008475,0.00085,-0.009324,0.100565,0.023191,0.077374,0.070621,0.055123,0.015499,0.132203,0.104859,0.027344
INE.TO,2025-05-06,5,streak_5plus,-0.000742,0.00085,-0.001592,0.005939,0.023191,-0.017252,0.008909,0.055123,-0.046214,None,None,None
PRL.TO,2025-05-06,2,streak_2,-0.02096,0.00085,-0.02181,0.100744,0.023191,0.077553,0.100406,0.055123,0.045283,0.196416,0.104859,0.091557
EXE.TO,2025-05-06,6,streak_5plus,0.007057,0.00085,0.006208,-0.009174,0.023191,-0.032365,0.0,0.055123,-0.055123,-0.114326,0.104859,-0.219185
CCL-B.TO,2025-05-06,2,streak_2,0.008114,0.00085,0.007264,0.111459,0.023191,0.088268,0.107473,0.055123,0.052351,0.096939,0.104859,-0.00792
TXG.TO,2025-05-06,2,streak_2,0.047598,0.00085,0.046748,-0.088492,0.023191,-0.111683,0.021899,0.055123,-0.033223,-0.080447,0.104859,-0.185306
DPM.TO,2025-05-06,3,streak_3,0.064286,0.00085,0.063436,0.033516,0.023191,0.010325,0.207143,0.055123,0.15202,0.295055,0.104859,0.190196
LNR.TO,2025-05-06,9,streak_5plus,0.008226,0.00085,0.007376,0.180376,0.023191,0.157185,0.205445,0.055123,0.150322,0.3396,0.104859,0.234741
IAG.TO,2025-05-07,5,streak_5plus,0.011037,0.007468,0.003569,0.034261,0.025714,0.008547,0.061163,0.054759,0.006404,0.075726,0.117967,-0.042241
MFC-PC.TO,2025-05-07,4,streak_4,0.007924,0.007468,0.000456,0.042261,0.025714,0.016547,0.057581,0.054759,0.002821,0.099313,0.117967,-0.018654
LAS-A.TO,2025-05-07,5,streak_5plus,0.005882,0.007468,-0.001585,0.029848,0.025714,0.004134,0.025278,0.054759,-0.029481,0.058043,0.117967,-0.059925
KXS.TO,2025-05-07,2,streak_2,0.002872,0.007468,-0.004596,0.070783,0.025714,0.045069,0.047064,0.054759,-0.007695,0.032227,0.117967,-0.08574
ABX.TO,2025-05-07,2,streak_2,0.011864,0.007468,0.004396,-0.047455,0.025714,-0.073169,0.036357,0.054759,-0.018403,0.184845,0.117967,0.066878
QBR-B.TO,2025-05-07,2,streak_2,-0.001083,0.007468,-0.008551,-0.02546,0.025714,-0.051174,0.059588,0.054759,0.004829,0.028982,0.117967,-0.088986
MFC-PB.TO,2025-05-07,4,streak_4,0.006198,0.007468,-0.001269,0.031508,0.025714,0.005794,0.054236,0.054759,-0.000524,0.089359,0.117967,-0.028608
IMG.TO,2025-05-07,2,streak_2,-0.056974,0.007468,-0.064442,-0.132613,0.025714,-0.158327,0.031434,0.054759,-0.023325,0.061886,0.117967,-0.056081
BN.TO,2025-05-07,8,streak_5plus,0.028257,0.007468,0.020789,0.102405,0.025714,0.076691,0.058116,0.054759,0.003357,0.239078,0.117967,0.121111
T.TO,2025-05-07,7,streak_5plus,-0.0138,0.007468,-0.021267,0.037457,0.025714,0.011743,0.063085,0.054759,0.008326,0.056678,0.117967,-0.061289
CTC.TO,2025-05-07,5,streak_5plus,0.0,0.007468,-0.007468,0.004404,0.025714,-0.02131,0.157963,0.054759,0.103203,0.148265,0.117967,0.030298
CUP-U.TO,2025-05-07,2,streak_2,0.0,0.007468,-0.007468,-0.012422,0.025714,-0.038136,0.021739,0.054759,-0.03302,-0.00854,0.117967,-0.126508
FTS.TO,2025-05-07,11,streak_5plus,0.019474,0.007468,0.012006,-0.039099,0.025714,-0.064813,-0.018409,0.054759,-0.073168,0.035904,0.117967,-0.082063
MDA.TO,2025-05-07,3,streak_3,0.027523,0.007468,0.020055,0.024604,0.025714,-0.00111,0.218515,0.054759,0.163756,0.925771,0.117967,0.807804
PET.TO,2025-05-07,8,streak_5plus,0.035118,0.007468,0.027651,-0.00765,0.025714,-0.033364,0.087274,0.054759,0.032515,0.252782,0.117967,0.134814
CTC-A.TO,2025-05-07,5,streak_5plus,0.006168,0.007468,-0.0013,0.051555,0.025714,0.025841,0.157683,0.054759,0.102924,0.227541,0.117967,0.109574
DCBO.TO,2025-05-07,2,streak_2,0.042357,0.007468,0.03489,-0.14733,0.025714,-0.173044,-0.154696,0.054759,-0.209456,-0.04581,0.117967,-0.163778
DBM.TO,2025-05-07,3,streak_3,-0.001456,0.007468,-0.008923,0.203785,0.025714,0.178071,0.20524,0.054759,0.150481,0.244541,0.117967,0.126574
PBH.TO,2025-05-07,2,streak_2,0.094486,0.007468,0.087018,0.104697,0.025714,0.078983,0.079646,0.054759,0.024887,0.239074,0.117967,0.121107
IFOS.V,2025-05-07,10,streak_5plus,0.009217,0.007468,0.001749,0.004608,0.025714,-0.021106,0.032258,0.054759,-0.022501,0.304147,0.117967,0.18618
ACO-X.TO,2025-05-07,7,streak_5plus,-0.0002,0.007468,-0.007667,-0.038707,0.025714,-0.064421,-0.009577,0.054759,-0.064336,-0.010974,0.117967,-0.128941
PAAS.TO,2025-05-07,2,streak_2,-0.014671,0.007468,-0.022139,-0.068955,0.025714,-0.094669,0.138498,0.054759,0.083738,0.176056,0.117967,0.058089
MFC.TO,2025-05-07,8,streak_5plus,0.007887,0.007468,0.00042,0.027725,0.025714,0.002011,0.027486,0.054759,-0.027274,0.007887,0.117967,-0.11008
RBA.TO,2025-05-07,11,streak_5plus,0.013005,0.007468,0.005537,0.039948,0.025714,0.014234,0.027446,0.054759,-0.027313,0.067107,0.117967,-0.05086
AD-UN.TO,2025-05-07,9,streak_5plus,0.004251,0.007468,-0.003217,-0.056323,0.025714,-0.082037,-0.041445,0.054759,-0.096205,-0.034538,0.117967,-0.152505
OGC.TO,2025-05-07,2,streak_2,-0.009785,0.007468,-0.017252,0.105023,0.025714,0.079309,0.297456,0.054759,0.242697,0.287671,0.117967,0.169704
SOY.TO,2025-05-07,2,streak_2,-0.047112,0.007468,-0.05458,0.337386,0.025714,0.311672,0.194529,0.054759,0.139769,0.079027,0.117967,-0.03894
TXG.TO,2025-05-07,3,streak_3,-0.03285,0.007468,-0.040317,-0.123294,0.025714,-0.149008,-0.003626,0.054759,-0.058386,-0.104522,0.117967,-0.22249
EMA-PC.TO,2025-05-08,3,streak_3,0.00449,0.003692,0.000798,0.021554,0.021116,0.000438,0.06511,0.050391,0.014719,0.087113,0.103338,-0.016225
BCE-PA.TO,2025-05-08,2,streak_2,0.010266,0.003692,0.006574,0.012077,0.021116,-0.009039,0.075483,0.050391,0.025092,0.152174,0.103338,0.048836
CRON.TO,2025-05-08,2,streak_2,0.085938,0.003692,0.082245,0.125,0.021116,0.103884,0.0625,0.050391,0.012109,0.214844,0.103338,0.111506
PPL-PQ.TO,2025-05-08,2,streak_2,0.00735,0.003692,0.003658,0.022049,0.021116,0.000933,0.053178,0.050391,0.002787,0.071768,0.103338,-0.031569
WPM.TO,2025-05-08,6,streak_5plus,-0.021053,0.003692,-0.024745,-0.09003,0.021116,-0.111146,0.036543,0.050391,-0.013848,0.170133,0.103338,0.066795
PPL-PC.TO,2025-05-08,2,streak_2,0.010174,0.003692,0.006482,0.020833,0.021116,-0.000283,0.093508,0.050391,0.043117,0.160368,0.103338,0.057031
LAS-A.TO,2025-05-08,6,streak_5plus,-0.009907,0.003692,-0.013599,0.043882,0.021116,0.022766,0.010004,0.050391,-0.040387,0.06128,0.103338,-0.042058
LUG.TO,2025-05-08,5,streak_5plus,-0.019057,0.003692,-0.02275,-0.08797,0.021116,-0.109086,0.19789,0.050391,0.147499,0.245874,0.103338,0.142536
AC.TO,2025-05-08,5,streak_5plus,0.021362,0.003692,0.01767,0.242991,0.021116,0.221875,0.236983,0.050391,0.186592,0.271028,0.103338,0.16769
PPL-PA.TO,2025-05-08,2,streak_2,0.0056,0.003692,0.001907,0.023332,0.021116,0.002216,0.062996,0.050391,0.012605,0.122259,0.103338,0.018921
CNQ.TO,2025-05-08,5,streak_5plus,0.050013,0.003692,0.046321,0.102346,0.021116,0.08123,0.086105,0.050391,0.035714,0.063676,0.103338,-0.039661
CFP.TO,2025-05-08,2,streak_2,0.034074,0.003692,0.030382,0.005926,0.021116,-0.01519,0.015556,0.050391,-0.034836,-0.053333,0.103338,-0.156671
EMA.TO,2025-05-08,4,streak_4,0.006999,0.003692,0.003307,-0.027829,0.021116,-0.048945,-0.013664,0.050391,-0.064055,0.089818,0.103338,-0.013519
EFX.TO,2025-05-08,5,streak_5plus,-0.002125,0.003692,-0.005818,0.056323,0.021116,0.035207,0.096706,0.050391,0.046315,0.292242,0.103338,0.188905
QBR-A.TO,2025-05-08,2,streak_2,0.0,0.003692,-0.003692,0.027508,0.021116,0.006392,0.061219,0.050391,0.010828,0.009978,0.103338,-0.093359
FNV.TO,2025-05-08,2,streak_2,-0.023303,0.003692,-0.026996,-0.079129,0.021116,-0.100245,-0.028596,0.050391,-0.078987,0.001494,0.103338,-0.101844
BCE-PY.TO,2025-05-08,2,streak_2,0.053584,0.003692,0.049892,0.012178,0.021116,-0.008938,0.018441,0.050391,-0.03195,0.122825,0.103338,0.019488
MFI.TO,2025-05-08,2,streak_2,0.054597,0.003692,0.050904,0.042152,0.021116,0.021036,0.090325,0.050391,0.039934,0.274589,0.103338,0.171251
H.TO,2025-05-08,4,streak_4,-0.016679,0.003692,-0.020372,-0.087756,0.021116,-0.108872,-0.075436,0.050391,-0.125827,-0.050986,0.103338,-0.154323
ENB-PFA.TO,2025-05-09,2,streak_2,0.007912,0.004102,0.00381,-0.00202,0.025477,-0.027497,-0.002189,0.044417,-0.046605,0.029461,0.099176,-0.069715
DCBO.TO,2025-05-09,3,streak_3,-0.171005,0.004102,-0.175108,-0.171454,0.025477,-0.196931,-0.138016,0.044417,-0.182433,-0.057002,0.099176,-0.156178
AQN.TO,2025-05-09,2,streak_2,0.096774,0.004102,0.092672,0.005376,0.025477,-0.020101,0.041667,0.044417,-0.00275,0.037634,0.099176,-0.061542
GDI.TO,2025-05-09,3,streak_3,0.006154,0.004102,0.002052,0.061538,0.025477,0.036061,0.016308,0.044417,-0.028109,-0.153846,0.099176,-0.253022
TIXT.TO,2025-05-09,2,streak_2,0.021739,0.004102,0.017637,0.076087,0.025477,0.05061,0.0625,0.044417,0.018083,0.413043,0.099176,0.313868
OLA.TO,2025-05-12,2,streak_2,-0.155685,0.006882,-0.162566,-0.178295,0.024221,-0.202516,-0.057494,0.042141,-0.099635,-0.083979,0.095336,-0.179315
MATR.TO,2025-05-12,3,streak_3,0.036932,0.006882,0.03005,-0.053977,0.024221,-0.078199,0.015152,0.042141,-0.02699,0.13447,0.095336,0.039134
FTT.TO,2025-05-12,2,streak_2,0.036183,0.006882,0.029302,0.250558,0.024221,0.226336,0.291698,0.042141,0.249557,0.402974,0.095336,0.307638
TCW.TO,2025-05-12,2,streak_2,0.019608,0.006882,0.012726,0.073529,0.024221,0.049308,0.093137,0.042141,0.050996,0.416667,0.095336,0.321331
KNT.TO,2025-05-12,4,streak_4,-0.051013,0.006882,-0.057894,-0.048762,0.024221,-0.072984,0.177044,0.042141,0.134903,0.117029,0.095336,0.021693
WGX.TO,2025-05-12,4,streak_4,-0.050193,0.006882,-0.057075,-0.131274,0.024221,-0.155496,0.073359,0.042141,0.031218,0.015444,0.095336,-0.079892
ESI.TO,2025-05-12,2,streak_2,0.110526,0.006882,0.103645,0.057895,0.024221,0.033673,0.247368,0.042141,0.205227,0.121053,0.095336,0.025717
CHE-UN.TO,2025-05-12,3,streak_3,0.01594,0.006882,0.009059,0.155154,0.024221,0.130933,0.141339,0.042141,0.099198,0.175345,0.095336,0.080009
SFC.TO,2025-05-13,4,streak_4,-0.013106,0.003317,-0.016424,0.009174,0.0205,-0.011325,0.095675,0.038853,0.056822,-0.051114,0.093572,-0.144686
FRU.TO,2025-05-13,2,streak_2,0.010471,0.003317,0.007154,0.04014,0.0205,0.01964,0.082024,0.038853,0.043172,0.122164,0.093572,0.028592
WDO.TO,2025-05-13,4,streak_4,-0.007101,0.003317,-0.010418,0.040237,0.0205,0.019737,0.149704,0.038853,0.110851,0.063314,0.093572,-0.030258
SPB.TO,2025-05-13,2,streak_2,0.024251,0.003317,0.020934,0.095578,0.0205,0.075078,0.122682,0.038853,0.083829,-0.029957,0.093572,-0.123529
CSU.TO,2025-05-13,3,streak_3,-0.037728,0.003317,-0.041046,-0.015502,0.0205,-0.036002,-0.044005,0.038853,-0.082858,-0.08723,0.093572,-0.180802
CHE-UN.TO,2025-05-13,4,streak_4,0.083682,0.003317,0.080365,0.146444,0.0205,0.125944,0.126569,0.038853,0.087716,0.158996,0.093572,0.065424
CAE.TO,2025-05-13,2,streak_2,-0.023224,0.003317,-0.026542,-0.026195,0.0205,-0.046695,0.00162,0.038853,-0.037233,0.101809,0.093572,0.008237
MER.TO,2025-05-14,3,streak_3,-0.011696,0.002951,-0.014647,0.011696,0.008678,0.003018,-0.005848,0.038994,-0.044842,-0.070175,0.092771,-0.162946
AMRQ.V,2025-05-14,2,streak_2,-0.056962,0.002951,-0.059913,0.075949,0.008678,0.067271,-0.006329,0.038994,-0.045323,-0.120253,0.092771,-0.213024
AOI.TO,2025-05-14,3,streak_3,-0.016043,0.002951,-0.018994,-0.010695,0.008678,-0.019373,-0.037433,0.038994,-0.076427,None,None,None
STN.TO,2025-05-14,3,streak_3,0.003042,0.002951,9.1e-05,0.053536,0.008678,0.044858,0.11346,0.038994,0.074466,0.135513,0.092771,0.042743
CIX.TO,2025-05-14,4,streak_4,-0.005691,0.002951,-0.008642,-0.006639,0.008678,-0.015317,-0.001581,0.038994,-0.040575,0.011382,0.092771,-0.081389
VLE.TO,2025-05-14,6,streak_5plus,-0.035583,0.002951,-0.038534,-0.131288,0.008678,-0.139966,-0.034356,0.038994,-0.07335,0.006135,0.092771,-0.086636
TVK.TO,2025-05-14,2,streak_2,-0.007182,0.002951,-0.010133,-0.046596,0.008678,-0.055274,-0.02178,0.038994,-0.060774,-0.12519,0.092771,-0.217961
SOBO.TO,2025-05-15,3,streak_3,0.005195,0.007979,-0.002784,0.000289,0.006286,-0.005997,0.022799,0.031601,-0.008801,0.085714,0.086543,-0.000828
TD.TO,2025-05-21,2,streak_2,-0.002941,-0.008305,0.005364,0.046041,0.00819,0.037851,0.083371,0.019355,0.064016,0.139593,0.067866,0.071726
FPC.V,2025-05-22,3,streak_3,-0.038462,0.000573,-0.039034,-0.038462,0.017195,-0.055656,-0.038462,0.025701,-0.064163,-0.057692,0.078934,-0.136627
TD-PFI.TO,2025-05-22,2,streak_2,-0.003226,0.000573,-0.003799,0.016129,0.017195,-0.001066,0.031048,0.025701,0.005347,None,None,None
TD-PFA.TO,2025-05-22,2,streak_2,-0.001723,0.000573,-0.002295,0.0,0.017195,-0.017195,0.014643,0.025701,-0.011059,0.046081,0.078934,-0.032853
TD-PFJ.TO,2025-05-22,2,streak_2,-0.001204,0.000573,-0.001777,0.012846,0.017195,-0.004349,0.013248,0.025701,-0.012454,0.011642,0.078934,-0.067292
FPC.V,2025-05-23,4,streak_4,-0.06,0.001006,-0.061006,-0.08,0.013793,-0.093793,0.0,0.024894,-0.024894,-0.04,0.085147,-0.125147
TF.TO,2025-05-26,2,streak_2,0.014493,0.008439,0.006054,0.015942,0.011403,0.004539,0.044928,0.028184,0.016744,0.07971,0.094787,-0.015077
NA.TO,2025-05-27,7,streak_5plus,0.003865,0.006537,-0.002672,0.036678,0.011135,0.025543,0.065625,0.023764,0.041862,0.178104,0.079373,0.098731
NA-PE.TO,2025-05-27,6,streak_5plus,0.001219,0.006537,-0.005318,0.0,0.011135,-0.011135,-0.005282,0.023764,-0.029046,0.018285,0.079373,-0.061087
AEP.V,2025-05-27,2,streak_2,0.038961,0.006537,0.032424,0.194805,0.011135,0.18367,0.090909,0.023764,0.067145,0.012987,0.079373,-0.066386
BMO.TO,2025-05-27,2,streak_2,0.006877,0.006537,0.00034,0.027508,0.011135,0.016373,0.018646,0.023764,-0.005118,0.108259,0.079373,0.028887
LTH.V,2025-05-28,2,streak_2,-0.04918,0.000552,-0.049732,-0.04918,0.005999,-0.05518,-0.098361,0.011318,-0.109678,0.262295,0.078834,0.183461
YES.V,2025-05-28,2,streak_2,-0.041667,0.000552,-0.042219,0.0,0.005999,-0.005999,0.083333,0.011318,0.072016,0.0,0.078834,-0.078834
CM.TO,2025-05-28,7,streak_5plus,-0.005927,0.000552,-0.006479,-0.017351,0.005999,-0.02335,0.019075,0.011318,0.007758,0.090527,0.078834,0.011693
LB.TO,2025-05-29,5,streak_5plus,0.011565,-0.002774,0.014338,0.053126,0.001731,0.051395,0.082761,0.017825,0.064936,0.121793,0.081781,0.040011
SCZ.V,2025-05-29,2,streak_2,0.014286,-0.002774,0.017059,0.442857,0.001731,0.441126,0.4,0.017825,0.382175,1.371429,0.081781,1.289647
DOO.TO,2025-05-29,7,streak_5plus,0.126897,-0.002774,0.129671,0.282129,0.001731,0.280398,0.331512,0.017825,0.313687,0.587735,0.081781,0.505954
TCL-A.TO,2025-06-03,7,streak_5plus,0.009069,0.001425,0.007644,-0.01241,-0.0005,-0.01191,-0.031981,0.018216,-0.050197,-0.043914,0.084376,-0.12829
SCZ.V,2025-06-04,3,streak_3,0.074468,-0.003693,0.078161,0.085106,-1.1e-05,0.085118,0.138298,0.022996,0.115302,1.148936,0.087972,1.060964
TCL-B.TO,2025-06-04,7,streak_5plus,-0.000955,-0.003693,0.002738,-0.011461,-1.1e-05,-0.01145,-0.024355,0.022996,-0.047351,-0.04298,0.087972,-0.130952
DOL.TO,2025-06-10,11,streak_5plus,0.002398,0.001915,0.000484,0.095815,0.00731,0.088505,0.096214,0.022615,0.073599,0.080854,0.101881,-0.021027
DTOL.TO,2025-06-10,3,streak_3,-0.009023,0.001915,-0.010937,0.097744,0.00731,0.090435,0.109774,0.022615,0.087159,0.205263,0.101881,0.103382
DOL.TO,2025-06-11,12,streak_5plus,0.098035,0.003705,0.09433,0.104415,0.004356,0.100059,0.08442,0.024824,0.059597,0.081629,0.10418,-0.022551
GRGD.TO,2025-06-17,3,streak_3,0.188371,-0.001024,0.189394,0.473652,0.001536,0.472117,0.735918,0.021996,0.713922,2.47123,0.103378,2.367852
EMP-A.TO,2025-06-19,6,streak_5plus,0.052998,-0.002131,0.055129,0.070986,0.000241,0.070746,0.078143,0.028392,0.049751,-0.052224,0.108946,-0.161171
HIVE.V,2025-06-23,9,streak_5plus,-0.05042,0.004219,-0.054639,0.037815,0.007348,0.030467,0.42437,0.032712,0.391657,1.218487,0.130631,1.087857
HIVE.V,2025-06-24,10,streak_5plus,0.115044,0.004104,0.11094,0.088496,0.009309,0.079187,0.442478,0.030328,0.41215,1.287611,0.120491,1.167119
ET.TO,2025-06-24,3,streak_3,-0.002525,0.004104,-0.006629,0.010101,0.009309,0.000792,-0.000842,0.030328,-0.031169,0.031145,0.120491,-0.089346
BBU-UN.TO,2025-06-30,3,streak_3,0.027074,0.006174,0.0209,0.02329,0.012288,0.011001,0.002911,0.031754,-0.028843,0.317322,0.122867,0.194455
IPCO.TO,2025-06-30,2,streak_2,-0.002239,0.006174,-0.008413,-0.025078,0.012288,-0.037367,0.085983,0.031754,0.054229,0.051052,0.122867,-0.071815
ENB-PFK.TO,2025-06-30,2,streak_2,-0.005435,0.006174,-0.011609,-0.00209,0.012288,-0.014378,-0.004181,0.031754,-0.035935,0.029682,0.122867,-0.093185
AIR.V,2025-07-04,4,streak_4,0.0,0.000614,-0.000614,0.1,0.001776,0.098224,-0.1,-0.000514,-0.099486,0.7,0.115642,0.584358
CGO.TO,2025-07-09,3,streak_3,0.003457,0.002554,0.000904,-0.021193,0.005594,-0.026787,-0.147903,0.03188,-0.179784,-0.114986,0.128165,-0.243151
ATZ.TO,2025-07-09,28,streak_5plus,0.007021,0.002554,0.004468,-0.02606,0.005594,-0.031654,-0.017013,0.03188,-0.048894,0.091547,0.128165,-0.036618
ATZ.TO,2025-07-10,29,streak_5plus,-0.007106,0.004078,-0.011185,-0.024269,0.006699,-0.030969,-0.026549,0.029156,-0.055705,0.096943,0.130864,-0.033921
CRE.V,2025-07-18,7,streak_5plus,0.0,-0.002662,0.002662,-0.1,-0.000533,-0.099467,-0.16,0.019571,-0.179571,-0.07,0.099376,-0.169376
FM.TO,2025-07-21,4,streak_4,0.013254,0.00011,0.013144,0.014536,0.006605,0.007931,-0.017529,0.018668,-0.036197,0.32578,0.113583,0.212197
WCN.TO,2025-07-22,2,streak_2,0.009591,0.001735,0.007855,0.026032,0.003236,0.022796,0.037556,0.020566,0.01699,-0.021881,0.094146,-0.116028
FM.TO,2025-07-23,5,streak_5plus,0.000411,0.0019,-0.001489,-0.035758,0.006413,-0.042172,-0.075216,0.025252,-0.100468,0.214961,0.095694,0.119267
NGT.TO,2025-07-24,3,streak_3,0.003365,-0.001609,0.004974,0.033289,-0.001692,0.034982,0.171374,0.033436,0.137937,None,None,None
TECK-A.TO,2025-07-24,5,streak_5plus,-0.08581,-0.001609,-0.084202,-0.153674,-0.001692,-0.151981,-0.12507,0.033436,-0.158506,0.117966,0.101031,0.016935
FSV.TO,2025-07-24,4,streak_4,0.088871,-0.001609,0.09048,0.124346,-0.001692,0.126038,0.137572,0.033436,0.104135,-0.040007,0.101031,-0.141037
OVV.TO,2025-07-24,6,streak_5plus,0.016329,-0.001609,0.017937,0.089715,-0.001692,0.091407,0.054617,0.033436,0.021181,-0.002815,0.101031,-0.103846
L.TO,2025-07-24,2,streak_2,0.022116,-0.001609,0.023724,0.032436,-0.001692,0.034129,0.045706,0.033436,0.01227,0.077774,0.101031,-0.023257
LIFT.V,2025-07-25,2,streak_2,0.026087,0.004461,0.021626,0.230435,-0.00411,0.234545,0.095652,0.029139,0.066513,0.352174,0.108898,0.243276
IFC.TO,2025-07-28,8,streak_5plus,-0.009944,-0.003237,-0.006707,-0.072344,-0.01724,-0.055104,-0.107577,0.030752,-0.138329,-0.131647,0.101162,-0.23281
CLS.TO,2025-07-28,28,streak_5plus,0.02049,-0.003237,0.023727,0.152428,-0.01724,0.169668,0.177633,0.030752,0.146881,0.814523,0.101162,0.71336
TPZ.TO,2025-07-28,2,streak_2,0.017801,-0.003237,0.021038,-0.015032,-0.01724,0.002208,-0.033623,0.030752,-0.064375,-0.017801,0.101162,-0.118963
GEI.TO,2025-07-28,2,streak_2,0.002465,-0.003237,0.005702,0.016434,-0.01724,0.033674,0.041085,0.030752,0.010333,-0.011093,0.101162,-0.112255
NGD.TO,2025-07-28,5,streak_5plus,-0.059504,-0.003237,-0.056267,-0.028099,-0.01724,-0.010859,0.302479,0.030752,0.271728,0.459504,0.101162,0.358342
FTS.TO,2025-07-29,12,streak_5plus,0.012105,0.004908,0.007198,0.045357,0.00601,0.039347,0.047349,0.037496,0.009853,0.073092,0.109989,-0.036897
AEM.TO,2025-07-29,8,streak_5plus,0.022648,0.004908,0.01774,0.090828,0.00601,0.084819,0.132044,0.037496,0.094548,0.288984,0.109989,0.178994
PXT.TO,2025-07-29,2,streak_2,-0.015293,0.004908,-0.0202,0.06117,0.00601,0.05516,0.124335,0.037496,0.086839,0.234043,0.109989,0.124053
PXT.TO,2025-07-30,3,streak_3,0.063471,-0.006169,0.06964,0.056043,0.013834,0.042209,0.129642,0.032495,0.097147,0.250506,0.094586,0.15592
CVE.TO,2025-07-30,2,streak_2,-0.001448,-0.006169,0.004721,-0.024131,0.013834,-0.037966,0.116795,0.032495,0.084301,0.148649,0.094586,0.054062
KEC.TO,2025-07-30,2,streak_2,0.0,-0.006169,0.006169,0.033258,0.013834,0.019424,0.066517,0.032495,0.034022,0.109213,0.094586,0.014627
AGI.TO,2025-07-30,2,streak_2,-0.008199,-0.006169,-0.00203,0.025163,0.013834,0.011328,0.151541,0.032495,0.119046,0.255584,0.094586,0.160997
K.TO,2025-07-30,3,streak_3,-0.031378,-0.006169,-0.025209,0.166439,0.013834,0.152605,0.263756,0.032495,0.231262,0.464302,0.094586,0.369716
ERO.TO,2025-07-30,2,streak_2,-0.04714,-0.006169,-0.040971,-0.013242,0.013834,-0.027076,0.023305,0.032495,-0.00919,0.585805,0.094586,0.491219
TVE.TO,2025-07-30,2,streak_2,0.026515,-0.006169,0.032684,0.007576,0.013834,-0.006259,0.018939,0.032495,-0.013555,0.166667,0.094586,0.07208
FFH.TO,2025-07-30,6,streak_5plus,-0.01929,-0.006169,-0.013121,-0.047148,0.013834,-0.060983,-0.052516,0.032495,-0.08501,-0.101876,0.094586,-0.196462
ENB-PFA.TO,2025-07-31,3,streak_3,0.008158,-0.004026,0.012184,0.040449,0.014297,0.026152,0.082937,0.043643,0.039294,0.101292,0.102631,-0.001339
BBD-B.TO,2025-07-31,2,streak_2,-0.006579,-0.004026,-0.002553,0.032341,0.014297,0.018045,-0.012789,0.043643,-0.056432,0.185194,0.102631,0.082564
EDV.TO,2025-07-31,3,streak_3,-0.023827,-0.004026,-0.0198,0.067191,0.014297,0.052894,0.120562,0.043643,0.07692,0.344532,0.102631,0.241901
ENB.TO,2025-07-31,2,streak_2,0.008096,-0.004026,0.012123,0.040317,0.014297,0.026021,0.082783,0.043643,0.03914,0.07072,0.102631,-0.03191
ARX.TO,2025-07-31,5,streak_5plus,-0.026115,-0.004026,-0.022089,-0.00399,0.014297,-0.018287,-0.048241,0.043643,-0.091884,-0.064563,0.102631,-0.167194
GIL.TO,2025-07-31,5,streak_5plus,-0.020181,-0.004026,-0.016154,0.005927,0.014297,-0.008369,0.05405,0.043643,0.010408,0.155941,0.102631,0.053311
ERO.TO,2025-07-31,3,streak_3,0.042246,-0.004026,0.046272,0.050028,0.014297,0.035731,0.096165,0.043643,0.052522,0.67204,0.102631,0.569409
IMO.TO,2025-07-31,13,streak_5plus,-0.009882,-0.004026,-0.005856,0.000607,0.014297,-0.01369,0.068048,0.043643,0.024405,0.102202,0.102631,-0.000429
FFH.TO,2025-07-31,7,streak_5plus,-0.004209,-0.004026,-0.000183,-0.023619,0.014297,-0.037916,-0.039332,0.043643,-0.082974,-0.074393,0.102631,-0.177024
DPM.TO,2025-07-31,4,streak_4,-0.004452,-0.004026,-0.000426,0.071238,0.014297,0.056941,0.131345,0.043643,0.087702,0.345948,0.102631,0.243318
ENB-PFK.TO,2025-08-01,3,streak_3,-0.002088,-0.008782,0.006694,0.020877,0.018302,0.002575,0.02881,0.049736,-0.020926,-0.091858,0.110085,-0.201943
TA.TO,2025-08-01,2,streak_2,0.024773,-0.008782,0.033556,-0.002417,0.018302,-0.020719,0.006042,0.049736,-0.043694,0.493656,0.110085,0.38357
ENB-PFA.TO,2025-08-01,4,streak_4,0.015509,-0.008782,0.024291,0.03085,0.018302,0.012548,0.076028,0.049736,0.026292,0.087154,0.110085,-0.022931
TIXT.TO,2025-08-01,3,streak_3,-0.030593,-0.008782,-0.021811,-0.005736,0.018302,-0.024038,0.181644,0.049736,0.131908,0.133843,0.110085,0.023758
RAY-A.TO,2025-08-04,2,streak_2,-0.003724,0.020344,-0.024068,-0.094972,0.027934,-0.122907,-0.078212,0.064063,-0.142275,0.06797,0.120453,-0.052483
TA-PH.TO,2025-08-04,2,streak_2,0.000823,0.020344,-0.019521,0.002057,0.027934,-0.025878,0.002879,0.064063,-0.061183,0.031674,0.120453,-0.088779
RBA.TO,2025-08-04,12,streak_5plus,0.010976,0.020344,-0.009368,0.082957,0.027934,0.055023,0.062622,0.064063,-0.001441,-0.081207,0.120453,-0.20166
IFOS.V,2025-08-05,11,streak_5plus,0.0,0.020344,-0.020344,-0.039146,0.027934,-0.06708,-0.024911,0.064063,-0.088974,0.170819,0.120453,0.050365
CHR.TO,2025-08-05,5,streak_5plus,-0.00275,0.020344,-0.023094,-0.053621,0.027934,-0.081555,-0.071952,0.064063,-0.136015,0.072411,0.120453,-0.048043
CIX.TO,2025-08-05,5,streak_5plus,-0.000626,0.020344,-0.02097,0.000939,0.027934,-0.026996,None,None,None,None,None,None
SSRM.TO,2025-08-05,2,streak_2,0.07443,0.020344,0.054086,0.288115,0.027934,0.260181,0.684274,0.064063,0.620211,0.931573,0.120453,0.811119
PAAS.TO,2025-08-05,3,streak_3,0.076757,0.020344,0.056413,0.166216,0.027934,0.138282,0.264324,0.064063,0.200262,0.312432,0.120453,0.191979
IAG.TO,2025-08-05,6,streak_5plus,0.023049,0.020344,0.002705,0.058595,0.027934,0.03066,0.132605,0.064063,0.068542,0.246053,0.120453,0.125599
RAY-A.TO,2025-08-05,3,streak_3,-0.003724,0.020344,-0.024068,-0.094972,0.027934,-0.122907,-0.078212,0.064063,-0.142275,0.06797,0.120453,-0.052483
KSI.TO,2025-08-05,2,streak_2,0.063943,0.020344,0.043599,0.044405,0.027934,0.016471,-0.030195,0.064063,-0.094258,-0.044405,0.120453,-0.164858
LUN.TO,2025-08-06,2,streak_2,-0.017373,0.012724,-0.030097,0.09868,0.012738,0.085941,0.117443,0.048814,0.068629,0.507297,0.080076,0.427221
TFPM.TO,2025-08-06,10,streak_5plus,0.011912,0.012724,-0.000812,0.092912,0.012738,0.080174,0.108696,0.048814,0.059882,0.141453,0.080076,0.061377
LNF.TO,2025-08-06,3,streak_3,0.016376,0.012724,0.003652,0.055677,0.012738,0.042938,0.070597,0.048814,0.021783,0.075328,0.080076,-0.004748
KXS.TO,2025-08-06,3,streak_3,-0.06123,0.012724,-0.073954,-0.042803,0.012738,-0.055542,-0.081544,0.048814,-0.130358,-0.187077,0.080076,-0.267153
SOY.TO,2025-08-06,3,streak_3,-0.060847,0.012724,-0.07357,0.160053,0.012738,0.147314,0.17328,0.048814,0.124467,-0.013228,0.080076,-0.093303
CJT.TO,2025-08-06,4,streak_4,0.008199,0.012724,-0.004525,0.054217,0.012738,0.041479,0.017526,0.048814,-0.031288,-0.176796,0.080076,-0.256872
WSP.TO,2025-08-06,12,streak_5plus,-0.003053,0.012724,-0.015777,-0.008247,0.012738,-0.020986,-0.012072,0.048814,-0.060886,-0.072644,0.080076,-0.15272
SIS.TO,2025-08-06,3,streak_3,0.004491,0.012724,-0.008233,0.049401,0.012738,0.036663,0.018962,0.048814,-0.029852,0.076347,0.080076,-0.003729
SOBO.TO,2025-08-06,4,streak_4,0.004708,0.012724,-0.008016,0.028801,0.012738,0.016062,0.035724,0.048814,-0.01309,-0.01357,0.080076,-0.093646
TRI.TO,2025-08-06,15,streak_5plus,-0.100627,0.012724,-0.113351,-0.146909,0.012738,-0.159647,-0.098171,0.048814,-0.146985,-0.24607,0.080076,-0.326146
DBM.TO,2025-08-06,4,streak_4,0.007067,0.012724,-0.005657,0.107185,0.012738,0.094446,0.137809,0.048814,0.088995,0.040047,0.080076,-0.040029
NVA.TO,2025-08-06,5,streak_5plus,-0.006281,0.012724,-0.019004,0.018144,0.012738,0.005405,0.031403,0.048814,-0.017411,0.18074,0.080076,0.100664
LUG.TO,2025-08-06,6,streak_5plus,0.053279,0.012724,0.040555,0.152957,0.012738,0.140218,0.321575,0.048814,0.272761,0.392711,0.080076,0.312635
CG.TO,2025-08-06,2,streak_2,0.025202,0.012724,0.012478,-0.021169,0.012738,-0.033908,0.154234,0.048814,0.10542,0.579637,0.080076,0.499561
TKO.TO,2025-08-06,3,streak_3,-0.014184,0.012724,-0.026908,0.033097,0.012738,0.020358,0.094563,0.048814,0.045749,0.394799,0.080076,0.314723
ALV.V,2025-08-06,2,streak_2,0.005282,0.012724,-0.007442,-0.001761,0.012738,-0.014499,0.176056,0.048814,0.127243,0.132042,0.080076,0.051966
PRL.TO,2025-08-06,3,streak_3,-0.006782,0.012724,-0.019506,-0.04408,0.012738,-0.056819,-0.09466,0.048814,-0.143473,-0.291325,0.080076,-0.371401
TXG.TO,2025-08-06,4,streak_4,0.02017,0.012724,0.007446,0.03062,0.012738,0.017881,0.201701,0.048814,0.152887,0.326124,0.080076,0.246048
PAAS.TO,2025-08-06,4,streak_4,0.006024,0.012724,-0.0067,0.098394,0.012738,0.085655,0.161898,0.048814,0.113084,0.169428,0.080076,0.089352
ADEN.TO,2025-08-06,2,streak_2,0.010306,0.012724,-0.002418,0.139471,0.012738,0.126733,0.199244,0.048814,0.15043,0.173136,0.080076,0.093061
OGC.TO,2025-08-06,3,streak_3,0.011789,0.012724,-0.000935,0.168119,0.012738,0.15538,0.333675,0.048814,0.284861,0.523321,0.080076,0.443245
EXE.TO,2025-08-06,7,streak_5plus,-0.00239,0.012724,-0.015114,0.068526,0.012738,0.055787,0.027888,0.048814,-0.020925,0.282869,0.080076,0.202793
IFOS.V,2025-08-06,12,streak_5plus,0.007117,0.012724,-0.005606,-0.02847,0.012738,-0.041208,-0.053381,0.048814,-0.102195,0.131673,0.080076,0.051597
LAS-A.TO,2025-08-07,7,streak_5plus,0.008959,-0.005716,0.014675,-0.026373,0.002597,-0.028969,-0.03841,0.040461,-0.078871,-0.030462,0.078171,-0.108633
WPM.TO,2025-08-07,7,streak_5plus,0.012665,-0.005716,0.018381,-0.033625,0.002597,-0.036221,0.068064,0.040461,0.027603,0.008221,0.078171,-0.06995
CNQ.TO,2025-08-07,6,streak_5plus,-0.030545,-0.005716,-0.024829,-0.044643,0.002597,-0.047239,-0.024671,0.040461,-0.065132,0.057566,0.078171,-0.020605
ATRL.TO,2025-08-07,2,streak_2,0.00644,-0.005716,0.012156,0.001973,0.002597,-0.000623,-0.016514,0.040461,-0.056975,0.006855,0.078171,-0.071316
BDI.TO,2025-08-07,3,streak_3,0.044156,-0.005716,0.049872,0.021645,0.002597,0.019048,0.030303,0.040461,-0.010158,0.232035,0.078171,0.153864
RUS.TO,2025-08-07,2,streak_2,-0.017148,-0.005716,-0.011432,-0.058492,0.002597,-0.061089,-0.020202,0.040461,-0.060663,-0.021611,0.078171,-0.099782
SLF.TO,2025-08-07,2,streak_2,-0.003973,-0.005716,0.001744,-0.060311,0.002597,-0.062907,-0.047671,0.040461,-0.088131,0.036235,0.078171,-0.041936
LNF.TO,2025-08-07,4,streak_4,0.001432,-0.005716,0.007148,0.040458,0.002597,0.037862,0.069459,0.040461,0.028999,0.044397,0.078171,-0.033774
GCG-A.TO,2025-08-07,2,streak_2,-0.022989,-0.005716,-0.017272,0.02049,0.002597,0.017893,0.661919,0.040461,0.621458,0.673163,0.078171,0.594993
CRON.TO,2025-08-07,3,streak_3,0.079861,-0.005716,0.085577,0.256944,0.002597,0.254348,0.208333,0.040461,0.167873,0.204861,0.078171,0.12669
SAP.TO,2025-08-07,2,streak_2,0.005536,-0.005716,0.011252,0.131834,0.002597,0.129237,0.193426,0.040461,0.152965,0.177855,0.078171,0.099684
PPL-PQ.TO,2025-08-07,3,streak_3,-0.002414,-0.005716,0.003302,-0.005231,0.002597,-0.007828,0.00161,0.040461,-0.038851,0.028169,0.078171,-0.050002
EMA.TO,2025-08-07,5,streak_5plus,0.018533,-0.005716,0.024249,-0.002025,0.002597,-0.004621,-0.001557,0.040461,-0.042018,0.044386,0.078171,-0.033785
ADEN.TO,2025-08-07,3,streak_3,0.096566,-0.005716,0.102282,0.17205,0.002597,0.169454,0.229174,0.040461,0.188713,0.16457,0.078171,0.086399
PPL-PC.TO,2025-08-07,3,streak_3,-0.016831,-0.005716,-0.011115,-0.012726,0.002597,-0.015322,-0.010263,0.040461,-0.050723,0.009852,0.078171,-0.068319
DBM.TO,2025-08-07,5,streak_5plus,0.061988,-0.005716,0.067704,0.127485,0.002597,0.124889,0.14386,0.040461,0.103399,0.05614,0.078171,-0.02203
CSU.TO,2025-08-07,4,streak_4,-0.015565,-0.005716,-0.009849,-0.045718,0.002597,-0.048314,-0.026218,0.040461,-0.066678,-0.24376,0.078171,-0.321931
LUG.TO,2025-08-07,7,streak_5plus,0.01751,-0.005716,0.023226,0.080044,0.002597,0.077448,0.288355,0.040461,0.247894,0.405781,0.078171,0.32761
MDA.TO,2025-08-07,4,streak_4,-0.037246,-0.005716,-0.031529,-0.057817,0.002597,-0.060414,-0.04699,0.040461,-0.087451,-0.44673,0.078171,-0.524901
MEQ.TO,2025-08-07,4,streak_4,0.02706,-0.005716,0.032776,0.061336,0.002597,0.058739,0.051892,0.040461,0.011431,-0.010187,0.078171,-0.088358
EFX.TO,2025-08-07,6,streak_5plus,0.103448,-0.005716,0.109164,0.19873,0.002597,0.196133,0.254991,0.040461,0.21453,0.61343,0.078171,0.535259
PPL-PA.TO,2025-08-07,3,streak_3,0.0,-0.005716,0.005716,-0.002911,0.002597,-0.005507,0.004158,0.040461,-0.036303,0.029522,0.078171,-0.048649
KEY.TO,2025-08-07,2,streak_2,0.012996,-0.005716,0.018712,0.012996,0.002597,0.0104,0.034735,0.040461,-0.005725,-0.038516,0.078171,-0.116687
IFP.TO,2025-08-07,2,streak_2,-0.013677,-0.005716,-0.00796,0.071601,0.002597,0.069004,0.065969,0.040461,0.025509,-0.367659,0.078171,-0.44583
DML.TO,2025-08-07,2,streak_2,-0.006452,-0.005716,-0.000735,-0.103226,0.002597,-0.105822,0.041935,0.040461,0.001475,0.222581,0.078171,0.14441
DCBO.TO,2025-08-08,4,streak_4,0.0505,-9.4e-05,0.050594,0.0805,0.005573,0.074927,0.09525,0.045617,0.049633,-0.139,0.075908,-0.214908
SLI.V,2025-08-08,2,streak_2,0.053763,-9.4e-05,0.053857,0.069892,0.005573,0.06432,0.091398,0.045617,0.04578,0.236559,0.075908,0.160651
AQN.TO,2025-08-08,3,streak_3,-0.036205,-9.4e-05,-0.036111,0.0,0.005573,-0.005573,-0.042447,0.045617,-0.088064,0.009988,0.075908,-0.06592
FNV.TO,2025-08-11,3,streak_3,0.026743,0.000594,0.026149,0.037117,0.005288,0.031829,0.151446,0.046987,0.104459,0.14358,0.077579,0.066001
MAG.TO,2025-08-11,2,streak_2,-0.007583,0.000594,-0.008177,0.000316,0.005288,-0.004972,None,None,None,None,None,None
ABX.TO,2025-08-11,3,streak_3,-0.023511,0.000594,-0.024105,0.033856,0.005288,0.028567,0.261755,0.046987,0.214768,0.44953,0.077579,0.371951
SPB.TO,2025-08-11,3,streak_3,0.023881,0.000594,0.023286,0.025373,0.005288,0.020085,0.110448,0.046987,0.063461,0.192537,0.077579,0.114958
SCR.TO,2025-08-11,2,streak_2,0.016632,0.000594,0.016038,0.085239,0.005288,0.079951,0.130086,0.046987,0.083099,0.141966,0.077579,0.064387
PPL-PQ.TO,2025-08-11,4,streak_4,-0.003616,0.000594,-0.00421,-0.008839,0.005288,-0.014127,0.003214,0.046987,-0.043773,0.026517,0.077579,-0.051063
EMX.V,2025-08-11,2,streak_2,0.0,0.000594,-0.000594,0.077465,0.005288,0.072176,0.342723,0.046987,0.295736,0.316901,0.077579,0.239322
OLA.TO,2025-08-11,3,streak_3,0.020144,0.000594,0.019549,-0.019424,0.005288,-0.024713,0.096403,0.046987,0.049416,0.002878,0.077579,-0.074702
H.TO,2025-08-12,5,streak_5plus,-0.005954,0.00526,-0.011214,0.001191,0.005318,-0.004127,-0.02818,0.050556,-0.078736,0.02441,0.091499,-0.067089
CAE.TO,2025-08-12,3,streak_3,0.029783,0.00526,0.024523,-0.031297,0.005318,-0.036615,-0.078748,0.050556,-0.129304,-0.038112,0.091499,-0.129611
EU.V,2025-08-12,2,streak_2,0.04336,0.00526,0.0381,0.02981,0.005318,0.024493,-0.121951,0.050556,-0.172507,0.04607,0.091499,-0.045428
MRE.TO,2025-08-12,3,streak_3,0.032648,0.00526,0.027388,0.154776,0.005318,0.149459,0.31318,0.050556,0.262624,0.251511,0.091499,0.160013
SFC.TO,2025-08-13,5,streak_5plus,0.017956,0.002582,0.015374,0.104972,-0.003488,0.108461,0.162983,0.053243,0.109741,0.104972,0.089108,0.015865
HBM.TO,2025-08-13,2,streak_2,0.14823,0.002582,0.145648,0.105457,-0.003488,0.108946,0.383481,0.053243,0.330238,0.716814,0.089108,0.627707
CCL-B.TO,2025-08-13,3,streak_3,0.007448,0.002582,0.004865,0.03282,-0.003488,0.036308,0.019313,0.053243,-0.033929,0.027518,0.089108,-0.061589
WDO.TO,2025-08-13,5,streak_5plus,-0.001669,0.002582,-0.004252,-0.109627,-0.003488,-0.106139,0.097385,0.053243,0.044142,0.181413,0.089108,0.092306
PVT.V,2025-08-13,2,streak_2,0.054688,0.002582,0.052105,0.117188,-0.003488,0.120676,0.34375,0.053243,0.290507,0.179688,0.089108,0.09058
SCZ.V,2025-08-20,4,streak_4,0.04878,0.001973,0.046807,0.390244,0.018545,0.371699,0.772358,0.058568,0.713789,0.504065,0.079522,0.424543
MPH.V,2025-08-20,3,streak_3,0.0,0.001973,-0.001973,0.095238,0.018545,0.076693,0.047619,0.058568,-0.010949,0.009524,0.079522,-0.069998
ALK.TO,2025-08-20,2,streak_2,0.0,0.001973,-0.001973,0.088608,0.018545,0.070062,0.151899,0.058568,0.09333,0.113924,0.079522,0.034402
COV.V,2025-08-21,2,streak_2,-0.167286,0.006335,-0.173621,-0.178439,0.019879,-0.198318,-0.237918,0.067779,-0.305697,-0.29368,0.086073,-0.379753
BMO.TO,2025-08-25,3,streak_3,-0.005661,-0.00576,9.9e-05,0.047325,0.008167,0.039158,0.139177,0.052324,0.086853,0.085427,0.064504,0.020923
CM.TO,2025-08-27,8,streak_5plus,0.016998,0.003285,0.013713,0.059986,0.01452,0.045466,0.097144,0.049122,0.048022,0.183615,0.09036,0.093255
LTH.V,2025-08-28,3,streak_3,-0.012821,6.3e-05,-0.012884,0.038462,0.016984,0.021478,0.064103,0.046717,0.017386,0.025641,0.096624,-0.070983
YES.V,2025-08-28,3,streak_3,0.0,6.3e-05,-6.3e-05,0.0,0.016984,-0.016984,-0.166667,0.046717,-0.213384,-0.145833,0.096624,-0.242457
TD-PFA.TO,2025-08-28,3,streak_3,0.000822,6.3e-05,0.000759,0.004523,0.016984,-0.012461,0.006579,0.046717,-0.040138,0.025493,0.096624,-0.07113
TD.TO,2025-08-28,3,streak_3,-0.045179,6.3e-05,-0.045243,-0.016053,0.016984,-0.033037,0.050851,0.046717,0.004134,0.126117,0.096624,0.029494
TD-PFJ.TO,2025-08-28,3,streak_3,0.0,6.3e-05,-6.3e-05,0.001194,0.016984,-0.01579,0.015924,0.046717,-0.030793,0.037818,0.096624,-0.058805
LB.TO,2025-08-29,6,streak_5plus,-0.037144,0.004561,-0.041705,-0.002882,0.021657,-0.024538,0.043228,0.054057,-0.010829,0.072687,0.097817,-0.02513
PNPN.V,2025-09-02,2,streak_2,-0.042857,0.001789,-0.044646,0.007143,0.016216,-0.009073,0.035714,0.051053,-0.015339,-0.307143,0.098664,-0.405807
DSG.TO,2025-09-03,2,streak_2,0.010309,0.004746,0.005564,0.091458,0.015635,0.075823,-0.060457,0.052143,-0.112599,-0.155302,0.086883,-0.242185
DTOL.TO,2025-09-10,4,streak_4,0.029944,0.004005,0.025939,0.126014,0.008678,0.117336,0.151591,0.049513,0.102078,0.024329,0.072498,-0.048168
ET.TO,2025-09-10,2,streak_2,0.017751,0.004005,0.013746,0.021978,0.008678,0.0133,0.026205,0.049513,-0.023309,0.116653,0.072498,0.044155
GRGD.TO,2025-09-10,4,streak_4,0.153064,0.004005,0.149059,0.387987,0.008678,0.37931,0.540567,0.049513,0.491054,0.896101,0.072498,0.823603
EMP-A.TO,2025-09-11,7,streak_5plus,-0.010671,0.007831,-0.018502,-0.049476,0.004877,-0.054353,-0.065192,0.037376,-0.102568,0.003298,0.070768,-0.06747
BB.TO,2025-09-24,2,streak_2,0.006791,-0.001965,0.008757,0.152801,0.006949,0.145852,0.096774,0.012433,0.084341,-0.079796,0.073267,-0.153063
BB.TO,2025-09-25,3,streak_3,0.091062,-0.00084,0.091903,0.124789,0.011785,0.113004,0.126476,0.020032,0.106443,-0.075885,0.077351,-0.153236
AIR.V,2025-09-29,5,streak_5plus,0.0,0.007076,-0.007076,0.0,0.02387,-0.02387,-0.1875,0.022123,-0.209623,0.1875,0.070729,0.116771
FPC.V,2025-09-29,5,streak_5plus,0.058824,0.007076,0.051747,-0.014706,0.02387,-0.038576,-0.014706,0.022123,-0.036829,0.264706,0.070729,0.193976
BRC.V,2025-09-29,2,streak_2,-0.022472,0.007076,-0.029548,-0.168539,0.02387,-0.192409,-0.303371,0.022123,-0.325493,0.617978,0.070729,0.547248
FPC.V,2025-09-30,6,streak_5plus,-0.069444,0.001698,-0.071143,-0.055556,0.018684,-0.07424,-0.069444,0.005769,-0.075213,0.180556,0.058084,0.122471
ATZ.TO,2025-10-08,30,streak_5plus,0.011999,0.004952,0.007047,0.093642,0.009403,0.084239,0.164151,-0.015917,0.180068,0.626299,0.074501,0.551798
ATZ.TO,2025-10-09,31,streak_5plus,-0.027747,-0.007606,-0.020141,0.101088,-0.001416,0.102504,0.158171,-0.019336,0.177508,0.683779,0.077788,0.605991
AW.TO,2025-10-17,2,streak_2,0.016592,-0.011501,0.028093,0.013958,-0.008947,0.022905,-0.043982,-0.004344,-0.039639,-0.017646,0.086418,-0.104064
FPC.V,2025-10-20,7,streak_5plus,0.047619,0.010226,0.037393,0.02381,0.008124,0.015686,0.047619,-0.001073,0.048692,0.571429,0.087742,0.483687
WCN.TO,2025-10-21,3,streak_3,-0.003939,-0.017346,0.013406,0.001929,-0.004623,0.006551,-0.012393,-0.01249,9.7e-05,-0.055152,0.080059,-0.135211
GLXY.TO,2025-10-21,2,streak_2,0.080201,-0.017346,0.097547,0.022118,-0.004623,0.026741,-0.35695,-0.01249,-0.34446,-0.192052,0.080059,-0.272111
TECK-A.TO,2025-10-22,6,streak_5plus,-0.018771,0.003152,-0.021922,0.008306,0.017763,-0.009457,-0.062957,0.013035,-0.075992,0.172425,0.104183,0.068242
WPK.TO,2025-10-22,2,streak_2,0.023895,0.003152,0.020743,0.057587,0.017763,0.039824,0.032258,0.013035,0.019223,0.073596,0.104183,-0.030587
RCI-A.TO,2025-10-22,2,streak_2,-0.02901,0.003152,-0.032162,0.048662,0.017763,0.030899,0.015534,0.013035,0.002499,-0.04155,0.104183,-0.145733
RCI-B.TO,2025-10-22,2,streak_2,0.006357,0.003152,0.003205,0.073974,0.017763,0.056212,0.038913,0.013035,0.025879,-0.015604,0.104183,-0.119787
RCI-B.TO,2025-10-23,3,streak_3,0.033691,0.006781,0.02691,0.061639,0.005396,0.056242,0.019334,-0.002548,0.021882,-0.032925,0.10546,-0.138385
FSV.TO,2025-10-23,5,streak_5plus,-0.097319,0.006781,-0.1041,-0.157756,0.005396,-0.163152,-0.170812,-0.002548,-0.168264,-0.152294,0.10546,-0.257753
LIFT.V,2025-10-24,3,streak_3,-0.028125,0.005526,-0.033651,0.025,-0.000242,0.025242,0.359375,-0.000848,0.360223,1.659375,0.096302,1.563073
X.TO,2025-10-27,2,streak_2,-0.014107,-0.002547,-0.01156,0.023445,-0.003044,0.026489,0.034771,0.008279,0.026491,0.009736,0.09038,-0.080644
CLS.TO,2025-10-27,29,streak_5plus,0.018797,-0.002547,0.021343,0.162142,-0.003044,0.165186,0.09278,0.008279,0.084501,0.088472,0.09038,-0.001908
GOT.V,2025-10-27,2,streak_2,-0.007843,-0.002547,-0.005296,0.039216,-0.003044,0.04226,-0.007843,0.008279,-0.016122,0.011765,0.09038,-0.078615
CIA.TO,2025-10-28,2,streak_2,0.0,0.004753,-0.004753,0.168203,-2.3e-05,0.168226,0.175115,0.02064,0.154475,0.387097,0.095796,0.291301
NGD.TO,2025-10-28,6,streak_5plus,0.0,0.004753,-0.004753,0.15855,-2.3e-05,0.158574,0.173273,0.02064,0.152633,0.934315,0.095796,0.838519
AEM.TO,2025-10-28,9,streak_5plus,0.006464,0.004753,0.001711,0.051898,-2.3e-05,0.051921,0.077385,0.02064,0.056745,0.396297,0.095796,0.300501
CG.TO,2025-10-28,3,streak_3,0.010603,0.004753,0.00585,0.092777,-2.3e-05,0.0928,0.154407,0.02064,0.133767,0.797217,0.095796,0.701421
TVE.TO,2025-10-29,3,streak_3,-0.025316,-0.009037,-0.01628,-0.03481,-0.021101,-0.013709,0.19462,0.025004,0.169617,0.503165,0.085353,0.417812
CIA.TO,2025-10-29,3,streak_3,0.006912,-0.009037,0.015949,0.129032,-0.021101,0.150134,0.18894,0.025004,0.163937,0.31106,0.085353,0.225707
CVE.TO,2025-10-29,3,streak_3,0.011905,-0.009037,0.020942,-0.002126,-0.021101,0.018976,0.048895,0.025004,0.023891,0.169643,0.085353,0.08429
BLCO.TO,2025-10-29,2,streak_2,0.024586,-0.009037,0.033623,-0.000473,-0.021101,0.020629,0.075177,0.025004,0.050174,0.07234,0.085353,-0.013012
AGI.TO,2025-10-29,3,streak_3,0.010696,-0.009037,0.019733,-0.038234,-0.021101,-0.017132,0.174101,0.025004,0.149098,0.291534,0.085353,0.206181
GIL.TO,2025-10-29,6,streak_5plus,-0.015406,-0.009037,-0.006369,-0.062919,-0.021101,-0.041818,-0.052805,0.025004,-0.077808,0.045631,0.085353,-0.039722
ATH.TO,2025-10-29,2,streak_2,0.022222,-0.009037,0.031259,0.02963,-0.021101,0.050731,0.114074,0.025004,0.089071,0.231111,0.085353,0.145759
BHC.TO,2025-10-29,2,streak_2,-0.046404,-0.009037,-0.037367,0.105568,-0.021101,0.12667,0.017401,0.025004,-0.007602,-0.12413,0.085353,-0.209483
CIA.TO,2025-10-30,4,streak_4,0.116705,0.001135,0.11557,0.121281,-0.00137,0.122652,0.160183,0.035542,0.124641,0.249428,0.059005,0.190423
BDI.TO,2025-10-30,4,streak_4,-0.001332,0.001135,-0.002466,-0.052597,-0.00137,-0.051226,-0.061917,0.035542,-0.097459,0.098535,0.059005,0.03953
MG.TO,2025-10-30,2,streak_2,-0.015903,0.001135,-0.017038,0.11021,-0.00137,0.11158,0.088263,0.035542,0.052722,0.107029,0.059005,0.048024
IMO.TO,2025-10-30,14,streak_5plus,-0.007648,0.001135,-0.008783,-0.02474,-0.00137,-0.02337,0.082963,0.035542,0.047421,0.073675,0.059005,0.01467
MG.TO,2025-10-31,3,streak_3,0.060278,0.002707,0.057571,0.12201,-0.010285,0.132296,0.105204,0.039889,0.065315,0.134454,0.066434,0.06802
FTS.TO,2025-11-03,13,streak_5plus,-0.007155,0.000476,-0.007631,0.02075,-0.011517,0.032266,0.04565,0.027795,0.017855,0.055667,0.070319,-0.014652
IFC.TO,2025-11-03,9,streak_5plus,0.006765,0.000476,0.006289,0.070863,-0.011517,0.08238,0.071513,0.027795,0.043718,-0.022971,0.070319,-0.09329
TRI.TO,2025-11-03,16,streak_5plus,0.01898,0.000476,0.018504,-0.101725,-0.011517,-0.090208,-0.128185,0.027795,-0.15598,-0.413725,0.070319,-0.484044
TPZ.TO,2025-11-03,3,streak_3,-0.00241,0.000476,-0.002886,0.018875,-0.011517,0.030392,0.136546,0.027795,0.108751,0.148594,0.070319,0.078275
IAG.TO,2025-11-03,7,streak_5plus,0.01185,0.000476,0.011374,-0.025523,-0.011517,-0.014006,0.006928,0.027795,-0.020868,0.038162,0.070319,-0.032157
NTR.TO,2025-11-04,2,streak_2,-0.014345,-0.016426,0.002081,0.077595,0.001371,0.076224,0.080725,0.025572,0.055153,0.273083,0.075854,0.197229
TFPM.TO,2025-11-04,11,streak_5plus,-0.026169,-0.016426,-0.009743,0.056148,0.001371,0.054778,0.158537,0.025572,0.132964,0.1969,0.075854,0.121046
GWO.TO,2025-11-04,2,streak_2,-0.00017,-0.016426,0.016256,0.008309,0.001371,0.006939,0.070544,0.025572,0.044972,0.067831,0.075854,-0.008023
IFC-PA.TO,2025-11-04,2,streak_2,-0.002273,-0.016426,0.014153,0.02,0.001371,0.018629,-0.015909,0.025572,-0.041481,-0.006364,0.075854,-0.082218
WDO.TO,2025-11-04,6,streak_5plus,-0.045542,-0.016426,-0.029116,0.023011,0.001371,0.02164,0.086769,0.025572,0.061197,0.023969,0.075854,-0.051885
FNV.TO,2025-11-04,4,streak_4,-0.015573,-0.016426,0.000853,0.03289,0.001371,0.031519,0.074647,0.025572,0.049074,0.236293,0.075854,0.160438
PXT.TO,2025-11-04,4,streak_4,-0.010758,-0.016426,0.005668,-0.002152,0.001371,-0.003522,0.003765,0.025572,-0.021807,0.115654,0.075854,0.039799
PRL.TO,2025-11-04,4,streak_4,-0.026775,-0.016426,-0.010349,-0.14901,0.001371,-0.150381,-0.03182,0.025572,-0.057392,-0.013194,0.075854,-0.089048
SHOP.TO,2025-11-04,2,streak_2,-0.064743,-0.016426,-0.048317,-0.083429,0.001371,-0.0848,-0.097135,0.025572,-0.122707,-0.354956,0.075854,-0.43081
WSP.TO,2025-11-04,13,streak_5plus,-0.012888,-0.016426,0.003538,-0.040643,0.001371,-0.042013,-0.092678,0.025572,-0.118251,0.003026,0.075854,-0.072829
CIGI.TO,2025-11-04,2,streak_2,-0.020429,-0.016426,-0.004003,-0.048923,0.001371,-0.050293,-0.104252,0.025572,-0.129824,-0.175799,0.075854,-0.251653
IFOS.V,2025-11-04,13,streak_5plus,-0.033435,-0.016426,-0.017009,0.027356,0.001371,0.025985,-0.106383,0.025572,-0.131955,-0.091185,0.075854,-0.16704
HUT.TO,2025-11-04,2,streak_2,-0.122787,-0.016426,-0.106361,-0.14631,0.001371,-0.147681,-0.319633,0.025572,-0.345205,-0.045496,0.075854,-0.12135
SSRM.TO,2025-11-04,3,streak_3,-0.050342,-0.016426,-0.033916,-0.093226,0.001371,-0.094596,-0.057178,0.025572,-0.082751,0.023617,0.075854,-0.052237
OVV.TO,2025-11-04,7,streak_5plus,-0.004359,-0.016426,0.012068,0.032026,0.001371,0.030655,0.080349,0.025572,0.054777,0.194618,0.075854,0.118764
TRI.TO,2025-11-04,17,streak_5plus,-0.056109,-0.016426,-0.039683,-0.132082,0.001371,-0.133453,-0.144745,0.025572,-0.170317,-0.41336,0.075854,-0.489214
K.TO,2025-11-04,4,streak_4,-0.037736,-0.016426,-0.02131,0.083688,0.001371,0.082318,0.169811,0.025572,0.144239,0.372489,0.075854,0.296635
GIB-A.TO,2025-11-04,2,streak_2,-0.012252,-0.016426,0.004174,-0.013157,0.001371,-0.014528,0.021298,0.025572,-0.004275,-0.070389,0.075854,-0.146243
DBM.TO,2025-11-05,6,streak_5plus,0.02265,0.010938,0.011712,-0.007928,0.021207,-0.029135,0.052095,0.046434,0.005661,0.10872,0.074445,0.034276
LUG.TO,2025-11-05,8,streak_5plus,0.063163,0.010938,0.052226,0.15092,0.021207,0.129713,0.151025,0.046434,0.104591,0.056227,0.074445,-0.018218
SLF.TO,2025-11-05,3,streak_3,0.006078,0.010938,-0.00486,-0.051192,0.021207,-0.072399,-0.056802,0.046434,-0.103236,0.037634,0.074445,-0.03681
SOY.TO,2025-11-05,4,streak_4,-0.002681,0.010938,-0.013619,-0.214477,0.021207,-0.235684,-0.296247,0.046434,-0.342681,-0.108579,0.074445,-0.183024
SAP.TO,2025-11-05,3,streak_3,0.017334,0.010938,0.006396,0.097729,0.021207,0.076522,0.180514,0.046434,0.13408,0.270771,0.074445,0.196326
IFOS.V,2025-11-05,14,streak_5plus,0.015723,0.010938,0.004786,0.056604,0.021207,0.035397,-0.078616,0.046434,-0.12505,-0.075472,0.074445,-0.149916
SIS.TO,2025-11-05,4,streak_4,0.008345,0.010938,-0.002593,0.037089,0.021207,0.015881,-0.012517,0.046434,-0.058951,0.153917,0.074445,0.079473
OR.TO,2025-11-05,2,streak_2,0.015172,0.010938,0.004235,0.043218,0.021207,0.022011,0.092644,0.046434,0.04621,0.218621,0.074445,0.144176
TXG.TO,2025-11-05,5,streak_5plus,0.043064,0.010938,0.032126,0.166575,0.021207,0.145368,0.158512,0.046434,0.112078,0.087777,0.074445,0.013332
KXS.TO,2025-11-05,4,streak_4,0.015171,0.010938,0.004234,0.040933,0.021207,0.019726,0.032604,0.046434,-0.01383,-0.266361,0.074445,-0.340806
MKP.TO,2025-11-05,2,streak_2,0.016525,0.010938,0.005587,0.029273,0.021207,0.008066,0.047686,0.046434,0.001253,0.078848,0.074445,0.004403
IGM.TO,2025-11-05,2,streak_2,0.009576,0.010938,-0.001361,0.036096,0.021207,0.014889,0.052302,0.046434,0.005868,0.224125,0.074445,0.149681
EMA.TO,2025-11-06,6,streak_5plus,0.00686,-0.007803,0.014663,-0.005219,0.024054,-0.029273,-0.014017,0.045646,-0.059663,0.004623,0.078645,-0.074023
LAS-A.TO,2025-11-06,8,streak_5plus,0.004692,-0.007803,0.012495,0.121079,0.024054,0.097025,0.047294,0.045646,0.001648,0.056061,0.078645,-0.022584
CRON.TO,2025-11-06,4,streak_4,0.0,-0.007803,0.007803,0.025937,0.024054,0.001883,0.005764,0.045646,-0.039882,0.037464,0.078645,-0.041181
SAP.TO,2025-11-06,4,streak_4,-0.004113,-0.007803,0.00369,0.091951,0.024054,0.067897,0.149824,0.045646,0.104178,0.255582,0.078645,0.176936
DBM.TO,2025-11-06,7,streak_5plus,-0.021041,-0.007803,-0.013238,-0.005537,0.024054,-0.029591,0.023256,0.045646,-0.02239,0.129568,0.078645,0.050923
CHR.TO,2025-11-06,6,streak_5plus,-0.025619,-0.007803,-0.017816,0.030743,0.024054,0.006689,-0.080273,0.045646,-0.125919,-0.087105,0.078645,-0.16575
RBA.TO,2025-11-06,13,streak_5plus,-0.013841,-0.007803,-0.006038,0.036643,0.024054,0.012589,-0.002113,0.045646,-0.047758,0.16748,0.078645,0.088835
EFX.TO,2025-11-06,7,streak_5plus,0.06018,-0.007803,0.067983,0.062992,0.024054,0.038938,0.109111,0.045646,0.063466,0.371204,0.078645,0.292558
CJ.TO,2025-11-06,2,streak_2,0.007509,-0.007803,0.015312,0.091364,0.024054,0.067311,0.14393,0.045646,0.098284,0.172716,0.078645,0.094071
CNQ.TO,2025-11-06,7,streak_5plus,-0.012664,-0.007803,-0.004861,0.009109,0.024054,-0.014945,0.068429,0.045646,0.022783,0.186403,0.078645,0.107758
CAS.TO,2025-11-06,2,streak_2,0.056673,-0.007803,0.064476,0.161792,0.024054,0.137738,0.119744,0.045646,0.074098,0.223035,0.078645,0.144389
TSU.TO,2025-11-06,2,streak_2,-0.017012,-0.007803,-0.009209,0.059809,0.024054,0.035755,0.048379,0.045646,0.002733,0.16773,0.078645,0.089085
FFH.TO,2025-11-06,8,streak_5plus,-0.006425,-0.007803,0.001378,0.011472,0.024054,-0.012582,0.069912,0.045646,0.024266,0.049335,0.078645,-0.02931
CRE.V,2025-11-07,8,streak_5plus,0.035294,0.00146,0.033834,0.011765,0.01289,-0.001125,-0.094118,0.048305,-0.142423,0.058824,0.105619,-0.046796
DCBO.TO,2025-11-07,5,streak_5plus,-0.044425,0.00146,-0.045885,-0.074332,0.01289,-0.087222,-0.12892,0.048305,-0.177225,-0.23403,0.105619,-0.339649
AQN.TO,2025-11-07,4,streak_4,0.077874,0.00146,0.076414,0.069221,0.01289,0.056331,0.003708,0.048305,-0.044597,0.088999,0.105619,-0.016621
EMA-PC.TO,2025-11-07,4,streak_4,0.0,0.00146,-0.00146,-0.020079,0.01289,-0.032969,-0.000394,0.048305,-0.048699,-0.006693,0.105619,-0.112312
ACO-X.TO,2025-11-07,2,streak_2,0.029761,0.00146,0.028301,0.061217,0.01289,0.048327,0.003579,0.048305,-0.044726,0.11019,0.105619,0.004571
MRE.TO,2025-11-10,4,streak_4,0.006809,0.01352,-0.00671,0.0,0.013851,-0.013851,-0.060311,0.04205,-0.102361,0.0,0.111814,-0.111814
KNT.TO,2025-11-10,2,streak_2,0.048913,0.01352,0.035393,0.028804,0.013851,0.014954,0.123913,0.04205,0.081863,0.548913,0.111814,0.437099
POW.TO,2025-11-10,2,streak_2,0.01266,0.01352,-0.000859,0.037831,0.013851,0.023981,0.053024,0.04205,0.010974,-0.031427,0.111814,-0.143241
ADEN.TO,2025-11-10,4,streak_4,0.072891,0.01352,0.059371,0.024814,0.013851,0.010963,0.013337,0.04205,-0.028712,0.206886,0.111814,0.095072
EU.V,2025-11-10,3,streak_3,0.051771,0.01352,0.038252,0.024523,0.013851,0.010673,0.073569,0.04205,0.03152,0.021798,0.111814,-0.090016
OLA.TO,2025-11-10,4,streak_4,0.07604,0.01352,0.062521,0.22023,0.013851,0.206379,0.19297,0.04205,0.15092,0.697991,0.111814,0.586177
EXE.TO,2025-11-11,8,streak_5plus,-0.012415,0.003058,-0.015472,0.224084,-0.00793,0.232014,0.419615,0.030603,0.389012,0.520795,0.096897,0.423897
CAE.TO,2025-11-11,4,streak_4,0.007347,0.003058,0.004289,-0.045657,-0.00793,-0.037728,0.01207,0.030603,-0.018532,0.123852,0.096897,0.026955
RAY-A.TO,2025-11-11,4,streak_4,0.000903,0.003058,-0.002154,0.256549,-0.00793,0.264479,0.249322,0.030603,0.21872,0.523939,0.096897,0.427041
MRE.TO,2025-11-11,5,streak_5plus,0.007729,0.003058,0.004672,-0.025121,-0.00793,-0.017191,-0.048309,0.030603,-0.078912,-0.013527,0.096897,-0.110424
CCL-B.TO,2025-11-11,4,streak_4,0.019156,0.003058,0.016098,0.05872,-0.00793,0.06665,0.021911,0.030603,-0.008692,0.084638,0.096897,-0.01226
EFN.TO,2025-11-11,2,streak_2,-0.008658,0.003058,-0.011716,-0.043019,-0.00793,-0.03509,-0.025974,0.030603,-0.056577,-0.018128,0.096897,-0.115025
L.TO,2025-11-11,3,streak_3,-0.000177,0.003058,-0.003235,0.084542,-0.00793,0.092472,0.086311,0.030603,0.055708,0.172267,0.096897,0.07537
ALS.TO,2025-11-11,2,streak_2,0.001027,0.003058,-0.00203,0.040586,-0.00793,0.048515,0.01721,0.030603,-0.013392,0.154637,0.096897,0.057739
OLA.TO,2025-11-11,5,streak_5plus,-0.012,0.003058,-0.015058,0.132667,-0.00793,0.140596,0.136667,0.030603,0.106064,0.56,0.096897,0.463103
MFC-PB.TO,2025-11-12,5,streak_5plus,-0.004482,0.013756,-0.018238,-0.029135,-0.012259,-0.016876,0.002241,0.035568,-0.033327,0.000896,0.067611,-0.066714
KSI.TO,2025-11-12,3,streak_3,0.018367,0.013756,0.004612,-0.169388,-0.012259,-0.157128,-0.073469,0.035568,-0.109037,-0.183673,0.067611,-0.251284
ATRL.TO,2025-11-12,3,streak_3,0.010373,0.013756,-0.003383,-0.03431,-0.012259,-0.02205,-0.003078,0.035568,-0.038646,0.050382,0.067611,-0.017229
L.TO,2025-11-12,4,streak_4,0.036972,0.013756,0.023216,0.073943,-0.012259,0.086202,0.083849,0.035568,0.048281,0.202194,0.067611,0.134583
MFC-PC.TO,2025-11-12,5,streak_5plus,-0.007237,0.013756,-0.020992,-0.026685,-0.012259,-0.014425,0.009046,0.035568,-0.026522,-0.009498,0.067611,-0.077109
POW-PC.TO,2025-11-12,2,streak_2,0.0,0.013756,-0.013756,-0.009615,-0.012259,0.002644,-0.008846,0.035568,-0.044414,-0.011538,0.067611,-0.079149
POW.TO,2025-11-12,3,streak_3,0.016584,0.013756,0.002829,-0.006255,-0.012259,0.006004,0.05208,0.035568,0.016512,-0.069974,0.067611,-0.137585
H.TO,2025-11-13,6,streak_5plus,0.013868,-0.01862,0.032487,0.017857,-0.017815,0.035672,-0.003419,0.027024,-0.030444,0.072758,0.07286,-0.000102
DPM.TO,2025-11-13,5,streak_5plus,-0.008929,-0.01862,0.009691,0.056342,-0.017815,0.074158,0.267857,0.027024,0.240833,0.599446,0.07286,0.526586
SFC.TO,2025-11-13,6,streak_5plus,-0.01233,-0.01862,0.006289,-0.020962,-0.017815,-0.003147,0.108508,0.027024,0.081484,0.191122,0.07286,0.118262
FSZ.TO,2025-11-13,2,streak_2,0.011364,-0.01862,0.029983,-0.037338,-0.017815,-0.019522,-0.037338,0.027024,-0.064362,-0.047078,0.07286,-0.119938
MDA.TO,2025-11-13,5,streak_5plus,-0.048824,-0.01862,-0.030204,0.013316,-0.017815,0.031131,0.141145,0.027024,0.114121,0.549046,0.07286,0.476186
SOBO.TO,2025-11-13,5,streak_5plus,-0.020091,-0.01862,-0.001471,0.054916,-0.017815,0.072731,0.012858,0.027024,-0.014166,0.104206,0.07286,0.031346
GCG-A.TO,2025-11-13,3,streak_3,0.001044,-0.01862,0.019664,0.000895,-0.017815,0.01871,0.00373,0.027024,-0.023295,0.006266,0.07286,-0.066594
PVT.V,2025-11-13,3,streak_3,0.02649,-0.01862,0.04511,0.019868,-0.017815,0.037683,0.119205,0.027024,0.092181,0.139073,0.07286,0.066213
EDV.TO,2025-11-13,4,streak_4,0.033528,-0.01862,0.052148,0.012036,-0.017815,0.029851,0.118466,0.027024,0.091442,0.460626,0.07286,0.387766
WN-PA.TO,2025-11-14,2,streak_2,-0.001185,0.00241,-0.003594,-0.009084,-0.01147,0.002386,0.005924,0.042104,-0.03618,0.003949,0.08736,-0.08341
WN.TO,2025-11-14,2,streak_2,0.026961,0.00241,0.024551,0.056585,-0.01147,0.068055,0.050483,0.042104,0.008379,0.142905,0.08736,0.055545
OGO.V,2025-11-18,2,streak_2,0.0,-0.00132,0.00132,0.0,0.017562,-0.017562,0.061538,0.03949,0.022049,0.753846,0.116996,0.63685
FPC.V,2025-11-18,8,streak_5plus,0.030303,-0.00132,0.031623,0.0,0.017562,-0.017562,0.19697,0.03949,0.15748,0.333333,0.116996,0.216337
MAU.TO,2025-11-20,2,streak_2,0.005722,-0.012279,0.018002,0.133047,0.029787,0.10326,0.336195,0.038394,0.297801,1.341917,0.115531,1.226386
FISH.V,2025-11-21,2,streak_2,-0.097633,0.008496,-0.10613,-0.142012,0.04379,-0.185802,-0.035503,0.061833,-0.097335,0.121302,0.135883,-0.014581
ATD.TO,2025-11-24,2,streak_2,-0.01504,0.014711,-0.029751,0.05988,0.04052,0.019361,0.036485,0.060987,-0.024501,0.165576,0.131517,0.034059
HME.V,2025-11-25,2,streak_2,-0.096774,0.009682,-0.106456,0.0,0.016253,-0.016253,-0.082949,0.04752,-0.13047,0.041475,0.127354,-0.08588
CGY.TO,2025-11-25,2,streak_2,-0.003873,0.009682,-0.013555,0.193889,0.016253,0.177636,0.219281,0.04752,0.171761,0.711857,0.127354,0.584503
CGY.TO,2025-11-26,3,streak_3,0.120328,0.009048,0.11128,0.216245,0.004809,0.211436,0.209332,0.032229,0.177103,0.738388,0.111302,0.627087
LTH.V,2025-11-27,4,streak_4,0.125,0.001151,0.123849,0.1,-0.000635,0.100635,0.3,0.022001,0.277999,0.4,0.107792,0.292208
SCZ.V,2025-11-27,5,streak_5plus,-0.012552,0.001151,-0.013704,0.280335,-0.000635,0.28097,4.882845,0.022001,4.860844,5.953975,0.107792,5.846182
WCU.V,2025-11-27,2,streak_2,0.0,0.001151,-0.001151,0.0,-0.000635,0.000635,-0.5,0.022001,-0.522001,1.0,0.107792,0.892208
SURG.V,2025-11-27,2,streak_2,0.017857,0.001151,0.016706,0.214286,-0.000635,0.214921,0.732143,0.022001,0.710142,1.821429,0.107792,1.713636
RSI.TO,2025-11-27,2,streak_2,0.015723,0.001151,0.014572,-0.062893,-0.000635,-0.062258,-0.06761,0.022001,-0.089611,0.036164,0.107792,-0.071629
BNS.TO,2025-12-02,2,streak_2,0.028012,-0.001688,0.0297,0.034989,0.002193,0.032796,0.070707,0.035953,0.034754,0.038321,0.080644,-0.042323
NA-PE.TO,2025-12-03,2,streak_2,0.0,0.003581,-0.003581,-0.005418,0.006283,-0.011701,0.002322,0.043728,-0.041406,-0.003096,0.065522,-0.068618
DSG.TO,2025-12-03,3,streak_3,0.00364,0.003581,5.8e-05,0.101309,0.006283,0.095026,0.023919,0.043728,-0.019809,-0.154953,0.065522,-0.220474
RY.TO,2025-12-03,2,streak_2,0.011239,0.003581,0.007658,0.045419,0.006283,0.039136,0.088988,0.043728,0.04526,0.029,0.065522,-0.036522
TXG.TO,2025-12-03,6,streak_5plus,-0.002682,0.003581,-0.006263,-0.030131,0.006283,-0.036414,0.08708,0.043728,0.043352,0.166746,0.065522,0.101224
TD-PFA.TO,2025-12-04,4,streak_4,0.01045,0.010176,0.000274,0.016881,0.010603,0.006278,0.039389,0.03129,0.008099,0.03336,0.065108,-0.031748
CM.TO,2025-12-04,9,streak_5plus,0.041478,0.010176,0.031301,0.044116,0.010603,0.033513,0.045518,0.03129,0.014229,0.095902,0.065108,0.030794
BMO.TO,2025-12-04,4,streak_4,-0.00113,0.010176,-0.011306,0.009829,0.010603,-0.000774,0.035307,0.03129,0.004017,0.088804,0.065108,0.023695
TD.TO,2025-12-04,4,streak_4,0.020306,0.010176,0.01013,0.069499,0.010603,0.058896,0.105862,0.03129,0.074573,0.1,0.065108,0.034892
GRGD.TO,2025-12-09,5,streak_5plus,0.072934,0.002386,0.070548,0.083536,0.010056,0.07348,0.037042,0.05469,-0.017649,0.00396,0.053596,-0.049637
ET.TO,2025-12-10,3,streak_3,-0.006038,0.00789,-0.013928,0.095094,0.000625,0.094469,0.020377,0.052041,-0.031664,0.205283,0.041528,0.163755
DTOL.TO,2025-12-10,5,streak_5plus,0.0,0.00789,-0.00789,-0.139563,0.000625,-0.140188,-0.20267,0.052041,-0.254711,-0.459951,0.041528,-0.50148
GGD.TO,2025-12-11,3,streak_3,0.072202,0.005392,0.06681,0.064982,-0.00765,0.072632,0.169675,0.045269,0.124406,0.061372,0.044006,0.017365
COV.V,2025-12-11,3,streak_3,-0.06599,0.005392,-0.071382,-0.116751,-0.00765,-0.109101,-0.116751,0.045269,-0.162021,-0.101523,0.044006,-0.145529
MEQ.TO,2025-12-15,5,streak_5plus,-0.000981,-0.001394,0.000413,-0.008391,0.007245,-0.015635,-0.046529,0.047997,-0.094526,-0.023755,0.024586,-0.048341
BB.TO,2025-12-18,4,streak_4,0.023769,0.006109,0.01766,-0.098472,0.020691,-0.119163,-0.110357,0.051248,-0.161605,-0.224109,0.020282,-0.24439
DMGI.V,2025-12-19,2,streak_2,0.0625,0.010016,0.052484,-0.020833,0.01353,-0.034363,0.208333,0.049674,0.158659,0.0,0.015925,-0.015925
AFN.TO,2025-12-29,2,streak_2,0.019634,-0.005057,0.024691,0.027487,0.00503,0.022456,0.307592,0.032368,0.275224,-0.215096,-0.003059,-0.212037
AIR.V,2025-12-29,6,streak_5plus,-0.1,-0.005057,-0.094943,0.1,0.00503,0.09497,0.1,0.032368,0.067632,-0.35,-0.003059,-0.346941
FPC.V,2025-12-31,9,streak_5plus,-0.011628,-0.004817,-0.006811,0.011628,0.008448,0.00318,0.302326,0.036082,0.266244,-0.174419,0.028298,-0.202716
