symbol,event_date,streak_length,category,stock_ret_1d,bench_ret_1d,abnormal_ret_1d,stock_ret_5d,bench_ret_5d,abnormal_ret_5d,stock_ret_21d,bench_ret_21d,abnormal_ret_21d,stock_ret_63d,bench_ret_63d,abnormal_ret_63d
9433.T,2014-04-30,2,streak_2,0.003885,0.001111,0.002774,0.038939,-0.00871,0.047649,0.116578,0.024086,0.092492,0.136504,0.095043,0.04146
4704.T,2014-05-14,2,streak_2,-0.035086,-0.001364,-0.033722,-0.074561,-0.024276,-0.050285,-0.030698,0.044646,-0.075345,0.055559,0.048878,0.006682
9433.T,2014-07-29,3,streak_3,0.010111,0.00571,0.004401,-0.01161,-0.003535,-0.008075,-0.00965,-0.000527,-0.009123,0.138903,-0.012846,0.151749
9433.T,2014-10-31,4,streak_4,0.047096,0.048253,-0.001157,0.059706,0.078054,-0.018347,0.109414,0.128049,-0.018635,0.111577,0.11792,-0.006343
6592.T,2014-11-04,2,streak_2,-0.001052,0.027337,-0.02839,-0.013714,0.022345,-0.036059,0.042194,0.079608,-0.037414,0.031368,0.075226,-0.043858
9435.T,2014-11-10,2,streak_2,-0.013888,-0.005915,-0.007973,0.094445,0.036163,0.058282,0.059722,0.055271,0.004451,0.015191,0.061194,-0.046003
4704.T,2014-11-12,3,streak_3,0.001339,0.004259,-0.00292,-0.034806,0.012844,-0.04765,-0.053548,0.007784,-0.061332,-0.062579,0.050396,-0.112975
8725.T,2014-11-19,2,streak_2,0.010635,-0.003189,0.013824,0.071268,0.002279,0.06899,0.107288,-0.007727,0.115015,0.252358,0.072614,0.179744
9678.T,2014-12-10,2,streak_2,-0.006482,-0.0225,0.016018,-0.219194,-0.059397,-0.159797,-0.185473,-0.057115,-0.128358,-0.083008,0.080427,-0.163435
9843.T,2014-12-22,2,streak_2,-0.005845,0.00078,-0.006624,-0.04094,0.006154,-0.047093,-0.062868,-0.008676,-0.054192,0.236548,0.10497,0.131578
9948.T,2015-01-07,2,streak_2,-0.017614,0.000127,-0.01774,-0.06325,-0.005167,-0.058084,-0.005205,0.036808,-0.042012,0.112415,0.163319,-0.050905
6506.T,2015-01-22,2,streak_2,0.009522,0.002809,0.006713,0.055067,0.029817,0.02525,0.087017,0.060868,0.026149,0.145929,0.152114,-0.006185
4185.T,2015-01-26,2,streak_2,0.121069,-0.002469,0.123538,0.09696,0.009287,0.087673,0.128407,0.062343,0.066064,0.074423,0.152806,-0.078382
4684.T,2015-01-27,2,streak_2,0.026517,0.017161,0.009356,0.084879,0.005125,0.079754,0.169758,0.063925,0.105833,0.383646,0.146064,0.237582
2413.T,2015-01-27,2,streak_2,0.008259,0.017161,-0.008902,0.090908,0.005125,0.085784,0.186865,0.063925,0.122939,0.121566,0.146064,-0.024498
8316.T,2015-01-27,2,streak_2,0.030004,0.017161,0.012843,-0.025078,0.005125,-0.030203,0.139907,0.063925,0.075981,0.360897,0.146064,0.214833
9507.T,2015-01-28,2,streak_2,0.003559,0.001544,0.002015,0.049081,-0.024338,0.073419,0.108113,0.057264,0.050849,0.18428,0.124661,0.059618
6954.T,2015-01-28,2,streak_2,-0.005016,0.001544,-0.00656,-0.059218,-0.024338,-0.034879,0.095032,0.057264,0.037767,0.303629,0.124661,0.178967
7974.T,2015-01-28,2,streak_2,-0.001227,0.001544,-0.00277,-0.08851,-0.024338,-0.064172,0.008932,0.057264,-0.048333,0.687085,0.124661,0.562423
4901.T,2015-01-28,2,streak_2,0.002614,0.001544,0.00107,0.011758,-0.024338,0.036096,0.077754,0.057264,0.02049,0.222029,0.124661,0.097367
4307.T,2015-01-29,2,streak_2,-0.0051,-0.010649,0.005549,0.020389,-0.006574,0.026963,0.066246,0.056317,0.009929,0.232375,0.127178,0.105197
9505.T,2015-01-29,2,streak_2,-0.002523,-0.010649,0.008126,0.046685,-0.006574,0.053259,0.006305,0.056317,-0.050013,0.100728,0.127178,-0.02645
9064.T,2015-01-29,2,streak_2,-0.023403,-0.010649,-0.012753,0.003745,-0.006574,0.010319,0.048495,0.056317,-0.007822,0.041129,0.127178,-0.086049
6701.T,2015-01-29,2,streak_2,-0.005491,-0.010649,0.005159,-0.110181,-0.006574,-0.103607,0.002758,0.056317,-0.05356,0.164619,0.127178,0.037441
8604.T,2015-01-29,2,streak_2,-0.01218,-0.010649,-0.001531,-0.00427,-0.006574,0.002304,0.16095,0.056317,0.104633,0.271175,0.127178,0.143997
9506.T,2015-01-29,2,streak_2,-0.004112,-0.010649,0.006537,0.018505,-0.006574,0.025079,-0.039754,0.056317,-0.096072,0.03499,0.127178,-0.092188
4063.T,2015-01-29,2,streak_2,-0.014872,-0.010649,-0.004222,-0.015371,-0.006574,-0.008797,0.025114,0.056317,-0.031204,-0.005532,0.127178,-0.132709
7276.T,2015-01-29,2,streak_2,-0.04139,-0.010649,-0.030741,-0.021363,-0.006574,-0.014789,0.022699,0.056317,-0.033618,0.127203,0.127178,2.5e-05
2327.T,2015-01-29,2,streak_2,-0.045487,-0.010649,-0.034838,0.003236,-0.006574,0.00981,0.080655,0.056317,0.024338,0.272437,0.127178,0.14526
6971.T,2015-01-29,2,streak_2,0.000935,-0.010649,0.011584,-0.007837,-0.006574,-0.001263,0.12705,0.056317,0.070733,0.236887,0.127178,0.109709
6645.T,2015-01-29,2,streak_2,0.005964,-0.010649,0.016613,-0.055665,-0.006574,-0.049091,0.049701,0.056317,-0.006616,0.125403,0.127178,-0.001775
8591.T,2015-01-29,2,streak_2,-0.010478,-0.010649,0.000171,-0.020255,-0.006574,-0.013681,0.185117,0.056317,0.1288,0.347855,0.127178,0.220678
6857.T,2015-01-29,2,streak_2,0.013176,-0.010649,0.023826,0.102551,-0.006574,0.109125,0.159708,0.056317,0.10339,0.053907,0.127178,-0.073271
6806.T,2015-01-30,2,streak_2,0.003528,0.003872,-0.000344,-0.046578,-0.005771,-0.040807,0.112208,0.069331,0.042877,0.258605,0.1087,0.149905
8697.T,2015-01-30,2,streak_2,-0.020157,0.003872,-0.024028,-0.006364,-0.005771,-0.000594,0.163361,0.069331,0.09403,0.23407,0.1087,0.125371
4568.T,2015-01-30,2,streak_2,0.022688,0.003872,0.018816,0.05822,-0.005771,0.06399,0.128058,0.069331,0.058727,0.263847,0.1087,0.155148
9201.T,2015-01-30,2,streak_2,-0.007427,0.003872,-0.011299,-0.068069,-0.005771,-0.062299,-0.095296,0.069331,-0.164628,0.017222,0.1087,-0.091478
8308.T,2015-01-30,2,streak_2,0.007025,0.003872,0.003153,0.034239,-0.005771,0.040009,0.12118,0.069331,0.051849,0.12823,0.1087,0.019531
7313.T,2015-01-30,2,streak_2,0.008774,0.003872,0.004902,0.075284,-0.005771,0.081055,0.159686,0.069331,0.090355,0.217935,0.1087,0.109235
8035.T,2015-01-30,2,streak_2,0.014849,0.003872,0.010977,-0.014965,-0.005771,-0.009194,0.093513,0.069331,0.024182,-0.203618,0.1087,-0.312317
5411.T,2015-01-30,2,streak_2,0.010252,0.003872,0.00638,-0.003484,-0.005771,0.002286,0.148355,0.069331,0.079023,0.063647,0.1087,-0.045053
6103.T,2015-01-30,2,streak_2,0.023233,0.003872,0.019361,0.081819,-0.005771,0.087589,0.160608,0.069331,0.091276,0.328455,0.1087,0.219755
9104.T,2015-01-30,2,streak_2,0.015229,0.003872,0.011357,0.027925,-0.005771,0.033696,0.098991,0.069331,0.029659,0.08387,0.1087,-0.02483
8411.T,2015-01-30,2,streak_2,-0.009191,0.003872,-0.013063,-0.00204,-0.005771,0.003731,0.123596,0.069331,0.054265,0.18923,0.1087,0.08053
2875.T,2015-01-30,2,streak_2,-0.008315,0.003872,-0.012186,-0.070073,-0.005771,-0.064302,0.015439,0.069331,-0.053892,0.000741,0.1087,-0.107959
7741.T,2015-01-30,2,streak_2,0.013217,0.003872,0.009345,0.00088,-0.005771,0.006651,0.067415,0.069331,-0.001916,0.031327,0.1087,-0.077372
9508.T,2015-01-30,2,streak_2,0.03439,0.003872,0.030518,-0.027149,-0.005771,-0.021378,-0.057918,0.069331,-0.127249,0.155663,0.1087,0.046963
8304.T,2015-01-30,2,streak_2,0.00939,0.003872,0.005518,-0.049292,-0.005771,-0.043522,0.007046,0.069331,-0.062286,0.063307,0.1087,-0.045392
9513.T,2015-01-30,2,streak_2,0.002327,0.003872,-0.001545,0.009303,-0.005771,0.015073,-0.077905,0.069331,-0.147236,-0.05204,0.1087,-0.160739
6841.T,2015-01-30,2,streak_2,0.020511,0.003872,0.016639,0.008206,-0.005771,0.013977,0.036914,0.069331,-0.032418,0.155337,0.1087,0.046637
6770.T,2015-01-30,2,streak_2,0.055389,0.003872,0.051517,0.050273,-0.005771,0.056044,0.153811,0.069331,0.08448,0.27692,0.1087,0.168221
6268.T,2015-01-30,2,streak_2,0.013224,0.003872,0.009353,-0.004955,-0.005771,0.000815,0.046283,0.069331,-0.023048,0.099898,0.1087,-0.008801
4005.T,2015-01-30,2,streak_2,-0.010569,0.003872,-0.014441,0.080356,-0.005771,0.086127,0.19664,0.069331,0.127309,0.434012,0.1087,0.325312
2897.T,2015-01-30,2,streak_2,-0.027442,0.003872,-0.031314,-0.126521,-0.005771,-0.12075,-0.09756,0.069331,-0.166891,-0.120036,0.1087,-0.228736
9107.T,2015-01-30,2,streak_2,-0.008747,0.003872,-0.012619,-0.058312,-0.005771,-0.052541,0.049565,0.069331,-0.019766,-0.080444,0.1087,-0.189143
9021.T,2015-01-30,2,streak_2,-0.005074,0.003872,-0.008946,0.050419,-0.005771,0.05619,0.113766,0.069331,0.044435,0.097183,0.1087,-0.011516
8601.T,2015-01-30,2,streak_2,-0.008612,0.003872,-0.012484,-0.026313,-0.005771,-0.020542,0.093,0.069331,0.023669,0.168282,0.1087,0.059582
9433.T,2015-01-30,5,streak_5plus,0.018125,0.003872,0.014253,-0.06624,-0.005771,-0.060469,0.009852,0.069331,-0.059479,0.060706,0.1087,-0.047994
9022.T,2015-01-30,2,streak_2,-0.001228,0.003872,-0.0051,-0.02777,-0.005771,-0.021999,0.093388,0.069331,0.024057,0.057217,0.1087,-0.051483
6586.T,2015-01-31,2,streak_2,-0.009484,-0.006583,-0.002901,0.011385,-0.001465,0.01285,0.089186,0.064544,0.024643,0.182473,0.105081,0.077392
6762.T,2015-01-31,2,streak_2,0.056676,-0.006583,0.063259,0.033739,-0.001465,0.035204,0.128207,0.064544,0.063663,0.16998,0.105081,0.064899
6981.T,2015-01-31,2,streak_2,0.016776,-0.006583,0.023359,-0.00156,-0.001465,-9.5e-05,0.203591,0.064544,0.139048,0.340244,0.105081,0.235163
2282.T,2015-01-31,2,streak_2,-0.025333,-0.006583,-0.01875,-0.083876,-0.001465,-0.082411,-0.032522,0.064544,-0.097066,-0.079558,0.105081,-0.184639
8439.T,2015-02-02,2,streak_2,-0.026042,-0.006583,-0.019459,0.007849,-0.001465,0.009314,0.089917,0.064544,0.025373,0.355819,0.105081,0.250738
6503.T,2015-02-02,2,streak_2,0.005454,-0.006583,0.012037,-0.042861,-0.001465,-0.041396,0.011988,0.064544,-0.052556,0.140821,0.105081,0.035741
6861.T,2015-02-02,2,streak_2,0.00883,-0.006583,0.015413,0.031898,-0.001465,0.033363,0.075329,0.064544,0.010785,0.150213,0.105081,0.045132
5406.T,2015-02-03,2,streak_2,-0.024388,-0.012655,-0.011733,0.039025,0.008765,0.03026,0.131711,0.065244,0.066467,0.043262,0.098755,-0.055493
4543.T,2015-02-03,2,streak_2,-0.004775,-0.012655,0.00788,0.065094,0.008765,0.056329,0.09918,0.065244,0.033936,0.021578,0.098755,-0.077177
9697.T,2015-02-03,2,streak_2,-0.00768,-0.012655,0.004974,0.021429,0.008765,0.012664,0.112786,0.065244,0.047542,0.191912,0.098755,0.093157
4021.T,2015-02-03,2,streak_2,-0.040695,-0.012655,-0.02804,-0.007319,0.008765,-0.016084,0.069044,0.065244,0.0038,0.10939,0.098755,0.010635
6963.T,2015-02-03,2,streak_2,0.011919,-0.012655,0.024574,-0.054306,0.008765,-0.063071,0.042381,0.065244,-0.022864,0.085979,0.098755,-0.012777
8306.T,2015-02-03,2,streak_2,-0.004792,-0.012655,0.007862,0.087849,0.008765,0.079084,0.192015,0.065244,0.12677,0.35378,0.098755,0.255025
6201.T,2015-02-03,2,streak_2,-0.02733,-0.012655,-0.014676,0.003217,0.008765,-0.005548,0.067524,0.065244,0.00228,0.094742,0.098755,-0.004013
6479.T,2015-02-03,2,streak_2,-0.047143,-0.012655,-0.034488,-0.032341,0.008765,-0.041106,-0.016442,0.065244,-0.081686,-0.011808,0.098755,-0.110563
2371.T,2015-02-04,2,streak_2,-0.01361,0.019779,-0.033389,0.10414,0.018276,0.085864,0.182245,0.08168,0.100565,0.16982,0.117868,0.051952
4689.T,2015-02-04,2,streak_2,0.017364,0.019779,-0.002415,0.052091,0.018276,0.033815,0.203461,0.08168,0.121781,0.232531,0.117868,0.114663
9684.T,2015-02-04,2,streak_2,0.013884,0.019779,-0.005896,-0.0111,0.018276,-0.029376,-0.054699,0.08168,-0.136379,0.030986,0.117868,-0.086882
6869.T,2015-02-04,2,streak_2,-0.017275,0.019779,-0.037054,0.034549,0.018276,0.016273,0.199624,0.08168,0.117944,0.222971,0.117868,0.105103
7203.T,2015-02-04,2,streak_2,0.02357,0.019779,0.003791,0.021581,0.018276,0.003305,0.067946,0.08168,-0.013734,0.11255,0.117868,-0.005318
8331.T,2015-02-04,2,streak_2,0.022979,0.019779,0.0032,0.03704,0.018276,0.018764,0.143034,0.08168,0.061354,0.278035,0.117868,0.160167
6845.T,2015-02-04,2,streak_2,0.026698,0.019779,0.006919,0.02601,0.018276,0.007734,0.121112,0.08168,0.039432,0.128797,0.117868,0.010929
6501.T,2015-02-04,2,streak_2,0.001964,0.019779,-0.017815,-0.084285,0.018276,-0.102561,-0.060119,0.08168,-0.141799,-0.041718,0.117868,-0.159586
4183.T,2015-02-04,2,streak_2,0.011595,0.019779,-0.008184,-0.011595,0.018276,-0.029871,0.063769,0.08168,-0.017911,0.124636,0.117868,0.006769
4188.T,2015-02-04,2,streak_2,0.061195,0.019779,0.041416,-0.003967,0.018276,-0.022243,0.116475,0.08168,0.034795,0.235491,0.117868,0.117623
4676.T,2015-02-04,2,streak_2,-0.00401,0.019779,-0.023789,0.018045,0.018276,-0.000231,0.124329,0.08168,0.042649,0.150904,0.117868,0.033036
4062.T,2015-02-04,2,streak_2,0.022499,0.019779,0.00272,0.053431,0.018276,0.035155,0.138921,0.08168,0.057241,0.30314,0.117868,0.185273
8802.T,2015-02-05,2,streak_2,0.027071,-0.009849,0.03692,0.086081,0.017025,0.069056,0.16434,0.073097,0.091243,0.167115,0.109859,0.057256
6976.T,2015-02-05,2,streak_2,0.006841,-0.009849,0.016691,-0.084126,0.017025,-0.101151,0.077974,0.073097,0.004878,0.264121,0.109859,0.154262
2433.T,2015-02-05,2,streak_2,-0.011793,-0.009849,-0.001944,0.0,0.017025,-0.017025,0.091832,0.073097,0.018735,0.104053,0.109859,-0.005806
3407.T,2015-02-05,2,streak_2,-0.027439,-0.009849,-0.01759,0.019709,0.017025,0.002684,0.067293,0.073097,-0.005804,-0.012002,0.109859,-0.121861
4739.T,2015-02-05,2,streak_2,-0.004541,-0.009849,0.005308,0.042046,0.017025,0.025021,0.088643,0.073097,0.015546,0.332738,0.109859,0.222879
7947.T,2015-02-05,2,streak_2,-0.029162,-0.009849,-0.019313,-0.037669,0.017025,-0.054694,0.025514,0.073097,-0.047583,0.056063,0.109859,-0.053796
9831.T,2015-02-05,2,streak_2,0.00679,-0.009849,0.01664,0.09068,0.017025,0.073655,0.147377,0.073097,0.07428,0.168289,0.109859,0.05843
2801.T,2015-02-05,2,streak_2,-0.009341,-0.009849,0.000508,0.017101,0.017025,7.6e-05,0.12597,0.073097,0.052873,0.050118,0.109859,-0.059741
2432.T,2015-02-05,2,streak_2,0.028781,-0.009849,0.03863,-0.034137,0.017025,-0.051162,-0.024763,0.073097,-0.09786,0.685553,0.109859,0.575694
4205.T,2015-02-05,2,streak_2,-0.01964,-0.009849,-0.009791,-0.056361,0.017025,-0.073386,-0.05892,0.073097,-0.132016,-0.040978,0.109859,-0.150837
3402.T,2015-02-05,2,streak_2,-0.04567,-0.009849,-0.035821,-0.019668,0.017025,-0.036693,0.022241,0.073097,-0.050856,0.020154,0.109859,-0.089705
2914.T,2015-02-05,2,streak_2,0.011493,-0.009849,0.021342,0.069105,0.017025,0.05208,0.157612,0.073097,0.084515,0.274029,0.109859,0.164169
6723.T,2015-02-05,2,streak_2,0.027705,-0.009849,0.037554,0.065056,0.017025,0.048031,0.092761,0.073097,0.019664,0.151801,0.109859,0.041942
8593.T,2015-02-05,2,streak_2,0.0117,-0.009849,0.02155,0.075895,0.017025,0.05887,0.118701,0.073097,0.045604,0.266235,0.109859,0.156376
6326.T,2015-02-06,2,streak_2,-0.013059,0.00822,-0.021279,0.066747,0.02335,0.043397,0.133488,0.073462,0.060025,0.101543,0.121123,-0.01958
9432.T,2015-02-06,2,streak_2,-0.028831,0.00822,-0.037051,0.03436,0.02335,0.01101,0.048578,0.073462,-0.024884,0.166667,0.121123,0.045543
7202.T,2015-02-06,2,streak_2,-0.006065,0.00822,-0.014284,0.056476,0.02335,0.033125,0.134333,0.073462,0.06087,0.058242,0.121123,-0.062881
9041.T,2015-02-06,2,streak_2,0.002394,0.00822,-0.005826,0.026316,0.02335,0.002965,0.095695,0.073462,0.022233,0.003228,0.121123,-0.117896
4540.T,2015-02-06,2,streak_2,0.008056,0.00822,-0.000163,0.061537,0.02335,0.038186,0.120879,0.073462,0.047417,0.05069,0.121123,-0.070434
5714.T,2015-02-06,2,streak_2,-0.00204,0.00822,-0.010259,-0.010205,0.02335,-0.033556,0.003063,0.073462,-0.0704,0.151351,0.121123,0.030228
2269.T,2015-02-06,2,streak_2,-0.019389,0.00822,-0.027608,0.07108,0.02335,0.04773,0.193054,0.073462,0.119592,0.111136,0.121123,-0.009988
6371.T,2015-02-06,2,streak_2,0.0,0.00822,-0.00822,0.014676,0.02335,-0.008674,0.01887,0.073462,-0.054593,0.120167,0.121123,-0.000957
6146.T,2015-02-06,2,streak_2,0.001989,0.00822,-0.00623,0.04374,0.02335,0.02039,0.139168,0.073462,0.065706,0.129042,0.121123,0.007919
2607.T,2015-02-06,2,streak_2,-0.009678,0.00822,-0.017897,0.061941,0.02335,0.038591,0.061291,0.073462,-0.012171,0.193332,0.121123,0.072209
5706.T,2015-02-06,2,streak_2,0.024389,0.00822,0.016169,0.044711,0.02335,0.02136,0.097561,0.073462,0.024098,0.413056,0.121123,0.291933
6481.T,2015-02-06,2,streak_2,0.0,0.00822,-0.00822,-0.044656,0.02335,-0.068007,0.021081,0.073462,-0.052381,0.084209,0.121123,-0.036914
8358.T,2015-02-06,2,streak_2,0.013117,0.00822,0.004897,0.015744,0.02335,-0.007606,0.08745,0.073462,0.013988,0.192419,0.121123,0.071296
7735.T,2015-02-09,2,streak_2,0.01898,0.003594,0.015385,0.127006,0.020187,0.106819,0.223359,0.057603,0.165756,0.266074,0.119909,0.146164
7201.T,2015-02-09,2,streak_2,0.013808,0.003594,0.010214,0.092895,0.020187,0.072708,0.191041,0.057603,0.133438,0.20354,0.119909,0.08363
5713.T,2015-02-09,2,streak_2,0.005062,0.003594,0.001468,0.011807,0.020187,-0.00838,0.030926,0.057603,-0.026678,0.088544,0.119909,-0.031365
4732.T,2015-02-09,2,streak_2,0.007348,0.003594,0.003754,0.073381,0.020187,0.053194,0.126311,0.057603,0.068708,0.153049,0.119909,0.033139
7701.T,2015-02-09,2,streak_2,0.004975,0.003594,0.001381,-0.004984,0.020187,-0.025171,0.112863,0.057603,0.05526,0.270098,0.119909,0.150188
1801.T,2015-02-10,2,streak_2,-0.017881,-0.003345,-0.014536,0.0,0.015535,-0.015535,0.023847,0.057113,-0.033267,0.013051,0.104919,-0.091867
1414.T,2015-02-10,2,streak_2,0.0,-0.003345,0.003345,0.024001,0.015535,0.008466,0.002004,0.057113,-0.05511,0.070004,0.104919,-0.034915
1803.T,2015-02-10,2,streak_2,-0.016127,-0.003345,-0.012782,0.007441,0.015535,-0.008094,0.023568,0.057113,-0.033546,0.137516,0.104919,0.032597
9007.T,2015-02-10,2,streak_2,0.019588,-0.003345,0.022933,0.06144,0.015535,0.045905,0.121991,0.057113,0.064878,-0.004681,0.104919,-0.1096
7309.T,2015-02-10,2,streak_2,0.012829,-0.003345,0.016174,0.075048,0.015535,0.059513,0.212957,0.057113,0.155843,0.066068,0.104919,-0.038851
1802.T,2015-02-10,2,streak_2,-0.001388,-0.003345,0.001957,-0.005493,0.015535,-0.021029,0.082418,0.057113,0.025304,0.10707,0.104919,0.002151
6383.T,2015-02-10,2,streak_2,0.000733,-0.003345,0.004078,0.044052,0.015535,0.028517,0.099654,0.057113,0.04254,0.189704,0.104919,0.084785
5711.T,2015-02-10,2,streak_2,-0.012439,-0.003345,-0.009094,-0.014925,0.015535,-0.030461,-0.014925,0.057113,-0.072039,0.178341,0.104919,0.073423
6273.T,2015-02-10,2,streak_2,-0.00492,-0.003345,-0.001575,0.005079,0.015535,-0.010456,0.065555,0.057113,0.008442,0.151249,0.104919,0.04633
8804.T,2015-02-12,2,streak_2,0.021432,0.018526,0.002905,0.057146,0.030958,0.026188,0.060716,0.07582,-0.015104,0.065474,0.117843,-0.052368
7272.T,2015-02-12,2,streak_2,0.053585,0.018526,0.035059,0.141071,0.030958,0.110113,0.254089,0.07582,0.178269,0.244876,0.117843,0.127034
7762.T,2015-02-12,2,streak_2,0.030621,0.018526,0.012095,-0.069687,0.030958,-0.100645,-0.069687,0.07582,-0.145508,-0.02662,0.117843,-0.144463
1963.T,2015-02-12,2,streak_2,-0.048638,0.018526,-0.067164,0.008898,0.030958,-0.02206,-0.048834,0.07582,-0.124654,-0.007541,0.117843,-0.125384
2501.T,2015-02-12,2,streak_2,0.045547,0.018526,0.02702,-0.041407,0.030958,-0.072365,-0.006214,0.07582,-0.082034,-0.047621,0.117843,-0.165464
8795.T,2015-02-12,2,streak_2,0.00859,0.018526,-0.009936,0.037118,0.030958,0.00616,0.137114,0.07582,0.061293,0.174707,0.117843,0.056864
5110.T,2015-02-12,2,streak_2,0.0,0.018526,-0.018526,0.137626,0.030958,0.106668,0.223645,0.07582,0.147825,0.133188,0.117843,0.015345
5105.T,2015-02-12,2,streak_2,0.004156,0.018526,-0.01437,0.028657,0.030958,-0.002301,0.164038,0.07582,0.088217,0.064789,0.117843,-0.053054
2587.T,2015-02-13,2,streak_2,-0.005898,-0.003691,-0.002207,0.016509,0.015855,0.000654,0.140329,0.070887,0.069442,0.226415,0.106261,0.120154
8725.T,2015-02-13,3,streak_3,0.001617,-0.003691,0.005308,0.065832,0.015855,0.049977,0.136397,0.070887,0.06551,0.233653,0.106261,0.127392
4681.T,2015-02-13,2,streak_2,-0.014812,-0.003691,-0.011121,0.069971,0.015855,0.054116,0.109224,0.070887,0.038337,0.10906,0.106261,0.002798
6728.T,2015-02-13,2,streak_2,-0.003094,-0.003691,0.000597,0.102658,0.015855,0.086803,0.202222,0.070887,0.131335,0.193566,0.106261,0.087304
9435.T,2015-02-13,3,streak_3,0.03414,-0.003691,0.03783,0.122333,0.015855,0.106478,0.129446,0.070887,0.058559,0.193748,0.106261,0.087487
6592.T,2015-02-13,3,streak_3,0.071429,-0.003691,0.07512,0.14683,0.015855,0.130975,0.244049,0.070887,0.173162,0.420635,0.106261,0.314374
8630.T,2015-02-14,2,streak_2,0.027332,0.005103,0.022229,0.037327,0.023387,0.01394,0.141501,0.074397,0.067104,0.235039,0.117958,0.117081
4704.T,2015-02-18,4,streak_4,0.002952,0.011791,-0.008839,0.12537,0.034268,0.091102,0.253688,0.086584,0.167104,0.306788,0.123187,0.183601
4666.T,2015-02-26,2,streak_2,-0.004626,0.010793,-0.015419,0.042129,0.006371,0.035759,0.116667,0.047668,0.068999,0.015281,0.106426,-0.091145
9678.T,2015-03-06,3,streak_3,-0.024541,0.011687,-0.036228,0.081287,0.01276,0.068527,0.104295,0.036436,0.067859,0.065952,0.090943,-0.024991
9843.T,2015-03-30,3,streak_3,-0.003579,0.006521,-0.010101,0.078668,0.007749,0.070918,0.083435,0.036177,0.047258,0.18951,0.049265,0.140246
2809.T,2015-04-02,2,streak_2,0.037607,0.014602,0.023005,0.182906,0.039663,0.143244,-0.005811,0.026099,-0.03191,-0.083176,0.079063,-0.162239
6506.T,2015-04-20,3,streak_3,-0.008093,-0.000936,-0.007157,-0.022543,0.018682,-0.041225,-0.012714,0.031117,-0.04383,-0.093644,0.04787,-0.141514
4684.T,2015-04-23,3,streak_3,0.007298,0.00267,0.004629,0.045837,-0.03049,0.076327,0.034384,0.016821,0.017562,0.18542,0.010738,0.174682
5411.T,2015-04-23,3,streak_3,-0.017079,0.00267,-0.019748,-0.025353,-0.03049,0.005138,0.072833,0.016821,0.056012,-0.151947,0.010738,-0.162685
4751.T,2015-04-23,2,streak_2,-0.024531,0.00267,-0.027201,-0.116561,-0.03049,-0.086071,-0.111966,0.016821,-0.128787,-0.188641,0.010738,-0.199379
6436.T,2015-04-24,2,streak_2,0.004021,-0.008303,0.012324,0.067065,-0.032496,0.099561,0.122058,0.018021,0.104036,0.074446,0.006996,0.06745
7211.T,2015-04-24,2,streak_2,-0.012156,-0.008303,-0.003853,-0.036488,-0.032496,-0.003992,0.002609,0.018021,-0.015412,-0.06168,0.006996,-0.068676
2801.T,2015-04-27,3,streak_3,0.006878,-0.001834,0.008712,-0.078398,-0.036366,-0.042032,-0.042631,0.027128,-0.069759,0.162313,0.014129,0.148183
8035.T,2015-04-27,3,streak_3,-0.014722,-0.001834,-0.012888,-0.157194,-0.036366,-0.120828,0.017279,0.027128,-0.009849,-0.156428,0.014129,-0.170558
6954.T,2015-04-27,3,streak_3,0.01132,-0.001834,0.013154,-0.03302,-0.036366,0.003346,0.039245,0.027128,0.012116,-0.218868,0.014129,-0.232997
6971.T,2015-04-27,3,streak_3,-0.001276,-0.001834,0.000558,-0.101905,-0.036366,-0.065539,-0.037094,0.027128,-0.064222,-0.112281,0.014129,-0.12641
6857.T,2015-04-28,3,streak_3,-0.035747,0.003785,-0.039531,-0.052586,-0.030232,-0.022354,-0.016839,0.029352,-0.046191,-0.279832,0.026998,-0.30683
9505.T,2015-04-28,3,streak_3,0.004092,0.003785,0.000307,0.016949,-0.030232,0.047181,0.122154,0.029352,0.092802,0.101694,0.026998,0.074695
6806.T,2015-04-28,3,streak_3,0.002966,0.003785,-0.000819,-0.004746,-0.030232,0.025486,0.064057,0.029352,0.034705,-0.091341,0.026998,-0.118339
6701.T,2015-04-28,3,streak_3,-0.018774,0.003785,-0.022558,-0.032859,-0.030232,-0.002627,-0.039912,0.029352,-0.069264,-0.147886,0.026998,-0.174884
4063.T,2015-04-28,3,streak_3,0.014631,0.003785,0.010846,-0.039383,-0.030232,-0.009151,-0.029246,0.029352,-0.058598,-0.054523,0.026998,-0.081521
8697.T,2015-04-28,3,streak_3,-0.002679,0.003785,-0.006464,-0.046913,-0.030232,-0.016682,0.024141,0.029352,-0.005211,0.155504,0.026998,0.128506
7309.T,2015-04-28,3,streak_3,0.017745,0.003785,0.01396,-0.050372,-0.030232,-0.02014,0.003434,0.029352,-0.025918,-0.008791,0.026998,-0.035789
5406.T,2015-04-28,3,streak_3,-0.055089,0.003785,-0.058873,-0.110172,-0.030232,-0.07994,0.0,0.029352,-0.029352,-0.194917,0.026998,-0.221915
6103.T,2015-04-28,3,streak_3,0.035743,0.003785,0.031959,0.019857,-0.030232,0.050088,0.102462,0.029352,0.07311,-0.05163,0.026998,-0.078628
6503.T,2015-04-28,3,streak_3,0.006043,0.003785,0.002259,-0.004772,-0.030232,0.02546,0.076632,0.029352,0.04728,-0.126233,0.026998,-0.153231
6770.T,2015-04-28,3,streak_3,0.008805,0.003785,0.00502,-0.006092,-0.030232,0.02414,0.083647,0.029352,0.054295,0.28175,0.026998,0.254752
6592.T,2015-04-28,4,streak_4,0.061746,0.003785,0.057961,0.03313,-0.030232,0.063362,0.158133,0.029352,0.128781,0.105073,0.026998,0.078075
8601.T,2015-04-28,3,streak_3,-0.001453,0.003785,-0.005238,-0.057158,-0.030232,-0.026926,-0.038872,0.029352,-0.068224,-0.067209,0.026998,-0.094207
6762.T,2015-04-29,3,streak_3,0.039657,-0.026868,0.066525,0.063688,-0.021838,0.085525,0.210322,0.024141,0.186181,0.04445,0.026237,0.018213
9507.T,2015-04-30,3,streak_3,-0.020462,-0.026868,0.006406,0.010223,-0.021838,0.032061,0.169067,0.024141,0.144926,0.255715,0.026237,0.229477
6981.T,2015-04-30,3,streak_3,-0.016234,-0.026868,0.010634,0.046956,-0.021838,0.068794,0.179131,0.024141,0.15499,0.066667,0.026237,0.04043
7951.T,2015-04-30,2,streak_2,-0.037972,-0.026868,-0.011104,0.019432,-0.021838,0.041269,0.115666,0.024141,0.091525,0.289627,0.026237,0.26339
4901.T,2015-04-30,3,streak_3,-0.028383,-0.026868,-0.001515,-0.023668,-0.021838,-0.00183,0.014146,0.024141,-0.009995,0.053993,0.026237,0.027756
5471.T,2015-04-30,2,streak_2,0.069036,-0.026868,0.095903,0.044782,-0.021838,0.06662,0.10261,0.024141,0.078469,-0.123128,0.026237,-0.149365
9007.T,2015-04-30,3,streak_3,-0.019493,-0.026868,0.007374,-0.06255,-0.021838,-0.040713,-0.044677,0.024141,-0.068818,0.008127,0.026237,-0.01811
6963.T,2015-04-30,3,streak_3,0.013362,-0.026868,0.04023,0.018226,-0.021838,0.040064,0.058323,0.024141,0.034182,-0.127582,0.026237,-0.153819
8604.T,2015-04-30,3,streak_3,-0.021751,-0.026868,0.005117,0.017327,-0.021838,0.039165,0.02935,0.024141,0.005209,0.114849,0.026237,0.088612
9104.T,2015-04-30,3,streak_3,-0.009362,-0.026868,0.017506,-0.039801,-0.021838,-0.017964,-0.016384,0.024141,-0.040525,-0.128803,0.026237,-0.155041
6702.T,2015-04-30,2,streak_2,-0.004024,-0.026868,0.022844,-0.158458,-0.021838,-0.136621,-0.123306,0.024141,-0.147447,-0.183076,0.026237,-0.209313
4062.T,2015-04-30,3,streak_3,-0.002851,-0.026868,0.024017,0.102089,-0.021838,0.123927,0.108258,0.024141,0.084117,-0.025167,0.026237,-0.051404
2587.T,2015-05-01,3,streak_3,-0.003913,0.000595,-0.004509,0.0,0.00537,-0.00537,-0.005871,0.048847,-0.054719,0.046044,0.052669,-0.006625
4689.T,2015-05-01,3,streak_3,-0.002038,0.000595,-0.002634,0.004053,0.00537,-0.001318,0.103861,0.048847,0.055013,0.130336,0.052669,0.077667
9449.T,2015-05-01,2,streak_2,-0.062871,0.000595,-0.063466,-0.078095,0.00537,-0.083466,-0.013236,0.048847,-0.062083,0.419877,0.052669,0.367208
8001.T,2015-05-01,2,streak_2,0.013507,0.000595,0.012911,0.051347,0.00537,0.045977,0.133445,0.048847,0.084598,0.013853,0.052669,-0.038816
2914.T,2015-05-01,3,streak_3,0.035978,0.000595,0.035383,0.021728,0.00537,0.016358,0.059964,0.048847,0.011117,0.164844,0.052669,0.112175
6988.T,2015-05-01,2,streak_2,0.049758,0.000595,0.049163,0.075484,0.00537,0.070114,0.218917,0.048847,0.17007,0.167212,0.052669,0.114543
9831.T,2015-05-07,3,streak_3,-0.006107,-0.012269,0.006162,0.006081,0.011934,-0.005853,0.099387,0.048975,0.050412,-0.040572,0.050622,-0.091194
9697.T,2015-05-07,3,streak_3,0.037769,-0.012269,0.050039,0.056179,0.011934,0.044245,0.062908,0.048975,0.013933,0.216131,0.050622,0.165509
6861.T,2015-05-07,3,streak_3,-0.009886,-0.012269,0.002384,0.014122,0.011934,0.002188,0.062293,0.048975,0.013318,-0.08625,0.050622,-0.136872
7974.T,2015-05-07,3,streak_3,-0.025431,-0.012269,-0.013162,0.096516,0.011934,0.084582,0.046159,0.048975,-0.002815,0.101945,0.050622,0.051323
6479.T,2015-05-08,3,streak_3,0.020591,0.00452,0.016071,0.151923,0.014423,0.1375,0.235948,0.06059,0.175358,0.046189,0.068529,-0.022341
3401.T,2015-05-08,2,streak_2,0.051983,0.00452,0.047463,0.059405,0.014423,0.044982,0.168321,0.06059,0.107731,0.024756,0.068529,-0.043774
9766.T,2015-05-08,2,streak_2,0.002241,0.00452,-0.002279,0.009424,0.014423,-0.004999,0.014808,0.06059,-0.045783,0.142728,0.068529,0.074199
8804.T,2015-05-08,3,streak_3,0.017357,0.00452,0.012837,0.053241,0.014423,0.038818,0.067127,0.06059,0.006536,-0.004799,0.068529,-0.073328
7270.T,2015-05-08,2,streak_2,0.033803,0.00452,0.029283,0.098913,0.014423,0.08449,0.174505,0.06059,0.113914,0.122616,0.068529,0.054086
2501.T,2015-05-08,3,streak_3,0.012987,0.00452,0.008467,0.004327,0.014423,-0.010096,0.025975,0.06059,-0.034616,0.047617,0.068529,-0.020913
6371.T,2015-05-08,3,streak_3,0.014912,0.00452,0.010392,0.053679,0.014423,0.039255,0.208753,0.06059,0.148163,0.025854,0.068529,-0.042675
2607.T,2015-05-08,3,streak_3,0.012992,0.00452,0.008472,0.046327,0.014423,0.031904,0.107908,0.06059,0.047317,0.203952,0.068529,0.135422
6871.T,2015-05-08,2,streak_2,0.052127,0.00452,0.047607,0.163234,0.014423,0.148811,0.111107,0.06059,0.050517,-0.275992,0.068529,-0.344522
6976.T,2015-05-11,3,streak_3,0.035396,0.012473,0.022923,-0.051123,0.018253,-0.069376,0.001123,0.055627,-0.054503,-0.111799,0.066321,-0.17812
7947.T,2015-05-11,3,streak_3,0.008164,0.012473,-0.004309,-0.012835,0.018253,-0.031088,0.078176,0.055627,0.022549,-0.091016,0.066321,-0.157337
1801.T,2015-05-11,3,streak_3,0.0,0.012473,-0.012473,-0.008799,0.018253,-0.027052,0.021994,0.055627,-0.033633,0.112903,0.066321,0.046582
1414.T,2015-05-11,3,streak_3,-0.003776,0.012473,-0.016249,0.007547,0.018253,-0.010706,-0.011323,0.055627,-0.06695,-0.003129,0.066321,-0.06945
6361.T,2015-05-11,2,streak_2,0.009201,0.012473,-0.003273,0.053307,0.018253,0.035054,0.141543,0.055627,0.085916,-0.071684,0.066321,-0.138005
4507.T,2015-05-11,2,streak_2,0.03457,0.012473,0.022097,0.134569,0.018253,0.116316,0.080246,0.055627,0.024619,0.323452,0.066321,0.257131
6856.T,2015-05-11,2,streak_2,0.04,0.012473,0.027527,0.09,0.018253,0.071747,0.10889,0.055627,0.053263,0.028069,0.066321,-0.038252
6471.T,2015-05-11,2,streak_2,0.034971,0.012473,0.022498,0.060108,0.018253,0.041855,0.124042,0.055627,0.068415,-0.112023,0.066321,-0.178344
4203.T,2015-05-11,3,streak_3,-0.003707,0.012473,-0.01618,-0.025975,0.018253,-0.044228,0.081632,0.055627,0.026005,-0.098326,0.066321,-0.164647
7202.T,2015-05-12,3,streak_3,0.008592,0.0002,0.008392,0.020881,0.013728,0.007153,-0.025793,0.024229,-0.050022,0.059563,0.056249,0.003314
8802.T,2015-05-12,3,streak_3,-0.029437,0.0002,-0.029637,-0.049973,0.013728,-0.063701,-0.018896,0.024229,-0.043125,0.0378,0.056249,-0.018449
6841.T,2015-05-12,3,streak_3,0.004166,0.0002,0.003965,-0.013193,0.013728,-0.026921,0.053474,0.024229,0.029245,-0.005557,0.056249,-0.061806
8439.T,2015-05-12,3,streak_3,0.021008,0.0002,0.020807,0.027561,0.013728,0.013833,0.001319,0.024229,-0.02291,0.103678,0.056249,0.047429
4208.T,2015-05-12,2,streak_2,0.010001,0.0002,0.009801,0.064999,0.013728,0.051271,0.124998,0.024229,0.100769,0.170003,0.056249,0.113754
2269.T,2015-05-12,3,streak_3,0.007352,0.0002,0.007152,0.029413,0.013728,0.015684,0.06103,0.024229,0.036801,0.527206,0.056249,0.470957
4021.T,2015-05-12,3,streak_3,0.040096,0.0002,0.039896,0.097879,0.013728,0.084151,0.061321,0.024229,0.037092,0.189074,0.056249,0.132825
2432.T,2015-05-12,3,streak_3,-0.020041,0.0002,-0.020242,0.004809,0.013728,-0.008919,-0.02565,0.024229,-0.049879,-0.044887,0.056249,-0.101136
8331.T,2015-05-12,3,streak_3,0.003034,0.0002,0.002833,-0.011137,0.013728,-0.024865,-0.025307,0.024229,-0.049536,0.034422,0.056249,-0.021827
8358.T,2015-05-12,3,streak_3,0.01117,0.0002,0.01097,0.001862,0.013728,-0.011866,-0.017872,0.024229,-0.0421,-0.014147,0.056249,-0.070395
6723.T,2015-05-12,3,streak_3,-0.004182,0.0002,-0.004383,0.015689,0.013728,0.001961,-0.019871,0.024229,-0.0441,-0.153768,0.056249,-0.210016
1812.T,2015-05-12,2,streak_2,-0.001809,0.0002,-0.002009,-0.00544,0.013728,-0.019168,-0.001809,0.024229,-0.026038,0.261348,0.056249,0.205099
5711.T,2015-05-12,3,streak_3,0.008926,0.0002,0.008725,0.055802,0.013728,0.042074,0.091517,0.024229,0.067288,-0.042413,0.056249,-0.098662
7701.T,2015-05-12,3,streak_3,0.011334,0.0002,0.011134,0.157936,0.013728,0.144208,0.167143,0.024229,0.142914,0.490087,0.056249,0.433838
6146.T,2015-05-12,3,streak_3,0.019896,0.0002,0.019696,0.057871,0.013728,0.044143,-0.020791,0.024229,-0.04502,-0.16546,0.056249,-0.221709
7735.T,2015-05-13,3,streak_3,0.028671,0.007128,0.021543,0.074072,0.020461,0.053611,-0.021506,0.021479,-0.042985,-0.200715,0.060324,-0.261039
1802.T,2015-05-13,3,streak_3,0.003728,0.007128,-0.0034,-0.008664,0.020461,-0.029125,0.043373,0.021479,0.021894,0.283781,0.060324,0.223457
6472.T,2015-05-13,2,streak_2,0.008967,0.007128,0.001839,0.088196,0.020461,0.067736,0.08669,0.021479,0.065211,0.124063,0.060324,0.063739
1803.T,2015-05-13,3,streak_3,0.0654,0.007128,0.058273,0.110588,0.020461,0.090128,0.174802,0.021479,0.153323,0.385264,0.060324,0.32494
5929.T,2015-05-13,2,streak_2,0.083337,0.007128,0.076209,0.14778,0.020461,0.127319,0.151108,0.021479,0.129629,0.062219,0.060324,0.001895
7729.T,2015-05-13,3,streak_3,0.018287,0.007128,0.011159,0.048894,0.020461,0.028433,-0.012691,0.021479,-0.03417,-0.017171,0.060324,-0.077495
8591.T,2015-05-13,3,streak_3,-0.006851,0.007128,-0.013979,-0.001842,0.020461,-0.022303,-0.005009,0.021479,-0.026488,-0.020306,0.060324,-0.08063
4188.T,2015-05-13,3,streak_3,0.029544,0.007128,0.022416,0.025823,0.020461,0.005362,-0.029411,0.021479,-0.05089,0.018759,0.060324,-0.041565
6383.T,2015-05-14,3,streak_3,-0.006102,-0.00984,0.003738,0.163211,0.021849,0.141362,0.194882,0.03128,0.163601,0.144314,0.048371,0.095943
4568.T,2015-05-14,3,streak_3,0.040005,-0.00984,0.049844,0.122155,0.021849,0.100306,0.091679,0.03128,0.060398,0.259532,0.048371,0.211162
8795.T,2015-05-14,3,streak_3,-0.008428,-0.00984,0.001412,0.015434,0.021849,-0.006416,0.055861,0.03128,0.02458,0.08843,0.048371,0.04006
1860.T,2015-05-14,2,streak_2,0.01603,-0.00984,0.025869,0.028065,0.021849,0.006216,0.038091,0.03128,0.00681,0.338686,0.048371,0.290315
4523.T,2015-05-14,2,streak_2,0.001525,-0.00984,0.011365,0.035869,0.021849,0.01402,0.006359,0.03128,-0.024921,0.080258,0.048371,0.031888
9041.T,2015-05-14,3,streak_3,-0.012195,-0.00984,-0.002356,0.039023,0.021849,0.017174,0.036586,0.03128,0.005306,0.117072,0.048371,0.068701
3738.T,2015-05-14,3,streak_3,-0.004919,-0.00984,0.004921,-0.006761,0.021849,-0.02861,0.081795,0.03128,0.050515,0.35671,0.048371,0.30834
8830.T,2015-05-14,2,streak_2,-0.017183,-0.00984,-0.007344,0.048526,0.021849,0.026677,-0.020858,0.03128,-0.052138,-0.013292,0.048371,-0.061662
9042.T,2015-05-15,2,streak_2,0.042213,0.008313,0.033901,0.093161,0.032326,0.060835,0.080059,0.042761,0.037298,0.17322,0.04203,0.13119
8304.T,2015-05-15,3,streak_3,0.013574,0.008313,0.005261,0.090498,0.032326,0.058172,0.054298,0.042761,0.011537,0.065509,0.04203,0.02348
1332.T,2015-05-15,2,streak_2,0.0,0.008313,-0.008313,0.002667,0.032326,-0.02966,-0.061169,0.042761,-0.10393,0.109037,0.04203,0.067007
8411.T,2015-05-15,3,streak_3,0.021338,0.008313,0.013026,0.083152,0.032326,0.050826,0.143667,0.042761,0.100906,0.142362,0.04203,0.100332
8593.T,2015-05-15,3,streak_3,0.012591,0.008313,0.004278,0.018887,0.032326,-0.013439,0.017319,0.042761,-0.025442,0.051956,0.04203,0.009926
8630.T,2015-05-20,3,streak_3,0.00626,0.008498,-0.002237,0.096188,0.020528,0.07566,0.05555,0.009632,0.045919,0.063725,0.029655,0.03407
9678.T,2015-06-05,4,streak_4,0.029579,-0.001332,0.030911,-0.092957,-0.005136,-0.087822,-0.118311,0.002519,-0.12083,-0.115493,-0.116789,0.001295
3086.T,2015-06-25,2,streak_2,-0.002119,-0.004631,0.002512,0.02032,-0.025815,0.046135,0.040215,-0.015502,0.055717,-0.18971,-0.143163,-0.046548
8233.T,2015-06-26,2,streak_2,-0.010067,-0.003141,-0.006926,-0.04698,-0.011983,-0.034998,0.012587,-0.020283,0.032869,-0.200951,-0.150509,-0.050442
9843.T,2015-06-29,4,streak_4,-0.01534,-0.028793,0.013454,0.064416,-0.008034,0.072451,0.130877,-0.01822,0.149097,-0.063897,-0.182328,0.118431
2809.T,2015-07-01,3,streak_3,0.058259,0.004625,0.053634,-0.001541,0.006961,-0.008502,0.07253,0.014188,0.058343,-0.056713,-0.124202,0.067488
6506.T,2015-07-21,4,streak_4,0.016831,0.009251,0.007579,-0.027829,-0.014567,-0.013262,-0.018767,-0.00467,-0.014097,-0.097828,-0.101528,0.0037
6807.T,2015-07-22,2,streak_2,-0.029734,-0.011913,-0.01782,-0.112365,-0.024618,-0.087747,-0.237561,-0.029716,-0.207845,-0.306419,-0.115445,-0.190974
4684.T,2015-07-22,4,streak_4,-0.014795,-0.011913,-0.002881,-0.046047,-0.024618,-0.02143,-0.037823,-0.029716,-0.008107,0.004935,-0.115445,0.12038
4063.T,2015-07-23,4,streak_4,-0.008186,0.004384,-0.01257,-0.003136,-0.014119,0.010983,-0.020469,-0.0272,0.006731,-0.050888,-0.08587,0.034982
7309.T,2015-07-28,4,streak_4,0.007054,-0.001042,0.008096,-0.078134,0.00973,-0.087864,-0.240912,-0.124982,-0.115929,0.007054,-0.071109,0.078163
8697.T,2015-07-28,4,streak_4,0.033778,-0.001042,0.03482,0.030162,0.00973,0.020431,-0.176122,-0.124982,-0.05114,-0.062967,-0.071109,0.008142
8604.T,2015-07-29,4,streak_4,-0.005435,-0.001278,-0.004157,0.00359,0.009419,-0.005829,-0.140101,-0.096024,-0.044077,-0.116869,-0.068532,-0.048336
7205.T,2015-07-29,2,streak_2,0.012237,-0.001278,0.013515,0.067981,0.009419,0.058562,-0.135962,-0.096024,-0.039938,-0.040944,-0.068532,0.027588
6436.T,2015-07-29,3,streak_3,-0.00188,-0.001278,-0.000602,0.078021,0.009419,0.068602,-0.09863,-0.096024,-0.002606,-0.07491,-0.068532,-0.006378
8601.T,2015-07-29,4,streak_4,0.001757,-0.001278,0.003035,0.029167,0.009419,0.019748,-0.095874,-0.096024,0.00015,-0.075286,-0.068532,-0.006754
9007.T,2015-07-29,4,streak_4,0.006578,-0.001278,0.007856,0.030427,0.009419,0.021009,-0.118421,-0.096024,-0.022397,-0.036183,-0.068532,0.032349
7974.T,2015-07-29,4,streak_4,-0.010857,-0.001278,-0.009579,0.076956,0.009419,0.067538,0.152228,-0.096024,0.248252,0.010617,-0.068532,0.079149
6770.T,2015-07-29,4,streak_4,-0.010167,-0.001278,-0.008889,-0.027957,0.009419,-0.037375,-0.088947,-0.096024,0.007077,-0.091489,-0.068532,-0.022957
6471.T,2015-07-29,3,streak_3,-0.026574,-0.001278,-0.025296,-0.027195,0.009419,-0.036614,-0.064279,-0.096024,0.031745,-0.129784,-0.068532,-0.061252
5401.T,2015-07-29,2,streak_2,-0.006444,-0.001278,-0.005166,0.009354,0.009419,-6.5e-05,-0.132308,-0.096024,-0.036284,-0.116302,-0.068532,-0.04777
6971.T,2015-07-30,4,streak_4,0.018732,0.010832,0.0079,0.017616,0.015325,0.00229,-0.054277,-0.085134,0.030858,-0.118955,-0.060081,-0.058875
6967.T,2015-07-30,2,streak_2,0.023024,0.010832,0.012192,0.08363,0.015325,0.068305,-0.107882,-0.085134,-0.022748,-0.086753,-0.060081,-0.026672
8591.T,2015-07-30,4,streak_4,0.026342,0.010832,0.01551,0.120836,0.015325,0.105511,-0.028778,-0.085134,0.056356,0.079043,-0.060081,0.139124
9449.T,2015-07-30,3,streak_3,-0.017244,0.010832,-0.028075,0.091054,0.015325,0.075728,-0.103449,-0.085134,-0.018315,-0.07166,-0.060081,-0.011579
9507.T,2015-07-30,4,streak_4,-0.011368,0.010832,-0.0222,0.042019,0.015325,0.026694,-0.052393,-0.085134,0.032741,0.02027,-0.060081,0.080351
4689.T,2015-07-30,4,streak_4,0.009945,0.010832,-0.000887,0.103579,0.015325,0.088254,-0.043838,-0.085134,0.041296,0.025895,-0.060081,0.085975
9503.T,2015-07-30,2,streak_2,0.003867,0.010832,-0.006965,0.096357,0.015325,0.081031,-0.030293,-0.085134,0.054841,0.004181,-0.060081,0.064262
2871.T,2015-07-30,2,streak_2,-0.057205,0.010832,-0.068037,-0.105923,0.015325,-0.121249,-0.234111,-0.085134,-0.148977,-0.162068,-0.060081,-0.101987
7211.T,2015-07-30,3,streak_3,0.020221,0.010832,0.009389,-0.053312,0.015325,-0.068637,-0.152575,-0.085134,-0.067441,0.001363,-0.060081,0.061444
7951.T,2015-07-30,3,streak_3,-0.016452,0.010832,-0.027284,0.01784,0.015325,0.002514,-0.051098,-0.085134,0.034036,0.058794,-0.060081,0.118875
8053.T,2015-07-30,2,streak_2,0.064559,0.010832,0.053727,0.061185,0.015325,0.045859,-0.07057,-0.085134,0.014564,0.019063,-0.060081,0.079144
4901.T,2015-07-30,4,streak_4,0.008735,0.010832,-0.002097,0.093439,0.015325,0.078114,0.046885,-0.085134,0.132019,0.072973,-0.060081,0.133054
9404.T,2015-07-30,2,streak_2,-0.00659,0.010832,-0.017422,0.068573,0.015325,0.053248,-0.085714,-0.085134,-0.00058,-0.074285,-0.060081,-0.014204
4676.T,2015-07-30,3,streak_3,-0.006342,0.010832,-0.017174,0.017742,0.015325,0.002416,-0.125482,-0.085134,-0.040348,-0.084924,-0.060081,-0.024844
6758.T,2015-07-30,2,streak_2,-0.0205,0.010832,-0.031332,-0.083342,0.015325,-0.098667,-0.166256,-0.085134,-0.081122,-0.04918,-0.060081,0.010901
9697.T,2015-07-30,4,streak_4,0.006117,0.010832,-0.004715,-0.031311,0.015325,-0.046636,-0.010448,-0.085134,0.074686,-0.078823,-0.060081,-0.018742
4927.T,2015-07-30,2,streak_2,-0.020408,0.010832,-0.03124,0.025509,0.015325,0.010183,-0.091833,-0.085134,-0.006699,-0.014029,-0.060081,0.046051
2002.T,2015-07-30,2,streak_2,0.018713,0.010832,0.007881,0.043107,0.015325,0.027782,-0.069201,-0.085134,0.015933,0.061328,-0.060081,0.121409
6981.T,2015-07-31,4,streak_4,0.023934,0.003041,0.020893,-0.018359,0.0069,-0.025259,-0.020865,-0.067559,0.046694,0.014703,-0.089636,0.104339
6028.T,2015-07-31,2,streak_2,-0.024855,0.003041,-0.027896,0.068714,0.0069,0.061814,-0.016085,-0.067559,0.051474,0.001454,-0.089636,0.09109
4062.T,2015-07-31,4,streak_4,0.037917,0.003041,0.034876,-0.015167,0.0069,-0.022067,-0.105666,-0.067559,-0.038106,-0.084427,-0.089636,0.005209
2801.T,2015-07-31,4,streak_4,0.023587,0.003041,0.020546,0.008256,0.0069,0.001355,-0.068391,-0.067559,-0.000831,-0.137973,-0.089636,-0.048337
3099.T,2015-07-31,2,streak_2,-0.016975,0.003041,-0.020015,-0.047,0.0069,-0.0539,-0.156225,-0.067559,-0.088666,-0.170149,-0.089636,-0.080513
9101.T,2015-07-31,2,streak_2,-0.008763,0.003041,-0.011804,0.043861,0.0069,0.036961,-0.052624,-0.067559,0.014935,-0.096485,-0.089636,-0.006849
3116.T,2015-07-31,2,streak_2,0.098586,0.003041,0.095545,0.143,0.0069,0.1361,-0.001951,-0.067559,0.065608,0.282091,-0.089636,0.371727
6762.T,2015-07-31,4,streak_4,0.011617,0.003041,0.008576,-0.03841,0.0069,-0.04531,-0.105946,-0.067559,-0.038386,-0.06893,-0.089636,0.020706
6479.T,2015-07-31,4,streak_4,0.045185,0.003041,0.042144,0.004839,0.0069,-0.002061,-0.188276,-0.067559,-0.120716,-0.268962,-0.089636,-0.179326
6902.T,2015-07-31,2,streak_2,0.027054,0.003041,0.024013,0.025382,0.0069,0.018482,-0.082333,-0.067559,-0.014773,-0.073817,-0.089636,0.015819
4523.T,2015-07-31,3,streak_3,0.001361,0.003041,-0.00168,0.049481,0.0069,0.042581,-0.004824,-0.067559,0.062736,-0.094755,-0.089636,-0.005119
8304.T,2015-07-31,4,streak_4,0.008473,0.003041,0.005432,-0.01907,0.0069,-0.02597,-0.052967,-0.067559,0.014592,-0.078391,-0.089636,0.011246
9042.T,2015-07-31,3,streak_3,0.024836,0.003041,0.021795,0.061436,0.0069,0.054536,-0.039218,-0.067559,0.028341,-0.003922,-0.089636,0.085714
9783.T,2015-07-31,2,streak_2,0.006013,0.003041,0.002972,0.043609,0.0069,0.036708,-0.021052,-0.067559,0.046507,-0.014231,-0.089636,0.075405
9104.T,2015-07-31,4,streak_4,-0.021054,0.003041,-0.024095,0.015794,0.0069,0.008894,-0.078942,-0.067559,-0.011382,-0.157898,-0.089636,-0.068261
8802.T,2015-07-31,4,streak_4,0.023782,0.003041,0.020741,0.05537,0.0069,0.04847,-0.014681,-0.067559,0.052878,-0.053144,-0.089636,0.036493
6472.T,2015-07-31,3,streak_3,0.0,0.003041,-0.003041,0.078027,0.0069,0.071127,-0.083676,-0.067559,-0.016117,-0.217011,-0.089636,-0.127374
6723.T,2015-07-31,4,streak_4,0.033504,0.003041,0.030463,0.045103,0.0069,0.038203,-0.08763,-0.067559,-0.020071,-0.095359,-0.089636,-0.005723
8411.T,2015-07-31,4,streak_4,-0.000373,0.003041,-0.003414,-0.014181,0.0069,-0.021081,-0.058211,-0.067559,0.009348,-0.088806,-0.089636,0.00083
4568.T,2015-07-31,4,streak_4,0.007748,0.003041,0.004707,0.066093,0.0069,0.059193,-0.083138,-0.067559,-0.015579,-0.087109,-0.089636,0.002527
3401.T,2015-07-31,3,streak_3,-0.03205,0.003041,-0.035091,-0.074785,0.0069,-0.081685,-0.166662,-0.067559,-0.099102,-0.100423,-0.089636,-0.010786
6988.T,2015-08-01,3,streak_3,-0.043232,-0.001804,-0.041428,-0.050688,0.006768,-0.057456,-0.129709,-0.082329,-0.047381,-0.091859,-0.080559,-0.0113
4507.T,2015-08-03,3,streak_3,0.051573,-0.001804,0.053377,0.053587,0.006768,0.046819,-0.037402,-0.082329,0.044927,-0.005657,-0.080559,0.074902
7202.T,2015-08-04,4,streak_4,-0.016051,-0.00135,-0.014701,0.011086,0.012681,-0.001596,-0.230524,-0.115944,-0.11458,-0.17187,-0.069676,-0.102194
6963.T,2015-08-04,4,streak_4,-0.01942,-0.00135,-0.018069,0.02635,0.012681,0.013669,-0.116505,-0.115944,-0.000562,-0.106799,-0.069676,-0.037123
5019.T,2015-08-04,2,streak_2,0.008194,-0.00135,0.009545,-0.037532,0.012681,-0.050213,-0.136271,-0.115944,-0.020328,-0.124668,-0.069676,-0.054992
1812.T,2015-08-04,3,streak_3,0.058627,-0.00135,0.059978,0.161236,0.012681,0.148555,0.076542,-0.115944,0.192486,0.047229,-0.069676,0.116904
6371.T,2015-08-04,4,streak_4,-0.028945,-0.00135,-0.027594,-0.022406,0.012681,-0.035087,-0.15593,-0.115944,-0.039987,-0.15593,-0.069676,-0.086255
4536.T,2015-08-04,2,streak_2,0.030998,-0.00135,0.032348,0.088191,0.012681,0.075509,-0.035807,-0.115944,0.080136,-0.079637,-0.069676,-0.009961
6856.T,2015-08-05,3,streak_3,0.033299,0.004566,0.028732,0.037737,0.009765,0.027972,-0.117646,-0.118173,0.000528,0.055496,-0.061147,0.116643
6976.T,2015-08-05,4,streak_4,-0.003361,0.004566,-0.007927,0.104095,0.009765,0.09433,-0.055075,-0.118173,0.063098,0.224981,-0.061147,0.286128
4188.T,2015-08-05,4,streak_4,0.00739,0.004566,0.002824,0.001945,0.009765,-0.007821,-0.152689,-0.118173,-0.034516,0.019336,-0.061147,0.080483
7832.T,2015-08-05,2,streak_2,-0.00038,0.004566,-0.004946,0.087672,0.009765,0.077907,0.008431,-0.118173,0.126604,0.016876,-0.061147,0.078023
2502.T,2015-08-05,2,streak_2,0.00628,0.004566,0.001713,0.032007,0.009765,0.022242,-0.098283,-0.118173,0.01989,-0.089513,-0.061147,-0.028366
4021.T,2015-08-05,4,streak_4,0.065951,0.004566,0.061385,0.087813,0.009765,0.078047,-0.013337,-0.118173,0.104836,0.130052,-0.061147,0.191199
8331.T,2015-08-05,4,streak_4,0.013267,0.004566,0.0087,0.036728,0.009765,0.026963,-0.142861,-0.118173,-0.024688,-0.115308,-0.061147,-0.054161
1833.T,2015-08-05,2,streak_2,0.050002,0.004566,0.045436,0.091934,0.009765,0.082168,0.030645,-0.118173,0.148818,0.006451,-0.061147,0.067598
8358.T,2015-08-05,4,streak_4,0.003707,0.004566,-0.000859,-0.004452,0.009765,-0.014218,-0.169512,-0.118173,-0.051339,-0.134274,-0.061147,-0.073127
2269.T,2015-08-05,4,streak_4,0.005108,0.004566,0.000542,0.12202,0.009765,0.112254,0.037458,-0.118173,0.155632,0.09648,-0.061147,0.157627
7947.T,2015-08-05,4,streak_4,0.006153,0.004566,0.001587,-0.009836,0.009765,-0.019601,-0.019677,-0.118173,0.098497,0.145143,-0.061147,0.20629
2587.T,2015-08-06,4,streak_4,0.0,0.002444,-0.002444,0.007408,-0.010735,0.018143,-0.118518,-0.117962,-0.000557,-0.09537,-0.047119,-0.048251
9984.T,2015-08-06,2,streak_2,0.018983,0.002444,0.016539,0.097189,-0.010735,0.107924,-0.044383,-0.117962,0.073578,-0.009629,-0.047119,0.03749
1860.T,2015-08-06,3,streak_3,-0.018604,0.002444,-0.021048,0.126901,-0.010735,0.137636,0.018627,-0.117962,0.136589,0.057532,-0.047119,0.104651
1803.T,2015-08-06,4,streak_4,-0.025532,0.002444,-0.027976,0.022006,-0.010735,0.032741,-0.009679,-0.117962,0.108283,-0.08187,-0.047119,-0.034751
7701.T,2015-08-06,4,streak_4,0.004365,0.002444,0.001921,0.073105,-0.010735,0.08384,-0.069283,-0.117962,0.048678,0.041465,-0.047119,0.088584
5711.T,2015-08-06,4,streak_4,0.020831,0.002444,0.018387,-0.004631,-0.010735,0.006104,-0.138891,-0.117962,-0.020929,-0.039353,-0.047119,0.007766
9831.T,2015-08-06,4,streak_4,0.052749,0.002444,0.050305,0.054848,-0.010735,0.065583,-0.069624,-0.117962,0.048338,0.215195,-0.047119,0.262314
6871.T,2015-08-06,3,streak_3,0.050777,0.002444,0.048333,-0.00228,-0.010735,0.008455,-0.144379,-0.117962,-0.026417,-0.037676,-0.047119,0.009443
5232.T,2015-08-06,2,streak_2,0.038962,0.002444,0.036518,0.086581,-0.010735,0.097316,0.021645,-0.117962,0.139607,0.101733,-0.047119,0.148852
1801.T,2015-08-06,4,streak_4,0.007969,0.002444,0.005525,0.088978,-0.010735,0.099713,0.057108,-0.117962,0.175069,0.031874,-0.047119,0.078993
7733.T,2015-08-06,2,streak_2,0.00307,0.002444,0.000626,0.010234,-0.010735,0.020969,-0.150461,-0.117962,-0.032499,-0.011257,-0.047119,0.035862
9766.T,2015-08-06,3,streak_3,0.043204,0.002444,0.04076,0.012173,-0.010735,0.022908,0.04713,-0.117962,0.165092,0.141395,-0.047119,0.188514
3405.T,2015-08-06,2,streak_2,0.049038,0.002444,0.046594,0.054488,-0.010735,0.065223,-0.06812,-0.117962,0.049842,0.051087,-0.047119,0.098207
8801.T,2015-08-06,2,streak_2,0.001512,0.002444,-0.000932,0.017734,-0.010735,0.028468,-0.114278,-0.117962,0.003683,-0.139988,-0.047119,-0.092869
1802.T,2015-08-06,4,streak_4,-0.032799,0.002444,-0.035243,0.035776,-0.010735,0.046511,0.021862,-0.117962,0.139823,0.041743,-0.047119,0.088863
3436.T,2015-08-06,2,streak_2,0.043991,0.002444,0.041547,0.135361,-0.010735,0.146096,-0.135361,-0.117962,-0.0174,-0.082066,-0.047119,-0.034946
1979.T,2015-08-07,3,streak_3,0.017676,0.002909,0.014767,0.015513,-0.003334,0.018847,-0.040785,-0.138996,0.098211,0.039689,-0.048062,0.087751
2815.T,2015-08-07,2,streak_2,-0.065336,0.002909,-0.068246,-0.025409,-0.003334,-0.022075,-0.15971,-0.138996,-0.020714,0.001814,-0.048062,0.049877
8830.T,2015-08-07,3,streak_3,0.002817,0.002909,-9.3e-05,0.028849,-0.003334,0.032183,-0.154721,-0.138996,-0.015725,-0.148299,-0.048062,-0.100237
1925.T,2015-08-07,2,streak_2,0.025951,0.002909,0.023042,0.036143,-0.003334,0.039477,-0.127206,-0.138996,0.01179,0.062572,-0.048062,0.110634
6841.T,2015-08-07,4,streak_4,-0.001397,0.002909,-0.004306,0.088559,-0.003334,0.091893,-0.064858,-0.138996,0.074138,0.038354,-0.048062,0.086417
5463.T,2015-08-07,2,streak_2,-0.043941,0.002909,-0.04685,0.006051,-0.003334,0.009385,-0.132739,-0.138996,0.006257,-0.031822,-0.048062,0.01624
4578.T,2015-08-07,2,streak_2,-0.002044,0.002909,-0.004953,0.002261,-0.003334,0.005594,-0.158903,-0.138996,-0.019907,-0.098224,-0.048062,-0.050162
8795.T,2015-08-10,4,streak_4,0.012049,0.004059,0.00799,-0.035871,-0.009897,-0.025974,-0.209478,-0.138198,-0.07128,-0.067036,-0.049852,-0.017183
8439.T,2015-08-10,4,streak_4,0.010706,0.004059,0.006647,-0.023777,-0.009897,-0.01388,-0.162905,-0.138198,-0.024707,0.039239,-0.049852,0.089091
1414.T,2015-08-10,4,streak_4,0.020913,0.004059,0.016854,-0.005703,-0.009897,0.004194,-0.098859,-0.138198,0.039339,-0.097905,-0.049852,-0.048052
8750.T,2015-08-10,2,streak_2,0.013659,0.004059,0.0096,-0.027881,-0.009897,-0.017984,-0.188281,-0.138198,-0.050083,-0.059587,-0.049852,-0.009735
6383.T,2015-08-11,4,streak_4,0.002126,-0.004226,0.006353,0.025609,-0.009055,0.034665,-0.130672,-0.16251,0.031838,0.041104,-0.053387,0.094492
3088.T,2015-08-11,2,streak_2,0.003199,-0.004226,0.007425,0.06071,-0.009055,0.069765,-0.214844,-0.16251,-0.052335,-0.065486,-0.053387,-0.012098
9041.T,2015-08-12,4,streak_4,-0.010917,-0.015829,0.004911,0.004368,-0.008025,0.012393,-0.045851,-0.09412,0.04827,0.041485,-0.054237,0.095723
9603.T,2015-08-28,2,streak_2,0.023517,0.03025,-0.006733,-0.053217,-0.021107,-0.03211,-0.03589,-0.063867,0.027977,-0.006962,0.073418,-0.08038
6506.T,2015-10-20,5,streak_5plus,-0.009463,0.004187,-0.013651,0.153793,0.044999,0.108793,0.265781,0.08372,0.182061,0.078871,-0.064678,0.14355
4684.T,2015-10-21,5,streak_5plus,-0.012154,0.019066,-0.031219,0.081594,0.0313,0.050293,0.09722,0.09077,0.00645,0.039934,-0.060209,0.100143
4519.T,2015-10-22,2,streak_2,-0.015363,-0.006382,-0.008982,-0.025615,0.018796,-0.04441,0.102432,0.071441,0.030991,-0.041413,-0.099458,0.058045
2413.T,2015-10-26,2,streak_2,0.041218,0.006471,0.034747,0.012017,0.013694,-0.001677,0.155856,0.054304,0.101552,0.13568,-0.094758,0.230438
6471.T,2015-10-27,4,streak_4,-0.018365,-0.008977,-0.009388,0.004233,-0.013927,0.018161,0.051551,0.052635,-0.001084,-0.131355,-0.075411,-0.055944
7205.T,2015-10-27,3,streak_3,-0.022869,-0.008977,-0.013893,-0.058212,-0.013927,-0.044285,0.039501,0.052635,-0.013135,-0.065835,-0.075411,0.009576
2327.T,2015-10-27,2,streak_2,0.031438,-0.008977,0.040415,0.153237,-0.013927,0.167164,0.147343,0.052635,0.094707,0.062477,-0.075411,0.137888
7309.T,2015-10-27,5,streak_5plus,0.012507,-0.008977,0.021483,-0.036477,-0.013927,-0.02255,-0.010422,0.052635,-0.063057,-0.005733,-0.075411,0.069678
7211.T,2015-10-27,4,streak_4,-0.013879,-0.008977,-0.004903,0.057471,-0.013927,0.071399,0.090184,0.052635,0.037548,-0.046592,-0.075411,0.028819
4063.T,2015-10-27,5,streak_5plus,-0.012946,-0.008977,-0.003969,0.008108,-0.013927,0.022035,0.002852,0.052635,-0.049784,-0.134869,-0.075411,-0.059458
8604.T,2015-10-28,5,streak_5plus,0.011037,0.006709,0.004327,-0.004381,0.007982,-0.012363,-0.042916,0.05895,-0.101865,-0.135664,-0.04856,-0.087104
4506.T,2015-10-28,2,streak_2,0.000744,0.006709,-0.005965,-0.000744,0.007982,-0.008726,0.107887,0.05895,0.048937,-0.020089,-0.04856,0.028471
9202.T,2015-10-28,2,streak_2,0.016654,0.006709,0.009945,0.000833,0.007982,-0.007148,-0.025534,0.05895,-0.084484,-0.059673,-0.04856,-0.011113
5444.T,2015-10-28,2,streak_2,0.025819,0.006709,0.019109,0.081866,0.007982,0.073884,0.095451,0.05895,0.036501,-0.105975,-0.04856,-0.057416
7974.T,2015-10-28,5,streak_5plus,-0.009684,0.006709,-0.016394,-0.153216,0.007982,-0.161197,-0.17237,0.05895,-0.23132,-0.255215,-0.04856,-0.206655
9020.T,2015-10-28,2,streak_2,-0.002197,0.006709,-0.008906,0.0022,0.007982,-0.005782,0.051476,0.05895,-0.007474,-0.003519,-0.04856,0.045041
1878.T,2015-10-29,2,streak_2,-0.014972,0.001729,-0.016702,-0.026493,0.011289,-0.037781,-0.018046,0.044673,-0.062719,0.203834,-0.060961,0.264795
2002.T,2015-10-29,3,streak_3,-0.000557,0.001729,-0.002287,0.030416,0.011289,0.019128,0.069691,0.044673,0.025018,0.132189,-0.060961,0.19315
8591.T,2015-10-29,5,streak_5plus,0.001105,0.001729,-0.000625,-0.007197,0.011289,-0.018485,-0.016879,0.044673,-0.061552,-0.021858,-0.060961,0.039102
9503.T,2015-10-29,3,streak_3,-0.014998,0.001729,-0.016727,-0.025436,0.011289,-0.036724,-0.099804,0.044673,-0.144477,-0.101761,-0.060961,-0.0408
6436.T,2015-10-29,4,streak_4,0.0,0.001729,-0.001729,0.096494,0.011289,0.085205,0.129551,0.044673,0.084879,0.064776,-0.060961,0.125736
9507.T,2015-10-29,5,streak_5plus,-0.015494,0.001729,-0.017224,-0.05036,0.011289,-0.061649,-0.146249,0.044673,-0.190921,-0.118643,-0.060961,-0.057683
3626.T,2015-10-29,2,streak_2,-0.008919,0.001729,-0.010648,0.024685,0.011289,0.013396,0.02297,0.044673,-0.021703,-0.064123,-0.060961,-0.003163
6770.T,2015-10-29,5,streak_5plus,0.015623,0.001729,0.013893,0.092328,0.011289,0.08104,0.09943,0.044673,0.054758,-0.336649,-0.060961,-0.275688
9007.T,2015-10-29,5,streak_5plus,-0.009297,0.001729,-0.011026,-0.042264,0.011289,-0.053552,0.058327,0.044673,0.013654,0.098055,-0.060961,0.159015
6752.T,2015-10-29,2,streak_2,0.005064,0.001729,0.003335,0.007962,0.011289,-0.003326,0.011944,0.044673,-0.032729,-0.184283,-0.060961,-0.123322
6758.T,2015-10-29,3,streak_3,0.009029,0.001729,0.0073,0.00146,0.011289,-0.009828,-0.075109,0.044673,-0.119781,-0.216156,-0.060961,-0.155195
7741.T,2015-10-29,2,streak_2,0.068898,0.001729,0.067168,0.102356,0.011289,0.091067,0.098395,0.044673,0.053722,0.01695,-0.060961,0.077911
5201.T,2015-10-29,2,streak_2,0.006786,0.001729,0.005057,-0.037991,0.011289,-0.049279,-0.017637,0.044673,-0.062309,-0.002092,-0.060961,0.058868
4927.T,2015-10-30,3,streak_3,0.017103,0.007784,0.009319,0.028945,0.017422,0.011523,0.130258,0.05686,0.073398,0.104381,-0.092125,0.196507
3116.T,2015-10-30,3,streak_3,0.032525,0.007784,0.024741,0.077352,0.017422,0.059931,0.062676,0.05686,0.005816,-0.102338,-0.092125,-0.010212
4005.T,2015-10-30,2,streak_2,0.011562,0.007784,0.003779,-0.021717,0.017422,-0.039138,0.066558,0.05686,0.009698,-0.198267,-0.092125,-0.106141
9021.T,2015-10-30,2,streak_2,0.014391,0.007784,0.006607,-0.031156,0.017422,-0.048578,-0.064929,0.05686,-0.121789,-0.083837,-0.092125,0.008289
4183.T,2015-10-30,2,streak_2,0.008753,0.007784,0.000969,0.070021,0.017422,0.052599,0.153171,0.05686,0.09631,-0.01532,-0.092125,0.076805
9001.T,2015-10-30,2,streak_2,0.017332,0.007784,0.009548,0.019063,0.017422,0.001642,0.039862,0.05686,-0.016998,0.02253,-0.092125,0.114655
9502.T,2015-10-30,2,streak_2,0.007546,0.007784,-0.000238,-0.021559,0.017422,-0.038981,-0.064401,0.05686,-0.121261,-0.12288,-0.092125,-0.030755
6028.T,2015-10-30,3,streak_3,-0.009116,0.007784,-0.0169,0.080558,0.017422,0.063137,0.10943,0.05686,0.05257,-0.017776,-0.092125,0.07435
4208.T,2015-10-30,3,streak_3,0.0,0.007784,-0.007784,-0.027448,0.017422,-0.04487,0.043136,0.05686,-0.013724,-0.15294,-0.092125,-0.060814
4689.T,2015-10-30,5,streak_5plus,0.019795,0.007784,0.012011,-0.031686,0.017422,-0.049108,0.029681,0.05686,-0.027179,-0.061391,-0.092125,0.030734
9008.T,2015-10-30,2,streak_2,0.029136,0.007784,0.021353,-0.004163,0.017422,-0.021584,0.056192,0.05686,-0.000668,0.130072,-0.092125,0.222197
6988.T,2015-10-30,4,streak_4,-0.002292,0.007784,-0.010076,0.090666,0.017422,0.073244,0.095003,0.05686,0.038143,-0.190134,-0.092125,-0.098008
9766.T,2015-10-30,4,streak_4,0.026043,0.007784,0.018259,0.059154,0.017422,0.041732,0.085567,0.05686,0.028706,0.053943,-0.092125,0.146069
8697.T,2015-10-30,5,streak_5plus,0.016037,0.007784,0.008253,-0.034145,0.017422,-0.051567,0.005684,0.05686,-0.051176,-0.094152,-0.092125,-0.002027
4523.T,2015-10-30,4,streak_4,0.028247,0.007784,0.020463,0.020544,0.017422,0.003123,0.088525,0.05686,0.031665,0.059603,-0.092125,0.151729
9042.T,2015-10-30,4,streak_4,0.031292,0.007784,0.023509,0.009127,0.017422,-0.008295,0.033898,0.05686,-0.022962,-0.006518,-0.092125,0.085608
9449.T,2015-10-30,4,streak_4,-0.013738,0.007784,-0.021522,-0.020604,0.017422,-0.038025,0.080137,0.05686,0.023276,-0.123641,-0.092125,-0.031516
9783.T,2015-10-30,3,streak_3,0.003083,0.007784,-0.004701,0.003083,0.017422,-0.014339,-0.027735,0.05686,-0.084595,0.024653,-0.092125,0.116778
8802.T,2015-10-30,5,streak_5plus,0.013804,0.007784,0.00602,-0.019831,0.017422,-0.037253,0.023528,0.05686,-0.033332,-0.082055,-0.092125,0.010071
9508.T,2015-10-30,2,streak_2,0.010323,0.007784,0.00254,-0.011704,0.017422,-0.029126,-0.082586,0.05686,-0.139446,-0.129386,-0.092125,-0.03726
6981.T,2015-10-30,5,streak_5plus,0.03181,0.007784,0.024027,0.134368,0.017422,0.116947,0.171222,0.05686,0.114362,-0.129014,-0.092125,-0.036888
9719.T,2015-10-30,2,streak_2,0.032153,0.007784,0.02437,0.032153,0.017422,0.014732,0.076495,0.05686,0.019635,0.161857,-0.092125,0.253983
9513.T,2015-10-30,2,streak_2,-0.006202,0.007784,-0.013986,0.033499,0.017422,0.016078,0.006206,0.05686,-0.050655,0.022333,-0.092125,0.114458
6723.T,2015-10-30,5,streak_5plus,-0.006344,0.007784,-0.014128,-0.101647,0.017422,-0.119068,0.086405,0.05686,0.029545,-0.019058,-0.092125,0.073067
4568.T,2015-10-30,5,streak_5plus,0.021855,0.007784,0.014071,0.03149,0.017422,0.014068,0.094485,0.05686,0.037624,0.05206,-0.092125,0.144185
7951.T,2015-10-30,4,streak_4,0.02716,0.007784,0.019376,0.04754,0.017422,0.030118,0.057723,0.05686,0.000863,-0.055006,-0.092125,0.037119
4062.T,2015-10-31,5,streak_5plus,0.079262,-0.020954,0.100216,0.12753,0.029326,0.098203,0.140047,0.044806,0.095242,-0.075684,-0.106802,0.031118
2503.T,2015-10-31,2,streak_2,-0.050259,-0.020954,-0.029306,-0.025566,0.029326,-0.054893,0.012496,0.044806,-0.03231,-0.023858,-0.106802,0.082944
3401.T,2015-11-02,4,streak_4,-0.02093,-0.020954,2.3e-05,-0.034888,0.029326,-0.064215,0.027903,0.044806,-0.016902,-0.062791,-0.106802,0.04401
7201.T,2015-11-02,2,streak_2,-0.020916,-0.020954,3.8e-05,0.014611,0.029326,-0.014716,0.015009,0.044806,-0.029797,-0.123568,-0.106802,-0.016766
2587.T,2015-11-04,5,streak_5plus,0.003147,0.013042,-0.009896,0.018869,0.052883,-0.034013,0.041931,0.067261,-0.02533,0.139631,-0.09975,0.239381
4536.T,2015-11-04,3,streak_3,0.020126,0.013042,0.007083,0.092076,0.052883,0.039193,0.23354,0.067261,0.166278,0.12744,-0.09975,0.22719
6841.T,2015-11-04,5,streak_5plus,0.006811,0.013042,-0.006232,0.126327,0.052883,0.073444,0.164142,0.067261,0.096881,-0.019665,-0.09975,0.080084
6367.T,2015-11-05,2,streak_2,0.004851,0.010012,-0.005162,0.096758,0.040391,0.056367,0.11565,0.030516,0.085134,-0.016084,-0.101581,0.085497
4021.T,2015-11-05,5,streak_5plus,0.010173,0.010012,0.000161,0.089833,0.040391,0.049442,0.001017,0.030516,-0.029499,-0.056268,-0.101581,0.045313
6976.T,2015-11-05,5,streak_5plus,0.016657,0.010012,0.006645,0.098224,0.040391,0.057832,0.109709,0.030516,0.079193,-0.266514,-0.101581,-0.164934
5110.T,2015-11-05,2,streak_2,0.01823,0.010012,0.008218,-0.019335,0.040391,-0.059726,-0.080662,0.030516,-0.111178,-0.181819,-0.101581,-0.080238
4188.T,2015-11-05,5,streak_5plus,0.033352,0.010012,0.02334,0.072745,0.040391,0.032354,0.066819,0.030516,0.036303,-0.119119,-0.101581,-0.017539
7832.T,2015-11-05,3,streak_3,0.04217,0.010012,0.032157,-0.011983,0.040391,-0.052374,-0.057928,0.030516,-0.088444,-0.084669,-0.101581,0.016912
6963.T,2015-11-05,5,streak_5plus,0.03704,0.010012,0.027028,0.07408,0.040391,0.033689,0.08535,0.030516,0.054834,-0.202892,-0.101581,-0.101311
2371.T,2015-11-05,2,streak_2,0.002314,0.010012,-0.007698,-0.012492,0.040391,-0.052883,0.043501,0.030516,0.012986,0.010183,-0.101581,0.111764
9433.T,2015-11-05,2,streak_2,0.011931,0.010012,0.001919,0.067962,0.040391,0.027571,0.052395,0.030516,0.021879,0.106693,-0.101581,0.208273
9404.T,2015-11-05,3,streak_3,0.007126,0.010012,-0.002887,0.038495,0.040391,-0.001897,0.067015,0.030516,0.036499,0.087454,-0.101581,0.189034
7947.T,2015-11-05,5,streak_5plus,-0.010278,0.010012,-0.02029,-0.015414,0.040391,-0.055805,-0.054469,0.030516,-0.084985,0.021582,-0.101581,0.123163
6703.T,2015-11-05,2,streak_2,0.0,0.010012,-0.010012,-0.087714,0.040391,-0.128106,-0.07602,0.030516,-0.106536,-0.163742,-0.101581,-0.062162
5232.T,2015-11-05,3,streak_3,0.030568,0.010012,0.020556,0.122273,0.040391,0.081881,-0.019648,0.030516,-0.050164,-0.021831,-0.101581,0.079749
7261.T,2015-11-05,2,streak_2,-0.006797,0.010012,-0.01681,0.054607,0.040391,0.014216,0.058111,0.030516,0.027596,-0.232434,-0.101581,-0.130854
8056.T,2015-11-05,2,streak_2,0.002276,0.010012,-0.007737,0.058294,0.040391,0.017902,0.011359,0.030516,-0.019157,0.036334,-0.101581,0.137915
4912.T,2015-11-05,2,streak_2,0.002575,0.010012,-0.007437,0.021426,0.040391,-0.018965,0.046273,0.030516,0.015757,-0.089368,-0.101581,0.012213
6856.T,2015-11-06,4,streak_4,0.019294,0.007804,0.01149,-0.017149,0.030412,-0.047561,-0.031081,0.030431,-0.061513,-0.200751,-0.158553,-0.042198
7701.T,2015-11-06,5,streak_5plus,0.010624,0.007804,0.002819,0.0,0.030412,-0.030412,0.071163,0.030431,0.040732,-0.128519,-0.158553,0.030034
8804.T,2015-11-06,4,streak_4,0.008476,0.007804,0.000672,0.066342,0.030412,0.035931,0.026821,0.030431,-0.00361,-0.195128,-0.158553,-0.036574
7731.T,2015-11-06,2,streak_2,0.011899,0.007804,0.004095,0.050748,0.030412,0.020337,0.017542,0.030431,-0.012889,0.065784,-0.158553,0.224337
1925.T,2015-11-06,3,streak_3,0.080935,0.007804,0.07313,0.136457,0.030412,0.106045,0.141135,0.030431,0.110704,0.048497,-0.158553,0.207051
7733.T,2015-11-06,3,streak_3,-0.001209,0.007804,-0.009013,0.155979,0.030412,0.125567,0.181378,0.030431,0.150946,-0.010881,-0.158553,0.147673
8801.T,2015-11-06,3,streak_3,0.010871,0.007804,0.003067,0.036452,0.030412,0.006041,0.000636,0.030431,-0.029795,-0.194428,-0.158553,-0.035875
6273.T,2015-11-09,2,streak_2,0.018772,0.019576,-0.000804,0.032453,0.017197,0.015256,0.038816,0.011783,0.027034,-0.19965,-0.184381,-0.015269
1803.T,2015-11-09,5,streak_5plus,0.053527,0.019576,0.033951,0.081816,0.017197,0.064619,0.019187,0.011783,0.007404,-0.123229,-0.184381,0.061152
3099.T,2015-11-09,3,streak_3,-0.017343,0.019576,-0.036919,-0.054509,0.017197,-0.071706,-0.114469,0.011783,-0.126251,-0.374629,-0.184381,-0.190248
7729.T,2015-11-09,4,streak_4,0.014806,0.019576,-0.004769,0.016976,0.017197,-0.000221,0.020225,0.011783,0.008442,-0.224267,-0.184381,-0.039886
8439.T,2015-11-09,5,streak_5plus,0.05168,0.019576,0.032104,0.030036,0.017197,0.012839,-0.009626,0.011783,-0.021409,-0.081742,-0.184381,0.102639
1801.T,2015-11-09,5,streak_5plus,0.026419,0.019576,0.006844,0.027742,0.017197,0.010545,0.043593,0.011783,0.03181,-0.030383,-0.184381,0.153998
9989.T,2015-11-09,2,streak_2,0.019315,0.019576,-0.000261,0.120356,0.017197,0.103159,0.18425,0.011783,0.172467,0.050519,-0.184381,0.2349
5463.T,2015-11-09,3,streak_3,0.007958,0.019576,-0.011617,0.025432,0.017197,0.008235,0.090621,0.011783,0.078839,-0.00955,-0.184381,0.174831
8331.T,2015-11-09,5,streak_5plus,0.014996,0.019576,-0.00458,0.010371,0.017197,-0.006826,-0.044987,0.011783,-0.05677,-0.405992,-0.184381,-0.221611
8358.T,2015-11-10,5,streak_5plus,0.00459,0.001452,0.003138,0.023786,-0.012679,0.036465,0.020864,-0.017394,0.038258,-0.27087,-0.238772,-0.032098
1802.T,2015-11-10,5,streak_5plus,0.023856,0.001452,0.022404,0.062983,-0.012679,0.075662,0.067755,-0.017394,0.085149,-0.048656,-0.238772,0.190115
1979.T,2015-11-10,4,streak_4,-0.021401,0.001452,-0.022853,-0.02106,-0.012679,-0.008381,-0.01732,-0.017394,7.5e-05,-0.13383,-0.238772,0.104941
8830.T,2015-11-10,4,streak_4,0.008539,0.001452,0.007087,0.014412,-0.012679,0.027091,-0.011476,-0.017394,0.005919,-0.286228,-0.238772,-0.047456
5711.T,2015-11-10,5,streak_5plus,-0.012049,0.001452,-0.013501,-0.016867,-0.012679,-0.004188,-0.00241,-0.017394,0.014984,-0.327712,-0.238772,-0.08894
3402.T,2015-11-10,2,streak_2,-0.005468,0.001452,-0.00692,0.013203,-0.012679,0.025882,-0.018671,-0.017394,-0.001277,-0.20455,-0.238772,0.034222
7240.T,2015-11-10,2,streak_2,-0.025531,0.001452,-0.026983,0.058921,-0.012679,0.0716,0.034373,-0.017394,0.051767,-0.462519,-0.238772,-0.223747
7762.T,2015-11-10,2,streak_2,0.005237,0.001452,0.003785,-0.046173,-0.012679,-0.033494,-0.079749,-0.017394,-0.062354,-0.343129,-0.238772,-0.104357
1833.T,2015-11-10,3,streak_3,-0.001568,0.001452,-0.00302,0.007837,-0.012679,0.020516,0.031349,-0.017394,0.048743,-0.164575,-0.238772,0.074197
6383.T,2015-11-10,5,streak_5plus,0.023256,0.001452,0.021804,0.037865,-0.012679,0.050544,0.093564,-0.017394,0.110958,-0.090862,-0.238772,0.14791
1812.T,2015-11-10,4,streak_4,0.002933,0.001452,0.001482,0.011734,-0.012679,0.024413,0.038125,-0.017394,0.055519,-0.077711,-0.238772,0.161061
1414.T,2015-11-10,5,streak_5plus,-0.003074,0.001452,-0.004526,0.003079,-0.012679,0.015758,-0.032818,-0.017394,-0.015424,-0.262027,-0.238772,-0.023255
4118.T,2015-11-10,2,streak_2,-0.01317,0.001452,-0.014621,0.030105,-0.012679,0.042784,0.133585,-0.017394,0.150979,-0.237064,-0.238772,0.001708
5713.T,2015-11-10,2,streak_2,-0.015191,0.001452,-0.016643,-0.115588,-0.012679,-0.102909,-0.095445,-0.017394,-0.078051,-0.31506,-0.238772,-0.076288
2269.T,2015-11-10,5,streak_5plus,-0.004136,0.001452,-0.005588,0.034127,-0.012679,0.046806,0.007239,-0.017394,0.024633,-0.088934,-0.238772,0.149837
5233.T,2015-11-10,2,streak_2,-0.012565,0.001452,-0.014017,0.0201,-0.012679,0.032779,-0.092965,-0.017394,-0.07557,-0.447237,-0.238772,-0.208465
9041.T,2015-11-11,5,streak_5plus,0.004238,0.001023,0.003215,0.006357,-0.002065,0.008423,-0.010593,-0.031758,0.021164,0.044493,-0.185483,0.229976
1963.T,2015-11-11,2,streak_2,0.023854,0.001023,0.022831,0.038069,-0.002065,0.040135,-0.041626,-0.031758,-0.009869,-0.120816,-0.185483,0.064667
3405.T,2015-11-11,3,streak_3,0.005875,0.001023,0.004851,0.028713,-0.002065,0.030778,-0.007839,-0.031758,0.023919,-0.159154,-0.185483,0.026329
1860.T,2015-11-12,4,streak_4,0.060415,0.000324,0.060091,0.111303,-0.002144,0.113446,0.05882,-0.023407,0.082226,-0.220989,-0.184698,-0.036291
8304.T,2015-11-12,5,streak_5plus,-0.013483,0.000324,-0.013807,-0.026966,-0.002144,-0.024823,-0.042694,-0.023407,-0.019287,-0.19101,-0.184698,-0.006312
3197.T,2015-11-12,2,streak_2,0.020745,0.000324,0.020421,-0.012205,-0.002144,-0.010062,0.00122,-0.023407,0.024627,-0.065879,-0.184698,0.118819
3088.T,2015-11-12,3,streak_3,0.008619,0.000324,0.008295,0.079297,-0.002144,0.081441,0.039643,-0.023407,0.063049,-0.125869,-0.184698,0.058829
2897.T,2015-11-12,2,streak_2,0.032143,0.000324,0.03182,0.150001,-0.002144,0.152144,0.108935,-0.023407,0.132342,-0.051782,-0.184698,0.132916
8309.T,2015-11-12,2,streak_2,-0.012748,0.000324,-0.013072,-0.03481,-0.002144,-0.032667,-0.073059,-0.023407,-0.049652,-0.330091,-0.184698,-0.145393
3659.T,2015-11-13,2,streak_2,-0.011975,-0.00512,-0.006855,0.129432,0.008226,0.121205,0.160584,-0.041342,0.201926,-0.055016,-0.196033,0.141017
8306.T,2015-11-13,2,streak_2,0.015065,-0.00512,0.020185,0.022651,0.008226,0.014424,-0.066838,-0.041342,-0.025495,-0.401326,-0.196033,-0.205293
2267.T,2015-11-13,2,streak_2,-0.008877,-0.00512,-0.003757,-0.063611,0.008226,-0.071837,-0.102072,-0.041342,-0.06073,-0.198227,-0.196033,-0.002194
4578.T,2015-11-13,3,streak_3,0.023605,-0.00512,0.028726,0.00763,0.008226,-0.000596,0.01812,-0.041342,0.059462,-0.050047,-0.196033,0.145985
9435.T,2015-11-13,2,streak_2,-0.05131,-0.00512,-0.04619,-0.042577,0.008226,-0.050803,-0.096071,-0.041342,-0.054729,-0.155022,-0.196033,0.041011
8411.T,2015-11-13,5,streak_5plus,-0.000777,-0.00512,0.004343,0.012833,0.008226,0.004607,-0.060291,-0.041342,-0.018948,-0.343834,-0.196033,-0.147801
9603.T,2015-12-04,3,streak_3,-0.00885,-0.021837,0.012986,-0.034134,-0.044802,0.010669,-0.016433,-0.087693,0.071259,-0.216183,-0.158313,-0.057869
4666.T,2015-12-15,2,streak_2,-0.000776,-0.016815,0.016039,0.09621,0.001726,0.094484,0.128282,-0.102092,0.230374,0.101232,-0.103108,0.204341
6506.T,2016-01-20,6,streak_5plus,-0.055559,-0.037082,-0.018478,-0.093967,-0.019912,-0.074055,-0.103573,-0.04995,-0.053622,-0.093182,-0.010202,-0.08298
2413.T,2016-01-26,3,streak_3,0.006595,-0.023494,0.03009,0.254286,0.044084,0.210202,0.181256,-0.069846,0.251101,0.264115,0.019192,0.244923
9507.T,2016-01-27,6,streak_5plus,0.040744,0.027232,0.013511,0.09047,0.062349,0.028121,-0.01079,-0.034027,0.023237,-0.125475,0.038565,-0.16404
4506.T,2016-01-27,3,streak_3,0.017054,0.027232,-0.010178,0.041085,0.062349,-0.021263,-0.017829,-0.034027,0.016198,0.161371,0.038565,0.122806
4519.T,2016-01-28,3,streak_3,0.003952,-0.007135,0.011088,-0.01581,0.001592,-0.017402,-0.110668,-0.056835,-0.053833,0.017133,0.007374,0.009759
8309.T,2016-01-28,3,streak_3,-0.013721,-0.007135,-0.006585,-0.141516,0.001592,-0.143108,-0.158289,-0.056835,-0.101454,-0.030972,0.007374,-0.038347
7276.T,2016-01-28,2,streak_2,0.011613,-0.007135,0.018748,0.129884,0.001592,0.128292,0.052797,-0.056835,0.109632,0.072801,0.007374,0.065427
9505.T,2016-01-28,2,streak_2,0.004225,-0.007135,0.011361,0.055523,0.001592,0.053931,0.038022,-0.056835,0.094857,-0.066215,0.007374,-0.073589
4063.T,2016-01-28,6,streak_5plus,-0.011688,-0.007135,-0.004552,-0.034368,0.001592,-0.03596,-0.007681,-0.056835,0.049154,0.097656,0.007374,0.090282
9719.T,2016-01-28,3,streak_3,0.068851,-0.007135,0.075986,0.145351,0.001592,0.143759,-0.049178,-0.056835,0.007657,-0.101193,0.007374,-0.108567
4661.T,2016-01-28,2,streak_2,-0.013432,-0.007135,-0.006297,0.098755,0.001592,0.097162,0.090029,-0.056835,0.146864,0.0742,0.007374,0.066826
6103.T,2016-01-29,2,streak_2,0.015788,0.027982,-0.012194,-0.105975,0.000208,-0.106183,-0.093574,-0.059542,-0.034031,0.004418,-0.022029,0.026446
6925.T,2016-01-29,2,streak_2,0.018416,0.027982,-0.009565,0.089474,0.000208,0.089267,0.02105,-0.059542,0.080592,0.01288,-0.022029,0.034908
2327.T,2016-01-29,3,streak_3,0.051324,0.027982,0.023342,-0.129475,0.000208,-0.129683,-0.185455,-0.059542,-0.125913,-0.244361,-0.022029,-0.222332
2206.T,2016-01-29,2,streak_2,0.031545,0.027982,0.003563,0.022081,0.000208,0.021873,-0.048897,-0.059542,0.010646,-0.115313,-0.022029,-0.093284
9020.T,2016-01-29,3,streak_3,0.059788,0.027982,0.031806,0.063165,0.000208,0.062957,-0.04378,-0.059542,0.015763,-0.046503,-0.022029,-0.024474
8697.T,2016-01-29,6,streak_5plus,0.026176,0.027982,-0.001805,0.050522,0.000208,0.050314,0.065743,-0.059542,0.125286,0.020094,-0.022029,0.042123
4922.T,2016-01-29,2,streak_2,0.058485,0.027982,0.030503,-0.040268,0.000208,-0.040476,-0.069032,-0.059542,-0.009489,-0.011263,-0.022029,0.010766
5444.T,2016-01-29,3,streak_3,-0.052683,0.027982,-0.080665,-0.156711,0.000208,-0.156919,-0.218118,-0.059542,-0.158575,-0.123433,-0.022029,-0.101405
3231.T,2016-01-29,2,streak_2,0.076625,0.027982,0.048643,0.080721,0.000208,0.080514,0.039099,-0.059542,0.098641,0.055594,-0.022029,0.077623
8304.T,2016-01-29,6,streak_5plus,0.002501,0.027982,-0.025481,-0.0725,0.000208,-0.072707,-0.082498,-0.059542,-0.022956,-0.008619,-0.022029,0.013409
6758.T,2016-01-29,4,streak_4,0.060972,0.027982,0.03299,0.10196,0.000208,0.101752,0.003788,-0.059542,0.063331,0.188722,-0.022029,0.210751
8035.T,2016-01-29,2,streak_2,0.035321,0.027982,0.007339,-0.04585,0.000208,-0.046057,-0.056097,-0.059542,0.003446,0.042579,-0.022029,0.064608
4568.T,2016-01-29,6,streak_5plus,-0.003011,0.027982,-0.030993,-0.033752,0.000208,-0.03396,-0.053443,-0.059542,0.006099,0.057519,-0.022029,0.079547
4503.T,2016-01-29,2,streak_2,0.013512,0.027982,-0.01447,0.018733,0.000208,0.018525,-0.002462,-0.059542,0.05708,-0.070904,-0.022029,-0.048875
6981.T,2016-01-29,6,streak_5plus,0.005507,0.027982,-0.022475,0.049192,0.000208,0.048984,-0.004032,-0.059542,0.055511,0.094736,-0.022029,0.116765
8411.T,2016-01-30,6,streak_5plus,-0.058795,0.019804,-0.078598,-0.117103,-0.039885,-0.077219,-0.184153,-0.081788,-0.102365,-0.191416,-0.078256,-0.113159
3401.T,2016-02-01,5,streak_5plus,-0.004587,0.019804,-0.02439,-0.094039,-0.039885,-0.054155,-0.151374,-0.081788,-0.069586,-0.110188,-0.078256,-0.031931
8306.T,2016-02-01,3,streak_3,-0.054651,0.019804,-0.074455,-0.116838,-0.039885,-0.076954,-0.207418,-0.081788,-0.12563,-0.158644,-0.078256,-0.080388
4528.T,2016-02-02,2,streak_2,0.041872,-0.006412,0.048284,0.013052,-0.04819,0.061242,0.092116,-0.062618,0.154734,0.227399,-0.098432,0.325831
4536.T,2016-02-02,4,streak_4,0.022031,-0.006412,0.028443,-0.063593,-0.04819,-0.015403,-0.106658,-0.062618,-0.04404,-0.210245,-0.098432,-0.111813
4208.T,2016-02-02,4,streak_4,-0.029409,-0.006412,-0.022997,-0.067228,-0.04819,-0.019038,-0.151258,-0.062618,-0.08864,-0.125298,-0.098432,-0.026866
6841.T,2016-02-02,6,streak_5plus,-0.014241,-0.006412,-0.007829,-0.01349,-0.04819,0.0347,-0.169416,-0.062618,-0.106798,-0.130765,-0.098432,-0.032334
3626.T,2016-02-02,3,streak_3,0.009998,-0.006412,0.01641,0.041084,-0.04819,0.089274,0.003701,-0.062618,0.066319,-0.059821,-0.098432,0.038611
7974.T,2016-02-02,6,streak_5plus,-0.007514,-0.006412,-0.001102,0.003465,-0.04819,0.051655,-0.078881,-0.062618,-0.016264,-0.127553,-0.098432,-0.029121
4689.T,2016-02-02,6,streak_5plus,0.008602,-0.006412,0.015014,0.002131,-0.04819,0.050322,-0.010785,-0.062618,0.051833,0.060601,-0.098432,0.159033
9008.T,2016-02-02,3,streak_3,0.012951,-0.006412,0.019363,0.0111,-0.04819,0.05929,-0.021278,-0.062618,0.04134,-0.149725,-0.098432,-0.051293
4523.T,2016-02-02,5,streak_5plus,0.072129,-0.006412,0.078541,0.087575,-0.04819,0.135765,0.003863,-0.062618,0.06648,-0.08198,-0.098432,0.016452
4042.T,2016-02-02,2,streak_2,-0.118359,-0.006412,-0.111947,-0.193834,-0.04819,-0.145644,-0.222986,-0.062618,-0.160369,-0.159393,-0.098432,-0.060961
3941.T,2016-02-02,2,streak_2,-0.02681,-0.006412,-0.020398,0.180096,-0.04819,0.228286,0.109212,-0.062618,0.171829,0.118855,-0.098432,0.217287
4021.T,2016-02-03,6,streak_5plus,-0.031157,-0.031516,0.000359,-0.037024,-0.093813,0.056789,-0.020529,-0.044535,0.024005,0.055626,-0.086456,0.142082
8056.T,2016-02-03,3,streak_3,-0.017994,-0.031516,0.013522,0.023473,-0.093813,0.117286,0.09937,-0.044535,0.143904,0.041312,-0.086456,0.127768
4005.T,2016-02-03,3,streak_3,-0.046468,-0.031516,-0.014952,-0.125652,-0.093813,-0.031839,-0.111876,-0.044535,-0.067342,-0.165798,-0.086456,-0.079342
4202.T,2016-02-03,2,streak_2,-0.042902,-0.031516,-0.011386,-0.07551,-0.093813,0.018302,-0.16304,-0.044535,-0.118505,-0.258417,-0.086456,-0.171961
6436.T,2016-02-03,5,streak_5plus,-0.047528,-0.031516,-0.016012,0.0,-0.093813,0.093813,0.051969,-0.044535,0.096504,0.152367,-0.086456,0.238823
4452.T,2016-02-03,2,streak_2,-0.025458,-0.031516,0.006058,-0.085531,-0.093813,0.008281,-0.095312,-0.044535,-0.050778,-0.075908,-0.086456,0.010548
2371.T,2016-02-03,3,streak_3,-0.005065,-0.031516,0.026451,-0.12827,-0.093813,-0.034457,-0.09789,-0.044535,-0.053355,-0.142195,-0.086456,-0.055739
6976.T,2016-02-03,6,streak_5plus,-0.038601,-0.031516,-0.007085,-0.169823,-0.093813,-0.07601,-0.112989,-0.044535,-0.068454,-0.2745,-0.086456,-0.188045
4581.T,2016-02-03,2,streak_2,0.023612,-0.031516,0.055128,-0.048407,-0.093813,0.045406,0.100354,-0.044535,0.144888,0.071898,-0.086456,0.158354
4543.T,2016-02-04,2,streak_2,-0.013045,-0.008508,-0.004537,-0.00391,-0.085966,0.082056,0.035203,-0.010265,0.045468,0.113577,-0.036417,0.149994
8331.T,2016-02-04,6,streak_5plus,-0.033698,-0.008508,-0.025191,-0.173345,-0.085966,-0.087379,-0.085079,-0.010265,-0.074814,-0.118799,-0.036417,-0.082381
4062.T,2016-02-04,6,streak_5plus,-0.015235,-0.008508,-0.006727,-0.199362,-0.085966,-0.113396,-0.052062,-0.010265,-0.041797,-0.148873,-0.036417,-0.112456
5741.T,2016-02-04,2,streak_2,-0.021285,-0.008508,-0.012777,-0.11916,-0.085966,-0.033194,0.123382,-0.010265,0.133647,-0.035639,-0.036417,0.000778
7270.T,2016-02-04,2,streak_2,-0.035284,-0.008508,-0.026776,-0.168591,-0.085966,-0.082625,-0.120889,-0.010265,-0.110624,-0.169995,-0.036417,-0.133578
1605.T,2016-02-04,2,streak_2,0.029033,-0.008508,0.037541,-0.047219,-0.085966,0.038747,-0.013819,-0.010265,-0.003554,-0.153012,-0.036417,-0.116594
6028.T,2016-02-04,4,streak_4,-0.014125,-0.008508,-0.005617,-0.112723,-0.085966,-0.026757,0.004712,-0.010265,0.014977,-0.003137,-0.036417,0.03328
7731.T,2016-02-04,3,streak_3,-0.02246,-0.008508,-0.013953,-0.061197,-0.085966,0.024769,0.002247,-0.010265,0.012512,-0.117506,-0.036417,-0.081088
9404.T,2016-02-04,4,streak_4,-0.017103,-0.008508,-0.008595,-0.100811,-0.085966,-0.014845,-0.136815,-0.010265,-0.126549,-0.169707,-0.036417,-0.13329
7947.T,2016-02-04,6,streak_5plus,0.026135,-0.008508,0.034643,0.056818,-0.085966,0.142784,0.0,-0.010265,0.010265,0.110482,-0.036417,0.1469
8802.T,2016-02-04,6,streak_5plus,-0.012495,-0.008508,-0.003988,-0.115438,-0.085966,-0.029472,-0.069896,-0.010265,-0.059631,-0.085287,-0.036417,-0.04887
8001.T,2016-02-04,2,streak_2,0.002621,-0.008508,0.011128,-0.046891,-0.085966,0.039075,0.100521,-0.010265,0.110786,0.055034,-0.036417,0.091451
7951.T,2016-02-04,5,streak_5plus,-0.039531,-0.008508,-0.031023,0.052457,-0.085966,0.138423,0.155234,-0.010265,0.165499,0.137431,-0.036417,0.173848
9783.T,2016-02-05,4,streak_4,0.0,-0.013224,0.013224,0.0015,-0.122756,0.124256,0.052474,-0.007842,0.060316,-0.258017,-0.027338,-0.230679
1332.T,2016-02-05,3,streak_3,-0.008391,-0.013224,0.004833,-0.125841,-0.122756,-0.003085,-0.098987,-0.007842,-0.091144,0.061074,-0.027338,0.088412
9449.T,2016-02-08,5,streak_5plus,-0.008459,0.010982,-0.01944,-0.179825,-0.047386,-0.132439,-0.021151,-0.002167,-0.018984,-0.038109,-0.0103,-0.027808
3289.T,2016-02-08,2,streak_2,0.014138,0.010982,0.003156,-0.070729,-0.047386,-0.023343,0.090515,-0.002167,0.092681,0.055889,-0.0103,0.066189
7735.T,2016-02-08,2,streak_2,0.010564,0.010982,-0.000418,-0.037557,-0.047386,0.009829,0.025826,-0.002167,0.027992,0.125424,-0.0103,0.135724
8804.T,2016-02-08,5,streak_5plus,0.014783,0.010982,0.003801,-0.019998,-0.047386,0.027388,0.227822,-0.002167,0.229989,0.206952,-0.0103,0.217252
4118.T,2016-02-08,3,streak_3,0.00831,0.010982,-0.002672,-0.198521,-0.047386,-0.151135,-0.194829,-0.002167,-0.192663,-0.142504,-0.0103,-0.132203
6367.T,2016-02-09,3,streak_3,-0.058899,-0.054037,-0.004862,-0.002594,-0.055861,0.053266,0.028672,-0.021295,0.049966,0.187842,-0.03482,0.222662
1802.T,2016-02-09,6,streak_5plus,-0.012055,-0.054037,0.041982,-0.039886,-0.055861,0.015975,-0.023192,-0.021295,-0.001898,0.006977,-0.03482,0.041797
1801.T,2016-02-09,6,streak_5plus,-0.009345,-0.054037,0.044692,-0.013351,-0.055861,0.04251,-0.07076,-0.021295,-0.049465,0.040492,-0.03482,0.075312
6723.T,2016-02-09,6,streak_5plus,-0.082783,-0.054037,-0.028746,-0.134029,-0.055861,-0.078169,-0.090664,-0.021295,-0.06937,-0.224707,-0.03482,-0.189887
9433.T,2016-02-09,3,streak_3,-0.039066,-0.054037,0.014971,-0.084995,-0.055861,-0.029134,-0.077336,-0.021295,-0.056041,0.054851,-0.03482,0.089671
4911.T,2016-02-09,2,streak_2,-0.084763,-0.054037,-0.030726,-0.016306,-0.055861,0.039555,0.042491,-0.021295,0.063786,0.051717,-0.03482,0.086537
7701.T,2016-02-09,6,streak_5plus,-0.083238,-0.054037,-0.029201,0.00447,-0.055861,0.060331,-0.049717,-0.021295,-0.028423,-0.013868,-0.03482,0.020952
6856.T,2016-02-09,5,streak_5plus,-0.080847,-0.054037,-0.02681,-0.103234,-0.055861,-0.047374,-0.003731,-0.021295,0.017564,0.078358,-0.03482,0.113178
1803.T,2016-02-09,6,streak_5plus,-0.038884,-0.054037,0.015153,-0.048601,-0.055861,0.00726,-0.019435,-0.021295,0.00186,0.085625,-0.03482,0.120445
8358.T,2016-02-09,6,streak_5plus,-0.035755,-0.054037,0.018282,0.020046,-0.055861,0.075906,0.014626,-0.021295,0.035921,0.151861,-0.03482,0.186681
1812.T,2016-02-09,5,streak_5plus,-0.02464,-0.054037,0.029397,-0.026095,-0.055861,0.029766,-0.046381,-0.021295,-0.025086,0.015588,-0.03482,0.050408
8830.T,2016-02-09,5,streak_5plus,-0.063446,-0.054037,-0.009409,-0.034946,-0.055861,0.020915,0.035427,-0.021295,0.056721,-0.027022,-0.03482,0.007799
7729.T,2016-02-09,5,streak_5plus,-0.059363,-0.054037,-0.005326,-0.117475,-0.055861,-0.061615,-0.118731,-0.021295,-0.097436,0.015845,-0.03482,0.050665
5711.T,2016-02-09,6,streak_5plus,-0.056177,-0.054037,-0.00214,-0.148876,-0.055861,-0.093015,-0.050561,-0.021295,-0.029266,-0.110154,-0.03482,-0.075334
7832.T,2016-02-09,4,streak_4,-0.06741,-0.054037,-0.013373,-0.146072,-0.055861,-0.090211,-0.128842,-0.021295,-0.107547,-0.068171,-0.03482,-0.033351
6273.T,2016-02-09,3,streak_3,-0.06478,-0.054037,-0.010743,0.086506,-0.055861,0.142367,0.080127,-0.021295,0.101422,0.050064,-0.03482,0.084884
1833.T,2016-02-09,4,streak_4,-0.037341,-0.054037,0.016695,-0.074678,-0.055861,-0.018817,-0.043834,-0.021295,-0.022539,0.002139,-0.03482,0.036959
3402.T,2016-02-09,3,streak_3,-0.050389,-0.054037,0.003648,-0.047848,-0.055861,0.008013,-0.068579,-0.021295,-0.047284,-0.033415,-0.03482,0.001405
9041.T,2016-02-09,6,streak_5plus,-0.033464,-0.054037,0.020573,-0.05315,-0.055861,0.002711,-0.086614,-0.021295,-0.065319,-0.128499,-0.03482,-0.093679
4912.T,2016-02-10,3,streak_3,-0.025031,-0.02313,-0.001902,0.149148,-0.015485,0.164633,0.187187,0.047677,0.13951,0.613602,0.023684,0.589918
9005.T,2016-02-10,2,streak_2,-0.024651,-0.02313,-0.001522,-0.046085,-0.015485,-0.0306,0.003218,0.047677,-0.04446,-0.008163,0.023684,-0.031847
7201.T,2016-02-10,3,streak_3,-0.018131,-0.02313,0.004999,-0.023707,-0.015485,-0.008222,0.096165,0.047677,0.048488,0.050491,0.023684,0.026807
1860.T,2016-02-10,5,streak_5plus,-0.027665,-0.02313,-0.004535,-0.09595,-0.015485,-0.080466,-0.06641,0.047677,-0.114087,-0.071713,0.023684,-0.095396
9007.T,2016-02-10,6,streak_5plus,-0.030039,-0.02313,-0.00691,0.026878,-0.015485,0.042363,-0.005533,0.047677,-0.05321,-0.111379,0.023684,-0.135063
6383.T,2016-02-10,6,streak_5plus,-0.026208,-0.02313,-0.003078,0.048341,-0.015485,0.063826,0.047178,0.047677,-0.0005,0.126322,0.023684,0.102638
1979.T,2016-02-10,5,streak_5plus,-0.006223,-0.02313,0.016906,0.069706,-0.015485,0.085191,0.101667,0.047677,0.053989,0.028191,0.023684,0.004507
1414.T,2016-02-10,6,streak_5plus,-0.027194,-0.02313,-0.004064,-0.060566,-0.015485,-0.045081,-0.004945,0.047677,-0.052623,0.194067,0.023684,0.170383
2587.T,2016-02-12,6,streak_5plus,-0.04386,-0.048416,0.004556,-0.083821,0.030764,-0.114585,-0.050683,0.07799,-0.128672,0.031189,0.059784,-0.028595
9435.T,2016-02-12,3,streak_3,0.010087,-0.048416,0.058503,0.121037,0.030764,0.090272,0.208934,0.07799,0.130945,0.216262,0.059784,0.156478
2212.T,2016-02-12,2,streak_2,-0.028227,-0.048416,0.020189,-0.153478,0.030764,-0.184242,-0.078727,0.07799,-0.156716,0.033002,0.059784,-0.026782
7762.T,2016-02-12,3,streak_3,-0.058644,-0.048416,-0.010228,-0.015031,0.030764,-0.045795,-0.022557,0.07799,-0.100547,-0.008151,0.059784,-0.067935
6592.T,2016-02-12,2,streak_2,-0.10551,-0.048416,-0.057094,-0.075096,0.030764,-0.10586,0.034224,0.07799,-0.043765,0.057034,0.059784,-0.00275
8801.T,2016-02-12,4,streak_4,-0.072179,-0.048416,-0.023763,0.071986,0.030764,0.041222,0.121062,0.07799,0.043072,0.105798,0.059784,0.046014
4927.T,2016-02-15,4,streak_4,0.068507,0.071557,-0.00305,0.195334,0.067852,0.127483,0.241983,0.152558,0.089425,0.330902,0.113163,0.217739
2503.T,2016-02-15,3,streak_3,0.083676,0.071557,0.012119,0.004078,0.067852,-0.063773,0.034018,0.152558,-0.11854,0.252385,0.113163,0.139222
6326.T,2016-02-16,3,streak_3,0.017137,0.001988,0.015149,0.013288,0.005522,0.007767,0.07518,0.068309,0.006871,0.180069,0.03895,0.141119
4666.T,2016-02-29,3,streak_3,-0.026686,-0.009986,-0.016701,0.003297,0.051047,-0.04775,0.060956,0.056529,0.004427,0.0659,0.047399,0.018501
2413.T,2016-04-26,4,streak_4,-0.001746,-0.004933,0.003186,0.068434,-0.076412,0.144846,0.126045,-0.02129,0.147335,0.152235,-0.055189,0.207424
7276.T,2016-04-26,3,streak_3,-0.008271,-0.004933,-0.003339,-0.044466,-0.076412,0.031946,0.065152,-0.02129,0.086442,0.048605,-0.055189,0.103794
8035.T,2016-04-26,3,streak_3,-0.006754,-0.004933,-0.001822,-0.075616,-0.076412,0.000797,0.061061,-0.02129,0.082351,0.169413,-0.055189,0.224602
4063.T,2016-04-26,7,streak_5plus,-0.001111,-0.004933,0.003821,-0.033917,-0.076412,0.042495,0.011306,-0.02129,0.032595,0.114511,-0.055189,0.169701
9506.T,2016-04-26,2,streak_2,-0.010067,-0.004933,-0.005135,-0.010791,-0.076412,0.065621,0.021563,-0.02129,0.042853,-0.0683,-0.055189,-0.013111
9505.T,2016-04-27,3,streak_3,-0.022468,-0.003618,-0.01885,-0.110398,-0.065535,-0.044863,-0.111041,-0.006817,-0.104223,-0.216948,-0.045179,-0.171769
6301.T,2016-04-27,2,streak_2,-0.022168,-0.003618,-0.01855,-0.077712,-0.065535,-0.012177,-0.025484,-0.006817,-0.018666,0.029044,-0.045179,0.074223
2212.T,2016-04-27,3,streak_3,0.02096,-0.003618,0.024578,0.111385,-0.065535,0.176921,0.118372,-0.006817,0.125189,0.161942,-0.045179,0.207121
6586.T,2016-04-27,2,streak_2,-0.023842,-0.003618,-0.020223,-0.057505,-0.065535,0.00803,0.007013,-0.006817,0.01383,0.016832,-0.045179,0.062011
9022.T,2016-04-27,2,streak_2,-0.026436,-0.003618,-0.022818,-0.065971,-0.065535,-0.000436,-0.047779,-0.006817,-0.040962,-0.067669,-0.045179,-0.02249
4307.T,2016-04-27,2,streak_2,-0.003732,-0.003618,-0.000114,-0.009925,-0.065535,0.05561,0.038457,-0.006817,0.045274,-0.096774,-0.045179,-0.051594
4661.T,2016-04-27,3,streak_3,-0.014638,-0.003618,-0.011019,-0.076901,-0.065535,-0.011366,-0.071554,-0.006817,-0.064737,-0.171124,-0.045179,-0.125944
4901.T,2016-04-27,2,streak_2,-0.021238,-0.003618,-0.01762,-0.032071,-0.065535,0.033464,-0.024268,-0.006817,-0.017451,-0.191802,-0.045179,-0.146622
3231.T,2016-04-28,3,streak_3,-0.047083,-0.036115,-0.010968,-0.060752,-0.041948,-0.018804,-0.063096,-0.019361,-0.043735,-0.17704,-0.037866,-0.139174
8601.T,2016-04-28,2,streak_2,-0.075274,-0.036115,-0.039159,-0.101737,-0.041948,-0.059789,-0.089584,-0.019361,-0.070223,-0.170296,-0.037866,-0.13243
9719.T,2016-04-28,4,streak_4,-0.014725,-0.036115,0.02139,-0.013501,-0.041948,0.028446,0.011037,-0.019361,0.030398,0.049077,-0.037866,0.086943
6028.T,2016-04-28,5,streak_5plus,-0.023849,-0.036115,0.012266,0.009544,-0.041948,0.051492,0.066774,-0.019361,0.086135,0.126383,-0.037866,0.164249
9533.T,2016-04-28,2,streak_2,0.006712,-0.036115,0.042826,0.042951,-0.041948,0.084899,0.081877,-0.019361,0.101238,0.214764,-0.037866,0.252629
1944.T,2016-04-28,2,streak_2,-0.031584,-0.036115,0.004531,-0.011276,-0.041948,0.030672,-0.04963,-0.019361,-0.030269,-0.214284,-0.037866,-0.176418
8015.T,2016-04-28,2,streak_2,-0.077604,-0.036115,-0.04149,-0.122631,-0.041948,-0.080683,-0.093349,-0.019361,-0.073988,-0.173882,-0.037866,-0.136016
6503.T,2016-04-28,2,streak_2,-0.021238,-0.036115,0.014877,0.011851,-0.041948,0.053799,0.088239,-0.019361,0.1076,-0.022459,-0.037866,0.015407
8697.T,2016-04-28,7,streak_5plus,-0.057894,-0.036115,-0.021779,-0.07476,-0.041948,-0.032812,-0.168637,-0.019361,-0.149276,-0.175372,-0.037866,-0.137506
2587.T,2016-05-02,7,streak_5plus,0.014613,-0.031121,0.045734,0.091859,-0.005223,0.097082,0.050104,-0.00621,0.056314,-0.072267,-0.016477,-0.055791
4912.T,2016-05-09,4,streak_4,0.027029,0.006787,0.020242,0.238734,0.018967,0.219767,0.247743,0.029386,0.218357,0.049693,0.009199,0.040493
5831.T,2016-05-09,2,streak_2,0.006376,0.006787,-0.000411,-0.025504,0.018967,-0.044471,-0.001272,0.029386,-0.030658,-0.079085,0.009199,-0.088284
6448.T,2016-05-09,2,streak_2,-0.005721,0.006787,-0.012508,0.020438,0.018967,0.001472,-0.01308,0.029386,-0.042466,-0.044971,0.009199,-0.05417
6302.T,2016-05-10,2,streak_2,0.035164,0.021532,0.013632,0.16044,0.01544,0.145,0.127468,0.028331,0.099137,0.026372,0.002369,0.024002
6367.T,2016-05-10,4,streak_4,0.023196,0.021532,0.001664,0.069357,0.01544,0.053917,0.032011,0.028331,0.00368,-0.031547,0.002369,-0.033916
4114.T,2016-05-10,2,streak_2,-0.054151,0.021532,-0.075682,0.055959,0.01544,0.040519,0.212995,0.028331,0.184663,0.074006,0.002369,0.071637
1414.T,2016-05-10,7,streak_5plus,0.015857,0.021532,-0.005675,0.021141,0.01544,0.005701,0.028539,0.028331,0.000208,-0.024998,0.002369,-0.027367
7947.T,2016-05-10,7,streak_5plus,0.045256,0.021532,0.023724,0.054958,0.01544,0.039518,0.043103,0.028331,0.014772,0.131467,0.002369,0.129098
8801.T,2016-05-10,5,streak_5plus,0.02268,0.021532,0.001148,-0.015362,0.01544,-0.030802,-0.015187,0.028331,-0.043518,-0.188715,0.002369,-0.191085
4502.T,2016-05-10,2,streak_2,0.015748,0.021532,-0.005784,-0.080661,0.01544,-0.096101,-0.117724,0.028331,-0.146055,-0.111003,0.002369,-0.113372
7735.T,2016-05-10,3,streak_3,0.021952,0.021532,0.000421,0.139026,0.01544,0.123587,0.28049,0.028331,0.252159,0.440244,0.002369,0.437875
6849.T,2016-05-10,2,streak_2,0.021633,0.021532,0.000101,0.090419,0.01544,0.07498,0.083335,0.028331,0.055003,-0.163835,0.002369,-0.166205
4507.T,2016-05-11,4,streak_4,0.033485,0.000834,0.032651,0.12339,0.005289,0.118101,0.070561,0.016041,0.054519,-0.076108,0.005154,-0.081263
2371.T,2016-05-11,4,streak_4,0.006332,0.000834,0.005498,0.019481,0.005289,0.014192,0.023377,0.016041,0.007335,-0.120312,0.005154,-0.125467
7832.T,2016-05-11,5,streak_5plus,0.009592,0.000834,0.008758,0.118235,0.005289,0.112946,0.205501,0.016041,0.189459,0.191104,0.005154,0.18595
4528.T,2016-05-11,3,streak_3,-0.000767,0.000834,-0.001602,-0.010173,0.005289,-0.015462,-0.05048,0.016041,-0.066521,-0.447026,0.005154,-0.45218
3289.T,2016-05-11,3,streak_3,-0.00268,0.000834,-0.003515,-0.028084,0.005289,-0.033373,-0.034759,0.016041,-0.050801,-0.217912,0.005154,-0.223067
4246.T,2016-05-11,4,streak_4,0.015502,0.000834,0.014667,-0.097038,0.005289,-0.102327,0.05458,0.016041,0.038539,-0.293128,0.005154,-0.298282
4503.T,2016-05-11,3,streak_3,-0.014878,0.000834,-0.015712,0.014546,0.005289,0.009257,0.052764,0.016041,0.036722,0.141027,0.005154,0.135872
6723.T,2016-05-11,7,streak_5plus,-0.006189,0.000834,-0.007023,-0.032517,0.005289,-0.037806,0.040246,0.016041,0.024204,0.0,0.005154,-0.005154
8058.T,2016-05-11,2,streak_2,0.012238,0.000834,0.011404,0.038368,0.005289,0.033079,0.087896,0.016041,0.071854,0.113738,0.005154,0.108583
6976.T,2016-05-11,7,streak_5plus,0.017281,0.000834,0.016447,0.014399,0.005289,0.00911,0.102695,0.016041,0.086654,-0.058541,0.005154,-0.063696
8802.T,2016-05-11,7,streak_5plus,-0.009073,0.000834,-0.009907,-0.019535,0.005289,-0.024824,-0.04558,0.016041,-0.061621,-0.069301,0.005154,-0.074455
1802.T,2016-05-12,7,streak_5plus,-0.004606,0.004061,-0.008667,0.038714,0.003962,0.034753,0.007372,0.005392,0.00198,-0.118897,0.011217,-0.130113
3436.T,2016-05-12,2,streak_2,0.010063,0.004061,0.006002,-0.008605,0.003962,-0.012567,0.074724,0.005392,0.069332,0.235213,0.011217,0.223996
7270.T,2016-05-12,3,streak_3,0.037145,0.004061,0.033084,0.034741,0.003962,0.030779,0.044361,0.005392,0.038969,0.030999,0.011217,0.019783
6641.T,2016-05-12,4,streak_4,-0.032125,0.004061,-0.036186,0.145799,0.003962,0.141837,0.153212,0.005392,0.14782,0.252059,0.011217,0.240843
5711.T,2016-05-12,7,streak_5plus,0.035397,0.004061,0.031336,-0.0472,0.003962,-0.051161,-0.138643,0.005392,-0.144036,-0.203541,0.011217,-0.214758
1801.T,2016-05-13,7,streak_5plus,0.009198,-0.014065,0.023263,0.056504,1.9e-05,0.056485,0.082784,-0.002702,0.085486,0.076213,0.005333,0.07088
2229.T,2016-05-13,2,streak_2,0.02411,-0.014065,0.038175,-0.075776,1.9e-05,-0.075795,-0.043627,-0.002702,-0.040925,0.008037,0.005333,0.002703
3941.T,2016-05-13,3,streak_3,-0.001735,-0.014065,0.01233,0.115514,1.9e-05,0.115495,0.144815,-0.002702,0.147517,0.081029,0.005333,0.075696
4523.T,2016-05-13,6,streak_5plus,0.00728,-0.014065,0.021345,0.02381,1.9e-05,0.02379,-0.04216,-0.002702,-0.039458,-0.07613,0.005333,-0.081464
8570.T,2016-05-13,2,streak_2,-0.030317,-0.014065,-0.016252,-0.040684,1.9e-05,-0.040703,-0.099323,-0.002702,-0.096621,-0.114081,0.005333,-0.119414
8411.T,2016-05-13,7,streak_5plus,-0.017363,-0.014065,-0.003298,0.009586,1.9e-05,0.009567,-0.022151,-0.002702,-0.019449,-0.004194,0.005333,-0.009528
9404.T,2016-05-13,5,streak_5plus,0.012932,-0.014065,0.026997,0.065767,1.9e-05,0.065748,-0.001687,-0.002702,0.001015,-0.052835,0.005333,-0.058169
9432.T,2016-05-13,2,streak_2,-0.023622,-0.014065,-0.009557,-0.068998,1.9e-05,-0.069017,-0.077005,-0.002702,-0.074303,-0.048712,0.005333,-0.054045
6146.T,2016-05-13,2,streak_2,-0.032704,-0.014065,-0.018639,0.026369,1.9e-05,0.02635,0.122362,-0.002702,0.125064,0.189872,0.005333,0.184538
6178.T,2016-05-13,2,streak_2,-0.023595,-0.014065,-0.00953,-0.022209,1.9e-05,-0.022228,-0.072862,-0.002702,-0.07016,-0.050663,0.005333,-0.055997
2206.T,2016-05-13,3,streak_3,0.003492,-0.014065,0.017557,-0.01047,1.9e-05,-0.010489,0.082025,-0.002702,0.084727,0.041886,0.005333,0.036552
1812.T,2016-05-13,6,streak_5plus,-0.021216,-0.014065,-0.007151,0.039608,1.9e-05,0.039589,0.004245,-0.002702,0.006947,0.062235,0.005333,0.056902
4324.T,2016-05-16,2,streak_2,0.032906,0.003302,0.029604,0.005485,0.01975,-0.014265,-0.080438,-0.023947,-0.056491,-0.056036,0.030935,-0.086971
8725.T,2016-05-20,2,streak_2,0.005634,0.005388,0.000246,0.017562,0.007557,0.010005,-0.076398,-0.062895,-0.013503,-0.065131,-0.009651,-0.05548
7581.T,2016-07-12,2,streak_2,0.042129,0.024625,0.017504,0.215462,0.064581,0.150881,0.212263,0.065333,0.14693,0.30135,0.067823,0.233527
4519.T,2016-07-21,4,streak_4,-0.011947,0.007693,-0.01964,0.043826,-0.001023,0.044849,-0.132802,-0.008157,-0.124645,-0.055773,0.030134,-0.085908
6641.T,2016-07-21,5,streak_5plus,0.048121,0.007693,0.040429,0.1971,-0.001023,0.198123,0.017139,-0.008157,0.025296,0.083549,0.030134,0.053414
4063.T,2016-07-26,8,streak_5plus,-0.007861,-0.014275,0.006414,0.132573,0.000931,0.131641,0.173933,-0.001383,0.175316,0.243697,0.046422,0.197275
8601.T,2016-07-27,3,streak_3,0.008684,0.017199,-0.008516,-0.03892,0.000513,-0.039434,-0.007481,0.010554,-0.018035,0.034709,0.058193,-0.023484
9962.T,2016-07-27,2,streak_2,0.020167,0.017199,0.002967,0.067974,0.000513,0.067461,0.036295,0.010554,0.025741,0.113552,0.058193,0.055359
6857.T,2016-07-27,2,streak_2,0.037491,0.017199,0.020291,0.184866,0.000513,0.184353,0.28197,0.010554,0.271416,0.234692,0.058193,0.176499
9506.T,2016-07-28,3,streak_3,-0.003078,-0.01128,0.008202,-0.031542,-0.034906,0.003365,-0.032306,-0.018249,-0.014057,0.00693,0.046901,-0.039971
9719.T,2016-07-28,5,streak_5plus,0.006135,-0.01128,0.017415,0.042942,-0.034906,0.077849,-0.04663,-0.018249,-0.028381,0.008191,0.046901,-0.038709
6586.T,2016-07-28,3,streak_3,-0.013371,-0.01128,-0.002091,0.043091,-0.034906,0.077997,0.099556,-0.018249,0.117804,0.07846,0.046901,0.031559
4452.T,2016-07-28,3,streak_3,-0.012765,-0.01128,-0.001485,-0.052291,-0.034906,-0.017384,-0.060684,-0.018249,-0.042436,-0.052465,0.046901,-0.099366
8697.T,2016-07-28,8,streak_5plus,0.025748,-0.01128,0.037028,-0.003574,-0.034906,0.031332,0.10872,-0.018249,0.126969,0.125168,0.046901,0.078268
4307.T,2016-07-28,3,streak_3,-0.006649,-0.01128,0.004631,-0.092961,-0.034906,-0.058054,-0.112887,-0.018249,-0.094638,-0.018147,0.046901,-0.065048
9404.T,2016-07-28,6,streak_5plus,-0.03849,-0.01128,-0.02721,-0.054331,-0.034906,-0.019424,-0.093951,-0.018249,-0.075702,0.071198,0.046901,0.024297
6503.T,2016-07-28,3,streak_3,-0.078202,-0.01128,-0.066922,-0.097268,-0.034906,-0.062362,-0.016341,-0.018249,0.001908,0.11132,0.046901,0.06442
9533.T,2016-07-28,3,streak_3,-0.037839,-0.01128,-0.026559,-0.046487,-0.034906,-0.011581,-0.040001,-0.018249,-0.021753,0.062946,0.046901,0.016046
6302.T,2016-07-29,3,streak_3,-0.006032,0.00561,-0.011641,-0.054323,-0.01347,-0.040853,0.012074,0.015819,-0.003745,0.130357,0.057546,0.07281
8411.T,2016-07-29,8,streak_5plus,0.056931,0.00561,0.051322,0.02973,-0.01347,0.043201,0.08476,0.015819,0.068941,0.143981,0.057546,0.086434
5975.T,2016-07-29,2,streak_2,0.023386,0.00561,0.017776,-0.087054,-0.01347,-0.073583,-0.149848,0.015819,-0.165667,0.061607,0.057546,0.004061
9508.T,2016-07-29,2,streak_2,0.002085,0.00561,-0.003524,-0.032157,-0.01347,-0.018686,-0.046674,0.015819,-0.062493,-0.01141,0.057546,-0.068956
9022.T,2016-07-29,3,streak_3,0.021796,0.00561,0.016186,-0.059544,-0.01347,-0.046074,-0.091708,0.015819,-0.107527,-0.046664,0.057546,-0.10421
5929.T,2016-07-29,2,streak_2,0.045672,0.00561,0.040062,-0.076773,-0.01347,-0.063303,-0.108842,0.015819,-0.124661,0.030987,0.057546,-0.026559
5411.T,2016-07-29,2,streak_2,-0.014525,0.00561,-0.020135,0.009807,-0.01347,0.023277,0.142391,0.015819,0.126572,0.101887,0.057546,0.044341
4503.T,2016-07-29,4,streak_4,0.015933,0.00561,0.010323,0.002952,-0.01347,0.016422,-0.05429,0.015819,-0.070109,-0.069714,0.057546,-0.127261
9502.T,2016-07-29,2,streak_2,-0.000992,0.00561,-0.006602,-0.080077,-0.01347,-0.066607,-0.107874,0.015819,-0.123693,0.032421,0.057546,-0.025126
8015.T,2016-07-29,3,streak_3,-0.043112,0.00561,-0.048721,-0.079122,-0.01347,-0.065652,-0.031804,0.015819,-0.047623,0.053326,0.057546,-0.00422
7741.T,2016-07-29,2,streak_2,0.004096,0.00561,-0.001514,0.090711,-0.01347,0.104181,0.095628,0.015819,0.079809,0.206941,0.057546,0.149395
8308.T,2016-07-29,2,streak_2,0.068497,0.00561,0.062887,0.077477,-0.01347,0.090947,0.168878,0.015819,0.153059,0.224977,0.057546,0.167431
4502.T,2016-07-29,3,streak_3,0.012133,0.00561,0.006524,0.044342,-0.01347,0.057813,0.006177,0.015819,-0.009642,0.056476,0.057546,-0.001071
2206.T,2016-07-29,4,streak_4,0.006535,0.00561,0.000925,-0.032681,-0.01347,-0.019211,-0.09804,0.015819,-0.11386,-0.021243,0.057546,-0.078789
5201.T,2016-08-01,2,streak_2,-0.016753,0.004013,-0.020766,0.018423,-0.019,0.037424,0.061976,0.00942,0.052555,0.184252,0.052696,0.131557
4507.T,2016-08-01,5,streak_5plus,0.010098,0.004013,0.006085,-0.043178,-0.019,-0.024178,-0.121487,0.00942,-0.130907,-0.01118,0.052696,-0.063876
4739.T,2016-08-01,2,streak_2,-0.023378,0.004013,-0.027392,-0.019348,-0.019,-0.000347,0.009271,0.00942,-0.00015,0.065917,0.052696,0.013221
2914.T,2016-08-01,2,streak_2,0.005468,0.004013,0.001455,-0.01615,-0.019,0.00285,-0.026585,0.00942,-0.036006,0.000747,0.052696,-0.051949
8058.T,2016-08-02,3,streak_3,-0.007951,-0.014686,0.006735,0.13422,0.00089,0.13333,0.220878,0.015126,0.205752,0.349293,0.02999,0.319302
3941.T,2016-08-02,4,streak_4,-0.061301,-0.014686,-0.046614,-0.11678,0.00089,-0.117669,-0.10218,0.015126,-0.117306,-0.012671,0.02999,-0.042662
2212.T,2016-08-02,4,streak_4,-0.006326,-0.014686,0.00836,-0.137738,0.00089,-0.138627,-0.173931,0.015126,-0.189057,-0.170768,0.02999,-0.200758
2801.T,2016-08-02,2,streak_2,0.008103,-0.014686,0.022789,-0.103913,0.00089,-0.104803,-0.12146,0.015126,-0.136586,-0.0859,0.02999,-0.11589
6845.T,2016-08-03,2,streak_2,-0.011253,-0.018811,0.007558,0.032079,0.022787,0.009291,-0.032113,0.032663,-0.064776,0.039592,0.031352,0.00824
7733.T,2016-08-03,2,streak_2,-0.015914,-0.018811,0.002897,-0.014473,0.022787,-0.03726,-0.004336,0.032663,-0.036998,0.014473,0.031352,-0.016879
4912.T,2016-08-03,5,streak_5plus,-0.018583,-0.018811,0.000228,-0.017918,0.022787,-0.040705,-0.05176,0.032663,-0.084422,0.100196,0.031352,0.068843
2269.T,2016-08-03,2,streak_2,-0.049303,-0.018811,-0.030492,-0.093022,0.022787,-0.11581,-0.127442,0.032663,-0.160105,-0.032745,0.031352,-0.064098
4523.T,2016-08-03,7,streak_5plus,-0.015987,-0.018811,0.002824,0.026477,0.022787,0.00369,0.036802,0.032663,0.00414,0.073151,0.031352,0.041799
7270.T,2016-08-03,4,streak_4,-0.051972,-0.018811,-0.033161,0.007576,0.022787,-0.015212,0.077304,0.032663,0.044641,0.019239,0.031352,-0.012113
8354.T,2016-08-03,2,streak_2,-0.057444,-0.018811,-0.038633,0.052218,0.022787,0.029431,0.169708,0.032663,0.137045,0.157746,0.031352,0.126393
3405.T,2016-08-04,2,streak_2,0.083,0.010681,0.072319,0.117311,0.04054,0.076771,0.184356,0.052388,0.131968,0.260966,0.068028,0.192938
2371.T,2016-08-04,5,streak_5plus,-0.087275,0.010681,-0.097956,-0.080522,0.04054,-0.121062,-0.17599,0.052388,-0.228379,-0.161044,0.068028,-0.229071
7832.T,2016-08-04,6,streak_5plus,-0.000376,0.010681,-0.011057,0.145271,0.04054,0.104731,0.122166,0.052388,0.069778,0.196169,0.068028,0.128141
6146.T,2016-08-04,3,streak_3,0.010488,0.010681,-0.000192,0.075311,0.04054,0.03477,0.099141,0.052388,0.046753,0.207843,0.068028,0.139815
7947.T,2016-08-04,8,streak_5plus,-0.054545,0.010681,-0.065226,-0.083638,0.04054,-0.124178,-0.009091,0.052388,-0.061479,0.027365,0.068028,-0.040663
6963.T,2016-08-04,2,streak_2,0.063979,0.010681,0.053298,0.171804,0.04054,0.131264,0.218008,0.052388,0.165619,0.414625,0.068028,0.346597
8802.T,2016-08-04,8,streak_5plus,0.011206,0.010681,0.000525,0.05043,0.04054,0.00989,0.046693,0.052388,-0.005696,0.133358,0.068028,0.06533
4021.T,2016-08-05,7,streak_5plus,-0.035384,-2.7e-05,-0.035357,-0.024615,0.040913,-0.065528,-0.032307,0.048154,-0.080461,0.127434,0.056382,0.071051
1802.T,2016-08-05,8,streak_5plus,-0.016025,-2.7e-05,-0.015998,-0.058444,0.040913,-0.099357,-0.102731,0.048154,-0.150886,-0.051774,0.056382,-0.108157
7186.T,2016-08-05,2,streak_2,0.025187,-2.7e-05,0.025214,0.097305,0.040913,0.056392,0.219331,0.048154,0.171177,0.122895,0.056382,0.066512
8570.T,2016-08-05,3,streak_3,0.022676,-2.7e-05,0.022703,0.01406,0.040913,-0.026853,-0.126534,0.048154,-0.174688,-0.169879,0.056382,-0.226262
9432.T,2016-08-05,3,streak_3,-0.00269,-2.7e-05,-0.002663,0.011183,0.040913,-0.029729,-0.028454,0.048154,-0.076608,-0.051104,0.056382,-0.107487
8002.T,2016-08-05,2,streak_2,0.011998,-2.7e-05,0.012025,0.040627,0.040913,-0.000286,0.093687,0.048154,0.045533,0.159864,0.056382,0.103482
5110.T,2016-08-08,2,streak_2,0.03033,0.02437,0.00596,0.035154,0.037843,-0.002688,0.090979,0.050911,0.040068,0.148869,-0.000179,0.149048
6448.T,2016-08-08,3,streak_3,0.048644,0.02437,0.024274,0.277828,0.037843,0.239985,0.46167,0.050911,0.41076,0.580358,-0.000179,0.580537
6366.T,2016-08-09,2,streak_2,-0.005391,0.006871,-0.012261,-0.013477,-0.003247,-0.01023,0.101078,0.021733,0.079345,0.196765,0.041671,0.155094
4578.T,2016-08-09,2,streak_2,0.034586,0.006871,0.027715,0.004878,-0.003247,0.008125,-0.025674,0.021733,-0.047407,-0.001486,0.041671,-0.043157
1812.T,2016-08-09,7,streak_5plus,0.038458,0.006871,0.031588,0.042733,-0.003247,0.04598,0.027064,0.021733,0.005331,-0.0015,0.041671,-0.043172
6723.T,2016-08-10,8,streak_5plus,-0.040623,-0.00178,-0.038843,-0.065613,-0.001153,-0.06446,-0.03436,0.01156,-0.04592,0.193762,0.036375,0.157388
6728.T,2016-08-10,2,streak_2,-0.006379,-0.00178,-0.004599,-0.195855,-0.001153,-0.194702,-0.097929,0.01156,-0.109489,-0.015949,0.036375,-0.052323
6502.T,2016-08-12,2,streak_2,0.037893,0.011043,0.02685,0.112543,-0.014885,0.127428,0.272073,0.013782,0.258291,0.46798,0.05602,0.411961
4324.T,2016-08-12,3,streak_3,0.031219,0.011043,0.020177,0.079558,-0.014885,0.094443,0.139981,0.013782,0.126199,0.119839,0.05602,0.063819
6178.T,2016-08-12,3,streak_3,0.007319,0.011043,-0.003724,-0.034351,-0.014885,-0.019466,-0.019005,0.013782,-0.032787,0.022042,0.05602,-0.033978
7532.T,2016-08-17,2,streak_2,-0.007967,0.008986,-0.016953,-0.042437,-0.005974,-0.036462,-0.062327,0.001068,-0.063395,0.057015,0.076288,-0.019273
9983.T,2016-10-13,2,streak_2,-0.018941,-0.003905,-0.015036,0.036401,0.009436,0.026964,0.112754,0.031757,0.080997,0.088192,0.117193,-0.029001
2337.T,2016-10-14,2,streak_2,0.032035,0.004896,0.027138,0.057197,0.027498,0.029699,-0.013717,0.053557,-0.067274,-0.077814,0.126392,-0.204206
6594.T,2016-10-24,2,streak_2,0.007586,0.0029,0.004687,0.110511,0.015236,0.095276,0.10455,0.056932,0.047619,0.152765,0.129057,0.023707
8060.T,2016-10-25,2,streak_2,0.012473,0.007591,0.004882,-0.015732,0.011059,-0.026791,-0.026575,0.063767,-0.090342,0.076452,0.129565,-0.053113
1878.T,2016-10-27,2,streak_2,-0.004624,-0.003187,-0.001437,0.024277,-0.014786,0.039063,0.01445,0.055489,-0.041038,-0.087284,0.094843,-0.182127
6586.T,2016-10-27,4,streak_4,-0.011999,-0.003187,-0.008812,-0.038665,-0.014786,-0.023879,0.021334,0.055489,-0.034155,0.046667,0.094843,-0.048176
8604.T,2016-10-27,2,streak_2,0.013731,-0.003187,0.016918,0.043253,-0.014786,0.058039,0.240839,0.055489,0.18535,0.422634,0.094843,0.32779
9022.T,2016-10-27,4,streak_4,0.021405,-0.003187,0.024591,0.009132,-0.014786,0.023919,0.057935,0.055489,0.002446,0.042807,0.094843,-0.052036
9042.T,2016-10-27,2,streak_2,0.002864,-0.003187,0.006051,-0.01003,-0.014786,0.004756,0.022921,0.055489,-0.032567,0.09742,0.094843,0.002577
2002.T,2016-10-27,4,streak_4,-0.028603,-0.003187,-0.025417,-0.038559,-0.014786,-0.023773,-0.000618,0.055489,-0.056106,0.067788,0.094843,-0.027056
4307.T,2016-10-27,4,streak_4,0.00799,-0.003187,0.011177,-0.04394,-0.014786,-0.029154,0.00799,0.055489,-0.047499,0.130767,0.094843,0.035924
9502.T,2016-10-28,3,streak_3,0.007156,0.006344,0.000812,-0.000328,-0.024864,0.024537,0.05042,0.055987,-0.005567,-0.014967,0.1045,-0.119468
3064.T,2016-10-28,2,streak_2,-0.019929,0.006344,-0.026273,-0.118868,-0.024864,-0.094004,-0.089696,0.055987,-0.145683,0.139267,0.1045,0.034767
6501.T,2016-10-28,2,streak_2,0.024629,0.006344,0.018285,0.030604,-0.024864,0.055469,0.176169,0.055987,0.120181,0.247982,0.1045,0.143482
9708.T,2016-10-28,2,streak_2,0.00575,0.006344,-0.000595,0.0,-0.024864,0.024864,0.006235,0.055987,-0.049752,0.000485,0.1045,-0.104015
5411.T,2016-10-28,3,streak_3,0.027757,0.006344,0.021412,-0.008566,-0.024864,0.016298,0.196364,0.055987,0.140376,0.416379,0.1045,0.311879
8601.T,2016-10-28,4,streak_4,0.023181,0.006344,0.016836,0.006042,-0.024864,0.030906,0.141283,0.055987,0.085295,0.209156,0.1045,0.104656
9766.T,2016-10-28,2,streak_2,0.025031,0.006344,0.018687,0.027415,-0.024864,0.052279,-0.082239,0.055987,-0.138227,0.10608,0.1045,0.00158
9719.T,2016-10-28,6,streak_5plus,-0.019299,0.006344,-0.025643,-0.077204,-0.024864,-0.05234,-0.043427,0.055987,-0.099414,0.015677,0.1045,-0.088823
6473.T,2016-10-28,2,streak_2,0.052967,0.006344,0.046622,-0.029358,-0.024864,-0.004494,0.169752,0.055987,0.113765,0.215057,0.1045,0.110556
2327.T,2016-10-28,2,streak_2,0.015774,0.006344,0.00943,-0.012728,-0.024864,0.012137,0.117559,0.055987,0.061571,0.157246,0.1045,0.052746
1959.T,2016-10-28,2,streak_2,0.006747,0.006344,0.000403,-0.126854,-0.024864,-0.101989,-0.129554,0.055987,-0.185541,-0.190554,0.1045,-0.295054
9503.T,2016-10-28,2,streak_2,-0.007032,0.006344,-0.013376,0.064113,-0.024864,0.088978,0.160802,0.055987,0.104815,0.269899,0.1045,0.165398
8015.T,2016-10-28,4,streak_4,0.018213,0.006344,0.011869,-0.012532,-0.024864,0.012332,0.142816,0.055987,0.086829,0.254052,0.1045,0.149552
8697.T,2016-10-28,9,streak_5plus,-0.010076,0.006344,-0.01642,-0.061672,-0.024864,-0.036807,0.063565,0.055987,0.007578,0.049094,0.1045,-0.055406
4502.T,2016-10-28,4,streak_4,0.007935,0.006344,0.001591,-0.048037,-0.024864,-0.023172,-0.011486,0.055987,-0.067473,-0.004177,0.1045,-0.108677
7741.T,2016-10-28,3,streak_3,0.021995,0.006344,0.01565,-0.012272,-0.024864,0.012592,0.041908,0.055987,-0.01408,0.130122,0.1045,0.025622
4503.T,2016-10-28,5,streak_5plus,0.022906,0.006344,0.016561,-0.043872,-0.024864,-0.019008,0.02548,0.055987,-0.030507,-0.054838,0.1045,-0.159338
6674.T,2016-10-31,2,streak_2,-0.0022,-0.001226,-0.000974,-0.015385,-0.01543,4.5e-05,0.013185,0.049412,-0.036227,0.01978,0.084153,-0.064373
5975.T,2016-10-31,3,streak_3,0.047903,-0.001226,0.049129,0.090632,-0.01543,0.106063,0.167022,0.049412,0.117609,0.208455,0.084153,0.124302
2810.T,2016-10-31,2,streak_2,0.002994,-0.001226,0.00422,-0.006418,-0.01543,0.009012,-0.018818,0.049412,-0.06823,0.044909,0.084153,-0.039244
6103.T,2016-10-31,2,streak_2,-0.001135,-0.001226,9.1e-05,0.00454,-0.01543,0.01997,0.136208,0.049412,0.086795,0.313276,0.084153,0.229123
4581.T,2016-10-31,2,streak_2,0.009852,-0.001226,0.011078,-0.056158,-0.01543,-0.040728,-0.038424,0.049412,-0.087837,-0.063054,0.084153,-0.147207
1942.T,2016-10-31,2,streak_2,0.002904,-0.001226,0.00413,-0.024224,-0.01543,-0.008794,0.031973,0.049412,-0.017439,-0.093027,0.084153,-0.17718
6302.T,2016-10-31,4,streak_4,-0.015987,-0.001226,-0.014761,0.067495,-0.01543,0.082925,0.223803,0.049412,0.174391,0.415632,0.084153,0.331479
4523.T,2016-10-31,8,streak_5plus,-0.017456,-0.001226,-0.01623,-0.056036,-0.01543,-0.040606,-0.030513,0.049412,-0.079926,-0.094323,0.084153,-0.178476
9104.T,2016-10-31,2,streak_2,0.056227,-0.001226,0.057453,-0.008032,-0.01543,0.007398,0.18073,0.049412,0.131318,0.385558,0.084153,0.301405
6762.T,2016-10-31,2,streak_2,-0.005486,-0.001226,-0.00426,-0.03425,-0.01543,-0.01882,0.053426,0.049412,0.004014,0.06299,0.084153,-0.021163
4507.T,2016-10-31,6,streak_5plus,0.003487,-0.001226,0.004713,-0.013179,-0.01543,0.002251,0.048446,0.049412,-0.000966,0.056584,0.084153,-0.02757
7267.T,2016-10-31,2,streak_2,-0.001898,-0.001226,-0.000672,-0.066355,-0.01543,-0.050925,0.057779,0.049412,0.008367,0.092266,0.084153,0.008113
6370.T,2016-10-31,2,streak_2,-0.006791,-0.001226,-0.005565,-0.040335,-0.01543,-0.024905,-0.050322,0.049412,-0.099734,0.056709,0.084153,-0.027444
6954.T,2016-10-31,2,streak_2,0.007421,-0.001226,0.008647,-0.035577,-0.01543,-0.020147,-0.011775,0.049412,-0.061188,0.117225,0.084153,0.033072
9508.T,2016-10-31,3,streak_3,-0.012446,-0.001226,-0.01122,0.100508,-0.01543,0.115938,0.165802,0.049412,0.11639,0.271498,0.084153,0.187345
9513.T,2016-10-31,2,streak_2,-0.011714,-0.001226,-0.010488,-0.087642,-0.01543,-0.072212,0.01333,0.049412,-0.036083,0.090467,0.084153,0.006313
6503.T,2016-10-31,4,streak_4,0.003168,-0.001226,0.004394,0.037017,-0.01543,0.052447,0.111775,0.049412,0.062363,0.170303,0.084153,0.08615
2503.T,2016-10-31,2,streak_2,-0.001104,-0.001226,0.000122,0.024318,-0.01543,0.039748,0.029844,0.049412,-0.019569,0.033596,0.084153,-0.050557
9433.T,2016-11-01,2,streak_2,0.010965,0.000997,0.009967,-0.067976,-0.014556,-0.05342,-0.061868,0.062445,-0.124313,-0.087091,0.085692,-0.172783
6963.T,2016-11-01,3,streak_3,-0.001807,0.000997,-0.002805,0.068714,-0.014556,0.08327,0.155517,0.062445,0.093072,0.329114,0.085692,0.243422
4739.T,2016-11-01,3,streak_3,0.005393,0.000997,0.004396,0.120316,-0.014556,0.134872,0.182022,0.062445,0.119577,0.264938,0.085692,0.179246
4689.T,2016-11-01,2,streak_2,0.0,0.000997,-0.000997,0.022314,-0.014556,0.036871,0.032238,0.062445,-0.030206,0.143898,0.085692,0.058206
2501.T,2016-11-02,2,streak_2,0.006644,-0.017642,0.024287,-0.070432,-0.068274,-0.002158,-0.026909,0.056396,-0.083305,-0.017592,0.087964,-0.105556
6460.T,2016-11-02,2,streak_2,-0.018203,-0.017642,-0.000561,0.006504,-0.068274,0.074778,0.125484,0.056396,0.069089,0.156696,0.087964,0.068731
3941.T,2016-11-02,5,streak_5plus,0.015162,-0.017642,0.032804,-0.019694,-0.068274,0.04858,-0.012122,0.056396,-0.068518,0.007591,0.087964,-0.080374
4536.T,2016-11-02,2,streak_2,-0.022461,-0.017642,-0.004819,-0.077938,-0.068274,-0.009665,-0.108328,0.056396,-0.164724,-0.009246,0.087964,-0.097211
7733.T,2016-11-02,3,streak_3,-0.032003,-0.017642,-0.01436,-0.102669,-0.068274,-0.034395,0.076,0.056396,0.019604,0.034669,0.087964,-0.053295
2371.T,2016-11-02,6,streak_5plus,0.009079,-0.017642,0.026721,-0.028946,-0.068274,0.039328,-0.005676,0.056396,-0.062072,-0.087402,0.087964,-0.175367
2432.T,2016-11-04,2,streak_2,-0.003139,-0.013383,0.010245,0.025119,0.012241,0.012879,-0.026687,0.06655,-0.093236,-0.22386,0.103655,-0.327515
8058.T,2016-11-04,4,streak_4,-0.041286,-0.013383,-0.027903,0.017661,0.012241,0.00542,0.088773,0.06655,0.022223,0.081741,0.103655,-0.021914
8002.T,2016-11-04,3,streak_3,-0.030892,-0.013383,-0.017509,0.007226,0.012241,-0.005015,0.161479,0.06655,0.094929,0.256146,0.103655,0.15249
9613.T,2016-11-04,2,streak_2,-0.001861,-0.013383,0.011523,0.022307,0.012241,0.010066,0.018585,0.06655,-0.047964,0.072491,0.103655,-0.031164
9409.T,2016-11-04,2,streak_2,-0.004096,-0.013383,0.009287,0.023542,0.012241,0.011302,0.085977,0.06655,0.019427,0.159671,0.103655,0.056016
8056.T,2016-11-04,2,streak_2,-0.000789,-0.013383,0.012594,-0.008664,0.012241,-0.020904,0.096063,0.06655,0.029513,0.188188,0.103655,0.084533
7532.T,2016-11-04,3,streak_3,-0.006334,-0.013383,0.007049,0.049591,0.012241,0.037351,0.067349,0.06655,0.000799,-0.031942,0.103655,-0.135597
8802.T,2016-11-07,9,streak_5plus,0.020523,0.016081,0.004442,0.053599,0.027768,0.025831,0.115162,0.086078,0.029084,0.063498,0.124353,-0.060855
7701.T,2016-11-07,2,streak_2,0.019881,0.016081,0.0038,0.095964,0.027768,0.068196,0.193287,0.086078,0.107209,0.245375,0.124353,0.121022
5110.T,2016-11-07,3,streak_3,-0.009764,0.016081,-0.025844,0.009185,0.027768,-0.018584,0.05801,0.086078,-0.028068,0.038816,0.124353,-0.085537
4186.T,2016-11-07,2,streak_2,0.0,0.016081,-0.016081,0.018915,0.027768,-0.008853,0.027028,0.086078,-0.05905,-0.013519,0.124353,-0.137873
5938.T,2016-11-07,2,streak_2,0.057806,0.016081,0.041726,0.080759,0.027768,0.05299,0.122681,0.086078,0.036603,0.245363,0.124353,0.121009
6146.T,2016-11-07,4,streak_4,0.016158,0.016081,7.7e-05,0.024233,0.027768,-0.003535,0.060582,0.086078,-0.025496,0.331989,0.124353,0.207636
9449.T,2016-11-07,2,streak_2,0.019728,0.016081,0.003648,0.124429,0.027768,0.096661,0.113811,0.086078,0.027733,0.151759,0.124353,0.027406
9984.T,2016-11-07,2,streak_2,0.020526,0.016081,0.004445,0.049871,0.027768,0.022103,0.115458,0.086078,0.02938,0.392561,0.124353,0.268208
7458.T,2016-11-07,2,streak_2,0.003386,0.016081,-0.012695,-0.027054,0.027768,-0.054822,-0.0124,0.086078,-0.098478,0.003386,0.124353,-0.120967
7201.T,2016-11-07,2,streak_2,0.017305,0.016081,0.001224,-0.045771,0.027768,-0.073539,0.067726,0.086078,-0.018352,0.119629,0.124353,-0.004725
6465.T,2016-11-07,2,streak_2,0.031112,0.016081,0.015031,0.018888,0.027768,-0.00888,0.003334,0.086078,-0.082745,0.014522,0.124353,-0.109831
2206.T,2016-11-07,5,streak_5plus,-0.013536,0.016081,-0.029617,-0.152284,0.027768,-0.180053,-0.159053,0.086078,-0.245131,-0.121828,0.124353,-0.246181
6448.T,2016-11-07,4,streak_4,0.014855,0.016081,-0.001226,0.112818,0.027768,0.08505,0.061084,0.086078,-0.024994,0.156845,0.124353,0.032491
2433.T,2016-11-08,2,streak_2,0.004809,-0.000339,0.005149,0.046471,0.028841,0.01763,0.050483,0.076816,-0.026332,0.042468,0.100742,-0.058274
1802.T,2016-11-08,9,streak_5plus,0.004026,-0.000339,0.004365,0.013094,0.028841,-0.015747,0.099695,0.076816,0.022879,0.053379,0.100742,-0.047363
3405.T,2016-11-08,3,streak_3,-0.010127,-0.000339,-0.009788,-0.01329,0.028841,-0.042132,0.063297,0.076816,-0.013519,0.051718,0.100742,-0.049023
1812.T,2016-11-08,8,streak_5plus,0.011447,-0.000339,0.011786,-0.002857,0.028841,-0.031698,0.16596,0.076816,0.089144,0.051511,0.100742,-0.049231
6367.T,2016-11-08,5,streak_5plus,0.007458,-0.000339,0.007798,0.023869,0.028841,-0.004973,0.034809,0.076816,-0.042007,0.109895,0.100742,0.009154
6588.T,2016-11-08,2,streak_2,-0.004377,-0.000339,-0.004038,0.218818,0.028841,0.189977,0.242889,0.076816,0.166073,0.323847,0.100742,0.223106
6744.T,2016-11-08,2,streak_2,-0.027947,-0.000339,-0.027607,0.062581,0.028841,0.03374,0.04192,0.076816,-0.034896,-0.027947,0.100742,-0.128688
4188.T,2016-11-08,2,streak_2,0.021587,-0.000339,0.021926,0.00557,0.028841,-0.023271,0.083082,0.076816,0.006266,0.180833,0.100742,0.080092
7203.T,2016-11-08,2,streak_2,0.014462,-0.000339,0.014802,0.039247,0.028841,0.010406,0.180723,0.076816,0.103907,0.076599,0.100742,-0.024143
7832.T,2016-11-08,7,streak_5plus,-0.001633,-0.000339,-0.001293,-0.003266,0.028841,-0.032107,0.031109,0.076816,-0.045707,0.009821,0.100742,-0.09092
1803.T,2016-11-08,2,streak_2,0.0152,-0.000339,0.015539,0.068406,0.028841,0.039565,0.144405,0.076816,0.067589,0.092284,0.100742,-0.008458
3402.T,2016-11-08,2,streak_2,-0.032992,-0.000339,-0.032652,-0.077094,0.028841,-0.105935,-0.032677,0.076816,-0.109492,0.016452,0.100742,-0.08429
8850.T,2016-11-08,2,streak_2,0.00777,-0.000339,0.00811,0.001035,0.028841,-0.027806,0.074611,0.076816,-0.002204,0.143001,0.100742,0.04226
6869.T,2016-11-09,2,streak_2,-0.044879,-0.053568,0.008689,-0.085551,0.02893,-0.114481,-0.144459,0.092834,-0.237293,-0.110799,0.12856,-0.239359
8331.T,2016-11-09,2,streak_2,-0.063757,-0.053568,-0.010189,0.06844,0.02893,0.03951,0.166417,0.092834,0.073583,0.231729,0.12856,0.103169
2120.T,2016-11-10,2,streak_2,0.07376,0.067248,0.006512,-0.047159,0.099109,-0.146268,-0.051985,0.168897,-0.220881,-0.030223,0.197373,-0.227596
5233.T,2016-11-10,2,streak_2,0.10839,0.067248,0.041142,0.209789,0.099109,0.11068,0.297203,0.168897,0.128307,0.461541,0.197373,0.264168
1969.T,2016-11-10,2,streak_2,0.06609,0.067248,-0.001158,0.067532,0.099109,-0.031577,0.159051,0.168897,-0.009846,0.154684,0.197373,-0.042689
6098.T,2016-11-10,2,streak_2,0.0246,0.067248,-0.042648,0.061503,0.099109,-0.037606,0.057812,0.168897,-0.111085,0.274294,0.197373,0.076921
6366.T,2016-11-10,3,streak_3,0.069879,0.067248,0.002632,0.050602,0.099109,-0.048506,0.068675,0.168897,-0.100222,-0.119277,0.197373,-0.31665
4578.T,2016-11-11,3,streak_3,0.016575,0.001751,0.014824,0.021463,0.029878,-0.008415,-0.019338,0.104391,-0.12373,0.136756,0.109232,0.027525
7186.T,2016-11-11,3,streak_3,0.005435,0.001751,0.003684,0.047517,0.029878,0.017639,0.156191,0.104391,0.0518,0.224452,0.109232,0.115221
6502.T,2016-11-11,3,streak_3,0.009427,0.001751,0.007676,0.021472,0.029878,-0.008406,0.188269,0.104391,0.083878,-0.398272,0.109232,-0.507503
8570.T,2016-11-11,4,streak_4,0.007702,0.001751,0.005951,-0.016499,0.029878,-0.046377,0.150715,0.104391,0.046323,0.121563,0.109232,0.012332
6728.T,2016-11-11,3,streak_3,-0.020635,0.001751,-0.022386,0.080951,0.029878,0.051073,0.05238,0.104391,-0.052012,0.506347,0.109232,0.397115
8308.T,2016-11-11,3,streak_3,0.023917,0.001751,0.022166,0.14368,0.029878,0.113802,0.309564,0.104391,0.205172,0.298225,0.109232,0.188994
1860.T,2016-11-11,2,streak_2,-0.042704,0.001751,-0.044455,-0.046257,0.029878,-0.076134,0.137017,0.104391,0.032626,0.177921,0.109232,0.068689
8316.T,2016-11-14,2,streak_2,0.011334,0.017142,-0.005808,0.08545,0.034108,0.051342,0.22785,0.107957,0.119893,0.206751,0.118746,0.088005
9435.T,2016-11-14,2,streak_2,-0.021645,0.017142,-0.038786,-0.012986,0.034108,-0.047094,0.163421,0.107957,0.055464,0.163289,0.118746,0.044543
8411.T,2016-11-14,9,streak_5plus,0.009282,0.017142,-0.00786,0.075868,0.034108,0.04176,0.200875,0.107957,0.092918,0.151198,0.118746,0.032452
8830.T,2016-11-14,2,streak_2,0.04079,0.017142,0.023648,0.046994,0.034108,0.012886,0.148433,0.107957,0.040476,0.162618,0.118746,0.043872
6178.T,2016-11-14,4,streak_4,0.026946,0.017142,0.009805,0.038915,0.034108,0.004807,0.155683,0.107957,0.047726,0.097304,0.118746,-0.021442
8304.T,2016-11-15,2,streak_2,0.005667,-0.000253,0.00592,0.121812,0.024524,0.097288,0.209631,0.08946,0.120171,0.192562,0.094774,0.097787
8725.T,2016-11-18,3,streak_3,-0.013271,0.005866,-0.019137,0.051877,0.029032,0.022845,0.091061,0.085596,0.005465,0.150602,0.085027,0.065575
7956.T,2016-12-05,2,streak_2,0.019373,-0.0082,0.027573,-0.004019,0.03095,-0.034969,0.123905,0.059405,0.064499,0.244888,0.049824,0.195064
9843.T,2016-12-22,2,streak_2,0.006196,-0.000865,0.007061,0.03718,-0.015395,0.052576,-0.041054,-0.019902,-0.021151,0.052952,-0.023601,0.076553
2685.T,2016-12-29,6,streak_5plus,0.001502,-0.013225,0.014727,-0.049624,0.002712,-0.052336,-0.088723,-0.018575,-0.070149,-0.154308,-0.025382,-0.128926
7581.T,2017-01-11,3,streak_3,0.012059,0.003276,0.008783,-0.011699,-0.025278,0.01358,-0.053365,-0.015224,-0.038141,0.035088,-0.026089,0.061177
3349.T,2017-01-11,2,streak_2,0.006664,0.003276,0.003388,-0.049756,-0.025278,-0.024478,-0.065748,-0.015224,-0.050525,0.001776,-0.026089,0.027865
6506.T,2017-01-23,2,streak_2,-0.007611,-0.0129,0.00529,0.033995,0.017217,0.016779,0.088283,0.005913,0.08237,0.051426,-0.036964,0.088391
6594.T,2017-01-24,3,streak_3,0.004629,-0.005454,0.010083,-0.017592,0.025293,-0.042885,-0.008796,0.02596,-0.034756,-0.053233,-0.014307,-0.038926
6954.T,2017-01-26,3,streak_3,0.033304,0.018097,0.015206,0.010721,0.004753,0.005968,0.010951,0.016474,-0.005524,0.051412,0.001145,0.050267
2413.T,2017-01-26,2,streak_2,0.022107,0.018097,0.004009,0.048363,0.004753,0.04361,-0.012087,0.016474,-0.028561,-0.031085,0.001145,-0.032231
7276.T,2017-01-26,2,streak_2,0.004897,0.018097,-0.013201,-0.02773,0.004753,-0.032483,-0.047309,0.016474,-0.063783,-0.074608,0.001145,-0.075754
9708.T,2017-01-26,3,streak_3,-0.007133,0.018097,-0.025231,-0.008075,0.004753,-0.012828,0.002374,0.016474,-0.0141,0.003807,0.001145,0.002662
2810.T,2017-01-27,3,streak_3,0.003752,0.003351,0.000401,0.018339,-0.025142,0.043481,0.004166,-0.006126,0.010292,0.034072,-0.005822,0.039894
8316.T,2017-01-27,3,streak_3,0.017489,0.003351,0.014138,-0.037394,-0.025142,-0.012252,-0.010837,-0.006126,-0.004711,-0.053484,-0.005822,-0.047662
8616.T,2017-01-27,2,streak_2,-0.018617,0.003351,-0.021968,-0.03876,-0.025142,-0.013619,0.010846,-0.006126,0.016972,-0.082886,-0.005822,-0.077064
9202.T,2017-01-27,2,streak_2,0.026434,0.003351,0.023083,0.026434,-0.025142,0.051576,0.027346,-0.006126,0.033471,0.044947,-0.005822,0.050769
3064.T,2017-01-27,3,streak_3,0.025467,0.003351,0.022116,0.197292,-0.025142,0.222434,0.300723,-0.006126,0.306849,0.435963,-0.005822,0.441785
9507.T,2017-01-30,2,streak_2,-0.009884,-0.005062,-0.004822,-0.030544,-0.028211,-0.002333,0.017072,-0.018489,0.035561,0.170685,-0.011071,0.181756
1944.T,2017-01-30,2,streak_2,-0.003405,-0.005062,0.001657,-0.006134,-0.028211,0.022077,0.021114,-0.018489,0.039603,0.068841,-0.011071,0.079912
1959.T,2017-01-30,3,streak_3,-0.008068,-0.005062,-0.003006,-0.088388,-0.028211,-0.060176,-0.087423,-0.018489,-0.068934,0.030748,-0.011071,0.041819
4204.T,2017-01-30,2,streak_2,-0.039107,-0.005062,-0.034045,-0.078721,-0.028211,-0.05051,-0.06196,-0.018489,-0.043471,-0.068577,-0.011071,-0.057506
8060.T,2017-01-30,3,streak_3,-0.00614,-0.005062,-0.001077,0.131972,-0.028211,0.160183,0.161123,-0.018489,0.179612,0.194888,-0.011071,0.205959
8697.T,2017-01-30,10,streak_5plus,0.046211,-0.005062,0.051273,0.026591,-0.028211,0.054802,-0.010762,-0.018489,0.007727,0.058742,-0.011071,0.069813
9508.T,2017-01-30,4,streak_4,-0.009344,-0.005062,-0.004282,-0.058407,-0.028211,-0.030195,-0.030365,-0.018489,-0.011876,-0.055059,-0.011071,-0.043988
9022.T,2017-01-30,5,streak_5plus,-0.003443,-0.005062,0.001619,-0.04051,-0.028211,-0.012299,-0.027803,-0.018489,-0.009314,0.012563,-0.011071,0.023634
4185.T,2017-01-30,2,streak_2,-0.022705,-0.005062,-0.017643,-0.040097,-0.028211,-0.011885,-0.072947,-0.018489,-0.054458,-0.000966,-0.011071,0.010105
8601.T,2017-01-30,5,streak_5plus,-0.010783,-0.005062,-0.005721,-0.043581,-0.028211,-0.015369,-0.052496,-0.018489,-0.034007,-0.047805,-0.011071,-0.036733
5334.T,2017-01-30,2,streak_2,0.000399,-0.005062,0.005461,-0.026189,-0.028211,0.002023,-0.006744,-0.018489,0.011745,-0.012862,-0.011071,-0.00179
7974.T,2017-01-31,2,streak_2,-0.018884,-0.016909,-0.001975,0.007213,-0.020246,0.027459,-0.002759,-0.0129,0.010141,0.20946,-0.008886,0.218345
8304.T,2017-01-31,3,streak_3,-0.011991,-0.016909,0.004918,-0.011991,-0.020246,0.008255,0.009593,-0.0129,0.022493,-0.012884,-0.008886,-0.003998
6103.T,2017-01-31,3,streak_3,-0.022425,-0.016909,-0.005516,-0.046512,-0.020246,-0.026266,0.015782,-0.0129,0.028682,-0.023685,-0.008886,-0.014799
6971.T,2017-01-31,2,streak_2,-0.015389,-0.016909,0.00152,0.013218,-0.020246,0.033464,0.033806,-0.0129,0.046706,0.066263,-0.008886,0.075148
8604.T,2017-01-31,3,streak_3,-0.026429,-0.016909,-0.00952,0.025743,-0.020246,0.045989,0.009279,-0.0129,0.022179,-0.059318,-0.008886,-0.050432
3231.T,2017-01-31,2,streak_2,-0.020643,-0.016909,-0.003733,-0.045309,-0.020246,-0.025064,-0.040279,-0.0129,-0.027379,-0.033479,-0.008886,-0.024593
2327.T,2017-01-31,3,streak_3,0.026615,-0.016909,0.043524,0.080311,-0.020246,0.100557,0.043142,-0.0129,0.056042,0.130565,-0.008886,0.139451
9503.T,2017-01-31,3,streak_3,-0.02192,-0.016909,-0.005011,-0.034914,-0.020246,-0.014668,0.011363,-0.0129,0.024263,0.248113,-0.008886,0.256999
2206.T,2017-01-31,6,streak_5plus,-0.001934,-0.016909,0.014975,0.005803,-0.020246,0.026049,0.044489,-0.0129,0.057389,0.141547,-0.008886,0.150433
6925.T,2017-01-31,3,streak_3,-0.004165,-0.016909,0.012744,0.002082,-0.020246,0.022328,-0.003465,-0.0129,0.009435,-0.010508,-0.008886,-0.001622
9715.T,2017-01-31,2,streak_2,0.015083,-0.016909,0.031993,-0.088103,-0.020246,-0.067857,-0.096331,-0.0129,-0.083431,-0.064206,-0.008886,-0.05532
9104.T,2017-01-31,3,streak_3,-0.032259,-0.016909,-0.01535,-0.072583,-0.020246,-0.052337,-0.002688,-0.0129,0.010212,-0.067346,-0.008886,-0.05846
7741.T,2017-01-31,4,streak_4,0.003262,-0.016909,0.020171,-0.006115,-0.020246,0.014131,0.036282,-0.0129,0.049182,0.094323,-0.008886,0.103209
2282.T,2017-01-31,2,streak_2,0.006545,-0.016909,0.023455,-0.013093,-0.020246,0.007153,-0.019969,-0.0129,-0.007068,0.05492,-0.008886,0.063806
8309.T,2017-01-31,2,streak_2,-0.01329,-0.016909,0.003619,-0.049896,-0.020246,-0.02965,-0.060622,-0.0129,-0.047722,-0.094889,-0.008886,-0.086003
8411.T,2017-01-31,10,streak_5plus,-0.019585,-0.016909,-0.002676,-0.023316,-0.020246,-0.00307,-0.022383,-0.0129,-0.009483,-0.033401,-0.008886,-0.024515
9766.T,2017-01-31,3,streak_3,-0.040338,-0.016909,-0.023429,-0.030784,-0.020246,-0.010538,0.006371,-0.0129,0.019271,-0.007515,-0.008886,0.001371
6586.T,2017-01-31,5,streak_5plus,-0.003807,-0.016909,0.013102,-0.053299,-0.020246,-0.033053,-0.012689,-0.0129,0.000211,0.019764,-0.008886,0.02865
6762.T,2017-01-31,3,streak_3,-0.010951,-0.016909,0.005958,-0.075408,-0.020246,-0.055162,-0.070557,-0.0129,-0.057657,-0.153357,-0.008886,-0.144471
4503.T,2017-01-31,6,streak_5plus,-0.016889,-0.016909,2e-05,-0.034103,-0.020246,-0.013857,-0.017861,-0.0129,-0.004961,-0.035518,-0.008886,-0.026632
8369.T,2017-01-31,2,streak_2,-0.012277,-0.016909,0.004632,0.042411,-0.020246,0.062657,0.021205,-0.0129,0.034105,-0.008586,-0.008886,0.0003
9513.T,2017-01-31,3,streak_3,-0.021637,-0.016909,-0.004728,0.016035,-0.020246,0.036281,-0.01567,-0.0129,-0.00277,-0.022553,-0.008886,-0.013667
5975.T,2017-01-31,4,streak_4,0.011966,-0.016909,0.028875,-0.008441,-0.020246,0.011804,0.037653,-0.0129,0.050553,0.054337,-0.008886,0.063223
6724.T,2017-01-31,2,streak_2,-0.015625,-0.016909,0.001285,0.019845,-0.020246,0.040091,0.06123,-0.0129,0.074131,-0.024764,-0.008886,-0.015878
6472.T,2017-01-31,2,streak_2,-0.032308,-0.016909,-0.015399,0.048486,-0.020246,0.068732,0.129304,-0.0129,0.142204,0.155744,-0.008886,0.16463
2267.T,2017-01-31,2,streak_2,0.070112,-0.016909,0.087021,0.132841,-0.020246,0.153087,0.130997,-0.0129,0.143897,0.172845,-0.008886,0.181731
9719.T,2017-01-31,7,streak_5plus,-0.003524,-0.016909,0.013385,-0.002341,-0.020246,0.017905,-0.028167,-0.0129,-0.015267,0.06428,-0.008886,0.073166
4502.T,2017-02-01,5,streak_5plus,0.009313,0.005606,0.003707,0.062868,-0.006857,0.069725,0.124893,0.018497,0.106396,0.152265,0.014137,0.138129
4186.T,2017-02-01,3,streak_3,-0.012372,0.005606,-0.017978,-0.113859,-0.006857,-0.107002,-0.080439,0.018497,-0.098935,-0.092239,0.014137,-0.106375
6501.T,2017-02-01,3,streak_3,0.000933,0.005606,-0.004673,0.038136,-0.006857,0.044992,-0.02579,0.018497,-0.044286,-0.025808,0.014137,-0.039945
9697.T,2017-02-01,2,streak_2,0.007982,0.005606,0.002376,-0.069387,-0.006857,-0.062531,-0.029253,0.018497,-0.04775,0.044313,0.014137,0.030176
9042.T,2017-02-02,3,streak_3,-0.013019,-0.012194,-0.000825,-0.026042,-0.007337,-0.018705,-0.007813,0.021763,-0.029576,-0.024088,0.015543,-0.039632
6201.T,2017-02-02,2,streak_2,-0.025594,-0.012194,-0.013399,-0.038391,-0.007337,-0.031054,0.018282,0.021763,-0.003481,0.037617,0.015543,0.022074
4581.T,2017-02-02,3,streak_3,-0.010406,-0.012194,0.001789,-0.027055,-0.007337,-0.019719,-0.040584,0.021763,-0.062347,-0.025983,0.015543,-0.041526
7261.T,2017-02-02,2,streak_2,-0.008236,-0.012194,0.003959,-0.054912,-0.007337,-0.047575,-0.007016,0.021763,-0.028779,-0.009261,0.015543,-0.024804
6473.T,2017-02-02,3,streak_3,-0.046742,-0.012194,-0.034547,-0.043592,-0.007337,-0.036256,0.034668,0.021763,0.012905,-0.020869,0.015543,-0.036412
6752.T,2017-02-02,2,streak_2,-0.013924,-0.012194,-0.00173,0.005915,-0.007337,0.013251,0.073001,0.021763,0.051238,0.144317,0.015543,0.128774
3632.T,2017-02-02,2,streak_2,-0.027772,-0.012194,-0.015578,0.080072,-0.007337,0.087408,0.171571,0.021763,0.149808,0.382341,0.015543,0.366798
8058.T,2017-02-02,5,streak_5plus,0.021173,-0.012194,0.033367,0.004274,-0.007337,0.011611,-0.00467,0.021763,-0.026433,-0.032708,0.015543,-0.048251
2371.T,2017-02-02,7,streak_5plus,-0.133966,-0.012194,-0.121771,-0.185147,-0.007337,-0.177811,-0.157553,0.021763,-0.179316,-0.17969,0.015543,-0.195233
4523.T,2017-02-02,9,streak_5plus,-0.00867,-0.012194,0.003524,-0.012525,-0.007337,-0.005188,0.028258,0.021763,0.006495,-0.050769,0.015543,-0.066312
6963.T,2017-02-02,4,streak_4,-0.017859,-0.012194,-0.005664,0.046705,-0.007337,0.054042,0.070055,0.021763,0.048292,0.162343,0.015543,0.1468
4507.T,2017-02-02,7,streak_5plus,0.00165,-0.012194,0.013844,0.031418,-0.007337,0.038755,0.03895,0.021763,0.017187,0.082425,0.015543,0.066882
6902.T,2017-02-02,2,streak_2,0.003021,-0.012194,0.015215,-0.009886,-0.007337,-0.00255,0.021777,0.021763,1.4e-05,-0.01364,0.015543,-0.029183
7733.T,2017-02-02,4,streak_4,-0.010244,-0.012194,0.00195,0.019213,-0.007337,0.02655,0.034579,0.021763,0.012816,0.149542,0.015543,0.133999
5401.T,2017-02-02,2,streak_2,-0.023476,-0.012194,-0.011282,-0.010776,-0.007337,-0.003439,0.019483,0.021763,-0.00228,-0.008948,0.015543,-0.024491
8015.T,2017-02-02,5,streak_5plus,0.041932,-0.012194,0.054127,0.05968,-0.007337,0.067017,0.103225,0.021763,0.081462,0.157083,0.015543,0.141539
4452.T,2017-02-02,4,streak_4,-0.004623,-0.012194,0.007572,0.034674,-0.007337,0.042011,0.053876,0.021763,0.032113,0.089616,0.015543,0.074073
4183.T,2017-02-02,2,streak_2,-0.023896,-0.012194,-0.011702,-0.055149,-0.007337,-0.047813,0.07353,0.021763,0.051767,0.073756,0.015543,0.058213
4739.T,2017-02-02,4,streak_4,0.014471,-0.012194,0.026665,0.028942,-0.007337,0.036278,-0.020899,0.021763,-0.042662,0.089553,0.015543,0.07401
7186.T,2017-02-03,4,streak_4,0.033625,0.000191,0.033434,0.036207,-0.000365,0.036572,0.056395,0.029321,0.027075,-0.053376,0.051871,-0.105247
7988.T,2017-02-03,2,streak_2,0.0,0.000191,-0.000191,-0.028167,-0.000365,-0.027802,0.005283,0.029321,-0.024038,0.019173,0.051871,-0.032698
4114.T,2017-02-03,2,streak_2,-0.005177,0.000191,-0.005369,-0.032344,-0.000365,-0.031979,-0.021996,0.029321,-0.051317,-0.025313,0.051871,-0.077184
7267.T,2017-02-03,3,streak_3,0.00175,0.000191,0.001559,0.02546,-0.000365,0.025826,0.040971,0.029321,0.011651,-0.038838,0.051871,-0.090709
8001.T,2017-02-03,2,streak_2,-0.009369,0.000191,-0.00956,0.012271,-0.000365,0.012636,0.054905,0.029321,0.025584,0.078276,0.051871,0.026405
8306.T,2017-02-03,2,streak_2,0.01151,0.000191,0.011318,0.02536,-0.000365,0.025725,0.05099,0.029321,0.02167,0.030621,0.051871,-0.02125
4689.T,2017-02-03,3,streak_3,-0.014968,0.000191,-0.015159,0.111119,-0.000365,0.111485,0.132484,0.029321,0.103163,0.043453,0.051871,-0.008418
8331.T,2017-02-06,3,streak_3,0.011884,0.003093,0.008791,0.046233,0.024354,0.021879,0.044912,0.024365,0.020547,0.026442,0.048884,-0.022442
5938.T,2017-02-06,3,streak_3,0.058423,0.003093,0.05533,0.054626,0.024354,0.030273,0.085736,0.024365,0.061371,0.101505,0.048884,0.052621
8802.T,2017-02-06,10,streak_5plus,-0.005093,0.003093,-0.008186,0.075929,0.024354,0.051575,0.016666,0.024365,-0.007699,0.046314,0.048884,-0.002571
2433.T,2017-02-06,3,streak_3,0.016692,0.003093,0.013599,-0.034827,0.024354,-0.059181,0.005808,0.024365,-0.018557,0.041304,0.048884,-0.00758
7735.T,2017-02-06,2,streak_2,-0.01013,0.003093,-0.013222,0.124459,0.024354,0.100105,0.086832,0.024365,0.062467,0.296533,0.048884,0.247649
7203.T,2017-02-06,3,streak_3,0.007444,0.003093,0.004351,0.000153,0.024354,-0.024201,-0.000163,0.024365,-0.024528,-0.030783,0.048884,-0.079667
8804.T,2017-02-06,2,streak_2,0.002708,0.003093,-0.000384,0.096685,0.024354,0.072331,0.059505,0.024365,0.03514,0.063554,0.048884,0.01467
3407.T,2017-02-07,2,streak_2,0.021856,-0.003474,0.025331,0.067025,0.025423,0.041602,0.059735,0.019363,0.040372,0.08758,0.048659,0.038922
2871.T,2017-02-07,2,streak_2,0.011651,-0.003474,0.015125,0.08629,0.025423,0.060867,0.148412,0.019363,0.129049,0.242663,0.048659,0.194004
2815.T,2017-02-07,2,streak_2,0.003455,-0.003474,0.006929,0.088083,0.025423,0.062661,0.136442,0.019363,0.117079,0.268138,0.048659,0.21948
7701.T,2017-02-07,3,streak_3,-0.006273,-0.003474,-0.002799,-0.018304,0.025423,-0.043727,-0.038178,0.019363,-0.05754,0.053464,0.048659,0.004805
8358.T,2017-02-07,2,streak_2,0.010621,-0.003474,0.014095,0.012896,0.025423,-0.012527,-0.050837,0.019363,-0.0702,-0.066603,0.048659,-0.115262
7832.T,2017-02-07,8,streak_5plus,-0.025847,-0.003474,-0.022373,0.017777,0.025423,-0.007646,0.072707,0.019363,0.053344,0.190554,0.048659,0.141895
9409.T,2017-02-07,3,streak_3,-0.001766,-0.003474,0.001709,0.049337,0.025423,0.023914,0.00132,0.019363,-0.018042,-0.085745,0.048659,-0.134404
8053.T,2017-02-07,2,streak_2,0.0144,-0.003474,0.017874,0.046358,0.025423,0.020936,0.069193,0.019363,0.04983,0.109884,0.048659,0.061225
5947.T,2017-02-07,2,streak_2,-0.00521,-0.003474,-0.001735,-0.057293,0.025423,-0.082715,-0.054167,0.019363,-0.073529,0.029882,0.048659,-0.018776
4536.T,2017-02-07,3,streak_3,0.006665,-0.003474,0.010139,0.092665,0.025423,0.067242,0.093994,0.019363,0.074632,0.10187,0.048659,0.053211
4246.T,2017-02-07,2,streak_2,-0.008873,-0.003474,-0.005399,-0.038252,0.025423,-0.063675,0.022547,0.019363,0.003184,-0.008145,0.048659,-0.056803
6448.T,2017-02-08,5,streak_5plus,0.003817,0.00512,-0.001303,-0.055395,0.017355,-0.072751,0.044411,0.018151,0.02626,0.231993,0.055565,0.176428
3436.T,2017-02-08,2,streak_2,0.005717,0.00512,0.000597,0.006291,0.017355,-0.011065,-0.094338,0.018151,-0.112489,0.106345,0.055565,0.050781
6367.T,2017-02-08,6,streak_5plus,-0.000445,0.00512,-0.005565,-0.040908,0.017355,-0.058263,-0.027569,0.018151,-0.04572,-0.010666,0.055565,-0.066231
8850.T,2017-02-08,3,streak_3,0.048478,0.00512,0.043358,0.240849,0.017355,0.223494,0.260962,0.018151,0.242811,0.40143,0.055565,0.345865
1801.T,2017-02-08,2,streak_2,-0.011251,0.00512,-0.016371,0.00625,0.017355,-0.011105,0.00625,0.018151,-0.011901,0.123673,0.055565,0.068108
2432.T,2017-02-08,3,streak_3,0.013348,0.00512,0.008228,0.052184,0.017355,0.034829,-0.0089,0.018151,-0.027051,0.039719,0.055565,-0.015845
6269.T,2017-02-08,2,streak_2,0.016407,0.00512,0.011287,0.378009,0.017355,0.360654,0.305798,0.018151,0.287647,0.396059,0.055565,0.340494
4188.T,2017-02-08,3,streak_3,0.051089,0.00512,0.045969,0.061152,0.017355,0.043797,0.132781,0.018151,0.11463,0.187117,0.055565,0.131552
1969.T,2017-02-09,3,streak_3,-0.016321,-0.005257,-0.011063,0.054183,0.022643,0.03154,0.091387,0.016361,0.075026,0.152086,0.046103,0.105984
8830.T,2017-02-09,3,streak_3,0.012039,-0.005257,0.017297,0.06671,0.022643,0.044067,-0.007809,0.016361,-0.02417,0.029641,0.046103,-0.016461
3402.T,2017-02-09,3,streak_3,-0.005325,-0.005257,-6.8e-05,0.013535,0.022643,-0.009107,0.018762,0.016361,0.002401,-0.025024,0.046103,-0.071127
7201.T,2017-02-09,3,streak_3,-0.020309,-0.005257,-0.015052,-0.004853,0.022643,-0.027496,0.007947,0.016361,-0.008414,-0.000929,0.046103,-0.047032
9735.T,2017-02-09,2,streak_2,-0.010938,-0.005257,-0.005681,0.025888,0.022643,0.003245,-0.00401,0.016361,-0.020371,0.009843,0.046103,-0.036259
7272.T,2017-02-09,2,streak_2,-0.009295,-0.005257,-0.004037,0.098824,0.022643,0.076182,0.12839,0.016361,0.112029,0.149494,0.046103,0.103391
4912.T,2017-02-10,6,streak_5plus,0.019451,0.024924,-0.005473,-0.072959,0.023264,-0.096222,0.005833,0.03686,-0.031027,0.064198,0.050888,0.01331
1605.T,2017-02-10,2,streak_2,0.035697,0.024924,0.010773,0.06999,0.023264,0.046727,0.045094,0.03686,0.008234,0.030067,0.050888,-0.020821
8801.T,2017-02-10,2,streak_2,0.032659,0.024924,0.007735,0.028865,0.023264,0.005601,-0.023173,0.03686,-0.060033,0.022699,0.050888,-0.028189
6481.T,2017-02-10,2,streak_2,0.030925,0.024924,0.006,0.091332,0.023264,0.068068,0.118303,0.03686,0.081443,0.093607,0.050888,0.042718
7458.T,2017-02-10,3,streak_3,0.023568,0.024924,-0.001357,0.061729,0.023264,0.038465,0.053871,0.03686,0.017011,0.145142,0.050888,0.094254
1860.T,2017-02-10,3,streak_3,0.004777,0.024924,-0.020148,0.089313,0.023264,0.066049,0.149924,0.03686,0.113063,0.13795,0.050888,0.087062
6098.T,2017-02-13,3,streak_3,-0.001927,0.00414,-0.006067,0.015413,-0.007447,0.022859,0.12524,0.013149,0.112091,0.206557,0.027911,0.178645
2503.T,2017-02-13,3,streak_3,0.004003,0.00414,-0.000136,0.010948,-0.007447,0.018395,0.113191,0.013149,0.100042,0.2189,0.027911,0.190989
6728.T,2017-02-13,4,streak_4,-0.017011,0.00414,-0.02115,0.222356,-0.007447,0.229803,0.270961,0.013149,0.257812,0.42649,0.027911,0.398579
6465.T,2017-02-13,3,streak_3,0.0213,0.00414,0.01716,-0.034755,-0.007447,-0.027308,0.004484,0.013149,-0.008665,0.08296,0.027911,0.055049
7936.T,2017-02-13,2,streak_2,0.013032,0.00414,0.008893,-0.092185,-0.007447,-0.084738,-0.073094,0.013149,-0.086243,-0.114065,0.027911,-0.141976
4578.T,2017-02-14,4,streak_4,-0.038307,-0.011314,-0.026993,-0.064089,-0.010693,-0.053396,-0.038852,0.007726,-0.046579,-0.057371,0.018281,-0.075652
8725.T,2017-02-14,4,streak_4,-0.00736,-0.011314,0.003954,0.008653,-0.010693,0.019346,0.018887,0.007726,0.01116,-0.030218,0.018281,-0.048499
6856.T,2017-02-14,2,streak_2,-0.008333,-0.011314,0.002981,0.039999,-0.010693,0.050691,0.073332,0.007726,0.065606,0.136667,0.018281,0.118386
1803.T,2017-02-14,3,streak_3,-0.011708,-0.011314,-0.000394,0.016582,-0.010693,0.027274,0.024391,0.007726,0.016665,0.110247,0.018281,0.091967
6178.T,2017-02-14,5,streak_5plus,-0.009532,-0.011314,0.001782,0.003403,-0.010693,0.014096,-0.003403,0.007726,-0.011129,-0.05982,0.018281,-0.078101
1802.T,2017-02-14,10,streak_5plus,-0.017536,-0.011314,-0.006222,-0.016617,-0.010693,-0.005924,-0.028623,0.007726,-0.036349,0.137557,0.018281,0.119276
7309.T,2017-02-14,2,streak_2,-0.017818,-0.011314,-0.006503,-0.077394,-0.010693,-0.066702,-0.037862,0.007726,-0.045588,-0.003341,0.018281,-0.021621
8630.T,2017-02-14,2,streak_2,-0.008518,-0.011314,0.002796,0.041607,-0.010693,0.0523,0.079066,0.007726,0.071339,0.066128,0.018281,0.047847
6592.T,2017-02-14,2,streak_2,-0.051726,-0.011314,-0.040411,-0.023513,-0.010693,-0.01282,0.007836,0.007726,0.00011,0.018809,0.018281,0.000528
8750.T,2017-02-14,2,streak_2,-0.007216,-0.011314,0.004099,0.029143,-0.010693,0.039835,0.076719,0.007726,0.068993,-0.114581,0.018281,-0.132862
9435.T,2017-02-14,3,streak_3,-0.02985,-0.011314,-0.018536,0.023322,-0.010693,0.034014,0.053172,0.007726,0.045445,0.010107,0.018281,-0.008174
7181.T,2017-02-14,2,streak_2,-0.00957,-0.011314,0.001745,0.023188,-0.010693,0.033881,0.033863,0.007726,0.026137,-0.098704,0.018281,-0.116985
4704.T,2017-02-16,2,streak_2,0.00114,-0.004653,0.005793,0.136676,-0.00299,0.139666,0.118453,0.007828,0.110625,0.220957,0.00786,0.213098
7956.T,2017-03-06,3,streak_3,0.0,-0.004624,0.004624,0.039095,0.006957,0.032138,0.06466,-0.033844,0.098504,0.2406,0.026233,0.214367
1928.T,2017-03-09,2,streak_2,0.009657,0.003353,0.006304,0.013146,0.016794,-0.003648,-0.040235,-0.030612,-0.009623,0.017705,0.039432,-0.021727
3391.T,2017-03-14,2,streak_2,-0.004746,-0.001235,-0.003511,0.028494,-0.009059,0.037554,0.049382,-0.055065,0.104447,0.205766,0.012721,0.193044
9843.T,2017-03-28,3,streak_3,-0.005997,0.011444,-0.017441,0.067465,-0.000124,0.06759,0.102695,0.004937,0.097758,0.251871,0.065286,0.186584
8227.T,2017-04-03,2,streak_2,0.008838,0.003912,0.004926,0.050986,-0.012937,0.063923,0.027872,0.02122,0.006652,-0.072739,0.060634,-0.133373
3382.T,2017-04-06,2,streak_2,-0.01812,-0.014008,-0.004112,0.028057,-0.016365,0.044422,0.076226,0.05205,0.024176,0.022096,0.060059,-0.037963
2670.T,2017-04-11,2,streak_2,0.00308,-0.00266,0.005741,-0.026196,-0.023546,-0.002649,0.0,0.057774,-0.057774,-0.023115,0.074349,-0.097464
3349.T,2017-04-12,3,streak_3,0.000878,-0.010415,0.011293,-0.012296,-0.017564,0.005268,0.050944,0.059846,-0.008902,0.010979,0.072035,-0.061056
7581.T,2017-04-12,4,streak_4,0.009744,-0.010415,0.020159,0.099278,-0.017564,0.116842,0.144403,0.059846,0.084557,0.229239,0.072035,0.157204
7453.T,2017-04-12,2,streak_2,0.004407,-0.010415,0.014822,-0.006026,-0.017564,0.011538,0.132819,0.059846,0.072973,0.110754,0.072035,0.038718
3141.T,2017-04-12,2,streak_2,-0.008862,-0.010415,0.001553,0.025115,-0.017564,0.042678,0.11522,0.059846,0.055374,0.200891,0.072035,0.128855
3087.T,2017-04-14,3,streak_3,-0.005034,-0.00495,-8.4e-05,0.069109,0.000198,0.068911,0.096108,0.075327,0.020781,0.114874,0.091824,0.02305
4185.T,2017-04-24,3,streak_3,0.006771,0.013701,-0.006931,0.060417,0.030933,0.029484,-0.018229,0.064035,-0.082264,-0.011458,0.071665,-0.083123
8218.T,2017-04-25,2,streak_2,0.000361,0.010778,-0.010417,-0.011538,0.023026,-0.034565,0.024873,0.042963,-0.01809,0.103099,0.062211,0.040888
2413.T,2017-04-25,3,streak_3,0.0,0.010778,-0.010778,0.023256,0.023026,0.00023,0.137746,0.042963,0.094784,0.11449,0.062211,0.05228
8060.T,2017-04-25,4,streak_4,0.007992,0.010778,-0.002786,0.054619,0.023026,0.031592,0.034192,0.042963,-0.008771,0.169702,0.062211,0.107492
6594.T,2017-04-25,4,streak_4,0.015221,0.010778,0.004442,-0.010309,0.023026,-0.033335,0.073639,0.042963,0.030677,0.141388,0.062211,0.079177
4684.T,2017-04-25,2,streak_2,0.007265,0.010778,-0.003514,0.11454,0.023026,0.091514,0.187266,0.042963,0.144304,0.218179,0.062211,0.155968
4519.T,2017-04-25,2,streak_2,-0.008948,0.010778,-0.019727,0.021738,0.023026,-0.001288,0.076728,0.042963,0.033766,0.181957,0.062211,0.119746
9507.T,2017-04-27,3,streak_3,-0.003114,-0.001947,-0.001167,0.068484,0.03143,0.037054,0.106618,0.020136,0.086481,0.059921,0.034755,0.025165
7974.T,2017-04-27,3,streak_3,-0.005613,-0.001947,-0.003665,0.043085,0.03143,0.011655,0.231353,0.020136,0.211217,0.356265,0.034755,0.32151
6301.T,2017-04-27,2,streak_2,0.00068,-0.001947,0.002628,-0.02139,0.03143,-0.05282,-0.091849,0.020136,-0.111986,0.002886,0.034755,-0.031869
6954.T,2017-04-27,4,streak_4,-0.020847,-0.001947,-0.018899,-0.000214,0.03143,-0.031645,-0.063829,0.020136,-0.083965,0.001289,0.034755,-0.033466
1944.T,2017-04-27,3,streak_3,-0.00064,-0.001947,0.001307,0.133037,0.03143,0.101607,0.091905,0.020136,0.071769,0.107327,0.034755,0.072572
7205.T,2017-04-27,2,streak_2,-0.010249,-0.001947,-0.008302,0.029282,0.03143,-0.002148,-0.015374,0.020136,-0.03551,-0.103953,0.034755,-0.138709
7278.T,2017-04-27,2,streak_2,-0.003245,-0.001947,-0.001298,0.051947,0.03143,0.020516,-0.006491,0.020136,-0.026627,0.103898,0.034755,0.069143
3231.T,2017-04-27,3,streak_3,-0.008213,-0.001947,-0.006266,0.094155,0.03143,0.062724,0.323492,0.020136,0.303356,0.224417,0.034755,0.189662
5411.T,2017-04-27,4,streak_4,-0.009989,-0.001947,-0.008041,-0.006574,0.03143,-0.038005,-0.034971,0.020136,-0.055108,0.107021,0.034755,0.072266
6770.T,2017-04-27,2,streak_2,-0.006351,-0.001947,-0.004404,0.063494,0.03143,0.032063,-0.028573,0.020136,-0.04871,-0.015874,0.034755,-0.05063
3632.T,2017-04-27,3,streak_3,-0.006812,-0.001947,-0.004865,-0.035223,0.03143,-0.066653,0.057957,0.020136,0.037821,-0.017399,0.034755,-0.052155
4204.T,2017-04-27,3,streak_3,-0.020307,-0.001947,-0.01836,0.065744,0.03143,0.034314,0.039549,0.020136,0.019413,0.103689,0.034755,0.068933
5471.T,2017-04-27,2,streak_2,0.135426,-0.001947,0.137373,0.179957,0.03143,0.148527,0.103894,0.020136,0.083757,0.244891,0.034755,0.210135
4503.T,2017-04-27,7,streak_5plus,-0.03131,-0.001947,-0.029362,-0.076997,0.03143,-0.108427,-0.103191,0.020136,-0.123327,-0.116292,0.034755,-0.151047
9022.T,2017-04-27,6,streak_5plus,-0.002356,-0.001947,-0.000409,-0.004452,0.03143,-0.035882,-0.047394,0.020136,-0.067531,-0.072532,0.034755,-0.107287
3064.T,2017-04-28,4,streak_4,-0.006847,-0.002864,-0.003983,-0.004113,0.030705,-0.034818,0.02192,0.02071,0.00121,0.000278,0.034974,-0.034696
8601.T,2017-04-28,6,streak_5plus,-0.021669,-0.002864,-0.018805,-0.006505,0.030705,-0.03721,-0.02715,0.02071,-0.047859,-0.081172,0.034974,-0.116146
5401.T,2017-04-28,3,streak_3,-0.011202,-0.002864,-0.008338,-0.025783,0.030705,-0.056488,-0.071894,0.02071,-0.092604,0.068128,0.034974,0.033154
9020.T,2017-04-28,2,streak_2,-0.003803,-0.002864,-0.000939,0.030826,0.030705,0.000121,0.062348,0.02071,0.041638,0.035829,0.034974,0.000855
7259.T,2017-04-28,2,streak_2,0.030248,-0.002864,0.033112,0.098298,0.030705,0.067593,0.032142,0.02071,0.011433,0.086955,0.034974,0.051981
2212.T,2017-04-28,2,streak_2,-0.006764,-0.002864,-0.003901,-0.045245,0.030705,-0.07595,-0.0296,0.02071,-0.05031,-0.06385,0.034974,-0.098824
6967.T,2017-04-28,3,streak_3,0.005059,-0.002864,0.007922,0.127535,0.030705,0.09683,0.113645,0.02071,0.092935,0.016419,0.034974,-0.018555
4205.T,2017-04-28,2,streak_2,-0.017805,-0.002864,-0.014942,-0.085913,0.030705,-0.116618,-0.124617,0.02071,-0.145327,0.070438,0.034974,0.035464
6103.T,2017-04-28,4,streak_4,-0.017677,-0.002864,-0.014813,-0.051347,0.030705,-0.082052,-0.164144,0.02071,-0.184853,-0.10522,0.034974,-0.140194
2587.T,2017-04-28,2,streak_2,-0.006972,-0.002864,-0.004109,0.035856,0.030705,0.005151,0.071712,0.02071,0.051002,0.085281,0.034974,0.050307
2327.T,2017-04-28,4,streak_4,0.078218,-0.002864,0.081082,0.10562,0.030705,0.074915,0.173669,0.02071,0.152959,0.026522,0.034974,-0.008452
6201.T,2017-04-28,3,streak_3,-0.001803,-0.002864,0.001061,0.043243,0.030705,0.012538,0.003603,0.02071,-0.017106,0.068467,0.034974,0.033494
9503.T,2017-04-28,4,streak_4,0.027621,-0.002864,0.030485,0.036822,0.030705,0.006117,0.057284,0.02071,0.036574,0.009891,0.034974,-0.025083
6473.T,2017-04-28,4,streak_4,-0.024467,-0.002864,-0.021604,0.033933,0.030705,0.003228,-0.075079,0.02071,-0.095788,-0.124021,0.034974,-0.158995
4063.T,2017-04-28,2,streak_2,-0.012543,-0.002864,-0.009679,0.009789,0.030705,-0.020916,0.012747,0.02071,-0.007963,0.030898,0.034974,-0.004076
2503.T,2017-04-28,4,streak_4,-0.000694,-0.002864,0.002169,0.030682,0.030705,-2.3e-05,0.077973,0.02071,0.057263,0.131224,0.034974,0.09625
9104.T,2017-04-28,4,streak_4,-0.008721,-0.002864,-0.005857,-0.040701,0.030705,-0.071406,-0.075583,0.02071,-0.096292,0.0,0.034974,-0.034974
8616.T,2017-04-28,3,streak_3,-0.027593,-0.002864,-0.024729,0.02415,0.030705,-0.006555,-0.006886,0.02071,-0.027595,0.110346,0.034974,0.075372
7267.T,2017-04-28,4,streak_4,-0.004011,-0.002864,-0.001147,-0.012332,0.030705,-0.043037,-0.039441,0.02071,-0.060151,-0.034653,0.034974,-0.069627
8697.T,2017-04-28,11,streak_5plus,-0.035811,-0.002864,-0.032947,0.014212,0.030705,-0.016493,0.105633,0.02071,0.084924,0.2236,0.034974,0.188626
6806.T,2017-04-28,2,streak_2,0.003351,-0.002864,0.006215,0.02614,0.030705,-0.004565,-0.009383,0.02071,-0.030092,0.008044,0.034974,-0.02693
9508.T,2017-04-28,5,streak_5plus,0.003334,-0.002864,0.006198,0.059267,0.030705,0.028562,0.14524,0.02071,0.124531,0.090151,0.034974,0.055178
6902.T,2017-04-28,3,streak_3,-0.034017,-0.002864,-0.031154,0.003822,0.030705,-0.026883,-0.049717,0.02071,-0.070427,0.068035,0.034974,0.033061
5214.T,2017-04-28,2,streak_2,0.001448,-0.002864,0.004311,0.092752,0.030705,0.062047,0.118838,0.02071,0.098128,0.144401,0.034974,0.109428
8015.T,2017-04-28,6,streak_5plus,0.030788,-0.002864,0.033651,0.083568,0.030705,0.052863,-0.004403,0.02071,-0.025113,0.041043,0.034974,0.006069
6592.T,2017-04-28,3,streak_3,-0.004749,-0.002864,-0.001885,0.05063,0.030705,0.019925,-0.01266,0.02071,-0.033369,-0.070354,0.034974,-0.105328
9202.T,2017-04-28,3,streak_3,0.002988,-0.002864,0.005852,0.023317,0.030705,-0.007388,0.084902,0.02071,0.064192,0.13154,0.034974,0.096566
6988.T,2017-04-28,2,streak_2,-0.000955,-0.002864,0.001909,0.094314,0.030705,0.063609,0.058826,0.02071,0.038116,0.17399,0.034974,0.139017
3116.T,2017-04-28,2,streak_2,-0.045788,-0.002864,-0.042925,-0.02269,0.030705,-0.053395,-0.134118,0.02071,-0.154827,-0.064832,0.034974,-0.099806
9719.T,2017-04-28,8,streak_5plus,-0.005543,-0.002864,-0.002679,0.045457,0.030705,0.014752,0.08537,0.02071,0.064661,0.034371,0.034974,-0.000603
4739.T,2017-05-01,5,streak_5plus,0.035437,0.005927,0.02951,0.110934,0.036639,0.074295,0.174108,0.034552,0.139556,0.186439,0.041103,0.145336
6971.T,2017-05-01,3,streak_3,0.016161,0.005927,0.010234,0.058635,0.036639,0.021996,0.016477,0.034552,-0.018075,0.05784,0.041103,0.016737
6269.T,2017-05-01,3,streak_3,-0.001279,0.005927,-0.007206,0.101406,0.036639,0.064767,0.057517,0.034552,0.022965,0.132218,0.041103,0.091115
7733.T,2017-05-02,5,streak_5plus,0.0336,0.007,0.0266,0.004635,0.033714,-0.029079,-0.038235,0.044885,-0.08312,-0.055618,0.03985,-0.095468
5201.T,2017-05-09,2,streak_2,-0.010957,-0.002649,-0.008308,-0.078685,-0.001299,-0.077386,-0.09263,0.004232,-0.096862,-0.069859,0.002846,-0.072705
6448.T,2017-05-09,6,streak_5plus,-0.006068,-0.002649,-0.00342,0.005254,-0.001299,0.006554,0.052163,0.004232,0.047931,0.142741,0.002846,0.139895
4912.T,2017-05-09,7,streak_5plus,-0.008451,-0.002649,-0.005802,0.027227,-0.001299,0.028526,0.155399,0.004232,0.151166,0.037699,0.002846,0.034852
4114.T,2017-05-09,3,streak_3,-0.040218,-0.002649,-0.037569,-0.042894,-0.001299,-0.041595,-0.083112,0.004232,-0.087344,0.034851,0.002846,0.032004
2871.T,2017-05-09,3,streak_3,-0.019371,-0.002649,-0.016722,0.017963,-0.001299,0.019263,0.144771,0.004232,0.140539,0.012333,0.002846,0.009487
8053.T,2017-05-09,3,streak_3,0.015882,-0.002649,0.01853,-0.023986,-0.001299,-0.022687,-0.053807,0.004232,-0.058039,0.005509,0.002846,0.002662
5947.T,2017-05-09,3,streak_3,0.041008,-0.002649,0.043657,0.049419,-0.001299,0.050719,0.068346,0.004232,0.064114,0.086222,0.002846,0.083376
2282.T,2017-05-09,3,streak_3,0.009231,-0.002649,0.011879,0.026155,-0.001299,0.027454,0.073846,0.004232,0.069614,-0.009231,0.002846,-0.012077
7735.T,2017-05-09,3,streak_3,0.00682,-0.002649,0.009469,-0.077273,-0.001299,-0.075973,-0.048863,0.004232,-0.053095,-0.18068,0.002846,-0.183526
6479.T,2017-05-09,2,streak_2,-0.012194,-0.002649,-0.009545,0.084757,-0.001299,0.086056,0.165242,0.004232,0.161009,0.124394,0.002846,0.121548
7936.T,2017-05-09,3,streak_3,-0.00401,-0.002649,-0.001361,-0.044091,-0.001299,-0.042792,-0.040574,0.004232,-0.044806,-0.027557,0.002846,-0.030403
5949.T,2017-05-10,3,streak_3,0.005295,0.002877,0.002417,0.052935,0.003871,0.049064,0.071256,0.007137,0.064119,0.054156,0.010729,0.043428
8802.T,2017-05-10,11,streak_5plus,-0.002668,0.002877,-0.005545,-0.065835,0.003871,-0.069706,-0.060274,0.007137,-0.067411,-0.108541,0.010729,-0.11927
4502.T,2017-05-10,6,streak_5plus,-0.00381,0.002877,-0.006687,0.02069,0.003871,0.016819,0.021598,0.007137,0.014461,0.084393,0.010729,0.073664
4694.T,2017-05-10,3,streak_3,-0.005169,0.002877,-0.008046,-0.092248,0.003871,-0.096119,-0.108549,0.007137,-0.115686,-0.0505,0.010729,-0.061229
1802.T,2017-05-10,11,streak_5plus,-0.007934,0.002877,-0.010811,0.074887,0.003871,0.071016,0.074001,0.007137,0.066864,0.219372,0.010729,0.208643
7832.T,2017-05-10,9,streak_5plus,-0.012311,0.002877,-0.015188,0.035577,0.003871,0.031705,0.087555,0.007137,0.080418,0.015055,0.010729,0.004326
4523.T,2017-05-10,10,streak_5plus,0.006041,0.002877,0.003164,0.012755,0.003871,0.008884,0.003021,0.007137,-0.004116,-0.024338,0.010729,-0.035067
3099.T,2017-05-10,2,streak_2,-0.080227,0.002877,-0.083104,-0.125503,0.003871,-0.129374,-0.092935,0.007137,-0.100072,-0.1112,0.010729,-0.121928
6465.T,2017-05-10,4,streak_4,-0.025641,0.002877,-0.028518,-0.009229,0.003871,-0.0131,0.038975,0.007137,0.031838,0.04513,0.010729,0.034401
2371.T,2017-05-10,8,streak_5plus,-0.0503,0.002877,-0.053177,-0.075446,0.003871,-0.079318,-0.044309,0.007137,-0.051446,-0.184428,0.010729,-0.195157
6841.T,2017-05-10,2,streak_2,0.0,0.002877,-0.002877,0.067068,0.003871,0.063197,0.068181,0.007137,0.061043,0.04933,0.010729,0.038602
3402.T,2017-05-10,4,streak_4,-0.04053,0.002877,-0.043407,-0.068992,0.003871,-0.072863,-0.07251,0.007137,-0.079647,0.025747,0.010729,0.015019
4202.T,2017-05-10,2,streak_2,0.001536,0.002877,-0.001341,0.044349,0.003871,0.040478,-0.017576,0.007137,-0.024713,0.055053,0.010729,0.044324
7203.T,2017-05-10,4,streak_4,-0.008803,0.002877,-0.01168,-0.006841,0.003871,-0.010713,-0.037983,0.007137,-0.04512,0.033251,0.010729,0.022522
7947.T,2017-05-10,2,streak_2,0.001821,0.002877,-0.001056,0.029142,0.003871,0.025271,0.153005,0.007137,0.145868,0.163933,0.010729,0.153204
3407.T,2017-05-11,3,streak_3,0.019007,0.003088,0.015918,-0.014483,-0.004282,-0.010201,0.020357,0.000461,0.019896,0.166065,0.00482,0.161245
8830.T,2017-05-11,4,streak_4,-0.00221,0.003088,-0.005298,-0.00537,-0.004282,-0.001088,0.066351,0.000461,0.06589,0.049605,0.00482,0.044785
9962.T,2017-05-11,2,streak_2,0.0,0.003088,-0.003088,0.061158,-0.004282,0.06544,0.098661,0.000461,0.0982,0.266963,0.00482,0.262143
7701.T,2017-05-11,4,streak_4,-0.008984,0.003088,-0.012073,0.030956,-0.004282,0.035238,0.09636,0.000461,0.095899,0.037444,0.00482,0.032624
3436.T,2017-05-11,3,streak_3,-0.014265,0.003088,-0.017353,-0.028018,-0.004282,-0.023736,-0.033111,0.000461,-0.033572,-0.060188,0.00482,-0.065008
2432.T,2017-05-11,4,streak_4,-0.00783,0.003088,-0.010918,0.029356,-0.004282,0.033638,-0.063799,0.000461,-0.064259,-0.033658,0.00482,-0.038478
6383.T,2017-05-11,2,streak_2,-0.004937,0.003088,-0.008025,0.092262,-0.004282,0.096544,0.12027,0.000461,0.11981,0.280068,0.00482,0.275248
8242.T,2017-05-11,2,streak_2,-0.015104,0.003088,-0.018192,-0.070993,-0.004282,-0.066711,-0.033733,0.000461,-0.034194,-0.006545,0.00482,-0.011365
6481.T,2017-05-11,3,streak_3,0.0,0.003088,-0.003088,-0.005038,-0.004282,-0.000757,0.081628,0.000461,0.081167,0.172321,0.00482,0.167501
9142.T,2017-05-11,2,streak_2,0.014902,0.003088,0.011814,-0.010842,-0.004282,-0.00656,0.01897,0.000461,0.018509,-0.032521,0.00482,-0.037341
4676.T,2017-05-11,2,streak_2,-0.014589,0.003088,-0.017678,-0.045594,-0.004282,-0.041312,-0.103343,0.000461,-0.103803,0.000609,0.00482,-0.004211
8358.T,2017-05-11,3,streak_3,0.009802,0.003088,0.006713,0.024092,-0.004282,0.028374,0.046142,0.000461,0.045681,0.013477,0.00482,0.008656
5975.T,2017-05-11,5,streak_5plus,0.009497,0.003088,0.006408,0.009497,-0.004282,0.013779,-0.025314,0.000461,-0.025775,-0.025314,0.00482,-0.030134
9766.T,2017-05-11,4,streak_4,0.012096,0.003088,0.009008,0.012096,-0.004282,0.016378,0.266129,0.000461,0.265668,0.167339,0.00482,0.162519
1803.T,2017-05-11,4,streak_4,-0.023467,0.003088,-0.026555,0.010835,-0.004282,0.015117,-0.006321,0.000461,-0.006782,0.102885,0.00482,0.098065
7201.T,2017-05-11,4,streak_4,0.0,0.003088,-0.003088,0.03209,-0.004282,0.036372,0.000924,0.000461,0.000463,0.014416,0.00482,0.009596
7186.T,2017-05-12,5,streak_5plus,-0.016965,-0.00389,-0.013075,-0.053162,-0.020424,-0.032738,0.015094,0.00259,0.012504,0.040825,-0.011163,0.051989
4021.T,2017-05-12,2,streak_2,0.033898,-0.00389,0.037788,0.072036,-0.020424,0.09246,0.056499,0.00259,0.053908,0.018364,-0.011163,0.029528
6845.T,2017-05-12,2,streak_2,-0.002516,-0.00389,0.001374,0.023949,-0.020424,0.044373,0.076828,0.00259,0.074238,0.088174,-0.011163,0.099338
2815.T,2017-05-12,3,streak_3,-0.005502,-0.00389,-0.001613,0.075653,-0.020424,0.096077,0.122421,0.00259,0.119831,0.057772,-0.011163,0.068935
7269.T,2017-05-12,4,streak_4,-0.025803,-0.00389,-0.021913,0.039404,-0.020424,0.059828,0.070195,0.00259,0.067605,0.149596,-0.011163,0.16076
4578.T,2017-05-12,5,streak_5plus,0.008914,-0.00389,0.012804,-0.006201,-0.020424,0.014222,-0.057945,0.00259,-0.060536,-0.07503,-0.011163,-0.063867
2875.T,2017-05-12,2,streak_2,0.004645,-0.00389,0.008535,0.006968,-0.020424,0.027392,-0.008131,0.00259,-0.010721,-0.074333,-0.011163,-0.06317
6273.T,2017-05-12,2,streak_2,0.036255,-0.00389,0.040145,0.014186,-0.020424,0.03461,0.108764,0.00259,0.106173,0.112547,-0.011163,0.123711
8113.T,2017-05-12,2,streak_2,0.018808,-0.00389,0.022698,0.036048,-0.020424,0.056472,0.036571,0.00259,0.03398,-0.022976,-0.011163,-0.011812
2267.T,2017-05-12,3,streak_3,0.024027,-0.00389,0.027917,0.111114,-0.020424,0.131538,0.181684,0.00259,0.179094,0.150152,-0.011163,0.161315
6098.T,2017-05-12,4,streak_4,0.003361,-0.00389,0.007251,0.052186,-0.020424,0.07261,0.011779,0.00259,0.009189,-0.035858,-0.011163,-0.024695
6728.T,2017-05-12,5,streak_5plus,-0.023049,-0.00389,-0.019159,0.037236,-0.020424,0.057659,0.12234,0.00259,0.11975,-0.003824,-0.011163,0.00734
8801.T,2017-05-12,3,streak_3,-0.00679,-0.00389,-0.0029,0.001553,-0.020424,0.021977,0.008549,0.00259,0.005959,-0.048711,-0.011163,-0.037547
3863.T,2017-05-12,2,streak_2,0.00424,-0.00389,0.00813,0.014137,-0.020424,0.034561,0.013665,0.00259,0.011074,-0.011309,-0.011163,-0.000145
7988.T,2017-05-12,3,streak_3,0.008727,-0.00389,0.012617,0.006982,-0.020424,0.027405,0.026181,0.00259,0.023591,0.094245,-0.011163,0.105408
6856.T,2017-05-12,3,streak_3,0.004291,-0.00389,0.008181,-0.042919,-0.020424,-0.022495,0.018597,0.00259,0.016007,-0.08929,-0.011163,-0.078126
1969.T,2017-05-12,4,streak_4,-0.01829,-0.00389,-0.0144,-0.020004,-0.020424,0.00042,0.004581,0.00259,0.00199,0.117221,-0.011163,0.128384
1860.T,2017-05-12,4,streak_4,-0.068518,-0.00389,-0.064628,0.007005,-0.020424,0.027429,-0.032155,0.00259,-0.034746,0.103508,-0.011163,0.114672
7762.T,2017-05-12,2,streak_2,-0.019252,-0.00389,-0.015362,-0.065478,-0.020424,-0.045054,-0.01669,0.00259,-0.01928,0.057756,-0.011163,0.06892
2269.T,2017-05-12,2,streak_2,-0.014508,-0.00389,-0.010618,-0.024871,-0.020424,-0.004448,-0.048705,0.00259,-0.051296,-0.088082,-0.011163,-0.076919
4188.T,2017-05-12,4,streak_4,-0.025794,-0.00389,-0.021904,-0.088762,-0.020424,-0.068338,-0.029104,0.00259,-0.031694,0.029013,-0.011163,0.040177
2810.T,2017-05-12,4,streak_4,-0.014238,-0.00389,-0.010348,0.066456,-0.020424,0.086879,0.146363,0.00259,0.143772,0.265822,-0.011163,0.276985
8369.T,2017-05-12,3,streak_3,0.002167,-0.00389,0.006057,-0.008668,-0.020424,0.011756,0.097508,0.00259,0.094918,0.159263,-0.011163,0.170427
7272.T,2017-05-12,3,streak_3,-0.013057,-0.00389,-0.009167,0.024298,-0.020424,0.044722,0.078686,0.00259,0.076095,0.127877,-0.011163,0.139041
6324.T,2017-05-12,2,streak_2,-0.005459,-0.00389,-0.001569,-0.009551,-0.020424,0.010872,0.072304,0.00259,0.069714,0.2633,-0.011163,0.274463
4183.T,2017-05-12,3,streak_3,-0.021887,-0.00389,-0.017997,-0.069023,-0.020424,-0.0486,-0.026938,0.00259,-0.029529,0.058922,-0.011163,0.070086
7181.T,2017-05-15,3,streak_3,-0.001951,-0.000707,-0.001244,-0.050274,-0.014743,-0.035532,-0.036243,0.001241,-0.037484,-0.05846,-0.007753,-0.050707
8316.T,2017-05-15,4,streak_4,-0.008094,-0.000707,-0.007387,-0.036389,-0.014743,-0.021647,0.012119,0.001241,0.010878,-0.010947,-0.007753,-0.003194
4581.T,2017-05-15,4,streak_4,-0.007284,-0.000707,-0.006578,-0.077004,-0.014743,-0.062261,-0.115505,0.001241,-0.116746,-0.162331,-0.007753,-0.154578
2206.T,2017-05-15,7,streak_5plus,0.00836,-0.000707,0.009067,0.036788,-0.014743,0.05153,0.071906,0.001241,0.070665,-0.026757,-0.007753,-0.019004
8304.T,2017-05-15,4,streak_4,0.002391,-0.000707,0.003098,-0.01914,-0.014743,-0.004397,0.021531,0.001241,0.02029,0.045682,-0.007753,0.053435
4005.T,2017-05-16,2,streak_2,0.00498,0.002515,0.002465,0.021631,-0.009641,0.031272,-0.001667,0.001454,-0.003122,0.03826,-0.016746,0.055006
8725.T,2017-05-19,5,streak_5plus,0.050965,0.001887,0.049078,0.086638,0.013259,0.073379,0.103069,0.019914,0.083155,0.069093,0.007608,0.061484
7956.T,2017-06-05,4,streak_4,0.032509,-0.00032,0.032829,0.045511,-0.008129,0.05364,0.054616,-0.006021,0.060637,0.101888,-0.024077,0.125965
1928.T,2017-06-09,3,streak_3,-0.006546,0.005224,-0.01177,0.035344,-0.00389,0.039234,0.029324,0.000996,0.028328,0.008619,-0.025754,0.034373
3391.T,2017-06-20,3,streak_3,0.010425,0.008106,0.002319,-0.009624,0.004266,-0.01389,-0.044102,-0.002337,-0.041766,0.087411,0.011542,0.075869
3086.T,2017-06-28,2,streak_2,-0.004333,-0.004681,0.000348,0.061345,-0.00953,0.070875,-0.029117,-0.007192,-0.021925,-0.036997,0.002075,-0.039072
7649.T,2017-06-30,2,streak_2,0.005006,-0.009242,0.014247,-0.083475,-0.011189,-0.072287,-0.060101,-0.014595,-0.045506,0.002753,0.006725,-0.003972
3141.T,2017-07-05,3,streak_3,-0.011795,0.00246,-0.014255,-0.03302,0.008143,-0.041163,0.003535,-0.000154,0.003689,-0.025827,0.029668,-0.055494
7581.T,2017-07-11,5,streak_5plus,0.013803,0.005702,0.008101,0.010736,-0.004037,0.014773,0.001536,-0.017044,0.01858,-0.018979,0.039853,-0.058832
4684.T,2017-07-25,3,streak_3,-0.018107,-0.001025,-0.017082,-0.040397,-0.002528,-0.037869,-0.044572,-0.027084,-0.017488,0.018045,0.091586,-0.073541
8218.T,2017-07-25,3,streak_3,-0.011854,-0.001025,-0.01083,0.126221,-0.002528,0.128748,0.120989,-0.027084,0.148074,0.196002,0.091586,0.104415
4063.T,2017-07-25,3,streak_3,0.011567,-0.001025,0.012592,-0.025543,-0.002528,-0.023016,-0.081353,-0.027084,-0.054269,0.098204,0.091586,0.006617
1944.T,2017-07-26,4,streak_4,-0.003719,0.004759,-0.008478,-0.074465,0.001533,-0.075998,-0.064361,-0.030139,-0.034222,0.030387,0.087818,-0.057431
2413.T,2017-07-26,4,streak_4,0.004837,0.004759,7.8e-05,-0.044842,0.001533,-0.046375,-0.092906,-0.030139,-0.062767,0.051609,0.087818,-0.036208
7974.T,2017-07-26,4,streak_4,0.013314,0.004759,0.008556,0.05099,0.001533,0.049457,0.017562,-0.030139,0.047701,0.253837,0.087818,0.166019
6594.T,2017-07-26,5,streak_5plus,-0.014411,0.004759,-0.01917,0.033913,0.001533,0.03238,0.060618,-0.030139,0.090757,0.258052,0.087818,0.170234
9507.T,2017-07-27,4,streak_4,0.041184,0.00147,0.039713,0.073041,0.00149,0.07155,0.077704,-0.029803,0.107507,0.136609,0.08427,0.052339
7278.T,2017-07-27,3,streak_3,0.006464,0.00147,0.004994,0.106624,0.00149,0.105134,0.063006,-0.029803,0.092809,0.101777,0.08427,0.017507
7201.T,2017-07-27,5,streak_5plus,0.011825,0.00147,0.010355,-0.042046,0.00149,-0.043536,-0.051684,-0.029803,-0.021881,-0.014256,0.08427,-0.098525
6305.T,2017-07-27,2,streak_2,-0.00329,0.00147,-0.00476,0.027958,0.00149,0.026468,0.018089,-0.029803,0.047891,0.272147,0.08427,0.187877
5471.T,2017-07-27,3,streak_3,0.002867,0.00147,0.001397,-0.0546,0.00149,-0.056091,-0.08621,-0.029803,-0.056407,-0.013489,0.08427,-0.097758
6770.T,2017-07-27,3,streak_3,0.018807,0.00147,0.017337,-0.029783,0.00149,-0.031273,-0.039186,-0.029803,-0.009384,0.021852,0.08427,-0.062418
7751.T,2017-07-27,2,streak_2,0.002358,0.00147,0.000888,0.018357,0.00149,0.016866,-0.005509,-0.029803,0.024294,0.095724,0.08427,0.011454
4204.T,2017-07-27,4,streak_4,0.016888,0.00147,0.015418,0.005792,0.00149,0.004301,-0.026066,-0.029803,0.003737,0.125037,0.08427,0.040767
8242.T,2017-07-27,3,streak_3,-0.01494,0.00147,-0.01641,0.00534,0.00149,0.00385,0.051233,-0.029803,0.081035,0.109258,0.08427,0.024988
8035.T,2017-07-27,2,streak_2,0.026706,0.00147,0.025236,-0.054627,0.00149,-0.056118,-0.081638,-0.029803,-0.051835,0.188,0.08427,0.103731
4519.T,2017-07-27,3,streak_3,-0.006537,0.00147,-0.008008,-0.039216,0.00149,-0.040707,-0.068623,-0.029803,-0.03882,0.159045,0.08427,0.074775
5401.T,2017-07-28,4,streak_4,-0.006206,-0.005966,-0.00024,0.023435,-0.002509,0.025944,-0.019452,-0.031362,0.01191,0.123009,0.096058,0.026951
3064.T,2017-07-28,5,streak_5plus,0.010557,-0.005966,0.016523,-0.058045,-0.002509,-0.055536,-0.102908,-0.031362,-0.071546,-0.14776,0.096058,-0.243818
4502.T,2017-07-28,7,streak_5plus,0.001953,-0.005966,0.00792,0.057027,-0.002509,0.059536,0.054183,-0.031362,0.085545,0.151677,0.096058,0.055619
7205.T,2017-07-28,3,streak_3,-0.002445,-0.005966,0.003521,0.020375,-0.002509,0.022884,0.008965,-0.031362,0.040327,0.196974,0.096058,0.100916
7988.T,2017-07-28,4,streak_4,0.013891,-0.005966,0.019857,-0.026234,-0.002509,-0.023725,-0.024691,-0.031362,0.006671,0.127157,0.096058,0.031099
6954.T,2017-07-28,5,streak_5plus,0.001075,-0.005966,0.007041,-0.024924,-0.002509,-0.022415,-0.0997,-0.031362,-0.068338,0.126842,0.096058,0.030784
3231.T,2017-07-28,4,streak_4,0.000907,-0.005966,0.006874,-0.031301,-0.002509,-0.028792,0.007621,-0.031362,0.038983,0.148309,0.096058,0.052251
9020.T,2017-07-28,3,streak_3,0.001438,-0.005966,0.007404,-0.001915,-0.002509,0.000594,-0.037392,-0.031362,-0.00603,0.053078,0.096058,-0.04298
9531.T,2017-07-28,2,streak_2,0.009351,-0.005966,0.015317,-0.02823,-0.002509,-0.025721,-0.030613,-0.031362,0.000749,-0.014886,0.096058,-0.110944
6201.T,2017-07-28,4,streak_4,-0.040322,-0.005966,-0.034355,-0.032258,-0.002509,-0.029749,-0.077419,-0.031362,-0.046057,0.131227,0.096058,0.035169
9503.T,2017-07-28,5,streak_5plus,0.004062,-0.005966,0.010028,0.0203,-0.002509,0.022809,0.033161,-0.031362,0.064523,0.060667,0.096058,-0.035391
9504.T,2017-07-28,2,streak_2,0.008159,-0.005966,0.014125,0.012238,-0.002509,0.014747,0.030204,-0.031362,0.061566,0.054564,0.096058,-0.041494
7259.T,2017-07-28,3,streak_3,-0.048547,-0.005966,-0.042581,-0.088999,-0.002509,-0.08649,-0.121364,-0.031362,-0.090002,-0.020848,0.096058,-0.116906
3116.T,2017-07-28,3,streak_3,-0.004712,-0.005966,0.001255,-0.048865,-0.002509,-0.046356,-0.058294,-0.031362,-0.026932,0.049132,0.096058,-0.046926
6301.T,2017-07-28,3,streak_3,-0.004889,-0.005966,0.001077,0.006063,-0.002509,0.008572,-0.009266,-0.031362,0.022096,0.253089,0.096058,0.157031
6473.T,2017-07-28,5,streak_5plus,-0.038946,-0.005966,-0.03298,-0.074895,-0.002509,-0.072386,-0.140806,-0.031362,-0.109444,0.051088,0.096058,-0.04497
4151.T,2017-07-28,2,streak_2,-0.004124,-0.005966,0.001842,0.036616,-0.002509,0.039125,-0.035585,-0.031362,-0.004223,0.079424,0.096058,-0.016634
6902.T,2017-07-28,4,streak_4,0.052494,-0.005966,0.058461,0.103752,-0.002509,0.106261,0.085093,-0.031362,0.116455,0.227544,0.096058,0.131486
6971.T,2017-07-28,4,streak_4,0.003245,-0.005966,0.009211,0.033179,-0.002509,0.035688,0.018058,-0.031362,0.04942,0.176466,0.096058,0.080408
4661.T,2017-07-28,2,streak_2,-0.004946,-0.005966,0.00102,0.022716,-0.002509,0.025225,0.035533,-0.031362,0.066895,0.167842,0.096058,0.071784
8015.T,2017-07-28,7,streak_5plus,0.046831,-0.005966,0.052797,0.087622,-0.002509,0.090131,-0.00302,-0.031362,0.028342,0.2645,0.096058,0.168442
9505.T,2017-07-28,2,streak_2,0.013032,-0.005966,0.018999,0.031063,-0.002509,0.033572,0.041081,-0.031362,0.072443,-0.001383,0.096058,-0.097441
5406.T,2017-07-28,2,streak_2,0.006339,-0.005966,0.012305,0.053921,-0.002509,0.05643,-0.008726,-0.031362,0.022636,-0.280697,0.096058,-0.376755
9022.T,2017-07-28,7,streak_5plus,0.009693,-0.005966,0.015659,0.029931,-0.002509,0.03244,0.038483,-0.031362,0.069845,0.189167,0.096058,0.093109
9962.T,2017-07-28,3,streak_3,-0.007285,-0.005966,-0.001319,0.010559,-0.002509,0.013068,0.020029,-0.031362,0.051391,0.089907,0.096058,-0.006151
5214.T,2017-07-31,3,streak_3,0.016905,-0.001736,0.018641,0.075425,-0.000376,0.075801,0.062419,-0.029925,0.092344,0.211965,0.102798,0.109167
8316.T,2017-07-31,5,streak_5plus,0.001667,-0.001736,0.003403,0.015752,-0.000376,0.016128,-0.037735,-0.029925,-0.007811,0.162358,0.102798,0.05956
6103.T,2017-07-31,5,streak_5plus,0.002828,-0.001736,0.004564,-0.001891,-0.000376,-0.001515,-0.076417,-0.029925,-0.046492,0.235843,0.102798,0.133045
6503.T,2017-07-31,2,streak_2,0.003222,-0.001736,0.004959,0.014367,-0.000376,0.014743,-0.04956,-0.029925,-0.019636,0.159446,0.102798,0.056648
1942.T,2017-07-31,2,streak_2,0.033273,-0.001736,0.035009,0.100698,-0.000376,0.101074,0.014006,-0.029925,0.04393,0.017389,0.102798,-0.085409
9104.T,2017-07-31,5,streak_5plus,0.033037,-0.001736,0.034773,0.02103,-0.000376,0.021407,0.039047,-0.029925,0.068972,0.01648,0.102798,-0.086318
4927.T,2017-07-31,2,streak_2,-0.011288,-0.001736,-0.009552,-0.011288,-0.000376,-0.010912,0.124196,-0.029925,0.15412,0.199999,0.102798,0.097201
2802.T,2017-07-31,2,streak_2,-0.072321,-0.001736,-0.070584,-0.067509,-0.000376,-0.067133,-0.091965,-0.029925,-0.062041,-0.029098,0.102798,-0.131896
6923.T,2017-07-31,2,streak_2,0.00137,-0.001736,0.003107,-0.015091,-0.000376,-0.014714,0.00137,-0.029925,0.031295,0.141965,0.102798,0.039167
9508.T,2017-07-31,6,streak_5plus,-0.020989,-0.001736,-0.019252,0.008992,-0.000376,0.009369,-0.030739,-0.029925,-0.000815,-0.021288,0.102798,-0.124086
8304.T,2017-07-31,5,streak_5plus,-0.004694,-0.001736,-0.002957,0.021127,-0.000376,0.021503,-0.021127,-0.029925,0.008798,0.065003,0.102798,-0.037795
2282.T,2017-07-31,4,streak_4,-0.007598,-0.001736,-0.005862,-0.021276,-0.000376,-0.020899,-0.039512,-0.029925,-0.009588,-0.004559,0.102798,-0.107357
4185.T,2017-07-31,4,streak_4,0.023647,-0.001736,0.025383,0.013137,-0.000376,0.013513,0.123489,-0.029925,0.153414,0.16763,0.102798,0.064832
5975.T,2017-07-31,6,streak_5plus,-0.006821,-0.001736,-0.005084,0.059003,-0.000376,0.059379,0.048772,-0.029925,0.078697,0.177701,0.102798,0.074903
5929.T,2017-07-31,2,streak_2,0.029312,-0.001736,0.031048,0.083631,-0.000376,0.084007,0.039663,-0.029925,0.069587,0.187027,0.102798,0.084229
6988.T,2017-07-31,3,streak_3,0.017341,-0.001736,0.019078,0.058823,-0.000376,0.059199,-0.010836,-0.029925,0.019089,0.055502,0.102798,-0.047296
5201.T,2017-08-01,3,streak_3,0.0043,0.003042,0.001258,-0.016128,0.00656,-0.022688,-0.090322,-0.021011,-0.069312,-0.047312,0.104713,-0.152026
8056.T,2017-08-01,2,streak_2,-0.004347,0.003042,-0.007389,-0.042937,0.00656,-0.049497,-0.06739,-0.021011,-0.046379,0.031363,0.104713,-0.073351
4005.T,2017-08-01,3,streak_3,0.006165,0.003042,0.003123,-0.021608,0.00656,-0.028168,0.018516,-0.021011,0.039526,0.243021,0.104713,0.138308
4188.T,2017-08-01,5,streak_5plus,0.015828,0.003042,0.012786,0.026582,0.00656,0.020022,0.102803,-0.021011,0.123813,0.285868,0.104713,0.181155
6758.T,2017-08-01,2,streak_2,-0.017843,0.003042,-0.020885,-0.028628,0.00656,-0.035188,-0.048235,-0.021011,-0.027225,-0.024994,0.104713,-0.129707
6471.T,2017-08-01,2,streak_2,-0.006296,0.003042,-0.009338,-0.011896,0.00656,-0.018456,-0.095231,-0.021011,-0.074221,0.145365,0.104713,0.040651
5411.T,2017-08-01,5,streak_5plus,-0.005156,0.003042,-0.008198,0.063306,0.00656,0.056746,-0.015242,-0.021011,0.005769,0.150873,0.104713,0.04616
7951.T,2017-08-01,2,streak_2,0.003845,0.003042,0.000803,0.001282,0.00656,-0.005278,-0.038468,-0.021011,-0.017458,0.163131,0.104713,0.058417
7267.T,2017-08-01,5,streak_5plus,0.006102,0.003042,0.00306,0.006102,0.00656,-0.000458,-0.021889,-0.021011,-0.000878,0.141668,0.104713,0.036955
4768.T,2017-08-01,2,streak_2,0.0,0.003042,-0.003042,-0.035964,0.00656,-0.042524,-0.002767,-0.021011,0.018243,0.065009,0.104713,-0.039704
5741.T,2017-08-02,2,streak_2,0.012374,0.004716,0.007659,-0.117648,0.000511,-0.11816,-0.080502,-0.01699,-0.063513,0.031902,0.121801,-0.089899
4183.T,2017-08-02,4,streak_4,0.012621,0.004716,0.007906,-0.011038,0.000511,-0.01155,0.037856,-0.01699,0.054845,0.077269,0.121801,-0.044532
9202.T,2017-08-02,4,streak_4,0.00701,0.004716,0.002294,0.069576,0.000511,0.069065,0.058671,-0.01699,0.075661,0.157321,0.121801,0.03552
2212.T,2017-08-02,3,streak_3,-0.016622,0.004716,-0.021338,-0.079175,0.000511,-0.079686,-0.088362,-0.01699,-0.071372,-0.105425,0.121801,-0.227226
4523.T,2017-08-02,11,streak_5plus,-0.008787,0.004716,-0.013502,-0.027202,0.000511,-0.027713,-0.038015,-0.01699,-0.021025,0.082092,0.121801,-0.039709
8002.T,2017-08-02,2,streak_2,-0.033202,0.004716,-0.037917,-0.057101,0.000511,-0.057612,-0.034429,-0.01699,-0.01744,0.062912,0.121801,-0.058889
3863.T,2017-08-03,3,streak_3,0.002762,-0.002529,0.005291,-0.032734,-0.016998,-0.015736,-0.028124,-0.019351,-0.008773,0.085645,0.122464,-0.036819
6269.T,2017-08-03,4,streak_4,-0.007385,-0.002529,-0.004856,-0.09716,-0.016998,-0.080161,-0.03692,-0.019351,-0.017569,0.037313,0.122464,-0.085151
3407.T,2017-08-03,4,streak_4,0.002726,-0.002529,0.005255,-0.013599,-0.016998,0.003399,0.014383,-0.019351,0.033734,0.098614,0.122464,-0.02385
7186.T,2017-08-03,6,streak_5plus,-0.013117,-0.002529,-0.010589,-0.02381,-0.016998,-0.006812,-0.057043,-0.019351,-0.037692,0.074317,0.122464,-0.048147
4912.T,2017-08-03,8,streak_5plus,-0.015827,-0.002529,-0.013298,-0.128277,-0.016998,-0.111279,-0.087462,-0.019351,-0.068111,-0.100789,0.122464,-0.223253
6146.T,2017-08-03,2,streak_2,-0.023117,-0.002529,-0.020588,-0.047738,-0.016998,-0.03074,-0.003014,-0.019351,0.016337,0.361831,0.122464,0.239367
3632.T,2017-08-03,4,streak_4,0.00238,-0.002529,0.004909,0.004761,-0.016998,0.021759,-0.033298,-0.019351,-0.013947,-0.10226,0.122464,-0.224724
7269.T,2017-08-03,5,streak_5plus,-0.002881,-0.002529,-0.000352,0.105385,-0.016998,0.122383,0.058084,-0.019351,0.077436,0.211348,0.122464,0.088884
4739.T,2017-08-03,6,streak_5plus,0.001299,-0.002529,0.003828,0.058437,-0.016998,0.075436,0.062335,-0.019351,0.081686,0.263635,0.122464,0.141171
4114.T,2017-08-03,4,streak_4,0.009617,-0.002529,0.012146,0.021977,-0.016998,0.038976,0.067307,-0.019351,0.086658,0.179937,0.122464,0.057474
8053.T,2017-08-03,4,streak_4,0.04158,-0.002529,0.044108,0.035971,-0.016998,0.052969,0.025077,-0.019351,0.044428,0.116544,0.122464,-0.00592
8801.T,2017-08-03,4,streak_4,-0.000773,-0.002529,0.001756,-0.044812,-0.016998,-0.027813,-0.0793,-0.019351,-0.059949,0.056929,0.122464,-0.065535
2503.T,2017-08-03,5,streak_5plus,0.005264,-0.002529,0.007793,-0.019649,-0.016998,-0.00265,0.005874,-0.019351,0.025225,0.091147,0.122464,-0.031317
4543.T,2017-08-03,2,streak_2,-0.002396,-0.002529,0.000133,0.04545,-0.016998,0.062448,0.037075,-0.019351,0.056426,0.154236,0.122464,0.031772
8252.T,2017-08-04,2,streak_2,-0.00133,-0.003841,0.002511,0.028492,-0.014954,0.043446,0.005304,-0.026012,0.031317,0.1602,0.125771,0.034429
4021.T,2017-08-04,3,streak_3,-0.00539,-0.003841,-0.001549,-0.024258,-0.014954,-0.009304,0.022913,-0.026012,0.048925,0.184662,0.125771,0.058891
9432.T,2017-08-04,2,streak_2,0.000245,-0.003841,0.004086,-0.009429,-0.014954,0.005525,-0.030737,-0.026012,-0.004725,0.052045,0.125771,-0.073725
1951.T,2017-08-04,2,streak_2,-0.001536,-0.003841,0.002305,0.074399,-0.014954,0.089353,0.069777,-0.026012,0.095789,0.299515,0.125771,0.173745
2815.T,2017-08-04,4,streak_4,0.006312,-0.003841,0.010153,-0.01389,-0.014954,0.001064,0.012626,-0.026012,0.038638,0.120173,0.125771,-0.005598
7832.T,2017-08-04,10,streak_5plus,0.006481,-0.003841,0.010322,-0.059495,-0.014954,-0.04454,-0.038804,-0.026012,-0.012792,0.0201,0.125771,-0.10567
5947.T,2017-08-04,4,streak_4,-0.004819,-0.003841,-0.000978,-0.052024,-0.014954,-0.03707,-0.078033,-0.026012,-0.052021,-0.041865,0.125771,-0.167636
8358.T,2017-08-04,4,streak_4,-0.005127,-0.003841,-0.001286,-0.091173,-0.014954,-0.076219,-0.164409,-0.026012,-0.138397,-0.068801,0.125771,-0.194572
7203.T,2017-08-04,5,streak_5plus,-0.001448,-0.003841,0.002393,0.008035,-0.014954,0.022989,-0.008997,-0.026012,0.017016,0.168804,0.125771,0.043033
6479.T,2017-08-04,3,streak_3,0.012632,-0.003841,0.016473,-0.017027,-0.014954,-0.002073,-0.017027,-0.026012,0.008985,0.182286,0.125771,0.056515
1969.T,2017-08-07,5,streak_5plus,0.006921,0.00519,0.00173,-0.011187,-0.020811,0.009624,-0.045269,-0.028394,-0.016875,0.090814,0.14962,-0.058806
1812.T,2017-08-07,2,streak_2,0.053111,0.00519,0.047921,0.020431,-0.020811,0.041242,0.03779,-0.028394,0.066184,0.298799,0.14962,0.149179
6465.T,2017-08-07,5,streak_5plus,-0.076155,0.00519,-0.081345,-0.123301,-0.020811,-0.10249,-0.143245,-0.028394,-0.114851,0.011786,0.14962,-0.137834
6965.T,2017-08-07,2,streak_2,0.007043,0.00519,0.001853,-0.061972,-0.020811,-0.04116,-0.054928,-0.028394,-0.026534,0.073779,0.14962,-0.075841
3402.T,2017-08-07,5,streak_5plus,0.02792,0.00519,0.022729,-0.00201,-0.020811,0.018801,0.024394,-0.028394,0.052787,0.205199,0.14962,0.055579
4755.T,2017-08-07,2,streak_2,0.013425,0.00519,0.008234,-0.035799,-0.020811,-0.014988,-0.027217,-0.028394,0.001176,-0.112977,0.14962,-0.262597
7272.T,2017-08-08,4,streak_4,0.006207,-0.002986,0.009192,0.09693,-0.015087,0.112017,0.053805,-0.034799,0.088604,0.209028,0.142498,0.066529
5110.T,2017-08-08,2,streak_2,-0.004644,-0.002986,-0.001658,-0.063985,-0.015087,-0.048898,-0.061403,-0.034799,-0.026604,0.10784,0.142498,-0.034658
1803.T,2017-08-08,5,streak_5plus,-0.003267,-0.002986,-0.000282,-0.054655,-0.015087,-0.039568,-0.077487,-0.034799,-0.042688,0.04505,0.142498,-0.097448
1925.T,2017-08-08,2,streak_2,-0.009586,-0.002986,-0.0066,-0.011606,-0.015087,0.003481,-0.066868,-0.034799,-0.032069,0.099451,0.142498,-0.043048
3436.T,2017-08-08,4,streak_4,0.009915,-0.002986,0.012901,-0.093613,-0.015087,-0.078526,-0.153084,-0.034799,-0.118286,0.424014,0.142498,0.281516
1802.T,2017-08-08,12,streak_5plus,-0.04479,-0.002986,-0.041804,-0.065752,-0.015087,-0.050665,-0.065026,-0.034799,-0.030227,0.108189,0.142498,-0.034309
1860.T,2017-08-08,5,streak_5plus,-0.012126,-0.002986,-0.00914,-0.058248,-0.015087,-0.043161,-0.042471,-0.034799,-0.007673,0.168696,0.142498,0.026197
6383.T,2017-08-08,3,streak_3,-0.026319,-0.002986,-0.023334,0.097742,-0.015087,0.112829,0.197996,-0.034799,0.232794,0.523455,0.142498,0.380956
6273.T,2017-08-08,3,streak_3,0.0,-0.002986,0.002986,-0.018055,-0.015087,-0.002969,0.030833,-0.034799,0.065632,0.291837,0.142498,0.149339
7733.T,2017-08-08,6,streak_5plus,-0.02043,-0.002986,-0.017444,-0.104567,-0.015087,-0.08948,-0.087735,-0.034799,-0.052936,0.044467,0.142498,-0.098031
2269.T,2017-08-08,3,streak_3,0.010103,-0.002986,0.013088,0.001124,-0.015087,0.016211,-0.033669,-0.034799,0.00113,0.053882,0.142498,-0.088616
8282.T,2017-08-08,2,streak_2,0.002234,-0.002986,0.005219,0.083297,-0.015087,0.098384,0.082841,-0.034799,0.11764,0.250427,0.142498,0.107929
4516.T,2017-08-09,2,streak_2,-0.015536,-0.012868,-0.002669,0.022599,-0.013339,0.035938,0.048024,-0.02998,0.078005,0.106843,0.143664,-0.036821
3291.T,2017-08-09,2,streak_2,-0.007357,-0.012868,0.005511,-0.026811,-0.013339,-0.013472,-0.025763,-0.02998,0.004217,0.171609,0.143664,0.027946
8830.T,2017-08-09,5,streak_5plus,-0.002105,-0.012868,0.010762,-0.014148,-0.013339,-0.000809,-0.028597,-0.02998,0.001383,0.170432,0.143664,0.026768
2897.T,2017-08-09,2,streak_2,-0.008439,-0.012868,0.004428,-0.030945,-0.013339,-0.017606,-0.035165,-0.02998,-0.005184,0.026426,0.143664,-0.117238
6728.T,2017-08-09,6,streak_5plus,-0.024519,-0.012868,-0.011652,0.056043,-0.013339,0.069382,0.04028,-0.02998,0.07026,0.483363,0.143664,0.339699
8725.T,2017-08-09,6,streak_5plus,-0.014487,-0.012868,-0.00162,-0.016811,-0.013339,-0.003472,-0.087665,-0.02998,-0.057685,0.013004,0.143664,-0.130659
7729.T,2017-08-10,2,streak_2,0.025401,-0.000454,0.025856,-0.004008,-0.001828,-0.00218,-0.013367,-0.023502,0.010135,0.26602,0.149083,0.116937
8113.T,2017-08-10,3,streak_3,-0.004504,-0.000454,-0.004049,-0.049456,-0.001828,-0.047628,-0.07744,-0.023502,-0.053939,0.009744,0.149083,-0.139339
6098.T,2017-08-10,5,streak_5plus,0.011519,-0.000454,0.011974,0.126239,-0.001828,0.128067,0.234152,-0.023502,0.257654,0.432773,0.149083,0.28369
3865.T,2017-08-10,2,streak_2,-0.001337,-0.000454,-0.000883,-0.004011,-0.001828,-0.002183,-0.110961,-0.023502,-0.087459,-0.030498,0.149083,-0.179581
6481.T,2017-08-10,4,streak_4,0.007418,-0.000454,0.007873,0.023738,-0.001828,0.025566,0.071218,-0.023502,0.09472,0.312334,0.149083,0.163251
7181.T,2017-08-10,4,streak_4,-0.004126,-0.000454,-0.003672,-0.008657,-0.001828,-0.00683,-0.061007,-0.023502,-0.037505,-0.004126,0.149083,-0.153209
8630.T,2017-08-10,3,streak_3,-0.001149,-0.000454,-0.000695,-0.009158,-0.001828,-0.00733,-0.066206,-0.023502,-0.042704,0.063823,0.149083,-0.08526
4901.T,2017-08-14,2,streak_2,-0.006558,-0.009764,0.003206,0.071822,-0.013144,0.084966,0.067538,-0.009324,0.076862,0.145349,0.134378,0.010971
7532.T,2017-08-15,2,streak_2,0.013171,0.011067,0.002104,-0.063371,-0.007369,-0.056002,0.029938,0.01226,0.017678,0.166253,0.145513,0.02074
2678.T,2017-09-14,2,streak_2,0.016105,-0.002939,0.019044,-0.060034,0.024246,-0.084279,-0.101026,0.069956,-0.170982,-0.058819,0.135278,-0.194096
7649.T,2017-09-29,3,streak_3,0.0,-0.000335,0.000335,-0.033449,0.013036,-0.046485,-0.040134,0.080958,-0.121093,-0.038463,0.11795,-0.156413
2809.T,2017-10-02,2,streak_2,-0.010684,0.002186,-0.01287,0.024684,0.016429,0.008256,0.039795,0.081318,-0.041523,0.114454,0.154746,-0.040292
3141.T,2017-10-04,4,streak_4,-0.00121,0.000611,-0.001821,0.024271,0.012962,0.011309,0.026701,0.093385,-0.066684,0.199032,0.156976,0.042056
8267.T,2017-10-04,2,streak_2,0.006563,0.000611,0.005953,0.026668,0.012962,0.013706,0.049432,0.093385,-0.043953,0.162099,0.156976,0.005122
8016.T,2017-10-06,2,streak_2,-0.023065,0.003013,-0.026078,0.064587,0.025529,0.039058,0.085355,0.111934,-0.026579,0.124563,0.149398,-0.024835
3086.T,2017-10-10,3,streak_3,0.007524,0.006418,0.001106,0.057056,0.0273,0.029756,0.097186,0.107445,-0.010259,0.292796,0.14321,0.149586
2651.T,2017-10-11,2,streak_2,0.007978,0.002774,0.005205,0.006648,0.024617,-0.017969,0.005318,0.098216,-0.092898,-0.035905,0.138851,-0.174756
7581.T,2017-10-11,6,streak_5plus,0.019228,0.002774,0.016455,0.177885,0.024617,0.153268,0.089744,0.098216,-0.008472,0.036858,0.138851,-0.101993
3087.T,2017-10-13,4,streak_4,0.001636,0.009566,-0.007931,0.072683,0.023565,0.049118,0.078401,0.068064,0.010336,0.072275,0.139044,-0.066768
6506.T,2017-10-23,2,streak_2,0.0285,0.011139,0.017361,-0.027261,0.02567,-0.052931,0.215614,0.044685,0.170929,0.437422,0.10308,0.334342
8060.T,2017-10-23,5,streak_5plus,0.045486,0.011139,0.034347,0.086244,0.02567,0.060575,0.038935,0.044685,-0.00575,0.096073,0.10308,-0.007007
7751.T,2017-10-24,3,streak_3,0.006637,0.005002,0.001636,0.041053,0.014519,0.026533,0.058999,0.038093,0.020905,0.07285,0.089195,-0.016345
6594.T,2017-10-24,6,streak_5plus,0.0,0.005002,-0.005002,-0.005399,0.014519,-0.019918,0.069839,0.038093,0.031745,0.227395,0.089195,0.1382
4519.T,2017-10-25,4,streak_4,-0.011032,-0.004474,-0.006558,-0.007354,0.009467,-0.016822,0.033089,0.034197,-0.001109,0.090743,0.083658,0.007085
2413.T,2017-10-25,5,streak_5plus,-0.009121,-0.004474,-0.004647,0.025836,0.009467,0.016368,0.135257,0.034197,0.10106,0.2538,0.083658,0.170142
6807.T,2017-10-25,2,streak_2,0.027459,-0.004474,0.031933,0.133448,0.009467,0.123981,0.221857,0.034197,0.187659,0.000552,0.083658,-0.083105
6954.T,2017-10-25,6,streak_5plus,-0.01142,-0.004474,-0.006946,0.038392,0.009467,0.028925,0.109272,0.034197,0.075075,0.206143,0.083658,0.122485
6305.T,2017-10-25,3,streak_3,-0.001336,-0.004474,0.003138,0.032043,0.009467,0.022575,-0.006676,0.034197,-0.040874,0.197597,0.083658,0.113939
1878.T,2017-10-26,2,streak_2,-0.007619,0.001482,-0.0091,0.003932,0.032821,-0.028889,0.001718,0.036318,-0.0346,-0.05651,0.072986,-0.129496
6504.T,2017-10-26,2,streak_2,-0.001456,0.001482,-0.002938,0.22271,0.032821,0.189889,0.206697,0.036318,0.170379,0.317323,0.072986,0.244338
9507.T,2017-10-26,5,streak_5plus,0.039514,0.001482,0.038032,0.084057,0.032821,0.051236,0.027305,0.036318,-0.009013,-0.097696,0.072986,-0.170682
6501.T,2017-10-26,2,streak_2,0.001387,0.001482,-9.4e-05,0.053964,0.032821,0.021143,-0.023097,0.036318,-0.059414,0.023905,0.072986,-0.049081
2002.T,2017-10-26,2,streak_2,-0.002965,0.001482,-0.004446,-0.001485,0.032821,-0.034306,0.029152,0.036318,-0.007166,0.077571,0.072986,0.004585
4151.T,2017-10-26,3,streak_3,-0.012025,0.001482,-0.013506,0.055109,0.032821,0.022289,0.024049,0.036318,-0.012268,0.084387,0.072986,0.011401
7278.T,2017-10-27,4,streak_4,0.034125,0.012358,0.021767,0.017803,0.036769,-0.018966,-0.014837,0.034336,-0.049173,0.132046,0.06249,0.069556
2212.T,2017-10-27,4,streak_4,0.029564,0.012358,0.017205,-0.020982,0.036769,-0.057751,-0.00382,0.034336,-0.038156,0.034838,0.06249,-0.027652
7741.T,2017-10-27,2,streak_2,0.002356,0.012358,-0.010003,-0.022291,0.036769,-0.05906,-0.126529,0.034336,-0.160866,-0.125746,0.06249,-0.188235
6753.T,2017-10-27,2,streak_2,0.036023,0.012358,0.023665,0.034583,0.036769,-0.002185,0.020173,0.034336,-0.014163,0.17435,0.06249,0.11186
5401.T,2017-10-27,5,streak_5plus,0.004849,0.012358,-0.00751,-0.033194,0.036769,-0.069962,-0.099043,0.034336,-0.133379,-0.002859,0.06249,-0.065349
6301.T,2017-10-27,4,streak_4,0.003545,0.012358,-0.008813,0.033023,0.036769,-0.003746,-0.05677,0.034336,-0.091107,0.155839,0.06249,0.09335
9022.T,2017-10-27,8,streak_5plus,0.008491,0.012358,-0.003867,0.017225,0.036769,-0.019543,-0.023046,0.034336,-0.057382,0.00194,0.06249,-0.060549
4063.T,2017-10-27,4,streak_4,0.003972,0.012358,-0.008387,0.069789,0.036769,0.03302,0.097173,0.034336,0.062837,0.09629,0.06249,0.0338
1959.T,2017-10-27,2,streak_2,-0.00435,0.012358,-0.016708,0.078259,0.036769,0.04149,0.119564,0.034336,0.085228,0.086955,0.06249,0.024466
6641.T,2017-10-27,2,streak_2,-0.000689,0.012358,-0.013047,-0.002066,0.036769,-0.038835,-0.056474,0.034336,-0.09081,-0.164601,0.06249,-0.22709
2579.T,2017-10-27,2,streak_2,0.0,0.012358,-0.012358,0.014066,0.036769,-0.022702,0.067772,0.034336,0.033436,-0.008845,0.06249,-0.071334
9502.T,2017-10-27,2,streak_2,-0.005825,0.012358,-0.018184,0.012335,0.036769,-0.024433,-0.044876,0.034336,-0.079212,-0.061667,0.06249,-0.124156
9020.T,2017-10-27,4,streak_4,0.003215,0.012358,-0.009143,0.025285,0.036769,-0.011483,-0.025289,0.034336,-0.059625,-0.002758,0.06249,-0.065247
6923.T,2017-10-30,3,streak_3,-0.007194,0.000146,-0.007341,0.045563,0.024531,0.021032,0.092326,0.026751,0.065575,0.080336,0.067141,0.013195
5406.T,2017-10-30,3,streak_3,0.02222,0.000146,0.022074,0.211122,0.024531,0.186591,0.173333,0.026751,0.146582,0.273339,0.067141,0.206198
4927.T,2017-10-30,3,streak_3,0.027624,0.000146,0.027478,0.042818,0.024531,0.018286,0.125693,0.026751,0.098942,0.223408,0.067141,0.156267
9962.T,2017-10-30,4,streak_4,0.021468,0.000146,0.021321,0.075142,0.024531,0.050611,0.132171,0.026751,0.10542,0.147265,0.067141,0.080125
5334.T,2017-10-30,2,streak_2,0.014562,0.000146,0.014415,0.048817,0.024531,0.024286,0.00354,0.026751,-0.023212,0.141728,0.067141,0.074588
4204.T,2017-10-30,5,streak_5plus,-0.011586,0.000146,-0.011733,-0.026181,0.024531,-0.050712,-0.071242,0.026751,-0.097993,-0.106006,0.067141,-0.173146
6770.T,2017-10-30,4,streak_4,0.009163,0.000146,0.009017,0.102291,0.024531,0.077759,0.11298,0.026751,0.086228,-0.054961,0.067141,-0.122101
4507.T,2017-10-30,2,streak_2,-0.008563,0.000146,-0.00871,0.008892,0.024531,-0.01564,-0.004848,0.026751,-0.031599,0.006632,0.067141,-0.060508
8591.T,2017-10-30,2,streak_2,0.006497,0.000146,0.006351,0.040052,0.024531,0.01552,-0.007028,0.026751,-0.033779,0.068916,0.067141,0.001775
6861.T,2017-10-30,2,streak_2,0.004637,0.000146,0.00449,0.023345,0.024531,-0.001186,0.070675,0.026751,0.043923,0.098017,0.067141,0.030877
7974.T,2017-10-30,5,streak_5plus,-0.002559,0.000146,-0.002706,-0.010702,0.024531,-0.035233,0.075619,0.026751,0.048868,0.121918,0.067141,0.054777
4062.T,2017-10-30,2,streak_2,0.01566,0.000146,0.015513,-0.069733,0.024531,-0.094264,-0.124307,0.026751,-0.151058,-0.144522,0.067141,-0.211663
4684.T,2017-10-30,4,streak_4,0.005504,0.000146,0.005358,0.052267,0.024531,0.027736,0.070149,0.026751,0.043398,0.209077,0.067141,0.141937
6762.T,2017-10-30,2,streak_2,0.007328,0.000146,0.007182,0.089232,0.024531,0.064701,0.128363,0.026751,0.101612,0.259176,0.067141,0.192035
5214.T,2017-10-30,4,streak_4,-0.001072,0.000146,-0.001219,-0.001072,0.024531,-0.025604,-0.0761,0.026751,-0.102851,-0.020915,0.067141,-0.088055
6586.T,2017-10-30,2,streak_2,0.00315,0.000146,0.003004,0.025209,0.024531,0.000677,-0.014706,0.026751,-0.041457,0.117647,0.067141,0.050507
4185.T,2017-10-30,5,streak_5plus,0.002255,0.000146,0.002109,-0.010374,0.024531,-0.034906,-0.018945,0.026751,-0.045696,0.175462,0.067141,0.108322
4661.T,2017-10-30,3,streak_3,0.015678,0.000146,0.015531,0.022651,0.024531,-0.00188,0.050533,0.026751,0.023782,0.192005,0.067141,0.124864
8218.T,2017-10-31,4,streak_4,-0.001474,-3e-06,-0.001472,-0.064897,0.042065,-0.106962,-0.056048,0.032405,-0.088453,-0.064897,0.057372,-0.122269
6902.T,2017-10-31,5,streak_5plus,0.039801,-3e-06,0.039804,0.087155,0.042065,0.04509,0.058771,0.032405,0.026366,0.162555,0.057372,0.105183
9201.T,2017-10-31,2,streak_2,0.006241,-3e-06,0.006243,0.062922,0.042065,0.020857,0.070205,0.032405,0.0378,0.076446,0.057372,0.019073
6988.T,2017-10-31,4,streak_4,0.035999,-3e-06,0.036002,0.15237,0.042065,0.110305,0.087775,0.032405,0.05537,-0.060848,0.057372,-0.118221
7282.T,2017-10-31,2,streak_2,-0.04084,-3e-06,-0.040837,-0.016407,0.042065,-0.058473,-0.020244,0.032405,-0.052649,-0.045726,0.057372,-0.103098
6201.T,2017-10-31,5,streak_5plus,-0.004322,-3e-06,-0.00432,0.014409,0.042065,-0.027656,0.004322,0.032405,-0.028083,0.066282,0.057372,0.00891
6758.T,2017-10-31,3,streak_3,0.023895,-3e-06,0.023897,0.220647,0.042065,0.178581,0.206725,0.032405,0.17432,0.272618,0.057372,0.215245
6645.T,2017-10-31,2,streak_2,0.011199,-3e-06,0.011201,0.039999,0.042065,-0.002066,0.0608,0.032405,0.028395,0.091199,0.057372,0.033826
4739.T,2017-10-31,7,streak_5plus,0.012661,-3e-06,0.012664,0.100119,0.042065,0.058054,0.087458,0.032405,0.055053,0.065595,0.057372,0.008222
6503.T,2017-10-31,3,streak_3,-0.015047,-3e-06,-0.015044,-0.012497,0.042065,-0.054562,-0.055328,0.032405,-0.087733,0.045128,0.057372,-0.012244
8242.T,2017-10-31,4,streak_4,-0.002391,-3e-06,-0.002388,0.019117,0.042065,-0.022949,0.045888,0.032405,0.013483,0.075527,0.057372,0.018154
3626.T,2017-10-31,2,streak_2,0.001438,-3e-06,0.001441,0.089881,0.042065,0.047815,0.089881,0.032405,0.057476,0.116987,0.057372,0.059614
9504.T,2017-10-31,3,streak_3,-0.004736,-3e-06,-0.004734,0.038672,0.042065,-0.003393,-0.021309,0.032405,-0.053714,-0.044991,0.057372,-0.102363
9104.T,2017-10-31,6,streak_5plus,0.022217,-3e-06,0.02222,0.109617,0.042065,0.067552,0.066666,0.032405,0.034261,0.14962,0.057372,0.092247
7817.T,2017-10-31,2,streak_2,0.004029,-3e-06,0.004031,0.081569,0.042065,0.039503,0.073516,0.032405,0.041111,0.178246,0.057372,0.120874
6752.T,2017-10-31,2,streak_2,-0.005262,-3e-06,-0.005259,0.011698,0.042065,-0.030367,-0.024276,0.032405,-0.056681,-0.040069,0.057372,-0.097442
5471.T,2017-10-31,4,streak_4,0.071963,-3e-06,0.071966,0.073463,0.042065,0.031397,0.017991,0.032405,-0.014414,-0.022489,0.057372,-0.079861
5201.T,2017-10-31,4,streak_4,0.003396,-3e-06,0.003398,0.097393,0.042065,0.055327,0.06002,0.032405,0.027615,0.091823,0.057372,0.034451
4768.T,2017-10-31,3,streak_3,0.006539,-3e-06,0.006542,0.084967,0.042065,0.042902,0.098038,0.032405,0.065633,0.297513,0.057372,0.24014
8035.T,2017-10-31,3,streak_3,0.006367,-3e-06,0.00637,0.145696,0.042065,0.10363,0.057565,0.032405,0.02516,0.023434,0.057372,-0.033939
5975.T,2017-10-31,7,streak_5plus,-0.027738,-3e-06,-0.027736,-0.049635,0.042065,-0.0917,-0.059855,0.032405,-0.09226,-0.00146,0.057372,-0.058833
6302.T,2017-10-31,5,streak_5plus,-0.009404,-3e-06,-0.009402,0.065829,0.042065,0.023763,-0.045978,0.032405,-0.078383,0.041795,0.057372,-0.015577
2503.T,2017-10-31,6,streak_5plus,0.012728,-3e-06,0.012731,-0.005993,0.042065,-0.048058,-0.015356,0.032405,-0.047761,0.058265,0.057372,0.000893
6963.T,2017-11-01,2,streak_2,0.065011,0.018557,0.046454,0.150098,0.040988,0.10911,0.101342,0.036682,0.06466,0.110899,0.03046,0.080439
4183.T,2017-11-01,5,streak_5plus,-0.031607,0.018557,-0.050164,0.01868,0.040988,-0.022308,0.043103,0.036682,0.006421,-0.028734,0.03046,-0.059194
4208.T,2017-11-01,5,streak_5plus,-0.004329,0.018557,-0.022886,-0.012986,0.040988,-0.053974,-0.059162,0.036682,-0.095844,-0.015876,0.03046,-0.046336
4502.T,2017-11-01,8,streak_5plus,0.005628,0.018557,-0.012929,0.002814,0.040988,-0.038174,-0.034247,0.036682,-0.070928,-0.012199,0.03046,-0.042658
4523.T,2017-11-01,12,streak_5plus,0.005081,0.018557,-0.013476,0.028108,0.040988,-0.01288,0.03176,0.036682,-0.004921,0.00397,0.03046,-0.02649
2282.T,2017-11-01,5,streak_5plus,0.003069,0.018557,-0.015488,-0.119325,0.040988,-0.160313,-0.166871,0.036682,-0.203552,-0.193251,0.03046,-0.223711
4182.T,2017-11-01,2,streak_2,0.071403,0.018557,0.052846,0.130846,0.040988,0.089858,0.148966,0.036682,0.112284,0.081552,0.03046,0.051093
7313.T,2017-11-01,2,streak_2,0.022272,0.018557,0.003715,0.124999,0.040988,0.084011,0.126232,0.036682,0.08955,0.092817,0.03046,0.062357
9202.T,2017-11-01,5,streak_5plus,0.025769,0.018557,0.007212,0.021628,0.040988,-0.01936,0.038425,0.036682,0.001744,-0.002761,0.03046,-0.033221
5411.T,2017-11-01,6,streak_5plus,0.016942,0.018557,-0.001615,0.063637,0.040988,0.022649,0.109712,0.036682,0.073031,0.082235,0.03046,0.051775
7267.T,2017-11-01,6,streak_5plus,0.015056,0.018557,-0.003501,0.088859,0.040988,0.047871,0.07154,0.036682,0.034858,0.134426,0.03046,0.103966
4005.T,2017-11-01,4,streak_4,0.027712,0.018557,0.009155,0.070533,0.040988,0.029545,0.0,0.036682,-0.036682,-0.022671,0.03046,-0.053131
2502.T,2017-11-02,2,streak_2,0.007308,0.00531,0.001999,0.023859,0.02001,0.003849,0.087544,0.012805,0.074739,0.0087,-0.036121,0.044821
7272.T,2017-11-02,5,streak_5plus,0.023391,0.00531,0.018081,0.014622,0.02001,-0.005388,0.021933,0.012805,0.009129,0.032574,-0.036121,0.068695
6845.T,2017-11-02,3,streak_3,-0.004005,0.00531,-0.009314,0.009,0.02001,-0.01101,-0.032037,0.012805,-0.044841,-0.058067,-0.036121,-0.021946
2801.T,2017-11-02,2,streak_2,0.0,0.00531,-0.00531,0.024209,0.02001,0.004199,0.136311,0.012805,0.123506,0.048418,-0.036121,0.084539
4188.T,2017-11-02,6,streak_5plus,-0.00083,0.00531,-0.006139,0.007469,0.02001,-0.012541,0.0,0.012805,-0.012805,-0.086758,-0.036121,-0.050636
6269.T,2017-11-02,5,streak_5plus,0.022215,0.00531,0.016905,0.087706,0.02001,0.067696,0.042132,0.012805,0.029327,0.061587,-0.036121,0.097709
2810.T,2017-11-02,5,streak_5plus,-0.014643,0.00531,-0.019953,0.001462,0.02001,-0.018548,0.079062,0.012805,0.066257,0.033673,-0.036121,0.069794
1951.T,2017-11-06,3,streak_3,0.004412,0.00041,0.004002,-0.040113,0.006313,-0.046427,0.067791,0.003694,0.064097,0.068589,-0.039653,0.108242
7606.T,2017-11-06,2,streak_2,-0.006093,0.00041,-0.006502,-0.047505,0.006313,-0.053819,0.063336,0.003694,0.059642,0.025577,-0.039653,0.06523
9409.T,2017-11-06,4,streak_4,0.005272,0.00041,0.004863,0.072966,0.006313,0.066653,0.037364,0.003694,0.03367,0.071647,-0.039653,0.1113
8282.T,2017-11-06,3,streak_3,-0.007999,0.00041,-0.008409,0.015606,0.006313,0.009293,0.105819,0.003694,0.102125,0.138553,-0.039653,0.178206
7202.T,2017-11-06,2,streak_2,0.037152,0.00041,0.036743,0.043441,0.006313,0.037128,0.047034,0.003694,0.04334,0.056924,-0.039653,0.096577
4732.T,2017-11-06,2,streak_2,0.019484,0.00041,0.019074,0.089021,0.006313,0.082708,0.041633,0.003694,0.037939,-0.003982,-0.039653,0.035672
6146.T,2017-11-06,3,streak_3,0.006312,0.00041,0.005903,-0.012996,0.006313,-0.01931,-0.13405,0.003694,-0.137744,-0.139621,-0.039653,-0.099968
7532.T,2017-11-06,3,streak_3,0.007425,0.00041,0.007016,0.064804,0.006313,0.05849,0.166824,0.003694,0.16313,0.206111,-0.039653,0.245765
8056.T,2017-11-06,3,streak_3,0.00418,0.00041,0.003771,0.110237,0.006313,0.103923,0.128,0.003694,0.124306,0.12591,-0.039653,0.165563
4528.T,2017-11-06,2,streak_2,-0.004592,0.00041,-0.005001,-0.029262,0.006313,-0.035576,-0.028306,0.003694,-0.032,0.079364,-0.039653,0.119018
7458.T,2017-11-06,2,streak_2,0.0,0.00041,-0.00041,-0.018554,0.006313,-0.024868,-0.003714,0.003694,-0.007408,0.057513,-0.039653,0.097166
4021.T,2017-11-06,4,streak_4,0.013955,0.00041,0.013546,0.025582,0.006313,0.019269,0.04535,0.003694,0.041656,-0.059302,-0.039653,-0.019649
4912.T,2017-11-07,9,streak_5plus,-0.003223,0.017263,-0.020486,-0.107781,-0.007422,-0.100359,-0.033164,-0.016467,-0.016697,-0.066601,-0.029159,-0.037442
7211.T,2017-11-07,2,streak_2,0.007799,0.017263,-0.009464,-0.059019,-0.007422,-0.051597,-0.115811,-0.016467,-0.099344,-0.054566,-0.029159,-0.025407
7832.T,2017-11-07,11,streak_5plus,-0.01145,0.017263,-0.028713,0.005096,-0.007422,0.012518,-0.067431,-0.016467,-0.050963,-0.15776,-0.029159,-0.128601
2802.T,2017-11-07,3,streak_3,-0.001518,0.017263,-0.018781,-0.070067,-0.007422,-0.062645,-0.079805,-0.016467,-0.063338,-0.163501,-0.029159,-0.134342
5947.T,2017-11-07,5,streak_5plus,-0.019193,0.017263,-0.036456,-0.006058,-0.007422,0.001364,-0.00505,-0.016467,0.011417,-0.003031,-0.029159,0.026128
5831.T,2017-11-07,2,streak_2,0.008272,0.017263,-0.008991,-0.035849,-0.007422,-0.028427,0.007345,-0.016467,0.023812,0.035839,-0.029159,0.064998
7203.T,2017-11-07,6,streak_5plus,0.001955,0.017263,-0.015308,-0.005158,-0.007422,0.002264,-0.040592,-0.016467,-0.024124,0.053288,-0.029159,0.082447
3407.T,2017-11-07,5,streak_5plus,0.026255,0.017263,0.008992,0.084214,-0.007422,0.091636,-0.022232,-0.016467,-0.005764,-0.025518,-0.029159,0.003641
4246.T,2017-11-07,2,streak_2,-0.003148,0.017263,-0.020411,-0.024144,-0.007422,-0.016722,-0.044097,-0.016467,-0.02763,-0.100788,-0.029159,-0.071629
4114.T,2017-11-07,5,streak_5plus,0.022565,0.017263,0.005302,-0.01069,-0.007422,-0.003268,-0.059383,-0.016467,-0.042916,-0.115203,-0.029159,-0.086044
8331.T,2017-11-08,2,streak_2,-0.016499,-0.001037,-0.015462,-0.030658,-0.024309,-0.006349,0.024778,-0.019164,0.043942,0.041277,-0.067792,0.109069
6465.T,2017-11-08,6,streak_5plus,-0.071686,-0.001037,-0.070649,-0.043907,-0.024309,-0.019598,-0.082438,-0.019164,-0.063275,-0.08512,-0.067792,-0.017328
7201.T,2017-11-08,6,streak_5plus,0.006757,-0.001037,0.007793,-0.022497,-0.024309,0.001812,-0.028795,-0.019164,-0.009631,0.014856,-0.067792,0.082648
6976.T,2017-11-08,2,streak_2,0.006946,-0.001037,0.007982,-0.033728,-0.024309,-0.009419,-0.128967,-0.019164,-0.109804,-0.119543,-0.067792,-0.051752
2269.T,2017-11-08,4,streak_4,-0.00639,-0.001037,-0.005354,0.023429,-0.024309,0.047738,0.039404,-0.019164,0.058567,-0.132056,-0.067792,-0.064264
3863.T,2017-11-08,4,streak_4,-0.012758,-0.001037,-0.011721,-0.097789,-0.024309,-0.07348,-0.10417,-0.019164,-0.085007,-0.115648,-0.067792,-0.047857
1802.T,2017-11-08,13,streak_5plus,-0.027545,-0.001037,-0.026508,-0.053816,-0.024309,-0.029507,-0.048684,-0.019164,-0.02952,-0.233827,-0.067792,-0.166036
6273.T,2017-11-08,4,streak_4,0.016433,-0.001037,0.01747,0.009641,-0.024309,0.03395,0.002191,-0.019164,0.021355,0.004601,-0.067792,0.072393
6479.T,2017-11-08,4,streak_4,0.014241,-0.001037,0.015277,0.053747,-0.024309,0.078056,0.021591,-0.019164,0.040755,0.055122,-0.067792,0.122914
9684.T,2017-11-08,2,streak_2,0.020202,-0.001037,0.021239,0.040404,-0.024309,0.064713,0.028281,-0.019164,0.047445,-0.098988,-0.067792,-0.031197
7943.T,2017-11-08,2,streak_2,0.004426,-0.001037,0.005463,-0.101769,-0.024309,-0.07746,-0.021018,-0.019164,-0.001855,-0.094026,-0.067792,-0.026234
7733.T,2017-11-08,7,streak_5plus,-0.005728,-0.001037,-0.004691,0.008011,-0.024309,0.03232,-0.016023,-0.019164,0.003141,-0.058353,-0.067792,0.009439
5711.T,2017-11-08,8,streak_5plus,0.022322,-0.001037,0.023359,-0.05692,-0.024309,-0.032611,-0.180803,-0.019164,-0.161639,-0.186384,-0.067792,-0.118592
3436.T,2017-11-09,5,streak_5plus,-0.007735,-0.001969,-0.005766,0.13573,-0.038645,0.174375,0.133797,-0.004484,0.13828,0.03816,-0.072844,0.111004
1925.T,2017-11-09,3,streak_3,-0.000235,-0.001969,0.001734,-0.076157,-0.038645,-0.037513,-0.007431,-0.004484,-0.002947,-0.102394,-0.072844,-0.029549
3088.T,2017-11-09,4,streak_4,0.002334,-0.001969,0.004302,0.004667,-0.038645,0.043312,0.105019,-0.004484,0.109503,-0.009335,-0.072844,0.063509
4543.T,2017-11-09,3,streak_3,-0.01436,-0.001969,-0.012391,-0.019487,-0.038645,0.019158,0.074872,-0.004484,0.079356,0.103592,-0.072844,0.176436
4681.T,2017-11-09,2,streak_2,-0.008641,-0.001969,-0.006673,-0.033714,-0.038645,0.004931,0.055317,-0.004484,0.059801,0.046234,-0.072844,0.119079
5020.T,2017-11-10,2,streak_2,0.036737,-0.00819,0.044927,-0.008776,-0.022633,0.013857,0.098972,0.003062,0.095911,0.056236,-0.074973,0.131209
1860.T,2017-11-10,6,streak_5plus,-0.051174,-0.00819,-0.042984,-0.125893,-0.022633,-0.10326,-0.104396,0.003062,-0.107458,-0.21084,-0.074973,-0.135867
2897.T,2017-11-10,3,streak_3,0.0,-0.00819,0.00819,0.074483,-0.022633,0.097116,0.146209,0.003062,0.143147,0.006896,-0.074973,0.08187
1414.T,2017-11-10,2,streak_2,-0.020778,-0.00819,-0.012588,-0.080332,-0.022633,-0.057699,0.083102,0.003062,0.080041,0.020381,-0.074973,0.095355
8113.T,2017-11-10,4,streak_4,0.057061,-0.00819,0.065251,0.072374,-0.022633,0.095007,0.130393,0.003062,0.127331,0.070309,-0.074973,0.145282
6728.T,2017-11-10,7,streak_5plus,0.002361,-0.00819,0.010551,0.021251,-0.022633,0.043884,-0.12869,0.003062,-0.131752,-0.288075,-0.074973,-0.213102
8410.T,2017-11-10,2,streak_2,-0.009791,-0.00819,-0.001601,-0.071065,-0.022633,-0.048432,-0.061274,0.003062,-0.064336,-0.102934,-0.074973,-0.027961
6383.T,2017-11-10,4,streak_4,-0.016781,-0.00819,-0.008592,-0.003358,-0.022633,0.019275,0.008391,0.003062,0.005329,0.030199,-0.074973,0.105172
3659.T,2017-11-10,2,streak_2,-0.035058,-0.00819,-0.026868,-0.004571,-0.022633,0.018062,-0.024386,0.003062,-0.027448,0.128049,-0.074973,0.203022
9432.T,2017-11-10,3,streak_3,-0.004202,-0.00819,0.003988,0.007154,-0.022633,0.029787,-0.003747,0.003062,-0.006809,-0.20963,-0.074973,-0.134657
2267.T,2017-11-10,4,streak_4,-0.02731,-0.00819,-0.01912,-0.068278,-0.022633,-0.045645,-0.090336,0.003062,-0.093398,-0.165967,-0.074973,-0.090994
3865.T,2017-11-13,3,streak_3,-0.012511,-0.013246,0.000735,-0.115436,-0.012549,-0.102888,-0.114041,0.008145,-0.122186,-0.08902,-0.053632,-0.035388
4755.T,2017-11-13,3,streak_3,0.010969,-0.013246,0.024215,-0.042619,-0.012549,-0.030071,-0.044302,0.008145,-0.052447,-0.220225,-0.053632,-0.166593
1969.T,2017-11-13,6,streak_5plus,-0.001487,-0.013246,0.011758,-0.040144,-0.012549,-0.027596,0.021305,0.008145,0.013159,-0.058474,-0.053632,-0.004843
6965.T,2017-11-13,3,streak_3,-0.00397,-0.013246,0.009275,0.063579,-0.012549,0.076128,0.007947,0.008145,-0.000199,0.083443,-0.053632,0.137075
8354.T,2017-11-13,2,streak_2,-0.014259,-0.013246,-0.001013,-0.001784,-0.012549,0.010765,0.099824,0.008145,0.091679,-0.003567,-0.053632,0.050065
6481.T,2017-11-13,5,streak_5plus,0.002283,-0.013246,0.015529,-0.078766,-0.012549,-0.066218,-0.069633,0.008145,-0.077778,-0.011135,-0.053632,0.042496
8830.T,2017-11-14,6,streak_5plus,-0.000526,-4.4e-05,-0.000482,-0.03039,-0.005327,-0.025063,-0.015195,0.016848,-0.032043,0.019125,-0.029522,0.048648
5019.T,2017-11-14,3,streak_3,0.002803,-4.4e-05,0.002847,-0.016819,-0.005327,-0.011492,0.19636,0.016848,0.179511,0.092564,-0.029522,0.122086
7729.T,2017-11-14,3,streak_3,0.010647,-4.4e-05,0.010691,0.058572,-0.005327,0.0639,-0.04047,0.016848,-0.057318,-0.067095,-0.029522,-0.037572
8306.T,2017-11-14,2,streak_2,-0.000403,-4.4e-05,-0.00036,-0.009425,-0.005327,-0.004098,0.118295,0.016848,0.101447,0.046211,-0.029522,0.075733
7181.T,2017-11-14,5,streak_5plus,-0.011642,-4.4e-05,-0.011598,-0.028275,-0.005327,-0.022947,0.119336,0.016848,0.102488,0.152182,-0.029522,0.181704
9435.T,2017-11-14,2,streak_2,0.044,-4.4e-05,0.044044,0.040667,-0.005327,0.045994,0.063333,0.016848,0.046485,0.028052,-0.029522,0.057575
8750.T,2017-11-14,2,streak_2,-0.00144,-4.4e-05,-0.001397,0.031742,-0.005327,0.037069,0.129103,0.016848,0.112255,0.051934,-0.029522,0.081457
8316.T,2017-11-14,6,streak_5plus,-0.005393,-4.4e-05,-0.005349,-0.025395,-0.005327,-0.020067,0.101569,0.016848,0.084721,0.066512,-0.029522,0.096035
9627.T,2017-12-05,2,streak_2,-0.006535,-0.003734,-0.002801,-0.03268,0.010198,-0.042878,-0.128105,0.044364,-0.172468,-0.010458,-0.058972,0.048514
3861.T,2017-12-14,2,streak_2,0.021453,-0.002795,0.024249,0.075811,0.005873,0.069938,0.108716,0.048786,0.05993,-0.015745,-0.056119,0.040374
2678.T,2017-12-15,3,streak_3,-0.01389,-0.006223,-0.007667,-0.007716,0.007564,-0.015279,0.032405,0.0471,-0.014696,0.080248,-0.057877,0.138124
3086.T,2017-12-26,4,streak_4,0.014579,-0.002027,0.016605,0.078933,0.024724,0.054209,0.013573,0.030087,-0.016513,-0.081538,-0.064731,-0.016807
3141.T,2018-01-10,5,streak_5plus,-0.01417,-0.002591,-0.011579,-0.102228,0.004269,-0.106497,-0.098178,-0.092437,-0.005742,0.047234,-0.086192,0.133426
7453.T,2018-01-10,2,streak_2,-0.019662,-0.002591,-0.017071,0.004209,0.004269,-6e-05,-0.040729,-0.092437,0.051708,0.003381,-0.086192,0.089573
8905.T,2018-01-10,2,streak_2,0.002621,-0.002591,0.005211,0.00699,0.004269,0.002721,-0.020532,-0.092437,0.071905,-0.01602,-0.086192,0.070172
9983.T,2018-01-11,2,streak_2,0.0,-0.003269,0.003269,0.076495,0.003369,0.073126,-0.079701,-0.07976,5.8e-05,-0.01354,-0.088325,0.074785
2809.T,2018-01-11,3,streak_3,-0.01551,-0.003269,-0.012241,-0.021579,0.003369,-0.024948,0.007415,-0.07976,0.087175,-0.156102,-0.088325,-0.067776
8016.T,2018-01-12,3,streak_3,-0.016397,-0.002388,-0.014009,-0.081021,0.002233,-0.083254,-0.04512,-0.098177,0.053056,-0.158749,-0.086466,-0.072282
4581.T,2018-01-12,2,streak_2,-0.017486,-0.002388,-0.015098,-0.024044,0.002233,-0.026276,0.025137,-0.098177,0.123314,0.097091,-0.086466,0.183558
3087.T,2018-01-12,5,streak_5plus,-0.027829,-0.002388,-0.025442,-0.032957,0.002233,-0.035189,-0.067741,-0.098177,0.030435,-0.091616,-0.086466,-0.00515
6594.T,2018-01-24,7,streak_5plus,-0.02636,-0.007601,-0.018759,-0.010159,-0.034496,0.024337,-0.098848,-0.098976,0.000128,-0.076283,-0.076522,0.000239
4684.T,2018-01-25,5,streak_5plus,-0.014756,-0.011332,-0.003424,-0.036321,-0.035191,-0.001131,-0.019298,-0.085544,0.066247,0.011034,-0.072072,0.083106
2413.T,2018-01-26,6,streak_5plus,-0.009083,-0.001589,-0.007494,0.06096,-0.007748,0.068707,0.092086,-0.064043,0.156129,0.079054,-0.05703,0.136085
4063.T,2018-01-26,5,streak_5plus,0.0,-0.001589,0.001589,-0.002398,-0.007748,0.00535,-0.083934,-0.064043,-0.019891,-0.125923,-0.05703,-0.068893
6954.T,2018-01-26,7,streak_5plus,0.002954,-0.001589,0.004543,-0.013783,-0.007748,-0.006036,-0.101411,-0.064043,-0.037368,-0.137591,-0.05703,-0.080561
6305.T,2018-01-29,4,streak_4,0.022805,-0.000107,0.022912,0.077537,-0.015122,0.092659,0.078678,-0.052557,0.131235,-0.080224,-0.049256,-0.030968
6504.T,2018-01-29,3,streak_3,0.032402,-0.000107,0.03251,0.021231,-0.015122,0.036352,-0.080446,-0.052557,-0.027889,-0.114448,-0.049256,-0.065192
4917.T,2018-01-29,2,streak_2,0.003973,-0.000107,0.004081,0.063576,-0.015122,0.078697,0.0,-0.052557,0.052557,0.049259,-0.049256,0.098515
6807.T,2018-01-29,3,streak_3,-0.003282,-0.000107,-0.003175,-0.020789,-0.015122,-0.005667,-0.103394,-0.052557,-0.050838,0.034288,-0.049256,0.083544
4185.T,2018-01-29,6,streak_5plus,0.026684,-0.000107,0.026792,0.125547,-0.015122,0.140668,0.097988,-0.052557,0.150545,-0.096675,-0.049256,-0.04742
4661.T,2018-01-30,4,streak_4,-0.009889,-0.014278,0.004388,-0.044511,-0.040088,-0.004423,-0.062948,-0.066066,0.003118,-0.01885,-0.047454,0.028604
8601.T,2018-01-30,2,streak_2,-0.01596,-0.014278,-0.001683,-0.002549,-0.040088,0.037539,-0.0849,-0.066066,-0.018834,-0.130269,-0.047454,-0.082815
4506.T,2018-01-30,2,streak_2,0.002502,-0.014278,0.016779,-0.036898,-0.040088,0.00319,0.027517,-0.066066,0.093583,0.278868,-0.047454,0.326322
9511.T,2018-01-30,2,streak_2,-0.021443,-0.014278,-0.007166,-0.031643,-0.040088,0.008445,0.020751,-0.066066,0.086817,0.110194,-0.047454,0.157649
8242.T,2018-01-30,5,streak_5plus,-0.010275,-0.014278,0.004002,-0.078765,-0.040088,-0.038677,-0.0976,-0.066066,-0.031534,-0.111082,-0.047454,-0.063628
9507.T,2018-01-30,6,streak_5plus,-0.000787,-0.014278,0.01349,-0.02147,-0.040088,0.018618,-0.039773,-0.066066,0.026294,0.101527,-0.047454,0.148981
6645.T,2018-01-30,3,streak_3,-0.008231,-0.014278,0.006047,-0.093279,-0.040088,-0.053191,-0.127572,-0.066066,-0.061505,-0.185735,-0.047454,-0.138281
6641.T,2018-01-30,3,streak_3,-0.008167,-0.014278,0.006111,-0.137342,-0.040088,-0.097254,-0.219005,-0.066066,-0.152939,-0.143173,-0.047454,-0.095719
7741.T,2018-01-30,3,streak_3,-0.00295,-0.014278,0.011327,-0.037295,-0.040088,0.002793,-0.016306,-0.066066,0.04976,0.029926,-0.047454,0.07738
6770.T,2018-01-30,5,streak_5plus,-0.009553,-0.014278,0.004724,-0.041399,-0.040088,-0.001311,-0.058915,-0.066066,0.007152,-0.207648,-0.047454,-0.160194
9962.T,2018-01-30,5,streak_5plus,-0.015341,-0.014278,-0.001063,-0.094839,-0.040088,-0.05475,-0.135284,-0.066066,-0.069218,-0.133381,-0.047454,-0.085927
2002.T,2018-01-30,3,streak_3,-0.013117,-0.014278,0.00116,-0.019454,-0.040088,0.020634,-0.039815,-0.066066,0.026251,0.107481,-0.047454,0.154936
9022.T,2018-01-30,9,streak_5plus,-0.007104,-0.014278,0.007173,-0.018233,-0.040088,0.021855,-0.055174,-0.066066,0.010892,0.04032,-0.047454,0.087774
8218.T,2018-01-30,5,streak_5plus,-0.005944,-0.014278,0.008333,-0.054979,-0.040088,-0.014891,-0.081724,-0.066066,-0.015658,-0.105183,-0.047454,-0.057729
8591.T,2018-01-30,3,streak_3,-0.025327,-0.014278,-0.011049,-0.07643,-0.040088,-0.036342,-0.120628,-0.066066,-0.054562,-0.095073,-0.047454,-0.047619
6810.T,2018-01-30,3,streak_3,0.02033,-0.014278,0.034607,0.010763,-0.040088,0.050851,-0.130727,-0.066066,-0.064661,-0.240635,-0.047454,-0.193181
5471.T,2018-01-30,5,streak_5plus,-0.028612,-0.014278,-0.014334,-0.085836,-0.040088,-0.045748,-0.16738,-0.066066,-0.101314,-0.129144,-0.047454,-0.081689
9020.T,2018-01-30,5,streak_5plus,-0.007589,-0.014278,0.006689,-0.049126,-0.040088,-0.009037,-0.101384,-0.066066,-0.035317,-0.038812,-0.047454,0.008642
9064.T,2018-01-30,2,streak_2,0.010668,-0.014278,0.024945,0.06705,-0.040088,0.107139,0.020191,-0.066066,0.086257,0.074822,-0.047454,0.122276
4665.T,2018-01-30,2,streak_2,-0.012625,-0.014278,0.001652,-0.054151,-0.040088,-0.014063,-0.119267,-0.066066,-0.053201,-0.078766,-0.047454,-0.031312
8411.T,2018-01-31,2,streak_2,-0.017708,-0.008315,-0.009392,-0.042583,-0.072202,0.02962,-0.054072,-0.067298,0.013226,-0.040402,-0.03517,-0.005232
6923.T,2018-01-31,4,streak_4,-0.012277,-0.008315,-0.003961,-0.081474,-0.072202,-0.009271,-0.089287,-0.067298,-0.021989,-0.111849,-0.03517,-0.076678
9201.T,2018-01-31,3,streak_3,-0.011774,-0.008315,-0.003459,-0.046854,-0.072202,0.025348,0.025228,-0.067298,0.092526,0.011506,-0.03517,0.046677
6967.T,2018-01-31,2,streak_2,-0.020149,-0.008315,-0.011834,-0.101807,-0.072202,-0.029605,-0.102869,-0.067298,-0.035572,0.036568,-0.03517,0.071738
2802.T,2018-01-31,4,streak_4,-0.007441,-0.008315,0.000874,-0.056584,-0.072202,0.015618,-0.07456,-0.067298,-0.007263,-0.026344,-0.03517,0.008826
6753.T,2018-01-31,3,streak_3,0.012421,-0.008315,0.020736,-0.115529,-0.072202,-0.043327,-0.091926,-0.067298,-0.024629,-0.216204,-0.03517,-0.181034
9503.T,2018-01-31,6,streak_5plus,-0.024505,-0.008315,-0.016189,-0.037479,-0.072202,0.034723,-0.083601,-0.067298,-0.016303,0.136248,-0.03517,0.171418
8697.T,2018-01-31,2,streak_2,-0.007088,-0.008315,0.001227,-0.04253,-0.072202,0.029672,-0.065823,-0.067298,0.001474,0.076148,-0.03517,0.111318
6301.T,2018-01-31,5,streak_5plus,-0.004466,-0.008315,0.003849,-0.072167,-0.072202,3.5e-05,-0.115422,-0.067298,-0.048124,-0.134329,-0.03517,-0.099158
6988.T,2018-01-31,5,streak_5plus,0.007578,-0.008315,0.015894,-0.111729,-0.072202,-0.039527,-0.112635,-0.067298,-0.045337,-0.117574,-0.03517,-0.082403
7313.T,2018-01-31,3,streak_3,-0.009557,-0.008315,-0.001242,-0.108281,-0.072202,-0.036079,-0.090234,-0.067298,-0.022936,0.01653,-0.03517,0.051701
9104.T,2018-01-31,7,streak_5plus,-0.002552,-0.008315,0.005763,-0.075262,-0.072202,-0.00306,-0.15434,-0.067298,-0.087042,-0.146397,-0.03517,-0.111227
3591.T,2018-01-31,2,streak_2,-0.016177,-0.008315,-0.007862,-0.076473,-0.072202,-0.004271,-0.088236,-0.067298,-0.020938,-0.022696,-0.03517,0.012475
6501.T,2018-01-31,3,streak_3,-0.017914,-0.008315,-0.009599,-0.072315,-0.072202,-0.000113,-0.070172,-0.067298,-0.002874,-0.010167,-0.03517,0.025003
5975.T,2018-01-31,8,streak_5plus,-0.005978,-0.008315,0.002337,-0.073242,-0.072202,-0.00104,-0.053813,-0.067298,0.013485,0.041414,-0.03517,0.076584
8316.T,2018-01-31,7,streak_5plus,-0.020291,-0.008315,-0.011976,-0.038566,-0.072202,0.033636,-0.073714,-0.067298,-0.006416,-0.081415,-0.03517,-0.046245
9719.T,2018-01-31,2,streak_2,-0.029015,-0.008315,-0.020699,-0.133463,-0.072202,-0.061261,-0.149906,-0.067298,-0.082608,-0.014636,-0.03517,0.020535
9502.T,2018-01-31,3,streak_3,-0.010476,-0.008315,-0.002161,-0.011564,-0.072202,0.060638,0.043714,-0.067298,0.111011,0.279866,-0.03517,0.315037
9101.T,2018-01-31,2,streak_2,-0.022906,-0.008315,-0.01459,-0.094459,-0.072202,-0.022257,-0.17961,-0.067298,-0.112312,-0.110311,-0.03517,-0.075141
7974.T,2018-01-31,6,streak_5plus,0.020423,-0.008315,0.028739,-0.05403,-0.072202,0.018172,0.025103,-0.067298,0.092401,-0.007707,-0.03517,0.027464
6762.T,2018-01-31,3,streak_3,0.001006,-0.008315,0.009322,-0.075687,-0.072202,-0.003485,-0.042816,-0.067298,0.024482,-0.031779,-0.03517,0.003391
8308.T,2018-01-31,2,streak_2,-0.026656,-0.008315,-0.01834,-0.059827,-0.072202,0.012376,-0.121574,-0.067298,-0.054276,-0.082997,-0.03517,-0.047826
9513.T,2018-01-31,2,streak_2,-0.006417,-0.008315,0.001899,-0.085712,-0.072202,-0.01351,-0.135151,-0.067298,-0.067854,-0.038979,-0.03517,-0.003809
5406.T,2018-02-01,4,streak_4,0.012366,0.01679,-0.004424,-0.021199,-0.062902,0.041702,-0.0053,-0.082978,0.077678,0.065078,-0.027324,0.092402
7240.T,2018-02-01,2,streak_2,0.04254,0.01679,0.02575,-0.085074,-0.062902,-0.022172,-0.131939,-0.082978,-0.048961,-0.110275,-0.027324,-0.082951
5411.T,2018-02-01,7,streak_5plus,0.029747,0.01679,0.012957,-0.026462,-0.062902,0.036439,-0.094258,-0.082978,-0.01128,-0.059332,-0.027324,-0.032009
4502.T,2018-02-01,9,streak_5plus,0.016679,0.01679,-0.000111,-0.060327,-0.062902,0.002574,-0.087609,-0.082978,-0.004631,-0.293481,-0.027324,-0.266157
4452.T,2018-02-01,2,streak_2,0.020495,0.01679,0.003705,0.015866,-0.062902,0.078768,0.00952,-0.082978,0.092498,0.015999,-0.027324,0.043323
2282.T,2018-02-01,6,streak_5plus,0.007248,0.01679,-0.009542,-0.064455,-0.062902,-0.001553,-0.131959,-0.082978,-0.048981,-0.069481,-0.027324,-0.042158
4768.T,2018-02-01,4,streak_4,0.012023,0.01679,-0.004767,-0.001092,-0.062902,0.06181,0.099454,-0.082978,0.182432,-0.036069,-0.027324,-0.008745
8056.T,2018-02-01,4,streak_4,0.039271,0.01679,0.022481,-0.059773,-0.062902,0.003128,-0.041011,-0.082978,0.041967,0.023911,-0.027324,0.051235
9202.T,2018-02-01,6,streak_5plus,0.01982,0.01679,0.00303,-0.050676,-0.062902,0.012225,-0.046396,-0.082978,0.036582,-0.041612,-0.027324,-0.014288
9831.T,2018-02-01,2,streak_2,0.01546,0.01679,-0.00133,-0.00774,-0.062902,0.055162,0.026276,-0.082978,0.109254,-0.079351,-0.027324,-0.052027
6861.T,2018-02-01,3,streak_3,0.03372,0.01679,0.01693,-0.035375,-0.062902,0.027526,-0.061418,-0.082978,0.02156,0.00948,-0.027324,0.036804
6902.T,2018-02-02,6,streak_5plus,0.001447,-0.009009,0.010455,-0.041804,-0.067923,0.026119,-0.147261,-0.104062,-0.043199,-0.181411,-0.041617,-0.139794
6758.T,2018-02-02,4,streak_4,0.018568,-0.009009,0.027577,-0.01207,-0.067923,0.055853,-0.028784,-0.104062,0.075278,-0.034932,-0.041617,0.006685
4208.T,2018-02-02,6,streak_5plus,-0.006116,-0.009009,0.002893,0.038223,-0.067923,0.106146,-0.045872,-0.104062,0.05819,0.025996,-0.041617,0.067613
6201.T,2018-02-02,6,streak_5plus,0.026353,-0.009009,0.035362,-0.029126,-0.067923,0.038797,-0.120666,-0.104062,-0.016603,-0.056068,-0.041617,-0.014451
8031.T,2018-02-02,2,streak_2,0.040473,-0.009009,0.049481,-0.019462,-0.067923,0.048461,-0.034833,-0.104062,0.069229,0.00705,-0.041617,0.048666
4183.T,2018-02-02,6,streak_5plus,-0.027182,-0.009009,-0.018173,-0.088699,-0.067923,-0.020776,-0.09156,-0.104062,0.012502,-0.086455,-0.041617,-0.044838
4523.T,2018-02-02,13,streak_5plus,-0.009587,-0.009009,-0.000578,-0.034104,-0.067923,0.033819,-0.126199,-0.104062,-0.022137,0.177678,-0.041617,0.219295
3626.T,2018-02-02,3,streak_3,-0.018791,-0.009009,-0.009782,-0.021301,-0.067923,0.046622,-0.025058,-0.104062,0.079005,0.088393,-0.041617,0.13001
4042.T,2018-02-02,3,streak_3,-0.003506,-0.009009,0.005503,-0.105185,-0.067923,-0.037262,-0.186602,-0.104062,-0.08254,-0.245835,-0.041617,-0.204218
8410.T,2018-02-02,3,streak_3,-0.012255,-0.009009,-0.003246,-0.073529,-0.067923,-0.005606,-0.142163,-0.104062,-0.0381,-0.071498,-0.041617,-0.029881
4528.T,2018-02-02,3,streak_3,0.021627,-0.009009,0.030636,0.081563,-0.067923,0.149486,0.161655,-0.104062,0.265717,-0.062981,-0.041617,-0.021364
8306.T,2018-02-02,3,streak_3,-0.013531,-0.009009,-0.004522,-0.065811,-0.067923,0.002112,-0.152268,-0.104062,-0.048205,-0.153777,-0.041617,-0.11216
5831.T,2018-02-02,3,streak_3,0.005751,-0.009009,0.01476,-0.074711,-0.067923,-0.006788,-0.159277,-0.104062,-0.055215,-0.091946,-0.041617,-0.05033
4626.T,2018-02-02,2,streak_2,0.0,-0.009009,0.009009,-0.072754,-0.067923,-0.004831,-0.165114,-0.104062,-0.061051,-0.180821,-0.041617,-0.139204
8015.T,2018-02-02,8,streak_5plus,0.007661,-0.009009,0.01667,-0.100658,-0.067923,-0.032735,-0.183806,-0.104062,-0.079744,-0.099302,-0.041617,-0.057685
7267.T,2018-02-02,7,streak_5plus,0.008046,-0.009009,0.017055,0.003631,-0.067923,0.071554,-0.065038,-0.104062,0.039025,-0.052257,-0.041617,-0.01064
4021.T,2018-02-02,5,streak_5plus,-0.02079,-0.009009,-0.011781,-0.117068,-0.067923,-0.049145,-0.102846,-0.104062,0.001216,0.063568,-0.041617,0.105184
6503.T,2018-02-02,4,streak_4,0.014851,-0.009009,0.02386,-0.067843,-0.067923,8e-05,-0.141619,-0.104062,-0.037557,-0.179958,-0.041617,-0.138341
8282.T,2018-02-05,4,streak_4,-0.025481,-0.025455,-2.6e-05,-0.045222,-0.081287,0.036065,-0.028659,-0.079777,0.051118,-0.122449,-0.037193,-0.085256
4114.T,2018-02-05,6,streak_5plus,-0.016816,-0.025455,0.008639,-0.032342,-0.081287,0.048945,-0.025875,-0.079777,0.053902,-0.056233,-0.037193,-0.01904
5214.T,2018-02-05,5,streak_5plus,-0.046067,-0.025455,-0.020612,-0.229211,-0.081287,-0.147924,-0.307864,-0.079777,-0.228087,-0.282022,-0.037193,-0.244829
7606.T,2018-02-05,3,streak_3,-0.030115,-0.025455,-0.00466,-0.133957,-0.081287,-0.05267,-0.068536,-0.079777,0.011241,-0.154944,-0.037193,-0.117751
7211.T,2018-02-05,3,streak_3,-0.007279,-0.025455,0.018176,0.021837,-0.081287,0.103124,-0.054614,-0.079777,0.025163,-0.035835,-0.037193,0.001358
4507.T,2018-02-05,3,streak_3,-0.020999,-0.025455,0.004456,-0.124272,-0.081287,-0.042986,-0.120749,-0.079777,-0.040972,-0.114562,-0.037193,-0.077369
2801.T,2018-02-05,3,streak_3,-0.045554,-0.025455,-0.020099,-0.090001,-0.081287,-0.008714,-0.075554,-0.079777,0.004222,0.081981,-0.037193,0.119174
6752.T,2018-02-05,3,streak_3,-0.018891,-0.025455,0.006564,-0.034127,-0.081287,0.047159,-0.010359,-0.079777,0.069418,-0.040161,-0.037193,-0.002968
4005.T,2018-02-06,5,streak_5plus,-0.060562,-0.047255,-0.013307,-0.154638,-0.063372,-0.091267,-0.21907,-0.063017,-0.156053,-0.15365,-0.008152,-0.145499
2897.T,2018-02-06,4,streak_4,-0.022388,-0.047255,0.024867,-0.077115,-0.063372,-0.013744,-0.119401,-0.063017,-0.056384,0.00112,-0.008152,0.009272
9409.T,2018-02-06,5,streak_5plus,-0.025113,-0.047255,0.022142,0.035928,-0.063372,0.099299,-0.059742,-0.063017,0.003275,0.038433,-0.008152,0.046585
1951.T,2018-02-06,4,streak_4,-0.06619,-0.047255,-0.018935,-0.044361,-0.063372,0.019011,-0.010015,-0.063017,0.053002,0.072024,-0.008152,0.080176
3436.T,2018-02-06,6,streak_5plus,-0.059736,-0.047255,-0.012481,-0.056911,-0.063372,0.006461,-0.013078,-0.063017,0.049939,0.006364,-0.008152,0.014516
7203.T,2018-02-06,7,streak_5plus,-0.028657,-0.047255,0.018598,-0.029993,-0.063372,0.033379,-0.093851,-0.063017,-0.030834,0.030069,-0.008152,0.038221
8002.T,2018-02-06,3,streak_3,-0.00818,-0.047255,0.039075,-0.045963,-0.063372,0.017409,-0.062306,-0.063017,0.000711,0.082689,-0.008152,0.09084
6845.T,2018-02-06,4,streak_4,-0.049493,-0.047255,-0.002238,-0.071719,-0.063372,-0.008347,-0.046472,-0.063017,0.016545,0.024634,-0.008152,0.032786
6146.T,2018-02-06,4,streak_4,-0.044722,-0.047255,0.002533,-0.076955,-0.063372,-0.013584,0.017727,-0.063017,0.080744,-0.161345,-0.008152,-0.153193
6869.T,2018-02-06,2,streak_2,-0.038962,-0.047255,0.008292,0.010626,-0.063372,0.073997,0.041323,-0.063017,0.10434,0.057349,-0.008152,0.065501
7532.T,2018-02-06,4,streak_4,-0.052443,-0.047255,-0.005188,-0.020297,-0.063372,0.043074,0.033829,-0.063017,0.096846,-0.084589,-0.008152,-0.076437
6269.T,2018-02-06,6,streak_5plus,-0.064803,-0.047255,-0.017548,-0.124828,-0.063372,-0.061457,-0.12517,-0.063017,-0.062153,0.047066,-0.008152,0.055217
2371.T,2018-02-06,2,streak_2,-0.099054,-0.047255,-0.051799,-0.10652,-0.063372,-0.043149,-0.065208,-0.063017,-0.002191,0.132129,-0.008152,0.14028
4188.T,2018-02-06,7,streak_5plus,-0.054578,-0.047255,-0.007323,-0.097558,-0.063372,-0.034187,-0.114741,-0.063017,-0.051724,-0.091823,-0.008152,-0.083671
6448.T,2018-02-07,2,streak_2,-0.003488,0.001626,-0.005113,-0.039148,-0.021104,-0.018044,-0.048061,-0.011206,-0.036854,-0.027689,0.053134,-0.080823
7701.T,2018-02-07,2,streak_2,0.004858,0.001626,0.003233,-0.032522,-0.021104,-0.011418,0.03813,-0.011206,0.049337,0.183004,0.053134,0.129869
6273.T,2018-02-07,5,streak_5plus,0.003841,0.001626,0.002216,-0.119086,-0.021104,-0.097982,-0.120299,-0.011206,-0.109093,-0.1278,0.053134,-0.180934
8331.T,2018-02-07,3,streak_3,-0.007693,0.001626,-0.009318,-0.03623,-0.021104,-0.015126,-0.062576,-0.011206,-0.051369,-0.05762,0.053134,-0.110754
5947.T,2018-02-07,6,streak_5plus,0.010277,0.001626,0.008651,-0.006164,-0.021104,0.01494,0.005142,-0.011206,0.016348,0.117132,0.053134,0.063998
6976.T,2018-02-07,3,streak_3,0.00172,0.001626,9.4e-05,0.020123,-0.021104,0.041228,0.061524,-0.011206,0.07273,0.323214,0.053134,0.27008
7202.T,2018-02-07,3,streak_3,0.002274,0.001626,0.000648,-0.045743,-0.021104,-0.024638,-0.079259,-0.011206,-0.068053,-0.039702,0.053134,-0.092836
3407.T,2018-02-07,6,streak_5plus,0.031385,0.001626,0.02976,0.018598,-0.021104,0.039703,0.015878,-0.011206,0.027085,0.1549,0.053134,0.101766
5021.T,2018-02-08,2,streak_2,0.053785,0.011341,0.042443,-0.06357,-0.008334,-0.055236,-0.130809,-0.008139,-0.12267,0.01032,0.056386,-0.046065
7201.T,2018-02-08,7,streak_5plus,0.00998,0.011341,-0.001362,-0.033855,-0.008334,-0.025521,-0.034718,-0.008139,-0.026579,-0.007986,0.056386,-0.064372
5233.T,2018-02-08,2,streak_2,0.015348,0.011341,0.004007,-0.081463,-0.008334,-0.073129,-0.11216,-0.008139,-0.104021,-0.0467,0.056386,-0.103085
8876.T,2018-02-08,2,streak_2,0.026332,0.011341,0.01499,-0.021946,-0.008334,-0.013612,-0.01013,-0.008139,-0.001991,-0.063209,0.056386,-0.119594
8053.T,2018-02-08,5,streak_5plus,0.00333,0.011341,-0.008011,-0.014704,-0.008334,-0.006371,-0.019142,-0.008139,-0.011003,0.087244,0.056386,0.030859
1969.T,2018-02-08,7,streak_5plus,-0.010847,0.011341,-0.022188,-0.019097,-0.008334,-0.010763,-0.001033,-0.008139,0.007106,0.144995,0.056386,0.088609
4543.T,2018-02-08,4,streak_4,0.019956,0.011341,0.008614,0.101794,-0.008334,0.110128,0.139717,-0.008139,0.147856,0.25767,0.056386,0.201284
4151.T,2018-02-08,4,streak_4,0.027252,0.011341,0.01591,0.154113,-0.008334,0.162447,0.081761,-0.008139,0.089899,0.101584,0.056386,0.045198
4681.T,2018-02-08,3,streak_3,0.001623,0.011341,-0.009718,-0.054181,-0.008334,-0.045847,-0.051357,-0.008139,-0.043219,-0.046646,0.056386,-0.103031
9783.T,2018-02-09,2,streak_2,-0.01788,-0.023217,0.005337,-0.02682,-0.007794,-0.019027,-0.03193,-0.003053,-0.028877,0.038303,0.042354,-0.00405
5020.T,2018-02-09,3,streak_3,-0.048405,-0.023217,-0.025188,-0.035665,-0.007794,-0.027871,-0.050303,-0.003053,-0.04725,0.059788,0.042354,0.017434
5714.T,2018-02-09,2,streak_2,-0.03972,-0.023217,-0.016503,-0.073598,-0.007794,-0.065804,-0.089953,-0.003053,-0.0869,-0.079987,0.042354,-0.122341
4912.T,2018-02-09,10,streak_5plus,-0.023303,-0.023217,-8.6e-05,0.039662,-0.007794,0.047455,0.013882,-0.003053,0.016935,0.048089,0.042354,0.005736
9432.T,2018-02-09,4,streak_4,-0.018122,-0.023217,0.005095,-0.058569,-0.007794,-0.050775,0.004071,-0.003053,0.007124,0.103743,0.042354,0.061389
7729.T,2018-02-09,4,streak_4,-0.03657,-0.023217,-0.013353,0.001142,-0.007794,0.008935,0.033142,-0.003053,0.036195,0.042028,0.042354,-0.000326
7762.T,2018-02-09,2,streak_2,-0.022026,-0.023217,0.001191,0.075129,-0.007794,0.082923,0.018139,-0.003053,0.021192,0.024463,0.042354,-0.01789
1925.T,2018-02-09,4,streak_4,-0.027634,-0.023217,-0.004417,-0.039724,-0.007794,-0.03193,-0.025659,-0.003053,-0.022606,0.059941,0.042354,0.017587
7733.T,2018-02-09,8,streak_5plus,-0.004837,-0.023217,0.01838,0.01088,-0.007794,0.018673,-0.00363,-0.003053,-0.000577,-0.052702,0.042354,-0.095055
6383.T,2018-02-09,5,streak_5plus,-0.023704,-0.023217,-0.000487,-0.057777,-0.007794,-0.049983,-0.045925,-0.003053,-0.042872,-0.138936,0.042354,-0.181289
1860.T,2018-02-13,7,streak_5plus,-0.006332,-0.006451,0.000119,0.024084,0.035851,-0.011767,0.015199,0.027381,-0.012182,0.24649,0.062416,0.184075
3865.T,2018-02-13,4,streak_4,-0.012525,-0.006451,-0.006074,0.084499,0.035851,0.048648,0.117363,0.027381,0.089982,-0.013338,0.062416,-0.075754
8830.T,2018-02-13,7,streak_5plus,-0.006556,-0.006451,-0.000105,0.046159,0.035851,0.010308,0.02308,0.027381,-0.004301,0.135715,0.062416,0.0733
4755.T,2018-02-13,4,streak_4,-0.005106,-0.006451,0.001345,-0.001807,0.035851,-0.037658,0.007131,0.027381,-0.02025,-0.171755,0.062416,-0.23417
2579.T,2018-02-13,3,streak_3,0.005457,-0.006451,0.011908,0.039563,0.035851,0.003712,0.130967,0.027381,0.103586,0.215551,0.062416,0.153135
6465.T,2018-02-13,7,streak_5plus,-0.017752,-0.006451,-0.011301,-0.023669,0.035851,-0.05952,-0.051282,0.027381,-0.078663,0.006904,0.062416,-0.055512
5301.T,2018-02-13,2,streak_2,0.044507,-0.006451,0.050958,0.294161,0.035851,0.25831,0.169678,0.027381,0.142297,0.178717,0.062416,0.116302
6728.T,2018-02-13,8,streak_5plus,-0.023886,-0.006451,-0.017435,0.017516,0.035851,-0.018335,0.057326,0.027381,0.029945,-0.116242,0.062416,-0.178657
1802.T,2018-02-13,14,streak_5plus,-0.02341,-0.006451,-0.016958,0.002506,0.035851,-0.033345,0.009204,0.027381,-0.018177,-0.000599,0.062416,-0.063014
5711.T,2018-02-13,9,streak_5plus,-0.019204,-0.006451,-0.012753,-0.071331,0.035851,-0.107182,-0.097391,0.027381,-0.124772,-0.124892,0.062416,-0.187307
2503.T,2018-02-14,7,streak_5plus,0.015364,-0.00426,0.019624,0.11395,0.032028,0.081922,0.180998,0.02507,0.155928,0.198963,0.075016,0.123947
6592.T,2018-02-14,2,streak_2,-0.073755,-0.00426,-0.069495,-0.078901,0.032028,-0.110929,-0.048026,0.02507,-0.073096,-0.075472,0.075016,-0.150488
6367.T,2018-02-14,2,streak_2,0.010682,-0.00426,0.014942,0.042728,0.032028,0.010701,-0.00986,0.02507,-0.034931,0.090718,0.075016,0.015702
9435.T,2018-02-14,3,streak_3,0.020506,-0.00426,0.024767,0.061518,0.032028,0.02949,0.053999,0.02507,0.028929,0.232152,0.075016,0.157136
7181.T,2018-02-14,6,streak_5plus,-0.0022,-0.00426,0.002061,0.021627,0.032028,-0.0104,-0.032256,0.02507,-0.057326,-0.054604,0.075016,-0.12962
2212.T,2018-02-14,5,streak_5plus,0.008737,-0.00426,0.012998,0.029116,0.032028,-0.002912,0.049009,0.02507,0.023939,0.127609,0.075016,0.052593
3405.T,2018-02-14,2,streak_2,-0.008061,-0.00426,-0.0038,0.017198,0.032028,-0.01483,-0.031166,0.02507,-0.056237,-0.022567,0.075016,-0.097583
5019.T,2018-02-14,4,streak_4,0.007949,-0.00426,0.01221,0.060843,0.032028,0.028815,0.084655,0.02507,0.059585,0.050014,0.075016,-0.025001
7747.T,2018-02-14,2,streak_2,-0.03654,-0.00426,-0.03228,-0.007306,0.032028,-0.039334,-0.054808,0.02507,-0.079878,-0.060899,0.075016,-0.135915
4927.T,2018-02-14,4,streak_4,0.023502,-0.00426,0.027762,0.088132,0.032028,0.056104,0.054053,0.02507,0.028983,0.170388,0.075016,0.095372
8750.T,2018-02-14,3,streak_3,-0.015196,-0.00426,-0.010935,0.04203,0.032028,0.010002,-0.029223,0.02507,-0.054293,0.11069,0.075016,0.035674
6740.T,2018-02-14,2,streak_2,-0.014019,-0.00426,-0.009758,0.009346,0.032028,-0.022682,-0.004673,0.02507,-0.029743,-0.317757,0.075016,-0.392773
2502.T,2018-02-15,3,streak_3,0.000915,0.014693,-0.013777,0.010274,0.038604,-0.02833,0.042572,0.030716,0.011855,0.065879,0.083964,-0.018085
8113.T,2018-02-16,5,streak_5plus,0.060586,0.011892,0.048694,0.067237,0.012647,0.05459,0.074076,0.009855,0.064221,0.158929,0.071623,0.087306
9627.T,2018-03-02,3,streak_3,0.002797,-0.024987,0.027784,0.058741,-0.016405,0.075146,0.110489,-0.015461,0.125951,0.103775,0.034591,0.069184
7956.T,2018-03-05,2,streak_2,0.004711,-0.006588,0.011299,0.040047,0.013576,0.026471,0.150765,0.005224,0.145541,0.24146,0.064107,0.177353
2678.T,2018-03-16,4,streak_4,-0.007622,-0.005845,-0.001778,-0.110545,-0.054398,-0.056147,-0.12452,0.001448,-0.125969,-0.117224,0.040194,-0.157418
7453.T,2018-04-11,3,streak_3,-0.024048,-0.00492,-0.019128,0.046675,0.002444,0.044231,0.086279,0.049166,0.037113,-0.032533,0.006327,-0.03886
3141.T,2018-04-11,6,streak_5plus,-0.009711,-0.00492,-0.004791,0.042718,0.002444,0.040274,0.159222,0.049166,0.110056,0.095143,0.006327,0.088816
8905.T,2018-04-11,3,streak_3,-0.006272,-0.00492,-0.001352,-0.047472,0.002444,-0.049916,-0.017467,0.049166,-0.066633,-0.131661,0.006327,-0.137988
8273.T,2018-04-11,2,streak_2,-0.051881,-0.00492,-0.046961,-0.107653,0.002444,-0.110097,-0.085604,0.049166,-0.13477,-0.178988,0.006327,-0.185315
9983.T,2018-04-12,3,streak_3,0.020675,-0.001237,0.021911,0.031992,0.021723,0.010269,0.070294,0.052147,0.018147,0.071382,0.023095,0.048287
3087.T,2018-04-13,6,streak_5plus,-0.007708,0.005469,-0.013177,-0.077488,0.02451,-0.101999,-0.049901,0.048797,-0.098697,-0.150914,0.043262,-0.194177
3349.T,2018-04-13,2,streak_2,0.010068,0.005469,0.004599,0.115531,0.02451,0.091021,0.185523,0.048797,0.136726,0.230514,0.043262,0.187252
6923.T,2018-04-25,5,streak_5plus,-0.013351,-0.002819,-0.010532,-0.040049,0.008738,-0.048787,-0.088593,0.009111,-0.097704,-0.07403,0.013859,-0.087889
2413.T,2018-04-25,7,streak_5plus,-0.024206,-0.002819,-0.021387,-0.084711,0.008738,-0.093449,0.018699,0.009111,0.009588,-0.033004,0.013859,-0.046863
6807.T,2018-04-25,4,streak_4,-0.003033,-0.002819,-0.000214,0.162822,0.008738,0.154085,0.15067,0.009111,0.141559,0.227827,0.013859,0.213968
4661.T,2018-04-26,5,streak_5plus,-0.001374,0.004695,-0.006068,0.029318,0.011336,0.017982,0.024281,0.006442,0.017839,0.065048,0.022391,0.042657
7974.T,2018-04-26,7,streak_5plus,-0.020271,0.004695,-0.024966,0.003666,0.011336,-0.00767,-0.085617,0.006442,-0.092059,-0.182661,0.022391,-0.205053
6995.T,2018-04-26,2,streak_2,-0.003573,0.004695,-0.008267,-0.01741,0.011336,-0.028747,-0.064284,0.006442,-0.070726,-0.03482,0.022391,-0.057212
1944.T,2018-04-26,2,streak_2,-0.013658,0.004695,-0.018352,-0.009456,0.011336,-0.020793,-0.039393,0.006442,-0.045835,-0.020486,0.022391,-0.042878
6516.T,2018-04-26,6,streak_5plus,0.137087,0.004695,0.132392,0.165239,0.011336,0.153903,0.119953,0.006442,0.113511,-0.095475,0.022391,-0.117866
9507.T,2018-04-26,7,streak_5plus,-0.004304,0.004695,-0.008999,0.005733,0.011336,-0.005603,0.032996,0.006442,0.026554,0.119799,0.022391,0.097408
9022.T,2018-04-26,10,streak_5plus,0.000719,0.004695,-0.003976,0.041698,0.011336,0.030361,0.081955,0.006442,0.075513,0.129883,0.022391,0.107492
6861.T,2018-04-26,4,streak_4,0.014089,0.004695,0.009394,0.037467,0.011336,0.026131,0.027868,0.006442,0.021426,-0.073696,0.022391,-0.096087
7518.T,2018-04-26,3,streak_3,0.004543,0.004695,-0.000152,0.213123,0.011336,0.201787,0.177382,0.006442,0.17094,0.582188,0.022391,0.559797
9513.T,2018-04-27,3,streak_3,-0.007334,0.006643,-0.013977,0.020002,0.008471,0.01153,-0.037001,-0.01349,-0.023511,0.026669,0.010091,0.016578
5333.T,2018-04-27,2,streak_2,0.043569,0.006643,0.036926,0.06535,0.008471,0.056879,0.015041,-0.01349,0.028531,0.0,0.010091,-0.010091
7220.T,2018-04-27,2,streak_2,-0.012849,0.006643,-0.019491,0.019279,0.008471,0.010808,0.026995,-0.01349,0.040485,-0.020564,0.010091,-0.030655
6902.T,2018-04-27,7,streak_5plus,-0.034555,0.006643,-0.041197,-0.061222,0.008471,-0.069694,-0.126809,-0.01349,-0.113319,-0.053344,0.010091,-0.063435
9201.T,2018-04-27,4,streak_4,0.000232,0.006643,-0.006411,-0.04154,0.008471,-0.050011,-0.005105,-0.01349,0.008385,-0.011604,0.010091,-0.021695
6028.T,2018-04-27,2,streak_2,-0.003137,0.006643,-0.00978,0.059559,0.008471,0.051088,0.10188,-0.01349,0.11537,0.121224,0.010091,0.111132
6967.T,2018-04-27,3,streak_3,0.02024,0.006643,0.013597,0.113093,0.008471,0.104622,0.111907,-0.01349,0.125397,0.327387,0.010091,0.317295
2175.T,2018-04-27,2,streak_2,-0.008364,0.006643,-0.015006,-0.087217,0.008471,-0.095689,-0.013141,-0.01349,0.000349,-0.017923,0.010091,-0.028014
6201.T,2018-04-27,7,streak_5plus,-0.006143,0.006643,-0.012786,0.03226,0.008471,0.023788,-0.030722,-0.01349,-0.017232,-0.046082,0.010091,-0.056173
6103.T,2018-04-27,2,streak_2,-0.011042,0.006643,-0.017685,0.06309,0.008471,0.054618,-0.020506,-0.01349,-0.007017,-0.028393,0.010091,-0.038484
5406.T,2018-04-27,5,streak_5plus,0.000882,0.006643,-0.005761,0.034486,0.008471,0.026014,-0.039789,-0.01349,-0.026299,-0.031829,0.010091,-0.04192
9202.T,2018-04-27,7,streak_5plus,0.007897,0.006643,0.001255,-0.01765,0.008471,-0.026121,0.028566,-0.01349,0.042055,-0.03739,0.010091,-0.047482
8697.T,2018-04-27,3,streak_3,0.014498,0.006643,0.007856,0.02,0.008471,0.011529,0.02549,-0.01349,0.03898,0.022491,0.010091,0.0124
7259.T,2018-04-27,2,streak_2,-0.011647,0.006643,-0.01829,-0.006659,0.008471,-0.015131,-0.096509,-0.01349,-0.083019,-0.146422,0.010091,-0.156513
6501.T,2018-04-27,4,streak_4,-0.00903,0.006643,-0.015673,0.060698,0.008471,0.052226,-0.017932,-0.01349,-0.004443,-0.00717,0.010091,-0.017261
7276.T,2018-04-27,2,streak_2,0.0,0.006643,-0.006643,0.02585,0.008471,0.017378,0.066667,-0.01349,0.080157,-0.020407,0.010091,-0.030498
6503.T,2018-04-27,5,streak_5plus,-0.03999,0.006643,-0.046632,-0.068268,0.008471,-0.076739,-0.119682,-0.01349,-0.106192,-0.127679,0.010091,-0.13777
5471.T,2018-04-27,6,streak_5plus,0.05882,0.006643,0.052177,0.057034,0.008471,0.048563,-0.078434,-0.01349,-0.064944,-0.007129,0.010091,-0.01722
4922.T,2018-04-27,2,streak_2,-0.002954,0.006643,-0.009597,0.031512,0.008471,0.02304,0.136386,-0.01349,0.149876,0.09158,0.010091,0.081489
7267.T,2018-04-27,8,streak_5plus,-0.007898,0.006643,-0.01454,-0.043983,0.008471,-0.052455,-0.099818,-0.01349,-0.086328,-0.104115,0.010091,-0.114206
9101.T,2018-04-27,3,streak_3,-0.009332,0.006643,-0.015974,0.028867,0.008471,0.020396,-0.058989,-0.01349,-0.045499,-0.092107,0.010091,-0.102198
4063.T,2018-04-27,6,streak_5plus,0.013351,0.006643,0.006709,0.021183,0.008471,0.012711,-0.007366,-0.01349,0.006124,0.030388,0.010091,0.020297
6762.T,2018-04-27,4,streak_4,-0.011506,0.006643,-0.018149,0.018833,0.008471,0.010362,0.023012,-0.01349,0.036502,0.199801,0.010091,0.18971
8218.T,2018-04-27,6,streak_5plus,-0.003068,0.006643,-0.00971,0.017728,0.008471,0.009257,-0.037846,-0.01349,-0.024356,-0.085581,0.010091,-0.095672
7575.T,2018-05-02,3,streak_3,-0.017268,-0.001566,-0.015702,-0.193721,-0.000482,-0.193238,-0.130926,-0.014958,-0.115967,-0.243957,0.010604,-0.254561
8282.T,2018-05-07,5,streak_5plus,-0.006291,-0.00025,-0.006041,-0.16551,0.012713,-0.178223,-0.186279,0.000141,-0.18642,-0.214594,0.001769,-0.216363
4114.T,2018-05-08,7,streak_5plus,-0.01766,0.001848,-0.019509,0.040764,0.017746,0.023018,0.168478,0.003222,0.165256,0.144022,0.002582,0.14144
4917.T,2018-05-08,3,streak_3,0.008097,0.001848,0.006248,-0.021591,0.017746,-0.039337,-0.013494,0.003222,-0.016715,-0.066126,0.002582,-0.068708
8058.T,2018-05-08,2,streak_2,0.046439,0.001848,0.04459,0.040831,0.017746,0.023085,0.027668,0.003222,0.024447,0.039844,0.002582,0.037262
4680.T,2018-05-08,5,streak_5plus,0.011557,0.001848,0.009708,0.143848,0.017746,0.126102,0.113817,0.003222,0.110595,-0.002889,0.002582,-0.005472
8002.T,2018-05-08,4,streak_4,0.047652,0.001848,0.045804,0.057994,0.017746,0.040248,0.071163,0.003222,0.067941,0.101257,0.002582,0.098675
4151.T,2018-05-08,5,streak_5plus,0.002145,0.001848,0.000297,-0.047149,0.017746,-0.064895,-0.002573,0.003222,-0.005795,-0.080109,0.002582,-0.082691
4912.T,2018-05-08,11,streak_5plus,0.013381,0.001848,0.011533,-0.090635,0.017746,-0.108381,-0.121277,0.003222,-0.124499,-0.142489,0.002582,-0.145072
5301.T,2018-05-08,3,streak_3,-0.003947,0.001848,-0.005796,0.147566,0.017746,0.12982,0.482878,0.003222,0.479657,0.451481,0.002582,0.448899
7532.T,2018-05-08,5,streak_5plus,-0.010047,0.001848,-0.011896,-0.063539,0.017746,-0.081285,-0.016734,0.003222,-0.019955,-0.149473,0.002582,-0.152055
7211.T,2018-05-09,4,streak_4,-0.01135,-0.004434,-0.006916,0.100886,0.013743,0.087144,0.087019,0.0052,0.081819,0.076934,-6.1e-05,0.076995
6367.T,2018-05-09,3,streak_3,-0.00349,-0.004434,0.000944,0.02753,0.013743,0.013787,0.011245,0.0052,0.006045,0.013183,-6.1e-05,0.013244
2587.T,2018-05-09,2,streak_2,-0.024163,-0.004434,-0.019729,-0.065056,0.013743,-0.078799,-0.081786,0.0052,-0.086985,-0.14073,-6.1e-05,-0.140669
6471.T,2018-05-09,2,streak_2,-0.009612,-0.004434,-0.005177,-0.012358,0.013743,-0.026101,-0.122862,0.0052,-0.128062,-0.162664,-6.1e-05,-0.162603
4042.T,2018-05-09,4,streak_4,0.041443,-0.004434,0.045877,0.040918,0.013743,0.027175,0.002098,0.0052,-0.003102,-0.072404,-6.1e-05,-0.072343
7203.T,2018-05-09,8,streak_5plus,0.037603,-0.004434,0.042037,0.05018,0.013743,0.036438,0.044588,0.0052,0.039388,-0.003075,-6.1e-05,-0.003014
4507.T,2018-05-09,4,streak_4,-0.036592,-0.004434,-0.032158,0.006683,0.013743,-0.00706,-0.007037,0.0052,-0.012237,0.061213,-6.1e-05,0.061274
4536.T,2018-05-09,2,streak_2,-0.033225,-0.004434,-0.028791,0.016613,0.013743,0.00287,0.007502,0.0052,0.002302,-0.071274,-6.1e-05,-0.071214
5831.T,2018-05-09,4,streak_4,-0.002716,-0.004434,0.001718,0.018079,0.013743,0.004336,-0.011755,0.0052,-0.016955,-0.072335,-6.1e-05,-0.072274
9984.T,2018-05-09,2,streak_2,0.007776,-0.004434,0.01221,0.010603,0.013743,-0.003139,-0.034398,0.0052,-0.039598,0.111204,-6.1e-05,0.111265
8056.T,2018-05-09,5,streak_5plus,-0.02697,-0.004434,-0.022536,0.096997,0.013743,0.083254,0.147889,0.0052,0.142689,0.178771,-6.1e-05,0.178832
4182.T,2018-05-09,3,streak_3,0.034753,-0.004434,0.039188,0.12638,0.013743,0.112637,0.123615,0.0052,0.118415,-0.011057,-6.1e-05,-0.010997
8591.T,2018-05-09,4,streak_4,-0.013446,-0.004434,-0.009011,-0.018925,0.013743,-0.032667,-0.072942,0.0052,-0.078142,-0.130698,-6.1e-05,-0.130637
2371.T,2018-05-10,3,streak_3,0.110839,0.00394,0.106899,0.08079,0.01376,0.06703,0.211329,0.018492,0.192837,0.025614,0.011329,0.014286
4849.T,2018-05-10,2,streak_2,0.009158,0.00394,0.005217,0.080587,0.01376,0.066826,-0.053114,0.018492,-0.071606,-0.049451,0.011329,-0.060779
2503.T,2018-05-10,8,streak_5plus,0.007589,0.00394,0.003649,0.001517,0.01376,-0.012243,0.040633,0.018492,0.022141,-0.071002,0.011329,-0.08233
9749.T,2018-05-10,3,streak_3,0.010511,0.00394,0.006571,0.025702,0.01376,0.011942,0.085282,0.018492,0.06679,0.056652,0.011329,0.045323
9142.T,2018-05-10,2,streak_2,0.0,0.00394,-0.00394,0.001454,0.01376,-0.012307,0.030521,0.018492,0.012029,-0.02035,0.011329,-0.031678
5021.T,2018-05-10,3,streak_3,0.035992,0.00394,0.032052,0.082663,0.01376,0.068903,0.001333,0.018492,-0.017159,0.077332,0.011329,0.066004
9831.T,2018-05-10,3,streak_3,-0.017336,0.00394,-0.021277,-0.020804,0.01376,-0.034564,-0.032928,0.018492,-0.05142,-0.060667,0.011329,-0.071995
4188.T,2018-05-10,8,streak_5plus,0.020122,0.00394,0.016182,-0.002947,0.01376,-0.016707,-0.002452,0.018492,-0.020943,-0.022196,0.011329,-0.033524
6752.T,2018-05-10,4,streak_4,0.003862,0.00394,-7.9e-05,0.026029,0.01376,0.012269,0.014786,0.018492,-0.003706,-0.067801,0.011329,-0.079129
8830.T,2018-05-10,8,streak_5plus,0.0094,0.00394,0.00546,-0.010549,0.01376,-0.024309,-0.037376,0.018492,-0.055868,-0.092869,0.011329,-0.104198
7701.T,2018-05-10,3,streak_3,0.009214,0.00394,0.005274,0.069963,0.01376,0.056203,0.025594,0.018492,0.007103,0.063139,0.011329,0.05181
4755.T,2018-05-10,5,streak_5plus,0.008174,0.00394,0.004233,-0.035914,0.01376,-0.049675,-0.11631,0.018492,-0.134801,0.013509,0.011329,0.002181
3436.T,2018-05-10,7,streak_5plus,0.039052,0.00394,0.035112,0.04489,0.01376,0.03113,-0.011314,0.018492,-0.029806,-0.122827,0.011329,-0.134155
3626.T,2018-05-10,4,streak_4,0.0,0.00394,-0.00394,0.16136,0.01376,0.1476,0.172729,0.018492,0.154238,0.179545,0.011329,0.168216
2802.T,2018-05-10,5,streak_5plus,0.043138,0.00394,0.039198,0.020579,0.01376,0.006819,0.039423,0.018492,0.020931,-0.063949,0.011329,-0.075278
1925.T,2018-05-10,5,streak_5plus,0.012434,0.00394,0.008493,0.036558,0.01376,0.022798,0.016412,0.018492,-0.00208,-0.00796,0.011329,-0.019288
4528.T,2018-05-10,4,streak_4,0.007818,0.00394,0.003877,0.0844,0.01376,0.070639,0.018441,0.018492,-5.1e-05,0.130309,0.011329,0.11898
7731.T,2018-05-10,2,streak_2,-0.008117,0.00394,-0.012057,0.0,0.01376,-0.01376,-0.008117,0.018492,-0.026609,0.043267,0.011329,0.031938
6976.T,2018-05-10,4,streak_4,0.031267,0.00394,0.027326,0.238856,0.01376,0.225096,0.346491,0.018492,0.327999,0.650438,0.011329,0.639109
9449.T,2018-05-10,2,streak_2,0.028264,0.00394,0.024324,0.201604,0.01376,0.187844,0.385777,0.018492,0.367285,0.045376,0.011329,0.034048
2897.T,2018-05-10,5,streak_5plus,-0.022006,0.00394,-0.025946,0.002446,0.01376,-0.011315,-0.013444,0.018492,-0.031936,-0.117361,0.011329,-0.12869
2432.T,2018-05-10,2,streak_2,0.002763,0.00394,-0.001177,0.000918,0.01376,-0.012842,-0.046963,0.018492,-0.065454,-0.048803,0.011329,-0.060132
5975.T,2018-05-10,9,streak_5plus,-0.015941,0.00394,-0.019881,-0.013041,0.01376,-0.026801,-0.107246,0.018492,-0.125737,-0.165506,0.011329,-0.176835
7269.T,2018-05-10,2,streak_2,-0.014511,0.00394,-0.018451,0.079176,0.01376,0.065416,0.114488,0.018492,0.095996,0.306409,0.011329,0.29508
4246.T,2018-05-10,3,streak_3,0.004199,0.00394,0.000259,0.00158,0.01376,-0.01218,-0.063546,0.018492,-0.082038,-0.091383,0.011329,-0.102712
1860.T,2018-05-11,8,streak_5plus,0.047824,0.011615,0.036209,0.065622,0.015166,0.050456,0.095663,0.008771,0.086892,-0.023367,0.00654,-0.029906
1969.T,2018-05-11,8,streak_5plus,0.006455,0.011615,-0.00516,0.041697,0.015166,0.026532,0.004964,0.008771,-0.003807,-0.046648,0.00654,-0.053188
1662.T,2018-05-11,2,streak_2,0.026618,0.011615,0.015003,0.134883,0.015166,0.119717,0.018335,0.008771,0.009565,0.002872,0.00654,-0.003668
7186.T,2018-05-11,2,streak_2,0.011174,0.011615,-0.000441,0.044715,0.015166,0.029549,0.007978,0.008771,-0.000793,-0.107036,0.00654,-0.113576
3941.T,2018-05-11,2,streak_2,0.014758,0.011615,0.003143,0.012644,0.015166,-0.002522,0.064285,0.008771,0.055514,0.066386,0.00654,0.059846
2433.T,2018-05-11,2,streak_2,0.008434,0.011615,-0.003181,0.060993,0.015166,0.045827,0.103179,0.008771,0.094408,0.136272,0.00654,0.129732
6723.T,2018-05-11,2,streak_2,-0.009919,0.011615,-0.021534,-0.036968,0.015166,-0.052134,0.010825,0.008771,0.002054,-0.218211,0.00654,-0.224751
7762.T,2018-05-11,3,streak_3,0.027637,0.011615,0.016022,-0.054084,0.015166,-0.06925,-0.105776,0.008771,-0.114547,-0.096157,0.00654,-0.102697
6728.T,2018-05-11,9,streak_5plus,0.015998,0.011615,0.004384,-0.112001,0.015166,-0.127167,-0.2224,0.008771,-0.231171,-0.25976,0.00654,-0.2663
6641.T,2018-05-11,4,streak_4,-0.020779,0.011615,-0.032394,-0.038961,0.015166,-0.054127,0.010389,0.008771,0.001619,-0.168831,0.00654,-0.175371
5020.T,2018-05-11,4,streak_4,-0.019465,0.011615,-0.03108,0.024067,0.015166,0.008901,-0.006941,0.008771,-0.015712,0.131406,0.00654,0.124866
6845.T,2018-05-11,5,streak_5plus,0.007948,0.011615,-0.003667,0.059637,0.015166,0.044471,0.053681,0.008771,0.04491,-0.085491,0.00654,-0.092031
6055.T,2018-05-11,2,streak_2,0.027046,0.011615,0.015431,0.125989,0.015166,0.110823,0.18008,0.008771,0.171309,-0.04354,0.00654,-0.05008
4911.T,2018-05-11,2,streak_2,0.000972,0.011615,-0.010643,0.107902,0.015166,0.092736,0.26788,0.008771,0.259109,0.050638,0.00654,0.044098
6481.T,2018-05-14,6,streak_5plus,0.017811,0.004718,0.013093,0.012721,0.007552,0.005169,-0.038168,0.002002,-0.040169,-0.203705,-0.007034,-0.19667
4502.T,2018-05-14,10,streak_5plus,0.030939,0.004718,0.02622,0.007734,0.007552,0.000182,-0.077998,0.002002,-0.08,0.018692,-0.007034,0.025726
7717.T,2018-05-14,4,streak_4,0.030913,0.004718,0.026195,-0.067937,0.007552,-0.075489,-0.159597,0.002002,-0.161599,-0.271388,-0.007034,-0.264354
8802.T,2018-05-14,2,streak_2,0.048069,0.004718,0.04335,0.00419,0.007552,-0.003362,-0.027607,0.002002,-0.029609,-0.100811,-0.007034,-0.093776
7201.T,2018-05-14,8,streak_5plus,0.004496,0.004718,-0.000222,0.031502,0.007552,0.02395,-0.010355,0.002002,-0.012357,-0.058956,-0.007034,-0.051921
4581.T,2018-05-14,3,streak_3,0.093359,0.004718,0.088641,0.11357,0.007552,0.106018,0.169394,0.002002,0.167392,0.128008,-0.007034,0.135042
3865.T,2018-05-14,5,streak_5plus,0.009165,0.004718,0.004447,-0.038161,0.007552,-0.045714,-0.091598,0.002002,-0.0936,-0.016794,-0.007034,-0.00976
1979.T,2018-05-15,3,streak_3,-0.005087,-0.002092,-0.002995,-0.030535,0.00597,-0.036505,-0.127226,0.000546,-0.127773,-0.170485,-0.024831,-0.145654
3405.T,2018-05-15,3,streak_3,0.04981,-0.002092,0.051902,-0.008295,0.00597,-0.014265,-0.078581,0.000546,-0.079128,-0.137745,-0.024831,-0.112914
7729.T,2018-05-15,5,streak_5plus,0.006706,-0.002092,0.008798,0.007823,0.00597,0.001853,-0.071508,0.000546,-0.072054,-0.175419,-0.024831,-0.150588
7181.T,2018-05-15,7,streak_5plus,0.017157,-0.002092,0.019249,-0.032408,0.00597,-0.038378,-0.058712,0.000546,-0.059258,-0.111324,-0.024831,-0.086493
7747.T,2018-05-15,3,streak_3,-0.001261,-0.002092,0.000831,-0.030338,0.00597,-0.036308,0.046776,0.000546,0.046229,0.052902,-0.024831,0.077732
1812.T,2018-05-15,2,streak_2,-0.034318,-0.002092,-0.032226,-0.131556,0.00597,-0.137526,-0.140136,0.000546,-0.140682,-0.211635,-0.024831,-0.186804
6098.T,2018-05-15,2,streak_2,-0.024868,-0.002092,-0.022776,0.045114,0.00597,0.039144,0.109768,0.000546,0.109221,0.078152,-0.024831,0.102983
4612.T,2018-05-15,2,streak_2,-0.010502,-0.002092,-0.008409,0.081937,0.00597,0.075967,0.004207,0.000546,0.003661,-0.106014,-0.024831,-0.081183
6178.T,2018-05-15,2,streak_2,0.010615,-0.002092,0.012707,-0.031844,0.00597,-0.037814,-0.051553,0.000546,-0.0521,-0.068989,-0.024831,-0.044158
8750.T,2018-05-15,4,streak_4,0.023066,-0.002092,0.025158,0.053779,0.00597,0.047809,-0.021633,0.000546,-0.022179,-0.029087,-0.024831,-0.004256
6960.T,2018-05-15,2,streak_2,0.016251,-0.002092,0.018343,0.04375,0.00597,0.03778,-0.002498,0.000546,-0.003045,-0.062499,-0.024831,-0.037668
6502.T,2018-05-15,2,streak_2,0.034602,-0.002092,0.036694,0.044983,0.00597,0.039013,0.093426,0.000546,0.092879,0.155709,-0.024831,0.18054
4901.T,2018-05-18,2,streak_2,-0.003936,0.004028,-0.007964,-0.028462,-0.017574,-0.010888,-0.002319,0.000586,-0.002905,0.064316,-0.027767,0.092083
9678.T,2018-06-08,2,streak_2,0.009332,-0.005642,0.014974,-0.024001,-0.003709,-0.020292,-0.1,-0.045354,-0.054646,-0.077332,-0.010622,-0.06671
7453.T,2018-07-04,4,streak_4,0.017291,-0.003144,0.020435,-0.135635,0.018882,-0.154517,-0.053189,0.03337,-0.086559,-0.102523,0.106741,-0.209264
8267.T,2018-07-04,2,streak_2,0.014577,-0.003144,0.017721,-0.003374,0.018882,-0.022255,0.008736,0.03337,-0.024634,0.227021,0.106741,0.12028
3349.T,2018-07-12,3,streak_3,0.006475,0.011661,-0.005186,0.143387,0.037956,0.105431,0.093896,0.016682,0.077214,0.106384,0.034764,0.07162
9983.T,2018-07-12,4,streak_4,0.038169,0.011661,0.026508,0.110713,0.037956,0.072756,-0.000211,0.016682,-0.016893,0.187908,0.034764,0.153144
7211.T,2018-07-24,5,streak_5plus,0.035673,0.005067,0.030606,-0.051277,0.006601,-0.057879,-0.115947,-0.007914,-0.108032,-0.206333,-0.017244,-0.189089
6807.T,2018-07-25,5,streak_5plus,0.018157,0.00461,0.013547,0.058307,0.001921,0.056386,0.049509,-0.006572,0.05608,-0.057082,-0.018627,-0.038456
4063.T,2018-07-25,7,streak_5plus,0.039424,0.00461,0.034814,0.083651,0.001921,0.08173,0.021633,-0.006572,0.028205,-0.181539,-0.018627,-0.162913
6857.T,2018-07-25,2,streak_2,0.018858,0.00461,0.014248,0.084062,0.001921,0.082141,0.030751,-0.006572,0.037323,-0.122565,-0.018627,-0.103938
6923.T,2018-07-26,6,streak_5plus,0.0,-0.001211,0.001211,0.031458,0.005857,0.025601,-0.031455,-0.008996,-0.022459,-0.076636,-0.059499,-0.017137
7276.T,2018-07-26,3,streak_3,0.025675,-0.001211,0.026886,-0.018921,0.005857,-0.024778,-0.095946,-0.008996,-0.086951,-0.211979,-0.059499,-0.15248
7518.T,2018-07-26,4,streak_4,0.022276,-0.001211,0.023487,0.223293,0.005857,0.217436,0.130631,-0.008996,0.139627,0.206396,-0.059499,0.265895
6967.T,2018-07-26,4,streak_4,-0.009235,-0.001211,-0.008024,0.01939,0.005857,0.013534,-0.085876,-0.008996,-0.076881,-0.261898,-0.059499,-0.202399
7751.T,2018-07-26,2,streak_2,0.004214,-0.001211,0.005425,0.009548,0.005857,0.003691,-0.016856,-0.008996,-0.00786,-0.045788,-0.059499,0.013711
4519.T,2018-07-26,2,streak_2,0.016362,-0.001211,0.017573,0.063638,0.005857,0.057781,0.118183,-0.008996,0.127178,0.185455,-0.059499,0.244954
2002.T,2018-07-26,4,streak_4,0.004056,-0.001211,0.005267,-0.011267,0.005857,-0.017124,-0.011715,-0.008996,-0.002719,0.030139,-0.059499,0.089638
6702.T,2018-07-26,2,streak_2,0.010764,-0.001211,0.011974,0.027597,0.005857,0.02174,0.053847,-0.008996,0.062843,-0.03728,-0.059499,0.022219
7201.T,2018-07-26,9,streak_5plus,0.003865,-0.001211,0.005076,0.028017,0.005857,0.02216,0.000961,-0.008996,0.009956,-0.028252,-0.059499,0.031247
5333.T,2018-07-27,3,streak_3,0.004013,0.005573,-0.00156,-0.036606,-0.003291,-0.033315,-0.091276,0.00066,-0.091936,-0.176004,-0.062083,-0.11392
5831.T,2018-07-27,5,streak_5plus,0.01152,0.005573,0.005947,0.032634,-0.003291,0.035926,-0.081576,0.00066,-0.082235,-0.08349,-0.062083,-0.021407
5471.T,2018-07-27,7,streak_5plus,0.081405,0.005573,0.075832,0.06589,-0.003291,0.069182,-0.017443,0.00066,-0.018103,-0.124406,-0.062083,-0.062322
6501.T,2018-07-27,5,streak_5plus,0.001604,0.005573,-0.003969,-0.057986,-0.003291,-0.054695,-0.112252,0.00066,-0.112911,-0.193296,-0.062083,-0.131212
9531.T,2018-07-27,2,streak_2,-0.006884,0.005573,-0.012458,-0.048191,-0.003291,-0.0449,-0.080722,0.00066,-0.081382,-0.046177,-0.062083,0.015906
9022.T,2018-07-27,11,streak_5plus,0.010935,0.005573,0.005362,-0.022512,-0.003291,-0.019221,-0.045241,0.00066,-0.045901,-0.093588,-0.062083,-0.031505
4507.T,2018-07-30,5,streak_5plus,0.027975,-0.007393,0.035368,0.051433,-0.008258,0.059691,0.102522,0.003826,0.098696,0.227444,-0.068814,0.296258
4917.T,2018-07-30,4,streak_4,-0.005539,-0.007393,0.001854,-0.04155,-0.008258,-0.033292,-0.036011,0.003826,-0.039837,-0.138201,-0.068814,-0.069387
4921.T,2018-07-30,2,streak_2,-0.014208,-0.007393,-0.006815,0.106572,-0.008258,0.114831,0.001777,0.003826,-0.002049,-0.214031,-0.068814,-0.145217
9697.T,2018-07-30,2,streak_2,-0.006956,-0.007393,0.000437,0.076834,-0.008258,0.085093,-0.038786,0.003826,-0.042611,-0.141424,-0.068814,-0.07261
2175.T,2018-07-30,3,streak_3,-0.030204,-0.007393,-0.022811,0.040114,-0.008258,0.048373,-0.026429,0.003826,-0.030254,-0.204341,-0.068814,-0.135528
6995.T,2018-07-30,3,streak_3,0.064756,-0.007393,0.072148,0.077244,-0.008258,0.085502,0.024512,0.003826,0.020686,-0.005888,-0.068814,0.062926
8218.T,2018-07-31,7,streak_5plus,-0.007827,0.000394,-0.00822,0.004851,-0.001664,0.006515,0.014545,0.011915,0.002629,-0.063607,-0.048239,-0.015368
9202.T,2018-07-31,8,streak_5plus,-0.010855,0.000394,-0.011249,-0.059105,-0.001664,-0.057441,-0.070687,0.011915,-0.082603,-0.113387,-0.048239,-0.065148
7974.T,2018-07-31,8,streak_5plus,-0.020778,0.000394,-0.021171,-0.017315,-0.001664,-0.01565,0.030101,0.011915,0.018185,-0.057145,-0.048239,-0.008905
9513.T,2018-07-31,4,streak_4,-0.017861,0.000394,-0.018255,-0.035068,-0.001664,-0.033403,-0.03247,0.011915,-0.044385,0.03416,-0.048239,0.0824
4502.T,2018-07-31,11,streak_5plus,0.011685,0.000394,0.011291,0.032245,-0.001664,0.033909,0.008441,0.011915,-0.003474,-0.013365,-0.048239,0.034875
6981.T,2018-07-31,2,streak_2,-0.005609,0.000394,-0.006003,-0.059149,-0.001664,-0.057485,-0.035697,0.011915,-0.047612,-0.17894,-0.048239,-0.130701
4151.T,2018-07-31,6,streak_5plus,-0.000947,0.000394,-0.001341,0.023592,-0.001664,0.025256,-0.087307,0.011915,-0.099223,-0.060406,-0.048239,-0.012167
4547.T,2018-07-31,2,streak_2,-0.006339,0.000394,-0.006733,0.058636,-0.001664,0.0603,0.019017,0.011915,0.007101,0.008738,-0.048239,0.056977
6752.T,2018-07-31,5,streak_5plus,0.004188,0.000394,0.003794,0.012217,-0.001664,0.013881,-0.052725,0.011915,-0.06464,-0.134712,-0.048239,-0.086473
7943.T,2018-07-31,2,streak_2,0.016091,0.000394,0.015697,-0.172028,-0.001664,-0.170364,-0.237624,0.011915,-0.249539,-0.381842,-0.048239,-0.333602
6723.T,2018-07-31,3,streak_3,0.018407,0.000394,0.018013,-0.106345,-0.001664,-0.104681,-0.138034,0.011915,-0.149949,-0.412067,-0.048239,-0.363828
9201.T,2018-07-31,5,streak_5plus,-0.031933,0.000394,-0.032327,-0.066681,-0.001664,-0.065017,-0.070203,0.011915,-0.082119,-0.066422,-0.048239,-0.018183
4922.T,2018-07-31,3,streak_3,-0.035183,0.000394,-0.035577,-0.030221,-0.001664,-0.028557,-0.08931,0.011915,-0.101225,-0.254526,-0.048239,-0.206287
6201.T,2018-07-31,8,streak_5plus,0.012882,0.000394,0.012488,0.008052,-0.001664,0.009716,0.016102,0.011915,0.004187,-0.083165,-0.048239,-0.034925
6902.T,2018-07-31,8,streak_5plus,-0.024804,0.000394,-0.025197,-0.028525,-0.001664,-0.02686,-0.045351,0.011915,-0.057266,-0.122231,-0.048239,-0.073991
7313.T,2018-07-31,4,streak_4,-0.009699,0.000394,-0.010093,-0.057111,-0.001664,-0.055446,-0.10237,0.011915,-0.114285,-0.296587,-0.048239,-0.248348
2282.T,2018-07-31,7,streak_5plus,0.033759,0.000394,0.033365,-0.037252,-0.001664,-0.035588,-0.064029,0.011915,-0.075944,-0.123398,-0.048239,-0.075159
6028.T,2018-07-31,3,streak_3,0.001414,0.000394,0.00102,0.021188,-0.001664,0.022852,-0.050845,0.011915,-0.062761,-0.200563,-0.048239,-0.152323
7267.T,2018-07-31,9,streak_5plus,-0.005633,0.000394,-0.006027,0.005331,-0.001664,0.006995,0.000894,0.011915,-0.011021,-0.090559,-0.048239,-0.042319
4188.T,2018-07-31,9,streak_5plus,-0.016155,0.000394,-0.016549,0.001006,-0.001664,0.00267,0.014935,0.011915,0.00302,-0.109374,-0.048239,-0.061135
7259.T,2018-07-31,3,streak_3,0.011695,0.000394,0.011301,0.005844,-0.001664,0.007508,0.003893,0.011915,-0.008022,-0.106614,-0.048239,-0.058375
4528.T,2018-08-01,5,streak_5plus,0.050107,0.008556,0.041551,0.070031,0.004834,0.065197,0.09945,0.013058,0.086392,-0.016693,-0.028078,0.011385
4581.T,2018-08-01,4,streak_4,0.002375,0.008556,-0.006181,-0.055423,0.004834,-0.060257,-0.069675,0.013058,-0.082733,-0.043187,-0.028078,-0.015109
8056.T,2018-08-01,6,streak_5plus,0.014367,0.008556,0.005811,0.087763,0.004834,0.082929,0.031456,0.013058,0.018398,-0.031201,-0.028078,-0.003124
4902.T,2018-08-01,2,streak_2,0.035967,0.008556,0.027411,0.098897,0.004834,0.094064,0.130868,0.013058,0.11781,0.134359,-0.028078,0.162437
3626.T,2018-08-01,5,streak_5plus,0.013065,0.008556,0.004508,-0.031712,0.004834,-0.036546,-0.027986,0.013058,-0.041044,-0.052755,-0.028078,-0.024677
8002.T,2018-08-02,5,streak_5plus,0.016355,-0.010295,0.02665,0.043842,-0.004501,0.048343,0.038958,0.005399,0.03356,0.044121,-0.046558,0.090679
8804.T,2018-08-02,2,streak_2,-0.012684,-0.010295,-0.00239,-0.07877,-0.004501,-0.074269,-0.101468,0.005399,-0.106866,-0.176902,-0.046558,-0.130344
4114.T,2018-08-02,8,streak_5plus,-0.012297,-0.010295,-0.002002,-0.008606,-0.004501,-0.004105,0.020915,0.005399,0.015517,-0.088719,-0.046558,-0.042161
3941.T,2018-08-02,3,streak_3,0.035744,-0.010295,0.046039,-0.022224,-0.004501,-0.017723,-0.077291,0.005399,-0.082689,-0.069174,-0.046558,-0.022616
6460.T,2018-08-02,2,streak_2,0.008974,-0.010295,0.019269,0.099218,-0.004501,0.103719,0.0,0.005399,-0.005399,-0.185768,-0.046558,-0.139209
8058.T,2018-08-02,3,streak_3,0.006306,-0.010295,0.016601,0.021423,-0.004501,0.025924,0.003159,0.005399,-0.002239,0.009868,-0.046558,0.056426
7269.T,2018-08-02,3,streak_3,-0.021085,-0.010295,-0.01079,0.121058,-0.004501,0.12556,0.097849,0.005399,0.09245,-0.139336,-0.046558,-0.092778
4062.T,2018-08-02,2,streak_2,-0.013185,-0.010295,-0.00289,-0.081317,-0.004501,-0.076816,-0.121429,0.005399,-0.126827,-0.231228,-0.046558,-0.184669
2427.T,2018-08-03,2,streak_2,0.006521,0.000562,0.005959,-0.030422,0.003814,-0.034236,-0.091696,0.015663,-0.107359,-0.365927,-0.011943,-0.353984
2501.T,2018-08-03,2,streak_2,-0.005969,0.000562,-0.006531,-0.090299,0.003814,-0.094113,-0.132462,0.015663,-0.148125,-0.175746,-0.011943,-0.163803
8801.T,2018-08-03,2,streak_2,-0.023933,0.000562,-0.024495,-0.027762,0.003814,-0.031576,-0.025841,0.015663,-0.041504,-0.009645,-0.011943,0.002298
1721.T,2018-08-03,2,streak_2,0.015196,0.000562,0.014634,0.035455,0.003814,0.031641,0.090809,0.015663,0.075145,0.133502,-0.011943,0.145446
8802.T,2018-08-03,3,streak_3,-0.003506,0.000562,-0.004068,-0.015382,0.003814,-0.019196,-0.004318,0.015663,-0.019981,-0.014982,-0.011943,-0.003039
4912.T,2018-08-03,12,streak_5plus,-0.01051,0.000562,-0.011072,0.079581,0.003814,0.075767,0.171672,0.015663,0.156009,0.06557,-0.011943,0.077513
7203.T,2018-08-03,9,streak_5plus,-0.008516,0.000562,-0.009078,-0.040096,0.003814,-0.04391,-0.048338,0.015663,-0.064001,-0.086731,-0.011943,-0.074788
7220.T,2018-08-03,3,streak_3,0.0,0.000562,-0.000562,-0.0183,0.003814,-0.022114,-0.020914,0.015663,-0.036577,-0.055056,-0.011943,-0.043113
4755.T,2018-08-06,6,streak_5plus,0.029279,-0.000793,0.030072,0.070237,-0.010082,0.080319,0.146245,0.008089,0.138156,0.154983,-0.0278,0.182783
6976.T,2018-08-06,5,streak_5plus,-0.033134,-0.000793,-0.032341,-0.100603,-0.010082,-0.090521,-0.043673,0.008089,-0.051762,-0.228523,-0.0278,-0.200723
9984.T,2018-08-06,3,streak_3,0.021773,-0.000793,0.022565,0.096187,-0.010082,0.106269,0.110268,0.008089,0.10218,-0.050624,-0.0278,-0.022825
2587.T,2018-08-06,3,streak_3,0.0,-0.000793,0.000793,-0.027262,-0.010082,-0.01718,-0.006542,0.008089,-0.014631,-0.02181,-0.0278,0.00599
6965.T,2018-08-06,2,streak_2,-0.030077,-0.000793,-0.029284,-0.055852,-0.010082,-0.04577,-0.060149,0.008089,-0.068238,-0.179304,-0.0278,-0.151504
6750.T,2018-08-07,3,streak_3,0.013129,0.006905,0.006224,0.042321,-0.028875,0.071195,0.053259,0.008423,0.044836,-0.019176,-0.015976,-0.003201
5301.T,2018-08-07,4,streak_4,0.025416,0.006905,0.018511,-0.088724,-0.028875,-0.059849,-0.060538,0.008423,-0.068961,-0.146027,-0.015976,-0.130051
2433.T,2018-08-07,3,streak_3,0.050676,0.006905,0.043771,-0.0165,-0.028875,0.012374,0.091336,0.008423,0.082913,0.130013,-0.015976,0.145989
4061.T,2018-08-07,2,streak_2,0.029415,0.006905,0.022509,-0.048593,-0.028875,-0.019718,-0.048593,0.008423,-0.057016,-0.042935,-0.015976,-0.02696
7731.T,2018-08-07,3,streak_3,0.011541,0.006905,0.004635,0.042479,-0.028875,0.071354,0.08338,0.008423,0.074957,0.060979,-0.015976,0.076954
8282.T,2018-08-07,6,streak_5plus,-0.01154,0.006905,-0.018445,-0.01923,-0.028875,0.009645,0.045387,0.008423,0.036964,-0.149207,-0.015976,-0.133232
4516.T,2018-08-07,2,streak_2,-0.00328,0.006905,-0.010185,-0.006558,-0.028875,0.022316,0.106557,0.008423,0.098134,0.092929,-0.015976,0.108905
2897.T,2018-08-07,6,streak_5plus,-0.030877,0.006905,-0.037782,-0.077852,-0.028875,-0.048977,-0.048324,0.008423,-0.056747,-0.041663,-0.015976,-0.025687
9684.T,2018-08-07,2,streak_2,0.021284,0.006905,0.014379,-0.086071,-0.028875,-0.057197,0.0,0.008423,-0.008423,-0.223668,-0.015976,-0.207692
2607.T,2018-08-07,2,streak_2,0.018231,0.006905,0.011326,-0.058907,-0.028875,-0.030032,-0.04348,0.008423,-0.051903,-0.093243,-0.015976,-0.077267
6367.T,2018-08-07,4,streak_4,-0.006889,0.006905,-0.013794,-0.02258,-0.028875,0.006295,0.070034,0.008423,0.061611,0.016121,-0.015976,0.032097
1812.T,2018-08-07,3,streak_3,0.067754,0.006905,0.060849,0.017562,-0.028875,0.046437,-0.012548,0.008423,-0.020971,-0.02627,-0.015976,-0.010294
7701.T,2018-08-07,4,streak_4,0.004838,0.006905,-0.002067,0.01613,-0.028875,0.045004,0.070968,0.008423,0.062545,-0.065905,-0.015976,-0.049929
7832.T,2018-08-07,2,streak_2,0.015895,0.006905,0.00899,-0.090804,-0.028875,-0.061929,-0.013619,0.008423,-0.022042,-0.05289,-0.015976,-0.036914
6502.T,2018-08-08,3,streak_3,0.0,-0.000813,0.000813,-0.046784,-0.013531,-0.033252,-0.049708,-0.003614,-0.046093,-0.020468,-0.025458,0.00499
4118.T,2018-08-08,4,streak_4,0.008858,-0.000813,0.009672,-0.008858,-0.013531,0.004673,-0.020669,-0.003614,-0.017055,-0.058868,-0.025458,-0.033411
9749.T,2018-08-08,4,streak_4,-0.002219,-0.000813,-0.001406,0.059933,-0.013531,0.073465,0.18091,-0.003614,0.184524,0.123195,-0.025458,0.148653
5020.T,2018-08-08,5,streak_5plus,-0.030623,-0.000813,-0.02981,-0.052068,-0.013531,-0.038536,-0.100435,-0.003614,-0.09682,-0.113298,-0.025458,-0.08784
4911.T,2018-08-08,3,streak_3,-0.044073,-0.000813,-0.04326,-0.030649,-0.013531,-0.017117,-0.031029,-0.003614,-0.027415,-0.049012,-0.025458,-0.023555
4612.T,2018-08-08,3,streak_3,-0.019677,-0.000813,-0.018863,-0.142864,-0.013531,-0.129332,-0.106625,-0.003614,-0.103011,-0.237064,-0.025458,-0.211606
1925.T,2018-08-08,6,streak_5plus,-0.032841,-0.000813,-0.032028,-0.141639,-0.013531,-0.128107,-0.176734,-0.003614,-0.17312,-0.148764,-0.025458,-0.123306
6728.T,2018-08-08,10,streak_5plus,0.014574,-0.000813,0.015388,-0.11435,-0.013531,-0.100818,0.015696,-0.003614,0.01931,-0.103139,-0.025458,-0.077681
8725.T,2018-08-08,2,streak_2,-0.005785,-0.000813,-0.004972,-0.011594,-0.013531,0.001938,-0.039718,-0.003614,-0.036104,0.016566,-0.025458,0.042024
3436.T,2018-08-08,8,streak_5plus,0.006746,-0.000813,0.007559,-0.12189,-0.013531,-0.108359,-0.196544,-0.003614,-0.19293,-0.312106,-0.025458,-0.286648
6055.T,2018-08-09,3,streak_3,0.117935,-0.002028,0.119963,-0.022757,-0.019435,-0.003322,0.063452,-0.006905,0.070358,-0.03034,-0.006951,-0.02339
4901.T,2018-08-09,3,streak_3,0.005822,-0.002028,0.00785,-0.006912,-0.019435,0.012523,-0.01425,-0.006905,-0.007345,0.06116,-0.006951,0.06811
7762.T,2018-08-09,4,streak_4,0.015955,-0.002028,0.017982,-0.030594,-0.019435,-0.011159,-0.053194,-0.006905,-0.046288,-0.090311,-0.006951,-0.083361
2432.T,2018-08-09,3,streak_3,-0.021514,-0.002028,-0.019487,-0.085083,-0.019435,-0.065648,-0.081663,-0.006905,-0.074758,0.022495,-0.006951,0.029445
3659.T,2018-08-09,2,streak_2,-0.005309,-0.002028,-0.003281,-0.125415,-0.019435,-0.105981,-0.083613,-0.006905,-0.076707,-0.0929,-0.006951,-0.085949
8830.T,2018-08-09,9,streak_5plus,-0.007132,-0.002028,-0.005104,-0.045351,-0.019435,-0.025916,-0.045094,-0.006905,-0.038189,0.050719,-0.006951,0.05767
6481.T,2018-08-09,7,streak_5plus,0.006527,-0.002028,0.008555,-0.094616,-0.019435,-0.075181,-0.091681,-0.006905,-0.084775,-0.137682,-0.006951,-0.130731
6113.T,2018-08-10,2,streak_2,-0.013813,-0.013289,-0.000523,0.00519,-0.017981,0.023171,-0.024169,-0.012892,-0.011277,-0.036144,-0.015406,-0.020739
1979.T,2018-08-10,4,streak_4,-0.015107,-0.013289,-0.001818,0.034741,-0.017981,0.052722,0.060421,-0.012892,0.073313,-0.026657,-0.015406,-0.011251
7747.T,2018-08-10,4,streak_4,0.008517,-0.013289,0.021806,0.014598,-0.017981,0.032579,0.025551,-0.012892,0.038443,0.182484,-0.015406,0.19789
7181.T,2018-08-10,8,streak_5plus,-0.016455,-0.013289,-0.003166,-0.011812,-0.017981,0.006169,0.030801,-0.012892,0.043692,0.178484,-0.015406,0.193889
6098.T,2018-08-10,3,streak_3,-0.01397,-0.013289,-0.000681,0.068876,-0.017981,0.086857,0.108185,-0.012892,0.121077,-0.001649,-0.015406,0.013756
6178.T,2018-08-10,3,streak_3,-0.007274,-0.013289,0.006015,0.026681,-0.017981,0.044662,0.057395,-0.012892,0.070287,0.13145,-0.015406,0.146855
3865.T,2018-08-10,6,streak_5plus,-0.006214,-0.013289,0.007075,-0.045028,-0.017981,-0.027046,-0.012429,-0.012892,0.000463,-0.125416,-0.015406,-0.11001
7532.T,2018-08-10,6,streak_5plus,-0.012981,-0.013289,0.000308,0.017938,-0.017981,0.03592,0.069862,-0.012892,0.082754,0.42913,-0.015406,0.444535
7717.T,2018-08-13,5,streak_5plus,-0.053132,-0.019762,-0.033371,-0.06015,-0.001242,-0.058908,-0.147869,0.003364,-0.151233,-0.26682,-0.001265,-0.265555
5019.T,2018-08-14,5,streak_5plus,0.00968,0.022814,-0.013134,0.00968,0.015627,-0.005947,0.093019,0.036933,0.056086,-0.088369,-0.002146,-0.086223
9435.T,2018-08-14,4,streak_4,0.150302,0.022814,0.127488,0.078442,0.015627,0.062815,0.198025,0.036933,0.161092,0.031475,-0.002146,0.033622
9678.T,2018-09-07,3,streak_3,0.004079,-0.008043,0.012122,0.114133,0.014825,0.099308,0.110057,0.045273,0.064784,-0.129256,-0.056405,-0.072851
7453.T,2018-10-03,5,streak_5plus,0.0,-0.006578,0.006578,-0.00745,-0.031502,0.024053,-0.11982,-0.106424,-0.013397,-0.204476,-0.167552,-0.036924
8267.T,2018-10-10,3,streak_3,0.0086,0.001562,0.007038,-0.042818,-0.039206,-0.003612,-0.004118,-0.058953,0.054835,-0.200605,-0.124166,-0.076439
9983.T,2018-10-11,5,streak_5plus,-0.042475,-0.038934,-0.003541,-0.05301,-0.028287,-0.024723,0.021237,-0.043356,0.064593,-0.128763,-0.130319,0.001556
3087.T,2018-10-15,7,streak_5plus,-0.04196,-0.018655,-0.023305,0.087909,-0.007164,0.095073,0.062934,-0.018717,0.081652,0.047452,-0.089386,0.136838
7309.T,2018-10-23,2,streak_2,-0.018518,-0.02671,0.008192,-0.003832,-0.064781,0.06095,0.003832,-0.045621,0.049452,-0.02739,-0.086926,0.059536
4519.T,2018-10-24,3,streak_3,-0.001496,0.003653,-0.005149,-0.017966,-0.025146,0.00718,0.061379,-0.022863,0.084243,-0.036471,-0.061158,0.024687
7518.T,2018-10-25,5,streak_5plus,-0.034636,-0.03723,0.002594,-0.037492,-0.007728,-0.029764,-0.105542,-0.020127,-0.085415,-0.116139,-0.069468,-0.04667
2317.T,2018-10-25,2,streak_2,-0.046579,-0.03723,-0.009349,-0.080309,-0.007728,-0.072581,-0.119447,-0.020127,-0.09932,-0.214574,-0.069468,-0.145105
6807.T,2018-10-26,6,streak_5plus,-0.02607,-0.003956,-0.022115,-0.063314,0.019697,-0.08301,-0.137187,0.025543,-0.16273,-0.12229,-0.023285,-0.099005
4063.T,2018-10-26,8,streak_5plus,0.020522,-0.003956,0.024478,0.142703,0.019697,0.123007,0.178315,0.025543,0.152772,0.107814,-0.023285,0.131099
9022.T,2018-10-29,12,streak_5plus,0.013523,-0.001643,0.015166,0.006644,0.049992,-0.043348,0.084699,0.036243,0.048456,0.126218,-0.018703,0.144921
6923.T,2018-10-29,7,streak_5plus,-0.041018,-0.001643,-0.039375,-0.046676,0.049992,-0.096668,-0.06365,0.036243,-0.099894,-0.106082,-0.018703,-0.087379
6301.T,2018-10-29,2,streak_2,-0.014053,-0.001643,-0.01241,0.171292,0.049992,0.1213,0.103076,0.036243,0.066832,-0.001124,-0.018703,0.017579
4684.T,2018-10-29,2,streak_2,-0.038419,-0.001643,-0.036776,0.139412,0.049992,0.08942,0.040616,0.036243,0.004373,0.113065,-0.018703,0.131768
2002.T,2018-10-29,5,streak_5plus,-0.018145,-0.001643,-0.016502,-0.009291,0.049992,-0.059283,0.034529,0.036243,-0.001714,-0.015932,-0.018703,0.002771
4581.T,2018-10-29,5,streak_5plus,-0.031826,-0.001643,-0.030183,0.011725,0.049992,-0.038267,0.044388,0.036243,0.008145,-0.067002,-0.018703,-0.048299
4917.T,2018-10-30,5,streak_5plus,0.008104,0.014539,-0.006435,0.009727,0.035423,-0.025696,0.055106,0.048569,0.006537,-0.151051,-0.012578,-0.138473
6995.T,2018-10-30,4,streak_4,-0.087221,0.014539,-0.101759,-0.010843,0.035423,-0.046266,-0.015557,0.048569,-0.064126,-0.087694,-0.012578,-0.075116
7267.T,2018-10-30,10,streak_5plus,0.01977,0.014539,0.005231,0.077386,0.035423,0.041963,0.058971,0.048569,0.010402,0.060013,-0.012578,0.072591
5444.T,2018-10-30,4,streak_4,0.052821,0.014539,0.038282,0.058847,0.035423,0.023424,-0.015597,0.048569,-0.064165,0.028005,-0.012578,0.040583
6753.T,2018-10-30,2,streak_2,0.025644,0.014539,0.011105,0.104396,0.035423,0.068973,0.074486,0.048569,0.025917,-0.197802,-0.012578,-0.185224
6770.T,2018-10-30,2,streak_2,-0.007554,0.014539,-0.022092,0.041753,0.035423,0.00633,0.039765,0.048569,-0.008804,-0.091451,-0.012578,-0.078873
5333.T,2018-10-30,4,streak_4,0.0,0.014539,-0.014539,0.03578,0.035423,0.000357,0.049592,0.048569,0.001023,0.034526,-0.012578,0.047104
4151.T,2018-10-30,7,streak_5plus,0.008613,0.014539,-0.005926,0.107902,0.035423,0.072479,0.142857,0.048569,0.094288,0.081307,-0.012578,0.093885
6758.T,2018-10-30,2,streak_2,0.010343,0.014539,-0.004195,0.035499,0.035423,7.6e-05,0.017578,0.048569,-0.03099,-0.128751,-0.012578,-0.116173
6701.T,2018-10-30,2,streak_2,-0.014371,0.014539,-0.02891,0.0719,0.035423,0.036477,0.108636,0.048569,0.060067,0.201285,-0.012578,0.213863
6857.T,2018-10-30,3,streak_3,0.022192,0.014539,0.007653,0.336668,0.035423,0.301245,0.32613,0.048569,0.277561,0.389356,-0.012578,0.401934
6963.T,2018-10-30,2,streak_2,0.145704,0.014539,0.131165,0.274536,0.035423,0.239113,0.202456,0.048569,0.153887,0.124232,-0.012578,0.136811
6971.T,2018-10-30,2,streak_2,0.016288,0.014539,0.001749,0.093016,0.035423,0.057593,0.068493,0.048569,0.019925,0.035561,-0.012578,0.04814
4902.T,2018-10-30,3,streak_3,0.002723,0.014539,-0.011815,-0.029061,0.035423,-0.064484,-0.060857,0.048569,-0.109426,-0.083564,-0.012578,-0.070986
5411.T,2018-10-30,2,streak_2,0.020739,0.014539,0.0062,-0.05719,0.035423,-0.092613,-0.110675,0.048569,-0.159243,-0.153021,-0.012578,-0.140443
8218.T,2018-10-30,8,streak_5plus,0.015063,0.014539,0.000524,0.160829,0.035423,0.125406,0.112377,0.048569,0.063808,0.077362,-0.012578,0.089941
7988.T,2018-10-30,2,streak_2,0.022519,0.014539,0.00798,0.104145,0.035423,0.068722,0.162445,0.048569,0.113876,0.131886,-0.012578,0.144464
4506.T,2018-10-30,2,streak_2,0.015598,0.014539,0.001059,0.122617,0.035423,0.087194,0.405979,0.048569,0.35741,0.161178,-0.012578,0.173757
4568.T,2018-10-31,2,streak_2,-0.021103,0.021586,-0.042688,-0.02587,0.032178,-0.058048,-0.062859,0.037531,-0.10039,-0.140461,-0.028561,-0.1119
6028.T,2018-10-31,4,streak_4,0.042399,0.021586,0.020813,0.024734,0.032178,-0.007444,-0.021203,0.037531,-0.058733,0.061977,-0.028561,0.090538
4502.T,2018-10-31,12,streak_5plus,0.021686,0.021586,0.000101,0.034652,0.032178,0.002473,-0.069976,0.037531,-0.107507,-0.035546,-0.028561,-0.006985
6981.T,2018-10-31,3,streak_3,0.074495,0.021586,0.05291,0.182159,0.032178,0.14998,0.057277,0.037531,0.019746,0.078559,-0.028561,0.10712
7741.T,2018-10-31,2,streak_2,0.063683,0.021586,0.042097,0.111111,0.032178,0.078933,0.129852,0.037531,0.092321,0.089719,-0.028561,0.11828
9672.T,2018-10-31,2,streak_2,0.052771,0.021586,0.031185,-0.075197,0.032178,-0.107376,-0.116096,0.037531,-0.153626,-0.18328,-0.028561,-0.154719
9715.T,2018-10-31,3,streak_3,0.041549,0.021586,0.019963,0.026072,0.032178,-0.006106,0.071692,0.037531,0.034161,-0.152749,-0.028561,-0.124188
9201.T,2018-10-31,6,streak_5plus,0.02396,0.021586,0.002374,-0.000765,0.032178,-0.032944,0.047922,0.037531,0.010392,0.041548,-0.028561,0.070109
9509.T,2018-10-31,2,streak_2,-0.007523,0.021586,-0.029108,0.012025,0.032178,-0.020153,0.151878,0.037531,0.114347,0.177429,-0.028561,0.20599
9504.T,2018-10-31,2,streak_2,0.000691,0.021586,-0.020894,-0.055139,0.032178,-0.087317,-0.000691,0.037531,-0.038222,0.015165,-0.028561,0.043726
4005.T,2018-10-31,2,streak_2,0.027232,0.021586,0.005647,0.087112,0.032178,0.054933,0.103447,0.037531,0.065916,0.012695,-0.028561,0.041256
7296.T,2018-10-31,2,streak_2,0.039048,0.021586,0.017463,0.087395,0.032178,0.055217,0.083305,0.037531,0.045774,-0.068053,-0.028561,-0.039492
9507.T,2018-10-31,8,streak_5plus,-0.032699,0.021586,-0.054284,-0.126706,0.032178,-0.158884,-0.049724,0.037531,-0.087255,-0.040193,-0.028561,-0.011632
2914.T,2018-10-31,2,streak_2,-0.005815,0.021586,-0.0274,-0.026506,0.032178,-0.058684,-0.032148,0.037531,-0.069679,-0.032493,-0.028561,-0.003932
6460.T,2018-11-01,3,streak_3,-0.011698,-0.010621,-0.001077,0.105302,0.007543,0.097759,0.102549,0.019644,0.082905,-0.072955,-0.047736,-0.025219
4062.T,2018-11-01,3,streak_3,-0.005738,-0.010621,0.004883,0.218079,0.007543,0.210536,0.13271,0.019644,0.113066,0.016502,-0.047736,0.064238
2810.T,2018-11-01,2,streak_2,0.0,-0.010621,0.010621,0.136922,0.007543,0.129379,0.238458,0.019644,0.218814,0.252306,-0.047736,0.300042
2801.T,2018-11-01,2,streak_2,-0.04831,-0.010621,-0.03769,-0.030593,0.007543,-0.038135,0.066028,0.019644,0.046384,-0.144923,-0.047736,-0.097187
4528.T,2018-11-01,6,streak_5plus,-0.023328,-0.010621,-0.012707,0.035966,0.007543,0.028423,0.067457,0.019644,0.047813,-0.10653,-0.047736,-0.058794
4523.T,2018-11-01,2,streak_2,-0.009457,-0.010621,0.001163,0.051323,0.007543,0.04378,0.106683,0.019644,0.087039,-0.064287,-0.047736,-0.016551
4183.T,2018-11-01,2,streak_2,0.031168,-0.010621,0.041788,0.085605,0.007543,0.078062,0.13649,0.019644,0.116846,0.094281,-0.047736,0.142018
4202.T,2018-11-01,2,streak_2,0.026778,-0.010621,0.037399,0.05858,0.007543,0.051037,0.062771,0.019644,0.043127,-0.087864,-0.047736,-0.040128
4188.T,2018-11-01,10,streak_5plus,0.027471,-0.010621,0.038092,0.056184,0.007543,0.048641,0.053907,0.019644,0.034263,0.023494,-0.047736,0.07123
8804.T,2018-11-01,3,streak_3,0.013142,-0.010621,0.023763,0.018074,0.007543,0.010531,0.06327,0.019644,0.043626,0.125628,-0.047736,0.173365
8002.T,2018-11-02,6,streak_5plus,0.016154,0.025637,-0.009483,-0.010171,0.036854,-0.047024,-0.034847,0.040904,-0.075751,-0.079435,-0.043175,-0.036259
8058.T,2018-11-02,4,streak_4,0.018409,0.025637,-0.007228,0.006344,0.036854,-0.03051,-0.008887,0.040904,-0.049791,0.001583,-0.043175,0.044758
3407.T,2018-11-02,2,streak_2,-0.035169,0.025637,-0.060807,-0.08219,0.036854,-0.119043,-0.06886,0.040904,-0.109764,-0.145873,-0.043175,-0.102697
2501.T,2018-11-02,3,streak_3,0.02792,0.025637,0.002283,0.106098,0.036854,0.069244,0.204746,0.040904,0.163842,0.176512,-0.043175,0.219688
5401.T,2018-11-02,2,streak_2,0.037679,0.025637,0.012042,0.080256,0.036854,0.043403,0.023078,0.040904,-0.017826,-0.00876,-0.043175,0.034415
8001.T,2018-11-02,2,streak_2,0.017697,0.025637,-0.00794,0.003879,0.036854,-0.032974,0.001211,0.040904,-0.039693,-0.015517,-0.043175,0.027658
3401.T,2018-11-05,6,streak_5plus,-0.022993,-0.015495,-0.007497,-0.025987,0.000296,-0.026283,-0.026991,-0.009333,-0.017658,-0.123443,-0.085889,-0.037554
7458.T,2018-11-05,2,streak_2,0.027236,-0.015495,0.042731,0.019453,0.000296,0.019157,0.001943,-0.009333,0.011277,0.01167,-0.085889,0.097559
4021.T,2018-11-05,2,streak_2,-0.008896,-0.015495,0.0066,0.040925,0.000296,0.040629,0.101424,-0.009333,0.110757,-0.033807,-0.085889,0.052082
2587.T,2018-11-05,4,streak_4,-0.009935,-0.015495,0.005561,0.002208,0.000296,0.001912,0.03863,-0.009333,0.047964,0.07025,-0.085889,0.156139
7606.T,2018-11-05,2,streak_2,0.030552,-0.015495,0.046047,-0.024676,0.000296,-0.024972,-0.124561,-0.009333,-0.115227,-0.124561,-0.085889,-0.038672
9984.T,2018-11-05,4,streak_4,0.005517,-0.015495,0.021013,0.009886,0.000296,0.009589,0.092655,-0.009333,0.101988,0.151282,-0.085889,0.237171
6750.T,2018-11-06,4,streak_4,0.012557,0.011359,0.001197,0.109546,0.016936,0.092609,0.135799,0.000929,0.13487,0.25523,-0.047252,0.302482
5831.T,2018-11-06,6,streak_5plus,0.019112,0.011359,0.007753,0.0845,0.016936,0.067563,-0.020127,0.000929,-0.021056,-0.128779,-0.047252,-0.081526
5949.T,2018-11-06,2,streak_2,0.020986,0.011359,0.009626,0.079637,0.016936,0.062701,-0.002857,0.000929,-0.003786,-0.013353,-0.047252,0.033899
9432.T,2018-11-06,2,streak_2,0.015042,0.011359,0.003683,0.082431,0.016936,0.065494,0.074308,0.000929,0.073379,0.088748,-0.047252,0.136001
1951.T,2018-11-06,2,streak_2,0.030956,0.011359,0.019597,0.041158,0.016936,0.024221,-0.043263,0.000929,-0.044192,-0.014421,-0.047252,0.032831
6269.T,2018-11-06,2,streak_2,0.007825,0.011359,-0.003534,-0.029735,0.016936,-0.046671,-0.127072,0.000929,-0.128001,-0.038646,-0.047252,0.008606
7203.T,2018-11-06,10,streak_5plus,0.02094,0.011359,0.00958,0.033108,0.016936,0.016171,0.064058,0.000929,0.063129,0.017089,-0.047252,0.064341
7532.T,2018-11-06,7,streak_5plus,0.023694,0.011359,0.012334,0.041441,0.016936,0.024505,0.023694,0.000929,0.022765,-0.011831,-0.047252,0.035421
7832.T,2018-11-07,3,streak_3,-0.004816,-0.002797,-0.002018,0.134784,-0.015226,0.15001,0.163668,-0.029174,0.192842,0.174497,-0.045299,0.219796
7550.T,2018-11-07,2,streak_2,0.059808,-0.002797,0.062606,0.208428,-0.015226,0.223655,0.278655,-0.029174,0.307829,0.124604,-0.045299,0.169903
4023.T,2018-11-07,2,streak_2,0.008022,-0.002797,0.010819,0.013365,-0.015226,0.028591,0.054813,-0.029174,0.083987,-0.062835,-0.045299,-0.017536
4901.T,2018-11-07,4,streak_4,-0.018101,-0.002797,-0.015304,-0.049369,-0.015226,-0.034143,-0.098948,-0.029174,-0.069774,0.022841,-0.045299,0.068139
2897.T,2018-11-07,7,streak_5plus,0.066296,-0.002797,0.069093,0.023982,-0.015226,0.039209,0.007054,-0.029174,0.036227,0.063471,-0.045299,0.10877
8802.T,2018-11-07,4,streak_4,0.014839,-0.002797,0.017636,-0.004672,-0.015226,0.010554,0.012642,-0.029174,0.041816,0.015119,-0.045299,0.060418
5020.T,2018-11-07,6,streak_5plus,-0.033622,-0.002797,-0.030824,-0.071981,-0.015226,-0.056754,-0.137269,-0.029174,-0.108095,-0.28507,-0.045299,-0.239771
2269.T,2018-11-07,2,streak_2,0.002601,-0.002797,0.005398,0.110533,-0.015226,0.125759,0.143044,-0.029174,0.172217,0.132639,-0.045299,0.177938
7201.T,2018-11-08,10,streak_5plus,0.008814,0.018162,-0.009348,0.001467,-0.010836,0.012303,-0.046727,-0.018434,-0.028294,-0.075419,-0.042837,-0.032582
6502.T,2018-11-08,4,streak_4,0.126866,0.018162,0.108704,0.144776,-0.010836,0.155612,0.056716,-0.018434,0.07515,-0.02313,-0.042837,0.019707
9404.T,2018-11-08,2,streak_2,0.022753,0.018162,0.004591,0.014433,-0.010836,0.025269,-0.002773,-0.018434,0.01566,-0.033845,-0.042837,0.008992
4849.T,2018-11-08,3,streak_3,0.027273,0.018162,0.009111,-0.073865,-0.010836,-0.063029,0.004545,-0.018434,0.022979,-0.106819,-0.042837,-0.063982
9783.T,2018-11-08,3,streak_3,0.004704,0.018162,-0.013458,-0.007837,-0.010836,0.002999,0.043887,-0.018434,0.06232,-0.082131,-0.042837,-0.039293
9735.T,2018-11-08,2,streak_2,0.018168,0.018162,6e-06,0.002243,-0.010836,0.013079,0.077941,-0.018434,0.096375,0.026915,-0.042837,0.069752
1925.T,2018-11-08,7,streak_5plus,0.062463,0.018162,0.044301,0.027794,-0.010836,0.038629,0.045429,-0.018434,0.063863,-0.001791,-0.042837,0.041046
4755.T,2018-11-08,7,streak_5plus,0.02038,0.018162,0.002218,0.049832,-0.010836,0.060668,0.010184,-0.018434,0.028618,-0.082574,-0.042837,-0.039737
6055.T,2018-11-08,4,streak_4,0.030796,0.018162,0.012634,-0.182545,-0.010836,-0.171709,-0.150292,-0.018434,-0.131858,0.09311,-0.042837,0.135947
3659.T,2018-11-08,3,streak_3,0.026272,0.018162,0.00811,-0.124629,-0.010836,-0.113794,0.009002,-0.018434,0.027435,0.257504,-0.042837,0.300341
2432.T,2018-11-08,4,streak_4,0.014063,0.018162,-0.004099,0.039283,-0.010836,0.050119,0.003391,-0.018434,0.021825,-0.185261,-0.042837,-0.142424
8252.T,2018-11-08,2,streak_2,0.015695,0.018162,-0.002467,0.036762,-0.010836,0.047598,-0.016932,-0.018434,0.001501,-0.178437,-0.042837,-0.1356
4704.T,2018-11-08,2,streak_2,0.005963,0.018162,-0.012199,-0.077495,-0.010836,-0.06666,-0.041728,-0.018434,-0.023295,-0.140811,-0.042837,-0.097973
2433.T,2018-11-09,4,streak_4,0.001041,-0.010525,0.011566,-0.085194,-0.030387,-0.054807,-0.12935,-0.056363,-0.072987,-0.099222,-0.070543,-0.02868
2267.T,2018-11-09,2,streak_2,-0.040965,-0.010525,-0.03044,-0.036145,-0.030387,-0.005759,0.004819,-0.056363,0.061182,-0.138556,-0.070543,-0.068013
2181.T,2018-11-09,2,streak_2,-0.017899,-0.010525,-0.007374,-0.09088,-0.030387,-0.060493,-0.141967,-0.056363,-0.085604,-0.158055,-0.070543,-0.087512
8801.T,2018-11-09,3,streak_3,0.00739,-0.010525,0.017915,0.038445,-0.030387,0.068832,0.012501,-0.056363,0.068863,0.00228,-0.070543,0.072823
6383.T,2018-11-09,2,streak_2,-0.019414,-0.010525,-0.00889,0.08738,-0.030387,0.117767,0.08738,-0.056363,0.143743,0.108739,-0.070543,0.179282
8308.T,2018-11-09,2,streak_2,-0.002423,-0.010525,0.008102,-0.060907,-0.030387,-0.030521,-0.093533,-0.056363,-0.037171,-0.179777,-0.070543,-0.109234
6098.T,2018-11-13,4,streak_4,-0.02328,-0.020627,-0.002653,0.012552,-0.020149,0.032701,0.027083,-0.029957,0.057039,-0.021794,-0.043432,0.021638
7717.T,2018-11-13,6,streak_5plus,-0.028296,-0.020627,-0.007669,0.123534,-0.020149,0.143683,0.038647,-0.029957,0.068603,0.024845,-0.043432,0.068277
8306.T,2018-11-13,2,streak_2,-0.019843,-0.020627,0.000784,-0.059704,-0.020149,-0.039555,-0.136471,-0.029957,-0.106515,-0.138532,-0.043432,-0.095099
1812.T,2018-11-13,4,streak_4,-0.038192,-0.020627,-0.017565,-0.02266,-0.020149,-0.002511,-0.013596,-0.029957,0.016361,0.034303,-0.043432,0.077735
5019.T,2018-11-14,6,streak_5plus,-0.018226,0.001649,-0.019875,-0.127552,-0.010426,-0.117126,-0.20472,0.00026,-0.20498,-0.10826,-0.017378,-0.090882
8309.T,2018-11-14,2,streak_2,0.005532,0.001649,0.003883,0.000442,-0.010426,0.010868,-0.043788,0.00026,-0.044048,-0.068996,-0.017378,-0.051618
8411.T,2018-11-14,2,streak_2,-0.001532,0.001649,-0.003181,-0.028647,-0.010426,-0.01822,-0.074678,0.00026,-0.074938,-0.098721,-0.017378,-0.081342
7182.T,2018-11-14,2,streak_2,0.004545,0.001649,0.002896,0.001512,-0.010426,0.011938,-0.046143,0.00026,-0.046402,-0.046898,-0.017378,-0.02952
8316.T,2018-11-14,2,streak_2,0.011417,0.001649,0.009769,-0.042688,-0.010426,-0.032261,-0.099538,0.00026,-0.099798,-0.077394,-0.017378,-0.060016
7181.T,2018-11-14,9,streak_5plus,0.006515,0.001649,0.004866,0.040539,-0.010426,0.050965,-0.029313,0.00026,-0.029573,-0.103146,-0.017378,-0.085767
6178.T,2018-11-14,4,streak_4,0.008141,0.001649,0.006492,0.030362,-0.010426,0.040789,-0.035558,0.00026,-0.035818,0.004442,-0.017378,0.021821
9678.T,2018-12-07,4,streak_4,0.018434,0.008235,0.010199,-0.012288,0.01463,-0.026918,-0.101688,-0.053109,-0.04858,-0.219048,-0.009981,-0.209067
6465.T,2018-12-27,2,streak_2,0.145428,0.038835,0.106594,0.148429,0.045376,0.103053,0.157423,0.07484,0.082583,0.082461,0.123462,-0.041
8905.T,2019-01-08,2,streak_2,-0.006154,0.008237,-0.014391,-0.016782,0.025766,-0.042548,0.041385,0.041673,-0.000288,0.010788,0.08801,-0.077222
7453.T,2019-01-09,6,streak_5plus,0.005997,0.011038,-0.005042,-0.133751,0.011815,-0.145566,0.004874,0.027086,-0.022212,-0.004936,0.073427,-0.078364
2651.T,2019-01-10,2,streak_2,-0.005689,-0.012888,0.007199,-0.035562,-0.001214,-0.034348,-0.062588,-0.004596,-0.057992,-0.131704,0.062873,-0.194577
6807.T,2019-01-28,7,streak_5plus,-0.002785,-0.005996,0.003211,-0.027159,0.000714,-0.027872,0.018106,0.032533,-0.014427,0.265666,0.071493,0.194173
8218.T,2019-01-29,9,streak_5plus,0.009921,0.000757,0.009163,0.050004,0.01137,0.038634,0.117066,0.043949,0.073117,-0.083052,0.061733,-0.144785
4063.T,2019-01-29,9,streak_5plus,-0.003616,0.000757,-0.004373,0.009099,0.01137,-0.00227,0.031034,0.043949,-0.012915,0.110826,0.061733,0.049093
4684.T,2019-01-29,3,streak_3,0.02793,0.000757,0.027172,0.166479,0.01137,0.15511,0.18547,0.043949,0.141521,0.431115,0.061733,0.369382
6753.T,2019-01-30,3,streak_3,-0.022358,-0.005231,-0.017126,0.010761,0.008701,0.00206,0.077807,0.034867,0.04294,-0.04909,0.045389,-0.094479
9507.T,2019-01-30,9,streak_5plus,-0.022744,-0.005231,-0.017513,0.001419,0.008701,-0.007282,-0.002839,0.034867,-0.037706,-0.221946,0.045389,-0.267335
9020.T,2019-01-30,2,streak_2,-0.000501,-0.005231,0.00473,0.028718,0.008701,0.020016,0.066744,0.034867,0.031877,0.00813,0.045389,-0.037259
6641.T,2019-01-30,2,streak_2,-0.010881,-0.005231,-0.00565,0.052231,0.008701,0.043529,0.092492,0.034867,0.057625,0.125545,0.045389,0.080156
6923.T,2019-01-30,8,streak_5plus,-0.015479,-0.005231,-0.010248,0.024766,0.008701,0.016065,-0.009287,0.034867,-0.044154,-0.113712,0.045389,-0.159101
4661.T,2019-01-30,2,streak_2,-0.003653,-0.005231,0.001578,0.052943,0.008701,0.044241,0.116385,0.034867,0.081518,0.127016,0.045389,0.081626
6857.T,2019-01-30,4,streak_4,-0.00261,-0.005231,0.002621,0.108795,0.008701,0.100094,0.144038,0.034867,0.109171,0.329587,0.045389,0.284198
8309.T,2019-01-30,3,streak_3,-0.014401,-0.005231,-0.00917,-0.023136,0.008701,-0.031838,-0.004012,0.034867,-0.03888,-0.086509,0.045389,-0.131898
1944.T,2019-01-30,2,streak_2,-0.005693,-0.005231,-0.000462,0.03018,0.008701,0.021479,0.028473,0.034867,-0.006394,-0.028011,0.045389,-0.0734
6701.T,2019-01-30,3,streak_3,-0.029873,-0.005231,-0.024642,0.068284,0.008701,0.059582,0.056906,0.034867,0.022039,0.167474,0.045389,0.122085
5444.T,2019-01-31,5,streak_5plus,0.046579,0.010554,0.036026,0.078744,0.015446,0.063298,0.136784,0.050891,0.085893,0.132936,0.041135,0.091801
4568.T,2019-01-31,3,streak_3,0.00642,0.010554,-0.004134,-0.017368,0.015446,-0.032814,0.129307,0.050891,0.078416,0.478363,0.041135,0.437229
4506.T,2019-01-31,3,streak_3,-0.169331,0.010554,-0.179885,-0.161501,0.015446,-0.176947,-0.049266,0.050891,-0.100157,-0.201378,0.041135,-0.242513
1942.T,2019-01-31,2,streak_2,-0.007767,0.010554,-0.018321,-0.004852,0.015446,-0.020298,-0.02427,0.050891,-0.075162,-0.115449,0.041135,-0.156583
9104.T,2019-01-31,2,streak_2,0.045092,0.010554,0.034538,0.035466,0.015446,0.02002,-0.016564,0.050891,-0.067455,0.018473,0.041135,-0.022661
4519.T,2019-01-31,4,streak_4,0.004694,0.010554,-0.00586,0.07981,0.015446,0.064363,0.186226,0.050891,0.135334,0.101717,0.041135,0.060582
2002.T,2019-01-31,6,streak_5plus,-0.000912,0.010554,-0.011466,0.048787,0.015446,0.033341,0.098036,0.050891,0.047145,0.13843,0.041135,0.097295
7518.T,2019-01-31,6,streak_5plus,0.043801,0.010554,0.033248,0.126326,0.015446,0.11088,0.269249,0.050891,0.218358,0.328464,0.041135,0.287329
8035.T,2019-01-31,2,streak_2,0.021895,0.010554,0.011342,0.019281,0.015446,0.003835,0.005554,0.050891,-0.045337,0.120377,0.041135,0.079242
9201.T,2019-01-31,7,streak_5plus,0.00329,0.010554,-0.007264,0.029107,0.015446,0.013661,0.019488,0.050891,-0.031403,-0.078635,0.041135,-0.11977
7575.T,2019-01-31,2,streak_2,0.016648,0.010554,0.006095,-0.006163,0.015446,-0.021609,0.145498,0.050891,0.094607,0.178123,0.041135,0.136988
9509.T,2019-01-31,3,streak_3,-0.010508,0.010554,-0.021062,0.019705,0.015446,0.004259,-0.082786,0.050891,-0.133677,-0.196808,0.041135,-0.237942
2810.T,2019-01-31,3,streak_3,-0.002642,0.010554,-0.013195,0.075297,0.015446,0.059851,0.200794,0.050891,0.149902,0.148242,0.041135,0.107107
6758.T,2019-02-01,3,streak_3,0.005862,0.000717,0.005144,-0.137914,-0.001069,-0.136844,-0.025789,0.050475,-0.076264,-0.006617,0.027508,-0.034125
7741.T,2019-02-01,3,streak_3,0.058272,0.000717,0.057555,0.046364,-0.001069,0.047433,0.152906,0.050475,0.10243,0.233945,0.027508,0.206437
8410.T,2019-02-01,2,streak_2,0.018522,0.000717,0.017804,0.052471,-0.001069,0.05354,0.012334,0.050475,-0.038141,-0.044696,0.027508,-0.072204
5411.T,2019-02-01,3,streak_3,-0.026118,0.000717,-0.026835,0.002346,-0.001069,0.003415,0.00496,0.050475,-0.045516,-0.047438,0.027508,-0.074946
4902.T,2019-02-01,4,streak_4,-0.025616,0.000717,-0.026333,-0.021958,-0.001069,-0.020889,-0.002743,0.050475,-0.053219,-0.001829,0.027508,-0.029337
4768.T,2019-02-01,2,streak_2,0.00855,0.000717,0.007832,0.146725,-0.001069,0.147794,0.173789,0.050475,0.123314,0.18946,0.027508,0.161952
4202.T,2019-02-01,3,streak_3,0.009647,0.000717,0.00893,-0.064044,-0.001069,-0.062974,0.035079,0.050475,-0.015397,-0.161572,0.027508,-0.189079
7267.T,2019-02-01,11,streak_5plus,-0.001232,0.000717,-0.001949,-0.076025,-0.001069,-0.074956,-0.041548,0.050475,-0.092023,-0.120285,0.027508,-0.147792
2327.T,2019-02-01,2,streak_2,0.01607,0.000717,0.015353,0.02446,-0.001069,0.025529,0.076172,0.050475,0.025697,0.125125,0.027508,0.097617
6028.T,2019-02-01,5,streak_5plus,-0.001754,0.000717,-0.002472,0.056141,-0.001069,0.05721,0.084212,0.050475,0.033736,0.077194,0.027508,0.049686
2801.T,2019-02-04,3,streak_3,-0.040141,0.004588,-0.044729,-0.090752,-0.021898,-0.068854,0.0,0.045116,-0.045116,-0.121491,0.019381,-0.140872
5802.T,2019-02-04,2,streak_2,0.014024,0.004588,0.009436,-0.041081,-0.021898,-0.019184,0.00294,0.045116,-0.042176,-0.091595,0.019381,-0.110976
3626.T,2019-02-04,6,streak_5plus,0.048871,0.004588,0.044283,0.015278,-0.021898,0.037176,0.069246,0.045116,0.02413,0.042791,0.019381,0.023411
2317.T,2019-02-04,3,streak_3,0.059714,0.004588,0.055126,-0.136404,-0.021898,-0.114507,-0.020191,0.045116,-0.065307,0.144219,0.019381,0.124839
8306.T,2019-02-04,3,streak_3,0.012062,0.004588,0.007474,-0.001594,-0.021898,0.020303,0.021144,0.045116,-0.023972,-0.0858,0.019381,-0.105181
5406.T,2019-02-05,2,streak_2,-0.002302,-0.001883,-0.00042,-0.01957,-0.000937,-0.018633,-0.01957,0.034143,-0.053713,-0.161611,0.008785,-0.170396
8001.T,2019-02-05,3,streak_3,0.050203,-0.001883,0.052086,0.008832,-0.000937,0.009769,0.009083,0.034143,-0.02506,0.029787,0.008785,0.021002
4536.T,2019-02-05,2,streak_2,0.0,-0.001883,0.001883,-0.011681,-0.000937,-0.010744,0.133034,0.034143,0.098891,0.07329,0.008785,0.064505
6841.T,2019-02-05,2,streak_2,0.0,-0.001883,0.001883,0.003911,-0.000937,0.004848,0.085537,0.034143,0.051394,0.027298,0.008785,0.018513
6269.T,2019-02-05,3,streak_3,0.003954,-0.001883,0.005836,0.195649,-0.000937,0.196586,0.189723,0.034143,0.15558,0.137153,0.008785,0.128368
7532.T,2019-02-05,8,streak_5plus,-0.009304,-0.001883,-0.007421,0.032499,-0.000937,0.033436,0.051075,0.034143,0.016932,0.054166,0.008785,0.045381
8804.T,2019-02-05,4,streak_4,-0.009102,-0.001883,-0.007219,0.016692,-0.000937,0.017629,-0.009862,0.034143,-0.044005,-0.082702,0.008785,-0.091487
2371.T,2019-02-05,2,streak_2,0.100631,-0.001883,0.102514,0.064468,-0.000937,0.065405,0.125268,0.034143,0.091125,0.141448,0.008785,0.132664
7947.T,2019-02-05,2,streak_2,0.01945,-0.001883,0.021332,0.012965,-0.000937,0.013902,0.100487,0.034143,0.066344,0.002982,0.008785,-0.005803
2897.T,2019-02-05,8,streak_5plus,0.089487,-0.001883,0.09137,0.059658,-0.000937,0.060595,0.085224,0.034143,0.05108,-0.042906,0.008785,-0.051691
7832.T,2019-02-06,4,streak_4,-0.014052,0.001421,-0.015472,-0.020075,0.014394,-0.034469,-0.012046,0.029339,-0.041385,0.080348,0.016508,0.063839
6806.T,2019-02-06,2,streak_2,-0.000841,0.001421,-0.002261,0.00841,0.014394,-0.005984,-0.047939,0.029339,-0.077278,0.071491,0.016508,0.054983
6750.T,2019-02-06,5,streak_5plus,-0.001588,0.001421,-0.003009,0.05547,0.014394,0.041076,0.077658,0.029339,0.048319,0.064909,0.016508,0.0484
5401.T,2019-02-06,3,streak_3,0.013405,0.001421,0.011985,0.016624,0.014394,0.00223,-0.029741,0.029339,-0.05908,-0.069284,0.016508,-0.085792
9984.T,2019-02-06,5,streak_5plus,0.005466,0.001421,0.004046,0.279113,0.014394,0.264719,0.249407,0.029339,0.220068,0.228184,0.016508,0.211676
4023.T,2019-02-07,3,streak_3,0.0,-0.005882,0.005882,0.023953,0.012726,0.011227,-0.043413,0.007258,-0.05067,0.021036,0.00905,0.011986
2269.T,2019-02-07,3,streak_3,-0.03388,-0.005882,-0.027998,0.015185,0.012726,0.002459,0.022196,0.007258,0.014938,-0.048123,0.00905,-0.057174
8002.T,2019-02-07,7,streak_5plus,-0.016887,-0.005882,-0.011005,-0.067945,0.012726,-0.080671,-0.095234,0.007258,-0.102491,-0.15441,0.00905,-0.16346
8876.T,2019-02-07,2,streak_2,-0.019892,-0.005882,-0.014011,0.001011,0.012726,-0.011715,-0.005732,0.007258,-0.012989,-0.05175,0.00905,-0.0608
2914.T,2019-02-07,3,streak_3,-0.017123,-0.005882,-0.011242,0.002884,0.012726,-0.009842,0.007748,0.007258,0.000491,-0.098776,0.00905,-0.107826
9404.T,2019-02-07,3,streak_3,-0.004091,-0.005882,0.001791,0.018132,0.012726,0.005406,0.021055,0.007258,0.013797,-0.065302,0.00905,-0.074352
1860.T,2019-02-08,2,streak_2,-0.036932,-0.020149,-0.016784,-0.015616,0.007197,-0.022813,-0.031251,0.018014,-0.049264,-0.077014,0.024038,-0.101051
2433.T,2019-02-08,5,streak_5plus,-0.007911,-0.020149,0.012237,0.055387,0.007197,0.04819,0.023741,0.018014,0.005728,0.079564,0.024038,0.055526
4613.T,2019-02-08,2,streak_2,-0.041425,-0.020149,-0.021276,0.049813,0.007197,0.042616,0.097534,0.018014,0.07952,-0.01676,0.024038,-0.040798
6055.T,2019-02-08,5,streak_5plus,-0.031599,-0.020149,-0.011451,0.085776,0.007197,0.078579,0.033111,0.018014,0.015097,0.074634,0.024038,0.050596
1925.T,2019-02-08,8,streak_5plus,-0.019226,-0.020149,0.000923,-0.028396,0.007197,-0.035593,0.018336,0.018014,0.000322,-0.041477,0.024038,-0.065515
7458.T,2019-02-08,3,streak_3,-0.003832,-0.020149,0.016317,0.053642,0.007197,0.046445,0.047892,0.018014,0.029878,0.015894,0.024038,-0.008144
9735.T,2019-02-08,3,streak_3,-0.017916,-0.020149,0.002232,0.009844,0.007197,0.002646,0.046119,0.018014,0.028105,0.01178,0.024038,-0.012257
9783.T,2019-02-08,4,streak_4,-0.01026,-0.020149,0.009889,-0.015047,0.007197,-0.022244,-0.01881,0.018014,-0.036824,-0.098779,0.024038,-0.122817
6383.T,2019-02-08,3,streak_3,-0.04301,-0.020149,-0.022861,0.023297,0.007197,0.016099,-0.062723,0.018014,-0.080736,0.05405,0.024038,0.030012
3402.T,2019-02-08,2,streak_2,-0.072288,-0.020149,-0.052139,-0.018193,0.007197,-0.02539,-0.055969,0.018014,-0.073982,-0.047685,0.024038,-0.071722
4021.T,2019-02-08,3,streak_3,-0.019856,-0.020149,0.000293,-0.027077,0.007197,-0.034274,-0.054151,0.018014,-0.072165,-0.139162,0.024038,-0.163199
1812.T,2019-02-12,5,streak_5plus,0.015966,0.026117,-0.010151,0.061206,0.046657,0.014549,0.088488,0.057567,0.030921,0.082071,0.047634,0.034436
5233.T,2019-02-12,2,streak_2,-0.006794,0.026117,-0.032911,0.012229,0.046657,-0.034428,0.035327,0.057567,-0.02224,-0.09047,0.047634,-0.138104
1605.T,2019-02-12,2,streak_2,0.02241,0.026117,-0.003707,0.163526,0.046657,0.116869,0.05858,0.057567,0.001013,0.049097,0.047634,0.001462
4755.T,2019-02-12,8,streak_5plus,0.027708,0.026117,0.001591,0.0063,0.046657,-0.040357,0.168769,0.057567,0.111202,0.379099,0.047634,0.331464
7309.T,2019-02-12,3,streak_3,0.014398,0.026117,-0.011719,0.102094,0.046657,0.055437,0.109293,0.057567,0.051726,0.096204,0.047634,0.048569
1662.T,2019-02-12,3,streak_3,0.035995,0.026117,0.009878,0.17951,0.046657,0.132853,0.127009,0.057567,0.069442,0.227006,0.047634,0.179372
4246.T,2019-02-12,4,streak_4,0.046343,0.026117,0.020226,0.216877,0.046657,0.170221,0.069514,0.057567,0.011947,-0.187722,0.047634,-0.235356
6098.T,2019-02-13,5,streak_5plus,0.046976,0.013433,0.033543,0.001016,0.021014,-0.019998,0.026699,0.020419,0.006279,0.194827,0.019567,0.175261
2501.T,2019-02-13,4,streak_4,0.005349,0.013433,-0.008084,-0.001646,0.021014,-0.02266,0.016043,0.020419,-0.004376,-0.042779,0.019567,-0.062346
7729.T,2019-02-13,2,streak_2,0.043269,0.013433,0.029836,-0.004808,0.021014,-0.025822,-0.138142,0.020419,-0.158561,-0.139344,0.019567,-0.158911
2587.T,2019-02-14,5,streak_5plus,-0.012321,-0.000226,-0.012095,0.024641,0.013574,0.011068,0.004108,0.006741,-0.002634,-0.032854,0.006569,-0.039423
2503.T,2019-02-14,2,streak_2,0.006779,-0.000226,0.007005,-0.025988,0.013574,-0.039562,-0.048777,0.006741,-0.055518,-0.14369,0.006569,-0.150258
1802.T,2019-02-14,2,streak_2,0.042,-0.000226,0.042226,0.061997,0.013574,0.048423,0.119994,0.006741,0.113253,0.068067,0.006569,0.061498
7181.T,2019-02-14,10,streak_5plus,-0.006855,-0.000226,-0.006629,-0.000401,0.013574,-0.013975,-0.014523,0.006741,-0.021264,-0.182544,0.006569,-0.189113
6178.T,2019-02-14,5,streak_5plus,0.003003,-0.000226,0.003228,0.017253,0.013574,0.003679,-0.015757,0.006741,-0.022498,-0.080167,0.006569,-0.086736
9603.T,2019-02-28,2,streak_2,0.007094,-0.007949,0.015043,-0.007092,0.00187,-0.008961,-0.037825,-0.016269,-0.021556,-0.228132,-0.036203,-0.191929
9678.T,2019-03-08,5,streak_5plus,-0.044863,-0.020062,-0.024801,-0.102086,-0.007876,-0.094209,-0.026141,0.014245,-0.040386,-0.032268,-0.019762,-0.012507
8905.T,2019-04-09,3,streak_3,-0.020798,0.001881,-0.02268,-0.055282,0.018724,-0.074006,-0.094139,-0.026335,-0.067804,-0.041597,-0.003481,-0.038116
4684.T,2019-04-23,4,streak_4,0.012483,0.001883,0.0106,0.05824,-0.013241,0.071481,0.10566,-0.054664,0.160324,-0.01331,-0.027055,0.013745
6923.T,2019-04-24,9,streak_5plus,-0.017725,-0.002684,-0.015041,-0.161299,-0.029522,-0.131777,-0.236337,-0.059175,-0.177163,-0.176068,-0.024728,-0.15134
6954.T,2019-04-24,2,streak_2,-0.006494,-0.002684,-0.00381,-0.088145,-0.029522,-0.058623,-0.13477,-0.059175,-0.075596,-0.078171,-0.024728,-0.053443
4519.T,2019-04-24,5,streak_5plus,0.004379,-0.002684,0.007062,0.045252,-0.029522,0.074773,0.064232,-0.059175,0.123406,0.159743,-0.024728,0.184471
4452.T,2019-04-24,2,streak_2,-0.009833,-0.002684,-0.007149,0.044434,-0.029522,0.073956,0.036785,-0.059175,0.09596,0.002546,-0.024728,0.027273
6305.T,2019-04-24,2,streak_2,-0.010445,-0.002684,-0.007761,-0.06161,-0.029522,-0.032088,-0.100244,-0.059175,-0.04107,-0.081797,-0.024728,-0.057069
6807.T,2019-04-24,8,streak_5plus,0.0,-0.002684,0.002684,0.021993,-0.029522,0.051515,-0.095129,-0.059175,-0.035955,-0.09156,-0.024728,-0.066833
9509.T,2019-04-25,4,streak_4,0.013108,0.004846,0.008262,-0.013108,-0.03594,0.022832,-0.037712,-0.072018,0.034306,0.013108,-0.030562,0.04367
7974.T,2019-04-25,2,streak_2,0.01342,0.004846,0.008574,-0.032632,-0.03594,0.003308,0.018422,-0.072018,0.090441,0.055263,-0.030562,0.085825
3738.T,2019-04-25,2,streak_2,0.01468,0.004846,0.009834,-0.011296,-0.03594,0.024644,-0.009597,-0.072018,0.062421,0.244496,-0.030562,0.275057
4568.T,2019-04-25,4,streak_4,-0.007483,0.004846,-0.012329,0.052935,-0.03594,0.088875,0.00786,-0.072018,0.079878,0.274831,-0.030562,0.305393
4503.T,2019-04-25,2,streak_2,-0.025326,0.004846,-0.030172,-0.053949,-0.03594,-0.018009,-0.037829,-0.072018,0.034189,0.022045,-0.030562,0.052606
6504.T,2019-04-25,4,streak_4,0.012568,0.004846,0.007722,0.039104,-0.03594,0.075045,0.013966,-0.072018,0.085984,-0.060056,-0.030562,-0.029494
9020.T,2019-04-25,3,streak_3,0.019764,0.004846,0.014918,-0.029053,-0.03594,0.006887,0.018772,-0.072018,0.09079,-0.011363,-0.030562,0.019199
4661.T,2019-04-25,3,streak_3,0.005176,0.004846,0.00033,-0.017119,-0.03594,0.018821,0.054936,-0.072018,0.126954,0.149679,-0.030562,0.180241
7518.T,2019-04-25,7,streak_5plus,0.030656,0.004846,0.02581,0.032095,-0.03594,0.068036,0.050489,-0.072018,0.122508,0.046523,-0.030562,0.077085
4768.T,2019-04-25,3,streak_3,0.003397,0.004846,-0.001449,-0.048639,-0.03594,-0.012699,-0.046376,-0.072018,0.025643,-0.021492,-0.030562,0.00907
6857.T,2019-04-25,5,streak_5plus,0.032985,0.004846,0.028139,-0.100453,-0.03594,-0.064513,-0.235079,-0.072018,-0.163061,0.280355,-0.030562,0.310916
6758.T,2019-04-26,4,streak_4,-0.008556,-0.00219,-0.006366,0.028726,-0.043154,0.07188,-0.016933,-0.085025,0.068092,0.164734,-0.034365,0.199099
5444.T,2019-04-26,6,streak_5plus,-0.001626,-0.00219,0.000564,-0.008119,-0.043154,0.035035,-0.049676,-0.085025,0.035349,-0.066557,-0.034365,-0.032193
9507.T,2019-04-26,10,streak_5plus,-0.040203,-0.00219,-0.038013,-0.114627,-0.043154,-0.071473,-0.137724,-0.085025,-0.052699,-0.136014,-0.034365,-0.101649
4043.T,2019-04-26,2,streak_2,0.031899,-0.00219,0.034089,-0.004499,-0.043154,0.038655,-0.122698,-0.085025,-0.037673,-0.056282,-0.034365,-0.021917
9201.T,2019-04-26,8,streak_5plus,0.001074,-0.00219,0.003263,-0.031678,-0.043154,0.011476,-0.084832,-0.085025,0.000193,-0.100401,-0.034365,-0.066036
6080.T,2019-04-26,2,streak_2,0.017223,-0.00219,0.019413,0.192682,-0.043154,0.235836,0.326158,-0.085025,0.411183,0.573735,-0.034365,0.6081
3635.T,2019-04-26,2,streak_2,-0.034848,-0.00219,-0.032658,-0.082579,-0.043154,-0.039425,-0.04917,-0.085025,0.035855,0.006204,-0.034365,0.040568
9104.T,2019-04-26,3,streak_3,0.011109,-0.00219,0.013299,-0.075661,-0.043154,-0.032507,-0.191468,-0.085025,-0.106443,-0.04806,-0.034365,-0.013695
6103.T,2019-04-26,2,streak_2,-0.01064,-0.00219,-0.00845,-0.080547,-0.043154,-0.037393,-0.226445,-0.085025,-0.14142,-0.161093,-0.034365,-0.126729
8035.T,2019-04-26,3,streak_3,-0.011484,-0.00219,-0.009295,-0.064146,-0.043154,-0.020992,-0.188516,-0.085025,-0.103491,0.040895,-0.034365,0.075259
6724.T,2019-04-26,2,streak_2,-0.012216,-0.00219,-0.010026,-0.076066,-0.043154,-0.032912,-0.118826,-0.085025,-0.033801,-0.118269,-0.034365,-0.083904
9021.T,2019-04-26,2,streak_2,-0.004937,-0.00219,-0.002747,-0.003493,-0.043154,0.039661,0.027822,-0.085025,0.112846,0.068769,-0.034365,0.103134
2914.T,2019-04-26,4,streak_4,-0.000582,-0.00219,0.001608,-0.041707,-0.043154,0.001447,-0.040152,-0.085025,0.044873,-0.035902,-0.034365,-0.001537
6028.T,2019-04-26,6,streak_5plus,0.012171,-0.00219,0.014361,-0.06545,-0.043154,-0.022296,-0.187217,-0.085025,-0.102192,-0.081223,-0.034365,-0.046858
9719.T,2019-04-26,2,streak_2,0.005722,-0.00219,0.007912,-0.061067,-0.043154,-0.017913,-0.005729,-0.085025,0.079296,-0.003811,-0.034365,0.030554
2327.T,2019-04-26,3,streak_3,0.015988,-0.00219,0.018177,0.0854,-0.043154,0.128554,0.126231,-0.085025,0.211256,0.265734,-0.034365,0.300098
7741.T,2019-05-07,4,streak_4,0.039923,-0.015051,0.054974,-0.011899,-0.047956,0.036057,-0.067562,-0.083122,0.01556,0.064492,-0.052634,0.117126
6465.T,2019-05-07,3,streak_3,0.033335,-0.015051,0.048386,-0.013888,-0.047956,0.034068,0.048612,-0.083122,0.131734,0.033335,-0.052634,0.085969
3436.T,2019-05-08,2,streak_2,-0.051356,-0.014648,-0.036709,-0.061344,-0.039067,-0.022277,-0.129811,-0.052346,-0.077465,-0.004638,-0.054892,0.050254
2502.T,2019-05-08,2,streak_2,-0.020876,-0.014648,-0.006229,-0.031826,-0.039067,0.007241,0.003514,-0.052346,0.055861,0.001307,-0.054892,0.056199
7532.T,2019-05-08,9,streak_5plus,-0.004215,-0.014648,0.010433,-0.04489,-0.039067,-0.005824,-0.072921,-0.052346,-0.020575,-0.020927,-0.054892,0.033964
8804.T,2019-05-08,5,streak_5plus,-0.043294,-0.014648,-0.028647,-0.012256,-0.039067,0.026811,-0.053923,-0.052346,-0.001577,0.062885,-0.054892,0.117777
7951.T,2019-05-09,2,streak_2,-0.016364,-0.009279,-0.007084,-0.029084,-0.019166,-0.009918,-0.08727,-0.038354,-0.048916,-0.144543,-0.047091,-0.097452
7731.T,2019-05-09,2,streak_2,-0.021043,-0.009279,-0.011764,-0.067062,-0.019166,-0.047896,-0.013805,-0.038354,0.024549,-0.084157,-0.047091,-0.037067
7832.T,2019-05-09,5,streak_5plus,-0.027337,-0.009279,-0.018057,0.025394,-0.019166,0.04456,0.0293,-0.038354,0.067654,0.14258,-0.047091,0.189671
4543.T,2019-05-09,2,streak_2,-0.008768,-0.009279,0.000511,-0.088293,-0.019166,-0.069128,-0.055636,-0.038354,-0.017282,-0.064712,-0.047091,-0.017621
4507.T,2019-05-09,2,streak_2,-0.007785,-0.009279,0.001495,-0.034657,-0.019166,-0.015491,-0.077862,-0.038354,-0.039508,-0.124884,-0.047091,-0.077794
5401.T,2019-05-09,4,streak_4,-0.023696,-0.009279,-0.014417,-0.041704,-0.019166,-0.022538,-0.051598,-0.038354,-0.013244,-0.192886,-0.047091,-0.145795
4536.T,2019-05-09,3,streak_3,-0.021367,-0.009279,-0.012087,-0.069286,-0.019166,-0.05012,-0.098733,-0.038354,-0.060379,0.047919,-0.047091,0.09501
6703.T,2019-05-09,2,streak_2,-0.01067,-0.009279,-0.001391,-0.007627,-0.019166,0.011539,-0.028967,-0.038354,0.009388,0.088412,-0.047091,0.135503
8056.T,2019-05-09,7,streak_5plus,-0.013753,-0.009279,-0.004474,0.178131,-0.019166,0.197297,0.250443,-0.038354,0.288797,0.186952,-0.047091,0.234043
6367.T,2019-05-09,2,streak_2,-0.01194,-0.009279,-0.002661,0.010074,-0.019166,0.02924,-0.004104,-0.038354,0.03425,-0.027612,-0.047091,0.019479
9984.T,2019-05-09,6,streak_5plus,0.006975,-0.009279,0.016254,-0.100698,-0.019166,-0.081532,-0.138448,-0.038354,-0.100094,-0.093287,-0.047091,-0.046197
1808.T,2019-05-10,2,streak_2,-0.063886,-0.002673,-0.061213,-0.126245,-0.015847,-0.110398,-0.141645,-0.024176,-0.117469,-0.138561,-0.041378,-0.097183
6641.T,2019-05-10,3,streak_3,-0.015952,-0.002673,-0.013279,0.127617,-0.015847,0.143464,0.130608,-0.024176,0.154784,0.170489,-0.041378,0.211866
6324.T,2019-05-10,2,streak_2,-0.002529,-0.002673,0.000144,-0.094816,-0.015847,-0.07897,-0.015171,-0.024176,0.009005,-0.053099,-0.041378,-0.011722
8410.T,2019-05-10,3,streak_3,-0.003313,-0.002673,-0.00064,-0.078697,-0.015847,-0.06285,-0.078697,-0.024176,-0.054521,-0.065574,-0.041378,-0.024196
6925.T,2019-05-10,2,streak_2,0.013302,-0.002673,0.015975,0.125199,-0.015847,0.141046,0.053988,-0.024176,0.078164,0.03365,-0.041378,0.075027
6269.T,2019-05-10,4,streak_4,-0.030205,-0.002673,-0.027531,-0.084578,-0.015847,-0.068731,-0.117645,-0.024176,-0.093468,-0.202351,-0.041378,-0.160974
4755.T,2019-05-10,9,streak_5plus,0.022301,-0.002673,0.024974,-0.012488,-0.015847,0.003359,0.046388,-0.024176,0.070564,-0.063338,-0.041378,-0.02196
2875.T,2019-05-10,2,streak_2,-0.006157,-0.002673,-0.003484,0.061578,-0.015847,0.077424,0.056652,-0.024176,0.080828,0.089904,-0.041378,0.131281
6383.T,2019-05-10,4,streak_4,0.009551,-0.002673,0.012224,-0.084398,-0.015847,-0.068551,-0.097136,-0.024176,-0.07296,-0.162421,-0.041378,-0.121044
1605.T,2019-05-13,3,streak_3,0.003501,-0.007198,0.010699,0.011999,-0.004443,0.016442,-0.1013,-0.009862,-0.091438,-0.1051,-0.035211,-0.069889
3626.T,2019-05-13,7,streak_5plus,0.017051,-0.007198,0.024249,0.077234,-0.004443,0.081677,0.113338,-0.009862,0.1232,0.165489,-0.035211,0.200699
6976.T,2019-05-13,2,streak_2,-0.024444,-0.007198,-0.017246,-0.086461,-0.004443,-0.082018,-0.129919,-0.009862,-0.120057,-0.056582,-0.035211,-0.021372
4902.T,2019-05-13,5,streak_5plus,-0.006502,-0.007198,0.000696,-0.084575,-0.004443,-0.080133,-0.056689,-0.009862,-0.046827,-0.301119,-0.035211,-0.265909
1802.T,2019-05-13,3,streak_3,0.030422,-0.007198,0.03762,0.032384,-0.004443,0.036827,0.052994,-0.009862,0.062856,-0.060843,-0.035211,-0.025632
7729.T,2019-05-14,3,streak_3,-0.005952,-0.005854,-9.8e-05,-0.064056,0.005212,-0.069268,-0.069654,0.000613,-0.070268,-0.019952,-0.023899,0.003948
2433.T,2019-05-14,6,streak_5plus,-0.065479,-0.005854,-0.059626,0.026427,0.005212,0.021215,0.034463,0.000613,0.03385,-0.049968,-0.023899,-0.026068
6055.T,2019-05-14,6,streak_5plus,0.00963,-0.005854,0.015484,-0.155969,0.005212,-0.161181,-0.070602,0.000613,-0.071216,-0.24262,-0.023899,-0.21872
8876.T,2019-05-14,3,streak_3,0.001021,-0.005854,0.006875,-0.022154,0.005212,-0.027366,0.013292,0.000613,0.012678,-0.036467,-0.023899,-0.012568
9735.T,2019-05-14,4,streak_4,-0.008335,-0.005854,-0.002481,-0.010258,0.005212,-0.01547,-0.018486,0.000613,-0.0191,-0.064009,-0.023899,-0.040109
2002.T,2019-05-14,7,streak_5plus,-0.011213,-0.005854,-0.005359,0.054469,0.005212,0.049257,0.012416,0.000613,0.011803,-0.202642,-0.023899,-0.178743
8358.T,2019-05-15,2,streak_2,-0.027663,0.005759,-0.033422,-0.057435,0.009741,-0.067176,-0.102117,0.002966,-0.105083,-0.244672,-0.02904,-0.215633
1812.T,2019-05-15,6,streak_5plus,-0.055038,0.005759,-0.060797,-0.025977,0.009741,-0.035718,-0.057511,0.002966,-0.060477,-0.250463,-0.02904,-0.221423
7181.T,2019-05-15,11,streak_5plus,-0.001947,0.005759,-0.007706,-0.02387,0.009741,-0.033611,-0.008767,0.002966,-0.011733,-0.230879,-0.02904,-0.201839
6178.T,2019-05-15,6,streak_5plus,-0.002495,0.005759,-0.008254,0.009118,0.009741,-0.000624,0.001656,0.002966,-0.001311,-0.169159,-0.02904,-0.14012
9404.T,2019-05-16,4,streak_4,0.005102,-0.005927,0.011029,0.019779,0.004475,0.015304,0.000636,-0.007389,0.008025,-0.100832,-0.025175,-0.075656
9435.T,2019-05-17,2,streak_2,0.075593,0.008883,0.066709,0.11166,0.004186,0.107474,0.130435,0.002559,0.127875,0.251673,-0.031208,0.282881
1928.T,2019-06-07,2,streak_2,0.00114,0.005327,-0.004187,0.017354,0.012417,0.004936,0.068829,0.046806,0.022024,0.099642,0.015014,0.084628
7649.T,2019-06-25,2,streak_2,-0.00196,-0.004331,0.002371,-0.00392,0.020858,-0.024778,0.029413,0.019899,0.009514,0.163314,0.03449,0.128824
3086.T,2019-06-28,2,streak_2,0.020665,-0.002917,0.023582,0.034715,0.017072,0.017644,0.052891,0.013058,0.039833,0.060427,0.019574,0.040853
2670.T,2019-07-04,2,streak_2,-0.002854,0.002971,-0.005825,-0.051427,-0.004838,-0.046589,-0.027138,-0.025464,-0.001674,-0.025096,-0.010535,-0.014561
2809.T,2019-07-04,2,streak_2,0.007031,0.002971,0.00406,0.04632,-0.004838,0.051158,0.009513,-0.025464,0.034977,-0.010756,-0.010535,-0.000221
9983.T,2019-07-11,2,streak_2,0.011513,0.005111,0.006403,0.026914,-0.022627,0.049541,-0.049342,-0.039411,-0.009931,-0.050328,0.012325,-0.062652
4684.T,2019-07-22,5,streak_5plus,-0.005107,-0.002338,-0.002768,0.005957,0.008905,-0.002948,0.026381,-0.03679,0.06317,0.052756,0.053961,-0.001205
6641.T,2019-07-24,4,streak_4,-0.003125,0.004102,-0.007227,0.014062,0.00409,0.009972,-0.065625,-0.045922,-0.019703,0.133625,0.054527,0.079097
6857.T,2019-07-24,6,streak_5plus,0.039034,0.004102,0.034932,0.292787,0.00409,0.288697,0.253753,-0.045922,0.299675,0.675135,0.054527,0.620608
6807.T,2019-07-24,9,streak_5plus,0.01726,0.004102,0.013158,-0.023021,0.00409,-0.027111,-0.102945,-0.045922,-0.057023,0.124814,0.054527,0.070286
7518.T,2019-07-25,8,streak_5plus,0.031586,0.002164,0.029422,0.041636,-0.008662,0.050298,0.039122,-0.046001,0.085123,0.032644,0.053327,-0.020683
4519.T,2019-07-25,6,streak_5plus,-0.009627,0.002164,-0.011791,0.072907,-0.008662,0.081568,0.026136,-0.046001,0.072137,0.233839,0.053327,0.180513
6501.T,2019-07-29,2,streak_2,-0.025932,-0.001909,-0.024023,-0.027458,-0.026364,-0.001094,-0.093842,-0.055502,-0.03834,0.101656,0.054712,0.046944
9719.T,2019-07-29,3,streak_3,0.011174,-0.001909,0.013083,-0.065178,-0.026364,-0.038814,-0.04842,-0.055502,0.007082,-0.046599,0.054712,-0.101312
6923.T,2019-07-29,10,streak_5plus,-0.022115,-0.001909,-0.020206,-0.029855,-0.026364,-0.003491,-0.035016,-0.055502,0.020486,0.128515,0.054712,0.073803
6954.T,2019-07-29,3,streak_3,-0.01634,-0.001909,-0.01443,-0.036253,-0.026364,-0.009889,-0.088079,-0.055502,-0.032577,0.101886,0.054712,0.047173
9532.T,2019-07-29,2,streak_2,0.011437,-0.001909,0.013347,0.016118,-0.026364,0.042482,-0.037441,-0.055502,0.018061,0.137071,0.054712,0.082359
4547.T,2019-07-30,3,streak_3,0.014734,0.00428,0.010455,-0.038534,-0.041473,0.002939,-0.111822,-0.052616,-0.059207,0.070937,0.060612,0.010325
3738.T,2019-07-30,3,streak_3,0.00776,0.00428,0.003481,-0.00776,-0.041473,0.033713,0.031523,-0.052616,0.084139,0.292107,0.060612,0.231495
4503.T,2019-07-30,3,streak_3,0.002296,0.00428,-0.001983,-0.066292,-0.041473,-0.024819,-0.052506,-0.052616,0.00011,0.235664,0.060612,0.175052
2327.T,2019-07-30,4,streak_4,-0.012856,0.00428,-0.017136,0.004283,-0.041473,0.045756,0.012856,-0.052616,0.065472,0.068217,0.060612,0.007605
2175.T,2019-07-30,2,streak_2,0.005873,0.00428,0.001594,-0.12592,-0.041473,-0.084447,-0.122249,-0.052616,-0.069633,-0.01689,0.060612,-0.077502
6758.T,2019-07-30,5,streak_5plus,-0.000852,0.00428,-0.005132,-0.015855,-0.041473,0.025618,0.004954,-0.052616,0.057569,0.13331,0.060612,0.072698
9020.T,2019-07-30,4,streak_4,0.0005,0.00428,-0.00378,-0.020968,-0.041473,0.020505,0.013981,-0.052616,0.066596,-0.008857,0.060612,-0.069469
7741.T,2019-07-30,5,streak_5plus,-0.009132,0.00428,-0.013412,-0.061696,-0.041473,-0.020223,0.005034,-0.052616,0.057649,0.129928,0.060612,0.069315
8697.T,2019-07-30,2,streak_2,-0.00717,0.00428,-0.01145,-0.039429,-0.041473,0.002044,-0.019721,-0.052616,0.032894,0.089376,0.060612,0.028764
9021.T,2019-07-30,3,streak_3,0.002017,0.00428,-0.002262,-0.018155,-0.041473,0.023318,-0.004034,-0.052616,0.048581,0.066173,0.060612,0.005561
4661.T,2019-07-30,4,streak_4,0.008416,0.00428,0.004137,0.018586,-0.041473,0.060059,0.07258,-0.052616,0.125196,0.115452,0.060612,0.05484
2802.T,2019-07-30,2,streak_2,0.068298,0.00428,0.064018,0.068578,-0.041473,0.110051,0.082582,-0.052616,0.135197,0.162143,0.060612,0.101531
6754.T,2019-07-30,2,streak_2,-0.007153,0.00428,-0.011433,0.010219,-0.041473,0.051692,0.002044,-0.052616,0.054659,0.068946,0.060612,0.008333
1803.T,2019-07-31,2,streak_2,0.003414,-0.00865,0.012064,-0.011388,-0.051775,0.040387,0.005694,-0.057504,0.063199,0.158439,0.052579,0.105859
9501.T,2019-07-31,2,streak_2,0.017442,-0.00865,0.026092,-0.017442,-0.051775,0.034333,-0.027132,-0.057504,0.030373,-0.021318,0.052579,-0.073897
7575.T,2019-07-31,3,streak_3,0.004153,-0.00865,0.012803,-0.037383,-0.051775,0.014392,-0.169779,-0.057504,-0.112275,-0.091379,0.052579,-0.143958
4568.T,2019-07-31,5,streak_5plus,0.064542,-0.00865,0.073192,0.09065,-0.051775,0.142425,0.100098,-0.057504,0.157602,0.104494,0.052579,0.051914
6762.T,2019-07-31,2,streak_2,0.020488,-0.00865,0.029137,0.027727,-0.051775,0.079502,-0.020467,-0.057504,0.037037,0.301264,0.052579,0.248685
4523.T,2019-07-31,2,streak_2,0.018979,-0.00865,0.027628,-0.051934,-0.051775,-0.000159,-0.085059,-0.057504,-0.027554,0.333802,0.052579,0.281222
4208.T,2019-07-31,2,streak_2,0.015144,-0.00865,0.023794,-0.090425,-0.051775,-0.03865,-0.114474,-0.057504,-0.056969,0.067474,0.052579,0.014895
1959.T,2019-07-31,2,streak_2,0.005945,-0.00865,0.014595,-0.044576,-0.051775,0.007199,-0.04606,-0.057504,0.011444,0.096706,0.052579,0.044127
9507.T,2019-07-31,11,streak_5plus,0.020877,-0.00865,0.029526,-0.001988,-0.051775,0.049787,-0.002976,-0.057504,0.054529,0.144983,0.052579,0.092403
9502.T,2019-07-31,2,streak_2,0.00588,-0.00865,0.01453,-0.003923,-0.051775,0.047852,0.010455,-0.057504,0.06796,0.06698,0.052579,0.014401
2914.T,2019-07-31,5,streak_5plus,-0.009214,-0.00865,-0.000565,-0.054049,-0.051775,-0.002274,-0.081899,-0.057504,-0.024394,-0.005939,0.052579,-0.058518
6028.T,2019-07-31,7,streak_5plus,-0.009556,-0.00865,-0.000906,-0.089174,-0.051775,-0.037399,-0.046181,-0.057504,0.011323,0.109871,0.052579,0.057292
6752.T,2019-07-31,2,streak_2,0.0,-0.00865,0.00865,-0.103174,-0.051775,-0.051399,-0.121662,-0.057504,-0.064158,0.0786,0.052579,0.026021
9104.T,2019-07-31,4,streak_4,-0.01647,-0.00865,-0.007821,-0.087848,-0.051775,-0.036073,-0.086382,-0.057504,-0.028878,0.084752,0.052579,0.032172
9101.T,2019-07-31,2,streak_2,-0.034935,-0.00865,-0.026285,-0.123872,-0.051775,-0.072097,-0.168354,-0.057504,-0.11085,0.062788,0.052579,0.010209
4183.T,2019-08-01,2,streak_2,0.012759,0.000904,0.011855,-0.085327,-0.046696,-0.038631,-0.094495,-0.037969,-0.056526,0.067671,0.080406,-0.012735
4536.T,2019-08-01,4,streak_4,-0.011363,0.000904,-0.012267,0.007379,-0.046696,0.054075,0.056782,-0.037969,0.094751,0.097087,0.080406,0.016681
8056.T,2019-08-01,8,streak_5plus,0.008321,0.000904,0.007417,-0.04993,-0.046696,-0.003234,-0.047155,-0.037969,-0.009185,-0.011459,0.080406,-0.091865
2502.T,2019-08-01,3,streak_3,0.007386,0.000904,0.006482,0.021747,-0.046696,0.068443,0.046674,-0.037969,0.084643,0.164728,0.080406,0.084322
4768.T,2019-08-01,4,streak_4,0.005779,0.000904,0.004875,-0.076302,-0.046696,-0.029606,-0.087861,-0.037969,-0.049892,-0.042774,0.080406,-0.12318
3626.T,2019-08-01,8,streak_5plus,0.005277,0.000904,0.004373,0.02109,-0.046696,0.067786,0.094906,-0.037969,0.132875,0.114339,0.080406,0.033933
6971.T,2019-08-02,2,streak_2,-0.003121,-0.021068,0.017947,-0.041007,-0.043992,0.002985,-0.062405,-0.042746,-0.019658,0.086636,0.081836,0.0048
9613.T,2019-08-02,2,streak_2,-0.015134,-0.021068,0.005934,-0.075016,-0.043992,-0.031024,-0.069507,-0.042746,-0.026761,0.016769,0.081836,-0.065067
8410.T,2019-08-02,4,streak_4,-0.027045,-0.021068,-0.005977,-0.050676,-0.043992,-0.006684,-0.057415,-0.042746,-0.014669,0.121745,0.081836,0.039909
8804.T,2019-08-02,6,streak_5plus,-0.015747,-0.021068,0.005321,0.005505,-0.043992,0.049497,0.095277,-0.042746,0.138023,0.227552,0.081836,0.145716
1801.T,2019-08-05,2,streak_2,0.033922,-0.017398,0.051319,0.012211,-0.01908,0.031291,0.021711,-0.021909,0.04362,0.222133,0.106376,0.115757
6976.T,2019-08-05,3,streak_3,0.019427,-0.017398,0.036825,-0.053654,-0.01908,-0.034574,-0.057817,-0.021909,-0.035908,0.39814,0.106376,0.291765
9684.T,2019-08-06,2,streak_2,-0.012017,-0.006514,-0.005503,0.098811,-0.012782,0.111593,0.126844,-0.003434,0.130278,0.319089,0.128935,0.190153
6367.T,2019-08-06,3,streak_3,-0.00115,-0.006514,0.005364,0.02683,-0.012782,0.039612,0.019548,-0.003434,0.022981,0.174485,0.128935,0.045549
2501.T,2019-08-06,5,streak_5plus,0.010161,-0.006514,0.016676,0.034717,-0.012782,0.047499,0.084251,-0.003434,0.087685,0.094412,0.128935,-0.034523
7731.T,2019-08-06,3,streak_3,0.019767,-0.006514,0.026281,-0.055636,-0.012782,-0.042854,-0.049047,-0.003434,-0.045613,0.130423,0.128935,0.001488
8802.T,2019-08-06,2,streak_2,0.00026,-0.006514,0.006774,0.018784,-0.012782,0.031566,0.043481,-0.003434,0.046915,0.073704,0.128935,-0.055231
9449.T,2019-08-06,2,streak_2,-0.004705,-0.006514,0.00181,0.034078,-0.012782,0.04686,0.095179,-0.003434,0.098613,0.190189,0.128935,0.061253
3769.T,2019-08-06,2,streak_2,0.0,-0.006514,0.006514,0.0,-0.012782,0.012782,-0.014139,-0.003434,-0.010705,0.015422,0.128935,-0.113514
9984.T,2019-08-07,7,streak_5plus,-0.002307,-0.00334,0.001033,-0.045383,0.003392,-0.048775,-0.077885,0.02432,-0.102205,-0.168961,0.133422,-0.302383
1802.T,2019-08-07,4,streak_4,-0.034722,-0.00334,-0.031382,-0.043919,0.003392,-0.047311,0.006127,0.02432,-0.018192,0.167235,0.133422,0.033813
6728.T,2019-08-07,2,streak_2,-0.015153,-0.00334,-0.011813,0.001164,0.003392,-0.002228,0.083915,0.02432,0.059596,0.121211,0.133422,-0.012211
4612.T,2019-08-08,2,streak_2,-0.004494,0.003743,-0.008236,0.071826,-0.005406,0.077232,0.131316,0.033291,0.098025,0.351288,0.146392,0.204896
3659.T,2019-08-08,2,streak_2,0.003033,0.003743,-0.00071,-0.195993,-0.005406,-0.190587,-0.147452,0.033291,-0.180742,-0.115896,0.146392,-0.262287
7832.T,2019-08-08,6,streak_5plus,-0.016773,0.003743,-0.020516,0.010067,-0.005406,0.015473,0.073831,0.033291,0.04054,0.106584,0.146392,-0.039807
4911.T,2019-08-08,2,streak_2,0.021385,0.003743,0.017642,0.12071,-0.005406,0.126116,0.218065,0.033291,0.184775,0.130557,0.146392,-0.015834
4543.T,2019-08-08,3,streak_3,0.013245,0.003743,0.009503,0.069788,-0.005406,0.075194,0.006787,0.033291,-0.026504,0.250039,0.146392,0.103648
6178.T,2019-08-09,7,streak_5plus,-0.007898,0.004442,-0.01234,-0.020737,-0.008476,-0.012261,-0.04146,0.035209,-0.076669,0.018187,0.132398,-0.114211
6324.T,2019-08-09,3,streak_3,-0.016562,0.004442,-0.021003,0.066241,-0.008476,0.074717,0.191082,0.035209,0.155873,0.231967,0.132398,0.099569
7182.T,2019-08-09,2,streak_2,-0.008888,0.004442,-0.01333,-0.026677,-0.008476,-0.018202,-0.005921,0.035209,-0.04113,0.095313,0.132398,-0.037085
7181.T,2019-08-09,12,streak_5plus,-0.01826,0.004442,-0.022702,-0.05478,-0.008476,-0.046304,-0.054175,0.035209,-0.089384,0.091268,0.132398,-0.04113
3088.T,2019-08-09,5,streak_5plus,0.00277,0.004442,-0.001672,-0.012506,-0.008476,-0.004031,0.104164,0.035209,0.068955,0.175447,0.132398,0.043049
3865.T,2019-08-09,2,streak_2,-0.021064,0.004442,-0.025506,-0.057469,-0.008476,-0.048994,0.04981,0.035209,0.014601,0.12306,0.132398,-0.009338
7532.T,2019-08-13,10,streak_5plus,-0.04005,-0.011089,-0.028961,-0.074383,-0.005882,-0.068502,-0.033465,0.034193,-0.067658,0.003742,0.11877,-0.115028
3197.T,2019-08-14,2,streak_2,-0.002085,0.009762,-0.011848,-0.046356,0.010842,-0.057198,-0.014063,0.055844,-0.069908,0.105209,0.139224,-0.034015
9435.T,2019-08-14,3,streak_3,0.07426,0.009762,0.064498,0.051731,0.010842,0.040889,-0.007509,0.055844,-0.063354,-0.009271,0.139224,-0.148495
1928.T,2019-09-05,3,streak_3,0.013393,0.021153,-0.00776,0.084363,0.04594,0.038423,0.151048,0.035164,0.115884,0.267007,0.134706,0.132301
2678.T,2019-09-12,2,streak_2,0.032897,0.007494,0.025403,-0.046474,0.020682,-0.067156,-0.035623,0.028218,-0.063841,0.014387,0.10902,-0.094633
7649.T,2019-09-24,3,streak_3,0.005172,0.000895,0.004277,0.008622,-0.014641,0.023262,0.053447,0.030414,0.023033,0.087934,0.079328,0.008606
1377.T,2019-10-04,2,streak_2,-0.012143,0.003208,-0.015351,-0.053979,0.009851,-0.063831,-0.025641,0.091936,-0.117577,0.005622,0.112368,-0.106746
3086.T,2019-10-08,3,streak_3,0.027413,0.009943,0.01747,0.088702,0.038922,0.04978,0.172581,0.094344,0.078237,0.249998,0.123971,0.126026
2651.T,2019-10-09,2,streak_2,-0.02478,-0.006087,-0.018693,0.072566,0.041002,0.031564,0.077875,0.080789,-0.002914,0.123892,0.107876,0.016016
2670.T,2019-10-09,3,streak_3,0.014706,-0.006087,0.020793,0.114703,0.041002,0.073701,0.092646,0.080789,0.011857,0.036764,0.107876,-0.071112
3141.T,2019-10-09,2,streak_2,0.022099,-0.006087,0.028186,0.149171,0.041002,0.108169,0.152853,0.080789,0.072064,0.233885,0.107876,0.126009
7581.T,2019-10-09,2,streak_2,0.004724,-0.006087,0.01081,-0.032326,0.041002,-0.073328,-0.121686,0.080789,-0.202475,-0.043588,0.107876,-0.151464
3382.T,2019-10-10,2,streak_2,0.014374,0.004456,0.009918,0.054583,0.046396,0.008188,0.044832,0.096178,-0.051346,0.03728,0.115432,-0.078152
2317.T,2019-10-24,2,streak_2,0.016239,0.005534,0.010705,-0.045635,0.009624,-0.055259,0.09498,0.021547,0.073433,0.193128,0.026092,0.167036
7518.T,2019-10-24,9,streak_5plus,-0.012872,0.005534,-0.018407,-0.033337,0.009624,-0.042961,0.023099,0.021547,0.001552,-0.453137,0.026092,-0.479229
4519.T,2019-10-24,7,streak_5plus,0.010714,0.005534,0.00518,0.090477,0.009624,0.080853,0.124763,0.021547,0.103217,0.277642,0.026092,0.25155
4307.T,2019-10-25,2,streak_2,0.00347,0.002163,0.001307,0.00217,0.007755,-0.005585,0.029489,0.023833,0.005656,0.022983,0.027639,-0.004656
8060.T,2019-10-25,2,streak_2,0.010654,0.002163,0.008491,-0.017053,0.007755,-0.024808,0.060528,0.023833,0.036695,0.150102,0.027639,0.122463
4063.T,2019-10-25,2,streak_2,0.008275,0.002163,0.006112,0.00579,0.007755,-0.001965,-0.026879,0.023833,-0.050712,0.035154,0.027639,0.007515
9501.T,2019-10-28,3,streak_3,-0.005671,0.002959,-0.00863,-0.045369,0.002235,-0.047604,-0.10397,0.025154,-0.129124,-0.189036,0.007804,-0.19684
6988.T,2019-10-28,2,streak_2,-0.001041,0.002959,-0.003999,0.031304,0.002235,0.029069,0.085223,0.025154,0.060069,0.078266,0.007804,0.070462
6807.T,2019-10-28,10,streak_5plus,0.01036,0.002959,0.007402,0.197462,0.002235,0.195227,0.191134,0.025154,0.165979,0.154859,0.007804,0.147054
9503.T,2019-10-28,2,streak_2,-0.011099,0.002959,-0.014058,0.010706,0.002235,0.008471,-0.017444,0.025154,-0.042598,-0.024584,0.007804,-0.032389
9021.T,2019-10-28,4,streak_4,-0.010853,0.002959,-0.013811,0.008831,0.002235,0.006596,0.053623,0.025154,0.028469,-0.009258,0.007804,-0.017062
4684.T,2019-10-28,6,streak_5plus,0.00394,0.002959,0.000981,0.066193,0.002235,0.063958,0.148934,0.025154,0.12378,0.149725,0.007804,0.141921
9020.T,2019-10-28,5,streak_5plus,-0.016919,0.002959,-0.019878,-0.022429,0.002235,-0.024664,0.010823,0.025154,-0.014331,-0.030104,0.007804,-0.037908
6701.T,2019-10-29,2,streak_2,0.016464,0.004673,0.01179,-0.05928,0.016824,-0.076104,-0.021961,0.024948,-0.046909,0.080121,0.014777,0.065344
6702.T,2019-10-29,2,streak_2,0.001115,0.004673,-0.003558,0.056401,0.016824,0.039577,0.115128,0.024948,0.090179,0.291992,0.014777,0.277215
9532.T,2019-10-29,3,streak_3,0.001895,0.004673,-0.002778,0.00712,0.016824,-0.009704,-0.024217,0.024948,-0.049165,-0.118237,0.014777,-0.133014
7741.T,2019-10-29,6,streak_5plus,0.040842,0.004673,0.036169,0.051134,0.016824,0.03431,0.10369,0.024948,0.078742,0.160627,0.014777,0.14585
2212.T,2019-10-29,2,streak_2,0.002616,0.004673,-0.002057,-0.008383,0.016824,-0.025207,0.040857,0.024948,0.015909,0.104947,0.014777,0.09017
8604.T,2019-10-29,2,streak_2,-0.009918,0.004673,-0.014591,0.012295,0.016824,-0.004529,0.096651,0.024948,0.071703,0.123824,0.014777,0.109047
2327.T,2019-10-29,5,streak_5plus,0.0,0.004673,-0.004673,0.037299,0.016824,0.020475,0.098992,0.024948,0.074044,-0.065995,0.014777,-0.080772
6754.T,2019-10-30,3,streak_3,0.001845,-0.005703,0.007548,0.004613,0.01435,-0.009738,-0.041494,0.018935,-0.060429,0.001845,-9.5e-05,0.00194
3738.T,2019-10-30,4,streak_4,0.008939,-0.005703,0.014641,0.210458,0.01435,0.196107,0.176946,0.018935,0.158012,0.204647,-9.5e-05,0.204743
6641.T,2019-10-30,5,streak_5plus,-0.014573,-0.005703,-0.008871,-0.145038,0.01435,-0.159389,-0.21374,0.018935,-0.232675,-0.138099,-9.5e-05,-0.138003
9107.T,2019-10-30,2,streak_2,-0.01538,-0.005703,-0.009677,0.069373,0.01435,0.055023,0.109972,0.018935,0.091037,-0.12469,-9.5e-05,-0.124595
6758.T,2019-10-30,6,streak_5plus,-0.011946,-0.005703,-0.006244,0.03074,0.01435,0.01639,0.070632,0.018935,0.051697,0.195751,-9.5e-05,0.195847
6857.T,2019-10-30,7,streak_5plus,-0.039013,-0.005703,-0.03331,-0.063835,0.01435,-0.078186,-0.051424,0.018935,-0.070359,0.012411,-9.5e-05,0.012507
4921.T,2019-10-30,2,streak_2,0.024704,-0.005703,0.030407,0.088434,0.01435,0.074083,0.055853,0.018935,0.036918,0.013246,-9.5e-05,0.013341
4967.T,2019-10-30,2,streak_2,0.03613,-0.005703,0.041833,0.009324,0.01435,-0.005027,0.04662,0.018935,0.027685,0.00078,-9.5e-05,0.000875
9507.T,2019-10-31,12,streak_5plus,0.024789,0.003674,0.021115,0.095328,0.021328,0.074,-0.005719,0.019734,-0.025453,-0.093414,0.010571,-0.103985
4739.T,2019-10-31,2,streak_2,0.005504,0.003674,0.00183,-0.001721,0.021328,-0.023049,0.005504,0.019734,-0.014231,0.142071,0.010571,0.1315
6028.T,2019-10-31,8,streak_5plus,-0.004443,0.003674,-0.008116,0.022223,0.021328,0.000895,0.078522,0.019734,0.058788,0.137639,0.010571,0.127068
4528.T,2019-10-31,2,streak_2,0.015373,0.003674,0.011699,0.073165,0.021328,0.051837,0.217754,0.019734,0.19802,0.286951,0.010571,0.27638
6460.T,2019-10-31,2,streak_2,-0.012286,0.003674,-0.01596,0.076275,0.021328,0.054947,0.020683,0.019734,0.000948,-0.044608,0.010571,-0.055178
6503.T,2019-10-31,2,streak_2,-0.009859,0.003674,-0.013533,0.020993,0.021328,-0.000335,-0.038482,0.019734,-0.058217,0.009859,0.010571,-0.000712
5929.T,2019-10-31,2,streak_2,-0.004677,0.003674,-0.008351,-0.001559,0.021328,-0.022887,-0.062444,0.019734,-0.082178,-0.083528,0.010571,-0.094099
4502.T,2019-10-31,2,streak_2,0.010547,0.003674,0.006874,0.10059,0.021328,0.079262,0.146127,0.019734,0.126393,0.087725,0.010571,0.077155
4768.T,2019-10-31,5,streak_5plus,0.019748,0.003674,0.016074,-0.038326,0.021328,-0.059654,0.018583,0.019734,-0.001151,0.125855,0.010571,0.115284
4503.T,2019-10-31,4,streak_4,0.008688,0.003674,0.005014,-0.009499,0.021328,-0.030827,0.013567,0.019734,-0.006167,0.005431,0.010571,-0.00514
6752.T,2019-10-31,3,streak_3,0.005268,0.003674,0.001594,0.119402,0.021328,0.098074,0.131461,0.019734,0.111727,0.297565,0.010571,0.286994
7947.T,2019-10-31,2,streak_2,0.007462,0.003674,0.003788,0.013431,0.021328,-0.007897,-0.028358,0.019734,-0.048092,-0.020896,0.010571,-0.031467
6971.T,2019-10-31,3,streak_3,0.014919,0.003674,0.011245,0.018047,0.021328,-0.003281,0.058263,0.019734,0.038528,0.012221,0.010571,0.00165
2206.T,2019-10-31,2,streak_2,0.001993,0.003674,-0.00168,0.023905,0.021328,0.002577,0.0,0.019734,-0.019734,-0.040092,0.010571,-0.050662
6201.T,2019-10-31,2,streak_2,0.012346,0.003674,0.008672,0.010803,0.021328,-0.010525,-0.007717,0.019734,-0.027451,-0.081791,0.010571,-0.092361
1959.T,2019-10-31,3,streak_3,-0.005572,0.003674,-0.009246,0.030641,0.021328,0.009313,-0.0195,0.019734,-0.039234,-0.116991,0.010571,-0.127562
6762.T,2019-10-31,3,streak_3,-0.002763,0.003674,-0.006437,0.048796,0.021328,0.027468,0.05985,0.019734,0.040116,0.094844,0.010571,0.084273
8001.T,2019-11-01,2,streak_2,0.005723,-0.003327,0.00905,0.039192,0.020274,0.018918,0.073538,0.026277,0.047261,0.14685,0.01712,0.12973
4188.T,2019-11-01,2,streak_2,-0.004821,-0.003327,-0.001495,0.058514,0.020274,0.03824,-0.014569,0.026277,-0.040846,-0.028899,0.01712,-0.046019
4626.T,2019-11-01,2,streak_2,0.006336,-0.003327,0.009663,0.096203,0.020274,0.075929,0.056964,0.026277,0.030686,0.203807,0.01712,0.186686
6753.T,2019-11-01,2,streak_2,0.022239,-0.003327,0.025565,0.318505,0.020274,0.29823,0.315325,0.026277,0.289048,0.238283,0.01712,0.221163
6845.T,2019-11-01,2,streak_2,-0.004953,-0.003327,-0.001627,0.038021,0.020274,0.017747,0.052896,0.026277,0.026619,-0.001651,0.01712,-0.018771
3626.T,2019-11-01,9,streak_5plus,0.007608,-0.003327,0.010935,-0.086757,0.020274,-0.107032,0.006086,0.026277,-0.020192,0.051751,0.01712,0.03463
4208.T,2019-11-01,3,streak_3,0.002565,-0.003327,0.005891,0.027755,0.020274,0.007481,0.026473,0.026277,0.000195,-0.064899,0.01712,-0.08202
4689.T,2019-11-01,2,streak_2,-0.011979,-0.003327,-0.008652,0.113766,0.020274,0.093491,0.146691,0.026277,0.120414,0.257479,0.01712,0.240358
8804.T,2019-11-05,7,streak_5plus,-0.002564,0.017558,-0.020122,-0.025672,0.021053,-0.046725,0.048139,0.023152,0.024987,0.159311,0.044761,0.11455
6448.T,2019-11-05,2,streak_2,0.015734,0.017558,-0.001824,0.092431,0.021053,0.071378,0.079153,0.023152,0.056001,0.149463,0.044761,0.104702
9434.T,2019-11-05,2,streak_2,-0.001279,0.017558,-0.018838,-0.0053,0.021053,-0.026352,-0.01398,0.023152,-0.037132,0.001645,0.044761,-0.043116
3861.T,2019-11-05,2,streak_2,0.080792,0.017558,0.063234,0.138253,0.021053,0.117201,0.104144,0.023152,0.080992,0.093366,0.044761,0.048606
2587.T,2019-11-05,2,streak_2,0.019314,0.017558,0.001756,0.043993,0.021053,0.022941,0.01073,0.023152,-0.012422,0.024766,0.044761,-0.019995
7575.T,2019-11-05,4,streak_4,-0.01429,0.017558,-0.031849,-0.121144,0.021053,-0.142196,-0.118287,0.023152,-0.141439,-0.171428,0.044761,-0.216189
7532.T,2019-11-06,11,streak_5plus,-0.012855,0.002229,-0.015084,0.038045,0.011527,0.026518,0.046829,-0.005022,0.051851,0.18043,0.024772,0.155658
6750.T,2019-11-06,2,streak_2,-0.029885,0.002229,-0.032114,-0.111498,0.011527,-0.123025,-0.054025,-0.005022,-0.049003,-0.017242,0.024772,-0.042014
4536.T,2019-11-06,5,streak_5plus,0.004691,0.002229,0.002462,0.05159,0.011527,0.040063,0.076079,-0.005022,0.0811,0.094317,0.024772,0.069546
8056.T,2019-11-06,9,streak_5plus,-0.028327,0.002229,-0.030556,-0.029743,0.011527,-0.04127,0.059489,-0.005022,0.064511,0.082154,0.024772,0.057382
2371.T,2019-11-06,2,streak_2,0.009102,0.002229,0.006873,-0.006728,0.011527,-0.018255,0.072419,-0.005022,0.077441,0.218836,0.024772,0.194065
7731.T,2019-11-07,4,streak_4,-0.003477,0.001137,-0.004615,0.076602,0.000689,0.075913,0.028558,-0.00016,0.028718,-0.121866,0.016399,-0.138265
4543.T,2019-11-07,4,streak_4,-0.009785,0.001137,-0.010922,0.056749,0.000689,0.05606,0.08163,-0.00016,0.08179,0.101199,0.016399,0.0848
7832.T,2019-11-07,7,streak_5plus,-0.006216,0.001137,-0.007353,-0.029616,0.000689,-0.030304,-0.014808,-0.00016,-0.014648,-0.108101,0.016399,-0.1245
6326.T,2019-11-07,2,streak_2,-0.003364,0.001137,-0.004502,-0.05808,0.000689,-0.058769,-0.044334,-0.00016,-0.044174,0.009344,0.016399,-0.007056
4704.T,2019-11-07,2,streak_2,0.018833,0.001137,0.017696,0.065914,0.000689,0.065225,0.120526,-0.00016,0.120687,0.16593,0.016399,0.149531
2897.T,2019-11-07,2,streak_2,0.026347,0.001137,0.02521,-0.003591,0.000689,-0.00428,-0.022755,-0.00016,-0.022595,0.101795,0.016399,0.085396
7203.T,2019-11-07,2,streak_2,0.011373,0.001137,0.010236,0.031379,0.000689,0.03069,0.015686,-0.00016,0.015846,0.012945,0.016399,-0.003454
9831.T,2019-11-07,2,streak_2,0.02439,0.001137,0.023253,0.071279,0.000689,0.07059,0.076927,-0.00016,0.077087,0.116324,0.016399,0.099925
3402.T,2019-11-07,2,streak_2,-0.002409,0.001137,-0.003546,0.027442,0.000689,0.026754,-0.069353,-0.00016,-0.069193,-0.09591,0.016399,-0.11231
7550.T,2019-11-07,2,streak_2,0.054008,0.001137,0.05287,0.110195,0.000689,0.109507,0.07622,-0.00016,0.07638,0.05009,0.016399,0.033691
5232.T,2019-11-07,2,streak_2,-0.003112,0.001137,-0.004249,0.001037,0.000689,0.000349,0.018674,-0.00016,0.018834,-0.074689,0.016399,-0.091088
9684.T,2019-11-07,3,streak_3,0.030736,0.001137,0.029599,0.019461,0.000689,0.018772,0.131144,-0.00016,0.131304,0.065572,0.016399,0.049173
3659.T,2019-11-07,3,streak_3,-0.015541,0.001137,-0.016678,0.139079,0.000689,0.13839,0.155395,-0.00016,0.155555,0.29278,0.016399,0.276381
9735.T,2019-11-08,5,streak_5plus,-0.010613,0.002638,-0.013251,0.01363,-0.008091,0.021721,-0.016752,0.001032,-0.017784,0.036625,0.022755,0.013869
4021.T,2019-11-08,2,streak_2,0.017997,0.002638,0.015359,0.04162,-0.008091,0.049711,0.022498,0.001032,0.021466,0.140607,0.022755,0.117851
1808.T,2019-11-08,3,streak_3,0.012586,0.002638,0.009948,0.004894,-0.008091,0.012985,0.005596,0.001032,0.004564,0.028672,0.022755,0.005917
7458.T,2019-11-08,2,streak_2,-0.00386,0.002638,-0.006498,0.036679,-0.008091,0.044771,0.054052,0.001032,0.05302,-0.023166,0.022755,-0.045922
1925.T,2019-11-08,2,streak_2,-0.010377,0.002638,-0.013015,-0.101915,-0.008091,-0.093824,-0.092868,0.001032,-0.0939,-0.06679,0.022755,-0.089545
1801.T,2019-11-08,3,streak_3,-0.012402,0.002638,-0.015041,-0.050734,-0.008091,-0.042643,0.02931,0.001032,0.028278,-0.046223,0.022755,-0.068979
4681.T,2019-11-08,2,streak_2,0.003998,0.002638,0.00136,0.047405,-0.008091,0.055496,0.067956,0.001032,0.066924,-0.031985,0.022755,-0.054741
1860.T,2019-11-08,3,streak_3,-0.002867,0.002638,-0.005506,-0.017152,-0.008091,-0.00906,0.020001,0.001032,0.018969,0.054287,0.022755,0.031532
3774.T,2019-11-08,2,streak_2,-0.042706,0.002638,-0.045344,-0.044641,-0.008091,-0.03655,0.003457,0.001032,0.002425,0.308187,0.022755,0.285432
6976.T,2019-11-11,4,streak_4,0.009967,-0.002566,0.012533,0.02165,-0.003785,0.025435,0.014435,0.00166,0.012775,0.204468,0.018633,0.185835
1802.T,2019-11-11,5,streak_5plus,-0.00968,-0.002566,-0.007114,0.030773,-0.003785,0.034558,0.095861,0.00166,0.094201,0.090585,0.018633,0.071952
5233.T,2019-11-12,2,streak_2,-0.003104,0.008065,-0.011169,-0.007762,0.00364,-0.011402,0.068323,0.003358,0.064964,-0.071427,0.015247,-0.086674
6273.T,2019-11-12,2,streak_2,0.001417,0.008065,-0.006648,0.009719,0.00364,0.006079,0.015388,0.003358,0.01203,0.01397,0.015247,-0.001277
8830.T,2019-11-12,2,streak_2,0.008545,0.008065,0.00048,-0.041218,0.00364,-0.044857,-0.016588,0.003358,-0.019946,0.058809,0.015247,0.043561
9449.T,2019-11-12,3,streak_3,0.023149,0.008065,0.015084,0.049823,0.00364,0.046183,0.131351,0.003358,0.127993,0.138097,0.015247,0.12285
4578.T,2019-11-12,2,streak_2,0.058313,0.008065,0.050248,0.073671,0.00364,0.070031,0.093924,0.003358,0.090566,0.065844,0.015247,0.050596
7780.T,2019-11-12,2,streak_2,0.046777,0.008065,0.038712,0.058151,0.00364,0.054511,0.111251,0.003358,0.107893,0.29962,0.015247,0.284373
8050.T,2019-11-12,2,streak_2,-0.003302,0.008065,-0.011367,0.00991,0.00364,0.00627,0.092476,0.003358,0.089118,-0.129908,0.015247,-0.145156
1803.T,2019-11-12,3,streak_3,0.030972,0.008065,0.022907,0.047435,0.00364,0.043795,0.063886,0.003358,0.060528,0.077442,0.015247,0.062194
8253.T,2019-11-12,2,streak_2,0.077706,0.008065,0.069641,0.069874,0.00364,0.066234,0.09819,0.003358,0.094831,0.110242,0.015247,0.094994
8306.T,2019-11-13,2,streak_2,-0.009791,-0.008509,-0.001282,-0.021272,-0.009667,-0.011605,-0.018557,-0.005449,-0.013108,-0.039315,0.000137,-0.039452
6728.T,2019-11-13,3,streak_3,0.009277,-0.008509,0.017786,-0.101031,-0.009667,-0.091364,-0.124743,-0.005449,-0.119294,-0.206185,0.000137,-0.206323
8316.T,2019-11-13,2,streak_2,-0.003231,-0.008509,0.005278,-0.005454,-0.009667,0.004212,-0.015609,-0.005449,-0.01016,-0.047815,0.000137,-0.047953
6098.T,2019-11-13,2,streak_2,-0.019681,-0.008509,-0.011171,0.031649,-0.009667,0.041315,0.067023,-0.005449,0.072471,0.196542,0.000137,0.196405
9435.T,2019-11-13,4,streak_4,-0.008954,-0.008509,-0.000444,0.017908,-0.009667,0.027575,0.074074,-0.005449,0.079523,0.023313,0.000137,0.023176
3865.T,2019-11-13,3,streak_3,-0.011929,-0.008509,-0.003419,-0.042603,-0.009667,-0.032936,-0.023857,-0.005449,-0.018409,-0.149923,0.000137,-0.15006
7181.T,2019-11-14,13,streak_5plus,0.001711,-0.007647,0.009358,0.029662,-0.007346,0.037007,0.130633,0.0045,0.126133,0.039362,-0.005406,0.044768
6178.T,2019-11-14,8,streak_5plus,-0.004466,-0.007647,0.003181,0.009447,-0.007346,0.016793,0.04223,0.0045,0.03773,0.004969,-0.005406,0.010375
3197.T,2019-11-14,3,streak_3,-0.000981,-0.007647,0.006666,0.068931,-0.007346,0.076277,0.065979,0.0045,0.061479,-0.06969,-0.005406,-0.064283
5019.T,2019-11-14,2,streak_2,-0.015694,-0.007647,-0.008047,-0.077553,-0.007346,-0.070208,-0.070642,0.0045,-0.075142,-0.103919,-0.005406,-0.098513
8725.T,2019-11-19,2,streak_2,0.014348,-0.0053,0.019648,0.014637,-0.005293,0.019931,0.068297,0.027731,0.040566,0.07546,-0.001282,0.076742
1928.T,2019-12-06,4,streak_4,0.003127,0.002331,0.000796,-0.010628,0.005353,-0.015981,-0.014169,0.018875,-0.033043,-0.227734,-0.203455,-0.024279
9603.T,2019-12-12,2,streak_2,0.00161,0.001409,0.000202,0.019322,0.023195,-0.003872,-0.035104,0.023139,-0.058244,-0.57617,-0.284944,-0.291225
3391.T,2019-12-17,2,streak_2,0.003902,0.00475,-0.000848,0.088856,-0.005479,0.094335,0.058463,-0.003665,0.062128,0.010916,-0.244655,0.255572
2678.T,2019-12-17,3,streak_3,0.01145,0.00475,0.0067,0.125889,-0.005479,0.131368,0.120838,-0.003665,0.124503,-0.022215,-0.244655,0.22244
7581.T,2020-01-08,3,streak_3,-0.008983,-0.015735,0.006751,-0.014597,0.014458,-0.029055,-0.074475,0.012635,-0.08711,-0.288922,-0.179423,-0.109499
3141.T,2020-01-08,3,streak_3,-0.031722,-0.015735,-0.015988,-0.075861,0.014458,-0.090319,-0.126895,0.012635,-0.13953,-0.015074,-0.179423,0.164349
3382.T,2020-01-09,3,streak_3,0.020296,0.02306,-0.002765,0.079913,0.031389,0.048524,0.107821,0.026857,0.080964,-0.113247,-0.159723,0.046476
2651.T,2020-01-10,3,streak_3,0.028572,0.004663,0.023909,0.007936,0.012696,-0.004759,0.006351,-0.00227,0.008621,-0.138418,-0.197833,0.059416
6146.T,2020-01-23,2,streak_2,0.004869,-0.009817,0.014686,0.014606,-0.027129,0.041735,-0.074532,-0.026824,-0.047708,-0.060839,-0.191499,0.13066
8060.T,2020-01-28,3,streak_3,-0.010131,-0.005475,-0.004656,0.025724,-0.015917,0.041641,0.012081,-0.059775,0.071856,-0.204599,-0.153036,-0.051564
4063.T,2020-01-28,3,streak_3,-0.008877,-0.005475,-0.003403,0.028235,-0.015917,0.044153,0.043161,-0.059775,0.102936,-0.046405,-0.153036,0.10663
9506.T,2020-01-29,2,streak_2,0.0,0.007051,-0.007051,0.037994,-0.005648,0.043642,-0.052003,-0.089285,0.037282,0.032274,-0.130174,0.162448
6701.T,2020-01-29,3,streak_3,-0.008943,0.007051,-0.015993,-0.009944,-0.005648,-0.004296,-0.196818,-0.089285,-0.107533,-0.127399,-0.130174,0.002775
6857.T,2020-01-29,8,streak_5plus,-0.016235,0.007051,-0.023286,-0.061689,-0.005648,-0.056041,-0.202113,-0.089285,-0.112828,-0.136502,-0.130174,-0.006328
6952.T,2020-01-30,2,streak_2,-0.045072,-0.01718,-0.027892,-0.060871,-0.00256,-0.058311,-0.128715,-0.087059,-0.041656,-0.22352,-0.16083,-0.062689
9501.T,2020-01-30,4,streak_4,-0.00464,-0.01718,0.012539,0.048724,-0.00256,0.051283,-0.058005,-0.087059,0.029054,-0.190255,-0.16083,-0.029425
4307.T,2020-01-30,3,streak_3,-0.010598,-0.01718,0.006581,0.143705,-0.00256,0.146265,0.011445,-0.087059,0.098504,0.120528,-0.16083,0.281359
8035.T,2020-01-30,2,streak_2,-0.033494,-0.01718,-0.016314,-0.007667,-0.00256,-0.005107,-0.058515,-0.087059,0.028545,-0.111063,-0.16083,0.049768
7943.T,2020-01-30,2,streak_2,-0.011078,-0.01718,0.006102,0.087059,-0.00256,0.089619,-0.091017,-0.087059,-0.003958,-0.205239,-0.16083,-0.044409
9532.T,2020-01-30,4,streak_4,-0.00946,-0.01718,0.007719,-0.01734,-0.00256,-0.01478,-0.093538,-0.087059,-0.006479,0.076174,-0.16083,0.237005
6754.T,2020-01-30,4,streak_4,-0.029688,-0.01718,-0.012508,0.057904,-0.00256,0.060463,-0.091,-0.087059,-0.003941,0.046717,-0.16083,0.207547
9507.T,2020-01-30,13,streak_5plus,0.006437,-0.01718,0.023616,0.010732,-0.00256,0.013291,-0.118026,-0.087059,-0.030967,-0.135448,-0.16083,0.025382
8316.T,2020-01-30,3,streak_3,-0.009003,-0.01718,0.008177,0.004639,-0.00256,0.007198,-0.110396,-0.087059,-0.023336,-0.270567,-0.16083,-0.109736
8309.T,2020-01-30,2,streak_2,-0.01174,-0.01718,0.00544,-0.005135,-0.00256,-0.002576,-0.10005,-0.087059,-0.01299,-0.238093,-0.16083,-0.077262
4506.T,2020-01-30,2,streak_2,-0.00802,-0.01718,0.00916,-0.079699,-0.00256,-0.07714,-0.210526,-0.087059,-0.123467,-0.257402,-0.16083,-0.096571
6702.T,2020-01-30,3,streak_3,-0.037584,-0.01718,-0.020404,0.179116,-0.00256,0.181676,0.055681,-0.087059,0.14274,-0.023609,-0.16083,0.137222
4921.T,2020-01-30,3,streak_3,-0.024769,-0.01718,-0.007589,0.03199,-0.00256,0.03455,-0.0516,-0.087059,0.035459,-0.148608,-0.16083,0.012222
1944.T,2020-01-30,3,streak_3,-0.005969,-0.01718,0.01121,0.106268,-0.00256,0.108827,-0.016117,-0.087059,0.070942,0.048249,-0.16083,0.20908
8604.T,2020-01-30,3,streak_3,-0.000703,-0.01718,0.016477,-0.041727,-0.00256,-0.039168,-0.135205,-0.087059,-0.048146,-0.216414,-0.16083,-0.055584
4519.T,2020-01-30,8,streak_5plus,-0.013667,-0.01718,0.003513,0.101792,-0.00256,0.104352,0.081998,-0.087059,0.169057,0.211121,-0.16083,0.371952
9504.T,2020-01-30,2,streak_2,-0.000699,-0.01718,0.016481,0.054932,-0.00256,0.057491,-0.004218,-0.087059,0.082841,0.031122,-0.16083,0.191953
3003.T,2020-01-30,2,streak_2,-0.019291,-0.01718,-0.002111,-0.002223,-0.00256,0.000336,-0.107571,-0.087059,-0.020512,-0.241838,-0.16083,-0.081008
6971.T,2020-01-30,4,streak_4,-0.01568,-0.01718,0.0015,-0.059326,-0.00256,-0.056766,-0.119042,-0.087059,-0.031982,-0.261789,-0.16083,-0.100959
6762.T,2020-01-31,4,streak_4,0.012804,0.009898,0.002906,0.0512,0.038987,0.012213,-0.103236,-0.082472,-0.020764,-0.227254,-0.14375,-0.083504
5332.T,2020-01-31,2,streak_2,0.024915,0.009898,0.015017,0.131369,0.038987,0.092381,-0.096263,-0.082472,-0.013791,-0.11663,-0.14375,0.02712
6925.T,2020-01-31,3,streak_3,-0.004301,0.009898,-0.014199,-0.020274,0.038987,-0.059261,-0.178133,-0.082472,-0.095661,-0.296502,-0.14375,-0.152752
4528.T,2020-01-31,3,streak_3,-0.001571,0.009898,-0.011468,0.061138,0.038987,0.02215,-0.135442,-0.082472,-0.05297,0.021261,-0.14375,0.165011
2875.T,2020-01-31,2,streak_2,0.036036,0.009898,0.026138,0.078829,0.038987,0.039841,-0.03491,-0.082472,0.047562,0.182248,-0.14375,0.325998
9433.T,2020-01-31,2,streak_2,-0.000617,0.009898,-0.010515,0.034522,0.038987,-0.004465,-0.068136,-0.082472,0.014336,-0.028306,-0.14375,0.115444
9503.T,2020-01-31,3,streak_3,-0.001621,0.009898,-0.011519,0.060981,0.038987,0.021993,-0.059752,-0.082472,0.02272,-0.145212,-0.14375,-0.001462
9505.T,2020-01-31,2,streak_2,0.016176,0.009898,0.006278,0.111944,0.038987,0.072957,-0.106963,-0.082472,-0.024491,-0.154705,-0.14375,-0.010955
4967.T,2020-01-31,3,streak_3,0.001126,0.009898,-0.008771,0.015766,0.038987,-0.023221,-0.117117,-0.082472,-0.034645,0.126125,-0.14375,0.269875
4503.T,2020-01-31,5,streak_5plus,0.023884,0.009898,0.013986,0.03255,0.038987,-0.006437,-0.114695,-0.082472,-0.032223,-0.036858,-0.14375,0.106892
9107.T,2020-01-31,3,streak_3,-0.023734,0.009898,-0.033631,-0.007882,0.038987,-0.046869,-0.19474,-0.082472,-0.112268,-0.359901,-0.14375,-0.216151
6103.T,2020-01-31,2,streak_2,0.009885,0.009898,-1.3e-05,0.043478,0.038987,0.004491,-0.105728,-0.082472,-0.023256,-0.197821,-0.14375,-0.054071
2267.T,2020-01-31,2,streak_2,-0.021163,0.009898,-0.031061,0.015876,0.038987,-0.023111,-0.134037,-0.082472,-0.051565,0.116751,-0.14375,0.260501
7575.T,2020-01-31,5,streak_5plus,-0.000757,0.009898,-0.010655,0.097656,0.038987,0.058668,-0.010596,-0.082472,0.071876,-0.0006,-0.14375,0.14315
8591.T,2020-02-03,2,streak_2,-0.009691,-0.010051,0.00036,0.044131,0.026839,0.017292,-0.068893,-0.090721,0.021828,-0.30861,-0.130409,-0.178201
4507.T,2020-02-03,2,streak_2,-0.007769,-0.010051,0.002282,0.031682,0.026839,0.004843,-0.128711,-0.090721,-0.03799,-0.082947,-0.130409,0.047462
4768.T,2020-02-03,6,streak_5plus,0.011628,-0.010051,0.021679,0.183719,0.026839,0.15688,0.053491,-0.090721,0.144212,0.156976,-0.130409,0.287385
6752.T,2020-02-03,4,streak_4,-0.02405,-0.010051,-0.013998,0.121593,0.026839,0.094754,-0.073956,-0.090721,0.016765,-0.261521,-0.130409,-0.131112
7988.T,2020-02-03,2,streak_2,-0.018621,-0.010051,-0.008569,0.006554,0.026839,-0.020285,-0.118965,-0.090721,-0.028244,-0.284756,-0.130409,-0.154347
6503.T,2020-02-03,3,streak_3,0.025238,-0.010051,0.035289,0.056308,0.026839,0.02947,-0.124594,-0.090721,-0.033874,-0.119814,-0.130409,0.010595
8306.T,2020-02-04,3,streak_3,0.005495,0.004904,0.000592,0.021601,0.031083,-0.009482,-0.104437,-0.071524,-0.032913,-0.228343,-0.11237,-0.115974
4536.T,2020-02-04,6,streak_5plus,0.009214,0.004904,0.00431,-0.005814,0.031083,-0.036897,-0.146387,-0.071524,-0.074864,-0.064434,-0.11237,0.047936
6448.T,2020-02-04,3,streak_3,0.000464,0.004904,-0.00444,0.055661,0.031083,0.024577,-0.1015,-0.071524,-0.029976,-0.08441,-0.11237,0.02796
4502.T,2020-02-04,3,streak_3,0.009309,0.004904,0.004405,0.041776,0.031083,0.010693,-0.069945,-0.071524,0.001579,-0.077198,-0.11237,0.035172
6753.T,2020-02-04,3,streak_3,0.026646,0.004904,0.021743,0.025317,0.031083,-0.005766,-0.124585,-0.071524,-0.053061,-0.232828,-0.11237,-0.120458
4739.T,2020-02-04,3,streak_3,0.02469,0.004904,0.019786,0.043209,0.031083,0.012126,-0.087348,-0.071524,-0.015824,0.044205,-0.11237,0.156575
6758.T,2020-02-04,7,streak_5plus,-0.000391,0.004904,-0.005295,-0.001556,0.031083,-0.032639,-0.10048,-0.071524,-0.028957,-0.080162,-0.11237,0.032208
2371.T,2020-02-04,3,streak_3,0.040497,0.004904,0.035593,0.076379,0.031083,0.045296,-0.139253,-0.071524,-0.067729,-0.106011,-0.11237,0.006358
2607.T,2020-02-04,2,streak_2,0.004233,0.004904,-0.000671,0.022928,0.031083,-0.008155,-0.108642,-0.071524,-0.037118,-0.089009,-0.11237,0.023361
4689.T,2020-02-05,3,streak_3,-0.002363,0.010179,-0.012542,0.068888,0.033642,0.035245,-0.064136,-0.101146,0.03701,0.067797,-0.117755,0.185552
7532.T,2020-02-05,12,streak_5plus,0.002247,0.010179,-0.007931,0.126264,0.033642,0.092622,0.062836,-0.101146,0.163982,0.134189,-0.117755,0.251944
4676.T,2020-02-05,3,streak_3,0.0,0.010179,-0.010179,0.014148,0.033642,-0.019495,-0.187872,-0.101146,-0.086727,-0.258652,-0.117755,-0.140897
7261.T,2020-02-05,2,streak_2,0.021721,0.010179,0.011542,-0.024975,0.033642,-0.058618,-0.244294,-0.101146,-0.143148,-0.316271,-0.117755,-0.198516
6845.T,2020-02-05,3,streak_3,0.010366,0.010179,0.000188,-0.002011,0.033642,-0.035654,-0.119784,-0.101146,-0.018638,-0.048783,-0.117755,0.068972
6460.T,2020-02-05,3,streak_3,0.035185,0.010179,0.025007,0.072394,0.033642,0.038752,-0.046683,-0.101146,0.054463,-0.031845,-0.117755,0.08591
8001.T,2020-02-05,3,streak_3,0.016191,0.010179,0.006012,0.021849,0.033642,-0.011794,-0.073158,-0.101146,0.027988,-0.095974,-0.117755,0.021781
2897.T,2020-02-05,3,streak_3,0.047445,0.010179,0.037266,0.09371,0.033642,0.060068,-0.007119,-0.101146,0.094027,0.088194,-0.117755,0.205949
9684.T,2020-02-05,4,streak_4,0.021857,0.010179,0.011678,-0.089252,0.033642,-0.122895,-0.150271,-0.101146,-0.049125,-0.093285,-0.117755,0.024471
7550.T,2020-02-06,3,streak_3,0.005042,0.023758,-0.018716,0.049199,0.021792,0.027407,-0.187552,-0.155278,-0.032274,-0.018527,-0.130902,0.112375
7832.T,2020-02-06,8,streak_5plus,0.018077,0.023758,-0.005681,-0.090973,0.021792,-0.112765,-0.146105,-0.155278,0.009173,-0.122927,-0.130902,0.007975
3626.T,2020-02-06,10,streak_5plus,-0.002896,0.023758,-0.026654,0.030388,0.021792,0.008597,-0.109986,-0.155278,0.045292,-0.047059,-0.130902,0.083843
6674.T,2020-02-06,2,streak_2,0.028366,0.023758,0.004608,0.000901,0.021792,-0.02089,-0.262045,-0.155278,-0.106767,-0.237414,-0.130902,-0.106512
5406.T,2020-02-06,2,streak_2,0.030052,0.023758,0.006294,-0.012016,0.021792,-0.033807,-0.33667,-0.155278,-0.181391,-0.262517,-0.130902,-0.131615
4626.T,2020-02-06,3,streak_3,0.085169,0.023758,0.061411,0.055723,0.021792,0.033931,-0.195588,-0.155278,-0.04031,-0.017483,-0.130902,0.113419
9409.T,2020-02-06,6,streak_5plus,0.006748,0.023758,-0.01701,0.027967,0.021792,0.006176,-0.21408,-0.155278,-0.058802,-0.21138,-0.130902,-0.080478
9831.T,2020-02-06,3,streak_3,0.017892,0.023758,-0.005866,0.078712,0.021792,0.05692,-0.152061,-0.155278,0.003218,-0.069401,-0.130902,0.061501
7733.T,2020-02-06,2,streak_2,0.026228,0.023758,0.00247,0.103823,0.021792,0.082031,0.034152,-0.155278,0.18943,-0.095905,-0.130902,0.034997
7203.T,2020-02-06,3,streak_3,0.025793,0.023758,0.002035,0.00558,0.021792,-0.016212,-0.158131,-0.155278,-0.002853,-0.158154,-0.130902,-0.027252
7731.T,2020-02-06,5,streak_5plus,0.023272,0.023758,-0.000487,-0.087843,0.021792,-0.109635,-0.254503,-0.155278,-0.099224,-0.286006,-0.130902,-0.155104
4901.T,2020-02-06,2,streak_2,0.017523,0.023758,-0.006236,-0.049488,0.021792,-0.07128,-0.095915,-0.155278,0.059363,-0.066116,-0.130902,0.064786
7701.T,2020-02-06,2,streak_2,0.024039,0.023758,0.000281,-0.03686,0.021792,-0.058651,-0.195192,-0.155278,-0.039914,-0.117915,-0.130902,0.012987
4543.T,2020-02-06,5,streak_5plus,0.037806,0.023758,0.014048,-0.00812,0.021792,-0.029912,-0.138796,-0.155278,0.016482,-0.048904,-0.130902,0.081998
6383.T,2020-02-07,2,streak_2,0.0,-0.00191,0.00191,0.013028,-0.007791,0.020819,-0.170765,-0.167829,-0.002936,0.124568,-0.165827,0.290395
8253.T,2020-02-07,3,streak_3,0.031721,-0.00191,0.033631,0.025605,-0.007791,0.033396,-0.218139,-0.167829,-0.05031,-0.329231,-0.165827,-0.163404
7458.T,2020-02-07,3,streak_3,-0.009243,-0.00191,-0.007333,-0.064697,-0.007791,-0.056906,-0.307764,-0.167829,-0.139935,-0.356517,-0.165827,-0.19069
3407.T,2020-02-07,2,streak_2,-0.076408,-0.00191,-0.074498,-0.115874,-0.007791,-0.108083,-0.336102,-0.167829,-0.168273,-0.366705,-0.165827,-0.200878
3861.T,2020-02-07,3,streak_3,0.006572,-0.00191,0.008482,-0.050911,-0.007791,-0.04312,-0.247946,-0.167829,-0.080117,-0.110957,-0.165827,0.05487
3402.T,2020-02-10,3,streak_3,-0.022531,-0.005959,-0.016571,-0.031725,-0.012789,-0.018936,-0.276206,-0.18516,-0.091046,-0.334604,-0.159081,-0.175523
2433.T,2020-02-10,2,streak_2,-0.00124,-0.005959,0.004719,-0.058489,-0.012789,-0.045699,-0.304289,-0.18516,-0.119129,-0.298961,-0.159081,-0.13988
1662.T,2020-02-10,2,streak_2,0.026036,-0.005959,0.031996,0.003561,-0.012789,0.01635,-0.309547,-0.18516,-0.124387,-0.302934,-0.159081,-0.143853
6465.T,2020-02-10,2,streak_2,-0.005682,-0.005959,0.000277,-0.023674,-0.012789,-0.010885,-0.213068,-0.18516,-0.027908,-0.235796,-0.159081,-0.076715
1605.T,2020-02-12,2,streak_2,-0.017766,0.007398,-0.025164,-0.026182,-0.020779,-0.005402,-0.365682,-0.216433,-0.149249,-0.33679,-0.149973,-0.186817
5947.T,2020-02-12,2,streak_2,-0.011553,0.007398,-0.018951,-0.010266,-0.020779,0.010513,-0.169448,-0.216433,0.046985,0.096886,-0.149973,0.246859
1802.T,2020-02-12,6,streak_5plus,-0.028475,0.007398,-0.035873,-0.031642,-0.020779,-0.010863,-0.270565,-0.216433,-0.054132,-0.250549,-0.149973,-0.100576
6273.T,2020-02-12,3,streak_3,0.011303,0.007398,0.003905,-0.054333,-0.020779,-0.033554,-0.24529,-0.216433,-0.028858,0.019777,-0.149973,0.16975
5020.T,2020-02-13,2,streak_2,0.011125,-0.001403,0.012528,-0.021872,-0.0193,-0.002573,-0.313234,-0.269485,-0.043749,-0.158264,-0.143654,-0.01461
1860.T,2020-02-13,4,streak_4,0.012189,-0.001403,0.013592,-0.03524,-0.0193,-0.01594,-0.292682,-0.269485,-0.023197,-0.087806,-0.143654,0.055848
2587.T,2020-02-13,3,streak_3,-0.002186,-0.001403,-0.000783,0.019696,-0.0193,0.038995,-0.189277,-0.269485,0.080207,-0.099561,-0.143654,0.044093
6728.T,2020-02-13,4,streak_4,0.015817,-0.001403,0.01722,-0.110706,-0.0193,-0.091406,-0.388077,-0.269485,-0.118592,-0.248175,-0.143654,-0.104521
6235.T,2020-02-13,3,streak_3,-0.003305,-0.001403,-0.001902,0.082645,-0.0193,0.101944,-0.279009,-0.269485,-0.009524,-0.018512,-0.143654,0.125142
6592.T,2020-02-13,2,streak_2,0.012889,-0.001403,0.014292,0.077322,-0.0193,0.096621,-0.203607,-0.269485,0.065877,-0.172681,-0.143654,-0.029027
4088.T,2020-02-13,2,streak_2,-0.015548,-0.001403,-0.014145,-0.005831,-0.0193,0.013468,-0.216456,-0.269485,0.053029,0.002024,-0.143654,0.145678
6178.T,2020-02-14,9,streak_5plus,-0.007425,-0.005881,-0.001543,-0.004452,-0.014629,0.010177,-0.26032,-0.286469,0.026149,-0.231303,-0.135665,-0.095638
7729.T,2020-02-14,2,streak_2,-0.012225,-0.005881,-0.006344,-0.052568,-0.014629,-0.037939,-0.375306,-0.286469,-0.088837,-0.119912,-0.135665,0.015752
8358.T,2020-02-14,2,streak_2,0.027647,-0.005881,0.033528,0.004595,-0.014629,0.019224,-0.322595,-0.286469,-0.036126,-0.155002,-0.135665,-0.019338
2212.T,2020-02-14,3,streak_3,-0.020608,-0.005881,-0.014726,-0.038336,-0.014629,-0.023707,-0.196935,-0.286469,0.089534,-0.106852,-0.135665,0.028813
2206.T,2020-02-14,3,streak_3,-0.005286,-0.005881,0.000596,-0.004229,-0.014629,0.0104,-0.195562,-0.286469,0.090907,0.067653,-0.135665,0.203318
8725.T,2020-02-14,3,streak_3,0.008856,-0.005881,0.014738,0.003219,-0.014629,0.017849,-0.271739,-0.286469,0.01473,-0.183948,-0.135665,-0.048284
9435.T,2020-02-14,5,streak_5plus,-0.017274,-0.005881,-0.011392,-0.129929,-0.014629,-0.115299,-0.358618,-0.286469,-0.072149,-0.130948,-0.135665,0.004716
7181.T,2020-02-14,14,streak_5plus,-0.008633,-0.005881,-0.002751,-0.017265,-0.014629,-0.002636,-0.329193,-0.286469,-0.042724,-0.278547,-0.135665,-0.142883
5105.T,2020-02-14,2,streak_2,0.069089,-0.005881,0.07497,0.178177,-0.014629,0.192806,-0.201454,-0.286469,0.085015,0.071271,-0.135665,0.206935
5108.T,2020-02-17,2,streak_2,0.004371,-0.006938,0.01131,0.016192,-0.012701,0.028893,-0.227447,-0.281841,0.054394,-0.150859,-0.13236,-0.0185
3462.T,2020-02-28,2,streak_2,-0.070033,-0.03669,-0.033343,-0.055918,-0.028215,-0.027703,-0.228013,-0.130456,-0.097557,-0.290445,0.017197,-0.307643
3038.T,2020-03-12,2,streak_2,-0.04902,-0.04411,-0.004911,-0.069853,-0.13852,0.068667,0.205882,0.004246,0.201636,0.482842,0.108929,0.373913
3391.T,2020-03-16,3,streak_3,-0.054794,-0.024621,-0.030174,0.108736,-0.031167,0.139903,0.238013,0.126657,0.111355,0.368488,0.288267,0.080221
2678.T,2020-03-17,4,streak_4,0.073545,0.000567,0.072978,0.302684,0.064138,0.238546,0.49327,0.149878,0.343392,0.711187,0.314886,0.3963
3141.T,2020-04-08,4,streak_4,-0.002738,0.02127,-0.024007,0.077973,0.036339,0.041634,0.030095,0.07473,-0.044636,0.186046,0.188874,-0.002828
7581.T,2020-04-08,4,streak_4,0.084978,0.02127,0.063709,0.071272,0.036339,0.034932,0.281248,0.07473,0.206518,0.061403,0.188874,-0.127471
3382.T,2020-04-09,4,streak_4,-0.020033,-0.000386,-0.019647,0.034147,0.010171,0.023975,0.002827,0.047218,-0.044391,-0.067715,0.151791,-0.219506
6146.T,2020-04-23,3,streak_3,0.001218,0.015231,-0.014013,-0.012169,0.055165,-0.067334,0.024747,0.119206,-0.094459,0.097364,0.183902,-0.086539
4519.T,2020-04-23,9,streak_5plus,-0.003766,0.015231,-0.018997,-0.035392,0.055165,-0.090557,0.128012,0.119206,0.008806,0.143012,0.183902,-0.04089
6857.T,2020-04-24,9,streak_5plus,-0.041118,-0.008626,-0.032492,-0.002002,0.009774,-0.011776,0.073219,0.127999,-0.05478,0.354063,0.152745,0.201318
4062.T,2020-04-27,2,streak_2,0.033405,0.02706,0.006345,0.213108,0.021437,0.191671,0.20592,0.135819,0.070101,0.224101,0.15977,0.064332
6754.T,2020-04-27,5,streak_5plus,0.021703,0.02706,-0.005357,0.041525,0.021437,0.020088,0.001887,0.135819,-0.133932,0.130246,0.15977,-0.029523
4568.T,2020-04-27,2,streak_2,-0.014873,0.02706,-0.041933,0.001843,0.021437,-0.019594,0.326971,0.135819,0.191152,0.247497,0.15977,0.087727
6967.T,2020-04-27,2,streak_2,-0.001563,0.02706,-0.028623,0.040723,0.021437,0.019286,0.071261,0.135819,-0.064558,0.292876,0.15977,0.133107
9507.T,2020-04-28,14,streak_5plus,0.00855,-0.000601,0.00915,-0.025607,0.020018,-0.045625,-0.013405,0.11522,-0.128625,-0.134135,0.097407,-0.231542
9504.T,2020-04-28,3,streak_3,-0.002018,-0.000601,-0.001418,-0.019528,0.020018,-0.039546,0.018182,0.11522,-0.097038,-0.132657,0.097407,-0.230064
4063.T,2020-04-28,4,streak_4,-0.008478,-0.000601,-0.007877,0.02076,0.020018,0.000742,0.067796,0.11522,-0.047423,0.040255,0.097407,-0.057152
6103.T,2020-04-28,3,streak_3,-0.005447,-0.000601,-0.004846,0.168938,0.020018,0.14892,0.234335,0.11522,0.119115,0.10763,0.097407,0.010223
6981.T,2020-04-30,2,streak_2,0.034011,0.02137,0.012642,0.039512,0.031332,0.00818,0.058407,0.129203,-0.070796,0.135544,0.122616,0.012928
9506.T,2020-04-30,3,streak_3,-0.040722,0.02137,-0.062092,-0.010415,0.031332,-0.041747,0.060604,0.129203,-0.068599,-0.021777,0.122616,-0.144393
8035.T,2020-04-30,3,streak_3,0.038714,0.02137,0.017344,0.028754,0.031332,-0.002579,0.026715,0.129203,-0.102489,0.311298,0.122616,0.188681
4768.T,2020-04-30,7,streak_5plus,-0.042489,0.02137,-0.063858,-0.055334,0.031332,-0.086666,0.071147,0.129203,-0.058056,0.100791,0.122616,-0.021825
8803.T,2020-04-30,3,streak_3,0.028961,0.02137,0.007591,0.042023,0.031332,0.010691,0.06109,0.129203,-0.068113,-0.096398,0.122616,-0.219015
6268.T,2020-04-30,2,streak_2,0.058902,0.02137,0.037532,0.123597,0.031332,0.092265,0.159345,0.129203,0.030141,0.036086,0.122616,-0.08653
6594.T,2020-04-30,2,streak_2,0.065785,0.02137,0.044415,0.058324,0.031332,0.026992,0.155815,0.129203,0.026612,0.437264,0.122616,0.314647
2914.T,2020-04-30,2,streak_2,0.006995,0.02137,-0.014375,0.016242,0.031332,-0.015091,0.083976,0.129203,-0.045227,0.01159,0.122616,-0.111026
8031.T,2020-05-01,2,streak_2,-0.019154,-0.028442,0.009287,0.054481,0.008549,0.045932,0.151258,0.119847,0.031411,0.082566,0.117861,-0.035295
4151.T,2020-05-01,2,streak_2,-0.019463,-0.028442,0.008979,0.032564,0.008549,0.024015,0.171961,0.119847,0.052115,0.079276,0.117861,-0.038585
7974.T,2020-05-07,2,streak_2,0.032475,0.002825,0.02965,0.007839,0.033013,-0.025174,0.013214,0.156808,-0.143594,0.099666,0.147588,-0.047922
4368.T,2020-05-08,2,streak_2,0.003165,0.025633,-0.022468,0.094937,0.012199,0.082738,0.183547,0.162088,0.021459,0.254747,0.13944,0.115307
7532.T,2020-05-08,13,streak_5plus,0.009616,0.025633,-0.016017,-0.03171,0.012199,-0.043909,0.036078,0.162088,-0.12601,0.123399,0.13944,-0.016041
8001.T,2020-05-08,4,streak_4,0.04932,0.025633,0.023687,0.075803,0.012199,0.063604,0.150388,0.162088,-0.0117,0.196305,0.13944,0.056865
4536.T,2020-05-08,7,streak_5plus,0.006419,0.025633,-0.019214,0.028892,0.012199,0.016693,0.097378,0.162088,-0.06471,0.033703,0.13944,-0.105737
5947.T,2020-05-08,3,streak_3,0.019777,0.025633,-0.005856,0.029666,0.012199,0.017467,0.186652,0.162088,0.024564,0.098886,0.13944,-0.040555
6963.T,2020-05-11,2,streak_2,0.037844,0.010485,0.027359,0.033475,-0.007018,0.040494,0.165939,0.148624,0.017315,0.013099,0.106592,-0.093493
6448.T,2020-05-11,4,streak_4,0.063572,0.010485,0.053088,0.028744,-0.007018,0.035762,0.181872,0.148624,0.033248,-0.063572,0.106592,-0.170164
2897.T,2020-05-11,4,streak_4,-0.023285,0.010485,-0.03377,0.014414,-0.007018,0.021433,-0.041019,0.148624,-0.189643,0.172948,0.106592,0.066356
6503.T,2020-05-11,4,streak_4,0.020226,0.010485,0.009741,-0.026216,-0.007018,-0.019198,0.105992,0.148624,-0.042631,0.036333,0.106592,-0.070258
6674.T,2020-05-12,3,streak_3,-0.011885,-0.001193,-0.010692,0.016887,-0.012597,0.029484,0.250157,0.132436,0.117722,0.120696,0.115723,0.004974
6701.T,2020-05-12,4,streak_4,0.023315,-0.001193,0.024508,0.116559,-0.012597,0.129156,0.149185,0.132436,0.01675,0.256419,0.115723,0.140697
3769.T,2020-05-12,2,streak_2,0.017734,-0.001193,0.018927,0.124138,-0.012597,0.136735,0.087684,0.132436,-0.044751,0.161576,0.115723,0.045853
4527.T,2020-05-12,2,streak_2,0.018034,-0.001193,0.019227,0.116397,-0.012597,0.128994,0.054103,0.132436,-0.078333,0.078692,0.115723,-0.037031
1605.T,2020-05-12,3,streak_3,-0.009608,-0.001193,-0.008415,0.017653,-0.012597,0.03025,0.147784,0.132436,0.015349,0.009372,0.115723,-0.106351
9684.T,2020-05-13,5,streak_5plus,0.023777,-0.004875,0.028652,-0.01965,0.003299,-0.022949,0.12926,0.135454,-0.006194,0.329875,0.121657,0.208218
4502.T,2020-05-13,4,streak_4,0.012095,-0.004875,0.01697,0.074149,0.003299,0.07085,0.082039,0.135454,-0.053415,0.041809,0.121657,-0.079849
3088.T,2020-05-13,2,streak_2,0.005417,-0.004875,0.010292,0.059617,0.003299,0.056317,0.042006,0.135454,-0.093448,-0.001359,0.121657,-0.123016
4523.T,2020-05-13,2,streak_2,-0.017116,-0.004875,-0.012241,-0.006369,0.003299,-0.009668,0.180311,0.135454,0.044857,0.232852,0.121657,0.111195
2267.T,2020-05-14,3,streak_3,-0.013351,-0.017381,0.00403,-0.057863,0.016192,-0.074056,0.032641,0.108844,-0.076202,-0.120178,0.147167,-0.267345
9433.T,2020-05-14,3,streak_3,0.003503,-0.017381,0.020885,0.014023,0.016192,-0.00217,0.010838,0.108844,-0.098005,0.046538,0.147167,-0.100629
6728.T,2020-05-14,5,streak_5plus,-0.029271,-0.017381,-0.01189,0.04663,0.016192,0.030438,0.085774,0.108844,-0.02307,0.348828,0.147167,0.201661
8411.T,2020-05-15,2,streak_2,0.003336,0.006161,-0.002825,0.029221,0.032017,-0.002796,0.133552,0.12005,0.013502,0.200334,0.169455,0.030878
8306.T,2020-05-15,4,streak_4,-0.00543,0.006161,-0.011591,0.040133,0.032017,0.008117,0.082239,0.12005,-0.037812,0.07238,0.169455,-0.097075
7182.T,2020-05-15,2,streak_2,0.009662,0.006161,0.003501,-0.146034,0.032017,-0.17805,-0.136372,0.12005,-0.256422,-0.168281,0.169455,-0.337736
2875.T,2020-05-15,3,streak_3,0.019379,0.006161,0.013218,0.069767,0.032017,0.037751,0.079457,0.12005,-0.040594,0.236434,0.169455,0.066979
5444.T,2020-05-15,7,streak_5plus,0.044346,0.006161,0.038185,0.055066,0.032017,0.023049,0.050194,0.12005,-0.069857,0.255357,0.169455,0.085902
6951.T,2020-05-15,9,streak_5plus,-0.005908,0.006161,-0.012068,-0.063514,0.032017,-0.095531,-0.161005,0.12005,-0.281055,-0.007385,0.169455,-0.17684
6273.T,2020-05-15,4,streak_4,0.021884,0.006161,0.015723,0.046503,0.032017,0.014486,0.055491,0.12005,-0.06456,0.168425,0.169455,-0.00103
7181.T,2020-05-15,15,streak_5plus,0.001561,0.006161,-0.0046,0.028882,0.032017,-0.003135,0.091329,0.12005,-0.028722,0.231841,0.169455,0.062386
4543.T,2020-05-18,6,streak_5plus,0.02464,0.004808,0.019832,0.061608,0.017505,0.044103,0.079131,0.074538,0.004593,0.174972,0.152682,0.02229
6752.T,2020-05-18,5,streak_5plus,0.02067,0.004808,0.015862,0.10844,0.017505,0.090935,0.170348,0.074538,0.09581,0.175139,0.152682,0.022457
8056.T,2020-05-18,10,streak_5plus,0.028037,0.004808,0.02323,0.038939,0.017505,0.021434,-0.018694,0.074538,-0.093232,-0.038943,0.152682,-0.191625
7832.T,2020-05-20,9,streak_5plus,0.037723,0.007913,0.029809,0.071513,0.040997,0.030515,0.092794,0.098971,-0.006176,0.177368,0.131019,0.046349
6845.T,2020-05-20,4,streak_4,0.019484,0.007913,0.011571,0.009919,0.040997,-0.031078,0.13133,0.098971,0.03236,0.267469,0.131019,0.13645
8630.T,2020-05-20,2,streak_2,0.047547,0.007913,0.039633,0.132177,0.040997,0.09118,0.169568,0.098971,0.070598,0.237721,0.131019,0.106703
5020.T,2020-05-20,3,streak_3,0.025953,0.007913,0.018039,0.058097,0.040997,0.0171,0.026723,0.098971,-0.072248,0.066855,0.131019,-0.064164
8725.T,2020-05-20,4,streak_4,-0.003182,0.007913,-0.011095,0.00672,0.040997,-0.034278,0.063775,0.098971,-0.035195,-0.029196,0.131019,-0.160214
9435.T,2020-05-20,6,streak_5plus,0.056933,0.007913,0.04902,0.137282,0.040997,0.096284,0.0955,0.098971,-0.00347,0.17069,0.131019,0.039672
6586.T,2020-05-21,2,streak_2,0.02418,-0.00208,0.026261,0.03414,0.040013,-0.005874,0.1266,0.085472,0.041128,0.361307,0.110971,0.250336
5021.T,2020-05-21,2,streak_2,0.020494,-0.00208,0.022575,0.095235,0.040013,0.055222,0.002401,0.085472,-0.083071,-0.017485,0.110971,-0.128456
3110.T,2020-05-21,2,streak_2,0.001936,-0.00208,0.004016,0.129845,0.040013,0.089832,0.050386,0.085472,-0.035086,-0.224807,0.110971,-0.335778
9101.T,2020-05-25,2,streak_2,0.030303,0.017338,0.012965,0.070286,0.073068,-0.002783,0.074444,0.100505,-0.026061,0.10611,0.127395,-0.021285
3038.T,2020-06-11,3,streak_3,0.003213,-0.028196,0.031409,-0.024118,-0.028938,0.00482,0.02733,-0.025758,0.053089,-0.067525,0.004779,-0.072305
7649.T,2020-06-23,2,streak_2,-0.016738,0.004982,-0.02172,0.037659,-0.019713,0.057372,0.057184,0.01992,0.037264,0.073846,0.028994,0.044852
3141.T,2020-07-08,5,streak_5plus,-0.001122,-0.007784,0.006663,0.022422,-0.001224,0.023646,0.047084,-0.012591,0.059676,-0.058921,0.041743,-0.100663
2678.T,2020-07-10,5,streak_5plus,-0.022499,-0.010585,-0.011914,-0.063293,0.0107,-0.073993,-0.118145,0.013967,-0.132112,0.300984,0.048712,0.252272
3349.T,2020-07-10,2,streak_2,0.002359,-0.010585,0.012944,0.082547,0.0107,0.071847,0.087265,0.013967,0.073298,0.065448,0.048712,0.016736
6594.T,2020-07-21,3,streak_3,0.027226,0.00734,0.019886,0.069373,-0.014102,0.083476,0.163874,0.008928,0.154946,0.389584,0.035176,0.354408
6807.T,2020-07-22,2,streak_2,0.009307,-0.005795,0.015101,-0.08644,-0.023815,-0.062625,-0.111708,0.004426,-0.116134,0.107177,0.026661,0.080516
8035.T,2020-07-28,4,streak_4,0.003118,-0.002574,0.005692,0.003118,-0.022912,0.026031,-0.031693,0.025313,-0.057006,0.010339,0.030933,-0.020594
7309.T,2020-07-28,2,streak_2,-0.008748,-0.002574,-0.006174,0.05617,-0.022912,0.079082,0.055248,0.025313,0.029935,0.093462,0.030933,0.06253
6967.T,2020-07-28,3,streak_3,-0.008193,-0.002574,-0.005619,-0.059719,-0.022912,-0.036807,-0.035712,0.025313,-0.061025,0.149848,0.030933,0.118916
2002.T,2020-07-28,2,streak_2,-0.001268,-0.002574,0.001305,0.034264,-0.022912,0.057176,0.11802,0.025313,0.092707,0.086762,0.030933,0.055829
3231.T,2020-07-29,2,streak_2,-0.005302,-0.011487,0.006185,-0.005302,-0.003695,-0.001607,0.046552,0.02434,0.022212,0.001261,0.029772,-0.028511
1878.T,2020-07-30,2,streak_2,-0.090455,-0.002584,-0.08787,-0.187137,0.005257,-0.192394,-0.067339,0.021679,-0.089018,-0.025634,0.025897,-0.051531
6723.T,2020-07-30,2,streak_2,-0.007377,-0.002584,-0.004793,0.114398,0.005257,0.109141,0.217712,0.021679,0.196033,0.58856,0.025897,0.562663
3269.T,2020-07-30,2,streak_2,-0.006908,-0.002584,-0.004324,-0.001066,0.005257,-0.006323,-0.084311,0.021679,-0.105989,-0.109138,0.025897,-0.135035
6503.T,2020-07-30,5,streak_5plus,0.016316,-0.002584,0.0189,-0.007448,0.005257,-0.012705,0.038666,0.021679,0.016988,-0.0428,0.025897,-0.068697
2317.T,2020-07-30,2,streak_2,0.020397,-0.002584,0.022982,0.089016,0.005257,0.083759,0.138592,0.021679,0.116913,0.29564,0.025897,0.269743
3249.T,2020-07-30,2,streak_2,0.006293,-0.002584,0.008877,-0.032528,0.005257,-0.037785,-0.053471,0.021679,-0.07515,-0.092804,0.025897,-0.118701
6754.T,2020-07-30,6,streak_5plus,-0.005401,-0.002584,-0.002817,0.044436,0.005257,0.039179,-0.039455,0.021679,-0.061134,-0.046383,0.025897,-0.07228
4151.T,2020-07-30,3,streak_3,0.011482,-0.002584,0.014066,-0.009629,0.005257,-0.014886,-0.018147,0.021679,-0.039826,-0.040741,0.025897,-0.066638
2175.T,2020-07-30,2,streak_2,-0.028991,-0.002584,-0.026406,0.181706,0.005257,0.176449,0.194772,0.021679,0.173094,0.253571,0.025897,0.227674
9506.T,2020-07-30,4,streak_4,-0.018632,-0.002584,-0.016048,0.0,0.005257,-0.005257,0.054893,0.021679,0.033214,-0.079378,0.025897,-0.105275
8957.T,2020-07-30,2,streak_2,-0.0206,-0.002584,-0.018015,0.016868,0.005257,0.011611,0.031855,0.021679,0.010176,0.062578,0.025897,0.036681
3092.T,2020-07-30,2,streak_2,-0.011314,-0.002584,-0.008729,0.206528,0.005257,0.201271,0.235858,0.021679,0.214179,0.116317,0.025897,0.09042
8031.T,2020-07-31,3,streak_3,-0.034053,-0.028167,-0.005885,0.033445,0.003533,0.029912,0.17459,0.035835,0.138754,0.052131,0.042806,0.009325
3064.T,2020-07-31,2,streak_2,0.008956,-0.028167,0.037123,-0.017917,0.003533,-0.02145,-0.061592,0.035835,-0.097427,0.263155,0.042806,0.22035
6586.T,2020-07-31,3,streak_3,-0.004934,-0.028167,0.023233,0.141799,0.003533,0.138267,0.208385,0.035835,0.17255,0.230484,0.042806,0.187678
2875.T,2020-07-31,4,streak_4,0.001563,-0.028167,0.029731,-0.007826,0.003533,-0.011359,-0.057903,0.035835,-0.093738,-0.158577,0.042806,-0.201383
9143.T,2020-07-31,2,streak_2,0.022453,-0.028167,0.05062,0.237777,0.003533,0.234244,0.287975,0.035835,0.25214,0.372269,0.042806,0.329463
6981.T,2020-07-31,3,streak_3,-0.011366,-0.028167,0.016801,-0.014061,0.003533,-0.017594,-0.060581,0.035835,-0.096417,0.079333,0.042806,0.036527
2914.T,2020-07-31,3,streak_3,-0.004122,-0.028167,0.024046,0.075015,0.003533,0.071482,0.08958,0.035835,0.053745,0.148116,0.042806,0.10531
4205.T,2020-07-31,3,streak_3,0.02747,-0.028167,0.055637,0.166838,0.003533,0.163305,0.135303,0.035835,0.099467,0.322794,0.042806,0.279988
9504.T,2020-07-31,4,streak_4,-0.00847,-0.028167,0.019697,0.0,0.003533,-0.003533,-0.005393,0.035835,-0.041228,0.072704,0.042806,0.029898
4502.T,2020-07-31,5,streak_5plus,-0.015724,-0.028167,0.012443,0.010747,0.003533,0.007214,0.037476,0.035835,0.001641,-0.117737,0.042806,-0.160543
4568.T,2020-07-31,3,streak_3,-0.023518,-0.028167,0.004649,-0.02869,0.003533,-0.032223,-0.003584,0.035835,-0.039419,-0.092727,0.042806,-0.135532
9433.T,2020-07-31,4,streak_4,-0.028901,-0.028167,-0.000734,-0.04142,0.003533,-0.044953,-0.08284,0.035835,-0.118675,-0.090351,0.042806,-0.133157
2782.T,2020-07-31,2,streak_2,-0.015133,-0.028167,0.013034,0.038418,0.003533,0.034885,0.089639,0.035835,0.053804,-0.069425,0.042806,-0.112231
6268.T,2020-07-31,3,streak_3,-0.04518,-0.028167,-0.017013,-0.052709,0.003533,-0.056242,0.010545,0.035835,-0.025291,0.158134,0.042806,0.115328
8411.T,2020-07-31,3,streak_3,-0.050588,-0.028167,-0.022421,-0.018594,0.003533,-0.022127,0.069944,0.035835,0.034109,-0.011491,0.042806,-0.054296
6103.T,2020-07-31,4,streak_4,-0.048007,-0.028167,-0.01984,0.057381,0.003533,0.053848,0.134664,0.035835,0.098829,0.221418,0.042806,0.178612
4208.T,2020-07-31,2,streak_2,-0.026152,-0.028167,0.002015,0.035815,0.003533,0.032282,0.077314,0.035835,0.041478,0.027186,0.042806,-0.01562
6963.T,2020-07-31,3,streak_3,-0.007441,-0.028167,0.020726,0.049104,0.003533,0.045572,0.014882,0.035835,-0.020953,0.198972,0.042806,0.156166
2267.T,2020-07-31,4,streak_4,-0.050552,-0.028167,-0.022385,-0.099523,0.003533,-0.103056,-0.044232,0.035835,-0.080067,-0.190814,0.042806,-0.23362
6302.T,2020-07-31,2,streak_2,-0.077855,-0.028167,-0.049688,0.009901,0.003533,0.006368,0.08596,0.035835,0.050125,0.064044,0.042806,0.021239
4547.T,2020-08-03,4,streak_4,0.014962,0.022357,-0.007396,0.024029,0.028556,-0.004526,0.034452,0.065779,-0.031327,-0.034842,0.091443,-0.126285
2810.T,2020-08-03,2,streak_2,0.043545,0.022357,0.021187,0.073092,0.028556,0.044537,0.094866,0.065779,0.029087,0.132727,0.091443,0.041284
4523.T,2020-08-03,3,streak_3,0.03417,0.022357,0.011813,0.016379,0.028556,-0.012177,0.111819,0.065779,0.04604,-0.004949,0.091443,-0.096392
4062.T,2020-08-03,3,streak_3,0.051371,0.022357,0.029014,0.185783,0.028556,0.157228,0.231527,0.065779,0.165747,0.508823,0.091443,0.41738
8306.T,2020-08-04,5,streak_5plus,0.024326,0.017043,0.007283,0.068052,0.024999,0.043053,0.095377,0.047387,0.04799,0.077905,0.086049,-0.008145
4739.T,2020-08-04,4,streak_4,-0.020809,0.017043,-0.037852,-0.095955,0.024999,-0.120954,-0.086705,0.047387,-0.134092,-0.109966,0.086049,-0.196015
5401.T,2020-08-04,2,streak_2,0.057502,0.017043,0.040459,0.16638,0.024999,0.141381,0.171002,0.047387,0.123615,0.196045,0.086049,0.109995
4005.T,2020-08-04,2,streak_2,0.054679,0.017043,0.037636,0.160777,0.024999,0.135778,0.115767,0.047387,0.06838,0.183338,0.086049,0.097289
9101.T,2020-08-05,3,streak_3,0.022313,-0.002605,0.024918,0.072794,0.011974,0.06082,0.100329,0.039509,0.06082,0.335137,0.077594,0.257544
4536.T,2020-08-05,8,streak_5plus,0.000539,-0.002605,0.003144,0.066451,0.011974,0.054476,0.088603,0.039509,0.049094,0.105995,0.077594,0.028402
2432.T,2020-08-05,2,streak_2,0.049454,-0.002605,0.05206,0.405029,0.011974,0.393055,0.416012,0.039509,0.376502,0.426222,0.077594,0.348628
3401.T,2020-08-05,7,streak_5plus,0.018945,-0.002605,0.02155,0.045232,0.011974,0.033257,0.02139,0.039509,-0.01812,0.057666,0.077594,-0.019927
2897.T,2020-08-05,5,streak_5plus,0.061537,-0.002605,0.064142,0.085126,0.011974,0.073152,0.095384,0.039509,0.055874,-0.055505,0.077594,-0.133098
8001.T,2020-08-05,5,streak_5plus,0.01682,-0.002605,0.019426,0.074838,0.011974,0.062864,0.185621,0.039509,0.146112,0.09698,0.077594,0.019386
9513.T,2020-08-05,2,streak_2,-0.002022,-0.002605,0.000584,0.093925,0.011974,0.081951,0.091895,0.039509,0.052386,0.012891,0.077594,-0.064703
2206.T,2020-08-06,4,streak_4,-0.008946,-0.004295,-0.004651,-0.030814,0.032634,-0.063448,-0.102386,0.030672,-0.133058,-0.138171,0.103265,-0.241436
3110.T,2020-08-06,3,streak_3,-0.012999,-0.004295,-0.008704,-0.149999,0.032634,-0.182634,-0.169999,0.030672,-0.200671,-0.205114,0.103265,-0.308379
7974.T,2020-08-06,3,streak_3,0.001833,-0.004295,0.006128,0.04277,0.032634,0.010135,0.217921,0.030672,0.187249,0.16747,0.103265,0.064206
4182.T,2020-08-06,2,streak_2,0.065067,-0.004295,0.069362,0.08734,0.032634,0.054706,0.143611,0.030672,0.112939,0.127199,0.103265,0.023934
6235.T,2020-08-06,4,streak_4,-0.003258,-0.004295,0.001037,-0.021158,0.032634,-0.053793,-0.143206,0.030672,-0.173878,-0.070791,0.103265,-0.174055
6845.T,2020-08-06,5,streak_5plus,-0.009882,-0.004295,-0.005587,-0.00141,0.032634,-0.034044,-0.042321,0.030672,-0.072993,0.304395,0.103265,0.20113
5947.T,2020-08-06,4,streak_4,0.00908,-0.004295,0.013375,0.064698,0.032634,0.032063,0.090808,0.030672,0.060136,0.323089,0.103265,0.219824
4543.T,2020-08-06,7,streak_5plus,-0.003426,-0.004295,0.000869,0.044765,0.032634,0.01213,0.054549,0.030672,0.023877,0.03052,0.103265,-0.072744
4985.T,2020-08-06,2,streak_2,0.001387,-0.004295,0.005682,0.083218,0.032634,0.050583,0.083218,0.030672,0.052545,-0.034674,0.103265,-0.137939
9684.T,2020-08-06,6,streak_5plus,0.013217,-0.004295,0.017512,0.079337,0.032634,0.046703,0.196691,0.030672,0.166019,-0.079673,0.103265,-0.182937
6055.T,2020-08-07,2,streak_2,-0.004236,-0.003935,-0.000301,-0.025424,0.038862,-0.064285,-0.152542,0.029967,-0.182509,-0.168282,0.110957,-0.279238
7832.T,2020-08-07,10,streak_5plus,0.064415,-0.003935,0.06835,0.05854,0.038862,0.019678,0.077789,0.029967,0.047822,0.351886,0.110957,0.240929
7181.T,2020-08-07,16,streak_5plus,-0.001357,-0.003935,0.002577,0.07128,0.038862,0.032418,0.122198,0.029967,0.092231,0.176513,0.110957,0.065557
4578.T,2020-08-07,2,streak_2,0.019959,-0.003935,0.023894,0.061432,0.038862,0.022571,-0.012197,0.029967,-0.042164,-0.047017,0.110957,-0.157974
6028.T,2020-08-07,2,streak_2,-0.014113,-0.003935,-0.010178,0.072308,0.038862,0.033447,0.028214,0.029967,-0.001752,0.315693,0.110957,0.204737
8725.T,2020-08-07,5,streak_5plus,0.016848,-0.003935,0.020783,0.04123,0.038862,0.002369,0.050192,0.029967,0.020225,0.148875,0.110957,0.037919
8331.T,2020-08-07,2,streak_2,0.010037,-0.003935,0.013972,0.090359,0.038862,0.051498,0.160644,0.029967,0.130677,0.198319,0.110957,0.087363
6273.T,2020-08-07,5,streak_5plus,-0.004131,-0.003935,-0.000196,0.073994,0.038862,0.035132,0.036458,0.029967,0.006491,0.086689,0.110957,-0.024267
8630.T,2020-08-07,3,streak_3,0.005186,-0.003935,0.009121,0.052355,0.038862,0.013494,0.057267,0.029967,0.0273,0.142524,0.110957,0.031567
8802.T,2020-08-07,2,streak_2,0.003186,-0.003935,0.007121,0.062401,0.038862,0.023539,0.05094,0.029967,0.020973,0.137512,0.110957,0.026556
6324.T,2020-08-07,2,streak_2,-0.00468,-0.003935,-0.000745,-0.070203,0.038862,-0.109064,-0.141966,0.029967,-0.171932,0.128092,0.110957,0.017136
6728.T,2020-08-11,6,streak_5plus,0.026275,0.018822,0.007452,0.166924,0.03434,0.132584,0.207108,0.042284,0.164824,0.301389,0.135226,0.166163
3769.T,2020-08-11,3,streak_3,-0.034399,0.018822,-0.053221,-0.063882,0.03434,-0.098222,-0.122031,0.042284,-0.164315,0.1049,0.135226,-0.030326
3088.T,2020-08-11,3,streak_3,0.011326,0.018822,-0.007497,0.041069,0.03434,0.006729,0.032575,0.042284,-0.009709,0.257427,0.135226,0.122201
4021.T,2020-08-11,2,streak_2,0.0,0.018822,-0.018822,-0.044674,0.03434,-0.079014,-0.053265,0.042284,-0.095548,0.051504,0.135226,-0.083722
4516.T,2020-08-11,2,streak_2,0.002406,0.018822,-0.016416,0.067389,0.03434,0.033049,0.015644,0.042284,-0.02664,-0.077911,0.135226,-0.213137
7532.T,2020-08-12,14,streak_5plus,0.004767,0.00412,0.000647,0.073142,0.013224,0.059919,0.016009,0.012409,0.0036,0.074446,0.121782,-0.047336
3405.T,2020-08-12,2,streak_2,0.032285,0.00412,0.028166,-0.034026,0.013224,-0.04725,-0.029664,0.012409,-0.042073,-0.025302,0.121782,-0.147084
5020.T,2020-08-12,4,streak_4,0.037888,0.00412,0.033769,0.049771,0.013224,0.036548,0.026541,0.012409,0.014132,-0.033065,0.121782,-0.154847
4553.T,2020-08-13,2,streak_2,0.012833,0.017757,-0.004924,0.071077,0.011673,0.059404,0.046395,0.017138,0.029256,-0.024437,0.11127,-0.135707
8058.T,2020-08-13,2,streak_2,0.004763,0.017757,-0.012994,0.001741,0.011673,-0.009932,0.111424,0.017138,0.094286,0.105585,0.11127,-0.005685
9435.T,2020-08-13,7,streak_5plus,0.077317,0.017757,0.05956,0.084579,0.011673,0.072907,0.023067,0.017138,0.005928,0.101542,0.11127,-0.009728
6098.T,2020-08-26,2,streak_2,-0.014379,-0.000254,-0.014125,0.059606,-0.006812,0.066418,0.10353,-0.003955,0.107485,0.185404,0.143705,0.041699
3281.T,2020-08-29,2,streak_2,-0.024448,0.011236,-0.035684,-0.022063,0.014106,-0.036169,-0.029219,0.013218,-0.042437,-0.07096,0.171233,-0.242193
3295.T,2020-08-30,2,streak_2,0.014652,0.011236,0.003416,0.013919,0.014106,-0.000186,0.020513,0.013218,0.007294,0.066667,0.171233,-0.104566
3462.T,2020-08-30,3,streak_3,-0.004396,0.011236,-0.015632,-0.021245,0.014106,-0.035351,-0.032967,0.013218,-0.046185,0.021978,0.171233,-0.149255
8954.T,2020-08-30,2,streak_2,0.024691,0.011236,0.013455,0.024042,0.014106,0.009936,0.048083,0.013218,0.034865,0.02794,0.171233,-0.143292
3038.T,2020-09-10,4,streak_4,-0.003437,0.008811,-0.012248,-0.044673,0.019233,-0.063906,-0.020619,0.024715,-0.045334,0.197978,0.160628,0.03735
4666.T,2020-09-15,2,streak_2,0.005336,-0.004432,0.009768,-0.001064,-0.009033,0.007969,-0.183465,-0.00631,-0.177155,-0.009884,0.137835,-0.147719
2678.T,2020-09-16,6,streak_5plus,0.002738,0.00088,0.001858,0.187415,-0.01565,0.203065,0.213406,0.009219,0.204187,0.083384,0.141055,-0.057671
3549.T,2020-09-17,2,streak_2,0.016856,-0.006652,0.023508,-0.026345,-0.01154,-0.014804,-0.125397,0.003898,-0.129295,-0.050404,0.137966,-0.18837
8986.T,2020-09-29,2,streak_2,-0.001944,0.001169,-0.003113,0.003611,-0.003313,0.006924,-0.067679,-0.00396,-0.063719,-0.112119,0.17253,-0.284649
8958.T,2020-09-29,2,streak_2,0.00042,0.001169,-0.000749,0.020916,-0.003313,0.024229,-0.079614,-0.00396,-0.075654,0.0297,0.17253,-0.14283
7649.T,2020-09-29,3,streak_3,0.012641,0.001169,0.011472,-0.039193,-0.003313,-0.03588,-0.103668,-0.00396,-0.099707,-0.126423,0.17253,-0.298953
3141.T,2020-10-07,6,streak_5plus,0.006851,-0.000466,0.007316,-0.046802,0.007171,-0.053973,-0.044519,0.028657,-0.073176,-0.102739,0.173098,-0.275837
6506.T,2020-10-09,2,streak_2,0.018844,-0.001158,0.020002,-0.023558,-0.005914,-0.017645,0.020021,0.05044,-0.030419,0.276794,0.191019,0.085775
3349.T,2020-10-12,3,streak_3,-0.022715,-0.002583,-0.020132,-0.006246,-0.008851,0.002605,-0.030665,0.054442,-0.085107,-0.082362,0.20478,-0.287141
8060.T,2020-10-23,2,streak_2,0.001477,0.001803,-0.000326,0.0897,-0.006063,0.095763,0.107441,0.114647,-0.007205,0.218444,0.21606,0.002384
4684.T,2020-10-26,2,streak_2,-0.007442,-0.000946,-0.006496,0.061821,-0.02294,0.084761,0.271894,0.118223,0.153671,0.165998,0.217657,-0.051659
6594.T,2020-10-26,4,streak_4,0.004716,-0.000946,0.005662,-0.009434,-0.02294,0.013505,0.138208,0.118223,0.019985,0.396225,0.217657,0.178568
6988.T,2020-10-26,2,streak_2,0.004082,-0.000946,0.005028,-0.005445,-0.02294,0.017495,0.156458,0.118223,0.038235,0.374147,0.217657,0.15649
3064.T,2020-10-27,3,streak_3,0.052429,-0.000363,0.052792,0.095146,-0.008464,0.10361,0.132041,0.129516,0.002524,0.032893,0.20017,-0.167277
9202.T,2020-10-27,2,streak_2,-0.03171,-0.000363,-0.031347,-0.017759,-0.008464,-0.009294,0.093025,0.129516,-0.036491,-0.038052,0.20017,-0.238222
7741.T,2020-10-27,2,streak_2,0.01782,-0.000363,0.018183,0.03479,-0.008464,0.043254,0.174799,0.129516,0.045282,0.098854,0.20017,-0.101316
2002.T,2020-10-27,3,streak_3,-0.0048,-0.000363,-0.004437,-0.031211,-0.008464,-0.022747,0.049818,0.129516,-0.079698,0.031812,0.20017,-0.168358
6758.T,2020-10-28,2,streak_2,0.018269,-0.002865,0.021134,0.099131,0.008917,0.090214,0.211352,0.1345,0.076852,0.240737,0.177874,0.062863
4506.T,2020-10-28,2,streak_2,-0.018212,-0.002865,-0.015347,0.073676,0.008917,0.064758,0.147351,0.1345,0.012851,0.404801,0.177874,0.226927
4062.T,2020-10-28,4,streak_4,0.044524,-0.002865,0.047389,0.027677,0.008917,0.018759,0.191335,0.1345,0.056835,0.169675,0.177874,-0.0082
7988.T,2020-10-28,2,streak_2,0.069021,-0.002865,0.071886,0.020866,0.008917,0.011949,0.216695,0.1345,0.082195,0.17175,0.177874,-0.006124
8473.T,2020-10-28,2,streak_2,-0.023166,-0.002865,-0.0203,-0.045569,0.008917,-0.054486,0.104631,0.1345,-0.029869,0.00694,0.177874,-0.170934
9506.T,2020-10-28,5,streak_5plus,-0.002096,-0.002865,0.000769,-0.022023,0.008917,-0.03094,-0.041938,0.1345,-0.176437,-0.059757,0.177874,-0.237631
8697.T,2020-10-28,2,streak_2,0.017436,-0.002865,0.020301,-0.036014,0.008917,-0.044931,0.000973,0.1345,-0.133527,-0.053057,0.177874,-0.230931
8604.T,2020-10-28,2,streak_2,-0.020737,-0.002865,-0.017872,0.003435,0.008917,-0.005482,0.091262,0.1345,-0.043238,0.121558,0.177874,-0.056316
4581.T,2020-10-29,2,streak_2,0.010955,-0.003697,0.014651,0.018779,0.029326,-0.010547,0.039124,0.12874,-0.089616,0.076682,0.19952,-0.122838
6645.T,2020-10-29,2,streak_2,-0.001248,-0.003697,0.002448,-0.027465,0.029326,-0.056791,0.177279,0.12874,0.048539,0.188514,0.19952,-0.011006
1878.T,2020-10-29,3,streak_3,0.013559,-0.003697,0.017256,-0.006992,0.029326,-0.036318,0.068114,0.12874,-0.060626,0.120268,0.19952,-0.079253
6754.T,2020-10-29,7,streak_5plus,0.003276,-0.003697,0.006972,-0.047915,0.029326,-0.077241,-0.025802,0.12874,-0.154541,0.047911,0.19952,-0.15161
8035.T,2020-10-29,5,streak_5plus,0.00747,-0.003697,0.011167,0.009383,0.029326,-0.019943,0.232454,0.12874,0.103714,0.399931,0.19952,0.200411
6723.T,2020-10-29,3,streak_3,0.013947,-0.003697,0.017644,0.059306,0.029326,0.02998,0.079071,0.12874,-0.049669,0.408132,0.19952,0.208612
9697.T,2020-10-29,2,streak_2,0.023216,-0.003697,0.026912,-0.036484,0.029326,-0.06581,-0.024876,0.12874,-0.153616,0.109452,0.19952,-0.090069
9503.T,2020-10-29,2,streak_2,-0.010202,-0.003697,-0.006505,-0.023633,0.029326,-0.052959,-0.034851,0.12874,-0.163591,0.041118,0.19952,-0.158402
7282.T,2020-10-29,2,streak_2,0.020859,-0.003697,0.024556,-0.037542,0.029326,-0.066868,0.073947,0.12874,-0.054793,0.084947,0.19952,-0.114573
6503.T,2020-10-29,6,streak_5plus,0.019693,-0.003697,0.02339,-0.02442,0.029326,-0.053746,0.118125,0.12874,-0.010615,0.182652,0.19952,-0.016869
4528.T,2020-10-29,2,streak_2,-0.002185,-0.003697,0.001512,0.011223,0.029326,-0.018103,0.029934,0.12874,-0.098806,-0.014967,0.19952,-0.214487
2175.T,2020-10-29,3,streak_3,-0.013244,-0.003697,-0.009548,0.077813,0.029326,0.048487,0.253309,0.12874,0.12457,0.350993,0.19952,0.151472
9505.T,2020-10-29,2,streak_2,-0.013256,-0.003697,-0.009559,0.022547,0.029326,-0.006779,-0.025195,0.12874,-0.153935,-0.102126,0.19952,-0.301646
3092.T,2020-10-29,3,streak_3,0.010961,-0.003697,0.014658,0.048252,0.029326,0.018926,-0.04824,0.12874,-0.176979,0.255487,0.19952,0.055966
7205.T,2020-10-29,2,streak_2,0.027415,-0.003697,0.031112,0.079634,0.029326,0.050308,0.181462,0.12874,0.052722,0.240209,0.19952,0.040689
9962.T,2020-10-29,2,streak_2,0.003328,-0.003697,0.007024,0.064891,0.029326,0.035565,0.089847,0.12874,-0.038892,0.168053,0.19952,-0.031467
8803.T,2020-10-30,4,streak_4,-0.009753,-0.015207,0.005454,0.034147,0.042572,-0.008425,0.09756,0.148103,-0.050543,0.213006,0.215591,-0.002585
8031.T,2020-10-30,4,streak_4,-0.063217,-0.015207,-0.04801,-0.019537,0.042572,-0.062109,0.033898,0.148103,-0.114205,0.11551,0.215591,-0.100081
3476.T,2020-10-30,2,streak_2,-0.02961,-0.015207,-0.014403,0.014805,0.042572,-0.027767,0.024226,0.148103,-0.123877,0.087483,0.215591,-0.128108
4005.T,2020-10-30,3,streak_3,-0.025792,-0.015207,-0.010585,0.048692,0.042572,0.00612,0.114601,0.148103,-0.033502,0.475621,0.215591,0.26003
9143.T,2020-10-30,3,streak_3,-0.024817,-0.015207,-0.00961,0.029466,0.042572,-0.013106,0.198138,0.148103,0.050035,0.009303,0.215591,-0.206288
8975.T,2020-10-30,2,streak_2,-0.014599,-0.015207,0.000609,0.030657,0.042572,-0.011915,0.020438,0.148103,-0.127665,0.181022,0.215591,-0.034569
6981.T,2020-10-30,4,streak_4,-0.02913,-0.015207,-0.013923,-0.001341,0.042572,-0.043913,0.202935,0.148103,0.054832,0.330257,0.215591,0.114666
5929.T,2020-10-30,2,streak_2,0.017129,-0.015207,0.032336,0.07877,0.042572,0.036198,0.098465,0.148103,-0.049638,0.063362,0.215591,-0.152229
2914.T,2020-10-30,4,streak_4,-0.00505,-0.015207,0.010157,0.03611,0.042572,-0.006462,0.077527,0.148103,-0.070576,0.093308,0.215591,-0.122283
6920.T,2020-10-30,2,streak_2,-0.007684,-0.015207,0.007523,0.043908,0.042572,0.001336,0.212953,0.148103,0.06485,0.551502,0.215591,0.33591
2413.T,2020-10-30,2,streak_2,-0.008886,-0.015207,0.006321,0.095769,0.042572,0.053197,0.34584,0.148103,0.197737,0.305784,0.215591,0.090192
3287.T,2020-10-30,2,streak_2,-0.015015,-0.015207,0.000192,0.041041,0.042572,-0.001531,0.003003,0.148103,-0.1451,0.041041,0.215591,-0.17455
6028.T,2020-10-30,3,streak_3,-0.029986,-0.015207,-0.014779,0.059971,0.042572,0.017399,0.325337,0.148103,0.177234,0.300095,0.215591,0.084504
4151.T,2020-10-30,4,streak_4,-0.023011,-0.015207,-0.007804,0.065633,0.042572,0.023061,0.089777,0.148103,-0.058326,0.165292,0.215591,-0.050299
6762.T,2020-10-30,2,streak_2,-0.029417,-0.015207,-0.01421,0.028615,0.042572,-0.013957,0.172477,0.148103,0.024374,0.30524,0.215591,0.089649
6472.T,2020-10-30,2,streak_2,-0.030298,-0.015207,-0.015091,0.060596,0.042572,0.018024,0.191943,0.148103,0.04384,0.530298,0.215591,0.314707
6586.T,2020-10-30,4,streak_4,-0.05641,-0.015207,-0.041203,0.054358,0.042572,0.011786,0.144616,0.148103,-0.003487,-0.003076,0.215591,-0.218667
4568.T,2020-10-30,4,streak_4,0.009367,-0.015207,0.024574,0.169882,0.042572,0.12731,0.348026,0.148103,0.199923,0.233427,0.215591,0.017836
8956.T,2020-10-30,2,streak_2,-0.022998,-0.015207,-0.007791,0.025554,0.042572,-0.017018,0.024702,0.148103,-0.123401,0.086031,0.215591,-0.12956
3941.T,2020-10-30,2,streak_2,-0.068442,-0.015207,-0.053235,-0.032479,0.042572,-0.075051,-0.056852,0.148103,-0.204955,0.020875,0.215591,-0.194716
4368.T,2020-10-30,3,streak_3,-0.029932,-0.015207,-0.014725,-0.088437,0.042572,-0.131009,-0.035377,0.148103,-0.18348,0.032651,0.215591,-0.18294
9511.T,2020-10-30,3,streak_3,-0.019917,-0.015207,-0.00471,0.027635,0.042572,-0.014937,-0.064263,0.148103,-0.212366,-0.106037,0.215591,-0.321628
4091.T,2020-10-30,2,streak_2,-0.034159,-0.015207,-0.018952,0.022139,0.042572,-0.020433,0.124603,0.148103,-0.0235,0.302338,0.215591,0.086747
9433.T,2020-10-30,5,streak_5plus,0.009946,-0.015207,0.025153,0.081379,0.042572,0.038807,0.084633,0.148103,-0.06347,0.137435,0.215591,-0.078156
9104.T,2020-10-30,2,streak_2,-0.009312,-0.015207,0.005895,0.042352,0.042572,-0.000221,0.182965,0.148103,0.034862,0.251169,0.215591,0.035578
4385.T,2020-10-30,2,streak_2,-0.020045,-0.015207,-0.004837,0.005568,0.042572,-0.037004,0.083519,0.148103,-0.064584,0.129176,0.215591,-0.086415
9508.T,2020-10-30,2,streak_2,-0.020132,-0.015207,-0.004925,0.006715,0.042572,-0.035857,-0.023483,0.148103,-0.171586,0.015672,0.215591,-0.199919
6268.T,2020-10-30,4,streak_4,0.009078,-0.015207,0.024285,0.037611,0.042572,-0.004961,0.145266,0.148103,-0.002837,0.299004,0.215591,0.083413
9513.T,2020-10-30,3,streak_3,-0.037547,-0.015207,-0.02234,0.002042,0.042572,-0.04053,-0.04574,0.148103,-0.193843,0.136517,0.215591,-0.079075
4205.T,2020-10-30,4,streak_4,-0.017091,-0.015207,-0.001884,0.000778,0.042572,-0.041794,0.034969,0.148103,-0.113134,0.31702,0.215591,0.101429
6806.T,2020-11-02,2,streak_2,0.02751,0.013855,0.013655,-0.017882,0.081068,-0.09895,0.028198,0.166417,-0.138219,0.171939,0.246737,-0.074797
4182.T,2020-11-02,3,streak_3,-0.015321,0.013855,-0.029176,-0.001586,0.081068,-0.082654,0.194934,0.166417,0.028517,0.28738,0.246737,0.040643
9613.T,2020-11-02,2,streak_2,0.010216,0.013855,-0.003639,0.160858,0.081068,0.07979,0.182983,0.166417,0.016566,0.351498,0.246737,0.104761
2282.T,2020-11-02,2,streak_2,0.028102,0.013855,0.014247,0.052692,0.081068,-0.028376,0.079626,0.166417,-0.086791,0.055036,0.246737,-0.191701
8002.T,2020-11-04,2,streak_2,0.035946,0.01716,0.018786,0.087123,0.069117,0.018006,0.113514,0.150837,-0.037323,0.295907,0.216626,0.079281
8282.T,2020-11-04,2,streak_2,0.021384,0.01716,0.004224,-0.036876,0.069117,-0.105993,-0.043515,0.150837,-0.194352,0.072266,0.216626,-0.144359
2802.T,2020-11-04,2,streak_2,0.001858,0.01716,-0.015302,0.012064,0.069117,-0.057053,0.032714,0.150837,-0.118123,0.055924,0.216626,-0.160702
8001.T,2020-11-04,6,streak_5plus,0.00433,0.01716,-0.01283,0.040527,0.069117,-0.02859,0.128862,0.150837,-0.021975,0.17234,0.216626,-0.044285
6750.T,2020-11-05,2,streak_2,0.009242,0.017305,-0.008063,-0.131237,0.069816,-0.201053,-0.130317,0.128969,-0.259285,-0.082255,0.214553,-0.296808
9831.T,2020-11-05,2,streak_2,0.001937,0.017305,-0.015369,-0.034951,0.069816,-0.104767,-0.013602,0.128969,-0.142571,0.064069,0.214553,-0.150484
2206.T,2020-11-05,5,streak_5plus,0.015872,0.017305,-0.001433,0.022675,0.069816,-0.047141,0.017006,0.128969,-0.111963,0.055581,0.214553,-0.158973
2801.T,2020-11-05,2,streak_2,0.079196,0.017305,0.061891,0.206261,0.069816,0.136446,0.228364,0.128969,0.099395,0.327816,0.214553,0.113262
7974.T,2020-11-05,4,streak_4,0.021701,0.017305,0.004396,-0.088215,0.069816,-0.15803,0.004411,0.128969,-0.124558,0.118207,0.214553,-0.096346
9766.T,2020-11-05,2,streak_2,0.064148,0.017305,0.046842,0.175258,0.069816,0.105442,0.344788,0.128969,0.21582,0.599085,0.214553,0.384531
6367.T,2020-11-05,2,streak_2,0.030725,0.017305,0.013419,0.132651,0.069816,0.062835,0.138259,0.128969,0.009291,0.091929,0.214553,-0.122624
8058.T,2020-11-05,3,streak_3,-0.00729,0.017305,-0.024595,0.061023,0.069816,-0.008793,0.044572,0.128969,-0.084397,0.145148,0.214553,-0.069405
4547.T,2020-11-05,5,streak_5plus,0.017095,0.017305,-0.000211,0.007598,0.069816,-0.062218,-0.014716,0.128969,-0.143685,0.096869,0.214553,-0.117684
5110.T,2020-11-05,2,streak_2,-0.021317,0.017305,-0.038622,0.128998,0.069816,0.059182,-0.020245,0.128969,-0.149213,0.130919,0.214553,-0.083634
2502.T,2020-11-05,2,streak_2,0.009179,0.017305,-0.008127,0.200714,0.069816,0.130898,0.346949,0.128969,0.21798,0.292812,0.214553,0.078259
4543.T,2020-11-05,8,streak_5plus,0.012626,0.017305,-0.004679,0.100231,0.069816,0.030416,0.062866,0.128969,-0.066102,0.113609,0.214553,-0.100944
5406.T,2020-11-05,2,streak_2,-0.032774,0.017305,-0.050079,0.168621,0.069816,0.098805,0.257622,0.128969,0.128654,0.259968,0.214553,0.045414
5947.T,2020-11-06,5,streak_5plus,0.008159,0.009125,-0.000966,0.031734,0.058723,-0.026989,0.104262,0.101309,0.002953,0.007254,0.21917,-0.211916
9432.T,2020-11-06,2,streak_2,0.002957,0.009125,-0.006168,0.100797,0.058723,0.042074,0.107354,0.101309,0.006045,0.217922,0.21917,-0.001247
7832.T,2020-11-06,11,streak_5plus,0.024776,0.009125,0.015651,0.091329,0.058723,0.032607,0.174029,0.101309,0.07272,0.155888,0.21917,-0.063282
4536.T,2020-11-06,9,streak_5plus,0.00893,0.009125,-0.000194,-0.139383,0.058723,-0.198106,-0.1498,0.101309,-0.25111,-0.147817,0.21917,-0.366986
2607.T,2020-11-06,2,streak_2,0.0,0.009125,-0.009125,-0.097668,0.058723,-0.15639,-0.180467,0.101309,-0.281776,-0.040818,0.21917,-0.259987
7203.T,2020-11-06,2,streak_2,0.005012,0.009125,-0.004112,0.064574,0.058723,0.005851,0.031503,0.101309,-0.069807,0.150775,0.21917,-0.068395
8410.T,2020-11-06,2,streak_2,0.004103,0.009125,-0.005021,-0.008206,0.058723,-0.066929,-0.10653,0.101309,-0.207839,0.008206,0.21917,-0.210964
7267.T,2020-11-06,2,streak_2,0.025146,0.009125,0.016022,0.167063,0.058723,0.10834,0.234359,0.101309,0.13305,0.203507,0.21917,-0.015663
3407.T,2020-11-06,2,streak_2,0.013683,0.009125,0.004559,0.058455,0.058723,-0.000268,0.148321,0.101309,0.047012,0.360149,0.21917,0.140979
3110.T,2020-11-06,4,streak_4,0.041251,0.009125,0.032126,0.041251,0.058723,-0.017472,0.007499,0.101309,-0.09381,0.246249,0.21917,0.027079
6951.T,2020-11-06,10,streak_5plus,-0.007103,0.009125,-0.016227,0.058239,0.058723,-0.000483,0.255684,0.101309,0.154375,0.190342,0.21917,-0.028828
6383.T,2020-11-06,2,streak_2,0.005928,0.009125,-0.003197,-0.037255,0.058723,-0.095978,0.008467,0.101309,-0.092842,-0.055884,0.21917,-0.275054
6849.T,2020-11-06,2,streak_2,0.0,0.009125,-0.009125,0.032256,0.058723,-0.026467,-0.014665,0.101309,-0.115974,-0.07625,0.21917,-0.295419
8056.T,2020-11-06,11,streak_5plus,0.004689,0.009125,-0.004435,0.140625,0.058723,0.081902,0.139064,0.101309,0.037755,0.110939,0.21917,-0.108231
4061.T,2020-11-09,2,streak_2,0.015409,0.021155,-0.005747,0.016946,0.0436,-0.026653,0.161785,0.088042,0.073744,0.311245,0.212974,0.098271
6055.T,2020-11-09,3,streak_3,0.013531,0.021155,-0.007624,-0.079835,0.0436,-0.123434,-0.017586,0.088042,-0.105627,0.064957,0.212974,-0.148017
8331.T,2020-11-09,3,streak_3,0.0,0.021155,-0.021155,0.054663,0.0436,0.011064,0.035271,0.088042,-0.052771,0.12874,0.212974,-0.084234
5831.T,2020-11-09,2,streak_2,0.0,0.021155,-0.021155,0.053724,0.0436,0.010125,0.03719,0.088042,-0.050851,0.101937,0.212974,-0.111036
5334.T,2020-11-09,2,streak_2,-0.004894,0.021155,-0.02605,-0.040763,0.0436,-0.084362,0.032607,0.088042,-0.055434,0.055975,0.212974,-0.156999
7701.T,2020-11-09,2,streak_2,0.017572,0.021155,-0.003584,0.115016,0.0436,0.071416,0.23163,0.088042,0.143589,0.38658,0.212974,0.173607
5411.T,2020-11-09,2,streak_2,0.009991,0.021155,-0.011164,0.088647,0.0436,0.045048,0.305874,0.088042,0.217832,0.33957,0.212974,0.126596
6976.T,2020-11-09,2,streak_2,0.043758,0.021155,0.022602,0.029601,0.0436,-0.013999,0.221363,0.088042,0.133322,0.47233,0.212974,0.259356
4732.T,2020-11-09,2,streak_2,0.02409,0.021155,0.002935,0.071279,0.0436,0.02768,0.037651,0.088042,-0.05039,0.059234,0.212974,-0.153739
4985.T,2020-11-09,3,streak_3,0.032642,0.021155,0.011486,-0.065281,0.0436,-0.108881,-0.123145,0.088042,-0.211186,-0.058995,0.212974,-0.271968
9984.T,2020-11-09,2,streak_2,0.053704,0.021155,0.032549,-0.008182,0.0436,-0.051782,0.055341,0.088042,-0.032701,0.459091,0.212974,0.246117
2432.T,2020-11-10,3,streak_3,-0.009188,0.002647,-0.011835,0.032969,0.042956,-0.009987,0.049726,0.079631,-0.029905,0.132971,0.190139,-0.057168
1414.T,2020-11-10,2,streak_2,-0.009327,0.002647,-0.011974,0.016791,0.042956,-0.026165,-0.05597,0.079631,-0.135601,-0.117986,0.190139,-0.308125
4974.T,2020-11-10,2,streak_2,-0.014468,0.002647,-0.017115,0.008413,0.042956,-0.034543,-0.001683,0.079631,-0.081314,0.061573,0.190139,-0.128566
8253.T,2020-11-10,2,streak_2,0.103058,0.002647,0.100411,0.028859,0.042956,-0.014097,0.053585,0.079631,-0.026046,0.096464,0.190139,-0.093675
7532.T,2020-11-10,15,streak_5plus,-0.017995,0.002647,-0.020642,0.050264,0.042956,0.007308,0.043976,0.079631,-0.035655,0.064169,0.190139,-0.12597
4901.T,2020-11-10,2,streak_2,-0.016866,0.002647,-0.019513,0.028473,0.042956,-0.014483,0.01705,0.079631,-0.062582,0.178458,0.190139,-0.011681
7186.T,2020-11-11,2,streak_2,0.047748,0.017825,0.029923,0.050423,0.044527,0.005896,-0.015895,0.074304,-0.090199,0.055711,0.185276,-0.129565
6324.T,2020-11-11,3,streak_3,0.030471,0.017825,0.012646,0.063711,0.044527,0.019185,0.150969,0.074304,0.076665,0.196675,0.185276,0.011399
4183.T,2020-11-11,2,streak_2,-0.002081,0.017825,-0.019906,0.038821,0.044527,-0.005705,0.003122,0.074304,-0.071182,0.164646,0.185276,-0.02063
8802.T,2020-11-11,3,streak_3,0.050464,0.017825,0.032639,0.009304,0.044527,-0.035222,-0.009021,0.074304,-0.083324,0.043134,0.185276,-0.142142
3405.T,2020-11-11,3,streak_3,0.062972,0.017825,0.045147,0.066791,0.044527,0.022264,0.077293,0.074304,0.00299,0.178913,0.185276,-0.006364
3769.T,2020-11-11,4,streak_4,-0.001486,0.017825,-0.019311,-0.066865,0.044527,-0.111391,0.008172,0.074304,-0.066131,0.159732,0.185276,-0.025544
8876.T,2020-11-12,2,streak_2,-0.010668,0.006757,-0.017425,0.019132,0.014933,0.004199,-0.023545,0.051398,-0.074944,-0.069536,0.186765,-0.256301
8411.T,2020-11-12,4,streak_4,-0.012119,0.006757,-0.018876,-0.037038,0.014933,-0.05197,-0.07858,0.051398,-0.129979,0.074765,0.186765,-0.112
4527.T,2020-11-12,3,streak_3,0.01702,0.006757,0.010263,-0.024112,0.014933,-0.039045,-0.097872,0.051398,-0.14927,-0.110639,0.186765,-0.297404
9435.T,2020-11-12,8,streak_5plus,-0.007686,0.006757,-0.014443,-0.073789,0.014933,-0.088722,-0.028439,0.051398,-0.079838,-0.137231,0.186765,-0.323996
2579.T,2020-11-12,2,streak_2,-0.010214,0.006757,-0.016971,0.055252,0.014933,0.04032,-0.034837,0.051398,-0.086236,0.081604,0.186765,-0.10516
8830.T,2020-11-12,2,streak_2,-0.041569,0.006757,-0.048325,-0.025404,0.014933,-0.040337,0.001443,0.051398,-0.049955,0.049654,0.186765,-0.13711
4021.T,2020-11-12,3,streak_3,0.024712,0.006757,0.017956,0.03954,0.014933,0.024607,0.029654,0.051398,-0.021744,0.0,0.186765,-0.186765
3088.T,2020-11-13,4,streak_4,-0.027086,-0.00529,-0.021796,0.084652,0.00444,0.080212,0.049662,0.047468,0.002194,0.012414,0.193837,-0.181423
7181.T,2020-11-13,17,streak_5plus,-0.018543,-0.00529,-0.013253,0.04693,0.00444,0.04249,0.084009,0.047468,0.036541,0.254343,0.193837,0.060506
8306.T,2020-11-13,6,streak_5plus,-0.011974,-0.00529,-0.006683,0.022407,0.00444,0.017968,-0.001991,0.047468,-0.049459,0.245686,0.193837,0.051849
4553.T,2020-11-13,3,streak_3,-0.030228,-0.00529,-0.024938,-0.073838,0.00444,-0.078278,-0.06442,0.047468,-0.111888,0.111496,0.193837,-0.082341
6178.T,2020-11-13,2,streak_2,-0.006015,-0.00529,-0.000725,0.078942,0.00444,0.074502,0.013749,0.047468,-0.033718,0.183514,0.193837,-0.010322
2267.T,2020-11-13,5,streak_5plus,-0.032257,-0.00529,-0.026967,-0.028466,0.00444,-0.032906,0.005689,0.047468,-0.041778,0.001898,0.193837,-0.191939
5105.T,2020-11-13,2,streak_2,-0.013733,-0.00529,-0.008443,0.091935,0.00444,0.087495,0.005968,0.047468,-0.041499,0.14953,0.193837,-0.044306
6098.T,2020-11-16,3,streak_3,0.027383,0.020526,0.006857,-0.013144,0.005574,-0.018718,-0.101861,0.051287,-0.153149,0.162104,0.19327,-0.031167
8304.T,2020-11-16,2,streak_2,0.045195,0.020526,0.02467,0.045195,0.005574,0.039621,0.070056,0.051287,0.018769,0.340761,0.19327,0.147491
8960.T,2020-11-29,2,streak_2,0.0,-0.007928,0.007928,0.024576,0.003998,0.020578,0.038983,0.00785,0.031133,0.245763,0.10938,0.136383
3279.T,2020-11-29,2,streak_2,-0.005102,-0.007928,0.002826,0.033163,0.003998,0.029165,0.072704,0.00785,0.064854,0.207908,0.10938,0.098528
8976.T,2020-11-29,2,streak_2,-0.03231,-0.007928,-0.024382,-0.003231,0.003998,-0.007229,0.040388,0.00785,0.032537,0.19063,0.10938,0.08125
2678.T,2020-12-15,7,streak_5plus,-0.01152,-0.001663,-0.009857,-0.118663,-0.000668,-0.117995,-0.096777,0.066844,-0.163621,-0.146312,0.130347,-0.276659
3549.T,2020-12-21,3,streak_3,-0.012074,-0.00183,-0.010244,-0.017564,-0.00399,-0.013574,-0.051589,0.074485,-0.126074,-0.082328,0.061357,-0.143685
8227.T,2020-12-28,2,streak_2,-0.00863,0.0074,-0.01603,0.084372,0.018827,0.065544,0.104507,0.057797,0.04671,0.237129,0.094618,0.142511
7649.T,2020-12-29,4,streak_4,0.013196,0.026598,-0.013402,-0.007333,0.007524,-0.014857,0.010262,0.030145,-0.019883,0.301635,0.094394,0.207241
8963.T,2020-12-31,2,streak_2,-0.037707,-0.00677,-0.030938,0.001508,0.025319,-0.023811,0.055807,0.03345,0.022357,0.283559,0.096381,0.187179
3292.T,2020-12-31,2,streak_2,-0.016667,-0.00677,-0.009897,0.006818,0.025319,-0.018501,0.056151,0.03345,0.022701,0.166264,0.096381,0.069883
6506.T,2021-01-12,3,streak_3,-0.010949,0.000894,-0.011844,0.036496,0.003661,0.032835,0.063869,0.048577,0.015292,0.004035,0.049745,-0.04571
3349.T,2021-01-12,4,streak_4,-0.028423,0.000894,-0.029317,-0.067865,0.003661,-0.071527,-0.035383,0.048577,-0.08396,-0.063226,0.049745,-0.11297
8905.T,2021-01-12,2,streak_2,0.040419,0.000894,0.039525,-0.018748,0.003661,-0.02241,0.077325,0.048577,0.028749,0.058703,0.049745,0.008958
6594.T,2021-01-25,5,streak_5plus,0.00845,0.006671,0.001779,-0.024648,-0.033806,0.009158,-0.025001,0.03634,-0.061341,-0.064449,0.013598,-0.078047
6988.T,2021-01-26,3,streak_3,0.007531,-0.00958,0.017111,0.040902,-0.025371,0.066273,0.001072,0.046694,-0.045622,0.0235,0.010545,0.012954
6146.T,2021-01-26,2,streak_2,0.012096,-0.00958,0.021676,-0.061829,-0.025371,-0.036458,-0.063172,0.046694,-0.109866,0.040756,0.010545,0.03021
7205.T,2021-01-27,3,streak_3,0.005574,0.003119,0.002455,0.055741,-0.006446,0.062187,0.114827,0.01471,0.100118,0.009477,0.015614,-0.006137
6645.T,2021-01-27,3,streak_3,0.023455,0.003119,0.020336,0.009596,-0.006446,0.016042,-0.085288,0.01471,-0.099998,-0.079925,0.015614,-0.095539
8060.T,2021-01-27,3,streak_3,0.027985,0.003119,0.024866,0.011935,-0.006446,0.018381,-0.041564,0.01471,-0.056274,0.076132,0.015614,0.060518
3099.T,2021-01-27,2,streak_2,0.024205,0.003119,0.021086,0.082272,-0.006446,0.088718,0.253226,0.01471,0.238517,0.205987,0.015614,0.190373
6954.T,2021-01-27,2,streak_2,0.023942,0.003119,0.020824,0.033886,-0.006446,0.040332,-0.029833,0.01471,-0.044543,-0.056644,0.015614,-0.072258
9506.T,2021-01-27,6,streak_5plus,0.01395,0.003119,0.010831,-0.037559,-0.006446,-0.031113,0.005369,0.01471,-0.009341,0.080923,0.015614,0.065309
9962.T,2021-01-27,3,streak_3,0.046438,0.003119,0.043319,0.114551,-0.006446,0.120997,0.006192,0.01471,-0.008518,-0.036621,0.015614,-0.052235
7741.T,2021-01-28,3,streak_3,-0.021534,-0.015294,-0.00624,-0.036268,0.000394,-0.036662,-0.072157,0.03591,-0.108067,-0.028383,0.014624,-0.043007
1878.T,2021-01-28,4,streak_4,0.070636,-0.015294,0.085929,0.142276,0.000394,0.141882,0.199794,0.03591,0.163884,0.206154,0.014624,0.19153
8309.T,2021-01-28,2,streak_2,0.013075,-0.015294,0.028369,0.063385,0.000394,0.062991,0.181971,0.03591,0.146061,0.256993,0.014624,0.242369
2002.T,2021-01-28,4,streak_4,-0.00808,-0.015294,0.007213,0.03693,0.000394,0.036536,0.018465,0.03591,-0.017445,0.014318,0.014624,-0.000306
4506.T,2021-01-28,3,streak_3,0.011576,-0.015294,0.026869,0.122829,0.000394,0.122435,0.091961,0.03591,0.056051,0.207924,0.014624,0.1933
6857.T,2021-01-28,2,streak_2,-0.043034,-0.015294,-0.027741,-0.021517,0.000394,-0.021911,0.032844,0.03591,-0.003066,0.200271,0.014624,0.185647
6724.T,2021-01-28,2,streak_2,0.021358,-0.015294,0.036652,-0.00055,0.000394,-0.000945,-0.024098,0.03591,-0.060008,0.077083,0.014624,0.062459
9507.T,2021-01-28,2,streak_2,-0.021304,-0.015294,-0.006011,-0.017314,0.000394,-0.017708,0.010652,0.03591,-0.025258,0.08763,0.014624,0.073006
7751.T,2021-01-28,2,streak_2,-0.000604,-0.015294,0.014689,-0.070017,0.000394,-0.070412,-0.073649,0.03591,-0.109559,0.046407,0.014624,0.031783
6754.T,2021-01-28,8,streak_5plus,0.000367,-0.015294,0.01566,-0.080088,0.000394,-0.080482,-0.140151,0.03591,-0.176061,-0.191519,0.014624,-0.206143
8697.T,2021-01-28,3,streak_3,-0.021014,-0.015294,-0.005721,-0.045583,0.000394,-0.045977,-0.109361,0.03591,-0.145271,0.022225,0.014624,0.007601
3092.T,2021-01-29,4,streak_4,-0.002045,-0.018934,0.016888,0.172157,0.005131,0.167026,0.155154,0.042944,0.11221,0.264464,0.021818,0.242645
5471.T,2021-01-29,2,streak_2,0.0059,-0.018934,0.024834,0.116609,0.005131,0.111478,0.053017,0.042944,0.010073,0.226192,0.021818,0.204374
4005.T,2021-01-29,4,streak_4,-0.012018,-0.018934,0.006916,0.036078,0.005131,0.030947,0.040076,0.042944,-0.002868,0.12797,0.021818,0.106152
9143.T,2021-01-29,4,streak_4,-0.017523,-0.018934,0.001411,-0.056591,0.005131,-0.061722,-0.093829,0.042944,-0.136773,-0.088225,0.021818,-0.110043
9022.T,2021-01-29,2,streak_2,-0.010366,-0.018934,0.008568,0.060849,0.005131,0.055718,0.147442,0.042944,0.104498,0.072915,0.021818,0.051097
9503.T,2021-01-29,3,streak_3,-0.042497,-0.018934,-0.023563,-0.033628,0.005131,-0.038759,-0.004202,0.042944,-0.047146,0.031748,0.021818,0.00993
5332.T,2021-01-29,2,streak_2,0.0,-0.018934,0.018934,0.207253,0.005131,0.202122,0.153712,0.042944,0.110768,-0.015031,0.021818,-0.036849
6301.T,2021-01-29,2,streak_2,-0.010374,-0.018934,0.00856,0.02731,0.005131,0.022179,0.113222,0.042944,0.070278,0.111356,0.021818,0.089537
6981.T,2021-01-29,5,streak_5plus,-0.032708,-0.018934,-0.013775,-0.076479,0.005131,-0.08161,-0.092835,0.042944,-0.135779,-0.157131,0.021818,-0.178949
5333.T,2021-01-29,2,streak_2,-0.017202,-0.018934,0.001731,-0.004301,0.005131,-0.009432,0.047313,0.042944,0.004369,0.081093,0.021818,0.059275
2267.T,2021-01-29,6,streak_5plus,-0.039569,-0.018934,-0.020635,-0.048559,0.005131,-0.05369,-0.041368,0.042944,-0.084311,-0.038866,0.021818,-0.060684
4368.T,2021-01-29,4,streak_4,0.006794,-0.018934,0.025728,-0.001356,0.005131,-0.006487,0.085598,0.042944,0.042654,0.076702,0.021818,0.054884
2802.T,2021-01-29,3,streak_3,0.00877,-0.018934,0.027704,-0.071995,0.005131,-0.077126,-0.11095,0.042944,-0.153894,-0.101935,0.021818,-0.123753
9504.T,2021-01-29,5,streak_5plus,-0.017526,-0.018934,0.001408,-0.028958,0.005131,-0.034089,-0.025915,0.042944,-0.068859,-0.053448,0.021818,-0.075266
6586.T,2021-01-29,5,streak_5plus,-0.042227,-0.018934,-0.023293,-0.062381,0.005131,-0.067512,-0.087332,0.042944,-0.130276,-0.045148,0.021818,-0.066967
2413.T,2021-01-29,3,streak_3,-0.034411,-0.018934,-0.015478,-0.053918,0.005131,-0.059049,-0.068055,0.042944,-0.110999,-0.168319,0.021818,-0.190137
4568.T,2021-01-29,5,streak_5plus,-0.029139,-0.018934,-0.010205,-0.06434,0.005131,-0.069471,-0.104732,0.042944,-0.147676,-0.192597,0.021818,-0.214416
7276.T,2021-01-29,2,streak_2,-0.027456,-0.018934,-0.008522,0.037573,0.005131,0.032442,0.059248,0.042944,0.016304,-0.01195,0.021818,-0.033768
9502.T,2021-01-29,2,streak_2,-0.02659,-0.018934,-0.007657,-0.000387,0.005131,-0.005518,-0.005316,0.042944,-0.04826,0.020499,0.021818,-0.001319
8473.T,2021-01-29,3,streak_3,0.00694,-0.018934,0.025874,0.083782,0.005131,0.078651,0.154051,0.042944,0.111107,0.23376,0.021818,0.211942
9009.T,2021-01-29,2,streak_2,0.005684,-0.018934,0.024618,0.078017,0.005131,0.072886,0.099301,0.042944,0.056357,-0.030399,0.021818,-0.052217
9104.T,2021-01-29,3,streak_3,0.018355,-0.018934,0.037289,0.083118,0.005131,0.077987,0.158689,0.042944,0.115745,0.637515,0.021818,0.615697
9020.T,2021-01-29,2,streak_2,-0.005628,-0.018934,0.013306,0.023959,0.005131,0.018828,0.135374,0.042944,0.09243,0.086037,0.021818,0.064218
9513.T,2021-01-29,4,streak_4,-0.005826,-0.018934,0.013108,-0.005826,0.005131,-0.010957,0.036735,0.042944,-0.006209,0.03913,0.021818,0.017312
4205.T,2021-01-29,5,streak_5plus,0.072118,-0.018934,0.091051,0.068922,0.005131,0.063791,0.017871,0.042944,-0.025073,0.118554,0.021818,0.096736
3269.T,2021-01-30,3,streak_3,-0.022581,0.015459,-0.03804,-0.022581,0.040335,-0.062916,0.012903,0.068528,-0.055625,0.148387,0.06029,0.088097
3249.T,2021-01-30,3,streak_3,-0.003719,0.015459,-0.019179,-0.037726,0.040335,-0.078061,-0.014878,0.068528,-0.083406,0.052072,0.06029,-0.008218
8957.T,2021-01-30,3,streak_3,-0.000604,0.015459,-0.016064,0.018127,0.040335,-0.022208,0.080967,0.068528,0.012439,0.128097,0.06029,0.067806
2282.T,2021-02-01,3,streak_3,0.002232,0.015459,-0.013228,0.033482,0.040335,-0.006853,0.053572,0.068528,-0.014956,0.134397,0.06029,0.074107
8411.T,2021-02-01,5,streak_5plus,0.01559,0.015459,0.000131,0.080513,0.040335,0.040178,0.132389,0.068528,0.063861,0.179901,0.06029,0.119611
6920.T,2021-02-01,3,streak_3,0.017082,0.015459,0.001622,-0.074021,0.040335,-0.114356,-0.054804,0.068528,-0.123332,0.365125,0.06029,0.304835
8282.T,2021-02-01,3,streak_3,-0.011982,0.015459,-0.027441,0.03876,0.040335,-0.001576,0.012687,0.068528,-0.055841,0.065255,0.06029,0.004965
4528.T,2021-02-01,3,streak_3,0.010883,0.015459,-0.004576,0.00928,0.040335,-0.031055,-0.093438,0.068528,-0.161966,-0.083293,0.06029,-0.143584
9532.T,2021-02-01,2,streak_2,0.003618,0.015459,-0.011841,0.032075,0.040335,-0.00826,-0.001555,0.068528,-0.070083,0.109545,0.06029,0.049255
4507.T,2021-02-01,2,streak_2,0.006166,0.015459,-0.009293,0.031337,0.040335,-0.008998,-0.016543,0.068528,-0.085071,0.018599,0.06029,-0.041692
7974.T,2021-02-01,5,streak_5plus,0.034005,0.015459,0.018546,0.04622,0.040335,0.005885,0.04655,0.068528,-0.021978,0.039675,0.06029,-0.020615
3116.T,2021-02-02,2,streak_2,0.017529,0.009652,0.007877,0.05879,0.046187,0.012603,-0.023739,0.029864,-0.053603,0.156805,0.045095,0.11171
7259.T,2021-02-02,2,streak_2,0.019368,0.009652,0.009716,0.073028,0.046187,0.026841,0.11624,0.029864,0.086376,0.321594,0.045095,0.276499
6473.T,2021-02-02,2,streak_2,0.017891,0.009652,0.00824,0.189465,0.046187,0.143277,0.195782,0.029864,0.165918,0.134379,0.045095,0.089284
6849.T,2021-02-02,3,streak_3,-0.001588,0.009652,-0.011239,0.0,0.046187,-0.046187,-0.028568,0.029864,-0.058432,0.058163,0.045095,0.013068
7282.T,2021-02-02,3,streak_3,0.071302,0.009652,0.06165,0.048583,0.046187,0.002396,-0.017129,0.029864,-0.046993,-0.040257,0.045095,-0.085352
6503.T,2021-02-02,7,streak_5plus,0.007398,0.009652,-0.002254,0.063191,0.046187,0.017004,0.002778,0.029864,-0.027086,0.047641,0.045095,0.002546
6028.T,2021-02-02,4,streak_4,0.023752,0.009652,0.014101,-0.049881,0.046187,-0.096069,-0.059385,0.029864,-0.089249,-0.020193,0.045095,-0.065288
6201.T,2021-02-02,2,streak_2,0.071513,0.009652,0.061862,0.135877,0.046187,0.089689,0.135877,0.029864,0.106012,0.081418,0.045095,0.036323
8316.T,2021-02-02,2,streak_2,-0.005729,0.009652,-0.01538,0.076929,0.046187,0.030742,0.149927,0.029864,0.120063,0.220257,0.045095,0.175162
7211.T,2021-02-02,2,streak_2,0.020688,0.009652,0.011037,0.285135,0.046187,0.238947,0.285135,0.029864,0.255271,0.260344,0.045095,0.215249
3064.T,2021-02-02,4,streak_4,0.022223,0.009652,0.012572,0.062964,0.046187,0.016776,0.122222,0.029864,0.092358,-0.057037,0.045095,-0.102132
6752.T,2021-02-02,2,streak_2,0.03136,0.009652,0.021708,0.081748,0.046187,0.03556,0.03472,0.029864,0.004856,-0.045969,0.045095,-0.091064
8604.T,2021-02-03,3,streak_3,0.031905,0.010025,0.02188,0.148345,0.040327,0.108018,0.178971,0.017705,0.161266,0.091517,0.040765,0.050753
6806.T,2021-02-03,3,streak_3,0.057072,0.010025,0.047047,0.021092,0.040327,-0.019235,0.022953,0.017705,0.005248,-0.031904,0.040765,-0.072669
8031.T,2021-02-03,5,streak_5plus,0.017002,0.010025,0.006977,0.027306,0.040327,-0.013021,0.177746,0.017705,0.160041,0.330621,0.040765,0.289857
6758.T,2021-02-03,3,streak_3,0.016243,0.010025,0.006218,0.129955,0.040327,0.089628,0.071666,0.017705,0.053961,0.032767,0.040765,-0.007998
8002.T,2021-02-03,3,streak_3,0.055866,0.010025,0.045841,0.03176,0.040327,-0.008567,0.146016,0.017705,0.128311,0.399366,0.040765,0.358601
7988.T,2021-02-03,3,streak_3,-0.002566,0.010025,-0.012591,0.010271,0.040327,-0.030056,0.025674,0.017705,0.007969,-0.002105,0.040765,-0.04287
4202.T,2021-02-03,2,streak_2,0.059828,0.010025,0.049803,0.017096,0.040327,-0.023231,0.00488,0.017705,-0.012825,0.114122,0.040765,0.073357
6448.T,2021-02-03,2,streak_2,0.035506,0.010025,0.025481,0.000846,0.040327,-0.039481,-0.031278,0.017705,-0.048982,-0.07158,0.040765,-0.112344
8058.T,2021-02-03,4,streak_4,0.006768,0.010025,-0.003257,0.068603,0.040327,0.028276,0.141722,0.017705,0.124017,0.155579,0.040765,0.114814
9766.T,2021-02-04,3,streak_3,0.001465,-0.010631,0.012096,0.081991,0.031991,0.05,0.013177,0.003377,0.009799,-0.065649,-0.001323,-0.064325
9831.T,2021-02-04,3,streak_3,-0.03058,-0.010631,-0.019949,-0.041364,0.031991,-0.073355,-0.001794,0.003377,-0.005171,0.017643,-0.001323,0.018966
2801.T,2021-02-04,3,streak_3,-0.060891,-0.010631,-0.05026,-0.00135,0.031991,-0.033341,-0.069011,0.003377,-0.072388,-0.096785,-0.001323,-0.095461
4536.T,2021-02-04,10,streak_5plus,-0.003989,-0.010631,0.006642,-0.057013,0.031991,-0.089004,-0.19498,0.003377,-0.198357,-0.189391,-0.001323,-0.188068
4062.T,2021-02-04,5,streak_5plus,0.027559,-0.010631,0.03819,-0.023622,0.031991,-0.055613,-0.121063,0.003377,-0.124441,-0.081992,-0.001323,-0.080669
8306.T,2021-02-04,7,streak_5plus,0.005843,-0.010631,0.016474,0.038758,0.031991,0.006767,0.166671,0.003377,0.163293,0.224568,-0.001323,0.225891
7951.T,2021-02-04,2,streak_2,-0.022329,-0.010631,-0.011698,-0.01117,0.031991,-0.043161,-0.022329,0.003377,-0.025706,-0.052264,-0.001323,-0.050941
9613.T,2021-02-04,3,streak_3,-0.022043,-0.010631,-0.011412,0.069269,0.031991,0.037278,0.078081,0.003377,0.074704,0.076835,-0.001323,0.078158
4543.T,2021-02-04,9,streak_5plus,-0.01979,-0.010631,-0.009159,0.081739,0.031991,0.049748,-0.046879,0.003377,-0.050256,-0.031932,-0.001323,-0.030609
4385.T,2021-02-04,3,streak_3,0.042969,-0.010631,0.0536,0.085938,0.031991,0.053946,0.007812,0.003377,0.004435,-0.063477,-0.001323,-0.062153
4182.T,2021-02-04,4,streak_4,0.017643,-0.010631,0.028275,0.042671,0.031991,0.01068,0.052109,0.003377,0.048731,0.107429,-0.001323,0.108753
5406.T,2021-02-05,3,streak_3,0.032627,0.015427,0.0172,0.257196,0.041568,0.215627,0.445293,0.024204,0.421089,0.590143,-0.006861,0.597003
8876.T,2021-02-05,3,streak_3,-0.01186,0.015427,-0.027287,-0.047813,0.041568,-0.089382,-0.177168,0.024204,-0.201373,-0.221843,-0.006861,-0.214983
7701.T,2021-02-05,3,streak_3,-0.004912,0.015427,-0.020339,0.062655,0.041568,0.021087,-0.052824,0.024204,-0.077028,-0.044879,-0.006861,-0.038018
2607.T,2021-02-05,3,streak_3,0.04823,0.015427,0.032802,0.06913,0.041568,0.027562,-0.003216,0.024204,-0.02742,-0.088594,-0.006861,-0.081734
5938.T,2021-02-05,2,streak_2,0.073946,0.015427,0.058519,0.161439,0.041568,0.119871,0.190476,0.024204,0.166272,0.145186,-0.006861,0.152046
8331.T,2021-02-05,4,streak_4,0.008323,0.015427,-0.007104,0.051657,0.041568,0.010089,0.228333,0.024204,0.204129,0.179253,-0.006861,0.186114
6383.T,2021-02-05,3,streak_3,-0.000813,0.015427,-0.016241,-0.11482,0.041568,-0.156389,-0.169382,0.024204,-0.193586,-0.187732,-0.006861,-0.180871
8410.T,2021-02-05,3,streak_3,0.012726,0.015427,-0.002701,0.038127,0.041568,-0.003441,0.088981,0.024204,0.064777,0.008122,-0.006861,0.014983
5334.T,2021-02-05,3,streak_3,0.033768,0.015427,0.018341,-0.068018,0.041568,-0.109586,-0.062229,0.024204,-0.086433,-0.192446,-0.006861,-0.185586
4021.T,2021-02-05,4,streak_4,0.009885,0.015427,-0.005542,-0.013179,0.041568,-0.054747,-0.054365,0.024204,-0.078569,-0.029521,-0.006861,-0.022661
9984.T,2021-02-08,3,streak_3,0.044489,0.021172,0.023317,0.101752,0.045339,0.056413,0.114416,0.008943,0.105473,-0.065345,-0.04626,-0.019084
6976.T,2021-02-08,3,streak_3,0.008591,0.021172,-0.012581,-0.032646,0.045339,-0.077985,-0.096219,0.008943,-0.105162,-0.239306,-0.04626,-0.193045
6324.T,2021-02-08,4,streak_4,0.033653,0.021172,0.012481,0.080529,0.045339,0.03519,-0.088942,0.008943,-0.097885,-0.196043,-0.04626,-0.149783
9069.T,2021-02-08,2,streak_2,0.025253,0.021172,0.004081,0.089893,0.045339,0.044554,0.136364,0.008943,0.127421,0.030463,-0.04626,0.076723
7832.T,2021-02-08,12,streak_5plus,0.03914,0.021172,0.017968,0.018671,0.045339,-0.026667,-0.10955,0.008943,-0.118493,-0.140709,-0.04626,-0.094448
6055.T,2021-02-08,4,streak_4,0.021344,0.021172,0.000172,0.013342,0.045339,-0.031997,-0.150101,0.008943,-0.159044,-0.206908,-0.04626,-0.160647
4665.T,2021-02-08,2,streak_2,0.027095,0.021172,0.005923,0.027095,0.045339,-0.018244,0.019608,0.008943,0.010665,-0.079822,-0.04626,-0.033562
7202.T,2021-02-08,2,streak_2,0.030521,0.021172,0.009349,0.046682,0.045339,0.001343,0.023341,0.008943,0.014398,-0.031388,-0.04626,0.014872
4681.T,2021-02-09,2,streak_2,-0.00999,0.003996,-0.013985,0.021728,0.036724,-0.014995,0.094531,-0.006018,0.100549,-0.037626,-0.044372,0.006746
5411.T,2021-02-09,3,streak_3,-0.004646,0.003996,-0.008642,0.00928,0.036724,-0.027444,0.156774,-0.006018,0.162792,0.443058,-0.044372,0.48743
6841.T,2021-02-09,2,streak_2,0.016732,0.003996,0.012736,-0.071097,0.036724,-0.107821,-0.129654,-0.006018,-0.123636,-0.231776,-0.044372,-0.187404
4183.T,2021-02-09,3,streak_3,0.004471,0.003996,0.000475,-0.014905,0.036724,-0.051629,0.093888,-0.006018,0.099906,0.086351,-0.044372,0.130724
1925.T,2021-02-09,2,streak_2,-0.000623,0.003996,-0.004619,0.047869,0.036724,0.011145,0.010255,-0.006018,0.016273,0.032174,-0.044372,0.076546
5110.T,2021-02-09,3,streak_3,-0.015307,0.003996,-0.019303,0.100484,0.036724,0.06376,0.13684,-0.006018,0.142858,0.362681,-0.044372,0.407053
5232.T,2021-02-09,2,streak_2,0.00448,0.003996,0.000484,0.07015,0.036724,0.033426,0.092537,-0.006018,0.098555,-0.00455,-0.044372,0.039822
2432.T,2021-02-09,4,streak_4,-0.004264,0.003996,-0.008259,0.01564,0.036724,-0.021084,0.018007,-0.006018,0.024025,-0.028061,-0.044372,0.016311
4911.T,2021-02-09,2,streak_2,0.013995,0.003996,0.009999,0.041089,0.036724,0.004365,0.035695,-0.006018,0.041713,-0.036852,-0.044372,0.00752
2914.T,2021-02-09,5,streak_5plus,0.0,0.003996,-0.003996,-0.092286,0.036724,-0.12901,-0.066945,-0.006018,-0.060927,0.012315,-0.044372,0.056687
6367.T,2021-02-09,3,streak_3,-0.025032,0.003996,-0.029028,0.012409,0.036724,-0.024315,-0.056697,-0.006018,-0.050679,-0.085103,-0.044372,-0.040731
3941.T,2021-02-09,3,streak_3,-0.008659,0.003996,-0.012655,-0.050917,0.036724,-0.087641,0.015166,-0.006018,0.021184,0.037365,-0.044372,0.081737
3407.T,2021-02-09,3,streak_3,-0.007248,0.003996,-0.011244,-0.053921,0.036724,-0.090644,0.00322,-0.006018,0.009238,-0.004037,-0.044372,0.040335
7201.T,2021-02-09,2,streak_2,-0.000171,0.003996,-0.004167,-0.043056,0.036724,-0.079779,-0.029862,-0.006018,-0.023844,-0.151208,-0.044372,-0.106836
7267.T,2021-02-09,3,streak_3,-0.011948,0.003996,-0.015944,0.015927,0.036724,-0.020797,0.059407,-0.006018,0.065425,0.11057,-0.044372,0.154942
4901.T,2021-02-09,3,streak_3,0.005674,0.003996,0.001678,0.032255,0.036724,-0.004468,0.012157,-0.006018,0.018175,0.154946,-0.044372,0.199319
6268.T,2021-02-10,5,streak_5plus,0.043565,0.001932,0.041633,0.031407,0.026648,0.004759,0.003038,0.007182,-0.004143,-0.033436,-0.056975,0.023539
5947.T,2021-02-10,6,streak_5plus,0.003599,0.001932,0.001667,0.016189,0.026648,-0.010459,0.058454,0.007182,0.051273,-0.039396,-0.056975,0.017579
7203.T,2021-02-10,3,streak_3,0.017018,0.001932,0.015087,0.031649,0.026648,0.005001,0.018894,0.007182,0.011713,0.099348,-0.056975,0.156323
8802.T,2021-02-10,4,streak_4,-0.002192,0.001932,-0.004124,0.022504,0.026648,-0.004144,0.039242,0.007182,0.03206,-0.002594,-0.056975,0.054381
1605.T,2021-02-10,2,streak_2,-0.005563,0.001932,-0.007494,0.130925,0.026648,0.104278,0.144849,0.007182,0.137667,0.112813,-0.056975,0.169788
1414.T,2021-02-10,3,streak_3,-0.011591,0.001932,-0.013523,0.007376,0.026648,-0.019272,-0.014752,0.007182,-0.021933,-0.025289,-0.056975,0.031686
7532.T,2021-02-10,16,streak_5plus,0.032949,0.001932,0.031017,0.057386,0.026648,0.030738,0.044354,0.007182,0.037173,-0.122101,-0.056975,-0.065126
1719.T,2021-02-10,2,streak_2,-0.00382,0.001932,-0.005751,-0.00636,0.026648,-0.033008,0.098093,0.007182,0.090912,0.112061,-0.056975,0.169036
4974.T,2021-02-10,3,streak_3,0.019385,0.001932,0.017453,0.046852,0.026648,0.020204,-0.049757,0.007182,-0.056939,-0.051832,-0.056975,0.005143
8830.T,2021-02-12,3,streak_3,0.005542,-0.00145,0.006992,-0.006928,0.02277,-0.029698,0.078715,0.006902,0.071813,0.035664,-0.039106,0.07477
7181.T,2021-02-12,18,streak_5plus,0.013128,-0.00145,0.014578,-0.018104,0.02277,-0.040874,0.056588,0.006902,0.049686,0.094717,-0.039106,0.133823
7272.T,2021-02-12,2,streak_2,-0.012444,-0.00145,-0.010994,-0.05058,0.02277,-0.07335,0.063426,0.006902,0.056524,0.190292,-0.039106,0.229398
4912.T,2021-02-12,2,streak_2,0.012288,-0.00145,0.013738,-0.07288,0.02277,-0.09565,-0.053814,0.006902,-0.060716,-0.136865,-0.039106,-0.097759
8795.T,2021-02-12,2,streak_2,-0.008544,-0.00145,-0.007094,0.026336,0.02277,0.003566,0.02776,0.006902,0.020858,0.092025,-0.039106,0.131132
2502.T,2021-02-12,3,streak_3,-0.004051,-0.00145,-0.002601,0.03891,0.02277,0.01614,0.100308,0.006902,0.093406,0.160815,-0.039106,0.199921
6178.T,2021-02-12,3,streak_3,0.023791,-0.00145,0.025241,0.025271,0.02277,0.0025,0.19596,0.006902,0.189058,0.124271,-0.039106,0.163377
7182.T,2021-02-12,2,streak_2,0.033475,-0.00145,0.034925,0.036516,0.02277,0.013746,0.150103,0.006902,0.143202,0.020788,-0.039106,0.059894
6592.T,2021-02-12,2,streak_2,0.002096,-0.00145,0.003545,0.03564,0.02277,0.01287,0.113207,0.006902,0.106305,-0.101676,-0.039106,-0.06257
6098.T,2021-02-15,4,streak_4,0.00273,0.019103,-0.016373,0.034517,0.016865,0.017652,0.014236,0.013585,0.000651,0.00276,-0.049987,0.052747
3295.T,2021-02-27,3,streak_3,0.002377,0.024077,-0.021701,-0.014854,-0.003513,-0.011341,0.011884,0.014446,-0.002562,0.036839,-0.005244,0.042083
8968.T,2021-02-27,2,streak_2,-0.010682,0.024077,-0.03476,-0.024926,-0.003513,-0.021413,0.008902,0.014446,-0.005544,0.055193,-0.005244,0.060437
8953.T,2021-02-27,2,streak_2,-0.012346,0.024077,-0.036423,-0.004748,-0.003513,-0.001235,0.058879,0.014446,0.044433,0.046534,-0.005244,0.051777
8984.T,2021-02-27,2,streak_2,-0.001073,0.024077,-0.02515,-0.020029,-0.003513,-0.016516,0.056867,0.014446,0.042421,0.099785,-0.005244,0.105029
8954.T,2021-02-27,3,streak_3,0.000552,0.024077,-0.023526,-0.012135,-0.003513,-0.008621,0.047435,0.014446,0.032989,0.118036,-0.005244,0.12328
1928.T,2021-03-04,2,streak_2,-0.004593,-0.021284,0.016691,0.084516,-0.017678,0.102194,0.135234,-0.005764,0.140998,0.080899,-0.020893,0.101792
4369.T,2021-03-15,11,streak_5plus,-0.020053,0.001654,-0.021707,-0.07353,0.002498,-0.076027,0.032086,-0.006024,0.038111,-0.057487,-0.009305,-0.048181
6966.T,2021-03-15,4,streak_4,-0.039896,0.001654,-0.041549,0.196915,0.002498,0.194418,0.243255,-0.006024,0.249279,0.395119,-0.009305,0.404424
2678.T,2021-03-16,8,streak_5plus,0.017192,0.005178,0.012014,0.057307,-0.01992,0.077228,0.167622,-0.000516,0.168138,0.066673,-0.01599,0.082663
3549.T,2021-03-18,4,streak_4,-0.002302,0.010115,-0.012417,-0.037976,-0.050433,0.012457,-0.039127,-0.009076,-0.030051,-0.03082,-0.031761,0.000941
8986.T,2021-03-30,3,streak_3,0.007982,0.001635,0.006348,0.011695,0.023983,-0.012288,0.028402,-0.013362,0.041764,0.121218,-0.02018,0.141398
8961.T,2021-03-30,2,streak_2,0.017587,0.001635,0.015952,0.012418,0.023983,-0.011565,0.005957,-0.013362,0.019319,0.015002,-0.02018,0.035183
8952.T,2021-03-30,2,streak_2,0.006509,0.001635,0.004875,-0.03116,0.023983,-0.055143,0.011029,-0.013362,0.024391,0.02911,-0.02018,0.049291
8227.T,2021-04-05,3,streak_3,0.029577,0.00788,0.021697,-0.078336,-0.002876,-0.07546,-0.109512,-0.01662,-0.092892,-0.15028,-0.040557,-0.109723
8905.T,2021-04-08,3,streak_3,-0.034483,-0.000734,-0.03375,-0.049635,-0.003693,-0.045941,-0.111806,-0.053254,-0.058552,-0.122256,-0.06022,-0.062036
8570.T,2021-04-09,2,streak_2,0.01882,0.001991,0.016829,-0.090588,-0.002231,-0.088357,-0.146339,-0.076109,-0.07023,-0.036931,-0.038371,0.00144
3349.T,2021-04-12,5,streak_5plus,-0.025347,-0.007704,-0.017643,-0.033192,-0.002847,-0.030345,-0.054314,-0.056559,0.002245,0.071927,-0.035274,0.107201
7453.T,2021-04-14,2,streak_2,0.023156,-0.00439,0.027546,-0.071886,-0.021889,-0.049997,-0.104634,-0.0452,-0.059434,-0.147769,-0.049494,-0.098275
6146.T,2021-04-22,3,streak_3,0.037139,0.023839,0.0133,0.015132,0.019132,-0.004,-0.101787,0.004688,-0.106475,-0.14718,-0.018883,-0.128297
8060.T,2021-04-23,4,streak_4,0.00557,-0.00574,0.01131,0.049342,-0.012871,0.062213,0.033426,-0.021903,0.055329,0.020863,-0.05504,0.075903
2413.T,2021-04-23,4,streak_4,-0.021137,-0.00574,-0.015397,-0.079567,-0.012871,-0.066696,-0.103863,-0.021903,-0.08196,-0.10775,-0.05504,-0.05271
6923.T,2021-04-26,2,streak_2,-0.009258,0.003639,-0.012897,-0.007718,0.010702,-0.01842,0.023147,0.004432,0.018714,-0.114197,-0.042667,-0.07153
6988.T,2021-04-26,4,streak_4,0.011827,0.003639,0.008188,-0.01721,0.010702,-0.027912,-0.063445,0.004432,-0.067877,-0.122584,-0.042667,-0.079918
7751.T,2021-04-26,3,streak_3,0.025324,0.003639,0.021685,-0.005604,0.010702,-0.016306,0.01392,0.004432,0.009488,-0.016009,-0.042667,0.026658
6967.T,2021-04-27,2,streak_2,-0.024204,-0.004612,-0.019592,0.030259,0.007951,0.022308,0.080183,-0.009138,0.089321,0.119516,-0.063264,0.18278
6954.T,2021-04-27,3,streak_3,-0.014158,-0.004612,-0.009546,0.027928,0.007951,0.019977,0.020171,-0.009138,0.029308,-0.054307,-0.063264,0.008957
9532.T,2021-04-27,3,streak_3,-0.017183,-0.004612,-0.012571,0.060872,0.007951,0.05292,0.012273,-0.009138,0.021411,0.006869,-0.063264,0.070133
2801.T,2021-04-27,4,streak_4,0.04269,-0.004612,0.047302,0.045737,0.007951,0.037786,0.083844,-0.009138,0.092982,0.018298,-0.063264,0.081562
4568.T,2021-04-27,6,streak_5plus,-0.034563,-0.004612,-0.02995,-0.064305,0.007951,-0.072257,-0.159187,-0.009138,-0.15005,-0.282319,-0.063264,-0.219055
6857.T,2021-04-27,3,streak_3,-0.007574,-0.004612,-0.002962,-0.023674,0.007951,-0.031625,-0.063448,-0.009138,-0.05431,-0.089962,-0.063264,-0.026698
3092.T,2021-04-27,5,streak_5plus,0.005732,-0.004612,0.010344,0.027251,0.007951,0.0193,0.063123,-0.009138,0.072261,0.068864,-0.063264,0.132128
7309.T,2021-04-27,2,streak_2,-0.045019,-0.004612,-0.040407,-0.036207,0.007951,-0.044158,-0.049808,-0.009138,-0.04067,0.075696,-0.063264,0.138961
4307.T,2021-04-27,2,streak_2,-0.004531,-0.004612,8.1e-05,0.009063,0.007951,0.001111,0.054379,-0.009138,0.063517,0.063442,-0.063264,0.126706
2212.T,2021-04-28,2,streak_2,0.008276,0.002141,0.006135,0.037847,0.018159,0.019689,-0.052633,-0.006129,-0.046503,-0.088706,-0.041766,-0.04694
4751.T,2021-04-28,2,streak_2,0.022012,0.002141,0.01987,0.147798,0.018159,0.129639,0.139939,-0.006129,0.146069,0.046121,-0.041766,0.087887
5332.T,2021-04-28,3,streak_3,0.0,0.002141,-0.002141,-0.058158,0.018159,-0.076317,-0.048465,-0.006129,-0.042336,-0.033925,-0.041766,0.007841
5333.T,2021-04-28,3,streak_3,0.03546,0.002141,0.033319,0.050878,0.018159,0.032719,0.003083,-0.006129,0.009213,-0.032885,-0.041766,0.008881
7259.T,2021-04-28,3,streak_3,0.070688,0.002141,0.068547,0.110536,0.018159,0.092377,0.26349,-0.006129,0.269619,0.177377,-0.041766,0.219143
6503.T,2021-04-28,8,streak_5plus,0.009309,0.002141,0.007168,0.052763,0.018159,0.034604,0.049348,-0.006129,0.055478,-0.059592,-0.041766,-0.017826
6758.T,2021-04-28,4,streak_4,0.031442,0.002141,0.029301,-0.058512,0.018159,-0.07667,-0.054147,-0.006129,-0.048018,0.008737,-0.041766,0.050503
6028.T,2021-04-28,5,streak_5plus,-0.007018,0.002141,-0.009159,-0.009359,0.018159,-0.027517,-0.101755,-0.006129,-0.095626,-0.01959,-0.041766,0.022176
9719.T,2021-04-28,2,streak_2,0.003069,0.002141,0.000928,-0.02765,0.018159,-0.045809,-0.024581,-0.006129,-0.018452,0.03533,-0.041766,0.077096
6702.T,2021-04-28,2,streak_2,0.013148,0.002141,0.011007,0.049751,0.018159,0.031592,0.121092,-0.006129,0.127221,0.187424,-0.041766,0.22919
4205.T,2021-04-28,6,streak_5plus,0.0807,0.002141,0.078559,0.062498,0.018159,0.04434,-0.021846,-0.006129,-0.015717,-0.007893,-0.041766,0.033873
7282.T,2021-04-28,4,streak_4,0.012087,0.002141,0.009946,-0.00659,0.018159,-0.024749,0.023801,-0.006129,0.02993,-0.041741,-0.041766,2.5e-05
1959.T,2021-04-28,2,streak_2,0.003865,0.002141,0.001724,-0.018044,0.018159,-0.036202,-0.12629,-0.006129,-0.12016,0.010308,-0.041766,0.052074
9064.T,2021-04-28,2,streak_2,-0.010649,0.002141,-0.012791,0.033277,0.018159,0.015119,0.0,-0.006129,0.006129,0.071547,-0.041766,0.113313
6592.T,2021-04-28,3,streak_3,0.031149,0.002141,0.029008,-0.011124,0.018159,-0.029283,-0.051169,-0.006129,-0.045039,-0.055058,-0.041766,-0.013292
9509.T,2021-04-28,5,streak_5plus,0.002084,0.002141,-5.7e-05,0.114347,0.018159,0.096189,0.041581,-0.006129,0.04771,0.058204,-0.041766,0.09997
4927.T,2021-04-28,2,streak_2,-0.001152,0.002141,-0.003293,0.102959,0.018159,0.084801,0.089126,-0.006129,0.095255,0.022243,-0.041766,0.064009
8601.T,2021-04-28,2,streak_2,0.015848,0.002141,0.013706,0.113273,0.018159,0.095114,0.128946,-0.006129,0.135075,0.036876,-0.041766,0.078642
6981.T,2021-04-28,6,streak_5plus,0.016675,0.002141,0.014534,-0.019832,0.018159,-0.03799,-0.047999,-0.006129,-0.04187,0.038647,-0.041766,0.080413
6724.T,2021-04-28,3,streak_3,-0.004631,0.002141,-0.006772,-0.02676,0.018159,-0.044918,-0.006688,-0.006129,-0.000559,0.021621,-0.041766,0.063387
9503.T,2021-04-28,4,streak_4,0.023493,0.002141,0.021352,0.011517,0.018159,-0.006642,-0.039155,-0.006129,-0.033025,-0.030405,-0.041766,0.011361
3116.T,2021-04-28,3,streak_3,0.096082,0.002141,0.09394,0.143566,0.018159,0.125408,0.205414,-0.006129,0.211544,0.231916,-0.041766,0.273682
1944.T,2021-04-28,2,streak_2,-0.013624,0.002141,-0.015766,0.010355,0.018159,-0.007804,0.016348,-0.006129,0.022477,-0.001638,-0.041766,0.040128
8956.T,2021-04-29,3,streak_3,0.004334,-0.008312,0.012646,-0.012384,-0.015329,0.002946,-0.002477,-0.003711,0.001235,-0.020433,-0.048604,0.028171
3287.T,2021-04-29,3,streak_3,-0.010786,-0.008312,-0.002474,-0.01849,-0.015329,-0.003161,-0.004622,-0.003711,-0.000911,0.035439,-0.048604,0.084043
8975.T,2021-04-29,3,streak_3,0.008448,-0.008312,0.01676,0.009504,-0.015329,0.024833,0.032735,-0.003711,0.036446,0.033791,-0.048604,0.082395
1878.T,2021-04-30,5,streak_5plus,-0.008534,-0.008312,-0.000222,-0.03925,-0.015329,-0.023921,-0.004267,-0.003711,-0.000555,0.084469,-0.048604,0.133073
6770.T,2021-04-30,2,streak_2,0.020032,-0.008312,0.028344,-0.053154,-0.015329,-0.037824,-0.065481,-0.003711,-0.06177,-0.077809,-0.048604,-0.029205
9104.T,2021-04-30,4,streak_4,0.050238,-0.008312,0.058549,0.127992,-0.015329,0.143321,0.110044,-0.003711,0.113756,0.564586,-0.048604,0.61319
6920.T,2021-04-30,4,streak_4,-0.011753,-0.008312,-0.003441,-0.089933,-0.015329,-0.074604,0.096576,-0.003711,0.100288,0.084921,-0.048604,0.133525
2914.T,2021-04-30,6,streak_5plus,-0.00801,-0.008312,0.000301,0.043192,-0.015329,0.058522,0.050473,-0.003711,0.054184,0.101487,-0.048604,0.150091
9008.T,2021-04-30,2,streak_2,0.014286,-0.008312,0.022598,-0.012858,-0.015329,0.002472,-0.015715,-0.003711,-0.012003,-0.127142,-0.048604,-0.078538
8031.T,2021-04-30,6,streak_5plus,0.028574,-0.008312,0.036886,0.118998,-0.015329,0.134328,0.131049,-0.003711,0.13476,0.221244,-0.048604,0.269848
4626.T,2021-04-30,2,streak_2,-0.078397,-0.008312,-0.070085,-0.076662,-0.015329,-0.061332,-0.125438,-0.003711,-0.121726,-0.036584,-0.048604,0.01202
9143.T,2021-04-30,5,streak_5plus,0.02433,-0.008312,0.032642,0.003299,-0.015329,0.018628,-0.002885,-0.003711,0.000827,0.235464,-0.048604,0.284069
3064.T,2021-04-30,5,streak_5plus,0.009406,-0.008312,0.017718,-0.1335,-0.015329,-0.118171,-0.083214,-0.003711,-0.079503,-0.11639,-0.048604,-0.067786
9830.T,2021-04-30,2,streak_2,0.013643,-0.008312,0.021955,0.067484,-0.015329,0.082813,0.002155,-0.003711,0.005866,0.062644,-0.048604,0.111248
6301.T,2021-04-30,3,streak_3,-0.004351,-0.008312,0.003961,0.027026,-0.015329,0.042355,0.01553,-0.003711,0.019241,-0.148341,-0.048604,-0.099737
4922.T,2021-04-30,2,streak_2,0.029393,-0.008312,0.037705,-0.025641,-0.015329,-0.010312,0.103189,-0.003711,0.106901,-0.083177,-0.048604,-0.034573
5471.T,2021-04-30,3,streak_3,0.0963,-0.008312,0.104612,0.303705,-0.015329,0.319035,0.210578,-0.003711,0.214289,0.10476,-0.048604,0.153364
8282.T,2021-05-06,4,streak_4,-0.004021,0.018004,-0.022025,-0.092437,-0.023079,-0.069358,-0.13463,0.008525,-0.143155,-0.180845,-0.04264,-0.138205
6806.T,2021-05-06,4,streak_4,0.013211,0.018004,-0.004793,-0.151637,-0.023079,-0.128558,-0.074669,0.008525,-0.083195,-0.013211,-0.04264,0.029429
8002.T,2021-05-06,4,streak_4,0.025966,0.018004,0.007962,0.035322,-0.023079,0.058401,0.092776,0.008525,0.084251,0.03455,-0.04264,0.077189
7974.T,2021-05-06,6,streak_5plus,-0.017226,0.018004,-0.035231,-0.015633,-0.023079,0.007447,0.080236,0.008525,0.071711,-0.114372,-0.04264,-0.071732
2427.T,2021-05-06,2,streak_2,0.015471,0.018004,-0.002533,0.080904,-0.023079,0.103983,0.189175,0.008525,0.18065,0.113626,-0.04264,0.156266
9831.T,2021-05-06,4,streak_4,0.001842,0.018004,-0.016162,-0.001821,-0.023079,0.021258,-0.03491,0.008525,-0.043435,-0.073524,-0.04264,-0.030885
7733.T,2021-05-07,2,streak_2,-0.016663,0.000907,-0.017569,-0.112748,-0.06421,-0.048537,-0.018395,-0.013286,-0.005109,-0.004546,-0.054655,0.050109
4368.T,2021-05-07,5,streak_5plus,0.005026,0.000907,0.004119,-0.006282,-0.06421,0.057929,-0.021355,-0.013286,-0.008069,0.092965,-0.054655,0.147621
5201.T,2021-05-07,2,streak_2,0.019019,0.000907,0.018112,-0.023022,-0.06421,0.041188,-0.025025,-0.013286,-0.011739,0.002575,-0.054655,0.05723
5334.T,2021-05-07,4,streak_4,0.009599,0.000907,0.008692,-0.137525,-0.06421,-0.073315,-0.081023,-0.013286,-0.067737,-0.120468,-0.054655,-0.065813
7943.T,2021-05-07,7,streak_5plus,0.020282,0.000907,0.019375,-0.051481,-0.06421,0.012729,-0.107331,-0.013286,-0.094045,-0.051481,-0.054655,0.003174
5401.T,2021-05-07,2,streak_2,0.057083,0.000907,0.056176,0.079998,-0.06421,0.144208,-0.005352,-0.013286,0.007935,0.027078,-0.054655,0.081733
2282.T,2021-05-10,4,streak_4,-0.03593,0.005468,-0.041397,-0.055888,-0.043374,-0.012515,-0.101797,-0.011538,-0.090259,-0.174651,-0.052381,-0.12227
7951.T,2021-05-10,3,streak_3,0.057143,0.005468,0.051675,0.031931,-0.043374,0.075305,0.090762,-0.011538,0.1023,0.06891,-0.052381,0.12129
9519.T,2021-05-10,2,streak_2,-0.026357,0.005468,-0.031824,0.026357,-0.043374,0.06973,0.16124,-0.011538,0.172778,0.424806,-0.052381,0.477187
9101.T,2021-05-10,2,streak_2,-0.031796,0.005468,-0.037264,-0.053735,-0.043374,-0.010362,0.087716,-0.011538,0.099254,0.703947,-0.052381,0.756328
6752.T,2021-05-10,3,streak_3,0.016942,0.005468,0.011474,-0.042152,-0.043374,0.001221,-0.00118,-0.011538,0.010358,0.071712,-0.052381,0.124093
9107.T,2021-05-10,4,streak_4,-0.063603,0.005468,-0.06907,-0.180732,-0.043374,-0.137358,-0.036959,-0.011538,-0.025421,0.214505,-0.052381,0.266885
2802.T,2021-05-10,4,streak_4,0.015967,0.005468,0.0105,0.058837,-0.043374,0.10221,0.136915,-0.011538,0.148453,0.305775,-0.052381,0.358155
7729.T,2021-05-10,2,streak_2,0.007662,0.005468,0.002194,-0.015326,-0.043374,0.028048,0.06705,-0.011538,0.078588,-0.073755,-0.052381,-0.021374
4980.T,2021-05-10,2,streak_2,-0.04091,0.005468,-0.046377,-0.098905,-0.043374,-0.055531,0.091297,-0.011538,0.102835,0.124106,-0.052381,0.176487
4912.T,2021-05-10,3,streak_3,0.000493,0.005468,-0.004975,0.036295,-0.043374,0.079669,-0.063266,-0.011538,-0.051728,-0.099816,-0.052381,-0.047435
1414.T,2021-05-10,4,streak_4,0.019693,0.005468,0.014225,0.020787,-0.043374,0.06416,0.015317,-0.011538,0.026855,0.017446,-0.052381,0.069827
2607.T,2021-05-11,4,streak_4,-0.010203,-0.03082,0.020617,-0.000351,-0.057372,0.05702,-0.053132,-0.018794,-0.034337,-0.116817,-0.055226,-0.061591
3436.T,2021-05-11,2,streak_2,-0.053606,-0.03082,-0.022786,-0.075501,-0.057372,-0.018129,-0.030201,-0.018794,-0.011407,-0.060268,-0.055226,-0.005041
2897.T,2021-05-11,2,streak_2,0.031644,-0.03082,0.062464,0.010128,-0.057372,0.0675,-0.011392,-0.018794,0.007403,0.02152,-0.055226,0.076746
4502.T,2021-05-11,2,streak_2,-0.002144,-0.03082,0.028676,0.010189,-0.057372,0.067561,-0.007506,-0.018794,0.011288,-0.028684,-0.055226,0.026542
7735.T,2021-05-11,2,streak_2,-0.045107,-0.03082,-0.014287,-0.095011,-0.057372,-0.037639,0.016315,-0.018794,0.03511,0.014396,-0.055226,0.069622
4114.T,2021-05-11,2,streak_2,-0.006747,-0.03082,0.024073,-0.055646,-0.057372,0.001726,-0.079255,-0.018794,-0.060461,-0.040472,-0.055226,0.014755
4919.T,2021-05-11,2,streak_2,-0.025907,-0.03082,0.004913,0.04145,-0.057372,0.098822,0.105354,-0.018794,0.124148,0.134981,-0.055226,0.190207
6750.T,2021-05-11,3,streak_3,-0.03137,-0.03082,-0.00055,-0.101419,-0.057372,-0.044047,-0.097121,-0.018794,-0.078327,-0.238933,-0.055226,-0.183707
3289.T,2021-05-11,2,streak_2,-0.028009,-0.03082,0.002811,-0.007783,-0.057372,0.049588,0.12596,-0.018794,0.144754,-0.035774,-0.055226,0.019452
7211.T,2021-05-11,3,streak_3,-0.025709,-0.03082,0.005111,-0.009645,-0.057372,0.047727,0.025743,-0.018794,0.044538,-0.044999,-0.055226,0.010228
5406.T,2021-05-11,4,streak_4,-0.013161,-0.03082,0.017659,-0.168869,-0.057372,-0.111498,-0.216015,-0.018794,-0.197221,-0.247807,-0.055226,-0.19258
7532.T,2021-05-11,17,streak_5plus,-0.026266,-0.03082,0.004554,-0.086403,-0.057372,-0.029032,-0.037696,-0.018794,-0.018901,-0.02376,-0.055226,0.031466
4182.T,2021-05-11,5,streak_5plus,0.019121,-0.03082,0.049941,-0.053154,-0.057372,0.004218,-0.037855,-0.018794,-0.019061,-0.156021,-0.055226,-0.100794
6383.T,2021-05-11,4,streak_4,-0.040036,-0.03082,-0.009216,-0.165482,-0.057372,-0.10811,-0.175269,-0.018794,-0.156474,-0.115659,-0.055226,-0.060432
7832.T,2021-05-11,13,streak_5plus,-0.043379,-0.03082,-0.012559,-0.052774,-0.057372,0.004597,-0.02101,-0.018794,-0.002216,-0.077864,-0.055226,-0.022637
6622.T,2021-05-11,4,streak_4,-0.022312,-0.03082,0.008508,-0.030426,-0.057372,0.026946,0.022314,-0.018794,0.041108,0.024341,-0.055226,0.079567
4901.T,2021-05-12,4,streak_4,-0.015158,-0.016117,0.000959,0.010947,-0.007052,0.017999,0.074662,0.008816,0.065846,0.125473,-0.018808,0.144281
7203.T,2021-05-12,4,streak_4,0.02182,-0.016117,0.037937,0.057309,-0.007052,0.064361,0.187631,0.008816,0.178815,0.195659,-0.018808,0.214468
8804.T,2021-05-12,2,streak_2,-0.034323,-0.016117,-0.018207,0.011239,-0.007052,0.018291,0.032542,0.008816,0.023726,0.029006,-0.018808,0.047815
4506.T,2021-05-12,4,streak_4,-0.003127,-0.016117,0.01299,0.076081,-0.007052,0.083133,0.178218,0.008816,0.169402,-0.043252,-0.018808,-0.024443
9984.T,2021-05-12,4,streak_4,-0.034497,-0.016117,-0.01838,-0.090556,-0.007052,-0.083503,-0.150925,0.008816,-0.159741,-0.294173,-0.018808,-0.275365
9708.T,2021-05-12,5,streak_5plus,0.014295,-0.016117,0.030412,0.006351,-0.007052,0.013403,0.059317,0.008816,0.050501,0.018002,-0.018808,0.03681
5110.T,2021-05-12,4,streak_4,-0.012107,-0.016117,0.00401,0.031342,-0.007052,0.038394,0.080491,0.008816,0.071675,0.015927,-0.018808,0.034735
4202.T,2021-05-12,3,streak_3,0.031783,-0.016117,0.0479,-0.012482,-0.007052,-0.00543,0.036319,0.008816,0.027503,0.002268,-0.018808,0.021077
7220.T,2021-05-12,2,streak_2,-0.018871,-0.016117,-0.002754,0.189752,-0.007052,0.196804,0.346086,0.008816,0.337271,0.156329,-0.018808,0.175137
3099.T,2021-05-12,3,streak_3,-0.044809,-0.016117,-0.028692,0.020485,-0.007052,0.027537,0.130603,0.008816,0.121787,-0.012809,-0.018808,0.006
4523.T,2021-05-12,2,streak_2,-0.020599,-0.016117,-0.004482,-0.025537,-0.007052,-0.018485,0.517352,0.008816,0.508536,0.296134,-0.018808,0.314943
3626.T,2021-05-12,2,streak_2,-0.024677,-0.016117,-0.008561,-0.018602,-0.007052,-0.01155,0.047456,0.008816,0.03864,0.059986,-0.018808,0.078794
6674.T,2021-05-12,2,streak_2,-0.020146,-0.016117,-0.004029,0.014935,-0.007052,0.021987,0.062869,0.008816,0.054053,-0.074678,-0.018808,-0.05587
5947.T,2021-05-12,7,streak_5plus,-0.045416,-0.016117,-0.029299,-0.005451,-0.007052,0.001601,-0.052682,0.008816,-0.061498,-0.017259,-0.018808,0.00155
6701.T,2021-05-12,2,streak_2,-0.029226,-0.016117,-0.013109,-0.172077,-0.007052,-0.165025,-0.163959,0.008816,-0.172775,-0.074678,-0.018808,-0.05587
5232.T,2021-05-13,3,streak_3,-0.072342,-0.024857,-0.047485,-0.10213,-0.003661,-0.098469,-0.136171,0.028814,-0.164986,-0.11064,-0.004707,-0.105933
3407.T,2021-05-13,4,streak_4,0.051082,-0.024857,0.075939,0.05194,-0.003661,0.055601,0.096102,0.028814,0.067288,0.046745,-0.004707,0.051452
6055.T,2021-05-13,5,streak_5plus,-0.019199,-0.024857,0.005658,0.005005,-0.003661,0.008666,0.096822,0.028814,0.068008,0.091817,-0.004707,0.096524
3402.T,2021-05-13,2,streak_2,-0.01155,-0.024857,0.013306,-0.028649,-0.003661,-0.024988,0.099422,0.028814,0.070608,0.084362,-0.004707,0.089069
1605.T,2021-05-13,3,streak_3,-0.022553,-0.024857,0.002304,0.011276,-0.003661,0.014938,0.021302,0.028814,-0.007513,0.026093,-0.004707,0.0308
4552.T,2021-05-13,2,streak_2,-0.018394,-0.024857,0.006463,0.152377,-0.003661,0.156039,0.180149,0.028814,0.151334,0.040265,-0.004707,0.044972
3861.T,2021-05-13,2,streak_2,0.042754,-0.024857,0.06761,-0.071726,-0.003661,-0.068065,-0.100683,0.028814,-0.129498,-0.153111,-0.004707,-0.148404
4704.T,2021-05-13,2,streak_2,-0.005812,-0.024857,0.019044,0.056202,-0.003661,0.059863,0.083334,0.028814,0.05452,0.094962,-0.004707,0.099669
5233.T,2021-05-13,2,streak_2,-0.027232,-0.024857,-0.002375,-0.104264,-0.003661,-0.100603,-0.108204,0.028814,-0.137019,-0.053029,-0.004707,-0.048322
4183.T,2021-05-13,4,streak_4,0.053393,-0.024857,0.07825,-0.015873,-0.003661,-0.012212,0.099569,0.028814,0.070754,0.103896,-0.004707,0.108603
5021.T,2021-05-13,2,streak_2,-0.014784,-0.024857,0.010073,0.005759,-0.003661,0.009421,0.005759,0.028814,-0.023055,0.043549,-0.004707,0.048256
9005.T,2021-05-13,2,streak_2,-0.009334,-0.024857,0.015523,0.039482,-0.003661,0.043143,0.168699,0.028814,0.139885,0.091167,-0.004707,0.095874
6407.T,2021-05-13,6,streak_5plus,-0.05823,-0.024857,-0.033374,0.000879,-0.003661,0.00454,0.077936,0.028814,0.049122,0.026709,-0.004707,0.031416
7269.T,2021-05-13,5,streak_5plus,-0.018328,-0.024857,0.006529,0.069023,-0.003661,0.072685,0.139246,0.028814,0.110432,0.167578,-0.004707,0.172285
7988.T,2021-05-13,4,streak_4,0.046641,-0.024857,0.071497,0.019204,-0.003661,0.022865,0.10288,0.028814,0.074066,0.00823,-0.004707,0.012937
6856.T,2021-05-13,2,streak_2,-0.001359,-0.024857,0.023497,-0.069294,-0.003661,-0.065632,-0.002717,0.028814,-0.031531,0.087664,-0.004707,0.092371
6849.T,2021-05-13,4,streak_4,-0.028078,-0.024857,-0.003222,-0.021838,-0.003661,-0.018177,-0.00624,0.028814,-0.035055,0.087365,-0.004707,0.092072
7731.T,2021-05-13,2,streak_2,-0.021728,-0.024857,0.003129,0.061199,-0.003661,0.06486,0.195456,0.028814,0.166642,0.125368,-0.004707,0.130075
6976.T,2021-05-13,4,streak_4,-0.041259,-0.024857,-0.016403,-0.002171,-0.003661,0.001491,0.129207,0.028814,0.100393,0.285559,-0.004707,0.290266
6460.T,2021-05-13,4,streak_4,-0.092536,-0.024857,-0.067679,-0.101472,-0.003661,-0.097811,-0.077218,0.028814,-0.106033,-0.077218,-0.004707,-0.072511
9024.T,2021-05-13,2,streak_2,-0.025414,-0.024857,-0.000557,0.022786,-0.003661,0.026447,0.25767,0.028814,0.228855,0.106054,-0.004707,0.110761
8802.T,2021-05-13,5,streak_5plus,-0.013581,-0.024857,0.011275,-0.002773,-0.003661,0.000889,0.072083,0.028814,0.043269,-0.037705,-0.004707,-0.032998
2229.T,2021-05-13,2,streak_2,-0.00717,-0.024857,0.017687,-0.033575,-0.003661,-0.029914,-0.053189,0.028814,-0.082003,-0.024521,-0.004707,-0.019814
4005.T,2021-05-13,5,streak_5plus,0.0,-0.024857,0.024857,0.018993,-0.003661,0.022654,0.053529,0.028814,0.024715,-0.010369,-0.004707,-0.005662
3941.T,2021-05-13,4,streak_4,0.022835,-0.024857,0.047692,0.026097,-0.003661,0.029759,0.032609,0.028814,0.003795,0.025006,-0.004707,0.029713
6845.T,2021-05-14,2,streak_2,0.034567,0.023193,0.011374,0.016684,0.023696,-0.007012,0.047675,0.054681,-0.007006,0.077466,0.019284,0.058182
7181.T,2021-05-14,19,streak_5plus,0.01661,0.023193,-0.006583,0.058605,0.023696,0.034909,-0.017076,0.054681,-0.071757,-0.119522,0.019284,-0.138805
2502.T,2021-05-14,4,streak_4,0.01149,0.023193,-0.011703,0.059743,0.023696,0.036047,0.12659,0.054681,0.071909,0.061957,0.019284,0.042673
6472.T,2021-05-14,3,streak_3,0.0,0.023193,-0.023193,-0.024687,0.023696,-0.048383,-0.043203,0.054681,-0.097883,-0.163569,0.019284,-0.182853
8801.T,2021-05-14,2,streak_2,0.012923,0.023193,-0.010271,0.051499,0.023696,0.027804,0.124074,0.054681,0.069393,0.04963,0.019284,0.030346
3863.T,2021-05-14,2,streak_2,0.023787,0.023193,0.000594,-0.018026,0.023696,-0.041721,-0.087241,0.054681,-0.141921,-0.067778,0.019284,-0.087062
1925.T,2021-05-14,3,streak_3,0.001842,0.023193,-0.021351,-0.024569,0.023696,-0.048264,0.008291,0.054681,-0.04639,0.043304,0.019284,0.02402
7272.T,2021-05-14,3,streak_3,0.01793,0.023193,-0.005263,0.144941,0.023696,0.121246,0.206581,0.054681,0.1519,0.087058,0.019284,0.067775
6728.T,2021-05-14,2,streak_2,0.017447,0.023193,-0.005746,0.019627,0.023696,-0.004069,0.1494,0.054681,0.094719,0.27959,0.019284,0.260306
6273.T,2021-05-14,2,streak_2,0.031148,0.023193,0.007954,0.038197,0.023696,0.014501,0.036066,0.054681,-0.018615,0.168361,0.019284,0.149077
7261.T,2021-05-14,2,streak_2,0.011782,0.023193,-0.011411,0.032974,0.023696,0.009279,0.166071,0.054681,0.11139,0.199059,0.019284,0.179776
8253.T,2021-05-14,3,streak_3,0.031681,0.023193,0.008487,0.116166,0.023696,0.09247,0.141352,0.054681,0.086671,0.048742,0.019284,0.029458
6502.T,2021-05-14,2,streak_2,0.008949,0.023193,-0.014245,0.016779,0.023696,-0.006917,0.03915,0.054681,-0.015531,-0.023904,0.019284,-0.043188
7267.T,2021-05-14,4,streak_4,0.010021,0.023193,-0.013172,-0.000607,0.023696,-0.024302,0.088349,0.054681,0.033668,0.085002,0.019284,0.065718
3291.T,2021-05-14,2,streak_2,0.046607,0.023193,0.023414,0.120185,0.023696,0.09649,0.161402,0.054681,0.106721,0.021183,0.019284,0.0019
5108.T,2021-05-17,2,streak_2,0.005396,-0.009245,0.014641,0.030438,0.008309,0.022129,0.075344,0.038355,0.036989,0.116055,-0.019985,0.13604
2002.T,2021-05-17,5,streak_5plus,-0.008174,-0.009245,0.001071,-0.093189,0.008309,-0.101498,-0.094279,0.038355,-0.132634,-0.036513,-0.019985,-0.016527
6098.T,2021-05-17,5,streak_5plus,-0.029006,-0.009245,-0.019761,0.088641,0.008309,0.080332,0.140567,0.038355,0.102212,0.229413,-0.019985,0.249398
2269.T,2021-05-18,2,streak_2,0.005925,0.020917,-0.014992,0.016295,0.019394,-0.003099,0.038519,0.058095,-0.019576,-0.020741,-0.014386,-0.006355
3279.T,2021-05-30,3,streak_3,0.004028,-0.009921,0.013949,0.013092,-0.007127,0.020219,0.055388,-0.003473,0.058861,-0.037261,-0.046656,0.009395
8960.T,2021-05-30,3,streak_3,-0.003807,-0.009921,0.006114,0.003807,-0.007127,0.010934,0.031091,-0.003473,0.034565,0.015228,-0.046656,0.061884
8976.T,2021-05-30,3,streak_3,0.006468,-0.009921,0.016389,0.020699,-0.007127,0.027825,0.011643,-0.003473,0.015116,0.037516,-0.046656,0.084172
4369.T,2021-05-31,12,streak_5plus,-0.025531,-0.009921,-0.01561,0.070924,-0.007127,0.07805,-0.070921,-0.003473,-0.067447,-0.017022,-0.046656,0.029634
1928.T,2021-06-10,3,streak_3,-0.019714,0.003387,-0.023102,-0.007312,0.014906,-0.022218,-0.008419,-0.025734,0.017315,0.026824,0.039751,-0.012927
6966.T,2021-06-11,5,streak_5plus,-0.009185,-0.000339,-0.008845,0.318021,0.002064,0.315957,0.42824,-0.035159,0.463398,0.628019,0.049149,0.57887
8227.T,2021-06-28,4,streak_4,0.038229,-0.000625,0.038854,0.085514,-0.009733,0.095247,0.055332,-0.051074,0.106406,0.056501,0.016449,0.040052
8963.T,2021-06-29,3,streak_3,-0.003133,-0.008109,0.004976,-0.001973,-0.015486,0.013513,0.035163,-0.043569,0.078732,0.018916,0.01393,0.004986
3549.T,2021-07-01,5,streak_5plus,0.03086,-0.002935,0.033795,-0.067904,-0.014747,-0.053158,-0.087656,-0.035098,-0.052558,-0.07778,-0.01204,-0.06574
2678.T,2021-07-02,9,streak_5plus,-0.014622,0.002656,-0.017278,-0.065804,-0.020516,-0.045289,-0.082673,-0.037106,-0.045567,-0.108548,-0.030826,-0.077722
7453.T,2021-07-02,3,streak_3,0.001728,0.002656,-0.000927,-0.105443,-0.020516,-0.084927,-0.038894,-0.037106,-0.001788,0.019177,-0.030826,0.050003
8905.T,2021-07-06,4,streak_4,0.001142,0.001574,-0.000433,-0.0384,-0.00102,-0.03738,-0.052152,-0.030424,-0.021728,-0.060426,-0.032169,-0.028256
2809.T,2021-07-06,2,streak_2,0.018761,0.001574,0.017187,-0.007582,-0.00102,-0.006562,-0.013971,-0.030424,0.016453,0.013571,-0.032169,0.04574
8570.T,2021-07-07,3,streak_3,-0.023948,-0.009645,-0.014303,-0.013381,0.002614,-0.015995,-0.043666,-0.028739,-0.014927,0.105954,-0.020753,0.126707
6432.T,2021-07-08,5,streak_5plus,-0.019993,-0.008773,-0.011221,0.068494,0.008515,0.059979,0.011845,-0.016879,0.028724,-0.001481,0.004622,-0.006102
3349.T,2021-07-12,6,streak_5plus,0.018845,0.022498,-0.003653,0.121232,0.002243,0.11899,0.154523,0.00267,0.151853,0.123116,0.007153,0.115963
2670.T,2021-07-14,2,streak_2,-0.007754,-0.003816,-0.003938,-0.077518,-0.04631,-0.031208,-0.057366,-0.041608,-0.015758,-0.05788,0.012206,-0.070086
2002.T,2021-07-27,6,streak_5plus,0.001745,0.00492,-0.003174,0.021524,-0.001878,0.023402,0.043631,-0.003903,0.047534,0.05422,0.045721,0.008498
7211.T,2021-07-27,4,streak_4,0.025189,0.00492,0.02027,0.089928,-0.001878,0.091806,-0.01079,-0.003903,-0.006887,0.305725,0.045721,0.260004
8060.T,2021-07-27,5,streak_5plus,0.021376,0.00492,0.016456,-0.036145,-0.001878,-0.034267,-0.019819,-0.003903,-0.015915,-0.107655,0.045721,-0.153377
7309.T,2021-07-27,3,streak_3,0.011974,0.00492,0.007055,0.017433,-0.001878,0.019311,0.107589,-0.003903,0.111493,0.061455,0.045721,0.015733
5471.T,2021-07-28,4,streak_4,-0.016101,-0.013892,-0.002209,-0.066191,-0.011741,-0.054451,-0.11807,-0.008149,-0.109921,-0.12538,0.040329,-0.16571
4751.T,2021-07-28,3,streak_3,-0.01742,-0.013892,-0.003528,-0.100494,-0.011741,-0.088753,-0.109424,-0.008149,-0.101275,-0.118839,0.040329,-0.159168
7735.T,2021-07-28,3,streak_3,-0.027195,-0.013892,-0.013303,0.0659,-0.011741,0.077641,-0.033474,-0.008149,-0.025325,0.005231,0.040329,-0.035098
9008.T,2021-07-28,3,streak_3,-0.024962,-0.013892,-0.01107,-0.046802,-0.011741,-0.035061,-0.029642,-0.008149,-0.021493,-0.098395,0.040329,-0.138725
6807.T,2021-07-28,2,streak_2,-0.001096,-0.013892,0.012795,-0.029569,-0.011741,-0.017828,-0.121029,-0.008149,-0.11288,-0.069669,0.040329,-0.109998
6857.T,2021-07-28,4,streak_4,-0.034845,-0.013892,-0.020953,0.051742,-0.011741,0.063483,-0.026399,-0.008149,-0.01825,-0.030362,0.040329,-0.070692
7751.T,2021-07-28,4,streak_4,-0.017049,-0.013892,-0.003157,-0.008333,-0.011741,0.003407,-0.021027,-0.008149,-0.012878,-0.027656,0.040329,-0.067986
4307.T,2021-07-29,3,streak_3,0.002791,0.007279,-0.004488,0.034869,8.2e-05,0.034786,0.12692,0.002157,0.124764,0.271963,0.044901,0.227062
1878.T,2021-07-29,6,streak_5plus,0.016016,0.007279,0.008737,-0.038903,8.2e-05,-0.038985,-0.053394,0.002157,-0.05555,0.054143,0.044901,0.009242
6967.T,2021-07-29,3,streak_3,0.065597,0.007279,0.058318,-0.040159,8.2e-05,-0.040242,-0.060242,0.002157,-0.062398,0.21434,0.044901,0.16944
6971.T,2021-07-29,2,streak_2,0.006263,0.007279,-0.001016,-0.019518,8.2e-05,-0.0196,-0.025491,0.002157,-0.027648,-0.021561,0.044901,-0.066462
6861.T,2021-07-29,2,streak_2,0.017368,0.007279,0.01009,0.085965,8.2e-05,0.085883,0.134211,0.002157,0.132054,0.145904,0.044901,0.101003
6752.T,2021-07-29,4,streak_4,0.018101,0.007279,0.010822,0.003396,8.2e-05,0.003314,-0.03959,0.002157,-0.041747,0.131293,0.044901,0.086392
6503.T,2021-07-29,9,streak_5plus,0.007052,0.007279,-0.000227,0.013769,8.2e-05,0.013687,-0.006041,0.002157,-0.008198,0.061042,0.044901,0.016142
4980.T,2021-07-29,3,streak_3,-0.007277,0.007279,-0.014556,-0.004296,8.2e-05,-0.004378,-0.1357,0.002157,-0.137857,0.022659,0.044901,-0.022242
6504.T,2021-07-29,2,streak_2,0.025642,0.007279,0.018363,-0.022681,8.2e-05,-0.022763,-0.078894,0.002157,-0.081051,-0.012143,0.044901,-0.057044
6702.T,2021-07-29,3,streak_3,0.028266,0.007279,0.020988,-0.057293,8.2e-05,-0.057375,-0.00404,0.002157,-0.006197,0.014231,0.044901,-0.030669
9697.T,2021-07-29,2,streak_2,0.004897,0.007279,-0.002382,-0.001628,8.2e-05,-0.00171,-0.016312,0.002157,-0.018468,0.108892,0.044901,0.063991
6981.T,2021-07-29,7,streak_5plus,0.015627,0.007279,0.008348,0.028794,8.2e-05,0.028712,-0.007811,0.002157,-0.009968,-0.036781,0.044901,-0.081681
1959.T,2021-07-29,3,streak_3,-0.002639,0.007279,-0.009918,0.006596,8.2e-05,0.006513,0.023747,0.002157,0.021591,-0.049661,0.044901,-0.094562
9001.T,2021-07-29,2,streak_2,-0.021314,0.007279,-0.028593,-0.020267,8.2e-05,-0.02035,0.020965,0.002157,0.018808,-0.007512,0.044901,-0.052412
3092.T,2021-07-29,6,streak_5plus,0.020739,0.007279,0.01346,0.154064,8.2e-05,0.153982,0.235804,0.002157,0.233648,0.271789,0.044901,0.226888
8601.T,2021-07-29,3,streak_3,-0.001729,0.007279,-0.009008,0.017738,8.2e-05,0.017656,0.070953,0.002157,0.068796,0.160498,0.044901,0.115597
9532.T,2021-07-29,4,streak_4,0.005388,0.007279,-0.001891,0.018617,8.2e-05,0.018535,0.010776,0.002157,0.00862,-0.078074,0.044901,-0.122974
3249.T,2021-07-30,4,streak_4,-0.003761,-0.017955,0.014194,0.056417,-0.001954,0.058372,0.044194,0.000247,0.043946,-0.019746,0.039963,-0.059709
5929.T,2021-07-30,2,streak_2,-0.006749,-0.017955,0.011206,0.078019,-0.001954,0.079973,0.068271,0.000247,0.068024,0.004577,0.039963,-0.035386
6641.T,2021-07-30,2,streak_2,-0.028244,-0.017955,-0.010289,-0.012977,-0.001954,-0.011023,-0.056488,0.000247,-0.056736,0.086965,0.039963,0.047002
3269.T,2021-07-30,4,streak_4,-0.011905,-0.017955,0.00605,-0.001323,-0.001954,0.000632,0.006614,0.000247,0.006366,-0.010582,0.039963,-0.050545
8967.T,2021-07-30,2,streak_2,-0.014815,-0.017955,0.00314,0.028148,-0.001954,0.030103,0.053333,0.000247,0.053086,0.008889,0.039963,-0.031074
2327.T,2021-07-30,2,streak_2,-0.027972,-0.017955,-0.010017,0.019579,-0.001954,0.021534,0.041958,0.000247,0.041711,0.076335,0.039963,0.036372
7988.T,2021-07-30,5,streak_5plus,-0.016303,-0.017955,0.001652,-0.006792,-0.001954,-0.004838,-0.05163,0.000247,-0.051878,-0.006314,0.039963,-0.046277
4368.T,2021-07-30,6,streak_5plus,-0.018704,-0.017955,-0.000749,0.084787,-0.001954,0.086741,0.133417,0.000247,0.13317,0.307842,0.039963,0.267879
3116.T,2021-07-30,4,streak_4,-0.034664,-0.017955,-0.016709,-0.065821,-0.001954,-0.063867,-0.097852,0.000247,-0.0981,-0.02761,0.039963,-0.067573
8957.T,2021-07-30,4,streak_4,-0.000979,-0.017955,0.016976,-0.015663,-0.001954,-0.013709,-0.028879,0.000247,-0.029126,-0.064611,0.039963,-0.104574
9104.T,2021-07-30,5,streak_5plus,0.123266,-0.017955,0.141221,0.36978,-0.001954,0.371735,0.638172,0.000247,0.637924,0.475034,0.039963,0.435071
4502.T,2021-07-30,3,streak_3,-0.019699,-0.017955,-0.001744,-0.036472,-0.001954,-0.034518,-0.024228,0.000247,-0.024475,-0.126291,0.039963,-0.166255
9508.T,2021-07-30,2,streak_2,-0.009541,-0.017955,0.008414,-0.004764,-0.001954,-0.002809,0.017905,0.000247,0.017657,-0.01931,0.039963,-0.059273
6806.T,2021-07-30,5,streak_5plus,-0.018607,-0.017955,-0.000652,0.037816,-0.001954,0.03977,0.114046,0.000247,0.113799,0.14945,0.039963,0.109486
5332.T,2021-07-30,4,streak_4,-0.013985,-0.017955,0.00397,0.031469,-0.001954,0.033424,0.047204,0.000247,0.046957,-0.031373,0.039963,-0.071336
5334.T,2021-07-30,5,streak_5plus,-0.00248,-0.017955,0.015475,0.025483,-0.001954,0.027438,0.057802,0.000247,0.057555,0.156588,0.039963,0.116625
5333.T,2021-07-30,4,streak_4,-0.0219,-0.017955,-0.003945,0.031439,-0.001954,0.033393,0.014593,0.000247,0.014346,0.078633,0.039963,0.03867
2802.T,2021-07-30,5,streak_5plus,-0.016587,-0.017955,0.001368,0.045886,-0.001954,0.047841,0.130254,0.000247,0.130007,0.220157,0.039963,0.180194
6501.T,2021-07-30,2,streak_2,-0.023859,-0.017955,-0.005904,-0.049758,-0.001954,-0.047803,-0.037589,0.000247,-0.037836,0.031228,0.039963,-0.008735
4568.T,2021-07-30,7,streak_5plus,-0.029654,-0.017955,-0.0117,-0.100873,-0.001954,-0.098919,0.143116,0.000247,0.142869,0.294028,0.039963,0.254065
9433.T,2021-07-30,2,streak_2,-0.025729,-0.017955,-0.007774,-0.021635,-0.001954,-0.019681,-0.004681,0.000247,-0.004928,0.065161,0.039963,0.025198
7261.T,2021-07-30,3,streak_3,0.015152,-0.017955,0.033107,-0.048296,-0.001954,-0.046341,-0.098488,0.000247,-0.098735,-0.03504,0.039963,-0.075004
2914.T,2021-07-30,7,streak_5plus,-0.0088,-0.017955,0.009155,-0.01042,-0.001954,-0.008466,-0.010887,0.000247,-0.011134,0.035434,0.039963,-0.004529
2427.T,2021-07-30,3,streak_3,-0.035236,-0.017955,-0.017281,-0.181734,-0.001954,-0.179779,-0.170144,0.000247,-0.170392,0.008804,0.039963,-0.031159
9143.T,2021-07-30,6,streak_5plus,-0.014757,-0.017955,0.003198,0.027833,-0.001954,0.029788,0.001339,0.000247,0.001092,-0.038315,0.039963,-0.078278
3064.T,2021-07-30,6,streak_5plus,-0.028948,-0.017955,-0.010993,-0.047859,-0.001954,-0.045905,-0.083365,0.000247,-0.083612,-0.004244,0.039963,-0.044207
4205.T,2021-07-30,7,streak_5plus,0.000669,-0.017955,0.018624,0.093414,-0.001954,0.095369,-0.02285,0.000247,-0.023097,-0.085987,0.039963,-0.12595
7943.T,2021-07-30,8,streak_5plus,-0.017496,-0.017955,0.000459,0.042884,-0.001954,0.044838,0.087479,0.000247,0.087231,0.136362,0.039963,0.096399
6301.T,2021-07-30,4,streak_4,-0.013428,-0.017955,0.004527,-0.051962,-0.001954,-0.050008,-0.071315,0.000247,-0.071563,0.049683,0.039963,0.00972
3282.T,2021-07-30,2,streak_2,-0.025035,-0.017955,-0.00708,-0.01669,-0.001954,-0.014735,-0.002782,0.000247,-0.003029,-0.076495,0.039963,-0.116458
6472.T,2021-07-30,4,streak_4,-0.050994,-0.017955,-0.033039,-0.098643,-0.001954,-0.096689,-0.149637,0.000247,-0.149885,-0.163241,0.039963,-0.203204
9202.T,2021-07-30,2,streak_2,-0.0087,-0.017955,0.009255,-0.040408,-0.001954,-0.038453,0.028812,0.000247,0.028564,0.025912,0.039963,-0.014052
6724.T,2021-07-30,4,streak_4,-0.003193,-0.017955,0.014762,0.081294,-0.001954,0.083248,0.060041,0.000247,0.059793,0.091114,0.039963,0.051151
7259.T,2021-07-30,4,streak_4,-0.064615,-0.017955,-0.04666,-0.07203,-0.001954,-0.070076,-0.116524,0.000247,-0.116771,-0.102722,0.039963,-0.142685
6701.T,2021-07-30,3,streak_3,-0.043185,-0.017955,-0.02523,-0.008637,-0.001954,-0.006683,-0.012092,0.000247,-0.012339,0.013428,0.039963,-0.026535
2282.T,2021-08-02,5,streak_5plus,0.021518,0.018232,0.003286,-0.06342,0.019662,-0.083082,-0.033975,0.029534,-0.06351,-0.073614,0.086622,-0.160235
8282.T,2021-08-02,5,streak_5plus,0.028658,0.018232,0.010426,-0.083657,0.019662,-0.103319,-0.066616,0.029534,-0.096151,-0.059335,0.086622,-0.145957
2810.T,2021-08-02,2,streak_2,0.035243,0.018232,0.017011,-0.016154,0.019662,-0.035816,0.036711,0.029534,0.007176,-0.01993,0.086622,-0.106551
4547.T,2021-08-02,6,streak_5plus,0.025836,0.018232,0.007604,0.024502,0.019662,0.00484,0.078842,0.029534,0.049308,0.059825,0.086622,-0.026797
4768.T,2021-08-02,2,streak_2,0.04218,0.018232,0.023949,-0.024607,0.019662,-0.044269,0.001758,0.029534,-0.027776,-0.033394,0.086622,-0.120015
4626.T,2021-08-02,3,streak_3,0.093255,0.018232,0.075023,0.109125,0.019662,0.089463,0.184525,0.029534,0.154991,0.253719,0.086622,0.167098
7729.T,2021-08-03,3,streak_3,-0.003108,-0.00501,0.001902,0.015543,0.003856,0.011687,0.0114,0.024117,-0.012718,0.014464,0.062629,-0.048164
2212.T,2021-08-03,3,streak_3,-0.003892,-0.00501,0.001118,0.054512,0.003856,0.050656,0.164179,0.024117,0.140062,0.121999,0.062629,0.05937
4739.T,2021-08-03,2,streak_2,0.021336,-0.00501,0.026346,-0.044097,0.003856,-0.047954,-0.007114,0.024117,-0.031231,0.074008,0.062629,0.01138
4202.T,2021-08-03,4,streak_4,0.012809,-0.00501,0.017819,-0.058694,0.003856,-0.06255,-0.04909,0.024117,-0.073207,-0.064555,0.062629,-0.127184
6326.T,2021-08-03,2,streak_2,0.000431,-0.00501,0.005441,-0.039894,0.003856,-0.04375,-0.013651,0.024117,-0.037768,0.048006,0.062629,-0.014623
8002.T,2021-08-03,5,streak_5plus,0.042433,-0.00501,0.047443,-0.061818,0.003856,-0.065674,-0.071562,0.024117,-0.095679,0.09528,0.062629,0.032652
8031.T,2021-08-03,7,streak_5plus,0.065856,-0.00501,0.070866,0.019096,0.003856,0.015239,-0.04677,0.024117,-0.070887,0.016052,0.062629,-0.046577
9142.T,2021-08-03,2,streak_2,-0.018544,-0.00501,-0.013534,0.016071,0.003856,0.012215,0.021012,0.024117,-0.003105,0.074167,0.062629,0.011538
5802.T,2021-08-03,2,streak_2,-0.00959,-0.00501,-0.00458,-0.06929,0.003856,-0.073146,-0.084441,0.024117,-0.108559,-0.059201,0.062629,-0.12183
5401.T,2021-08-03,3,streak_3,-0.011271,-0.00501,-0.006261,0.069366,0.003856,0.065509,0.103414,0.024117,0.079297,0.043676,0.062629,-0.018952
9101.T,2021-08-04,3,streak_3,0.054794,-0.002095,0.056889,0.196347,0.015508,0.180838,0.337899,0.032615,0.305284,0.216052,0.077873,0.13818
7267.T,2021-08-04,5,streak_5plus,-0.006716,-0.002095,-0.004621,0.021846,0.015508,0.006337,-0.064687,0.032615,-0.097302,0.00065,0.077873,-0.077223
4921.T,2021-08-04,2,streak_2,-0.020834,-0.002095,-0.01874,0.098213,0.015508,0.082705,0.119048,0.032615,0.086433,0.085302,0.077873,0.007429
3110.T,2021-08-04,2,streak_2,-0.034582,-0.002095,-0.032487,-0.034582,0.015508,-0.05009,0.025937,0.032615,-0.006678,0.068316,0.077873,-0.009556
7203.T,2021-08-04,5,streak_5plus,-0.008455,-0.002095,-0.00636,-0.008156,0.015508,-0.023664,-0.040276,0.032615,-0.072891,0.037849,0.077873,-0.040024
6758.T,2021-08-04,5,streak_5plus,-0.032327,-0.002095,-0.030233,-0.029269,0.015508,-0.044777,0.013543,0.032615,-0.019072,0.225659,0.077873,0.147786
7951.T,2021-08-04,4,streak_4,0.003261,-0.002095,0.005356,0.050493,0.015508,0.034985,0.117266,0.032615,0.084651,0.087959,0.077873,0.010086
8113.T,2021-08-04,2,streak_2,-0.001555,-0.002095,0.000539,0.058256,0.015508,0.042748,0.081166,0.032615,0.048551,0.01067,0.077873,-0.067202
3402.T,2021-08-04,3,streak_3,-0.025507,-0.002095,-0.023413,0.008955,0.015508,-0.006553,0.036674,0.032615,0.00406,0.062654,0.077873,-0.015218
9107.T,2021-08-04,5,streak_5plus,-0.031296,-0.002095,-0.029201,0.055334,0.015508,0.039826,0.277967,0.032615,0.245352,0.246671,0.077873,0.168798
4912.T,2021-08-04,4,streak_4,-0.011327,-0.002095,-0.009232,-0.064335,0.015508,-0.079843,-0.028309,0.032615,-0.060924,-0.034998,0.077873,-0.112871
4523.T,2021-08-04,3,streak_3,-0.024876,-0.002095,-0.022782,0.006796,0.015508,-0.008713,0.001097,0.032615,-0.031518,-0.065563,0.077873,-0.143436
6849.T,2021-08-04,5,streak_5plus,-0.002891,-0.002095,-0.000797,-0.010126,0.015508,-0.025634,0.072364,0.032615,0.039749,0.076254,0.077873,-0.001619
2607.T,2021-08-05,5,streak_5plus,0.012308,0.005227,0.007081,-0.006357,0.015628,-0.021985,0.013899,0.055981,-0.042083,0.093717,0.073508,0.020209
5110.T,2021-08-05,5,streak_5plus,0.00755,0.005227,0.002322,-0.03363,0.015628,-0.049259,-0.072756,0.055981,-0.128737,-0.000685,0.073508,-0.074193
6383.T,2021-08-05,5,streak_5plus,0.01003,0.005227,0.004803,-0.011034,0.015628,-0.026662,0.052158,0.055981,-0.003823,0.095738,0.073508,0.02223
6965.T,2021-08-05,2,streak_2,-0.003189,0.005227,-0.008416,-0.019139,0.015628,-0.034768,0.066987,0.055981,0.011006,0.122804,0.073508,0.049296
7733.T,2021-08-05,3,streak_3,0.019503,0.005227,0.014276,-0.001994,0.015628,-0.017623,0.057182,0.055981,0.001201,0.110815,0.073508,0.037307
3436.T,2021-08-05,3,streak_3,0.008151,0.005227,0.002923,-0.115251,0.015628,-0.130879,-0.058983,0.055981,-0.114964,-0.061698,0.073508,-0.135207
9519.T,2021-08-05,3,streak_3,-0.049595,0.005227,-0.054822,-0.09413,0.015628,-0.109758,-0.140688,0.055981,-0.19667,0.087045,0.073508,0.013536
3626.T,2021-08-05,3,streak_3,-0.006196,0.005227,-0.011423,-0.052668,0.015628,-0.068297,0.094663,0.055981,0.038681,0.080294,0.073508,0.006786
2801.T,2021-08-05,5,streak_5plus,0.099259,0.005227,0.094032,0.065186,0.015628,0.049557,0.333336,0.055981,0.277355,0.372506,0.073508,0.298997
2229.T,2021-08-05,3,streak_3,0.017177,0.005227,0.01195,0.00976,0.015628,-0.005869,0.091759,0.055981,0.035778,0.130027,0.073508,0.056519
4114.T,2021-08-05,3,streak_3,0.001886,0.005227,-0.003342,0.103578,0.015628,0.087949,0.112998,0.055981,0.057017,0.090937,0.073508,0.017429
6740.T,2021-08-05,2,streak_2,-0.029412,0.005227,-0.034639,0.029412,0.015628,0.013783,0.147059,0.055981,0.091078,0.0,0.073508,-0.073508
5021.T,2021-08-05,3,streak_3,0.007915,0.005227,0.002688,-0.043314,0.015628,-0.058943,-0.1499,0.055981,-0.205881,-0.131823,0.073508,-0.205331
4183.T,2021-08-05,5,streak_5plus,0.012786,0.005227,0.007559,0.086648,0.015628,0.071019,0.08949,0.055981,0.033509,-0.046312,0.073508,-0.11982
6753.T,2021-08-05,2,streak_2,0.004184,0.005227,-0.001044,-0.071773,0.015628,-0.087401,-0.136366,0.055981,-0.192347,-0.189596,0.073508,-0.263105
7220.T,2021-08-05,3,streak_3,-0.001731,0.005227,-0.006959,-0.063175,0.015628,-0.078804,-0.131545,0.055981,-0.187526,-0.146359,0.073508,-0.219867
7272.T,2021-08-05,4,streak_4,0.011277,0.005227,0.006049,0.071633,0.015628,0.056004,0.022912,0.055981,-0.033069,0.123634,0.073508,0.050125
7269.T,2021-08-05,6,streak_5plus,-0.004662,0.005227,-0.009889,0.087099,0.015628,0.071471,0.066043,0.055981,0.010062,0.211086,0.073508,0.137577
2206.T,2021-08-05,2,streak_2,-0.006053,0.005227,-0.01128,0.012106,0.015628,-0.003522,0.024212,0.055981,-0.031769,0.015739,0.073508,-0.057769
5406.T,2021-08-05,5,streak_5plus,0.024445,0.005227,0.019217,-0.032616,0.015628,-0.048244,-0.023103,0.055981,-0.079084,-0.129036,0.073508,-0.202544
7974.T,2021-08-05,7,streak_5plus,0.01747,0.005227,0.012243,-0.056916,0.015628,-0.072544,-0.021613,0.055981,-0.077595,-0.077193,0.073508,-0.150701
7731.T,2021-08-05,3,streak_3,0.008617,0.005227,0.00339,0.090913,0.015628,0.075285,0.155976,0.055981,0.099994,0.161371,0.073508,0.087863
7832.T,2021-08-05,14,streak_5plus,0.012105,0.005227,0.006877,0.035895,0.015628,0.020267,0.111991,0.055981,0.05601,0.320871,0.073508,0.247362
6976.T,2021-08-05,5,streak_5plus,0.003534,0.005227,-0.001693,0.045936,0.015628,0.030307,0.190814,0.055981,0.134832,0.030562,0.073508,-0.042946
9684.T,2021-08-05,2,streak_2,-0.013534,0.005227,-0.018762,0.043996,0.015628,0.028368,0.086296,0.055981,0.030315,0.101949,0.073508,0.028441
6674.T,2021-08-05,3,streak_3,-0.026261,0.005227,-0.031489,-0.034281,0.015628,-0.04991,-0.041943,0.055981,-0.097924,-0.089312,0.073508,-0.162821
8252.T,2021-08-05,2,streak_2,-0.00742,0.005227,-0.012647,0.054586,0.015628,0.038957,0.087441,0.055981,0.031459,0.24497,0.073508,0.171462
6622.T,2021-08-05,5,streak_5plus,0.006,0.005227,0.000773,0.0,0.015628,-0.015628,-0.021999,0.055981,-0.07798,-0.05249,0.073508,-0.125998
9831.T,2021-08-05,5,streak_5plus,0.007929,0.005227,0.002702,-0.011905,0.015628,-0.027533,-0.041656,0.055981,-0.097638,-0.130955,0.073508,-0.204464
3407.T,2021-08-06,5,streak_5plus,-0.004581,0.003315,-0.007896,-0.002087,0.008981,-0.011068,-0.036239,0.069663,-0.105902,-0.0112,0.064159,-0.075358
8801.T,2021-08-06,3,streak_3,0.001158,0.003315,-0.002157,-0.028379,0.008981,-0.03736,0.037262,0.069663,-0.032401,0.042009,0.064159,-0.02215
6465.T,2021-08-06,2,streak_2,0.010696,0.003315,0.007381,0.058823,0.008981,0.049842,0.141177,0.069663,0.071514,0.035294,0.064159,-0.028865
6460.T,2021-08-06,5,streak_5plus,0.046756,0.003315,0.043441,-0.003485,0.008981,-0.012466,0.087234,0.069663,0.017571,0.298808,0.064159,0.234649
2432.T,2021-08-06,5,streak_5plus,0.00405,0.003315,0.000735,0.011648,0.008981,0.002667,0.033417,0.069663,-0.036246,0.096709,0.064159,0.03255
6920.T,2021-08-06,5,streak_5plus,-0.015917,0.003315,-0.019232,-0.071851,0.008981,-0.080832,0.251478,0.069663,0.181815,0.249431,0.064159,0.185272
4919.T,2021-08-06,3,streak_3,0.023257,0.003315,0.019942,0.126246,0.008981,0.117265,0.106313,0.069663,0.03665,0.136213,0.064159,0.072054
2501.T,2021-08-06,2,streak_2,-0.010758,0.003315,-0.014073,-0.02648,0.008981,-0.035462,0.027303,0.069663,-0.04236,0.016549,0.064159,-0.04761
4536.T,2021-08-06,11,streak_5plus,-0.006669,0.003315,-0.009984,0.083335,0.008981,0.074354,0.123335,0.069663,0.053672,0.09913,0.064159,0.034971
4578.T,2021-08-06,2,streak_2,0.011973,0.003315,0.008658,0.078978,0.008981,0.069997,0.12641,0.069663,0.056747,0.03592,0.064159,-0.028239
8253.T,2021-08-06,4,streak_4,0.00231,0.003315,-0.001005,-0.007688,0.008981,-0.016669,-0.0146,0.069663,-0.084263,0.091471,0.064159,0.027312
4182.T,2021-08-06,6,streak_5plus,-0.013441,0.003315,-0.016757,-0.067187,0.008981,-0.076168,-0.016908,0.069663,-0.086571,-0.044481,0.064159,-0.10864
5947.T,2021-08-06,8,streak_5plus,0.020057,0.003315,0.016742,0.052528,0.008981,0.043547,0.191019,0.069663,0.121356,0.158373,0.064159,0.094214
3291.T,2021-08-10,3,streak_3,0.013176,0.002448,0.010728,0.011624,-0.01067,0.022294,0.100773,0.075345,0.025428,0.010207,0.05267,-0.042463
8804.T,2021-08-10,3,streak_3,-0.00836,0.002448,-0.010809,-0.00119,-0.01067,0.00948,0.04421,0.075345,-0.031135,-0.02688,0.05267,-0.07955
2502.T,2021-08-10,5,streak_5plus,-0.001404,0.002448,-0.003852,0.013226,-0.01067,0.023897,0.077555,0.075345,0.002209,0.015029,0.05267,-0.03764
5108.T,2021-08-10,3,streak_3,0.019432,0.002448,0.016984,0.062265,-0.01067,0.072935,0.111576,0.075345,0.036231,0.052237,0.05267,-0.000433
6856.T,2021-08-10,3,streak_3,0.005069,0.002448,0.002621,0.013941,-0.01067,0.024612,0.013941,0.075345,-0.061404,-0.015209,0.05267,-0.067879
4527.T,2021-08-10,2,streak_2,0.009896,0.002448,0.007448,0.072606,-0.01067,0.083277,0.173268,0.075345,0.097923,0.128668,0.05267,0.075998
9984.T,2021-08-10,5,streak_5plus,0.00901,0.002448,0.006562,-0.039143,-0.01067,-0.028472,0.025555,0.075345,-0.049791,0.008882,0.05267,-0.043787
3769.T,2021-08-10,2,streak_2,0.014739,0.002448,0.01229,-0.033898,-0.01067,-0.023228,0.106853,0.075345,0.031508,0.096878,0.05267,0.044208
6028.T,2021-08-10,6,streak_5plus,0.022878,0.002448,0.02043,-0.027234,-0.01067,-0.016563,0.147424,0.075345,0.072079,0.240015,0.05267,0.187346
1979.T,2021-08-10,2,streak_2,0.007116,0.002448,0.004668,-0.035562,-0.01067,-0.024892,0.029874,0.075345,-0.045471,-0.061343,0.05267,-0.114013
6728.T,2021-08-10,3,streak_3,0.003579,0.002448,0.00113,0.039358,-0.01067,0.050028,0.139535,0.075345,0.06419,0.220036,0.05267,0.167367
1414.T,2021-08-10,5,streak_5plus,0.003271,0.002448,0.000823,0.055615,-0.01067,0.066285,0.101418,0.075345,0.026073,0.055615,0.05267,0.002945
4593.T,2021-08-10,2,streak_2,-0.026637,0.002448,-0.029085,0.244728,-0.01067,0.255398,0.395117,0.075345,0.319771,-0.076027,0.05267,-0.128696
5105.T,2021-08-10,2,streak_2,0.017329,0.002448,0.01488,0.030069,-0.01067,0.040739,0.04689,0.075345,-0.028455,-0.005096,0.05267,-0.057766
6407.T,2021-08-11,7,streak_5plus,-0.004215,0.006539,-0.010754,-0.061972,-0.016624,-0.045348,0.088536,0.082224,0.006312,0.008109,0.043697,-0.035588
6273.T,2021-08-11,3,streak_3,0.014986,0.006539,0.008447,-0.009222,-0.016624,0.007402,0.114697,0.082224,0.032474,0.015682,0.043697,-0.028015
7181.T,2021-08-11,20,streak_5plus,0.007165,0.006539,0.000626,-0.023028,-0.016624,-0.006404,0.066531,0.082224,-0.015693,-0.063541,0.043697,-0.107238
9005.T,2021-08-11,3,streak_3,0.013776,0.006539,0.007237,-0.037372,-0.016624,-0.020748,-0.005243,0.082224,-0.087467,0.107987,0.043697,0.06429
4553.T,2021-08-12,4,streak_4,-0.010158,-0.001977,-0.008181,0.03962,-0.017264,0.056884,0.100575,0.069024,0.031551,0.004317,0.043011,-0.038694
4704.T,2021-08-12,3,streak_3,0.0,-0.001977,0.001977,0.015929,-0.017264,0.033193,0.106195,0.069024,0.037171,0.153983,0.043011,0.110972
4385.T,2021-08-12,4,streak_4,0.003273,-0.001977,0.00525,-0.116203,-0.017264,-0.098939,-0.026187,0.069024,-0.09521,0.11293,0.043011,0.069918
9064.T,2021-08-12,3,streak_3,-0.009447,-0.001977,-0.00747,-0.10551,-0.017264,-0.088246,-0.091338,0.069024,-0.160362,-0.125917,0.043011,-0.168929
6098.T,2021-08-12,6,streak_5plus,-0.006712,-0.001977,-0.004735,0.049216,-0.017264,0.066479,0.163482,0.069024,0.094458,0.344793,0.043011,0.301781
9069.T,2021-08-12,3,streak_3,0.011345,-0.001977,0.013322,-0.023623,-0.017264,-0.006359,-0.025521,0.069024,-0.094545,-0.058492,0.043011,-0.101503
6502.T,2021-08-12,3,streak_3,-0.04086,-0.001977,-0.038883,-0.025806,-0.017264,-0.008543,0.030107,0.069024,-0.038916,0.070477,0.043011,0.027465
7936.T,2021-08-13,2,streak_2,0.022599,-0.001352,0.023951,-0.055173,-0.026195,-0.028978,0.031026,0.084484,-0.053458,0.103835,0.056932,0.046903
5020.T,2021-08-13,2,streak_2,-0.038063,-0.001352,-0.036711,-0.11102,-0.026195,-0.084825,-0.057407,0.084484,-0.141891,-0.031124,0.056932,-0.088057
4901.T,2021-08-13,5,streak_5plus,0.004152,-0.001352,0.005504,0.120611,-0.026195,0.146806,0.211886,0.084484,0.127401,0.179627,0.056932,0.122695
7762.T,2021-08-13,2,streak_2,0.009202,-0.001352,0.010554,0.076032,-0.026195,0.102227,0.188929,0.084484,0.104445,0.193306,0.056932,0.136374
8035.T,2021-08-16,2,streak_2,0.009663,-0.016226,0.025889,-0.035056,-0.034453,-0.000603,0.244269,0.088294,0.155975,0.323453,0.064326,0.259127
8984.T,2021-08-30,3,streak_3,0.049756,0.00536,0.044396,0.062404,0.053796,0.008608,0.045013,0.068852,-0.023839,0.02288,0.006534,0.016345
3466.T,2021-08-30,2,streak_2,-0.00055,0.00536,-0.00591,0.009732,0.053796,-0.044063,-0.021629,0.068852,-0.090481,-0.037567,0.006534,-0.044101
3226.T,2021-08-30,2,streak_2,-0.004406,0.00536,-0.009766,-0.026695,0.053796,-0.080491,-0.062358,0.068852,-0.131211,-0.078704,0.006534,-0.085238
8954.T,2021-08-30,4,streak_4,0.005575,0.00536,0.000215,-0.019124,0.053796,-0.072919,-0.003498,0.068852,-0.07235,-0.090194,0.006534,-0.096729
3481.T,2021-08-30,2,streak_2,0.001474,0.00536,-0.003886,0.005334,0.053796,-0.048462,-0.040977,0.068852,-0.10983,-0.087288,0.006534,-0.093823
8968.T,2021-08-30,3,streak_3,-0.000893,0.00536,-0.006253,-0.027521,0.053796,-0.081317,-0.058033,0.068852,-0.126885,-0.094646,0.006534,-0.101181
4369.T,2021-08-31,13,streak_5plus,0.011545,0.010799,0.000746,0.049064,0.067308,-0.018244,-0.021645,0.059857,-0.081502,0.075037,0.005266,0.069772
1928.T,2021-09-09,4,streak_4,-0.017287,-0.005738,-0.01155,0.023342,0.010951,0.012392,0.023994,-0.055769,0.079763,0.024209,-0.057766,0.081974
2678.T,2021-09-16,10,streak_5plus,-0.00797,-0.006174,-0.001796,-0.00569,-0.008616,0.002926,-0.077403,-0.048716,-0.028687,-0.124561,-0.06444,-0.060121
8227.T,2021-09-27,5,streak_5plus,0.015167,-0.000294,0.015461,-0.01801,-0.048853,0.030843,-0.109005,-0.054495,-0.05451,-0.098577,-0.048472,-0.050105
8961.T,2021-09-29,3,streak_3,-0.002339,-0.021192,0.018854,-0.029736,-0.078248,0.048512,-0.013699,-0.03597,0.022271,-0.051788,-0.036934,-0.014854
8986.T,2021-09-29,4,streak_4,-0.010817,-0.021192,0.010376,-0.053559,-0.078248,0.024689,-0.007327,-0.03597,0.028643,0.026692,-0.036934,0.063626
9843.T,2021-09-30,2,streak_2,0.004088,-0.003101,0.00719,-0.051316,-0.068217,0.016901,-0.056995,-0.024512,-0.032482,-0.204586,-0.021575,-0.183011
2809.T,2021-10-04,3,streak_3,0.001504,-0.011337,0.012841,-0.051603,-0.025104,-0.026498,-0.04181,0.030442,-0.072253,-0.041191,0.018446,-0.059638
8905.T,2021-10-05,5,streak_5plus,-0.020386,-0.021894,0.001508,-0.009901,0.001869,-0.01177,-0.016893,0.037828,-0.054721,-0.022717,0.031193,-0.05391
8570.T,2021-10-06,4,streak_4,0.016992,-0.01054,0.027532,0.083518,0.014677,0.068841,0.023357,0.070888,-0.047531,-0.099075,0.023931,-0.123006
8267.T,2021-10-06,2,streak_2,-0.007842,-0.01054,0.002698,-0.062815,0.014677,-0.077492,-0.0348,0.070888,-0.105688,-0.034077,0.023931,-0.058008
2651.T,2021-10-07,2,streak_2,-0.01275,0.005425,-0.018175,-0.025499,0.02221,-0.047709,0.074681,0.075655,-0.000974,-0.023679,0.034498,-0.058177
6432.T,2021-10-07,6,streak_5plus,-0.005942,0.005425,-0.011367,0.05626,0.02221,0.03405,0.194532,0.075655,0.118876,0.133915,0.034498,0.099417
2670.T,2021-10-13,3,streak_3,0.001651,-0.003194,0.004846,-0.049672,0.034894,-0.084565,-0.079472,0.037102,-0.116574,-0.144039,-0.003761,-0.140278
9983.T,2021-10-14,2,streak_2,0.018591,0.014593,0.003998,0.055353,0.039633,0.015721,0.064299,0.052227,0.012072,-0.09002,0.006867,-0.096887
4519.T,2021-10-22,2,streak_2,-0.009285,0.003353,-0.012638,0.095176,0.003884,0.091292,0.075058,0.037115,0.037942,-0.034474,-0.054945,0.020471
8953.T,2021-10-25,3,streak_3,0.008679,-0.007097,0.015776,0.007715,0.003049,0.004665,-0.03568,0.017282,-0.052962,-0.109933,-0.06227,-0.047663
8060.T,2021-10-25,6,streak_5plus,-0.004362,-0.007097,0.002735,-0.106346,0.003049,-0.109395,-0.071823,0.017282,-0.089105,-0.090244,-0.06227,-0.027974
6967.T,2021-10-26,4,streak_4,0.003893,0.017673,-0.01378,0.233465,0.036591,0.196874,0.390404,0.031423,0.358981,0.188069,-0.084968,0.273037
4733.T,2021-10-26,2,streak_2,0.012154,0.017673,-0.005519,-0.006944,0.036591,-0.043535,-0.093749,0.031423,-0.125173,-0.300347,-0.084968,-0.215379
6305.T,2021-10-26,2,streak_2,0.013139,0.017673,-0.004534,0.09489,0.036591,0.058298,0.048174,0.031423,0.016751,-0.169341,-0.084968,-0.084374
7309.T,2021-10-26,4,streak_4,-0.001656,0.017673,-0.019329,0.081815,0.036591,0.045224,0.050348,0.031423,0.018924,-0.175316,-0.084968,-0.090349
4307.T,2021-10-27,4,streak_4,0.007184,-0.000262,0.007446,0.12455,0.01426,0.110291,0.171257,-0.012171,0.183428,-0.068263,-0.082063,0.0138
4063.T,2021-10-27,2,streak_2,0.022845,-0.000262,0.023107,0.042865,0.01426,0.028605,-0.011293,-0.012171,0.000877,-0.024896,-0.082063,0.057167
6807.T,2021-10-27,3,streak_3,-0.002964,-0.000262,-0.002702,0.087029,0.01426,0.072769,0.062758,-0.012171,0.074929,0.064534,-0.082063,0.146597
7735.T,2021-10-27,4,streak_4,0.003133,-0.000262,0.003394,0.144051,0.01426,0.129791,0.199373,-0.012171,0.211544,0.126305,-0.082063,0.208368
5334.T,2021-10-27,6,streak_5plus,0.009269,-0.000262,0.009531,0.081691,0.01426,0.067431,0.137311,-0.012171,0.149482,0.113555,-0.082063,0.195619
6501.T,2021-10-27,3,streak_3,0.00074,-0.000262,0.001002,-0.001181,0.01426,-0.015441,0.046047,-0.012171,0.058218,-0.107304,-0.082063,-0.025241
7741.T,2021-10-28,2,streak_2,-0.026027,-0.009559,-0.016468,0.031521,0.023924,0.007598,0.038751,-0.027985,0.066736,-0.146616,-0.072041,-0.074576
6504.T,2021-10-28,3,streak_3,-0.016831,-0.009559,-0.007272,0.144555,0.023924,0.120631,0.192079,-0.027985,0.220064,0.205941,-0.072041,0.277982
3549.T,2021-10-28,6,streak_5plus,0.0,-0.009559,0.009559,0.044121,0.023924,0.020197,-0.012961,-0.027985,0.015025,-0.085281,-0.072041,-0.01324
1878.T,2021-10-28,7,streak_5plus,-0.012364,-0.009559,-0.002805,0.0,0.023924,-0.023924,-0.096004,-0.027985,-0.068018,-0.047276,-0.072041,0.024764
6861.T,2021-10-28,3,streak_3,-0.00821,-0.009559,0.001349,0.124829,0.023924,0.100906,0.075262,-0.027985,0.103248,-0.114642,-0.072041,-0.042601
6752.T,2021-10-28,5,streak_5plus,-0.010336,-0.009559,-0.000777,-0.065331,0.023924,-0.089254,-0.151333,-0.027985,-0.123348,-0.165001,-0.072041,-0.09296
8473.T,2021-10-28,2,streak_2,-0.003729,-0.009559,0.00583,0.000341,0.023924,-0.023583,0.006445,-0.027985,0.034431,-0.002708,-0.072041,0.069333
2002.T,2021-10-28,7,streak_5plus,-0.001664,-0.009559,0.007895,-0.002212,0.023924,-0.026136,-0.077561,-0.027985,-0.049575,-0.109143,-0.072041,-0.037102
7205.T,2021-10-28,2,streak_2,-0.006167,-0.009559,0.003392,-0.019383,0.023924,-0.043307,-0.147137,-0.027985,-0.119151,-0.129515,-0.072041,-0.057474
1959.T,2021-10-28,4,streak_4,0.0,-0.009559,0.009559,0.009846,0.023924,-0.014077,-0.043599,-0.027985,-0.015613,-0.178621,-0.072041,-0.10658
9509.T,2021-10-28,6,streak_5plus,-0.025488,-0.009559,-0.015929,-0.08039,0.023924,-0.104314,-0.072538,-0.027985,-0.044552,-0.021562,-0.072041,0.050479
6301.T,2021-10-28,5,streak_5plus,-0.019194,-0.009559,-0.009635,0.034042,0.023924,0.010118,-0.118661,-0.027985,-0.090675,-0.063421,-0.072041,0.00862
9962.T,2021-10-28,2,streak_2,-0.011375,-0.009559,-0.001816,0.015511,0.023924,-0.008413,-0.009309,-0.027985,0.018677,-0.234747,-0.072041,-0.162706
6641.T,2021-10-29,3,streak_3,0.006443,0.002519,0.003923,0.033644,0.027463,0.006181,0.014317,-0.03464,0.048957,0.040086,-0.060431,0.100517
7988.T,2021-10-29,6,streak_5plus,-0.033335,0.002519,-0.035854,-0.038666,0.027463,-0.066129,-0.167999,-0.03464,-0.133359,-0.121334,-0.060431,-0.060903
2175.T,2021-10-29,2,streak_2,-0.012289,0.002519,-0.014808,0.055867,0.027463,0.028405,-0.05363,-0.03464,-0.01899,-0.331173,-0.060431,-0.270743
9104.T,2021-10-29,6,streak_5plus,0.094799,0.002519,0.092279,0.021406,0.027463,-0.006057,-0.006122,-0.03464,0.028518,0.418958,-0.060431,0.479389
4368.T,2021-10-29,7,streak_5plus,-0.011364,0.002519,-0.013883,-0.079546,0.027463,-0.107009,-0.106061,-0.03464,-0.071421,-0.097538,-0.060431,-0.037108
5332.T,2021-10-29,5,streak_5plus,-0.028268,0.002519,-0.030787,-0.060071,0.027463,-0.087534,-0.111307,-0.03464,-0.076666,-0.170495,-0.060431,-0.110064
6981.T,2021-10-29,8,streak_5plus,0.008742,0.002519,0.006223,0.000114,0.027463,-0.027349,-0.023083,-0.03464,0.011557,0.032988,-0.060431,0.093419
2331.T,2021-10-29,2,streak_2,-0.024104,0.002519,-0.026623,-0.028117,0.027463,-0.05558,-0.028117,-0.03464,0.006523,-0.165664,-0.060431,-0.105234
2492.T,2021-10-29,2,streak_2,-0.000897,0.002519,-0.003416,0.165614,0.027463,0.138151,-0.076509,-0.03464,-0.041869,-0.400844,-0.060431,-0.340413
4062.T,2021-10-29,2,streak_2,0.007397,0.002519,0.004878,0.020711,0.027463,-0.006752,0.045859,-0.03464,0.080499,-0.079881,-0.060431,-0.019451
4568.T,2021-10-29,8,streak_5plus,0.016307,0.002519,0.013788,-0.016482,0.027463,-0.043945,0.00124,-0.03464,0.03588,-0.12726,-0.060431,-0.066829
2229.T,2021-10-29,4,streak_4,0.079042,0.002519,0.076523,0.063971,0.027463,0.036509,-0.063238,-0.03464,-0.028598,-0.070222,-0.060431,-0.009791
6028.T,2021-10-29,7,streak_5plus,-0.013604,0.002519,-0.016123,-0.058503,0.027463,-0.085966,-0.151018,-0.03464,-0.116378,-0.191576,-0.060431,-0.131146
9143.T,2021-10-29,7,streak_5plus,-0.017242,0.002519,-0.019761,-0.05655,0.027463,-0.084013,-0.134484,-0.03464,-0.099843,-0.179998,-0.060431,-0.119568
7947.T,2021-10-29,2,streak_2,-0.002583,0.002519,-0.005102,-0.009033,0.027463,-0.036496,-0.033549,-0.03464,0.001091,-0.135485,-0.060431,-0.075055
5929.T,2021-10-29,3,streak_3,-0.039886,0.002519,-0.042405,-0.062366,0.027463,-0.089829,-0.120375,-0.03464,-0.085734,-0.129807,-0.060431,-0.069376
5333.T,2021-10-29,5,streak_5plus,0.012303,0.002519,0.009784,0.023539,0.027463,-0.003924,-0.038525,-0.03464,-0.003885,-0.02515,-0.060431,0.03528
5938.T,2021-10-29,2,streak_2,-0.058292,0.002519,-0.060812,-0.058292,0.027463,-0.085755,-0.101774,-0.03464,-0.067133,-0.182608,-0.060431,-0.122178
2914.T,2021-10-29,8,streak_5plus,-0.003785,0.002519,-0.006304,0.051693,0.027463,0.02423,0.013149,-0.03464,0.047789,0.058573,-0.060431,0.119003
6201.T,2021-10-29,2,streak_2,-0.014285,0.002519,-0.016804,-0.004081,0.027463,-0.031544,-0.048979,-0.03464,-0.014339,-0.103061,-0.060431,-0.04263
6724.T,2021-10-29,5,streak_5plus,0.007463,0.002519,0.004944,-0.002982,0.027463,-0.030445,-0.090003,-0.03464,-0.055363,-0.115863,-0.060431,-0.055433
3287.T,2021-10-30,4,streak_4,-0.004038,0.026105,-0.030143,0.014805,0.021266,-0.006461,-0.144011,-0.033125,-0.110886,-0.115747,-0.047039,-0.068708
8975.T,2021-10-30,4,streak_4,-0.008111,0.026105,-0.034216,0.013905,0.021266,-0.007361,-0.002318,-0.033125,0.030808,-0.03708,-0.047039,0.009959
2282.T,2021-11-01,6,streak_5plus,0.021222,0.026105,-0.004883,0.016228,0.021266,-0.005038,-0.04994,-0.033125,-0.016815,0.112357,-0.047039,0.159397
4523.T,2021-11-01,4,streak_4,0.019558,0.026105,-0.006547,0.035878,0.021266,0.014612,-0.155351,-0.033125,-0.122226,-0.267224,-0.047039,-0.220184
6806.T,2021-11-01,6,streak_5plus,0.035281,0.026105,0.009177,-0.002106,0.021266,-0.023372,-0.004213,-0.033125,0.028912,-0.077936,-0.047039,-0.030897
4091.T,2021-11-01,3,streak_3,0.018992,0.026105,-0.007113,0.009683,0.021266,-0.011583,-0.080448,-0.033125,-0.047323,-0.138549,-0.047039,-0.09151
4980.T,2021-11-01,4,streak_4,0.018277,0.026105,-0.007828,0.429499,0.021266,0.408233,0.457786,-0.033125,0.490911,0.418625,-0.047039,0.465665
6971.T,2021-11-01,3,streak_3,0.02014,0.026105,-0.005965,0.074381,0.021266,0.053115,0.03291,-0.033125,0.066035,0.045534,-0.047039,0.092573
4739.T,2021-11-01,3,streak_3,0.051532,0.026105,0.025427,0.044567,0.021266,0.023301,0.036209,-0.033125,0.069334,-0.169639,-0.047039,-0.1226
6622.T,2021-11-02,6,streak_5plus,-0.013347,-0.004251,-0.009096,-0.053389,-0.012198,-0.041192,-0.107803,-0.063871,-0.043932,-0.148871,-0.081142,-0.067729
8002.T,2021-11-02,6,streak_5plus,0.033537,-0.004251,0.037788,0.028455,-0.012198,0.040653,0.016057,-0.063871,0.079927,0.237805,-0.081142,0.318947
4689.T,2021-11-02,2,streak_2,0.020895,-0.004251,0.025146,0.132287,-0.012198,0.144484,0.026181,-0.063871,0.090052,-0.175149,-0.081142,-0.094007
3861.T,2021-11-02,3,streak_3,-0.015592,-0.004251,-0.011341,-0.008662,-0.012198,0.003535,-0.04333,-0.063871,0.02054,0.04333,-0.081142,0.124473
7729.T,2021-11-02,4,streak_4,0.002083,-0.004251,0.006334,0.102082,-0.012198,0.11428,0.017707,-0.063871,0.081577,-0.01146,-0.081142,0.069683
6925.T,2021-11-02,2,streak_2,0.015871,-0.004251,0.020122,0.086578,-0.012198,0.098776,-0.029345,-0.063871,0.034526,-0.135165,-0.081142,-0.054022
8056.T,2021-11-02,2,streak_2,-0.006137,-0.004251,-0.001886,0.050612,-0.012198,0.06281,-0.021475,-0.063871,0.042396,-0.033745,-0.081142,0.047398
8031.T,2021-11-02,8,streak_5plus,-0.040111,-0.004251,-0.03586,-0.067667,-0.012198,-0.05547,-0.047796,-0.063871,0.016075,0.078724,-0.081142,0.159867
5401.T,2021-11-02,4,streak_4,-0.018505,-0.004251,-0.014254,-0.062583,-0.012198,-0.050385,-0.155861,-0.063871,-0.09199,-0.070886,-0.081142,0.010257
9831.T,2021-11-04,6,streak_5plus,0.01149,0.009264,0.002226,-0.004606,-0.014028,0.009422,-0.091973,-0.050518,-0.041455,-0.105766,-0.07049,-0.035276
5384.T,2021-11-04,2,streak_2,0.026426,0.009264,0.017162,0.033377,-0.014028,0.047405,0.040333,-0.050518,0.090851,-0.07371,-0.07049,-0.003221
8282.T,2021-11-04,6,streak_5plus,0.002521,0.009264,-0.006743,-0.003364,-0.014028,0.010664,-0.044577,-0.050518,0.005941,0.015134,-0.07049,0.085623
8591.T,2021-11-04,2,streak_2,-0.007781,0.009264,-0.017045,-0.0175,-0.014028,-0.003472,-0.01167,-0.050518,0.038848,0.060703,-0.07049,0.131193
9766.T,2021-11-04,2,streak_2,-0.007886,0.009264,-0.01715,-0.001578,-0.014028,0.01245,-0.045742,-0.050518,0.004776,0.083596,-0.07049,0.154086
9519.T,2021-11-04,4,streak_4,-0.070717,0.009264,-0.079981,0.051793,-0.014028,0.065821,0.039841,-0.050518,0.090359,-0.694422,-0.07049,-0.623933
3436.T,2021-11-04,4,streak_4,0.032432,0.009264,0.023169,0.080398,-0.014028,0.094426,0.13933,-0.050518,0.189848,-0.012443,-0.07049,0.058047
2802.T,2021-11-04,6,streak_5plus,0.017839,0.009264,0.008575,0.023393,-0.014028,0.037421,0.001463,-0.050518,0.051981,-0.041226,-0.07049,0.029264
6753.T,2021-11-04,3,streak_3,0.008227,0.009264,-0.001036,-0.015711,-0.014028,-0.001683,-0.04862,-0.050518,0.001898,-0.069563,-0.07049,0.000926
4477.T,2021-11-04,2,streak_2,-0.039615,0.009264,-0.048878,-0.08137,-0.014028,-0.067342,-0.265525,-0.050518,-0.215007,-0.508565,-0.07049,-0.438076
7211.T,2021-11-04,5,streak_5plus,0.032693,0.009264,0.02343,0.027254,-0.014028,0.041282,-0.043601,-0.050518,0.006917,-0.125334,-0.07049,-0.054845
8053.T,2021-11-04,2,streak_2,0.014668,0.009264,0.005404,-0.008862,-0.014028,0.005166,-0.029941,-0.050518,0.020576,0.112129,-0.07049,0.182619
9107.T,2021-11-04,6,streak_5plus,-0.086418,0.009264,-0.095681,-0.079367,-0.014028,-0.065339,0.082904,-0.050518,0.133422,0.20282,-0.07049,0.27331
4901.T,2021-11-04,6,streak_5plus,0.047852,0.009264,0.038589,0.005401,-0.014028,0.019429,-0.030322,-0.050518,0.020195,-0.155143,-0.07049,-0.084654
4543.T,2021-11-04,2,streak_2,0.023051,0.009264,0.013787,-0.055447,-0.014028,-0.041419,-0.081879,-0.050518,-0.031361,-0.155605,-0.07049,-0.085116
7731.T,2021-11-04,4,streak_4,0.035053,0.009264,0.025789,-0.075696,-0.014028,-0.061668,-0.039042,-0.050518,0.011476,0.05338,-0.07049,0.12387
5301.T,2021-11-04,2,streak_2,0.01612,0.009264,0.006856,-0.130287,-0.014028,-0.116259,-0.20416,-0.050518,-0.153642,-0.188207,-0.07049,-0.117718
7203.T,2021-11-04,6,streak_5plus,0.007324,0.009264,-0.001939,-0.020751,-0.014028,-0.006723,0.015141,-0.050518,0.065659,0.112065,-0.07049,0.182554
9101.T,2021-11-04,4,streak_4,-0.081079,0.009264,-0.090343,-0.106933,-0.014028,-0.092905,-0.041129,-0.050518,0.009389,0.151585,-0.07049,0.222074
6951.T,2021-11-05,2,streak_2,-0.011867,-0.006135,-0.005732,-0.020497,-0.017336,-0.003161,-0.06904,-0.062663,-0.006377,-0.325782,-0.085436,-0.240347
4182.T,2021-11-05,7,streak_5plus,-0.050608,-0.006135,-0.044473,-0.087806,-0.017336,-0.07047,-0.173013,-0.062663,-0.11035,-0.076993,-0.085436,0.008443
2810.T,2021-11-05,3,streak_3,-0.004558,-0.006135,0.001577,-0.083587,-0.017336,-0.066251,-0.114284,-0.062663,-0.051621,-0.112157,-0.085436,-0.026721
4626.T,2021-11-05,4,streak_4,-0.004909,-0.006135,0.001227,0.042556,-0.017336,0.059892,0.029461,-0.062663,0.092124,0.052374,-0.085436,0.13781
3407.T,2021-11-05,6,streak_5plus,-0.05356,-0.006135,-0.047424,-0.046561,-0.017336,-0.029225,-0.077048,-0.062663,-0.014385,-0.080344,-0.085436,0.005091
3110.T,2021-11-05,3,streak_3,-0.005425,-0.006135,0.000711,-0.089552,-0.017336,-0.072216,-0.200812,-0.062663,-0.138149,-0.202442,-0.085436,-0.117006
1332.T,2021-11-05,2,streak_2,0.04093,-0.006135,0.047065,-0.02206,-0.017336,-0.004724,-0.072451,-0.062663,-0.009788,-0.181101,-0.085436,-0.095666
7267.T,2021-11-05,6,streak_5plus,-0.030989,-0.006135,-0.024854,-0.079596,-0.017336,-0.06226,-0.093807,-0.062663,-0.031144,-0.032697,-0.085436,0.052739
7270.T,2021-11-05,2,streak_2,-0.025517,-0.006135,-0.019382,-0.054556,-0.017336,-0.03722,-0.099868,-0.062663,-0.037205,-0.114608,-0.085436,-0.029172
7943.T,2021-11-05,9,streak_5plus,-0.022622,-0.006135,-0.016487,-0.078429,-0.017336,-0.061093,-0.117947,-0.062663,-0.055284,-0.210256,-0.085436,-0.12482
5947.T,2021-11-05,9,streak_5plus,0.027348,-0.006135,0.033484,0.046154,-0.017336,0.06349,-0.06923,-0.062663,-0.006567,-0.135897,-0.085436,-0.050461
6976.T,2021-11-05,6,streak_5plus,-0.01695,-0.006135,-0.010815,0.037287,-0.017336,0.054623,0.035593,-0.062663,0.098256,-0.10339,-0.085436,-0.017954
7733.T,2021-11-05,4,streak_4,-0.01841,-0.006135,-0.012275,0.025851,-0.017336,0.043187,-0.059931,-0.062663,0.002732,-0.113594,-0.085436,-0.028158
4183.T,2021-11-05,6,streak_5plus,-0.052933,-0.006135,-0.046798,-0.061517,-0.017336,-0.044181,-0.103004,-0.062663,-0.040341,-0.130186,-0.085436,-0.04475
2801.T,2021-11-05,6,streak_5plus,-0.040412,-0.006135,-0.034277,-0.031088,-0.017336,-0.013752,-0.110879,-0.062663,-0.048216,-0.091192,-0.085436,-0.005756
3626.T,2021-11-05,4,streak_4,-0.012636,-0.006135,-0.006501,0.030017,-0.017336,0.047353,0.061611,-0.062663,0.124274,-0.128278,-0.085436,-0.042842
4202.T,2021-11-05,5,streak_5plus,-0.019227,-0.006135,-0.013092,-0.067867,-0.017336,-0.050531,-0.082573,-0.062663,-0.01991,-0.009042,-0.085436,0.076394
2206.T,2021-11-05,3,streak_3,-0.0071,-0.006135,-0.000964,-0.075741,-0.017336,-0.058405,-0.138462,-0.062663,-0.075799,-0.096794,-0.085436,-0.011358
7701.T,2021-11-05,2,streak_2,-0.009433,-0.006135,-0.003297,0.002097,-0.017336,0.019433,0.017819,-0.062663,0.080482,-0.136269,-0.085436,-0.050833
8113.T,2021-11-05,3,streak_3,-0.003078,-0.006135,0.003058,0.02662,-0.017336,0.043955,0.05545,-0.062663,0.118113,-0.027361,-0.085436,0.058075
5411.T,2021-11-05,2,streak_2,-0.0484,-0.006135,-0.042265,-0.178957,-0.017336,-0.161621,-0.224535,-0.062663,-0.161872,-0.136189,-0.085436,-0.050753
4912.T,2021-11-05,5,streak_5plus,-0.009068,-0.006135,-0.002933,-0.028803,-0.017336,-0.011467,-0.151467,-0.062663,-0.088804,-0.186886,-0.085436,-0.101451
7936.T,2021-11-05,3,streak_3,0.001022,-0.006135,0.007157,-0.009537,-0.017336,0.007798,-0.060986,-0.062663,0.001677,-0.181254,-0.085436,-0.095819
8801.T,2021-11-05,4,streak_4,0.009107,-0.006135,0.015243,-0.0353,-0.017336,-0.017964,-0.067559,-0.062663,-0.004896,-0.054271,-0.085436,0.031165
8410.T,2021-11-05,4,streak_4,-0.00411,-0.006135,0.002026,-0.037182,-0.017336,-0.019846,-0.028914,-0.062663,0.033749,0.049608,-0.085436,0.135044
9684.T,2021-11-05,3,streak_3,0.020466,-0.006135,0.026602,0.028343,-0.017336,0.045679,-0.050397,-0.062663,0.012266,-0.066146,-0.085436,0.01929
3291.T,2021-11-08,4,streak_4,-0.000347,-0.003527,0.003181,-0.098531,-5.4e-05,-0.098476,-0.091193,-0.039038,-0.052156,-0.149894,-0.078586,-0.071308
5713.T,2021-11-08,2,streak_2,0.009794,-0.003527,0.013322,0.030518,-5.4e-05,0.030572,0.011387,-0.039038,0.050425,0.2348,-0.078586,0.313386
4061.T,2021-11-08,2,streak_2,-0.025135,-0.003527,-0.021607,-0.041007,-5.4e-05,-0.040953,-0.01852,-0.039038,0.020517,-0.091271,-0.078586,-0.012685
4185.T,2021-11-08,2,streak_2,-0.02439,-0.003527,-0.020863,-0.001161,-5.4e-05,-0.001107,-0.01626,-0.039038,0.022778,-0.186992,-0.078586,-0.108406
7202.T,2021-11-08,2,streak_2,0.008224,-0.003527,0.011751,0.049365,-5.4e-05,0.04942,-0.018986,-0.039038,0.020052,-0.068991,-0.078586,0.009595
6055.T,2021-11-08,6,streak_5plus,-0.033495,-0.003527,-0.029967,-0.08134,-5.4e-05,-0.081286,0.029902,-0.039038,0.06894,-0.09151,-0.078586,-0.012924
8331.T,2021-11-08,5,streak_5plus,0.002799,-0.003527,0.006327,0.0014,-5.4e-05,0.001454,-0.027899,-0.039038,0.011139,0.117162,-0.078586,0.195748
7272.T,2021-11-08,5,streak_5plus,-0.012944,-0.003527,-0.009417,0.025888,-5.4e-05,0.025942,-0.029777,-0.039038,0.009261,-0.076364,-0.078586,0.002222
6448.T,2021-11-08,2,streak_2,-0.029934,-0.003527,-0.026406,-0.037532,-5.4e-05,-0.037478,-0.06613,-0.039038,-0.027092,0.010724,-0.078586,0.08931
4536.T,2021-11-08,12,streak_5plus,-0.025667,-0.003527,-0.02214,-0.057906,-5.4e-05,-0.057852,-0.144474,-0.039038,-0.105436,-0.207163,-0.078586,-0.128577
6460.T,2021-11-08,6,streak_5plus,0.077372,-0.003527,0.0809,0.10844,-5.4e-05,0.108494,0.111369,-0.039038,0.150407,0.209257,-0.078586,0.287843
7458.T,2021-11-08,2,streak_2,0.007214,-0.003527,0.010741,0.021636,-5.4e-05,0.02169,-0.085334,-0.039038,-0.046296,-0.138222,-0.078586,-0.059636
7013.T,2021-11-09,2,streak_2,-0.037554,-0.007517,-0.030037,-0.068752,0.00914,-0.077892,-0.179965,-0.02191,-0.158055,-0.085592,-0.06532,-0.020272
8308.T,2021-11-09,2,streak_2,-0.013492,-0.007517,-0.005975,0.026524,0.00914,0.017385,0.005954,-0.02191,0.027864,0.248454,-0.06532,0.313774
2607.T,2021-11-09,6,streak_5plus,-0.017307,-0.007517,-0.009789,-0.050812,0.00914,-0.059952,-0.137706,-0.02191,-0.115796,-0.196613,-0.06532,-0.131293
9613.T,2021-11-09,2,streak_2,-0.032354,-0.007517,-0.024836,0.05966,0.00914,0.050521,0.020586,-0.02191,0.042496,-0.060087,-0.06532,0.005233
7201.T,2021-11-09,2,streak_2,-0.002551,-0.007517,0.004966,0.097427,0.00914,0.088287,-0.038398,-0.02191,-0.016488,0.059867,-0.06532,0.125187
4547.T,2021-11-09,7,streak_5plus,-0.007263,-0.007517,0.000254,0.017098,0.00914,0.007959,-0.04957,-0.02191,-0.02766,0.016241,-0.06532,0.08156
5021.T,2021-11-09,4,streak_4,-0.001741,-0.007517,0.005776,0.029504,0.00914,0.020365,0.026034,-0.02191,0.047944,0.019093,-0.06532,0.084413
2432.T,2021-11-09,6,streak_5plus,-0.01985,-0.007517,-0.012333,-0.157432,0.00914,-0.166571,-0.181904,-0.02191,-0.159994,-0.242845,-0.06532,-0.177525
3402.T,2021-11-09,4,streak_4,-0.05677,-0.007517,-0.049253,-0.047535,0.00914,-0.056675,-0.070775,-0.02191,-0.048865,-0.11302,-0.06532,-0.0477
8253.T,2021-11-09,5,streak_5plus,-0.007044,-0.007517,0.000473,-0.112675,0.00914,-0.121814,-0.169719,-0.02191,-0.147809,-0.050703,-0.06532,0.014617
9005.T,2021-11-09,4,streak_4,-0.022116,-0.007517,-0.014599,0.029884,0.00914,0.020744,-0.044832,-0.02191,-0.022922,-0.037657,-0.06532,0.027663
4974.T,2021-11-09,4,streak_4,-0.019299,-0.007517,-0.011782,-0.074875,0.00914,-0.084014,-0.098171,-0.02191,-0.076261,-0.23461,-0.06532,-0.16929
1414.T,2021-11-10,6,streak_5plus,-0.003099,-0.006096,0.002997,0.051653,0.017852,0.0338,0.059918,-0.019114,0.079032,0.068024,-0.054272,0.122296
4516.T,2021-11-10,2,streak_2,-0.00886,-0.006096,-0.002763,-0.005537,0.017852,-0.02339,-0.090809,-0.019114,-0.071695,-0.139535,-0.054272,-0.085262
6869.T,2021-11-10,2,streak_2,-0.010503,-0.006096,-0.004407,0.014125,0.017852,-0.003728,0.049258,-0.019114,0.068373,-0.215501,-0.054272,-0.161229
8804.T,2021-11-10,4,streak_4,0.0,-0.006096,0.006096,0.014736,0.017852,-0.003116,0.032537,-0.019114,0.051651,0.07092,-0.054272,0.125192
7261.T,2021-11-10,4,streak_4,0.020733,-0.006096,0.026829,0.061203,0.017852,0.043351,-0.086874,-0.019114,-0.067759,-0.103652,-0.054272,-0.049379
4681.T,2021-11-10,3,streak_3,0.007346,-0.006096,0.013442,0.082765,0.017852,0.064912,-0.03575,-0.019114,-0.016636,-0.042117,-0.054272,0.012155
9432.T,2021-11-10,2,streak_2,0.003355,-0.006096,0.009452,0.02234,0.017852,0.004488,-0.031788,-0.019114,-0.012674,0.025784,-0.054272,0.080056
3099.T,2021-11-10,4,streak_4,-0.021076,-0.006096,-0.01498,0.011707,0.017852,-0.006145,-0.033959,-0.019114,-0.014845,0.112409,-0.054272,0.166682
2587.T,2021-11-11,2,streak_2,-0.008008,0.005878,-0.013886,0.027459,0.01998,0.007479,-0.04691,-0.022985,-0.023925,0.044946,-0.069652,0.114598
7762.T,2021-11-11,3,streak_3,0.0,0.005878,-0.005878,0.090308,0.01998,0.070328,0.107525,-0.022985,0.13051,0.113985,-0.069652,0.183637
1808.T,2021-11-11,2,streak_2,-0.00068,0.005878,-0.006557,-0.00679,0.01998,-0.02677,-0.028519,-0.022985,-0.005535,0.036652,-0.069652,0.106304
5108.T,2021-11-11,4,streak_4,0.001835,0.005878,-0.004043,0.014886,0.01998,-0.005094,0.003875,-0.022985,0.026859,-0.006885,-0.069652,0.062767
4704.T,2021-11-11,4,streak_4,0.001537,0.005878,-0.004341,0.038403,0.01998,0.018423,0.046084,-0.022985,0.069069,-0.056956,-0.069652,0.012696
5233.T,2021-11-11,3,streak_3,0.008849,0.005878,0.002971,-0.018535,0.01998,-0.038515,-0.027379,-0.022985,-0.004395,-0.026958,-0.069652,0.042694
4527.T,2021-11-11,3,streak_3,-0.007306,0.005878,-0.013184,-0.05263,0.01998,-0.07261,0.002926,-0.022985,0.025911,0.007313,-0.069652,0.076965
4180.T,2021-11-11,2,streak_2,0.034537,0.005878,0.028659,0.325653,0.01998,0.305673,0.258218,-0.022985,0.281203,-0.171877,-0.069652,-0.102225
8309.T,2021-11-11,3,streak_3,0.001033,0.005878,-0.004845,-0.074623,0.01998,-0.094603,-0.012136,-0.022985,0.010848,0.094498,-0.069652,0.16415
5020.T,2021-11-11,3,streak_3,-0.024574,0.005878,-0.030451,-0.034688,0.01998,-0.054668,-0.071723,-0.022985,-0.048738,0.019804,-0.069652,0.089456
6856.T,2021-11-11,4,streak_4,0.023376,0.005878,0.017499,-0.06883,0.01998,-0.08881,-0.105195,-0.022985,-0.08221,-0.214456,-0.069652,-0.144804
8876.T,2021-11-11,2,streak_2,0.003199,0.005878,-0.002679,0.079523,0.01998,0.059543,-0.040221,-0.022985,-0.017236,-0.14534,-0.069652,-0.075688
8252.T,2021-11-11,3,streak_3,0.006303,0.005878,0.000425,0.059007,0.01998,0.039027,-0.008111,-0.022985,0.014874,0.035584,-0.069652,0.105236
5105.T,2021-11-12,3,streak_3,-0.005332,0.011343,-0.016676,0.034667,0.010957,0.02371,-0.034136,-0.021775,-0.012362,-0.146272,-0.082406,-0.063866
6502.T,2021-11-12,4,streak_4,-0.013166,0.011343,-0.024509,-0.048005,0.010957,-0.058962,-0.069273,-0.021775,-0.047498,-0.110391,-0.082406,-0.027985
9435.T,2021-11-12,2,streak_2,0.031267,0.011343,0.019924,0.017554,0.010957,0.006597,-0.021393,-0.021775,0.000382,-0.186901,-0.082406,-0.104495
3923.T,2021-11-12,2,streak_2,-0.006992,0.011343,-0.018336,-0.047552,0.010957,-0.058509,-0.125874,-0.021775,-0.104099,-0.476922,-0.082406,-0.394516
4553.T,2021-11-12,5,streak_5plus,0.017552,0.011343,0.006208,-0.057375,0.010957,-0.068332,-0.070199,-0.021775,-0.048424,0.03274,-0.082406,0.115146
6178.T,2021-11-12,2,streak_2,0.007523,0.011343,-0.003821,0.02142,0.010957,0.010463,0.042019,-0.021775,0.063794,0.154788,-0.082406,0.237194
6740.T,2021-11-12,3,streak_3,0.027027,0.011343,0.015684,0.081081,0.010957,0.070124,0.027027,-0.021775,0.048802,0.189189,-0.082406,0.271595
2267.T,2021-11-12,2,streak_2,-0.037478,0.011343,-0.048822,-0.034071,0.010957,-0.045028,0.013628,-0.021775,0.035403,0.051107,-0.082406,0.133513
7780.T,2021-11-12,3,streak_3,-0.056871,0.011343,-0.068214,-0.027251,0.010957,-0.038208,-0.088863,-0.021775,-0.067088,-0.266587,-0.082406,-0.184181
7182.T,2021-11-12,2,streak_2,0.002325,0.011343,-0.009019,0.074087,0.010957,0.06313,0.12153,-0.021775,0.143305,0.222234,-0.082406,0.30464
8035.T,2021-11-12,3,streak_3,0.019639,0.011343,0.008296,0.072364,0.010957,0.061407,0.109165,-0.021775,0.13094,-0.023,-0.082406,0.059406
8304.T,2021-11-12,2,streak_2,0.005667,0.011343,-0.005677,-0.04796,0.010957,-0.058917,-0.035875,-0.021775,-0.0141,0.027823,-0.082406,0.110229
7181.T,2021-11-12,21,streak_5plus,0.004895,0.011343,-0.006449,-0.023942,0.010957,-0.0349,-0.008708,-0.021775,0.013067,0.139279,-0.082406,0.221685
8411.T,2021-11-12,6,streak_5plus,0.014654,0.011343,0.003311,-0.032236,0.010957,-0.043193,-0.053402,-0.021775,-0.031628,0.045269,-0.082406,0.127675
6273.T,2021-11-12,4,streak_4,-0.0109,0.011343,-0.022243,0.04332,0.010957,0.032363,0.076579,-0.021775,0.098354,-0.085802,-0.082406,-0.003396
8316.T,2021-11-12,3,streak_3,0.009406,0.011343,-0.001937,0.018813,0.010957,0.007856,0.013064,-0.021775,0.034839,0.125913,-0.082406,0.208319
8952.T,2021-11-15,3,streak_3,-0.001484,0.005634,-0.007118,0.008902,0.00459,0.004312,-0.013353,-0.039761,0.026408,-0.089021,-0.072596,-0.016424
6098.T,2021-11-15,7,streak_5plus,0.012292,0.005634,0.006657,-0.047661,0.00459,-0.052251,-0.177348,-0.039761,-0.137587,-0.357457,-0.072596,-0.284861
8306.T,2021-11-15,8,streak_5plus,0.004045,0.005634,-0.001589,-0.008394,0.00459,-0.012984,-0.019599,-0.039761,0.020162,0.160605,-0.072596,0.233201
8966.T,2021-11-29,2,streak_2,-0.029474,-0.016267,-0.013207,-0.028195,-0.025113,-0.003082,-0.021802,-0.002614,-0.019188,-0.120261,-0.082033,-0.038227
3283.T,2021-11-29,2,streak_2,-0.015664,-0.016267,0.000603,-0.041534,-0.025113,-0.01642,0.041249,-0.002614,0.043863,-0.106207,-0.082033,-0.024174
3279.T,2021-11-29,4,streak_4,-0.037381,-0.016267,-0.021115,-0.025026,-0.025113,8.8e-05,-0.091297,-0.002614,-0.088683,-0.108146,-0.082033,-0.026112
2979.T,2021-11-29,2,streak_2,-0.021485,-0.016267,-0.005218,-0.019091,-0.025113,0.006022,0.025794,-0.002614,0.028409,-0.10228,-0.082033,-0.020247
8976.T,2021-11-29,4,streak_4,-0.006831,-0.016267,0.009436,-0.015027,-0.025113,0.010086,-0.061475,-0.002614,-0.058861,-0.013661,-0.082033,0.068372
4369.T,2021-11-30,14,streak_5plus,0.011562,-0.01634,0.027902,0.013007,-0.012606,0.025613,0.0448,0.027763,0.017037,-0.230174,-0.06034,-0.169834
1928.T,2021-12-09,5,streak_5plus,-0.006504,-0.00468,-0.001823,-0.01594,-0.013891,-0.002049,0.031668,-0.022111,0.053779,-0.009461,-0.123101,0.11364
2678.T,2021-12-16,11,streak_5plus,0.009033,0.021309,-0.012276,0.007644,0.003601,0.004043,-0.020828,-0.007114,-0.013713,0.150003,-0.043416,0.19342
8227.T,2021-12-27,6,streak_5plus,-0.039959,-0.003687,-0.036272,0.044164,0.018039,0.026125,0.071502,-0.09076,0.162261,0.157705,-0.033394,0.191099
3086.T,2021-12-28,2,streak_2,0.007147,0.013694,-0.006547,0.100096,0.022866,0.07723,0.043919,-0.068318,0.112237,0.037341,-0.035237,0.072578
8963.T,2021-12-30,4,streak_4,-0.01087,-0.003984,-0.006885,-0.028533,-0.014817,-0.013715,-0.020381,-0.063252,0.042871,0.195652,-0.038707,0.234359
3296.T,2021-12-30,2,streak_2,-0.007264,-0.003984,-0.00328,-0.033898,-0.014817,-0.019081,-0.060533,-0.063252,0.002719,-0.075061,-0.038707,-0.036353
2651.T,2022-01-07,3,streak_3,-0.01107,-0.000329,-0.010741,-0.08487,-0.012765,-0.072104,-0.113469,-0.043495,-0.069975,-0.168948,-0.058501,-0.110447
2809.T,2022-01-11,4,streak_4,-0.012683,-0.008992,-0.003691,-0.097902,-0.005093,-0.092809,-0.043204,-0.041928,-0.001276,-0.137137,-0.07527,-0.061867
6323.T,2022-01-12,2,streak_2,0.084375,0.019246,0.065129,0.077267,0.001232,0.076035,-0.061274,-0.022775,-0.038499,0.200801,-0.048862,0.249663
8570.T,2022-01-12,5,streak_5plus,0.006761,0.019246,-0.012486,-0.082579,0.001232,-0.083811,-0.045041,-0.022775,-0.022267,-0.103879,-0.048862,-0.055017
6183.T,2022-01-12,2,streak_2,0.033246,0.019246,0.014,0.128838,0.001232,0.127606,0.166252,-0.022775,0.189027,0.242123,-0.048862,0.290985
9983.T,2022-01-13,3,streak_3,-0.019237,-0.009613,-0.009624,0.102653,-0.045138,0.147792,0.066501,-0.037188,0.103689,-0.007879,-0.055402,0.047522
6432.T,2022-01-13,7,streak_5plus,-0.004474,-0.009613,0.005139,0.039588,-0.045138,0.084726,-0.04303,-0.037188,-0.005842,-0.204668,-0.055402,-0.149266
6146.T,2022-01-25,2,streak_2,-0.034003,-0.016572,-0.017431,-0.038639,-0.021255,-0.017384,-0.061824,-0.058637,-0.003186,0.010182,-0.032197,0.042379
6988.T,2022-01-26,2,streak_2,0.0,-0.004423,0.004423,-0.013624,-0.001943,-0.011681,-0.056753,-0.024131,-0.032622,-0.039389,-0.027449,-0.011941
8060.T,2022-01-26,7,streak_5plus,-0.011437,-0.004423,-0.007014,0.029902,-0.001943,0.031845,0.058485,-0.024131,0.082615,0.212398,-0.027449,0.239846
4552.T,2022-01-27,2,streak_2,-0.026674,-0.031131,0.004456,-0.005819,0.019341,-0.02516,0.056258,-0.017932,0.07419,0.178554,-0.00605,0.184605
9708.T,2022-01-27,6,streak_5plus,-0.006581,-0.031131,0.02455,-0.004391,0.019341,-0.023732,-0.00164,-0.017932,0.016292,-0.007132,-0.00605,-0.001081
2002.T,2022-01-27,8,streak_5plus,0.002486,-0.031131,0.033617,0.004964,0.019341,-0.014377,0.011793,-0.017932,0.029725,0.091002,-0.00605,0.097052
6967.T,2022-01-27,5,streak_5plus,-0.035788,-0.031131,-0.004657,0.094738,0.019341,0.075397,0.014737,-0.017932,0.032669,0.207764,-0.00605,0.213814
6027.T,2022-01-27,2,streak_2,-0.146751,-0.031131,-0.11562,0.129979,0.019341,0.110638,-0.103774,-0.017932,-0.085842,-0.290356,-0.00605,-0.284306
6504.T,2022-01-27,4,streak_4,-0.034172,-0.031131,-0.003041,0.124101,0.019341,0.10476,0.053957,-0.017932,0.071889,0.043329,-0.00605,0.04938
1878.T,2022-01-28,8,streak_5plus,-0.023664,0.020903,-0.044567,-0.002286,0.040925,-0.043211,-0.042745,0.02577,-0.068516,-0.07747,0.02477,-0.10224
9143.T,2022-01-28,8,streak_5plus,0.015587,0.020903,-0.005316,0.033334,0.040925,-0.00759,0.025543,0.02577,-0.000227,0.02797,0.02477,0.003201
6724.T,2022-01-28,6,streak_5plus,-0.015415,0.020903,-0.036318,-0.027641,0.040925,-0.068566,-0.070173,0.02577,-0.095944,0.023625,0.02477,-0.001144
5332.T,2022-01-28,6,streak_5plus,0.024338,0.020903,0.003435,0.020105,0.040925,-0.02082,0.034919,0.02577,0.009149,-0.057229,0.02477,-0.081999
2331.T,2022-01-28,3,streak_3,-0.02969,0.020903,-0.050593,-0.021384,0.040925,-0.062309,0.00119,0.02577,-0.02458,-0.128633,0.02477,-0.153402
8601.T,2022-01-28,4,streak_4,0.02655,0.020903,0.005647,0.031074,0.040925,-0.009851,-0.010218,0.02577,-0.035989,-0.052279,0.02477,-0.077049
7735.T,2022-01-28,5,streak_5plus,0.016008,0.020903,-0.004895,0.073447,0.040925,0.032523,0.050847,0.02577,0.025077,0.028182,0.02477,0.003412
8957.T,2022-01-30,5,streak_5plus,0.003792,0.010654,-0.006862,-0.008126,0.027048,-0.035174,-0.009751,-0.012139,0.002388,0.002167,0.010713,-0.008546
3269.T,2022-01-30,5,streak_5plus,-0.014556,0.010654,-0.02521,-0.026201,0.027048,-0.053249,-0.045124,-0.012139,-0.032985,0.037846,0.010713,0.027133
8967.T,2022-01-30,3,streak_3,0.015974,0.010654,0.005321,0.020767,0.027048,-0.006281,-0.025559,-0.012139,-0.013421,0.022364,0.010713,0.011651
4368.T,2022-01-31,8,streak_5plus,0.001121,0.010654,-0.009533,0.065095,0.027048,0.038047,0.007856,-0.012139,0.019995,-0.131009,0.010713,-0.141722
9715.T,2022-01-31,2,streak_2,0.026486,0.010654,0.015832,0.10699,0.027048,0.079942,0.145834,-0.012139,0.157973,0.197493,0.010713,0.18678
2802.T,2022-01-31,7,streak_5plus,0.000941,0.010654,-0.009713,0.027904,0.027048,0.000856,0.051101,-0.012139,0.063239,0.0608,0.010713,0.050087
9022.T,2022-01-31,2,streak_2,0.012707,0.010654,0.002053,0.012707,0.027048,-0.014341,0.017722,-0.012139,0.02986,0.142983,0.010713,0.13227
5938.T,2022-01-31,3,streak_3,0.02394,0.010654,0.013286,0.00118,0.027048,-0.025868,-0.061614,-0.012139,-0.049476,-0.035721,0.010713,-0.046434
6641.T,2022-01-31,4,streak_4,0.023454,0.010654,0.0128,0.030561,0.027048,0.003513,-0.007818,-0.012139,0.004321,0.012448,0.010713,0.001735
8308.T,2022-01-31,3,streak_3,0.001824,0.010654,-0.00883,0.061164,0.027048,0.034115,0.014271,-0.012139,0.026409,0.162358,0.010713,0.151645
6762.T,2022-01-31,2,streak_2,0.055345,0.010654,0.044691,0.196911,0.027048,0.169863,0.163445,-0.012139,0.175584,0.071162,0.010713,0.060449
5471.T,2022-01-31,5,streak_5plus,0.062717,0.010654,0.052063,0.059103,0.027048,0.032055,-0.026544,-0.012139,-0.014405,-0.118262,0.010713,-0.128975
4568.T,2022-01-31,9,streak_5plus,-0.007162,0.010654,-0.017815,-0.105862,0.027048,-0.13291,0.050708,-0.012139,0.062846,0.328414,0.010713,0.317701
8304.T,2022-01-31,3,streak_3,-0.015304,0.010654,-0.025958,0.042083,0.027048,0.015035,-0.035575,-0.012139,-0.023437,0.034518,0.010713,0.023805
5334.T,2022-01-31,7,streak_5plus,0.010926,0.010654,0.000272,0.157128,0.027048,0.13008,0.033819,-0.012139,0.045958,0.223662,0.010713,0.212949
2782.T,2022-01-31,3,streak_3,0.03629,0.010654,0.025636,0.090551,0.027048,0.063503,0.063239,-0.012139,0.075378,-0.07211,0.010713,-0.082823
6301.T,2022-01-31,6,streak_5plus,-0.008481,0.010654,-0.019135,0.004418,0.027048,-0.02263,-0.097525,-0.012139,-0.085387,0.162883,0.010713,0.15217
6806.T,2022-01-31,7,streak_5plus,0.034042,0.010654,0.023388,0.05775,0.027048,0.030702,0.035258,-0.012139,0.047397,0.030404,0.010713,0.019691
4185.T,2022-01-31,3,streak_3,0.021592,0.010654,0.010939,-0.043185,0.027048,-0.070233,-0.082321,-0.012139,-0.070183,-0.049933,0.010713,-0.060645
6103.T,2022-01-31,2,streak_2,-0.004019,0.010654,-0.014673,-0.028115,0.027048,-0.055163,-0.040162,-0.012139,-0.028024,-0.017701,0.010713,-0.028414
7205.T,2022-01-31,3,streak_3,0.001013,0.010654,-0.009641,0.084093,0.027048,0.057045,0.036474,-0.012139,0.048613,-0.294048,0.010713,-0.304761
5831.T,2022-01-31,2,streak_2,-0.016437,0.010654,-0.027091,-0.02082,0.027048,-0.047868,-0.117199,-0.012139,-0.10506,-0.064621,0.010713,-0.075334
6305.T,2022-01-31,3,streak_3,-0.01901,0.010654,-0.029664,0.009505,0.027048,-0.017543,-0.084182,-0.012139,-0.072043,0.09973,0.010713,0.089017
5333.T,2022-01-31,6,streak_5plus,0.012606,0.010654,0.001952,-0.028357,0.027048,-0.055405,-0.095583,-0.012139,-0.083445,-0.038994,0.010713,-0.049707
7211.T,2022-01-31,6,streak_5plus,0.012471,0.010654,0.001817,0.0,0.027048,-0.027048,-0.121513,-0.012139,-0.109374,0.074756,0.010713,0.064043
9104.T,2022-01-31,7,streak_5plus,0.095894,0.010654,0.085241,0.115816,0.027048,0.088768,0.234124,-0.012139,0.246263,0.340203,0.010713,0.32949
8056.T,2022-02-01,3,streak_3,-0.003673,0.002833,-0.006507,0.047795,0.009143,0.038652,0.064507,-0.015729,0.080236,-0.034074,-0.025281,-0.008793
4547.T,2022-02-01,8,streak_5plus,0.013849,0.002833,0.011016,0.020771,0.009143,0.011628,0.044569,-0.015729,0.060298,0.118334,-0.025281,0.143615
4739.T,2022-02-01,4,streak_4,-0.020902,0.002833,-0.023735,-0.052735,0.009143,-0.061878,-0.059809,-0.015729,-0.04408,-0.040696,-0.025281,-0.015415
6861.T,2022-02-01,4,streak_4,0.020264,0.002833,0.017431,0.009102,0.009143,-4.2e-05,-0.067834,-0.015729,-0.052106,-0.135562,-0.025281,-0.110281
3099.T,2022-02-01,5,streak_5plus,-0.013355,0.002833,-0.016188,0.038925,0.009143,0.029781,0.011121,-0.015729,0.02685,0.129274,-0.025281,0.154556
6028.T,2022-02-01,8,streak_5plus,0.018272,0.002833,0.015438,0.20993,0.009143,0.200787,0.173735,-0.015729,0.189464,0.023785,-0.025281,0.049066
6981.T,2022-02-01,9,streak_5plus,0.037705,0.002833,0.034872,-0.035723,0.009143,-0.044866,-0.098139,-0.015729,-0.08241,-0.030696,-0.025281,-0.005415
2229.T,2022-02-01,5,streak_5plus,-0.040957,0.002833,-0.04379,-0.071295,0.009143,-0.080438,-0.051953,-0.015729,-0.036224,-0.106521,-0.025281,-0.08124
6448.T,2022-02-01,3,streak_3,-0.019985,0.002833,-0.022819,0.056134,0.009143,0.046991,-0.034254,-0.015729,-0.018525,0.109239,-0.025281,0.13452
6963.T,2022-02-01,2,streak_2,0.029411,0.002833,0.026578,-0.035714,0.009143,-0.044857,-0.066176,-0.015729,-0.050447,-0.019323,-0.025281,0.005958
6201.T,2022-02-02,3,streak_3,0.037543,0.016807,0.020735,0.029579,0.007609,0.02197,-0.087599,-0.040365,-0.047234,-0.050428,-0.033657,-0.016771
6622.T,2022-02-02,7,streak_5plus,0.014424,0.016807,-0.002384,-0.054086,0.007609,-0.061695,-0.020432,-0.040365,0.019933,-0.102837,-0.033657,-0.06918
8306.T,2022-02-02,9,streak_5plus,0.029207,0.016807,0.012399,0.075866,0.007609,0.068257,-0.004149,-0.040365,0.036216,0.093778,-0.033657,0.127435
2282.T,2022-02-02,7,streak_5plus,0.02768,0.016807,0.010873,-0.006919,0.007609,-0.014528,-0.044984,-0.040365,-0.004619,-0.043312,-0.033657,-0.009654
8316.T,2022-02-02,4,streak_4,0.01878,0.016807,0.001972,0.061144,0.007609,0.053535,-0.029613,-0.040365,0.010752,-0.031234,-0.033657,0.002423
4091.T,2022-02-02,4,streak_4,0.044246,0.016807,0.027439,0.017607,0.007609,0.009998,-0.022121,-0.040365,0.018244,0.051665,-0.033657,0.085323
5214.T,2022-02-02,2,streak_2,0.01682,0.016807,1.2e-05,0.019681,0.007609,0.012072,-0.06404,-0.040365,-0.023676,-0.028261,-0.033657,0.005396
7821.T,2022-02-02,2,streak_2,0.011959,0.016807,-0.004848,-0.059789,0.007609,-0.067399,-0.101643,-0.040365,-0.061279,-0.208504,-0.033657,-0.174847
8031.T,2022-02-03,9,streak_5plus,-0.006565,-0.010616,0.004051,0.040218,0.001675,0.038543,0.060583,-0.083977,0.144561,0.092747,-0.04794,0.140687
2897.T,2022-02-03,2,streak_2,0.045057,-0.010616,0.055673,0.122655,0.001675,0.12098,0.11139,-0.083977,0.195368,0.127807,-0.04794,0.175747
9101.T,2022-02-03,5,streak_5plus,-0.001085,-0.010616,0.009531,0.047613,0.001675,0.045938,0.299779,-0.083977,0.383756,0.191408,-0.04794,0.239348
7988.T,2022-02-03,7,streak_5plus,0.035554,-0.010616,0.046169,0.042963,0.001675,0.041288,-0.19052,-0.083977,-0.106542,-0.197351,-0.04794,-0.149411
8252.T,2022-02-03,4,streak_4,0.011829,-0.010616,0.022445,0.032303,0.001675,0.030628,-0.03139,-0.083977,0.052587,0.002688,-0.04794,0.050628
5401.T,2022-02-03,5,streak_5plus,0.00286,-0.010616,0.013476,0.08147,0.001675,0.079795,0.109596,-0.083977,0.193573,0.134719,-0.04794,0.182659
4519.T,2022-02-03,3,streak_3,-0.004451,-0.010616,0.006165,0.073298,0.001675,0.071623,-0.047383,-0.083977,0.036595,-0.026964,-0.04794,0.020976
8002.T,2022-02-03,7,streak_5plus,0.011203,-0.010616,0.021819,0.005802,0.001675,0.004127,0.092564,-0.083977,0.176541,0.092193,-0.04794,0.140133
4523.T,2022-02-03,5,streak_5plus,-0.0153,-0.010616,-0.004684,-0.000341,0.001675,-0.002016,-0.051173,-0.083977,0.032805,-0.042449,-0.04794,0.005491
9831.T,2022-02-03,7,streak_5plus,-0.027985,-0.010616,-0.01737,0.025436,0.001675,0.023761,-0.017817,-0.083977,0.06616,0.25155,-0.04794,0.29949
6925.T,2022-02-03,3,streak_3,-0.004429,-0.010616,0.006187,0.065344,0.001675,0.063669,-0.035438,-0.083977,0.04854,-0.045485,-0.04794,0.002455
4183.T,2022-02-03,7,streak_5plus,0.001632,-0.010616,0.012248,-0.019576,0.001675,-0.021251,-0.110604,-0.083977,-0.026627,-0.002262,-0.04794,0.045678
9107.T,2022-02-03,7,streak_5plus,-0.136108,-0.010616,-0.125492,0.009722,0.001675,0.008047,0.24305,-0.083977,0.327027,0.292295,-0.04794,0.340235
7186.T,2022-02-03,2,streak_2,0.008372,-0.010616,0.018988,0.056486,0.001675,0.054811,-0.069019,-0.083977,0.014958,-0.025813,-0.04794,0.022127
7731.T,2022-02-03,5,streak_5plus,0.014439,-0.010616,0.025055,0.040094,0.001675,0.038419,-0.129914,-0.083977,-0.045937,0.182599,-0.04794,0.230539
9766.T,2022-02-03,3,streak_3,-0.028435,-0.010616,-0.017819,0.093207,0.001675,0.091532,0.052133,-0.083977,0.13611,0.231538,-0.04794,0.279478
6976.T,2022-02-04,7,streak_5plus,0.019265,0.007293,0.011971,-0.064798,0.016689,-0.081487,-0.180385,-0.08995,-0.090434,-0.142056,-0.054792,-0.087265
6951.T,2022-02-04,3,streak_3,0.024752,0.007293,0.017459,0.158416,0.016689,0.141727,-0.051156,-0.08995,0.038795,-0.064252,-0.054792,-0.009461
9684.T,2022-02-04,4,streak_4,0.008806,0.007293,0.001513,0.026412,0.016689,0.009723,-0.06338,-0.08995,0.02657,-0.018943,-0.054792,0.035848
2801.T,2022-02-04,7,streak_5plus,0.029484,0.007293,0.02219,0.069578,0.016689,0.05289,-0.009436,-0.08995,0.080514,-0.159587,-0.054792,-0.104796
3110.T,2022-02-04,4,streak_4,0.002973,0.007293,-0.004321,0.181277,0.016689,0.164588,-0.051261,-0.08995,0.038689,-0.136316,-0.054792,-0.081524
4062.T,2022-02-04,3,streak_3,0.02908,0.007293,0.021787,-0.045234,0.016689,-0.061922,-0.153472,-0.08995,-0.063522,-0.276357,-0.054792,-0.221565
9613.T,2022-02-04,3,streak_3,-0.005774,0.007293,-0.013068,0.012885,0.016689,-0.003804,-0.088849,-0.08995,0.001101,-0.084937,-0.054792,-0.030145
8331.T,2022-02-04,6,streak_5plus,0.010618,0.007293,0.003324,0.041126,0.016689,0.024437,-0.129972,-0.08995,-0.040022,-0.035344,-0.054792,0.019448
8801.T,2022-02-04,5,streak_5plus,-0.013186,0.007293,-0.02048,0.040382,0.016689,0.023693,-0.03144,-0.08995,0.05851,0.087714,-0.054792,0.142506
7752.T,2022-02-04,2,streak_2,0.00904,0.007293,0.001747,0.056272,0.016689,0.039583,-0.038192,-0.08995,0.051758,0.035744,-0.054792,0.090536
8354.T,2022-02-04,2,streak_2,0.010068,0.007293,0.002774,0.053389,0.016689,0.036701,-0.083153,-0.08995,0.006798,0.008865,-0.054792,0.063657
3626.T,2022-02-04,5,streak_5plus,0.001658,0.007293,-0.005635,-0.08339,0.016689,-0.100079,-0.16977,-0.08995,-0.07982,0.114637,-0.054792,0.169429
7701.T,2022-02-04,3,streak_3,0.010977,0.007293,0.003683,0.040244,0.016689,0.023556,-0.070732,-0.08995,0.019219,0.114447,-0.054792,0.169239
9432.T,2022-02-07,3,streak_3,-0.003883,-0.006965,0.003082,-0.018994,-0.01314,-0.005854,0.003292,-0.099215,0.102508,0.143677,-0.036893,0.18057
6055.T,2022-02-07,7,streak_5plus,-0.022403,-0.006965,-0.015438,-0.015326,-0.01314,-0.002186,-0.086674,-0.099215,0.012542,0.137118,-0.036893,0.174011
7458.T,2022-02-07,3,streak_3,-0.010372,-0.006965,-0.003406,0.032588,-0.01314,0.045727,-0.071114,-0.099215,0.028101,0.152913,-0.036893,0.189806
6841.T,2022-02-08,2,streak_2,-0.00696,0.001308,-0.008269,0.004816,-0.014081,0.018897,0.026226,-0.0572,0.083426,0.204818,-0.025756,0.230574
5019.T,2022-02-08,2,streak_2,0.0,0.001308,-0.001308,0.019513,-0.014081,0.033593,0.10732,-0.0572,0.16452,0.146517,-0.025756,0.172273
6753.T,2022-02-08,4,streak_4,0.008821,0.001308,0.007513,0.056942,-0.014081,0.071023,-0.13312,-0.0572,-0.07592,-0.12371,-0.025756,-0.097954
9519.T,2022-02-08,5,streak_5plus,-0.006689,0.001308,-0.007997,-0.048161,-0.014081,-0.03408,-0.016722,-0.0572,0.040477,0.280936,-0.025756,0.306692
2432.T,2022-02-08,7,streak_5plus,-0.013433,0.001308,-0.014742,-0.043089,-0.014081,-0.029009,-0.00112,-0.0572,0.056079,0.096823,-0.025756,0.122579
7201.T,2022-02-08,3,streak_3,-0.009841,0.001308,-0.011149,0.012521,-0.014081,0.026602,-0.206041,-0.0572,-0.148842,-0.166373,-0.025756,-0.140617
7309.T,2022-02-08,5,streak_5plus,0.001349,0.001308,4.1e-05,0.089052,-0.014081,0.103132,0.015999,-0.0572,0.073198,-0.141673,-0.025756,-0.115917
5301.T,2022-02-08,3,streak_3,-0.019176,0.001308,-0.020485,0.025287,-0.014081,0.039368,-0.079335,-0.0572,-0.022135,-0.122925,-0.025756,-0.097169
7013.T,2022-02-08,3,streak_3,0.014536,0.001308,0.013227,0.134872,-0.014081,0.148953,0.111315,-0.0572,0.168515,0.406216,-0.025756,0.431972
1719.T,2022-02-08,3,streak_3,-0.004576,0.001308,-0.005884,0.042385,-0.014081,0.056466,0.028629,-0.0572,0.085828,-0.057341,-0.025756,-0.031585
3659.T,2022-02-08,2,streak_2,-0.011542,0.001308,-0.012851,0.025225,-0.014081,0.039306,0.156909,-0.0572,0.214108,0.254385,-0.025756,0.280141
6750.T,2022-02-08,4,streak_4,0.008799,0.001308,0.00749,0.137737,-0.014081,0.151818,0.110629,-0.0572,0.167828,0.141219,-0.025756,0.166975
5713.T,2022-02-08,3,streak_3,0.00912,0.001308,0.007812,0.036479,-0.014081,0.05056,0.142192,-0.0572,0.199392,-0.045022,-0.025756,-0.019266
5411.T,2022-02-08,3,streak_3,0.015638,0.001308,0.014329,0.076228,-0.014081,0.090309,0.074267,-0.0572,0.131467,0.024272,-0.025756,0.050028
4626.T,2022-02-08,5,streak_5plus,-0.04821,0.001308,-0.049519,0.0,-0.014081,0.014081,-0.068739,-0.0572,-0.011539,-0.025037,-0.025756,0.000719
5406.T,2022-02-08,6,streak_5plus,0.014062,0.001308,0.012754,0.042187,-0.014081,0.056267,-0.001755,-0.0572,0.055445,0.186561,-0.025756,0.212317
4613.T,2022-02-08,2,streak_2,-0.009147,0.001308,-0.010455,0.024389,-0.014081,0.03847,-0.134585,-0.0572,-0.077386,-0.332627,-0.025756,-0.306871
8253.T,2022-02-09,6,streak_5plus,-0.003696,0.010819,-0.014516,0.028824,0.006446,0.022378,-0.048043,-0.077769,0.029727,0.141195,-0.022898,0.164093
4911.T,2022-02-09,2,streak_2,-0.00494,0.010819,-0.01576,0.08561,0.006446,0.079164,-0.094502,-0.077769,-0.016733,-0.115575,-0.022898,-0.092677
5711.T,2022-02-09,10,streak_5plus,0.022501,0.010819,0.011681,0.005265,0.006446,-0.001181,0.01388,-0.077769,0.091649,-0.075208,-0.022898,-0.052309
7267.T,2022-02-09,7,streak_5plus,0.003514,0.010819,-0.007305,0.088882,0.006446,0.082435,-0.086243,-0.077769,-0.008474,-0.051027,-0.022898,-0.028128
4901.T,2022-02-09,7,streak_5plus,0.02598,0.010819,0.01516,0.008005,0.006446,0.001559,-0.119912,-0.077769,-0.042143,-0.077293,-0.022898,-0.054394
3289.T,2022-02-09,2,streak_2,0.01223,0.010819,0.001411,0.019852,0.006446,0.013406,-0.076326,-0.077769,0.001443,0.027042,-0.022898,0.04994
3405.T,2022-02-09,2,streak_2,0.065119,0.010819,0.0543,0.102044,0.006446,0.095598,-0.030125,-0.077769,0.047644,0.049565,-0.022898,0.072463
1605.T,2022-02-09,2,streak_2,-0.024655,0.010819,-0.035475,-0.03231,0.006446,-0.038756,0.181974,-0.077769,0.259743,0.322281,-0.022898,0.34518
3436.T,2022-02-09,5,streak_5plus,0.037868,0.010819,0.027049,0.055306,0.006446,0.04886,-0.117089,-0.077769,-0.03932,-0.031888,-0.022898,-0.00899
7203.T,2022-02-09,7,streak_5plus,0.009362,0.010819,-0.001457,-0.045081,0.006446,-0.051528,-0.189678,-0.077769,-0.111909,-0.103444,-0.022898,-0.080546
3402.T,2022-02-09,5,streak_5plus,0.003893,0.010819,-0.006926,0.022279,0.006446,0.015833,-0.141806,-0.077769,-0.064036,-0.046162,-0.022898,-0.023263
4165.T,2022-02-09,2,streak_2,0.025707,0.010819,0.014888,0.116538,0.006446,0.110092,-0.139674,-0.077769,-0.061905,-0.527849,-0.022898,-0.504951
9005.T,2022-02-10,5,streak_5plus,0.015526,0.004214,0.011313,0.012419,-0.012576,0.024995,0.006209,-0.082375,0.088584,-0.01977,-0.02424,0.00447
2267.T,2022-02-10,3,streak_3,0.027681,0.004214,0.023468,0.055363,-0.012576,0.067939,0.086504,-0.082375,0.168879,0.233221,-0.02424,0.257461
4527.T,2022-02-10,4,streak_4,0.006197,0.004214,0.001983,0.139324,-0.012576,0.1519,0.137778,-0.082375,0.220152,0.058365,-0.02424,0.082604
5232.T,2022-02-10,4,streak_4,0.002878,0.004214,-0.001336,0.028777,-0.012576,0.041353,-0.028777,-0.082375,0.053598,-0.056935,-0.02424,-0.032695
4516.T,2022-02-10,3,streak_3,0.009091,0.004214,0.004878,-0.003896,-0.012576,0.00868,0.01948,-0.082375,0.101855,0.013374,-0.02424,0.037614
7261.T,2022-02-10,5,streak_5plus,0.002211,0.004214,-0.002003,0.022069,-0.012576,0.034646,-0.123625,-0.082375,-0.04125,0.256904,-0.02424,0.281144
7762.T,2022-02-10,4,streak_4,-0.007947,0.004214,-0.01216,0.015917,-0.012576,0.028493,-0.039756,-0.082375,0.042618,0.078561,-0.02424,0.102801
1925.T,2022-02-10,2,streak_2,0.015136,0.004214,0.010922,-0.010087,-0.012576,0.002489,-0.078337,-0.082375,0.004038,-0.029512,-0.02424,-0.005273
6460.T,2022-02-10,7,streak_5plus,-0.006722,0.004214,-0.010936,0.022081,-0.012576,0.034657,0.027364,-0.082375,0.109738,0.139676,-0.02424,0.163916
7936.T,2022-02-10,4,streak_4,0.016813,0.004214,0.0126,-0.078304,-0.012576,-0.065728,-0.125463,-0.082375,-0.043088,-0.056577,-0.02424,-0.032338
4051.T,2022-02-10,2,streak_2,0.06313,0.004214,0.058916,-0.113499,-0.012576,-0.100923,-0.120886,-0.082375,-0.038512,-0.077905,-0.02424,-0.053666
8035.T,2022-02-10,4,streak_4,0.018172,0.004214,0.013959,0.037236,-0.012576,0.049812,-0.04739,-0.082375,0.034985,0.076603,-0.02424,0.100842
1808.T,2022-02-10,3,streak_3,0.010294,0.004214,0.00608,0.050758,-0.012576,0.063334,-0.031552,-0.082375,0.050823,0.096658,-0.02424,0.120897
1414.T,2022-02-10,7,streak_5plus,0.005893,0.004214,0.00168,0.033398,-0.012576,0.045975,0.025539,-0.082375,0.107914,0.064833,-0.02424,0.089073
7272.T,2022-02-10,6,streak_5plus,-0.03014,0.004214,-0.034354,-0.049066,-0.012576,-0.03649,-0.189627,-0.082375,-0.107252,-0.091832,-0.02424,-0.067592
6740.T,2022-02-10,4,streak_4,0.025,0.004214,0.020786,0.025,-0.012576,0.037576,0.0,-0.082375,0.082375,0.475,-0.02424,0.49924
7202.T,2022-02-10,3,streak_3,0.010719,0.004214,0.006506,0.06564,-0.012576,0.078216,0.005364,-0.082375,0.087739,0.05275,-0.02424,0.07699
5021.T,2022-02-10,5,streak_5plus,-0.00426,0.004214,-0.008473,0.080459,-0.012576,0.093035,0.086843,-0.082375,0.169218,0.548355,-0.02424,0.572595
9749.T,2022-02-10,2,streak_2,0.0,0.004214,-0.004214,0.029585,-0.012576,0.042162,0.06706,-0.082375,0.149435,0.364892,-0.02424,0.389131
8830.T,2022-02-10,2,streak_2,0.013267,0.004214,0.009054,-0.002765,-0.012576,0.009811,-0.103372,-0.082375,-0.020998,-0.079372,-0.02424,-0.055133
4974.T,2022-02-10,5,streak_5plus,0.0,0.004214,-0.004214,0.029569,-0.012576,0.042145,-0.020866,-0.082375,0.061508,-0.169315,-0.02424,-0.145075
4680.T,2022-02-10,2,streak_2,0.002021,0.004214,-0.002192,-0.045112,-0.012576,-0.032536,-0.13938,-0.082375,-0.057005,0.085322,-0.02424,0.109562
5020.T,2022-02-10,4,streak_4,0.001945,0.004214,-0.002268,0.003259,-0.012576,0.015835,-0.010256,-0.082375,0.072119,0.136286,-0.02424,0.160525
7780.T,2022-02-14,4,streak_4,0.03803,-0.022259,0.060289,0.034509,-0.02072,0.055229,-0.035913,-0.08483,0.048918,-0.12824,-0.046689,-0.081551
2206.T,2022-02-14,4,streak_4,0.001322,-0.022259,0.023581,0.046234,-0.02072,0.066954,0.031705,-0.08483,0.116535,-0.009246,-0.046689,0.037443
4985.T,2022-02-14,2,streak_2,-0.008503,-0.022259,0.013756,-0.056122,-0.02072,-0.035402,-0.091837,-0.08483,-0.007006,-0.108842,-0.046689,-0.062154
6098.T,2022-02-14,8,streak_5plus,-0.018059,-0.022259,0.0042,-0.195571,-0.02072,-0.174851,-0.193527,-0.08483,-0.108696,-0.214525,-0.046689,-0.167836
9147.T,2022-02-14,6,streak_5plus,-0.002958,-0.022259,0.019301,0.087275,-0.02072,0.107995,0.199705,-0.08483,0.284535,0.093196,-0.046689,0.139885
6235.T,2022-02-14,2,streak_2,-0.016366,-0.022259,0.005894,-0.145134,-0.02072,-0.124414,-0.185612,-0.08483,-0.100782,-0.198105,-0.046689,-0.151416
3076.T,2022-02-14,2,streak_2,-0.02841,-0.022259,-0.006151,-0.013923,-0.02072,0.006797,-0.050137,-0.08483,0.034693,-0.07409,-0.046689,-0.027401
5714.T,2022-02-14,2,streak_2,-0.003876,-0.022259,0.018383,-0.041666,-0.02072,-0.020946,0.009689,-0.08483,0.094519,-0.104973,-0.046689,-0.058284
4912.T,2022-02-14,6,streak_5plus,-0.003278,-0.022259,0.018981,-0.010492,-0.02072,0.010229,-0.070162,-0.08483,0.014668,-0.10885,-0.046689,-0.062161
1911.T,2022-02-14,2,streak_2,-0.002389,-0.022259,0.019871,0.091437,-0.02072,0.112157,0.041165,-0.08483,0.125996,-0.102446,-0.046689,-0.055757
6502.T,2022-02-14,5,streak_5plus,-0.023494,-0.022259,-0.001234,-0.003915,-0.02072,0.016805,-0.026321,-0.08483,0.058509,0.218558,-0.046689,0.265247
4681.T,2022-02-14,4,streak_4,-0.011759,-0.022259,0.0105,0.011248,-0.02072,0.031968,0.042435,-0.08483,0.127265,0.048314,-0.046689,0.095003
2587.T,2022-02-14,3,streak_3,-0.021622,-0.022259,0.000637,0.008648,-0.02072,0.029369,-0.006486,-0.08483,0.078345,0.079999,-0.046689,0.126688
4553.T,2022-02-14,6,streak_5plus,-0.006531,-0.022259,0.015728,0.072531,-0.02072,0.093251,-0.003782,-0.08483,0.081048,-0.144576,-0.046689,-0.097887
6856.T,2022-02-14,5,streak_5plus,-0.027733,-0.022259,-0.005474,0.089723,-0.02072,0.110443,0.016313,-0.08483,0.101143,0.045677,-0.046689,0.092366
4186.T,2022-02-14,2,streak_2,-0.051931,-0.022259,-0.029672,0.072702,-0.02072,0.093422,-0.002968,-0.08483,0.081862,0.084568,-0.046689,0.131257
3288.T,2022-02-14,2,streak_2,0.001728,-0.022259,0.023987,-0.127807,-0.02072,-0.107087,-0.107081,-0.08483,-0.022251,-0.116388,-0.046689,-0.069699
9435.T,2022-02-14,3,streak_3,-0.014956,-0.022259,0.007303,-0.023793,-0.02072,-0.003073,-0.095853,-0.08483,-0.011023,-0.045934,-0.046689,0.000755
4755.T,2022-02-14,2,streak_2,-0.020868,-0.022259,0.001392,-0.022861,-0.02072,-0.002141,-0.106361,-0.08483,-0.021531,-0.232599,-0.046689,-0.18591
6273.T,2022-02-14,5,streak_5plus,-0.038935,-0.022259,-0.016676,0.028593,-0.02072,0.049313,-0.064791,-0.08483,0.02004,0.007072,-0.046689,0.053761
7181.T,2022-02-14,22,streak_5plus,0.007171,-0.022259,0.02943,-0.000478,-0.02072,0.020242,-0.012913,-0.08483,0.071917,0.04248,-0.046689,0.089169
6178.T,2022-02-14,3,streak_3,0.002447,-0.022259,0.024706,-0.040774,-0.02072,-0.020054,-0.079278,-0.08483,0.005552,-0.02096,-0.046689,0.025729
8725.T,2022-02-14,2,streak_2,0.006519,-0.022259,0.028779,-0.03598,-0.02072,-0.01526,-0.041286,-0.08483,0.043544,-0.078949,-0.046689,-0.03226
5105.T,2022-02-15,4,streak_4,0.012401,-0.007912,0.020313,0.045692,-0.006231,0.051922,-0.045039,-0.048651,0.003611,0.140997,-0.012571,0.153568
5108.T,2022-02-15,5,streak_5plus,0.023388,-0.007912,0.0313,0.072041,-0.006231,0.078271,-0.087283,-0.048651,-0.038632,0.02464,-0.012571,0.037211
5101.T,2022-02-17,2,streak_2,0.021889,-0.008286,0.030175,-0.069695,-0.05425,-0.015445,-0.084675,-0.023056,-0.061619,-0.054722,-0.025938,-0.028785
4704.T,2022-02-17,5,streak_5plus,-0.008266,-0.008286,2e-05,-0.004959,-0.05425,0.049291,0.157023,-0.023056,0.180079,0.228098,-0.025938,0.254035
8954.T,2022-02-27,5,streak_5plus,0.01771,0.001901,0.01581,0.01012,-0.018546,0.028666,0.070209,0.067076,0.003133,0.182796,0.037061,0.145735
3466.T,2022-02-27,3,streak_3,-0.003625,0.001901,-0.005526,0.01994,-0.018546,0.038486,0.077946,0.067076,0.01087,0.095468,0.037061,0.058407
8984.T,2022-02-27,4,streak_4,0.003221,0.001901,0.00132,0.004831,-0.018546,0.023377,0.057971,0.067076,-0.009104,0.030596,0.037061,-0.006465
3481.T,2022-02-27,3,streak_3,-0.011587,0.001901,-0.013488,0.01854,-0.018546,0.037086,0.11124,0.067076,0.044164,0.100811,0.037061,0.06375
3226.T,2022-02-27,3,streak_3,0.008333,0.001901,0.006433,0.013333,-0.018546,0.031879,0.086667,0.067076,0.019591,0.103333,0.037061,0.066272
8953.T,2022-02-27,4,streak_4,0.0054,0.001901,0.003499,0.00324,-0.018546,0.021786,0.112311,0.067076,0.045235,0.143628,0.037061,0.106568
8968.T,2022-02-27,4,streak_4,0.016202,0.001901,0.014302,0.020091,-0.018546,0.038637,0.095917,0.067076,0.028842,0.086196,0.037061,0.049135
8473.T,2022-02-28,3,streak_3,0.005362,0.001901,0.003461,-0.021112,-0.018546,-0.002566,0.124329,0.067076,0.057253,-0.084206,0.037061,-0.121267
9627.T,2022-03-04,2,streak_2,-0.04717,-0.022267,-0.024903,-0.02673,-0.033375,0.006645,0.023584,0.043616,-0.020032,0.057283,0.051423,0.00586
6966.T,2022-03-14,2,streak_2,0.013021,0.005771,0.00725,0.468884,0.066156,0.402728,0.574528,0.046591,0.527937,0.360344,0.046241,0.314103
8986.T,2022-03-30,5,streak_5plus,-0.016338,-0.00797,-0.008368,-0.020592,-0.016439,-0.004153,-0.026549,-0.066045,0.039497,0.012594,-0.065819,0.078412
8961.T,2022-03-30,4,streak_4,-0.011176,-0.00797,-0.003206,-0.006302,-0.016439,0.010137,-0.00282,-0.066045,0.063225,-0.011176,-0.065819,0.054642
8952.T,2022-03-31,4,streak_4,0.011076,-0.007344,0.01842,-0.018987,-0.024153,0.005166,-0.004747,-0.042084,0.037337,-0.011076,-0.074629,0.063553
8227.T,2022-04-04,7,streak_5plus,-0.000926,0.002548,-0.003474,0.092506,-0.024591,0.117097,0.075856,-0.023944,0.099799,0.15171,-0.044911,0.196621
7649.T,2022-04-05,2,streak_2,0.019739,0.001857,0.017882,-0.041115,-0.032993,-0.008122,-0.136514,-0.051093,-0.085422,-0.001642,-0.058725,0.057083
8570.T,2022-04-07,6,streak_5plus,-0.01986,-0.016882,-0.002978,-0.037248,-0.01853,-0.018718,-0.024832,-0.041559,0.016727,0.043875,-0.030461,0.074335
2809.T,2022-04-08,5,streak_5plus,0.005737,0.00361,0.002126,-0.041501,0.010541,-0.052042,-0.018103,-0.042392,0.024289,0.033499,-0.002837,0.036335
6323.T,2022-04-11,3,streak_3,0.011057,-0.006088,0.017145,0.126266,0.003985,0.122281,-0.034101,-0.020678,-0.013423,-0.276496,-0.02405,-0.252446
3086.T,2022-04-12,3,streak_3,0.018485,-0.018134,0.036619,-0.009237,-0.000808,-0.008429,0.013348,-0.010228,0.023576,0.082138,-0.012779,0.094917
3048.T,2022-04-12,2,streak_2,-0.008021,-0.018134,0.010113,-0.000887,-0.000808,-7.9e-05,-0.026735,-0.010228,-0.016507,0.03654,-0.012779,0.049319
6432.T,2022-04-12,8,streak_5plus,-0.035224,-0.018134,-0.017089,-0.141682,-0.000808,-0.140874,-0.084539,-0.010228,-0.074311,-0.041095,-0.012779,-0.028316
9983.T,2022-04-14,4,streak_4,0.021441,0.012238,0.009203,0.105832,0.013946,0.091886,0.029674,0.002522,0.027152,0.307547,-0.00205,0.309597
4684.T,2022-04-21,2,streak_2,0.011674,0.012316,-0.000642,0.048361,-0.030545,0.078907,0.098944,-0.019842,0.118786,0.193999,0.017687,0.176312
6146.T,2022-04-21,3,streak_3,0.041597,0.012316,0.029281,0.064891,-0.030545,0.095436,0.118136,-0.019842,0.137978,0.038269,0.017687,0.020582
9843.T,2022-04-21,2,streak_2,0.017542,0.012316,0.005227,-0.035089,-0.030545,-0.004544,-0.054461,-0.019842,-0.034619,0.05738,0.017687,0.039693
4519.T,2022-04-25,4,streak_4,-0.004588,-0.018981,0.014393,-0.065201,-0.010578,-0.054623,-0.171939,-0.011943,-0.159995,-0.098886,0.022523,-0.121409
8060.T,2022-04-25,8,streak_5plus,-0.011868,-0.018981,0.007113,0.095329,-0.010578,0.105908,0.156203,-0.011943,0.168147,0.265451,0.022523,0.242928
4185.T,2022-04-25,4,streak_4,-0.02514,-0.018981,-0.006159,-0.027933,-0.010578,-0.017355,0.089385,-0.011943,0.101329,0.02933,0.022523,0.006807
6988.T,2022-04-26,3,streak_3,0.010405,0.004112,0.006293,0.035836,0.015523,0.020312,0.073986,0.029277,0.044709,-0.010405,0.046057,-0.056462
9022.T,2022-04-26,3,streak_3,0.019128,0.004112,0.015016,0.067734,0.015523,0.05221,0.024145,0.029277,-0.005132,-0.024145,0.046057,-0.070202
7309.T,2022-04-26,6,streak_5plus,0.038909,0.004112,0.034797,-0.040514,0.015523,-0.056037,-0.078821,0.029277,-0.108098,-0.123959,0.046057,-0.170017
9020.T,2022-04-27,2,streak_2,0.000728,-0.011746,0.012475,-0.017734,-0.014261,-0.003473,-0.038381,0.021711,-0.060092,0.009014,0.041256,-0.032241
4661.T,2022-04-27,2,streak_2,-0.021786,-0.011746,-0.01004,-0.206091,-0.014261,-0.19183,-0.146287,0.021711,-0.167998,-0.104047,0.041256,-0.145302
6861.T,2022-04-27,5,streak_5plus,-0.005337,-0.011746,0.006409,-0.006919,-0.014261,0.007342,0.019767,0.021711,-0.001944,0.036371,0.041256,-0.004885
8601.T,2022-04-27,5,streak_5plus,-0.033077,-0.011746,-0.021331,-0.015676,-0.014261,-0.001415,-0.018649,0.021711,-0.040361,-0.039189,0.041256,-0.080445
4204.T,2022-04-27,2,streak_2,0.015584,-0.011746,0.02733,0.047362,-0.014261,0.061623,0.109113,0.021711,0.087402,0.117505,0.041256,0.076249
6504.T,2022-04-27,5,streak_5plus,-0.030248,-0.011746,-0.018502,0.03025,-0.014261,0.044511,0.083631,0.021711,0.061919,0.062279,0.041256,0.021023
3092.T,2022-04-27,2,streak_2,-0.014025,-0.011746,-0.002278,-0.181933,-0.014261,-0.167672,-0.144858,0.021711,-0.166569,-0.108099,0.041256,-0.149355
6305.T,2022-04-27,4,streak_4,-0.009569,-0.011746,0.002178,-0.017543,-0.014261,-0.003282,-0.035086,0.021711,-0.056798,-0.069856,0.041256,-0.111112
1878.T,2022-04-28,9,streak_5plus,0.033858,0.017481,0.016377,-0.028902,-0.008314,-0.020588,-0.049543,0.040599,-0.090142,0.03138,0.060898,-0.029518
9001.T,2022-04-28,2,streak_2,-0.00205,0.017481,-0.019531,0.015021,-0.008314,0.023335,0.005803,0.040599,-0.034796,0.102763,0.060898,0.041865
8803.T,2022-04-28,5,streak_5plus,0.023871,0.017481,0.006389,-0.032664,-0.008314,-0.024349,-0.022611,0.040599,-0.06321,-0.027638,0.060898,-0.088535
5481.T,2022-04-28,4,streak_4,0.089519,0.017481,0.072037,0.068229,-0.008314,0.076543,0.149018,0.040599,0.108419,0.072593,0.060898,0.011696
9143.T,2022-04-28,9,streak_5plus,0.02825,0.017481,0.010769,0.044394,-0.008314,0.052708,0.067266,0.040599,0.026667,0.040362,0.060898,-0.020536
7821.T,2022-04-28,3,streak_3,0.028976,0.017481,0.011495,-0.08865,-0.008314,-0.080336,-0.078303,0.040599,-0.118902,0.090791,0.060898,0.029893
5333.T,2022-04-28,7,streak_5plus,0.044721,0.017481,0.02724,0.066184,-0.008314,0.074498,0.158019,0.040599,0.11742,0.150863,0.060898,0.089965
6981.T,2022-04-28,10,streak_5plus,0.029999,0.017481,0.012518,0.090261,-0.008314,0.098575,0.10519,0.040599,0.064591,0.029603,0.060898,-0.031295
6702.T,2022-04-28,2,streak_2,-0.016578,0.017481,-0.03406,0.024739,-0.008314,0.033053,0.030263,0.040599,-0.010336,-0.089999,0.060898,-0.150897
6592.T,2022-04-28,2,streak_2,-0.01135,0.017481,-0.028832,-0.015606,-0.008314,-0.007292,0.043966,0.040599,0.003367,0.099698,0.060898,0.038801
6028.T,2022-04-28,9,streak_5plus,0.024616,0.017481,0.007135,-0.109536,-0.008314,-0.101222,-0.083076,0.040599,-0.123675,-0.00275,0.060898,-0.063647
6724.T,2022-04-28,7,streak_5plus,0.02135,0.017481,0.003869,0.099998,-0.008314,0.108312,0.231461,0.040599,0.190862,0.123033,0.060898,0.062135
5334.T,2022-04-28,8,streak_5plus,0.041144,0.017481,0.023663,0.198439,-0.008314,0.206754,0.317711,0.040599,0.277112,0.385414,0.060898,0.324517
5938.T,2022-04-28,4,streak_4,0.026862,0.017481,0.00938,0.089081,-0.008314,0.097395,0.123995,0.040599,0.083396,0.146823,0.060898,0.085925
5471.T,2022-04-28,6,streak_5plus,0.097781,0.017481,0.080299,0.051855,-0.008314,0.060169,0.106665,0.040599,0.066066,0.176306,0.060898,0.115408
9412.T,2022-04-28,2,streak_2,0.034492,0.017481,0.017011,0.152716,-0.008314,0.16103,0.162575,0.040599,0.121976,0.339897,0.060898,0.278999
5332.T,2022-04-28,7,streak_5plus,0.017402,0.017481,-7.9e-05,0.029004,-0.008314,0.037318,0.027844,0.040599,-0.012755,0.12065,0.060898,0.059753
6967.T,2022-04-28,6,streak_5plus,-0.008682,0.017481,-0.026163,-0.132813,-0.008314,-0.124499,-0.190973,0.040599,-0.231572,-0.386286,0.060898,-0.447183
3064.T,2022-04-28,2,streak_2,-0.010948,0.017481,-0.028429,-0.116025,-0.008314,-0.107711,-0.155867,0.040599,-0.196466,0.114373,0.060898,0.053476
6301.T,2022-04-28,7,streak_5plus,0.008631,0.017481,-0.00885,0.06975,-0.008314,0.078065,0.146406,0.040599,0.105807,0.028485,0.060898,-0.032413
6770.T,2022-04-28,2,streak_2,0.029411,0.017481,0.01193,0.181809,-0.008314,0.190123,0.281631,0.040599,0.241032,0.063277,0.060898,0.002379
2212.T,2022-04-28,2,streak_2,0.0262,0.017481,0.008718,0.084347,-0.008314,0.092661,-0.018529,0.040599,-0.059128,0.024284,0.060898,-0.036614
9104.T,2022-04-28,8,streak_5plus,-0.017601,0.017481,-0.035083,0.007999,-0.008314,0.016313,0.124797,0.040599,0.084198,0.207996,0.060898,0.147098
9007.T,2022-04-28,2,streak_2,-0.014953,0.017481,-0.032435,-0.061815,-0.008314,-0.0535,-0.140078,0.040599,-0.180677,-0.036891,0.060898,-0.097788
5214.T,2022-04-28,3,streak_3,0.026615,0.017481,0.009134,0.063015,-0.008314,0.071329,0.080625,0.040599,0.040027,0.004627,0.060898,-0.056271
3287.T,2022-04-29,5,streak_5plus,0.001495,-0.001088,0.002583,-0.010463,-0.023619,0.013155,0.035874,0.021087,0.014788,-0.038864,0.027823,-0.066687
9008.T,2022-05-02,2,streak_2,-0.008008,-0.001088,-0.00692,-0.063064,-0.023619,-0.039445,-0.128127,0.021087,-0.149214,0.023024,0.027823,-0.004799
8031.T,2022-05-02,10,streak_5plus,0.013333,-0.001088,0.014421,-0.013013,-0.023619,0.010606,0.035557,0.021087,0.01447,-0.078574,0.027823,-0.106397
8056.T,2022-05-06,4,streak_4,0.001544,0.006899,-0.005356,-0.124999,-0.039891,-0.085108,-0.105861,0.035164,-0.141025,-0.133333,0.03443,-0.167763
8002.T,2022-05-06,8,streak_5plus,-0.002808,0.006899,-0.009707,-0.079945,-0.039891,-0.040054,-0.029456,0.035164,-0.06462,-0.121317,0.03443,-0.155747
9831.T,2022-05-06,8,streak_5plus,0.007711,0.006899,0.000812,0.154638,-0.039891,0.194529,0.208754,0.035164,0.17359,0.195856,0.03443,0.161425
5411.T,2022-05-06,4,streak_4,0.0,0.006899,-0.006899,-0.057086,-0.039891,-0.017195,-0.013803,0.035164,-0.048967,-0.075282,0.03443,-0.109712
6806.T,2022-05-06,8,streak_5plus,0.001801,0.006899,-0.005098,0.04982,-0.039891,0.089711,0.094838,0.035164,0.059675,0.159664,0.03443,0.125233
9101.T,2022-05-09,6,streak_5plus,-0.009175,-0.025338,0.016164,-0.011214,-0.021327,0.010113,0.089707,0.033786,0.055921,0.115187,0.03439,0.080798
4368.T,2022-05-09,9,streak_5plus,-0.019507,-0.025338,0.005831,-0.020805,-0.021327,0.000522,0.042914,0.033786,0.009128,-0.055916,0.03439,-0.090305
2206.T,2022-05-09,5,streak_5plus,-0.009408,-0.025338,0.01593,0.008065,-0.021327,0.029393,0.004033,0.033786,-0.029753,0.021053,0.03439,-0.013337
9107.T,2022-05-09,8,streak_5plus,0.078219,-0.025338,0.103557,0.220683,-0.021327,0.24201,0.494424,0.033786,0.460638,0.413417,0.03439,0.379027
6963.T,2022-05-10,3,streak_3,0.006497,-0.005784,0.012282,0.034668,0.008652,0.026017,0.14951,0.061727,0.087783,0.113756,0.070539,0.043217
6841.T,2022-05-10,3,streak_3,-0.029028,-0.005784,-0.023244,0.080313,0.008652,0.071661,0.166428,0.061727,0.104701,0.119982,0.070539,0.049443
7013.T,2022-05-10,4,streak_4,-0.043605,-0.005784,-0.037821,0.085765,0.008652,0.077113,0.342112,0.061727,0.280385,0.134364,0.070539,0.063825
4912.T,2022-05-10,7,streak_5plus,0.033311,-0.005784,0.039096,0.012584,0.008652,0.003933,0.074023,0.061727,0.012296,0.128929,0.070539,0.05839
2432.T,2022-05-10,8,streak_5plus,-0.003698,-0.005784,0.002086,0.014263,0.008652,0.005611,-0.038567,0.061727,-0.100294,0.030637,0.070539,-0.039902
9519.T,2022-05-10,6,streak_5plus,-0.042929,-0.005784,-0.037145,0.208965,0.008652,0.200313,0.274621,0.061727,0.212894,0.590909,0.070539,0.52037
5713.T,2022-05-10,4,streak_4,-0.050044,-0.005784,-0.04426,-0.09372,0.008652,-0.102372,0.009282,0.061727,-0.052445,-0.242401,0.070539,-0.31294
6976.T,2022-05-10,8,streak_5plus,-0.020599,-0.005784,-0.014815,-0.065543,0.008652,-0.074195,0.084269,0.061727,0.022542,-0.153559,0.070539,-0.224098
4547.T,2022-05-10,9,streak_5plus,-0.003908,-0.005784,0.001877,-0.015249,0.008652,-0.023901,-0.02659,0.061727,-0.088317,-0.047712,0.070539,-0.118251
2229.T,2022-05-10,6,streak_5plus,0.013438,-0.005784,0.019222,0.090595,0.008652,0.081943,0.034243,0.061727,-0.027484,0.231902,0.070539,0.161363
9142.T,2022-05-10,2,streak_2,-0.017509,-0.005784,-0.011725,0.002333,0.008652,-0.006319,0.035798,0.061727,-0.025929,0.083655,0.070539,0.013116
4165.T,2022-05-10,3,streak_3,-0.035349,-0.005784,-0.029564,-0.445581,0.008652,-0.454233,-0.527442,0.061727,-0.589169,-0.622326,0.070539,-0.692864
7974.T,2022-05-10,2,streak_2,0.002491,-0.005784,0.008276,0.002135,0.008652,-0.006517,0.039487,0.061727,-0.02224,0.044468,0.070539,-0.026071
1414.T,2022-05-10,8,streak_5plus,0.007449,-0.005784,0.013234,0.026071,0.008652,0.017419,0.089387,0.061727,0.02766,0.111398,0.070539,0.04086
6750.T,2022-05-10,5,streak_5plus,-0.010163,-0.005784,-0.004379,-0.021597,0.008652,-0.030249,-0.003175,0.061727,-0.064902,0.109911,0.070539,0.039372
5401.T,2022-05-10,6,streak_5plus,-0.01622,-0.005784,-0.010436,0.034783,0.008652,0.026131,0.136303,0.061727,0.074576,0.058119,0.070539,-0.01242
4151.T,2022-05-10,2,streak_2,0.000758,-0.005784,0.006543,0.052912,0.008652,0.04426,0.048723,0.061727,-0.013004,0.198832,0.070539,0.128293
6302.T,2022-05-10,2,streak_2,0.00616,-0.005784,0.011944,0.064856,0.008652,0.056204,0.179349,0.061727,0.117622,0.09058,0.070539,0.020041
2282.T,2022-05-10,8,streak_5plus,0.008717,-0.005784,0.014502,0.006227,0.008652,-0.002425,-0.007471,0.061727,-0.069198,-0.007471,0.070539,-0.07801
4732.T,2022-05-10,2,streak_2,0.008762,-0.005784,0.014546,0.159062,0.008652,0.15041,0.116645,0.061727,0.054918,0.061782,0.070539,-0.008757
6758.T,2022-05-10,2,streak_2,-0.031365,-0.005784,-0.025581,0.031365,0.008652,0.022713,0.118542,0.061727,0.056815,0.077952,0.070539,0.007414
7211.T,2022-05-10,7,streak_5plus,-0.020596,-0.005784,-0.014812,0.082352,0.008652,0.0737,0.229412,0.061727,0.167685,0.391165,0.070539,0.320626
7735.T,2022-05-11,6,streak_5plus,0.020018,0.001779,0.018239,0.108675,0.018827,0.089847,0.152527,0.079,0.073527,-0.043852,0.079565,-0.123417
3626.T,2022-05-11,6,streak_5plus,0.009187,0.001779,0.007409,0.18578,0.018827,0.166953,0.163663,0.079,0.084663,0.298063,0.079565,0.218497
4901.T,2022-05-11,8,streak_5plus,0.01507,0.001779,0.013291,-0.016344,0.018827,-0.035171,0.067202,0.079,-0.011797,0.064101,0.079565,-0.015464
4985.T,2022-05-11,3,streak_3,-0.009043,0.001779,-0.010822,-0.047016,0.018827,-0.065844,-0.0434,0.079,-0.1224,-0.0434,0.079565,-0.122966
2802.T,2022-05-11,8,streak_5plus,0.009632,0.001779,0.007853,0.039167,0.018827,0.02034,0.011622,0.079,-0.067378,0.228678,0.079565,0.149113
3289.T,2022-05-11,3,streak_3,-0.016947,0.001779,-0.018725,0.023125,0.018827,0.004297,0.080125,0.079,0.001125,0.101696,0.079565,0.022131
7832.T,2022-05-11,2,streak_2,0.022213,0.001779,0.020434,0.085327,0.018827,0.0665,0.189226,0.079,0.110226,0.21617,0.079565,0.136605
6641.T,2022-05-11,5,streak_5plus,-0.012546,0.001779,-0.014325,0.082657,0.018827,0.06383,0.154244,0.079,0.075244,0.129889,0.079565,0.050324
6762.T,2022-05-11,3,streak_3,-0.008604,0.001779,-0.010383,0.052889,0.018827,0.034062,0.173437,0.079,0.094437,0.17959,0.079565,0.100025
7936.T,2022-05-11,5,streak_5plus,0.027172,0.001779,0.025393,0.242953,0.018827,0.224126,0.426217,0.079,0.347217,0.3825,0.079565,0.302934
7203.T,2022-05-11,8,streak_5plus,-0.044295,0.001779,-0.046073,-0.066791,0.018827,-0.085618,0.02364,0.079,-0.05536,-0.028691,0.079565,-0.108256
4186.T,2022-05-11,3,streak_3,-0.004321,0.001779,-0.0061,0.037461,0.018827,0.018634,0.118154,0.079,0.039154,0.065411,0.079565,-0.014155
6925.T,2022-05-11,4,streak_4,-0.004153,0.001779,-0.005931,-0.029674,0.018827,-0.048501,0.075965,0.079,-0.003035,0.080118,0.079565,0.000553
2317.T,2022-05-11,2,streak_2,-0.007233,0.001779,-0.009012,0.099041,0.018827,0.080214,0.091808,0.079,0.012808,0.101452,0.079565,0.021887
9697.T,2022-05-11,2,streak_2,0.010525,0.001779,0.008746,0.08872,0.018827,0.069893,0.045112,0.079,-0.033888,0.078196,0.079565,-0.00137
6448.T,2022-05-11,4,streak_4,-0.006067,0.001779,-0.007846,-0.035981,0.018827,-0.054808,0.071523,0.079,-0.007477,0.118337,0.079565,0.038771
6465.T,2022-05-11,2,streak_2,-0.064677,0.001779,-0.066456,-0.058458,0.018827,-0.077285,-0.009951,0.079,-0.088951,0.009848,0.079565,-0.069717
4613.T,2022-05-11,3,streak_3,0.010059,0.001779,0.008281,-0.117315,0.018827,-0.136142,-0.01899,0.079,-0.09799,0.217324,0.079565,0.137758
9513.T,2022-05-11,2,streak_2,-0.000547,0.001779,-0.002325,0.166118,0.018827,0.147291,0.21858,0.079,0.13958,0.078691,0.079565,-0.000875
8830.T,2022-05-12,3,streak_3,0.018315,-0.017736,0.036051,-0.006604,0.026611,-0.033215,0.111379,0.077545,0.033834,0.040229,0.068145,-0.027916
5232.T,2022-05-12,5,streak_5plus,-0.01028,-0.017736,0.007456,-0.054331,0.026611,-0.080942,-0.042584,0.077545,-0.120129,0.044055,0.068145,-0.02409
7011.T,2022-05-12,2,streak_2,0.029672,-0.017736,0.047408,0.11547,0.026611,0.08886,0.270197,0.077545,0.192652,0.054528,0.068145,-0.013617
8331.T,2022-05-12,7,streak_5plus,0.005627,-0.017736,0.023363,-0.043597,0.026611,-0.070208,-0.001403,0.077545,-0.078948,0.033761,0.068145,-0.034383
6728.T,2022-05-12,2,streak_2,-0.013751,-0.017736,0.003984,0.05501,0.026611,0.0284,0.068764,0.077545,-0.008781,0.021717,0.068145,-0.046428
7762.T,2022-05-12,5,streak_5plus,-0.004054,-0.017736,0.013682,0.081133,0.026611,0.054523,0.19067,0.077545,0.113125,0.198779,0.068145,0.130634
6481.T,2022-05-12,2,streak_2,-0.007734,-0.017736,0.010002,0.015087,0.026611,-0.011523,0.135783,0.077545,0.058237,0.07106,0.068145,0.002915
3769.T,2022-05-12,2,streak_2,-0.062816,-0.017736,-0.04508,0.037488,0.026611,0.010877,0.079027,0.077545,0.001482,0.157042,0.068145,0.088897
6965.T,2022-05-12,2,streak_2,-0.026133,-0.017736,-0.008397,0.01568,0.026611,-0.010931,0.083625,0.077545,0.006079,0.090593,0.068145,0.022448
6103.T,2022-05-12,3,streak_3,-0.002119,-0.017736,0.015617,0.079364,0.026611,0.052753,0.210583,0.077545,0.133037,0.119574,0.068145,0.051429
9432.T,2022-05-12,4,streak_4,-0.020349,-0.017736,-0.002613,0.011701,0.026611,-0.01491,0.021294,0.077545,-0.056252,-0.031541,0.068145,-0.099686
3405.T,2022-05-12,3,streak_3,0.061444,-0.017736,0.07918,0.026465,0.026611,-0.000145,0.090744,0.077545,0.013199,0.014087,0.068145,-0.054058
6622.T,2022-05-12,8,streak_5plus,-0.016152,-0.017736,0.001584,0.041723,0.026611,0.015112,0.209961,0.077545,0.132416,0.020189,0.068145,-0.047955
2579.T,2022-05-12,2,streak_2,0.006861,-0.017736,0.024597,0.020576,0.026611,-0.006035,0.009604,0.077545,-0.067941,0.021211,0.068145,-0.046934
9766.T,2022-05-12,4,streak_4,-0.029832,-0.017736,-0.012096,0.094681,0.026611,0.06807,0.12581,0.077545,0.048264,-0.084306,0.068145,-0.152451
3659.T,2022-05-12,3,streak_3,-0.020835,-0.017736,-0.003099,0.024864,0.026611,-0.001746,0.10047,0.077545,0.022925,-0.05278,0.068145,-0.120925
3436.T,2022-05-12,6,streak_5plus,-0.003601,-0.017736,0.014135,0.017994,0.026611,-0.008617,0.087917,0.077545,0.010371,0.022367,0.068145,-0.045778
8252.T,2022-05-12,5,streak_5plus,0.000458,-0.017736,0.018194,0.117029,0.026611,0.090418,0.136301,0.077545,0.058756,0.096378,0.068145,0.028233
4114.T,2022-05-12,2,streak_2,-0.028471,-0.017736,-0.010736,-0.017083,0.026611,-0.043693,0.066413,0.077545,-0.011133,0.060718,0.068145,-0.007427
3110.T,2022-05-12,5,streak_5plus,-0.038751,-0.017736,-0.021015,-0.055418,0.026611,-0.082029,0.127085,0.077545,0.04954,0.068332,0.068145,0.000187
8035.T,2022-05-12,5,streak_5plus,-0.016752,-0.017736,0.000984,0.087035,0.026611,0.060425,0.047159,0.077545,-0.030387,-0.169702,0.068145,-0.237847
9613.T,2022-05-12,4,streak_4,-0.098505,-0.017736,-0.080769,-0.093665,0.026611,-0.120276,-0.129286,0.077545,-0.206832,-0.1029,0.068145,-0.171045
4088.T,2022-05-12,3,streak_3,-0.010112,-0.017736,0.007624,0.044021,0.026611,0.01741,0.036883,0.077545,-0.040662,0.041046,0.068145,-0.027099
7731.T,2022-05-12,6,streak_5plus,0.005512,-0.017736,0.023248,0.019969,0.026611,-0.006641,0.184574,0.077545,0.107029,0.068869,0.068145,0.000724
9749.T,2022-05-12,3,streak_3,-0.002963,-0.017736,0.014773,0.025185,0.026611,-0.001426,0.109629,0.077545,0.032084,0.166668,0.068145,0.098523
5105.T,2022-05-12,5,streak_5plus,0.035739,-0.017736,0.053475,0.212372,0.026611,0.185762,0.276287,0.077545,0.198742,0.308931,0.068145,0.240786
3288.T,2022-05-13,3,streak_3,0.036763,0.026368,0.010395,0.063023,0.025404,0.037619,0.136554,0.080609,0.055945,0.226889,0.080416,0.146473
6178.T,2022-05-13,4,streak_4,0.009446,0.026368,-0.016922,0.062834,0.025404,0.03743,0.07554,0.080609,-0.005069,0.069803,0.080416,-0.010613
6849.T,2022-05-13,2,streak_2,0.020899,0.026368,-0.005469,0.016081,0.025404,-0.009323,-0.024115,0.080609,-0.104724,0.0,0.080416,-0.080416
2897.T,2022-05-13,3,streak_3,-0.012431,0.026368,-0.038798,-0.01808,0.025404,-0.043484,-0.059888,0.080609,-0.140496,0.077968,0.080416,-0.002448
4005.T,2022-05-13,6,streak_5plus,0.003524,0.026368,-0.022843,-0.07908,0.025404,-0.104484,-0.007029,0.080609,-0.087638,-0.019325,0.080416,-0.099741
8354.T,2022-05-13,3,streak_3,-0.010615,0.026368,-0.036983,-0.013709,0.025404,-0.039114,0.072538,0.080609,-0.008071,0.06723,0.080416,-0.013186
6951.T,2022-05-13,4,streak_4,0.058511,0.026368,0.032143,0.081561,0.025404,0.056157,0.047873,0.080609,-0.032736,0.062058,0.080416,-0.018359
9684.T,2022-05-13,5,streak_5plus,0.001918,0.026368,-0.02445,0.18618,0.025404,0.160776,0.190021,0.080609,0.109412,0.161233,0.080416,0.080816
5711.T,2022-05-13,11,streak_5plus,0.021959,0.026368,-0.004409,-0.003579,0.025404,-0.028983,0.036772,0.080609,-0.043837,0.107759,0.080416,0.027343
7988.T,2022-05-13,8,streak_5plus,0.01705,0.026368,-0.009318,0.032985,0.025404,0.007581,0.189769,0.080609,0.10916,0.191622,0.080416,0.111206
7267.T,2022-05-13,8,streak_5plus,0.021859,0.026368,-0.004508,-0.015702,0.025404,-0.041106,0.045863,0.080609,-0.034746,0.054473,0.080416,-0.025943
5101.T,2022-05-13,3,streak_3,0.034915,0.026368,0.008548,-0.001812,0.025404,-0.027216,0.087292,0.080609,0.006683,0.284532,0.080416,0.204116
8369.T,2022-05-13,2,streak_2,0.025878,0.026368,-0.00049,-0.040666,0.025404,-0.06607,0.103512,0.080609,0.022903,-0.001848,0.080416,-0.082265
4612.T,2022-05-13,2,streak_2,0.016952,0.026368,-0.009416,-0.051845,0.025404,-0.077249,-0.012961,0.080609,-0.09357,0.082946,0.080416,0.00253
3099.T,2022-05-13,6,streak_5plus,0.021965,0.026368,-0.004403,0.08158,0.025404,0.056176,0.198742,0.080609,0.118133,0.057525,0.080416,-0.022891
2264.T,2022-05-13,2,streak_2,-0.086255,0.026368,-0.112623,-0.048142,0.025404,-0.073547,-0.114343,0.080609,-0.194952,-0.135403,0.080416,-0.215819
6502.T,2022-05-13,6,streak_5plus,0.010993,0.026368,-0.015375,0.028508,0.025404,0.003103,0.05627,0.080609,-0.024339,0.003157,0.080416,-0.077259
6460.T,2022-05-13,8,streak_5plus,0.00624,0.026368,-0.020128,0.057933,0.025404,0.032529,0.060159,0.080609,-0.02045,-0.125224,0.080416,-0.20564
6383.T,2022-05-13,2,streak_2,0.018032,0.026368,-0.008336,0.148407,0.025404,0.123003,0.148407,0.080609,0.067799,0.155339,0.080416,0.074923
9517.T,2022-05-13,3,streak_3,-0.026156,0.026368,-0.052524,0.191827,0.025404,0.166423,0.19564,0.080609,0.115031,0.370025,0.080416,0.289609
7261.T,2022-05-13,6,streak_5plus,0.022307,0.026368,-0.00406,0.137923,0.025404,0.112519,0.190663,0.080609,0.110054,0.268756,0.080416,0.18834
6472.T,2022-05-13,2,streak_2,0.019045,0.026368,-0.007323,0.176189,0.025404,0.150785,0.409512,0.080609,0.328903,0.223801,0.080416,0.143384
6055.T,2022-05-13,8,streak_5plus,0.021947,0.026368,-0.004421,-0.028373,0.025404,-0.053777,0.006421,0.080609,-0.074188,-0.023555,0.080416,-0.103971
9433.T,2022-05-13,2,streak_2,0.01433,0.026368,-0.012038,0.074278,0.025404,0.048874,0.071891,0.080609,-0.008718,-0.008598,0.080416,-0.089014
3088.T,2022-05-13,2,streak_2,-0.004677,0.026368,-0.031044,0.109808,0.025404,0.084404,0.189239,0.080609,0.10863,0.193916,0.080416,0.1135
5020.T,2022-05-13,5,streak_5plus,0.064652,0.026368,0.038284,0.094418,0.025404,0.069014,0.219039,0.080609,0.13843,0.065937,0.080416,-0.014479
5714.T,2022-05-13,3,streak_3,0.019018,0.026368,-0.007349,-0.096096,0.025404,-0.121501,-0.054054,0.080609,-0.134663,-0.042042,0.080416,-0.122459
6740.T,2022-05-13,5,streak_5plus,0.0,0.026368,-0.026368,-0.071429,0.025404,-0.096833,-0.042857,0.080609,-0.123466,-0.142857,0.080416,-0.223273
7181.T,2022-05-13,23,streak_5plus,0.000949,0.026368,-0.025419,0.016659,0.025404,-0.008745,0.042361,0.080609,-0.038248,-0.01571,0.080416,-0.096127
1662.T,2022-05-13,2,streak_2,0.033278,0.026368,0.006911,0.054033,0.025404,0.028629,0.428588,0.080609,0.34798,0.330733,0.080416,0.250317
8316.T,2022-05-13,5,streak_5plus,0.009421,0.026368,-0.016947,0.018328,0.025404,-0.007076,0.041101,0.080609,-0.039508,0.069381,0.080416,-0.011035
6324.T,2022-05-13,2,streak_2,0.036242,0.026368,0.009875,0.128502,0.025404,0.103098,0.149917,0.080609,0.069308,0.700166,0.080416,0.619749
7202.T,2022-05-13,4,streak_4,0.021649,0.026368,-0.004718,0.020296,0.025404,-0.005108,0.112985,0.080609,0.032376,0.044653,0.080416,-0.035764
6273.T,2022-05-13,6,streak_5plus,0.012145,0.026368,-0.014223,0.094493,0.025404,0.069089,0.157877,0.080609,0.077268,0.09283,0.080416,0.012414
3076.T,2022-05-16,3,streak_3,-0.009883,0.004518,-0.014401,0.022234,0.011782,0.010451,-0.002467,0.021182,-0.023649,0.128204,0.080194,0.04801
9435.T,2022-05-16,4,streak_4,-0.040226,0.004518,-0.044744,-0.007058,0.011782,-0.01884,-0.023288,0.021182,-0.044471,0.049009,0.080194,-0.031185
6098.T,2022-05-16,9,streak_5plus,0.029852,0.004518,0.025334,0.073751,0.011782,0.061968,-0.066505,0.021182,-0.087687,0.137402,0.080194,0.057208
6890.T,2022-05-16,7,streak_5plus,0.024278,0.004518,0.01976,0.191291,0.011782,0.179508,0.107156,0.021182,0.085974,0.08539,0.080194,0.005196
8306.T,2022-05-16,10,streak_5plus,-0.002596,0.004518,-0.007114,-0.00683,0.011782,-0.018612,0.006984,0.021182,-0.014198,-0.005053,0.080194,-0.085247
8304.T,2022-05-16,4,streak_4,-0.004246,0.004518,-0.008764,0.011578,0.011782,-0.000205,0.024315,0.021182,0.003133,0.06619,0.080194,-0.014004
8630.T,2022-05-20,2,streak_2,0.017452,0.012733,0.004719,0.1122,0.007651,0.104549,0.166788,-0.016659,0.183447,0.177236,0.096176,0.081061
8966.T,2022-05-30,3,streak_3,0.021366,0.021946,-0.00058,0.044483,0.036594,0.007889,-0.011559,0.003351,-0.01491,0.102627,0.069445,0.033181
3279.T,2022-05-30,5,streak_5plus,0.002451,0.021946,-0.019495,2.4e-05,0.036594,-0.03657,-0.020607,0.003351,-0.023958,0.044928,0.069445,-0.024517
8976.T,2022-05-30,5,streak_5plus,0.050671,0.021946,0.028725,0.028316,0.036594,-0.008278,0.016393,0.003351,0.013043,0.058122,0.069445,-0.011323
3283.T,2022-05-31,3,streak_3,-0.018598,-0.003269,-0.015329,-0.004292,0.019972,-0.024264,-0.038627,-0.011685,-0.026942,-0.008584,0.018622,-0.027206
6966.T,2022-06-10,3,streak_3,-0.006873,-0.014943,0.008071,-0.208762,-0.06426,-0.144502,-0.276631,-0.061218,-0.215412,-0.273228,-0.006417,-0.266811
4384.T,2022-06-10,2,streak_2,-0.035543,-0.014943,-0.0206,-0.357171,-0.06426,-0.292911,-0.152146,-0.061218,-0.090927,-0.042044,-0.006417,-0.035627
8227.T,2022-06-27,8,streak_5plus,0.000916,0.014318,-0.013401,0.11162,-0.021001,0.132621,0.195792,0.043909,0.151883,0.143332,0.003016,0.140316
7649.T,2022-06-28,3,streak_3,0.0073,0.006632,0.000668,0.085767,-0.0267,0.112467,0.087595,0.031427,0.056168,0.067362,-0.025955,0.093317
8963.T,2022-06-29,5,streak_5plus,-0.002109,-0.009053,0.006944,-0.017171,-0.023143,0.005972,0.011699,0.028319,-0.01662,0.129688,-0.023195,0.152884
3086.T,2022-06-30,4,streak_4,0.004332,-0.01536,0.019691,-0.087447,-0.026001,-0.061446,-0.034633,0.037197,-0.07183,0.032391,-0.03236,0.064751
8570.T,2022-07-05,7,streak_5plus,0.014768,0.010311,0.004458,0.016321,0.025178,-0.008857,0.096355,0.060721,0.035633,0.153554,0.036963,0.116591
2471.T,2022-07-05,2,streak_2,0.027148,0.010311,0.016838,-0.1331,0.025178,-0.158277,-0.082307,0.060721,-0.143028,-0.150608,0.036963,-0.187571
6323.T,2022-07-11,4,streak_4,0.00818,0.011129,-0.002949,-0.092282,0.01023,-0.102512,0.015194,0.055917,-0.040724,-0.156533,-0.004545,-0.151989
3048.T,2022-07-12,3,streak_3,-0.008501,-0.01774,0.009239,-0.005101,0.005571,-0.010672,-0.002555,0.037559,-0.040114,0.012247,-0.021438,0.033685
6432.T,2022-07-12,9,streak_5plus,-0.059301,-0.01774,-0.041561,0.040106,0.005571,0.034535,0.080632,0.037559,0.043074,0.101963,-0.021438,0.123402
9983.T,2022-07-14,5,streak_5plus,0.014906,0.006223,0.008683,0.158032,0.050017,0.108015,0.232561,0.090381,0.14218,0.223563,0.011217,0.212346
4684.T,2022-07-21,3,streak_3,0.009648,0.004434,0.005214,0.020745,0.001282,0.019462,0.027498,0.045161,-0.017663,0.017377,-0.028529,0.045906
8060.T,2022-07-25,9,streak_5plus,-0.000342,-0.007717,0.007375,0.059884,-0.004049,0.063933,0.088804,0.019276,0.069528,0.090505,-0.023806,0.114311
9697.T,2022-07-26,3,streak_3,0.006526,-0.00159,0.008116,-0.035248,0.010618,-0.045866,-0.031332,0.022175,-0.053507,-0.000424,-0.009654,0.00923
6988.T,2022-07-26,4,streak_4,-0.008925,-0.00159,-0.007335,-0.037944,0.010618,-0.048562,-0.018969,0.022175,-0.041144,-0.085424,-0.009654,-0.07577
7309.T,2022-07-26,7,streak_5plus,-0.006067,-0.00159,-0.004477,-0.001083,0.010618,-0.011701,0.095341,0.022175,0.073166,-0.016685,-0.009654,-0.007031
9022.T,2022-07-27,4,streak_4,0.022222,0.002189,0.020033,0.034967,-0.002187,0.037153,0.047711,0.029788,0.017923,0.106239,-0.011208,0.117447
7211.T,2022-07-27,8,streak_5plus,-0.022227,0.002189,-0.024416,0.039994,-0.002187,0.042181,0.193329,0.029788,0.163541,0.077759,-0.011208,0.088967
6807.T,2022-07-27,2,streak_2,0.004504,0.002189,0.002314,0.018019,-0.002187,0.020206,0.059009,0.029788,0.02922,-0.024279,-0.011208,-0.01307
9502.T,2022-07-27,2,streak_2,-0.023014,0.002189,-0.025204,0.046029,-0.002187,0.048216,0.043061,0.029788,0.013273,-0.077096,-0.011208,-0.065887
7735.T,2022-07-27,7,streak_5plus,0.024598,0.002189,0.022409,0.024598,-0.002187,0.026785,0.041709,0.029788,0.011921,-0.121925,-0.011208,-0.110716
6981.T,2022-07-28,11,streak_5plus,0.000381,0.003598,-0.003218,-0.025892,0.000944,-0.026835,-0.034064,0.033397,-0.067462,-0.099869,-0.022029,-0.07784
6305.T,2022-07-28,5,streak_5plus,0.001641,0.003598,-0.001957,-0.084403,0.000944,-0.085346,-0.019707,0.033397,-0.053104,-0.040193,-0.022029,-0.018164
4204.T,2022-07-28,3,streak_3,0.023952,0.003598,0.020353,-0.018092,0.000944,-0.019035,0.020224,0.033397,-0.013174,-0.004913,-0.022029,0.017116
3003.T,2022-07-28,2,streak_2,-0.019457,0.003598,-0.023056,-0.038925,0.000944,-0.039869,-0.012972,0.033397,-0.046369,-0.025943,-0.022029,-0.003914
6504.T,2022-07-28,6,streak_5plus,-0.001735,0.003598,-0.005334,0.03646,0.000944,0.035516,0.065973,0.033397,0.032575,-0.019532,-0.022029,0.002497
3231.T,2022-07-28,2,streak_2,0.0,0.003598,-0.003598,-0.021399,0.000944,-0.022343,0.039759,0.033397,0.006362,0.035863,-0.022029,0.057892
5481.T,2022-07-28,5,streak_5plus,-0.004272,0.003598,-0.00787,-0.006941,0.000944,-0.007885,0.127141,0.033397,0.093743,0.029964,-0.022029,0.051993
5332.T,2022-07-29,8,streak_5plus,0.0,-0.000498,0.000498,0.027746,0.004196,0.02355,0.056602,0.002282,0.05432,-0.046629,-0.008198,-0.038431
9007.T,2022-07-29,3,streak_3,0.029253,-0.000498,0.029751,0.036293,0.004196,0.032097,0.004333,0.002282,0.002051,-0.041714,-0.008198,-0.033516
3092.T,2022-07-29,3,streak_3,0.007029,-0.000498,0.007526,0.155466,0.004196,0.151269,0.083354,0.002282,0.081071,0.122376,-0.008198,0.130573
9143.T,2022-07-29,10,streak_5plus,-0.000792,-0.000498,-0.000295,-0.089328,0.004196,-0.093524,-0.097631,0.002282,-0.099913,-0.2107,-0.008198,-0.202502
5333.T,2022-07-29,8,streak_5plus,-0.018234,-0.000498,-0.017736,-0.0233,0.004196,-0.027496,-0.01722,0.002282,-0.019503,-0.104099,-0.008198,-0.095902
5214.T,2022-07-29,4,streak_4,0.0,-0.000498,0.000498,-0.046213,0.004196,-0.050409,-0.008714,0.002282,-0.010996,-0.023484,-0.008198,-0.015287
7947.T,2022-07-29,2,streak_2,-0.016747,-0.000498,-0.01625,0.116585,0.004196,0.112388,0.082103,0.002282,0.079821,0.171416,-0.008198,0.179613
6724.T,2022-07-29,8,streak_5plus,-0.014383,-0.000498,-0.013885,0.017861,0.004196,0.013665,0.085317,0.002282,0.083035,0.020907,-0.008198,0.029104
7988.T,2022-07-29,9,streak_5plus,0.006267,-0.000498,0.006765,-0.015677,0.004196,-0.019873,-0.021944,0.002282,-0.024227,0.094159,-0.008198,0.102356
9104.T,2022-07-29,9,streak_5plus,0.015364,-0.000498,0.015862,0.055864,0.004196,0.051668,0.033518,0.002282,0.031236,-0.085773,-0.008198,-0.077575
6963.T,2022-07-29,4,streak_4,-0.029672,-0.000498,-0.029175,-0.001979,0.004196,-0.006175,0.012859,0.002282,0.010577,0.046201,-0.008198,0.054399
2914.T,2022-07-29,2,streak_2,-0.018704,-0.000498,-0.018206,-0.061036,0.004196,-0.065232,-0.028359,0.002282,-0.030641,0.012741,-0.008198,0.020938
8601.T,2022-07-29,6,streak_5plus,-0.002116,-0.000498,-0.001619,-0.038109,0.004196,-0.042305,-0.012392,0.002282,-0.014674,-0.036927,-0.008198,-0.028729
4368.T,2022-07-29,10,streak_5plus,-0.010206,-0.000498,-0.009708,0.058309,0.004196,0.054113,0.004372,0.002282,0.00209,-0.009596,-0.008198,-0.001398
9503.T,2022-07-29,2,streak_2,0.005967,-0.000498,0.006464,-0.082707,0.004196,-0.086903,-0.011172,0.002282,-0.013454,-0.14307,-0.008198,-0.134872
6103.T,2022-07-29,4,streak_4,-0.013257,-0.000498,-0.01276,-0.015153,0.004196,-0.01935,-0.034091,0.002282,-0.036373,-0.037567,-0.008198,-0.02937
9513.T,2022-07-29,3,streak_3,-0.008404,-0.000498,-0.007906,-0.14109,0.004196,-0.145287,-0.055287,0.002282,-0.057569,-0.067877,-0.008198,-0.059679
4506.T,2022-07-29,2,streak_2,-0.037071,-0.000498,-0.036574,0.011121,0.004196,0.006925,-0.033364,0.002282,-0.035646,-0.025181,-0.008198,-0.016984
5929.T,2022-07-29,2,streak_2,0.046083,-0.000498,0.046581,0.016098,0.004196,0.011901,0.00951,0.002282,0.007227,-0.043653,-0.008198,-0.035455
5334.T,2022-07-29,9,streak_5plus,-0.012552,-0.000498,-0.012055,0.009887,0.004196,0.005691,0.085964,0.002282,0.083682,0.062117,-0.008198,0.070315
3064.T,2022-07-29,3,streak_3,0.027811,-0.000498,0.028309,0.133851,0.004196,0.129655,0.090828,0.002282,0.088546,-0.014345,-0.008198,-0.006148
8316.T,2022-07-29,6,streak_5plus,-0.001704,-0.000498,-0.001207,-0.012641,0.004196,-0.016837,0.01823,0.002282,0.015948,0.043102,-0.008198,0.051299
6770.T,2022-07-29,3,streak_3,-0.004333,-0.000498,-0.003835,-0.119306,0.004196,-0.123502,-0.099058,0.002282,-0.10134,-0.057317,-0.008198,-0.049119
6301.T,2022-07-29,8,streak_5plus,-0.001659,-0.000498,-0.001161,-0.07233,0.004196,-0.076527,-0.02986,0.002282,-0.032142,-0.03173,-0.008198,-0.023532
6967.T,2022-07-29,7,streak_5plus,-0.029999,-0.000498,-0.029502,0.024288,0.004196,0.020091,0.082859,0.002282,0.080577,0.032378,-0.008198,0.040575
9020.T,2022-07-29,3,streak_3,0.006089,-0.000498,0.006586,0.016093,0.004196,0.011896,0.006089,0.002282,0.003807,0.173467,-0.008198,0.181665
2802.T,2022-07-29,9,streak_5plus,-0.006255,-0.000498,-0.005757,0.039489,0.004196,0.035292,0.068749,0.002282,0.066467,0.172917,-0.008198,0.181114
2492.T,2022-07-29,2,streak_2,0.024182,-0.000498,0.02468,0.090126,0.004196,0.08593,-0.090104,0.002282,-0.092386,0.061549,-0.008198,0.069747
8369.T,2022-07-29,3,streak_3,0.001776,-0.000498,0.002274,-0.040853,0.004196,-0.045049,-0.030195,0.002282,-0.032478,-0.036993,-0.008198,-0.028796
4927.T,2022-07-29,2,streak_2,-0.003681,-0.000498,-0.003183,-0.033742,0.004196,-0.037938,-0.044783,0.002282,-0.047065,0.009205,-0.008198,0.017402
3292.T,2022-07-30,2,streak_2,-0.01089,0.006896,-0.017786,-0.011531,0.013461,-0.024992,0.012172,0.01417,-0.001998,0.036515,-0.00442,0.040935
8967.T,2022-07-30,4,streak_4,0.00625,0.006896,-0.000646,0.001562,0.013461,-0.011898,0.045313,0.01417,0.031143,0.025,-0.00442,0.029419
3269.T,2022-07-30,6,streak_5plus,0.006812,0.006896,-8.4e-05,-0.008174,0.013461,-0.021635,0.008174,0.01417,-0.005995,-0.059945,-0.00442,-0.055526
8957.T,2022-07-30,6,streak_5plus,0.002056,0.006896,-0.00484,0.000514,0.013461,-0.012947,0.024152,0.01417,0.009982,0.11408,-0.00442,0.1185
6971.T,2022-08-01,2,streak_2,-0.006786,0.006896,-0.013681,0.015744,0.013461,0.002283,0.042349,0.01417,0.02818,-0.053044,-0.00442,-0.048624
6806.T,2022-08-01,9,streak_5plus,0.002627,0.006896,-0.004268,0.044141,0.013461,0.03068,0.033631,0.01417,0.019461,0.026262,-0.00442,0.030682
4507.T,2022-08-01,2,streak_2,0.007939,0.006896,0.001043,-0.007207,0.013461,-0.020667,0.006761,0.01417,-0.007408,-0.00791,-0.00442,-0.00349
4768.T,2022-08-01,2,streak_2,0.013306,0.006896,0.00641,0.186217,0.013461,0.172756,0.106414,0.01417,0.092244,0.085857,-0.00442,0.090276
2282.T,2022-08-01,9,streak_5plus,-0.017391,0.006896,-0.024287,-0.009936,0.013461,-0.023397,-0.001241,0.01417,-0.01541,-0.116769,-0.00442,-0.11235
3099.T,2022-08-01,7,streak_5plus,0.021674,0.006896,0.014779,-0.049949,0.013461,-0.06341,0.008483,0.01417,-0.005686,0.264711,-0.00442,0.26913
8304.T,2022-08-01,5,streak_5plus,0.005764,0.006896,-0.001132,-0.036755,0.013461,-0.050216,-0.025945,0.01417,-0.040115,-0.06621,-0.00442,-0.061791
6762.T,2022-08-01,4,streak_4,0.006013,0.006896,-0.000883,0.161055,0.013461,0.147595,0.177883,0.01417,0.163713,0.122279,-0.00442,0.126698
4005.T,2022-08-01,7,streak_5plus,0.017244,0.006896,0.010349,0.03833,0.013461,0.024869,0.070898,0.01417,0.056728,-0.030689,-0.00442,-0.02627
8058.T,2022-08-02,2,streak_2,-0.016252,-0.01424,-0.002012,0.028078,0.009136,0.018942,0.123857,0.003507,0.12035,0.071124,-0.011787,0.082911
5201.T,2022-08-02,2,streak_2,0.001041,-0.01424,0.015281,-0.001039,0.009136,-0.010175,-0.011445,0.003507,-0.014953,-0.030176,-0.011787,-0.018389
9142.T,2022-08-02,3,streak_3,0.0,-0.01424,0.01424,-0.014161,0.009136,-0.023296,0.038584,0.003507,0.035076,0.061947,-0.011787,0.073734
2212.T,2022-08-02,3,streak_3,-0.007488,-0.01424,0.006751,0.014349,0.009136,0.005213,0.021831,0.003507,0.018324,-0.061759,-0.011787,-0.049972
8306.T,2022-08-02,11,streak_5plus,-0.018016,-0.01424,-0.003776,-0.036183,0.009136,-0.045319,-0.037254,0.003507,-0.040761,-0.039862,-0.011787,-0.028075
2229.T,2022-08-02,7,streak_5plus,0.030964,-0.01424,0.045204,-0.010787,0.009136,-0.019923,-0.039321,0.003507,-0.042829,0.037925,-0.011787,0.049712
8031.T,2022-08-02,11,streak_5plus,-0.040182,-0.01424,-0.025943,-0.008602,0.009136,-0.017737,0.080024,0.003507,0.076516,0.208453,-0.011787,0.22024
6925.T,2022-08-02,5,streak_5plus,-0.013947,-0.01424,0.000293,-0.023605,0.009136,-0.032741,-0.086371,0.003507,-0.089878,-0.140554,-0.011787,-0.128767
1878.T,2022-08-03,10,streak_5plus,-0.004859,0.005333,-0.010193,0.045344,0.014685,0.030659,0.109314,0.002419,0.106895,0.2239,-0.014319,0.23822
9101.T,2022-08-03,7,streak_5plus,0.0,0.005333,-0.005333,0.013955,0.014685,-0.00073,-0.03535,0.002419,-0.037769,-0.189198,-0.014319,-0.174879
6976.T,2022-08-03,9,streak_5plus,0.012932,0.005333,0.007599,-0.036637,0.014685,-0.051322,-0.079741,0.002419,-0.082159,-0.157004,-0.014319,-0.142684
8056.T,2022-08-03,5,streak_5plus,0.008257,0.005333,0.002924,0.134648,0.014685,0.119963,0.089767,0.002419,0.087348,0.13838,-0.014319,0.152699
9001.T,2022-08-03,3,streak_3,-0.012441,0.005333,-0.017774,0.017108,0.014685,0.002423,0.018663,0.002419,0.016245,0.034215,-0.014319,0.048535
3110.T,2022-08-03,6,streak_5plus,-0.008294,0.005333,-0.013627,0.063016,0.014685,0.048331,0.05307,0.002419,0.050651,-0.086591,-0.014319,-0.072271
5802.T,2022-08-03,2,streak_2,-0.010122,0.005333,-0.015456,0.052967,0.014685,0.038282,0.079616,0.002419,0.077198,0.077825,-0.014319,0.092144
7974.T,2022-08-03,3,streak_3,-0.019031,0.005333,-0.024364,-0.008652,0.014685,-0.023337,-0.011938,0.002419,-0.014356,0.041087,-0.014319,0.055407
5411.T,2022-08-03,5,streak_5plus,-0.007404,0.005333,-0.012737,-0.027606,0.014685,-0.042291,0.000678,0.002419,-0.00174,-0.03572,-0.014319,-0.021401
4581.T,2022-08-03,2,streak_2,0.023436,0.005333,0.018103,0.009764,0.014685,-0.004921,0.009764,0.002419,0.007345,0.04523,-0.014319,0.059549
6849.T,2022-08-03,3,streak_3,0.003772,0.005333,-0.001561,0.063096,0.014685,0.048411,0.097392,0.002419,0.094973,0.154827,-0.014319,0.169146
9107.T,2022-08-03,9,streak_5plus,-0.041964,0.005333,-0.047298,-0.015991,0.014685,-0.030676,-0.140868,0.002419,-0.143287,-0.313742,-0.014319,-0.299423
9024.T,2022-08-04,2,streak_2,-0.013601,0.00686,-0.020461,-0.00072,0.002791,-0.003511,0.006437,-0.003288,0.009725,-0.051201,-0.007723,-0.043478
7203.T,2022-08-04,9,streak_5plus,-0.029915,0.00686,-0.036775,-0.031539,0.002791,-0.03433,-0.049629,-0.003288,-0.046341,-0.063618,-0.007723,-0.055895
7731.T,2022-08-04,7,streak_5plus,0.016527,0.00686,0.009667,0.018507,0.002791,0.015716,0.018507,-0.003288,0.021795,-0.013468,-0.007723,-0.005745
4114.T,2022-08-04,3,streak_3,0.069501,0.00686,0.062641,0.075294,0.002791,0.072503,0.067567,-0.003288,0.070855,0.03664,-0.007723,0.044363
9684.T,2022-08-04,6,streak_5plus,-0.006908,0.00686,-0.013767,0.044908,0.002791,0.042117,0.039726,-0.003288,0.043013,0.166234,-0.007723,0.173957
3289.T,2022-08-04,4,streak_4,0.005655,0.00686,-0.001204,0.014146,0.002791,0.011355,0.056569,-0.003288,0.059857,0.052625,-0.007723,0.060348
5401.T,2022-08-04,7,streak_5plus,-0.011803,0.00686,-0.018662,0.085479,0.002791,0.082688,0.12424,-0.003288,0.127528,0.168187,-0.007723,0.17591
4151.T,2022-08-04,3,streak_3,0.001645,0.00686,-0.005215,0.026313,0.002791,0.023522,0.029602,-0.003288,0.03289,0.059208,-0.007723,0.066932
4536.T,2022-08-04,2,streak_2,0.012394,0.00686,0.005534,-0.005723,0.002791,-0.008514,-0.051479,-0.003288,-0.048191,-0.038472,-0.007723,-0.030748
5801.T,2022-08-04,2,streak_2,0.020732,0.00686,0.013872,0.034123,0.002791,0.031332,0.037577,-0.003288,0.040865,0.015547,-0.007723,0.02327
5741.T,2022-08-04,2,streak_2,0.006929,0.00686,7e-05,0.225614,0.002791,0.222823,0.072289,-0.003288,0.075576,0.018433,-0.007723,0.026157
3626.T,2022-08-04,7,streak_5plus,0.005249,0.00686,-0.00161,0.010498,0.002791,0.007707,0.053805,-0.003288,0.057093,0.04346,-0.007723,0.051183
9831.T,2022-08-04,9,streak_5plus,-0.002157,0.00686,-0.009017,0.010786,0.002791,0.007995,0.010786,-0.003288,0.014074,-0.004291,-0.007723,0.003433
6750.T,2022-08-04,6,streak_5plus,0.006996,0.00686,0.000137,-0.001746,0.002791,-0.004537,-0.062935,-0.003288,-0.059647,-0.181164,-0.007723,-0.173441
8331.T,2022-08-05,8,streak_5plus,-0.011098,0.008724,-0.019822,0.048624,0.02201,0.026614,0.019456,-0.011191,0.030647,0.138549,-0.002151,0.1407
9613.T,2022-08-05,5,streak_5plus,0.007426,0.008724,-0.001298,0.0198,0.02201,-0.00221,-0.029704,-0.011191,-0.018513,-0.019217,-0.002151,-0.017066
8802.T,2022-08-05,2,streak_2,-0.001023,0.008724,-0.009747,-0.016933,0.02201,-0.038943,-0.039261,-0.011191,-0.02807,-0.018766,-0.002151,-0.016615
9749.T,2022-08-05,4,streak_4,-0.009998,0.008724,-0.018721,-0.012498,0.02201,-0.034508,0.023751,-0.011191,0.034942,0.022501,-0.002151,0.024652
8002.T,2022-08-05,9,streak_5plus,0.057654,0.008724,0.048931,0.090317,0.02201,0.068307,0.125802,-0.011191,0.136993,0.185788,-0.002151,0.187939
7202.T,2022-08-05,5,streak_5plus,-0.006141,0.008724,-0.014865,0.070939,0.02201,0.048929,0.156889,-0.011191,0.16808,0.247736,-0.002151,0.249888
9006.T,2022-08-05,2,streak_2,0.003423,0.008724,-0.0053,0.013693,0.02201,-0.008317,-0.060274,-0.011191,-0.049083,0.014513,-0.002151,0.016664
4613.T,2022-08-05,4,streak_4,0.016164,0.008724,0.007441,0.105556,0.02201,0.083546,0.066163,-0.011191,0.077354,-0.064864,-0.002151,-0.062713
6448.T,2022-08-05,5,streak_5plus,0.018259,0.008724,0.009536,0.047239,0.02201,0.02523,0.013894,-0.011191,0.025085,0.022258,-0.002151,0.02441
5947.T,2022-08-05,2,streak_2,0.004053,0.008724,-0.004671,0.097265,0.02201,0.075255,0.072948,-0.011191,0.084139,0.020672,-0.002151,0.022824
8630.T,2022-08-05,3,streak_3,0.002447,0.008724,-0.006276,0.021106,0.02201,-0.000904,0.02913,-0.011191,0.040321,0.127448,-0.002151,0.1296
7832.T,2022-08-05,3,streak_3,-0.020847,0.008724,-0.029571,0.018916,0.02201,-0.003094,0.016779,-0.011191,0.02797,0.000442,-0.002151,0.002594
8354.T,2022-08-05,4,streak_4,-0.00087,0.008724,-0.009594,0.071679,0.02201,0.049669,0.062118,-0.011191,0.073309,0.124748,-0.002151,0.126899
9432.T,2022-08-08,5,streak_5plus,0.001844,0.002599,-0.000754,-0.017706,0.024699,-0.042404,-0.01505,-0.019498,0.004448,0.051863,-0.016312,0.068174
6465.T,2022-08-08,3,streak_3,0.0,0.002599,-0.002599,0.049628,0.024699,0.02493,-0.006203,-0.019498,0.013294,0.039703,-0.016312,0.056015
6028.T,2022-08-08,10,streak_5plus,-0.017136,0.002599,-0.019734,0.043612,0.024699,0.018913,-0.052959,-0.019498,-0.033462,0.174454,-0.016312,0.190766
3769.T,2022-08-08,3,streak_3,-0.024075,0.002599,-0.026674,-0.041272,0.024699,-0.065971,-0.081685,-0.019498,-0.062188,-0.039619,-0.016312,-0.023307
6055.T,2022-08-08,9,streak_5plus,-0.030792,0.002599,-0.03339,-0.016658,0.024699,-0.041357,-0.03887,-0.019498,-0.019372,0.054012,-0.016312,0.070323
4912.T,2022-08-08,8,streak_5plus,-0.01388,0.002599,-0.016479,0.046266,0.024699,0.021567,0.04296,-0.019498,0.062458,-0.048251,-0.016312,-0.03194
5713.T,2022-08-08,5,streak_5plus,0.009609,0.002599,0.00701,0.034829,0.024699,0.01013,0.021378,-0.019498,0.040876,0.081895,-0.016312,0.098207
9519.T,2022-08-08,7,streak_5plus,0.016667,0.002599,0.014068,0.070635,0.024699,0.045936,0.21627,-0.019498,0.235767,0.078571,-0.016312,0.094883
6728.T,2022-08-09,3,streak_3,-0.023121,-0.008819,-0.014302,0.034682,0.021941,0.012741,0.055877,-0.028985,0.084862,0.136803,-0.028425,0.165228
5711.T,2022-08-09,12,streak_5plus,-0.001489,-0.008819,0.00733,0.043717,0.021941,0.021775,0.005461,-0.028985,0.034446,0.042517,-0.028425,0.070943
7261.T,2022-08-09,7,streak_5plus,0.000857,-0.008819,0.009676,0.054118,0.021941,0.032177,0.042095,-0.028985,0.07108,-0.112429,-0.028425,-0.084004
5706.T,2022-08-09,2,streak_2,-0.006331,-0.008819,0.002488,0.004745,0.021941,-0.017197,0.0,-0.028985,0.028985,-0.012658,-0.028425,0.015767
1662.T,2022-08-09,3,streak_3,0.023538,-0.008819,0.032357,0.041177,0.021941,0.019236,0.122062,-0.028985,0.151047,0.286396,-0.028425,0.314821
6481.T,2022-08-09,3,streak_3,-0.022205,-0.008819,-0.013386,0.025074,0.021941,0.003133,-0.01934,-0.028985,0.009645,-0.081663,-0.028425,-0.053238
9616.T,2022-08-09,2,streak_2,0.005685,-0.008819,0.014504,0.0,0.021941,-0.021941,0.041671,-0.028985,0.070655,0.121227,-0.028425,0.149652
6740.T,2022-08-09,6,streak_5plus,0.0,-0.008819,0.008819,0.0,0.021941,-0.021941,-0.092308,-0.028985,-0.063323,-0.215385,-0.028425,-0.186959
2432.T,2022-08-10,9,streak_5plus,-0.005216,-0.006451,0.001235,0.02711,0.043672,-0.016562,-0.032848,0.002328,-0.035176,-0.040148,0.009409,-0.049557
5101.T,2022-08-10,4,streak_4,0.072123,-0.006451,0.078574,0.161122,0.043672,0.11745,0.211766,0.002328,0.209438,0.156524,0.009409,0.147114
1414.T,2022-08-10,9,streak_5plus,0.032703,-0.006451,0.039154,0.098108,0.043672,0.054436,0.039588,0.002328,0.03726,0.036145,0.009409,0.026736
6965.T,2022-08-10,3,streak_3,-0.015975,-0.006451,-0.009524,-0.007987,0.043672,-0.051659,-0.017572,0.002328,-0.0199,0.113365,0.009409,0.103956
9517.T,2022-08-10,4,streak_4,0.008825,-0.006451,0.015277,0.109549,0.043672,0.065877,0.17255,0.002328,0.170222,-0.012843,0.009409,-0.022252
5714.T,2022-08-10,4,streak_4,0.007368,-0.006451,0.013819,0.122105,0.043672,0.078433,0.12842,0.002328,0.126093,0.036841,0.009409,0.027431
8830.T,2022-08-10,4,streak_4,0.00231,-0.006451,0.008761,0.04156,0.043672,-0.002112,-0.00433,0.002328,-0.006657,0.05296,0.009409,0.043551
3405.T,2022-08-10,4,streak_4,0.008553,-0.006451,0.015004,0.029447,0.043672,-0.014224,0.017095,0.002328,0.014767,-0.005695,0.009409,-0.015104
6502.T,2022-08-10,7,streak_5plus,-0.012453,-0.006451,-0.006002,-0.000943,0.043672,-0.044615,-0.055849,0.002328,-0.058177,-0.054981,0.009409,-0.06439
6273.T,2022-08-10,7,streak_5plus,-0.007254,-0.006451,-0.000803,0.036119,0.043672,-0.007553,0.016473,0.002328,0.014145,0.01502,0.009409,0.00561
8804.T,2022-08-10,2,streak_2,0.009379,-0.006451,0.01583,0.126104,0.043672,0.082432,0.092234,0.002328,0.089906,-0.013551,0.009409,-0.02296
6178.T,2022-08-10,5,streak_5plus,0.011577,-0.006451,0.018028,0.027632,0.043672,-0.01604,0.03103,0.002328,0.028703,0.062181,0.009409,0.052772
4919.T,2022-08-10,2,streak_2,0.0586,-0.006451,0.065051,0.134214,0.043672,0.090542,0.16635,0.002328,0.164023,0.175803,0.009409,0.166393
5105.T,2022-08-10,6,streak_5plus,-0.052885,-0.006451,-0.046434,-0.07372,0.043672,-0.117392,-0.092949,0.002328,-0.095277,-0.105234,0.009409,-0.114643
7936.T,2022-08-12,6,streak_5plus,0.006449,0.026156,-0.019707,-0.005684,0.040361,-0.046045,-0.050407,0.014214,-0.064621,0.094396,0.005184,0.089212
6098.T,2022-08-12,10,streak_5plus,0.041608,0.026156,0.015451,0.005628,0.040361,-0.034733,-0.069547,0.014214,-0.083761,-0.012459,0.005184,-0.017643
3088.T,2022-08-12,3,streak_3,0.00587,0.026156,-0.020287,0.046969,0.040361,0.006608,0.072406,0.014214,0.058192,0.033271,0.005184,0.028087
7762.T,2022-08-12,6,streak_5plus,0.020088,0.026156,-0.006069,-0.005042,0.040361,-0.045403,0.036847,0.014214,0.022634,0.023574,0.005184,0.01839
3288.T,2022-08-12,4,streak_4,0.034246,0.026156,0.00809,-0.047946,0.040361,-0.088307,-0.07363,0.014214,-0.087844,-0.015405,0.005184,-0.020589
6890.T,2022-08-12,8,streak_5plus,0.057933,0.026156,0.031776,0.19869,0.040361,0.15833,0.319866,0.014214,0.305652,0.16846,0.005184,0.163276
6592.T,2022-08-12,3,streak_3,0.029331,0.026156,0.003174,0.07733,0.040361,0.036969,0.075999,0.014214,0.061785,0.087998,0.005184,0.082814
6951.T,2022-08-12,5,streak_5plus,0.038397,0.026156,0.01224,-0.043407,0.040361,-0.083768,-0.045076,0.014214,-0.059289,-0.143349,0.005184,-0.148533
9435.T,2022-08-12,5,streak_5plus,0.020083,0.026156,-0.006073,0.24169,0.040361,0.20133,0.219529,0.014214,0.205315,0.278621,0.005184,0.273438
5020.T,2022-08-12,6,streak_5plus,0.01848,0.026156,-0.007676,0.013473,0.040361,-0.026888,0.033547,0.014214,0.019333,-0.010287,0.005184,-0.015471
8876.T,2022-08-12,2,streak_2,0.009575,0.026156,-0.016581,0.007751,0.040361,-0.03261,0.036022,0.014214,0.021808,0.016419,0.005184,0.011235
4180.T,2022-08-12,2,streak_2,0.037743,0.026156,0.011586,0.326302,0.040361,0.285941,0.461713,0.014214,0.447499,0.642624,0.005184,0.63744
5384.T,2022-08-12,2,streak_2,0.050082,0.026156,0.023926,0.101775,0.040361,0.061414,0.04685,0.014214,0.032636,0.049619,0.005184,0.044435
8968.T,2022-08-30,5,streak_5plus,0.016836,0.011357,0.005479,0.015047,-0.009303,0.024349,0.002523,-0.052259,0.054781,0.013258,0.012454,0.000804
8954.T,2022-08-30,6,streak_5plus,0.015757,0.011357,0.0044,0.006683,-0.009303,0.015986,-0.011999,-0.052259,0.04026,0.010419,0.012454,-0.002034
1928.T,2022-09-08,2,streak_2,0.019651,0.023143,-0.003492,-0.003242,0.014157,-0.017398,-0.003242,-0.037515,0.034274,-0.029582,0.015021,-0.044603
3038.T,2022-09-12,2,streak_2,0.005816,0.011602,-0.005787,0.037792,-0.022935,0.060726,-0.030523,-0.070079,0.039556,0.044595,-0.00208,0.046675
6966.T,2022-09-13,4,streak_4,0.036997,0.002541,0.034456,-0.078611,-0.02991,-0.048701,-0.193062,-0.05085,-0.142213,-0.183817,-0.017182,-0.166635
8952.T,2022-09-30,5,streak_5plus,0.006745,-0.01835,0.025095,0.011804,0.033656,-0.021851,0.05059,0.044108,0.006483,-0.026982,-0.012397,-0.014585
3186.T,2022-10-03,2,streak_2,0.047771,0.010741,0.03703,-0.035033,0.045452,-0.080485,-0.083441,0.067145,-0.150586,-0.172076,-0.008501,-0.163575
8227.T,2022-10-03,9,streak_5plus,-0.004906,0.010741,-0.015646,-0.039249,0.045452,-0.084701,-0.016353,0.067145,-0.083499,0.059689,-0.008501,0.068191
3141.T,2022-10-04,2,streak_2,0.062898,0.029617,0.033282,0.039353,0.007074,0.032279,0.051126,0.055219,-0.004093,0.00908,-0.015067,0.024147
8570.T,2022-10-04,8,streak_5plus,0.011996,0.029617,-0.01762,0.014114,0.007074,0.00704,0.024696,0.055219,-0.030523,-0.021874,-0.015067,-0.006808
2651.T,2022-10-06,2,streak_2,-0.008575,0.007034,-0.015609,-0.012861,-0.03256,0.019699,0.021436,0.015011,0.006425,0.062166,-0.034843,0.097009
3382.T,2022-10-06,2,streak_2,-0.014045,0.007034,-0.021079,-0.046304,-0.03256,-0.013744,-0.034683,0.015011,-0.049695,-0.023583,-0.034843,0.011261
6323.T,2022-10-11,5,streak_5plus,-0.061565,-0.026363,-0.035202,-0.091708,-0.012556,-0.079152,-0.016339,0.022133,-0.038472,0.023868,-0.024572,0.04844
3086.T,2022-10-11,5,streak_5plus,0.014166,-0.026363,0.040529,-0.004166,-0.012556,0.00839,-0.033335,0.022133,-0.055469,-0.078339,-0.024572,-0.053767
2670.T,2022-10-12,2,streak_2,-0.030701,-0.000173,-0.030528,-0.013155,0.028593,-0.041749,0.011697,0.039576,-0.027879,0.00439,-0.010671,0.015061
9983.T,2022-10-13,6,streak_5plus,0.001272,-0.006031,0.007303,0.095826,0.032606,0.063219,0.04594,0.070719,-0.024779,-0.0831,-0.021759,-0.061342
6432.T,2022-10-13,10,streak_5plus,-0.010724,-0.006031,-0.004694,0.098048,0.032606,0.065442,0.136348,0.070719,0.065629,0.014171,-0.021759,0.03593
3295.T,2022-10-13,2,streak_2,-0.004698,-0.006031,0.001333,-0.050499,0.032606,-0.083106,0.01879,0.070719,-0.051929,-0.081034,-0.021759,-0.059275
6532.T,2022-10-14,2,streak_2,0.036241,0.032521,0.00372,-0.013423,0.029327,-0.04275,0.1651,0.065786,0.099314,0.465771,-0.003766,0.469537
3466.T,2022-10-14,4,streak_4,-0.001298,0.032521,-0.033819,0.002596,0.029327,-0.026731,0.070733,0.065786,0.004947,-0.01817,-0.003766,-0.014404
3462.T,2022-10-18,2,streak_2,-0.001913,0.014211,-0.016124,0.015306,0.007444,0.007862,0.066327,0.046784,0.019543,-0.026786,-0.013834,-0.012952
8984.T,2022-10-19,5,streak_5plus,-0.005577,0.003728,-0.009305,-0.004183,0.003461,-0.007644,0.05786,0.028518,0.029342,-0.033113,-0.022191,-0.010922
8953.T,2022-10-19,5,streak_5plus,-0.017143,0.003728,-0.020871,-0.012381,0.003461,-0.015842,0.022857,0.028518,-0.005661,-0.059048,-0.022191,-0.036857
3226.T,2022-10-20,4,streak_4,0.001645,-0.009187,0.010832,0.026316,0.0064,0.019915,0.032895,0.023568,0.009327,-0.054276,-0.01289,-0.041387
6594.T,2022-10-24,2,streak_2,0.029071,0.003138,0.025933,0.061629,0.007981,0.053648,0.129846,0.045561,0.084285,-0.076875,0.018759,-0.095633
7309.T,2022-10-25,8,streak_5plus,0.00116,0.010201,-0.009041,0.070517,0.022706,0.047812,0.120158,0.052201,0.067957,0.080696,0.014376,0.06632
4684.T,2022-10-25,4,streak_4,0.023323,0.010201,0.013122,0.064731,0.022706,0.042025,0.0495,0.052201,-0.002701,0.004759,0.014376,-0.009617
8060.T,2022-10-25,10,streak_5plus,0.025599,0.010201,0.015399,0.004799,0.022706,-0.017907,0.0208,0.052201,-0.031401,-0.015648,0.014376,-0.030024
6988.T,2022-10-26,5,streak_5plus,0.003727,0.006668,-0.002942,-0.024877,0.01573,-0.040606,0.080841,0.037905,0.042936,0.009951,0.00486,0.005091
6305.T,2022-10-26,6,streak_5plus,0.009206,0.006668,0.002538,0.090207,0.01573,0.074478,0.168999,0.037905,0.131095,0.154273,0.00486,0.149414
9697.T,2022-10-26,4,streak_4,0.020109,0.006668,0.013441,0.144776,0.01573,0.129046,0.168903,0.037905,0.130999,0.113944,0.00486,0.109084
2002.T,2022-10-26,2,streak_2,0.010043,0.006668,0.003374,-0.002507,0.01573,-0.018237,0.052107,0.037905,0.014203,0.012557,0.00486,0.007697
6807.T,2022-10-26,3,streak_3,0.000484,0.006668,-0.006184,0.126889,0.01573,0.111159,0.20156,0.037905,0.163656,0.063442,0.00486,0.058582
6995.T,2022-10-27,2,streak_2,-0.020045,-0.003157,-0.016888,0.068134,0.008441,0.059693,0.072144,0.026648,0.045497,-0.014033,5.7e-05,-0.01409
6967.T,2022-10-27,8,streak_5plus,0.024061,-0.003157,0.027218,0.070678,0.008441,0.062238,0.193985,0.026648,0.167337,0.115791,5.7e-05,0.115734
6504.T,2022-10-27,7,streak_5plus,0.0,-0.003157,0.003157,0.063406,0.008441,0.054965,0.030797,0.026648,0.00415,-0.048912,5.7e-05,-0.048969
4204.T,2022-10-27,4,streak_4,0.006672,-0.003157,0.009829,0.047272,0.008441,0.038832,0.094545,0.026648,0.067897,0.027251,5.7e-05,0.027194
4063.T,2022-10-27,2,streak_2,-0.00356,-0.003157,-0.000403,0.00388,0.008441,-0.004561,0.142672,0.026648,0.116024,0.244582,5.7e-05,0.244525
4062.T,2022-10-27,2,streak_2,0.036613,-0.003157,0.03977,0.130435,0.008441,0.121994,0.279176,0.026648,0.252529,0.180778,5.7e-05,0.180721
4816.T,2022-10-27,2,streak_2,0.004748,-0.003157,0.007905,0.071915,0.008441,0.063474,-0.004071,0.026648,-0.030718,-0.060377,5.7e-05,-0.060434
7741.T,2022-10-27,2,streak_2,-0.017007,-0.003157,-0.01385,-0.090817,0.008441,-0.099258,-0.009864,0.026648,-0.036512,-0.011225,5.7e-05,-0.011282
2317.T,2022-10-27,3,streak_3,-0.009404,-0.003157,-0.006247,-0.039994,0.008441,-0.048435,0.014132,0.026648,-0.012515,-0.028213,5.7e-05,-0.02827
9531.T,2022-10-27,2,streak_2,0.016597,-0.003157,0.019754,0.041881,0.008441,0.03344,0.019362,0.026648,-0.007285,0.001188,5.7e-05,0.001131
6857.T,2022-10-27,2,streak_2,0.014843,-0.003157,0.018,0.047232,0.008441,0.038791,0.24966,0.026648,0.223013,0.271251,5.7e-05,0.271194
5332.T,2022-10-28,9,streak_5plus,-0.008861,-0.008778,-8.3e-05,-0.078627,-0.005326,-0.0733,0.046511,0.024962,0.021549,0.11185,-0.000663,0.112513
7735.T,2022-10-28,8,streak_5plus,0.0,-0.008778,0.008778,-0.046287,-0.005326,-0.04096,0.092568,0.024962,0.067605,0.165651,-0.000663,0.166314
9007.T,2022-10-28,4,streak_4,-0.013374,-0.008778,-0.004595,-0.052923,-0.005326,-0.047597,0.00724,0.024962,-0.017722,-0.051811,-0.000663,-0.051148
3092.T,2022-10-28,4,streak_4,-0.004801,-0.008778,0.003977,0.017601,-0.005326,0.022927,0.086401,0.024962,0.061439,0.071998,-0.000663,0.072661
6724.T,2022-10-28,9,streak_5plus,-0.006032,-0.008778,0.002746,0.028671,-0.005326,0.033998,0.061371,0.024962,0.036409,0.009559,-0.000663,0.010222
9507.T,2022-10-28,2,streak_2,-0.002972,-0.008778,0.005806,0.052083,-0.005326,0.057409,0.129468,0.024962,0.104506,0.116086,-0.000663,0.116749
9708.T,2022-10-28,2,streak_2,0.007765,-0.008778,0.016543,0.013467,-0.005326,0.018793,0.025897,0.024962,0.000934,0.010357,-0.000663,0.01102
6770.T,2022-10-28,4,streak_4,-0.011602,-0.008778,-0.002824,0.109724,-0.005326,0.11505,0.162349,0.024962,0.137387,0.180188,-0.000663,0.180851
6201.T,2022-10-28,2,streak_2,0.036535,-0.008778,0.045313,0.017591,-0.005326,0.022917,0.04736,0.024962,0.022398,0.064953,-0.000663,0.065616
2175.T,2022-10-28,2,streak_2,0.016767,-0.008778,0.025545,0.047256,-0.005326,0.052582,0.121949,0.024962,0.096986,0.030486,-0.000663,0.031149
7988.T,2022-10-28,10,streak_5plus,0.044872,-0.008778,0.05365,0.084937,-0.005326,0.090264,0.16186,0.024962,0.136898,0.075319,-0.000663,0.075982
6301.T,2022-10-31,9,streak_5plus,0.007964,0.017792,-0.009828,0.067424,0.015585,0.051838,0.125112,0.031868,0.093244,0.10706,0.008911,0.09815
8803.T,2022-10-31,6,streak_5plus,0.017243,0.017792,-0.000549,-0.04926,0.015585,-0.064845,0.007389,0.031868,-0.024479,-0.129312,0.008911,-0.138223
6920.T,2022-10-31,2,streak_2,0.034751,0.017792,0.016959,0.046902,0.015585,0.031316,0.221628,0.031868,0.18976,0.072733,0.008911,0.063822
5481.T,2022-10-31,6,streak_5plus,0.021356,0.017792,0.003564,0.152698,0.015585,0.137113,0.181526,0.031868,0.149658,0.356115,0.008911,0.347204
9009.T,2022-10-31,2,streak_2,0.015419,0.017792,-0.002373,-0.005142,0.015585,-0.020728,0.006422,0.031868,-0.025446,-0.046274,0.008911,-0.055185
4507.T,2022-10-31,3,streak_3,0.009675,0.017792,-0.008117,-0.032822,0.015585,-0.048407,0.018465,0.031868,-0.013403,-0.091003,0.008911,-0.099914
7947.T,2022-10-31,3,streak_3,0.011414,0.017792,-0.006378,0.048502,0.015585,0.032917,0.079885,0.031868,0.048017,0.079885,0.008911,0.070974
9202.T,2022-10-31,2,streak_2,0.010309,0.017792,-0.007483,0.040711,0.015585,0.025126,0.029006,0.031868,-0.002862,0.004194,0.008911,-0.004717
9104.T,2022-10-31,10,streak_5plus,0.016886,0.017792,-0.000906,0.015855,0.015585,0.00027,0.159549,0.031868,0.127681,0.133705,0.008911,0.124794
9022.T,2022-10-31,5,streak_5plus,0.021296,0.017792,0.003504,0.005918,0.015585,-0.009667,-0.016267,0.031868,-0.048135,-0.081928,0.008911,-0.090839
4927.T,2022-10-31,3,streak_3,0.007968,0.017792,-0.009824,0.011028,0.015585,-0.004557,0.094365,0.031868,0.062497,0.145552,0.008911,0.136641
8601.T,2022-10-31,7,streak_5plus,0.016111,0.017792,-0.001681,0.019611,0.015585,0.004026,0.065169,0.031868,0.033301,0.063419,0.008911,0.054508
4368.T,2022-10-31,11,streak_5plus,0.021242,0.017792,0.00345,-0.010623,0.015585,-0.026208,0.069802,0.031868,0.037934,0.107736,0.008911,0.098825
2914.T,2022-10-31,3,streak_3,0.014202,0.017792,-0.00359,0.150856,0.015585,0.135271,0.158883,0.031868,0.127015,0.136124,0.008911,0.127213
4578.T,2022-10-31,2,streak_2,0.017506,0.017792,-0.000286,-0.029036,0.015585,-0.044621,0.001281,0.031868,-0.030588,-0.103184,0.008911,-0.112094
9513.T,2022-10-31,4,streak_4,0.01472,0.017792,-0.003073,0.034346,0.015585,0.018761,0.039252,0.031868,0.007384,0.033366,0.008911,0.024455
2492.T,2022-10-31,3,streak_3,0.025472,0.017792,0.00768,-0.089175,0.015585,-0.104761,-0.036097,0.031868,-0.067965,-0.107364,0.008911,-0.116275
6028.T,2022-10-31,11,streak_5plus,0.014303,0.017792,-0.003489,0.091557,0.015585,0.075972,0.084404,0.031868,0.052535,0.172825,0.008911,0.163914
6268.T,2022-10-31,2,streak_2,0.029267,0.017792,0.011475,0.01138,0.015585,-0.004205,0.108943,0.031868,0.077075,0.217212,0.008911,0.208301
5929.T,2022-10-31,3,streak_3,0.018264,0.017792,0.000472,-0.026211,0.015585,-0.041796,0.024616,0.031868,-0.007252,0.087363,0.008911,0.078453
2875.T,2022-10-31,2,streak_2,-0.005348,0.017792,-0.02314,0.032085,0.015585,0.0165,0.02852,0.031868,-0.003348,-0.044563,0.008911,-0.053474
7011.T,2022-11-01,3,streak_3,0.028511,0.00331,0.025201,0.059375,0.010318,0.049056,0.040824,0.023152,0.017672,-0.017978,-0.006721,-0.011257
6963.T,2022-11-01,5,streak_5plus,0.006687,0.00331,0.003377,0.02197,0.010318,0.011652,0.062082,0.023152,0.03893,0.020058,-0.006721,0.026779
5401.T,2022-11-01,8,streak_5plus,0.018373,0.00331,0.015063,0.079084,0.010318,0.068766,0.074184,0.023152,0.051033,0.324868,-0.006721,0.331589
9021.T,2022-11-01,2,streak_2,-0.002711,0.00331,-0.006021,-0.01576,0.010318,-0.026078,-0.024569,0.023152,-0.04772,-0.098965,-0.006721,-0.092245
6762.T,2022-11-01,5,streak_5plus,-0.008597,0.00331,-0.011907,0.055849,0.010318,0.045531,0.076263,0.023152,0.053111,0.006448,-0.006721,0.013169
8031.T,2022-11-01,12,streak_5plus,0.056486,0.00331,0.053176,0.128151,0.010318,0.117833,0.19314,0.023152,0.169989,0.154574,-0.006721,0.161294
3626.T,2022-11-02,8,streak_5plus,0.011391,-0.000556,0.011947,0.018987,0.001355,0.017631,-0.055695,0.003581,-0.059277,-0.067089,-0.006117,-0.060972
6806.T,2022-11-02,10,streak_5plus,0.002072,-0.000556,0.002627,-0.050751,0.001355,-0.052106,-0.078715,0.003581,-0.082297,-0.147592,-0.006117,-0.141475
7951.T,2022-11-02,2,streak_2,-0.007091,-0.000556,-0.006535,-0.049649,0.001355,-0.051005,-0.051418,0.003581,-0.054999,-0.109927,-0.006117,-0.10381
5201.T,2022-11-02,3,streak_3,-0.002142,-0.000556,-0.001587,-0.049252,0.001355,-0.050607,-0.02784,0.003581,-0.031421,0.020439,-0.006117,0.026556
7211.T,2022-11-02,9,streak_5plus,0.03571,-0.000556,0.036265,0.230165,0.001355,0.22881,0.168658,0.003581,0.165076,-0.03571,-0.006117,-0.029593
2413.T,2022-11-02,2,streak_2,-0.013406,-0.000556,-0.01285,-0.063909,0.001355,-0.065264,-0.065027,0.003581,-0.068609,-0.168713,-0.006117,-0.162596
6592.T,2022-11-02,4,streak_4,0.012241,-0.000556,0.012797,0.008566,0.001355,0.007211,-0.014689,0.003581,-0.018271,-0.077877,-0.006117,-0.07176
6925.T,2022-11-02,6,streak_5plus,0.030893,-0.000556,0.031448,0.079149,0.001355,0.077794,0.158305,0.003581,0.154723,0.101677,-0.006117,0.107794
9101.T,2022-11-04,8,streak_5plus,-0.034833,-0.016766,-0.018067,0.013933,-0.007855,0.021788,0.131613,0.005676,0.125937,0.194504,0.001088,0.193416
4912.T,2022-11-04,9,streak_5plus,-0.010951,-0.016766,0.005815,-0.015742,-0.007855,-0.007887,-0.002055,0.005676,-0.007731,-0.036434,0.001088,-0.037523
2801.T,2022-11-04,2,streak_2,-0.034147,-0.016766,-0.017381,-0.042683,-0.007855,-0.034828,-0.081707,0.005676,-0.087383,-0.189026,0.001088,-0.190115
8053.T,2022-11-04,2,streak_2,0.042398,-0.016766,0.059164,0.105119,-0.007855,0.112974,0.102613,0.005676,0.096937,0.153289,0.001088,0.1522
8001.T,2022-11-04,2,streak_2,0.001496,-0.016766,0.018262,0.050087,-0.007855,0.057942,0.038626,0.005676,0.032951,0.002992,0.001088,0.001904
5411.T,2022-11-04,6,streak_5plus,-0.005046,-0.016766,0.011719,0.065604,-0.007855,0.073459,0.115353,0.005676,0.109677,0.225667,0.001088,0.224579
5947.T,2022-11-04,3,streak_3,-0.063874,-0.016766,-0.047108,-0.012977,-0.007855,-0.005122,0.006983,0.005676,0.001307,-0.009983,0.001088,-0.011072
9107.T,2022-11-04,10,streak_5plus,-0.012195,-0.016766,0.004571,0.168037,-0.007855,0.175891,0.121521,0.005676,0.115845,0.384389,0.001088,0.383301
5384.T,2022-11-04,3,streak_3,-0.008052,-0.016766,0.008714,0.011269,-0.007855,0.019124,0.141704,0.005676,0.136028,0.051525,0.001088,0.050437
7272.T,2022-11-07,2,streak_2,0.024313,0.012061,0.012252,0.123169,0.039112,0.084057,0.074555,0.025231,0.049323,0.09689,0.017864,0.079027
1802.T,2022-11-07,7,streak_5plus,0.013774,0.012061,0.001713,0.052965,0.039112,0.013853,0.063565,0.025231,0.038334,0.026483,0.017864,0.008619
6976.T,2022-11-07,10,streak_5plus,0.033637,0.012061,0.021577,0.170764,0.039112,0.131652,0.143598,0.025231,0.118367,0.179821,0.017864,0.161957
6481.T,2022-11-07,4,streak_4,0.027475,0.012061,0.015414,0.045922,0.039112,0.00681,0.024725,0.025231,-0.000506,0.077171,0.017864,0.059307
9684.T,2022-11-07,7,streak_5plus,0.002988,0.012061,-0.009073,-0.00597,0.039112,-0.045082,-0.076119,0.025231,-0.10135,-0.083578,0.017864,-0.101442
6134.T,2022-11-07,2,streak_2,0.032139,0.012061,0.020078,0.093313,0.039112,0.054201,0.060137,0.025231,0.034906,0.111975,0.017864,0.094111
4114.T,2022-11-07,4,streak_4,-0.009387,0.012061,-0.021448,0.009379,0.039112,-0.029734,0.018757,0.025231,-0.006474,0.028136,0.017864,0.010272
4626.T,2022-11-07,2,streak_2,0.008957,0.012061,-0.003104,-0.003893,0.039112,-0.043005,-0.043224,0.025231,-0.068455,-0.058407,0.017864,-0.07627
4732.T,2022-11-08,3,streak_3,0.012783,0.012514,0.00027,-0.017807,0.015835,-0.033642,-0.011415,0.005767,-0.017182,-0.037441,0.002863,-0.040305
5019.T,2022-11-08,2,streak_2,0.023704,0.012514,0.011191,-0.078519,0.015835,-0.094354,-0.077048,0.005767,-0.082815,-0.057773,0.002863,-0.060637
4665.T,2022-11-08,3,streak_3,0.005301,0.012514,-0.007213,0.029673,0.015835,0.013838,0.041329,0.005767,0.035562,0.029673,0.002863,0.02681
7013.T,2022-11-08,5,streak_5plus,0.014765,0.012514,0.002251,0.005906,0.015835,-0.009929,0.109305,0.005767,0.103538,0.087147,0.002863,0.084283
2269.T,2022-11-08,2,streak_2,0.011328,0.012514,-0.001186,0.045306,0.015835,0.029471,0.07605,0.005767,0.070282,0.098705,0.002863,0.095841
7532.T,2022-11-08,2,streak_2,0.014578,0.012514,0.002064,-0.063135,0.015835,-0.07897,-0.031972,0.005767,-0.037739,-0.034891,0.002863,-0.037755
3402.T,2022-11-08,2,streak_2,0.015337,0.012514,0.002823,-0.021825,0.015835,-0.03766,0.01395,0.005767,0.008183,0.032192,0.002863,0.029329
7974.T,2022-11-08,4,streak_4,0.016989,0.012514,0.004475,-0.075479,0.015835,-0.091314,-0.055383,0.005767,-0.061151,-0.150302,0.002863,-0.153166
2432.T,2022-11-08,10,streak_5plus,0.010927,0.012514,-0.001587,-0.035896,0.015835,-0.051731,-0.065034,0.005767,-0.070801,-0.065555,0.002863,-0.068418
4182.T,2022-11-08,2,streak_2,0.023997,0.012514,0.011483,0.009392,0.015835,-0.006443,-0.003131,0.005767,-0.008898,-0.015129,0.002863,-0.017992
6750.T,2022-11-08,7,streak_5plus,0.017317,0.012514,0.004803,0.080085,0.015835,0.06425,0.033194,0.005767,0.027426,-0.027419,0.002863,-0.030282
4061.T,2022-11-08,2,streak_2,0.034781,0.012514,0.022267,-0.023188,0.015835,-0.039023,-0.072463,0.005767,-0.07823,-0.215943,0.002863,-0.218806
2296.T,2022-11-08,2,streak_2,0.026985,0.012514,0.014471,0.004497,0.015835,-0.011338,0.026985,0.005767,0.021218,0.059968,0.002863,0.057105
5713.T,2022-11-08,6,streak_5plus,0.003125,0.012514,-0.009389,0.015618,0.015835,-0.000217,0.077868,0.005767,0.072101,0.125391,0.002863,0.122527
3110.T,2022-11-08,7,streak_5plus,0.040075,0.012514,0.027562,-0.058982,0.015835,-0.074817,-0.065735,0.005767,-0.071503,-0.081496,0.002863,-0.084359
7269.T,2022-11-08,2,streak_2,0.014882,0.012514,0.002369,-0.000396,0.015835,-0.016231,-0.056334,0.005767,-0.062101,-0.044832,0.002863,-0.047696
9147.T,2022-11-09,2,streak_2,0.006613,-0.005591,0.012204,0.021162,0.004236,0.016926,0.064811,-0.01068,0.075492,-0.001847,-0.010324,0.008477
4681.T,2022-11-09,2,streak_2,-0.020594,-0.005591,-0.015003,-0.031315,0.004236,-0.035551,0.042045,-0.01068,0.052726,0.012016,-0.010324,0.02234
6465.T,2022-11-09,4,streak_4,0.004796,-0.005591,0.010387,0.079136,0.004236,0.0749,0.095922,-0.01068,0.106602,0.115108,-0.010324,0.125433
6412.T,2022-11-09,2,streak_2,-0.020619,-0.005591,-0.015028,-0.040824,0.004236,-0.04506,0.009071,-0.01068,0.019751,-0.056495,-0.010324,-0.04617
3289.T,2022-11-09,5,streak_5plus,-0.011975,-0.005591,-0.006384,-0.049268,0.004236,-0.053504,-0.0679,-0.01068,-0.05722,-0.138481,-0.010324,-0.128156
3405.T,2022-11-09,5,streak_5plus,0.08317,-0.005591,0.088761,0.031311,0.004236,0.027076,0.082188,-0.01068,0.092868,0.127381,-0.010324,0.137705
6055.T,2022-11-09,10,streak_5plus,0.03111,-0.005591,0.036701,0.187655,0.004236,0.18342,0.169384,-0.01068,0.180065,0.145185,-0.010324,0.15551
6849.T,2022-11-09,4,streak_4,0.002967,-0.005591,0.008558,-0.037092,0.004236,-0.041327,-0.071216,-0.01068,-0.060536,-0.011868,-0.010324,-0.001544
9616.T,2022-11-09,3,streak_3,-0.011252,-0.005591,-0.005661,-0.110932,0.004236,-0.115168,-0.065914,-0.01068,-0.055234,-0.09807,-0.010324,-0.087745
7458.T,2022-11-09,2,streak_2,-0.029551,-0.005591,-0.02396,-0.076832,0.004236,-0.081068,-0.067376,-0.01068,-0.056696,0.013002,-0.010324,0.023327
7202.T,2022-11-09,6,streak_5plus,-0.010616,-0.005591,-0.005025,-0.027935,0.004236,-0.032171,-0.050279,-0.01068,-0.039599,-0.117317,-0.010324,-0.106993
8876.T,2022-11-10,3,streak_3,0.009767,-0.009748,0.019515,0.107418,0.011258,0.096161,0.05957,0.006665,0.052904,0.027343,-0.001634,0.028977
4516.T,2022-11-10,2,streak_2,-0.002519,-0.009748,0.007229,0.059193,0.011258,0.047936,-0.005038,0.006665,-0.011703,-0.164987,-0.001634,-0.163353
7261.T,2022-11-10,8,streak_5plus,-0.014576,-0.009748,-0.004828,0.061234,0.011258,0.049977,0.032071,0.006665,0.025406,0.003893,-0.001634,0.005527
4527.T,2022-11-10,2,streak_2,0.016725,-0.009748,0.026473,-0.082497,0.011258,-0.093755,-0.008916,0.006665,-0.015581,0.003344,-0.001634,0.004978
1812.T,2022-11-10,2,streak_2,0.069055,-0.009748,0.078804,0.039465,0.011258,0.028207,0.088083,0.006665,0.081418,0.071874,-0.001634,0.073509
9024.T,2022-11-10,3,streak_3,0.003893,-0.009748,0.013642,-0.014005,0.011258,-0.025263,0.08638,0.006665,0.079715,0.089493,-0.001634,0.091128
1662.T,2022-11-10,4,streak_4,0.040996,-0.009748,0.050744,0.039749,0.011258,0.028491,-0.00869,0.006665,-0.015355,0.09193,-0.001634,0.093564
5020.T,2022-11-10,7,streak_5plus,-0.01809,-0.009748,-0.008342,-0.049063,0.011258,-0.060321,-0.104757,0.006665,-0.111422,-0.082239,-0.001634,-0.080605
4911.T,2022-11-10,2,streak_2,-0.019482,-0.009748,-0.009734,0.142554,0.011258,0.131296,0.253859,0.006665,0.247194,0.284202,-0.001634,0.285836
9749.T,2022-11-10,5,streak_5plus,-0.010963,-0.009748,-0.001215,-0.013399,0.011258,-0.024657,-0.071865,0.006665,-0.07853,-0.069012,-0.001634,-0.067378
2502.T,2022-11-10,2,streak_2,-0.000235,-0.009748,0.009513,0.0,0.011258,-0.011258,0.015444,0.006665,0.008779,0.013913,-0.001634,0.015547
6235.T,2022-11-10,2,streak_2,-0.012759,-0.009748,-0.003011,0.209566,0.011258,0.198308,0.133029,0.006665,0.126364,0.181947,-0.001634,0.183582
6740.T,2022-11-10,7,streak_5plus,-0.019231,-0.009748,-0.009483,-0.038462,0.011258,-0.049719,-0.115385,0.006665,-0.12205,-0.173077,-0.001634,-0.171442
1963.T,2022-11-10,2,streak_2,0.017867,-0.009748,0.027615,-0.029239,0.011258,-0.040497,-0.047106,0.006665,-0.053771,-0.10287,-0.001634,-0.101235
7832.T,2022-11-10,4,streak_4,-0.00644,-0.009748,0.003308,-0.05962,0.011258,-0.070878,-0.060148,0.006665,-0.066813,-0.07545,-0.001634,-0.073816
4581.T,2022-11-10,3,streak_3,0.022856,-0.009748,0.032604,-0.020954,0.011258,-0.032211,0.04,0.006665,0.033335,0.019048,-0.001634,0.020682
5021.T,2022-11-10,2,streak_2,-0.011935,-0.009748,-0.002187,0.010613,0.011258,-0.000645,0.021219,0.006665,0.014554,-0.05968,-0.001634,-0.058045
7936.T,2022-11-11,7,streak_5plus,0.030051,0.029779,0.000272,0.272123,0.017652,0.254471,0.26595,0.014437,0.251513,0.274395,-0.000684,0.27508
5101.T,2022-11-11,5,streak_5plus,0.043382,0.029779,0.013602,-0.045223,0.017652,-0.062874,0.02446,0.014437,0.010023,-0.020286,-0.000684,-0.019602
2267.T,2022-11-11,2,streak_2,-0.041063,0.029779,-0.070842,-0.025361,0.017652,-0.043013,0.057972,0.014437,0.043535,0.107489,-0.000684,0.108173
6728.T,2022-11-11,4,streak_4,0.050848,0.029779,0.021068,0.008475,0.017652,-0.009177,0.032203,0.014437,0.017766,0.008475,-0.000684,0.009159
6502.T,2022-11-11,8,streak_5plus,-0.002217,0.029779,-0.031996,-0.014715,0.017652,-0.032366,-0.064302,0.014437,-0.078738,-0.091917,-0.000684,-0.091233
4922.T,2022-11-11,2,streak_2,0.034597,0.029779,0.004818,0.0,0.017652,-0.017652,0.014637,0.014437,0.0002,0.022166,-0.000684,0.02285
8830.T,2022-11-11,5,streak_5plus,0.039026,0.029779,0.009247,0.045339,0.017652,0.027687,-0.020946,0.014437,-0.035383,-0.103013,-0.000684,-0.102329
6951.T,2022-11-11,6,streak_5plus,0.101505,0.029779,0.071726,-0.05075,0.017652,-0.068402,-0.198307,0.014437,-0.212744,-0.244361,-0.000684,-0.243676
8308.T,2022-11-11,2,streak_2,-0.011315,0.029779,-0.041094,0.066131,0.017652,0.048479,0.115897,0.014437,0.10146,0.294595,-0.000684,0.295279
9006.T,2022-11-11,3,streak_3,-0.020311,0.029779,-0.05009,-0.002103,0.017652,-0.019755,-0.051825,0.014437,-0.066262,-0.100843,-0.000684,-0.100159
6965.T,2022-11-11,4,streak_4,0.023808,0.029779,-0.005971,0.071427,0.017652,0.053775,0.052082,0.014437,0.037646,-0.017857,-0.000684,-0.017172
4919.T,2022-11-11,3,streak_3,0.018004,0.029779,-0.011775,-0.055646,0.017652,-0.073298,-0.088379,0.014437,-0.102816,-0.095852,-0.000684,-0.095167
7780.T,2022-11-14,2,streak_2,0.043877,-0.01061,0.054487,0.188463,-0.012866,0.201329,0.212284,-0.010923,0.223207,0.197241,-0.023375,0.220616
7762.T,2022-11-14,7,streak_5plus,-0.016501,-0.01061,-0.005891,-0.037959,-0.012866,-0.025093,-0.033002,-0.010923,-0.022079,0.184801,-0.023375,0.208176
8411.T,2022-11-14,2,streak_2,-0.019941,-0.01061,-0.009331,-0.001231,-0.012866,0.011635,0.036195,-0.010923,0.047118,0.298771,-0.023375,0.322146
3288.T,2022-11-14,5,streak_5plus,0.010696,-0.01061,0.021306,0.048128,-0.012866,0.060995,-0.00713,-0.010923,0.003793,-0.145276,-0.023375,-0.121902
3769.T,2022-11-14,4,streak_4,0.017767,-0.01061,0.028377,0.062606,-0.012866,0.075472,0.032995,-0.010923,0.043918,0.026227,-0.023375,0.049602
9435.T,2022-11-14,6,streak_5plus,-0.014524,-0.01061,-0.003914,0.091985,-0.012866,0.104852,-0.009144,-0.010923,0.001779,0.014094,-0.023375,0.037469
8316.T,2022-11-14,7,streak_5plus,-0.01334,-0.01061,-0.00273,0.056367,-0.012866,0.069233,0.071314,-0.010923,0.082237,0.342768,-0.023375,0.366142
5105.T,2022-11-14,7,streak_5plus,-0.006568,-0.01061,0.004042,-0.095526,-0.012866,-0.082659,-0.071048,-0.010923,-0.060125,-0.049674,-0.023375,-0.026299
6273.T,2022-11-14,8,streak_5plus,0.019052,-0.01061,0.029662,-0.040954,-0.012866,-0.028088,-0.060156,-0.010923,-0.049233,0.038554,-0.023375,0.061929
6890.T,2022-11-14,9,streak_5plus,-0.027709,-0.01061,-0.017099,0.104956,-0.012866,0.117823,0.12574,-0.010923,0.136663,0.111881,-0.023375,0.135256
4180.T,2022-11-14,3,streak_3,0.03787,-0.01061,0.048481,0.160589,-0.012866,0.173456,0.102383,-0.010923,0.113306,0.39201,-0.023375,0.415385
9005.T,2022-11-14,2,streak_2,0.001862,-0.01061,0.012472,0.023021,-0.012866,0.035887,0.074673,-0.010923,0.085596,-0.009333,-0.023375,0.014042
8961.T,2022-11-22,5,streak_5plus,0.0,0.006117,-0.006117,0.025,0.002972,0.022028,0.013889,-0.05572,0.069609,-0.027083,-0.030076,0.002993
1928.T,2022-12-08,3,streak_3,-0.001402,-0.004044,0.002642,-0.024811,0.016964,-0.041775,-0.063627,-0.05457,-0.009057,0.135243,0.016527,0.118716
6966.T,2022-12-09,5,streak_5plus,0.024292,0.011844,0.012449,-0.047234,0.017308,-0.064542,-0.114708,-0.040923,-0.073784,-0.041113,0.009376,-0.050489
4194.T,2022-12-14,2,streak_2,0.019626,0.007203,0.012423,-0.153271,-0.049604,-0.103667,-0.14486,-0.07628,-0.06858,-0.163551,-0.033772,-0.129779
3309.T,2022-12-15,2,streak_2,0.0,-0.003706,0.003706,-0.024484,-0.062805,0.038321,-0.08634,-0.07165,-0.01469,-0.106959,-0.029204,-0.077755
3287.T,2022-12-15,6,streak_5plus,-0.008499,-0.003706,-0.004792,-0.022663,-0.062805,0.040142,0.021246,-0.07165,0.092897,-0.058074,-0.029204,-0.02887
8956.T,2022-12-15,2,streak_2,0.001406,-0.003706,0.005113,-0.031646,-0.062805,0.03116,-0.061885,-0.07165,0.009765,-0.087904,-0.029204,-0.0587
3391.T,2022-12-20,2,streak_2,-0.012959,-0.024584,0.011625,0.07236,-0.030538,0.102898,0.018361,-0.025116,0.043478,-0.085312,0.006681,-0.091993
8227.T,2022-12-26,10,streak_5plus,0.003099,0.006503,-0.003405,0.014718,-0.005365,0.020083,-0.058094,0.042977,-0.10107,0.053506,0.062831,-0.009325
3086.T,2022-12-27,6,streak_5plus,0.055459,0.001593,0.053865,0.008531,-0.026099,0.034629,0.0273,0.036988,-0.009688,0.108914,0.05215,0.056764
3549.T,2022-12-28,2,streak_2,-0.023124,-0.004062,-0.019061,-0.128323,-0.023712,-0.104611,-0.149134,0.03726,-0.186395,-0.224278,0.060246,-0.284525
2809.T,2023-01-10,2,streak_2,-0.006385,0.007766,-0.014151,-0.07663,-0.005834,-0.070796,-0.060453,0.065898,-0.126351,-0.065133,0.063903,-0.129037
6506.T,2023-01-10,2,streak_2,0.021714,0.007766,0.013948,0.078409,-0.005834,0.084243,0.2304,0.065898,0.164502,0.318352,0.063903,0.254449
2651.T,2023-01-10,3,streak_3,-0.003017,0.007766,-0.010783,0.01811,-0.005834,0.023944,0.028169,0.065898,-0.037729,0.110013,0.063903,0.046109
6323.T,2023-01-11,6,streak_5plus,0.024738,0.010332,0.014406,0.192703,-0.001409,0.194112,0.384106,0.054666,0.32944,0.484105,0.066767,0.417337
2670.T,2023-01-11,3,streak_3,-0.009708,0.010332,-0.02004,-0.058251,-0.001409,-0.056842,-0.04993,0.054666,-0.104596,-0.015413,0.066767,-0.082181
2337.T,2023-01-12,2,streak_2,0.003598,0.000144,0.003454,0.042869,0.01305,0.029819,0.017875,0.043044,-0.025169,-0.008628,0.061889,-0.070517
3382.T,2023-01-12,3,streak_3,0.007306,0.000144,0.007162,0.047144,0.01305,0.034094,0.028704,0.043044,-0.01434,0.014956,0.061889,-0.046933
6532.T,2023-01-13,3,streak_3,0.019362,-0.012488,0.031849,0.323461,-0.001686,0.325147,0.230068,0.046169,0.183899,0.152902,0.064543,0.088359
3279.T,2023-01-17,6,streak_5plus,-0.021277,0.012251,-0.033528,-0.028786,0.041968,-0.070754,-0.038799,0.06895,-0.107749,-0.027534,0.104269,-0.131803
8966.T,2023-01-18,4,streak_4,0.01828,0.024961,-0.00668,0.046716,0.044398,0.002318,0.027082,0.052152,-0.02507,0.054164,0.096415,-0.042251
3283.T,2023-01-19,4,streak_4,-0.020199,-0.014404,-0.005795,0.001369,0.022541,-0.021171,-0.013009,0.033792,-0.046801,0.054433,0.06777,-0.013337
8976.T,2023-01-20,6,streak_5plus,0.004894,0.005616,-0.000722,0.008157,0.036263,-0.028106,-0.006525,0.041958,-0.048483,-0.032626,0.085299,-0.117926
4684.T,2023-01-24,5,streak_5plus,0.026108,0.014612,0.011496,0.029556,0.0196,0.009956,-0.022168,0.021076,-0.043244,0.057211,0.062718,-0.005507
6988.T,2023-01-26,6,streak_5plus,0.006164,-0.001178,0.007341,0.02343,-0.001762,0.025193,0.020961,0.002134,0.018827,0.034288,0.037286,-0.002998
4063.T,2023-01-26,3,streak_3,0.006294,-0.001178,0.007471,0.101858,-0.001762,0.10362,0.094991,0.002134,0.092857,0.24293,0.037286,0.205643
9708.T,2023-01-26,3,streak_3,0.020832,-0.001178,0.022009,0.016142,-0.001762,0.017905,0.031242,0.002134,0.029108,0.044471,0.037286,0.007184
8060.T,2023-01-27,11,streak_5plus,0.0,0.000724,-0.000724,-0.004957,0.001436,-0.006393,0.014875,0.002237,0.012638,0.08595,0.040015,0.045935
4507.T,2023-01-30,4,streak_4,-0.00142,0.001857,-0.003277,-0.020825,0.004634,-0.025459,-0.044175,0.002301,-0.046475,-0.029845,0.053826,-0.083671
8601.T,2023-01-30,8,streak_5plus,-0.003275,0.001857,-0.005132,0.0,0.004634,-0.004634,0.067211,0.002301,0.06491,0.051138,0.053826,-0.002688
9022.T,2023-01-30,6,streak_5plus,-0.00126,0.001857,-0.003116,-0.030866,0.004634,-0.035501,-0.035589,0.002301,-0.037889,0.065783,0.053826,0.011957
4816.T,2023-01-30,3,streak_3,0.012428,0.001857,0.010571,-0.085529,0.004634,-0.090163,-0.002925,0.002301,-0.005226,0.01863,0.053826,-0.035196
2002.T,2023-01-30,3,streak_3,-0.001857,0.001857,-0.003714,-0.028516,0.004634,-0.033151,-0.024176,0.002301,-0.026477,0.036099,0.053826,-0.017726
8316.T,2023-01-30,8,streak_5plus,0.0,0.001857,-0.001857,-0.030346,0.004634,-0.03498,0.029654,0.002301,0.027354,-0.020204,0.053826,-0.074029
6645.T,2023-01-30,2,streak_2,0.017257,0.001857,0.015401,0.046252,0.004634,0.041618,0.009526,0.002301,0.007225,0.103617,0.053826,0.049791
5332.T,2023-01-31,10,streak_5plus,-0.005939,-0.003874,-0.002065,-0.066336,0.009481,-0.075817,-0.102969,0.00303,-0.105999,-0.063775,0.061596,-0.125371
4547.T,2023-01-31,2,streak_2,0.008684,-0.003874,0.012558,-0.019345,0.009481,-0.028826,-0.03869,0.00303,-0.04172,0.103875,0.061596,0.04228
2175.T,2023-01-31,3,streak_3,-0.011697,-0.003874,-0.007823,0.014619,0.009481,0.005138,-0.052633,0.00303,-0.055663,-0.095311,0.061596,-0.156907
8369.T,2023-01-31,4,streak_4,-0.01634,-0.003874,-0.012465,-0.021242,0.009481,-0.030723,0.073529,0.00303,0.070499,0.108875,0.061596,0.047279
7947.T,2023-01-31,4,streak_4,0.017367,-0.003874,0.021241,0.059336,0.009481,0.049855,-0.010129,0.00303,-0.013159,-0.102961,0.061596,-0.164556
2875.T,2023-01-31,3,streak_3,0.048828,-0.003874,0.052703,0.078124,0.009481,0.068643,0.082031,0.00303,0.079,0.218975,0.061596,0.157379
5929.T,2023-01-31,4,streak_4,0.082205,-0.003874,0.08608,0.059284,0.009481,0.049803,0.1328,0.00303,0.129769,0.208943,0.061596,0.147347
9508.T,2023-01-31,2,streak_2,0.036069,-0.003874,0.039943,0.018042,0.009481,0.008561,0.0,0.00303,-0.00303,0.176155,0.061596,0.114559
4368.T,2023-01-31,12,streak_5plus,-0.00136,-0.003874,0.002515,-0.013606,0.009481,-0.023088,0.020408,0.00303,0.017378,0.02934,0.061596,-0.032256
8308.T,2023-01-31,3,streak_3,-0.032337,-0.003874,-0.028463,-0.066817,0.009481,-0.076298,-0.005112,0.00303,-0.008142,-0.07148,0.061596,-0.133076
9513.T,2023-01-31,5,streak_5plus,0.017494,-0.003874,0.021369,0.042277,0.009481,0.032795,0.061712,0.00303,0.058682,0.089138,0.061596,0.027542
3092.T,2023-01-31,5,streak_5plus,-0.013258,-0.003874,-0.009384,-0.039765,0.009481,-0.049246,-0.106037,0.00303,-0.109067,-0.133061,0.061596,-0.194657
6762.T,2023-01-31,6,streak_5plus,-0.001091,-0.003874,0.002784,0.035793,0.009481,0.026312,0.009761,0.00303,0.006731,0.058553,0.061596,-0.003042
9531.T,2023-01-31,3,streak_3,0.073007,-0.003874,0.076882,0.0809,0.009481,0.071419,0.018153,0.00303,0.015123,0.11742,0.061596,0.055824
7518.T,2023-02-01,2,streak_2,-0.004283,0.000718,-0.005001,-0.078571,0.013114,-0.091684,-0.101429,0.00628,-0.107709,-0.047143,0.066992,-0.114135
4980.T,2023-02-01,2,streak_2,-0.002533,0.000718,-0.003251,0.03603,0.013114,0.022917,-0.01091,0.00628,-0.01719,-0.040062,0.066992,-0.107054
5481.T,2023-02-01,7,streak_5plus,0.024608,0.000718,0.02389,0.072205,0.013114,0.059091,0.064137,0.00628,0.057857,0.089528,0.066992,0.022536
6370.T,2023-02-02,2,streak_2,0.010364,0.002023,0.008341,0.060449,0.009498,0.050951,0.070813,0.021236,0.049577,-0.026497,0.058623,-0.08512
4502.T,2023-02-02,2,streak_2,-0.005154,0.002023,-0.007177,0.041229,0.009498,0.031731,0.041964,0.021236,0.020728,0.150828,0.058623,0.092205
6758.T,2023-02-02,2,streak_2,0.001746,0.002023,-0.000277,0.042286,0.009498,0.032788,0.00654,0.021236,-0.014696,0.080048,0.058623,0.021425
7211.T,2023-02-02,10,streak_5plus,-0.017507,0.002023,-0.01953,-0.009719,0.009498,-0.019217,0.052522,0.021236,0.031286,0.004093,0.058623,-0.05453
8411.T,2023-02-02,3,streak_3,-0.012744,0.002023,-0.014767,0.022804,0.009498,0.013306,0.046335,0.021236,0.025099,-0.010525,0.058623,-0.069148
9202.T,2023-02-02,3,streak_3,-0.014443,0.002023,-0.016466,-0.00557,0.009498,-0.015068,-0.032888,0.021236,-0.054125,0.051331,0.058623,-0.007293
2296.T,2023-02-03,3,streak_3,-0.010015,0.00392,-0.013934,0.008585,0.006653,0.001933,0.038626,0.030499,0.008127,0.124182,0.067177,0.057005
3626.T,2023-02-03,9,streak_5plus,-0.018643,0.00392,-0.022562,-0.057258,0.006653,-0.063911,-0.069243,0.030499,-0.099742,0.059612,0.067177,-0.007565
2801.T,2023-02-03,3,streak_3,-0.01178,0.00392,-0.0157,-0.025033,0.006653,-0.031686,-0.063326,0.030499,-0.093825,0.157751,0.067177,0.090574
6707.T,2023-02-03,2,streak_2,0.021907,0.00392,0.017987,0.063145,0.006653,0.056492,0.297681,0.030499,0.267182,0.391179,0.067177,0.324003
2413.T,2023-02-03,3,streak_3,0.019737,0.00392,0.015817,-0.032347,0.006653,-0.038999,-0.103346,0.030499,-0.133845,-0.163018,0.067177,-0.230194
8031.T,2023-02-03,13,streak_5plus,0.013678,0.00392,0.009758,0.054706,0.006653,0.048053,0.109943,0.030499,0.079444,0.168663,0.067177,0.101487
1802.T,2023-02-06,8,streak_5plus,0.025057,0.00669,0.018367,0.022968,0.005871,0.017096,0.080376,0.029065,0.051311,0.248976,0.058619,0.190357
4114.T,2023-02-06,5,streak_5plus,0.024297,0.00669,0.017607,0.03925,0.005871,0.033378,0.087852,0.029065,0.058787,0.036321,0.058619,-0.022298
4732.T,2023-02-07,4,streak_4,0.003703,-0.00029,0.003993,0.009246,-0.009612,0.018858,0.064289,0.027107,0.037182,0.086161,0.051753,0.034408
7951.T,2023-02-07,3,streak_3,-0.003916,-0.00029,-0.003626,-0.029355,-0.009612,-0.019743,0.02348,0.027107,-0.003627,0.045993,0.051753,-0.00576
3110.T,2023-02-07,8,streak_5plus,0.003432,-0.00029,0.003722,0.016675,-0.009612,0.026287,0.046101,0.027107,0.018994,-0.068885,0.051753,-0.120638
7269.T,2023-02-07,3,streak_3,-0.005962,-0.00029,-0.005672,-0.031673,-0.009612,-0.022062,0.023858,0.027107,-0.003249,-0.005018,0.051753,-0.056771
6412.T,2023-02-08,3,streak_3,0.010056,-0.002854,0.01291,0.046784,-0.002987,0.049771,0.171405,0.033869,0.137536,0.171036,0.061501,0.109535
5713.T,2023-02-08,7,streak_5plus,-0.001189,-0.002854,0.001665,0.02198,-0.002987,0.024967,0.045149,0.033869,0.01128,-0.12362,0.061501,-0.185121
7458.T,2023-02-08,3,streak_3,0.001274,-0.002854,0.004128,0.056051,-0.002987,0.059038,0.122293,0.033869,0.088424,0.294312,0.061501,0.232811
7532.T,2023-02-08,3,streak_3,0.001676,-0.002854,0.00453,0.014722,-0.002987,0.017709,0.123254,0.033869,0.089385,0.098023,0.061501,0.036522
5947.T,2023-02-08,4,streak_4,-0.001009,-0.002854,0.001845,-0.01417,-0.002987,-0.011183,-0.010118,0.033869,-0.043987,0.01961,0.061501,-0.041891
6055.T,2023-02-08,11,streak_5plus,-0.001691,-0.002854,0.001163,0.008886,-0.002987,0.011873,-0.035955,0.033869,-0.069824,-0.116317,0.061501,-0.177818
3402.T,2023-02-08,3,streak_3,-0.043392,-0.002854,-0.040538,-0.012163,-0.002987,-0.009176,0.009348,0.033869,-0.024521,-0.039401,0.061501,-0.100902
7202.T,2023-02-09,7,streak_5plus,-0.006913,-0.000801,-0.006112,0.015085,-0.003789,0.018874,0.049025,0.01947,0.029555,0.065797,0.073167,-0.007371
8876.T,2023-02-09,4,streak_4,0.003751,-0.000801,0.004552,-0.012658,-0.003789,-0.008869,0.02016,0.01947,0.00069,-0.037532,0.073167,-0.110699
4581.T,2023-02-09,4,streak_4,-0.001861,-0.000801,-0.001061,0.00745,-0.003789,0.011239,0.055867,0.01947,0.036396,0.046721,0.073167,-0.026446
8253.T,2023-02-09,2,streak_2,0.007653,-0.000801,0.008453,0.054739,-0.003789,0.058528,0.113007,0.01947,0.093537,0.191542,0.073167,0.118375
4681.T,2023-02-09,3,streak_3,0.004261,-0.000801,0.005062,-0.094085,-0.003789,-0.090296,-0.082162,0.01947,-0.101632,-0.020473,0.073167,-0.09364
6869.T,2023-02-09,2,streak_2,0.009406,-0.000801,0.010207,-0.036947,-0.003789,-0.033158,-0.02686,0.01947,-0.04633,0.05578,0.073167,-0.017387
4665.T,2023-02-09,4,streak_4,-0.000344,-0.000801,0.000457,0.044594,-0.003789,0.048383,0.130359,0.01947,0.110889,0.199588,0.073167,0.126421
6965.T,2023-02-09,5,streak_5plus,-0.009916,-0.000801,-0.009115,-0.065155,-0.003789,-0.061366,-0.045326,0.01947,-0.064796,0.018249,0.073167,-0.054919
6383.T,2023-02-09,2,streak_2,0.012487,-0.000801,0.013287,0.022195,-0.003789,0.025984,0.034677,0.01947,0.015207,0.04909,0.073167,-0.024077
3405.T,2023-02-09,6,streak_5plus,0.065158,-0.000801,0.065959,0.112371,-0.003789,0.11616,0.199246,0.01947,0.179775,0.22191,0.073167,0.148743
8830.T,2023-02-09,6,streak_5plus,0.000948,-0.000801,0.001749,-0.023454,-0.003789,-0.019665,0.013629,0.01947,-0.005841,0.037166,0.073167,-0.036001
1605.T,2023-02-09,2,streak_2,0.004964,-0.000801,0.005765,0.038325,-0.003789,0.042114,0.043998,0.01947,0.024528,0.039034,0.073167,-0.034133
5021.T,2023-02-09,3,streak_3,0.006938,-0.000801,0.007739,0.042999,-0.003789,0.046788,0.12483,0.01947,0.105359,0.167361,0.073167,0.094194
8035.T,2023-02-09,2,streak_2,-0.021367,-0.000801,-0.020566,-0.014809,-0.003789,-0.01102,0.016077,0.01947,-0.003393,0.04074,0.073167,-0.032427
4516.T,2023-02-10,3,streak_3,-0.004504,0.003141,-0.007644,-0.052552,0.004064,-0.056616,-0.163663,0.009013,-0.172675,-0.029726,0.081881,-0.111607
2267.T,2023-02-10,3,streak_3,-0.020996,0.003141,-0.024137,0.014363,0.004064,0.0103,0.039778,0.009013,0.030765,0.141253,0.081881,0.059372
6407.T,2023-02-10,2,streak_2,0.010056,0.003141,0.006916,0.031184,0.004064,0.02712,0.077965,0.009013,0.068952,0.03249,0.081881,-0.049392
7780.T,2023-02-10,3,streak_3,0.014184,0.003141,0.011043,0.042893,0.004064,0.038829,-0.009683,0.009013,-0.018696,-0.06181,0.081881,-0.143691
7733.T,2023-02-10,2,streak_2,-0.006092,0.003141,-0.009232,-0.048547,0.004064,-0.052611,-0.042655,0.009013,-0.051668,-0.092911,0.081881,-0.174792
1662.T,2023-02-10,5,streak_5plus,0.036563,0.003141,0.033422,0.16038,0.004064,0.156317,0.181602,0.009013,0.172589,0.04645,0.081881,-0.035431
2154.T,2023-02-10,2,streak_2,-0.029555,0.003141,-0.032696,0.008439,0.004064,0.004376,0.001584,0.009013,-0.007429,0.02322,0.081881,-0.058661
4911.T,2023-02-10,3,streak_3,-0.000912,0.003141,-0.004052,-0.053287,0.004064,-0.05735,-0.072263,0.009013,-0.081276,0.038408,0.081881,-0.043473
6951.T,2023-02-10,7,streak_5plus,-0.015268,0.003141,-0.018408,0.049619,0.004064,0.045555,0.03944,0.009013,0.030427,0.036801,0.081881,-0.04508
1979.T,2023-02-10,2,streak_2,0.016033,0.003141,0.012892,0.026239,0.004064,0.022175,0.032066,0.009013,0.023053,0.119027,0.081881,0.037145
4180.T,2023-02-13,4,streak_4,-0.046854,-0.008806,-0.038049,-0.104282,-0.005705,-0.098577,-0.062977,-0.016224,-0.046752,-0.294206,0.087551,-0.381757
4912.T,2023-02-13,10,streak_5plus,-0.001423,-0.008806,0.007382,0.039804,-0.005705,0.045509,0.029848,-0.016224,0.046072,0.008526,0.087551,-0.079025
7272.T,2023-02-13,3,streak_3,0.016559,-0.008806,0.025364,0.019577,-0.005705,0.025281,-0.019587,-0.016224,-0.003362,0.003008,0.087551,-0.084543
4527.T,2023-02-13,3,streak_3,-0.000887,-0.008806,0.007918,0.166224,-0.005705,0.171928,0.116447,-0.016224,0.132671,0.392908,0.087551,0.305357
7762.T,2023-02-13,8,streak_5plus,0.016447,-0.008806,0.025252,0.315787,-0.005705,0.321491,0.287835,-0.016224,0.304059,0.358808,0.087551,0.271257
4922.T,2023-02-13,3,streak_3,-0.001959,-0.008806,0.006847,-0.000653,-0.005705,0.005051,-0.031984,-0.016224,-0.01576,-0.002611,0.087551,-0.090162
9605.T,2023-02-14,2,streak_2,0.012463,0.006397,0.006066,0.015431,0.003809,0.011622,0.037389,-0.007213,0.044603,0.092927,0.11472,-0.021793
4919.T,2023-02-14,4,streak_4,0.040148,0.006397,0.033751,0.062044,0.003809,0.058235,-0.012774,-0.007213,-0.00556,-0.03102,0.11472,-0.14574
1812.T,2023-02-14,3,streak_3,0.05409,0.006397,0.047694,0.060027,0.003809,0.056218,0.074539,-0.007213,0.081753,0.384519,0.11472,0.269799
6890.T,2023-02-14,10,streak_5plus,-0.00926,0.006397,-0.015657,-0.012345,0.003809,-0.016154,-0.047837,-0.007213,-0.040624,-0.032913,0.11472,-0.147633
7181.T,2023-02-14,2,streak_2,0.00435,0.006397,-0.002047,0.049172,0.003809,0.045363,-0.030026,-0.007213,-0.022813,0.000165,0.11472,-0.114556
1911.T,2023-02-14,2,streak_2,0.018469,0.006397,0.012072,0.083301,0.003809,0.079492,0.078785,-0.007213,0.085998,0.261802,0.11472,0.147082
9749.T,2023-02-14,6,streak_5plus,0.001326,0.006397,-0.005071,0.021191,0.003809,0.017382,0.047682,-0.007213,0.054896,0.164238,0.11472,0.049518
4578.T,2023-02-14,3,streak_3,0.021221,0.006397,0.014824,0.015612,0.003809,0.011803,-0.030974,-0.007213,-0.02376,0.194635,0.11472,0.079915
5105.T,2023-02-14,8,streak_5plus,-0.001942,0.006397,-0.008339,0.03562,0.003809,0.031811,-0.034975,-0.007213,-0.027762,0.107512,0.11472,-0.007209
6856.T,2023-02-14,2,streak_2,0.011609,0.006397,0.005212,0.160862,0.003809,0.157053,0.248756,-0.007213,0.255969,0.273631,0.11472,0.158911
2501.T,2023-02-15,2,streak_2,-0.019907,-0.003656,-0.016252,-0.039815,-0.004698,-0.035117,0.026035,-0.021453,0.047488,0.205208,0.116133,0.089075
5108.T,2023-02-16,2,streak_2,0.016684,0.007075,0.009609,0.067766,-0.014455,0.082221,0.043461,-0.006111,0.049572,0.180229,0.130354,0.049875
8987.T,2023-02-17,2,streak_2,-0.004052,-0.006619,0.002567,-0.005673,-0.008772,0.0031,-0.04376,-0.027105,-0.016655,-0.040519,0.117748,-0.158266
5101.T,2023-02-17,6,streak_5plus,0.032149,-0.006619,0.038767,0.222269,-0.008772,0.231042,0.142588,-0.027105,0.169692,0.435224,0.117748,0.317476
8963.T,2023-02-24,6,streak_5plus,0.007117,0.012882,-0.005765,-0.021352,0.014551,-0.035903,-0.097865,0.013745,-0.11161,0.02669,0.152346,-0.125655
1928.T,2023-03-09,4,streak_4,0.020007,0.006292,0.013715,0.011966,-0.042705,0.054671,-0.016267,-0.032551,0.016284,0.033281,0.134333,-0.101052
8967.T,2023-03-14,5,streak_5plus,0.00516,-0.02195,0.02711,-0.008256,-0.031877,0.023621,0.049192,0.008973,0.040219,0.093911,0.203696,-0.109785
3282.T,2023-03-15,2,streak_2,-0.014423,0.000273,-0.014696,-0.009615,0.008984,-0.0186,0.027244,0.034345,-0.007101,0.123397,0.230088,-0.106691
2678.T,2023-03-15,2,streak_2,0.000607,0.000273,0.000333,0.009702,0.008984,0.000718,0.059432,0.034345,0.025087,0.166289,0.230088,-0.063799
3468.T,2023-03-16,2,streak_2,-0.016575,-0.008038,-0.008537,-0.012891,0.006983,-0.019874,0.031308,0.04642,-0.015112,0.092081,0.237853,-0.145772
3269.T,2023-03-17,7,streak_5plus,-0.022293,0.011965,-0.034258,-0.004777,0.01387,-0.018647,0.052548,0.055688,-0.00314,0.140127,0.235457,-0.095329
3391.T,2023-03-23,3,streak_3,-0.007034,-0.001711,-0.005323,0.031653,0.015183,0.016471,0.028136,0.04336,-0.015224,0.381534,0.211098,0.170437
8227.T,2023-04-03,11,streak_5plus,0.00963,0.005236,0.004395,-0.08,-0.018652,-0.061348,-0.079259,0.038581,-0.11784,0.000371,0.2037,-0.203329
7649.T,2023-04-04,2,streak_2,0.015956,0.003522,0.012434,-0.010641,-0.019671,0.00903,0.031912,0.034399,-0.002487,0.127304,0.185689,-0.058385
3549.T,2023-04-04,3,streak_3,0.007423,0.003522,0.003901,-0.075667,-0.019671,-0.055996,-0.020768,0.034399,-0.055167,0.246192,0.185689,0.060503
6506.T,2023-04-07,3,streak_3,0.016697,0.001663,0.015034,0.042671,0.02491,0.017761,0.055659,0.060038,-0.004379,0.153432,0.178935,-0.025503
3048.T,2023-04-11,2,streak_2,0.006407,0.010479,-0.004071,0.011896,0.031886,-0.019989,0.031109,0.063491,-0.032383,-0.001827,0.165375,-0.167202
2670.T,2023-04-12,4,streak_4,0.002852,0.005711,-0.00286,0.09558,0.026344,0.069236,0.149789,0.060993,0.088796,0.134093,0.143992,-0.009899
3295.T,2023-04-13,3,streak_3,0.001984,0.002645,-0.000661,0.021164,0.018661,0.002503,0.039021,0.062683,-0.023661,0.074074,0.154424,-0.08035
2651.T,2023-04-13,4,streak_4,0.012892,0.002645,0.010247,0.082874,0.018661,0.064212,0.186004,0.062683,0.123322,0.269245,0.154424,0.114821
4443.T,2023-04-13,2,streak_2,0.036193,0.002645,0.033548,0.290214,0.018661,0.271553,0.144102,0.062683,0.081419,0.113606,0.154424,-0.040818
3994.T,2023-04-14,2,streak_2,0.044625,0.011951,0.032674,0.186613,0.017779,0.168834,0.160243,0.06878,0.091464,0.171197,0.150382,0.020815
6532.T,2023-04-14,4,streak_4,0.025793,0.011951,0.013842,-0.024801,0.017779,-0.04258,0.079365,0.06878,0.010586,0.08492,0.150382,-0.065462
3466.T,2023-04-17,5,streak_5plus,-0.001287,0.000748,-0.002035,0.009652,0.002488,0.007164,0.042471,0.07301,-0.030539,-0.009653,0.140398,-0.150051
8968.T,2023-04-17,6,streak_5plus,-0.003722,0.000748,-0.00447,0.00062,0.002488,-0.001868,-0.003102,0.07301,-0.076112,0.019231,0.140398,-0.121167
2802.T,2023-04-17,2,streak_2,-0.003528,0.000748,-0.004276,0.012032,0.002488,0.009543,0.070319,0.07301,-0.002692,0.152044,0.140398,0.011646
8984.T,2023-04-19,6,streak_5plus,0.010346,-0.001817,0.012163,0.0264,-0.001352,0.027753,0.052444,0.084721,-0.032277,-0.003924,0.1337,-0.137625
2337.T,2023-04-19,3,streak_3,0.003512,-0.001817,0.005329,-0.078021,-0.001352,-0.076669,-0.109932,0.084721,-0.194653,-0.05676,0.1337,-0.19046
8954.T,2023-04-20,7,streak_5plus,0.0047,0.001776,0.002924,0.03349,-0.006652,0.040142,0.038778,0.082179,-0.043401,0.042303,0.129247,-0.086944
3226.T,2023-04-20,5,streak_5plus,0.016103,0.001776,0.014327,0.05314,-0.006652,0.059792,0.041868,0.082179,-0.040311,0.059581,0.129247,-0.069666
8953.T,2023-04-20,6,streak_5plus,0.008386,0.001776,0.00661,0.034591,-0.006652,0.041243,0.031446,0.082179,-0.050732,-0.002096,0.129247,-0.131344
8060.T,2023-04-25,12,streak_5plus,-0.007849,0.000929,-0.008778,0.081632,0.018524,0.063108,0.089481,0.081235,0.008246,0.165944,0.142509,0.023435
4684.T,2023-04-25,6,streak_5plus,0.016416,0.000929,0.015488,-0.017355,0.018524,-0.035879,0.048312,0.081235,-0.032923,0.090761,0.142509,-0.051748
1944.T,2023-04-26,2,streak_2,0.006403,-0.007114,0.013517,0.069848,0.018789,0.051059,0.082073,0.091316,-0.009243,0.157744,0.149234,0.008509
6645.T,2023-04-26,3,streak_3,-0.01346,-0.007114,-0.006346,0.056174,0.018789,0.037385,0.1029,0.091316,0.011583,0.089438,0.149234,-0.059796
9022.T,2023-04-26,7,streak_5plus,-0.000896,-0.007114,0.006218,0.012528,0.018789,-0.00626,0.014319,0.091316,-0.076997,0.068317,0.149234,-0.080918
6988.T,2023-04-26,7,streak_5plus,-0.013128,-0.007114,-0.006014,0.058469,0.018789,0.03968,0.201668,0.091316,0.110352,0.173265,0.149234,0.02403
6954.T,2023-04-26,2,streak_2,-0.021559,-0.007114,-0.014445,0.014373,0.018789,-0.004416,0.036585,0.091316,-0.054732,0.041158,0.149234,-0.108077
7751.T,2023-04-26,2,streak_2,0.00451,-0.007114,0.011624,0.079364,0.018789,0.060575,0.172262,0.091316,0.080946,0.27926,0.149234,0.130026
9531.T,2023-04-26,4,streak_4,0.024272,-0.007114,0.031386,0.064849,0.018789,0.046061,0.13728,0.091316,0.045964,0.226775,0.149234,0.077541
9202.T,2023-04-27,4,streak_4,-0.015361,0.00145,-0.016811,0.031058,0.018771,0.012287,0.048121,0.10246,-0.054339,0.168256,0.152826,0.01543
3092.T,2023-04-27,6,streak_5plus,-0.000688,0.00145,-0.002138,-0.02653,0.018771,-0.045302,-0.04014,0.10246,-0.1426,-0.044214,0.152826,-0.19704
4661.T,2023-04-27,2,streak_2,0.008207,0.00145,0.006756,0.029882,0.018771,0.011111,0.111322,0.10246,0.008862,0.14941,0.152826,-0.003415
2801.T,2023-04-27,4,streak_4,0.009844,0.00145,0.008394,0.102671,0.018771,0.0839,0.165965,0.10246,0.063505,0.144444,0.152826,-0.008381
1911.T,2023-04-27,3,streak_3,0.010237,0.00145,0.008786,0.028242,0.018771,0.009471,0.134844,0.10246,0.032384,0.245966,0.152826,0.093141
9533.T,2023-04-27,2,streak_2,-0.056065,0.00145,-0.057515,-0.00557,0.018771,-0.024341,-0.023858,0.10246,-0.126318,0.045923,0.152826,-0.106903
4519.T,2023-04-27,2,streak_2,0.0041,0.00145,0.00265,0.050658,0.018771,0.031887,0.11713,0.10246,0.01467,0.219956,0.152826,0.06713
8601.T,2023-04-27,9,streak_5plus,-0.02088,0.00145,-0.02233,0.012835,0.018771,-0.005936,0.017644,0.10246,-0.084816,0.212994,0.152826,0.060169
9020.T,2023-04-27,2,streak_2,-0.004372,0.00145,-0.005822,0.014776,0.018771,-0.003995,-0.001029,0.10246,-0.103489,0.039449,0.152826,-0.113377
6460.T,2023-04-28,2,streak_2,-0.008988,0.014012,-0.023,0.06956,0.02759,0.04197,0.0594,0.085397,-0.025997,0.214537,0.165669,0.048869
6758.T,2023-04-28,3,streak_3,0.020682,0.014012,0.006669,0.005171,0.02759,-0.022418,0.046935,0.085397,-0.038462,0.059266,0.165669,-0.106403
2175.T,2023-04-28,4,streak_4,0.042765,0.014012,0.028752,0.016447,0.02759,-0.011143,-0.045395,0.085397,-0.130793,-0.009209,0.165669,-0.174878
5333.T,2023-04-28,2,streak_2,-0.045475,0.014012,-0.059488,-0.014595,0.02759,-0.042185,-0.055025,0.085397,-0.140422,-0.021896,0.165669,-0.187565
9502.T,2023-04-28,2,streak_2,0.027043,0.014012,0.01303,0.0764,0.02759,0.04881,0.124411,0.085397,0.039014,0.205202,0.165669,0.039533
5481.T,2023-04-28,8,streak_5plus,0.013984,0.014012,-2.9e-05,0.13178,0.02759,0.10419,0.064828,0.085397,-0.020569,0.208051,0.165669,0.042383
4385.T,2023-04-28,2,streak_2,0.022046,0.014012,0.008033,0.190917,0.02759,0.163327,0.257496,0.085397,0.172098,0.585538,0.165669,0.419869
9508.T,2023-04-28,3,streak_3,-0.016139,0.014012,-0.030151,0.055829,0.02759,0.028239,0.083125,0.085397,-0.002272,0.198874,0.165669,0.033205
4768.T,2023-05-01,2,streak_2,0.008105,0.009244,-0.001139,0.025326,0.009204,0.016122,0.096248,0.079413,0.016835,0.191286,0.160108,0.031178
8031.T,2023-05-02,14,streak_5plus,-0.012745,0.001189,-0.013934,-0.007877,0.000122,-0.007998,0.058603,0.083522,-0.02492,0.289551,0.123081,0.16647
8002.T,2023-05-08,2,streak_2,0.001043,-0.007131,0.008174,0.004444,0.0079,-0.003456,0.095711,0.104934,-0.009223,0.268827,0.102939,0.165888
9532.T,2023-05-08,2,streak_2,0.005816,-0.007131,0.012947,0.002236,0.0079,-0.005665,-0.00179,0.104934,-0.106724,0.004696,0.102939,-0.098243
3099.T,2023-05-09,2,streak_2,0.012202,0.010119,0.002083,0.012879,0.023367,-0.010487,-0.029836,0.122864,-0.1527,0.056265,0.112017,-0.055752
3626.T,2023-05-09,10,streak_5plus,0.015462,0.010119,0.005343,0.023195,0.023367,-0.000172,-0.053867,0.122864,-0.176731,-0.112887,0.112017,-0.224904
7951.T,2023-05-09,4,streak_4,0.00935,0.010119,-0.000769,0.00748,0.023367,-0.015887,0.075704,0.122864,-0.047161,-0.162615,0.112017,-0.274632
6908.T,2023-05-09,5,streak_5plus,0.030108,0.010119,0.019989,-0.072042,0.023367,-0.095409,-0.074193,0.122864,-0.197057,-0.159138,0.112017,-0.271155
4732.T,2023-05-09,5,streak_5plus,-0.006987,0.010119,-0.017105,0.03403,0.023367,0.010663,0.02159,0.122864,-0.101275,0.063697,0.112017,-0.04832
7211.T,2023-05-09,11,streak_5plus,0.035227,0.010119,0.025109,-0.082183,0.023367,-0.10555,-0.066922,0.122864,-0.189786,0.12916,0.112017,0.017143
4980.T,2023-05-10,3,streak_3,0.005364,-0.004131,0.009495,0.024104,0.020524,0.00358,0.156082,0.091339,0.064743,0.268175,0.102991,0.165184
1605.T,2023-05-10,3,streak_3,-0.00749,-0.004131,-0.003359,0.00885,0.020524,-0.011674,0.076241,0.091339,-0.015098,0.310721,0.102991,0.20773
9513.T,2023-05-10,6,streak_5plus,-0.004473,-0.004131,-0.000342,-0.042056,0.020524,-0.06258,-0.075167,0.091339,-0.166506,-0.012082,0.102991,-0.115073
7203.T,2023-05-10,2,streak_2,0.007828,-0.004131,0.011959,0.003657,0.020524,-0.016867,0.055049,0.091339,-0.036289,0.275241,0.102991,0.17225
2810.T,2023-05-10,2,streak_2,-0.009871,-0.004131,-0.00574,0.08059,0.020524,0.060066,0.065132,0.091339,-0.026207,-0.006908,0.102991,-0.109899
4507.T,2023-05-10,5,streak_5plus,-0.039873,-0.004131,-0.035743,-0.009689,0.020524,-0.030212,-0.030974,0.091339,-0.122313,-0.030655,0.102991,-0.133646
7532.T,2023-05-10,4,streak_4,-0.009339,-0.004131,-0.005208,0.018678,0.020524,-0.001846,-0.004272,0.091339,-0.095611,0.11163,0.102991,0.008639
5713.T,2023-05-10,8,streak_5plus,-0.015565,-0.004131,-0.011434,-0.143579,0.020524,-0.164103,-0.112063,0.091339,-0.203401,-0.076459,0.102991,-0.17945
2897.T,2023-05-10,2,streak_2,-0.064903,-0.004131,-0.060772,-0.03094,0.020524,-0.051464,-0.079621,0.091339,-0.17096,-0.030187,0.102991,-0.133178
4816.T,2023-05-11,4,streak_4,0.032413,0.000161,0.032252,0.106721,0.033362,0.073359,0.068776,0.086507,-0.01773,-0.044266,0.11178,-0.156046
8035.T,2023-05-11,3,streak_3,0.016315,0.000161,0.016154,0.114523,0.033362,0.081161,0.202815,0.086507,0.116309,0.324056,0.11178,0.212276
6707.T,2023-05-11,3,streak_3,0.013011,0.000161,0.01285,0.067843,0.033362,0.034482,0.084572,0.086507,-0.001934,0.035315,0.11178,-0.076465
5801.T,2023-05-11,2,streak_2,-0.021637,0.000161,-0.021798,-0.048387,0.033362,-0.081748,-0.067859,0.086507,-0.154366,-0.04819,0.11178,-0.15997
1808.T,2023-05-11,2,streak_2,-0.009551,0.000161,-0.009712,0.008357,0.033362,-0.025005,-0.000597,0.086507,-0.087103,0.09194,0.11178,-0.01984
2587.T,2023-05-11,2,streak_2,-0.007936,0.000161,-0.008097,0.085317,0.033362,0.051956,0.046826,0.086507,-0.039681,0.019622,0.11178,-0.092158
4922.T,2023-05-11,4,streak_4,-0.017532,0.000161,-0.017693,-0.007792,0.033362,-0.041154,-0.068506,0.086507,-0.155013,-0.092065,0.11178,-0.203845
4091.T,2023-05-11,2,streak_2,0.004761,0.000161,0.0046,0.133332,0.033362,0.09997,0.219443,0.086507,0.132937,0.351587,0.11178,0.239806
1802.T,2023-05-11,9,streak_5plus,-0.070817,0.000161,-0.070978,-0.015356,0.033362,-0.048718,-0.005122,0.086507,-0.091628,0.065705,0.11178,-0.046076
6965.T,2023-05-11,6,streak_5plus,0.00406,0.000161,0.003898,-0.028417,0.033362,-0.061778,-0.057239,0.086507,-0.143746,-0.096347,0.11178,-0.208127
9735.T,2023-05-11,2,streak_2,0.006347,0.000161,0.006186,0.067445,0.033362,0.034083,0.056222,0.086507,-0.030284,0.084108,0.11178,-0.027672
4974.T,2023-05-11,2,streak_2,0.003466,0.000161,0.003305,-0.040437,0.033362,-0.073799,-0.037553,0.086507,-0.12406,-0.02715,0.11178,-0.13893
5105.T,2023-05-11,9,streak_5plus,-0.012355,0.000161,-0.012516,0.044466,0.033362,0.011104,0.151634,0.086507,0.065127,0.193295,0.11178,0.081514
9708.T,2023-05-11,4,streak_4,-0.013426,0.000161,-0.013587,-0.000495,0.033362,-0.033857,-0.007957,0.086507,-0.094463,-0.003478,0.11178,-0.115258
9749.T,2023-05-11,7,streak_5plus,0.003602,0.000161,0.003441,0.057623,0.033362,0.024262,0.069629,0.086507,-0.016878,0.149914,0.11178,0.038134
4502.T,2023-05-11,3,streak_3,-0.002187,0.000161,-0.002348,-0.025137,0.033362,-0.058498,-0.020546,0.086507,-0.107052,-0.040655,0.11178,-0.152435
4536.T,2023-05-11,2,streak_2,0.00521,0.000161,0.005049,0.08854,0.033362,0.055178,0.073783,0.086507,-0.012723,0.110675,0.11178,-0.001105
8830.T,2023-05-11,7,streak_5plus,0.004185,0.000161,0.004024,0.053108,0.033362,0.019746,0.14419,0.086507,0.057683,0.201482,0.11178,0.089702
6383.T,2023-05-12,3,streak_3,0.00658,0.008976,-0.002396,0.054588,0.049682,0.004906,0.132598,0.107752,0.024846,0.008902,0.105663,-0.096761
6407.T,2023-05-12,3,streak_3,0.004791,0.008976,-0.004185,0.012927,0.049682,-0.036754,0.063671,0.107752,-0.044081,-0.000475,0.105663,-0.106138
6055.T,2023-05-12,12,streak_5plus,0.003393,0.008976,-0.005583,-0.068796,0.049682,-0.118477,0.133238,0.107752,0.025486,0.158432,0.105663,0.052769
4527.T,2023-05-12,4,streak_4,0.018712,0.008976,0.009736,0.122708,0.049682,0.073026,0.119469,0.107752,0.011718,0.132782,0.105663,0.027119
8136.T,2023-05-12,2,streak_2,0.009871,0.008976,0.000896,0.0477,0.049682,-0.001982,-0.069571,0.107752,-0.177323,0.319417,0.105663,0.213754
4911.T,2023-05-12,4,streak_4,0.006907,0.008976,-0.002069,0.052647,0.049682,0.002966,0.007367,0.107752,-0.100385,-0.012533,0.105663,-0.118196
9008.T,2023-05-12,2,streak_2,0.013565,0.008976,0.004589,0.021318,0.049682,-0.028364,-0.084303,0.107752,-0.192054,-0.048644,0.105663,-0.154307
2875.T,2023-05-12,4,streak_4,0.006722,0.008976,-0.002254,-0.042018,0.049682,-0.091699,0.064537,0.107752,-0.043215,-0.003025,0.105663,-0.108688
6412.T,2023-05-12,4,streak_4,-0.00603,0.008976,-0.015006,-0.007537,0.049682,-0.057218,-0.112658,0.107752,-0.22041,-0.072342,0.105663,-0.178005
6856.T,2023-05-12,3,streak_3,0.009197,0.008976,0.000222,0.009197,0.049682,-0.040484,0.014061,0.107752,-0.093691,0.058066,0.105663,-0.047597
6324.T,2023-05-12,2,streak_2,-0.008453,0.008976,-0.017428,0.059181,0.049682,0.009499,0.177537,0.107752,0.069785,-0.070046,0.105663,-0.175709
8369.T,2023-05-12,5,streak_5plus,-0.001477,0.008976,-0.010453,0.002954,0.049682,-0.046727,-0.01226,0.107752,-0.120012,0.176366,0.105663,0.070703
2154.T,2023-05-12,3,streak_3,0.029944,0.008976,0.020968,-0.002064,0.049682,-0.051746,0.01394,0.107752,-0.093812,0.116275,0.105663,0.010612
7202.T,2023-05-12,8,streak_5plus,0.011034,0.008976,0.002058,0.039241,0.049682,-0.01044,0.066527,0.107752,-0.041224,0.09074,0.105663,-0.014923
1662.T,2023-05-12,6,streak_5plus,-0.045006,0.008976,-0.053981,-0.058177,0.049682,-0.107858,-0.042808,0.107752,-0.15056,0.036229,0.105663,-0.069434
3865.T,2023-05-12,2,streak_2,-0.009701,0.008976,-0.018677,0.003245,0.049682,-0.046437,-0.039915,0.107752,-0.147667,-0.081986,0.105663,-0.187649
7821.T,2023-05-12,4,streak_4,0.001561,0.008976,-0.007415,-0.054512,0.049682,-0.104193,-0.034267,0.107752,-0.142018,-0.047177,0.105663,-0.15284
8771.T,2023-05-12,2,streak_2,-0.020468,0.008976,-0.029443,-0.029035,0.049682,-0.078717,-0.107093,0.107752,-0.214844,-0.069495,0.105663,-0.175158
4578.T,2023-05-12,4,streak_4,0.007454,0.008976,-0.001521,0.043016,0.049682,-0.006666,0.149915,0.107752,0.042163,0.18784,0.105663,0.082176
7762.T,2023-05-12,9,streak_5plus,-0.006453,0.008976,-0.015428,0.051607,0.049682,0.001926,0.092893,0.107752,-0.014859,0.205159,0.105663,0.099496
5101.T,2023-05-12,7,streak_5plus,0.010606,0.008976,0.001631,0.04174,0.049682,-0.007942,0.053712,0.107752,-0.05404,0.062143,0.105663,-0.04352
3254.T,2023-05-15,2,streak_2,0.008373,0.008105,0.000268,-0.051724,0.048326,-0.100049,-0.04335,0.103642,-0.146993,0.025614,0.104992,-0.079377
6178.T,2023-05-15,2,streak_2,0.018783,0.008105,0.010678,-0.073794,0.048326,-0.12212,-0.103314,0.103642,-0.206956,-0.070664,0.104992,-0.175655
1812.T,2023-05-15,4,streak_4,0.027235,0.008105,0.01913,0.136166,0.048326,0.08784,0.131808,0.103642,0.028166,0.290303,0.104992,0.185312
7747.T,2023-05-15,2,streak_2,0.011792,0.008105,0.003687,0.144653,0.048326,0.096328,0.084119,0.103642,-0.019524,0.109753,0.104992,0.004762
7272.T,2023-05-15,4,streak_4,-0.004328,0.008105,-0.012433,-0.023085,0.048326,-0.071411,0.087738,0.103642,-0.015904,0.150812,0.104992,0.04582
7181.T,2023-05-15,3,streak_3,0.025982,0.008105,0.017877,-0.008513,0.048326,-0.056839,-0.052423,0.103642,-0.156066,0.033154,0.104992,-0.071838
6890.T,2023-05-15,11,streak_5plus,0.003259,0.008105,-0.004846,-0.001626,0.048326,-0.049951,0.014661,0.103642,-0.088982,0.040719,0.104992,-0.064272
9605.T,2023-05-15,3,streak_3,0.005491,0.008105,-0.002614,0.005491,0.048326,-0.042834,-0.006041,0.103642,-0.109684,-0.017574,0.104992,-0.122566
5108.T,2023-05-15,3,streak_3,0.017516,0.008105,0.009411,0.021126,0.048326,-0.0272,0.05724,0.103642,-0.046403,0.039052,0.104992,-0.065939
7269.T,2023-05-15,4,streak_4,0.017132,0.008105,0.009027,-0.033647,0.048326,-0.081973,0.032813,0.103642,-0.070829,0.092674,0.104992,-0.012317
8952.T,2023-05-16,6,streak_5plus,0.001869,0.007313,-0.005444,0.001869,0.049297,-0.047428,-0.009346,0.114498,-0.123844,0.085981,0.082137,0.003844
8766.T,2023-05-19,2,streak_2,-0.001572,0.007672,-0.009244,0.063176,0.007436,0.05574,0.176265,0.102451,0.073814,0.100875,0.034416,0.066459
8630.T,2023-05-19,2,streak_2,0.000994,0.007672,-0.006678,-0.018108,0.007436,-0.025544,0.074071,0.102451,-0.02838,0.026074,0.034416,-0.008341
8725.T,2023-05-19,2,streak_2,0.003414,0.007672,-0.004258,0.010431,0.007436,0.002995,0.103216,0.102451,0.000765,0.098529,0.034416,0.064113
8975.T,2023-06-14,2,streak_2,-0.002275,0.014656,-0.016931,-0.001138,0.011218,-0.012356,0.020478,-0.032545,0.053022,0.013652,-0.007333,0.020985
9603.T,2023-06-14,2,streak_2,0.009873,0.014656,-0.004783,0.087792,0.011218,0.076574,0.054028,-0.032545,0.086572,0.020779,-0.007333,0.028112
8956.T,2023-06-15,3,streak_3,0.007657,-0.000505,0.008162,0.003828,0.002171,0.001658,0.026034,-0.032329,0.058362,0.061256,-0.023757,0.085012
3309.T,2023-06-15,3,streak_3,0.007576,-0.000505,0.008081,0.020202,0.002171,0.018031,0.066919,-0.032329,0.099248,0.059343,-0.023757,0.0831
3391.T,2023-06-23,4,streak_4,-0.022127,-0.014526,-0.007602,-0.005994,-0.00092,-0.005074,-0.006915,-0.016949,0.010033,-0.091012,-0.025928,-0.065085
8227.T,2023-06-26,12,streak_5plus,-0.004253,-0.002524,-0.001729,-0.034384,0.012431,-0.046815,-0.022686,-0.003021,-0.019665,0.04493,-0.00314,0.048069
7649.T,2023-06-27,3,streak_3,-0.005808,-0.004912,-0.000895,0.05244,0.03225,0.02019,-0.003387,-0.000932,-0.002455,0.025458,-0.011734,0.037192
2678.T,2023-07-04,3,streak_3,0.008814,-0.009805,0.01862,0.064642,-0.046324,0.110967,-0.028404,-0.030979,0.002575,-0.061706,-0.074523,0.012817
2651.T,2023-07-11,5,streak_5plus,-0.005243,0.00043,-0.005673,0.076898,0.009449,0.067449,0.144899,0.000454,0.144446,0.093308,-0.007871,0.10118
2670.T,2023-07-12,5,streak_5plus,0.032065,-0.008062,0.040127,0.039337,0.021503,0.017834,0.048811,0.008387,0.040424,-0.018965,0.009034,-0.027999
9983.T,2023-07-13,2,streak_2,0.016925,0.014882,0.002042,-0.020081,0.017111,-0.037192,-0.036432,0.003626,-0.040058,0.028918,0.011647,0.017271
8966.T,2023-07-14,5,streak_5plus,-0.006897,-0.000866,-0.006031,-0.009655,-0.003554,-0.006101,-0.033103,-0.005566,-0.027538,-0.015172,-0.023452,0.00828
3283.T,2023-07-17,5,streak_5plus,-0.005442,0.003168,-0.008611,0.006463,0.009561,-0.003098,-0.028571,-0.019276,-0.009295,-0.037075,-0.010835,-0.026239
3994.T,2023-07-18,3,streak_3,-0.004676,0.003168,-0.007845,-0.035504,0.009561,-0.045065,-0.11673,-0.019276,-0.097454,-0.293038,-0.010835,-0.282202
3279.T,2023-07-19,7,streak_5plus,0.006083,0.012376,-0.006293,0.017032,0.005805,0.011227,-0.018248,-0.026709,0.008461,0.0,-0.013899,0.013899
8960.T,2023-07-20,2,streak_2,0.044612,-0.012327,0.056939,0.069321,-0.006922,0.076242,0.04873,-0.043935,0.092665,0.050789,-0.044547,0.095336
7211.T,2023-07-24,12,streak_5plus,0.049905,0.012285,0.037621,0.071482,0.014089,0.057393,0.073602,-0.013849,0.087451,-0.002347,-0.040384,0.038036
8976.T,2023-07-24,7,streak_5plus,0.0,0.012285,-0.012285,-0.017134,0.014089,-0.031223,0.031153,-0.013849,0.045002,0.015576,-0.040384,0.05596
4684.T,2023-07-25,7,streak_5plus,-0.004331,-0.000564,-0.003768,0.008014,0.014412,-0.006398,0.067793,-0.021121,0.088915,-0.044496,-0.050108,0.005613
4733.T,2023-07-25,2,streak_2,0.0428,-0.000564,0.043364,0.161477,0.014412,0.147065,0.167314,-0.021121,0.188435,0.152581,-0.050108,0.20269
7201.T,2023-07-26,2,streak_2,-0.01233,-0.000434,-0.011896,-0.028874,0.024297,-0.05317,-0.100146,-0.012095,-0.088051,-0.098118,-0.043222,-0.054896
9697.T,2023-07-26,2,streak_2,-0.003341,-0.000434,-0.002908,0.123175,0.024297,0.098878,0.061938,-0.012095,0.074034,-0.04436,-0.043222,-0.001138
3064.T,2023-07-27,2,streak_2,-0.006935,0.006821,-0.013756,-0.029119,0.001205,-0.030324,-0.049642,-0.031959,-0.017682,-0.332227,-0.063264,-0.268964
9531.T,2023-07-27,5,streak_5plus,0.006849,0.006821,2.8e-05,0.009649,0.001205,0.008444,0.03019,-0.031959,0.062149,0.063068,-0.063264,0.126332
9507.T,2023-07-27,2,streak_2,0.016684,0.006821,0.009863,-0.011299,0.001205,-0.012504,0.002947,-0.031959,0.034906,0.027538,-0.063264,0.090801
3231.T,2023-07-27,2,streak_2,0.011782,0.006821,0.004962,-0.001719,0.001205,-0.002924,0.020978,-0.031959,0.052937,0.060852,-0.063264,0.124115
4519.T,2023-07-27,3,streak_3,0.013351,0.006821,0.006531,0.041533,0.001205,0.040328,0.066009,-0.031959,0.097968,0.069223,-0.063264,0.132487
6504.T,2023-07-27,2,streak_2,-0.004302,0.006821,-0.011122,0.129716,0.001205,0.128511,0.077928,-0.031959,0.109888,0.00262,-0.063264,0.065883
6305.T,2023-07-27,2,streak_2,-0.01004,0.006821,-0.01686,0.029886,0.001205,0.028681,-0.023582,-0.031959,0.008377,-0.022627,-0.063264,0.040637
9020.T,2023-07-28,3,streak_3,0.004349,-0.004011,0.00836,-0.02384,-0.022252,-0.001588,0.000128,-0.021926,0.022054,-0.021728,-0.05775,0.036022
9202.T,2023-07-28,5,streak_5plus,0.007652,-0.004011,0.011663,-0.03768,-0.022252,-0.015428,-0.043274,-0.021926,-0.021348,-0.136151,-0.05775,-0.078401
6301.T,2023-07-28,2,streak_2,-0.005284,-0.004011,-0.001273,0.002766,-0.022252,0.025018,0.022893,-0.021926,0.044819,-0.055711,-0.05775,0.002039
6724.T,2023-07-28,2,streak_2,-0.032287,-0.004011,-0.028276,-0.037303,-0.022252,-0.015051,0.000655,-0.021926,0.022581,-0.014436,-0.05775,0.043314
4661.T,2023-07-28,3,streak_3,-0.007991,-0.004011,-0.00398,-0.05485,-0.022252,-0.032599,-0.071196,-0.021926,-0.04927,-0.141716,-0.05775,-0.083965
9503.T,2023-07-28,2,streak_2,-0.028832,-0.004011,-0.024821,-0.00647,-0.022252,0.015781,0.082189,-0.021926,0.104115,0.077248,-0.05775,0.134999
2175.T,2023-07-28,5,streak_5plus,-0.006075,-0.004011,-0.002064,-0.003932,-0.022252,0.018319,-0.020735,-0.021926,0.001191,-0.158176,-0.05775,-0.100426
9504.T,2023-07-28,2,streak_2,-0.019225,-0.004011,-0.015214,-0.052083,-0.022252,-0.029832,-0.062783,-0.021926,-0.040857,-0.063152,-0.05775,-0.005402
9022.T,2023-07-28,8,streak_5plus,0.004747,-0.004011,0.008758,-0.014521,-0.022252,0.00773,0.017033,-0.021926,0.038959,-0.049258,-0.05775,0.008492
9505.T,2023-07-28,2,streak_2,-0.013082,-0.004011,-0.009071,-0.016517,-0.022252,0.005734,-0.046571,-0.021926,-0.024645,-0.133287,-0.05775,-0.075537
4091.T,2023-07-28,3,streak_3,0.012535,-0.004011,0.016546,0.049514,-0.022252,0.071766,0.045128,-0.021926,0.067054,0.173662,-0.05775,0.231412
6201.T,2023-07-28,2,streak_2,-0.004369,-0.004011,-0.000358,-0.005825,-0.022252,0.016427,-0.016019,-0.021926,0.005907,0.072109,-0.05775,0.129859
9708.T,2023-07-28,5,streak_5plus,-0.006935,-0.004011,-0.002924,-0.011401,-0.022252,0.010851,-0.003468,-0.021926,0.018458,-0.105942,-0.05775,-0.048192
9719.T,2023-07-28,2,streak_2,0.0,-0.004011,0.004011,0.084091,-0.022252,0.106343,0.145166,-0.021926,0.167092,0.151234,-0.05775,0.208984
8697.T,2023-07-28,2,streak_2,0.001883,-0.004011,0.005894,0.04362,-0.022252,0.065872,0.067612,-0.021926,0.089538,0.223008,-0.05775,0.280759
9502.T,2023-07-28,3,streak_3,-0.019924,-0.004011,-0.015913,0.002273,-0.022252,0.024525,0.093051,-0.021926,0.114977,0.031241,-0.05775,0.088991
5481.T,2023-07-28,9,streak_5plus,-0.018412,-0.004011,-0.014401,-0.050365,-0.022252,-0.028113,-0.039596,-0.021926,-0.01767,-0.073423,-0.05775,-0.015673
5831.T,2023-07-28,2,streak_2,0.039171,-0.004011,0.043182,0.019816,-0.022252,0.042068,0.061689,-0.021926,0.083615,0.153304,-0.05775,0.211054
4927.T,2023-07-31,2,streak_2,0.030376,0.012607,0.017769,-0.05557,-0.017292,-0.038278,-0.073355,-0.016248,-0.057107,-0.178319,-0.062952,-0.115367
3092.T,2023-07-31,7,streak_5plus,-0.01353,0.012607,-0.026137,-0.059618,-0.017292,-0.042326,0.034866,-0.016248,0.051113,0.000446,-0.062952,0.063398
5333.T,2023-07-31,3,streak_3,0.015154,0.012607,0.002547,0.028848,-0.017292,0.04614,0.117427,-0.016248,0.133674,0.066534,-0.062952,0.129486
2875.T,2023-07-31,5,streak_5plus,-0.03743,0.012607,-0.050037,-0.040374,-0.017292,-0.023082,-0.001798,-0.016248,0.014449,0.061467,-0.062952,0.124419
9532.T,2023-07-31,3,streak_3,0.017272,0.012607,0.004665,0.00977,-0.017292,0.027062,0.052726,-0.016248,0.068974,0.251108,-0.062952,0.314061
6981.T,2023-07-31,2,streak_2,0.017731,0.012607,0.005124,-0.008188,-0.017292,0.009104,-0.016376,-0.016248,-0.000129,-0.067195,-0.062952,-0.004243
6971.T,2023-07-31,2,streak_2,0.016489,0.012607,0.003882,-0.046675,-0.017292,-0.029383,-0.029919,-0.016248,-0.013671,-0.017188,-0.062952,0.045764
2914.T,2023-07-31,2,streak_2,0.018083,0.012607,0.005476,0.002907,-0.017292,0.020199,0.022603,-0.016248,0.03885,0.115596,-0.062952,0.178548
8369.T,2023-07-31,6,streak_5plus,0.034691,0.012607,0.022084,0.003951,-0.017292,0.021243,0.054074,-0.016248,0.070322,None,None,None
4507.T,2023-07-31,6,streak_5plus,0.006107,0.012607,-0.0065,0.020013,-0.017292,0.037305,0.098541,-0.016248,0.114788,0.17675,-0.062952,0.239702
8803.T,2023-07-31,2,streak_2,0.019259,0.012607,0.006652,-0.024387,-0.017292,-0.007095,0.0,-0.016248,0.016248,-0.002449,-0.062952,0.060504
8601.T,2023-07-31,10,streak_5plus,0.019047,0.012607,0.00644,0.027914,-0.017292,0.045207,0.078736,-0.016248,0.094983,0.142419,-0.062952,0.205371
9506.T,2023-07-31,2,streak_2,0.029692,0.012607,0.017085,0.048621,-0.017292,0.065913,0.108572,-0.016248,0.124819,0.042131,-0.062952,0.105083
4568.T,2023-07-31,2,streak_2,0.056381,0.012607,0.043774,0.019928,-0.017292,0.03722,0.03378,-0.016248,0.050028,-0.053759,-0.062952,0.009194
6752.T,2023-07-31,2,streak_2,0.037128,0.012607,0.024522,-0.01915,-0.017292,-0.001857,-0.022387,-0.016248,-0.00614,-0.144631,-0.062952,-0.081679
9009.T,2023-07-31,2,streak_2,0.012526,0.012607,-8.1e-05,-0.054745,-0.017292,-0.037453,-0.056633,-0.016248,-0.040385,-0.047425,-0.062952,0.015527
9104.T,2023-07-31,2,streak_2,-0.019476,0.012607,-0.032083,0.066968,-0.017292,0.08426,0.084578,-0.016248,0.100825,0.127685,-0.062952,0.190638
9508.T,2023-07-31,4,streak_4,0.026885,0.012607,0.014278,-0.019546,-0.017292,-0.002254,0.023915,-0.016248,0.040163,0.017646,-0.062952,0.080599
9201.T,2023-08-01,2,streak_2,0.010728,0.009175,0.001553,-0.030557,-0.027664,-0.002893,-0.039336,-0.025285,-0.014051,-0.092416,-0.069738,-0.022678
6460.T,2023-08-01,3,streak_3,0.024455,0.009175,0.01528,-0.048263,-0.027664,-0.020599,-0.076414,-0.025285,-0.051128,-0.239044,-0.069738,-0.169305
4768.T,2023-08-01,3,streak_3,-0.006422,0.009175,-0.015597,0.00811,-0.027664,0.035774,0.083317,-0.025285,0.108602,0.017912,-0.069738,0.08765
8031.T,2023-08-01,15,streak_5plus,0.023101,0.009175,0.013926,-0.003968,-0.027664,0.023696,-0.026707,-0.025285,-0.001422,-0.007388,-0.069738,0.06235
9021.T,2023-08-01,2,streak_2,0.009585,0.009175,0.00041,0.002908,-0.027664,0.030572,0.050831,-0.025285,0.076116,-0.007862,-0.069738,0.061876
7203.T,2023-08-01,3,streak_3,0.024935,0.009175,0.01576,0.024306,-0.027664,0.051969,0.029546,-0.025285,0.054831,0.097484,-0.069738,0.167222
4626.T,2023-08-01,2,streak_2,0.08129,0.009175,0.072114,0.030106,-0.027664,0.05777,-0.011671,-0.025285,0.013614,-0.068108,-0.069738,0.00163
2212.T,2023-08-01,2,streak_2,0.013892,0.009175,0.004716,0.223443,-0.027664,0.251106,0.328949,-0.025285,0.354234,0.561894,-0.069738,0.631632
9008.T,2023-08-02,3,streak_3,-0.012974,-0.022968,0.009994,0.011927,-0.032838,0.044765,0.054615,-0.025612,0.080227,-0.04847,-0.056005,0.007535
6908.T,2023-08-02,6,streak_5plus,0.002532,-0.022968,0.0255,-0.01519,-0.032838,0.017648,0.096203,-0.025612,0.121815,-0.093671,-0.056005,-0.037666
9107.T,2023-08-02,2,streak_2,-0.011093,-0.022968,0.011875,0.095558,-0.032838,0.128395,0.106434,-0.025612,0.132045,0.307341,-0.056005,0.363346
7951.T,2023-08-02,5,streak_5plus,-0.012127,-0.022968,0.010841,-0.174142,-0.032838,-0.141304,-0.185547,-0.025612,-0.159935,-0.254682,-0.056005,-0.198677
4062.T,2023-08-02,2,streak_2,-0.029471,-0.022968,-0.006503,-0.094536,-0.032838,-0.061699,-0.0034,-0.025612,0.022212,-0.272076,-0.056005,-0.216071
3626.T,2023-08-02,11,streak_5plus,0.010892,-0.022968,0.03386,-0.08633,-0.032838,-0.053492,-0.063998,-0.025612,-0.038386,-0.098412,-0.056005,-0.042407
2395.T,2023-08-02,2,streak_2,0.014174,-0.022968,0.037142,0.138408,-0.032838,0.171245,0.066604,-0.025612,0.092216,-0.19093,-0.056005,-0.134925
4739.T,2023-08-02,2,streak_2,0.076016,-0.022968,0.098984,0.18798,-0.032838,0.220817,0.186882,-0.025612,0.212494,0.198,-0.056005,0.254005
2206.T,2023-08-03,2,streak_2,-0.006296,-0.016767,0.010471,-0.001837,-0.01539,0.013552,0.019936,9e-05,0.019847,0.193337,-0.023167,0.216503
8053.T,2023-08-03,2,streak_2,-0.014334,-0.016767,0.002433,-0.013501,-0.01539,0.001888,0.014837,9e-05,0.014748,0.040811,-0.023167,0.063978
7974.T,2023-08-03,2,streak_2,0.000314,-0.016767,0.017081,-0.033045,-0.01539,-0.017655,-0.01369,9e-05,-0.01378,0.013335,-0.023167,0.036502
5411.T,2023-08-03,2,streak_2,-0.011954,-0.016767,0.004813,-0.021297,-0.01539,-0.005908,0.012169,9e-05,0.012079,-0.084887,-0.023167,-0.061721
6849.T,2023-08-03,2,streak_2,-0.009985,-0.016767,0.006782,0.012411,-0.01539,0.027801,0.052615,9e-05,0.052525,-0.014663,-0.023167,0.008504
3099.T,2023-08-03,3,streak_3,-0.011457,-0.016767,0.00531,0.082111,-0.01539,0.097501,0.083704,9e-05,0.083614,0.07044,-0.023167,0.093607
4202.T,2023-08-03,2,streak_2,-0.10852,-0.016767,-0.091753,-0.072603,-0.01539,-0.057213,-0.051589,9e-05,-0.051679,0.124158,-0.023167,0.147325
9064.T,2023-08-03,2,streak_2,-0.02628,-0.016767,-0.009513,0.025327,-0.01539,0.040717,0.036374,9e-05,0.036284,-0.022677,-0.023167,0.00049
4536.T,2023-08-03,3,streak_3,-0.009973,-0.016767,0.006794,0.047069,-0.01539,0.062459,0.082967,9e-05,0.082877,0.067454,-0.023167,0.090621
2897.T,2023-08-03,3,streak_3,0.060707,-0.016767,0.077474,0.057834,-0.01539,0.073224,0.043888,9e-05,0.043798,0.125296,-0.023167,0.148463
8331.T,2023-08-04,2,streak_2,0.019412,0.001041,0.018371,0.020456,0.009775,0.01068,0.123463,0.024251,0.099212,0.176223,0.01708,0.159143
7269.T,2023-08-04,5,streak_5plus,0.002221,0.001041,0.00118,-0.019266,0.009775,-0.029041,0.097068,0.024251,0.072817,0.141179,0.01708,0.1241
5401.T,2023-08-04,2,streak_2,0.009571,0.001041,0.00853,0.041681,0.009775,0.031906,0.124769,0.024251,0.100518,0.117722,0.01708,0.100642
7701.T,2023-08-04,2,streak_2,-0.026918,0.001041,-0.027958,0.022155,0.009775,0.01238,0.029063,0.024251,0.004812,-0.088905,0.01708,-0.105984
6707.T,2023-08-04,4,streak_4,-0.002298,0.001041,-0.003339,-0.153905,0.009775,-0.163681,-0.146249,0.024251,-0.1705,-0.389623,0.01708,-0.406703
7011.T,2023-08-04,2,streak_2,0.082368,0.001041,0.081327,0.176028,0.009775,0.166253,0.28216,0.024251,0.257909,0.293825,0.01708,0.276745
8002.T,2023-08-04,3,streak_3,0.032357,0.001041,0.031316,0.011953,0.009775,0.002178,0.023906,0.024251,-0.000345,-0.020525,0.01708,-0.037605
2801.T,2023-08-04,5,streak_5plus,-0.044991,0.001041,-0.046032,-0.034841,0.009775,-0.044617,0.021766,0.024251,-0.002486,0.202019,0.01708,0.184939
6326.T,2023-08-04,2,streak_2,0.00211,0.001041,0.001069,0.056299,0.009775,0.046523,0.120103,0.024251,0.095851,0.002816,0.01708,-0.014264
2815.T,2023-08-04,2,streak_2,-0.024382,0.001041,-0.025422,-0.024189,0.009775,-0.033965,0.026108,0.024251,0.001856,-0.05464,0.01708,-0.07172
3289.T,2023-08-07,2,streak_2,0.024074,0.00192,0.022154,0.077389,-0.004131,0.08152,0.160913,0.026217,0.134695,0.138126,0.002458,0.135668
6302.T,2023-08-07,3,streak_3,-0.013775,0.00192,-0.015695,0.00674,-0.004131,0.010871,0.106976,0.026217,0.080759,0.02374,0.002458,0.021281
1925.T,2023-08-07,2,streak_2,0.019598,0.00192,0.017678,0.021979,-0.004131,0.02611,0.092161,0.026217,0.065943,0.130221,0.002458,0.127762
5713.T,2023-08-07,9,streak_5plus,0.005082,0.00192,0.003162,-0.046368,-0.004131,-0.042237,-0.013551,0.026217,-0.039768,-0.074567,0.002458,-0.077025
6841.T,2023-08-08,2,streak_2,0.010596,0.003805,0.006791,0.093028,-0.000486,0.093513,0.149846,0.030584,0.119262,0.191047,-0.002729,0.193776
9005.T,2023-08-08,2,streak_2,0.010775,0.003805,0.00697,0.047335,-0.000486,0.047821,0.039119,0.030584,0.008536,-0.043034,-0.002729,-0.040306
6481.T,2023-08-08,2,streak_2,-0.01015,0.003805,-0.013955,-0.036175,-0.000486,-0.035689,-0.004244,0.030584,-0.034827,0.00997,-0.002729,0.012698
7272.T,2023-08-08,5,streak_5plus,0.007943,0.003805,0.004138,-0.049653,-0.000486,-0.049167,-0.032521,0.030584,-0.063104,-0.094836,-0.002729,-0.092107
1911.T,2023-08-08,4,streak_4,0.023538,0.003805,0.019733,0.196063,-0.000486,0.196549,0.198145,0.030584,0.167561,0.040518,-0.002729,0.043247
8725.T,2023-08-08,3,streak_3,0.007513,0.003805,0.003708,0.015423,-0.000486,0.015909,0.09253,0.030584,0.061946,0.097807,-0.002729,0.100536
4613.T,2023-08-08,2,streak_2,0.00854,0.003805,0.004735,0.0462,-0.000486,0.046686,0.026713,0.030584,-0.00387,0.013578,-0.002729,0.016307
5838.T,2023-08-08,2,streak_2,-0.004632,0.003805,-0.008437,0.065363,-0.000486,0.065849,0.010293,0.030584,-0.02029,0.266598,-0.002729,0.269327
7936.T,2023-08-08,2,streak_2,0.00772,0.003805,0.003915,0.221835,-0.000486,0.222321,0.255033,0.030584,0.224449,0.158487,-0.002729,0.161216
8848.T,2023-08-08,2,streak_2,-0.009897,0.003805,-0.013702,0.155104,-0.000486,0.155589,0.165,0.030584,0.134417,0.145207,-0.002729,0.147936
9843.T,2023-08-08,2,streak_2,0.005909,0.003805,0.002104,-0.06206,-0.000486,-0.061574,0.043439,0.030584,0.012855,-0.04424,-0.002729,-0.041512
6845.T,2023-08-08,2,streak_2,-0.00047,0.003805,-0.004275,0.108826,-0.000486,0.109312,0.147828,0.030584,0.117244,0.161213,-0.002729,0.163942
9142.T,2023-08-08,2,streak_2,0.015402,0.003805,0.011597,0.033749,-0.000486,0.034235,0.046199,0.030584,0.015615,-0.014417,-0.002729,-0.011688
9613.T,2023-08-08,2,streak_2,0.006458,0.003805,0.002653,-0.028408,-0.000486,-0.027922,0.021697,0.030584,-0.008887,-0.083174,-0.002729,-0.080445
6750.T,2023-08-08,2,streak_2,-0.005284,0.003805,-0.009089,0.131529,-0.000486,0.132014,0.167225,0.030584,0.136641,0.149962,-0.002729,0.15269
7261.T,2023-08-08,2,streak_2,0.008135,0.003805,0.00433,-0.001419,-0.000486,-0.000933,0.188538,0.030584,0.157954,0.193355,-0.002729,0.196083
2502.T,2023-08-09,2,streak_2,-0.016883,-0.005342,-0.011541,-0.003814,-0.018853,0.015038,0.046829,0.018957,0.027872,0.029584,0.008316,0.021269
4901.T,2023-08-09,2,streak_2,-0.004264,-0.005342,0.001079,0.0411,-0.018853,0.059953,0.094108,0.018957,0.07515,0.090366,0.008316,0.082051
4527.T,2023-08-09,5,streak_5plus,0.034165,-0.005342,0.039507,0.219118,-0.018853,0.237971,0.236861,0.018957,0.217903,0.173689,0.008316,0.165373
7956.T,2023-08-09,2,streak_2,0.001286,-0.005342,0.006628,-0.116513,-0.018853,-0.09766,-0.121917,0.018957,-0.140874,-0.169496,0.008316,-0.177812
3769.T,2023-08-09,2,streak_2,0.002336,-0.005342,0.007678,-0.099159,-0.018853,-0.080306,-0.12243,0.018957,-0.141387,-0.274351,0.008316,-0.282667
2579.T,2023-08-09,2,streak_2,-0.009822,-0.005342,-0.00448,0.132995,-0.018853,0.151848,0.160069,0.018957,0.141111,0.196964,0.008316,0.188648
9432.T,2023-08-09,2,streak_2,0.006827,-0.005342,0.012169,0.006827,-0.018853,0.02568,0.060572,0.018957,0.041614,0.063316,0.008316,0.055
2264.T,2023-08-09,2,streak_2,0.107833,-0.005342,0.113175,0.160853,-0.018853,0.179706,0.190349,0.018957,0.171392,0.087702,0.008316,0.079387
1808.T,2023-08-09,3,streak_3,0.004373,-0.005342,0.009715,-0.040186,-0.018853,-0.021333,0.030893,0.018957,0.011935,0.024958,0.008316,0.016643
6055.T,2023-08-09,13,streak_5plus,-0.011576,-0.005342,-0.006234,-0.050434,-0.018853,-0.031582,0.093428,0.018957,0.07447,-0.081851,0.008316,-0.090167
6740.T,2023-08-09,2,streak_2,-0.025,-0.005342,-0.019658,-0.075,-0.018853,-0.056147,0.0,0.018957,-0.018957,-0.15,0.008316,-0.158316
4922.T,2023-08-09,5,streak_5plus,-0.005031,-0.005342,0.000311,-0.07438,-0.018853,-0.055528,-0.150917,0.018957,-0.169874,-0.242903,0.008316,-0.251219
6758.T,2023-08-09,4,streak_4,0.000767,-0.005342,0.006109,-0.074376,-0.018853,-0.055523,-0.026592,0.018957,-0.04555,0.02372,0.008316,0.015404
4483.T,2023-08-09,2,streak_2,0.0242,-0.005342,0.029542,-0.157,-0.018853,-0.138148,-0.0632,0.018957,-0.082158,0.0176,0.008316,0.009284
8630.T,2023-08-09,3,streak_3,0.002,-0.005342,0.007342,0.022649,-0.018853,0.041502,0.092936,0.018957,0.073978,0.101034,0.008316,0.092719
5108.T,2023-08-09,4,streak_4,-0.032181,-0.005342,-0.026839,-0.046713,-0.018853,-0.02786,-0.01609,0.018957,-0.035047,0.02872,0.008316,0.020404
7202.T,2023-08-09,9,streak_5plus,-0.013585,-0.005342,-0.008243,-0.029109,-0.018853,-0.010256,0.057112,0.018957,0.038154,-0.02388,0.008316,-0.032196
2587.T,2023-08-09,3,streak_3,-0.013727,-0.005342,-0.008385,-0.08353,-0.018853,-0.064677,-0.054706,0.018957,-0.073663,-0.090196,0.008316,-0.098512
1662.T,2023-08-09,7,streak_5plus,-0.055055,-0.005342,-0.049713,-0.053052,-0.018853,-0.034199,0.047052,0.018957,0.028094,0.009796,0.008316,0.00148
1605.T,2023-08-09,4,streak_4,-0.032783,-0.005342,-0.027441,0.055174,-0.018853,0.074027,0.191898,0.018957,0.172941,0.100749,0.008316,0.092433
3659.T,2023-08-09,2,streak_2,0.005612,-0.005342,0.010954,0.103812,-0.018853,0.122664,0.192787,0.018957,0.173829,0.170745,0.008316,0.16243
6273.T,2023-08-09,2,streak_2,-0.012646,-0.005342,-0.007304,-0.026286,-0.018853,-0.007433,0.010372,0.018957,-0.008585,0.092331,0.008316,0.084016
6592.T,2023-08-10,2,streak_2,0.057569,0.008363,0.049206,0.09891,-0.017958,0.116868,0.131878,0.012499,0.119379,0.141266,0.011298,0.129968
4612.T,2023-08-10,2,streak_2,0.008513,0.008363,0.00015,-0.116692,-0.017958,-0.098734,-0.053077,0.012499,-0.065575,-0.152751,0.011298,-0.16405
7181.T,2023-08-10,4,streak_4,0.017879,0.008363,0.009517,-0.011915,-0.017958,0.006043,0.079453,0.012499,0.066954,0.242227,0.011298,0.230929
5020.T,2023-08-10,2,streak_2,0.055072,0.008363,0.046709,-0.019208,-0.017958,-0.001249,0.110724,0.012499,0.098225,0.064406,0.011298,0.053108
3197.T,2023-08-10,2,streak_2,0.016979,0.008363,0.008616,0.076131,-0.017958,0.09409,0.077455,0.012499,0.064956,0.209285,0.011298,0.197986
3923.T,2023-08-10,2,streak_2,-0.009723,0.008363,-0.018086,-0.031981,-0.017958,-0.014023,-0.005612,0.012499,-0.018111,-0.050569,0.011298,-0.061867
5101.T,2023-08-10,8,streak_5plus,-0.046226,0.008363,-0.054589,-0.039064,-0.017958,-0.021105,-0.053223,0.012499,-0.065722,0.010416,0.011298,-0.000882
1414.T,2023-08-10,2,streak_2,0.011659,0.008363,0.003296,-0.011145,-0.017958,0.006813,0.017146,0.012499,0.004647,0.015089,0.011298,0.003791
6098.T,2023-08-10,2,streak_2,-0.027881,0.008363,-0.036244,-0.005782,-0.017958,0.012177,0.094384,0.012499,0.081885,-0.048281,0.011298,-0.059579
5105.T,2023-08-10,10,streak_5plus,0.026646,0.008363,0.018283,0.114577,-0.017958,0.132535,0.183321,0.012499,0.170822,0.219561,0.011298,0.208262
6465.T,2023-08-10,2,streak_2,0.011078,0.008363,0.002715,0.042024,-0.017958,0.059982,0.084812,0.012499,0.072313,-0.071252,0.011298,-0.08255
8830.T,2023-08-10,8,streak_5plus,0.023976,0.008363,0.015613,-0.045529,-0.017958,-0.02757,0.106951,0.012499,0.094453,0.092056,0.011298,0.080758
7762.T,2023-08-14,10,streak_5plus,0.011552,-0.012745,0.024297,-0.102945,-0.031499,-0.071446,-0.038875,-0.000181,-0.038693,-0.041025,0.003434,-0.04446
2427.T,2023-08-14,4,streak_4,-0.018957,-0.012745,-0.006212,-0.106851,-0.031499,-0.075351,0.008617,-0.000181,0.008798,0.06075,0.003434,0.057315
6890.T,2023-08-14,12,streak_5plus,-0.017215,-0.012745,-0.004469,-0.078249,-0.031499,-0.04675,-0.064479,-0.000181,-0.064297,-0.125621,0.003434,-0.129055
3487.T,2023-08-15,2,streak_2,-0.005865,0.005587,-0.011452,-0.03695,-0.015413,-0.021538,-0.014663,0.022352,-0.037015,-0.057478,0.019845,-0.077323
7532.T,2023-08-16,5,streak_5plus,-0.040268,-0.014641,-0.025627,-0.065082,-0.011855,-0.053228,0.044707,0.014505,0.030201,0.096973,0.039731,0.057242
8955.T,2023-08-17,2,streak_2,-0.008276,-0.004435,-0.003841,-0.004138,0.007661,-0.011799,0.017931,0.044109,-0.026178,-0.022069,0.05218,-0.074249
8987.T,2023-08-18,3,streak_3,-0.04003,-0.005541,-0.034489,-0.003021,0.020907,-0.023928,0.009064,0.060301,-0.051238,-0.004532,0.061951,-0.066483
3076.T,2023-08-18,2,streak_2,-0.003624,-0.005541,0.001917,0.076088,0.020907,0.05518,0.123641,0.060301,0.06334,0.066573,0.061951,0.004622
8963.T,2023-08-25,7,streak_5plus,-0.032841,-0.020532,-0.012308,-0.006568,0.010282,-0.01685,-0.01642,0.012123,-0.028543,-0.006568,0.035944,-0.042512
3287.T,2023-08-30,7,streak_5plus,-0.006231,0.003304,-0.009535,-0.014019,0.025128,-0.039146,0.006231,-0.011003,0.017234,-0.044247,0.039097,-0.083344
3038.T,2023-09-12,2,streak_2,0.003116,0.009505,-0.006389,0.033429,0.023865,0.009565,0.069122,0.000824,0.068298,0.175263,0.014127,0.161136
3269.T,2023-09-12,8,streak_5plus,-0.005848,0.009505,-0.015353,-0.008772,0.023865,-0.032637,-0.020468,0.000824,-0.021292,-0.05117,0.014127,-0.065296
3468.T,2023-09-13,3,streak_3,-0.007042,-0.002131,-0.004911,0.026408,0.007548,0.01886,0.024648,-0.014046,0.038694,0.028169,-0.002747,0.030916
8967.T,2023-09-13,6,streak_5plus,-0.014309,-0.002131,-0.012178,-0.026955,0.007548,-0.034504,-0.035607,-0.014046,-0.021561,-0.05025,-0.002747,-0.047502
4194.T,2023-09-14,2,streak_2,0.020921,0.014113,0.006808,0.079498,-0.004143,0.083641,-0.055788,-0.032027,-0.023761,0.224547,0.008075,0.216472
3282.T,2023-09-15,3,streak_3,0.015221,0.011004,0.004216,-0.006088,-0.02309,0.017001,-0.028919,-0.034003,0.005084,-0.018265,-0.012333,-0.005932
3234.T,2023-09-19,2,streak_2,-0.007498,-0.008663,0.001165,-0.023177,-0.025481,0.002305,-0.03681,-0.044459,0.007649,-0.059305,-0.009353,-0.049952
3391.T,2023-09-20,5,streak_5plus,-0.006272,-0.006582,0.000311,-0.020743,-0.0279,0.007158,0.015923,-0.054508,0.070431,0.28204,0.013038,0.269002
7649.T,2023-09-26,4,streak_4,0.009429,-0.011123,0.020552,-0.063599,-0.028112,-0.035486,-0.085172,-0.043108,-0.042065,0.031321,0.019196,0.012125
8227.T,2023-10-02,13,streak_5plus,0.009818,-0.003066,0.012884,0.025728,-0.027088,0.052816,0.008464,-0.031351,0.039815,0.09411,0.044911,0.0492
2809.T,2023-10-05,2,streak_2,0.018504,0.017967,0.000537,0.065391,0.064456,0.000935,0.073,0.071467,0.001532,0.10264,0.128245,-0.025605
3086.T,2023-10-10,2,streak_2,0.027471,0.024258,0.003213,-0.064658,0.021435,-0.086093,-0.050926,0.037809,-0.088735,-0.096485,0.147849,-0.244333
8267.T,2023-10-11,2,streak_2,-0.015931,0.00598,-0.021911,0.003296,0.009253,-0.005958,0.026295,0.02835,-0.002055,0.107796,0.130891,-0.023095
2670.T,2023-10-11,6,streak_5plus,0.005993,0.00598,1.4e-05,-0.111985,0.009253,-0.121239,-0.059924,0.02835,-0.088274,-0.02884,0.130891,-0.159731
7581.T,2023-10-11,2,streak_2,-0.021277,0.00598,-0.027257,0.142857,0.009253,0.133604,0.144884,0.02835,0.116534,0.073962,0.130891,-0.056929
9983.T,2023-10-12,3,streak_3,0.012297,0.017477,-0.00518,0.059088,0.003316,0.055772,0.067187,0.019784,0.047403,0.169766,0.11532,0.054446
1407.T,2023-10-13,2,streak_2,0.089938,-0.005494,0.095432,0.018291,-0.032741,0.051032,-0.009146,0.00279,-0.011936,-0.038109,0.09181,-0.129919
7453.T,2023-10-13,2,streak_2,0.01285,-0.005494,0.018344,0.123499,-0.032741,0.15624,0.18329,0.00279,0.1805,0.306789,0.09181,0.214979
3281.T,2023-10-13,2,streak_2,-0.014064,-0.005494,-0.00857,0.004441,-0.032741,0.037182,0.011103,0.00279,0.008313,0.022206,0.09181,-0.069604
2651.T,2023-10-13,6,streak_5plus,0.004035,-0.005494,0.009529,0.066806,-0.032741,0.099547,0.0822,0.00279,0.07941,0.238978,0.09181,0.147168
3466.T,2023-10-16,6,streak_5plus,-0.022587,-0.020329,-0.002258,0.01232,-0.032697,0.045017,0.03217,0.011759,0.020411,0.015743,0.097483,-0.08174
8968.T,2023-10-18,7,streak_5plus,0.001256,6.1e-05,0.001194,0.005022,-0.030522,0.035544,0.030132,0.043202,-0.01307,0.096673,0.140659,-0.043986
8984.T,2023-10-18,7,streak_5plus,-0.002603,6.1e-05,-0.002664,-0.015991,-0.030522,0.014531,0.026776,0.043202,-0.016426,-0.026404,0.140659,-0.167062
8953.T,2023-10-19,7,streak_5plus,0.013641,-0.019088,0.032729,0.028332,-0.024104,0.052435,0.043022,0.048156,-0.005134,0.057712,0.139672,-0.081959
8954.T,2023-10-20,8,streak_5plus,0.005068,-0.005449,0.010516,-0.024775,-0.026375,0.001601,-0.036036,0.06228,-0.098316,-0.042793,0.152588,-0.195381
3226.T,2023-10-20,6,streak_5plus,0.004934,-0.005449,0.010383,0.0,-0.026375,0.026375,0.001645,0.06228,-0.060635,0.001645,0.152588,-0.150943
6594.T,2023-10-23,2,streak_2,0.00015,-0.008311,0.008462,-0.160024,-0.008563,-0.151461,-0.131064,0.067015,-0.19808,-0.147334,0.159222,-0.306557
4733.T,2023-10-24,3,streak_3,-0.019967,0.002026,-0.021993,0.06822,-0.009761,0.077981,0.086523,0.079109,0.007413,0.14193,0.15328,-0.01135
4684.T,2023-10-24,8,streak_5plus,0.007117,0.002026,0.005091,0.012627,-0.009761,0.022388,0.030534,0.079109,-0.048576,0.045226,0.15328,-0.108053
4552.T,2023-10-25,2,streak_2,-0.003089,0.006682,-0.009772,0.008369,-0.006551,0.014921,0.152052,0.08252,0.069532,-0.092109,0.159829,-0.251938
2212.T,2023-10-25,3,streak_3,-0.000912,0.006682,-0.007595,0.170991,-0.006551,0.177542,0.157839,0.08252,0.075319,0.295394,0.159829,0.135564
6504.T,2023-10-26,3,streak_3,-0.026735,-0.021372,-0.005363,-0.059463,0.010611,-0.070073,-0.010208,0.069646,-0.079854,0.187297,0.153375,0.033922
6305.T,2023-10-26,3,streak_3,-0.010116,-0.021372,0.011255,-0.067196,0.010611,-0.077807,-0.052505,0.069646,-0.122151,-0.046001,0.153375,-0.199376
4062.T,2023-10-26,3,streak_3,-0.039343,-0.021372,-0.017971,-0.145772,0.010611,-0.156382,-0.055215,0.069646,-0.124861,0.030141,0.153375,-0.123233
8697.T,2023-10-26,3,streak_3,-0.022768,-0.021372,-0.001396,0.033567,0.010611,0.022956,0.024794,0.069646,-0.044852,0.091921,0.153375,-0.061454
4816.T,2023-10-27,5,streak_5plus,0.003843,0.012746,-0.008904,0.099846,0.044061,0.055785,0.153611,0.091722,0.061889,0.522276,0.18578,0.336496
9502.T,2023-10-27,4,streak_4,-0.008588,0.012746,-0.021334,0.054566,0.044061,0.010506,0.005816,0.091722,-0.085906,0.062325,0.18578,-0.123454
2002.T,2023-10-27,2,streak_2,0.024495,0.012746,0.011748,0.239469,0.044061,0.195408,0.154415,0.091722,0.062693,0.134323,0.18578,-0.051457
6301.T,2023-10-27,3,streak_3,0.003264,0.012746,-0.009483,-0.035072,0.044061,-0.079133,0.028006,0.091722,-0.063716,0.15416,0.18578,-0.03162
4063.T,2023-10-27,2,streak_2,0.020641,0.012746,0.007894,0.140214,0.044061,0.096154,0.234875,0.091722,0.143153,0.393833,0.18578,0.208053
2413.T,2023-10-27,2,streak_2,0.019523,0.012746,0.006777,0.070424,0.044061,0.026363,0.044317,0.091722,-0.047405,0.033126,0.18578,-0.152653
1959.T,2023-10-27,2,streak_2,0.021135,0.012746,0.008388,0.002025,0.044061,-0.042036,0.018436,0.091722,-0.073286,0.267314,0.18578,0.081534
9532.T,2023-10-27,4,streak_4,-0.012794,0.012746,-0.025541,0.145739,0.044061,0.101678,0.147141,0.091722,0.05542,0.244301,0.18578,0.058521
3287.T,2023-10-29,8,streak_5plus,-0.012355,-0.00951,-0.002845,0.005904,0.055398,-0.049493,0.007564,0.075169,-0.067604,-0.160086,0.161974,-0.322061
1878.T,2023-10-30,2,streak_2,0.023864,-0.00951,0.033374,0.05394,0.055398,-0.001458,0.056879,0.075169,-0.018289,0.117031,0.161974,-0.044943
5334.T,2023-10-30,2,streak_2,-0.029806,-0.00951,-0.020296,0.056814,0.055398,0.001416,0.050606,0.075169,-0.024563,0.239054,0.161974,0.07708
9503.T,2023-10-30,3,streak_3,0.007592,-0.00951,0.017102,0.019482,0.055398,-0.035915,-0.005569,0.075169,-0.080737,-0.018473,0.161974,-0.180447
5332.T,2023-10-30,2,streak_2,-0.010352,-0.00951,-0.000842,0.045505,0.055398,-0.009893,0.032698,0.075169,-0.042471,0.037875,0.161974,-0.124099
9022.T,2023-10-30,9,streak_5plus,-0.013561,-0.00951,-0.004051,0.022111,0.055398,-0.033286,0.022996,0.075169,-0.052173,0.077536,0.161974,-0.084439
7947.T,2023-10-30,2,streak_2,-0.007092,-0.00951,0.002418,0.068867,0.055398,0.01347,0.042368,0.075169,-0.032801,0.036209,0.161974,-0.125765
6995.T,2023-10-30,2,streak_2,0.033715,-0.00951,0.043225,0.095008,0.055398,0.039611,0.070493,0.075169,-0.004676,0.013136,0.161974,-0.148838
4204.T,2023-10-30,2,streak_2,-0.0196,-0.00951,-0.01009,0.030765,0.055398,-0.024633,0.042421,0.075169,-0.032748,0.048625,0.161974,-0.113349
6752.T,2023-10-30,3,streak_3,-0.019778,-0.00951,-0.010268,-0.050478,0.055398,-0.105875,0.039225,0.075169,-0.035943,-0.057295,0.161974,-0.219269
6770.T,2023-10-30,2,streak_2,-0.023841,-0.00951,-0.014331,0.006577,0.055398,-0.048821,0.050962,0.075169,-0.024207,-0.108921,0.161974,-0.270895
9508.T,2023-10-31,5,streak_5plus,0.006473,0.005274,0.0012,0.085003,0.051306,0.033697,0.034457,0.090889,-0.056431,0.241123,0.177905,0.063218
9020.T,2023-10-31,4,streak_4,0.022471,0.005274,0.017198,0.024288,0.051306,-0.027018,0.038448,0.090889,-0.052441,0.162099,0.177905,-0.015806
6503.T,2023-10-31,2,streak_2,-0.012075,0.005274,-0.017349,0.114253,0.051306,0.062948,0.183153,0.090889,0.092264,0.275028,0.177905,0.097123
9507.T,2023-10-31,3,streak_3,0.005862,0.005274,0.000588,0.066007,0.051306,0.014701,0.000489,0.090889,-0.090399,0.025424,0.177905,-0.152481
9202.T,2023-10-31,6,streak_5plus,0.012347,0.005274,0.007073,0.022976,0.051306,-0.02833,0.046638,0.090889,-0.044251,0.124486,0.177905,-0.053419
9504.T,2023-10-31,3,streak_3,-0.003805,0.005274,-0.009079,0.124983,0.051306,0.073677,0.033341,0.090889,-0.057548,0.05154,0.177905,-0.126365
9533.T,2023-10-31,3,streak_3,0.008556,0.005274,0.003282,0.076042,0.051306,0.024736,0.025089,0.090889,-0.065799,0.182419,0.177905,0.004514
9505.T,2023-10-31,3,streak_3,-0.014121,0.005274,-0.019395,0.062451,0.051306,0.011145,-0.046332,0.090889,-0.137221,-0.025074,0.177905,-0.202979
6135.T,2023-10-31,2,streak_2,0.021276,0.005274,0.016003,-0.076924,0.051306,-0.128229,-0.050737,0.090889,-0.141625,-0.031097,0.177905,-0.209002
2875.T,2023-10-31,6,streak_5plus,0.082763,0.005274,0.077489,0.252801,0.051306,0.201495,0.224331,0.090889,0.133442,0.240978,0.177905,0.063073
4091.T,2023-10-31,4,streak_4,0.006405,0.005274,0.001132,0.09154,0.051306,0.040234,0.036296,0.090889,-0.054592,0.038966,0.177905,-0.138939
7988.T,2023-10-31,2,streak_2,-0.047347,0.005274,-0.05262,0.022586,0.051306,-0.02872,-0.017144,0.090889,-0.108033,0.060136,0.177905,-0.117769
2229.T,2023-10-31,2,streak_2,0.049874,0.005274,0.0446,-0.04915,0.051306,-0.100456,0.000723,0.090889,-0.090165,0.121431,0.177905,-0.056474
5938.T,2023-10-31,2,streak_2,0.008553,0.005274,0.003279,0.050698,0.051306,-0.000608,0.102933,0.090889,0.012045,0.194253,0.177905,0.016348
6201.T,2023-10-31,3,streak_3,0.038028,0.005274,0.032754,0.110328,0.051306,0.059023,0.193896,0.090889,0.103007,0.22629,0.177905,0.048385
5929.T,2023-10-31,2,streak_2,0.021767,0.005274,0.016494,0.090102,0.051306,0.038796,0.073651,0.090889,-0.017238,0.180209,0.177905,0.002304
4507.T,2023-10-31,7,streak_5plus,0.018362,0.005274,0.013088,0.030459,0.051306,-0.020847,0.017053,0.090889,-0.073836,0.016029,0.177905,-0.161876
9501.T,2023-10-31,2,streak_2,-0.005309,0.005274,-0.010583,0.036384,0.051306,-0.014922,-0.014834,0.090889,-0.105723,0.199875,0.177905,0.02197
6981.T,2023-10-31,3,streak_3,-0.016865,0.005274,-0.022139,0.131943,0.051306,0.080637,0.144245,0.090889,0.053357,0.216666,0.177905,0.038761
9506.T,2023-10-31,3,streak_3,-0.013742,0.005274,-0.019016,-0.018995,0.051306,-0.0703,-0.006616,0.090889,-0.097505,0.025799,0.177905,-0.152106
2914.T,2023-10-31,3,streak_3,0.019104,0.005274,0.01383,0.063677,0.051306,0.012371,0.100146,0.090889,0.009258,0.161775,0.177905,-0.01613
8601.T,2023-10-31,11,streak_5plus,0.022725,0.005274,0.017452,0.117541,0.051306,0.066235,0.130913,0.090889,0.040024,0.191993,0.177905,0.014088
9021.T,2023-10-31,3,streak_3,0.016631,0.005274,0.011357,0.039809,0.051306,-0.011497,0.034502,0.090889,-0.056387,0.145083,0.177905,-0.032822
4568.T,2023-10-31,3,streak_3,-0.004388,0.005274,-0.009662,0.041031,0.051306,-0.010275,0.032257,0.090889,-0.058632,0.161289,0.177905,-0.016616
6963.T,2023-11-01,2,streak_2,0.044216,0.024073,0.020143,0.060978,0.042377,0.018601,0.14983,0.083371,0.066459,0.116722,0.178082,-0.061359
5401.T,2023-11-01,3,streak_3,0.026618,0.024073,0.002545,-0.021043,0.042377,-0.06342,0.076437,0.083371,-0.006934,0.100875,0.178082,-0.077207
7203.T,2023-11-01,4,streak_4,0.047105,0.024073,0.023032,0.064477,0.042377,0.0221,0.093824,0.083371,0.010453,0.155211,0.178082,-0.02287
4188.T,2023-11-01,2,streak_2,0.098806,0.024073,0.074733,0.104476,0.042377,0.062099,0.141969,0.083371,0.058598,0.052232,0.178082,-0.12585
4739.T,2023-11-01,3,streak_3,-0.000231,0.024073,-0.024305,-0.001157,0.042377,-0.043534,None,None,None,None,None,None
8056.T,2023-11-01,2,streak_2,-0.004802,0.024073,-0.028875,0.078398,0.042377,0.036021,0.141333,0.083371,0.057962,0.241065,0.178082,0.062984
7951.T,2023-11-01,6,streak_5plus,0.025389,0.024073,0.001316,-0.102786,0.042377,-0.145163,-0.144253,0.083371,-0.227624,-0.159084,0.178082,-0.337166
6592.T,2023-11-02,3,streak_3,0.044733,0.01102,0.033713,0.015444,0.033062,-0.017617,0.049729,0.051568,-0.001839,0.180756,0.144265,0.036491
2206.T,2023-11-02,3,streak_3,0.021559,0.01102,0.010539,-0.067146,0.033062,-0.100208,-0.07029,0.051568,-0.121857,-0.021453,0.144265,-0.165718
8136.T,2023-11-02,3,streak_3,0.02714,0.01102,0.01612,0.115917,0.033062,0.082855,-0.056885,0.051568,-0.108453,-0.031434,0.144265,-0.175699
6908.T,2023-11-02,7,streak_5plus,0.025141,0.01102,0.014122,0.085196,0.033062,0.052134,0.099162,0.051568,0.047594,-0.150838,0.144265,-0.295103
4921.T,2023-11-02,2,streak_2,-0.018658,0.01102,-0.029678,0.004887,0.033062,-0.028175,0.036206,0.051568,-0.015361,0.059307,0.144265,-0.084958
8053.T,2023-11-02,3,streak_3,0.01661,0.01102,0.00559,0.065449,0.033062,0.032387,0.040864,0.051568,-0.010704,0.103653,0.144265,-0.040612
2801.T,2023-11-02,6,streak_5plus,0.080497,0.01102,0.069478,0.103951,0.033062,0.070889,0.01298,0.051568,-0.038588,0.070591,0.144265,-0.073674
4202.T,2023-11-02,3,streak_3,0.100303,0.01102,0.089283,0.112512,0.033062,0.07945,0.037757,0.051568,-0.01381,0.052634,0.144265,-0.091631
8058.T,2023-11-02,2,streak_2,-0.042249,0.01102,-0.053269,-0.017232,0.033062,-0.050294,-0.042666,0.051568,-0.094233,0.056985,0.144265,-0.08728
9001.T,2023-11-02,2,streak_2,0.017305,0.01102,0.006285,0.022985,0.033062,-0.010077,-0.009737,0.051568,-0.061304,0.063007,0.144265,-0.081258
7270.T,2023-11-02,2,streak_2,-0.019084,0.01102,-0.030104,0.007705,0.033062,-0.025357,-0.046972,0.051568,-0.09854,0.111193,0.144265,-0.033072
9008.T,2023-11-06,4,streak_4,0.021724,0.023743,-0.00202,-0.043889,0.01935,-0.063239,-0.062322,0.025851,-0.088173,-0.080976,0.130518,-0.211494
4547.T,2023-11-06,2,streak_2,-0.023184,0.023743,-0.046927,-0.055642,0.01935,-0.074992,-0.032458,0.025851,-0.058309,-0.023184,0.130518,-0.153702
5411.T,2023-11-06,3,streak_3,0.018929,0.023743,-0.004814,0.041744,0.01935,0.022395,0.024029,0.025851,-0.001822,0.126452,0.130518,-0.004066
8001.T,2023-11-06,2,streak_2,0.016609,0.023743,-0.007134,0.047152,0.01935,0.027802,0.03447,0.025851,0.008619,0.203071,0.130518,0.072554
4626.T,2023-11-06,3,streak_3,0.161415,0.023743,0.137672,0.149604,0.01935,0.130254,0.15787,0.025851,0.132019,0.204718,0.130518,0.0742
3289.T,2023-11-07,3,streak_3,-0.012865,-0.01335,0.000485,-0.012865,-0.003772,-0.009093,0.045942,0.022545,0.023397,0.06703,0.127025,-0.059995
5947.T,2023-11-07,2,streak_2,-0.007388,-0.01335,0.005962,0.000353,-0.003772,0.004125,0.070725,0.022545,0.04818,0.156582,0.127025,0.029557
4689.T,2023-11-07,2,streak_2,-0.004387,-0.01335,0.008963,0.076582,-0.003772,0.080354,0.063898,0.022545,0.041352,0.068786,0.127025,-0.058239
6976.T,2023-11-07,2,streak_2,-0.013879,-0.01335,-0.000529,0.028556,-0.003772,0.032328,-0.032025,0.022545,-0.054571,-0.039498,0.127025,-0.166524
6845.T,2023-11-07,3,streak_3,-0.027031,-0.01335,-0.013681,0.01788,-0.003772,0.021652,-0.028276,0.022545,-0.050821,0.000622,0.127025,-0.126403
7701.T,2023-11-07,3,streak_3,-0.011836,-0.01335,0.001514,-0.011836,-0.003772,-0.008064,0.026303,0.022545,0.003758,0.010785,0.127025,-0.11624
4967.T,2023-11-07,2,streak_2,-0.008903,-0.01335,0.004447,0.053092,-0.003772,0.056864,0.064058,0.022545,0.041513,-0.003734,0.127025,-0.13076
5838.T,2023-11-07,3,streak_3,-0.012214,-0.01335,0.001136,-0.074809,-0.003772,-0.071037,0.045038,0.022545,0.022493,-0.125954,0.127025,-0.252979
8113.T,2023-11-07,2,streak_2,-0.019607,-0.01335,-0.006257,-0.089182,-0.003772,-0.08541,-0.089369,0.022545,-0.111914,-0.021813,0.127025,-0.148838
7974.T,2023-11-07,3,streak_3,-0.007308,-0.01335,0.006042,0.090486,-0.003772,0.094258,0.068875,0.022545,0.04633,0.340174,0.127025,0.213148
4540.T,2023-11-07,3,streak_3,0.005365,-0.01335,0.018715,0.036624,-0.003772,0.040396,0.007397,0.022545,-0.015149,0.066777,0.127025,-0.060248
2395.T,2023-11-07,3,streak_3,0.019623,-0.01335,0.032973,-0.138962,-0.003772,-0.13519,-0.059398,0.022545,-0.081944,-0.168393,0.127025,-0.295418
4536.T,2023-11-07,4,streak_4,-0.009863,-0.01335,0.003488,0.052354,-0.003772,0.056126,0.061454,0.022545,0.038909,0.094838,0.127025,-0.032188
7261.T,2023-11-07,3,streak_3,0.004336,-0.01335,0.017686,0.116335,-0.003772,0.120107,0.052664,0.022545,0.030119,0.301337,0.127025,0.174311
6448.T,2023-11-07,2,streak_2,-0.019712,-0.01335,-0.006362,0.012522,-0.003772,0.016294,0.04496,0.022545,0.022415,0.091354,0.127025,-0.035671
5020.T,2023-11-08,3,streak_3,-0.068547,-0.003264,-0.065283,-0.005476,0.013142,-0.018618,0.02243,0.018173,0.004257,0.102811,0.143332,-0.040521
9005.T,2023-11-08,3,streak_3,-0.010596,-0.003264,-0.007332,0.045025,0.013142,0.031883,0.019126,0.018173,0.000953,-0.012656,0.143332,-0.155989
7956.T,2023-11-08,3,streak_3,-0.001562,-0.003264,0.001702,0.031251,0.013142,0.018109,0.035938,0.018173,0.017765,0.022477,0.143332,-0.120856
6849.T,2023-11-08,3,streak_3,0.030934,-0.003264,0.034198,0.029561,0.013142,0.016419,-0.003289,0.018173,-0.021462,0.150012,0.143332,0.00668
6326.T,2023-11-08,3,streak_3,-0.027236,-0.003264,-0.023972,-0.021263,0.013142,-0.034405,-0.012901,0.018173,-0.031074,0.043946,0.143332,-0.099387
6098.T,2023-11-08,3,streak_3,0.027651,-0.003264,0.030915,-0.087082,0.013142,-0.100224,0.095749,0.018173,0.077576,0.214815,0.143332,0.071482
8801.T,2023-11-08,2,streak_2,-0.019814,-0.003264,-0.01655,-0.00946,0.013142,-0.022602,0.057046,0.018173,0.038872,0.189771,0.143332,0.046439
6952.T,2023-11-08,2,streak_2,-0.00247,-0.003264,0.000795,0.013587,0.013142,0.000445,0.021004,0.018173,0.002831,-0.035813,0.143332,-0.179145
7458.T,2023-11-09,2,streak_2,0.0,0.014922,-0.014922,-0.02615,0.042069,-0.06822,-0.059619,0.004395,-0.064014,-0.146055,0.180234,-0.326289
2897.T,2023-11-09,4,streak_4,0.020632,0.014922,0.00571,0.088061,0.042069,0.045992,0.109432,0.004395,0.105037,0.001475,0.180234,-0.178759
3659.T,2023-11-09,3,streak_3,0.010205,0.014922,-0.004717,0.049631,0.042069,0.007561,0.118452,0.004395,0.114057,-0.115774,0.180234,-0.296008
6055.T,2023-11-09,14,streak_5plus,0.007256,0.014922,-0.007666,0.057592,0.042069,0.015523,0.11111,0.004395,0.106715,0.152832,0.180234,-0.027402
7201.T,2023-11-09,3,streak_3,0.038736,0.014922,0.023814,-0.031559,0.042069,-0.073628,-0.083698,0.004395,-0.088093,-0.085327,0.180234,-0.265561
2264.T,2023-11-09,3,streak_3,-0.02204,0.014922,-0.036962,0.001075,0.042069,-0.040994,-0.004119,0.004395,-0.008514,0.096775,0.180234,-0.083459
9024.T,2023-11-09,2,streak_2,0.010752,0.014922,-0.00417,0.054117,0.042069,0.012047,0.30487,0.004395,0.300474,0.462183,0.180234,0.281949
4613.T,2023-11-09,3,streak_3,0.014154,0.014922,-0.000768,0.025915,0.042069,-0.016155,0.023737,0.004395,0.019342,0.032447,0.180234,-0.147787
6302.T,2023-11-09,4,streak_4,0.0137,0.014922,-0.001222,0.025617,0.042069,-0.016452,0.037531,0.004395,0.033136,0.210854,0.180234,0.03062
8331.T,2023-11-09,3,streak_3,0.01201,0.014922,-0.002912,0.047571,0.042069,0.005502,0.088902,0.004395,0.084507,0.061029,0.180234,-0.119205
5741.T,2023-11-09,2,streak_2,-0.015148,0.014922,-0.03007,0.083807,0.042069,0.041737,0.243676,0.004395,0.239281,0.410289,0.180234,0.230055
8086.T,2023-11-09,2,streak_2,-0.042002,0.014922,-0.056924,-0.033691,0.042069,-0.075761,-0.02975,0.004395,-0.034145,0.03412,0.180234,-0.146114
9735.T,2023-11-09,3,streak_3,0.008325,0.014922,-0.006596,0.037219,0.042069,-0.004851,0.004408,0.004395,1.2e-05,0.050441,0.180234,-0.129793
2579.T,2023-11-09,3,streak_3,0.013353,0.014922,-0.001569,0.002014,0.042069,-0.040055,0.054912,0.004395,0.050517,-0.001417,0.180234,-0.181651
8830.T,2023-11-10,9,streak_5plus,0.012581,-0.0024,0.014981,0.082031,0.02383,0.058202,0.081781,0.004452,0.077329,0.128836,0.154898,-0.026062
2502.T,2023-11-10,3,streak_3,-0.000703,-0.0024,0.001697,0.023272,0.02383,-0.000558,-0.031557,0.004452,-0.036009,-0.033493,0.154898,-0.188391
4527.T,2023-11-10,6,streak_5plus,0.005897,-0.0024,0.008297,-0.112858,0.02383,-0.136688,-0.149072,0.004452,-0.153524,-0.14823,0.154898,-0.303128
7186.T,2023-11-10,2,streak_2,0.018301,-0.0024,0.020701,0.017846,0.02383,-0.005983,0.092866,0.004452,0.088414,0.06389,0.154898,-0.091007
4681.T,2023-11-10,2,streak_2,-0.002276,-0.0024,0.000124,0.007745,0.02383,-0.016084,0.117793,0.004452,0.113341,0.150609,0.154898,-0.004289
5110.T,2023-11-10,2,streak_2,0.006675,-0.0024,0.009075,0.095355,0.02383,0.071526,0.061981,0.004452,0.057529,0.096128,0.154898,-0.05877
6951.T,2023-11-10,2,streak_2,0.003905,-0.0024,0.006305,0.107164,0.02383,0.083334,0.144447,0.004452,0.139995,0.257662,0.154898,0.102764
8439.T,2023-11-10,2,streak_2,0.004249,-0.0024,0.006649,-0.018065,0.02383,-0.041895,0.048008,0.004452,0.043557,0.125602,0.154898,-0.029296
1808.T,2023-11-10,4,streak_4,0.018786,-0.0024,0.021186,-0.007621,0.02383,-0.031451,-0.019876,0.004452,-0.024328,0.013885,0.154898,-0.141013
3099.T,2023-11-10,4,streak_4,0.010148,-0.0024,0.012547,0.023871,0.02383,4.1e-05,-0.034006,0.004452,-0.038458,0.205847,0.154898,0.050949
7936.T,2023-11-10,3,streak_3,-0.035323,-0.0024,-0.032923,0.019427,0.02383,-0.004403,-0.047878,0.004452,-0.05233,0.134873,0.154898,-0.020025
1925.T,2023-11-10,3,streak_3,0.019377,-0.0024,0.021777,-0.002128,0.02383,-0.025958,0.019377,0.004452,0.014925,0.018668,0.154898,-0.13623
3197.T,2023-11-10,3,streak_3,0.00286,-0.0024,0.00526,-0.025957,0.02383,-0.049787,-0.040475,0.004452,-0.044927,0.058589,0.154898,-0.096308
6740.T,2023-11-10,3,streak_3,-0.029412,-0.0024,-0.027012,0.029412,0.02383,0.005582,-0.264706,0.004452,-0.269158,-0.411765,0.154898,-0.566662
1414.T,2023-11-10,3,streak_3,-0.002695,-0.0024,-0.000295,0.018699,0.02383,-0.005131,0.006064,0.004452,0.001612,0.050087,0.154898,-0.104811
8410.T,2023-11-10,2,streak_2,0.009583,-0.0024,0.011983,0.006512,0.02383,-0.017318,0.04869,0.004452,0.044238,0.00444,0.154898,-0.150458
6465.T,2023-11-10,3,streak_3,-0.015791,-0.0024,-0.013391,-0.057289,0.02383,-0.081119,-0.02652,0.004452,-0.030972,0.124187,0.154898,-0.030711
3563.T,2023-11-10,2,streak_2,-0.022951,-0.0024,-0.020551,0.058135,0.02383,0.034305,0.073625,0.004452,0.069174,0.14362,0.154898,-0.011278
7532.T,2023-11-10,6,streak_5plus,-0.006276,-0.0024,-0.003876,0.097854,0.02383,0.074024,0.114384,0.004452,0.109932,0.210089,0.154898,0.055191
2587.T,2023-11-10,4,streak_4,0.008404,-0.0024,0.010804,0.014008,0.02383,-0.009822,-0.003234,0.004452,-0.007686,0.045591,0.154898,-0.109307
1662.T,2023-11-10,8,streak_5plus,0.100301,-0.0024,0.102701,0.100301,0.02383,0.076471,0.061808,0.004452,0.057356,0.181355,0.154898,0.026458
7762.T,2023-11-13,11,streak_5plus,0.004505,0.000522,0.003983,-0.008986,0.03123,-0.040216,-0.067408,0.008462,-0.07587,0.202248,0.171635,0.030613
1979.T,2023-11-13,2,streak_2,-0.006524,0.000522,-0.007046,-0.069566,0.03123,-0.100795,-0.093481,0.008462,-0.101943,0.030435,0.171635,-0.1412
9069.T,2023-11-13,2,streak_2,-0.013538,0.000522,-0.01406,0.03579,0.03123,0.00456,0.021284,0.008462,0.012823,0.068668,0.171635,-0.102967
4071.T,2023-11-13,3,streak_3,-0.001128,0.000522,-0.00165,0.012048,0.03123,-0.019181,-0.10241,0.008462,-0.110872,-0.112954,0.171635,-0.284589
7181.T,2023-11-13,5,streak_5plus,0.013751,0.000522,0.013229,0.044692,0.03123,0.013462,-0.043605,0.008462,-0.052067,-0.055726,0.171635,-0.227362
9435.T,2023-11-13,2,streak_2,-0.01403,0.000522,-0.014552,0.038408,0.03123,0.007179,0.060947,0.008462,0.052485,0.138893,0.171635,-0.032743
3923.T,2023-11-13,3,streak_3,-0.008195,0.000522,-0.008717,0.132023,0.03123,0.100794,0.150469,0.008462,0.142007,-0.051901,0.171635,-0.223536
4516.T,2023-11-13,2,streak_2,-0.0068,0.000522,-0.007322,-0.057009,0.03123,-0.088239,-0.111577,0.008462,-0.120039,-0.147839,0.171635,-0.319474
4922.T,2023-11-13,6,streak_5plus,-0.050215,0.000522,-0.050737,0.008625,0.03123,-0.022605,0.020125,0.008462,0.011663,-0.222836,0.171635,-0.394471
4180.T,2023-11-13,2,streak_2,0.0,0.000522,-0.000522,-0.005175,0.03123,-0.036405,-0.0608,0.008462,-0.069262,0.196637,0.171635,0.025002
8411.T,2023-11-13,2,streak_2,0.012455,0.000522,0.011933,0.034511,0.03123,0.003281,0.009187,0.008462,0.000725,0.088422,0.171635,-0.083213
8306.T,2023-11-14,2,streak_2,0.024742,0.003401,0.021341,0.018359,0.024641,-0.006282,0.015171,0.010472,0.004699,0.150839,0.18113,-0.03029
8316.T,2023-11-14,2,streak_2,0.01245,0.003401,0.009049,0.056305,0.024641,0.031664,0.043007,0.010472,0.032534,0.134549,0.18113,-0.04658
8050.T,2023-11-14,2,streak_2,0.027001,0.003401,0.0236,0.088846,0.024641,0.064205,0.127613,0.010472,0.11714,0.334927,0.18113,0.153797
6890.T,2023-11-14,13,streak_5plus,0.036053,0.003401,0.032652,0.022943,0.024641,-0.001698,-0.032775,0.010472,-0.043247,0.044063,0.18113,-0.137067
5105.T,2023-11-14,11,streak_5plus,0.011801,0.003401,0.0084,0.038204,0.024641,0.013563,0.051726,0.010472,0.041253,0.260286,0.18113,0.079157
6273.T,2023-11-14,3,streak_3,0.00184,0.003401,-0.001561,-0.006573,0.024641,-0.031214,-0.056527,0.010472,-0.066999,0.107007,0.18113,-0.074123
4612.T,2023-11-14,3,streak_3,-0.003834,0.003401,-0.007234,0.092911,0.024641,0.068271,0.044061,0.010472,0.033589,0.063505,0.18113,-0.117625
5019.T,2023-11-14,2,streak_2,0.01078,0.003401,0.007379,0.201162,0.024641,0.176521,0.154225,0.010472,0.143753,0.351165,0.18113,0.170036
6750.T,2023-11-14,3,streak_3,0.00772,0.003401,0.004319,-0.033253,0.024641,-0.057894,0.048694,0.010472,0.038222,-0.049286,0.18113,-0.230415
8952.T,2023-11-15,7,streak_5plus,0.0194,0.025195,-0.005794,0.003527,0.020131,-0.016604,0.022928,-0.000296,0.023224,-0.058201,0.176611,-0.234812
8630.T,2023-11-17,4,streak_4,0.003742,0.004811,-0.001068,0.057369,0.006017,0.051351,0.03944,-0.019908,0.059348,0.359006,0.144737,0.214269
9627.T,2023-12-06,2,streak_2,0.022386,0.020444,0.001942,0.07589,0.002071,0.073819,0.039624,0.030125,0.009499,0.230355,0.184425,0.04593
1928.T,2023-12-07,2,streak_2,-0.005419,-0.017568,0.01215,-0.022951,-0.015534,-0.007417,0.047818,0.029774,0.018044,0.079121,0.160008,-0.080887
4194.T,2023-12-14,3,streak_3,-0.004951,-0.007292,0.002342,0.105198,0.022766,0.082432,0.183168,0.077488,0.10568,0.15099,0.214942,-0.063952
8975.T,2023-12-15,3,streak_3,-0.001186,0.008698,-0.009884,-0.029656,0.013896,-0.043552,-0.036773,0.085049,-0.121822,-0.03796,0.24871,-0.28667
8956.T,2023-12-15,4,streak_4,-0.002389,0.008698,-0.011086,-0.004777,0.013896,-0.018673,-0.003185,0.085049,-0.088233,-0.030255,0.24871,-0.278965
4716.T,2023-12-19,2,streak_2,0.010412,0.014054,-0.003642,0.016297,0.015112,0.001185,0.083748,0.115631,-0.031884,0.032594,0.233681,-0.201087
3391.T,2023-12-19,6,streak_5plus,0.011207,0.014054,-0.002847,0.072644,0.015112,0.057532,0.062268,0.115631,-0.053364,-0.093812,0.233681,-0.327492
3309.T,2023-12-21,4,streak_4,-0.014907,-0.015901,0.000994,-0.049689,0.000157,-0.049847,-0.027329,0.075738,-0.103067,0.008696,0.210441,-0.201745
8227.T,2023-12-25,14,streak_5plus,0.001594,0.002562,-0.000968,0.005743,0.008897,-0.003154,0.041799,0.077844,-0.036045,0.115826,0.217082,-0.101256
7649.T,2023-12-26,5,streak_5plus,0.017339,0.001558,0.015781,0.038302,0.00103,0.037271,0.107974,0.083386,0.024588,0.230622,0.19694,0.033682
3086.T,2023-12-26,3,streak_3,-0.025309,0.001558,-0.026868,-0.035726,0.00103,-0.036756,0.004838,0.083386,-0.078547,0.241521,0.19694,0.044581
9507.T,2024-01-03,4,streak_4,0.023192,-0.005256,0.028448,0.056237,0.047385,0.008852,0.034536,0.0805,-0.045963,0.220652,0.165189,0.055464
7581.T,2024-01-10,3,streak_3,0.034672,0.020097,0.014575,-0.069344,0.054971,-0.124315,-0.108576,0.069802,-0.178378,0.114964,0.172337,-0.057373
2670.T,2024-01-10,7,streak_5plus,0.021496,0.020097,0.001399,0.001407,0.054971,-0.053564,0.048021,0.069802,-0.021781,0.17615,0.172337,0.003814
2809.T,2024-01-10,3,streak_3,0.018818,0.020097,-0.001279,-0.039937,0.054971,-0.094908,0.009025,0.069802,-0.060777,0.190476,0.172337,0.018139
9983.T,2024-01-11,4,streak_4,0.023191,0.017657,0.005534,0.082705,0.030081,0.052624,0.119866,0.070309,0.049557,0.237164,0.145199,0.091964
6323.T,2024-01-11,2,streak_2,0.026693,0.017657,0.009036,-0.026012,0.030081,-0.056092,0.255308,0.070309,0.184999,0.503729,0.145199,0.35853
8267.T,2024-01-12,3,streak_3,0.001205,0.015043,-0.013837,0.053789,0.011878,0.041911,0.078731,0.052712,0.026019,0.000232,0.127638,-0.127406
2651.T,2024-01-12,7,streak_5plus,-0.008715,0.015043,-0.023758,0.100429,0.011878,0.088551,0.375034,0.052712,0.322321,0.384419,0.127638,0.256782
7453.T,2024-01-12,3,streak_3,0.021339,0.015043,0.006297,-0.033728,0.011878,-0.045605,-0.115824,0.052712,-0.168537,0.032896,0.127638,-0.094742
3279.T,2024-01-17,8,streak_5plus,-0.003822,-0.003971,0.000149,0.03949,0.025222,0.014268,-0.019108,0.071275,-0.090383,0.015287,0.065768,-0.050482
3283.T,2024-01-18,6,streak_5plus,-0.020195,-0.000326,-0.019868,0.0,0.021104,-0.021104,-0.071042,0.084828,-0.15587,-0.054814,0.07334,-0.128155
8966.T,2024-01-18,6,streak_5plus,-0.012668,-0.000326,-0.012341,0.030551,0.021104,0.009447,-0.014158,0.084828,-0.098986,0.050671,0.07334,-0.02267
8960.T,2024-01-19,3,streak_3,0.011479,0.014016,-0.002537,0.013504,0.021719,-0.008215,-0.055368,0.084706,-0.140074,0.017556,0.045175,-0.027619
8976.T,2024-01-22,8,streak_5plus,0.013846,0.01623,-0.002384,-0.053846,-0.0059,-0.047946,-0.087692,0.066744,-0.154437,-0.127692,0.041024,-0.168716
6594.T,2024-01-24,3,streak_3,-0.002199,-0.007971,0.005772,-0.054474,-0.01237,-0.042104,-0.032312,0.070681,-0.102993,0.156842,0.053194,0.103649
2002.T,2024-01-24,3,streak_3,-0.009257,-0.007971,-0.001286,0.012917,-0.01237,0.025287,0.041668,0.070681,-0.029013,-0.000914,0.053194,-0.054108
4684.T,2024-01-24,9,streak_5plus,-0.001212,-0.007971,0.00676,-0.077173,-0.01237,-0.064803,-0.096768,0.070681,-0.16745,-0.184457,0.053194,-0.237651
4733.T,2024-01-24,4,streak_4,-0.013843,-0.007971,-0.005872,-0.001442,-0.01237,0.010928,-0.0323,0.070681,-0.102982,-0.032714,0.053194,-0.085908
9962.T,2024-01-26,2,streak_2,-0.007498,-0.013395,0.005898,0.008717,-0.006209,0.014927,-0.123049,0.082874,-0.205923,-0.01703,0.046867,-0.063896
6988.T,2024-01-26,2,streak_2,-0.008371,-0.013395,0.005024,0.125549,-0.006209,0.131758,0.2185,0.082874,0.135626,0.26745,0.046867,0.220583
6954.T,2024-01-26,2,streak_2,-0.003707,-0.013395,0.009688,-0.072522,-0.006209,-0.066313,0.017144,0.082874,-0.065729,0.060099,0.046867,0.013232
8697.T,2024-01-28,4,streak_4,0.006322,0.007716,-0.001394,0.057521,0.011383,0.046138,0.227244,0.096695,0.130549,0.188609,0.074252,0.114357
1878.T,2024-01-29,3,streak_3,-0.002167,0.007716,-0.009883,0.062539,0.011383,0.051156,0.084214,0.096695,-0.012482,0.064414,0.074252,-0.009838
6807.T,2024-01-29,2,streak_2,0.0,0.007716,-0.007716,-0.177629,0.011383,-0.189011,-0.131247,0.096695,-0.227942,-0.154464,0.074252,-0.228716
4816.T,2024-01-29,6,streak_5plus,0.021265,0.007716,0.013549,0.126436,0.011383,0.115053,0.0,0.096695,-0.096695,-0.23868,0.074252,-0.312932
9533.T,2024-01-29,4,streak_4,0.010997,0.007716,0.003281,0.028936,0.011383,0.017553,0.029613,0.096695,-0.067082,0.387345,0.074252,0.313093
1959.T,2024-01-29,3,streak_3,0.034958,0.007716,0.027242,0.105273,0.011383,0.09389,0.140233,0.096695,0.043538,0.307363,0.074252,0.233111
8697.T,2024-01-29,5,streak_5plus,0.006322,0.007716,-0.001394,0.057521,0.011383,0.046138,0.227244,0.096695,0.130549,0.188609,0.074252,0.114357
1878.T,2024-01-30,4,streak_4,0.004656,0.00108,0.003575,0.076947,0.009083,0.067865,0.10239,0.087136,0.015254,0.051904,0.062373,-0.010469
9022.T,2024-01-30,10,streak_5plus,0.003286,0.00108,0.002206,0.018082,0.009083,0.008999,0.032602,0.087136,-0.054534,-0.011577,0.062373,-0.07395
9532.T,2024-01-30,5,streak_5plus,-0.016233,0.00108,-0.017313,0.036434,0.009083,0.027351,-0.008283,0.087136,-0.095419,0.158017,0.062373,0.095644
6301.T,2024-01-30,4,streak_4,-0.005596,0.00108,-0.006676,0.08624,0.009083,0.077157,0.105573,0.087136,0.018436,0.20527,0.062373,0.142897
9507.T,2024-01-30,5,streak_5plus,0.000469,0.00108,-0.000611,-0.003284,0.009083,-0.012367,0.021091,0.087136,-0.066045,0.254474,0.062373,0.192101
4568.T,2024-01-30,4,streak_4,0.001842,0.00108,0.000761,0.053395,0.009083,0.044313,0.144764,0.087136,0.057628,0.235301,0.062373,0.172928
5929.T,2024-01-30,3,streak_3,0.00738,0.00108,0.0063,0.013673,0.009083,0.00459,0.152159,0.087136,0.065023,0.143339,0.062373,0.080966
4507.T,2024-01-30,8,streak_5plus,-0.005493,0.00108,-0.006573,-0.009717,0.009083,-0.018799,0.053784,0.087136,-0.033352,0.05181,0.062373,-0.010563
2875.T,2024-01-30,7,streak_5plus,-0.00404,0.00108,-0.00512,0.02335,0.009083,0.014267,0.098825,0.087136,0.011689,0.275016,0.062373,0.212643
9533.T,2024-01-30,5,streak_5plus,-0.028789,0.00108,-0.029869,0.018413,0.009083,0.009331,0.005359,0.087136,-0.081778,0.375641,0.062373,0.313268
4547.T,2024-01-30,3,streak_3,0.008,0.00108,0.00692,0.0,0.009083,-0.009083,0.086401,0.087136,-0.000735,0.1638,0.062373,0.101427
2331.T,2024-01-31,2,streak_2,0.009123,0.006124,0.003,-0.006632,0.002629,-0.00926,0.059671,0.106609,-0.046938,0.110601,0.060174,0.050428
6504.T,2024-01-31,4,streak_4,0.017877,0.006124,0.011753,0.093068,0.002629,0.09044,0.257096,0.106609,0.150487,0.319755,0.060174,0.259582
8604.T,2024-01-31,2,streak_2,0.012769,0.006124,0.006645,0.077548,0.002629,0.07492,0.14694,0.106609,0.04033,0.171843,0.060174,0.111669
5334.T,2024-01-31,3,streak_3,0.011634,0.006124,0.00551,0.029843,0.002629,0.027215,0.156549,0.106609,0.04994,0.29023,0.060174,0.230057
7735.T,2024-01-31,2,streak_2,0.026232,0.006124,0.020109,0.126268,0.002629,0.123639,0.358517,0.106609,0.251907,0.172493,0.060174,0.11232
9021.T,2024-01-31,4,streak_4,0.00952,0.006124,0.003397,0.041696,0.002629,0.039067,0.026266,0.106609,-0.080343,0.066677,0.060174,0.006503
4206.T,2024-01-31,2,streak_2,0.008525,0.006124,0.002402,0.018519,0.002629,0.01589,0.04997,0.106609,-0.056639,0.03342,0.060174,-0.026753
2875.T,2024-01-31,8,streak_5plus,-0.023445,0.006124,-0.029568,0.027881,0.002629,0.025252,0.110886,0.106609,0.004277,0.291086,0.060174,0.230913
6501.T,2024-01-31,2,streak_2,0.029542,0.006124,0.023419,0.043211,0.002629,0.040583,0.141094,0.106609,0.034485,0.283846,0.060174,0.223673
4568.T,2024-01-31,5,streak_5plus,0.016079,0.006124,0.009956,0.036525,0.002629,0.033897,0.147942,0.106609,0.041333,0.271629,0.060174,0.211456
4307.T,2024-01-31,2,streak_2,0.035642,0.006124,0.029518,-0.059857,0.002629,-0.062486,-0.035869,0.106609,-0.142478,-0.089636,0.060174,-0.14981
4507.T,2024-01-31,9,streak_5plus,0.006656,0.006124,0.000533,-0.00708,0.002629,-0.009709,0.077589,0.106609,-0.029021,0.051177,0.060174,-0.008997
9508.T,2024-01-31,6,streak_5plus,0.018834,0.006124,0.012711,0.06341,0.002629,0.060782,0.142919,0.106609,0.03631,0.514859,0.060174,0.454685
9505.T,2024-01-31,4,streak_4,0.0,0.006124,-0.006124,-0.016419,0.002629,-0.019047,0.000979,0.106609,-0.10563,0.427598,0.060174,0.367425
5929.T,2024-01-31,4,streak_4,-0.019392,0.006124,-0.025515,0.014219,0.002629,0.011591,0.15363,0.106609,0.047021,0.142644,0.060174,0.08247
9502.T,2024-01-31,5,streak_5plus,0.004188,0.006124,-0.001936,0.015973,0.002629,0.013344,-0.011785,0.106609,-0.118395,0.068746,0.060174,0.008572
4368.T,2024-01-31,2,streak_2,-0.01297,0.006124,-0.019093,0.095519,0.002629,0.092891,0.165096,0.106609,0.058487,-0.038075,0.060174,-0.098249
9202.T,2024-01-31,7,streak_5plus,0.012698,0.006124,0.006575,0.0223,0.002629,0.019672,0.004648,0.106609,-0.101961,-0.057318,0.060174,-0.117491
5938.T,2024-01-31,3,streak_3,0.006103,0.006124,-2.1e-05,0.004067,0.002629,0.001438,-0.020844,0.106609,-0.127453,-0.107518,0.060174,-0.167692
9506.T,2024-01-31,4,streak_4,0.003047,0.006124,-0.003077,0.005578,0.002629,0.00295,0.032794,0.106609,-0.073815,0.366324,0.060174,0.306151
8174.T,2024-02-01,2,streak_2,-0.013293,-0.007585,-0.005708,0.040095,-0.004596,0.044691,0.033343,0.105342,-0.071999,0.069743,0.070229,-0.000486
8056.T,2024-02-01,3,streak_3,-0.017083,-0.007585,-0.009497,0.037626,-0.004596,0.042222,0.058634,0.105342,-0.046708,-0.109805,0.070229,-0.180034
5831.T,2024-02-01,2,streak_2,0.042084,-0.007585,0.049669,0.036911,-0.004596,0.041507,0.083055,0.105342,-0.022287,0.072804,0.070229,0.002575
8316.T,2024-02-01,3,streak_3,-0.007923,-0.007585,-0.000337,-0.00169,-0.004596,0.002906,0.09883,0.105342,-0.006512,0.174245,0.070229,0.104015
6995.T,2024-02-01,3,streak_3,-0.016576,-0.007585,-0.008991,-0.023375,-0.004596,-0.018779,0.030174,0.105342,-0.075168,-0.025872,0.070229,-0.096101
4626.T,2024-02-01,4,streak_4,-0.012218,-0.007585,-0.004633,-0.065653,-0.004596,-0.061056,0.010683,0.105342,-0.094659,-0.050895,0.070229,-0.121124
2811.T,2024-02-01,2,streak_2,0.050797,-0.007585,0.058383,-0.001097,-0.004596,0.003499,-0.081,0.105342,-0.186342,0.063977,0.070229,-0.006253
6622.T,2024-02-02,2,streak_2,0.004244,0.00407,0.000174,-0.087695,0.023654,-0.111349,0.200848,0.113469,0.08738,0.395618,0.060839,0.334779
4626.T,2024-02-02,5,streak_5plus,-0.041732,0.00407,-0.045802,-0.058732,0.023654,-0.082386,0.026274,0.113469,-0.087195,-0.031329,0.060839,-0.092168
6201.T,2024-02-02,4,streak_4,0.038981,0.00407,0.034911,0.099442,0.023654,0.075788,0.235879,0.113469,0.12241,0.206805,0.060839,0.145965
4091.T,2024-02-02,5,streak_5plus,0.037027,0.00407,0.032957,0.11854,0.023654,0.094886,0.284229,0.113469,0.17076,0.206266,0.060839,0.145427
8411.T,2024-02-02,3,streak_3,0.005992,0.00407,0.001922,0.00187,0.023654,-0.021784,0.077699,0.113469,-0.035769,0.142133,0.060839,0.081294
6752.T,2024-02-02,4,streak_4,0.000358,0.00407,-0.003712,0.022068,0.023654,-0.001586,0.050645,0.113469,-0.062823,0.002588,0.060839,-0.058251
5384.T,2024-02-02,2,streak_2,0.029017,0.00407,0.024947,0.107403,0.023654,0.083749,0.299198,0.113469,0.185729,0.184581,0.060839,0.123742
3099.T,2024-02-02,5,streak_5plus,0.036253,0.00407,0.032183,0.13246,0.023654,0.108806,0.26092,0.113469,0.147452,0.338332,0.060839,0.277493
6368.T,2024-02-02,2,streak_2,0.019609,0.00407,0.015539,0.073529,0.023654,0.049875,0.313727,0.113469,0.200258,0.31818,0.060839,0.25734
8001.T,2024-02-04,3,streak_3,-0.014381,0.005425,-0.019806,-0.025649,0.020449,-0.046098,-0.017939,0.108766,-0.126705,0.072409,0.052989,0.019421
1802.T,2024-02-04,2,streak_2,0.035579,0.005425,0.030155,0.009804,0.020449,-0.010646,0.289759,0.108766,0.180993,0.304606,0.052989,0.251618
9684.T,2024-02-05,2,streak_2,0.021261,0.005425,0.015836,0.116661,0.020449,0.096212,0.031975,0.108766,-0.076791,0.068432,0.052989,0.015444
6503.T,2024-02-05,3,streak_3,0.022401,0.005425,0.016976,-0.033486,0.020449,-0.053936,0.135565,0.108766,0.0268,0.292655,0.052989,0.239666
7203.T,2024-02-05,5,streak_5plus,0.01372,0.005425,0.008295,0.125865,0.020449,0.105416,0.276976,0.108766,0.168211,0.209446,0.052989,0.156457
7186.T,2024-02-05,3,streak_3,0.014617,0.005425,0.009193,-0.02256,0.020449,-0.043009,0.085015,0.108766,-0.023751,0.210528,0.052989,0.157539
1332.T,2024-02-05,2,streak_2,0.003915,0.005425,-0.00151,0.111512,0.020449,0.091062,0.15153,0.108766,0.042764,0.183964,0.052989,0.130976
8306.T,2024-02-05,3,streak_3,0.032332,0.005425,0.026907,-0.004307,0.020449,-0.024756,0.155179,0.108766,0.046413,0.152624,0.052989,0.099635
4202.T,2024-02-05,4,streak_4,0.028561,0.005425,0.023136,-0.018113,0.020449,-0.038562,0.038662,0.108766,-0.070104,0.103832,0.052989,0.050844
1802.T,2024-02-05,3,streak_3,0.035579,0.005425,0.030155,0.009804,0.020449,-0.010646,0.289759,0.108766,0.180993,0.304606,0.052989,0.251618
2801.T,2024-02-05,7,streak_5plus,0.008015,0.005425,0.002591,0.00648,0.020449,-0.013969,0.080684,0.108766,-0.028082,0.008416,0.052989,-0.044572
8053.T,2024-02-05,4,streak_4,-0.015181,0.005425,-0.020606,-0.010718,0.020449,-0.031167,0.067879,0.108766,-0.040887,0.259294,0.052989,0.206306
5802.T,2024-02-05,2,streak_2,0.02272,0.005425,0.017296,0.060508,0.020449,0.040059,0.155478,0.108766,0.046712,0.259778,0.052989,0.206789
8001.T,2024-02-05,4,streak_4,-0.014381,0.005425,-0.019806,-0.025649,0.020449,-0.046098,-0.017939,0.108766,-0.126705,0.072409,0.052989,0.019421
2296.T,2024-02-05,2,streak_2,0.001205,0.005425,-0.00422,-0.010858,0.020449,-0.031307,0.004824,0.108766,-0.103942,0.072641,0.052989,0.019653
4203.T,2024-02-05,2,streak_2,0.054917,0.005425,0.049492,0.025,0.020449,0.004551,0.239343,0.108766,0.130577,0.255138,0.052989,0.202149
8088.T,2024-02-06,2,streak_2,-0.006879,-0.005323,-0.001556,0.034532,0.044281,-0.009749,0.144145,0.089248,0.054897,0.325706,0.051575,0.274132
2871.T,2024-02-06,2,streak_2,-0.005793,-0.005323,-0.00047,0.018755,0.044281,-0.025527,0.062882,0.089248,-0.026367,0.090497,0.051575,0.038922
8058.T,2024-02-06,3,streak_3,0.007748,-0.005323,0.013071,0.148676,0.044281,0.104395,0.297154,0.089248,0.207906,0.359097,0.051575,0.307523
7203.T,2024-02-06,6,streak_5plus,0.047797,-0.005323,0.053119,0.155083,0.044281,0.110801,0.223264,0.089248,0.134015,0.158244,0.051575,0.106669
6674.T,2024-02-06,2,streak_2,-0.014598,-0.005323,-0.009275,0.213213,0.044281,0.168932,0.369876,0.089248,0.280628,0.408661,0.051575,0.357086
7951.T,2024-02-06,7,streak_5plus,-0.018519,-0.005323,-0.013196,0.051411,0.044281,0.00713,-0.078003,0.089248,-0.167251,0.082738,0.051575,0.031163
1332.T,2024-02-06,3,streak_3,0.055719,-0.005323,0.061042,0.132293,0.044281,0.088011,0.144121,0.089248,0.054872,0.192828,0.051575,0.141254
7011.T,2024-02-06,2,streak_2,0.064329,-0.005323,0.069651,0.044039,0.044281,-0.000242,0.234042,0.089248,0.144793,0.279082,0.051575,0.227507
4689.T,2024-02-06,3,streak_3,0.004088,-0.005323,0.009411,-0.046008,0.044281,-0.090289,-0.169867,0.089248,-0.259116,-0.182132,0.051575,-0.233706
4202.T,2024-02-06,5,streak_5plus,-0.065356,-0.005323,-0.060033,-0.031493,0.044281,-0.075775,-0.005757,0.089248,-0.095006,0.094187,0.051575,0.042612
2229.T,2024-02-06,3,streak_3,0.008283,-0.005323,0.013605,-0.016242,0.044281,-0.060523,0.065286,0.089248,-0.023962,0.046017,0.051575,-0.005558
6448.T,2024-02-06,3,streak_3,-0.011014,-0.005323,-0.005692,0.043461,0.044281,-0.00082,0.021631,0.089248,-0.067617,0.183218,0.051575,0.131643
4188.T,2024-02-06,3,streak_3,-0.028906,-0.005323,-0.023583,-0.041237,0.044281,-0.085519,-0.037091,0.089248,-0.126339,0.034378,0.051575,-0.017196
4540.T,2024-02-06,4,streak_4,-0.002041,-0.005323,0.003282,0.050084,0.044281,0.005803,0.383044,0.089248,0.293795,0.650793,0.051575,0.599218
7701.T,2024-02-06,4,streak_4,-0.013229,-0.005323,-0.007907,-0.075775,0.044281,-0.120056,0.028627,0.089248,-0.060621,0.056109,0.051575,0.004535
5411.T,2024-02-06,4,streak_4,-0.015986,-0.005323,-0.010663,-0.021314,0.044281,-0.065596,0.046036,0.089248,-0.043212,0.005721,0.051575,-0.045853
2296.T,2024-02-06,3,streak_3,0.008433,-0.005323,0.013756,-0.007227,0.044281,-0.051509,-0.001203,0.089248,-0.090452,0.085006,0.051575,0.033431
7974.T,2024-02-06,4,streak_4,-0.004635,-0.005323,0.000688,0.035056,0.044281,-0.009225,-0.010934,0.089248,-0.100182,-0.052506,0.051575,-0.104081
8473.T,2024-02-07,2,streak_2,0.032265,-0.001127,0.033392,0.065628,0.042661,0.022967,0.080943,0.097572,-0.016629,0.102331,0.055829,0.046503
5401.T,2024-02-07,4,streak_4,0.014222,-0.001127,0.015349,-0.027596,0.042661,-0.070258,0.072846,0.097572,-0.024726,0.060898,0.055829,0.005069
5706.T,2024-02-07,2,streak_2,0.018214,-0.001127,0.01934,-0.079129,0.042661,-0.12179,-0.037261,0.097572,-0.134833,0.064273,0.055829,0.008445
4151.T,2024-02-07,2,streak_2,-0.023253,-0.001127,-0.022126,0.197248,0.042661,0.154587,0.220501,0.097572,0.122929,0.15052,0.055829,0.094691
9519.T,2024-02-07,2,streak_2,-0.020032,-0.001127,-0.018905,-0.038462,0.042661,-0.081123,-0.075321,0.097572,-0.172893,-0.110577,0.055829,-0.166406
8129.T,2024-02-07,2,streak_2,0.013354,-0.001127,0.014481,0.032116,0.042661,-0.010545,0.067091,0.097572,-0.030481,0.259517,0.055829,0.203689
8113.T,2024-02-07,3,streak_3,0.002093,-0.001127,0.003219,-0.020219,0.042661,-0.062881,-0.068268,0.097572,-0.16584,-0.042531,0.055829,-0.09836
9001.T,2024-02-07,3,streak_3,-0.00407,-0.001127,-0.002944,-0.028747,0.042661,-0.071408,-0.017044,0.097572,-0.114616,-0.24611,0.055829,-0.301938
8088.T,2024-02-07,3,streak_3,0.008798,-0.001127,0.009924,0.032031,0.042661,-0.01063,0.166494,0.097572,0.068921,0.306576,0.055829,0.250747
4543.T,2024-02-07,2,streak_2,0.014805,-0.001127,0.015931,0.089419,0.042661,0.046758,0.15603,0.097572,0.058458,0.069797,0.055829,0.013968
2784.T,2024-02-08,2,streak_2,-0.00146,0.02058,-0.02204,-0.059093,0.056424,-0.115516,-0.086865,0.074767,-0.161632,-0.015857,0.061909,-0.077766
7458.T,2024-02-08,3,streak_3,-0.006476,0.02058,-0.027056,-0.067232,0.056424,-0.123656,-0.051796,0.074767,-0.126563,-0.099972,0.061909,-0.161881
5021.T,2024-02-08,2,streak_2,-0.003646,0.02058,-0.024227,0.023696,0.056424,-0.032728,0.110853,0.074767,0.036086,0.311904,0.061909,0.249995
6845.T,2024-02-08,4,streak_4,0.045622,0.02058,0.025041,0.017591,0.056424,-0.038832,-0.109277,0.074767,-0.184044,-0.028482,0.061909,-0.090391
6965.T,2024-02-08,2,streak_2,0.016502,0.02058,-0.004078,-0.039213,0.056424,-0.095637,-0.07523,0.074767,-0.149996,-0.04174,0.061909,-0.103649
2269.T,2024-02-08,2,streak_2,-0.042877,0.02058,-0.063458,-0.059475,0.056424,-0.115898,-0.058644,0.074767,-0.133411,-0.019104,0.061909,-0.081013
2201.T,2024-02-08,2,streak_2,-0.010779,0.02058,-0.031359,-0.048057,0.056424,-0.104481,-0.083571,0.074767,-0.158338,-0.058959,0.061909,-0.120868
9024.T,2024-02-08,3,streak_3,0.006134,0.02058,-0.014447,0.004718,0.056424,-0.051706,0.02217,0.074767,-0.052597,0.015175,0.061909,-0.046734
5020.T,2024-02-08,4,streak_4,-0.002856,0.02058,-0.023437,0.058002,0.056424,0.001579,0.096688,0.074767,0.021922,0.350174,0.061909,0.288265
8129.T,2024-02-08,3,streak_3,0.013808,0.02058,-0.006773,0.004707,0.056424,-0.051717,0.047066,0.074767,-0.027701,0.224608,0.061909,0.1627
4536.T,2024-02-08,5,streak_5plus,0.006622,0.02058,-0.013958,0.076734,0.056424,0.02031,0.007673,0.074767,-0.067093,0.137697,0.061909,0.075789
9735.T,2024-02-08,4,streak_4,0.002334,0.02058,-0.018247,-0.014939,0.056424,-0.071363,0.049019,0.074767,-0.025747,-0.053884,0.061909,-0.115793
7270.T,2024-02-08,3,streak_3,0.043944,0.02058,0.023364,0.078838,0.056424,0.022414,-0.0084,0.074767,-0.083166,0.075223,0.061909,0.013314
5947.T,2024-02-08,3,streak_3,0.011698,0.02058,-0.008883,0.067407,0.056424,0.010983,0.047093,0.074767,-0.027674,0.182804,0.061909,0.120896
4527.T,2024-02-09,7,streak_5plus,-0.005539,0.000926,-0.006465,-0.001846,0.044054,-0.0459,-0.015937,0.05247,-0.068408,-0.026312,0.0413,-0.067612
4681.T,2024-02-09,3,streak_3,0.000788,0.000926,-0.000138,-0.019374,0.044054,-0.063427,-0.028572,0.05247,-0.081043,0.065907,0.0413,0.024607
1662.T,2024-02-09,9,streak_5plus,-0.044709,0.000926,-0.045635,0.009934,0.044054,-0.034119,0.018211,0.05247,-0.034259,0.150203,0.0413,0.108903
5711.T,2024-02-09,2,streak_2,-0.004067,0.000926,-0.004993,-0.046202,0.044054,-0.090256,-0.035301,0.05247,-0.087771,0.168989,0.0413,0.127689
7013.T,2024-02-09,2,streak_2,0.011157,0.000926,0.010231,0.124709,0.044054,0.080655,0.262796,0.05247,0.210325,0.487597,0.0413,0.446297
7261.T,2024-02-09,4,streak_4,-0.019725,0.000926,-0.020651,-0.113478,0.044054,-0.157531,-0.185963,0.05247,-0.238434,-0.145331,0.0413,-0.186631
6098.T,2024-02-09,4,streak_4,0.005122,0.000926,0.004196,0.06027,0.044054,0.016216,0.088783,0.05247,0.036313,0.208495,0.0413,0.167195
2264.T,2024-02-09,4,streak_4,-0.00135,0.000926,-0.002277,0.03757,0.044054,-0.006483,0.05577,0.05247,0.003299,0.155612,0.0413,0.114312
8035.T,2024-02-09,2,streak_2,0.010871,0.000926,0.009945,0.200951,0.044054,0.156897,0.24036,0.05247,0.18789,0.204338,0.0413,0.163038
9987.T,2024-02-09,2,streak_2,-0.004718,0.000926,-0.005644,0.052983,0.044054,0.008929,-0.028314,0.05247,-0.080785,-0.005439,0.0413,-0.046739
4516.T,2024-02-09,3,streak_3,0.004273,0.000926,0.003347,-0.01904,0.044054,-0.063094,-0.117351,0.05247,-0.169821,-0.265459,0.0413,-0.306759
1414.T,2024-02-09,4,streak_4,-0.009948,0.000926,-0.010874,-0.026114,0.044054,-0.070167,-0.026426,0.05247,-0.078896,-0.034975,0.0413,-0.076275
7936.T,2024-02-09,4,streak_4,0.025084,0.000926,0.024157,0.26592,0.044054,0.221866,0.363284,0.05247,0.310814,0.767315,0.0413,0.726015
2154.T,2024-02-09,2,streak_2,0.001287,0.000926,0.000361,-0.090405,0.044054,-0.134459,-0.084406,0.05247,-0.136876,-0.109256,0.0413,-0.150556
5020.T,2024-02-09,5,streak_5plus,0.05278,0.000926,0.051853,0.098308,0.044054,0.054255,0.108083,0.05247,0.055613,0.309176,0.0413,0.267876
1808.T,2024-02-09,5,streak_5plus,-0.010837,0.000926,-0.011763,-0.01533,0.044054,-0.059384,-0.033036,0.05247,-0.085506,-0.017752,0.0413,-0.059052
9069.T,2024-02-09,3,streak_3,-0.005357,0.000926,-0.006283,0.0,0.044054,-0.044054,-0.002678,0.05247,-0.055149,0.048475,0.0413,0.007175
6370.T,2024-02-09,2,streak_2,-0.005792,0.000926,-0.006718,0.057727,0.044054,0.013673,0.153095,0.05247,0.100625,0.220256,0.0413,0.178956
5714.T,2024-02-09,2,streak_2,-0.005143,0.000926,-0.006069,0.086432,0.044054,0.042378,0.027888,0.05247,-0.024583,0.201544,0.0413,0.160244
6055.T,2024-02-09,15,streak_5plus,-0.022593,0.000926,-0.023519,0.038174,0.044054,-0.005879,-0.054539,0.05247,-0.107009,-0.155369,0.0413,-0.196669
6740.T,2024-02-09,4,streak_4,0.0,0.000926,-0.000926,0.0,0.044054,-0.044054,0.05,0.05247,-0.00247,-0.05,0.0413,-0.0913
8830.T,2024-02-09,10,streak_5plus,-0.00562,0.000926,-0.006546,-0.029344,0.044054,-0.073397,-0.079916,0.05247,-0.132386,0.087086,0.0413,0.045787
7550.T,2024-02-09,2,streak_2,0.003863,0.000926,0.002937,-0.088011,0.044054,-0.132065,-0.134915,0.05247,-0.187386,-0.146323,0.0413,-0.187623
9005.T,2024-02-09,4,streak_4,-0.019009,0.000926,-0.019935,0.031866,0.044054,-0.012188,0.122218,0.05247,0.069748,0.080238,0.0413,0.038938
6925.T,2024-02-09,2,streak_2,0.003361,0.000926,0.002435,-0.019681,0.044054,-0.063735,-0.052326,0.05247,-0.104796,0.062934,0.0413,0.021634
4967.T,2024-02-09,3,streak_3,-0.001931,0.000926,-0.002857,-0.021725,0.044054,-0.065779,-0.017379,0.05247,-0.069849,-0.082716,0.0413,-0.124016
7532.T,2024-02-13,7,streak_5plus,0.012229,0.028906,-0.016677,0.049855,0.042631,0.007225,0.05762,0.048745,0.008875,0.150187,0.054823,0.095364
2914.T,2024-02-13,4,streak_4,0.022856,0.028906,-0.00605,-0.006602,0.042631,-0.049233,-0.025393,0.048745,-0.074138,0.117828,0.054823,0.063004
1979.T,2024-02-13,3,streak_3,0.030131,0.028906,0.001225,0.090401,0.042631,0.047771,0.018972,0.048745,-0.029772,0.093109,0.054823,0.038286
8253.T,2024-02-13,2,streak_2,0.01793,0.028906,-0.010976,0.021409,0.042631,-0.021222,0.0957,0.048745,0.046955,0.212219,0.054823,0.157395
7762.T,2024-02-13,12,streak_5plus,0.017475,0.028906,-0.011431,0.095583,0.042631,0.052952,-0.002049,0.048745,-0.050794,0.054587,0.054823,-0.000237
4887.T,2024-02-13,2,streak_2,0.022795,0.028906,-0.00611,0.026799,0.042631,-0.015832,0.087363,0.048745,0.038618,0.054074,0.054823,-0.000749
2206.T,2024-02-13,4,streak_4,0.008353,0.028906,-0.020553,0.121002,0.042631,0.078371,0.032456,0.048745,-0.016288,-0.02864,0.054823,-0.083464
6273.T,2024-02-13,4,streak_4,0.023742,0.028906,-0.005164,0.019314,0.042631,-0.023317,0.054865,0.048745,0.006121,0.006152,0.054823,-0.048672
5838.T,2024-02-13,4,streak_4,0.01227,0.028906,-0.016636,0.182296,0.042631,0.139666,0.267309,0.048745,0.218565,0.29404,0.054823,0.239217
3397.T,2024-02-13,2,streak_2,-0.001777,0.028906,-0.030683,-0.063264,0.042631,-0.105894,-0.081021,0.048745,-0.129766,-0.182964,0.054823,-0.237788
6592.T,2024-02-13,4,streak_4,0.017547,0.028906,-0.011359,0.104114,0.042631,0.061483,0.040749,0.048745,-0.007995,-0.060049,0.054823,-0.114872
5019.T,2024-02-13,3,streak_3,0.011683,0.028906,-0.017223,0.129167,0.042631,0.086536,0.174091,0.048745,0.125347,0.220382,0.054823,0.165559
7747.T,2024-02-14,2,streak_2,-0.017347,-0.006866,-0.010482,-0.034018,0.010527,-0.044545,-0.012631,0.022216,-0.034847,-0.224991,0.021689,-0.246681
6269.T,2024-02-14,3,streak_3,-0.039521,-0.006866,-0.032656,0.260308,0.010527,0.249781,0.2762,0.022216,0.253984,0.204467,0.021689,0.182777
2212.T,2024-02-14,4,streak_4,0.017292,-0.006866,0.024157,0.101153,0.010527,0.090626,0.108646,0.022216,0.08643,0.048702,0.021689,0.027013
7182.T,2024-02-14,2,streak_2,0.001011,-0.006866,0.007877,0.03784,0.010527,0.027313,0.104731,0.022216,0.082515,0.072148,0.021689,0.050459
4480.T,2024-02-14,2,streak_2,-0.007883,-0.006866,-0.001017,0.099099,0.010527,0.088572,0.07545,0.022216,0.053234,-0.191441,0.021689,-0.213131
8630.T,2024-02-14,5,streak_5plus,-0.014342,-0.006866,-0.007476,0.073398,0.010527,0.062871,0.098916,0.022216,0.0767,0.164869,0.021689,0.14318
6890.T,2024-02-14,14,streak_5plus,-0.008617,-0.006866,-0.001752,-0.027577,0.010527,-0.038104,-0.024474,0.022216,-0.04669,-0.024579,0.021689,-0.046269
8766.T,2024-02-14,2,streak_2,-0.035539,-0.006866,-0.028673,0.026654,0.010527,0.016127,0.039981,0.022216,0.017765,0.165645,0.021689,0.143956
4887.T,2024-02-14,3,streak_3,0.043727,-0.006866,0.050593,0.021954,0.010527,0.011427,0.087969,0.022216,0.065753,0.056725,0.021689,0.035036
6856.T,2024-02-14,2,streak_2,0.009723,-0.006866,0.016589,0.084792,0.010527,0.074265,0.143135,0.022216,0.120919,0.064955,0.021689,0.043266
3397.T,2024-02-14,3,streak_3,-0.052258,-0.006866,-0.045392,-0.076939,0.010527,-0.087466,-0.065154,0.022216,-0.08737,-0.166357,0.021689,-0.188046
8050.T,2024-02-14,3,streak_3,0.011753,-0.006866,0.018619,0.131108,0.010527,0.120581,0.415719,0.022216,0.393502,0.592352,0.021689,0.570663
5110.T,2024-02-14,3,streak_3,-0.059836,-0.006866,-0.052971,-0.005367,0.010527,-0.015894,-0.033587,0.022216,-0.055803,0.036972,0.021689,0.015282
6326.T,2024-02-14,4,streak_4,-0.025167,-0.006866,-0.018301,0.016243,0.010527,0.005716,0.010525,0.022216,-0.011691,0.081217,0.021689,0.059528
5105.T,2024-02-14,12,streak_5plus,0.005535,-0.006866,0.012401,0.104277,0.010527,0.09375,-0.010507,0.022216,-0.032723,0.042779,0.021689,0.021089
8136.T,2024-02-14,4,streak_4,0.028164,-0.006866,0.03503,0.125766,0.010527,0.115239,0.308476,0.022216,0.28626,0.136602,0.021689,0.114913
6592.T,2024-02-14,5,streak_5plus,0.032767,-0.006866,0.039633,0.048286,0.010527,0.037759,0.04752,0.022216,0.025304,-0.073193,0.021689,-0.094882
2587.T,2024-02-15,5,streak_5plus,-0.019542,0.012058,-0.0316,0.019544,0.014822,0.004722,-0.005405,0.026637,-0.032042,0.190854,0.03624,0.154614
3296.T,2024-02-19,2,streak_2,-0.007704,-0.000438,-0.007266,0.010786,0.019395,-0.008609,0.064715,0.039399,0.025316,0.063174,0.003374,0.0598
8987.T,2024-02-20,4,streak_4,0.037543,-0.002775,0.040318,0.032423,0.019993,0.01243,0.090444,0.060963,0.02948,0.053754,0.01645,0.037304
8963.T,2024-02-26,8,streak_5plus,0.0209,0.003454,0.017447,-0.016077,0.020772,-0.036849,0.096463,0.033233,0.063231,0.101286,-0.006223,0.107509
9627.T,2024-03-01,3,streak_3,-0.01182,0.019012,-0.030832,0.17919,0.011043,0.168147,0.174547,0.016261,0.158285,0.252587,-0.006208,0.258795
1928.T,2024-03-07,3,streak_3,-0.01222,-0.012274,5.4e-05,-0.032295,-0.034791,0.002497,0.017167,-0.027405,0.044573,0.057611,-0.035092,0.092702
3249.T,2024-03-14,2,streak_2,0.021548,0.002879,0.018669,0.106145,0.054778,0.051367,0.051875,0.021387,0.030489,-0.017558,0.003065,-0.020623
4194.T,2024-03-14,4,streak_4,-0.018162,0.002879,-0.021042,0.001068,0.054778,-0.05371,-0.135684,0.021387,-0.15707,-0.261752,0.003065,-0.264817
3269.T,2024-03-14,9,streak_5plus,0.011386,0.002879,0.008507,0.131949,0.054778,0.077171,0.115204,0.021387,0.093818,0.075017,0.003065,0.071952
3234.T,2024-03-15,3,streak_3,0.021986,-0.00257,0.024556,0.072024,0.053625,0.018399,0.016679,0.010962,0.005717,-0.015163,-0.018165,0.003002
3468.T,2024-03-15,4,streak_4,0.012821,-0.00257,0.015391,0.07326,0.053625,0.019635,0.102564,0.010962,0.091602,0.086081,-0.018165,0.104246
9603.T,2024-03-15,2,streak_2,0.008524,-0.00257,0.011094,0.11591,0.053625,0.062285,0.08182,0.010962,0.070857,-0.042615,-0.018165,-0.024449
2678.T,2024-03-15,2,streak_2,0.008792,-0.00257,0.011362,0.042986,0.053625,-0.010639,0.134341,0.010962,0.123378,0.070872,-0.018165,0.089037
8967.T,2024-03-15,7,streak_5plus,0.015727,-0.00257,0.018297,0.079018,0.053625,0.025393,0.021481,0.010962,0.010518,0.018028,-0.018165,0.036194
8957.T,2024-03-15,2,streak_2,0.041457,-0.00257,0.044027,0.019472,0.053625,-0.034153,-0.004397,0.010962,-0.015359,-0.028266,-0.018165,-0.010101
4716.T,2024-03-19,3,streak_3,0.020148,0.006622,0.013526,-0.070313,0.016547,-0.08686,-0.081004,-0.044756,-0.036247,0.025373,-0.029433,0.054806
8227.T,2024-04-01,15,streak_5plus,-0.007501,-0.014029,0.006528,-0.111713,-0.034119,-0.077594,-0.099711,-0.048645,-0.051066,-0.156376,-0.018291,-0.138085
7649.T,2024-04-02,6,streak_5plus,-0.031878,0.0009,-0.032778,-0.026081,-0.011458,-0.014624,-0.107803,-0.038415,-0.069388,-0.142775,0.006824,-0.149598
2685.T,2024-04-04,4,streak_4,-0.008153,0.008144,-0.016297,-0.059784,0.003294,-0.063078,-0.04212,-0.015633,-0.026487,-0.114131,0.037053,-0.151183
2809.T,2024-04-05,4,streak_4,0.013627,-0.019638,0.033265,0.121365,-0.00831,0.129675,0.154434,-0.039493,0.193928,0.244866,0.028643,0.216222
2670.T,2024-04-10,8,streak_5plus,-0.023522,-0.00481,-0.018712,0.026907,-0.032734,0.059641,0.071588,-0.040069,0.111657,-0.080894,0.051765,-0.132659
8267.T,2024-04-10,4,streak_4,-0.00599,-0.00481,-0.00118,-0.069602,-0.032734,-0.036868,-0.057902,-0.040069,-0.017833,-0.045923,0.051765,-0.097688
9983.T,2024-04-11,5,streak_5plus,-0.005861,-0.003516,-0.002345,-0.082732,-0.040928,-0.041804,-0.082507,-0.030968,-0.051539,0.018936,0.066753,-0.047817
6323.T,2024-04-11,3,streak_3,0.006454,-0.003516,0.00997,0.288151,-0.040928,0.329079,0.387738,-0.030968,0.418706,0.590596,0.066753,0.523843
2651.T,2024-04-11,8,streak_5plus,0.0,-0.003516,0.003516,0.000968,-0.040928,0.041896,0.000484,-0.030968,0.031451,0.000484,0.066753,-0.066269
3048.T,2024-04-12,2,streak_2,0.009834,0.002052,0.007782,0.099019,-0.034555,0.133574,0.042139,-0.026796,0.068935,0.108152,0.044319,0.063833
3349.T,2024-04-12,2,streak_2,0.010799,0.002052,0.008748,0.062995,-0.034555,0.09755,0.008998,-0.026796,0.035794,-0.073071,0.044319,-0.11739
3466.T,2024-04-15,7,streak_5plus,-0.015645,-0.007356,-0.008289,0.03455,-0.06212,0.09667,0.005867,-0.015264,0.021131,-0.031291,0.044316,-0.075607
3086.T,2024-04-15,4,streak_4,0.023499,-0.007356,0.030855,-0.081916,-0.06212,-0.019796,-0.119008,-0.015264,-0.103744,0.223495,0.044316,0.179179
8984.T,2024-04-16,8,streak_5plus,0.008307,-0.019412,0.027719,0.040744,-0.045732,0.086476,0.019779,-0.011353,0.031132,-0.028481,0.047534,-0.076015
8968.T,2024-04-16,8,streak_5plus,-0.004084,-0.019412,0.015328,-0.02217,-0.045732,0.023562,-0.025088,-0.011353,-0.013734,-0.067678,0.047534,-0.115212
8953.T,2024-04-17,8,streak_5plus,-0.004264,-0.013241,0.008977,0.017058,-0.023889,0.040947,0.001066,0.015557,-0.01449,-0.034115,0.043023,-0.077138
3226.T,2024-04-17,7,streak_5plus,0.011041,-0.013241,0.024282,0.020505,-0.023889,0.044394,0.05836,0.015557,0.042803,0.018927,0.043023,-0.024096
3226.T,2024-04-18,8,streak_5plus,0.00468,0.003106,0.001574,0.00312,0.013126,-0.010006,0.037442,0.025951,0.011491,0.00312,0.055371,-0.052251
8984.T,2024-04-19,9,streak_5plus,0.004605,-0.026559,0.031164,0.001919,-0.011849,0.013768,-0.009593,0.014113,-0.023706,-0.063699,0.039898,-0.103597
8954.T,2024-04-19,9,streak_5plus,-0.010137,-0.026559,0.016422,-0.004174,-0.011849,0.007675,-0.016696,0.014113,-0.030809,-0.058438,0.039898,-0.098336
8961.T,2024-04-22,2,streak_2,-0.004071,0.009989,-0.014059,-0.012212,0.023373,-0.035585,-0.033921,0.054895,-0.088816,-0.04749,0.068145,-0.115635
4684.T,2024-04-23,10,streak_5plus,0.014752,0.003033,0.011719,-0.046593,0.02583,-0.072423,-0.051978,0.032253,-0.084231,-0.012876,0.045841,-0.058717
6954.T,2024-04-24,3,streak_3,0.048409,0.024178,0.024232,0.058865,0.019224,0.039641,0.046591,0.035893,0.010698,-0.084089,0.008451,-0.09254
6592.T,2024-04-25,6,streak_5plus,-0.025986,-0.021622,-0.004364,-0.083163,-0.005824,-0.077339,-0.103398,0.010278,-0.113676,-0.152229,-0.02061,-0.131619
9533.T,2024-04-25,6,streak_5plus,0.017334,-0.021622,0.038956,0.086399,-0.005824,0.092224,0.016266,0.010278,0.005988,0.052265,-0.02061,0.072875
4205.T,2024-04-25,2,streak_2,0.010717,-0.021622,0.03234,0.082535,-0.005824,0.08836,0.024299,0.010278,0.014022,-0.047871,-0.02061,-0.027261
6861.T,2024-04-25,2,streak_2,-0.020328,-0.021622,0.001295,0.052184,-0.005824,0.058009,0.067658,0.010278,0.05738,-0.002949,-0.02061,0.017661
6504.T,2024-04-25,5,streak_5plus,-0.005462,-0.021622,0.016161,-0.046574,-0.005824,-0.04075,-0.075173,0.010278,-0.085451,-0.193545,-0.02061,-0.172934
4568.T,2024-04-25,6,streak_5plus,0.007823,-0.021622,0.029446,0.163459,-0.005824,0.169284,0.161979,0.010278,0.151701,0.196448,-0.02061,0.217058
6592.T,2024-04-26,7,streak_5plus,-0.071282,0.00814,-0.079421,-0.05165,0.032067,-0.083717,-0.086718,0.024673,-0.11139,-0.105603,0.022328,-0.127931
6586.T,2024-04-26,2,streak_2,0.011296,0.00814,0.003157,0.095169,0.032067,0.063102,0.115839,0.024673,0.091166,0.102861,0.022328,0.080533
6632.T,2024-04-26,4,streak_4,0.026053,0.00814,0.017913,-0.002484,0.032067,-0.034551,0.043417,0.024673,0.018745,0.102976,0.022328,0.080649
2212.T,2024-04-26,5,streak_5plus,0.035836,0.00814,0.027696,-0.027079,0.032067,-0.059146,-0.112293,0.024673,-0.136965,-0.033714,0.022328,-0.056042
9009.T,2024-04-26,2,streak_2,0.009709,0.00814,0.00157,0.006818,0.032067,-0.025249,-0.072572,0.024673,-0.097245,-0.22129,0.022328,-0.243617
2327.T,2024-04-26,2,streak_2,0.007845,0.00814,-0.000294,-0.005881,0.032067,-0.037948,-0.035293,0.024673,-0.059966,0.203924,0.022328,0.181596
6501.T,2024-04-26,3,streak_3,0.01813,0.00814,0.009991,0.108425,0.032067,0.076358,0.197958,0.024673,0.173285,0.22176,0.022328,0.199433
6201.T,2024-04-26,5,streak_5plus,0.006911,0.00814,-0.001228,0.04112,0.032067,0.009053,0.023497,0.024673,-0.001175,-0.130615,0.022328,-0.152943
6301.T,2024-04-26,5,streak_5plus,-0.016832,0.00814,-0.024971,0.068019,0.032067,0.035952,0.045653,0.024673,0.02098,0.042887,0.022328,0.020559
6503.T,2024-04-26,4,streak_4,-0.001669,0.00814,-0.009808,0.191487,0.032067,0.15942,0.12578,0.024673,0.101107,0.072381,0.022328,0.050054
9507.T,2024-04-26,6,streak_5plus,-0.016669,0.00814,-0.024808,0.129163,0.032067,0.097096,0.239993,0.024673,0.21532,0.055831,0.022328,0.033503
2801.T,2024-04-26,8,streak_5plus,0.010057,0.00814,0.001918,-0.02218,0.032067,-0.054246,-0.079441,0.024673,-0.104113,-0.013671,0.022328,-0.035999
1959.T,2024-04-26,4,streak_4,0.024682,0.00814,0.016542,-0.028599,0.032067,-0.060666,-0.053426,0.024673,-0.078098,-0.156649,0.022328,-0.178977
8604.T,2024-04-26,3,streak_3,0.015553,0.00814,0.007413,0.030663,0.032067,-0.001404,0.031106,0.024673,0.006433,0.011674,0.022328,-0.010654
9202.T,2024-04-26,8,streak_5plus,0.009234,0.00814,0.001095,0.00264,0.032067,-0.029426,-0.017149,0.024673,-0.041821,-0.024241,0.022328,-0.046569
9509.T,2024-04-26,7,streak_5plus,-0.016225,0.00814,-0.024365,0.072594,0.032067,0.040527,0.510377,0.024673,0.485704,-0.082508,0.022328,-0.104835
2811.T,2024-04-26,3,streak_3,0.035192,0.00814,0.027053,0.048997,0.032067,0.016931,-0.036004,0.024673,-0.060676,-0.06118,0.022328,-0.083507
9502.T,2024-04-26,6,streak_5plus,-0.013625,0.00814,-0.021764,0.007822,0.032067,-0.024245,0.0651,0.024673,0.040428,-0.058543,0.022328,-0.08087
8803.T,2024-04-30,2,streak_2,0.030661,0.012413,0.018247,-0.067217,0.007054,-0.074271,-0.109668,0.003147,-0.112814,0.018871,0.015584,0.003287
6920.T,2024-04-30,2,streak_2,0.015258,0.012413,0.002845,0.224765,0.007054,0.217711,0.196596,0.003147,0.193449,-0.225177,0.015584,-0.240762
9022.T,2024-04-30,11,streak_5plus,0.014303,0.012413,0.001889,-0.037017,0.007054,-0.044071,-0.037017,0.003147,-0.040164,-0.022436,0.015584,-0.03802
5938.T,2024-04-30,4,streak_4,0.007717,0.012413,-0.004696,0.051069,0.007054,0.044014,0.009797,0.003147,0.00665,0.064129,0.015584,0.048545
1911.T,2024-04-30,2,streak_2,0.031241,0.012413,0.018828,0.174161,0.007054,0.167107,0.118223,0.003147,0.115076,0.392384,0.015584,0.3768
9104.T,2024-04-30,2,streak_2,0.058774,0.012413,0.046361,0.009762,0.007054,0.002707,0.083174,0.003147,0.080027,-0.029705,0.015584,-0.04529
8056.T,2024-04-30,4,streak_4,0.004148,0.012413,-0.008266,-0.160079,0.007054,-0.167133,-0.094127,0.003147,-0.097274,0.017034,0.015584,0.00145
9001.T,2024-04-30,4,streak_4,-0.007281,0.012413,-0.019694,-0.07663,0.007054,-0.083684,-0.139168,0.003147,-0.142315,-0.176694,0.015584,-0.192278
9506.T,2024-04-30,5,streak_5plus,0.038352,0.012413,0.025938,0.098427,0.007054,0.091373,0.295273,0.003147,0.292126,0.06519,0.015584,0.049605
8031.T,2024-05-01,2,streak_2,-0.010603,-0.003427,-0.007176,0.018589,-0.008636,0.027225,0.043328,0.002141,0.041187,-0.075796,0.018126,-0.093922
9107.T,2024-05-07,2,streak_2,0.010502,0.015667,-0.005164,0.049475,-0.001481,0.050955,0.15076,0.015728,0.135031,0.005832,-0.060842,0.066675
6806.T,2024-05-07,2,streak_2,0.026363,0.015667,0.010696,0.100959,-0.001481,0.102439,0.065608,0.015728,0.049879,0.039245,-0.060842,0.100087
7974.T,2024-05-07,5,streak_5plus,0.024291,0.015667,0.008624,0.057558,-0.001481,0.059039,0.168316,0.015728,0.152588,0.044884,-0.060842,0.105726
6841.T,2024-05-07,2,streak_2,0.014279,0.015667,-0.001388,0.141064,-0.001481,0.142544,0.152199,0.015728,0.136471,-0.027984,-0.060842,0.032858
5947.T,2024-05-08,4,streak_4,0.004119,-0.016293,0.020412,0.120918,-0.012335,0.133254,0.080906,-0.008882,0.089788,-0.11989,-0.189949,0.070059
7013.T,2024-05-08,3,streak_3,-0.012716,-0.016293,0.003576,0.019431,-0.012335,0.031766,0.002058,-0.008882,0.01094,0.09621,-0.189949,0.286159
9532.T,2024-05-08,6,streak_5plus,-0.002319,-0.016293,0.013974,0.012762,-0.012335,0.025097,0.017402,-0.008882,0.026284,-0.106728,-0.189949,0.083221
7203.T,2024-05-08,7,streak_5plus,-0.005559,-0.016293,0.010734,-0.058352,-0.012335,-0.046016,-0.105863,-0.008882,-0.096981,-0.379829,-0.189949,-0.189881
7518.T,2024-05-08,2,streak_2,0.005286,-0.016293,0.021579,0.107081,-0.012335,0.119416,0.090083,-0.008882,0.098965,-0.031164,-0.189949,0.158785
7951.T,2024-05-08,8,streak_5plus,-0.001802,-0.016293,0.014491,0.085198,-0.012335,0.097533,0.118907,-0.008882,0.127789,-0.230428,-0.189949,-0.040479
2229.T,2024-05-08,4,streak_4,-0.017994,-0.016293,-0.001701,-0.030973,-0.012335,-0.018638,-0.065486,-0.008882,-0.056604,-0.141592,-0.189949,0.048357
3626.T,2024-05-08,2,streak_2,-0.014165,-0.016293,0.002128,-0.084997,-0.012335,-0.072661,-0.159004,-0.008882,-0.150122,-0.148309,-0.189949,0.04164
9064.T,2024-05-08,2,streak_2,-0.005917,-0.016293,0.010375,-0.119326,-0.012335,-0.106991,-0.125739,-0.008882,-0.116857,-0.199208,-0.189949,-0.009259
9101.T,2024-05-08,2,streak_2,0.04065,-0.016293,0.056943,0.106852,-0.012335,0.119187,0.13612,-0.008882,0.145002,-0.071311,-0.189949,0.118638
4540.T,2024-05-09,5,streak_5plus,-0.015465,-0.003361,-0.012104,0.0536,0.0048,0.0488,0.056266,0.013118,0.043148,-0.035998,-0.092322,0.056323
6622.T,2024-05-09,3,streak_3,0.015337,-0.003361,0.018698,-0.068507,0.0048,-0.073307,-0.12679,0.013118,-0.139908,-0.336401,-0.092322,-0.244079
9766.T,2024-05-09,2,streak_2,0.010082,-0.003361,0.013443,0.16647,0.0048,0.16167,0.200794,0.013118,0.187676,0.191676,-0.092322,0.283998
4849.T,2024-05-09,2,streak_2,0.025764,-0.003361,0.029124,-0.04209,0.0048,-0.04689,-0.076924,0.013118,-0.090042,-0.07257,-0.092322,0.019751
5947.T,2024-05-09,5,streak_5plus,0.092292,-0.003361,0.095653,0.08819,0.0048,0.08339,0.088776,0.013118,0.075658,-0.024906,-0.092322,0.067416
5401.T,2024-05-09,5,streak_5plus,0.002938,-0.003361,0.006299,-0.024702,0.0048,-0.029502,-0.01236,0.013118,-0.025478,-0.096476,-0.092322,-0.004154
2371.T,2024-05-09,2,streak_2,0.002716,-0.003361,0.006077,0.069782,0.0048,0.064983,0.048332,0.013118,0.035214,0.099108,-0.092322,0.19143
7731.T,2024-05-09,2,streak_2,0.001796,-0.003361,0.005157,0.020382,0.0048,0.015582,-0.043163,0.013118,-0.056281,-0.111514,-0.092322,-0.019192
2914.T,2024-05-09,5,streak_5plus,0.015673,-0.003361,0.019034,0.02807,0.0048,0.023271,0.059415,0.013118,0.046297,-0.099188,-0.092322,-0.006867
7735.T,2024-05-09,3,streak_3,0.005714,-0.003361,0.009075,-0.113143,0.0048,-0.117943,-0.151429,0.013118,-0.164547,-0.416286,-0.092322,-0.323964
8473.T,2024-05-09,3,streak_3,0.002121,-0.003361,0.005482,0.015903,0.0048,0.011103,0.105488,0.013118,0.09237,-0.163001,-0.092322,-0.070679
4452.T,2024-05-09,2,streak_2,0.014288,-0.003361,0.017649,0.042559,0.0048,0.037759,0.065967,0.013118,0.052848,-0.008536,-0.092322,0.083786
4202.T,2024-05-09,6,streak_5plus,0.06128,-0.003361,0.064641,0.092265,0.0048,0.087465,0.060265,0.013118,0.047147,-0.204294,-0.092322,-0.111972
7943.T,2024-05-09,2,streak_2,0.02213,-0.003361,0.025491,-0.034578,0.0048,-0.039378,-0.051175,0.013118,-0.064293,-0.077456,-0.092322,0.014866
6370.T,2024-05-09,3,streak_3,-0.009367,-0.003361,-0.006007,0.063343,0.0048,0.058544,0.052865,0.013118,0.039747,-0.099223,-0.092322,-0.006901
2875.T,2024-05-09,9,streak_5plus,0.000994,-0.003361,0.004355,0.055666,0.0048,0.050866,-0.019682,0.013118,-0.0328,-0.105964,-0.092322,-0.013642
4088.T,2024-05-09,2,streak_2,0.029461,-0.003361,0.032822,-0.041207,0.0048,-0.046007,-0.061703,0.013118,-0.074821,-0.176345,-0.092322,-0.084024
8830.T,2024-05-09,11,streak_5plus,0.011828,-0.003361,0.015189,-0.024783,0.0048,-0.029583,-0.083928,0.013118,-0.097046,-0.176493,-0.092322,-0.084171
2229.T,2024-05-09,5,streak_5plus,-0.054671,-0.003361,-0.05131,-0.03875,0.0048,-0.04355,-0.054671,0.013118,-0.067789,-0.109041,-0.092322,-0.016719
3110.T,2024-05-09,3,streak_3,-0.001745,-0.003361,0.001615,0.151832,0.0048,0.147033,0.102966,0.013118,0.089848,-0.132635,-0.092322,-0.040314
9513.T,2024-05-09,2,streak_2,0.00244,-0.003361,0.005801,-0.057597,0.0048,-0.062397,-0.046153,0.013118,-0.059271,-0.121576,-0.092322,-0.029254
9025.T,2024-05-10,4,streak_4,0.003137,0.004074,-0.000938,-0.021512,0.022227,-0.043739,0.020619,0.01602,0.004599,-0.06858,-0.078383,0.009803
6326.T,2024-05-10,5,streak_5plus,0.006907,0.004074,0.002832,-0.028228,0.022227,-0.050455,-0.105399,0.01602,-0.12142,-0.21757,-0.078383,-0.139187
1414.T,2024-05-10,5,streak_5plus,0.00854,0.004074,0.004466,-0.003943,0.022227,-0.02617,-0.054854,0.01602,-0.070874,-0.099692,-0.078383,-0.021309
3563.T,2024-05-10,2,streak_2,0.06335,0.004074,0.059276,0.073852,0.022227,0.051625,-0.047254,0.01602,-0.063274,-0.214736,-0.078383,-0.136352
1721.T,2024-05-10,2,streak_2,-0.018331,0.004074,-0.022406,-0.132423,0.022227,-0.154651,-0.16717,0.01602,-0.18319,-0.200958,-0.078383,-0.122575
7261.T,2024-05-10,5,streak_5plus,-0.006485,0.004074,-0.01056,-0.071635,0.022227,-0.093863,-0.097875,0.01602,-0.113895,-0.352296,-0.078383,-0.273912
6383.T,2024-05-10,2,streak_2,0.005686,0.004074,0.001612,-0.025441,0.022227,-0.047668,-0.129003,0.01602,-0.145024,-0.285541,-0.078383,-0.207158
7004.T,2024-05-10,2,streak_2,0.006544,0.004074,0.00247,-0.067103,0.022227,-0.08933,-0.127662,0.01602,-0.143682,-0.281508,-0.078383,-0.203125
6674.T,2024-05-10,3,streak_3,-0.0124,0.004074,-0.016474,0.0086,0.022227,-0.013627,0.061178,0.01602,0.045158,-0.231978,-0.078383,-0.153595
6315.T,2024-05-10,2,streak_2,0.017366,0.004074,0.013292,0.204752,0.022227,0.182525,0.01554,0.01602,-0.00048,-0.383911,-0.078383,-0.305528
8035.T,2024-05-10,3,streak_3,-0.005964,0.004074,-0.010039,0.045726,0.022227,0.023498,-0.021301,0.01602,-0.037321,-0.271798,-0.078383,-0.193414
7701.T,2024-05-10,5,streak_5plus,-0.005027,0.004074,-0.009101,0.0048,0.022227,-0.017427,-0.07084,0.01602,-0.08686,-0.021938,-0.078383,0.056445
2201.T,2024-05-10,3,streak_3,0.031228,0.004074,0.027153,-0.019125,0.022227,-0.041352,-0.013854,0.01602,-0.029874,0.023615,-0.078383,0.101998
8358.T,2024-05-10,4,streak_4,0.006857,0.004074,0.002782,-0.077373,0.022227,-0.099601,0.048972,0.01602,0.032952,0.031343,-0.078383,0.109726
2602.T,2024-05-10,2,streak_2,0.001977,0.004074,-0.002097,-0.040514,0.022227,-0.062742,-0.020752,0.01602,-0.036772,-0.053359,-0.078383,0.025025
2154.T,2024-05-10,3,streak_3,0.000995,0.004074,-0.003079,0.021911,0.022227,-0.000316,-0.013942,0.01602,-0.029962,-0.067841,-0.078383,0.010543
7267.T,2024-05-10,2,streak_2,-0.006584,0.004074,-0.010658,-0.022601,0.022227,-0.044828,-0.046057,0.01602,-0.062077,-0.185927,-0.078383,-0.107544
5714.T,2024-05-10,3,streak_3,0.010766,0.004074,0.006691,0.007519,0.022227,-0.014708,-0.020504,0.01602,-0.036524,-0.204374,-0.078383,-0.125991
5831.T,2024-05-10,3,streak_3,0.033591,0.004074,0.029516,0.068932,0.022227,0.046705,0.077332,0.01602,0.061312,-0.104615,-0.078383,-0.026232
6508.T,2024-05-10,3,streak_3,0.025921,0.004074,0.021847,-0.006822,0.022227,-0.029049,0.099589,0.01602,0.083569,-0.155525,-0.078383,-0.077142
8473.T,2024-05-10,4,streak_4,0.049984,0.004074,0.045909,0.016927,0.022227,-0.0053,0.087805,0.01602,0.071785,-0.121926,-0.078383,-0.043542
6134.T,2024-05-10,2,streak_2,-0.000177,0.004074,-0.004251,-0.042388,0.022227,-0.064615,-0.128239,0.01602,-0.144259,-0.174388,-0.078383,-0.096004
7936.T,2024-05-10,5,streak_5plus,0.014697,0.004074,0.010622,0.156894,0.022227,0.134667,0.311546,0.01602,0.295526,0.221552,-0.078383,0.299935
2875.T,2024-05-10,10,streak_5plus,0.142502,0.004074,0.138428,0.068024,0.022227,0.045796,-0.012712,0.01602,-0.028732,-0.089474,-0.078383,-0.011091
6481.T,2024-05-10,2,streak_2,-0.017698,0.004074,-0.021772,-0.070225,0.022227,-0.092452,-0.154725,0.01602,-0.170745,-0.294189,-0.078383,-0.215805
3360.T,2024-05-10,2,streak_2,0.02022,0.004074,0.016145,0.037882,0.022227,0.015655,0.04086,0.01602,0.024839,-0.121729,-0.078383,-0.043346
9984.T,2024-05-13,2,streak_2,0.015616,-0.001299,0.016914,0.08544,0.014603,0.070836,0.234481,0.021163,0.213318,-0.081503,-0.088884,0.007381
5706.T,2024-05-13,3,streak_3,-0.01301,-0.001299,-0.011711,-0.044747,0.014603,-0.05935,-0.020698,0.021163,-0.041861,-0.222749,-0.088884,-0.133864
7532.T,2024-05-13,8,streak_5plus,-0.001344,-0.001299,-4.5e-05,0.026776,0.014603,0.012173,0.04739,0.021163,0.026227,-0.061423,-0.088884,0.027461
2587.T,2024-05-13,6,streak_5plus,0.016835,-0.001299,0.018134,0.088387,0.014603,0.073784,0.079969,0.021163,0.058806,-0.036308,-0.088884,0.052576
8088.T,2024-05-13,4,streak_4,-0.02121,-0.001299,-0.019911,0.001538,0.014603,-0.013065,0.034946,0.021163,0.013783,-0.100329,-0.088884,-0.011445
7270.T,2024-05-13,4,streak_4,-0.037896,-0.001299,-0.036597,-0.031579,0.014603,-0.046182,0.030377,0.021163,0.009213,-0.251578,-0.088884,-0.162694
1802.T,2024-05-13,4,streak_4,-0.047441,-0.001299,-0.046143,0.024151,0.014603,0.009548,0.048296,0.021163,0.027133,0.039208,-0.088884,0.128093
2317.T,2024-05-13,2,streak_2,0.0114,-0.001299,0.012698,0.076025,0.014603,0.061422,0.106451,0.021163,0.085287,0.296592,-0.088884,0.385476
7762.T,2024-05-13,13,streak_5plus,-0.003913,-0.001299,-0.002615,-0.007837,0.014603,-0.022441,0.030361,0.021163,0.009198,-0.12341,-0.088884,-0.034526
4091.T,2024-05-13,6,streak_5plus,0.002765,-0.001299,0.004064,-0.021278,0.014603,-0.035881,0.006381,0.021163,-0.014782,-0.088299,-0.088884,0.000585
9005.T,2024-05-13,5,streak_5plus,-0.012844,-0.001299,-0.011546,-0.018201,0.014603,-0.032804,-0.010702,0.021163,-0.031865,-0.101979,-0.088884,-0.013095
6740.T,2024-05-13,5,streak_5plus,0.0,-0.001299,0.001299,0.0,0.014603,-0.014603,-0.222222,0.021163,-0.243385,-0.055556,-0.088884,0.033329
5838.T,2024-05-13,5,streak_5plus,0.027481,-0.001299,0.02878,-0.104733,0.014603,-0.119336,-0.124885,0.021163,-0.146049,-0.140153,-0.088884,-0.051269
6845.T,2024-05-13,5,streak_5plus,0.021395,-0.001299,0.022694,-0.04663,0.014603,-0.061233,-0.097109,0.021163,-0.118272,-0.104596,-0.088884,-0.015712
6368.T,2024-05-13,3,streak_3,0.021176,-0.001299,0.022475,-0.029412,0.014603,-0.044015,-0.023529,0.021163,-0.044693,-0.261177,-0.088884,-0.172293
7186.T,2024-05-13,4,streak_4,0.011383,-0.001299,0.012682,0.057259,0.014603,0.042656,0.078378,0.021163,0.057215,-0.13715,-0.088884,-0.048266
5384.T,2024-05-13,3,streak_3,0.02546,-0.001299,0.026759,-0.113156,0.014603,-0.127759,-0.168035,0.021163,-0.189198,-0.361245,-0.088884,-0.27236
5110.T,2024-05-13,4,streak_4,-0.001842,-0.001299,-0.000544,-0.033158,0.014603,-0.047761,-0.09684,0.021163,-0.118003,-0.265322,-0.088884,-0.176438
4553.T,2024-05-14,4,streak_4,0.03457,0.004626,0.029944,-0.016924,0.023317,-0.040241,0.067337,0.025022,0.042315,-0.04285,-0.082622,0.039772
5105.T,2024-05-14,13,streak_5plus,-0.010415,0.004626,-0.01504,-0.034369,0.023317,-0.057686,-0.04704,0.025022,-0.072062,-0.293556,-0.082622,-0.210934
1605.T,2024-05-14,2,streak_2,-0.001459,0.004626,-0.006085,0.026331,0.023317,0.003014,-0.02089,0.025022,-0.045912,-0.128523,-0.082622,-0.045901
6728.T,2024-05-14,2,streak_2,-0.026007,0.004626,-0.030632,0.093985,0.023317,0.070669,0.117581,0.025022,0.092559,-0.232209,-0.082622,-0.149587
2871.T,2024-05-14,3,streak_3,-0.022624,0.004626,-0.02725,-0.038561,0.023317,-0.061877,-0.057583,0.025022,-0.082605,0.011052,-0.082622,0.093674
2784.T,2024-05-14,3,streak_3,-0.017955,0.004626,-0.02258,-0.095057,0.023317,-0.118374,-0.084495,0.025022,-0.109517,-0.090833,-0.082622,-0.008211
1662.T,2024-05-14,10,streak_5plus,0.010468,0.004626,0.005842,0.032885,0.023317,0.009568,-0.02989,0.025022,-0.054912,-0.165915,-0.082622,-0.083293
6269.T,2024-05-14,4,streak_4,-0.011903,0.004626,-0.016529,-0.155652,0.023317,-0.178969,-0.201487,0.025022,-0.226509,-0.158615,-0.082622,-0.075993
1812.T,2024-05-14,2,streak_2,-0.088928,0.004626,-0.093553,-0.071979,0.023317,-0.095296,-0.088928,0.025022,-0.11395,-0.150673,-0.082622,-0.068051
4543.T,2024-05-14,3,streak_3,0.000374,0.004626,-0.004252,0.041486,0.023317,0.018169,0.038485,0.025022,0.013462,-0.019711,-0.082622,0.062911
1332.T,2024-05-14,4,streak_4,-0.026984,0.004626,-0.03161,-0.027514,0.023317,-0.050831,-0.067305,0.025022,-0.092327,-0.112699,-0.082622,-0.030077
8306.T,2024-05-14,4,streak_4,0.003126,0.004626,-0.0015,-0.023432,0.023317,-0.046748,0.019997,0.025022,-0.005025,-0.118714,-0.082622,-0.036092
7459.T,2024-05-14,2,streak_2,-0.011432,0.004626,-0.016058,-0.078996,0.023317,-0.102312,-0.04103,0.025022,-0.066052,0.003466,-0.082622,0.086088
5020.T,2024-05-14,6,streak_5plus,0.107564,0.004626,0.102938,0.113158,0.023317,0.089841,0.124932,0.025022,0.09991,-0.039364,-0.082622,0.043257
6425.T,2024-05-14,2,streak_2,0.028993,0.004626,0.024367,-0.059174,0.023317,-0.082491,-0.03787,0.025022,-0.062892,-0.249237,-0.082622,-0.166615
6925.T,2024-05-14,3,streak_3,0.01545,0.004626,0.010824,-0.035892,0.023317,-0.059209,-0.007366,0.025022,-0.032388,-0.034465,-0.082622,0.048157
6758.T,2024-05-14,2,streak_2,0.003775,0.004626,-0.00085,0.096057,0.023317,0.07274,0.119128,0.025022,0.094106,0.033977,-0.082622,0.116599
4480.T,2024-05-14,3,streak_3,0.047749,0.004626,0.043123,-0.010914,0.023317,-0.034231,-0.031378,0.025022,-0.0564,-0.042292,-0.082622,0.04033
6273.T,2024-05-14,5,streak_5plus,-0.022051,0.004626,-0.026676,-0.008536,0.023317,-0.031853,-0.06722,0.025022,-0.092242,-0.232365,-0.082622,-0.149743
3099.T,2024-05-14,6,streak_5plus,0.005814,0.004626,0.001188,0.238703,0.023317,0.215386,0.447696,0.025022,0.422674,0.007105,-0.082622,0.089727
8411.T,2024-05-15,4,streak_4,0.005515,0.000774,0.004741,0.026283,0.015405,0.010878,0.00876,0.013574,-0.004814,-0.070572,-0.055364,-0.015208
7747.T,2024-05-15,3,streak_3,0.014832,0.000774,0.014058,-0.052118,0.015405,-0.067523,-0.067158,0.013574,-0.080732,-0.101903,-0.055364,-0.046539
9616.T,2024-05-15,2,streak_2,-0.010901,0.000774,-0.011675,-0.077783,0.015405,-0.093188,-0.111666,0.013574,-0.12524,-0.308634,-0.055364,-0.253269
2160.T,2024-05-15,2,streak_2,-0.012235,0.000774,-0.013008,-0.081158,0.015405,-0.096563,-0.083605,0.013574,-0.097179,-0.232871,-0.055364,-0.177507
7741.T,2024-05-15,2,streak_2,0.069032,0.000774,0.068258,0.032159,0.015405,0.016755,0.039645,0.013574,0.026071,0.099529,-0.055364,0.154893
8306.T,2024-05-15,5,streak_5plus,-0.009342,0.000774,-0.010116,-0.033323,0.015405,-0.048728,0.008098,0.013574,-0.005476,-0.10402,-0.055364,-0.048656
8253.T,2024-05-15,3,streak_3,-0.016625,0.000774,-0.017399,0.115338,0.015405,0.099933,0.156813,0.013574,0.143239,0.025021,-0.055364,0.080385
8316.T,2024-05-15,4,streak_4,0.0048,0.000774,0.004026,0.077628,0.015405,0.062223,0.10765,0.013574,0.094076,0.017361,-0.055364,0.072725
7182.T,2024-05-15,3,streak_3,0.024823,0.000774,0.02405,-0.058436,0.015405,-0.073841,-0.043666,0.013574,-0.05724,-0.13226,-0.055364,-0.076896
1979.T,2024-05-15,4,streak_4,-0.013615,0.000774,-0.014388,0.065968,0.015405,0.050563,0.099475,0.013574,0.085901,-0.009425,-0.055364,0.045939
8952.T,2024-05-15,8,streak_5plus,-0.007407,0.000774,-0.008181,-0.027778,0.015405,-0.043183,-0.064815,0.013574,-0.078389,0.003704,-0.055364,0.059068
8958.T,2024-05-16,2,streak_2,0.000951,0.013925,-0.012975,-0.015209,0.006027,-0.021237,-0.058935,0.00872,-0.067656,-0.023764,-0.050626,0.026861
8630.T,2024-05-20,6,streak_5plus,-0.004448,0.007278,-0.011726,-0.022567,-0.003642,-0.018925,0.005406,-0.017659,0.023065,0.07629,-0.018684,0.094975
8766.T,2024-05-20,3,streak_3,0.009552,0.007278,0.002274,0.04878,-0.003642,0.052422,0.069714,-0.017659,0.087373,0.134145,-0.018684,0.152829
8986.T,2024-05-22,2,streak_2,-0.011396,-0.008469,-0.002927,0.00095,-0.002351,0.003301,-0.016144,-0.009659,-0.006486,-0.018044,-0.022698,0.004654
2593.T,2024-06-03,2,streak_2,0.018396,0.011306,0.007091,-0.022392,0.005093,-0.027485,-0.059715,0.029702,-0.089417,-0.060782,0.004153,-0.064935
9627.T,2024-06-06,4,streak_4,-0.039815,0.005543,-0.045358,-0.063738,0.010043,-0.073781,-0.051093,0.062964,-0.114057,-0.092959,-0.037479,-0.05548
1928.T,2024-06-06,4,streak_4,0.042021,0.005543,0.036478,-0.012777,0.010043,-0.02282,0.017319,0.062964,-0.045644,0.078353,-0.037479,0.115831
3038.T,2024-06-13,2,streak_2,0.010396,-0.004019,0.014415,-0.007508,-0.00787,0.000362,0.043026,0.086101,-0.043075,0.256424,-0.083776,0.3402
4194.T,2024-06-13,5,streak_5plus,0.027202,-0.004019,0.031221,-0.098446,-0.00787,-0.090576,-0.012953,0.086101,-0.099054,0.161917,-0.083776,0.245693
6966.T,2024-06-14,2,streak_2,0.003834,0.00243,0.001404,-0.099487,-0.002259,-0.097229,-0.08047,0.063796,-0.144266,-0.391182,-0.048739,-0.342443
8975.T,2024-06-14,4,streak_4,0.007453,0.00243,0.005023,0.009938,-0.002259,0.012196,0.026087,0.063796,-0.037709,0.028571,-0.048739,0.077311
3309.T,2024-06-14,5,streak_5plus,0.001284,0.00243,-0.001146,0.016688,-0.002259,0.018946,0.028241,0.063796,-0.035555,0.016688,-0.048739,0.065427
9603.T,2024-06-14,3,streak_3,-0.003853,0.00243,-0.006283,-0.09626,-0.002259,-0.094001,-0.125415,0.063796,-0.189211,-0.023106,-0.048739,0.025633
8956.T,2024-06-14,5,streak_5plus,0.005177,0.00243,0.002747,0.002588,-0.002259,0.004847,0.006902,0.063796,-0.056894,-0.00604,-0.048739,0.042699
3287.T,2024-06-17,9,streak_5plus,-0.009728,-0.018347,0.008619,0.027237,-0.005619,0.032856,0.033074,0.063392,-0.030318,-0.07393,-0.057525,-0.016405
8227.T,2024-06-24,16,streak_5plus,0.017549,0.005394,0.012155,-0.005033,0.025562,-0.030595,-0.008706,0.025855,-0.034562,0.071816,-0.016993,0.088809
8953.T,2024-06-26,9,streak_5plus,0.003268,0.012609,-0.009341,-0.023965,0.023014,-0.046979,-0.029412,-0.033279,0.003867,0.082707,-0.006319,0.089025
3086.T,2024-06-28,5,streak_5plus,0.005999,0.00614,-0.000141,0.161322,0.039961,0.121361,0.099251,-0.022188,0.121439,-0.058355,-0.036145,-0.02221
2678.T,2024-07-03,3,streak_3,0.009816,0.012628,-0.002812,-0.047687,0.037567,-0.085254,-0.021508,-0.048618,0.02711,-0.051893,-0.037995,-0.013898
2670.T,2024-07-03,9,streak_5plus,0.008243,0.012628,-0.004385,-0.038575,0.037567,-0.076142,0.028759,-0.048618,0.077377,0.04728,-0.037995,0.085274
3282.T,2024-07-04,4,streak_4,-0.006359,0.008203,-0.014562,-0.017488,0.030833,-0.048321,-0.004076,-0.115105,0.111029,0.007259,-0.047933,0.055192
2809.T,2024-07-04,5,streak_5plus,0.002852,0.008203,-0.005351,0.152139,0.030833,0.121306,0.15309,-0.115105,0.268196,0.095404,-0.047933,0.143337
3282.T,2024-07-05,5,streak_5plus,-0.008,-3.1e-05,-0.007969,-0.0048,0.032028,-0.036828,-0.030298,-0.231102,0.200805,0.020225,-0.03864,0.058865
6323.T,2024-07-11,4,streak_4,0.001451,0.009372,-0.00792,-0.233382,-0.040774,-0.192608,-0.458056,-0.162722,-0.295334,-0.423513,-0.053217,-0.370296
8570.T,2024-07-11,2,streak_2,0.011261,0.009372,0.00189,0.085798,-0.040774,0.126571,-0.008152,-0.162722,0.15457,-0.028495,-0.053217,0.024722
4530.T,2024-07-11,2,streak_2,0.026369,0.009372,0.016997,0.070756,-0.040774,0.11153,0.024542,-0.162722,0.187264,0.065932,-0.053217,0.119149
9983.T,2024-07-11,6,streak_5plus,0.022624,0.009372,0.013253,-0.049547,-0.040774,-0.008774,-0.103167,-0.162722,0.059555,0.238839,-0.053217,0.292056
3048.T,2024-07-12,3,streak_3,0.014144,-0.024473,0.038617,0.100901,-0.051161,0.152062,0.028923,-0.141898,0.170822,0.122522,-0.05479,0.177312
6432.T,2024-07-12,2,streak_2,-0.008606,-0.024473,0.015867,-0.096385,-0.051161,-0.045224,-0.271944,-0.141898,-0.130046,-0.196214,-0.05479,-0.141423
8966.T,2024-07-17,7,streak_5plus,-0.003748,-0.004298,0.00055,-0.017991,-0.040719,0.022728,-0.008996,-0.110198,0.101203,-0.066717,-0.057272,-0.009445
3283.T,2024-07-18,7,streak_5plus,0.023734,-0.023635,0.047369,-0.017405,-0.047274,0.029869,0.047073,-0.073849,0.120922,-0.043908,-0.051486,0.007577
8960.T,2024-07-19,4,streak_4,-0.006203,-0.001559,-0.004644,-0.028256,-0.056243,0.027987,-0.011027,-0.068228,0.057201,-0.055824,-0.029202,-0.026622
3283.T,2024-07-23,8,streak_5plus,-0.02099,-0.000116,-0.020874,-0.017426,-0.028545,0.01112,0.011485,-0.041597,0.053082,-0.032079,-0.037732,0.005653
4684.T,2024-07-24,11,streak_5plus,-0.012413,-0.011101,-0.001312,0.047319,-0.026985,0.074304,0.207075,-0.034939,0.242014,0.111504,-0.036649,0.148153
6702.T,2024-07-25,2,streak_2,-0.045837,-0.032827,-0.01301,0.070521,-0.001354,0.071875,0.004507,-0.020191,0.024698,0.172305,-0.031693,0.203998
3231.T,2024-07-25,2,streak_2,-0.026849,-0.032827,0.005978,0.026131,-0.001354,0.027485,-0.00871,-0.020191,0.011481,-0.0738,-0.031693,-0.042107
1959.T,2024-07-29,5,streak_5plus,0.039361,0.021271,0.01809,0.144389,-0.046664,0.191053,0.182143,0.016492,0.165651,0.106456,0.032821,0.073635
3635.T,2024-07-29,3,streak_3,0.022512,0.021271,0.001241,-0.061734,-0.046664,-0.01507,0.145636,0.016492,0.129144,0.06139,0.032821,0.028569
6727.T,2024-07-29,2,streak_2,0.054619,0.021271,0.033348,-0.127454,-0.046664,-0.08079,-0.001398,0.016492,-0.01789,-0.053221,0.032821,-0.086042
4205.T,2024-07-29,3,streak_3,0.05591,0.021271,0.034639,-0.067544,-0.046664,-0.02088,-0.107314,0.016492,-0.123806,0.089694,0.032821,0.056874
6301.T,2024-07-29,6,streak_5plus,-0.003744,0.021271,-0.025015,-0.143613,-0.046664,-0.096949,-0.114758,0.016492,-0.13125,-0.084621,0.032821,-0.117441
8056.T,2024-07-29,5,streak_5plus,0.021919,0.021271,0.000648,-0.00179,-0.046664,0.044874,0.03847,0.016492,0.021978,0.073439,0.032821,0.040618
5344.T,2024-07-29,2,streak_2,0.165467,0.021271,0.144197,0.030216,-0.046664,0.07688,0.073381,0.016492,0.056889,0.199885,0.032821,0.167064
9022.T,2024-07-30,12,streak_5plus,-0.003433,0.00149,-0.004923,-0.142081,-0.182232,0.040151,-0.033162,-0.002518,-0.030644,-0.095399,0.021024,-0.116423
8309.T,2024-07-30,2,streak_2,-0.010644,0.00149,-0.012134,-0.230175,-0.182232,-0.047943,-0.033529,-0.002518,-0.031011,-0.083625,0.021024,-0.104648
2875.T,2024-07-30,11,streak_5plus,-0.015112,0.00149,-0.016602,-0.149467,-0.182232,0.032764,-0.008488,-0.002518,-0.00597,-0.052796,0.021024,-0.07382
2327.T,2024-07-30,3,streak_3,0.026059,0.00149,0.024569,0.063516,-0.182232,0.245747,0.229642,-0.002518,0.23216,0.241694,0.021024,0.22067
9104.T,2024-07-30,3,streak_3,0.001314,0.00149,-0.000176,-0.123055,-0.182232,0.059176,0.110139,-0.002518,0.112658,0.149661,0.021024,0.128637
4091.T,2024-07-30,7,streak_5plus,0.026156,0.00149,0.024666,-0.202049,-0.182232,-0.019818,0.063644,-0.002518,0.066163,0.160932,0.021024,0.139908
9507.T,2024-07-30,7,streak_5plus,-0.001974,0.00149,-0.003464,-0.125892,-0.182232,0.05634,0.009474,-0.002518,0.011992,0.099585,0.021024,0.078561
6586.T,2024-07-30,3,streak_3,0.007407,0.00149,0.005917,-0.189367,-0.182232,-0.007136,0.036173,-0.002518,0.038691,0.007037,0.021024,-0.013987
8697.T,2024-07-30,2,streak_2,-0.023312,0.00149,-0.024802,-0.20461,-0.182232,-0.022378,-0.077346,-0.002518,-0.074828,0.017064,0.021024,-0.00396
5481.T,2024-07-30,2,streak_2,0.065315,0.00149,0.063825,-0.176202,-0.182232,0.00603,-0.021267,-0.002518,-0.018749,-0.085487,0.021024,-0.106511
7309.T,2024-07-30,2,streak_2,0.008216,0.00149,0.006725,-0.099542,-0.182232,0.08269,0.050821,-0.002518,0.053339,-0.152847,0.021024,-0.173871
3626.T,2024-07-30,3,streak_3,0.001245,0.00149,-0.000245,-0.082815,-0.182232,0.099417,0.12858,-0.002518,0.131098,0.197862,0.021024,0.176839
9533.T,2024-07-30,7,streak_5plus,-0.006385,0.00149,-0.007875,0.030697,-0.182232,0.212929,0.067043,-0.002518,0.069561,-0.056021,0.021024,-0.077045
9509.T,2024-07-31,8,streak_5plus,0.013921,0.014948,-0.001027,-0.031827,-0.099945,0.068119,-0.00765,-0.004242,-0.003409,-0.007444,0.014414,-0.021858
8411.T,2024-07-31,5,streak_5plus,0.051221,0.014948,0.036273,-0.208384,-0.099945,-0.108439,-0.086281,-0.004242,-0.082039,-0.000887,0.014414,-0.015301
6201.T,2024-07-31,6,streak_5plus,0.014229,0.014948,-0.000718,-0.163241,-0.099945,-0.063296,-0.097233,-0.004242,-0.092991,-0.136864,0.014414,-0.151277
2811.T,2024-07-31,4,streak_4,0.016214,0.014948,0.001266,-0.15576,-0.099945,-0.055815,-0.080196,-0.004242,-0.075954,-0.121886,0.014414,-0.1363
6902.T,2024-07-31,2,streak_2,0.065935,0.014948,0.050988,-0.09116,-0.099945,0.008786,-0.048758,-0.004242,-0.044516,-0.046168,0.014414,-0.060581
9533.T,2024-07-31,8,streak_5plus,0.148787,0.014948,0.133839,0.058328,-0.099945,0.158273,0.068955,-0.004242,0.073197,-0.046461,0.014414,-0.060875
9020.T,2024-07-31,2,streak_2,0.019491,0.014948,0.004543,-0.053591,-0.099945,0.046355,0.009384,-0.004242,0.013626,0.117954,0.014414,0.103541
1878.T,2024-07-31,2,streak_2,0.049478,0.014948,0.03453,-0.030674,-0.099945,0.069272,0.046004,-0.004242,0.050246,-0.007434,0.014414,-0.021848
7943.T,2024-07-31,3,streak_3,0.040111,0.014948,0.025164,-0.077456,-0.099945,0.022489,-0.026278,-0.004242,-0.022037,-0.027301,0.014414,-0.041715
6501.T,2024-07-31,4,streak_4,0.014815,0.014948,-0.000132,-0.029627,-0.099945,0.070318,0.072531,-0.004242,0.076773,0.217531,0.014414,0.203118
9506.T,2024-07-31,6,streak_5plus,0.019598,0.014948,0.004651,-0.046001,-0.099945,0.053945,0.021601,-0.004242,0.025843,0.215918,0.014414,0.201505
7951.T,2024-07-31,9,streak_5plus,0.004742,0.014948,-0.010205,-0.218291,-0.099945,-0.118346,-0.021804,-0.004242,-0.017562,0.053309,0.014414,0.038896
3407.T,2024-07-31,2,streak_2,0.032079,0.014948,0.017132,-0.089248,-0.099945,0.010697,-0.028297,-0.004242,-0.024055,0.016055,0.014414,0.001641
8308.T,2024-07-31,2,streak_2,0.066928,0.014948,0.05198,-0.204392,-0.099945,-0.104447,0.001955,-0.004242,0.006197,0.008566,0.014414,-0.005847
4204.T,2024-07-31,2,streak_2,0.013601,0.014948,-0.001347,-0.062862,-0.099945,0.037083,-0.01092,-0.004242,-0.006678,-0.01659,0.014414,-0.031004
5332.T,2024-07-31,2,streak_2,0.008549,0.014948,-0.006399,0.050074,-0.099945,0.150019,0.23522,-0.004242,0.239462,0.057983,0.014414,0.043569
5929.T,2024-07-31,2,streak_2,0.046361,0.014948,0.031413,-0.087896,-0.099945,0.012049,0.048615,-0.004242,0.052857,0.277062,0.014414,0.262649
9513.T,2024-07-31,3,streak_3,0.012456,0.014948,-0.002492,-0.043907,-0.099945,0.056039,0.005718,-0.004242,0.009959,0.0641,0.014414,0.049686
6508.T,2024-07-31,4,streak_4,0.016152,0.014948,0.001204,-0.088105,-0.099945,0.01184,-0.03671,-0.004242,-0.032468,0.208773,0.014414,0.19436
4751.T,2024-07-31,2,streak_2,0.001041,0.014948,-0.013907,-0.086899,-0.099945,0.013046,0.05811,-0.004242,0.062352,0.058896,0.014414,0.044482
6770.T,2024-07-31,2,streak_2,0.017777,0.014948,0.00283,-0.142219,-0.099945,-0.042274,-0.025079,-0.004242,-0.020837,-0.015446,0.014414,-0.02986
2875.T,2024-07-31,12,streak_5plus,0.07672,0.014948,0.061773,-0.054756,-0.099945,0.045189,-0.042565,-0.004242,-0.038324,-0.042821,0.014414,-0.057234
4568.T,2024-07-31,7,streak_5plus,0.054364,0.014948,0.039416,-0.069458,-0.099945,0.030488,0.051449,-0.004242,0.055691,-0.140505,0.014414,-0.154918
9502.T,2024-07-31,7,streak_5plus,0.015553,0.014948,0.000605,-0.052825,-0.099945,0.04712,-0.031642,-0.004242,-0.0274,-0.042474,0.014414,-0.056887
8031.T,2024-08-01,3,streak_3,-0.03711,-0.024947,-0.012163,-0.181585,-0.102609,-0.078976,-0.115296,-0.011612,-0.103684,-0.092508,-0.026806,-0.065703
3110.T,2024-08-01,4,streak_4,-0.02773,-0.024947,-0.002783,-0.091855,-0.102609,0.010754,-0.001733,-0.011612,0.009879,0.288066,-0.026806,0.314871
5401.T,2024-08-01,6,streak_5plus,-0.026824,-0.024947,-0.001877,-0.04115,-0.102609,0.061459,0.009158,-0.011612,0.02077,0.060605,-0.026806,0.087411
7203.T,2024-08-01,8,streak_5plus,-0.084774,-0.024947,-0.059826,-0.152085,-0.102609,-0.049476,-0.064259,-0.011612,-0.052646,-0.099885,-0.026806,-0.073079
2282.T,2024-08-01,2,streak_2,-0.050845,-0.024947,-0.025897,-0.001408,-0.102609,0.101201,0.098071,-0.011612,0.109683,0.059083,-0.026806,0.085888
6806.T,2024-08-01,3,streak_3,-0.068692,-0.024947,-0.043745,-0.110436,-0.102609,-0.007827,0.011361,-0.011612,0.022973,-0.037211,-0.026806,-0.010406
3064.T,2024-08-01,2,streak_2,0.012055,-0.024947,0.037002,0.061939,-0.102609,0.164548,0.088181,-0.011612,0.099794,0.182979,-0.026806,0.209785
8306.T,2024-08-01,6,streak_5plus,-0.014,-0.024947,0.010947,-0.181144,-0.102609,-0.078535,-0.126861,-0.011612,-0.115249,-0.058109,-0.026806,-0.031303
4578.T,2024-08-01,2,streak_2,-0.035424,-0.024947,-0.010477,-0.00876,-0.102609,0.093849,0.101893,-0.011612,0.113505,0.186011,-0.026806,0.212816
9766.T,2024-08-01,3,streak_3,-0.026731,-0.024947,-0.001783,-0.015337,-0.102609,0.087272,0.15206,-0.011612,0.163672,0.212587,-0.026806,0.239392
2296.T,2024-08-01,2,streak_2,-0.088864,-0.024947,-0.063916,-0.156356,-0.102609,-0.053747,-0.109111,-0.011612,-0.097499,-0.115797,-0.026806,-0.088991
5384.T,2024-08-02,4,streak_4,-0.066774,-0.058139,-0.008635,-0.278595,-0.086428,-0.192167,-0.208628,0.015069,-0.223697,-0.248149,0.009142,-0.257291
4523.T,2024-08-02,2,streak_2,-0.043182,-0.058139,0.014957,-0.036539,-0.086428,0.049889,0.052797,0.015069,0.037728,-0.103529,0.009142,-0.112671
4202.T,2024-08-02,7,streak_5plus,-0.062879,-0.058139,-0.00474,-0.135407,-0.086428,-0.04898,-0.058952,0.015069,-0.074021,-0.011378,0.009142,-0.02052
6849.T,2024-08-02,2,streak_2,-0.061996,-0.058139,-0.003857,-0.201659,-0.086428,-0.115231,-0.11773,0.015069,-0.132799,0.006194,0.009142,-0.002949
8316.T,2024-08-02,5,streak_5plus,-0.111948,-0.058139,-0.053809,-0.205237,-0.086428,-0.11881,-0.117921,0.015069,-0.132991,-0.086489,0.009142,-0.095631
4005.T,2024-08-02,2,streak_2,-0.039359,-0.058139,0.01878,0.073873,-0.086428,0.160301,0.037832,0.015069,0.022762,0.017218,0.009142,0.008075
2229.T,2024-08-02,6,streak_5plus,-0.03869,-0.058139,0.019449,-0.090178,-0.086428,-0.00375,-0.027381,0.015069,-0.04245,-0.010714,0.009142,-0.019857
9101.T,2024-08-04,3,streak_3,-0.130111,-0.123958,-0.006154,-0.015229,-0.024637,0.009407,0.09987,0.077322,0.022548,0.078644,0.099443,-0.020799
4540.T,2024-08-05,6,streak_5plus,-0.083129,-0.123958,0.040828,0.012306,-0.024637,0.036942,0.089691,0.077322,0.012369,0.365908,0.099443,0.266465
6674.T,2024-08-05,4,streak_4,-0.170072,-0.123958,-0.046115,-0.007367,-0.024637,0.01727,0.206694,0.077322,0.129372,0.20159,0.099443,0.102147
2371.T,2024-08-05,3,streak_3,-0.138234,-0.123958,-0.014277,0.115947,-0.024637,0.140583,0.344653,0.077322,0.267331,0.309478,0.099443,0.210035
1802.T,2024-08-05,5,streak_5plus,-0.128086,-0.123958,-0.004128,0.035657,-0.024637,0.060294,0.049096,0.077322,-0.028226,0.067509,0.099443,-0.031934
4927.T,2024-08-05,2,streak_2,0.024609,-0.123958,0.148567,0.027547,-0.024637,0.052184,0.076391,0.077322,-0.000931,0.074552,0.099443,-0.024891
6963.T,2024-08-05,2,streak_2,-0.108424,-0.123958,0.015534,-0.149851,-0.024637,-0.125214,-0.025558,0.077322,-0.10288,-0.069395,0.099443,-0.168838
2801.T,2024-08-05,9,streak_5plus,-0.165073,-0.123958,-0.041116,-0.061866,-0.024637,-0.03723,-0.056085,0.077322,-0.133407,0.048385,0.099443,-0.051058
7186.T,2024-08-05,5,streak_5plus,-0.175458,-0.123958,-0.0515,-0.106914,-0.024637,-0.082278,0.002574,0.077322,-0.074748,-0.019572,0.099443,-0.119015
9434.T,2024-08-06,2,streak_2,-0.013502,0.102263,-0.115765,0.042794,0.151759,-0.108964,0.112416,0.177669,-0.065254,0.080129,0.251856,-0.171727
5801.T,2024-08-06,2,streak_2,0.170037,0.102263,0.067774,0.149654,0.151759,-0.002105,0.125194,0.177669,-0.052475,0.369462,0.251856,0.117606
2871.T,2024-08-06,4,streak_4,0.033042,0.102263,-0.069221,0.103329,0.151759,-0.048429,0.210307,0.177669,0.032638,0.176891,0.251856,-0.074965
7518.T,2024-08-06,3,streak_3,0.079144,0.102263,-0.023119,0.220274,0.151759,0.068515,0.360235,0.177669,0.182566,0.698479,0.251856,0.446624
5741.T,2024-08-06,2,streak_2,0.095708,0.102263,-0.006555,0.252428,0.151759,0.100669,0.378648,0.177669,0.200979,0.494566,0.251856,0.24271
1802.T,2024-08-06,6,streak_5plus,0.178048,0.102263,0.075785,0.198806,0.151759,0.047047,0.191256,0.177669,0.013587,0.292131,0.251856,0.040276
8252.T,2024-08-06,2,streak_2,0.099241,0.102263,-0.003022,0.117574,0.151759,-0.034185,0.199459,0.177669,0.021789,0.206115,0.251856,-0.045741
2503.T,2024-08-06,2,streak_2,0.037926,0.102263,-0.064337,0.040504,0.151759,-0.111255,0.137515,0.177669,-0.040154,0.155571,0.251856,-0.096285
2371.T,2024-08-06,4,streak_4,0.246308,0.102263,0.144045,0.325739,0.151759,0.17398,0.562498,0.177669,0.384829,0.539426,0.251856,0.28757
7013.T,2024-08-06,4,streak_4,0.101964,0.102263,-0.000299,0.245801,0.151759,0.094043,0.465331,0.177669,0.287661,1.303733,0.251856,1.051877
6460.T,2024-08-07,2,streak_2,0.077948,0.011944,0.066004,0.051125,0.050957,0.000168,0.262036,0.057148,0.204888,0.325957,0.139145,0.186812
4980.T,2024-08-07,2,streak_2,0.066934,0.011944,0.05499,0.140668,0.050957,0.089711,0.053339,0.057148,-0.003809,0.332224,0.139145,0.193079
1925.T,2024-08-07,2,streak_2,0.055696,0.011944,0.043752,0.099097,0.050957,0.048139,0.143252,0.057148,0.086104,0.170528,0.139145,0.031383
6758.T,2024-08-07,3,streak_3,-0.000811,0.011944,-0.012755,0.062121,0.050957,0.011163,0.099474,0.057148,0.042326,0.14307,0.139145,0.003925
6920.T,2024-08-07,3,streak_3,-0.006943,0.011944,-0.018887,0.237402,0.050957,0.186445,0.063158,0.057148,0.00601,-0.101903,0.139145,-0.241048
5947.T,2024-08-07,6,streak_5plus,-0.036356,0.011944,-0.0483,-0.064903,0.050957,-0.11586,0.020132,0.057148,-0.037016,0.028659,0.139145,-0.110486
6976.T,2024-08-07,2,streak_2,0.059421,0.011944,0.047477,-0.012522,0.050957,-0.06348,-0.136422,0.057148,-0.19357,-0.36828,0.139145,-0.507424
6326.T,2024-08-07,6,streak_5plus,0.038709,0.011944,0.026765,0.077423,0.050957,0.026466,0.143942,0.057148,0.086795,0.103594,0.139145,-0.035551
2502.T,2024-08-07,2,streak_2,-0.010581,0.011944,-0.022525,0.038321,0.050957,-0.012636,0.090814,0.057148,0.033666,0.072453,0.139145,-0.066692
4912.T,2024-08-07,2,streak_2,0.022807,0.011944,0.010863,0.112439,0.050957,0.061482,0.217684,0.057148,0.160536,0.384554,0.139145,0.245409
7267.T,2024-08-07,3,streak_3,-0.00871,0.011944,-0.020653,0.048408,0.050957,-0.002549,0.071745,0.057148,0.014598,-0.016928,0.139145,-0.156073
5831.T,2024-08-07,4,streak_4,0.042361,0.011944,0.030417,0.066392,0.050957,0.015435,0.046844,0.057148,-0.010304,0.11454,0.139145,-0.024604
4922.T,2024-08-07,2,streak_2,0.033544,0.011944,0.0216,-0.106429,0.050957,-0.157386,-0.122165,0.057148,-0.179313,-0.187286,0.139145,-0.326431
5838.T,2024-08-07,6,streak_5plus,0.084123,0.011944,0.072179,0.142478,0.050957,0.091521,0.301629,0.057148,0.244481,0.334596,0.139145,0.195452
6481.T,2024-08-07,3,streak_3,-0.000405,0.011944,-0.012349,0.010783,0.050957,-0.040175,0.040685,0.057148,-0.016462,0.087062,0.139145,-0.052082
7944.T,2024-08-07,2,streak_2,-0.00144,0.011944,-0.013384,0.060519,0.050957,0.009561,0.115274,0.057148,0.058126,0.099422,0.139145,-0.039723
5110.T,2024-08-07,5,streak_5plus,-0.074163,0.011944,-0.086107,-0.030475,0.050957,-0.081433,0.027767,0.057148,-0.029381,0.124617,0.139145,-0.014527
3769.T,2024-08-08,2,streak_2,0.013147,-0.007366,0.020513,-0.056448,0.046653,-0.1031,0.070558,0.037101,0.033457,0.081767,0.126639,-0.044872
3659.T,2024-08-08,2,streak_2,0.048772,-0.007366,0.056138,-0.035668,0.046653,-0.08232,-0.094227,0.037101,-0.131328,-0.148806,0.126639,-0.275445
1662.T,2024-08-08,11,streak_5plus,0.012723,-0.007366,0.020089,0.036366,0.046653,-0.010286,-0.025455,0.037101,-0.062556,0.026265,0.126639,-0.100374
1721.T,2024-08-08,3,streak_3,-0.00137,-0.007366,0.005996,0.037152,0.046653,-0.009501,0.096045,0.037101,0.058944,0.104881,0.126639,-0.021758
6269.T,2024-08-08,5,streak_5plus,0.010999,-0.007366,0.018365,0.275407,0.046653,0.228755,0.192259,0.037101,0.155158,0.557415,0.126639,0.430777
5706.T,2024-08-08,4,streak_4,-0.010293,-0.007366,-0.002927,0.14784,0.046653,0.101188,0.111445,0.037101,0.074344,0.241517,0.126639,0.114879
6383.T,2024-08-08,3,streak_3,-0.008381,-0.007366,-0.001015,0.107244,0.046653,0.060591,0.081272,0.037101,0.044171,0.39387,0.126639,0.267232
6315.T,2024-08-08,3,streak_3,0.041541,-0.007366,0.048907,0.091984,0.046653,0.045332,-0.080122,0.037101,-0.117223,-0.172107,0.126639,-0.298745
8035.T,2024-08-08,4,streak_4,-0.00039,-0.007366,0.006976,0.077223,0.046653,0.03057,-0.141966,0.037101,-0.179067,-0.084401,0.126639,-0.211039
1911.T,2024-08-08,3,streak_3,0.022449,-0.007366,0.029815,0.044693,0.046653,-0.001959,0.199203,0.037101,0.162102,0.166136,0.126639,0.039498
4553.T,2024-08-08,5,streak_5plus,-0.015522,-0.007366,-0.008156,0.077998,0.046653,0.031346,0.144744,0.037101,0.107644,0.208739,0.126639,0.0821
8358.T,2024-08-08,5,streak_5plus,-0.02564,-0.007366,-0.018274,0.082615,0.046653,0.035962,0.098764,0.037101,0.061663,0.028295,0.126639,-0.098343
8802.T,2024-08-08,2,streak_2,-0.002397,-0.007366,0.004969,0.018513,0.046653,-0.028139,0.026136,0.037101,-0.010965,-0.03612,0.126639,-0.162759
4543.T,2024-08-08,4,streak_4,-0.000604,-0.007366,0.006762,0.071572,0.046653,0.02492,0.063931,0.037101,0.02683,0.276748,0.126639,0.15011
8830.T,2024-08-08,12,streak_5plus,-0.01146,-0.007366,-0.004094,0.036395,0.046653,-0.010257,0.052795,0.037101,0.015695,0.100722,0.126639,-0.025917
4452.T,2024-08-08,3,streak_3,-0.013865,-0.007366,-0.006499,-0.014332,0.046653,-0.060985,0.112011,0.037101,0.074911,-0.001246,0.126639,-0.127885
5105.T,2024-08-09,14,streak_5plus,-0.039462,0.005565,-0.045027,0.025028,0.092777,-0.067749,-0.017324,0.039752,-0.057075,0.045479,0.130485,-0.085006
5101.T,2024-08-09,2,streak_2,0.028847,0.005565,0.023282,0.124897,0.092777,0.03212,0.044859,0.039752,0.005107,0.065201,0.130485,-0.065284
6273.T,2024-08-09,6,streak_5plus,-0.001696,0.005565,-0.007261,0.053037,0.092777,-0.039739,-0.074931,0.039752,-0.114682,0.047113,0.130485,-0.083372
9616.T,2024-08-09,3,streak_3,0.022834,0.005565,0.017268,-0.011519,0.092777,-0.104296,-0.050901,0.039752,-0.090653,0.078515,0.130485,-0.05197
1979.T,2024-08-09,5,streak_5plus,0.023026,0.005565,0.017461,0.027408,0.092777,-0.065368,0.036182,0.039752,-0.003569,0.089652,0.130485,-0.040833
3291.T,2024-08-09,2,streak_2,0.007708,0.005565,0.002143,0.045541,0.092777,-0.047236,0.091805,0.039752,0.052053,0.151808,0.130485,0.021323
2154.T,2024-08-09,4,streak_4,0.026635,0.005565,0.021069,0.027174,0.092777,-0.065603,0.102174,0.039752,0.062422,0.033696,0.130485,-0.096788
8630.T,2024-08-09,7,streak_5plus,0.00017,0.005565,-0.005395,0.144694,0.092777,0.051918,0.102772,0.039752,0.06302,0.200916,0.130485,0.070431
8439.T,2024-08-09,3,streak_3,0.006393,0.005565,0.000828,0.077799,0.092777,-0.014978,0.235879,0.039752,0.196127,0.099941,0.130485,-0.030544
8848.T,2024-08-09,3,streak_3,0.010861,0.005565,0.005296,0.069551,0.092777,-0.023226,0.273909,0.039752,0.234157,0.122054,0.130485,-0.008431
7182.T,2024-08-09,4,streak_4,0.021643,0.005565,0.016078,0.052819,0.092777,-0.039958,0.002564,0.039752,-0.037188,0.061256,0.130485,-0.069229
5714.T,2024-08-09,4,streak_4,0.013278,0.005565,0.007713,0.065303,0.092777,-0.027474,0.037223,0.039752,-0.002529,0.047671,0.130485,-0.082814
3360.T,2024-08-09,3,streak_3,0.011242,0.005565,0.005677,0.047167,0.092777,-0.04561,0.056207,0.039752,0.016455,0.038856,0.130485,-0.091629
5020.T,2024-08-09,7,streak_5plus,0.015543,0.005565,0.009978,0.127491,0.092777,0.034714,0.103943,0.039752,0.064191,0.13678,0.130485,0.006295
3099.T,2024-08-09,7,streak_5plus,0.014968,0.005565,0.009403,0.098479,0.092777,0.005703,-0.059002,0.039752,-0.098754,-0.011938,0.130485,-0.142423
6592.T,2024-08-13,8,streak_5plus,0.020577,0.034476,-0.013899,0.047857,0.067484,-0.019627,0.036369,0.032381,0.003988,0.082555,0.105543,-0.022988
6728.T,2024-08-13,3,streak_3,0.093596,0.034476,0.05912,0.091475,0.067484,0.023991,-0.030094,0.032381,-0.062476,-0.175395,0.105543,-0.280938
4385.T,2024-08-13,2,streak_2,0.035714,0.034476,0.001239,-0.042619,0.067484,-0.110103,0.17381,0.032381,0.141428,-0.141429,0.105543,-0.246972
6951.T,2024-08-13,2,streak_2,0.041849,0.034476,0.007373,0.164353,0.067484,0.096869,0.039565,0.032381,0.007183,0.067891,0.105543,-0.037652
7936.T,2024-08-13,6,streak_5plus,0.054685,0.034476,0.020209,0.126162,0.067484,0.058678,0.220329,0.032381,0.187948,0.244156,0.105543,0.138613
7762.T,2024-08-13,14,streak_5plus,0.03293,0.034476,-0.001546,0.012073,0.067484,-0.055411,0.001096,0.032381,-0.031285,0.010977,0.105543,-0.094567
9435.T,2024-08-13,2,streak_2,0.061278,0.034476,0.026802,0.138523,0.067484,0.071039,0.317365,0.032381,0.284984,0.291285,0.105543,0.185742
6592.T,2024-08-14,9,streak_5plus,0.055803,0.005794,0.050009,0.03189,0.050518,-0.018629,-0.002342,-0.016911,0.01457,0.053927,0.063567,-0.00964
3197.T,2024-08-14,2,streak_2,0.002767,0.005794,-0.003027,0.091569,0.050518,0.041051,0.140375,-0.016911,0.157286,0.129053,0.063567,0.065486
9989.T,2024-08-14,2,streak_2,0.010151,0.005794,0.004357,0.078865,0.050518,0.028346,0.090576,-0.016911,0.107487,-0.020116,0.063567,-0.083683
3296.T,2024-08-15,3,streak_3,0.012177,0.007799,0.004378,-0.013699,0.041418,-0.055117,-0.047184,0.010725,-0.057909,-0.045662,0.060382,-0.106044
7532.T,2024-08-16,9,streak_5plus,0.013619,0.036378,-0.022759,-0.032134,0.040417,-0.072551,0.03976,-0.003945,0.043705,0.014428,0.040685,-0.026256
8955.T,2024-08-16,2,streak_2,0.007587,0.036378,-0.02879,-0.003035,0.040417,-0.043452,0.06525,-0.003945,0.069195,0.007587,0.040685,-0.033097
8987.T,2024-08-19,5,streak_5plus,-0.004115,-0.017709,0.013594,0.0107,0.007924,0.002776,0.032099,-0.048852,0.080951,-0.01893,0.009242,-0.028172
8963.T,2024-08-26,9,streak_5plus,-0.00311,-0.006622,0.003512,0.004666,0.007389,-0.002724,-0.063764,-0.012877,-0.050887,-0.001555,0.002026,-0.003581
1928.T,2024-09-05,5,streak_5plus,0.027586,-0.010541,0.038127,0.004019,-0.038541,0.04256,0.053562,0.061681,-0.008118,-0.03294,0.05516,-0.088101
3038.T,2024-09-11,3,streak_3,-0.02771,-0.014917,-0.012793,0.030391,0.006112,0.024278,-0.040894,0.095319,-0.136213,-0.190632,0.102048,-0.292681
8967.T,2024-09-11,8,streak_5plus,-0.01585,-0.014917,-0.000932,0.030593,0.006112,0.024481,0.012164,0.095319,-0.083155,-0.039071,0.102048,-0.141119
3249.T,2024-09-12,3,streak_3,0.00665,0.034068,-0.027418,0.000831,0.04311,-0.042279,-0.038238,0.120461,-0.158698,-0.067332,0.108105,-0.175437
4194.T,2024-09-12,6,streak_5plus,0.021182,0.034068,-0.012886,-0.060201,0.04311,-0.10331,-0.074693,0.120461,-0.195154,-0.064883,0.108105,-0.172988
3282.T,2024-09-13,6,streak_5plus,0.004573,-0.006828,0.011402,-0.003049,0.02418,-0.027229,-0.070122,0.06372,-0.133842,-0.16189,0.071246,-0.233136
3234.T,2024-09-13,4,streak_4,0.009449,-0.006828,0.016277,-0.012598,0.02418,-0.036779,0.007874,0.06372,-0.055846,-0.034646,0.071246,-0.105892
3468.T,2024-09-13,5,streak_5plus,-0.007477,-0.006828,-0.000648,0.003738,0.02418,-0.020442,-0.046729,0.06372,-0.110449,-0.063551,0.071246,-0.134797
8957.T,2024-09-13,3,streak_3,0.014305,-0.006828,0.021134,0.064033,0.02418,0.039852,0.05109,0.06372,-0.01263,0.061308,0.071246,-0.009938
3269.T,2024-09-17,10,streak_5plus,0.004478,-0.010348,0.014825,-0.014925,0.037145,-0.05207,-0.050746,0.063677,-0.114424,-0.142985,0.076074,-0.219059
3391.T,2024-09-29,2,streak_2,-0.010045,-0.047955,0.03791,0.011239,-0.029976,0.041215,-0.073019,-0.023246,-0.049773,-0.01406,0.011338,-0.025399
3279.T,2024-09-30,9,streak_5plus,-0.023881,-0.047955,0.024074,-0.01194,-0.029976,0.018036,-0.022388,-0.023246,0.000858,0.01522,0.011338,0.003881
8227.T,2024-09-30,17,streak_5plus,-0.007862,-0.047955,0.040093,0.057571,-0.029976,0.087547,-0.002916,-0.023246,0.02033,0.142912,0.011338,0.131573
3279.T,2024-10-01,10,streak_5plus,0.013761,0.019315,-0.005554,0.007645,0.037268,-0.029623,-0.001529,0.035808,-0.037338,0.033763,0.052084,-0.018321
3549.T,2024-10-03,2,streak_2,0.014225,0.019659,-0.005434,0.07514,0.038859,0.036281,-0.033702,0.006478,-0.04018,-0.004032,0.060159,-0.064191
2809.T,2024-10-03,6,streak_5plus,0.010321,0.019659,-0.009339,0.022363,0.038859,-0.016496,0.022363,0.006478,0.015885,-0.060276,0.060159,-0.120435
8905.T,2024-10-08,2,streak_2,-0.00187,-0.010048,0.008177,-0.021272,0.01469,-0.035963,-0.040206,0.001237,-0.041443,-0.097708,-0.003619,-0.094089
3086.T,2024-10-08,6,streak_5plus,-0.032514,-0.010048,-0.022466,0.004515,0.01469,-0.010175,0.037926,0.001237,0.036688,0.223658,-0.003619,0.227277
2670.T,2024-10-09,10,streak_5plus,0.012778,0.008743,0.004036,0.014743,0.006235,0.008508,-0.01835,0.014455,-0.032804,0.034073,-0.011897,0.04597
7581.T,2024-10-09,2,streak_2,0.00175,0.008743,-0.006992,-0.029773,0.006235,-0.036008,0.00175,0.014455,-0.012704,-0.163749,-0.011897,-0.151852
6432.T,2024-10-10,3,streak_3,0.004586,0.002621,0.001965,0.080275,-0.009338,0.089612,0.153668,0.006501,0.147166,0.151375,-0.021218,0.172592
9983.T,2024-10-10,7,streak_5plus,0.012818,0.002621,0.010197,0.045356,-0.009338,0.054694,-0.024255,0.006501,-0.030757,-0.046736,-0.021218,-0.025519
7453.T,2024-10-11,2,streak_2,-0.004587,0.005711,-0.010298,-0.065928,-0.010135,-0.055793,0.011938,-0.000122,0.01206,0.353901,-0.020525,0.374426
6323.T,2024-10-11,5,streak_5plus,0.008632,0.005711,0.002921,-0.007617,-0.010135,0.002519,0.066023,-0.000122,0.066145,-0.142206,-0.020525,-0.121682
3048.T,2024-10-11,4,streak_4,-0.019855,0.005711,-0.025567,0.116591,-0.010135,0.126727,0.095456,-0.000122,0.095578,0.039717,-0.020525,0.060242
3466.T,2024-10-15,8,streak_5plus,-0.006351,0.007695,-0.014046,0.025406,-0.016442,0.041848,0.007763,-0.022323,0.030086,-0.000706,-0.029146,0.02844
3295.T,2024-10-16,2,streak_2,-0.003723,-0.018297,0.014574,-0.020104,-0.037549,0.017445,-0.02904,-0.034448,0.005409,0.017126,-0.025258,0.042384
8984.T,2024-10-17,10,streak_5plus,0.011801,-0.006868,0.018669,0.015297,-0.027448,0.042746,0.009615,-0.013716,0.023331,0.0,-0.003888,0.003888
3226.T,2024-10-17,9,streak_5plus,0.008026,-0.006868,0.014894,-0.014446,-0.027448,0.013002,-0.05618,-0.013716,-0.042464,-0.077047,-0.003888,-0.073159
8968.T,2024-10-18,9,streak_5plus,0.000695,0.001813,-0.001118,-0.015288,-0.019735,0.004446,-0.004865,-0.017741,0.012877,-0.005559,0.018891,-0.02445
8954.T,2024-10-21,10,streak_5plus,0.000649,-0.000696,0.001346,0.01039,-0.027393,0.037783,0.062987,-0.014553,0.077541,0.049351,0.025066,0.024285
6807.T,2024-10-23,2,streak_2,0.001569,-0.007995,0.009564,0.11691,0.012801,0.104109,0.052572,-0.010043,0.062616,0.123579,0.030039,0.093541
8961.T,2024-10-23,3,streak_3,0.004815,-0.007995,0.01281,-0.009631,0.012801,-0.022432,-0.012841,-0.010043,-0.002798,0.009631,0.030039,-0.020408
4519.T,2024-10-25,2,streak_2,-0.010516,-0.006013,-0.004503,0.057333,0.02459,0.032742,-0.064102,0.016696,-0.080798,-0.073353,0.033335,-0.106687
4063.T,2024-10-25,2,streak_2,-0.005181,-0.006013,0.000832,-0.006045,0.02459,-0.030636,-0.005354,0.016696,-0.022051,-0.15544,0.033335,-0.188775
3231.T,2024-10-25,3,streak_3,-0.003189,-0.006013,0.002824,0.011694,0.02459,-0.012897,-0.013558,0.016696,-0.030254,0.122543,0.033335,0.089208
1878.T,2024-10-28,3,streak_3,0.00209,0.018242,-0.016152,0.008064,0.003686,0.004378,0.016422,0.013928,0.002494,0.010451,0.042202,-0.031751
5332.T,2024-10-28,3,streak_3,0.015886,0.018242,-0.002356,-0.123169,0.003686,-0.126855,-0.163194,0.013928,-0.177122,-0.226945,0.042202,-0.269148
6508.T,2024-10-28,5,streak_5plus,0.03077,0.018242,0.012529,-0.021795,0.003686,-0.025481,0.021795,0.013928,0.007867,0.003846,0.042202,-0.038357
6301.T,2024-10-29,7,streak_5plus,0.016229,0.007723,0.008506,0.001747,-0.003384,0.00513,0.019475,-0.012189,0.031664,0.18252,0.025047,0.157473
1878.T,2024-10-29,4,streak_4,-0.00715,0.007723,-0.014873,0.006259,-0.003384,0.009643,0.00745,-0.012189,0.019639,-0.008641,0.025047,-0.033688
4684.T,2024-10-29,12,streak_5plus,0.007377,0.007723,-0.000346,0.067664,-0.003384,0.071048,0.02909,-0.012189,0.041279,-0.020025,0.025047,-0.045072
8601.T,2024-10-29,12,streak_5plus,0.027316,0.007723,0.019593,0.023349,-0.003384,0.026733,-0.000501,-0.012189,0.011688,0.123687,0.025047,0.09864
9502.T,2024-10-29,8,streak_5plus,0.022483,0.007723,0.01476,0.032979,-0.003384,0.036363,-0.04648,-0.012189,-0.034291,-0.029385,0.025047,-0.054432
2327.T,2024-10-29,4,streak_4,0.023121,0.007723,0.015398,0.10491,-0.003384,0.108294,0.188726,-0.012189,0.200915,0.145085,0.025047,0.120038
9507.T,2024-10-29,8,streak_5plus,0.000406,0.007723,-0.007317,0.059229,-0.003384,0.062612,-0.009399,-0.012189,0.00279,-0.024923,0.025047,-0.04997
9533.T,2024-10-29,9,streak_5plus,0.009406,0.007723,0.001683,0.005374,-0.003384,0.008758,0.038699,-0.012189,0.050888,0.047299,0.025047,0.022252
6861.T,2024-10-29,3,streak_3,0.009947,0.007723,0.002224,0.040995,-0.003384,0.044378,-0.035418,-0.012189,-0.023229,0.013565,0.025047,-0.011483
4005.T,2024-10-30,3,streak_3,-0.003617,0.009606,-0.013223,-0.031733,0.014831,-0.046564,-0.114157,-0.014256,-0.099901,-0.208183,-0.00986,-0.198323
7283.T,2024-10-30,2,streak_2,0.017585,0.009606,0.007979,-0.037272,0.014831,-0.052103,-0.050634,-0.014256,-0.036378,0.334743,-0.00986,0.344603
4503.T,2024-10-30,2,streak_2,-0.000839,0.009606,-0.010445,-0.026534,0.014831,-0.041365,-0.122312,-0.014256,-0.108055,-0.178165,-0.00986,-0.168305
9505.T,2024-10-30,2,streak_2,0.070906,0.009606,0.0613,0.10297,0.014831,0.088138,-0.038618,-0.014256,-0.024362,-0.09673,-0.00986,-0.08687
4307.T,2024-10-30,2,streak_2,0.020203,0.009606,0.010597,-0.070408,0.014831,-0.085239,-0.069591,-0.014256,-0.055335,0.066325,-0.00986,0.076185
9501.T,2024-10-30,2,streak_2,0.038799,0.009606,0.029193,0.021591,0.014831,0.00676,-0.12013,-0.014256,-0.105874,-0.352922,-0.00986,-0.343062
6586.T,2024-10-30,4,streak_4,0.005022,0.009606,-0.004584,0.068777,0.014831,0.053946,0.030569,-0.014256,0.044825,-0.031221,-0.00986,-0.021361
5929.T,2024-10-30,3,streak_3,0.007434,0.009606,-0.002172,0.238986,0.014831,0.224155,0.229074,-0.014256,0.24333,0.327093,-0.00986,0.336953
6857.T,2024-10-30,2,streak_2,0.034295,0.009606,0.024689,0.158242,0.014831,0.143411,-0.012035,-0.014256,0.002222,-0.001203,-0.00986,0.008657
9533.T,2024-10-30,10,streak_5plus,0.013578,0.009606,0.003972,0.003462,0.014831,-0.01137,0.025825,-0.014256,0.040082,0.003728,-0.00986,0.013588
4768.T,2024-10-31,2,streak_2,0.003798,-0.004994,0.008792,0.041776,0.002648,0.039128,0.090273,-0.027226,0.117498,0.083137,-0.012196,0.095333
4062.T,2024-10-31,2,streak_2,-0.006002,-0.004994,-0.001009,0.060812,0.002648,0.058163,-0.119025,-0.027226,-0.091799,-0.09982,-0.012196,-0.087624
9509.T,2024-10-31,9,streak_5plus,-0.008221,-0.004994,-0.003227,-0.032296,0.002648,-0.034944,-0.146025,-0.027226,-0.118799,-0.268272,-0.012196,-0.256077
5929.T,2024-10-31,4,streak_4,0.072971,-0.004994,0.077965,0.220279,0.002648,0.217631,0.232304,-0.027226,0.25953,0.299263,-0.012196,0.311458
2296.T,2024-10-31,3,streak_3,0.006528,-0.004994,0.011522,-0.001305,0.002648,-0.003953,-0.014358,-0.027226,0.012868,-0.013054,-0.012196,-0.000858
4204.T,2024-10-31,3,streak_3,0.006963,-0.004994,0.011957,0.094436,0.002648,0.091787,0.122509,-0.027226,0.149735,0.164734,-0.012196,0.17693
9766.T,2024-10-31,4,streak_4,-0.001063,-0.004994,0.00393,0.005317,0.002648,0.002669,0.047501,-0.027226,0.074727,0.243885,-0.012196,0.256081
4502.T,2024-10-31,2,streak_2,0.003057,-0.004994,0.008051,-0.003999,0.002648,-0.006647,-0.03952,-0.027226,-0.012294,-0.027053,-0.012196,-0.014858
4568.T,2024-10-31,8,streak_5plus,-0.006385,-0.004994,-0.001391,-0.029324,0.002648,-0.031972,-0.052663,-0.027226,-0.025438,-0.198684,-0.012196,-0.186488
9513.T,2024-10-31,4,streak_4,0.026956,-0.004994,0.031949,0.076642,0.002648,0.073994,0.008248,-0.027226,0.035474,0.004024,-0.012196,0.01622
6723.T,2024-10-31,2,streak_2,-0.049979,-0.004994,-0.044986,-0.074291,0.002648,-0.076939,-0.115942,-0.027226,-0.088717,-0.076386,-0.012196,-0.064191
9020.T,2024-10-31,3,streak_3,0.001629,-0.004994,0.006623,-0.019905,0.002648,-0.022553,-0.047311,-0.027226,-0.020085,-0.12023,-0.012196,-0.108035
1911.T,2024-10-31,4,streak_4,0.014493,-0.004994,0.019487,-0.042627,0.002648,-0.045275,-0.032395,-0.027226,-0.00517,-0.083792,-0.012196,-0.071597
8058.T,2024-10-31,2,streak_2,-0.004215,-0.004994,0.000778,-0.027918,0.002648,-0.030566,-0.113081,-0.027226,-0.085855,-0.126777,-0.012196,-0.114581
6752.T,2024-10-31,2,streak_2,-0.010396,-0.004994,-0.005403,0.123498,0.002648,0.12085,0.171464,-0.027226,0.19869,0.22262,-0.012196,0.234816
8058.T,2024-11-01,3,streak_3,-0.031387,-0.026293,-0.005094,-0.036324,0.010724,-0.047049,-0.095398,-0.01454,-0.080858,-0.119379,-0.006391,-0.112988
8604.T,2024-11-01,4,streak_4,-0.027034,-0.026293,-0.000741,0.135878,0.010724,0.125154,0.152892,-0.01454,0.167432,0.251244,-0.006391,0.257635
2296.T,2024-11-01,4,streak_4,0.001296,-0.026293,0.02759,-0.018159,0.010724,-0.028883,-0.01686,-0.01454,-0.00232,-0.019455,-0.006391,-0.013064
5802.T,2024-11-01,2,streak_2,-0.021197,-0.026293,0.005096,0.092758,0.010724,0.082034,0.237778,-0.01454,0.252317,0.2489,-0.006391,0.255291
6806.T,2024-11-01,4,streak_4,-0.022289,-0.026293,0.004004,0.03153,0.010724,0.020806,-0.019027,-0.01454,-0.004487,-0.014406,-0.006391,-0.008015
9107.T,2024-11-05,3,streak_3,0.011802,0.011069,0.000733,0.019351,0.038883,-0.019532,-0.004482,0.031408,-0.03589,-0.040583,0.026617,-0.067199
7013.T,2024-11-05,5,streak_5plus,-0.008152,0.011069,-0.019221,0.169682,0.038883,0.130798,0.055457,0.031408,0.024049,0.238268,0.026617,0.211652
4483.T,2024-11-05,2,streak_2,0.008988,0.011069,-0.002082,0.060088,0.038883,0.021205,-0.035961,0.031408,-0.067369,-0.213863,0.026617,-0.24048
4689.T,2024-11-05,2,streak_2,0.022951,0.011069,0.011881,-0.021972,0.038883,-0.060855,0.020064,0.031408,-0.011344,0.148764,0.026617,0.122148
5384.T,2024-11-05,5,streak_5plus,0.0,0.011069,-0.011069,0.072908,0.038883,0.034025,0.044,0.031408,0.012592,-0.086281,0.026617,-0.112898
7518.T,2024-11-06,4,streak_4,0.008674,0.026141,-0.017467,0.260772,0.023423,0.237349,0.255736,0.020831,0.234904,0.253777,0.008112,0.245665
9101.T,2024-11-06,2,streak_2,-0.038944,0.026141,-0.065085,-0.031394,0.023423,-0.054817,-0.008544,0.020831,-0.029376,0.029802,0.008112,0.02169
6869.T,2024-11-06,2,streak_2,0.010463,0.026141,-0.015678,0.109772,0.023423,0.086349,0.121831,0.020831,0.100999,-0.004435,0.008112,-0.012548
5947.T,2024-11-06,7,streak_5plus,-0.014099,0.026141,-0.04024,-0.042301,0.023423,-0.065724,-0.042597,0.020831,-0.063428,0.004115,0.008112,-0.003997
7013.T,2024-11-06,6,streak_5plus,0.192796,0.026141,0.166655,0.193696,0.023423,0.170273,0.091252,0.020831,0.070421,0.145883,0.008112,0.137771
3402.T,2024-11-06,2,streak_2,0.007382,0.026141,-0.018759,0.103304,0.023423,0.079881,0.163819,0.020831,0.142988,0.291553,0.008112,0.283441
2801.T,2024-11-06,10,streak_5plus,0.023568,0.026141,-0.002573,-0.020443,0.023423,-0.043866,-0.058776,0.020831,-0.079608,-0.174616,0.008112,-0.182728
1801.T,2024-11-06,2,streak_2,0.010124,0.026141,-0.016017,0.085826,0.023423,0.062403,0.020871,0.020831,4e-05,0.024298,0.008112,0.016186
2875.T,2024-11-07,13,streak_5plus,0.009319,-0.002514,0.011833,0.123961,-0.019225,0.143186,0.197507,-0.002155,0.199661,0.019313,-0.017211,0.036524
4543.T,2024-11-07,5,streak_5plus,0.003028,-0.002514,0.005543,0.018681,-0.019225,0.037906,0.049317,-0.002155,0.051472,-0.061438,-0.017211,-0.044227
9005.T,2024-11-07,6,streak_5plus,0.018697,-0.002514,0.021211,0.045817,-0.019225,0.065042,-0.098733,-0.002155,-0.096578,-0.093997,-0.017211,-0.076786
7936.T,2024-11-07,7,streak_5plus,-0.019178,-0.002514,-0.016664,0.030831,-0.019225,0.050056,0.196464,-0.002155,0.198619,0.242919,-0.017211,0.26013
3402.T,2024-11-07,3,streak_3,0.125255,-0.002514,0.127769,0.077115,-0.019225,0.09634,0.136488,-0.002155,0.138643,0.267299,-0.017211,0.28451
4114.T,2024-11-07,2,streak_2,0.116396,-0.002514,0.11891,0.108419,-0.019225,0.127643,0.080646,-0.002155,0.082801,0.110782,-0.017211,0.127993
5801.T,2024-11-07,3,streak_3,0.053859,-0.002514,0.056373,0.524184,-0.019225,0.543409,0.765232,-0.002155,0.767386,0.976995,-0.017211,0.994206
4536.T,2024-11-07,2,streak_2,-0.004201,-0.002514,-0.001687,-0.048202,-0.019225,-0.028977,0.002523,-0.002155,0.004677,-0.21076,-0.017211,-0.193549
1801.T,2024-11-07,3,streak_3,0.133385,-0.002514,0.135899,0.064765,-0.019225,0.08399,0.016191,-0.002155,0.018346,-0.017116,-0.017211,9.5e-05
5947.T,2024-11-07,8,streak_5plus,0.010726,-0.002514,0.01324,-0.05006,-0.019225,-0.030835,-0.038439,-0.002155,-0.036284,0.014897,-0.017211,0.032108
2875.T,2024-11-08,14,streak_5plus,-0.00089,0.003021,-0.003911,0.149739,-0.021475,0.171214,0.176994,-0.00737,0.184364,-0.008454,-0.010607,0.002153
6326.T,2024-11-08,7,streak_5plus,-0.007844,0.003021,-0.010865,-0.012988,-0.021475,0.008487,-0.095097,-0.00737,-0.087727,-0.060277,-0.010607,-0.04967
6758.T,2024-11-08,4,streak_4,0.012082,0.003021,0.009061,0.038237,-0.021475,0.059712,0.134198,-0.00737,0.141568,0.216447,-0.010607,0.227054
7936.T,2024-11-08,8,streak_5plus,0.0,0.003021,-0.003021,0.03757,-0.021475,0.059045,0.185356,-0.00737,0.192726,0.277606,-0.010607,0.288213
6448.T,2024-11-08,2,streak_2,-0.002902,0.003021,-0.005922,-0.130925,-0.021475,-0.10945,-0.128991,-0.00737,-0.121621,-0.1356,-0.010607,-0.124994
9143.T,2024-11-08,2,streak_2,0.009382,0.003021,0.006361,-0.049191,-0.021475,-0.027716,-0.044018,-0.00737,-0.036648,-0.049191,-0.010607,-0.038584
4523.T,2024-11-08,3,streak_3,0.005745,0.003021,0.002725,-0.017833,-0.021475,0.003642,-0.115911,-0.00737,-0.108541,-0.146225,-0.010607,-0.135619
5706.T,2024-11-08,5,streak_5plus,-0.002273,0.003021,-0.005294,-0.0401,-0.021475,-0.018625,-0.024597,-0.00737,-0.017227,-0.031211,-0.010607,-0.020605
6383.T,2024-11-08,4,streak_4,0.00648,0.003021,0.003459,0.114789,-0.021475,0.136264,0.145489,-0.00737,0.152859,0.094314,-0.010607,0.104921
4680.T,2024-11-08,2,streak_2,0.090821,0.003021,0.0878,0.067865,-0.021475,0.08934,0.263483,-0.00737,0.270853,0.346375,-0.010607,0.356982
8591.T,2024-11-08,2,streak_2,0.031294,0.003021,0.028274,-0.008268,-0.021475,0.013207,-0.000296,-0.00737,0.007074,-0.088869,-0.010607,-0.078262
5831.T,2024-11-08,5,streak_5plus,0.010938,0.003021,0.007917,0.006417,-0.021475,0.027892,0.021123,-0.00737,0.028493,0.046008,-0.010607,0.056614
7269.T,2024-11-08,2,streak_2,0.040669,0.003021,0.037649,0.043979,-0.021475,0.065453,0.084324,-0.00737,0.091694,0.291,-0.010607,0.301607
6951.T,2024-11-08,3,streak_3,0.031814,0.003021,0.028793,-0.039553,-0.021475,-0.018078,-0.073088,-0.00737,-0.065718,-0.017885,-0.010607,-0.007278
6588.T,2024-11-08,2,streak_2,0.016528,0.003021,0.013507,-0.009643,-0.021475,0.011832,-0.013775,-0.00737,-0.006405,-0.147384,-0.010607,-0.136777
9005.T,2024-11-08,7,streak_5plus,0.005945,0.003021,0.002924,0.000257,-0.021475,0.021732,-0.118637,-0.00737,-0.111268,-0.103647,-0.010607,-0.09304
1979.T,2024-11-10,6,streak_5plus,-0.024654,0.000834,-0.025488,-0.036488,-0.021708,-0.01478,-0.071007,-0.008604,-0.062403,-0.013806,-0.000985,-0.012821
3291.T,2024-11-11,3,streak_3,-0.001834,0.000834,-0.002668,0.03834,-0.021708,0.060047,0.053033,-0.008604,0.061637,0.051884,-0.000985,0.052869
1802.T,2024-11-11,7,streak_5plus,0.026439,0.000834,0.025605,0.027447,-0.021708,0.049155,0.049354,-0.008604,0.057958,0.061694,-0.000985,0.062679
5714.T,2024-11-11,5,streak_5plus,-0.006035,0.000834,-0.00687,-0.143532,-0.021708,-0.121824,-0.147492,-0.008604,-0.138888,-0.112222,-0.000985,-0.111238
2269.T,2024-11-11,2,streak_2,-0.034055,0.000834,-0.03489,-0.051371,-0.021708,-0.029663,-0.091774,-0.008604,-0.083169,-0.148053,-0.000985,-0.147068
8331.T,2024-11-11,2,streak_2,0.003987,0.000834,0.003153,-0.042682,-0.021708,-0.020974,0.013161,-0.008604,0.021765,0.037092,-0.000985,0.038076
9025.T,2024-11-11,5,streak_5plus,0.025894,0.000834,0.02506,0.062149,-0.021708,0.083856,0.211152,-0.008604,0.219756,0.233066,-0.000985,0.234051
8354.T,2024-11-11,2,streak_2,0.008133,0.000834,0.007298,0.0947,-0.021708,0.116407,0.119098,-0.008604,0.127702,0.044596,-0.000985,0.045581
6098.T,2024-11-11,2,streak_2,-0.000502,0.000834,-0.001337,-0.012272,-0.021708,0.009436,0.13721,-0.008604,0.145815,0.023037,-0.000985,0.024022
5838.T,2024-11-11,7,streak_5plus,0.021579,0.000834,0.020744,0.132595,-0.021708,0.154303,0.191936,-0.008604,0.200541,0.61272,-0.000985,0.613705
7458.T,2024-11-11,2,streak_2,0.002153,0.000834,0.001319,0.001881,-0.021708,0.023589,0.042164,-0.008604,0.050768,-0.107946,-0.000985,-0.106961
1979.T,2024-11-11,7,streak_5plus,-0.024654,0.000834,-0.025488,-0.036488,-0.021708,-0.01478,-0.071007,-0.008604,-0.062403,-0.013806,-0.000985,-0.012821
6753.T,2024-11-12,2,streak_2,0.017874,-0.003977,0.021851,0.12626,-0.033199,0.159459,0.090513,-0.004192,0.094706,0.144363,-0.009711,0.154074
5253.T,2024-11-12,2,streak_2,0.02924,-0.003977,0.033217,0.11426,-0.033199,0.147459,0.221323,-0.004192,0.225515,0.098066,-0.009711,0.107776
4186.T,2024-11-12,2,streak_2,-0.031286,-0.003977,-0.027309,-0.038358,-0.033199,-0.005159,-0.031286,-0.004192,-0.027093,0.039159,-0.009711,0.04887
3769.T,2024-11-12,3,streak_3,-0.024633,-0.003977,-0.020656,-0.224746,-0.033199,-0.191547,-0.035142,-0.004192,-0.03095,-0.044747,-0.009711,-0.035036
6465.T,2024-11-12,2,streak_2,0.007483,-0.003977,0.011461,0.172279,-0.033199,0.205478,0.257335,-0.004192,0.261527,0.153238,-0.009711,0.162948
9987.T,2024-11-12,2,streak_2,0.065615,-0.003977,0.069592,-0.02276,-0.033199,0.010439,-0.031577,-0.004192,-0.027385,0.031577,-0.009711,0.041288
8035.T,2024-11-12,5,streak_5plus,-0.02816,-0.003977,-0.024183,-0.056534,-0.033199,-0.023335,0.05761,-0.004192,0.061802,0.067283,-0.009711,0.076994
3659.T,2024-11-12,3,streak_3,0.002729,-0.003977,0.006706,-0.214771,-0.033199,-0.181572,-0.14461,-0.004192,-0.140417,-0.175976,-0.009711,-0.166265
8358.T,2024-11-12,6,streak_5plus,-0.011229,-0.003977,-0.007252,-0.055196,-0.033199,-0.021997,-0.003749,-0.004192,0.000443,0.226371,-0.009711,0.236082
8308.T,2024-11-12,3,streak_3,0.009412,-0.003977,0.013389,0.026084,-0.033199,0.059283,0.030782,-0.004192,0.034974,-0.002989,-0.009711,0.006721
9435.T,2024-11-12,3,streak_3,0.003138,-0.003977,0.007115,0.034201,-0.033199,0.067401,0.064951,-0.004192,0.069144,0.192639,-0.009711,0.20235
8252.T,2024-11-12,3,streak_3,0.006255,-0.003977,0.010233,-0.009591,-0.033199,0.023608,0.052959,-0.004192,0.057151,0.080275,-0.009711,0.089986
6407.T,2024-11-12,2,streak_2,-0.019452,-0.003977,-0.015475,-0.059856,-0.033199,-0.026657,-0.06734,-0.004192,-0.063147,-0.076318,-0.009711,-0.066608
6269.T,2024-11-12,6,streak_5plus,-0.029663,-0.003977,-0.025686,-0.067797,-0.033199,-0.034598,-0.111584,-0.004192,-0.107392,0.308073,-0.009711,0.317784
1925.T,2024-11-12,3,streak_3,0.026853,-0.003977,0.03083,0.032401,-0.033199,0.0656,0.048825,-0.004192,0.053017,0.117843,-0.009711,0.127553
3099.T,2024-11-13,8,streak_5plus,0.013532,-0.01662,0.030152,0.011982,-0.024422,0.036405,0.015749,-9.8e-05,0.015847,0.071429,-0.005126,0.076555
4587.T,2024-11-13,2,streak_2,-0.02794,-0.01662,-0.01132,-0.098143,-0.024422,-0.073721,-0.057648,-9.8e-05,-0.05755,-0.218037,-0.005126,-0.212911
4980.T,2024-11-13,3,streak_3,-0.01121,-0.01662,0.00541,-0.045655,-0.024422,-0.021232,-0.001199,-9.8e-05,-0.001101,-0.095715,-0.005126,-0.090589
6890.T,2024-11-14,2,streak_2,-0.037878,-0.004802,-0.033075,0.016054,-0.009538,0.025592,0.057222,0.029118,0.028105,-0.008647,0.014171,-0.022818
4681.T,2024-11-14,2,streak_2,0.009215,-0.004802,0.014018,0.035264,-0.009538,0.044802,0.106508,0.029118,0.07739,0.108631,0.014171,0.094459
8411.T,2024-11-14,6,streak_5plus,0.013197,-0.004802,0.018,0.089812,-0.009538,0.09935,0.103872,0.029118,0.074755,0.268292,0.014171,0.254121
8306.T,2024-11-14,7,streak_5plus,0.006723,-0.004802,0.011526,0.016802,-0.009538,0.02634,0.036676,0.029118,0.007558,0.132141,0.014171,0.11797
4478.T,2024-11-14,2,streak_2,-0.02815,-0.004802,-0.023348,-0.119303,-0.009538,-0.109765,0.089142,0.029118,0.060025,0.305295,0.014171,0.291124
8316.T,2024-11-14,6,streak_5plus,0.005005,-0.004802,0.009808,0.005284,-0.009538,0.014821,0.058675,0.029118,0.029558,0.087039,0.014171,0.072867
7182.T,2024-11-14,5,streak_5plus,0.014526,-0.004802,0.019328,0.004842,-0.009538,0.01438,0.057071,0.029118,0.027954,0.091661,0.014171,0.07749
7186.T,2024-11-14,6,streak_5plus,-0.010461,-0.004802,-0.005658,0.00931,-0.009538,0.018848,0.066862,0.029118,0.037745,0.069774,0.014171,0.055603
2593.T,2024-12-02,3,streak_3,0.015695,0.007982,0.007713,0.104955,0.023114,0.081841,0.089257,0.04414,0.045117,-0.081566,-0.03457,-0.046996
1928.T,2024-12-05,6,streak_5plus,-0.006619,0.003035,-0.009654,-0.00386,0.00244,-0.0063,0.021236,0.017941,0.003295,-0.06238,-0.062564,0.000184
4194.T,2024-12-12,7,streak_5plus,-0.018395,0.012113,-0.030508,-0.023667,-0.007379,-0.016288,-0.116579,-0.020309,-0.096269,-0.076508,-0.041155,-0.035354
8975.T,2024-12-13,5,streak_5plus,0.003901,-0.009503,0.013405,0.007802,-0.025987,0.033789,0.042913,-0.035074,0.077987,0.06632,-0.054508,0.120827
8972.T,2024-12-16,2,streak_2,-0.012329,-0.000328,-0.012001,0.004795,-0.019471,0.024266,0.0,-0.014389,0.014389,0.027397,-0.047173,0.074571
8956.T,2024-12-16,6,streak_5plus,-0.002688,-0.000328,-0.00236,0.052867,-0.019471,0.072339,0.052867,-0.014389,0.067256,0.170251,-0.047173,0.217424
3309.T,2024-12-16,6,streak_5plus,0.006887,-0.000328,0.007215,0.03168,-0.019471,0.051152,0.056474,-0.014389,0.070863,0.107438,-0.047173,0.154611
3287.T,2024-12-16,10,streak_5plus,-0.007414,-0.000328,-0.007086,-0.0471,-0.019471,-0.027629,-0.092019,-0.014389,-0.07763,-0.095944,-0.047173,-0.048771
3086.T,2024-12-24,7,streak_5plus,-0.007537,-0.003179,-0.004358,0.069093,0.018723,0.050371,0.057287,-0.003689,0.060976,-0.071427,-0.090315,0.018888
7581.T,2025-01-08,3,streak_3,-0.025455,-0.002551,-0.022905,-0.142727,-0.040883,-0.101844,-0.189091,-0.025366,-0.163725,-0.274546,-0.136573,-0.137973
2670.T,2025-01-08,11,streak_5plus,-0.005195,-0.002551,-0.002645,-0.04708,-0.040883,-0.006197,-0.040353,-0.025366,-0.014986,-0.194381,-0.136573,-0.057808
4530.T,2025-01-09,3,streak_3,-0.001728,-0.009404,0.007675,0.13873,-0.035228,0.173958,0.044185,-0.029865,0.07405,0.069593,-0.159963,0.229555
9983.T,2025-01-09,8,streak_5plus,0.005597,-0.009404,0.015001,-0.068906,-0.035228,-0.033677,-0.056939,-0.029865,-0.027074,-0.11663,-0.159963,0.043333
7649.T,2025-01-09,2,streak_2,-0.007214,-0.009404,0.00219,0.025462,-0.035228,0.06069,0.047716,-0.029865,0.077581,0.234386,-0.159963,0.394349
3048.T,2025-01-10,5,streak_5plus,-0.00291,-0.010471,0.00756,-0.070258,-0.029128,-0.04113,-0.031776,-0.020298,-0.011478,-0.086191,-0.14197,0.055779
7453.T,2025-01-10,3,streak_3,-0.011185,-0.010471,-0.000714,0.042797,-0.029128,0.071926,0.120842,-0.020298,0.14114,0.215505,-0.14197,0.357475
3046.T,2025-01-10,2,streak_2,0.002924,-0.010471,0.013395,-0.06725,-0.029128,-0.038122,0.054094,-0.020298,0.074392,0.295983,-0.14197,0.437953
3349.T,2025-01-10,2,streak_2,0.016063,-0.010471,0.026533,0.121426,-0.029128,0.150555,0.043324,-0.020298,0.063622,0.20837,-0.14197,0.35034
4443.T,2025-01-14,2,streak_2,0.002045,-0.018272,0.020317,-0.027403,-0.007346,-0.020057,0.014724,-0.005785,0.020509,-0.198773,-0.125614,-0.073159
3283.T,2025-01-16,9,streak_5plus,0.000875,0.00333,-0.002455,-0.001751,0.031257,-0.033008,0.005252,0.018334,-0.013083,0.039825,-0.105788,0.145613
8966.T,2025-01-17,8,streak_5plus,0.001625,-0.003141,0.004765,0.016247,0.035939,-0.019692,0.036556,0.015598,0.020958,0.064175,-0.099613,0.163788
8960.T,2025-01-19,5,streak_5plus,0.0,0.01173,-0.01173,0.020906,0.038504,-0.017598,0.044599,0.021298,0.023301,0.041812,-0.108488,0.1503
4684.T,2025-01-22,13,streak_5plus,0.0,0.015842,-0.015842,0.027999,-0.000285,0.028283,-0.019779,-0.008966,-0.010812,0.127532,-0.106574,0.234105
6594.T,2025-01-23,2,streak_2,0.0375,0.007885,0.029615,-0.034329,-0.005838,-0.028491,-0.006513,-0.021927,0.015413,-0.208146,-0.116205,-0.091941
4684.T,2025-01-24,14,streak_5plus,0.008713,-0.000673,0.009386,0.051833,-0.011134,0.062967,-0.014299,-0.043071,0.028772,0.126817,-0.106438,0.233255
6305.T,2025-01-27,2,streak_2,0.009414,-0.00917,0.018584,0.003227,-0.009003,0.012229,0.024474,-0.044816,0.06929,0.174478,-0.102474,0.276952
6301.T,2025-01-28,8,streak_5plus,0.010616,-0.013874,0.02449,-0.016809,-0.02643,0.00962,0.030746,-0.0331,0.063846,-0.071303,-0.088976,0.017674
1878.T,2025-01-28,5,streak_5plus,0.0,-0.013874,0.013874,-0.058317,-0.02643,-0.031887,-0.075784,-0.0331,-0.042684,-0.035209,-0.088976,0.053768
4204.T,2025-01-28,4,streak_4,0.002256,-0.013874,0.016129,0.029715,-0.02643,0.056145,0.04365,-0.0331,0.07675,0.036494,-0.088976,0.125471
6504.T,2025-01-29,2,streak_2,0.011105,0.010198,0.000906,-0.092147,-0.0056,-0.086547,-0.127447,-0.047707,-0.07974,-0.142719,-0.06573,-0.076989
6508.T,2025-01-29,6,streak_5plus,0.014456,0.010198,0.004258,0.218136,-0.0056,0.223736,0.244417,-0.047707,0.292124,0.062629,-0.06573,0.128358
5332.T,2025-01-29,4,streak_4,0.004029,0.010198,-0.00617,0.002415,-0.0056,0.008015,0.052108,-0.047707,0.099815,0.051258,-0.06573,0.116987
2875.T,2025-01-29,15,streak_5plus,0.008755,0.010198,-0.001444,-0.088035,-0.0056,-0.082435,-0.135214,-0.047707,-0.087508,-0.090376,-0.06573,-0.024646
9065.T,2025-01-29,2,streak_2,-0.001983,0.010198,-0.012182,0.025248,-0.0056,0.030848,0.06258,-0.047707,0.110286,0.155796,-0.06573,0.221525
9501.T,2025-01-29,3,streak_3,0.006705,0.010198,-0.003493,-0.036159,-0.0056,-0.030559,-0.082854,-0.047707,-0.035148,-0.003831,-0.06573,0.061898
5333.T,2025-01-29,2,streak_2,0.006673,0.010198,-0.003525,-0.017716,-0.0056,-0.012116,-0.041076,-0.047707,0.006631,-0.069508,-0.06573,-0.003778
4307.T,2025-01-29,3,streak_3,0.028334,0.010198,0.018136,0.083992,-0.0056,0.089592,0.007286,-0.047707,0.054993,0.110582,-0.06573,0.176311
9503.T,2025-01-29,2,streak_2,0.007059,0.010198,-0.003139,0.008822,-0.0056,0.014422,0.01882,-0.047707,0.066527,-0.010822,-0.06573,0.054908
9505.T,2025-01-29,3,streak_3,0.013814,0.010198,0.003615,-0.00148,-0.0056,0.00412,0.027134,-0.047707,0.074841,-0.081427,-0.06573,-0.015698
6135.T,2025-01-29,2,streak_2,-0.00172,0.010198,-0.011918,-0.006879,-0.0056,-0.001279,-0.015477,-0.047707,0.032229,-0.031309,-0.06573,0.034421
9508.T,2025-01-29,2,streak_2,0.010201,0.010198,3e-06,-0.035891,-0.0056,-0.030291,-0.004529,-0.047707,0.043177,0.022663,-0.06573,0.088393
8601.T,2025-01-29,13,streak_5plus,0.001878,0.010198,-0.008321,0.008934,-0.0056,0.014534,-0.015526,-0.047707,0.032181,-0.105886,-0.06573,-0.040157
6586.T,2025-01-29,5,streak_5plus,0.054731,0.010198,0.044533,-0.069146,-0.0056,-0.063545,0.021097,-0.047707,0.068804,-0.083939,-0.06573,-0.01821
7947.T,2025-01-29,2,streak_2,0.00418,0.010198,-0.006019,0.036214,-0.0056,0.041814,0.004876,-0.047707,0.052583,0.024709,-0.06573,0.090439
5929.T,2025-01-29,5,streak_5plus,0.012994,0.010198,0.002796,0.029673,-0.0056,0.035273,0.053498,-0.047707,0.101205,0.03967,-0.06573,0.1054
9513.T,2025-01-29,5,streak_5plus,0.004334,0.010198,-0.005864,0.030136,-0.0056,0.035736,0.064602,-0.047707,0.112309,0.053039,-0.06573,0.118769
4507.T,2025-01-29,2,streak_2,-0.019162,0.010198,-0.029361,-0.084097,-0.0056,-0.078497,-0.044926,-0.047707,0.002781,0.040119,-0.06573,0.105849
8316.T,2025-01-29,7,streak_5plus,0.002056,0.010198,-0.008143,-0.028014,-0.0056,-0.022414,-0.025444,-0.047707,0.022263,-0.126493,-0.06573,-0.060763
8308.T,2025-01-29,4,streak_4,-0.006545,0.010198,-0.016744,-0.0083,-0.0056,-0.0027,0.017045,-0.047707,0.064752,-0.030786,-0.06573,0.034944
6857.T,2025-01-29,3,streak_3,0.043617,0.010198,0.033419,0.045945,-0.0056,0.051545,-0.005636,-0.047707,0.042071,-0.230038,-0.06573,-0.164308
6504.T,2025-01-30,3,streak_3,0.009284,0.002517,0.006767,-0.114148,-0.014799,-0.099349,-0.138207,-0.041338,-0.096869,-0.157033,-0.065561,-0.091472
4768.T,2025-01-30,3,streak_3,0.000571,0.002517,-0.001945,0.032839,-0.014799,0.047638,-0.058253,-0.041338,-0.016915,-0.181754,-0.065561,-0.116192
7283.T,2025-01-30,3,streak_3,0.001618,0.002517,-0.000899,0.043038,-0.014799,0.057837,0.078004,-0.041338,0.119341,0.074773,-0.065561,0.140335
1878.T,2025-01-30,6,streak_5plus,0.000888,0.002517,-0.001629,-0.07069,-0.014799,-0.055891,-0.057377,-0.041338,-0.01604,-0.05977,-0.065561,0.005792
2875.T,2025-01-30,16,streak_5plus,0.014947,0.002517,0.01243,-0.083607,-0.014799,-0.068808,-0.129509,-0.041338,-0.088171,-0.091237,-0.065561,-0.025676
9104.T,2025-01-30,2,streak_2,0.008399,0.002517,0.005883,0.04415,-0.014799,0.058949,0.093963,-0.041338,0.135301,-0.074688,-0.065561,-0.009126
9501.T,2025-01-30,4,streak_4,0.00999,0.002517,0.007474,-0.047098,-0.014799,-0.032299,-0.041865,-0.041338,-0.000527,-0.011418,-0.065561,0.054144
5929.T,2025-01-30,6,streak_5plus,-0.003635,0.002517,-0.006152,0.035065,-0.014799,0.049864,0.039984,-0.041338,0.081322,0.032827,-0.065561,0.098388
4661.T,2025-01-30,2,streak_2,0.005442,0.002517,0.002925,-0.068552,-0.014799,-0.053753,-0.164854,-0.041338,-0.123517,-0.137336,-0.065561,-0.071774
4307.T,2025-01-30,4,streak_4,-0.017318,0.002517,-0.019835,0.064359,-0.014799,0.079158,0.013778,-0.041338,0.055115,0.088302,-0.065561,0.153864
7276.T,2025-01-30,2,streak_2,0.010574,0.002517,0.008057,-0.021632,-0.014799,-0.006833,-0.056783,-0.041338,-0.015445,-0.088555,-0.065561,-0.022993
6806.T,2025-01-30,5,streak_5plus,0.001076,0.002517,-0.001441,-0.024482,-0.014799,-0.009683,-0.04735,-0.041338,-0.006012,-0.101906,-0.065561,-0.036345
9505.T,2025-01-30,4,streak_4,0.021773,0.002517,0.019257,-0.012166,-0.014799,0.002633,0.045992,-0.041338,0.08733,-0.078646,-0.065561,-0.013084
9766.T,2025-01-30,5,streak_5plus,0.011851,0.002517,0.009335,0.271523,-0.014799,0.286322,0.303939,-0.041338,0.345277,0.455098,-0.065561,0.520659
4204.T,2025-01-30,5,streak_5plus,0.000206,0.002517,-0.00231,0.036583,-0.014799,0.051382,0.05559,-0.041338,0.096928,0.016505,-0.065561,0.082067
8316.T,2025-01-30,8,streak_5plus,-0.003846,0.002517,-0.006363,-0.031289,-0.014799,-0.01649,-0.012054,-0.041338,0.029284,-0.145214,-0.065561,-0.079653
8174.T,2025-01-30,2,streak_2,0.008527,0.002517,0.006011,-0.011061,-0.014799,0.003738,0.026501,-0.041338,0.067839,0.198136,-0.065561,0.263698
8601.T,2025-01-30,14,streak_5plus,-0.000464,0.002517,-0.00298,-0.002348,-0.014799,0.012451,-0.001411,-0.041338,0.039927,-0.111991,-0.065561,-0.04643
6752.T,2025-01-31,3,streak_3,0.016869,0.001481,0.015388,0.130848,-0.011324,0.142171,0.16873,-0.055241,0.223971,0.082775,-0.069199,0.151974
8308.T,2025-01-31,5,streak_5plus,0.004771,0.001481,0.00329,-0.016037,-0.011324,-0.004714,0.009543,-0.055241,0.064784,-0.051478,-0.069199,0.01772
4205.T,2025-01-31,2,streak_2,0.000694,0.001481,-0.000787,0.009345,-0.011324,0.020668,0.041538,-0.055241,0.096779,-0.010357,-0.069199,0.058841
4005.T,2025-01-31,4,streak_4,0.003873,0.001481,0.002392,0.016105,-0.011324,0.027428,0.055537,-0.055241,0.110778,0.059747,-0.069199,0.128946
8309.T,2025-01-31,2,streak_2,0.003619,0.001481,0.002138,-0.001552,-0.011324,0.009772,-0.007756,-0.055241,0.047485,-0.093305,-0.069199,-0.024107
5384.T,2025-01-31,6,streak_5plus,-0.006318,0.001481,-0.007799,-0.043789,-0.011324,-0.032466,-0.084873,-0.055241,-0.029632,-0.132368,-0.069199,-0.063169
2782.T,2025-01-31,2,streak_2,0.005653,0.001481,0.004172,-0.02676,-0.011324,-0.015436,-0.045231,-0.055241,0.01001,0.103952,-0.069199,0.17315
6770.T,2025-01-31,2,streak_2,-0.007006,0.001481,-0.008487,0.011785,-0.011324,0.023108,-0.023247,-0.055241,0.031994,-0.121032,-0.069199,-0.051834
5332.T,2025-01-31,5,streak_5plus,0.016549,0.001481,0.015068,-0.003735,-0.011324,0.007589,0.040833,-0.055241,0.096074,0.011024,-0.069199,0.080223
6508.T,2025-01-31,7,streak_5plus,0.021712,0.001481,0.020231,0.173693,-0.011324,0.185016,0.157088,-0.055241,0.212329,0.080958,-0.069199,0.150157
6301.T,2025-01-31,9,streak_5plus,0.03814,0.001481,0.036659,-0.009645,-0.011324,0.001678,-0.034196,-0.055241,0.021045,-0.057655,-0.069199,0.011543
9104.T,2025-01-31,3,streak_3,0.024409,0.001481,0.022928,0.023828,-0.011324,0.035151,0.083882,-0.055241,0.139123,-0.06723,-0.069199,0.001969
9506.T,2025-01-31,2,streak_2,-0.000875,0.001481,-0.002356,-0.017582,-0.011324,-0.006258,-0.058898,-0.055241,-0.003657,-0.073882,-0.069199,-0.004683
5333.T,2025-01-31,3,streak_3,0.009846,0.001481,0.008365,-0.040397,-0.011324,-0.029073,-0.06438,-0.055241,-0.009139,-0.090395,-0.069199,-0.021196
8411.T,2025-01-31,7,streak_5plus,0.004433,0.001481,0.002952,-0.014225,-0.011324,-0.002901,-0.008627,-0.055241,0.046614,-0.171573,-0.069199,-0.102375
3099.T,2025-01-31,9,streak_5plus,-0.012088,0.001481,-0.013569,-0.079485,-0.011324,-0.068161,-0.179119,-0.055241,-0.123878,-0.311959,-0.069199,-0.242761
9107.T,2025-01-31,4,streak_4,0.006632,0.001481,0.005151,0.037243,-0.011324,0.048567,0.129843,-0.055241,0.185084,0.016194,-0.069199,0.085392
9503.T,2025-01-31,3,streak_3,-0.002037,0.001481,-0.003518,0.010469,-0.011324,0.021792,0.041581,-0.055241,0.096822,-0.006382,-0.069199,0.062817
9065.T,2025-01-31,3,streak_3,-0.003052,0.001481,-0.004533,0.045439,-0.011324,0.056763,0.058191,-0.055241,0.113432,0.163799,-0.069199,0.232997
7259.T,2025-01-31,2,streak_2,0.020557,0.001481,0.019076,0.020843,-0.011324,0.032166,0.011866,-0.055241,0.067107,0.057888,-0.069199,0.127087
9508.T,2025-01-31,3,streak_3,0.004094,0.001481,0.002613,-0.026805,-0.011324,-0.015482,0.002606,-0.055241,0.057847,0.003261,-0.069199,0.07246
6135.T,2025-01-31,3,streak_3,-0.005146,0.001481,-0.006627,0.030017,-0.011324,0.041341,-0.039452,-0.055241,0.015789,-0.037261,-0.069199,0.031937
9504.T,2025-01-31,2,streak_2,-0.010403,0.001481,-0.011884,-0.012121,-0.011324,-0.000797,-0.010746,-0.055241,0.044495,-0.130545,-0.069199,-0.061346
1959.T,2025-01-31,2,streak_2,-0.021687,0.001481,-0.023168,-0.100463,-0.011324,-0.089139,-0.155514,-0.055241,-0.100273,-0.065199,-0.069199,0.004
4506.T,2025-01-31,2,streak_2,0.026936,0.001481,0.025455,0.272727,-0.011324,0.284051,0.159933,-0.055241,0.215174,0.513468,-0.069199,0.582667
7947.T,2025-01-31,3,streak_3,0.03767,0.001481,0.036189,-0.002056,-0.011324,0.009268,-0.010959,-0.055241,0.044282,0.043575,-0.069199,0.112773
2327.T,2025-01-31,5,streak_5plus,0.001011,0.001481,-0.00047,0.063417,-0.011324,0.07474,0.041941,-0.055241,0.097182,-0.114019,-0.069199,-0.044821
9513.T,2025-01-31,6,streak_5plus,-0.00244,0.001481,-0.003921,0.006508,-0.011324,0.017832,0.050652,-0.055241,0.105893,0.043844,-0.069199,0.113043
5334.T,2025-01-31,2,streak_2,0.000582,0.001481,-0.000899,-0.083692,-0.011324,-0.072368,-0.118918,-0.055241,-0.063677,-0.03463,-0.069199,0.034568
4507.T,2025-01-31,3,streak_3,0.001309,0.001481,-0.000172,-0.035199,-0.011324,-0.023875,0.006774,-0.055241,0.062015,0.040861,-0.069199,0.11006
6861.T,2025-01-31,4,streak_4,0.003282,0.001481,0.001801,-0.063106,-0.011324,-0.051782,-0.092048,-0.055241,-0.036807,-0.050988,-0.069199,0.018211
6702.T,2025-01-31,2,streak_2,0.034444,0.001481,0.032963,0.045073,-0.011324,0.056396,0.030333,-0.055241,0.085574,0.10697,-0.069199,0.176169
7282.T,2025-01-31,2,streak_2,0.048229,0.001481,0.046748,0.043897,-0.011324,0.05522,-0.017143,-0.055241,0.038098,0.031191,-0.069199,0.10039
9766.T,2025-01-31,6,streak_5plus,-0.013434,0.001481,-0.014915,0.307613,-0.011324,0.318937,0.268687,-0.055241,0.323928,0.442211,-0.069199,0.51141
4005.T,2025-02-02,5,streak_5plus,-0.028258,-0.026594,-0.001664,0.003551,-0.019849,0.0234,0.032116,-0.054438,0.086554,0.051128,-0.066811,0.117939
9020.T,2025-02-03,4,streak_4,-0.015138,-0.026594,0.011456,-0.015677,-0.019849,0.004172,0.098936,-0.054438,0.153374,0.171892,-0.066811,0.238703
9202.T,2025-02-03,2,streak_2,-0.012693,-0.026594,0.013901,-0.004975,-0.019849,0.014874,-0.011835,-0.054438,0.042603,-0.005868,-0.066811,0.060942
4768.T,2025-02-03,4,streak_4,-0.007422,-0.026594,0.019172,0.0334,-0.019849,0.053249,-0.03968,-0.054438,0.014758,-0.145875,-0.066811,-0.079064
9101.T,2025-02-03,3,streak_3,-0.010443,-0.026594,0.016151,0.061219,-0.019849,0.081068,0.093365,-0.054438,0.147803,0.037049,-0.066811,0.103859
6503.T,2025-02-03,2,streak_2,-0.009919,-0.026594,0.016676,-0.051334,-0.019849,-0.031485,-0.022946,-0.054438,0.031492,0.104613,-0.066811,0.171423
7186.T,2025-02-03,7,streak_5plus,-0.038406,-0.026594,-0.011812,-0.048346,-0.019849,-0.028497,0.000444,-0.054438,0.054882,-0.007256,-0.066811,0.059555
7729.T,2025-02-03,2,streak_2,-0.047926,-0.026594,-0.021332,0.181367,-0.019849,0.201216,0.050476,-0.054438,0.104914,0.131361,-0.066811,0.198172
8411.T,2025-02-03,8,streak_5plus,-0.010681,-0.026594,0.015913,-0.03413,-0.019849,-0.014281,-0.024843,-0.054438,0.029595,-0.16816,-0.066811,-0.10135
6806.T,2025-02-03,6,streak_5plus,-0.036232,-0.026594,-0.009638,-0.031938,-0.019849,-0.012089,-0.060118,-0.054438,-0.00568,-0.11115,-0.066811,-0.044339
8306.T,2025-02-03,8,streak_5plus,-0.026532,-0.026594,6.2e-05,-0.034116,-0.019849,-0.014267,-0.025775,-0.054438,0.028663,-0.092418,-0.066811,-0.025607
2222.T,2025-02-03,2,streak_2,0.004395,-0.026594,0.03099,0.078052,-0.019849,0.097901,0.012091,-0.054438,0.066529,-0.032527,-0.066811,0.034284
6503.T,2025-02-04,3,streak_3,0.005892,0.007224,-0.001332,-0.057148,0.007297,-0.064445,0.051848,-0.021162,0.07301,0.129967,-0.026396,0.156363
7729.T,2025-02-04,3,streak_3,0.017908,0.007224,0.010683,0.262972,0.007297,0.255675,0.139594,-0.021162,0.160756,0.223036,-0.026396,0.249431
9101.T,2025-02-04,4,streak_4,0.007035,0.007224,-0.00019,0.074696,0.007297,0.067399,0.103454,-0.021162,0.124616,0.035139,-0.026396,0.061534
7832.T,2025-02-04,2,streak_2,0.015526,0.007224,0.008301,0.24158,0.007297,0.234283,0.345001,-0.021162,0.366163,0.277793,-0.026396,0.304189
8058.T,2025-02-04,4,streak_4,0.012627,0.007224,0.005403,0.001019,0.007297,-0.006278,0.043984,-0.021162,0.065145,0.144426,-0.026396,0.170822
4523.T,2025-02-04,4,streak_4,0.007233,0.007224,9e-06,0.00633,0.007297,-0.000967,-0.02622,-0.021162,-0.005058,-0.067466,-0.026396,-0.04107
3626.T,2025-02-04,2,streak_2,0.031905,0.007224,0.024681,0.112851,0.007297,0.105554,0.261745,-0.021162,0.282907,0.375719,-0.026396,0.402114
2810.T,2025-02-04,2,streak_2,-0.011583,0.007224,-0.018808,-0.022292,0.007297,-0.029589,-0.000175,-0.021162,0.020987,0.000585,-0.026396,0.026981
4114.T,2025-02-04,3,streak_3,0.00189,0.007224,-0.005335,0.014301,0.007297,0.007004,-0.002695,-0.021162,0.018467,-0.053551,-0.026396,-0.027156
5384.T,2025-02-04,7,streak_5plus,0.042917,0.007224,0.035692,0.010489,0.007297,0.003192,-0.024797,-0.021162,-0.003635,-0.070439,-0.026396,-0.044043
9107.T,2025-02-04,5,streak_5plus,0.008743,0.007224,0.001519,0.06967,0.007297,0.062373,0.143443,-0.021162,0.164605,0.050345,-0.026396,0.076741
3099.T,2025-02-04,10,streak_5plus,0.001125,0.007224,-0.006099,-0.068792,0.007297,-0.076089,-0.140583,-0.021162,-0.119421,-0.273045,-0.026396,-0.246649
8306.T,2025-02-04,9,streak_5plus,0.008048,0.007224,0.000823,-0.013241,0.007297,-0.020538,0.014797,-0.021162,0.035959,-0.042573,-0.026396,-0.016177
6448.T,2025-02-04,3,streak_3,0.006887,0.007224,-0.000337,0.028319,0.007297,0.021022,0.071182,-0.021162,0.092344,-0.001176,-0.026396,0.02522
2327.T,2025-02-04,6,streak_5plus,0.005076,0.007224,-0.002148,0.091899,0.007297,0.084602,0.037572,-0.021162,0.058734,-0.043651,-0.026396,-0.017256
6752.T,2025-02-04,4,streak_4,0.000984,0.007224,-0.00624,0.167544,0.007297,0.160247,0.212045,-0.021162,0.233207,0.148297,-0.026396,0.174693
4689.T,2025-02-04,3,streak_3,0.008867,0.007224,0.001642,0.079077,0.007297,0.07178,0.125753,-0.021162,0.146915,0.179587,-0.026396,0.205983
6028.T,2025-02-04,2,streak_2,-0.00571,0.007224,-0.012935,0.071572,0.007297,0.064276,0.064181,-0.021162,0.085343,0.130378,-0.026396,0.156773
9201.T,2025-02-04,2,streak_2,-0.011587,0.007224,-0.018812,0.015708,0.007297,0.008411,0.042813,-0.021162,0.063975,0.105775,-0.026396,0.132171
3407.T,2025-02-05,2,streak_2,-0.012664,0.000853,-0.013517,-0.025439,0.004261,-0.0297,0.023885,-0.04926,0.073145,0.009304,-0.029746,0.03905
8358.T,2025-02-05,7,streak_5plus,0.006655,0.000853,0.005801,0.078141,0.004261,0.07388,0.10142,-0.04926,0.15068,0.032288,-0.029746,0.062035
8354.T,2025-02-05,3,streak_3,0.002392,0.000853,0.001539,-0.061244,0.004261,-0.065506,-0.051914,-0.04926,-0.002654,-0.055771,-0.029746,-0.026025
7004.T,2025-02-05,2,streak_2,0.004775,0.000853,0.003921,-0.115567,0.004261,-0.119828,-0.109841,-0.04926,-0.060581,-0.068564,-0.029746,-0.038817
3774.T,2025-02-05,2,streak_2,0.011936,0.000853,0.011082,-0.084887,0.004261,-0.089148,-0.147419,-0.04926,-0.098159,-0.046819,-0.029746,-0.017073
9613.T,2025-02-05,2,streak_2,0.020865,0.000853,0.020011,-0.009633,0.004261,-0.013894,-0.101447,-0.04926,-0.052187,0.283482,-0.029746,0.313228
6674.T,2025-02-05,2,streak_2,0.054566,0.000853,0.053713,0.052857,0.004261,0.048596,0.080033,-0.04926,0.129292,0.117281,-0.029746,0.147027
7186.T,2025-02-05,8,streak_5plus,-0.018495,0.000853,-0.019348,-0.024201,0.004261,-0.028462,0.055037,-0.04926,0.104296,0.072543,-0.029746,0.102289
8282.T,2025-02-05,2,streak_2,-0.004988,0.000853,-0.005842,0.005715,0.004261,0.001454,0.020695,-0.04926,0.069954,-0.018314,-0.029746,0.011432
9001.T,2025-02-05,5,streak_5plus,-0.010634,0.000853,-0.011487,-0.040852,0.004261,-0.045114,-0.014738,-0.04926,0.034522,0.008242,-0.029746,0.037989
7269.T,2025-02-05,3,streak_3,0.016523,0.000853,0.01567,0.023867,0.004261,0.019605,-0.054808,-0.04926,-0.005549,-0.045435,-0.029746,-0.015689
8604.T,2025-02-05,5,streak_5plus,0.001699,0.000853,0.000845,0.005201,0.004261,0.00094,-0.033061,-0.04926,0.016198,-0.136828,-0.029746,-0.107082
2371.T,2025-02-05,2,streak_2,0.025541,0.000853,0.024687,0.050462,0.004261,0.046201,-0.098663,-0.04926,-0.049403,0.089102,-0.029746,0.118848
1801.T,2025-02-06,4,streak_4,-0.001409,0.006053,-0.007462,0.065112,0.016224,0.048888,0.050713,-0.046437,0.09715,0.233081,-0.016693,0.249774
2229.T,2025-02-06,2,streak_2,0.048853,0.006053,0.0428,0.005291,0.016224,-0.010933,0.02328,-0.046437,0.069717,0.052075,-0.016693,0.068768
6448.T,2025-02-06,4,streak_4,-0.002647,0.006053,-0.0087,0.014733,0.016224,-0.001491,0.044776,-0.046437,0.091213,-0.039584,-0.016693,-0.022891
2269.T,2025-02-06,3,streak_3,0.01026,0.006053,0.004207,-0.022843,0.016224,-0.039066,0.086393,-0.046437,0.132829,0.081442,-0.016693,0.098135
5411.T,2025-02-06,2,streak_2,0.009252,0.006053,0.003199,-0.009816,0.016224,-0.02604,0.105406,-0.046437,0.151843,-0.018497,-0.016693,-0.001804
4385.T,2025-02-06,3,streak_3,0.019513,0.006053,0.01346,0.258487,0.016224,0.242263,0.268912,-0.046437,0.315349,0.251804,-0.016693,0.268497
3110.T,2025-02-06,2,streak_2,0.033784,0.006053,0.027731,-0.011824,0.016224,-0.028048,-0.246622,-0.046437,-0.200185,-0.243437,-0.016693,-0.226744
2784.T,2025-02-06,2,streak_2,0.000246,0.006053,-0.005807,0.050275,0.016224,0.034051,0.01344,-0.046437,0.059877,0.108781,-0.016693,0.125474
6028.T,2025-02-06,3,streak_3,0.00794,0.006053,0.001887,0.076173,0.016224,0.059949,0.053877,-0.046437,0.100313,0.141701,-0.016693,0.158394
8058.T,2025-02-06,5,streak_5plus,0.009213,0.006053,0.00316,-0.002803,0.016224,-0.019027,0.033443,-0.046437,0.07988,0.159251,-0.016693,0.175944
6845.T,2025-02-06,2,streak_2,0.023187,0.006053,0.017134,0.048571,0.016224,0.032347,-0.010071,-0.046437,0.036366,0.129757,-0.016693,0.14645
9613.T,2025-02-06,3,streak_3,0.004404,0.006053,-0.00165,-0.035847,0.016224,-0.052071,-0.129873,-0.046437,-0.083436,0.257566,-0.016693,0.274259
4114.T,2025-02-06,4,streak_4,0.0035,0.006053,-0.002553,0.018046,0.016224,0.001822,-0.014272,-0.046437,0.032164,-0.079502,-0.016693,-0.062808
4452.T,2025-02-06,2,streak_2,0.004561,0.006053,-0.001492,0.083101,0.016224,0.066878,0.0365,-0.046437,0.082936,0.044158,-0.016693,0.060851
5406.T,2025-02-06,2,streak_2,0.012527,0.006053,0.006474,0.045511,0.016224,0.029288,0.142643,-0.046437,0.18908,0.045074,-0.016693,0.061767
4536.T,2025-02-06,3,streak_3,-0.035363,0.006053,-0.041416,-0.078654,0.016224,-0.094877,-0.078322,-0.046437,-0.031885,-0.04634,-0.016693,-0.029647
7269.T,2025-02-06,4,streak_4,0.001807,0.006053,-0.004246,0.009031,0.016224,-0.007193,-0.075336,-0.046437,-0.028899,-0.025481,-0.016693,-0.008788
4540.T,2025-02-06,2,streak_2,-0.043927,0.006053,-0.04998,-0.007845,0.016224,-0.024069,-0.046168,-0.046437,0.000268,-0.184621,-0.016693,-0.167927
8035.T,2025-02-06,6,streak_5plus,0.019563,0.006053,0.01351,-0.027618,0.016224,-0.043842,-0.176256,-0.046437,-0.129819,-0.066589,-0.016693,-0.049896
3563.T,2025-02-07,2,streak_2,0.176806,-0.007155,0.183961,0.21774,0.002122,0.215618,0.137579,-0.058194,0.195772,0.660321,-0.024021,0.684341
8086.T,2025-02-07,2,streak_2,-0.038202,-0.007155,-0.031048,-0.031838,0.002122,-0.03396,-0.059781,-0.058194,-0.001588,-0.064,-0.024021,-0.03998
1721.T,2025-02-07,2,streak_2,-0.008401,-0.007155,-0.001246,0.022402,0.002122,0.02028,-0.001868,-0.058194,0.056326,0.041329,-0.024021,0.06535
8354.T,2025-02-07,4,streak_4,-0.013034,-0.007155,-0.005879,-0.008019,0.002122,-0.010141,-0.058147,-0.058194,4.7e-05,0.044999,-0.024021,0.069019
9143.T,2025-02-07,3,streak_3,0.008311,-0.007155,0.015466,-0.000695,0.002122,-0.002817,0.108796,-0.058194,0.16699,0.014595,-0.024021,0.038615
8358.T,2025-02-07,8,streak_5plus,0.026989,-0.007155,0.034144,0.040476,0.002122,0.038354,-0.006346,-0.058194,0.051848,0.039324,-0.024021,0.063344
6925.T,2025-02-07,2,streak_2,0.002692,-0.007155,0.009847,0.011989,0.002122,0.009867,0.018843,-0.058194,0.077036,-0.123265,-0.024021,-0.099244
3289.T,2025-02-07,2,streak_2,-0.011742,-0.007155,-0.004588,-0.004977,0.002122,-0.007099,-0.037911,-0.058194,0.020283,0.073405,-0.024021,0.097426
1414.T,2025-02-07,2,streak_2,0.006807,-0.007155,0.013961,0.001,0.002122,-0.001122,-0.034635,-0.058194,0.023558,-0.013214,-0.024021,0.010807
7261.T,2025-02-07,2,streak_2,-0.018969,-0.007155,-0.011814,0.000949,0.002122,-0.001173,-0.001899,-0.058194,0.056295,-0.154932,-0.024021,-0.130911
8035.T,2025-02-07,7,streak_5plus,-0.040632,-0.007155,-0.033477,-0.066027,0.002122,-0.068149,-0.196012,-0.058194,-0.137819,-0.075916,-0.024021,-0.051895
2815.T,2025-02-07,2,streak_2,0.069097,-0.007155,0.076252,0.18234,0.002122,0.180218,0.126679,-0.058194,0.184872,0.166088,-0.024021,0.190109
4680.T,2025-02-07,3,streak_3,-0.001433,-0.007155,0.005722,-0.050859,0.002122,-0.052981,-0.259308,-0.058194,-0.201114,-0.249322,-0.024021,-0.225301
2432.T,2025-02-07,2,streak_2,-0.012376,-0.007155,-0.005221,0.199024,0.002122,0.196902,0.072966,-0.058194,0.131159,-0.03035,-0.024021,-0.006329
5406.T,2025-02-07,3,streak_3,0.070588,-0.007155,0.077743,0.032576,0.002122,0.030454,0.102866,-0.058194,0.16106,0.020955,-0.024021,0.044975
4516.T,2025-02-07,2,streak_2,-0.000769,-0.007155,0.006385,0.032821,0.002122,0.030699,0.012053,-0.058194,0.070247,-0.127316,-0.024021,-0.103296
1802.T,2025-02-09,8,streak_5plus,0.024975,0.000365,0.02461,-0.027141,0.009983,-0.037125,-0.054039,-0.050737,-0.003302,0.066952,-0.026594,0.093546
4680.T,2025-02-09,4,streak_4,-0.033713,0.000365,-0.034078,-0.0746,0.009983,-0.084584,-0.26542,-0.050737,-0.214683,-0.252564,-0.026594,-0.225969
2784.T,2025-02-10,3,streak_3,0.029484,0.000365,0.029119,0.058214,0.009983,0.048231,0.027468,-0.050737,0.078205,0.02659,-0.026594,0.053184
2269.T,2025-02-10,4,streak_4,-0.029528,0.000365,-0.029893,-0.041833,0.009983,-0.051817,0.077754,-0.050737,0.128491,0.059543,-0.026594,0.086137
7459.T,2025-02-10,2,streak_2,0.015008,0.000365,0.014643,0.036155,0.009983,0.026172,0.039789,-0.050737,0.090526,0.053743,-0.026594,0.080337
9008.T,2025-02-10,2,streak_2,0.010537,0.000365,0.010172,0.027396,0.009983,0.017413,0.012644,-0.050737,0.06338,-0.04744,-0.026594,-0.020846
4186.T,2025-02-11,3,streak_3,0.065732,0.004189,0.061543,0.061161,0.012093,0.049067,-0.042584,-0.051832,0.009248,-0.008575,-0.026995,0.01842
9435.T,2025-02-11,4,streak_4,0.018899,0.004189,0.01471,0.033963,0.012093,0.02187,0.053136,-0.051832,0.104968,0.068829,-0.026995,0.095825
3769.T,2025-02-11,4,streak_4,0.017586,0.004189,0.013397,-0.079196,0.012093,-0.091289,-0.121839,-0.051832,-0.070007,-0.030344,-0.026995,-0.003349
1605.T,2025-02-11,2,streak_2,0.019003,0.004189,0.014815,-0.009504,0.012093,-0.021598,0.048046,-0.051832,0.099878,-0.002376,-0.026995,0.024619
6269.T,2025-02-12,7,streak_5plus,0.049441,0.004189,0.045253,0.371611,0.012093,0.359518,0.341305,-0.051832,0.393137,0.559809,-0.026995,0.586804
5947.T,2025-02-12,9,streak_5plus,0.002056,0.004189,-0.002132,-0.034349,0.012093,-0.046442,0.036408,-0.051832,0.08824,0.062944,-0.026995,0.089939
6758.T,2025-02-12,5,streak_5plus,-0.016623,0.004189,-0.020811,0.102947,0.012093,0.090853,0.017499,-0.051832,0.069331,0.053472,-0.026995,0.080467
3088.T,2025-02-12,2,streak_2,-0.028799,0.004189,-0.032988,0.000895,0.012093,-0.011198,0.036617,-0.051832,0.088449,0.309292,-0.026995,0.336287
4186.T,2025-02-12,4,streak_4,0.065732,0.004189,0.061543,0.061161,0.012093,0.049067,-0.042584,-0.051832,0.009248,-0.008575,-0.026995,0.01842
9987.T,2025-02-12,3,streak_3,0.02355,0.004189,0.019361,0.068079,0.012093,0.055986,0.053735,-0.051832,0.105567,0.10535,-0.026995,0.132345
5838.T,2025-02-12,8,streak_5plus,0.008914,0.004189,0.004725,0.202188,0.012093,0.190095,0.27269,-0.051832,0.324522,0.2344,-0.026995,0.261396
7762.T,2025-02-12,2,streak_2,0.012111,0.004189,0.007922,-0.019792,0.012093,-0.031886,0.026413,-0.051832,0.078245,-0.023057,-0.026995,0.003939
7747.T,2025-02-12,2,streak_2,-0.00294,0.004189,-0.007129,0.07311,0.012093,0.061017,-0.067424,-0.051832,-0.015592,-0.074481,-0.026995,-0.047486
5706.T,2025-02-12,6,streak_5plus,0.013187,0.004189,0.008998,-0.034155,0.012093,-0.046248,-0.048855,-0.051832,0.002977,-0.001857,-0.026995,0.025138
6951.T,2025-02-12,4,streak_4,-0.002096,0.004189,-0.006285,-0.06867,0.012093,-0.080763,-0.172111,-0.051832,-0.120279,-0.262637,-0.026995,-0.235642
6869.T,2025-02-12,3,streak_3,0.027996,0.004189,0.023807,-0.007716,0.012093,-0.019809,0.007358,-0.051832,0.05919,-0.110906,-0.026995,-0.08391
5801.T,2025-02-12,4,streak_4,0.029491,0.004189,0.025302,-0.035439,0.012093,-0.047533,-0.269108,-0.051832,-0.217276,-0.270543,-0.026995,-0.243548
5831.T,2025-02-12,6,streak_5plus,0.010567,0.004189,0.006378,0.11658,0.012093,0.104487,0.154466,-0.051832,0.206298,0.172095,-0.026995,0.199091
6098.T,2025-02-12,3,streak_3,-0.008372,0.004189,-0.012561,-0.05814,0.012093,-0.070233,-0.188279,-0.051832,-0.136447,-0.218407,-0.026995,-0.191412
4478.T,2025-02-12,3,streak_3,0.026389,0.004189,0.0222,0.081944,0.012093,0.069851,0.025,-0.051832,0.076832,0.072222,-0.026995,0.099218
1911.T,2025-02-12,5,streak_5plus,-0.007264,0.004189,-0.011453,-0.073071,0.012093,-0.085164,-0.098012,-0.051832,-0.04618,-0.172654,-0.026995,-0.145659
9435.T,2025-02-12,5,streak_5plus,0.018899,0.004189,0.01471,0.033963,0.012093,0.02187,0.053136,-0.051832,0.104968,0.068829,-0.026995,0.095825
9007.T,2025-02-13,2,streak_2,0.018893,0.012775,0.006118,0.023705,0.005156,0.018548,0.04775,-0.049035,0.096785,0.114265,-0.037601,0.151866
4681.T,2025-02-13,3,streak_3,-0.006214,0.012775,-0.018989,-0.019895,0.005156,-0.025051,-0.083304,-0.049035,-0.034269,0.012814,-0.037601,0.050415
2587.T,2025-02-13,2,streak_2,-0.044901,0.012775,-0.057676,-0.039027,0.005156,-0.044183,0.014478,-0.049035,0.063513,-0.011959,-0.037601,0.025642
3923.T,2025-02-13,2,streak_2,-0.009782,0.012775,-0.022557,0.040833,0.005156,0.035677,-0.060642,-0.049035,-0.011607,0.084293,-0.037601,0.121894
6758.T,2025-02-13,6,streak_5plus,0.011271,0.012775,-0.001504,0.118922,0.005156,0.113765,0.043298,-0.049035,0.092334,0.07336,-0.037601,0.110961
4887.T,2025-02-13,2,streak_2,0.017241,0.012775,0.004466,0.093611,0.005156,0.088455,0.098119,-0.049035,0.147154,-0.069978,-0.037601,-0.032378
3659.T,2025-02-13,4,streak_4,0.004537,0.012775,-0.008238,-0.020061,0.005156,-0.025217,-0.046811,-0.049035,0.002225,0.214712,-0.037601,0.252313
4553.T,2025-02-13,2,streak_2,0.023997,0.012775,0.011222,-0.01318,0.005156,-0.018336,-0.066574,-0.049035,-0.017539,-0.037956,-0.037601,-0.000355
5801.T,2025-02-13,5,streak_5plus,-0.057162,0.012775,-0.069937,-0.065254,0.005156,-0.07041,-0.249197,-0.049035,-0.200162,-0.301687,-0.037601,-0.264086
8964.T,2025-02-13,11,streak_5plus,0.007712,0.012775,-0.005063,0.0,0.005156,-0.005156,0.007712,-0.049035,0.056747,0.041131,-0.037601,0.078732
8252.T,2025-02-13,4,streak_4,0.013511,0.012775,0.000735,0.032183,0.005156,0.027027,0.046884,-0.049035,0.095919,0.207812,-0.037601,0.245413
2502.T,2025-02-13,2,streak_2,0.031845,0.012775,0.01907,0.102263,0.005156,0.097107,0.168399,-0.049035,0.217434,0.183098,-0.037601,0.220699
4543.T,2025-02-13,6,streak_5plus,0.01719,0.012775,0.004415,-0.017367,0.005156,-0.022524,-0.012712,-0.049035,0.036323,-0.026869,-0.037601,0.010732
9005.T,2025-02-13,8,streak_5plus,0.003465,0.012775,-0.00931,-0.019604,0.005156,-0.02476,0.006345,-0.049035,0.055381,0.008347,-0.037601,0.045948
1925.T,2025-02-13,4,streak_4,0.010321,0.012775,-0.002454,0.027451,0.005156,0.022294,0.017958,-0.049035,0.066993,0.052886,-0.037601,0.090487
4478.T,2025-02-14,4,streak_4,0.042216,-0.007907,0.050124,0.091029,-0.019853,0.110882,0.01715,-0.052328,0.069479,-0.026385,-0.048959,0.022573
8955.T,2025-02-14,3,streak_3,0.005891,-0.007907,0.013798,0.045655,-0.019853,0.065508,0.0,-0.052328,0.052328,0.053019,-0.048959,0.101978
5975.T,2025-02-14,2,streak_2,-0.026117,-0.007907,-0.018209,-0.032513,-0.019853,-0.01266,0.022924,-0.052328,0.075252,-0.026941,-0.048959,0.022017
7747.T,2025-02-14,3,streak_3,-0.007985,-0.007907,-7.8e-05,0.050447,-0.019853,0.0703,-0.078497,-0.052328,-0.026169,-0.126023,-0.048959,-0.077064
9025.T,2025-02-14,6,streak_5plus,-0.012926,-0.007907,-0.005019,-0.055251,-0.019853,-0.035398,-0.108239,-0.052328,-0.055911,-0.054976,-0.048959,-0.006017
5020.T,2025-02-14,2,streak_2,0.017662,-0.007907,0.025569,0.066967,-0.019853,0.08682,0.054481,-0.052328,0.106809,-0.138641,-0.048959,-0.089683
3088.T,2025-02-14,3,streak_3,-0.018099,-0.007907,-0.010192,0.059955,-0.019853,0.079808,0.076471,-0.052328,0.1288,0.31626,-0.048959,0.365219
6383.T,2025-02-14,5,streak_5plus,-0.011282,-0.007907,-0.003374,0.236916,-0.019853,0.256769,0.185211,-0.052328,0.237539,0.144471,-0.048959,0.193429
9989.T,2025-02-14,2,streak_2,0.001705,-0.007907,0.009612,0.047757,-0.019853,0.06761,0.016324,-0.052328,0.068652,0.113031,-0.048959,0.16199
6407.T,2025-02-14,3,streak_3,-0.012401,-0.007907,-0.004493,-0.075602,-0.019853,-0.055749,-0.1328,-0.052328,-0.080472,-0.102654,-0.048959,-0.053695
3296.T,2025-02-17,4,streak_4,0.001227,0.000634,0.000593,0.008589,-0.009515,0.018104,0.013497,-0.033309,0.046805,0.053988,-0.047266,0.101254
8964.T,2025-02-17,12,streak_5plus,0.0,0.000634,-0.000634,-0.012706,-0.009515,-0.003192,0.001271,-0.033309,0.034579,0.029225,-0.047266,0.076491
8951.T,2025-02-17,2,streak_2,0.01541,0.000634,0.014776,-0.012976,-0.009515,-0.003462,0.028386,-0.033309,0.061695,0.050284,-0.047266,0.09755
8987.T,2025-02-19,6,streak_5plus,0.006369,-0.002694,0.009063,0.023089,-0.028725,0.051814,0.019108,-0.040574,0.059682,0.03742,-0.053728,0.091149
3296.T,2025-02-19,5,streak_5plus,0.002445,-0.002694,0.005139,0.011002,-0.028725,0.039727,0.013447,-0.040574,0.054021,0.062347,-0.053728,0.116075
8963.T,2025-02-24,10,streak_5plus,0.003115,-0.013904,0.017019,-0.004673,-0.025569,0.020896,0.010903,-0.019332,0.030236,-0.046729,-0.027195,-0.019534
1928.T,2025-03-05,7,streak_5plus,0.000589,0.002332,-0.001743,-0.018909,-0.014413,-0.004495,-0.055243,-0.06952,0.014277,-0.103397,0.005982,-0.109379
9627.T,2025-03-10,5,streak_5plus,-0.003451,0.003825,-0.007276,0.068594,0.004498,0.064095,0.009706,-0.105039,0.114745,0.164611,0.035902,0.128709
4194.T,2025-03-12,8,streak_5plus,-0.00823,0.000706,-0.008936,0.144383,0.028601,0.115783,0.029454,-0.059362,0.088816,0.349697,0.037506,0.31219
3282.T,2025-03-13,7,streak_5plus,0.005885,-0.000789,0.006674,0.003678,0.025334,-0.021657,0.015815,-0.087822,0.103636,0.062891,0.027572,0.035319
8957.T,2025-03-17,4,streak_4,0.00848,0.009268,-0.000789,0.032707,0.014989,0.017718,0.061175,-0.075178,0.136353,0.17868,0.040041,0.138639
3292.T,2025-03-17,2,streak_2,-0.001618,0.009268,-0.010886,0.006473,0.014989,-0.008517,0.015372,-0.075178,0.09055,0.033981,0.040041,-0.00606
3468.T,2025-03-17,6,streak_5plus,-0.001883,0.009268,-0.011152,0.007533,0.014989,-0.007456,0.015066,-0.075178,0.090243,0.082863,0.040041,0.042822
3249.T,2025-03-21,4,streak_4,0.010195,-0.001982,0.012177,-0.001699,0.001274,-0.002973,-0.02209,-0.080038,0.057948,0.028037,0.017253,0.010784
4716.T,2025-03-21,2,streak_2,-0.001053,-0.001982,0.000929,0.129214,0.001274,0.12794,0.161517,-0.080038,0.241556,0.226866,0.017253,0.209613
9603.T,2025-03-31,2,streak_2,-0.039032,-0.040484,0.001452,0.080756,-0.089971,0.170727,0.143339,-0.034492,0.17783,-0.088154,0.090707,-0.178861
3391.T,2025-04-04,2,streak_2,0.010928,-0.027503,0.038431,0.125415,-0.003654,0.129069,0.22281,0.058836,0.163974,0.211986,0.146101,0.065885
8923.T,2025-04-07,2,streak_2,-0.03505,-0.07827,0.043219,0.057799,-0.005773,0.063572,0.099223,0.093191,0.006032,0.1857,0.171906,0.013793
8267.T,2025-04-08,2,streak_2,0.021355,0.060251,-0.038895,0.061901,0.091397,-0.029496,0.189194,0.204478,-0.015284,0.231082,0.274668,-0.043586
7581.T,2025-04-08,4,streak_4,0.067515,0.060251,0.007265,0.028026,0.091397,-0.063371,0.219109,0.204478,0.014631,0.26242,0.274668,-0.012248
2670.T,2025-04-08,12,streak_5plus,0.040929,0.060251,-0.019322,-0.00571,0.091397,-0.097107,0.084906,0.204478,-0.119572,0.152106,0.274668,-0.122562
9983.T,2025-04-09,9,streak_5plus,-0.027163,-0.039335,0.012172,0.059119,0.038015,0.021104,0.110705,0.1403,-0.029595,0.076466,0.206246,-0.129779
2670.T,2025-04-09,13,streak_5plus,-0.008777,-0.039335,0.030558,-0.048096,0.038015,-0.086111,0.042429,0.1403,-0.097871,0.113754,0.206246,-0.092492
3382.T,2025-04-09,2,streak_2,-0.045196,-0.039335,-0.005861,0.0124,0.038015,-0.025614,0.187245,0.1403,0.046944,0.136367,0.206246,-0.069879
3349.T,2025-04-10,3,streak_3,0.036492,0.091284,-0.054792,0.087685,0.069571,0.018114,0.119278,0.203986,-0.084709,0.19556,0.250121,-0.05456
7453.T,2025-04-10,4,streak_4,0.075813,0.091284,-0.01547,0.107004,0.069571,0.037433,0.181619,0.203986,-0.022368,0.690498,0.250121,0.440378
3048.T,2025-04-10,6,streak_5plus,0.04972,0.091284,-0.041564,0.031866,0.069571,-0.037704,0.100491,0.203986,-0.103496,0.209031,0.250121,-0.041089
8267.T,2025-04-11,3,streak_3,0.020943,-0.029571,0.050514,-0.001494,-0.006686,0.005192,0.059097,0.101683,-0.042585,0.100248,0.143335,-0.043087
3046.T,2025-04-11,3,streak_3,0.017688,-0.029571,0.047259,0.170069,-0.006686,0.176755,0.172789,0.101683,0.071107,0.205443,0.143335,0.062108
4443.T,2025-04-11,3,streak_3,0.000516,-0.029571,0.030087,-0.006704,-0.006686,-1.8e-05,0.046931,0.101683,-0.054751,0.036617,0.143335,-0.106718
7453.T,2025-04-11,5,streak_5plus,-0.015608,-0.029571,0.013962,0.043711,-0.006686,0.050397,0.143174,0.101683,0.041492,0.556422,0.143335,0.413087
3349.T,2025-04-14,4,streak_4,0.007619,0.011814,-0.004195,0.072131,0.034083,0.038048,0.146843,0.124158,0.022684,0.092405,0.174898,-0.082492
3086.T,2025-04-14,8,streak_5plus,-0.005965,0.011814,-0.017779,-0.007674,0.034083,-0.041757,0.046053,0.124158,-0.078106,0.139286,0.174898,-0.035612
8233.T,2025-04-14,2,streak_2,-0.019909,0.011814,-0.031723,-0.010859,0.034083,-0.044942,0.028053,0.124158,-0.096105,0.016737,0.174898,-0.158161
8968.T,2025-04-14,10,streak_5plus,0.004093,0.011814,-0.007721,0.040246,0.034083,0.006162,0.110505,0.124158,-0.013654,0.202592,0.174898,0.027694
8984.T,2025-04-16,11,streak_5plus,0.00802,-0.01013,0.018151,0.027016,-0.00137,0.028385,0.005488,0.09429,-0.088803,0.023217,0.157463,-0.134246
3295.T,2025-04-16,3,streak_3,0.007545,-0.01013,0.017675,0.006173,-0.00137,0.007543,0.025377,0.09429,-0.068913,0.104252,0.157463,-0.05321
3295.T,2025-04-17,4,streak_4,0.002723,0.013479,-0.010756,-0.002723,0.027955,-0.030678,0.011573,0.106399,-0.094826,0.10143,0.176318,-0.074889
3226.T,2025-04-17,10,streak_5plus,-0.004288,0.013479,-0.017767,0.0,0.027955,-0.027955,-0.021441,0.106399,-0.12784,0.013722,0.176318,-0.162596
3226.T,2025-04-18,11,streak_5plus,-0.002584,0.010259,-0.012843,-0.009475,0.019244,-0.028718,-0.024117,0.084979,-0.109096,0.011197,0.158286,-0.147089
8953.T,2025-04-21,2,streak_2,-0.00103,-0.012967,0.011938,-0.035015,0.028087,-0.063102,-0.00206,0.064946,-0.067006,0.108136,0.145252,-0.037116
8961.T,2025-04-22,4,streak_4,0.009509,-0.00173,0.011239,-0.004754,0.04551,-0.050264,0.041204,0.08403,-0.042826,0.128368,0.201033,-0.072665
8954.T,2025-04-22,11,streak_5plus,0.009481,-0.00173,0.011212,-0.013385,0.04551,-0.058895,-0.012828,0.08403,-0.096858,0.072504,0.201033,-0.128529
6861.T,2025-04-23,5,streak_5plus,0.025664,0.018937,0.006727,0.044693,0.053324,-0.008631,0.080831,0.096753,-0.015921,0.041027,0.222256,-0.18123
6504.T,2025-04-23,4,streak_4,0.038908,0.018937,0.019971,0.079011,0.053324,0.025687,0.136689,0.096753,0.039937,0.254608,0.222256,0.032352
8060.T,2025-04-23,2,streak_2,0.010927,0.018937,-0.00801,0.06535,0.053324,0.012026,0.117881,0.096753,0.021129,0.165553,0.222256,-0.056703
4307.T,2025-04-23,5,streak_5plus,0.01101,0.018937,-0.007926,0.006158,0.053324,-0.047166,0.104125,0.096753,0.007372,0.019967,0.222256,-0.202289
6954.T,2025-04-23,2,streak_2,0.025514,0.018937,0.006577,0.071553,0.053324,0.018229,0.152491,0.096753,0.055739,0.297653,0.222256,0.075396
7276.T,2025-04-23,3,streak_3,0.025699,0.018937,0.006762,-0.000292,0.053324,-0.053616,-0.006356,0.096753,-0.103109,0.104533,0.222256,-0.117723
6702.T,2025-04-23,3,streak_3,0.02136,0.018937,0.002423,0.094288,0.053324,0.040964,0.158536,0.096753,0.061783,0.12867,0.222256,-0.093586
4205.T,2025-04-23,3,streak_3,0.008458,0.018937,-0.010479,0.027592,0.053324,-0.025732,0.043778,0.096753,-0.052974,0.181383,0.222256,-0.040873
7259.T,2025-04-24,3,streak_3,0.005399,0.00489,0.000508,0.168993,0.045418,0.123575,0.13691,0.081893,0.055018,0.265884,0.188926,0.076958
6923.T,2025-04-24,2,streak_2,-0.008383,0.00489,-0.013273,-0.006704,0.045418,-0.052122,-0.017137,0.081893,-0.099029,0.070029,0.188926,-0.118897
6301.T,2025-04-24,10,streak_5plus,0.00554,0.00489,0.00065,0.042568,0.045418,-0.002851,0.101006,0.081893,0.019113,0.359445,0.188926,0.170519
4661.T,2025-04-24,3,streak_3,-0.012131,0.00489,-0.017021,-0.029365,0.045418,-0.074784,0.006384,0.081893,-0.075509,-0.001916,0.188926,-0.190842
7276.T,2025-04-24,4,streak_4,-0.05096,0.00489,-0.05585,-0.02168,0.045418,-0.067099,-0.030967,0.081893,-0.11286,0.051804,0.188926,-0.137123
4307.T,2025-04-24,6,streak_5plus,-0.013106,0.00489,-0.017996,0.005907,0.045418,-0.039512,0.087302,0.081893,0.00541,0.019564,0.188926,-0.169362
4204.T,2025-04-24,6,streak_5plus,-0.00767,0.00489,-0.01256,-0.010295,0.045418,-0.055713,0.008075,0.081893,-0.073817,0.070244,0.188926,-0.118682
6586.T,2025-04-24,6,streak_5plus,0.014756,0.00489,0.009865,0.026892,0.045418,-0.018526,0.044504,0.081893,-0.037389,0.112806,0.188926,-0.076121
6503.T,2025-04-24,4,streak_4,-0.003912,0.00489,-0.008803,0.111829,0.045418,0.066411,0.198434,0.081893,0.116541,0.293842,0.188926,0.104916
7205.T,2025-04-24,2,streak_2,-0.034369,0.00489,-0.039259,-0.042029,0.045418,-0.087447,-0.070393,0.081893,-0.152286,-0.217391,0.188926,-0.406318
6702.T,2025-04-24,4,streak_4,-0.000683,0.00489,-0.005573,0.084664,0.045418,0.039246,0.138725,0.081893,0.056833,0.118665,0.188926,-0.070261
7282.T,2025-04-24,3,streak_3,0.004083,0.00489,-0.000808,0.077703,0.045418,0.032284,0.05653,0.081893,-0.025363,0.235434,0.188926,0.046508
4205.T,2025-04-24,4,streak_4,0.000365,0.00489,-0.004525,0.027733,0.045418,-0.017685,0.041957,0.081893,-0.039935,0.172206,0.188926,-0.01672
4503.T,2025-04-25,2,streak_2,0.015434,0.019024,-0.00359,0.071667,0.05113,0.020537,0.0294,0.076579,-0.047179,0.095187,0.17007,-0.074884
6988.T,2025-04-25,2,streak_2,0.040763,0.019024,0.021739,0.038979,0.05113,-0.01215,0.040763,0.076579,-0.035815,0.249705,0.17007,0.079634
7282.T,2025-04-25,4,streak_4,0.038111,0.019024,0.019087,0.06384,0.05113,0.01271,0.058229,0.076579,-0.018349,0.236987,0.17007,0.066916
6861.T,2025-04-25,6,streak_5plus,0.025422,0.019024,0.006398,0.051012,0.05113,-0.000118,0.02676,0.076579,-0.049818,-0.028098,0.17007,-0.198169
6473.T,2025-04-25,2,streak_2,0.088623,0.019024,0.069598,0.093463,0.05113,0.042334,0.086202,0.076579,0.009624,0.246496,0.17007,0.076425
6504.T,2025-04-25,5,streak_5plus,0.024305,0.019024,0.005281,0.031433,0.05113,-0.019697,0.046338,0.076579,-0.03024,0.22343,0.17007,0.053359
6754.T,2025-04-25,2,streak_2,0.026885,0.019024,0.007861,0.146069,0.05113,0.094939,0.314604,0.076579,0.238026,0.433788,0.17007,0.263718
4568.T,2025-04-25,2,streak_2,0.062425,0.019024,0.043401,0.116404,0.05113,0.065275,0.183653,0.076579,0.107075,0.103739,0.17007,-0.066332
7259.T,2025-04-25,4,streak_4,0.094785,0.019024,0.075761,0.156401,0.05113,0.105271,0.137754,0.076579,0.061176,0.265722,0.17007,0.095652
9001.T,2025-04-28,6,streak_5plus,0.005192,0.00376,0.001432,0.034039,0.030077,0.003963,-0.01846,0.076381,-0.094841,-0.02654,0.13916,-0.1657
6503.T,2025-04-28,5,streak_5plus,-0.010015,0.00376,-0.013774,0.050252,0.030077,0.020175,0.112412,0.076381,0.036031,0.229548,0.13916,0.090388
9020.T,2025-04-28,5,streak_5plus,0.010071,0.00376,0.006311,0.047107,0.030077,0.01703,-0.019493,0.076381,-0.095874,0.023716,0.13916,-0.115444
9506.T,2025-04-28,3,streak_3,0.004456,0.00376,0.000696,0.024263,0.030077,-0.005814,-0.01129,0.076381,-0.087671,0.096539,0.13916,-0.042621
4578.T,2025-04-28,2,streak_2,0.004592,0.00376,0.000832,0.098046,0.030077,0.067969,0.019106,0.076381,-0.057275,0.078876,0.13916,-0.060284
6301.T,2025-04-28,11,streak_5plus,0.022802,0.00376,0.019042,0.040645,0.030077,0.010568,0.100373,0.076381,0.023992,0.244612,0.13916,0.105452
6701.T,2025-04-28,2,streak_2,0.013114,0.00376,0.009354,0.123633,0.030077,0.093556,0.183578,0.076381,0.107197,0.276927,0.13916,0.137767
9503.T,2025-04-28,4,streak_4,0.024434,0.00376,0.020675,-0.021821,0.030077,-0.051898,-0.055576,0.076381,-0.131957,0.068661,0.13916,-0.070499
6586.T,2025-04-28,7,streak_5plus,-0.025563,0.00376,-0.029323,-0.041455,0.030077,-0.071532,0.038462,0.076381,-0.037919,0.073699,0.13916,-0.065461
9508.T,2025-04-28,4,streak_4,-0.001562,0.00376,-0.005321,0.031581,0.030077,0.001504,-0.036258,0.076381,-0.112639,0.054585,0.13916,-0.084575
9504.T,2025-04-28,3,streak_3,0.008213,0.00376,0.004453,-0.116316,0.030077,-0.146393,-0.158813,0.076381,-0.235194,-0.013331,0.13916,-0.152491
4661.T,2025-04-28,4,streak_4,0.029797,0.00376,0.026037,0.067127,0.030077,0.03705,0.03733,0.076381,-0.039051,0.018993,0.13916,-0.120167
4204.T,2025-04-28,7,streak_5plus,0.004892,0.00376,0.001132,0.029147,0.030077,-0.000929,0.020381,0.076381,-0.056,0.06604,0.13916,-0.07312
9022.T,2025-04-28,2,streak_2,0.015119,0.00376,0.011359,0.082474,0.030077,0.052397,0.072509,0.076381,-0.003872,0.17938,0.13916,0.04022
9104.T,2025-04-29,4,streak_4,-0.101099,0.005731,-0.10683,-0.129742,0.030375,-0.160117,-0.027882,0.059294,-0.087176,-0.031676,0.134339,-0.166015
6028.T,2025-04-30,4,streak_4,0.013868,0.005731,0.008137,0.029942,0.030375,-0.000433,0.242989,0.059294,0.183695,0.522981,0.134339,0.388642
8035.T,2025-04-30,8,streak_5plus,0.001179,0.005731,-0.004551,0.054481,0.030375,0.024106,0.084906,0.059294,0.025611,0.286085,0.134339,0.151746
9020.T,2025-04-30,6,streak_5plus,-0.004181,0.005731,-0.009912,0.036992,0.030375,0.006617,-0.025409,0.059294,-0.084704,0.031202,0.134339,-0.103137
6770.T,2025-04-30,3,streak_3,0.012946,0.005731,0.007215,-0.063656,0.030375,-0.094031,-0.030077,0.059294,-0.089371,0.106685,0.134339,-0.027654
9202.T,2025-04-30,3,streak_3,0.001281,0.005731,-0.00445,0.038426,0.030375,0.008051,0.045563,0.059294,-0.013732,0.023056,0.134339,-0.111283
1878.T,2025-04-30,7,streak_5plus,0.013743,0.005731,0.008012,0.027805,0.030375,-0.00257,0.03803,0.059294,-0.021265,-0.010228,0.134339,-0.144567
9104.T,2025-04-30,5,streak_5plus,-0.101099,0.005731,-0.10683,-0.129742,0.030375,-0.160117,-0.027882,0.059294,-0.087176,-0.031676,0.134339,-0.166015
9201.T,2025-04-30,3,streak_3,-0.011109,0.005731,-0.01684,0.057078,0.030375,0.026703,0.119709,0.059294,0.060415,0.121626,0.134339,-0.012713
9503.T,2025-04-30,5,streak_5plus,-0.003121,0.005731,-0.008852,-0.036353,0.030375,-0.066728,-0.067875,0.059294,-0.12717,0.038058,0.134339,-0.096281
9001.T,2025-04-30,7,streak_5plus,-0.004015,0.005731,-0.009746,0.025063,0.030375,-0.005312,-0.02334,0.059294,-0.082634,-0.024103,0.134339,-0.158442
9508.T,2025-04-30,5,streak_5plus,-0.007804,0.005731,-0.013535,0.024604,0.030375,-0.005771,-0.031233,0.059294,-0.090528,0.061307,0.134339,-0.073032
8058.T,2025-04-30,6,streak_5plus,0.000922,0.005731,-0.004809,0.001109,0.030375,-0.029266,0.083227,0.059294,0.023932,0.094668,0.134339,-0.039671
4812.T,2025-04-30,2,streak_2,0.00483,0.005731,-0.000901,0.003221,0.030375,-0.027154,0.096619,0.059294,0.037324,0.034563,0.134339,-0.099776
8803.T,2025-04-30,2,streak_2,-0.007401,0.005731,-0.013132,-0.032773,0.030375,-0.063148,-0.057085,0.059294,-0.116379,-0.044399,0.134339,-0.178738
9022.T,2025-04-30,3,streak_3,-0.007785,0.005731,-0.013516,0.049087,0.030375,0.018712,0.070077,0.059294,0.010782,0.180773,0.134339,0.046434
9201.T,2025-05-01,4,streak_4,0.006976,0.011289,-0.004314,0.072052,0.040448,0.031604,0.133063,0.039542,0.093521,0.165605,0.139392,0.026213
1878.T,2025-05-01,8,streak_5plus,-0.004729,0.011289,-0.016018,0.029002,0.040448,-0.011445,0.037514,0.039542,-0.002028,-0.021437,0.139392,-0.160829
2296.T,2025-05-01,2,streak_2,0.006702,0.011289,-0.004587,0.106144,0.040448,0.065696,0.126256,0.039542,0.086715,0.139664,0.139392,0.000272
8053.T,2025-05-01,2,streak_2,0.02144,0.011289,0.010151,0.042883,0.040448,0.002435,0.048028,0.039542,0.008486,0.103487,0.139392,-0.035905
6724.T,2025-05-01,2,streak_2,0.01533,0.011289,0.004041,-0.00478,0.040448,-0.045228,-0.065614,0.039542,-0.105156,-0.031926,0.139392,-0.171318
8058.T,2025-05-02,7,streak_5plus,-0.017305,0.01038,-0.027685,0.04038,0.032699,0.007681,0.066434,0.027283,0.039151,0.126908,0.11926,0.007648
9021.T,2025-05-02,2,streak_2,0.006852,0.01038,-0.003528,0.024138,0.032699,-0.008561,0.013374,0.027283,-0.013908,0.10894,0.11926,-0.01032
8113.T,2025-05-05,2,streak_2,-0.03388,-0.001386,-0.032495,-0.109083,0.036724,-0.145807,-0.138863,0.024891,-0.163754,-0.208012,0.093944,-0.301956
6806.T,2025-05-05,7,streak_5plus,-0.010022,-0.001386,-0.008636,0.06529,0.036724,0.028566,0.01488,0.024891,-0.010011,0.156392,0.093944,0.062448
9107.T,2025-05-05,6,streak_5plus,-0.001539,-0.001386,-0.000154,0.085169,0.036724,0.048445,0.116981,0.024891,0.092089,0.083372,0.093944,-0.010572
4912.T,2025-05-06,2,streak_2,-0.004912,-0.001386,-0.003526,-0.08432,0.036724,-0.121044,-0.112619,0.024891,-0.13751,-0.126701,0.093944,-0.220645
9101.T,2025-05-06,5,streak_5plus,0.003646,-0.001386,0.005031,0.101458,0.036724,0.064734,0.111111,0.024891,0.086219,0.12205,0.093944,0.028106
2432.T,2025-05-06,3,streak_3,-0.015847,-0.001386,-0.014461,-0.195219,0.036724,-0.231943,-0.265027,0.024891,-0.289919,-0.345219,0.093944,-0.439162
7013.T,2025-05-06,2,streak_2,0.008459,-0.001386,0.009844,0.11893,0.036724,0.082206,0.418261,0.024891,0.39337,0.509573,0.093944,0.41563
4689.T,2025-05-06,4,streak_4,0.022855,-0.001386,0.024241,-0.002248,0.036724,-0.038972,-0.02323,0.024891,-0.048121,0.036156,0.093944,-0.057788
7203.T,2025-05-06,2,streak_2,-0.026619,-0.001386,-0.025234,0.02518,0.036724,-0.011544,-0.019964,0.024891,-0.044856,-0.03777,0.093944,-0.131714
9107.T,2025-05-07,7,streak_5plus,-0.001539,-0.001386,-0.000154,0.085169,0.036724,0.048445,0.116981,0.024891,0.092089,0.083372,0.093944,-0.010572
4516.T,2025-05-07,3,streak_3,-0.067202,-0.001386,-0.065817,-0.078716,0.036724,-0.11544,-0.053815,0.024891,-0.078707,-0.118072,0.093944,-0.212016
9101.T,2025-05-07,6,streak_5plus,0.003646,-0.001386,0.005031,0.101458,0.036724,0.064734,0.111111,0.024891,0.086219,0.12205,0.093944,0.028106
4547.T,2025-05-07,2,streak_2,0.003953,-0.001386,0.005339,0.038207,0.036724,0.001483,0.115942,0.024891,0.091051,0.171277,0.093944,0.077333
3110.T,2025-05-07,3,streak_3,-0.007281,-0.001386,-0.005896,0.067961,0.036724,0.031237,0.257281,0.024891,0.23239,0.334952,0.093944,0.241008
4385.T,2025-05-07,4,streak_4,0.02053,-0.001386,0.021915,0.033775,0.036724,-0.002949,0.090508,0.024891,0.065617,0.031347,0.093944,-0.062597
3407.T,2025-05-07,3,streak_3,-0.007423,-0.001386,-0.006038,0.012882,0.036724,-0.023842,-0.006436,0.024891,-0.031327,0.068349,0.093944,-0.025594
4452.T,2025-05-07,3,streak_3,0.000828,-0.001386,0.002214,0.061454,0.036724,0.02473,0.121584,0.024891,0.096693,0.149687,0.093944,0.055744
5947.T,2025-05-07,10,streak_5plus,0.003376,-0.001386,0.004762,0.103714,0.036724,0.06699,0.102793,0.024891,0.077902,0.151581,0.093944,0.057637
6752.T,2025-05-07,5,streak_5plus,-0.002964,-0.001386,-0.001578,0.002964,0.036724,-0.03376,-0.023711,0.024891,-0.048602,-0.13782,0.093944,-0.231764
9513.T,2025-05-07,7,streak_5plus,-0.003562,-0.001386,-0.002176,-0.026519,0.036724,-0.063243,-0.061946,0.024891,-0.086837,0.032655,0.093944,-0.061289
2810.T,2025-05-07,3,streak_3,-0.001253,-0.001386,0.000132,0.010931,0.036724,-0.025793,-0.000715,0.024891,-0.025606,0.008243,0.093944,-0.085701
2810.T,2025-05-08,4,streak_4,0.036772,0.00405,0.032721,-0.003946,0.036663,-0.040609,0.003946,0.021067,-0.017121,0.014171,0.102499,-0.088329
3563.T,2025-05-08,3,streak_3,-0.004552,0.00405,-0.008603,0.063547,0.036663,0.026884,0.170793,0.021067,0.149726,0.431719,0.102499,0.32922
7974.T,2025-05-08,2,streak_2,-0.026721,0.00405,-0.030771,-0.052632,0.036663,-0.089295,-0.040485,0.021067,-0.061552,0.086235,0.102499,-0.016264
3626.T,2025-05-08,3,streak_3,0.008325,0.00405,0.004275,0.080399,0.036663,0.043735,0.084442,0.021067,0.063376,0.183396,0.102499,0.080897
2782.T,2025-05-08,3,streak_3,0.01523,0.00405,0.01118,-0.050885,0.036663,-0.087548,-0.084807,0.021067,-0.105873,0.005538,0.102499,-0.096961
5947.T,2025-05-08,11,streak_5plus,0.003669,0.00405,-0.000382,0.092049,0.036663,0.055386,0.101222,0.021067,0.080156,0.15994,0.102499,0.057441
8802.T,2025-05-08,2,streak_2,0.001757,0.00405,-0.002293,-0.004685,0.036663,-0.041348,0.033377,0.021067,0.01231,0.127073,0.102499,0.024574
6367.T,2025-05-08,2,streak_2,0.000591,0.00405,-0.003459,-0.035207,0.036663,-0.071871,-0.031065,0.021067,-0.052132,0.095858,0.102499,-0.006641
1721.T,2025-05-08,3,streak_3,0.008962,0.00405,0.004911,0.015449,0.036663,-0.021215,0.00309,0.021067,-0.017977,0.093943,0.102499,-0.008556
4516.T,2025-05-08,4,streak_4,-0.020091,0.00405,-0.024142,-0.038174,0.036663,-0.074838,0.00574,0.021067,-0.015327,-0.053675,0.102499,-0.156174
1951.T,2025-05-08,2,streak_2,0.004406,0.00405,0.000356,0.072248,0.036663,0.035584,0.070781,0.021067,0.049714,0.195594,0.102499,0.093095
7013.T,2025-05-08,3,streak_3,0.082599,0.00405,0.078549,0.143996,0.036663,0.107333,0.342317,0.021067,0.32125,0.532691,0.102499,0.430192
3289.T,2025-05-08,3,streak_3,0.006865,0.00405,0.002815,0.040175,0.036663,0.003511,0.019599,0.021067,-0.001468,0.092117,0.102499,-0.010383
7211.T,2025-05-08,2,streak_2,-0.000263,0.00405,-0.004313,0.122752,0.036663,0.086088,0.070316,0.021067,0.04925,0.028016,0.102499,-0.074483
4901.T,2025-05-08,2,streak_2,0.038537,0.00405,0.034487,0.098155,0.036663,0.061491,0.031292,0.021067,0.010225,0.028658,0.102499,-0.073841
7203.T,2025-05-08,3,streak_3,-0.012747,0.00405,-0.016797,0.016079,0.036663,-0.020585,-0.02051,0.021067,-0.041577,-0.009977,0.102499,-0.112477
7004.T,2025-05-08,3,streak_3,0.007625,0.00405,0.003575,0.010893,0.036663,-0.02577,0.029412,0.021067,0.008345,0.159041,0.102499,0.056542
2875.T,2025-05-08,17,streak_5plus,0.008703,0.00405,0.004653,0.035031,0.036663,-0.001632,-0.019127,0.021067,-0.040194,0.03761,0.102499,-0.064889
3407.T,2025-05-08,4,streak_4,-0.004597,0.00405,-0.008647,-0.01308,0.036663,-0.049744,-0.013973,0.021067,-0.03504,0.088821,0.102499,-0.013678
3088.T,2025-05-08,4,streak_4,0.005616,0.00405,0.001565,0.087967,0.036663,0.051303,0.070558,0.021067,0.049491,0.205316,0.102499,0.102817
9008.T,2025-05-08,3,streak_3,0.00228,0.00405,-0.00177,-0.10162,0.036663,-0.138284,-0.130766,0.021067,-0.151833,-0.083628,0.102499,-0.186127
9532.T,2025-05-08,2,streak_2,0.001657,0.00405,-0.002394,0.008005,0.036663,-0.028659,0.000553,0.021067,-0.020514,0.094123,0.102499,-0.008376
9706.T,2025-05-08,2,streak_2,0.007641,0.00405,0.003591,0.102911,0.036663,0.066248,0.054918,0.021067,0.033851,0.124402,0.102499,0.021903
6098.T,2025-05-09,4,streak_4,0.011153,0.015562,-0.004409,0.028645,0.022391,0.006254,-0.045902,0.022015,-0.067917,-0.021601,0.104695,-0.126296
7729.T,2025-05-09,4,streak_4,0.029221,0.015562,0.013658,0.054593,0.022391,0.032202,-0.03812,0.022015,-0.060134,0.010943,0.104695,-0.093751
6752.T,2025-05-09,6,streak_5plus,0.021184,0.015562,0.005622,-0.060902,0.022391,-0.083293,-0.077673,0.022015,-0.099688,-0.110619,0.104695,-0.215314
8113.T,2025-05-09,3,streak_3,-0.002318,0.015562,-0.01788,-0.112571,0.022391,-0.134962,-0.121047,0.022015,-0.143062,-0.196647,0.104695,-0.301341
2201.T,2025-05-09,2,streak_2,-0.002351,0.015562,-0.017913,-0.041377,0.022391,-0.063769,-0.078248,0.022015,-0.100263,-0.039027,0.104695,-0.143722
3110.T,2025-05-09,4,streak_4,0.039567,0.015562,0.024004,0.046761,0.022391,0.024369,0.177457,0.022015,0.155442,0.290167,0.104695,0.185472
1951.T,2025-05-09,3,streak_3,0.006429,0.015562,-0.009133,0.072803,0.022391,0.050412,0.07719,0.022015,0.055175,0.230407,0.104695,0.125712
1414.T,2025-05-09,2,streak_2,0.002085,0.015562,-0.013478,-0.076164,0.022391,-0.098555,-0.076543,0.022015,-0.098558,-0.042725,0.104695,-0.147419
9706.T,2025-05-09,3,streak_3,-0.00166,0.015562,-0.017223,0.078435,0.022391,0.056043,0.050947,0.022015,0.028932,0.117534,0.104695,0.012839
6806.T,2025-05-09,8,streak_5plus,0.01408,0.015562,-0.001482,0.026018,0.022391,0.003626,0.019896,0.022015,-0.002119,0.160086,0.104695,0.055391
5831.T,2025-05-09,7,streak_5plus,0.025265,0.015562,0.009703,0.0374,0.022391,0.015009,0.111879,0.022015,0.089864,0.176835,0.104695,0.07214
8801.T,2025-05-09,2,streak_2,-0.015883,0.015562,-0.031445,-0.055067,0.022391,-0.077458,-0.076689,0.022015,-0.098704,0.008443,0.104695,-0.096252
9513.T,2025-05-09,8,streak_5plus,0.000593,0.015562,-0.014969,-0.026155,0.022391,-0.048546,-0.062415,0.022015,-0.08443,0.073907,0.104695,-0.030788
2432.T,2025-05-09,4,streak_4,0.00304,0.015562,-0.012523,-0.181404,0.022391,-0.203795,-0.273833,0.022015,-0.295847,-0.333794,0.104695,-0.438489
2782.T,2025-05-09,4,streak_4,-0.069553,0.015562,-0.085116,-0.05762,0.022391,-0.080012,-0.094785,0.022015,-0.1168,0.043298,0.104695,-0.061397
2229.T,2025-05-11,3,streak_3,-0.002925,0.003758,-0.006683,0.018069,0.006676,0.011393,-0.053347,0.015605,-0.068952,-0.066426,0.094813,-0.161239
6460.T,2025-05-11,2,streak_2,0.067317,0.003758,0.063559,0.006411,0.006676,-0.000265,0.004387,0.015605,-0.011218,0.062256,0.094813,-0.032557
2502.T,2025-05-11,3,streak_3,0.000991,0.003758,-0.002767,-0.041192,0.006676,-0.047868,-0.065757,0.015605,-0.081362,-0.03435,0.094813,-0.129163
1801.T,2025-05-12,5,streak_5plus,0.006191,0.003758,0.002434,-0.005054,0.006676,-0.01173,0.017057,0.015605,0.001452,0.214404,0.094813,0.119591
5706.T,2025-05-12,7,streak_5plus,0.017455,0.003758,0.013697,0.149507,0.006676,0.14283,0.2851,0.015605,0.269495,0.731849,0.094813,0.637036
9005.T,2025-05-12,9,streak_5plus,-0.001675,0.003758,-0.005433,-0.028465,0.006676,-0.035141,-0.024557,0.015605,-0.040162,-0.010603,0.094813,-0.105417
5929.T,2025-05-12,7,streak_5plus,0.018722,0.003758,0.014964,0.074073,0.006676,0.067396,0.017489,0.015605,0.001884,-0.033953,0.094813,-0.128766
8308.T,2025-05-12,6,streak_5plus,0.021535,0.003758,0.017777,0.048329,0.006676,0.041653,0.142363,0.015605,0.126758,0.24429,0.094813,0.149477
4021.T,2025-05-12,2,streak_2,0.001398,0.003758,-0.00236,-0.029138,0.006676,-0.035815,-0.02401,0.015605,-0.039615,0.195337,0.094813,0.100524
4186.T,2025-05-12,5,streak_5plus,0.082804,0.003758,0.079046,0.048351,0.006676,0.041675,0.137202,0.015605,0.121597,0.32673,0.094813,0.231916
5741.T,2025-05-12,2,streak_2,0.028864,0.003758,0.025106,0.016496,0.006676,0.00982,0.015464,0.015605,-0.000141,0.144329,0.094813,0.049516
9007.T,2025-05-12,3,streak_3,-0.00973,0.003758,-0.013488,0.012247,0.006676,0.00557,0.039875,0.015605,0.02427,0.076928,0.094813,-0.017885
6269.T,2025-05-12,8,streak_5plus,0.025793,0.003758,0.022035,0.146544,0.006676,0.139867,0.289568,0.015605,0.273963,0.580501,0.094813,0.485688
7762.T,2025-05-12,3,streak_3,0.014316,0.003758,0.010558,0.034604,0.006676,0.027928,-0.002394,0.015605,-0.017999,0.100235,0.094813,0.005421
3923.T,2025-05-12,3,streak_3,-0.0116,0.003758,-0.015358,-0.043394,0.006676,-0.050071,-0.035446,0.015605,-0.051051,0.0116,0.094813,-0.083213
7004.T,2025-05-12,4,streak_4,0.010638,0.003758,0.006881,-0.021277,0.006676,-0.027953,-0.02234,0.015605,-0.037945,0.076596,0.094813,-0.018218
8802.T,2025-05-12,3,streak_3,-0.013821,0.003758,-0.017579,-0.014989,0.006676,-0.021665,0.050615,0.015605,0.03501,0.167997,0.094813,0.073183
5105.T,2025-05-12,2,streak_2,0.017921,0.003758,0.014163,0.038243,0.006676,0.031567,0.108815,0.015605,0.09321,0.242103,0.094813,0.147289
7956.T,2025-05-12,2,streak_2,-0.005844,0.003758,-0.009602,0.065207,0.006676,0.05853,0.047662,0.015605,0.032057,0.015567,0.094813,-0.079247
5020.T,2025-05-12,3,streak_3,-0.011934,0.003758,-0.015691,-0.043372,0.006676,-0.050048,-0.012775,0.015605,-0.02838,0.142191,0.094813,0.047378
1802.T,2025-05-12,9,streak_5plus,0.006977,0.003758,0.003219,-0.062158,0.006676,-0.068835,-0.04624,0.015605,-0.061845,0.056268,0.094813,-0.038545
2502.T,2025-05-12,4,streak_4,0.000991,0.003758,-0.002767,-0.041192,0.006676,-0.047868,-0.065757,0.015605,-0.081362,-0.03435,0.094813,-0.129163
9065.T,2025-05-12,4,streak_4,0.001845,0.003758,-0.001913,0.040259,0.006676,0.033582,0.104181,0.015605,0.088576,0.34035,0.094813,0.245537
5838.T,2025-05-12,9,streak_5plus,0.001252,0.003758,-0.002506,0.089397,0.006676,0.082721,0.388164,0.015605,0.372559,0.287323,0.094813,0.19251
1812.T,2025-05-12,2,streak_2,0.005303,0.003758,0.001545,-0.005582,0.006676,-0.012259,0.025956,0.015605,0.010351,0.152108,0.094813,0.057294
7459.T,2025-05-12,3,streak_3,0.000606,0.003758,-0.003152,-0.074575,0.006676,-0.081252,-0.062857,0.015605,-0.078462,0.045066,0.094813,-0.049747
4114.T,2025-05-12,5,streak_5plus,0.002642,0.003758,-0.001116,-0.029654,0.006676,-0.03633,-0.041694,0.015605,-0.057299,0.019671,0.094813,-0.075143
3659.T,2025-05-12,5,streak_5plus,-0.010858,0.003758,-0.014615,0.124864,0.006676,0.118188,0.131378,0.015605,0.115773,0.293564,0.094813,0.198751
6925.T,2025-05-12,3,streak_3,0.024817,0.003758,0.021059,-0.038917,0.006676,-0.045594,-0.025381,0.015605,-0.040986,0.187253,0.094813,0.09244
9987.T,2025-05-12,4,streak_4,-0.008155,0.003758,-0.011912,-0.030533,0.006676,-0.03721,0.02124,0.015605,0.005635,0.11701,0.094813,0.022197
6758.T,2025-05-12,7,streak_5plus,0.002513,0.003758,-0.001244,0.005584,0.006676,-0.001093,0.069774,0.015605,0.054169,0.077311,0.094813,-0.017502
8252.T,2025-05-12,5,streak_5plus,0.003634,0.003758,-0.000123,0.042063,0.006676,0.035386,0.053835,0.015605,0.03823,0.098494,0.094813,0.00368
9008.T,2025-05-12,4,streak_4,-0.002275,0.003758,-0.006033,-0.097826,0.006676,-0.104502,-0.120324,0.015605,-0.135929,-0.074822,0.094813,-0.169636
7988.T,2025-05-12,2,streak_2,-0.005926,0.003758,-0.009684,-0.035,0.006676,-0.041676,-0.0604,0.015605,-0.076005,0.095118,0.094813,0.000304
6588.T,2025-05-12,2,streak_2,0.01056,0.003758,0.006802,0.090281,0.006676,0.083605,0.053878,0.015605,0.038273,-0.01019,0.094813,-0.105003
4506.T,2025-05-12,3,streak_3,-0.051867,0.003758,-0.055625,-0.135892,0.006676,-0.142569,-0.137967,0.015605,-0.153572,0.390041,0.094813,0.295228
5801.T,2025-05-12,6,streak_5plus,0.023933,0.003758,0.020176,0.122373,0.006676,0.115696,0.470968,0.015605,0.455363,0.886785,0.094813,0.791971
9006.T,2025-05-12,2,streak_2,0.0,0.003758,-0.003758,-0.019768,0.006676,-0.026445,-0.010045,0.015605,-0.02565,0.034347,0.094813,-0.060466
4527.T,2025-05-12,2,streak_2,-0.012404,0.003758,-0.016162,-0.135015,0.006676,-0.141692,-0.18117,0.015605,-0.196775,0.004068,0.094813,-0.090746
7269.T,2025-05-12,5,streak_5plus,0.003344,0.003758,-0.000414,-0.013658,0.006676,-0.020334,-0.051563,0.015605,-0.067168,-0.015887,0.094813,-0.110701
6856.T,2025-05-12,2,streak_2,0.020349,0.003758,0.016591,-0.015504,0.006676,-0.02218,0.003392,0.015605,-0.012213,0.092694,0.094813,-0.002119
7186.T,2025-05-12,9,streak_5plus,0.011371,0.003758,0.007614,0.001753,0.006676,-0.004924,0.023286,0.015605,0.007681,0.158855,0.094813,0.064041
1605.T,2025-05-13,3,streak_3,0.016115,0.014318,0.001797,0.01289,-0.003869,0.016759,0.081654,0.015069,0.066586,0.225281,0.110939,0.114342
5706.T,2025-05-13,8,streak_5plus,0.004974,0.014318,-0.009345,0.102935,-0.003869,0.106803,0.226504,0.015069,0.211435,0.664096,0.110939,0.553157
6952.T,2025-05-13,2,streak_2,0.011718,0.014318,-0.0026,-0.04734,-0.003869,-0.043471,-0.030663,0.015069,-0.045732,0.071235,0.110939,-0.039704
1812.T,2025-05-13,3,streak_3,-0.031926,0.014318,-0.046244,-0.008885,-0.003869,-0.005016,0.020266,0.015069,0.005198,0.152694,0.110939,0.041755
8308.T,2025-05-13,7,streak_5plus,0.025804,0.014318,0.011486,0.026664,-0.003869,0.030532,0.101932,0.015069,0.086863,0.217634,0.110939,0.106695
1801.T,2025-05-13,6,streak_5plus,-0.031266,0.014318,-0.045584,-0.000627,-0.003869,0.003241,0.012934,0.015069,-0.002135,0.205801,0.110939,0.094862
6758.T,2025-05-13,8,streak_5plus,0.017259,0.014318,0.002941,0.005011,-0.003869,0.00888,0.057907,0.015069,0.042838,0.112192,0.110939,0.001253
7762.T,2025-05-13,4,streak_4,0.005877,0.014318,-0.008442,0.016474,-0.003869,0.020343,-0.004709,0.015069,-0.019777,0.097652,0.110939,-0.013287
6407.T,2025-05-13,4,streak_4,0.018059,0.014318,0.003741,-0.005416,-0.003869,-0.001547,0.060499,0.015069,0.04543,0.162527,0.110939,0.051588
9007.T,2025-05-13,4,streak_4,-0.02061,0.014318,-0.034928,0.01173,-0.003869,0.015599,0.038047,0.015069,0.022979,0.096698,0.110939,-0.014241
5741.T,2025-05-13,3,streak_3,-0.025045,0.014318,-0.039363,-0.018031,-0.003869,-0.014163,-0.035068,0.015069,-0.050137,0.132263,0.110939,0.021324
6508.T,2025-05-13,8,streak_5plus,0.0,0.014318,-0.014318,-0.04023,-0.003869,-0.036361,0.136783,0.015069,0.121714,0.386208,0.110939,0.275269
9984.T,2025-05-13,2,streak_2,0.012388,0.014318,-0.00193,0.00959,-0.003869,0.013459,0.05355,0.015069,0.038481,0.846942,0.110939,0.736003
6055.T,2025-05-13,2,streak_2,0.045525,0.014318,0.031206,0.102623,-0.003869,0.106492,0.116512,0.015069,0.101444,0.111111,0.110939,0.000172
3923.T,2025-05-13,4,streak_4,0.001304,0.014318,-0.013014,-0.038253,-0.003869,-0.034384,-0.01065,0.015069,-0.025719,0.02369,0.110939,-0.087249
4612.T,2025-05-13,2,streak_2,0.012332,0.014318,-0.001986,-0.025575,-0.003869,-0.021706,0.045659,0.015069,0.030591,0.214824,0.110939,0.103885
5021.T,2025-05-13,2,streak_2,0.003746,0.014318,-0.010572,-0.014499,-0.003869,-0.01063,0.012706,0.015069,-0.002363,0.133409,0.110939,0.02247
6544.T,2025-05-13,2,streak_2,0.00463,0.014318,-0.009689,0.117284,-0.003869,0.121153,0.191358,0.015069,0.176289,0.253086,0.110939,0.142147
7459.T,2025-05-13,4,streak_4,0.00121,0.014318,-0.013108,-0.070895,-0.003869,-0.067026,-0.065444,0.015069,-0.080513,0.043828,0.110939,-0.067111
4114.T,2025-05-13,6,streak_5plus,-0.028409,0.014318,-0.042727,-0.031333,-0.003869,-0.027464,-0.044803,0.015069,-0.059872,0.031038,0.110939,-0.079901
4478.T,2025-05-13,5,streak_5plus,0.01599,0.014318,0.001672,-0.062731,-0.003869,-0.058862,-0.066421,0.015069,-0.081489,-0.02706,0.110939,-0.137999
6925.T,2025-05-13,4,streak_4,0.009631,0.014318,-0.004687,-0.071547,-0.003869,-0.067678,-0.045405,0.015069,-0.060473,0.159879,0.110939,0.04894
6674.T,2025-05-13,3,streak_3,0.033027,0.014318,0.018709,0.028533,-0.003869,0.032401,-0.015051,0.015069,-0.03012,0.18976,0.110939,0.078821
9708.T,2025-05-13,2,streak_2,0.0,0.014318,-0.014318,0.041023,-0.003869,0.044891,0.080935,0.015069,0.065866,0.10865,0.110939,-0.002289
8252.T,2025-05-13,6,streak_5plus,-0.02518,0.014318,-0.039498,0.02846,-0.003869,0.032329,0.041738,0.015069,0.026669,0.115557,0.110939,0.004618
3659.T,2025-05-13,6,streak_5plus,-0.005049,0.014318,-0.019367,0.116573,-0.003869,0.120442,0.160043,0.015069,0.144975,0.327625,0.110939,0.216686
1925.T,2025-05-13,5,streak_5plus,-0.031931,0.014318,-0.04625,-0.039197,-0.003869,-0.035328,-0.067685,0.015069,-0.082754,0.009942,0.110939,-0.100997
5384.T,2025-05-13,8,streak_5plus,0.01594,0.014318,0.001622,-0.048327,-0.003869,-0.044458,-0.047302,0.015069,-0.062371,0.07558,0.110939,-0.035359
9989.T,2025-05-13,3,streak_3,-0.013769,0.014318,-0.028087,-0.066379,-0.003869,-0.06251,-0.098027,0.015069,-0.113096,-0.014386,0.110939,-0.125325
4536.T,2025-05-13,4,streak_4,0.003873,0.014318,-0.010445,0.093758,-0.003869,0.097626,0.170953,0.015069,0.155885,0.04547,0.110939,-0.065469
5801.T,2025-05-13,7,streak_5plus,0.138415,0.014318,0.124096,0.080285,-0.003869,0.084153,0.422764,0.015069,0.407696,0.658333,0.110939,0.547394
4527.T,2025-05-13,3,streak_3,0.005356,0.014318,-0.008962,-0.143915,-0.003869,-0.140046,-0.152767,0.015069,-0.167835,0.029446,0.110939,-0.081493
2222.T,2025-05-13,3,streak_3,-0.026068,0.014318,-0.040386,0.046878,-0.003869,0.050747,-0.033954,0.015069,-0.049023,-0.15115,0.110939,-0.262089
5929.T,2025-05-13,8,streak_5plus,-0.026256,0.014318,-0.040574,0.073117,-0.003869,0.076986,0.010908,0.015069,-0.004161,-0.044636,0.110939,-0.155575
5991.T,2025-05-14,2,streak_2,0.000308,-0.001444,0.001752,-0.044581,-0.017122,-0.027459,-0.023048,0.006231,-0.02928,0.103129,0.118767,-0.015638
9005.T,2025-05-14,10,streak_5plus,-0.0088,-0.001444,-0.007356,-0.021854,-0.017122,-0.004732,-0.005678,0.006231,-0.011909,0.056755,0.118767,-0.062012
6273.T,2025-05-14,2,streak_2,0.054397,-0.001444,0.055841,0.097677,-0.017122,0.114799,0.075045,0.006231,0.068813,-0.009927,0.118767,-0.128694
3769.T,2025-05-14,5,streak_5plus,-0.01773,-0.001444,-0.016287,-0.090595,-0.017122,-0.073473,0.024108,0.006231,0.017877,-0.110919,0.118767,-0.229686
4612.T,2025-05-14,3,streak_3,-0.019404,-0.001444,-0.01796,-0.040152,-0.017122,-0.02303,0.029315,0.006231,0.023084,0.074663,0.118767,-0.044104
8871.T,2025-05-14,4,streak_4,-0.006043,-0.001444,-0.004599,0.030211,-0.017122,0.047333,0.027191,0.006231,0.02096,0.060422,0.118767,-0.058345
7752.T,2025-05-14,2,streak_2,-0.011533,-0.001444,-0.010089,-0.076476,-0.017122,-0.059354,-0.191198,0.006231,-0.19743,-0.169648,0.118767,-0.288415
4544.T,2025-05-15,2,streak_2,0.049195,-0.009773,0.058967,0.056722,-0.021746,0.078469,0.095941,0.001179,0.094761,0.210786,0.13498,0.075806
5844.T,2025-05-15,2,streak_2,-0.025046,-0.009773,-0.015273,-0.032088,-0.021746,-0.010341,-0.050871,0.001179,-0.052051,0.104089,0.13498,-0.030892
4324.T,2025-05-15,2,streak_2,0.019067,-0.009773,0.028839,0.004129,-0.021746,0.025875,-0.004451,0.001179,-0.00563,0.043802,0.13498,-0.091178
7181.T,2025-05-15,2,streak_2,-0.011901,-0.009773,-0.002129,0.053121,-0.021746,0.074867,0.137979,0.001179,0.136799,0.3891,0.13498,0.25412
4478.T,2025-05-15,6,streak_5plus,0.001206,-0.009773,0.010979,-0.107358,-0.021746,-0.085612,-0.101327,0.001179,-0.102506,-0.022919,0.13498,-0.157899
4021.T,2025-05-15,3,streak_3,-0.020974,-0.009773,-0.011201,-0.002096,-0.021746,0.01965,-0.012817,0.001179,-0.013996,0.25006,0.13498,0.115079
7182.T,2025-05-15,2,streak_2,-0.015359,-0.009773,-0.005587,-0.022549,-0.021746,-0.000803,-0.007843,0.001179,-0.009022,0.164379,0.13498,0.029399
5108.T,2025-05-15,2,streak_2,-0.001484,-0.009773,0.008289,0.004454,-0.021746,0.026201,-0.007421,0.001179,-0.008601,0.112883,0.13498,-0.022097
6113.T,2025-05-15,2,streak_2,-0.013111,-0.009773,-0.003338,-0.051472,-0.021746,-0.029725,-0.026556,0.001179,-0.027735,0.173115,0.13498,0.038134
9989.T,2025-05-15,4,streak_4,-0.051437,-0.009773,-0.041664,-0.059975,-0.021746,-0.038228,-0.085172,0.001179,-0.086351,-0.023323,0.13498,-0.158303
4194.T,2025-06-11,9,streak_5plus,0.006694,0.005487,0.001207,0.123407,0.008511,0.114896,0.18117,0.042128,0.139042,0.245951,0.137335,0.108616
5032.T,2025-06-11,2,streak_2,0.002447,0.005487,-0.00304,0.233782,0.008511,0.22527,0.193388,0.042128,0.15126,0.205628,0.137335,0.068293
3309.T,2025-06-13,7,streak_5plus,0.011583,-0.008876,0.020459,-0.030888,0.008258,-0.039147,-0.030888,0.036586,-0.067474,0.029601,0.162403,-0.132802
8956.T,2025-06-16,7,streak_5plus,-0.000758,0.01261,-0.013368,-0.019712,0.015039,-0.034751,-0.02047,0.04296,-0.06343,0.04094,0.18327,-0.14233
8975.T,2025-06-16,6,streak_5plus,0.007778,0.01261,-0.004832,0.032222,0.015039,0.017183,0.04,0.04296,-0.00296,0.093333,0.18327,-0.089936
3287.T,2025-06-16,11,streak_5plus,-0.006557,0.01261,-0.019167,0.020492,0.015039,0.005453,0.02582,0.04296,-0.017141,0.130738,0.18327,-0.052532
8972.T,2025-06-17,3,streak_3,0.007673,0.005884,0.001789,0.005754,0.001116,0.004638,-0.002558,0.035673,-0.038231,0.098465,0.172036,-0.073571
4716.T,2025-06-23,3,streak_3,-0.013025,-0.00128,-0.011745,0.03068,0.045506,-0.014825,-0.054703,0.035718,-0.090421,-0.05123,0.184631,-0.235861
3086.T,2025-06-26,9,streak_5plus,0.009269,0.016499,-0.00723,0.018793,0.021067,-0.002274,0.062048,0.064562,-0.002513,0.312451,0.164678,0.147772
4716.T,2025-06-27,4,streak_4,0.020052,0.014304,0.005748,-0.013463,0.005086,-0.018549,-0.081639,0.035713,-0.117352,-0.133773,0.137912,-0.271684
8227.T,2025-06-30,2,streak_2,0.008973,0.008383,0.00059,0.05334,-0.008466,0.061805,0.084746,0.013045,0.071701,-0.004988,0.119097,-0.124085
3186.T,2025-06-30,3,streak_3,0.010413,0.008383,0.002029,-0.00058,-0.008466,0.007885,0.099537,0.013045,0.086493,0.366894,0.119097,0.247797
2670.T,2025-07-01,14,streak_5plus,0.001688,-0.012376,0.014064,0.015529,-0.022222,0.037751,-0.042877,0.004132,-0.047009,-0.002645,0.100364,-0.103008
8923.T,2025-07-03,3,streak_3,0.00786,0.000589,0.007271,0.080154,0.001479,0.078675,0.168168,0.026083,0.142086,0.306479,0.151073,0.155407
8923.T,2025-07-07,4,streak_4,0.005404,-0.005607,0.01101,0.069086,-0.006059,0.075145,0.143961,0.018554,0.125407,0.2775,0.204467,0.073033
3382.T,2025-07-09,3,streak_3,0.0,0.003338,-0.003338,-0.000681,-0.000272,-0.00041,-0.067955,0.034527,-0.102482,-0.088343,0.224034,-0.312377
7581.T,2025-07-09,5,streak_5plus,0.004036,0.003338,0.000698,-0.0222,-0.000272,-0.021928,0.081736,0.034527,0.047209,-0.042268,0.224034,-0.266302
2670.T,2025-07-09,15,streak_5plus,0.006278,0.003338,0.00294,-0.035693,-0.000272,-0.035421,-0.020161,0.034527,-0.054688,-0.113706,0.224034,-0.33774
9983.T,2025-07-09,10,streak_5plus,-0.007576,0.003338,-0.010914,-0.054714,-0.000272,-0.054442,-0.049874,0.034527,-0.084401,0.021383,0.224034,-0.202651
3382.T,2025-07-10,4,streak_4,-0.016138,-0.004393,-0.011746,0.004544,-0.003965,0.008509,-0.070455,0.050204,-0.12066,-0.120113,0.207616,-0.327729
7453.T,2025-07-10,6,streak_5plus,-0.011502,-0.004393,-0.00711,-0.054713,-0.003965,-0.050748,0.012487,0.050204,-0.037717,-0.215174,0.207616,-0.42279
7649.T,2025-07-10,2,streak_2,-0.007074,-0.004393,-0.002682,0.083112,-0.003965,0.087077,0.15591,0.050204,0.105706,-0.011172,0.207616,-0.218788
3048.T,2025-07-10,7,streak_5plus,-0.001735,-0.004393,0.002658,-0.06649,-0.003965,-0.062526,-0.051169,0.050204,-0.101373,-0.073037,0.207616,-0.280653
3391.T,2025-07-10,3,streak_3,-0.013503,-0.004393,-0.00911,0.019161,-0.003965,0.023126,0.002613,0.050204,-0.047591,0.073534,0.207616,-0.134081
7453.T,2025-07-11,7,streak_5plus,-0.009512,-0.001934,-0.007577,-0.059185,0.006428,-0.065613,0.045841,0.07748,-0.03164,-0.099535,0.18163,-0.281165
3994.T,2025-07-15,2,streak_2,0.002183,0.005535,-0.003352,0.025005,0.00799,0.017015,0.29232,0.080833,0.211487,0.042667,0.223472,-0.180805
6532.T,2025-07-15,2,streak_2,-0.007377,0.005535,-0.012912,0.018318,0.00799,0.010327,0.052126,0.080833,-0.028707,-0.05419,0.223472,-0.277662
8966.T,2025-07-16,9,streak_5plus,-0.004307,-0.000368,-0.003939,0.001436,0.037635,-0.0362,0.061737,0.093258,-0.031521,0.098349,0.199207,-0.100858
3283.T,2025-07-17,10,streak_5plus,0.003741,0.005995,-0.002254,-0.002494,0.054532,-0.057026,0.046135,0.102132,-0.055998,0.092269,0.240073,-0.147803
8976.T,2025-07-18,2,streak_2,0.004525,-0.002057,0.006582,0.034691,0.038972,-0.004281,0.082956,0.091353,-0.008397,0.110106,0.235955,-0.125849
7211.T,2025-07-21,3,streak_3,-0.013691,-0.00111,-0.012581,0.054225,0.029613,0.024612,0.025331,0.077085,-0.051754,0.030407,0.238295,-0.207887
8060.T,2025-07-22,3,streak_3,-0.015882,-0.00111,-0.014772,0.050708,0.029613,0.021095,0.092614,0.077085,0.015529,0.176426,0.238295,-0.061869
4684.T,2025-07-22,2,streak_2,-0.006843,-0.00111,-0.005733,-0.034576,0.029613,-0.064189,-0.016566,0.077085,-0.093651,-0.090988,0.238295,-0.329283
4684.T,2025-07-23,3,streak_3,-0.022665,0.035108,-0.057772,-0.01668,0.022618,-0.039298,-0.015774,0.071282,-0.087057,-0.075229,0.222922,-0.298151
8060.T,2025-07-23,4,streak_4,0.022749,0.035108,-0.012358,0.048221,0.022618,0.025603,0.110247,0.071282,0.038965,0.195217,0.222922,-0.027705
7211.T,2025-07-24,4,streak_4,0.00184,0.01591,-0.01407,-0.076608,-0.012548,-0.06406,-0.078862,0.035509,-0.114371,-0.079828,0.197427,-0.277255
6988.T,2025-07-24,3,streak_3,0.029324,0.01591,0.013415,0.023725,-0.012548,0.036273,0.086657,0.035509,0.051147,0.296064,0.197427,0.098637
9708.T,2025-07-24,3,streak_3,0.017584,0.01591,0.001674,0.02379,-0.012548,0.036338,0.033095,0.035509,-0.002414,0.155321,0.197427,-0.042106
6954.T,2025-07-25,3,streak_3,-0.046327,-0.008849,-0.037478,-0.0348,-0.018087,-0.016713,0.000226,0.023466,-0.023239,0.1364,0.207668,-0.071268
9708.T,2025-07-28,4,streak_4,0.020366,-0.011047,0.031413,0.004071,-0.015839,0.01991,0.014254,0.02263,-0.008376,0.122357,0.211378,-0.089021
4547.T,2025-07-28,3,streak_3,-0.012703,-0.011047,-0.001656,0.017319,-0.015839,0.033158,-0.008084,0.02263,-0.030714,-0.040161,0.211378,-0.251539
6923.T,2025-07-28,3,streak_3,0.000523,-0.011047,0.01157,0.0,-0.015839,0.015839,0.039165,0.02263,0.016535,0.095127,0.211378,-0.116252
4307.T,2025-07-28,7,streak_5plus,-0.017198,-0.011047,-0.006151,0.101737,-0.015839,0.117577,0.064808,0.02263,0.042178,0.046296,0.211378,-0.165083
6988.T,2025-07-28,4,streak_4,0.015434,-0.011047,0.026481,0.032155,-0.015839,0.047994,0.064632,0.02263,0.042001,0.269349,0.211378,0.057971
6954.T,2025-07-28,4,streak_4,0.05,-0.011047,0.061047,0.036019,-0.015839,0.051858,0.031517,0.02263,0.008886,0.158776,0.211378,-0.052603
7276.T,2025-07-28,5,streak_5plus,0.007225,-0.011047,0.018272,0.055139,-0.015839,0.070978,0.130353,0.02263,0.107723,0.269113,0.211378,0.057734
9532.T,2025-07-28,3,streak_3,-0.014437,-0.011047,-0.00339,0.035171,-0.015839,0.05101,0.099474,0.02263,0.076844,0.128617,0.211378,-0.082762
8871.T,2025-07-28,5,streak_5plus,0.014706,-0.011047,0.025752,-0.010294,-0.015839,0.005545,0.005883,0.02263,-0.016748,-0.015052,0.211378,-0.22643
9022.T,2025-07-28,4,streak_4,-0.002034,-0.011047,0.009012,0.046236,-0.015839,0.062075,0.119223,0.02263,0.096593,0.22063,0.211378,0.009252
4661.T,2025-07-28,5,streak_5plus,0.009914,-0.011047,0.020961,0.015349,-0.015839,0.031188,0.099455,0.02263,0.076825,0.12631,0.211378,-0.085068
6586.T,2025-07-28,8,streak_5plus,0.001282,-0.011047,0.012329,0.037424,-0.015839,0.053263,0.097733,0.02263,0.075102,0.04147,0.211378,-0.169909
6701.T,2025-07-28,3,streak_3,-0.030922,-0.011047,-0.019876,0.085569,-0.015839,0.101408,0.104026,0.02263,0.081395,0.225161,0.211378,0.013783
1878.T,2025-07-29,9,streak_5plus,-0.006492,-0.007896,0.001404,0.026623,-0.017259,0.043881,0.026623,0.037124,-0.010501,-0.006369,0.251459,-0.257828
9022.T,2025-07-29,5,streak_5plus,0.0,-0.007896,0.007896,0.047495,-0.017259,0.064753,0.131411,0.037124,0.094287,0.20908,0.251459,-0.042379
6701.T,2025-07-29,4,streak_4,0.011625,-0.007896,0.019521,0.105863,-0.017259,0.123122,0.126887,0.037124,0.089764,0.266737,0.251459,0.015278
4547.T,2025-07-29,4,streak_4,0.007016,-0.007896,0.014912,0.039765,-0.017259,0.057023,0.008188,0.037124,-0.028936,-0.058637,0.251459,-0.310096
8803.T,2025-07-29,3,streak_3,-0.004891,-0.007896,0.003005,0.005339,-0.017259,0.022597,0.016016,0.037124,-0.021108,0.024344,0.251459,-0.227115
8174.T,2025-07-29,2,streak_2,-0.003762,-0.007896,0.004134,0.057241,-0.017259,0.074499,0.079648,0.037124,0.042525,0.081842,0.251459,-0.169617
6508.T,2025-07-29,9,streak_5plus,0.0,-0.007896,0.007896,0.036297,-0.017259,0.053556,0.085299,0.037124,0.048175,0.271501,0.251459,0.020042
9719.T,2025-07-29,2,streak_2,0.021121,-0.007896,0.029017,0.107016,-0.017259,0.124275,0.076977,0.037124,0.039853,0.027718,0.251459,-0.223741
8308.T,2025-07-29,8,streak_5plus,-0.005083,-0.007896,0.002813,-0.030522,-0.017259,-0.013264,0.07449,0.037124,0.037366,0.070221,0.251459,-0.181238
7276.T,2025-07-29,6,streak_5plus,0.027902,-0.007896,0.035797,0.028171,-0.017259,0.045429,0.123838,0.037124,0.086714,0.264583,0.251459,0.013124
7259.T,2025-07-29,5,streak_5plus,-0.00699,-0.007896,0.000906,0.081623,-0.017259,0.098882,0.197953,0.037124,0.160829,0.362831,0.251459,0.111372
4506.T,2025-07-29,4,streak_4,0.0,-0.007896,0.007896,0.102902,-0.017259,0.120161,0.335092,0.037124,0.297969,0.454705,0.251459,0.203246
4568.T,2025-07-29,3,streak_3,-0.004918,-0.007896,0.002978,-0.010928,-0.017259,0.006331,-0.025682,0.037124,-0.062805,0.068459,0.251459,-0.183
6473.T,2025-07-29,3,streak_3,-0.012823,-0.007896,-0.004927,0.019425,-0.017259,0.036683,0.106832,0.037124,0.069709,0.204638,0.251459,-0.046821
9201.T,2025-07-29,5,streak_5plus,-0.000683,-0.007896,0.007213,0.045958,-0.017259,0.063217,0.086964,0.037124,0.04984,-0.006604,0.251459,-0.258063
2782.T,2025-07-29,5,streak_5plus,0.002103,-0.007896,0.009999,0.034725,-0.017259,0.051984,0.080322,0.037124,0.043199,0.030763,0.251459,-0.220696
8053.T,2025-07-29,3,streak_3,-0.010107,-0.007896,-0.002211,0.005443,-0.017259,0.022702,0.055714,0.037124,0.018591,0.211352,0.251459,-0.040107
9020.T,2025-07-29,7,streak_5plus,-0.008497,-0.007896,-0.000601,0.039961,-0.017259,0.05722,0.120829,0.037124,0.083706,0.151811,0.251459,-0.099648
8871.T,2025-07-29,6,streak_5plus,-0.036233,-0.007896,-0.028337,-0.01884,-0.017259,-0.001581,-0.017393,0.037124,-0.054516,-0.041092,0.251459,-0.292551
6503.T,2025-07-29,6,streak_5plus,-0.009738,-0.007896,-0.001842,0.048387,-0.017259,0.065646,0.103468,0.037124,0.066345,0.272484,0.251459,0.021026
8697.T,2025-07-29,2,streak_2,0.002061,-0.007896,0.009957,0.029259,-0.017259,0.046517,0.070565,0.037124,0.033442,0.17853,0.251459,-0.072929
7282.T,2025-07-29,5,streak_5plus,-0.003753,-0.007896,0.004143,0.043793,-0.017259,0.061051,0.116046,0.037124,0.078923,0.17945,0.251459,-0.072009
9513.T,2025-07-29,9,streak_5plus,0.009429,-0.007896,0.017325,0.024949,-0.017259,0.042208,0.113338,0.037124,0.076214,0.154091,0.251459,-0.097368
6752.T,2025-07-29,7,streak_5plus,-0.00134,-0.007896,0.006556,-0.022841,-0.017259,-0.005582,0.032252,0.037124,-0.004872,0.274972,0.251459,0.023514
6752.T,2025-07-30,8,streak_5plus,-0.001348,-0.000488,-0.00086,-0.002022,-0.003073,0.001051,0.031614,0.052963,-0.021349,0.310047,0.261861,0.048186
8473.T,2025-07-30,2,streak_2,-0.001078,-0.000488,-0.00059,0.071455,-0.003073,0.074529,0.249823,0.052963,0.19686,0.196168,0.261861,-0.065693
4578.T,2025-07-30,3,streak_3,0.0018,-0.000488,0.002288,0.026859,-0.003073,0.029932,0.085145,0.052963,0.032182,0.146753,0.261861,-0.115107
5802.T,2025-07-30,2,streak_2,0.027072,-0.000488,0.02756,0.116556,-0.003073,0.11963,0.176119,0.052963,0.123156,0.528071,0.261861,0.266211
1878.T,2025-07-30,10,streak_5plus,0.01209,-0.000488,0.012578,0.03562,-0.003073,0.038693,0.036928,0.052963,-0.016035,0.00613,0.261861,-0.25573
7205.T,2025-07-30,3,streak_3,-0.031687,-0.000488,-0.031199,-0.044362,-0.003073,-0.041289,0.048851,0.052963,-0.004112,-0.047267,0.261861,-0.309128
9697.T,2025-07-30,2,streak_2,-0.007416,-0.000488,-0.006928,-0.082504,-0.003073,-0.079431,-0.078796,0.052963,-0.131759,-0.068353,0.261861,-0.330213
3626.T,2025-07-30,4,streak_4,0.014537,-0.000488,0.015025,0.07941,-0.003073,0.082483,0.065091,0.052963,0.012128,0.143922,0.261861,-0.117939
6981.T,2025-07-30,2,streak_2,-0.030783,-0.000488,-0.030295,0.033709,-0.003073,0.036782,0.096856,0.052963,0.043893,0.37697,0.261861,0.115109
6586.T,2025-07-30,9,streak_5plus,-0.010511,-0.000488,-0.010023,0.037752,-0.003073,0.040825,0.094595,0.052963,0.041633,0.008846,0.261861,-0.253015
6971.T,2025-07-30,2,streak_2,-0.012009,-0.000488,-0.011521,0.118919,-0.003073,0.121992,0.188888,0.052963,0.135925,0.302164,0.261861,0.040304
4503.T,2025-07-30,3,streak_3,-0.007013,-0.000488,-0.006525,0.054718,-0.003073,0.057791,0.081075,0.052963,0.028113,0.093673,0.261861,-0.168187
4661.T,2025-07-30,6,streak_5plus,-0.012212,-0.000488,-0.011724,0.015745,-0.003073,0.018818,0.147493,0.052963,0.09453,0.11564,0.261861,-0.14622
8309.T,2025-07-30,2,streak_2,0.012605,-0.000488,0.013093,-0.00605,-0.003073,-0.002976,0.066551,0.052963,0.013588,0.086666,0.261861,-0.175194
6702.T,2025-07-30,5,streak_5plus,0.034161,-0.000488,0.034649,0.0882,-0.003073,0.091274,0.083853,0.052963,0.03089,0.247439,0.261861,-0.014422
8803.T,2025-07-30,4,streak_4,0.01028,-0.000488,0.010768,0.016984,-0.003073,0.020057,0.016539,0.052963,-0.036424,0.028925,0.261861,-0.232935
5929.T,2025-07-30,9,streak_5plus,-0.008005,-0.000488,-0.007517,-0.053929,-0.003073,-0.050855,0.027175,0.052963,-0.025788,-0.09759,0.261861,-0.35945
9505.T,2025-07-30,2,streak_2,0.01093,-0.000488,0.011418,0.02747,-0.003073,0.030544,0.186036,0.052963,0.133073,0.131201,0.261861,-0.13066
6923.T,2025-07-31,4,streak_4,-0.003484,0.010211,-0.013695,0.013938,0.003448,0.01049,0.046175,0.050763,-0.004588,0.073629,0.289183,-0.215553
6508.T,2025-07-31,10,streak_5plus,0.025,0.010211,0.014789,0.066071,0.003448,0.062623,0.048214,0.050763,-0.00255,0.103459,0.289183,-0.185724
5938.T,2025-07-31,2,streak_2,-0.012099,0.010211,-0.02231,0.03096,0.003448,0.027512,0.080498,0.050763,0.029735,-0.014307,0.289183,-0.30349
9532.T,2025-07-31,4,streak_4,0.016814,0.010211,0.006603,0.074194,0.003448,0.070746,0.120097,0.050763,0.069334,0.309683,0.289183,0.0205
6504.T,2025-07-31,6,streak_5plus,-0.006686,0.010211,-0.016896,0.194153,0.003448,0.190706,0.238202,0.050763,0.187438,0.461011,0.289183,0.171828
7974.T,2025-07-31,3,streak_3,-0.001966,0.010211,-0.012176,0.060165,0.003448,0.056718,0.046795,0.050763,-0.003968,0.029361,0.289183,-0.259822
7259.T,2025-07-31,6,streak_5plus,0.042725,0.010211,0.032514,0.097118,0.003448,0.09367,0.218081,0.050763,0.167317,0.394256,0.289183,0.105073
6473.T,2025-07-31,4,streak_4,0.025837,0.010211,0.015626,0.048927,0.003448,0.04548,0.137385,0.050763,0.086621,0.237155,0.289183,-0.052027
4568.T,2025-07-31,4,streak_4,0.018341,0.010211,0.00813,0.001368,0.003448,-0.002079,-0.033943,0.050763,-0.084707,0.01622,0.289183,-0.272963
9509.T,2025-07-31,2,streak_2,-0.000659,0.010211,-0.01087,0.062922,0.003448,0.059475,0.284842,0.050763,0.234078,0.20038,0.289183,-0.088803
9513.T,2025-07-31,10,streak_5plus,0.011239,0.010211,0.001028,0.05059,0.003448,0.047143,0.089358,0.050763,0.038594,0.156435,0.289183,-0.132747
5032.T,2025-07-31,3,streak_3,0.003157,0.010211,-0.007054,0.001052,0.003448,-0.002395,0.00421,0.050763,-0.046554,0.278997,0.289183,-0.010186
2914.T,2025-07-31,2,streak_2,0.006292,0.010211,-0.003919,0.092752,0.003448,0.089305,0.092519,0.050763,0.041756,0.250291,0.289183,-0.038891
8308.T,2025-07-31,9,streak_5plus,0.013865,0.010211,0.003655,0.005835,0.003448,0.002387,0.091238,0.050763,0.040475,0.100322,0.289183,-0.188861
6501.T,2025-07-31,2,streak_2,0.023088,0.010211,0.012878,-0.09584,0.003448,-0.099287,-0.118058,0.050763,-0.168822,0.165157,0.289183,-0.124025
7947.T,2025-07-31,2,streak_2,0.021092,0.010211,0.010881,0.010166,0.003448,0.006719,-0.009042,0.050763,-0.059806,-0.048679,0.289183,-0.337862
9020.T,2025-07-31,8,streak_5plus,0.003743,0.010211,-0.006468,0.077664,0.003448,0.074217,0.12726,0.050763,0.076496,0.181381,0.289183,-0.107802
8053.T,2025-07-31,4,streak_4,0.007306,0.010211,-0.002905,0.036273,0.003448,0.032826,0.082202,0.050763,0.031438,0.189655,0.289183,-0.099527
2782.T,2025-07-31,6,streak_5plus,-0.031722,0.010211,-0.041933,0.055173,0.003448,0.051725,0.036206,0.050763,-0.014557,0.02381,0.289183,-0.265373
3064.T,2025-07-31,2,streak_2,0.007452,0.010211,-0.002759,-0.051602,0.003448,-0.05505,-0.050857,0.050763,-0.10162,-0.198025,0.289183,-0.487208
4689.T,2025-07-31,5,streak_5plus,0.012404,0.010211,0.002193,-0.114192,0.003448,-0.117639,-0.144838,0.050763,-0.195601,-0.173659,0.289183,-0.462842
6268.T,2025-07-31,2,streak_2,-0.006739,0.010211,-0.01695,0.082461,0.003448,0.079014,0.11119,0.050763,0.060427,0.373293,0.289183,0.08411
5332.T,2025-07-31,2,streak_2,0.004907,0.010211,-0.005304,-0.005425,0.003448,-0.008872,-0.010072,0.050763,-0.060836,0.026069,0.289183,-0.263114
6503.T,2025-07-31,7,streak_5plus,0.02233,0.010211,0.01212,0.094522,0.003448,0.091075,0.086569,0.050763,0.035805,0.329293,0.289183,0.040111
8411.T,2025-07-31,2,streak_2,0.022122,0.010211,0.011911,0.016192,0.003448,0.012745,0.116306,0.050763,0.065543,0.191217,0.289183,-0.097966
7282.T,2025-07-31,6,streak_5plus,-0.01717,0.010211,-0.027381,0.039851,0.003448,0.036403,0.105455,0.050763,0.054691,0.111211,0.289183,-0.177972
8002.T,2025-07-31,2,streak_2,0.017321,0.010211,0.00711,0.027454,0.003448,0.024006,0.10523,0.050763,0.054467,0.258737,0.289183,-0.030446
4062.T,2025-07-31,2,streak_2,0.019409,0.010211,0.009198,0.069276,0.003448,0.065828,0.142812,0.050763,0.092048,1.31145,0.289183,1.022268
8331.T,2025-07-31,2,streak_2,0.016817,0.010211,0.006606,-0.010373,0.003448,-0.013821,0.090877,0.050763,0.040113,0.093644,0.289183,-0.195538
7974.T,2025-08-01,4,streak_4,-0.007487,-0.00658,-0.000907,0.083924,-0.00026,0.084184,0.036248,0.027246,0.009003,0.023482,0.253894,-0.230412
2212.T,2025-08-01,2,streak_2,-0.035088,-0.00658,-0.028508,0.038473,-0.00026,0.038733,0.066174,0.027246,0.038929,-0.053555,0.253894,-0.307449
9024.T,2025-08-01,2,streak_2,0.007326,-0.00658,0.013905,0.160445,-0.00026,0.160705,0.265596,0.027246,0.238351,0.283763,0.253894,0.029869
4062.T,2025-08-01,3,streak_3,-0.026935,-0.00658,-0.020355,0.033437,-0.00026,0.033697,0.08514,0.027246,0.057895,1.227104,0.253894,0.97321
4202.T,2025-08-01,2,streak_2,0.025318,-0.00658,0.031898,0.008434,-0.00026,0.008694,0.050245,0.027246,0.022999,0.039781,0.253894,-0.214113
2296.T,2025-08-03,3,streak_3,0.058252,-0.012473,0.070725,0.095145,0.025022,0.070123,0.112623,0.037032,0.075591,0.067206,0.230705,-0.163498
6472.T,2025-08-04,2,streak_2,-0.014438,-0.012473,-0.001965,0.198499,0.025022,0.173477,0.267703,0.037032,0.230671,0.365325,0.230705,0.13462
6367.T,2025-08-04,3,streak_3,-0.010106,-0.012473,0.002367,0.06649,0.025022,0.041468,-0.031912,0.037032,-0.068944,-0.038789,0.230705,-0.269494
1812.T,2025-08-04,4,streak_4,-0.012049,-0.012473,0.000425,0.064342,0.025022,0.039321,0.144833,0.037032,0.107801,0.322727,0.230705,0.092022
8252.T,2025-08-04,7,streak_5plus,-0.002541,-0.012473,0.009932,0.027317,0.025022,0.002295,0.020968,0.037032,-0.016064,-0.041194,0.230705,-0.271899
7752.T,2025-08-04,3,streak_3,-0.011907,-0.012473,0.000567,-0.011166,0.025022,-0.036188,0.012284,0.037032,-0.024748,-0.010297,0.230705,-0.241002
1802.T,2025-08-04,10,streak_5plus,-0.004122,-0.012473,0.008351,0.009104,0.025022,-0.015918,0.053978,0.037032,0.016946,0.266571,0.230705,0.035866
8331.T,2025-08-04,3,streak_3,-0.029216,-0.012473,-0.016742,0.029216,0.025022,0.004194,0.089405,0.037032,0.052373,0.071288,0.230705,-0.159417
7011.T,2025-08-05,2,streak_2,0.057248,0.006424,0.050824,0.116751,0.060249,0.056502,-0.010716,0.040907,-0.051623,0.306376,0.262914,0.043462
6098.T,2025-08-05,5,streak_5plus,0.016319,0.006424,0.009895,0.024595,0.060249,-0.035654,-0.002794,0.040907,-0.043701,-0.146505,0.262914,-0.409419
6758.T,2025-08-05,9,streak_5plus,0.003042,0.006424,-0.003383,0.103676,0.060249,0.043427,0.103127,0.040907,0.062219,0.206079,0.262914,-0.056835
8252.T,2025-08-05,8,streak_5plus,0.000637,0.006424,-0.005787,0.038216,0.060249,-0.022033,0.038538,0.040907,-0.00237,-0.039564,0.262914,-0.302478
4912.T,2025-08-05,3,streak_3,-0.006012,0.006424,-0.012436,0.07014,0.060249,0.009891,0.071142,0.040907,0.030235,0.027388,0.262914,-0.235526
8801.T,2025-08-05,3,streak_3,0.001069,0.006424,-0.005356,0.112534,0.060249,0.052285,0.117145,0.040907,0.076238,0.171881,0.262914,-0.091033
6367.T,2025-08-05,4,streak_4,-0.004836,0.006424,-0.01126,0.074153,0.060249,0.013904,-0.039224,0.040907,-0.080131,0.046699,0.262914,-0.216215
5947.T,2025-08-05,12,streak_5plus,0.01066,0.006424,0.004235,0.061818,0.060249,0.001569,-0.014116,0.040907,-0.055023,0.008141,0.262914,-0.254772
6622.T,2025-08-05,2,streak_2,0.01161,0.006424,0.005185,0.181422,0.060249,0.121173,0.123361,0.040907,0.082454,0.523429,0.262914,0.260515
8129.T,2025-08-05,2,streak_2,0.029885,0.006424,0.023461,0.049679,0.060249,-0.01057,0.085193,0.040907,0.044286,-0.076279,0.262914,-0.339193
2371.T,2025-08-05,2,streak_2,0.00019,0.006424,-0.006234,0.101248,0.060249,0.040999,0.033687,0.040907,-0.00722,-0.026041,0.262914,-0.288955
9984.T,2025-08-05,3,streak_3,0.026771,0.006424,0.020346,0.280224,0.060249,0.219975,0.258207,0.040907,0.2173,1.014447,0.262914,0.751533
4901.T,2025-08-05,3,streak_3,0.0097,0.006424,0.003276,0.142257,0.060249,0.082008,0.154215,0.040907,0.113308,0.112939,0.262914,-0.149975
9613.T,2025-08-05,2,streak_2,0.000253,0.006424,-0.006172,-0.000253,0.060249,-0.060501,0.000758,0.040907,-0.04015,None,None,None
6841.T,2025-08-05,2,streak_2,-0.003468,0.006424,-0.009892,0.057702,0.060249,-0.002547,0.060925,0.040907,0.020018,0.180128,0.262914,-0.082786
9142.T,2025-08-05,2,streak_2,0.007337,0.006424,0.000913,0.091033,0.060249,0.030784,0.127985,0.040907,0.087078,0.101663,0.262914,-0.16125
7186.T,2025-08-05,10,streak_5plus,0.0163,0.006424,0.009875,0.110717,0.060249,0.050468,0.122934,0.040907,0.082027,0.165879,0.262914,-0.097034
1812.T,2025-08-05,5,streak_5plus,0.021017,0.006424,0.014593,0.098857,0.060249,0.038609,0.135184,0.040907,0.094277,0.364611,0.262914,0.101697
1925.T,2025-08-05,6,streak_5plus,-0.00553,0.006424,-0.011955,0.05254,0.060249,-0.007709,0.046609,0.040907,0.005701,0.062245,0.262914,-0.200669
9706.T,2025-08-05,4,streak_4,0.005338,0.006424,-0.001086,0.072374,0.060249,0.012125,0.064904,0.040907,0.023997,0.034254,0.262914,-0.22866
9843.T,2025-08-05,2,streak_2,-0.038537,0.006424,-0.044962,0.043307,0.060249,-0.016942,0.063569,0.040907,0.022661,-0.021883,0.262914,-0.284797
4114.T,2025-08-05,7,streak_5plus,0.000579,0.006424,-0.005846,0.023809,0.060249,-0.03644,0.083626,0.040907,0.042718,0.046365,0.262914,-0.216549
9021.T,2025-08-05,3,streak_3,0.006468,0.006424,4.4e-05,-0.001177,0.060249,-0.061426,-0.007937,0.040907,-0.048844,-0.093685,0.262914,-0.356599
4385.T,2025-08-05,5,streak_5plus,-0.00899,0.006424,-0.015414,-0.056079,0.060249,-0.116328,0.045163,0.040907,0.004255,-0.045163,0.262914,-0.308076
4523.T,2025-08-05,2,streak_2,0.003486,0.006424,-0.002938,0.042752,0.060249,-0.017497,0.126857,0.040907,0.085949,0.030093,0.262914,-0.232821
4612.T,2025-08-06,4,streak_4,0.006936,0.00605,0.000887,-0.108671,0.067205,-0.175875,-0.198073,0.05008,-0.248153,-0.24447,0.239875,-0.484345
6758.T,2025-08-06,10,streak_5plus,0.021774,0.00605,0.015724,0.138367,0.067205,0.071162,0.131479,0.05008,0.081398,0.177267,0.239875,-0.062608
6098.T,2025-08-06,6,streak_5plus,-0.044157,0.00605,-0.050207,0.059525,0.067205,-0.00768,-0.01743,0.05008,-0.06751,-0.025127,0.239875,-0.265002
4186.T,2025-08-06,6,streak_5plus,0.010562,0.00605,0.004512,0.096495,0.067205,0.02929,0.092895,0.05008,0.042815,0.395103,0.239875,0.155228
4527.T,2025-08-06,4,streak_4,0.004424,0.00605,-0.001626,0.162089,0.067205,0.094884,0.201683,0.05008,0.151603,0.135099,0.239875,-0.104776
8282.T,2025-08-06,2,streak_2,0.010097,0.00605,0.004047,-0.028665,0.067205,-0.09587,0.012698,0.05008,-0.037382,0.004378,0.239875,-0.235497
6324.T,2025-08-06,2,streak_2,-0.020493,0.00605,-0.026543,-0.108371,0.067205,-0.175576,-0.191382,0.05008,-0.241463,-0.058324,0.239875,-0.298199
6544.T,2025-08-06,3,streak_3,0.026022,0.00605,0.019972,0.008674,0.067205,-0.058531,-0.079306,0.05008,-0.129386,-0.092441,0.239875,-0.332316
9706.T,2025-08-06,5,streak_5plus,0.001486,0.00605,-0.004564,0.072414,0.067205,0.005209,0.049481,0.05008,-0.000599,0.022545,0.239875,-0.21733
4911.T,2025-08-06,2,streak_2,-0.001874,0.00605,-0.007924,0.10077,0.067205,0.033565,0.013117,0.05008,-0.036963,0.070581,0.239875,-0.169294
4061.T,2025-08-06,2,streak_2,0.002138,0.00605,-0.003912,0.019462,0.067205,-0.047743,0.076885,0.05008,0.026804,0.098422,0.239875,-0.141454
8830.T,2025-08-06,2,streak_2,0.019863,0.00605,0.013813,0.080501,0.067205,0.013296,0.074754,0.05008,0.024674,0.180347,0.239875,-0.059528
4901.T,2025-08-06,4,streak_4,0.038423,0.00605,0.032374,0.138007,0.067205,0.070802,0.142167,0.05008,0.092087,0.099015,0.239875,-0.14086
2201.T,2025-08-06,3,streak_3,0.003275,0.00605,-0.002775,0.057534,0.067205,-0.009671,0.108517,0.05008,0.058437,0.122566,0.239875,-0.117309
5947.T,2025-08-06,13,streak_5plus,0.03058,0.00605,0.02453,0.049563,0.067205,-0.017642,-0.019506,0.05008,-0.069587,0.01248,0.239875,-0.227395
6269.T,2025-08-06,9,streak_5plus,0.012422,0.00605,0.006372,0.111801,0.067205,0.044596,0.22205,0.05008,0.171969,0.549379,0.239875,0.309504
4516.T,2025-08-06,5,streak_5plus,0.005157,0.00605,-0.000893,0.007886,0.067205,-0.059319,-0.008191,0.05008,-0.058272,0.013194,0.239875,-0.226681
4483.T,2025-08-06,2,streak_2,-0.014428,0.00605,-0.020478,0.085572,0.067205,0.018367,0.052488,0.05008,0.002407,0.121891,0.239875,-0.117985
5838.T,2025-08-06,10,streak_5plus,-0.014116,0.00605,-0.020166,0.231055,0.067205,0.16385,0.196285,0.05008,0.146205,0.201189,0.239875,-0.038687
9432.T,2025-08-06,2,streak_2,-0.007777,0.00605,-0.013827,0.055757,0.067205,-0.011448,0.031108,0.05008,-0.018972,-0.003493,0.239875,-0.243368
6920.T,2025-08-07,2,streak_2,0.002806,0.006479,-0.003672,0.127324,0.045457,0.081867,0.09751,0.054514,0.042996,1.022799,0.247994,0.774805
3436.T,2025-08-07,2,streak_2,0.008754,0.006479,0.002275,-0.000417,0.045457,-0.045874,0.059191,0.054514,0.004677,0.230513,0.247994,-0.017482
7203.T,2025-08-07,4,streak_4,-0.015068,0.006479,-0.021547,0.030868,0.045457,-0.014589,0.08875,0.054514,0.034236,0.168379,0.247994,-0.079615
7731.T,2025-08-07,2,streak_2,-0.004067,0.006479,-0.010545,-0.045719,0.045457,-0.091175,0.15137,0.054514,0.096856,0.227295,0.247994,-0.020699
5020.T,2025-08-07,4,streak_4,0.008675,0.006479,0.002197,0.050326,0.045457,0.004869,0.104253,0.054514,0.049739,0.26854,0.247994,0.020546
4912.T,2025-08-07,4,streak_4,0.002998,0.006479,-0.003481,0.078947,0.045457,0.033491,0.076616,0.054514,0.022102,0.046302,0.247994,-0.201692
7182.T,2025-08-07,3,streak_3,0.008711,0.006479,0.002232,0.055459,0.045457,0.010002,0.087689,0.054514,0.033175,0.020035,0.247994,-0.22796
1662.T,2025-08-07,2,streak_2,0.057403,0.006479,0.050925,0.06574,0.045457,0.020284,0.15185,0.054514,0.097336,0.26518,0.247994,0.017186
1808.T,2025-08-07,2,streak_2,0.007908,0.006479,0.001429,0.029916,0.045457,-0.01554,0.058763,0.054514,0.004249,0.158512,0.247994,-0.089483
5105.T,2025-08-07,3,streak_3,-0.00393,0.006479,-0.010408,0.068924,0.045457,0.023467,0.158706,0.054514,0.104192,0.297763,0.247994,0.049769
9984.T,2025-08-07,4,streak_4,0.013311,0.006479,0.006833,0.252521,0.045457,0.207065,0.253734,0.054514,0.199221,0.797585,0.247994,0.54959
9843.T,2025-08-07,3,streak_3,0.008903,0.006479,0.002425,0.109675,0.045457,0.064218,0.152975,0.054514,0.098461,0.021758,0.247994,-0.226237
5021.T,2025-08-07,3,streak_3,0.002929,0.006479,-0.00355,0.020194,0.045457,-0.025262,0.055314,0.054514,0.0008,0.099873,0.247994,-0.148121
6178.T,2025-08-07,2,streak_2,0.006624,0.006479,0.000145,0.037658,0.045457,-0.007798,0.073919,0.054514,0.019405,0.02124,0.247994,-0.226754
7752.T,2025-08-07,4,streak_4,-0.002243,0.006479,-0.008721,0.00485,0.045457,-0.040607,0.016799,0.054514,-0.037715,0.036607,0.247994,-0.211387
6753.T,2025-08-07,2,streak_2,0.013608,0.006479,0.00713,0.162109,0.045457,0.116652,0.146783,0.054514,0.092269,0.120888,0.247994,-0.127107
6856.T,2025-08-07,3,streak_3,-0.002228,0.006479,-0.008707,-0.022727,0.045457,-0.068184,0.051248,0.054514,-0.003266,0.22549,0.247994,-0.022504
8591.T,2025-08-07,2,streak_2,0.013769,0.006479,0.00729,0.079174,0.045457,0.033717,0.111873,0.054514,0.057359,0.124901,0.247994,-0.123093
2201.T,2025-08-07,4,streak_4,-0.001021,0.006479,-0.007499,0.063267,0.045457,0.01781,0.102656,0.054514,0.048142,0.110018,0.247994,-0.137976
5406.T,2025-08-07,2,streak_2,0.012167,0.006479,0.005688,0.04184,0.045457,-0.003616,0.1187,0.054514,0.064186,0.104416,0.247994,-0.143579
4114.T,2025-08-07,8,streak_5plus,0.002312,0.006479,-0.004166,0.018186,0.045457,-0.027271,0.100148,0.054514,0.045634,0.063741,0.247994,-0.184253
4543.T,2025-08-07,2,streak_2,-0.012105,0.006479,-0.018583,0.073606,0.045457,0.02815,0.032998,0.054514,-0.021516,-0.009351,0.247994,-0.257345
5831.T,2025-08-07,8,streak_5plus,0.025651,0.006479,0.019173,0.053527,0.045457,0.00807,0.082242,0.054514,0.027728,0.193172,0.247994,-0.054823
5713.T,2025-08-07,2,streak_2,0.031831,0.006479,0.025353,0.012958,0.045457,-0.032499,0.181408,0.054514,0.126894,0.436031,0.247994,0.188037
1802.T,2025-08-07,11,streak_5plus,0.007279,0.006479,0.000801,-0.021419,0.045457,-0.066876,0.015604,0.054514,-0.03891,0.198075,0.247994,-0.04992
1801.T,2025-08-07,7,streak_5plus,-0.007845,0.006479,-0.014323,0.003819,0.045457,-0.041638,0.030454,0.054514,-0.024059,0.213355,0.247994,-0.034639
8358.T,2025-08-07,2,streak_2,-0.007713,0.006479,-0.014192,0.079949,0.045457,0.034492,0.065218,0.054514,0.010704,0.103408,0.247994,-0.144586
6383.T,2025-08-07,2,streak_2,0.013768,0.006479,0.00729,0.160122,0.045457,0.114666,0.220041,0.054514,0.165527,0.287098,0.247994,0.039104
8830.T,2025-08-07,3,streak_3,0.010423,0.006479,0.003945,0.030242,0.045457,-0.015215,0.052455,0.054514,-0.002059,0.171458,0.247994,-0.076537
4751.T,2025-08-08,2,streak_2,0.010433,0.018542,-0.008109,0.072399,0.056483,0.015915,0.118562,0.06295,0.055612,-0.014487,0.238285,-0.252772
1801.T,2025-08-08,8,streak_5plus,-0.000937,0.018542,-0.019479,0.02476,0.056483,-0.031724,0.054935,0.06295,-0.008014,0.273774,0.238285,0.035489
4021.T,2025-08-08,4,streak_4,0.030031,0.018542,0.011489,0.064157,0.056483,0.007674,0.046219,0.06295,-0.01673,-0.005339,0.238285,-0.243624
7182.T,2025-08-08,4,streak_4,0.005757,0.018542,-0.012785,0.065055,0.056483,0.008571,0.087219,0.06295,0.02427,-0.006045,0.238285,-0.24433
5020.T,2025-08-08,5,streak_5plus,0.024578,0.018542,0.006036,0.063911,0.056483,0.007428,0.107051,0.06295,0.044102,0.254509,0.238285,0.016224
4612.T,2025-08-08,5,streak_5plus,0.001137,0.018542,-0.017405,-0.141341,0.056483,-0.197825,-0.211065,0.06295,-0.274014,-0.250398,0.238285,-0.488683
6055.T,2025-08-08,3,streak_3,0.045752,0.018542,0.027209,0.079158,0.056483,0.022674,0.102397,0.06295,0.039447,0.425563,0.238285,0.187278
6544.T,2025-08-08,4,streak_4,-0.028708,0.018542,-0.04725,-0.064593,0.056483,-0.121077,-0.083732,0.06295,-0.146682,-0.134211,0.238285,-0.372496
6753.T,2025-08-08,3,streak_3,0.003389,0.018542,-0.015153,0.149505,0.056483,0.093021,0.136601,0.06295,0.073651,0.146507,0.238285,-0.091778
8086.T,2025-08-08,2,streak_2,0.032274,0.018542,0.013732,0.079044,0.056483,0.02256,0.134885,0.06295,0.071935,0.086028,0.238285,-0.152257
2607.T,2025-08-08,2,streak_2,-0.014942,0.018542,-0.033485,0.222358,0.056483,0.165874,0.292668,0.06295,0.229718,0.154313,0.238285,-0.083972
3769.T,2025-08-08,6,streak_5plus,0.013651,0.018542,-0.004891,-0.032883,0.056483,-0.089366,-0.003682,0.06295,-0.066632,0.041847,0.238285,-0.196438
7936.T,2025-08-11,2,streak_2,0.011461,0.021465,-0.010004,0.215759,0.045285,0.170475,0.170201,0.039187,0.131014,0.086246,0.221012,-0.134766
7762.T,2025-08-11,5,streak_5plus,0.005354,0.021465,-0.016111,0.064301,0.045285,0.019017,0.080374,0.039187,0.041187,0.173902,0.221012,-0.04711
1414.T,2025-08-12,3,streak_3,0.021739,0.021465,0.000274,0.044475,0.045285,-0.000809,-0.001795,0.039187,-0.040982,-0.024332,0.221012,-0.245344
4478.T,2025-08-12,7,streak_5plus,0.010114,0.021465,-0.011352,-0.103666,0.045285,-0.148951,-0.164349,0.039187,-0.203536,-0.121365,0.221012,-0.342377
3923.T,2025-08-13,5,streak_5plus,0.000831,0.013027,-0.012197,0.127492,0.019386,0.108106,0.126246,0.026207,0.100039,0.046512,0.200469,-0.153957
7412.T,2025-08-13,2,streak_2,-0.011696,0.013027,-0.024723,-0.030702,0.019386,-0.050087,-0.030702,0.026207,-0.056908,-0.184211,0.200469,-0.384679
7936.T,2025-08-13,3,streak_3,0.17932,0.013027,0.166293,0.176771,0.019386,0.157385,0.173654,0.026207,0.147448,0.092351,0.200469,-0.108118
4478.T,2025-08-13,8,streak_5plus,0.013767,0.013027,0.00074,-0.138924,0.019386,-0.158309,-0.171464,0.026207,-0.197671,-0.098874,0.200469,-0.299342
7762.T,2025-08-13,6,streak_5plus,0.013859,0.013027,0.000832,0.067167,0.019386,0.047782,0.071423,0.026207,0.045216,0.290963,0.200469,0.090494
3296.T,2025-08-15,6,streak_5plus,0.0,0.017094,-0.017094,0.004137,-0.000917,0.005053,0.036194,0.049681,-0.013487,0.050672,0.179948,-0.129276
8951.T,2025-08-15,3,streak_3,0.012274,0.017094,-0.00482,0.049819,-0.000917,0.050736,0.034657,0.049681,-0.015024,0.069314,0.179948,-0.110634
3296.T,2025-08-18,7,streak_5plus,-0.011375,0.007746,-0.019121,0.009307,-0.017175,0.026482,0.03516,0.035132,2.8e-05,0.03516,0.12275,-0.087589
8987.T,2025-08-18,7,streak_5plus,0.002766,0.007746,-0.00498,0.016598,-0.017175,0.033772,0.030429,0.035132,-0.004703,0.020747,0.12275,-0.102003
8964.T,2025-08-18,13,streak_5plus,0.00339,0.007746,-0.004356,-0.020339,-0.017175,-0.003164,0.022599,0.035132,-0.012533,0.039548,0.12275,-0.083202
8961.T,2025-08-30,5,streak_5plus,-0.001337,-0.012399,0.011062,-0.004011,0.007029,-0.01104,0.008021,0.042894,-0.034873,0.045455,0.167286,-0.121832
2593.T,2025-09-01,2,streak_2,0.000889,-0.012399,0.013288,0.074918,0.007029,0.067888,0.008882,0.042894,-0.034013,-0.093624,0.167286,-0.26091
5032.T,2025-09-10,4,streak_4,0.005077,0.008707,-0.003629,0.143149,0.030628,0.112521,0.202027,0.106525,0.095502,-0.04318,0.169751,-0.212931
8957.T,2025-09-11,5,streak_5plus,0.003512,0.0122,-0.008688,0.004516,0.033436,-0.02892,-0.031611,0.068654,-0.100265,0.021576,0.144406,-0.122831
8957.T,2025-09-15,6,streak_5plus,-0.001492,0.002997,-0.004488,-0.00547,0.016207,-0.021677,-0.032322,0.078396,-0.110718,0.013426,0.105972,-0.092546
3292.T,2025-09-16,3,streak_3,0.0,0.002997,-0.002997,-0.026003,0.016207,-0.04221,-0.035661,0.078396,-0.114057,0.007429,0.105972,-0.098542
3269.T,2025-09-16,2,streak_2,0.007798,0.002997,0.004802,0.013797,0.016207,-0.002409,-0.004199,0.078396,-0.082595,0.015597,0.105972,-0.090375
3249.T,2025-09-17,5,streak_5plus,-0.007692,-0.002492,-0.0052,0.049231,0.016214,0.033017,0.09,0.059683,0.030317,0.155385,0.091292,0.064092
6506.T,2025-10-03,2,streak_2,0.025161,0.018532,0.006629,0.3,0.081085,0.218915,0.410968,0.145993,0.264974,0.610968,0.156336,0.454631
8923.T,2025-10-06,5,streak_5plus,0.003011,0.047526,-0.044515,-0.039097,0.050673,-0.089771,-0.00994,0.097068,-0.107009,0.156077,0.121171,0.034906
3186.T,2025-10-06,4,streak_4,0.039531,0.047526,-0.007995,0.15856,0.050673,0.107886,0.041705,0.097068,-0.055363,0.494186,0.121171,0.373015
3382.T,2025-10-08,5,streak_5plus,0.00737,-0.004502,0.011872,0.005083,-0.005802,0.010885,0.010928,0.048497,-0.03757,0.117154,0.11675,0.000403
3141.T,2025-10-08,2,streak_2,0.004652,-0.004502,0.009154,0.068664,-0.005802,0.074466,0.1377,0.048497,0.089203,None,None,None
9983.T,2025-10-08,11,streak_5plus,-0.00828,-0.004502,-0.003778,0.113588,-0.005802,0.11939,0.21465,0.048497,0.166152,0.354989,0.11675,0.238239
7453.T,2025-10-09,8,streak_5plus,0.009066,0.017711,-0.008646,0.165957,0.01137,0.154587,0.273636,0.06655,0.207085,0.070675,0.138394,-0.067719
3382.T,2025-10-09,6,streak_5plus,-0.001009,0.017711,-0.01872,0.001009,0.01137,-0.010361,0.012866,0.06655,-0.053684,0.134965,0.138394,-0.003429
7453.T,2025-10-10,9,streak_5plus,0.022369,-0.01012,0.032489,0.148148,-0.020549,0.168697,0.246058,0.046572,0.199486,0.185919,0.113833,0.072086
6432.T,2025-10-10,2,streak_2,-0.054446,-0.01012,-0.044326,0.07804,-0.020549,0.098589,0.166969,0.046572,0.120397,0.183303,0.113833,0.06947
3391.T,2025-10-10,4,streak_4,-0.007335,-0.01012,0.002785,0.016096,-0.020549,0.036645,0.116748,0.046572,0.070176,0.059495,0.113833,-0.054338
6323.T,2025-10-10,2,streak_2,-0.025708,-0.01012,-0.015588,-0.126923,-0.020549,-0.106374,-0.140891,0.046572,-0.187463,0.130364,0.113833,0.016531
3086.T,2025-10-14,10,streak_5plus,-0.007984,-0.025816,0.017832,-0.082236,0.022806,-0.105041,-0.079242,0.061855,-0.141096,-0.081437,0.121595,-0.203032
7581.T,2025-10-15,6,streak_5plus,0.004188,0.017618,-0.013429,0.114136,0.052698,0.061439,0.141361,0.094659,0.046702,0.279581,0.143792,0.13579
3295.T,2025-10-17,5,streak_5plus,-0.001179,-0.014408,0.01323,0.005893,0.007537,-0.001644,0.034178,0.042383,-0.008205,0.031821,0.093146,-0.061326
8984.T,2025-10-17,12,streak_5plus,0.0,-0.014408,0.014408,0.022428,0.007537,0.014891,0.075793,0.042383,0.033409,0.071152,0.093146,-0.021994
3226.T,2025-10-20,12,streak_5plus,0.004552,0.033696,-0.029144,0.005311,0.036095,-0.030784,0.002276,0.023556,-0.02128,0.047041,0.128341,-0.0813
8961.T,2025-10-20,6,streak_5plus,0.002584,0.033696,-0.031112,0.01292,0.036095,-0.023176,0.007752,0.023556,-0.015804,0.027132,0.128341,-0.101209
8060.T,2025-10-21,5,streak_5plus,0.008051,0.002654,0.005397,0.111204,0.026976,0.084228,0.096612,-0.013171,0.109782,0.162362,0.094771,0.06759
8961.T,2025-10-23,7,streak_5plus,0.011538,-0.013511,0.025049,-0.005128,0.040559,-0.045687,0.019231,-0.01383,0.03306,0.011538,0.081645,-0.070107
4063.T,2025-10-23,2,streak_2,-0.008097,-0.013511,0.005413,-0.062955,0.040559,-0.103514,-0.089069,-0.01383,-0.075239,0.108502,0.081645,0.026857
8060.T,2025-10-24,6,streak_5plus,-0.001301,0.013528,-0.01483,0.040345,0.055179,-0.014834,0.096307,0.000368,0.095939,0.093542,0.096977,-0.003435
4063.T,2025-10-24,3,streak_3,0.00102,0.013528,-0.012508,-0.061429,0.055179,-0.116608,-0.083673,0.000368,-0.084042,-0.007143,0.096977,-0.10412
9697.T,2025-10-27,3,streak_3,0.013779,0.024598,-0.010819,-0.057917,0.063118,-0.121035,-0.114199,0.005262,-0.119461,-0.122373,0.082677,-0.20505
6701.T,2025-10-27,5,streak_5plus,0.016145,0.024598,-0.008453,0.106123,0.063118,0.043005,0.183107,0.005262,0.177845,0.090175,0.082677,0.007498
8174.T,2025-10-27,3,streak_3,0.008956,0.024598,-0.015642,0.077865,0.063118,0.014747,0.117529,0.005262,0.112267,0.072564,0.082677,-0.010113
9022.T,2025-10-27,6,streak_5plus,0.00788,0.024598,-0.016718,-0.100764,0.063118,-0.163882,0.021729,0.005262,0.016467,0.013849,0.082677,-0.068828
4507.T,2025-10-27,2,streak_2,0.016373,0.024598,-0.008225,0.056079,0.063118,-0.007039,0.129758,0.005262,0.124496,0.275481,0.082677,0.192804
9719.T,2025-10-27,3,streak_3,0.016795,0.024598,-0.007803,0.322836,0.063118,0.259719,0.326335,0.005262,0.321073,0.321437,0.082677,0.23876
2212.T,2025-10-27,3,streak_3,0.007265,0.024598,-0.017333,-0.046115,0.063118,-0.109233,0.038534,0.005262,0.033272,0.0259,0.082677,-0.056777
1878.T,2025-10-27,11,streak_5plus,0.005138,0.024598,-0.01946,-0.076268,0.063118,-0.139386,-0.049133,0.005262,-0.054395,-0.03404,0.082677,-0.116717
4684.T,2025-10-27,4,streak_4,0.017787,0.024598,-0.006811,-0.053953,0.063118,-0.11707,0.024308,0.005262,0.019046,-0.125099,0.082677,-0.207776
4205.T,2025-10-27,5,streak_5plus,0.019631,0.024598,-0.004967,-0.058001,0.063118,-0.121119,0.030637,0.005262,0.025374,0.116895,0.082677,0.034218
5332.T,2025-10-27,3,streak_3,0.012138,0.024598,-0.01246,-0.028239,0.063118,-0.091357,0.011642,0.005262,0.00638,0.229131,0.082677,0.146453
9708.T,2025-10-28,5,streak_5plus,-0.021352,-0.005803,-0.015549,-0.019573,0.019498,-0.039071,0.002669,-0.006834,0.009503,0.239324,0.05564,0.183683
4307.T,2025-10-28,8,streak_5plus,-0.024287,-0.005803,-0.018483,-0.071671,0.019498,-0.091169,0.067765,-0.006834,0.074599,-0.201596,0.05564,-0.257237
8174.T,2025-10-28,4,streak_4,-0.028261,-0.005803,-0.022458,0.049457,0.019498,0.029959,0.106884,-0.006834,0.113718,0.061957,0.05564,0.006316
9531.T,2025-10-28,2,streak_2,0.006737,-0.005803,0.01254,0.051647,0.019498,0.032149,0.201909,-0.006834,0.208743,0.281063,0.05564,0.225422
4506.T,2025-10-28,5,streak_5plus,-0.009456,-0.005803,-0.003653,0.231974,0.019498,0.212476,0.585402,-0.006834,0.592236,0.357565,0.05564,0.301925
6971.T,2025-10-28,3,streak_3,-0.015522,-0.005803,-0.009718,-0.07738,0.019498,-0.096877,-0.028304,-0.006834,-0.02147,0.053641,0.05564,-0.002
6857.T,2025-10-28,2,streak_2,-0.004122,-0.005803,0.001681,0.197032,0.019498,0.177534,0.121737,-0.006834,0.128571,0.401759,0.05564,0.346118
4503.T,2025-10-28,4,streak_4,-0.019866,-0.005803,-0.014062,0.041259,0.019498,0.021761,0.202017,-0.006834,0.208851,0.310513,0.05564,0.254873
6586.T,2025-10-28,10,streak_5plus,-0.033094,-0.005803,-0.027291,-0.094697,0.019498,-0.114195,-0.101874,-0.006834,-0.09504,0.066786,0.05564,0.011146
4733.T,2025-10-28,2,streak_2,-0.029802,-0.005803,-0.023999,-0.02879,0.019498,-0.048288,-0.012821,-0.006834,-0.005986,-0.22852,0.05564,-0.28416
6501.T,2025-10-28,3,streak_3,-0.012664,-0.005803,-0.00686,0.101942,0.019498,0.082444,0.046433,-0.006834,0.053267,0.13149,0.05564,0.07585
4684.T,2025-10-28,5,streak_5plus,-0.038252,-0.005803,-0.032449,-0.076505,0.019498,-0.096003,-0.01767,-0.006834,-0.010836,-0.165631,0.05564,-0.221272
2811.T,2025-10-29,2,streak_2,-0.033387,0.021674,-0.055062,-0.050978,-0.000138,-0.050841,-0.021002,0.000692,-0.021693,-0.016514,0.048507,-0.065021
7282.T,2025-10-29,7,streak_5plus,-0.005878,0.021674,-0.027552,0.03019,-0.000138,0.030327,-0.04622,0.000692,-0.046911,0.115148,0.048507,0.066641
6920.T,2025-10-29,3,streak_3,0.076976,0.021674,0.055301,0.30836,-0.000138,0.308498,0.282778,0.000692,0.282086,0.430333,0.048507,0.381826
6701.T,2025-10-29,6,streak_5plus,0.001963,0.021674,-0.019711,0.108559,-0.000138,0.108697,0.156459,0.000692,0.155767,0.025128,0.048507,-0.02338
6472.T,2025-10-29,3,streak_3,-0.018284,0.021674,-0.039959,0.002813,-0.000138,0.002951,0.04782,0.000692,0.047128,0.029255,0.048507,-0.019253
9532.T,2025-10-29,5,streak_5plus,0.006121,0.021674,-0.015554,0.125235,-0.000138,0.125373,0.29096,0.000692,0.290269,0.381827,0.048507,0.333319
8803.T,2025-10-29,5,streak_5plus,-0.019455,0.021674,-0.04113,-0.011241,-0.000138,-0.011103,-0.011673,0.000692,-0.012365,0.000865,0.048507,-0.047643
4578.T,2025-10-29,4,streak_4,-0.014107,0.021674,-0.035781,0.026146,-0.000138,0.026284,0.075763,0.000692,0.075072,0.122461,0.048507,0.073954
5334.T,2025-10-29,2,streak_2,-0.001114,0.021674,-0.022788,0.044398,-0.000138,0.044536,0.073838,0.000692,0.073147,0.02753,0.048507,-0.020977
9697.T,2025-10-29,4,streak_4,-0.001385,0.021674,-0.02306,-0.085431,-0.000138,-0.085293,-0.117294,0.000692,-0.117985,-0.158393,0.048507,-0.2069
9719.T,2025-10-29,4,streak_4,0.017849,0.021674,-0.003826,0.332316,-0.000138,0.332453,0.335838,0.000692,0.335147,0.331611,0.048507,0.283104
6504.T,2025-10-29,7,streak_5plus,0.014679,0.021674,-0.006995,-0.059633,-0.000138,-0.059495,-0.001835,0.000692,-0.002526,-0.017431,0.048507,-0.065939
2212.T,2025-10-29,4,streak_4,-0.029163,0.021674,-0.050837,-0.017874,-0.000138,-0.017736,0.027281,0.000692,0.02659,0.049859,0.048507,0.001352
9022.T,2025-10-29,7,streak_5plus,-0.011478,0.021674,-0.033152,-0.060497,-0.000138,-0.06036,0.020564,0.000692,0.019873,0.034912,0.048507,-0.013596
9201.T,2025-10-29,6,streak_5plus,-0.018338,0.021674,-0.040012,0.014739,-0.000138,0.014876,-0.001542,0.000692,-0.002234,0.010626,0.048507,-0.037882
2782.T,2025-10-29,7,streak_5plus,-0.021878,0.021674,-0.043553,0.01481,-0.000138,0.014947,0.10064,0.000692,0.099948,0.279031,0.048507,0.230523
6473.T,2025-10-29,5,streak_5plus,0.000658,0.021674,-0.021016,0.050691,-0.000138,0.050829,0.117512,0.000692,0.11682,0.179065,0.048507,0.130558
7947.T,2025-10-29,3,streak_3,-0.042336,0.021674,-0.064011,0.010584,-0.000138,0.010722,0.061152,0.000692,0.060461,0.030576,0.048507,-0.017931
3064.T,2025-10-29,3,streak_3,-0.026153,0.021674,-0.047828,0.073279,-0.000138,0.073417,0.131261,0.000692,0.130569,0.05206,0.048507,0.003553
8871.T,2025-10-29,7,streak_5plus,-0.012121,0.021674,-0.033796,0.0,-0.000138,0.000138,0.042424,0.000692,0.041733,-0.013636,0.048507,-0.062144
7259.T,2025-10-29,7,streak_5plus,0.007467,0.021674,-0.014208,0.018854,-0.000138,0.018991,0.037894,0.000692,0.037203,0.016614,0.048507,-0.031894
6268.T,2025-10-29,3,streak_3,-0.003634,0.021674,-0.025308,-0.071113,-0.000138,-0.070976,-0.117311,0.000692,-0.118003,0.076045,0.048507,0.027537
6861.T,2025-10-29,2,streak_2,0.019218,0.021674,-0.002456,-0.076544,-0.000138,-0.076406,-0.127135,0.000692,-0.127827,-0.083607,0.048507,-0.132114
6702.T,2025-10-29,6,streak_5plus,-0.00544,0.021674,-0.027115,0.002332,-0.000138,0.002469,0.074352,0.000692,0.073661,0.132902,0.048507,0.084394
1878.T,2025-10-30,12,streak_5plus,0.006006,0.00035,0.005656,-0.042042,-0.008263,-0.033779,-0.011011,-0.039066,0.028055,0.079413,0.06652,0.012892
6592.T,2025-10-30,2,streak_2,0.004065,0.00035,0.003715,0.033875,-0.008263,0.042139,0.055556,-0.039066,0.094621,-0.426829,0.06652,-0.49335
9503.T,2025-10-30,2,streak_2,0.030455,0.00035,0.030104,0.086136,-0.008263,0.0944,0.190682,-0.039066,0.229748,0.109091,0.06652,0.04257
6702.T,2025-10-30,7,streak_5plus,0.041938,0.00035,0.041588,0.025007,-0.008263,0.03327,0.064079,-0.039066,0.103145,0.148737,0.06652,0.082216
4307.T,2025-10-30,9,streak_5plus,0.000526,0.00035,0.000176,0.001929,-0.008263,0.010193,0.102438,-0.039066,0.141504,-0.185757,0.06652,-0.252277
9202.T,2025-10-30,2,streak_2,-0.00054,0.00035,-0.00089,0.037257,-0.008263,0.04552,0.052196,-0.039066,0.091262,0.141469,0.06652,0.074948
6754.T,2025-10-30,2,streak_2,0.037964,0.00035,0.037614,0.246217,-0.008263,0.254481,0.306465,-0.039066,0.345531,0.273728,0.06652,0.207207
8473.T,2025-10-30,3,streak_3,0.009153,0.00035,0.008803,0.055835,-0.008263,0.064099,-0.008085,-0.039066,0.03098,0.052937,0.06652,-0.013584
6501.T,2025-10-30,4,streak_4,0.023299,0.00035,0.022949,0.072371,-0.008263,0.080634,0.002887,-0.039066,0.041952,0.109485,0.06652,0.042964
2327.T,2025-10-30,2,streak_2,0.033858,0.00035,0.033508,-0.02666,-0.008263,-0.018396,0.095441,-0.039066,0.134507,0.141029,0.06652,0.074509
9506.T,2025-10-30,2,streak_2,0.00429,0.00035,0.00394,0.004766,-0.008263,0.01303,0.056244,-0.039066,0.09531,0.06816,0.06652,0.00164
2914.T,2025-10-30,3,streak_3,0.003464,0.00035,0.003114,0.114507,-0.008263,0.12277,0.194988,-0.039066,0.234053,0.177262,0.06652,0.110741
9766.T,2025-10-30,2,streak_2,0.002274,0.00035,0.001924,0.120309,-0.008263,0.128573,0.050262,-0.039066,0.089327,-0.03889,0.06652,-0.105411
6981.T,2025-10-30,3,streak_3,-0.005904,0.00035,-0.006254,0.098721,-0.008263,0.106984,0.057396,-0.039066,0.096462,0.088226,0.06652,0.021705
6971.T,2025-10-30,4,streak_4,0.018792,0.00035,0.018442,-0.041389,-0.008263,-0.033126,0.005233,-0.039066,0.044299,0.236679,0.06652,0.170159
4205.T,2025-10-30,6,streak_5plus,0.014436,0.00035,0.014086,-0.033083,-0.008263,-0.024819,0.059248,-0.039066,0.098314,0.146466,0.06652,0.079946
5929.T,2025-10-30,10,streak_5plus,0.006915,0.00035,0.006565,-0.046733,-0.008263,-0.03847,-0.037434,-0.039066,0.001631,-0.144254,0.06652,-0.210774
3064.T,2025-10-30,4,streak_4,0.010388,0.00035,0.010038,0.104383,-0.008263,0.112646,0.116038,-0.039066,0.155103,0.103876,0.06652,0.037356
8803.T,2025-10-30,6,streak_5plus,-0.000441,0.00035,-0.000791,0.02425,-0.008263,0.032514,-0.011464,-0.039066,0.027602,0.03836,0.06652,-0.028161
4503.T,2025-10-30,5,streak_5plus,0.015551,0.00035,0.015201,0.105681,-0.008263,0.113944,0.250714,-0.039066,0.28978,0.410981,0.06652,0.34446
9708.T,2025-10-31,6,streak_5plus,0.001818,0.021154,-0.019336,-0.000909,-0.020443,0.019534,0.044545,-0.039399,0.083944,0.272727,0.057822,0.214905
5802.T,2025-10-31,2,streak_2,0.066239,0.021154,0.045085,0.104925,-0.020443,0.125368,0.238913,-0.039399,0.278312,0.478203,0.057822,0.420381
7947.T,2025-10-31,4,streak_4,0.024121,0.021154,0.002967,0.048242,-0.020443,0.068685,0.110384,-0.039399,0.149783,0.083401,0.057822,0.025579
6762.T,2025-10-31,2,streak_2,0.039471,0.021154,0.018317,-0.030527,-0.020443,-0.010084,-0.031305,-0.039399,0.008094,-0.163134,0.057822,-0.220956
5938.T,2025-10-31,3,streak_3,-0.043624,0.021154,-0.064778,-0.00783,-0.020443,0.012613,0.021253,-0.039399,0.060651,0.02349,0.057822,-0.034332
6954.T,2025-10-31,5,streak_5plus,0.009875,0.021154,-0.011279,0.040938,-0.020443,0.061381,0.103888,-0.039399,0.143287,0.37626,0.057822,0.318438
6472.T,2025-10-31,4,streak_4,-0.031136,0.021154,-0.05229,0.012623,-0.020443,0.033066,0.037588,-0.039399,0.076986,0.071529,0.057822,0.013707
5334.T,2025-10-31,3,streak_3,0.007466,0.021154,-0.013688,0.042891,-0.020443,0.063334,0.057983,-0.039399,0.097381,0.046227,0.057822,-0.011595
7259.T,2025-10-31,8,streak_5plus,0.039139,0.021154,0.017985,0.037079,-0.020443,0.057521,0.037079,-0.039399,0.076477,0.070787,0.057822,0.012965
9509.T,2025-10-31,3,streak_3,-0.011949,0.021154,-0.033102,-0.061121,-0.020443,-0.040679,0.011489,-0.039399,0.050888,-0.037684,0.057822,-0.095506
7741.T,2025-10-31,2,streak_2,0.035501,0.021154,0.014347,0.050155,-0.020443,0.070598,-0.023323,-0.039399,0.016076,0.132095,0.057822,0.074273
6473.T,2025-10-31,6,streak_5plus,0.012084,0.021154,-0.00907,0.058785,-0.020443,0.079228,0.111039,-0.039399,0.150437,0.212606,0.057822,0.154784
7282.T,2025-10-31,8,streak_5plus,-0.059179,0.021154,-0.080333,0.007891,-0.020443,0.028333,-0.0697,-0.039399,-0.030301,0.257233,0.057822,0.199411
2782.T,2025-10-31,8,streak_5plus,0.007896,0.021154,-0.013258,0.072777,-0.020443,0.09322,0.10539,-0.039399,0.144788,0.362856,0.057822,0.305034
6586.T,2025-10-31,11,streak_5plus,-0.001708,0.021154,-0.022862,-0.043766,-0.020443,-0.023323,-0.04889,-0.039399,-0.009491,0.209223,0.057822,0.151401
6770.T,2025-10-31,2,streak_2,0.009074,0.021154,-0.012079,0.032149,-0.020443,0.052592,0.057558,-0.039399,0.096956,0.081929,0.057822,0.024107
6981.T,2025-10-31,4,streak_4,0.119103,0.021154,0.097949,0.072913,-0.020443,0.093356,0.079512,-0.039399,0.11891,0.096008,0.057822,0.038186
1959.T,2025-10-31,2,streak_2,0.013542,0.021154,-0.007612,-0.07268,-0.020443,-0.052237,-0.050938,-0.039399,-0.011539,0.082867,0.057822,0.025045
8871.T,2025-10-31,8,streak_5plus,0.01059,0.021154,-0.010564,-0.006051,-0.020443,0.014391,0.015129,-0.039399,0.054527,0.01059,0.057822,-0.047232
6503.T,2025-10-31,8,streak_5plus,0.026391,0.021154,0.005237,0.021636,-0.020443,0.042079,0.022349,-0.039399,0.061748,0.279838,0.057822,0.222016
5332.T,2025-10-31,4,streak_4,-0.002035,0.021154,-0.023189,-0.018316,-0.020443,0.002127,0.034851,-0.039399,0.07425,0.37217,0.057822,0.314348
6268.T,2025-10-31,4,streak_4,-0.00129,0.021154,-0.022443,-0.11349,-0.020443,-0.093047,-0.098272,-0.039399,-0.058873,0.149858,0.057822,0.092036
4385.T,2025-11-03,6,streak_5plus,-0.009643,-0.017442,0.007799,0.151874,-0.028612,0.180486,0.19417,-0.04859,0.24276,0.376726,0.02684,0.349886
8601.T,2025-11-03,2,streak_2,0.038251,-0.017442,0.055693,0.058008,-0.028612,0.086619,0.107608,-0.04859,0.156198,0.311475,0.02684,0.284636
8002.T,2025-11-03,3,streak_3,0.010263,-0.017442,0.027705,0.035263,-0.028612,0.063875,0.082632,-0.04859,0.131221,0.421053,0.02684,0.394213
6841.T,2025-11-03,3,streak_3,0.01644,-0.017442,0.033881,-0.004975,-0.028612,0.023637,0.073329,-0.04859,0.121919,0.079818,0.02684,0.052979
7974.T,2025-11-03,5,streak_5plus,-0.007666,-0.017442,0.009776,0.028747,-0.028612,0.057358,-0.029897,-0.04859,0.018693,-0.326792,0.02684,-0.353631
4689.T,2025-11-03,6,streak_5plus,-0.020088,-0.017442,-0.002647,-0.053642,-0.028612,-0.025031,-0.096026,-0.04859,-0.047437,-0.1,0.02684,-0.12684
4547.T,2025-11-03,5,streak_5plus,-0.006211,-0.017442,0.01123,0.017391,-0.028612,0.046003,0.130435,-0.04859,0.179025,0.147826,0.02684,0.120986
7203.T,2025-11-04,5,streak_5plus,0.005417,-0.017442,0.022859,-0.002231,-0.028612,0.026381,-0.042384,-0.04859,0.006206,0.181007,0.02684,0.154167
9412.T,2025-11-04,2,streak_2,0.007256,-0.017442,0.024698,0.12533,-0.028612,0.153942,0.240106,-0.04859,0.288695,0.706464,0.02684,0.679625
2282.T,2025-11-04,2,streak_2,0.002289,-0.017442,0.01973,0.152993,-0.028612,0.181605,0.208275,-0.04859,0.256865,0.198415,0.02684,0.171576
6367.T,2025-11-04,5,streak_5plus,0.005285,-0.017442,0.022727,0.096523,-0.028612,0.125135,0.099861,-0.04859,0.148451,-0.002225,0.02684,-0.029065
7205.T,2025-11-04,4,streak_4,0.02849,-0.017442,0.045932,0.125356,-0.028612,0.153968,0.048433,-0.04859,0.097023,0.319088,0.02684,0.292249
2810.T,2025-11-04,5,streak_5plus,0.008313,-0.017442,0.025755,-0.004676,-0.028612,0.023936,-0.005542,-0.04859,0.043048,0.074125,0.02684,0.047286
7832.T,2025-11-04,2,streak_2,0.000625,-0.017442,0.018066,-0.059142,-0.028612,-0.03053,-0.098709,-0.04859,-0.050119,-0.165556,0.02684,-0.192396
1332.T,2025-11-04,2,streak_2,-0.004198,-0.017442,0.013244,0.040578,-0.028612,0.06919,0.134795,-0.04859,0.183385,0.275187,0.02684,0.248347
6841.T,2025-11-04,4,streak_4,0.01644,-0.017442,0.033881,-0.004975,-0.028612,0.023637,0.073329,-0.04859,0.121919,0.079818,0.02684,0.052979
4547.T,2025-11-04,6,streak_5plus,-0.006211,-0.017442,0.01123,0.017391,-0.028612,0.046003,0.130435,-0.04859,0.179025,0.147826,0.02684,0.120986
7974.T,2025-11-04,6,streak_5plus,-0.007666,-0.017442,0.009776,0.028747,-0.028612,0.057358,-0.029897,-0.04859,0.018693,-0.326792,0.02684,-0.353631
1802.T,2025-11-04,12,streak_5plus,0.013783,-0.017442,0.031224,0.084418,-0.028612,0.11303,0.194104,-0.04859,0.242694,0.469372,0.02684,0.442533
7203.T,2025-11-05,6,streak_5plus,-0.03645,-0.024951,-0.011499,-0.002536,-0.012705,0.010169,-0.016482,-0.009103,-0.007379,0.198098,0.053527,0.144571
4912.T,2025-11-05,5,streak_5plus,-0.010016,-0.024951,0.014935,0.0,-0.012705,0.012705,0.040711,-0.009103,0.049814,0.113409,0.053527,0.059882
6963.T,2025-11-05,2,streak_2,-0.075566,-0.024951,-0.050615,-0.204249,-0.012705,-0.191544,-0.115053,-0.009103,-0.10595,0.006013,0.053527,-0.047514
7211.T,2025-11-05,5,streak_5plus,-0.013971,-0.024951,0.01098,-0.000537,-0.012705,0.012168,-0.009941,-0.009103,-0.000838,0.176518,0.053527,0.122991
7013.T,2025-11-05,2,streak_2,0.000953,-0.024951,0.025905,-0.074357,-0.012705,-0.061652,-0.057197,-0.009103,-0.048094,0.253893,0.053527,0.200366
4088.T,2025-11-05,3,streak_3,0.006612,-0.024951,0.031563,0.04332,-0.012705,0.056025,-0.01596,-0.009103,-0.006857,0.104195,0.053527,0.050668
9412.T,2025-11-05,3,streak_3,0.08055,-0.024951,0.105502,0.084479,-0.012705,0.097184,0.24296,-0.009103,0.252063,0.683694,0.053527,0.630167
8056.T,2025-11-05,2,streak_2,-0.000649,-0.024951,0.024302,-0.07711,-0.012705,-0.064405,-0.081818,-0.009103,-0.072715,-0.237013,0.053527,-0.29054
9142.T,2025-11-05,3,streak_3,0.015322,-0.024951,0.040273,-0.006129,-0.012705,0.006576,0.020429,-0.009103,0.029532,0.04239,0.053527,-0.011137
7201.T,2025-11-05,2,streak_2,-0.027533,-0.024951,-0.002582,0.029236,-0.012705,0.041941,0.072381,-0.009103,0.081485,0.182515,0.053527,0.128988
6367.T,2025-11-05,6,streak_5plus,-0.009408,-0.024951,0.015544,0.092418,-0.012705,0.105123,0.120642,-0.009103,0.129745,-0.00332,0.053527,-0.056847
1332.T,2025-11-05,3,streak_3,-0.000937,-0.024951,0.024015,0.074473,-0.012705,0.087178,0.123185,-0.009103,0.132288,0.334895,0.053527,0.281368
4901.T,2025-11-05,5,streak_5plus,-0.005062,-0.024951,0.01989,-0.066367,-0.012705,-0.053662,-0.068054,-0.009103,-0.058951,-0.149606,0.053527,-0.203133
4902.T,2025-11-05,2,streak_2,-0.016676,-0.024951,0.008276,0.194553,-0.012705,0.207257,0.20289,-0.009103,0.211994,0.143784,0.053527,0.090257
5947.T,2025-11-05,14,streak_5plus,-0.004115,-0.024951,0.020836,0.127866,-0.012705,0.140571,0.151969,-0.009103,0.161072,0.246914,0.053527,0.193387
9434.T,2025-11-06,2,streak_2,-0.000926,0.013371,-0.014298,0.036591,0.016949,0.019642,-0.003242,0.005568,-0.008811,-0.012043,0.122513,-0.134556
6326.T,2025-11-06,2,streak_2,-0.002515,0.013371,-0.015887,0.062626,0.016949,0.045677,0.131791,0.005568,0.126222,0.357143,0.122513,0.23463
8086.T,2025-11-06,3,streak_3,-0.007021,0.013371,-0.020393,0.005684,0.016949,-0.011265,-0.038783,0.005568,-0.044351,-0.031762,0.122513,-0.154275
7752.T,2025-11-06,5,streak_5plus,-0.005725,0.013371,-0.019097,0.04771,0.016949,0.030761,0.04084,0.005568,0.035271,0.177863,0.122513,0.055349
6098.T,2025-11-06,7,streak_5plus,0.012464,0.013371,-0.000908,0.13073,0.016949,0.113781,0.142363,0.005568,0.136794,-0.009417,0.122513,-0.13193
5411.T,2025-11-06,2,streak_2,0.025261,0.013371,0.01189,0.054878,0.016949,0.037929,0.124564,0.005568,0.118996,0.315621,0.122513,0.193108
6976.T,2025-11-06,2,streak_2,0.032312,0.013371,0.01894,-0.201948,0.016949,-0.218897,-0.08268,0.005568,-0.088248,-0.073177,0.122513,-0.19569
9706.T,2025-11-06,6,streak_5plus,-0.009699,0.013371,-0.02307,0.071399,0.016949,0.05445,-0.087908,0.005568,-0.093476,0.157656,0.122513,0.035143
6963.T,2025-11-06,3,streak_3,0.027754,0.013371,0.014382,-0.091934,0.016949,-0.108883,-0.048569,0.005568,-0.054137,0.121422,0.122513,-0.001091
4536.T,2025-11-06,2,streak_2,-0.012512,0.013371,-0.025884,0.006256,0.016949,-0.010693,0.021403,0.005568,0.015834,0.159697,0.122513,0.037184
6622.T,2025-11-06,3,streak_3,0.035892,0.013371,0.022521,-0.054835,0.016949,-0.071784,-0.053838,0.005568,-0.059407,0.317049,0.122513,0.194536
7956.T,2025-11-06,2,streak_2,0.031897,0.013371,0.018525,-0.045115,0.016949,-0.062064,-0.072701,0.005568,-0.07827,-0.050862,0.122513,-0.173375
2810.T,2025-11-06,6,streak_5plus,-0.034252,0.013371,-0.047624,-0.0149,0.016949,-0.031849,-0.018496,0.005568,-0.024065,0.065251,0.122513,-0.057262
6925.T,2025-11-06,2,streak_2,0.015416,0.013371,0.002044,-0.025558,0.016949,-0.042507,-0.012373,0.005568,-0.017942,0.206085,0.122513,0.083572
2815.T,2025-11-06,2,streak_2,0.005607,0.013371,-0.007764,0.007477,0.016949,-0.009472,-0.026168,0.005568,-0.031737,0.093458,0.122513,-0.029055
4901.T,2025-11-06,6,streak_5plus,-0.036179,0.013371,-0.04955,-0.050028,0.016949,-0.066977,-0.081402,0.005568,-0.08697,-0.137083,0.122513,-0.259596
8113.T,2025-11-07,2,streak_2,0.003207,-0.011935,0.015142,-0.042794,0.007825,-0.050619,-0.105031,-0.00593,-0.099101,-0.042093,0.132987,-0.175079
8410.T,2025-11-07,2,streak_2,0.001788,-0.011935,0.013724,0.027182,0.007825,0.019357,0.043634,-0.00593,0.049564,0.07618,0.132987,-0.056807
7752.T,2025-11-07,6,streak_5plus,0.019194,-0.011935,0.031129,0.045681,0.007825,0.037857,0.060269,-0.00593,0.066199,0.208061,0.132987,0.075075
7701.T,2025-11-07,2,streak_2,-0.005736,-0.011935,0.0062,0.082793,0.007825,0.074968,0.107481,-0.00593,0.113411,0.05985,0.132987,-0.073136
4912.T,2025-11-07,6,streak_5plus,0.005527,-0.011935,0.017462,0.009103,0.007825,0.001278,0.042913,-0.00593,0.048843,0.105332,0.132987,-0.027655
4927.T,2025-11-07,2,streak_2,0.002263,-0.011935,0.014199,0.006035,0.007825,-0.001789,0.00679,-0.00593,0.01272,0.057714,0.132987,-0.075273
7943.T,2025-11-07,2,streak_2,-0.001478,-0.011935,0.010458,0.076099,0.007825,0.068274,0.154414,-0.00593,0.160344,0.339121,0.132987,0.206134
4385.T,2025-11-07,7,streak_5plus,-0.002914,-0.011935,0.009021,0.176194,0.007825,0.168369,0.319883,-0.00593,0.325813,0.599193,0.132987,0.466206
8331.T,2025-11-07,4,streak_4,-0.013188,-0.011935,-0.001253,0.019453,0.007825,0.011628,0.122651,-0.00593,0.128581,0.572371,0.132987,0.439384
6406.T,2025-11-07,2,streak_2,0.000706,-0.011935,0.012641,0.003707,0.007825,-0.004118,0.00459,-0.00593,0.01052,0.0,0.132987,-0.132987
3289.T,2025-11-07,2,streak_2,0.0,-0.011935,0.011935,0.074177,0.007825,0.066352,0.151131,-0.00593,0.15706,0.239587,0.132987,0.106601
5831.T,2025-11-07,9,streak_5plus,-0.021881,-0.011935,-0.009946,-0.006983,0.007825,-0.014808,0.09567,-0.00593,0.1016,0.36243,0.132987,0.229443
8359.T,2025-11-07,2,streak_2,-0.029869,-0.011935,-0.017934,-0.023958,0.007825,-0.031782,0.055383,-0.00593,0.061313,0.331674,0.132987,0.198687
9706.T,2025-11-07,7,streak_5plus,-0.006043,-0.011935,0.005892,0.072932,0.007825,0.065107,-0.058762,-0.00593,-0.052832,0.195457,0.132987,0.062471
6370.T,2025-11-07,2,streak_2,0.000699,-0.011935,0.012634,0.123864,0.007825,0.11604,0.171034,-0.00593,0.176964,0.392732,0.132987,0.259746
6326.T,2025-11-07,3,streak_3,0.042612,-0.011935,0.054547,0.061271,0.007825,0.053446,0.139687,-0.00593,0.145617,0.382753,0.132987,0.249767
2154.T,2025-11-07,2,streak_2,0.006957,-0.011935,0.018892,0.037101,0.007825,0.029277,0.038261,-0.00593,0.044191,0.126957,0.132987,-0.00603
7270.T,2025-11-09,2,streak_2,0.019039,0.012638,0.006401,0.073436,0.001992,0.071444,0.018132,0.007533,0.010599,-0.04926,0.14646,-0.195719
1979.T,2025-11-09,2,streak_2,0.013115,0.012638,0.000477,0.032787,0.001992,0.030795,0.057377,0.007533,0.049844,0.285246,0.14646,0.138786
8086.T,2025-11-10,4,streak_4,0.001356,0.012638,-0.011282,0.00373,0.001992,0.001738,-0.015938,0.007533,-0.023471,0.029841,0.14646,-0.116619
6758.T,2025-11-10,11,streak_5plus,0.00587,0.012638,-0.006768,0.103545,0.001992,0.101553,0.011035,0.007533,0.003502,-0.153557,0.14646,-0.300017
4186.T,2025-11-10,7,streak_5plus,0.011872,0.012638,-0.000766,0.082588,0.001992,0.080596,0.042326,0.007533,0.034793,0.433242,0.14646,0.286782
1803.T,2025-11-10,2,streak_2,0.038171,0.012638,0.025533,0.146057,0.001992,0.144065,0.230171,0.007533,0.222638,0.581714,0.14646,0.435254
8331.T,2025-11-10,5,streak_5plus,-0.000334,0.012638,-0.012972,0.043101,0.001992,0.041108,0.136986,0.007533,0.129453,0.611427,0.14646,0.464967
1808.T,2025-11-10,3,streak_3,0.035575,0.012638,0.022937,0.131221,0.001992,0.129229,0.165824,0.007533,0.158291,0.357309,0.14646,0.21085
2587.T,2025-11-10,2,streak_2,0.006042,0.012638,-0.006596,0.043958,0.001992,0.041966,0.005208,0.007533,-0.002325,-0.002917,0.14646,-0.149377
1801.T,2025-11-10,9,streak_5plus,0.011265,0.012638,-0.001373,0.084922,0.001992,0.08293,0.206672,0.007533,0.199139,0.614385,0.14646,0.467925
6324.T,2025-11-10,3,streak_3,-0.00037,0.012638,-0.013008,0.01555,0.001992,0.013558,0.362458,0.007533,0.354925,0.447612,0.14646,0.301152
9984.T,2025-11-10,5,streak_5plus,0.025576,0.012638,0.012938,-0.088479,0.001992,-0.090471,-0.133641,0.007533,-0.141174,-0.778018,0.14646,-0.924478
5021.T,2025-11-10,4,streak_4,0.027651,0.012638,0.015013,0.106613,0.001992,0.104621,0.178449,0.007533,0.170916,0.336374,0.14646,0.189914
1812.T,2025-11-10,6,streak_5plus,0.012651,0.012638,1.3e-05,0.090891,0.001992,0.088899,0.111911,0.007533,0.104378,0.48151,0.14646,0.33505
6544.T,2025-11-10,5,streak_5plus,0.002731,0.012638,-0.009907,0.029219,0.001992,0.027227,-0.015019,0.007533,-0.022552,-0.113599,0.14646,-0.260059
8308.T,2025-11-10,10,streak_5plus,0.010282,0.012638,-0.002356,0.055721,0.001992,0.053729,0.021559,0.007533,0.014026,0.439469,0.14646,0.293009
5631.T,2025-11-10,2,streak_2,0.009673,0.012638,-0.002965,0.085012,0.001992,0.08302,0.067145,0.007533,0.059612,0.103221,0.14646,-0.043239
6753.T,2025-11-10,4,streak_4,0.01459,0.012638,0.001952,0.032767,0.001992,0.030775,-0.036833,0.007533,-0.044366,-0.192298,0.14646,-0.338758
9435.T,2025-11-10,2,streak_2,0.039604,0.012638,0.026966,0.088366,0.001992,0.086374,0.034653,0.007533,0.02712,0.081683,0.14646,-0.064777
2201.T,2025-11-10,5,streak_5plus,-0.007939,0.012638,-0.020577,-0.045052,0.001992,-0.047044,-0.033419,0.007533,-0.040952,0.01551,0.14646,-0.13095
8309.T,2025-11-10,3,streak_3,0.01939,0.012638,0.006752,0.032159,0.001992,0.030167,0.084181,0.007533,0.076648,0.364389,0.14646,0.217929
8252.T,2025-11-10,9,streak_5plus,0.018218,0.012638,0.00558,0.026241,0.001992,0.024249,0.043289,0.007533,0.035756,0.071035,0.14646,-0.075425
2607.T,2025-11-10,3,streak_3,-0.009694,0.012638,-0.022332,0.077236,0.001992,0.075244,0.100063,0.007533,0.09253,0.261413,0.14646,0.114954
8358.T,2025-11-10,3,streak_3,0.023026,0.012638,0.010388,0.026974,0.001992,0.024982,0.107237,0.007533,0.099704,0.421711,0.14646,0.275251
8354.T,2025-11-10,2,streak_2,0.021978,0.012638,0.00934,0.019735,0.001992,0.017743,0.083651,0.007533,0.076118,0.635569,0.14646,0.489109
5713.T,2025-11-10,3,streak_3,0.023829,0.012638,0.011191,0.058452,0.001992,0.05646,0.089817,0.007533,0.082284,1.198574,0.14646,1.052114
6448.T,2025-11-10,2,streak_2,0.012825,0.012638,0.000187,0.158882,0.001992,0.15689,0.19487,0.007533,0.187337,0.206355,0.14646,0.059895
3769.T,2025-11-10,7,streak_5plus,0.009442,0.012638,-0.003196,0.17361,0.001992,0.171618,0.170542,0.007533,0.163009,0.043078,0.14646,-0.103382
3291.T,2025-11-11,2,streak_2,0.015155,-0.001352,0.016507,-0.012663,-0.011546,-0.001117,0.00519,-0.006069,0.011258,0.102346,0.118444,-0.016098
3923.T,2025-11-11,6,streak_5plus,0.001244,-0.001352,0.002596,0.044776,-0.011546,0.056323,-0.099088,-0.006069,-0.093019,-0.365672,0.118444,-0.484116
5838.T,2025-11-11,11,streak_5plus,0.009621,-0.001352,0.010973,-0.068849,-0.011546,-0.057303,-0.078596,-0.006069,-0.072527,0.064351,0.118444,-0.054093
2264.T,2025-11-11,2,streak_2,0.023991,-0.001352,0.025343,0.089233,-0.011546,0.10078,0.097133,-0.006069,0.103201,0.312171,0.118444,0.193727
4516.T,2025-11-11,6,streak_5plus,0.013186,-0.001352,0.014538,0.087397,-0.011546,0.098943,0.831953,-0.006069,0.838022,0.526526,0.118444,0.408081
4527.T,2025-11-11,5,streak_5plus,-0.022774,-0.001352,-0.021422,0.012836,-0.011546,0.024383,0.041822,-0.006069,0.04789,0.040994,0.118444,-0.077451
4186.T,2025-11-11,8,streak_5plus,-0.019725,-0.001352,-0.018373,0.08825,-0.011546,0.099797,0.038259,-0.006069,0.044327,0.415746,0.118444,0.297301
5020.T,2025-11-11,6,streak_5plus,-0.002481,-0.001352,-0.001129,0.046154,-0.011546,0.0577,0.090819,-0.006069,0.096887,0.414888,0.118444,0.296444
1662.T,2025-11-11,3,streak_3,-0.005201,-0.001352,-0.003849,0.033432,-0.011546,0.044979,0.070579,-0.006069,0.076648,0.661218,0.118444,0.542774
5105.T,2025-11-11,4,streak_4,-0.022828,-0.001352,-0.021476,0.006755,-0.011546,0.018302,0.025157,-0.006069,0.031226,0.029117,0.118444,-0.089327
6856.T,2025-11-11,4,streak_4,-0.015273,-0.001352,-0.013921,0.064,-0.011546,0.075546,0.162182,-0.006069,0.16825,0.418182,0.118444,0.299737
9984.T,2025-11-11,6,streak_5plus,0.019771,-0.001352,0.021123,-0.086048,-0.011546,-0.074502,-0.161537,-0.006069,-0.155468,-0.802741,0.118444,-0.921185
7936.T,2025-11-11,4,streak_4,0.014813,-0.001352,0.016165,-0.019122,-0.011546,-0.007576,0.008618,-0.006069,0.014687,0.183948,0.118444,0.065504
5021.T,2025-11-11,5,streak_5plus,-0.006657,-0.001352,-0.005305,0.094868,-0.011546,0.106415,0.158391,-0.006069,0.16446,0.268239,0.118444,0.149794
8308.T,2025-11-11,11,streak_5plus,0.001641,-0.001352,0.002993,0.028562,-0.011546,0.040108,-0.002626,-0.006069,0.003442,0.406435,0.118444,0.28799
6269.T,2025-11-11,10,streak_5plus,-0.016619,-0.001352,-0.015267,0.431624,-0.011546,0.44317,0.218424,-0.006069,0.224492,0.363248,0.118444,0.244804
8252.T,2025-11-11,10,streak_5plus,-0.01346,-0.001352,-0.012108,0.009192,-0.011546,0.020739,0.026921,-0.006069,0.032989,0.038739,0.118444,-0.079705
2607.T,2025-11-11,4,streak_4,0.029365,-0.001352,0.030717,0.108936,-0.011546,0.120482,0.100095,-0.006069,0.106163,0.283233,0.118444,0.164789
3099.T,2025-11-11,2,streak_2,-0.014759,-0.001352,-0.013407,-0.056409,-0.011546,-0.044863,-0.040032,-0.006069,-0.033964,0.207643,0.118444,0.089198
3659.T,2025-11-11,2,streak_2,0.038298,-0.001352,0.03965,0.110334,-0.011546,0.121881,0.169605,-0.006069,0.175673,-0.043161,0.118444,-0.161605
6383.T,2025-11-11,3,streak_3,-0.004358,-0.001352,-0.003006,0.003962,-0.011546,0.015508,0.000198,-0.006069,0.006267,0.250198,0.118444,0.131754
8411.T,2025-11-12,3,streak_3,0.022898,0.004335,0.018563,-0.003948,-0.042089,0.038142,0.099684,-0.013652,0.113336,0.436044,0.117292,0.318752
7181.T,2025-11-12,3,streak_3,0.010989,0.004335,0.006654,0.022977,-0.042089,0.065066,0.082667,-0.013652,0.096319,0.221279,0.117292,0.103986
6055.T,2025-11-12,4,streak_4,-0.008151,0.004335,-0.012485,-0.176261,-0.042089,-0.134171,-0.159959,-0.013652,-0.146307,0.01732,0.117292,-0.099972
1662.T,2025-11-12,4,streak_4,0.00224,0.004335,-0.002094,0.007468,-0.042089,0.049558,0.054518,-0.013652,0.06817,0.660941,0.117292,0.543649
7747.T,2025-11-12,2,streak_2,0.004688,0.004335,0.000353,0.158108,-0.042089,0.200197,0.274025,-0.013652,0.287677,0.231622,0.117292,0.114329
1808.T,2025-11-12,4,streak_4,0.008221,0.004335,0.003887,0.059417,-0.042089,0.101506,0.119581,-0.013652,0.133234,0.192451,0.117292,0.075159
6324.T,2025-11-12,4,streak_4,0.000742,0.004335,-0.003592,-0.070898,-0.042089,-0.028809,0.417966,-0.013652,0.431618,0.440238,0.117292,0.322945
8129.T,2025-11-12,3,streak_3,0.003117,0.004335,-0.001217,-0.00665,-0.042089,0.035439,-0.02286,-0.013652,-0.009207,-0.030549,0.117292,-0.147841
6178.T,2025-11-12,3,streak_3,0.013518,0.004335,0.009184,-0.018718,-0.042089,0.023372,0.094281,-0.013652,0.107933,0.379896,0.117292,0.262604
3197.T,2025-11-12,2,streak_2,-0.009774,0.004335,-0.014109,0.073812,-0.042089,0.115901,0.119649,-0.013652,0.133302,0.229525,0.117292,0.112233
4612.T,2025-11-12,6,streak_5plus,0.000303,0.004335,-0.004031,-0.026388,-0.042089,0.015702,0.033263,-0.013652,0.046915,0.221312,0.117292,0.10402
5108.T,2025-11-12,2,streak_2,0.032655,0.004335,0.028321,0.017903,-0.042089,0.059993,0.027213,-0.013652,0.040865,-0.488828,0.117292,-0.606121
8309.T,2025-11-12,4,streak_4,0.009695,0.004335,0.005361,-0.023084,-0.042089,0.019005,0.054247,-0.013652,0.0679,0.278624,0.117292,0.161332
5101.T,2025-11-12,2,streak_2,0.001965,0.004335,-0.002369,0.017509,-0.042089,0.059599,0.13275,-0.013652,0.146402,0.200822,0.117292,0.08353
2501.T,2025-11-12,2,streak_2,0.053485,0.004335,0.049151,0.064611,-0.042089,0.106701,0.070241,-0.013652,0.083893,-0.763941,0.117292,-0.881233
7202.T,2025-11-12,2,streak_2,0.03272,0.004335,0.028385,0.15593,-0.042089,0.19802,0.209867,-0.013652,0.223519,0.423569,0.117292,0.306276
8306.T,2025-11-12,2,streak_2,0.033814,0.004335,0.02948,0.010123,-0.042089,0.052212,0.050398,-0.013652,0.06405,0.253931,0.117292,0.136638
2413.T,2025-11-12,2,streak_2,0.021098,0.004335,0.016764,0.22105,-0.042089,0.26314,-0.003117,-0.013652,0.010535,-0.214577,0.117292,-0.331869
4681.T,2025-11-12,2,streak_2,0.006171,0.004335,0.001837,-0.00322,-0.042089,0.03887,0.045613,-0.013652,0.059265,-0.00483,0.117292,-0.122122
8591.T,2025-11-12,3,streak_3,0.014164,0.004335,0.00983,0.016225,-0.042089,0.058314,0.117693,-0.013652,0.131345,0.372908,0.117292,0.255615
7182.T,2025-11-12,5,streak_5plus,0.013032,0.004335,0.008698,-0.012453,-0.042089,0.029636,0.192876,-0.013652,0.206528,0.769476,0.117292,0.652184
8316.T,2025-11-12,2,streak_2,0.019533,0.004335,0.015199,0.038352,-0.042089,0.080441,0.153168,-0.013652,0.16682,0.39495,0.117292,0.277658
2201.T,2025-11-12,6,streak_5plus,0.004651,0.004335,0.000317,-0.01693,-0.042089,0.025159,-0.036837,-0.013652,-0.023185,0.043349,0.117292,-0.073943
4478.T,2025-11-12,9,streak_5plus,0.004335,0.004335,1e-06,-0.031792,-0.042089,0.010298,-0.157225,-0.013652,-0.143573,-0.350578,0.117292,-0.46787
6273.T,2025-11-13,2,streak_2,0.052622,0.004279,0.048342,-0.036073,-0.04946,0.013387,0.057828,-0.004441,0.062269,0.351804,0.107772,0.244032
9024.T,2025-11-13,3,streak_3,-0.011999,0.004279,-0.016279,-0.070447,-0.04946,-0.020987,-0.090962,-0.004441,-0.086521,-0.136443,0.107772,-0.244215
9987.T,2025-11-13,2,streak_2,-0.02955,0.004279,-0.033829,-0.030054,-0.04946,0.019407,0.048523,-0.004441,0.052963,0.0455,0.107772,-0.062271
6544.T,2025-11-13,6,streak_5plus,-0.020649,0.004279,-0.024928,0.017967,-0.04946,0.067428,-0.064092,-0.004441,-0.059651,-0.129794,0.107772,-0.237565
7186.T,2025-11-13,11,streak_5plus,0.028915,0.004279,0.024635,0.064502,-0.04946,0.113962,0.148577,-0.004441,0.153017,0.435498,0.107772,0.327727
9843.T,2025-11-13,4,streak_4,0.006229,0.004279,0.001949,0.067511,-0.04946,0.116971,0.160137,-0.004441,0.164577,0.379144,0.107772,0.271372
4516.T,2025-11-13,7,streak_5plus,0.00509,0.004279,0.00081,0.083832,-0.04946,0.133293,0.675449,-0.004441,0.67989,0.461078,0.107772,0.353306
4478.T,2025-11-13,10,streak_5plus,0.035971,0.004279,0.031692,-0.086331,-0.04946,-0.036871,-0.149353,-0.004441,-0.144912,-0.36,0.107772,-0.467772
8358.T,2025-11-13,4,streak_4,0.041667,0.004279,0.037387,-0.025,-0.04946,0.02446,0.09359,-0.004441,0.098031,0.317308,0.107772,0.209536
3099.T,2025-11-13,3,streak_3,0.017206,0.004279,0.012927,-0.045547,-0.04946,0.003914,-0.019838,-0.004441,-0.015397,0.197976,0.107772,0.090204
6951.T,2025-11-14,2,streak_2,-0.010587,-0.017653,0.007066,-0.106256,-0.028429,-0.077827,-0.06256,-0.021718,-0.040843,0.232724,0.11431,0.118414
9989.T,2025-11-14,2,streak_2,0.004461,-0.017653,0.022115,0.011505,-0.028429,0.039934,0.011035,-0.021718,0.032753,-0.015966,0.11431,-0.130276
4612.T,2025-11-14,7,streak_5plus,0.000803,-0.017653,0.018456,-0.020273,-0.028429,0.008156,0.045263,-0.021718,0.066981,0.242975,0.11431,0.128665
3923.T,2025-11-14,7,streak_5plus,-0.021032,-0.017653,-0.003378,-0.029762,-0.028429,-0.001333,-0.184127,-0.021718,-0.162409,-0.361111,0.11431,-0.475421
8411.T,2025-11-14,4,streak_4,-0.002635,-0.017653,0.015019,-0.029168,-0.028429,-0.000739,0.101242,-0.021718,0.12296,0.323485,0.11431,0.209175
7181.T,2025-11-14,4,streak_4,0.00582,-0.017653,0.023473,0.020369,-0.028429,0.048798,0.088264,-0.021718,0.109981,0.184045,0.11431,0.069735
7747.T,2025-11-14,3,streak_3,0.006303,-0.017653,0.023956,0.128571,-0.028429,0.157,0.25126,-0.021718,0.272978,0.241597,0.11431,0.127287
6407.T,2025-11-14,2,streak_2,-0.037677,-0.017653,-0.020023,-0.190581,-0.028429,-0.162152,-0.13124,-0.021718,-0.109523,0.642072,0.11431,0.527763
2267.T,2025-11-14,2,streak_2,-0.016182,-0.017653,0.001471,-0.049467,-0.028429,-0.021038,-0.114748,-0.021718,-0.09303,-0.050754,0.11431,-0.165064
4324.T,2025-11-14,2,streak_2,-0.006096,-0.017653,0.011558,0.05608,-0.028429,0.084509,0.014325,-0.021718,0.036043,-0.125876,0.11431,-0.240186
8306.T,2025-11-14,3,streak_3,0.000408,-0.017653,0.018062,-0.025918,-0.028429,0.002511,0.044082,-0.021718,0.065799,0.204694,0.11431,0.090384
8316.T,2025-11-14,3,streak_3,-0.000231,-0.017653,0.017423,0.019626,-0.028429,0.048055,0.175248,-0.021718,0.196966,0.357192,0.11431,0.242883
7182.T,2025-11-14,6,streak_5plus,-0.008463,-0.017653,0.009191,-0.012412,-0.028429,0.016017,0.179972,-0.021718,0.201689,0.672214,0.11431,0.557905
8958.T,2025-11-19,5,streak_5plus,-0.003492,-0.003394,-9.8e-05,-0.003492,0.017578,-0.021069,-0.032821,0.006129,-0.038951,-0.018855,0.176952,-0.195807
8986.T,2025-11-20,2,streak_2,0.007055,0.0265,-0.019445,0.0194,0.03357,-0.014169,-0.000882,0.019974,-0.020856,0.035273,0.206961,-0.171688
8923.T,2025-11-29,6,streak_5plus,-0.014493,-0.018917,0.004424,-0.022343,0.004735,-0.027078,0.029589,0.005433,0.024157,-0.028986,0.099975,-0.128961
3038.T,2025-12-12,2,streak_2,0.006056,0.013714,-0.007658,0.062208,-0.022878,0.085086,0.00523,0.078998,-0.073769,0.009909,0.101509,-0.0916
3309.T,2025-12-15,8,streak_5plus,-0.001266,-0.013149,0.011883,0.113924,-0.026149,0.140073,0.16962,0.060972,0.108648,0.156962,0.049885,0.107077
8975.T,2025-12-15,7,streak_5plus,-0.016244,-0.013149,-0.003095,-0.010152,-0.026149,0.015997,0.004061,0.060972,-0.056911,-0.027411,0.049885,-0.077296
8972.T,2025-12-17,4,streak_4,0.003409,0.002612,0.000797,-0.002841,0.020849,-0.02369,0.007386,0.073057,-0.065671,-0.063068,0.058096,-0.121165
4716.T,2025-12-23,2,streak_2,0.010208,0.000208,0.01,-0.034634,0.002471,-0.037104,-0.205614,0.049261,-0.254875,-0.379657,0.029432,-0.40909
3086.T,2025-12-26,11,streak_5plus,-0.005121,0.006797,-0.011918,-0.009575,0.03701,-0.046584,-0.007571,0.058876,-0.066447,0.108884,0.040777,0.068107
4088.T,2025-12-29,4,streak_4,0.002205,-0.004403,0.006608,0.013668,0.023874,-0.010205,0.03373,0.050688,-0.016958,-0.030423,0.04676,-0.077184
