symbol,event_date,surprise_raw,category,quintile,stock_ret_1d,bench_ret_1d,abnormal_ret_1d,stock_ret_5d,bench_ret_5d,abnormal_ret_5d,stock_ret_21d,bench_ret_21d,abnormal_ret_21d,stock_ret_63d,bench_ret_63d,abnormal_ret_63d
CTX.DE,2008-01-23,13.95,positive,Q4,0.108173,-0.000635,0.108808,0.108173,0.004498,0.103675,0.108173,-0.002167,0.11034,-0.067308,3.7e-05,-0.067344
CTX.DE,2008-04-23,2.94,positive,Q3,0.0,0.011033,-0.011033,0.0,0.032532,-0.032532,0.109279,0.019427,0.089851,-0.079381,-0.041814,-0.037567
CTX.DE,2008-07-23,5.56,positive,Q4,0.0,-0.00062,0.00062,0.0,0.006033,-0.006033,0.0,-0.015259,0.015259,-0.084547,-0.25716,0.172613
CTX.DE,2008-10-22,16.22,positive,Q4,0.0,-0.049568,0.049568,0.110703,0.07735,0.033353,0.110703,-0.086796,0.197499,0.12477,-0.043428,0.168198
CTX.DE,2009-01-28,2.13,positive,Q3,0.0,-0.02027,0.02027,0.0,0.018604,-0.018604,0.0,-0.131968,0.131968,0.0,0.077085,-0.077085
CTX.DE,2009-04-29,3.23,positive,Q3,0.0,0.027886,-0.027886,0.0,0.030286,-0.030286,0.0,0.078229,-0.078229,0.0,0.105016,-0.105016
CTX.DE,2009-07-22,2.63,positive,Q3,0.0,-0.003415,0.003415,0.0,0.021607,-0.021607,0.0,0.041061,-0.041061,0.0,0.107578,-0.107578
CTX.DE,2009-10-21,4.88,positive,Q4,0.0,-0.003936,0.003936,0.0,-0.03045,0.03045,0.413812,-0.017314,0.431126,0.602501,-0.022829,0.62533
CTX.DE,2010-01-27,26.92,positive,Q5,0.0,0.012357,-0.012357,-0.025042,-0.00128,-0.023763,0.094247,0.010492,0.083755,0.231133,0.109123,0.12201
CTX.DE,2010-04-21,0.0,negative,Q3,0.0563,0.014721,0.041579,0.037058,-0.00386,0.040918,0.080388,-0.055031,0.135419,0.001996,-0.032621,0.034617
CTX.DE,2010-07-28,-8.89,negative,Q3,0.043528,0.002163,0.041365,0.195163,0.032419,0.162745,0.223329,-0.029917,0.253245,0.422475,0.078097,0.344378
CTX.DE,2010-10-21,26.53,positive,Q5,0.0,0.005052,-0.005052,0.0,-0.000677,0.000677,-0.0557,0.03273,-0.08843,-0.0436,0.069118,-0.112718
CTX.DE,2011-01-26,8.33,positive,Q4,0.0,-0.007376,0.007376,0.022585,0.005325,0.01726,0.020493,0.004135,0.016358,0.129235,0.04467,0.084565
CTX.DE,2011-04-27,19.05,positive,Q5,0.061111,0.005249,0.055862,0.066667,-0.013145,0.079811,0.11537,-0.041704,0.157075,0.11537,-0.016825,0.132195
GIB.DE,2011-06-29,7.71,positive,Q4,0.025117,0.005857,0.01926,0.005841,0.012906,-0.007065,0.033878,-0.029483,0.063361,-0.079439,-0.23695,0.157511
CTX.DE,2011-07-27,3.64,positive,Q4,0.0,-0.004352,0.004352,0.0,-0.107829,0.107829,0.0,-0.229842,0.229842,0.0,-0.16328,0.16328
GIB.DE,2011-09-29,-21.86,negative,Q2,-0.037711,-0.051856,0.014144,-0.014954,0.062753,-0.077708,0.082575,0.06043,0.022144,0.053966,0.072034,-0.018067
CTX.DE,2011-10-27,10.34,positive,Q4,0.0,-0.032279,0.032279,0.0,-0.059883,0.059883,0.0,-0.09468,0.09468,0.0,0.030516,-0.030516
CTX.DE,2012-01-25,2.63,positive,Q3,0.0,-0.004262,0.004262,0.0,0.017704,-0.017704,0.0,0.049631,-0.049631,0.0,0.030589,-0.030589
GIB.DE,2012-03-30,37.04,positive,Q5,-0.004792,-0.010539,0.005747,0.0,-0.054122,0.054122,0.010117,-0.070172,0.080289,0.124601,-0.0678,0.192401
CTX.DE,2012-04-25,15.69,positive,Q4,0.0,0.009113,-0.009113,0.0,-0.026474,0.026474,0.0,-0.061827,0.061827,0.0,-0.049464,0.049464
GIB.DE,2012-06-29,45.36,positive,Q5,-0.003774,0.012643,-0.016417,0.014151,-0.016704,0.030855,0.084906,0.042515,0.042391,0.04717,0.122218,-0.075049
CTX.DE,2012-07-25,20.34,positive,Q5,0.0,0.016169,-0.016169,0.0,0.003514,-0.003514,0.0,0.058957,-0.058957,0.0,0.092647,-0.092647
GIB.DE,2012-09-29,-7.72,negative,Q3,0.007052,-8.9e-05,0.007141,0.014544,-0.013774,0.028318,0.082415,0.00408,0.078335,0.042309,0.058419,-0.01611
CTX.DE,2012-10-24,4.62,positive,Q4,0.0,0.004392,-0.004392,0.0,0.018811,-0.018811,0.0,0.015125,-0.015125,0.0,0.090044,-0.090044
GIB.DE,2012-12-30,2.21,positive,Q3,0.009477,0.00257,0.006907,-0.025546,-0.006184,-0.019361,-0.006593,0.009921,-0.016513,-0.044499,0.007858,-0.052357
CTX.DE,2013-01-30,7.14,positive,Q4,0.0,0.007374,-0.007374,0.0,-0.023817,0.023817,0.0,-0.008731,0.008731,0.0,0.044526,-0.044526
GIB.DE,2013-03-30,38.36,positive,Q5,-0.009398,-0.007284,-0.002114,-0.026912,-0.008143,-0.018769,0.011106,0.031435,-0.020328,-0.004699,0.004574,-0.009273
CTX.DE,2013-04-24,-1.59,negative,Q3,0.0,-0.002311,0.002311,0.0,0.036951,-0.036951,0.0,0.070273,-0.070273,0.0,0.069738,-0.069738
GIB.DE,2013-06-29,35.97,positive,Q5,-0.019313,-0.010296,-0.009017,0.045923,0.01858,0.027343,0.034764,0.046165,-0.011401,0.101288,0.094901,0.006387
CTX.DE,2013-07-24,4.76,positive,Q4,0.0,-0.006515,0.006515,0.0,0.013466,-0.013466,0.0,0.01422,-0.01422,0.0,0.074814,-0.074814
GIB.DE,2013-09-29,13.24,positive,Q4,-0.004691,-0.006873,0.002182,-0.022674,-0.019847,-0.002827,0.05903,0.039679,0.019351,-0.135653,0.085033,-0.220685
CTX.DE,2013-10-23,1.45,positive,Q3,0.0,0.000569,-0.000569,0.0,0.005934,-0.005934,0.0,0.026547,-0.026547,0.0,0.047467,-0.047467
GIB.DE,2013-12-30,53.29,positive,Q5,-0.003592,0.003735,-0.007327,0.025595,0.002295,0.0233,0.057027,-0.009953,0.06698,0.229906,0.021667,0.208239
CTX.DE,2014-01-29,6.12,positive,Q4,0.0,-0.007148,0.007148,0.0,-0.012471,0.012471,0.0,0.033989,-0.033989,0.0,0.019474,-0.019474
CTX.DE,2014-04-23,10.34,positive,Q4,0.0,-0.015408,0.015408,0.0,0.000769,-0.000769,0.0,0.036041,-0.036041,0.0,0.021456,-0.021456
GIB.DE,2014-06-29,4.65,positive,Q4,0.006798,0.000895,0.005903,-0.017675,-0.013102,-0.004573,0.009177,-0.031177,0.040355,0.009177,-0.041592,0.050769
CTX.DE,2014-07-23,27.87,positive,Q5,0.0,-0.01532,0.01532,0.0,-0.039471,0.039471,0.0,-0.046445,0.046445,0.0,-0.087188,0.087188
CTX.DE,2014-10-22,2.74,positive,Q3,0.0,-0.006578,0.006578,0.0,0.007464,-0.007464,0.0,0.07574,-0.07574,0.0,0.174778,-0.174778
CTX.DE,2015-01-28,7.84,positive,Q4,0.0,-0.004056,0.004056,0.0,0.015603,-0.015603,0.0,0.061818,-0.061818,0.0,0.066727,-0.066727
CTX.DE,2015-04-22,0.0,negative,Q3,0.0,0.007444,-0.007444,0.0,-0.022962,0.022962,0.0,-0.008398,0.008398,0.0,-0.018038,0.018038
TUI1.DE,2015-05-13,79.79,positive,Q5,0.009375,-0.009757,0.019132,0.026136,0.026365,-0.000228,-0.024432,-0.049728,0.025297,-0.123011,-0.05495,-0.068062
GIB.DE,2015-06-29,-29.72,negative,Q2,0.0,0.02152,-0.02152,0.0,-0.024503,0.024503,0.0,0.024384,-0.024384,0.0,-0.114796,0.114796
CTX.DE,2015-07-28,21.95,positive,Q5,0.0,0.00404,-0.00404,0.0,0.037857,-0.037857,0.0,-0.079936,0.079936,0.0,-0.036614,0.036614
CTX.DE,2015-10-21,23.81,positive,Q5,0.0,0.028838,-0.028838,0.0,0.029439,-0.029439,0.0,0.059842,-0.059842,0.0,-0.072038,0.072038
CTX.DE,2016-01-27,39.5,positive,Q5,0.0,0.016445,-0.016445,0.0,-0.025544,0.025544,0.0,-0.013101,0.013101,0.0,0.070704,-0.070704
CTX.DE,2016-04-20,28.26,positive,Q5,0.0,-0.005964,0.005964,0.0,-0.01098,0.01098,0.0,-0.056866,0.056866,0.0,-0.028146,0.028146
STM.DE,2016-05-13,-21.21,negative,Q2,-0.032552,0.005363,-0.037915,0.03099,0.016897,0.014092,0.002604,-0.028663,0.031267,0.0625,0.083238,-0.020738
GIB.DE,2016-06-29,18.57,positive,Q5,0.0,0.00992,-0.00992,0.0,-0.026995,0.026995,0.043126,0.067914,-0.024788,0.043126,0.070391,-0.027265
CTX.DE,2016-07-26,5.26,positive,Q4,0.0,-0.004324,0.004324,0.0,-0.014472,0.014472,0.0,0.020354,-0.020354,0.0,0.04242,-0.04242
5FB.DE,2016-08-02,9.09,positive,Q4,0.053435,0.005669,0.047767,0.034351,0.047263,-0.012912,0.015267,0.035801,-0.020533,-0.091603,0.034999,-0.126602
TUI1.DE,2016-08-11,30.77,positive,Q5,-0.009377,0.002406,-0.011784,-0.009377,-0.015781,0.006404,0.001125,-0.02629,0.027416,0.0,-0.007776,0.007776
STM.DE,2016-08-12,42.19,positive,Q5,0.01102,-0.005825,0.016845,-0.056272,-0.022801,-0.033471,-0.070809,-0.032834,-0.037975,-0.127081,-0.006635,-0.120445
CTX.DE,2016-10-19,10.92,positive,Q4,0.0,0.000873,-0.000873,0.0,0.001466,-0.001466,0.0,-0.003442,0.003442,0.0,0.083914,-0.083914
5FB.DE,2016-11-02,0.0,negative,Q3,-0.022846,-0.006464,-0.016381,-0.001738,0.029464,-0.031202,-0.021604,0.018155,-0.03976,-0.31711,0.129153,-0.446263
TUI1.DE,2016-12-08,-21.83,negative,Q2,-0.020673,-0.001198,-0.019475,0.028031,0.017885,0.010146,0.064471,0.033888,0.030583,0.079187,0.069153,0.010035
CTX.DE,2017-01-25,8.05,positive,Q4,0.0,-0.0029,0.0029,0.0,-0.018625,0.018625,0.0,-0.003764,0.003764,0.0,0.05023,-0.05023
STM.DE,2017-02-13,71.08,positive,Q5,0.006485,0.001879,0.004606,0.02767,0.016623,0.011047,0.057501,0.020223,0.037278,0.186987,0.073039,0.113948
5FB.DE,2017-02-22,-12.0,negative,Q2,0.028727,-0.012036,0.040763,0.090909,0.009352,0.081557,-0.104727,0.009746,-0.114473,-0.121818,0.054767,-0.176585
CTX.DE,2017-04-26,2.11,positive,Q3,0.0,-0.000465,0.000465,0.0,0.021947,-0.021947,0.0,0.01488,-0.01488,0.0,-0.018624,0.018624
5FB.DE,2017-05-03,16.67,positive,Q4,-0.028272,0.005464,-0.033736,-0.063823,0.005003,-0.068826,-0.173015,0.013849,-0.186864,-0.239885,-0.036868,-0.203017
GIB.DE,2017-06-29,4.44,positive,Q4,0.0,0.012186,-0.012186,0.0,0.005157,-0.005157,0.0,-0.016784,0.016784,0.0,0.02696,-0.02696
CTX.DE,2017-08-02,4.04,positive,Q4,0.0,0.011765,-0.011765,0.0,-0.011553,0.011553,0.0,-0.000994,0.000994,0.0,0.10582,-0.10582
5FB.DE,2017-08-02,46.67,positive,Q5,0.080624,0.011765,0.068859,0.094655,-0.011553,0.106207,0.108018,-0.000994,0.109012,0.27706,0.10582,0.17124
STM.DE,2017-08-11,57.33,positive,Q5,0.032838,0.00098,0.031858,0.030418,-0.008149,0.038567,0.043899,0.029564,0.014335,0.084342,0.074746,0.009595
CTX.DE,2017-10-25,17.31,positive,Q4,0.0,0.006416,-0.006416,0.0,0.026313,-0.026313,0.0,-0.010133,0.010133,0.0,0.014558,-0.014558
5FB.DE,2017-11-01,-68.89,negative,Q1,0.0,0.002822,-0.002822,0.0,-0.019223,0.019223,0.0,-0.04311,0.04311,0.0,-0.048789,0.048789
TUI1.DE,2017-12-13,-24.55,negative,Q2,0.009486,0.002715,0.006771,0.054282,0.003188,0.051094,0.106983,0.008867,0.098115,0.112253,-0.05192,0.164173
CTX.DE,2018-01-31,3.75,positive,Q4,0.0,-0.016821,0.016821,0.0,-0.057184,0.057184,0.0,-0.083836,0.083836,0.0,-0.014173,0.014173
CTX.DE,2018-04-25,22.86,positive,Q5,0.0,0.006432,-0.006432,0.0,0.025529,-0.025529,0.0,0.013283,-0.013283,0.0,0.0247,-0.0247
5FB.DE,2018-05-02,10.53,positive,Q4,0.0,0.010201,-0.010201,0.0,0.026219,-0.026219,0.0,0.006351,-0.006351,0.0,0.003696,-0.003696
GIB.DE,2018-06-29,-3.4,negative,Q3,0.0,0.009068,-0.009068,0.0,0.024981,-0.024981,0.0,0.046357,-0.046357,0.0,0.016131,-0.016131
CTX.DE,2018-07-25,6.67,positive,Q4,0.0,0.003995,-0.003995,0.0,-0.020524,0.020524,0.0,-0.032376,0.032376,0.0,-0.126284,0.126284
5FB.DE,2018-08-01,8.33,positive,Q4,0.0,0.005534,-0.005534,0.0,0.010344,-0.010344,0.0,-0.014528,0.014528,0.0,-0.087581,0.087581
CTX.DE,2018-10-24,12.0,positive,Q4,0.0,-0.009419,0.009419,0.0,0.014276,-0.014276,0.0,-0.01012,0.01012,0.0,-0.007808,0.007808
STM.DE,2018-11-16,265.85,positive,Q5,-0.013463,-0.015841,0.002378,0.040389,0.009799,0.03059,-0.108078,-0.044791,-0.063287,-0.168287,0.015896,-0.184183
HBM.DE,2018-11-29,102.0,positive,Q5,0.024834,0.018497,0.006338,-0.007174,-0.041675,0.034501,-0.13521,-0.045254,-0.089956,-0.113135,0.029349,-0.142484
DB1.DE,2018-12-30,-51.1,negative,Q1,0.024339,0.033699,-0.009359,0.029163,0.048473,-0.01931,0.101085,0.073344,0.027741,0.100537,0.128461,-0.027923
WUW.DE,2018-12-30,-30.17,negative,Q2,0.017485,0.033699,-0.016213,0.029142,0.048473,-0.019331,0.041632,0.073344,-0.031712,0.118235,0.128461,-0.010226
CTX.DE,2019-01-23,5.03,positive,Q4,0.0,0.013622,-0.013622,0.0,0.003856,-0.003856,0.0,0.029426,-0.029426,0.0,0.10354,-0.10354
STM.DE,2019-02-04,19.48,positive,Q5,0.039372,-0.003805,0.043178,0.033142,-0.021279,0.054421,0.069524,0.019322,0.050202,-0.079242,0.071424,-0.150667
TUI1.DE,2019-02-12,20.0,positive,Q5,-0.030389,-0.006934,-0.023455,0.024716,0.021021,0.003695,-0.008104,0.037632,-0.045736,-0.034441,0.102367,-0.136807
5FB.DE,2019-02-27,100.0,positive,Q5,0.0,0.007472,-0.007472,0.0,0.000188,-0.000188,0.0,0.000903,-0.000903,0.0,0.01834,-0.01834
WCH.DE,2019-03-30,-125.85,negative,Q1,0.059065,0.016981,0.042083,0.047456,0.008148,0.039308,0.014169,0.045266,-0.031097,-0.075964,0.074447,-0.150412
CTX.DE,2019-04-24,8.55,positive,Q4,0.0,0.002653,-0.002653,0.0,0.010596,-0.010596,0.0,-0.017213,0.017213,0.0,0.006473,-0.006473
5FB.DE,2019-05-01,31.82,positive,Q5,0.0,-0.01014,0.01014,0.0,-0.028432,0.028432,0.0,-0.049944,0.049944,0.0,-0.012858,0.012858
HBM.DE,2019-05-30,0.62,positive,Q3,-0.028374,0.005626,-0.033999,0.0,0.027163,-0.027163,0.116263,0.068209,0.048054,0.033218,0.009554,0.023664
GIB.DE,2019-06-29,-7.86,negative,Q3,0.0,0.007146,-0.007146,0.0,-0.007198,0.007198,0.0,-0.026957,0.026957,0.0,-0.011637,0.011637
WUW.DE,2019-06-29,14.44,positive,Q4,0.000657,0.007146,-0.006489,-0.012492,-0.007198,-0.005294,-0.076923,-0.026957,-0.049966,-0.08021,-0.011637,-0.068573
DB1.DE,2019-06-30,-5.19,negative,Q3,0.005419,0.007146,-0.001728,-0.002709,-0.007198,0.004489,-0.018703,-0.026957,0.008254,0.115364,-0.011637,0.127002
CTX.DE,2019-07-24,-9.7,negative,Q2,0.0,0.004676,-0.004676,0.0,-0.008813,0.008813,0.0,-0.060717,0.060717,0.0,0.035276,-0.035276
5FB.DE,2019-07-31,22.22,positive,Q5,0.0,-0.03107,0.03107,0.0,-0.033276,0.033276,0.0,-0.025615,0.025615,0.0,0.053625,-0.053625
STM.DE,2019-08-05,3.81,positive,Q4,-0.01086,0.007105,-0.017965,0.021435,0.015748,0.005687,0.015433,0.039513,-0.02408,0.287225,0.135574,0.15165
HBM.DE,2019-08-30,15.44,positive,Q4,0.027423,-0.00359,0.031014,0.045281,0.022781,0.0225,0.048469,0.025937,0.022532,0.126276,0.107297,0.018979
WCH.DE,2019-09-29,493.04,positive,Q5,-0.00192,-0.027608,0.025688,0.03157,-0.013827,0.045397,0.19006,0.049166,0.140894,0.102602,0.070383,0.03222
WUW.DE,2019-09-29,-29.5,negative,Q2,-0.022017,-0.027608,0.005591,-0.034091,-0.013827,-0.020264,0.017756,0.049166,-0.03141,0.056818,0.070383,-0.013564
SY1.DE,2019-09-29,-58.79,negative,Q1,-0.029455,-0.027608,-0.001847,-0.016133,-0.013827,-0.002306,-0.007089,0.049166,-0.056254,0.066732,0.070383,-0.003651
PAH3.DE,2019-09-29,-45.85,negative,Q1,-0.024635,-0.027608,0.002973,-0.00327,-0.013827,0.010557,0.112274,0.049166,0.063108,0.124046,0.070383,0.053664
DB1.DE,2019-09-30,-11.76,negative,Q2,-0.020335,-0.027608,0.007273,0.001041,-0.013827,0.014868,-0.011048,0.049166,-0.060214,-0.015291,0.070383,-0.085674
HEI.DE,2019-09-30,59.06,positive,Q5,-0.048556,-0.027608,-0.020948,-0.079242,-0.013827,-0.065415,0.01065,0.049166,-0.038516,-0.03556,0.070383,-0.105942
UN9.DE,2019-09-30,17.82,positive,Q4,-0.014851,-0.027608,0.012757,-0.006601,-0.013827,0.007226,0.033003,0.049166,-0.016162,0.10066,0.070383,0.030277
CTX.DE,2019-10-24,21.6,positive,Q5,0.0,0.00366,-0.00366,0.0,0.00516,-0.00516,0.0,0.027294,-0.027294,0.912826,0.034937,0.877889
5FB.DE,2019-11-06,0.0,negative,Q3,0.0,-0.004583,0.004583,0.0,-0.008219,0.008219,0.084234,-0.009246,0.093481,0.055807,0.025462,0.030345
STM.DE,2019-11-15,-13.53,negative,Q2,-0.044101,0.001068,-0.045169,-0.050509,0.002986,-0.053495,0.026951,0.006119,0.020831,-0.083113,0.034602,-0.117716
HBM.DE,2019-11-29,5.71,positive,Q4,-0.010674,0.001898,-0.012572,0.007865,0.01087,-0.003005,0.171348,0.02022,0.151128,-0.042135,-0.078672,0.036537
SND.DE,2019-12-30,-0.78,negative,Q3,-0.002563,-0.01246,0.009897,-0.012207,0.008153,-0.02036,-0.026611,-0.030178,0.003567,-0.157349,-0.25774,0.100391
WUW.DE,2019-12-30,17.26,positive,Q4,-0.012426,-0.01246,3.4e-05,-0.010464,0.008153,-0.018617,-0.022891,-0.030178,0.007287,-0.286462,-0.25774,-0.028722
BSN.DE,2019-12-30,-29.38,negative,Q2,0.007606,-0.01246,0.020066,-0.0167,0.008153,-0.024852,-0.02166,-0.030178,0.008518,-0.208168,-0.25774,0.049572
CAR.DE,2019-12-30,135.09,positive,Q5,0.004255,-0.01246,0.016715,0.014468,0.008153,0.006315,0.022979,-0.030178,0.053157,-0.036596,-0.25774,0.221144
LOR.DE,2019-12-30,-46.28,negative,Q1,-0.001486,-0.01246,0.010974,-0.00454,0.008153,-0.012693,-0.045441,-0.030178,-0.015263,-0.097693,-0.25774,0.160047
DWS.DE,2019-12-30,-10.71,negative,Q2,-0.002407,-0.01246,0.010053,0.029369,0.008153,0.021217,0.125662,-0.030178,0.15584,-0.293211,-0.25774,-0.035471
RNL.DE,2019-12-30,-201.75,negative,Q1,-0.014667,-0.01246,-0.002207,0.003929,0.008153,-0.004224,-0.159246,-0.030178,-0.129068,-0.575956,-0.25774,-0.318216
HNK1.DE,2019-12-30,-13.71,negative,Q2,0.000809,-0.01246,0.013269,0.025656,0.008153,0.017503,0.018144,-0.030178,0.048322,-0.217381,-0.25774,0.040359
RIO1.DE,2019-12-30,-28.18,negative,Q2,-0.008157,-0.01246,0.004303,-0.014199,0.008153,-0.022352,-0.081571,-0.030178,-0.051393,-0.171601,-0.25774,0.086139
HMI.DE,2019-12-30,0.0,negative,Q3,0.0,-0.01246,0.01246,0.0,0.008153,-0.008153,None,None,None,None,None,None
AIL.DE,2019-12-30,-18.7,negative,Q2,-0.000752,-0.01246,0.011709,-0.0102,0.008153,-0.018352,0.033605,-0.030178,0.063783,-0.079772,-0.25774,0.177968
GOB.DE,2019-12-30,-22.35,negative,Q2,-0.019523,-0.01246,-0.007063,-0.035947,0.008153,-0.044099,-0.075302,-0.030178,-0.045124,-0.402231,-0.25774,-0.144491
PPX.DE,2019-12-30,-27.91,negative,Q2,0.006199,-0.01246,0.018659,-0.003177,0.008153,-0.011329,-0.066093,-0.030178,-0.035915,-0.199733,-0.25774,0.058007
FTE.DE,2019-12-30,10.75,positive,Q4,0.005519,-0.01246,0.017979,-0.002208,0.008153,-0.01036,-0.028698,-0.030178,0.00148,-0.156733,-0.25774,0.101007
HEN.DE,2019-12-30,81.1,positive,Q5,-0.003536,-0.01246,0.008924,0.025743,0.008153,0.01759,0.001839,-0.030178,0.032017,-0.191938,-0.25774,0.065802
HEN3.DE,2019-12-30,81.1,positive,Q5,0.000639,-0.01246,0.013099,0.020572,0.008153,0.01242,0.008561,-0.030178,0.038739,-0.197036,-0.25774,0.060705
G24.DE,2019-12-30,-123.53,negative,Q1,0.004212,-0.01246,0.016672,0.013368,0.008153,0.005215,0.042849,-0.030178,0.073027,-0.081304,-0.25774,0.176436
NGLB.DE,2019-12-30,7.48,positive,Q4,-0.015477,-0.01246,-0.003017,-0.029456,0.008153,-0.037608,-0.091862,-0.030178,-0.061684,-0.370444,-0.25774,-0.112704
PER.DE,2019-12-30,-12.19,negative,Q2,0.0,-0.01246,0.01246,0.0,0.008153,-0.008153,1.298492,-0.030178,1.32867,0.871208,-0.25774,1.128948
BEI.DE,2019-12-30,-12.26,negative,Q2,0.0,-0.01246,0.01246,0.014246,0.008153,0.006094,-0.030768,-0.030178,-0.00059,-0.123862,-0.25774,0.133878
GUI.DE,2019-12-30,-52.65,negative,Q1,-0.003389,-0.01246,0.009071,0.0191,0.008153,0.010948,-0.044054,-0.030178,-0.013876,-0.211337,-0.25774,0.046403
UNVB.DE,2019-12-31,-20.87,negative,Q2,-0.025956,-0.006971,-0.018985,-0.004719,0.019984,-0.024703,0.029023,-0.013159,0.042182,-0.095328,-0.27796,0.182632
DB1.DE,2019-12-31,-9.38,negative,Q3,-0.007504,-0.006971,-0.000533,0.034051,0.019984,0.014068,0.072057,-0.013159,0.085216,-0.129105,-0.27796,0.148855
NVJP.DE,2019-12-31,-4.63,negative,Q3,0.0,-0.006971,0.006971,0.0,0.019984,-0.019984,0.089561,-0.013159,0.10272,-0.172725,-0.27796,0.105235
BMT.DE,2019-12-31,-29.9,negative,Q2,0.001593,-0.006971,0.008564,0.041418,0.019984,0.021434,0.01593,-0.013159,0.029089,-0.150538,-0.27796,0.127422
O2D.DE,2019-12-31,22.48,positive,Q5,0.004975,-0.006971,0.011946,0.039801,0.019984,0.019817,0.049751,-0.013159,0.06291,-0.144279,-0.27796,0.133681
CTX.DE,2020-01-22,1.79,positive,Q3,0.100322,0.014061,0.08626,0.084043,-0.017276,0.101319,0.091804,0.014259,0.077545,0.244138,-0.21471,0.458848
KFI1.DE,2020-01-30,-192.91,negative,Q1,0.0,0.00487,-0.00487,0.068421,0.040968,0.027453,-0.073684,-0.086589,0.012905,-0.231579,-0.193743,-0.037836
STM.DE,2020-02-03,-20.75,negative,Q2,-0.037801,0.014802,-0.052602,-0.043865,0.026058,-0.069923,-0.164948,-0.08689,-0.078059,-0.305438,-0.201445,-0.103993
5FB.DE,2020-02-20,-487.08,negative,Q1,-0.008974,-0.040067,0.031094,-0.036573,-0.124379,0.087806,-0.042838,-0.35629,0.313452,-0.000169,-0.161131,0.160962
TCO0.DE,2020-02-28,-9.91,negative,Q2,0.0,0.010754,-0.010754,0.065116,-0.103969,0.169085,0.009302,-0.162089,0.171391,0.032558,0.053086,-0.020528
HBM.DE,2020-02-28,27.63,positive,Q5,0.034869,0.010754,0.024115,-0.023661,-0.103969,0.080308,-0.122665,-0.162089,0.039424,0.330635,0.053086,0.277549
XGR2.DE,2020-03-30,-1.28,negative,Q3,-0.015117,-0.039362,0.024244,-0.004535,0.042358,-0.046893,0.011338,0.053439,-0.042101,-0.095238,0.268988,-0.364226
SY1.DE,2020-03-30,-51.97,negative,Q1,0.002374,-0.039362,0.041736,0.05373,0.042358,0.011372,0.077471,0.053439,0.024032,0.247532,0.268988,-0.021456
1TY.DE,2020-03-30,-69.82,negative,Q1,-0.037948,-0.039362,0.001414,0.010892,0.042358,-0.031465,0.065706,0.053439,0.012267,0.329585,0.268988,0.060598
WCH.DE,2020-03-30,232.91,positive,Q5,-0.015803,-0.039362,0.023559,0.038536,0.042358,-0.003822,0.131411,0.053439,0.077972,0.374827,0.268988,0.105839
JUN3.DE,2020-03-30,-46.24,negative,Q1,-0.009748,-0.039362,0.029613,0.068237,0.042358,0.025879,0.134037,0.053439,0.080599,0.459789,0.268988,0.190801
PAH3.DE,2020-03-30,-89.29,negative,Q1,-0.049498,-0.039362,-0.010137,0.075585,0.042358,0.033227,0.128428,0.053439,0.074989,0.370234,0.268988,0.101246
WUW.DE,2020-03-30,-65.33,negative,Q1,-0.0055,-0.039362,0.033862,0.090742,0.042358,0.048385,0.129239,0.053439,0.0758,0.146654,0.268988,-0.122333
EJT1.DE,2020-03-30,-171.33,negative,Q1,-0.038745,-0.039362,0.000616,0.101476,0.042358,0.059118,-0.066421,0.053439,-0.11986,0.167897,0.268988,-0.101091
CCAP.DE,2020-03-30,0.2,positive,Q3,-0.052158,-0.039362,-0.012796,0.004878,0.042358,-0.03748,-0.312946,0.053439,-0.366384,-0.324578,0.268988,-0.593566
AOMD.DE,2020-03-31,3.34,positive,Q4,-0.017974,0.002731,-0.020705,-0.031373,0.082573,-0.113946,-0.039216,0.124122,-0.163337,0.07451,0.312573,-0.238063
8TI.DE,2020-03-31,3.49,positive,Q4,-0.008108,0.002731,-0.010839,0.121622,0.082573,0.039049,0.208108,0.124122,0.083986,0.402703,0.312573,0.09013
ITB.DE,2020-03-31,-45.69,negative,Q1,0.022928,0.002731,0.020196,0.044092,0.082573,-0.038481,0.104938,0.124122,-0.019183,-0.03351,0.312573,-0.346083
CTX.DE,2020-04-23,47.86,positive,Q5,0.029646,0.031337,-0.001691,-0.00316,0.012646,-0.015806,-0.052671,0.113056,-0.165728,-0.06033,0.242062,-0.302391
STM.DE,2020-05-04,-13.21,negative,Q2,-0.031294,-0.011488,-0.019806,0.047364,0.008392,0.038972,0.292924,0.158545,0.134379,0.057231,0.178715,-0.121484
5FB.DE,2020-05-06,-50.0,negative,Q1,0.0,0.013496,-0.013496,-0.033269,-0.039245,0.005976,-0.099004,0.191493,-0.290496,-0.117969,0.176683,-0.294652
HBM.DE,2020-05-30,6.48,positive,Q4,0.0,-0.004549,0.004549,0.111839,0.003427,0.108412,0.281235,0.009698,0.271538,0.717361,0.036679,0.680682
NNGF.DE,2020-06-25,-41.29,negative,Q1,0.003881,0.011806,-0.007925,-0.009056,0.036295,-0.045351,-0.045278,0.061978,-0.107256,-0.100906,0.045791,-0.146696
NGLB.DE,2020-06-29,-32.54,negative,Q2,-0.021381,-0.004091,-0.01729,-0.005498,0.024845,-0.030343,0.051313,0.041535,0.009779,-0.024435,0.012856,-0.037291
LOR.DE,2020-06-29,-12.63,negative,Q2,0.003167,-0.004091,0.007257,0.022357,0.024845,-0.002488,0.02518,0.041535,-0.016354,-0.039716,0.012856,-0.052572
O2D.DE,2020-06-29,-70.5,negative,Q1,0.009302,-0.004091,0.013393,0.004651,0.024845,-0.020194,-0.106977,0.041535,-0.148511,-0.148837,0.012856,-0.161693
AXA.DE,2020-06-29,-17.13,negative,Q2,-0.005275,-0.004091,-0.001184,0.03165,0.024845,0.006805,-0.003014,0.041535,-0.044549,-0.131123,0.012856,-0.143979
PPX.DE,2020-06-29,-50.34,negative,Q1,-0.007137,-0.004091,-0.003046,0.030337,0.024845,0.005491,0.036837,0.041535,-0.004697,0.168783,0.012856,0.155926
WUW.DE,2020-06-29,-0.46,negative,Q3,0.011336,-0.004091,0.015427,0.011336,0.024845,-0.013509,-0.037247,0.041535,-0.078782,-0.063968,0.012856,-0.076824
BEI.DE,2020-06-29,-13.1,negative,Q2,0.013853,-0.004091,0.017944,-0.028322,0.024845,-0.053168,0.020216,0.041535,-0.021319,-0.08784,0.012856,-0.100696
GOB.DE,2020-06-29,-186.24,negative,Q1,0.011445,-0.004091,0.015536,0.027182,0.024845,0.002336,0.036481,0.041535,-0.005054,0.089413,0.012856,0.076557
HMI.DE,2020-06-29,-10.11,negative,Q2,0.00028,-0.004091,0.004371,0.033964,0.024845,0.009118,-0.008621,0.041535,-0.050155,-0.016975,0.012856,-0.029831
BSN.DE,2020-06-29,-8.28,negative,Q3,-0.009749,-0.004091,-0.005659,-0.00199,0.024845,-0.026835,0.016116,0.041535,-0.025418,-0.080581,0.012856,-0.093437
RDEB.DE,2020-06-29,-16.47,negative,Q2,0.001611,-0.004091,0.005702,-0.000537,0.024845,-0.025382,-0.102041,0.041535,-0.143575,-0.076799,0.012856,-0.089655
AIL.DE,2020-06-29,3.3,positive,Q4,0.002693,-0.004091,0.006784,0.028074,0.024845,0.003229,0.097897,0.041535,0.056362,0.047136,0.012856,0.03428
GZF.DE,2020-06-29,-96.02,negative,Q1,-0.009321,-0.004091,-0.00523,0.026631,0.024845,0.001786,0.019973,0.041535,-0.021561,0.010652,0.012856,-0.002204
CAR.DE,2020-06-29,-108.45,negative,Q1,-0.020055,-0.004091,-0.015964,-0.006381,0.024845,-0.031226,-0.000912,0.041535,-0.042446,-0.004558,0.012856,-0.017414
HNK1.DE,2020-06-29,-192.98,negative,Q1,-0.00587,-0.004091,-0.001779,0.013874,0.024845,-0.010971,0.038821,0.041535,-0.002714,-0.088714,0.012856,-0.10157
GIB.DE,2020-06-29,-3.7,negative,Q3,0.0,-0.004091,0.004091,0.0,0.024845,-0.024845,0.0,0.041535,-0.041535,0.0,0.012856,-0.012856
DWS.DE,2020-06-29,0.0,negative,Q3,-0.009976,-0.004091,-0.005886,0.050831,0.024845,0.025986,-0.020903,0.041535,-0.062437,-0.127316,0.012856,-0.140172
SND.DE,2020-06-29,3.73,positive,Q4,-0.017996,-0.004091,-0.013905,-0.004443,0.024845,-0.029289,0.035325,0.041535,-0.006209,0.03788,0.012856,0.025024
RNL.DE,2020-06-29,-105.05,negative,Q1,-0.053805,-0.004091,-0.049715,0.021813,0.024845,-0.003033,0.055259,0.041535,0.013725,-0.047504,0.012856,-0.06036
MOH.DE,2020-06-29,-67.41,negative,Q1,0.002425,-0.004091,0.006516,0.037649,0.024845,0.012804,-0.003018,0.041535,-0.044552,0.029527,0.012856,0.016671
RIO1.DE,2020-06-29,-15.81,negative,Q2,-0.015971,-0.004091,-0.01188,0.014742,0.024845,-0.010103,0.05344,0.041535,0.011905,0.053133,0.012856,0.040277
JDE.DE,2020-06-29,-72.38,negative,Q1,0.005361,-0.004091,0.009452,0.030274,0.024845,0.005429,0.04415,0.041535,0.002615,-0.02239,0.012856,-0.035247
PER.DE,2020-06-29,-426.89,negative,Q1,0.006148,-0.004091,0.010239,0.010759,0.024845,-0.014086,0.035095,0.041535,-0.006439,-0.047391,0.012856,-0.060247
HEN3.DE,2020-06-30,-10.95,negative,Q2,0.009908,0.028375,-0.018467,0.0038,0.019105,-0.015305,-0.002986,0.009712,-0.012698,0.045195,0.049777,-0.004582
NVJP.DE,2020-06-30,-40.06,negative,Q1,0.023464,0.028375,-0.00491,0.035328,0.019105,0.016223,0.032955,0.009712,0.023243,-0.155286,0.049777,-0.205063
1N8.DE,2020-06-30,-23.65,negative,Q2,0.011792,0.028375,-0.016583,0.069228,0.019105,0.050123,0.05135,0.009712,0.041638,0.218334,0.049777,0.168557
UNVB.DE,2020-06-30,4.17,positive,Q4,0.021393,0.028375,-0.006982,-0.014925,0.019105,-0.03403,0.065174,0.009712,0.055462,0.10199,0.049777,0.052213
GUI.DE,2020-06-30,-129.23,negative,Q1,0.018638,0.028375,-0.009736,0.02054,0.019105,0.001435,0.053252,0.009712,0.04354,-0.004945,0.049777,-0.054722
BMT.DE,2020-06-30,-2.91,negative,Q3,0.002633,0.028375,-0.025742,-0.024133,0.019105,-0.043238,-0.134708,0.009712,-0.144421,-0.084247,0.049777,-0.134025
CTX.DE,2020-07-23,24.39,positive,Q5,-0.028906,4.7e-05,-0.028953,-0.044805,-0.040871,-0.003934,-0.047374,0.017797,-0.065171,-0.054313,-0.021843,-0.03247
ASG.DE,2020-07-29,1.67,positive,Q3,-0.011628,-0.005355,-0.006273,-0.002114,0.017127,-0.019241,0.034884,0.052792,-0.017909,-0.090909,-0.025532,-0.065377
KFI1.DE,2020-07-30,18.66,positive,Q5,0.027907,0.027094,0.000813,0.088372,0.02936,0.059012,0.153488,0.051328,0.10216,0.195349,-0.061141,0.25649
STM.DE,2020-08-03,-50.94,negative,Q1,0.027268,0.004712,0.022555,0.109071,0.02746,0.081611,0.074514,0.050993,0.023521,0.161177,-0.082882,0.244059
5FB.DE,2020-08-05,45.45,positive,Q5,0.0,0.006608,-0.006608,0.015671,0.031928,-0.016258,-0.000364,0.019932,-0.020297,0.092566,-0.039923,0.132489
TUI1.DE,2020-08-13,14.85,positive,Q4,-0.053292,0.001498,-0.054789,-0.021944,-0.010583,-0.01136,0.085684,0.022658,0.063026,0.254963,0.024404,0.23056
HBM.DE,2020-08-30,22.48,positive,Q5,-0.002488,0.020747,-0.023235,-0.039812,-0.000456,-0.039356,0.194913,-0.016457,0.21137,0.002765,0.027857,-0.025093
TCO0.DE,2020-08-30,4.49,positive,Q4,0.004785,0.020747,-0.015963,0.004785,-0.000456,0.005241,-0.023923,-0.016457,-0.007466,0.062201,0.027857,0.034343
WUW.DE,2020-09-29,27.88,positive,Q5,-0.00172,-0.002348,0.000628,0.030954,0.013153,0.017802,0.0,-0.091112,0.091112,0.156492,0.075078,0.081414
SY1.DE,2020-09-29,-55.17,negative,Q1,0.006417,-0.002348,0.008765,-0.009269,0.013153,-0.022422,-0.093583,-0.091112,-0.002471,-0.081283,0.075078,-0.156361
G24.DE,2020-09-29,-35.24,negative,Q2,0.00347,-0.002348,0.005818,0.014746,0.013153,0.001593,-0.063033,-0.091112,0.028079,-0.099899,0.075078,-0.174977
EJT1.DE,2020-09-29,-34.53,negative,Q2,0.002193,-0.002348,0.004541,0.037281,0.013153,0.024128,-0.015351,-0.091112,0.075761,0.701754,0.075078,0.626676
CCAP.DE,2020-09-29,-66.15,negative,Q1,0.005383,-0.002348,0.007731,-0.046053,0.013153,-0.059205,-0.252392,-0.091112,-0.16128,-0.126794,0.075078,-0.201872
UN9.DE,2020-09-29,-118.08,negative,Q1,-0.010363,-0.002348,-0.008015,-0.002591,0.013153,-0.015744,-0.07513,-0.091112,0.015983,0.238342,0.075078,0.163264
XGR2.DE,2020-09-29,-93.25,negative,Q1,-0.006645,-0.002348,-0.004297,0.034053,0.013153,0.0209,-0.082226,-0.091112,0.008886,0.208472,0.075078,0.133394
AOMD.DE,2020-09-30,24.87,positive,Q5,-0.007255,-0.003278,-0.003977,-0.032044,0.024464,-0.056507,-0.08283,-0.09224,0.009411,0.337062,0.078233,0.258828
DWNI.DE,2020-09-30,-92.47,negative,Q1,0.010461,-0.003278,0.013739,0.02544,0.024464,0.000976,0.002378,-0.09224,0.094618,0.006419,0.078233,-0.071814
DB1.DE,2020-09-30,-8.82,negative,Q3,0.001042,-0.003278,0.00432,0.003425,0.024464,-0.021038,-0.147431,-0.09224,-0.055191,-0.052643,0.078233,-0.130877
PAH3.DE,2020-09-30,-68.39,negative,Q1,-0.021936,-0.003278,-0.018659,0.025971,0.024464,0.001507,-0.062027,-0.09224,0.030213,0.150277,0.078233,0.072044
1TY.DE,2020-09-30,-50.24,negative,Q1,0.008394,-0.003278,0.011672,-0.017068,0.024464,-0.041531,0.087577,-0.09224,0.179817,0.120313,0.078233,0.04208
ITB.DE,2020-09-30,-32.34,negative,Q2,-0.007835,-0.003278,-0.004558,-0.009794,0.024464,-0.034258,-0.090108,-0.09224,0.002132,0.184133,0.078233,0.1059
PHI1.DE,2020-09-30,-8.95,negative,Q3,-0.002474,-0.003278,0.000804,-0.00402,0.024464,-0.028483,-0.004329,-0.09224,0.087911,0.132344,0.078233,0.05411
8TI.DE,2020-09-30,118.38,positive,Q5,-0.001653,-0.003278,0.001625,0.029752,0.024464,0.005288,0.014876,-0.09224,0.107116,0.433058,0.078233,0.354824
TCO0.DE,2020-10-07,-29.02,negative,Q2,0.019512,0.000692,0.018821,0.009756,-0.025951,0.035707,0.004878,-0.043105,0.047984,0.160976,0.068581,0.092394
CTX.DE,2020-10-22,10.4,positive,Q4,-0.041141,-0.037054,-0.004088,-0.082005,-0.086137,0.004132,-0.0606,0.038054,-0.098654,-0.037984,0.096889,-0.134874
VOW.DE,2020-10-28,-119.57,negative,Q1,-0.010327,-0.003586,-0.006741,0.078569,0.083636,-0.005067,0.191845,0.149819,0.042026,0.287448,0.174507,0.112941
FPE.DE,2020-11-02,-63.41,negative,Q1,0.015922,0.019459,-0.003537,0.069574,0.088852,-0.019278,0.120457,0.101271,0.019186,0.079958,0.163067,-0.083108
5FB.DE,2020-11-04,75.0,positive,Q5,0.0,-0.007007,0.007007,0.004503,0.038579,-0.034076,-0.004503,0.058153,-0.062656,None,None,None
HEN.DE,2020-11-09,-10.95,negative,Q2,-0.027122,0.004032,-0.031154,-0.065365,-0.002252,-0.063113,-0.067128,0.013458,-0.080586,-0.084215,0.066686,-0.150901
NNGF.DE,2020-11-12,12.49,positive,Q4,-0.007538,0.004733,-0.012271,-0.017588,0.004629,-0.022217,-0.077889,0.011199,-0.089088,-0.06407,0.075545,-0.139615
STM.DE,2020-11-13,-37.25,negative,Q2,0.020805,-0.000391,0.021196,0.003533,-0.000886,0.004419,0.039843,0.017069,0.022774,0.117959,0.058656,0.059303
RIO1.DE,2020-12-30,-13.17,negative,Q2,0.002569,-0.005502,0.008071,0.071011,0.015293,0.055719,0.006307,0.007898,-0.001592,0.057697,0.100565,-0.042868
GZF.DE,2020-12-30,-274.45,negative,Q1,-0.016037,-0.005502,-0.010535,0.0252,0.015293,0.009908,0.019473,0.007898,0.011575,-0.053837,0.100565,-0.154402
GOB.DE,2020-12-30,-26.01,negative,Q2,-0.002394,-0.005502,0.003108,0.11909,0.015293,0.103798,0.099342,0.007898,0.091443,0.31927,0.100565,0.218705
PPX.DE,2020-12-30,26.86,positive,Q5,-0.015508,-0.005502,-0.010007,0.004658,0.015293,-0.010634,-0.043675,0.007898,-0.051573,0.037149,0.100565,-0.063416
AXA.DE,2020-12-30,-34.29,negative,Q2,-0.001386,-0.005502,0.004116,0.039501,0.015293,0.024208,-0.029799,0.007898,-0.037697,0.180873,0.100565,0.080308
GUI.DE,2020-12-30,-48.37,negative,Q1,0.001733,-0.005502,0.007235,0.009359,0.015293,-0.005934,0.042981,0.007898,0.035082,0.093241,0.100565,-0.007324
AIL.DE,2020-12-30,8.26,positive,Q4,-0.009853,-0.005502,-0.004351,-0.001463,0.015293,-0.016756,0.011804,0.007898,0.003905,0.026046,0.100565,-0.074519
HMI.DE,2020-12-30,31.36,positive,Q5,-0.017174,-0.005502,-0.011672,0.002492,0.015293,-0.012801,0.001587,0.007898,-0.006312,0.085164,0.100565,-0.015401
BSN.DE,2020-12-30,-12.73,negative,Q2,0.000651,-0.005502,0.006152,-0.033832,0.015293,-0.049125,0.001301,0.007898,-0.006597,0.069399,0.100565,-0.031166
RDEB.DE,2020-12-30,-12.69,negative,Q2,-0.009209,-0.005502,-0.003707,0.017876,0.015293,0.002584,None,None,None,0.06013,0.100565,-0.040435
NGLB.DE,2020-12-30,-8.7,negative,Q3,0.004409,-0.005502,0.009911,0.073192,0.015293,0.057899,-0.033069,0.007898,-0.040967,0.218695,0.100565,0.11813
SQU.DE,2020-12-30,10.93,positive,Q4,-0.01677,-0.005502,-0.011269,-0.001446,0.015293,-0.016738,-0.032962,0.007898,-0.040861,0.088478,0.100565,-0.012087
LOR.DE,2020-12-30,-7.19,negative,Q3,-0.008334,-0.005502,-0.002833,-0.018951,0.015293,-0.034244,-0.033096,0.007898,-0.040994,0.041154,0.100565,-0.059411
JDE.DE,2020-12-30,-58.2,negative,Q1,-0.025161,-0.005502,-0.01966,-0.053548,0.015293,-0.068841,-0.087419,0.007898,-0.095318,-0.115806,0.100565,-0.216371
MOH.DE,2020-12-30,12.48,positive,Q4,-0.010777,-0.005502,-0.005276,0.021128,0.015293,0.005835,0.026996,0.007898,0.019098,0.117162,0.100565,0.016597
RNL.DE,2020-12-30,-96.4,negative,Q1,0.024293,-0.005502,0.029794,0.013838,0.015293,-0.001455,0.006765,0.007898,-0.001133,0.063653,0.100565,-0.036912
SND.DE,2020-12-30,-8.68,negative,Q3,-0.009944,-0.005502,-0.004442,0.042307,0.015293,0.027014,0.034081,0.007898,0.026182,0.080908,0.100565,-0.019657
DWS.DE,2020-12-30,29.75,positive,Q5,0.01512,-0.005502,0.020621,0.00336,0.015293,-0.011933,-0.01596,0.007898,-0.023858,0.073919,0.100565,-0.026646
G24.DE,2020-12-30,11.91,positive,Q4,-0.013383,-0.005502,-0.007881,-0.035795,0.015293,-0.051088,-0.00516,0.007898,-0.013058,-0.011932,0.100565,-0.112497
CAR.DE,2020-12-30,-1.33,negative,Q3,0.038995,-0.005502,0.044497,0.058925,0.015293,0.043633,-0.012998,0.007898,-0.020897,0.053726,0.100565,-0.046839
PER.DE,2020-12-30,-9.34,negative,Q3,-0.021746,-0.005502,-0.016244,-0.013905,0.015293,-0.029198,-0.005399,0.007898,-0.013298,0.017973,0.100565,-0.082592
BEI.DE,2020-12-30,-9.02,negative,Q3,-0.009815,-0.005502,-0.004313,-0.013413,0.015293,-0.028706,-0.033152,0.007898,-0.04105,-0.050818,0.100565,-0.151383
HNK1.DE,2020-12-30,-89.7,negative,Q1,-0.008489,-0.005502,-0.002987,0.001793,0.015293,-0.013499,-0.020923,0.007898,-0.028821,-0.031683,0.100565,-0.132248
PHI1.DE,2020-12-31,-19.41,negative,Q2,0.011752,0.017636,-0.005884,0.0,0.02006,-0.02006,0.049524,0.020688,0.028837,0.108842,0.114382,-0.005541
1N8.DE,2020-12-31,6.61,positive,Q4,-0.047136,0.017636,-0.064772,-0.035626,0.02006,-0.055686,-0.003837,0.020688,-0.024524,0.086325,0.114382,-0.028057
NVJP.DE,2020-12-31,-79.77,negative,Q1,0.029851,0.017636,0.012215,0.094708,0.02006,0.074649,0.179919,0.020688,0.159231,0.12863,0.114382,0.014247
UNVB.DE,2020-12-31,-23.42,negative,Q2,0.010498,0.017636,-0.007138,0.003174,0.02006,-0.016886,0.003174,0.020688,-0.017514,-0.007812,0.114382,-0.122195
BMT.DE,2020-12-31,-26.8,negative,Q2,0.005107,0.017636,-0.012529,-0.012071,0.02006,-0.03213,-0.010678,0.020688,-0.031365,0.069174,0.114382,-0.045209
8TI.DE,2020-12-31,22.13,positive,Q5,-0.020809,0.017636,-0.038445,-0.010405,0.02006,-0.030464,0.065896,0.020688,0.045208,0.261272,0.114382,0.146889
HEN.DE,2020-12-31,-37.07,negative,Q2,0.011573,0.017636,-0.006062,-0.005713,0.02006,-0.025773,-0.004395,0.020688,-0.025083,0.086581,0.114382,-0.027802
HEN3.DE,2020-12-31,-37.07,negative,Q2,0.008495,0.017636,-0.009141,-0.00355,0.02006,-0.02361,-0.036896,0.020688,-0.057584,0.066819,0.114382,-0.047564
CTX.DE,2021-01-19,9.77,positive,Q4,0.0,-0.001056,0.001056,0.048781,-0.021615,0.070396,-0.019369,-0.002474,-0.016895,0.074536,0.091557,-0.017021
KFI1.DE,2021-01-30,-9.3,negative,Q3,-0.011494,0.007117,-0.018612,-0.057471,0.012767,-0.070239,-0.030651,0.017699,-0.04835,0.264368,0.073821,0.190547
STM.DE,2021-02-01,10.29,positive,Q4,-0.002214,0.007117,-0.009331,-0.020262,0.012767,-0.03303,-0.029287,0.017699,-0.046986,-0.008854,0.073821,-0.082675
TUI1.DE,2021-02-09,97.14,positive,Q5,0.015404,0.007747,0.007656,0.118916,-0.001701,0.120617,0.419593,0.045677,0.373916,0.354282,0.087365,0.266917
U9R.DE,2021-02-24,161.78,positive,Q5,0.021336,-0.006704,0.02804,0.049972,0.012753,0.037218,0.044919,0.062655,-0.017736,0.051095,0.118208,-0.067113
TCO0.DE,2021-02-27,15.34,positive,Q4,-0.009174,0.002865,-0.01204,-0.004587,0.028358,-0.032945,0.018349,0.068985,-0.050637,0.022936,0.11132,-0.088384
XGR2.DE,2021-03-30,-40.94,negative,Q1,0.016079,0.006585,0.009494,0.050093,0.015046,0.035046,0.049474,0.0152,0.034274,0.072975,0.039676,0.033299
8TI.DE,2021-03-30,-28.33,negative,Q2,0.003714,0.006585,-0.002871,-0.01857,0.015046,-0.033616,-0.050139,0.0152,-0.065339,0.126277,0.039676,0.086601
SY1.DE,2021-03-30,-47.41,negative,Q1,0.013019,0.006585,0.006434,0.044955,0.015046,0.029909,0.044955,0.0152,0.029755,0.155919,0.039676,0.116244
HEI.DE,2021-03-30,-49.47,negative,Q1,-0.007286,0.006585,-0.013871,0.0,0.015046,-0.015046,-0.012599,0.0152,-0.027799,-0.038403,0.039676,-0.078079
GFG.DE,2021-03-30,17.09,positive,Q4,0.072386,0.006585,0.065801,0.050938,0.015046,0.035892,0.099196,0.0152,0.083996,0.159964,0.039676,0.120288
UN9.DE,2021-03-30,-42.9,negative,Q1,0.010438,0.006585,0.003853,0.045929,0.015046,0.030883,0.05428,0.0152,0.03908,0.187891,0.039676,0.148216
EJT1.DE,2021-03-30,33.21,positive,Q5,0.031746,0.006585,0.025161,-0.015873,0.015046,-0.030919,0.045503,0.0152,0.030302,-0.066667,0.039676,-0.106343
AOMD.DE,2021-03-31,-68.77,negative,Q1,0.001251,0.006984,-0.005733,0.013507,0.007138,0.006369,0.050025,-0.016594,0.066619,-0.011756,0.035938,-0.047694
ITB.DE,2021-03-31,79.2,positive,Q5,0.001581,0.006984,-0.005403,0.03083,0.007138,0.023692,0.012648,-0.016594,0.029242,0.073518,0.035938,0.03758
PHI1.DE,2021-03-31,-78.18,negative,Q1,0.008397,0.006984,0.001413,0.029771,0.007138,0.022633,-0.040204,-0.016594,-0.023609,-0.149364,0.035938,-0.185302
PEP.DE,2021-03-31,-18.6,negative,Q2,0.006593,0.006984,-0.000391,-0.002676,0.007138,-0.009813,0.009269,-0.016594,0.025863,0.056378,0.035938,0.020441
MUV2.DE,2021-03-31,-25.61,negative,Q2,-0.004394,0.006984,-0.011378,0.003753,0.007138,-0.003385,-0.068009,-0.016594,-0.051415,-0.082563,0.035938,-0.118501
1TY.DE,2021-03-31,-44.86,negative,Q1,-0.01737,0.006984,-0.024354,-0.0719,0.007138,-0.079037,-0.138083,-0.016594,-0.121489,-0.174362,0.035938,-0.2103
DWNI.DE,2021-03-31,101.62,positive,Q5,0.004551,0.006984,-0.002433,0.022503,0.007138,0.015365,0.090518,-0.016594,0.107112,0.297598,0.035938,0.26166
PAH3.DE,2021-03-31,-24.07,negative,Q2,0.029288,0.006984,0.022304,0.013325,0.007138,0.006187,-0.093008,-0.016594,-0.076414,-0.024538,0.035938,-0.060476
TCO0.DE,2021-04-14,17.27,positive,Q4,0.023041,0.0134,0.009642,0.004608,0.004273,0.000335,0.004608,0.010574,-0.005966,0.069124,0.034981,0.034143
CTX.DE,2021-04-29,-0.7,negative,Q3,0.0,0.006644,-0.006644,-0.01466,0.017425,-0.032085,-0.089132,0.028505,-0.117637,-0.188238,0.033335,-0.221574
HLE.DE,2021-05-30,-39.67,negative,Q1,0.004139,0.002271,0.001868,0.010724,0.004705,0.00602,0.00207,-0.002333,0.004403,0.05174,0.018268,0.033472
NNGF.DE,2021-06-08,-17.22,negative,Q2,0.007371,-0.000637,0.008008,0.044226,0.008307,0.035919,0.066339,-0.010301,0.07664,0.066339,0.022526,0.043813
FTE.DE,2021-06-29,-347.93,negative,Q1,0.004167,0.004685,-0.000519,-0.020833,0.010409,-0.031243,-0.030556,0.007046,-0.037601,-0.019444,0.002758,-0.022203
JDE.DE,2021-06-29,-7.36,negative,Q3,0.006322,0.004685,0.001637,0.026032,0.010409,0.015623,-0.067683,0.007046,-0.074729,-0.120491,0.002758,-0.123249
GZF.DE,2021-06-29,86.54,positive,Q5,0.015834,0.004685,0.011149,0.010962,0.010409,0.000553,0.0,0.007046,-0.007046,0.024361,0.002758,0.021602
PER.DE,2021-06-29,-24.42,negative,Q2,-0.001066,0.004685,-0.005751,-0.006206,0.010409,-0.016615,0.010218,0.007046,0.003172,0.034163,0.002758,0.031405
AXA.DE,2021-06-29,25.38,positive,Q5,0.015449,0.004685,0.010763,0.011289,0.010409,0.00088,0.028521,0.007046,0.021475,0.117647,0.002758,0.114889
HMI.DE,2021-06-29,19.94,positive,Q5,-0.010144,0.004685,-0.01483,0.004059,0.010409,-0.00635,0.042208,0.007046,0.035162,0.010556,0.002758,0.007798
SQU.DE,2021-06-29,-4.8,negative,Q3,0.014704,0.004685,0.010019,0.020169,0.010409,0.00976,0.004294,0.007046,-0.002752,0.028887,0.002758,0.026129
RIO1.DE,2021-06-29,1.11,positive,Q3,-0.012607,0.004685,-0.017292,0.00854,0.010409,-0.001869,0.06527,0.007046,0.058225,-0.128914,0.002758,-0.131673
CAR.DE,2021-06-29,11.91,positive,Q4,0.022043,0.004685,0.017357,0.03086,0.010409,0.02045,-0.018369,0.007046,-0.025415,-0.061719,0.002758,-0.064478
GOB.DE,2021-06-29,-1.22,negative,Q3,0.017756,0.004685,0.013071,0.033091,0.010409,0.022682,0.051655,0.007046,0.044609,0.089992,0.002758,0.087234
GIB.DE,2021-06-29,79.86,positive,Q5,0.0,0.004685,-0.004685,0.0,0.010409,-0.010409,0.0,0.007046,-0.007046,0.0,0.002758,-0.002758
NGLB.DE,2021-06-29,4.82,positive,Q4,0.0,0.004685,-0.004685,0.035094,0.010409,0.024685,0.140376,0.007046,0.13333,-0.052822,0.002758,-0.05558
PPX.DE,2021-06-29,8.82,positive,Q4,0.002445,0.004685,-0.00224,0.001085,0.010409,-0.009325,0.031067,0.007046,0.024021,-0.155715,0.002758,-0.158473
RNL.DE,2021-06-29,388.27,positive,Q5,0.035657,0.004685,0.030971,-0.028269,0.010409,-0.038678,-0.031481,0.007046,-0.038527,-0.083521,0.002758,-0.086279
RRU.DE,2021-06-29,285.42,positive,Q5,0.026316,0.004685,0.02163,0.035088,0.010409,0.024678,0.052632,0.007046,0.045586,0.5,0.002758,0.497242
AIL.DE,2021-06-29,-2.26,negative,Q3,0.002029,0.004685,-0.002656,0.004587,0.010409,-0.005822,-0.015438,0.007046,-0.022483,-0.031581,0.002758,-0.034339
BEI.DE,2021-06-29,6.75,positive,Q4,0.001922,0.004685,-0.002763,0.028025,0.010409,0.017616,-0.008397,0.007046,-0.015443,-0.029947,0.002758,-0.032706
RDEB.DE,2021-06-29,-15.06,negative,Q2,0.020843,0.004685,0.016158,0.054775,0.010409,0.044365,None,None,None,0.133301,0.002758,0.130543
HNK1.DE,2021-06-29,69.81,positive,Q5,0.012654,0.004685,0.007969,-0.005423,0.010409,-0.015833,-0.018609,0.007046,-0.025655,-0.113569,0.002758,-0.116327
BSN.DE,2021-06-29,8.67,positive,Q4,0.018697,0.004685,0.014012,0.020817,0.010409,0.010408,0.028142,0.007046,0.021096,-0.001157,0.002758,-0.003915
LOR.DE,2021-06-29,-5.36,negative,Q3,-0.001471,0.004685,-0.006156,0.002121,0.010409,-0.008288,0.023277,0.007046,0.016231,-0.010521,0.002758,-0.01328
MOH.DE,2021-06-29,31.29,positive,Q5,0.002571,0.004685,-0.002115,-0.003013,0.010409,-0.013422,0.033683,0.007046,0.026637,-0.036548,0.002758,-0.039307
U9RA.DE,2021-06-29,111.36,positive,Q5,-0.013333,0.004685,-0.018019,-0.012063,0.010409,-0.022473,-0.072381,0.007046,-0.079427,0.005079,0.002758,0.002321
SND.DE,2021-06-29,7.34,positive,Q4,-0.001456,0.004685,-0.006141,0.024664,0.010409,0.014255,0.041566,0.007046,0.03452,0.107876,0.002758,0.105118
HEN.DE,2021-06-30,-10.7,negative,Q2,0.00072,0.002966,-0.002246,-0.003166,-0.011739,0.008573,-0.020435,-0.003808,-0.016627,-0.036984,-0.022767,-0.014217
HEN3.DE,2021-06-30,-10.7,negative,Q2,-0.003641,0.002966,-0.006607,-0.019337,-0.011739,-0.007598,-0.040181,-0.003808,-0.036373,-0.089779,-0.022767,-0.067012
BMT.DE,2021-06-30,-6.78,negative,Q3,-0.002994,0.002966,-0.00596,-0.006843,-0.011739,0.004895,-0.026518,-0.003808,-0.02271,-0.037211,-0.022767,-0.014444
1N8.DE,2021-06-30,15.15,positive,Q4,0.018845,0.002966,0.015879,0.002937,-0.011739,0.014676,0.119922,-0.003808,0.12373,0.213901,-0.022767,0.236668
DWNI.DE,2021-06-30,-86.97,negative,Q1,0.00352,0.002966,0.000554,0.000782,-0.011739,0.012521,0.021705,-0.003808,0.025513,0.028354,-0.022767,0.05112
GUI.DE,2021-06-30,-50.86,negative,Q1,-0.001379,0.002966,-0.004345,-0.016,-0.011739,-0.004261,0.030621,-0.003808,0.034429,0.017103,-0.022767,0.03987
NVJP.DE,2021-06-30,17.86,positive,Q4,-0.005245,0.002966,-0.008211,-0.033571,-0.011739,-0.021832,0.006924,-0.003808,0.010732,-0.024129,-0.022767,-0.001362
UNVB.DE,2021-06-30,-4.8,negative,Q3,0.005906,0.002966,0.00294,0.010867,-0.011739,0.022606,-0.020317,-0.003808,-0.016509,-0.05528,-0.022767,-0.032513
DHER.DE,2021-06-30,-101.92,negative,Q1,0.034832,0.002966,0.031866,0.074515,-0.011739,0.086254,0.112875,-0.003808,0.116683,0.000441,-0.022767,0.023208
CTX.DE,2021-07-29,4.2,positive,Q4,0.045102,0.001566,0.043536,0.034917,0.013964,0.020954,0.058196,0.022061,0.036135,0.012838,0.010384,0.002454
KFI1.DE,2021-07-30,7.24,positive,Q4,0.0,-0.000877,0.000877,-0.022409,0.011348,-0.033757,-0.058824,0.017109,-0.075932,-0.089636,0.008196,-0.097832
ASG.DE,2021-08-03,-4.85,negative,Q3,0.003079,0.003348,-0.000269,0.037721,0.008537,0.029185,0.047729,0.009461,0.038268,0.17244,0.007275,0.165165
U9R.DE,2021-08-05,299.04,positive,Q5,-0.003324,-0.001018,-0.002306,0.032764,0.013704,0.01906,-0.082621,0.010828,-0.093449,0.091168,0.012596,0.078572
TCO0.DE,2021-08-30,-12.3,negative,Q2,-0.015748,-0.000682,-0.015066,0.007874,0.000505,0.007369,0.015748,-0.02967,0.045418,0.122047,-0.036504,0.158552
GXI.DE,2021-08-30,-58.5,negative,Q1,-0.001738,-0.000682,-0.001056,0.027231,0.000505,0.026725,-0.063384,-0.02967,-0.033714,-0.1146,-0.036504,-0.078096
USX1.DE,2021-09-29,56.25,positive,Q5,-0.027287,-0.006831,-0.020456,-0.047619,-0.000644,-0.046975,0.197967,0.028051,0.169916,0.074371,0.038764,0.035608
WAF.DE,2021-09-29,-5.29,negative,Q3,0.002188,-0.006831,0.009019,0.004375,-0.000644,0.005019,-0.002188,0.028051,-0.030239,0.024388,0.038764,-0.014375
DTE.DE,2021-09-29,-26.68,negative,Q2,-0.001967,-0.006831,0.004864,-0.030164,-0.000644,-0.02952,-0.07541,0.028051,-0.103461,-0.067541,0.038764,-0.106305
QCI.DE,2021-09-29,-20.08,negative,Q2,-0.019093,-0.006831,-0.012261,0.004429,-0.000644,0.005073,0.026966,0.028051,-0.001085,0.466883,0.038764,0.42812
RWL.DE,2021-09-29,-65.86,negative,Q1,-0.003904,-0.006831,0.002927,0.03283,-0.000644,0.033474,0.081738,0.028051,0.053687,0.207305,0.038764,0.168541
UTDI.DE,2021-09-29,13.4,positive,Q4,-0.011591,-0.006831,-0.00476,-0.034422,-0.000644,-0.033778,-0.051633,0.028051,-0.079684,0.03934,0.038764,0.000576
RDO.DE,2021-09-29,16.03,positive,Q4,-0.006085,-0.006831,0.000746,0.024341,-0.000644,0.024985,-0.002028,0.028051,-0.030079,0.064909,0.038764,0.026145
NEM.DE,2021-09-29,0.44,positive,Q3,-0.014767,-0.006831,-0.007936,-0.054222,-0.000644,-0.053577,0.093676,0.028051,0.065625,0.223763,0.038764,0.184999
EVK.DE,2021-09-29,29.63,positive,Q5,-0.012957,-0.006831,-0.006126,0.000463,-0.000644,0.001107,0.027302,0.028051,-0.000749,0.046275,0.038764,0.007511
W3U.DE,2021-09-29,7.67,positive,Q4,-0.02964,-0.006831,-0.022809,0.005646,-0.000644,0.00629,-0.110092,0.028051,-0.138143,-0.104446,0.038764,-0.14321
SY1.DE,2021-09-29,-50.0,negative,Q1,-0.005686,-0.006831,0.001145,-0.000825,-0.000644,-0.000181,0.051908,0.028051,0.023856,0.148753,0.038764,0.109989
KHNZ.DE,2021-09-29,-7.93,negative,Q3,-0.010313,-0.006831,-0.003482,0.013369,-0.000644,0.014013,-0.024828,0.028051,-0.052879,-0.00191,0.038764,-0.040673
EW1.DE,2021-09-29,-2.17,negative,Q3,-0.028859,-0.006831,-0.022027,-0.028859,-0.000644,-0.028214,0.019206,0.028051,-0.008845,0.130162,0.038764,0.091399
SIX2.DE,2021-09-29,159.88,positive,Q5,0.003859,-0.006831,0.010691,-0.04676,-0.000644,-0.046116,0.124663,0.028051,0.096612,0.173757,0.038764,0.134993
0Q3.DE,2021-09-29,-22.02,negative,Q2,-0.002418,-0.006831,0.004413,0.006814,-0.000644,0.007458,-0.058028,0.028051,-0.086079,-0.386196,0.038764,-0.42496
G1A.DE,2021-09-29,-7.49,negative,Q3,-0.023017,-0.006831,-0.016186,-0.014143,-0.000644,-0.013499,0.075707,0.028051,0.047656,0.21492,0.038764,0.176156
GBF.DE,2021-09-29,81.16,positive,Q5,-0.001311,-0.006831,0.00552,-0.023601,-0.000644,-0.022957,0.006119,0.028051,-0.021932,-0.007867,0.038764,-0.046631
DHL.DE,2021-09-29,-25.64,negative,Q2,-0.006427,-0.006831,0.000404,-0.011746,-0.000644,-0.011102,-0.01773,0.028051,-0.045782,0.03258,0.038764,-0.006184
BAS.DE,2021-09-29,5.43,positive,Q4,-0.018991,-0.006831,-0.01216,-0.037982,-0.000644,-0.037338,-0.054204,0.028051,-0.082255,-0.066469,0.038764,-0.105232
HNR1.DE,2021-09-29,-49.51,negative,Q1,-0.00068,-0.006831,0.006151,0.013228,-0.000644,0.013872,0.043915,0.028051,0.015864,0.107029,0.038764,0.068266
PFE.DE,2021-09-29,59.95,positive,Q5,-0.027651,-0.006831,-0.02082,-0.017567,-0.000644,-0.016923,-0.002928,0.028051,-0.030979,0.366298,0.038764,0.327534
ALD.DE,2021-09-29,-15.3,negative,Q2,0.0,-0.006831,0.006831,0.026648,-0.000644,0.027293,0.022535,0.028051,-0.005516,-0.003338,0.038764,-0.042102
2FE.DE,2021-09-29,5.71,positive,Q4,-0.010476,-0.006831,-0.003644,0.007701,-0.000644,0.008345,0.127237,0.028051,0.099186,0.243431,0.038764,0.204668
AXJ.DE,2021-09-29,5.26,positive,Q4,-0.007656,-0.006831,-0.000825,0.046363,-0.000644,0.047007,0.099957,0.028051,0.071906,0.137388,0.038764,0.098625
BFSA.DE,2021-09-29,-23.44,negative,Q2,-0.009119,-0.006831,-0.002287,-0.047112,-0.000644,-0.046468,-0.024316,0.028051,-0.052367,0.018237,0.038764,-0.020527
PSM.DE,2021-09-29,-55.8,negative,Q1,0.002782,-0.006831,0.009613,-0.002086,-0.000644,-0.001442,-0.086926,0.028051,-0.114977,-0.114047,0.038764,-0.152811
SIX3.DE,2021-09-29,159.88,positive,Q5,0.027315,-0.006831,0.034146,-0.031146,-0.000644,-0.030502,0.111759,0.028051,0.083708,0.119587,0.038764,0.080823
1COV.DE,2021-09-29,37.85,positive,Q5,-0.02255,-0.006831,-0.015718,-0.041462,-0.000644,-0.040818,-0.066376,0.028051,-0.094427,-0.093108,0.038764,-0.131871
NOEJ.DE,2021-09-29,-3.03,negative,Q3,-0.002147,-0.006831,0.004684,-0.010736,-0.000644,-0.010092,0.015951,0.028051,-0.0121,-0.059509,0.038764,-0.098273
CPA.DE,2021-09-29,-6.79,negative,Q3,-0.011308,-0.006831,-0.004477,-0.004388,-0.000644,-0.003744,0.014177,0.028051,-0.013874,0.139578,0.038764,0.100814
ABEA.DE,2021-09-29,-0.82,negative,Q3,0.007107,-0.006831,0.013938,0.040475,-0.000644,0.041119,0.100451,0.028051,0.0724,0.110331,0.038764,0.071567
MRK.DE,2021-09-29,-17.45,negative,Q2,-0.02477,-0.006831,-0.017939,-0.004514,-0.000644,-0.00387,0.08819,0.028051,0.060139,0.219827,0.038764,0.181064
LHA.DE,2021-09-29,-148.95,negative,Q1,0.049908,-0.006831,0.056739,-0.031423,-0.000644,-0.030779,-0.036969,0.028051,-0.06502,0.051756,0.038764,0.012992
BCO.DE,2021-09-29,41.42,positive,Q5,0.001457,-0.006831,0.008288,0.0255,-0.000644,0.026144,-0.072023,0.028051,-0.100074,-0.062032,0.038764,-0.100795
RAW.DE,2021-09-29,98.44,positive,Q5,-0.001596,-0.006831,0.005236,0.039362,-0.000644,0.040006,0.105319,0.028051,0.077268,0.166489,0.038764,0.127726
SDF.DE,2021-09-29,386.03,positive,Q5,-0.014622,-0.006831,-0.007791,-0.005686,-0.000644,-0.005042,0.067425,0.028051,0.039374,0.090171,0.038764,0.051407
AOMD.DE,2021-09-29,-140.32,negative,Q1,-0.030413,-0.006831,-0.023582,-0.044959,-0.000644,-0.044315,-0.056529,0.028051,-0.08458,-0.058843,0.038764,-0.097607
XGR2.DE,2021-09-29,-23.14,negative,Q2,0.042022,-0.006831,0.048853,0.008526,-0.000644,0.00917,0.035932,0.028051,0.007881,0.109013,0.038764,0.07025
ZOE.DE,2021-09-29,17.83,positive,Q4,-0.006503,-0.006831,0.000328,-0.008283,-0.000644,-0.007639,0.10062,0.028051,0.072569,0.280201,0.038764,0.241438
BAYN.DE,2021-09-29,-91.3,negative,Q1,-0.009931,-0.006831,-0.003099,0.007621,-0.000644,0.008265,0.035335,0.028051,0.007284,-0.001155,0.038764,-0.039918
EBA.DE,2021-09-29,-60.59,negative,Q1,-0.009468,-0.006831,-0.002636,0.06681,-0.000644,0.067454,0.075205,0.028051,0.047154,-0.040193,0.038764,-0.078957
RWE.DE,2021-09-29,236.65,positive,Q5,0.004009,-0.006831,0.01084,0.03863,-0.000644,0.039274,0.088921,0.028051,0.06087,0.158892,0.038764,0.120129
IFX.DE,2021-09-29,-3.1,negative,Q3,-0.017528,-0.006831,-0.010697,0.01227,-0.000644,0.012914,0.137306,0.028051,0.109255,0.139644,0.038764,0.10088
KGX.DE,2021-09-29,28.55,positive,Q5,-0.023308,-0.006831,-0.016477,-0.015583,-0.000644,-0.014939,0.167421,0.028051,0.13937,0.206713,0.038764,0.167949
HAG.DE,2021-09-29,-82.09,negative,Q1,-0.006834,-0.006831,-2e-06,-0.044039,-0.000644,-0.043395,0.023538,0.028051,-0.004513,-0.080486,0.038764,-0.11925
VWSB.DE,2021-09-29,47.11,positive,Q5,-0.025434,-0.006831,-0.018602,-0.106936,-0.000644,-0.106292,0.080925,0.028051,0.052874,-0.251156,0.038764,-0.28992
AIXA.DE,2021-09-29,-24.32,negative,Q2,-0.019436,-0.006831,-0.012605,-0.005345,-0.000644,-0.004701,-0.051506,0.028051,-0.079557,-0.177843,0.038764,-0.216606
BPE5.DE,2021-09-29,-164.04,negative,Q1,0.0,-0.006831,0.006831,0.028391,-0.000644,0.029035,0.047319,0.028051,0.019268,0.022082,0.038764,-0.016682
OMV.DE,2021-09-29,-69.86,negative,Q1,0.00113,-0.006831,0.007962,0.003956,-0.000644,0.0046,0.017237,0.028051,-0.010815,-0.044645,0.038764,-0.083409
C9F.DE,2021-09-29,33.77,positive,Q5,-0.00726,-0.006831,-0.000429,0.020833,-0.000644,0.021477,-0.02904,0.028051,-0.057092,-0.023043,0.038764,-0.061807
FMC1.DE,2021-09-29,-0.91,negative,Q3,-0.005219,-0.006831,0.001612,0.046973,-0.000644,0.047617,0.217119,0.028051,0.189068,0.484342,0.038764,0.445579
NFS.DE,2021-09-29,-1.5,negative,Q3,0.00528,-0.006831,0.012111,0.080547,-0.000644,0.081191,0.216689,0.028051,0.188638,0.256238,0.038764,0.217474
ELG.DE,2021-09-29,-20.0,negative,Q2,-0.009097,-0.006831,-0.002266,-0.062485,-0.000644,-0.061841,-0.083074,0.028051,-0.111125,0.309792,0.038764,0.271028
HOT.DE,2021-09-29,225.63,positive,Q5,0.000676,-0.006831,0.007508,0.012684,-0.000644,0.013328,-0.038052,0.028051,-0.066103,0.020463,0.038764,-0.0183
INL.DE,2021-09-29,80.9,positive,Q5,0.008247,-0.006831,0.015078,0.025683,-0.000644,0.026327,-0.079877,0.028051,-0.107929,-0.000943,0.038764,-0.039706
RPL.DE,2021-09-29,55.61,positive,Q5,-0.014712,-0.006831,-0.00788,0.018196,-0.000644,0.01884,-0.00271,0.028051,-0.030761,0.085172,0.038764,0.046409
VAS.DE,2021-09-29,10.81,positive,Q4,-0.019993,-0.006831,-0.013161,-0.029807,-0.000644,-0.029163,0.011269,0.028051,-0.016782,0.012359,0.038764,-0.026404
BMW3.DE,2021-09-29,19.69,positive,Q5,0.024174,-0.006831,0.031005,0.036463,-0.000644,0.037107,0.11523,0.028051,0.087179,0.110596,0.038764,0.071833
EX9.DE,2021-09-29,90.42,positive,Q5,0.014154,-0.006831,0.020985,0.010887,-0.000644,0.011531,0.022863,0.028051,-0.005188,-0.089276,0.038764,-0.12804
F3A.DE,2021-09-29,-61.42,negative,Q1,0.006796,-0.006831,0.013627,0.035922,-0.000644,0.036566,0.248786,0.028051,0.220735,-0.060194,0.038764,-0.098958
PEO.DE,2021-09-29,118.06,positive,Q5,-0.013635,-0.006831,-0.006804,0.010363,-0.000644,0.011007,0.098173,0.028051,0.070122,0.201527,0.038764,0.162764
XY6.DE,2021-09-29,0.19,positive,Q3,-0.03909,-0.006831,-0.032259,-0.020706,-0.000644,-0.020062,0.048283,0.028051,0.020231,-0.030285,0.038764,-0.069049
WIB.DE,2021-09-29,25.93,positive,Q5,0.0023,-0.006831,0.009131,-0.013032,-0.000644,-0.012388,0.049444,0.028051,0.021393,0.100422,0.038764,0.061658
2X0.DE,2021-09-29,-52.88,negative,Q1,0.0,-0.006831,0.006831,0.002818,-0.000644,0.003463,0.009301,0.028051,-0.01875,0.133596,0.038764,0.094833
ZEG.DE,2021-09-29,-170.45,negative,Q1,-0.018237,-0.006831,-0.011406,0.005555,-0.000644,0.006199,0.032491,0.028051,0.00444,-0.011005,0.038764,-0.049769
C7C1.F,2021-09-29,-297.42,negative,Q1,-0.017241,-0.006831,-0.01041,0.060345,-0.000644,0.060989,0.051724,0.028051,0.023673,0.241379,0.038764,0.202616
CGN.DE,2021-09-29,-0.48,negative,Q3,0.006272,-0.006831,0.013104,0.028102,-0.000644,0.028746,0.064568,0.028051,0.036517,0.179006,0.038764,0.140243
ZAL.DE,2021-09-29,-107.61,negative,Q1,-0.026223,-0.006831,-0.019392,-0.020928,-0.000644,-0.020284,0.028492,0.028051,0.000441,-0.108674,0.038764,-0.147437
8TI.DE,2021-09-29,-20.0,negative,Q2,-0.034959,-0.006831,-0.028128,-0.017886,-0.000644,-0.017242,0.023577,0.028051,-0.004474,-0.011382,0.038764,-0.050146
MLB1.DE,2021-09-29,77.99,positive,Q5,-0.008594,-0.006831,-0.001763,-0.066346,-0.000644,-0.065702,-0.107597,0.028051,-0.135648,-0.199381,0.038764,-0.238145
FPE.DE,2021-09-29,13.23,positive,Q4,-0.005499,-0.006831,0.001333,-0.049487,-0.000644,-0.048843,0.007698,0.028051,-0.020353,-0.023827,0.038764,-0.062591
VOW.DE,2021-09-29,-1.25,negative,Q3,-0.002214,-0.006831,0.004618,0.00448,-0.000644,0.005124,0.047752,0.028051,0.019701,-0.03136,0.038764,-0.070124
5G5.DE,2021-09-29,433.12,positive,Q5,0.003708,-0.006831,0.01054,-0.034611,-0.000644,-0.033966,-0.084054,0.028051,-0.112105,0.15822,0.038764,0.119456
NDX1.DE,2021-09-29,16.84,positive,Q4,-0.037226,-0.006831,-0.030395,-0.083212,-0.000644,-0.082568,0.083212,0.028051,0.055161,-0.049635,0.038764,-0.088399
KBX.DE,2021-09-29,38.96,positive,Q5,0.000238,-0.006831,0.007069,-0.01985,-0.000644,-0.019206,-0.016165,0.028051,-0.044217,-0.05646,0.038764,-0.095224
LEN.DE,2021-09-29,-46.31,negative,Q1,0.0,-0.006831,0.006831,-0.020877,-0.000644,-0.020233,-0.007568,0.028051,-0.035619,0.155924,0.038764,0.11716
SHA.DE,2021-09-29,5.37,positive,Q4,-0.013233,-0.006831,-0.006401,0.009452,-0.000644,0.010096,0.034026,0.028051,0.005975,0.088847,0.038764,0.050083
SOW.DE,2021-09-29,-48.35,negative,Q1,-0.008399,-0.006831,-0.001568,-0.049885,-0.000644,-0.049241,-0.120896,0.028051,-0.148947,-0.13973,0.038764,-0.178494
ALS.DE,2021-09-29,-36.07,negative,Q2,-0.026748,-0.006831,-0.019917,-0.0178,-0.000644,-0.017156,-0.044645,0.028051,-0.072697,-0.072756,0.038764,-0.111519
JEN.DE,2021-09-29,-10.48,negative,Q2,-0.018352,-0.006831,-0.011521,-0.034185,-0.000644,-0.033541,0.128823,0.028051,0.100772,0.266283,0.038764,0.227519
TOTB.DE,2021-09-29,-25.25,negative,Q2,-0.001833,-0.006831,0.004998,0.033914,-0.000644,0.034558,0.047357,0.028051,0.019306,0.081577,0.038764,0.042813
FB2A.DE,2021-09-29,-18.05,negative,Q2,0.007134,-0.006831,0.013966,-0.021369,-0.000644,-0.020725,-0.044103,0.028051,-0.072154,0.026626,0.038764,-0.012138
FNTN.DE,2021-09-29,-2.14,negative,Q3,-0.005155,-0.006831,0.001677,-0.016037,-0.000644,-0.015393,-0.015464,0.028051,-0.043515,0.030928,0.038764,-0.007836
LEG.DE,2021-09-29,-87.7,negative,Q1,0.017581,-0.006831,0.024412,0.007014,-0.000644,0.007658,0.052833,0.028051,0.024782,0.001275,0.038764,-0.037488
VOW3.DE,2021-09-29,3.58,positive,Q4,0.000157,-0.006831,0.006988,-0.016139,-0.000644,-0.015495,0.00094,0.028051,-0.027111,-0.084926,0.038764,-0.12369
WDP.DE,2021-09-29,-88.45,negative,Q1,0.023557,-0.006831,0.030388,0.049731,-0.000644,0.050376,-0.005717,0.028051,-0.033768,-0.071704,0.038764,-0.110468
HLAG.DE,2021-09-29,-22.53,negative,Q2,0.024829,-0.006831,0.03166,-0.026011,-0.000644,-0.025367,-0.015877,0.028051,-0.043928,0.416603,0.038764,0.37784
BNR.DE,2021-09-29,-3.77,negative,Q3,-0.011989,-0.006831,-0.005158,0.013662,-0.000644,0.014306,0.020633,0.028051,-0.007418,-0.012129,0.038764,-0.050892
ENI.DE,2021-09-29,-41.07,negative,Q1,-0.005682,-0.006831,0.001149,0.003409,-0.000644,0.004053,0.072727,0.028051,0.044676,0.064773,0.038764,0.026009
MDO.DE,2021-09-29,20.0,positive,Q5,-0.006177,-0.006831,0.000654,0.024762,-0.000644,0.025407,0.012883,0.028051,-0.015168,0.135216,0.038764,0.096453
TTK.DE,2021-09-29,17.36,positive,Q4,0.016585,-0.006831,0.023417,0.010732,-0.000644,0.011376,0.029268,0.028051,0.001217,0.085854,0.038764,0.04709
SRT3.DE,2021-09-29,-24.14,negative,Q2,-0.061124,-0.006831,-0.054293,-0.06985,-0.000644,-0.069206,0.019276,0.028051,-0.008775,0.076018,0.038764,0.037255
ABEC.DE,2021-09-29,-0.82,negative,Q3,0.004592,-0.006831,0.011423,0.041324,-0.000644,0.041968,0.101793,0.028051,0.073742,0.107598,0.038764,0.068834
DEZ.DE,2021-09-29,0.0,negative,Q3,-0.028316,-0.006831,-0.021485,-0.0462,-0.000644,-0.045556,-0.035768,0.028051,-0.063819,-0.128167,0.038764,-0.166931
1QZ.DE,2021-09-29,-18.13,negative,Q2,0.019408,-0.006831,0.026239,0.10572,-0.000644,0.106364,0.419816,0.028051,0.391765,0.146578,0.038764,0.107815
639.DE,2021-09-29,102.04,positive,Q5,0.011948,-0.006831,0.01878,0.057498,-0.000644,0.058142,0.289627,0.028051,0.261576,0.076229,0.038764,0.037465
CHV.DE,2021-09-29,-0.36,negative,Q3,-0.00108,-0.006831,0.005751,0.033351,-0.000644,0.033995,0.116257,0.028051,0.088206,0.184175,0.038764,0.145411
PFV.DE,2021-09-29,37.04,positive,Q5,0.00538,-0.006831,0.012212,-0.021705,-0.000644,-0.02106,0.171374,0.028051,0.143323,0.187638,0.038764,0.148874
FFV.DE,2021-09-29,-36.73,negative,Q2,0.000579,-0.006831,0.00741,0.012449,-0.000644,0.013093,0.059062,0.028051,0.031011,0.264621,0.038764,0.225857
GTR.DE,2021-09-29,39.03,positive,Q5,0.05036,-0.006831,0.057191,0.05363,-0.000644,0.054274,0.080445,0.028051,0.052394,0.23414,0.038764,0.195376
DKG.DE,2021-09-29,-13.54,negative,Q2,0.039394,-0.006831,0.046225,0.017424,-0.000644,0.018068,0.068182,0.028051,0.040131,0.006818,0.038764,-0.031945
MVIN.DE,2021-09-29,25.33,positive,Q5,-0.029016,-0.006831,-0.022184,-0.047668,-0.000644,-0.047024,-0.306736,0.028051,-0.334787,-0.531606,0.038764,-0.57037
TLX.DE,2021-09-29,-19.54,negative,Q2,0.005967,-0.006831,0.012799,0.031093,-0.000644,0.031737,0.128141,0.028051,0.10009,0.146357,0.038764,0.107593
ABR.DE,2021-09-29,-36.41,negative,Q2,-0.015428,-0.006831,-0.008596,0.027349,-0.000644,0.027993,0.023843,0.028051,-0.004208,0.04979,0.038764,0.011026
AHC.DE,2021-09-29,-50.26,negative,Q1,0.006573,-0.006831,0.013404,0.058239,-0.000644,0.058883,0.060226,0.028051,0.032175,-0.020177,0.038764,-0.058941
YCP.DE,2021-09-29,-20.31,negative,Q2,0.007692,-0.006831,0.014524,0.04714,-0.000644,0.047784,0.097633,0.028051,0.069582,0.089152,0.038764,0.050388
MOR.DE,2021-09-29,31.84,positive,Q5,-0.012195,-0.006831,-0.005364,-0.038537,-0.000644,-0.037892,-0.006098,0.028051,-0.034149,-0.200244,0.038764,-0.239008
SHL.DE,2021-09-29,-17.9,negative,Q2,-0.01889,-0.006831,-0.012058,-0.011448,-0.000644,-0.010804,0.022706,0.028051,-0.005346,0.176493,0.038764,0.137729
SYAB.DE,2021-09-29,7.88,positive,Q4,-0.016958,-0.006831,-0.010127,-0.036485,-0.000644,-0.035841,0.021583,0.028051,-0.006468,0.121274,0.038764,0.082511
GYC.DE,2021-09-29,-62.94,negative,Q1,0.012321,-0.006831,0.019153,-0.005421,-0.000644,-0.004777,0.028586,0.028051,0.000534,-0.029571,0.038764,-0.068335
6D81.DE,2021-09-29,-53.61,negative,Q1,-0.010165,-0.006831,-0.003334,None,None,None,0.01198,0.028051,-0.016071,0.19695,0.038764,0.158187
AEC1.DE,2021-09-29,21.95,positive,Q5,0.009864,-0.006831,0.016695,0.041184,-0.000644,0.041828,0.032616,0.028051,0.004565,-0.011448,0.038764,-0.050212
O3P.DE,2021-09-29,-48.91,negative,Q1,-0.005476,-0.006831,0.001356,-0.005476,-0.000644,-0.004832,0.002738,0.028051,-0.025313,0.042094,0.038764,0.003331
LXS.DE,2021-09-29,223.27,positive,Q5,-0.00547,-0.006831,0.001361,-0.029358,-0.000644,-0.028714,-0.00547,0.028051,-0.033522,-0.078592,0.038764,-0.117356
CVS.DE,2021-09-29,-35.8,negative,Q2,-0.038281,-0.006831,-0.03145,-0.022031,-0.000644,-0.021387,0.044219,0.028051,0.016168,0.232969,0.038764,0.194205
AZ2.DE,2021-09-29,-32.74,negative,Q2,-0.005788,-0.006831,0.001044,0.002013,-0.000644,0.002657,0.042275,0.028051,0.014224,-0.026673,0.038764,-0.065437
BM8.DE,2021-09-29,46.21,positive,Q5,-0.002987,-0.006831,0.003844,0.012246,-0.000644,0.01289,0.022103,0.028051,-0.005948,0.177718,0.038764,0.138954
SRT.DE,2021-09-29,-24.14,negative,Q2,-0.098954,-0.006831,-0.092123,-0.09445,-0.000644,-0.093805,-0.20389,0.028051,-0.231941,-0.268358,0.038764,-0.307122
CCC3.DE,2021-09-29,35.22,positive,Q5,-0.002506,-0.006831,0.004326,0.024806,-0.000644,0.02545,0.067402,0.028051,0.039351,0.146329,0.038764,0.107566
48Z.DE,2021-09-29,-78.88,negative,Q1,0.025916,-0.006831,0.032748,0.027397,-0.000644,0.028041,-0.054795,0.028051,-0.082846,0.022954,0.038764,-0.015809
AG1.DE,2021-09-29,65.34,positive,Q5,-0.027875,-0.006831,-0.021043,-0.072537,-0.000644,-0.071893,0.076972,0.028051,0.048921,-0.380108,0.038764,-0.418871
CAT1.DE,2021-09-29,12.56,positive,Q4,-0.009823,-0.006831,-0.002992,0.002376,-0.000644,0.00302,0.065297,0.028051,0.037246,0.090658,0.038764,0.051894
UPAB.DE,2021-09-29,-16.48,negative,Q2,-0.032118,-0.006831,-0.025286,-0.019627,-0.000644,-0.018983,0.150525,0.028051,0.122473,0.190921,0.038764,0.152158
AIR.DE,2021-09-29,-59.84,negative,Q1,0.014995,-0.006831,0.021826,-0.00624,-0.000644,-0.005596,-0.037906,0.028051,-0.065957,-0.024495,0.038764,-0.063258
AK3.DE,2021-09-29,-25.92,negative,Q2,-0.022745,-0.006831,-0.015913,-0.015018,-0.000644,-0.014374,-0.031233,0.028051,-0.059284,0.138753,0.038764,0.099989
BMW.DE,2021-09-29,19.69,positive,Q5,0.01296,-0.006831,0.019792,0.008377,-0.000644,0.009021,0.054212,0.028051,0.026161,0.077762,0.038764,0.038998
FIV.DE,2021-09-29,-59.85,negative,Q1,0.005949,-0.006831,0.012781,0.01243,-0.000644,0.013074,-0.092532,0.028051,-0.120583,-0.023478,0.038764,-0.062242
KCO.DE,2021-09-29,239.39,positive,Q5,-0.042745,-0.006831,-0.035913,-0.052868,-0.000644,-0.052224,0.075366,0.028051,0.047314,-0.007874,0.038764,-0.046638
BOY.DE,2021-09-29,11.67,positive,Q4,-0.016129,-0.006831,-0.009298,0.0553,-0.000644,0.055944,0.062212,0.028051,0.034161,-0.06682,0.038764,-0.105584
TNE5.DE,2021-09-29,194.97,positive,Q5,-0.00627,-0.006831,0.000562,-0.00627,-0.000644,-0.005625,-0.068966,0.028051,-0.097017,0.009404,0.038764,-0.029359
FPE3.DE,2021-09-29,13.23,positive,Q4,-0.028157,-0.006831,-0.021326,-0.058824,-0.000644,-0.058179,0.025091,0.028051,-0.00296,-0.009479,0.038764,-0.048242
KRN.DE,2021-09-29,-21.01,negative,Q2,-0.037896,-0.006831,-0.031065,-0.018378,-0.000644,-0.017734,0.05564,0.028051,0.027589,0.147275,0.038764,0.108511
JNP.DE,2021-09-29,-50.01,negative,Q1,0.009137,-0.006831,0.015968,0.045226,-0.000644,0.04587,0.068068,0.028051,0.040017,0.32846,0.038764,0.289697
ENL.DE,2021-09-29,-45.58,negative,Q1,0.013699,-0.006831,0.02053,0.039139,-0.000644,0.039783,0.088063,0.028051,0.060012,0.054795,0.038764,0.016031
PCE1.DE,2021-09-29,36.81,positive,Q5,0.030853,-0.006831,0.037684,0.055338,-0.000644,0.055982,0.023998,0.028051,-0.004053,0.029874,0.038764,-0.008889
E3X1.DE,2021-09-29,175.18,positive,Q5,0.025144,-0.006831,0.031975,0.048251,-0.000644,0.048895,-0.016786,0.028051,-0.044837,0.118486,0.038764,0.079722
U9RA.DE,2021-09-29,65.2,positive,Q5,-0.032882,-0.006831,-0.026051,-0.007737,-0.000644,-0.007093,0.030303,0.028051,0.002252,0.005158,0.038764,-0.033606
8TRA.DE,2021-09-29,43.53,positive,Q5,0.002671,-0.006831,0.009502,-0.005342,-0.000644,-0.004698,0.004808,0.028051,-0.023243,0.004808,0.038764,-0.033956
REP.DE,2021-09-29,-12.71,negative,Q2,-0.002188,-0.006831,0.004643,0.026258,-0.000644,0.026902,0.002188,0.028051,-0.025863,-0.060175,0.038764,-0.098939
SII.DE,2021-09-30,-5.72,negative,Q3,0.008876,-0.00791,0.016786,0.0286,0.003278,0.025321,0.079224,0.042876,0.036348,0.172913,0.04806,0.124852
AMG.DE,2021-09-30,-19.72,negative,Q2,-0.007824,-0.00791,8.6e-05,-0.013708,0.003278,-0.016987,-0.01014,0.042876,-0.053016,0.108788,0.04806,0.060728
BOSS.DE,2021-09-30,-8.43,negative,Q3,-0.013297,-0.00791,-0.005387,0.007387,0.003278,0.004109,0.038624,0.042876,-0.004252,0.030604,0.04806,-0.017456
FRE.DE,2021-09-30,-17.96,negative,Q2,0.000535,-0.00791,0.008445,-0.002675,0.003278,-0.005953,-0.019256,0.042876,-0.062133,-0.130249,0.04806,-0.178309
KIN2.DE,2021-09-30,-155.04,negative,Q1,0.033254,-0.00791,0.041164,0.076009,0.003278,0.072731,0.123515,0.042876,0.080639,0.085511,0.04806,0.037451
D6H.DE,2021-09-30,44.15,positive,Q5,-0.03338,-0.00791,-0.02547,-0.071788,0.003278,-0.075066,-0.01662,0.042876,-0.059496,0.245251,0.04806,0.197191
FMV.DE,2021-09-30,-195.73,negative,Q1,-0.021762,-0.00791,-0.013851,0.007254,0.003278,0.003975,0.135751,0.042876,0.092875,-0.011399,0.04806,-0.059459
ADM.DE,2021-09-30,-31.03,negative,Q2,0.020404,-0.00791,0.028314,0.06538,0.003278,0.062101,0.068451,0.042876,0.025575,0.153576,0.04806,0.105516
INN1.DE,2021-09-30,30.87,positive,Q5,0.007874,-0.00791,0.015784,0.055118,0.003278,0.05184,0.119235,0.042876,0.076359,0.024747,0.04806,-0.023313
ALV.DE,2021-09-30,-7.51,negative,Q3,-0.002374,-0.00791,0.005536,0.016804,0.003278,0.013526,0.035357,0.042876,-0.007519,0.063218,0.04806,0.015158
INP.DE,2021-09-30,142.66,positive,Q5,-0.035006,-0.00791,-0.027096,-0.009266,0.003278,-0.012545,-0.104247,0.042876,-0.147123,-0.119949,0.04806,-0.168009
CEC.DE,2021-09-30,-74.81,negative,Q1,-0.02029,-0.00791,-0.01238,0.017391,0.003278,0.014113,0.2,0.042876,0.157124,0.052174,0.04806,0.004114
ITB.DE,2021-09-30,-23.17,negative,Q2,0.025468,-0.00791,0.033378,0.000749,0.003278,-0.002529,0.020974,0.042876,-0.021902,0.11985,0.04806,0.07179
HBC1.DE,2021-09-30,40.49,positive,Q5,-0.01108,-0.00791,-0.00317,0.094183,0.003278,0.090904,0.149584,0.042876,0.106708,0.168975,0.04806,0.120915
RHM.DE,2021-09-30,-56.78,negative,Q1,0.005082,-0.00791,0.012992,0.01884,0.003278,0.015561,-0.003347,0.042876,-0.046223,-0.021443,0.04806,-0.069503
CBK.DE,2021-09-30,241.57,positive,Q5,0.01341,-0.00791,0.02132,0.114943,0.003278,0.111664,0.1341,0.042876,0.091223,0.191571,0.04806,0.143511
PEP.DE,2021-09-30,3.76,positive,Q4,-0.005141,-0.00791,0.002769,0.039125,0.003278,0.035847,0.071628,0.042876,0.028752,0.189265,0.04806,0.141204
BSD2.DE,2021-09-30,-22.31,negative,Q2,0.007663,-0.00791,0.015573,0.088123,0.003278,0.084844,0.118774,0.042876,0.075898,-0.030651,0.04806,-0.078711
3E2.DE,2021-09-30,-23.69,negative,Q2,-0.03125,-0.00791,-0.02334,0.040682,0.003278,0.037403,0.192045,0.042876,0.149169,0.111136,0.04806,0.063076
EVD.DE,2021-09-30,-7.56,negative,Q3,-0.000638,-0.00791,0.007273,-0.025506,0.003278,-0.028785,0.005739,0.042876,-0.037137,-0.02455,0.04806,-0.07261
HFG.DE,2021-09-30,-62.95,negative,Q1,-0.009023,-0.00791,-0.001112,0.002506,0.003278,-0.000772,-0.12005,0.042876,-0.162926,-0.153634,0.04806,-0.201694
MUV2.DE,2021-09-30,133.04,positive,Q5,0.011574,-0.00791,0.019485,0.026336,0.003278,0.023058,0.080088,0.042876,0.037212,0.097989,0.04806,0.049929
ADP.DE,2021-09-30,-0.7,negative,Q3,0.000564,-0.00791,0.008474,0.040769,0.003278,0.037491,0.117673,0.042876,0.074797,0.282816,0.04806,0.234756
CRIN.DE,2021-09-30,28.04,positive,Q5,-0.012155,-0.00791,-0.004244,0.045304,0.003278,0.042025,-0.009945,0.042876,-0.052821,0.180111,0.04806,0.13205
DBK.DE,2021-09-30,-27.51,negative,Q2,-0.013416,-0.00791,-0.005506,0.058824,0.003278,0.055545,0.045408,0.042876,0.002531,0.019608,0.04806,-0.028452
HNM.DE,2021-09-30,-12.41,negative,Q2,0.014567,-0.00791,0.022477,0.045455,0.003278,0.042176,0.103896,0.042876,0.06102,0.152334,0.04806,0.104274
IBE1.DE,2021-09-30,-28.5,negative,Q2,-0.019506,-0.00791,-0.011596,0.049415,0.003278,0.046136,0.163849,0.042876,0.120973,0.174252,0.04806,0.126192
EBO.DE,2021-09-30,38.36,positive,Q5,-0.009791,-0.00791,-0.00188,0.031398,0.003278,0.028119,0.0,0.042876,-0.042876,0.116813,0.04806,0.068753
HS2.DE,2021-09-30,21.89,positive,Q5,-0.008562,-0.00791,-0.000652,0.021258,0.003278,0.017979,-0.026277,0.042876,-0.069153,0.018305,0.04806,-0.029755
GIS.DE,2021-09-30,26.43,positive,Q5,-0.007712,-0.00791,0.000198,-0.002175,0.003278,-0.005454,-0.037769,0.042876,-0.080646,0.110342,0.04806,0.062282
MLP.DE,2021-09-30,-50.0,negative,Q1,0.028716,-0.00791,0.036626,0.074324,0.003278,0.071046,0.195946,0.042876,0.15307,0.195946,0.04806,0.147886
SZG.DE,2021-09-30,127.75,positive,Q5,-0.020218,-0.00791,-0.012308,0.005832,0.003278,0.002554,0.163686,0.042876,0.12081,0.127916,0.04806,0.079856
TKA.DE,2021-09-30,-2.1,negative,Q3,-0.026797,-0.00791,-0.018886,-0.082826,0.003278,-0.086104,0.036541,0.042876,-0.006335,0.090134,0.04806,0.042074
IC2.DE,2021-09-30,-16.98,negative,Q2,-0.009612,-0.00791,-0.001702,0.109644,0.003278,0.106366,0.189923,0.042876,0.147047,0.221929,0.04806,0.173869
HBM.DE,2021-09-30,4.78,positive,Q4,-0.03489,-0.00791,-0.02698,-0.074764,0.003278,-0.078042,0.002361,0.042876,-0.040515,0.226653,0.04806,0.178593
SWF.DE,2021-09-30,20.0,positive,Q5,-0.000374,-0.00791,0.007536,0.020501,0.003278,0.017223,0.026113,0.042876,-0.016763,0.098317,0.04806,0.050256
KTF.DE,2021-09-30,20.69,positive,Q5,-0.007272,-0.00791,0.000638,0.029308,0.003278,0.02603,0.055311,0.042876,0.012435,0.176509,0.04806,0.128449
ERT.DE,2021-09-30,-68.83,negative,Q1,0.007911,-0.00791,0.015821,-0.007827,0.003278,-0.011105,0.009258,0.042876,-0.033618,-0.028867,0.04806,-0.076927
TMV.DE,2021-09-30,-94.17,negative,Q1,-0.033776,-0.00791,-0.025865,-0.360676,0.003278,-0.363954,-0.49417,0.042876,-0.537046,-0.524729,0.04806,-0.572789
EJT1.DE,2021-09-30,4.12,positive,Q4,0.00375,-0.00791,0.01166,-0.0775,0.003278,-0.080778,-0.095,0.042876,-0.137876,-0.21125,0.04806,-0.25931
MBG.DE,2021-09-30,-42.0,negative,Q1,-0.004685,-0.00791,0.003225,0.042802,0.003278,0.039524,0.124361,0.042876,0.081485,0.052385,0.04806,0.004325
LY0.DE,2021-09-30,-374.07,negative,Q1,-0.031836,-0.00791,-0.023926,0.011385,0.003278,0.008107,-0.160025,0.042876,-0.202901,-0.194813,0.04806,-0.242873
TCO0.DE,2021-10-06,-5.35,negative,Q3,0.018315,-0.002933,0.021248,-0.014652,0.013892,-0.028544,0.007326,0.052686,-0.04536,0.098901,0.052533,0.046368
MSF.DE,2021-10-26,14.22,positive,Q4,-0.002535,-0.000604,-0.001932,0.029456,0.016183,0.013272,0.089224,0.013509,0.075715,-0.037547,-0.01569,-0.021857
UWS.DE,2021-10-26,-0.9,negative,Q3,-0.01575,-0.000604,-0.015147,0.008031,0.016183,-0.008152,0.08538,0.013509,0.071871,-0.022924,-0.01569,-0.007234
AMD.DE,2021-10-27,-4.19,negative,Q3,0.002306,-0.000482,0.002788,0.132782,0.021236,0.111547,0.308801,-0.027987,0.336788,-0.077248,-0.010962,-0.066286
PHM7.DE,2021-10-28,-233.55,negative,Q1,-0.001435,0.007491,-0.008925,0.016141,0.023303,-0.007162,0.005739,-0.026,0.031739,0.18759,-0.023572,0.211162
AMZ.DE,2021-10-28,66.08,positive,Q5,-0.008428,0.007491,-0.015919,0.064111,0.023303,0.040808,0.094853,-0.026,0.120853,-0.127945,-0.023572,-0.104373
IXD1.DE,2021-10-30,2.52,positive,Q3,-0.025237,0.000347,-0.025583,-0.00701,0.005392,-0.012402,-0.115317,-0.030197,-0.08512,-0.159481,-0.021001,-0.13848
7HP.DE,2021-10-30,156.04,positive,Q5,0.003004,0.000347,0.002658,0.024034,0.005392,0.018643,0.224034,-0.030197,0.254232,0.250215,-0.021001,0.271216
AUD.DE,2021-10-30,-58.67,negative,Q1,0.000552,0.000347,0.000206,0.046777,0.005392,0.041386,-0.182689,-0.030197,-0.152492,-0.193738,-0.021001,-0.172737
ANL.DE,2021-10-30,-91.6,negative,Q1,0.019858,0.000347,0.019511,0.060142,0.005392,0.054751,0.074733,-0.030197,0.10493,-0.043345,-0.021001,-0.022344
DT3.DE,2021-10-31,-48.05,negative,Q1,0.013049,0.000347,0.012702,-0.00435,0.005392,-0.009741,0.227009,-0.030197,0.257206,0.228666,-0.021001,0.249667
CIS.DE,2021-10-31,-16.23,negative,Q2,0.0,0.000347,-0.000347,0.000914,0.005392,-0.004477,0.001829,-0.030197,0.032026,-0.002971,-0.021001,0.01803
CIE1.DE,2021-10-31,41.4,positive,Q5,0.004283,0.000347,0.003937,0.01986,0.005392,0.014468,0.042056,-0.030197,0.072253,0.141355,-0.021001,0.162356
AWC.DE,2021-11-02,75.07,positive,Q5,0.010375,0.004365,0.00601,0.026429,0.006757,0.019672,0.041045,-0.043664,0.084709,-0.014161,-0.021692,0.007531
XONA.DE,2021-11-03,-21.05,negative,Q2,0.009093,0.001542,0.007551,0.028124,0.003335,0.024789,-0.016071,-0.05363,0.037559,0.267287,-0.041247,0.308534
CTX.DE,2021-11-04,34.83,positive,Q5,-0.023491,-0.000488,-0.023003,-0.034362,0.002473,-0.036836,-0.116208,-0.041956,-0.074253,0.119687,-0.059473,0.17916
UT8.DE,2021-11-09,-318.9,negative,Q1,-0.030909,0.000951,-0.03186,0.029351,0.011408,0.017943,-0.123117,-0.026673,-0.096444,-0.102338,-0.036459,-0.065878
1U1.DE,2021-11-09,21.33,positive,Q5,0.0,0.000951,-0.000951,0.006093,0.011408,-0.005315,-0.077304,-0.026673,-0.050631,-0.083397,-0.036459,-0.046938
WYR.DE,2021-11-09,-15.2,negative,Q2,-0.020246,0.000951,-0.021197,0.052043,0.011408,0.040635,-0.064091,-0.026673,-0.037419,-0.047448,-0.036459,-0.010988
NNGF.DE,2021-11-18,-35.52,negative,Q2,0.005519,-0.00274,0.008259,0.020971,-0.055874,0.076846,0.092715,-0.056949,0.149665,0.125828,-0.06915,0.194978
GRM.DE,2021-11-29,23.35,positive,Q5,-0.014724,0.024671,-0.039395,0.034426,0.047272,-0.012846,0.056616,0.051968,0.004647,0.090212,-0.079157,0.169368
HLE.DE,2021-11-29,-22.22,negative,Q2,0.007796,0.024671,-0.016875,0.013514,0.047272,-0.033758,0.00641,0.051968,-0.045558,0.003811,-0.079157,0.082968
MTE.DE,2021-11-29,2.27,positive,Q3,0.026563,0.024671,0.001892,0.025201,0.047272,-0.022071,0.1132,0.051968,0.061231,0.035418,-0.079157,0.114574
PCX.DE,2021-11-29,-13.49,negative,Q2,0.00423,0.024671,-0.020442,0.041028,0.047272,-0.006244,0.163794,0.051968,0.111826,0.017765,-0.079157,0.096922
FDX.DE,2021-11-29,-17.11,negative,Q2,-0.009472,0.024671,-0.034143,0.048801,0.047272,0.001529,0.082415,0.051968,0.030447,-0.079172,-0.079157,-1.5e-05
VEE.DE,2021-12-03,-28.61,negative,Q2,0.051169,0.028162,0.023007,0.047199,0.015664,0.031535,-0.047199,0.043641,-0.09084,-0.254301,-0.16554,-0.088761
1YD.DE,2021-12-17,-94.51,negative,Q1,0.0071,0.013634,-0.006533,0.063711,0.04751,0.016202,-0.108424,0.044139,-0.152563,-0.029937,-0.05989,0.029953
RIO1.DE,2021-12-30,-7.59,negative,Q3,0.017119,0.008232,0.008888,0.08514,-0.015758,0.100899,0.103858,-0.025051,0.128909,0.322529,-0.100244,0.422773
CO3A.DE,2021-12-30,178.05,positive,Q5,-0.003178,0.008232,-0.01141,-0.118644,-0.015758,-0.102886,-0.192797,-0.025051,-0.167745,-0.14089,-0.100244,-0.040646
SGM.DE,2021-12-30,11.8,positive,Q4,-0.014571,0.008232,-0.022803,-0.035253,-0.015758,-0.019494,-0.055699,-0.025051,-0.030648,-0.097767,-0.100244,0.002477
RNL.DE,2021-12-30,4.28,positive,Q4,0.024747,0.008232,0.016515,0.079819,-0.015758,0.095577,0.114674,-0.025051,0.139725,-0.244336,-0.100244,-0.144092
LCR.DE,2021-12-30,31.23,positive,Q5,0.040984,0.008232,0.032752,0.01198,-0.015758,0.027738,0.172762,-0.025051,0.197813,0.069357,-0.100244,0.169601
BSN.DE,2021-12-30,-25.57,negative,Q2,0.029559,0.008232,0.021327,0.036012,-0.015758,0.05177,0.005204,-0.025051,0.030255,-0.088676,-0.100244,0.011568
GUI.DE,2021-12-30,-49.42,negative,Q1,0.019275,0.008232,0.011043,-0.037632,-0.015758,-0.021874,-0.056907,-0.025051,-0.031855,-0.04268,-0.100244,0.057564
FAS.DE,2021-12-30,-12.97,negative,Q2,0.007605,0.008232,-0.000627,-0.0376,-0.015758,-0.021842,-0.076046,-0.025051,-0.050994,-0.016477,-0.100244,0.083767
DMP.DE,2021-12-30,-0.75,negative,Q3,-0.101101,0.008232,-0.109333,-0.157788,-0.015758,-0.14203,-0.194357,-0.025051,-0.169305,-0.351639,-0.100244,-0.251395
KEL.DE,2021-12-30,70.77,positive,Q5,0.030447,0.008232,0.022215,0.046858,-0.015758,0.062617,-0.013172,-0.025051,0.011879,0.039948,-0.100244,0.140192
FIE.DE,2021-12-30,26.43,positive,Q5,0.024933,0.008232,0.016702,-0.038066,-0.015758,-0.022308,-0.032927,-0.025051,-0.007876,-0.145413,-0.100244,-0.045169
BCY.DE,2021-12-30,78.42,positive,Q5,0.03,0.008232,0.021768,0.085,-0.015758,0.100758,0.05,-0.025051,0.075051,-0.21,-0.100244,-0.109756
RY4C.DE,2021-12-30,-12.91,negative,Q2,0.023346,0.008232,0.015114,0.041505,-0.015758,0.057263,0.046693,-0.025051,0.071744,-0.151102,-0.100244,-0.050859
MMM.DE,2021-12-30,16.57,positive,Q4,0.0214,0.008232,0.013168,0.001605,-0.015758,0.017363,-0.054481,-0.025051,-0.029429,-0.126884,-0.100244,-0.02664
ASME.DE,2021-12-30,140.0,positive,Q5,-0.034876,0.008232,-0.043107,-0.110612,-0.015758,-0.094854,-0.147044,-0.025051,-0.121992,-0.13125,-0.100244,-0.031006
HNK1.DE,2021-12-30,119.89,positive,Q5,0.01226,0.008232,0.004028,-0.00693,-0.015758,0.008829,-0.059488,-0.025051,-0.034437,-0.138593,-0.100244,-0.038349
NOA3.DE,2021-12-30,85.42,positive,Q5,-0.001988,0.008232,-0.01022,-0.033797,-0.015758,-0.018039,-0.055666,-0.025051,-0.030615,-0.109344,-0.100244,-0.0091
AUS.DE,2021-12-30,311.11,positive,Q5,0.0,0.008232,-0.008232,-0.089587,-0.015758,-0.073828,-0.016855,-0.025051,0.008196,0.133226,-0.100244,0.233469
LOR.DE,2021-12-30,-3.14,negative,Q3,0.012555,0.008232,0.004323,-0.073582,-0.015758,-0.057824,-0.11257,-0.025051,-0.087519,-0.146016,-0.100244,-0.045772
EVT.DE,2021-12-30,-256.2,negative,Q1,-0.072012,0.008232,-0.080243,-0.114018,-0.015758,-0.09826,-0.12194,-0.025051,-0.096888,-0.342295,-0.100244,-0.242051
UN0.DE,2021-12-30,154.01,positive,Q5,0.012781,0.008232,0.004549,-0.019045,-0.015758,-0.003286,-0.03231,-0.025051,-0.007258,-0.435732,-0.100244,-0.335488
HMI.DE,2021-12-30,16.65,positive,Q4,0.011709,0.008232,0.003477,-0.108328,-0.015758,-0.09257,-0.123614,-0.025051,-0.098563,-0.160579,-0.100244,-0.060335
NGLB.DE,2021-12-30,-1.65,negative,Q3,0.021594,0.008232,0.013362,0.054303,-0.015758,0.070061,0.103207,-0.025051,0.128259,0.339155,-0.100244,0.439399
KMY.DE,2021-12-30,-16.88,negative,Q2,0.032148,0.008232,0.023916,0.030947,-0.015758,0.046705,-0.027806,-0.025051,-0.002755,-0.09709,-0.100244,0.003154
PAE.DE,2021-12-30,-7.2,negative,Q3,0.049347,0.008232,0.041115,0.039611,-0.015758,0.055369,0.081434,-0.025051,0.106485,0.027661,-0.100244,0.127905
ABL.DE,2021-12-30,-25.45,negative,Q2,-0.011432,0.008232,-0.019664,-0.025789,-0.015758,-0.01003,-0.072049,-0.025051,-0.046998,-0.10989,-0.100244,-0.009646
HAR.DE,2021-12-30,140.48,positive,Q5,0.028028,0.008232,0.019797,0.045425,-0.015758,0.061184,-0.054446,-0.025051,-0.029395,0.082474,-0.100244,0.182718
MOH.DE,2021-12-30,27.4,positive,Q5,0.017659,0.008232,0.009427,-0.038613,-0.015758,-0.022854,0.001773,-0.025051,0.026825,-0.111183,-0.100244,-0.010939
GZF.DE,2021-12-30,-22.32,negative,Q2,0.010672,0.008232,0.002441,0.01174,-0.015758,0.027498,0.039488,-0.025051,0.064539,-0.097118,-0.100244,0.003125
AXA.DE,2021-12-30,-4.96,negative,Q3,0.01912,0.008232,0.010889,0.032983,-0.015758,0.048741,0.06501,-0.025051,0.090061,0.000956,-0.100244,0.1012
HAL.DE,2021-12-30,161.36,positive,Q5,0.063918,0.008232,0.055686,0.076289,-0.015758,0.092047,0.322165,-0.025051,0.347216,0.653608,-0.100244,0.753852
DC7.DE,2021-12-30,-0.92,negative,Q3,0.037196,0.008232,0.028964,0.064378,-0.015758,0.080136,-0.003781,-0.025051,0.02127,-0.02759,-0.100244,0.072653
TII.DE,2021-12-30,2.03,positive,Q3,-0.001218,0.008232,-0.00945,-0.060953,-0.015758,-0.045194,-0.037207,-0.025051,-0.012156,0.00805,-0.100244,0.108294
BLQA.DE,2021-12-30,18.38,positive,Q5,0.014332,0.008232,0.0061,-0.05236,-0.015758,-0.036601,-0.092612,-0.025051,-0.06756,-0.126257,-0.100244,-0.026013
2OY.DE,2021-12-30,10.16,positive,Q4,0.010482,0.008232,0.00225,0.018218,-0.015758,0.033977,0.071625,-0.025051,0.096676,0.160719,-0.100244,0.260963
NRA.DE,2021-12-30,-273.49,negative,Q1,-0.001169,0.008232,-0.009401,-0.059632,-0.015758,-0.043873,-0.080678,-0.025051,-0.055627,-0.090324,-0.100244,0.009919
SOBA.DE,2021-12-30,10.89,positive,Q4,0.020316,0.008232,0.012084,0.07073,-0.015758,0.086488,0.000752,-0.025051,0.025804,-0.011287,-0.100244,0.088957
PER.DE,2021-12-30,4.51,positive,Q4,0.028603,0.008232,0.020371,-0.025792,-0.015758,-0.010034,-0.07633,-0.025051,-0.051278,-0.047947,-0.100244,0.052297
LOM.DE,2021-12-30,17.47,positive,Q4,0.022358,0.008232,0.014126,0.027778,-0.015758,0.043536,0.098595,-0.025051,0.123646,0.293218,-0.100244,0.393462
SND.DE,2021-12-30,-7.07,negative,Q3,0.013368,0.008232,0.005136,-0.072075,-0.015758,-0.056317,-0.128072,-0.025051,-0.103021,-0.129921,-0.100244,-0.029677
WMB.DE,2021-12-30,48.82,positive,Q5,0.019447,0.008232,0.011215,0.054759,-0.015758,0.070518,0.138178,-0.025051,0.163229,0.306551,-0.100244,0.406795
PPX.DE,2021-12-30,3.96,positive,Q4,0.015247,0.008232,0.007015,-0.019783,-0.015758,-0.004025,-0.045774,-0.025051,-0.020722,-0.182776,-0.100244,-0.082532
CTP2.DE,2021-12-30,-19.67,negative,Q2,0.001749,0.008232,-0.006483,0.0,-0.015758,0.015758,-0.004247,-0.025051,0.020805,-0.047964,-0.100244,0.05228
WDC.DE,2021-12-30,17.91,positive,Q4,0.019081,0.008232,0.010849,-0.010408,-0.015758,0.005351,-0.224284,-0.025051,-0.199233,-0.207112,-0.100244,-0.106868
CAR.DE,2021-12-30,0.51,positive,Q3,0.018141,0.008232,0.009909,0.095994,-0.015758,0.111752,0.067271,-0.025051,0.092323,0.218443,-0.100244,0.318687
PA9.DE,2021-12-30,46.32,positive,Q5,0.024316,0.008232,0.016084,0.045348,-0.015758,0.061106,0.081704,-0.025051,0.106756,0.209851,-0.100244,0.310095
NMM.DE,2021-12-30,-107.54,negative,Q1,-0.001254,0.008232,-0.009486,-0.034281,-0.015758,-0.018523,0.005226,-0.025051,0.030277,0.355769,-0.100244,0.456013
GOB.DE,2021-12-30,-0.43,negative,Q3,0.027173,0.008232,0.018941,0.020875,-0.015758,0.036633,-0.022674,-0.025051,0.002377,-0.128487,-0.100244,-0.028243
SQU.DE,2021-12-30,0.3,positive,Q3,0.021999,0.008232,0.013767,0.018228,-0.015758,0.033986,0.053048,-0.025051,0.0781,0.0044,-0.100244,0.104644
UNP.DE,2021-12-30,1.29,positive,Q3,0.004951,0.008232,-0.003281,-0.015679,-0.015758,8e-05,-0.026406,-0.025051,-0.001355,0.125479,-0.100244,0.225723
GDX.DE,2021-12-30,31.72,positive,Q5,0.025435,0.008232,0.017204,0.017775,-0.015758,0.033533,0.030104,-0.025051,0.055155,0.208151,-0.100244,0.308395
AIL.DE,2021-12-30,-3.73,negative,Q3,0.019568,0.008232,0.011336,0.009784,-0.015758,0.025542,-0.015604,-0.025051,0.009447,0.029521,-0.100244,0.129765
BEI.DE,2021-12-30,-10.83,negative,Q2,-0.015133,0.008232,-0.023365,-0.039947,-0.015758,-0.024188,-0.045844,-0.025051,-0.020793,0.029042,-0.100244,0.129286
185.DE,2021-12-30,-171.62,negative,Q1,-0.043866,0.008232,-0.052098,0.006017,-0.015758,0.021775,-0.046778,-0.025051,-0.021727,0.543866,-0.100244,0.64411
S92.DE,2021-12-30,11.0,positive,Q4,-0.017742,0.008232,-0.025974,-0.08414,-0.015758,-0.068381,-0.179839,-0.025051,-0.154787,-0.011828,-0.100244,0.088416
UB5.DE,2021-12-30,16.67,positive,Q4,0.001577,0.008232,-0.006655,0.066021,-0.015758,0.081779,0.031546,-0.025051,0.056597,-0.01735,-0.100244,0.082894
ENR.DE,2021-12-30,-244.74,negative,Q1,0.005603,0.008232,-0.002628,-0.05431,-0.015758,-0.038552,-0.157328,-0.025051,-0.132276,-0.106897,-0.100244,-0.006653
JDE.DE,2021-12-30,-10.12,negative,Q2,0.00708,0.008232,-0.001151,0.018326,-0.015758,0.034084,0.005831,-0.025051,0.030882,-0.031653,-0.100244,0.06859
KLA.DE,2021-12-31,-4.82,negative,Q3,-0.011403,0.007376,-0.018779,-0.043554,-0.013051,-0.030503,-0.106284,-0.033359,-0.072924,-0.150352,-0.105626,-0.044726
KC4.DE,2021-12-31,52.61,positive,Q5,0.013942,0.007376,0.006566,-0.003078,-0.013051,0.009973,-0.081296,-0.033359,-0.047937,-0.209488,-0.105626,-0.103862
BAC.DE,2021-12-31,-19.34,negative,Q2,0.026521,0.007376,0.019146,0.015355,-0.013051,0.028405,0.030151,-0.033359,0.06351,0.0,-0.105626,0.105626
GOS.DE,2021-12-31,22.36,positive,Q5,0.0,0.007376,-0.007376,-0.024766,-0.013051,-0.011716,-0.112899,-0.033359,-0.079539,-0.159405,-0.105626,-0.053779
CMC.DE,2021-12-31,20.49,positive,Q5,-0.000825,0.007376,-0.008201,-0.004349,-0.013051,0.008701,-0.109178,-0.033359,-0.075819,-0.168941,-0.105626,-0.063316
HRS.DE,2021-12-31,-21.38,negative,Q2,-0.001889,0.007376,-0.009265,0.04316,-0.013051,0.05621,-0.006411,-0.033359,0.026948,0.223526,-0.105626,0.329152
MUV2.DE,2021-12-31,25.47,positive,Q5,0.013059,0.007376,0.005683,0.017137,-0.013051,0.030187,0.035965,-0.033359,0.069325,-0.095098,-0.105626,0.010528
HEN.DE,2021-12-31,-26.05,negative,Q2,0.00207,0.007376,-0.005305,0.050167,-0.013051,0.063218,-0.027552,-0.033359,0.005807,-0.157668,-0.105626,-0.052043
UNVB.DE,2021-12-31,-2.59,negative,Q3,-0.004597,0.007376,-0.011973,-0.010888,-0.013051,0.002163,-0.036293,-0.033359,-0.002934,-0.109848,-0.105626,-0.004222
COZ.DE,2021-12-31,2.11,positive,Q3,-0.012851,0.007376,-0.020227,-0.045896,-0.013051,-0.032845,-0.03829,-0.033359,-0.004931,0.00459,-0.105626,0.110215
NWT.DE,2021-12-31,67.35,positive,Q5,-0.007346,0.007376,-0.014722,0.045972,-0.013051,0.059022,0.045024,-0.033359,0.078383,-0.062085,-0.105626,0.04354
DWD.DE,2021-12-31,14.19,positive,Q4,-0.001129,0.007376,-0.008505,0.000878,-0.013051,0.013929,-0.00138,-0.033359,0.031979,-0.129971,-0.105626,-0.024345
CWC.DE,2021-12-31,0.89,positive,Q3,-0.004692,0.007376,-0.012067,-0.08728,-0.013051,-0.074229,-0.119058,-0.033359,-0.085699,-0.261131,-0.105626,-0.155506
HEN3.DE,2021-12-31,-26.05,negative,Q2,0.013132,0.007376,0.005756,0.070851,-0.013051,0.083901,-0.025042,-0.033359,0.008317,-0.175294,-0.105626,-0.069668
UNH.DE,2021-12-31,-22.47,negative,Q2,-0.012356,0.007376,-0.019732,-0.074355,-0.013051,-0.061305,-0.047378,-0.033359,-0.014019,0.055688,-0.105626,0.161314
NVJP.DE,2021-12-31,-1.63,negative,Q3,-0.004288,0.007376,-0.011664,-0.025421,-0.013051,-0.012371,-0.060949,-0.033359,-0.02759,0.118224,-0.105626,0.223849
FPMB.DE,2021-12-31,-21.76,negative,Q2,0.027213,0.007376,0.019837,0.003151,-0.013051,0.016202,-0.059868,-0.033359,-0.026509,0.246634,-0.105626,0.35226
1N8.DE,2021-12-31,5.5,positive,Q4,-0.009507,0.007376,-0.016883,-0.111873,-0.013051,-0.098822,-0.212823,-0.033359,-0.179464,-0.206898,-0.105626,-0.101272
AFX.DE,2021-12-31,-62.83,negative,Q1,-0.00086,0.007376,-0.008236,-0.100642,-0.013051,-0.087591,-0.194635,-0.033359,-0.161276,-0.169131,-0.105626,-0.063505
CBHD.DE,2021-12-31,-1.93,negative,Q3,0.0,0.007376,-0.007376,-0.068532,-0.013051,-0.055481,-0.129153,-0.033359,-0.095794,-0.061269,-0.105626,0.044357
DWNI.DE,2021-12-31,-76.9,negative,Q1,0.013484,0.007376,0.006108,-0.029396,-0.013051,-0.016345,-0.031553,-0.033359,0.001806,-0.183927,-0.105626,-0.078301
BMT.DE,2021-12-31,-14.08,negative,Q2,-0.002774,0.007376,-0.01015,0.038446,-0.013051,0.051497,0.125644,-0.033359,0.159003,0.153785,-0.105626,0.259411
QIA.DE,2021-12-31,-2.43,negative,Q3,-0.002174,0.007376,-0.00955,-0.046749,-0.013051,-0.033699,-0.044792,-0.033359,-0.011433,-0.028919,-0.105626,0.076706
0S6.DE,2021-12-31,-15.76,negative,Q2,-0.045961,0.007376,-0.053337,-0.007615,-0.013051,0.005436,-0.22464,-0.033359,-0.19128,-0.541746,-0.105626,-0.43612
DHER.DE,2021-12-31,64.49,positive,Q5,-0.029622,0.007376,-0.036998,-0.07027,-0.013051,-0.05722,-0.253189,-0.033359,-0.21983,-0.548,-0.105626,-0.442374
AHOG.DE,2022-01-02,14.53,positive,Q4,0.009778,0.007376,0.002402,0.012787,-0.013051,0.025837,-0.065438,-0.033359,-0.032079,-0.060173,-0.105626,0.045453
2HQ.DE,2022-01-10,111.92,positive,Q5,-0.032407,0.004298,-0.036705,-0.114198,-0.010617,-0.103581,-0.072531,-0.028842,-0.043688,-0.070988,-0.104012,0.033024
NFC.DE,2022-01-27,-54.96,negative,Q1,0.091069,0.009939,0.081131,0.035253,-0.014322,0.049574,0.036721,-0.056005,0.092726,-0.440364,-0.07971,-0.360654
R66.DE,2022-01-28,-54.27,negative,Q1,-0.002389,0.009578,-0.011968,0.04764,-0.0171,0.064741,0.03629,-0.101243,0.137533,0.116637,-0.099031,0.215668
NTA.DE,2022-01-30,-15.26,negative,Q2,0.017902,-0.00036,0.018262,0.009586,-0.024137,0.033723,-0.052298,-0.103671,0.051373,-0.084438,-0.101151,0.016714
2M6.DE,2022-01-30,-21.15,negative,Q2,-0.014878,-0.00036,-0.014518,-0.015247,-0.024137,0.008891,0.045371,-0.103671,0.149042,0.082872,-0.101151,0.184023
KFI1.DE,2022-01-30,26.64,positive,Q5,-0.012012,-0.00036,-0.011652,-0.09009,-0.024137,-0.065953,-0.114114,-0.103671,-0.010443,-0.249249,-0.101151,-0.148098
HDI.DE,2022-01-30,-0.35,negative,Q3,0.006458,-0.00036,0.006818,-0.025834,-0.024137,-0.001697,-0.090657,-0.103671,0.013014,-0.095271,-0.101151,0.005881
CSC.DE,2022-01-30,5.5,positive,Q4,0.008361,-0.00036,0.008721,-0.022854,-0.024137,0.001283,0.038462,-0.103671,0.142133,0.153289,-0.101151,0.25444
FDO.DE,2022-01-31,173.66,positive,Q5,-0.035647,-0.00036,-0.035287,-0.003283,-0.024137,0.020854,0.022045,-0.103671,0.125716,0.003752,-0.101151,0.104904
CTX.DE,2022-01-31,36.11,positive,Q5,-0.008348,-0.00036,-0.007988,-0.018893,-0.024137,0.005244,0.011643,-0.103671,0.115314,0.053163,-0.101151,0.154315
STM.DE,2022-01-31,12.58,positive,Q4,-0.004901,-0.00036,-0.004541,-0.029951,-0.024137,-0.005814,-0.166636,-0.103671,-0.062965,-0.250862,-0.101151,-0.149711
12DA.DE,2022-01-31,-99.87,negative,Q1,0.028951,-0.00036,0.029311,0.022732,-0.024137,0.046869,-0.073343,-0.103671,0.030328,-0.103581,-0.101151,-0.00243
8GM.DE,2022-02-01,3.92,positive,Q4,0.014626,-0.01571,0.030337,-0.027678,-0.008439,-0.019239,-0.112511,-0.122672,0.010161,-0.189019,-0.105224,-0.083795
2QO.DE,2022-02-01,-29.22,negative,Q2,-0.108481,-0.01571,-0.092771,-0.051282,-0.008439,-0.042843,-0.058777,-0.122672,0.063895,-0.116529,-0.105224,-0.011304
4AB.DE,2022-02-02,-30.8,negative,Q2,-0.001312,-0.017498,0.016186,0.008432,0.007936,0.000495,0.11083,-0.147961,0.258791,0.182874,-0.095387,0.278261
2PP.DE,2022-02-02,-38.95,negative,Q1,0.011597,-0.017498,0.029094,-0.043902,0.007936,-0.051839,-0.159871,-0.147961,-0.01191,-0.257616,-0.095387,-0.162229
6MK.DE,2022-02-03,-2.24,negative,Q3,-0.004232,0.007092,-0.011324,-0.017255,0.021561,-0.038816,0.030767,-0.149998,0.180765,0.224646,-0.094391,0.319037
1WR.DE,2022-02-03,8.01,positive,Q4,-0.005121,0.007092,-0.012213,0.030997,0.021561,0.009436,-0.027493,-0.149998,0.122505,0.277898,-0.094391,0.372289
4PN.DE,2022-02-07,-5.24,negative,Q3,-0.017162,0.015721,-0.032883,-0.019467,0.011175,-0.030642,-0.012295,-0.091485,0.07919,-0.128842,-0.112032,-0.01681
SIE.DE,2022-02-10,8.6,positive,Q4,-0.01371,-0.020172,0.006462,-0.036075,-0.024804,-0.011271,-0.086857,-0.096985,0.010129,-0.179305,-0.090579,-0.088726
4I1.DE,2022-02-10,1.71,positive,Q3,0.050656,-0.020172,0.070828,0.086352,-0.024804,0.111156,-0.101312,-0.096985,-0.004327,0.117717,-0.090579,0.208295
5UR.DE,2022-02-11,-56.02,negative,Q1,0.003662,0.019766,-0.016104,-0.021318,-0.025331,0.004013,0.074026,-0.079178,0.153204,0.079126,-0.076061,0.155188
TM5.DE,2022-02-11,-25.09,negative,Q2,0.010607,0.019766,-0.009158,-0.021402,-0.025331,0.003928,0.047968,-0.079178,0.127146,0.110485,-0.076061,0.186547
HCL.DE,2022-02-22,-111.45,negative,Q1,0.001942,-0.03959,0.041532,0.085437,-0.043144,0.128581,0.209709,-0.024439,0.234147,-0.170874,-0.042609,-0.128265
FME.DE,2022-02-22,5.56,positive,Q4,-0.035996,-0.03959,0.003594,-0.020404,-0.043144,0.022739,0.013474,-0.024439,0.037913,0.005005,-0.042609,0.047614
IBM.DE,2022-02-22,80.16,positive,Q5,-0.012855,-0.03959,0.026736,0.027102,-0.043144,0.070246,0.077665,-0.024439,0.102103,0.164542,-0.042609,0.207151
NCB.DE,2022-02-22,10.21,positive,Q4,-0.040726,-0.03959,-0.001136,-0.027793,-0.043144,0.015351,-0.016511,-0.024439,0.007928,-0.16208,-0.042609,-0.119471
LLY.DE,2022-02-23,-25.58,negative,Q2,0.051693,0.036659,0.015034,0.08507,-0.025171,0.110241,0.241559,0.018051,0.223507,0.364621,0.012752,0.351869
U9R.DE,2022-02-23,24.29,positive,Q5,0.022572,0.036659,-0.014087,0.055404,-0.025171,0.080574,0.067031,0.018051,0.04898,-0.356361,0.012752,-0.369113
NWO.DE,2022-02-24,170.74,positive,Q5,-0.035767,-0.007291,-0.028476,-0.06799,-0.101096,0.033106,0.104827,-0.010287,0.115114,-0.144271,-0.007211,-0.13706
AHLA.DE,2022-02-24,-35.75,negative,Q2,0.008467,-0.007291,0.015758,-0.030637,-0.101096,0.070459,0.094808,-0.010287,0.105096,-0.072972,-0.007211,-0.065762
TRVC.DE,2022-02-25,8.53,positive,Q4,-0.023165,-0.03846,0.015295,-0.045681,-0.112466,0.066785,-0.045031,0.024847,-0.069878,-0.052609,0.00795,-0.060559
GXI.DE,2022-02-27,-45.49,negative,Q1,-0.02264,0.006851,-0.029491,-0.104645,-0.077192,-0.027454,0.083515,0.050428,0.033087,0.120577,0.034772,0.085805
HMSB.DE,2022-02-27,-76.8,negative,Q1,-0.023451,0.006851,-0.030301,-0.10134,-0.077192,-0.024148,0.041876,0.050428,-0.008552,-0.102178,0.034772,-0.13695
TCO0.DE,2022-02-27,-3.81,negative,Q3,-0.006873,0.006851,-0.013724,-0.058419,-0.077192,0.018773,-0.020619,0.050428,-0.071047,-0.065292,0.034772,-0.100064
W8A.DE,2022-02-27,-25.4,negative,Q2,0.015788,0.006851,0.008937,0.088174,-0.077192,0.165366,0.062556,0.050428,0.012127,0.020256,0.034772,-0.014516
HLE.DE,2022-02-27,91.3,positive,Q5,-0.000863,0.006851,-0.007714,-0.143597,-0.077192,-0.066405,-0.054021,0.050428,-0.10445,0.084225,0.034772,0.049453
2HP.DE,2022-02-28,-17.18,negative,Q2,0.045922,0.006851,0.039072,0.042755,-0.077192,0.119947,0.106888,0.050428,0.05646,0.030879,0.034772,-0.003893
DYH.DE,2022-03-09,13.44,positive,Q4,0.012017,0.013838,-0.001821,0.028,0.070373,-0.042373,0.129639,0.062607,0.067032,-0.231871,0.056293,-0.288164
ORC.DE,2022-03-11,-28.76,negative,Q2,0.053949,-0.00085,0.054799,0.041282,0.028563,0.012719,0.059463,0.01406,0.045404,-0.109985,-0.036045,-0.07394
WMT.DE,2022-03-18,-71.36,negative,Q1,-0.002882,0.010207,-0.013088,0.010567,0.00631,0.004257,0.121278,0.012245,0.109032,-0.127041,-0.074082,-0.052959
OHB.DE,2022-03-23,-36.93,negative,Q2,0.013734,0.00224,0.011494,0.001431,0.009875,-0.008445,-0.103004,-0.036248,-0.066757,-0.094707,-0.095364,0.000657
EJT1.DE,2022-03-29,12.52,positive,Q4,0.00158,-0.013097,0.014677,-0.039494,-0.031108,-0.008387,0.00316,-0.045665,0.048824,-0.298578,-0.109729,-0.18885
AOMD.DE,2022-03-30,-294.22,negative,Q1,-0.013205,0.002201,-0.015406,-0.074149,-0.023351,-0.050798,0.042153,-0.026034,0.068188,0.012697,-0.113147,0.125843
CHV.DE,2022-03-30,-5.21,negative,Q3,0.006224,0.002201,0.004023,0.013472,-0.023351,0.036823,0.040574,-0.026034,0.066608,-0.055779,-0.113147,0.057368
FRA.DE,2022-03-30,-171.81,negative,Q1,-0.024158,0.002201,-0.02636,-0.045545,-0.023351,-0.022194,0.02297,-0.026034,0.049005,-0.178218,-0.113147,-0.065071
CO3A.DE,2022-03-30,285.67,positive,Q5,-0.002466,0.002201,-0.004667,-0.032059,-0.023351,-0.008708,-0.077682,-0.026034,-0.051647,-0.051788,-0.113147,0.061359
VOW3.DE,2022-03-30,49.61,positive,Q5,0.003672,0.002201,0.001471,-0.045898,-0.023351,-0.022547,-0.043386,-0.026034,-0.017351,-0.144265,-0.113147,-0.031119
FFV.DE,2022-03-30,-54.81,negative,Q1,-0.012815,0.002201,-0.015016,0.033824,-0.023351,0.057175,-0.132038,-0.026034,-0.106003,-0.227101,-0.113147,-0.113954
WDP.DE,2022-03-30,-78.3,negative,Q1,-0.003091,0.002201,-0.005292,-0.03986,-0.023351,-0.016509,-0.135362,-0.026034,-0.109327,-0.279834,-0.113147,-0.166687
GTR.DE,2022-03-30,47.37,positive,Q5,-0.023646,0.002201,-0.025847,-0.108314,-0.023351,-0.084963,-0.003051,-0.026034,0.022983,-0.221968,-0.113147,-0.108821
SY1.DE,2022-03-30,-48.1,negative,Q1,-0.002298,0.002201,-0.004499,0.051896,-0.023351,0.075247,0.009192,-0.026034,0.035226,-0.037055,-0.113147,0.076092
MTT.DE,2022-03-30,213.37,positive,Q5,-0.034004,0.002201,-0.036205,-0.03113,-0.023351,-0.007779,0.179598,-0.026034,0.205632,0.025383,-0.113147,0.13853
TOTB.DE,2022-03-30,-37.64,negative,Q1,0.008788,0.002201,0.006587,-0.026365,-0.023351,-0.003014,0.058322,-0.026034,0.084357,0.10253,-0.113147,0.215677
MVIN.DE,2022-03-30,-33.31,negative,Q2,-0.121145,0.002201,-0.123347,-0.176211,-0.023351,-0.15286,-0.211454,-0.026034,-0.185419,-0.189427,-0.113147,-0.076281
RPL.DE,2022-03-30,-16.81,negative,Q2,0.030208,0.002201,0.028007,0.05767,-0.023351,0.081021,0.137701,-0.026034,0.163736,0.018439,-0.113147,0.131585
T6A.DE,2022-03-30,-188.52,negative,Q1,0.01569,0.002201,0.013488,-0.007019,-0.023351,0.016332,-0.009083,-0.026034,0.016951,-0.294798,-0.113147,-0.181651
USX1.DE,2022-03-30,-0.37,negative,Q3,0.008457,0.002201,0.006255,-0.043793,-0.023351,-0.020442,-0.15071,-0.026034,-0.124675,-0.490788,-0.113147,-0.377642
AHC.DE,2022-03-30,18.63,positive,Q5,0.06463,0.002201,0.062429,0.067729,-0.023351,0.09108,0.081009,-0.026034,0.107044,0.100708,-0.113147,0.213855
VTSC.DE,2022-03-30,-160.7,negative,Q1,-0.000558,0.002201,-0.002759,-0.048509,-0.023351,-0.025157,0.105938,-0.026034,0.131973,0.024812,-0.113147,0.137958
2FE.DE,2022-03-30,3.2,positive,Q3,0.002994,0.002201,0.000793,0.003768,-0.023351,0.027119,0.029372,-0.026034,0.055407,-0.116405,-0.113147,-0.003258
VOS.DE,2022-03-30,100.0,positive,Q5,0.001162,0.002201,-0.001039,-0.027891,-0.023351,-0.00454,-0.029343,-0.026034,-0.003309,-0.172574,-0.113147,-0.059427
DEZ.DE,2022-03-30,100.0,positive,Q5,0.004773,0.002201,0.002572,-0.081146,-0.023351,-0.057795,-0.073986,-0.026034,-0.047951,-0.188544,-0.113147,-0.075398
BMW3.DE,2022-03-30,248.41,positive,Q5,-0.002269,0.002201,-0.004471,-0.025719,-0.023351,-0.002368,0.024773,-0.026034,0.050808,0.04236,-0.113147,0.155507
8TI.DE,2022-03-30,-45.09,negative,Q1,-0.000927,0.002201,-0.003128,-0.085264,-0.023351,-0.061913,-0.05468,-0.026034,-0.028646,-0.141798,-0.113147,-0.028651
ADV.DE,2022-03-30,-38.32,negative,Q1,-0.00472,0.002201,-0.006921,-0.018881,-0.023351,0.00447,-0.002697,-0.026034,0.023337,0.023601,-0.113147,0.136747
MOR.DE,2022-03-30,-179.89,negative,Q1,0.00525,0.002201,0.003049,0.056947,-0.023351,0.080298,-0.179321,-0.026034,-0.153287,-0.241922,-0.113147,-0.128776
COK.DE,2022-03-30,-35.34,negative,Q2,-0.008896,0.002201,-0.011097,-0.027497,-0.023351,-0.004146,-0.206025,-0.026034,-0.179991,-0.415083,-0.113147,-0.301936
SHL.DE,2022-03-30,-7.1,negative,Q3,-0.000563,0.002201,-0.002764,0.004693,-0.023351,0.028044,-0.103435,-0.026034,-0.077401,-0.137789,-0.113147,-0.024642
EW1.DE,2022-03-30,18.59,positive,Q5,-0.037902,0.002201,-0.040103,-0.038563,-0.023351,-0.015212,0.040877,-0.026034,0.066911,0.002204,-0.113147,0.11535
8TRA.DE,2022-03-30,40.0,positive,Q5,-0.009838,0.002201,-0.01204,-0.121574,-0.023351,-0.098223,-0.042867,-0.026034,-0.016833,None,None,None
KRN.DE,2022-03-30,13.39,positive,Q4,-0.006675,0.002201,-0.008876,-0.042466,-0.023351,-0.019114,-0.016617,-0.026034,0.009418,None,None,None
DTE.DE,2022-03-30,151.5,positive,Q5,0.018182,0.002201,0.015981,0.037037,-0.023351,0.060388,0.064646,-0.026034,0.090681,0.160943,-0.113147,0.274089
F3A.DE,2022-03-30,5.0,positive,Q4,0.002378,0.002201,0.000177,-0.049419,-0.023351,-0.026068,-0.044926,-0.026034,-0.018892,-0.149709,-0.113147,-0.036563
QCI.DE,2022-03-30,-12.78,negative,Q2,-0.04914,0.002201,-0.051341,-0.089683,-0.023351,-0.066332,-0.014434,-0.026034,0.0116,-0.105301,-0.113147,0.007846
ADJ.DE,2022-03-30,-126.87,negative,Q1,0.0266,0.002201,0.024399,-0.018288,-0.023351,0.005063,None,None,None,-0.686617,-0.113147,-0.57347
RWL.DE,2022-03-30,-79.62,negative,Q1,0.017859,0.002201,0.015657,-0.006559,-0.023351,0.016792,-0.194033,-0.026034,-0.167999,-0.23796,-0.113147,-0.124814
LXS.DE,2022-03-30,-15.04,negative,Q2,0.001071,0.002201,-0.00113,-0.093465,-0.023351,-0.070114,-0.078736,-0.026034,-0.052701,-0.118104,-0.113147,-0.004957
UTDI.DE,2022-03-30,-1.44,negative,Q3,-0.001136,0.002201,-0.003337,0.003408,-0.023351,0.026759,-0.021204,-0.026034,0.00483,-0.1117,-0.113147,0.001447
KEL.DE,2022-03-30,41.22,positive,Q5,0.009967,0.002201,0.007766,0.054194,-0.023351,0.077545,0.107143,-0.026034,0.133177,0.190615,-0.113147,0.303761
ADS.DE,2022-03-30,13.89,positive,Q4,-0.008503,0.002201,-0.010704,-0.038702,-0.023351,-0.015351,-0.092699,-0.026034,-0.066665,-0.188771,-0.113147,-0.075624
AEC1.DE,2022-03-30,13.12,positive,Q4,-0.003263,0.002201,-0.005464,-0.029118,-0.023351,-0.005767,-0.035459,-0.026034,-0.009425,-0.223467,-0.113147,-0.11032
BAS.DE,2022-03-30,-37.38,negative,Q2,0.007046,0.002201,0.004845,-0.027428,-0.023351,-0.004077,-0.015853,-0.026034,0.010181,-0.139658,-0.113147,-0.026511
PFV.DE,2022-03-30,16.58,positive,Q4,0.021886,0.002201,0.019685,-0.008053,-0.023351,0.015298,-0.057605,-0.026034,-0.03157,-0.113197,-0.113147,-5e-05
MGG.DE,2022-03-30,-23.75,negative,Q2,-0.020223,0.002201,-0.022424,-0.061187,-0.023351,-0.037836,0.004667,-0.026034,0.030701,-0.282862,-0.113147,-0.169716
BCY.DE,2022-03-30,61.2,positive,Q5,-0.012658,0.002201,-0.014859,-0.050633,-0.023351,-0.027282,0.012658,-0.026034,0.038693,0.0,-0.113147,0.113147
OHB.DE,2022-03-30,10.12,positive,Q4,-0.036571,0.002201,-0.038773,-0.039143,-0.023351,-0.015792,-0.102857,-0.026034,-0.076823,-0.048,-0.113147,0.065147
RY4C.DE,2022-03-30,54.81,positive,Q5,0.013751,0.002201,0.01155,-0.049656,-0.023351,-0.026305,0.077158,-0.026034,0.103193,-0.175707,-0.113147,-0.06256
CVS.DE,2022-03-30,-18.37,negative,Q2,-0.003736,0.002201,-0.005937,0.019051,-0.023351,0.042402,0.010958,-0.026034,0.036992,-0.032001,-0.113147,0.081146
EVK.DE,2022-03-30,1.06,positive,Q3,-0.001504,0.002201,-0.003705,-0.03208,-0.023351,-0.008729,-0.001003,-0.026034,0.025032,-0.152381,-0.113147,-0.039234
O3P.DE,2022-03-30,13.95,positive,Q4,0.009317,0.002201,0.007116,-0.016693,-0.023351,0.006659,0.006988,-0.026034,0.033022,-0.102873,-0.113147,0.010274
RDO.DE,2022-03-30,-4.87,negative,Q3,0.001724,0.002201,-0.000477,0.008621,-0.023351,0.031972,-0.032759,-0.026034,-0.006724,-0.008621,-0.113147,0.104526
MDO.DE,2022-03-30,-32.14,negative,Q2,-0.007997,0.002201,-0.010199,0.027239,-0.023351,0.05059,0.036981,-0.026034,0.063016,0.051231,-0.113147,0.164378
PSM.DE,2022-03-30,-55.7,negative,Q1,0.000951,0.002201,-0.00125,-0.056137,-0.023351,-0.032786,-0.050428,-0.026034,-0.024394,-0.177926,-0.113147,-0.064779
ABEC.DE,2022-03-30,-4.31,negative,Q3,-0.00513,0.002201,-0.007331,-0.020204,-0.023351,0.003147,-0.11917,-0.026034,-0.093135,-0.17836,-0.113147,-0.065213
KHNZ.DE,2022-03-30,18.06,positive,Q4,0.007097,0.002201,0.004896,0.038527,-0.023351,0.061878,0.13856,-0.026034,0.164595,0.045286,-0.113147,0.158432
JEN.DE,2022-03-30,-78.26,negative,Q1,-0.05142,0.002201,-0.053621,-0.12855,-0.023351,-0.105198,-0.056025,-0.026034,-0.02999,-0.216807,-0.113147,-0.103661
FNTN.DE,2022-03-30,29.68,positive,Q5,0.002668,0.002201,0.000467,0.01174,-0.023351,0.035091,0.085379,-0.026034,0.111413,0.035752,-0.113147,0.148899
DRW8.DE,2022-03-30,-0.7,negative,Q3,-0.007132,0.002201,-0.009333,0.008246,-0.023351,0.031597,-0.118788,-0.026034,-0.092753,-0.132382,-0.113147,-0.019236
AHLA.DE,2022-03-30,-184.79,negative,Q1,0.019933,0.002201,0.017732,-0.055287,-0.023351,-0.031936,-0.056756,-0.026034,-0.030722,0.080781,-0.113147,0.193927
SRT.DE,2022-03-30,78.76,positive,Q5,0.002873,0.002201,0.000672,0.004339,-0.023351,0.02769,-0.098561,-0.026034,-0.072526,-0.066665,-0.113147,0.046482
TPE.DE,2022-03-30,-50.0,negative,Q1,-0.015443,0.002201,-0.017644,-0.083992,-0.023351,-0.060641,-0.108098,-0.026034,-0.082063,-0.311488,-0.113147,-0.198341
48Z.DE,2022-03-30,5.22,positive,Q4,0.000927,0.002201,-0.001274,-0.029657,-0.023351,-0.006306,0.025641,-0.026034,0.051675,-0.078159,-0.113147,0.034988
0Q3.DE,2022-03-30,-61.94,negative,Q1,0.010066,0.002201,0.007865,-0.070464,-0.023351,-0.047113,-0.156028,-0.026034,-0.129994,-0.477236,-0.113147,-0.36409
SHA.DE,2022-03-30,-5.33,negative,Q3,0.015625,0.002201,0.013424,-0.033482,-0.023351,-0.010131,-0.011161,-0.026034,0.014874,0.046875,-0.113147,0.160022
2X0.DE,2022-03-30,-5.43,negative,Q3,0.009644,0.002201,0.007443,0.013777,-0.023351,0.037128,0.036213,-0.026034,0.062248,-0.00866,-0.113147,0.104487
ENI.DE,2022-03-30,35.75,positive,Q5,0.008876,0.002201,0.006674,-0.003945,-0.023351,0.019406,0.017751,-0.026034,0.043786,-0.121302,-0.113147,-0.008155
VNA.DE,2022-03-30,-104.7,negative,Q1,0.021223,0.002201,0.019022,-0.038257,-0.023351,-0.014906,-0.105278,-0.026034,-0.079243,-0.273387,-0.113147,-0.160241
AG1.DE,2022-03-30,-10.94,negative,Q2,0.011605,0.002201,0.009404,0.179884,-0.023351,0.203235,-0.020309,-0.026034,0.005725,-0.323985,-0.113147,-0.210838
DHL.DE,2022-03-30,21.35,positive,Q5,-0.023849,0.002201,-0.02605,-0.076539,-0.023351,-0.053188,-0.076816,-0.026034,-0.050782,-0.13949,-0.113147,-0.026343
639.DE,2022-03-30,365.01,positive,Q5,-0.000934,0.002201,-0.003135,-0.063986,-0.023351,-0.040635,-0.255009,-0.026034,-0.228975,-0.349372,-0.113147,-0.236225
DRW3.DE,2022-03-30,-0.7,negative,Q3,0.017033,0.002201,0.014832,0.026951,-0.023351,0.050302,-0.046787,-0.026034,-0.020753,-0.005821,-0.113147,0.107325
VAS.DE,2022-03-30,18.75,positive,Q5,-0.000864,0.002201,-0.003065,-0.108423,-0.023351,-0.085072,-0.089849,-0.026034,-0.063814,-0.25054,-0.113147,-0.137393
GFG.DE,2022-03-30,50.57,positive,Q5,0.017647,0.002201,0.015446,0.035294,-0.023351,0.058645,0.111765,-0.026034,0.137799,-0.147059,-0.113147,-0.033912
HNR1.DE,2022-03-30,43.72,positive,Q5,-0.012971,0.002201,-0.015172,-0.054773,-0.023351,-0.031422,-0.048918,-0.026034,-0.022883,-0.06641,-0.113147,0.046737
UPAB.DE,2022-03-30,4.98,positive,Q4,-0.034048,0.002201,-0.036249,-0.098533,-0.023351,-0.075182,-0.137223,-0.026034,-0.111189,-0.112461,-0.113147,0.000685
EBA.DE,2022-03-30,-320.84,negative,Q1,-0.008374,0.002201,-0.010575,-0.063521,-0.023351,-0.04017,-0.032067,-0.026034,-0.006033,-0.240196,-0.113147,-0.127049
AIR.DE,2022-03-30,154.52,positive,Q5,0.006214,0.002201,0.004012,-0.075243,-0.023351,-0.051892,-0.020583,-0.026034,0.005452,-0.149417,-0.113147,-0.036271
FIV.DE,2022-03-30,-24.67,negative,Q2,0.013312,0.002201,0.01111,0.013639,-0.023351,0.03699,0.031751,-0.026034,0.057786,-0.06994,-0.113147,0.043207
AK3.DE,2022-03-30,-48.59,negative,Q1,0.003775,0.002201,0.001574,0.010772,-0.023351,0.034124,-0.013443,-0.026034,0.012592,-0.194733,-0.113147,-0.081587
PFE.DE,2022-03-30,-8.89,negative,Q3,-0.012522,0.002201,-0.014724,0.055456,-0.023351,0.078807,-0.000256,-0.026034,0.025779,0.055712,-0.113147,0.168858
PEO.DE,2022-03-30,-24.98,negative,Q2,0.022667,0.002201,0.020465,0.087467,-0.023351,0.110818,0.054133,-0.026034,0.080168,0.036,-0.113147,0.149147
BMW.DE,2022-03-30,248.41,positive,Q5,0.005159,0.002201,0.002958,-0.037277,-0.023351,-0.013926,0.01764,-0.026034,0.043675,0.005492,-0.113147,0.118638
HAR.DE,2022-03-30,0.0,negative,Q3,-0.028571,0.002201,-0.030773,-0.083333,-0.023351,-0.059982,-0.003571,-0.026034,0.022463,-0.157143,-0.113147,-0.043996
ALD.DE,2022-03-30,-11.9,negative,Q2,-0.006737,0.002201,-0.008938,0.00245,-0.023351,0.025801,0.058917,-0.026034,0.084952,-0.059468,-0.113147,0.053678
R66.DE,2022-03-30,4.5,positive,Q4,-0.021618,0.002201,-0.023819,-0.062343,-0.023351,-0.038992,0.083403,-0.026034,0.109438,0.077406,-0.113147,0.190552
AXJ.DE,2022-03-30,-3.65,negative,Q3,0.0,0.002201,-0.002201,-0.006971,-0.023351,0.01638,-0.006971,-0.026034,0.019063,-0.11464,-0.113147,-0.001493
BOY.DE,2022-03-30,20.11,positive,Q5,0.012469,0.002201,0.010268,-0.029925,-0.023351,-0.006574,-0.012469,-0.026034,0.013566,-0.13217,-0.113147,-0.019023
BFSA.DE,2022-03-30,-12.34,negative,Q2,0.000623,0.002201,-0.001578,-0.088996,-0.023351,-0.065645,-0.193267,-0.026034,-0.167232,-0.334788,-0.113147,-0.221641
VFP.DE,2022-03-30,-54.6,negative,Q1,-0.0146,0.002201,-0.016801,-0.021355,-0.023351,0.001996,-0.046633,-0.026034,-0.020599,-0.178252,-0.113147,-0.065106
XY6.DE,2022-03-30,10.09,positive,Q4,-0.004414,0.002201,-0.006615,0.008962,-0.023351,0.032313,0.002408,-0.026034,0.028442,-0.046683,-0.113147,0.066464
FPE3.DE,2022-03-30,6.38,positive,Q4,-0.001375,0.002201,-0.003576,-0.063939,-0.023351,-0.040588,-0.11241,-0.026034,-0.086375,-0.158817,-0.113147,-0.045671
6D81.DE,2022-03-30,-38.29,negative,Q1,-0.012052,0.002201,-0.014253,-0.075801,-0.023351,-0.05245,-0.067872,-0.026034,-0.041837,-0.211545,-0.113147,-0.098398
690D.DE,2022-03-30,2.06,positive,Q3,-0.016079,0.002201,-0.01828,0.0,-0.023351,0.023351,0.009901,-0.026034,0.035935,-0.129614,-0.113147,-0.016467
ZEG.DE,2022-03-30,-85.4,negative,Q1,-0.003926,0.002201,-0.006128,0.063359,-0.023351,0.08671,0.057112,-0.026034,0.083147,0.049259,-0.113147,0.162406
1COV.DE,2022-03-30,3.86,positive,Q4,-0.004002,0.002201,-0.006203,-0.0492,-0.023351,-0.025849,-0.072505,-0.026034,-0.04647,-0.223635,-0.113147,-0.110488
YCP.DE,2022-03-30,39.16,positive,Q5,-0.00138,0.002201,-0.003581,-0.023711,-0.023351,-0.00036,0.023962,-0.026034,0.049996,-0.051562,-0.113147,0.061585
CCC3.DE,2022-03-30,10.11,positive,Q4,0.004813,0.002201,0.002611,0.034289,-0.023351,0.05764,0.077401,-0.026034,0.103436,0.075998,-0.113147,0.189144
WAF.DE,2022-03-30,52.19,positive,Q5,-0.014522,0.002201,-0.016723,-0.074634,-0.023351,-0.051283,-0.05416,-0.026034,-0.028126,-0.212475,-0.113147,-0.099328
JNP.DE,2022-03-30,-46.93,negative,Q1,-0.006433,0.002201,-0.008634,-0.016726,-0.023351,0.006625,-0.083628,-0.026034,-0.057594,-0.181087,-0.113147,-0.067941
ENL.DE,2022-03-30,8.28,positive,Q4,0.00625,0.002201,0.004049,0.016667,-0.023351,0.040018,0.029167,-0.026034,0.055201,-0.139583,-0.113147,-0.026437
NOEJ.DE,2022-03-30,-2.78,negative,Q3,0.011638,0.002201,0.009437,-0.071121,-0.023351,-0.04777,-0.092672,-0.026034,-0.066638,-0.157328,-0.113147,-0.044181
2PP.DE,2022-03-30,-50.53,negative,Q1,-0.005291,0.002201,-0.007492,-0.016818,-0.023351,0.006533,-0.188492,-0.026034,-0.162458,-0.374055,-0.113147,-0.260909
KTN.DE,2022-03-30,28.07,positive,Q5,0.014009,0.002201,0.011808,0.049366,-0.023351,0.072717,-0.040694,-0.026034,-0.014659,-0.154103,-0.113147,-0.040956
C7C1.F,2022-03-30,-20.89,negative,Q2,-0.012903,0.002201,-0.015104,-0.077419,-0.023351,-0.054068,-0.245161,-0.026034,-0.219127,-0.667742,-0.113147,-0.554595
TNE5.DE,2022-03-30,13.91,positive,Q4,0.008403,0.002201,0.006202,0.036415,-0.023351,0.059766,0.067227,-0.026034,0.093261,0.131653,-0.113147,0.244799
G1A.DE,2022-03-30,4.85,positive,Q4,0.016186,0.002201,0.013985,-0.00824,-0.023351,0.015111,-0.002943,-0.026034,0.023092,-0.096822,-0.113147,0.016325
CPA.DE,2022-03-30,-11.14,negative,Q2,0.007251,0.002201,0.00505,0.074605,-0.023351,0.097956,0.053335,-0.026034,0.07937,0.129391,-0.113147,0.242538
FB2A.DE,2022-03-30,6.49,positive,Q4,0.001491,0.002201,-0.00071,0.000249,-0.023351,0.0236,-0.010837,-0.026034,0.015197,-0.231607,-0.113147,-0.11846
GBF.DE,2022-03-30,-189.31,negative,Q1,0.007634,0.002201,0.005432,-0.00458,-0.023351,0.018771,0.129771,-0.026034,0.155805,-0.041985,-0.113147,0.071162
MLB1.DE,2022-03-30,9.43,positive,Q4,0.022873,0.002201,0.020672,-0.027447,-0.023351,-0.004096,-0.125252,-0.026034,-0.099217,-0.441446,-0.113147,-0.328299
DUE.DE,2022-03-30,-4.61,negative,Q3,0.003722,0.002201,0.001521,-0.07775,-0.023351,-0.054399,-0.050041,-0.026034,-0.024007,-0.165012,-0.113147,-0.051866
NWO.DE,2022-03-30,6.0,positive,Q4,0.0,0.002201,-0.002201,-0.053915,-0.023351,-0.030564,-0.138085,-0.026034,-0.112051,-0.235326,-0.113147,-0.12218
5G5.DE,2022-03-30,-45.33,negative,Q1,-0.01027,0.002201,-0.012471,-0.015404,-0.023351,0.007947,0.121951,-0.026034,0.147986,-0.320924,-0.113147,-0.207778
B4B.DE,2022-03-30,-116.67,negative,Q1,-0.012262,0.002201,-0.014463,0.002725,-0.023351,0.026076,0.042234,-0.026034,0.068269,-0.002725,-0.113147,0.110422
ALS.DE,2022-03-30,-19.85,negative,Q2,-0.007911,0.002201,-0.010112,0.007911,-0.023351,0.031262,-0.039639,-0.026034,-0.013605,-0.057162,-0.113147,0.055984
REP.DE,2022-03-30,43.07,positive,Q5,0.008008,0.002201,0.005807,0.02002,-0.023351,0.043371,0.19019,-0.026034,0.216225,0.174174,-0.113147,0.287321
RAW.DE,2022-03-30,323.33,positive,Q5,0.00365,0.002201,0.001448,-0.113139,-0.023351,-0.089788,-0.108577,-0.026034,-0.082542,-0.196168,-0.113147,-0.083021
AZ2.DE,2022-03-30,-18.92,negative,Q2,-0.01229,0.002201,-0.014492,-0.071229,-0.023351,-0.047878,-0.01676,-0.026034,0.009275,-0.042458,-0.113147,0.070689
SDF.DE,2022-03-30,-2.41,negative,Q3,0.023947,0.002201,0.021746,0.079273,-0.023351,0.102624,0.194467,-0.026034,0.220502,-0.14905,-0.113147,-0.035904
WMB.DE,2022-03-30,-12.18,negative,Q2,0.01841,0.002201,0.016208,0.031336,-0.023351,0.054687,0.08539,-0.026034,0.111424,0.012926,-0.113147,0.126073
SGL.DE,2022-03-30,125.0,positive,Q5,0.005291,0.002201,0.00309,-0.10582,-0.023351,-0.082469,-0.093474,-0.026034,-0.06744,0.056437,-0.113147,0.169584
NEM.DE,2022-03-30,10.92,positive,Q4,0.00524,0.002201,0.003039,0.000932,-0.023351,0.024283,-0.182485,-0.026034,-0.156451,-0.34692,-0.113147,-0.233773
VVU.DE,2022-03-30,188.59,positive,Q5,0.006446,0.002201,0.004244,-0.017495,-0.023351,0.005856,-0.043278,-0.026034,-0.017244,-0.162063,-0.113147,-0.048916
KCO.DE,2022-03-30,-3.77,negative,Q3,0.013903,0.002201,0.011701,-0.086395,-0.023351,-0.063044,-0.021847,-0.026034,0.004187,-0.350546,-0.113147,-0.2374
MRK.DE,2022-03-30,-14.77,negative,Q2,0.002119,0.002201,-8.2e-05,0.014221,-0.023351,0.037572,-0.073504,-0.026034,-0.04747,-0.142937,-0.113147,-0.02979
XGR2.DE,2022-03-30,4.69,positive,Q4,-0.02882,0.002201,-0.031021,0.006525,-0.023351,0.029876,0.039695,-0.026034,0.06573,0.011963,-0.113147,0.12511
ZOE.DE,2022-03-30,1.8,positive,Q3,-0.004375,0.002201,-0.006577,0.001678,-0.023351,0.025029,-0.031887,-0.026034,-0.005852,-0.053225,-0.113147,0.059922
NMM.DE,2022-03-30,-20.93,negative,Q2,-0.001388,0.002201,-0.003589,0.018964,-0.023351,0.042315,-0.042553,-0.026034,-0.016519,-0.202128,-0.113147,-0.088981
BAYN.DE,2022-03-30,12.42,positive,Q4,0.01486,0.002201,0.012659,0.054895,-0.023351,0.078246,0.016958,-0.026034,0.042993,-0.056643,-0.113147,0.056503
SRT3.DE,2022-03-30,78.76,positive,Q5,-0.013438,0.002201,-0.015639,0.004973,-0.023351,0.028324,-0.127948,-0.026034,-0.101914,-0.17002,-0.113147,-0.056873
LEG.DE,2022-03-30,25.66,positive,Q5,0.014015,0.002201,0.011813,0.0,-0.023351,0.023351,-0.068348,-0.026034,-0.042314,-0.201488,-0.113147,-0.088341
CON.DE,2022-03-30,6.96,positive,Q4,0.009404,0.002201,0.007203,-0.032219,-0.023351,-0.008868,0.017416,-0.026034,0.04345,0.051898,-0.113147,0.165045
RWE.DE,2022-03-30,216.83,positive,Q5,-0.007606,0.002201,-0.009807,0.027606,-0.023351,0.050957,0.011268,-0.026034,0.037302,-0.092394,-0.113147,0.020752
E3X1.DE,2022-03-30,-65.41,negative,Q1,0.01011,0.002201,0.007909,-0.07416,-0.023351,-0.050809,-0.201243,-0.026034,-0.175208,-0.498616,-0.113147,-0.38547
SYAB.DE,2022-03-30,44.78,positive,Q5,0.001324,0.002201,-0.000878,0.048312,-0.023351,0.071663,-0.103905,-0.026034,-0.07787,0.061549,-0.113147,0.174695
6MK.DE,2022-03-30,-7.27,negative,Q3,0.006271,0.002201,0.004069,0.066736,-0.023351,0.090087,0.125858,-0.026034,0.151893,0.182443,-0.113147,0.295589
CGN.DE,2022-03-30,-28.85,negative,Q2,0.015083,0.002201,0.012881,0.072513,-0.023351,0.095864,0.070676,-0.026034,0.09671,0.147201,-0.113147,0.260348
CAT1.DE,2022-03-30,9.79,positive,Q4,-0.002019,0.002201,-0.00422,-0.019389,-0.023351,0.003962,0.018061,-0.026034,0.044096,-0.139124,-0.113147,-0.025977
IFX.DE,2022-03-30,-13.57,negative,Q2,-0.008635,0.002201,-0.010836,-0.110594,-0.023351,-0.087243,-0.114912,-0.026034,-0.088878,-0.254733,-0.113147,-0.141586
FPE.DE,2022-03-30,6.38,positive,Q4,0.001798,0.002201,-0.000403,-0.037303,-0.023351,-0.013952,-0.037303,-0.026034,-0.011269,-0.056629,-0.113147,0.056517
KGX.DE,2022-03-30,-30.9,negative,Q2,-0.005924,0.002201,-0.008125,-0.087237,-0.023351,-0.063886,-0.110932,-0.026034,-0.084897,-0.317896,-0.113147,-0.20475
NDX1.DE,2022-03-30,-71.02,negative,Q1,0.04527,0.002201,0.043069,0.044595,-0.023351,0.067946,-0.115541,-0.026034,-0.089506,-0.487162,-0.113147,-0.374016
OMV.DE,2022-03-30,-6.43,negative,Q3,0.007415,0.002201,0.005214,-0.031345,-0.023351,-0.007994,0.145602,-0.026034,0.171636,0.073475,-0.113147,0.186622
HLAG.DE,2022-03-30,5.05,positive,Q4,0.022726,0.002201,0.020525,-0.065054,-0.023351,-0.041703,0.276694,-0.026034,0.302729,-0.153792,-0.113147,-0.040645
S92.DE,2022-03-30,70.32,positive,Q5,0.048694,0.002201,0.046493,0.15506,-0.023351,0.178411,0.214091,-0.026034,0.240126,0.01877,-0.113147,0.131917
KBX.DE,2022-03-30,10.0,positive,Q4,-0.004427,0.002201,-0.006628,-0.027352,-0.023351,-0.004001,-0.016443,-0.026034,0.009592,-0.195257,-0.113147,-0.08211
AIXA.DE,2022-03-30,-4.0,negative,Q3,0.002106,0.002201,-9.5e-05,0.035282,-0.023351,0.058633,0.225908,-0.026034,0.251943,0.223802,-0.113147,0.336949
VOW.DE,2022-03-30,47.14,positive,Q5,0.008805,0.002201,0.006604,-0.054827,-0.023351,-0.031476,-0.086674,-0.026034,-0.06064,-0.200887,-0.113147,-0.08774
SOW.DE,2022-03-30,-8.84,negative,Q3,-0.000656,0.002201,-0.002857,-0.034415,-0.023351,-0.011064,-0.05277,-0.026034,-0.026735,0.025565,-0.113147,0.138712
BRM.DE,2022-03-30,-68.46,negative,Q1,0.009493,0.002201,0.007291,0.059199,-0.023351,0.08255,0.089575,-0.026034,0.11561,0.119606,-0.113147,0.232753
VWSB.DE,2022-03-30,-487.51,negative,Q1,0.038389,0.002201,0.036188,0.063229,-0.023351,0.08658,-0.120813,-0.026034,-0.094778,-0.243508,-0.113147,-0.130361
W3U.DE,2022-03-30,71.87,positive,Q5,-0.014327,0.002201,-0.016528,0.001433,-0.023351,0.024784,-0.035817,-0.026034,-0.009782,-0.070201,-0.113147,0.042946
ZAL.DE,2022-03-30,-189.12,negative,Q1,0.029565,0.002201,0.027364,0.002826,-0.023351,0.026177,-0.172391,-0.026034,-0.146357,-0.457391,-0.113147,-0.344245
C9F.DE,2022-03-30,-0.79,negative,Q3,0.02392,0.002201,0.021719,0.009639,-0.023351,0.03299,-0.018922,-0.026034,0.007113,-0.10532,-0.113147,0.007827
BM8.DE,2022-03-30,191.67,positive,Q5,0.022682,0.002201,0.02048,0.100057,-0.023351,0.123408,0.137669,-0.026034,0.163703,0.141545,-0.113147,0.254691
ERCB.DE,2022-03-30,-31.67,negative,Q2,0.017356,0.002201,0.015155,0.050734,-0.023351,0.074085,-0.093458,-0.026034,-0.067423,-0.196262,-0.113147,-0.083115
NFS.DE,2022-03-30,0.0,negative,Q3,-0.071851,0.002201,-0.074052,-0.07842,-0.023351,-0.055069,-0.06024,-0.026034,-0.034206,-0.158782,-0.113147,-0.045635
FMC1.DE,2022-03-30,-310.33,negative,Q1,-0.030353,0.002201,-0.032554,-0.127974,-0.023351,-0.104623,-0.102543,-0.026034,-0.076509,-0.301066,-0.113147,-0.18792
VODI.DE,2022-03-30,7.73,positive,Q4,0.018018,0.002201,0.015817,0.036036,-0.023351,0.059387,-0.009009,-0.026034,0.017025,0.018018,-0.113147,0.131165
BNR.DE,2022-03-30,10.27,positive,Q4,-0.011183,0.002201,-0.013384,-0.04473,-0.023351,-0.021379,-0.015778,-0.026034,0.010256,-0.135417,-0.113147,-0.02227
ELG.DE,2022-03-30,4.64,positive,Q4,-0.036036,0.002201,-0.038237,-0.140941,-0.023351,-0.11759,-0.049449,-0.026034,-0.023415,-0.296897,-0.113147,-0.18375
ABEA.DE,2022-03-30,-4.31,negative,Q3,-0.003961,0.002201,-0.006162,-0.02028,-0.023351,0.003071,-0.120574,-0.026034,-0.094539,-0.178642,-0.113147,-0.065496
1TY.DE,2022-03-30,24.77,positive,Q5,0.050748,0.002201,0.048546,-0.006343,-0.023351,0.017008,-0.041232,-0.026034,-0.015198,0.285002,-0.113147,0.398149
INL.DE,2022-03-30,151.06,positive,Q5,-0.053451,0.002201,-0.055652,-0.050198,-0.023351,-0.026846,-0.070416,-0.026034,-0.044382,-0.214269,-0.113147,-0.101122
BYW.DE,2022-03-31,178.57,positive,Q5,-0.048531,0.004962,-0.053492,0.00282,-0.01127,0.01409,-0.085634,-0.032926,-0.052708,-0.221134,-0.113069,-0.108065
IC2.DE,2022-03-31,-17.97,negative,Q2,-0.004889,0.004962,-0.00985,0.002968,-0.01127,0.014238,-0.140288,-0.032926,-0.107362,-0.23588,-0.113069,-0.12281
GIS.DE,2022-03-31,-99.47,negative,Q1,0.02728,0.004962,0.022319,0.077579,-0.01127,0.088849,0.076726,-0.032926,0.109652,0.124893,-0.113069,0.237963
SWF.DE,2022-03-31,-37.45,negative,Q1,0.013391,0.004962,0.008429,0.016122,-0.01127,0.027392,-0.05004,-0.032926,-0.017114,-0.209145,-0.113069,-0.096075
0S6.DE,2022-03-31,-103.54,negative,Q1,0.021662,0.004962,0.0167,-0.094955,-0.01127,-0.083686,-0.108902,-0.032926,-0.075976,-0.268546,-0.113069,-0.155477
ABR.DE,2022-03-31,1.92,positive,Q3,0.01272,0.004962,0.007758,0.04501,-0.01127,0.05628,-0.037671,-0.032926,-0.004746,-0.213796,-0.113069,-0.100727
ECV.DE,2022-03-31,-12.78,negative,Q2,0.015314,0.004962,0.010352,0.069934,-0.01127,0.081204,0.015314,-0.032926,0.04824,-0.06585,-0.113069,0.047219
3E2.DE,2022-03-31,2.71,positive,Q3,0.076776,0.004962,0.071814,-0.068593,-0.01127,-0.057323,-0.105327,-0.032926,-0.072402,-0.335219,-0.113069,-0.22215
EBO.DE,2022-03-31,9.83,positive,Q4,0.000745,0.004962,-0.004217,-0.06627,-0.01127,-0.055,-0.110573,-0.032926,-0.077648,-0.238273,-0.113069,-0.125203
ERT.DE,2022-03-31,-44.34,negative,Q1,0.035006,0.004962,0.030045,0.014912,-0.01127,0.026182,0.016548,-0.032926,0.049474,0.042371,-0.113069,0.15544
FRE.DE,2022-03-31,-6.93,negative,Q3,-0.004915,0.004962,-0.009877,0.050459,-0.01127,0.061729,0.057667,-0.032926,0.090593,-0.098296,-0.113069,0.014773
SFQ.DE,2022-03-31,38.1,positive,Q5,0.009569,0.004962,0.004608,-0.059011,-0.01127,-0.047741,-0.07496,-0.032926,-0.042034,None,None,None
CBHD.DE,2022-03-31,-20.05,negative,Q2,0.013023,0.004962,0.008061,0.028957,-0.01127,0.040227,None,None,None,-0.213345,-0.113069,-0.100275
AMG.DE,2022-03-31,-34.59,negative,Q2,0.018476,0.004962,0.013514,0.060985,-0.01127,0.072255,0.006639,-0.032926,0.039565,0.078226,-0.113069,0.191295
IBE1.DE,2022-03-31,-5.16,negative,Q3,0.022989,0.004962,0.018027,0.08046,-0.01127,0.09173,0.109195,-0.032926,0.142121,0.033333,-0.113069,0.146402
SII.DE,2022-03-31,2.78,positive,Q3,0.024783,0.004962,0.019822,0.049567,-0.01127,0.060837,-0.029355,-0.032926,0.003571,-0.178537,-0.113069,-0.065468
BOSS.DE,2022-03-31,112.12,positive,Q5,0.010833,0.004962,0.005872,-0.00375,-0.01127,0.00752,-0.002917,-0.032926,0.030009,-0.028958,-0.113069,0.084111
TMV.DE,2022-03-31,-60.02,negative,Q1,0.032738,0.004962,0.027776,-0.042411,-0.01127,-0.031141,-0.058036,-0.032926,-0.02511,-0.290179,-0.113069,-0.17711
IES.DE,2022-03-31,27.04,positive,Q5,-0.006536,0.004962,-0.011498,-0.065359,-0.01127,-0.05409,-0.091503,-0.032926,-0.058578,-0.130719,-0.113069,-0.01765
HS2.DE,2022-03-31,9.35,positive,Q4,-0.004851,0.004962,-0.009812,0.029726,-0.01127,0.040996,0.010697,-0.032926,0.043622,-0.080721,-0.113069,0.032348
MUV2.DE,2022-03-31,-8.25,negative,Q3,-0.009445,0.004962,-0.014407,-0.008246,-0.01127,0.003024,-0.032506,-0.032926,0.00042,-0.015246,-0.113069,0.097823
PAH3.DE,2022-03-31,-25.13,negative,Q2,0.00862,0.004962,0.003658,-0.057874,-0.01127,-0.046604,-0.112327,-0.032926,-0.079402,-0.262279,-0.113069,-0.14921
KIN2.DE,2022-03-31,-9.9,negative,Q2,0.007984,0.004962,0.003022,0.045908,-0.01127,0.057178,-0.123753,-0.032926,-0.090827,-0.369261,-0.113069,-0.256192
PUM.DE,2022-03-31,-2.52,negative,Q3,0.024874,0.004962,0.019912,-0.019285,-0.01127,-0.008015,-0.082448,-0.032926,-0.049523,-0.181107,-0.113069,-0.068038
RHM.DE,2022-03-31,28.92,positive,Q5,0.062466,0.004962,0.057504,0.007256,-0.01127,0.018526,0.105019,-0.032926,0.137945,0.122804,-0.113069,0.235873
INP.DE,2022-03-31,35.09,positive,Q5,0.005777,0.004962,0.000815,0.034951,-0.01127,0.046221,0.077412,-0.032926,0.110338,-0.025708,-0.113069,0.087361
D6H.DE,2022-03-31,-16.7,negative,Q2,0.027506,0.004962,0.022545,-0.048972,-0.01127,-0.037702,-0.084833,-0.032926,-0.051907,-0.185347,-0.113069,-0.072278
MBG.DE,2022-03-31,3.49,positive,Q4,0.012064,0.004962,0.007102,-0.004308,-0.01127,0.006961,0.06075,-0.032926,0.093675,-0.063981,-0.113069,0.049088
RAA.DE,2022-03-31,21.29,positive,Q5,0.033428,0.004962,0.028467,-0.003193,-0.01127,0.008076,-0.117849,-0.032926,-0.084923,-0.083785,-0.113069,0.029284
HNM.DE,2022-03-31,-0.51,negative,Q3,0.005609,0.004962,0.000647,0.002873,-0.01127,0.014143,0.031874,-0.032926,0.0648,0.030369,-0.113069,0.143438
TLX.DE,2022-03-31,82.42,positive,Q5,-0.016332,0.004962,-0.021294,-0.000573,-0.01127,0.010697,-0.008023,-0.032926,0.024903,-0.05702,-0.113069,0.056049
HBC1.DE,2022-03-31,4.43,positive,Q4,-0.003906,0.004962,-0.008868,0.005859,-0.01127,0.017129,-0.027344,-0.032926,0.005582,-0.009766,-0.113069,0.103303
ADP.DE,2022-03-31,6.38,positive,Q4,0.016629,0.004962,0.011667,0.047511,-0.01127,0.058781,-0.001213,-0.032926,0.031713,-0.02047,-0.113069,0.092599
ADM.DE,2022-03-31,32.28,positive,Q5,-0.005964,0.004962,-0.010925,0.0553,-0.01127,0.066569,0.028327,-0.032926,0.061253,-0.117105,-0.113069,-0.004036
DTG.DE,2022-03-31,-42.91,negative,Q1,0.003202,0.004962,-0.00176,-0.059469,-0.01127,-0.048199,0.063586,-0.032926,0.096512,-0.002745,-0.113069,0.110324
ITB.DE,2022-03-31,-3.88,negative,Q3,0.015789,0.004962,0.010828,0.042105,-0.01127,0.053375,0.019079,-0.032926,0.052005,0.107237,-0.113069,0.220306
LHA.DE,2022-03-31,-0.08,negative,Q3,-0.001499,0.004962,-0.006461,-0.049475,-0.01127,-0.038205,-0.029985,-0.032926,0.002941,-0.23988,-0.113069,-0.126811
TKA.DE,2022-03-31,48.12,positive,Q5,-0.016598,0.004962,-0.021559,-0.118949,-0.01127,-0.107679,-0.077455,-0.032926,-0.044529,-0.319502,-0.113069,-0.206433
CBK.DE,2022-03-31,105.83,positive,Q5,-0.004498,0.004962,-0.009459,-0.031484,-0.01127,-0.020214,-0.11994,-0.032926,-0.087014,-0.110945,-0.113069,0.002125
KTF.DE,2022-03-31,-18.94,negative,Q2,0.007291,0.004962,0.002329,0.028588,-0.01127,0.039858,0.086915,-0.032926,0.11984,0.070031,-0.113069,0.1831
FMV.DE,2022-03-31,75.12,positive,Q5,0.015794,0.004962,0.010832,0.015794,-0.01127,0.027064,-0.210308,-0.032926,-0.177382,-0.408978,-0.113069,-0.295908
ALV.DE,2022-03-31,-76.37,negative,Q1,-0.005316,0.004962,-0.010278,-0.004813,-0.01127,0.006457,-0.020426,-0.032926,0.012499,-0.120656,-0.113069,-0.007587
INN1.DE,2022-03-31,-15.64,negative,Q2,0.005602,0.004962,0.000641,-0.015406,-0.01127,-0.004136,-0.012605,-0.032926,0.020321,0.05042,-0.113069,0.163489
HCL.DE,2022-03-31,-67.84,negative,Q1,0.006745,0.004962,0.001784,0.038786,-0.01127,0.050056,-0.192243,-0.032926,-0.159317,-0.354132,-0.113069,-0.241062
NDA.DE,2022-03-31,153.03,positive,Q5,0.012229,0.004962,0.007267,-0.033606,-0.01127,-0.022336,-0.056716,-0.032926,-0.023791,-0.424747,-0.113069,-0.311678
SZG.DE,2022-03-31,78.95,positive,Q5,-0.023904,0.004962,-0.028866,-0.097112,-0.01127,-0.085842,-0.129233,-0.032926,-0.096307,-0.46489,-0.113069,-0.351821
QIA.DE,2022-03-31,-2.86,negative,Q3,0.011644,0.004962,0.006682,0.012315,-0.01127,0.023585,-0.027318,-0.032926,0.005608,0.020376,-0.113069,0.133445
DBK.DE,2022-03-31,-3.19,negative,Q3,-0.000943,0.004962,-0.005905,0.001887,-0.01127,0.013157,-0.169811,-0.032926,-0.136886,-0.303774,-0.113069,-0.190705
PEP.DE,2022-03-31,147.32,positive,Q5,0.009984,0.004962,0.005022,0.047497,-0.01127,0.058767,0.064455,-0.032926,0.09738,0.067611,-0.113069,0.18068
EX9.DE,2022-03-31,49.11,positive,Q5,0.018357,0.004962,0.013396,0.024155,-0.01127,0.035424,0.038164,-0.032926,0.07109,0.000966,-0.113069,0.114035
BSD2.DE,2022-03-31,7.69,positive,Q4,0.003636,0.004962,-0.001325,-0.021818,-0.01127,-0.010548,-0.112727,-0.032926,-0.079802,-0.141818,-0.113069,-0.028749
BYW6.DE,2022-03-31,159.52,positive,Q5,0.039486,0.004962,0.034524,0.015699,-0.01127,0.026969,0.071123,-0.032926,0.104048,-0.026641,-0.113069,0.086428
CRIN.DE,2022-03-31,-31.41,negative,Q2,-0.005083,0.004962,-0.010044,-0.035578,-0.01127,-0.024308,-0.105464,-0.032926,-0.072538,-0.038119,-0.113069,0.07495
PHI1.DE,2022-03-31,-147.91,negative,Q1,0.015297,0.004962,0.010335,0.038899,-0.01127,0.050169,-0.111888,-0.032926,-0.078962,-0.253497,-0.113069,-0.140427
AHOG.DE,2022-04-03,8.87,positive,Q4,-0.015397,-0.018903,0.003507,0.029214,-0.020757,0.049972,-0.0379,-0.052,0.014101,-0.105014,-0.14026,0.035246
TCO0.DE,2022-04-13,2.13,positive,Q3,0.014545,-0.000734,0.015279,-0.003636,-0.016922,0.013286,0.032727,0.00156,0.031168,-0.029091,-0.116084,0.086993
1SI.DE,2022-04-20,-29.76,negative,Q2,0.006892,-0.024846,0.031737,-0.070729,-0.036033,-0.034696,-0.20457,-0.035891,-0.16868,-0.504897,-0.082331,-0.422565
PRG.DE,2022-04-20,2.56,positive,Q3,-0.00794,-0.024846,0.016906,0.018262,-0.036033,0.054295,-0.120038,-0.035891,-0.084147,-0.06352,-0.082331,0.018812
4I1.DE,2022-04-21,0.74,positive,Q3,-0.010944,-0.015409,0.004465,0.00455,-0.003126,0.007676,0.027791,0.002355,0.025436,-0.056321,-0.060819,0.004498
3V64.DE,2022-04-25,3.36,positive,Q4,0.087895,0.002729,0.085167,0.048267,0.020577,0.02769,0.000432,0.018285,-0.017853,0.104254,-0.036544,0.140799
UWS.DE,2022-04-26,7.77,positive,Q4,0.015279,0.013477,0.001802,-0.0417,0.012823,-0.054523,-0.072258,0.031706,-0.103964,-0.028022,-0.04231,0.014287
8GM.DE,2022-04-26,21.48,positive,Q5,-0.001998,0.013477,-0.015475,0.028539,0.012823,0.015716,-0.037386,0.031706,-0.069092,-0.062215,-0.04231,-0.019905
MSF.DE,2022-04-26,1.52,positive,Q3,-0.010984,0.013477,-0.024461,-0.039858,0.012823,-0.052681,-0.096286,0.031706,-0.127992,-0.069185,-0.04231,-0.026876
4PN.DE,2022-04-27,238.3,positive,Q5,0.018587,0.008444,0.010144,None,None,None,0.027738,0.034503,-0.006765,0.024878,-0.063156,0.088034
AWC.DE,2022-04-27,13.13,positive,Q4,-0.018031,0.008444,-0.026475,-0.057813,-0.005531,-0.052283,-0.064682,0.034503,-0.099186,-0.024685,-0.063156,0.038471
4AB.DE,2022-04-28,-20.07,negative,Q2,0.028482,-0.011265,0.039747,0.056628,-0.030046,0.086674,0.035982,0.033913,0.002069,0.099351,-0.066074,0.165425
5CV.DE,2022-04-28,98.35,positive,Q5,-0.004908,-0.011265,0.006357,-0.069325,-0.030046,-0.039279,0.157669,0.033913,0.123756,-0.186503,-0.066074,-0.120429
PHM7.DE,2022-04-28,-1.72,negative,Q3,-0.010456,-0.011265,0.000809,-0.006721,-0.030046,0.023325,-0.048793,0.033913,-0.082706,-0.172019,-0.066074,-0.105945
AMZ.DE,2022-04-28,-190.4,negative,Q1,-0.045662,-0.011265,-0.034397,-0.081112,-0.030046,-0.051066,-0.101038,0.033913,-0.134951,-0.021835,-0.066074,0.044239
LLY.DE,2022-04-29,-12.56,negative,Q2,-0.000714,0.007203,-0.007917,-0.002331,-0.04006,0.037729,0.059062,0.032232,0.026831,0.183841,-0.047131,0.230972
2HP.DE,2022-04-29,-58.47,negative,Q1,-0.003762,0.007203,-0.010965,0.024831,-0.04006,0.064891,-0.020316,0.032232,-0.052548,-0.060948,-0.047131,-0.013817
7HP.DE,2022-04-29,-10.52,negative,Q2,0.040092,0.007203,0.032889,0.009859,-0.04006,0.049919,0.052908,0.032232,0.020677,-0.061781,-0.047131,-0.01465
IJ8.DE,2022-04-29,-5.22,negative,Q3,-0.023377,0.007203,-0.030579,-0.155844,-0.04006,-0.115784,-0.098701,0.032232,-0.130933,-0.337662,-0.047131,-0.290532
2M6.DE,2022-04-29,-29.05,negative,Q2,0.000909,0.007203,-0.006294,-0.03614,-0.04006,0.00392,-0.05637,0.032232,-0.088602,-0.061484,-0.047131,-0.014353
TL0.DE,2022-04-29,-25.59,negative,Q2,0.034759,0.007203,0.027556,-0.080158,-0.04006,-0.040098,-0.155284,0.032232,-0.187516,-0.007297,-0.047131,0.039834
IXD1.DE,2022-04-29,-1.45,negative,Q3,0.000548,0.007203,-0.006655,-0.014795,-0.04006,0.025266,0.115616,0.032232,0.083385,0.174795,-0.047131,0.221925
ANL.DE,2022-04-29,-29.5,negative,Q2,0.023484,0.007203,0.016281,-0.002737,-0.04006,0.037323,0.064832,0.032232,0.0326,0.118211,-0.047131,0.165341
AUD.DE,2022-04-29,-51.38,negative,Q1,0.017938,0.007203,0.010735,-0.025468,-0.04006,0.014592,0.083158,0.032232,0.050926,0.095781,-0.047131,0.142912
NTA.DE,2022-04-29,-10.74,negative,Q2,0.001542,0.007203,-0.005661,-0.034541,-0.04006,0.005519,-0.039013,0.032232,-0.071245,0.014495,-0.047131,0.061626
DT3.DE,2022-04-30,18.42,positive,Q5,0.002046,-0.00489,0.006936,-0.036573,-0.035951,-0.000622,-0.030051,0.02144,-0.051491,0.030818,-0.039561,0.07038
CIS.DE,2022-04-30,-15.4,negative,Q2,-0.012623,-0.00489,-0.007733,-0.018934,-0.035951,0.017017,-0.114072,0.02144,-0.135512,-0.068022,-0.039561,-0.028461
CIE1.DE,2022-04-30,-52.99,negative,Q1,0.008975,-0.00489,0.013865,-0.080217,-0.035951,-0.044266,-0.096485,0.02144,-0.117924,-0.055348,-0.039561,-0.015786
12DA.DE,2022-04-30,-1.52,negative,Q3,-0.005502,-0.00489,-0.000613,-0.058852,-0.035951,-0.022901,0.041148,0.02144,0.019709,-0.041866,-0.039561,-0.002305
HDI.DE,2022-04-30,10.86,positive,Q4,-0.01745,-0.00489,-0.01256,-0.058657,-0.035951,-0.022706,-0.036939,0.02144,-0.058379,0.007969,-0.039561,0.047531
STM.DE,2022-05-02,27.96,positive,Q5,0.012115,-0.00489,0.017005,0.025442,-0.035951,0.061393,0.179792,0.02144,0.158352,0.210565,-0.039561,0.250126
1WR.DE,2022-05-03,-85.19,negative,Q1,0.036184,-0.004889,0.041072,-0.027353,-0.010177,-0.017176,-0.069998,0.036816,-0.106814,-0.167349,-0.035158,-0.13219
AMD.DE,2022-05-04,-38.52,negative,Q1,0.023938,-0.016416,0.040354,-0.061699,-0.011716,-0.049983,0.112722,0.040106,0.072616,0.084513,-0.032607,0.11712
FME.DE,2022-05-04,10.21,positive,Q4,-0.008848,-0.016416,0.007569,-0.042357,-0.011716,-0.030641,-0.076054,0.040106,-0.11616,-0.375188,-0.032607,-0.342581
XONA.DE,2022-05-04,-42.57,negative,Q1,-0.000536,-0.016416,0.01588,-0.031635,-0.011716,-0.01992,0.092225,0.040106,0.052119,0.099062,-0.032607,0.131669
CTX.DE,2022-05-05,24.79,positive,Q5,-0.010797,-0.021472,0.010675,-0.002492,0.025862,-0.028353,-0.018792,0.071632,-0.090424,0.049834,-0.006343,0.056177
SAE.DE,2022-05-05,-92.19,negative,Q1,0.0,-0.021472,0.021472,0.018813,0.025862,-0.007049,0.176887,0.071632,0.105255,0.182018,-0.006343,0.188361
WYR.DE,2022-05-10,-89.77,negative,Q1,-0.048691,-0.006436,-0.042255,0.069808,0.012953,0.056855,0.113264,0.026768,0.086496,0.115009,-0.010193,0.125201
2KD.DE,2022-05-11,1.26,positive,Q3,0.011571,0.020982,-0.009411,0.016443,0.010383,0.00606,0.023752,0.001615,0.022136,0.013398,-0.014896,0.028295
TUI1.DE,2022-05-11,-400.91,negative,Q1,0.051355,0.020982,0.030373,-0.071327,0.010383,-0.08171,-0.242511,0.001615,-0.244126,-0.359486,-0.014896,-0.34459
SIE.DE,2022-05-12,-38.28,negative,Q1,-0.021372,-0.00453,-0.016842,-0.008586,-0.003281,-0.005306,-0.038637,-0.042836,0.004199,-0.059449,-0.023311,-0.036139
1U1.DE,2022-05-12,14.31,positive,Q4,-0.01491,-0.00453,-0.01038,-0.037532,-0.003281,-0.034252,-0.050386,-0.042836,-0.00755,-0.133162,-0.023311,-0.109851
2QO.DE,2022-05-20,-33.58,negative,Q2,-0.034854,-0.018035,-0.01682,0.068802,0.028259,0.040543,-0.078271,-0.062291,-0.01598,0.073436,-0.03372,0.107156
5CV.DE,2022-05-25,85.62,positive,Q5,0.075371,0.016225,0.059146,0.036202,0.01784,0.018362,-0.159644,-0.078219,-0.081425,-0.340059,-0.072872,-0.267188
DYH.DE,2022-05-27,-29.55,negative,Q2,-0.024459,-0.012873,-0.011586,-0.045392,0.00534,-0.050732,-0.110855,-0.092217,-0.018638,0.06647,-0.089464,0.155934
GRM.DE,2022-05-30,34.04,positive,Q5,-0.000882,-0.003328,0.002446,-0.005113,0.011695,-0.016808,0.10402,-0.096258,0.200278,0.203456,-0.098474,0.30193
GXI.DE,2022-05-30,-33.25,negative,Q2,0.00434,-0.003328,0.007668,0.007932,0.011695,-0.003763,-0.051182,-0.096258,0.045076,-0.217001,-0.098474,-0.118527
HLE.DE,2022-05-30,-12.75,negative,Q2,0.007482,-0.003328,0.010809,0.026902,0.011695,0.015207,-0.0312,-0.096258,0.065058,0.014167,-0.098474,0.112642
PCX.DE,2022-05-30,2.7,positive,Q3,-0.005378,-0.003328,-0.00205,0.018775,0.011695,0.00708,-0.053779,-0.096258,0.04248,0.123314,-0.098474,0.221788
HMSB.DE,2022-05-30,23.92,positive,Q5,0.027052,-0.003328,0.03038,0.056903,0.011695,0.045208,-0.068097,-0.096258,0.028161,-0.159515,-0.098474,-0.061041
W8A.DE,2022-05-30,-71.89,negative,Q1,-0.006715,-0.003328,-0.003388,-0.01635,0.011695,-0.028045,-0.04292,-0.096258,0.053339,-0.09635,-0.098474,0.002124
FDX.DE,2022-05-30,-69.06,negative,Q1,-0.005854,-0.003328,-0.002527,0.001202,0.011695,-0.010493,0.123308,-0.096258,0.219566,0.109665,-0.098474,0.208139
SZU.DE,2022-05-30,-25.25,negative,Q2,0.018044,-0.003328,0.021371,0.032289,0.011695,0.020594,0.214625,-0.096258,0.310883,0.136752,-0.098474,0.235226
MTE.DE,2022-06-01,-3.95,negative,Q3,-0.056072,-0.001731,-0.054341,-0.080862,-0.01977,-0.061092,-0.276524,-0.115438,-0.161085,-0.187103,-0.105213,-0.08189
WMT.DE,2022-06-03,-49.73,negative,Q1,-0.022982,-0.006632,-0.01635,-0.017103,-0.083717,0.066614,0.020577,-0.153722,0.174299,0.163282,-0.138092,0.301374
VEE.DE,2022-06-03,-32.88,negative,Q2,0.0,-0.006632,0.006632,-0.030365,-0.083717,0.053353,0.128597,-0.153722,0.282319,-0.004872,-0.138092,0.13322
NNGF.DE,2022-06-07,25.76,positive,Q5,0.003854,-0.017111,0.020965,-0.038536,-0.066503,0.027967,-0.007707,-0.110949,0.103242,-0.011561,-0.116656,0.105095
1YD.DE,2022-06-09,-93.01,negative,Q1,-0.021405,-0.024328,0.002923,-0.077722,-0.046184,-0.031539,-0.061721,-0.067534,0.005813,-0.009352,-0.061464,0.052113
ORC.DE,2022-06-21,-14.84,negative,Q2,0.00214,-0.017627,0.019766,0.049539,-0.010722,0.060261,0.136768,0.007787,0.12898,0.079329,-0.025946,0.105274
PEO.DE,2022-06-29,3.0,positive,Q3,0.01879,0.002289,0.016501,0.011583,0.00465,0.006933,0.052252,0.054779,-0.002527,-0.028829,-0.050383,0.021555
639.DE,2022-06-29,3.07,positive,Q3,0.018102,0.002289,0.015813,0.138631,0.00465,0.133981,0.204194,0.054779,0.149415,0.037528,-0.050383,0.087911
INL.DE,2022-06-29,-115.96,negative,Q1,-0.029281,0.002289,-0.03157,0.045549,0.00465,0.040898,-0.012718,0.054779,-0.067497,-0.213251,-0.050383,-0.162867
CHV.DE,2022-06-29,16.87,positive,Q4,0.00025,0.002289,-0.002039,0.02428,0.00465,0.01963,0.145181,0.054779,0.090403,0.075845,-0.050383,0.126228
RIO1.DE,2022-06-29,9.83,positive,Q4,-0.022525,0.002289,-0.024814,-0.002383,0.00465,-0.007033,0.024042,0.054779,-0.030737,-0.026424,-0.050383,0.023959
VOW3.DE,2022-06-29,114.96,positive,Q5,0.000452,0.002289,-0.001837,-0.003613,0.00465,-0.008264,0.077575,0.054779,0.022796,0.073171,-0.050383,0.123554
JST.DE,2022-06-29,-5.22,negative,Q3,0.005535,0.002289,0.003246,0.03936,0.00465,0.03471,0.140529,0.054779,0.08575,-0.018143,-0.050383,0.032241
FRA.DE,2022-06-29,81.82,positive,Q5,0.006747,0.002289,0.004458,-0.063855,0.00465,-0.068506,0.072048,0.054779,0.017269,-0.067711,-0.050383,-0.017327
TII.DE,2022-06-29,15.76,positive,Q4,-0.021837,0.002289,-0.024126,0.036955,0.00465,0.032305,0.190425,0.054779,0.135646,0.153547,-0.050383,0.20393
WDP.DE,2022-06-29,-20.56,negative,Q2,0.014571,0.002289,0.012282,0.057834,0.00465,0.053183,0.138823,0.054779,0.084044,0.130577,-0.050383,0.180961
FFV.DE,2022-06-29,-38.5,negative,Q1,-0.003534,0.002289,-0.005822,0.062517,0.00465,0.057867,0.111851,0.054779,0.057072,0.031938,-0.050383,0.082321
YCP.DE,2022-06-29,2.72,positive,Q3,-0.002381,0.002289,-0.00467,-0.007937,0.00465,-0.012587,0.101852,0.054779,0.047073,0.225397,-0.050383,0.27578
GTR.DE,2022-06-29,60.22,positive,Q5,0.014706,0.002289,0.012417,0.066667,0.00465,0.062016,0.176471,0.054779,0.121692,0.107843,-0.050383,0.158227
TOTB.DE,2022-06-29,-41.08,negative,Q1,0.000725,0.002289,-0.001564,-0.024638,0.00465,-0.029288,-0.007246,0.054779,-0.062025,-0.035749,-0.050383,0.014635
MTT.DE,2022-06-29,190.18,positive,Q5,-0.014946,0.002289,-0.017235,0.060252,0.00465,0.055602,0.059785,0.054779,0.005006,-0.055114,-0.050383,-0.004731
HNM.DE,2022-06-29,42.23,positive,Q5,0.031216,0.002289,0.028927,0.035597,0.00465,0.030946,0.146632,0.054779,0.091853,0.260268,-0.050383,0.310652
MVIN.DE,2022-06-29,-17.74,negative,Q2,0.027174,0.002289,0.024885,0.315217,0.00465,0.310567,0.355978,0.054779,0.301199,0.057065,-0.050383,0.107449
LCR.DE,2022-06-29,-108.32,negative,Q1,-0.00324,0.002289,-0.005529,0.062541,0.00465,0.05789,0.175632,0.054779,0.120853,0.288723,-0.050383,0.339107
USX1.DE,2022-06-29,-6.59,negative,Q3,-0.011269,0.002289,-0.013558,0.007117,0.00465,0.002467,0.314947,0.054779,0.260168,0.132266,-0.050383,0.182649
RPL.DE,2022-06-29,-7.17,negative,Q3,-0.014253,0.002289,-0.016542,-0.011171,0.00465,-0.015821,0.031587,0.054779,-0.023192,0.09245,-0.050383,0.142833
2FE.DE,2022-06-29,7.09,positive,Q4,0.015715,0.002289,0.013426,0.080914,0.00465,0.076263,0.17988,0.054779,0.125101,0.123795,-0.050383,0.174178
AHC.DE,2022-06-29,0.0,negative,Q3,-0.010255,0.002289,-0.012544,-0.029761,0.00465,-0.034411,0.057511,0.054779,0.002732,0.047858,-0.050383,0.098242
3E2.DE,2022-06-29,54.99,positive,Q5,0.085418,0.002289,0.083129,0.251563,0.00465,0.246913,0.446561,0.054779,0.391782,0.428368,-0.050383,0.478752
BSN.DE,2022-06-29,-26.92,negative,Q2,-0.002275,0.002289,-0.004563,-0.000827,0.00465,-0.005478,0.007444,0.054779,-0.047335,-0.090984,-0.050383,-0.040601
AIL.DE,2022-06-29,-9.6,negative,Q2,-0.00626,0.002289,-0.008549,-0.003084,0.00465,-0.007735,0.047265,0.054779,-0.007514,-0.091354,-0.050383,-0.040971
HMI.DE,2022-06-29,19.66,positive,Q5,-0.002338,0.002289,-0.004627,0.01403,0.00465,0.00938,0.240878,0.054779,0.186099,0.107573,-0.050383,0.157957
ADV.DE,2022-06-29,-30.85,negative,Q2,0.013175,0.002289,0.010886,0.098155,0.00465,0.093505,0.153491,0.054779,0.098713,0.181818,-0.050383,0.232202
FAS.DE,2022-06-29,-0.25,negative,Q3,0.003797,0.002289,0.001508,0.050308,0.00465,0.045658,0.069767,0.054779,0.014989,0.037494,-0.050383,0.087877
COK.DE,2022-06-29,-0.72,negative,Q3,0.004839,0.002289,0.00255,-0.003111,0.00465,-0.007761,0.03664,0.054779,-0.018139,-0.241272,-0.050383,-0.190889
MOR.DE,2022-06-29,-253.32,negative,Q1,0.033564,0.002289,0.031275,0.217901,0.00465,0.21325,0.150773,0.054779,0.095994,-0.014385,-0.050383,0.035999
SOW.DE,2022-06-29,-40.45,negative,Q1,0.000639,0.002289,-0.00165,-0.10131,0.00465,-0.105961,-0.146053,0.054779,-0.200832,-0.262704,-0.050383,-0.21232
SHL.DE,2022-06-29,-33.67,negative,Q2,-0.007403,0.002289,-0.009691,-0.002177,0.00465,-0.006828,0.03157,0.054779,-0.023209,-0.146527,-0.050383,-0.096144
DMP.DE,2022-06-29,-62.5,negative,Q1,0.024915,0.002289,0.022626,0.07701,0.00465,0.07236,0.156965,0.054779,0.102186,-0.212458,-0.050383,-0.162074
1U1.DE,2022-06-29,9.98,positive,Q4,0.00618,0.002289,0.003891,-0.000562,0.00465,-0.005212,-0.058989,0.054779,-0.113768,-0.235955,-0.050383,-0.185572
ERCG.DE,2022-06-29,-15.87,negative,Q2,-0.804699,0.002289,-0.806988,-0.804699,0.00465,-0.809349,-0.806167,0.054779,-0.860946,None,None,None
DTE.DE,2022-06-29,-40.15,negative,Q1,0.013921,0.002289,0.011632,0.013341,0.00465,0.008691,-0.023202,0.054779,-0.077981,-0.059745,-0.050383,-0.009361
BMW3.DE,2022-06-29,17.17,positive,Q4,0.014695,0.002289,0.012406,0.039913,0.00465,0.035262,0.093251,0.054779,0.038472,-0.001451,-0.050383,0.048932
QCI.DE,2022-06-29,13.77,positive,Q4,-0.041788,0.002289,-0.044077,0.054042,0.00465,0.049392,0.123689,0.054779,0.06891,0.023715,-0.050383,0.074098
RDEB.DE,2022-06-29,-16.79,negative,Q2,-0.010309,0.002289,-0.012598,0.03134,0.00465,0.02669,None,None,None,-0.029278,-0.050383,0.021105
RWL.DE,2022-06-29,9.42,positive,Q4,0.003443,0.002289,0.001154,0.04626,0.00465,0.041609,0.311934,0.054779,0.257155,0.161881,-0.050383,0.212265
HAL.DE,2022-06-29,-73.19,negative,Q1,-0.025751,0.002289,-0.02804,-0.035408,0.00465,-0.040058,-0.05794,0.054779,-0.112719,-0.17382,-0.050383,-0.123436
6D81.DE,2022-06-29,-6.0,negative,Q3,-0.015889,0.002289,-0.018178,None,None,None,0.128117,0.054779,0.073339,-0.016492,-0.050383,0.033891
UTDI.DE,2022-06-29,-13.49,negative,Q2,-0.002558,0.002289,-0.004846,0.002984,0.00465,-0.001667,-0.057119,0.054779,-0.111897,-0.286871,-0.050383,-0.236488
ADS.DE,2022-06-29,-9.6,negative,Q2,-0.006626,0.002289,-0.008915,0.003072,0.00465,-0.001578,-0.005662,0.054779,-0.060441,-0.245648,-0.050383,-0.195264
EW1.DE,2022-06-29,7.96,positive,Q4,0.005497,0.002289,0.003208,0.038369,0.00465,0.033718,0.116425,0.054779,0.061646,-0.006706,-0.050383,0.043677
F3A.DE,2022-06-29,244.47,positive,Q5,0.01927,0.002289,0.016981,0.074437,0.00465,0.069786,0.453768,0.054779,0.39899,1.142347,-0.050383,1.19273
AEC1.DE,2022-06-29,8.26,positive,Q4,0.012605,0.002289,0.010316,0.052719,0.00465,0.048069,0.1316,0.054779,0.076821,0.09315,-0.050383,0.143534
PCE1.DE,2022-06-29,21.47,positive,Q5,0.003221,0.002289,0.000932,0.04608,0.00465,0.04143,0.116747,0.054779,0.061968,0.042018,-0.050383,0.092401
LXS.DE,2022-06-29,-58.51,negative,Q1,0.002126,0.002289,-0.000163,-0.017309,0.00465,-0.02196,0.048284,0.054779,-0.006495,-0.109019,-0.050383,-0.058636
BCY.DE,2022-06-29,-17.12,negative,Q2,0.0,0.002289,-0.002289,0.006329,0.00465,0.001679,0.056962,0.054779,0.002183,-0.012658,-0.050383,0.037725
PFV.DE,2022-06-29,-11.59,negative,Q2,-0.013328,0.002289,-0.015617,0.005346,0.00465,0.000696,0.02673,0.054779,-0.028049,-0.162651,-0.050383,-0.112268
JDE.DE,2022-06-29,12.85,positive,Q4,0.00574,0.002289,0.003451,0.00943,0.00465,0.00478,0.061911,0.054779,0.007132,0.126281,-0.050383,0.176665
BOSS.DE,2022-06-29,-0.72,negative,Q3,-0.000857,0.002289,-0.003146,0.04373,0.00465,0.039079,0.141693,0.054779,0.086915,-0.025938,-0.050383,0.024446
OHB.DE,2022-06-29,12.39,positive,Q4,0.004202,0.002289,0.001913,-0.031813,0.00465,-0.036463,-0.034514,0.054779,-0.089293,-0.164166,-0.050383,-0.113782
EVK.DE,2022-06-29,2.73,positive,Q3,-0.011236,0.002289,-0.013525,-0.028977,0.00465,-0.033627,0.020698,0.054779,-0.034081,-0.148433,-0.050383,-0.098049
MMM.DE,2022-06-29,-93.22,negative,Q1,0.000884,0.002289,-0.001405,0.030286,0.00465,0.025636,0.127224,0.054779,0.072446,-0.036918,-0.050383,0.013465
W3U.DE,2022-06-29,18.77,positive,Q5,-0.006934,0.002289,-0.009223,0.044684,0.00465,0.040034,0.052388,0.054779,-0.002391,-0.081664,-0.050383,-0.031281
BAS.DE,2022-06-29,19.07,positive,Q5,-0.006142,0.002289,-0.008431,-0.005557,0.00465,-0.010208,0.045335,0.054779,-0.009444,-0.049137,-0.050383,0.001246
RNL.DE,2022-06-29,-8.96,negative,Q3,0.024007,0.002289,0.021718,0.008772,0.00465,0.004121,0.205448,0.054779,0.150669,0.214681,-0.050383,0.265065
HS2.DE,2022-06-29,1.85,positive,Q3,0.008047,0.002289,0.005758,0.035461,0.00465,0.030811,0.052782,0.054779,-0.001997,-0.062057,-0.050383,-0.011673
CVS.DE,2022-06-29,5.29,positive,Q4,0.003344,0.002289,0.001056,0.041549,0.00465,0.036898,0.060458,0.054779,0.005679,0.15629,-0.050383,0.206674
PSM.DE,2022-06-29,-130.9,negative,Q1,0.009259,0.002289,0.00697,-0.061343,0.00465,-0.065993,-0.054398,0.054779,-0.109177,-0.177083,-0.050383,-0.1267
KHNZ.DE,2022-06-29,-68.45,negative,Q1,0.002263,0.002289,-2.6e-05,0.020045,0.00465,0.015395,-0.014226,0.054779,-0.069005,-0.032331,-0.050383,0.018052
NWO.DE,2022-06-29,-11.43,negative,Q2,-0.039883,0.002289,-0.042172,-0.025085,0.00465,-0.029736,-0.038379,0.054779,-0.093158,-0.135871,-0.050383,-0.085487
HNK1.DE,2022-06-29,4.76,positive,Q4,0.018873,0.002289,0.016584,0.04601,0.00465,0.041359,0.106698,0.054779,0.051919,0.037498,-0.050383,0.087882
JNP.DE,2022-06-29,-22.21,negative,Q2,-0.006284,0.002289,-0.008573,0.039277,0.00465,0.034627,0.006284,0.054779,-0.048494,-0.002357,-0.050383,0.048027
UB5.DE,2022-06-29,-0.91,negative,Q3,0.006348,0.002289,0.004059,0.05485,0.00465,0.0502,0.051041,0.054779,-0.003738,-0.027425,-0.050383,0.022958
MDO.DE,2022-06-29,-34.89,negative,Q2,0.017797,0.002289,0.015508,0.057034,0.00465,0.052383,0.092628,0.054779,0.037849,0.065148,-0.050383,0.115532
BM8.DE,2022-06-29,348.76,positive,Q5,0.021881,0.002289,0.019592,0.08916,0.00465,0.08451,0.064135,0.054779,0.009356,0.089286,-0.050383,0.139669
NOA3.DE,2022-06-29,-4.19,negative,Q3,0.0,0.002289,-0.002289,0.025,0.00465,0.02035,0.1475,0.054779,0.092721,-0.0025,-0.050383,0.047883
WAC.DE,2022-06-29,34.39,positive,Q5,0.006263,0.002289,0.003974,0.073069,0.00465,0.068418,0.135699,0.054779,0.080921,-0.166319,-0.050383,-0.115935
TPE.DE,2022-06-29,-20.0,negative,Q2,-0.065646,0.002289,-0.067934,-0.007659,0.00465,-0.012309,0.160832,0.054779,0.106053,-0.188184,-0.050383,-0.1378
SRT.DE,2022-06-29,38.46,positive,Q5,0.027923,0.002289,0.025635,0.119546,0.00465,0.114896,0.234444,0.054779,0.179665,-0.035713,-0.050383,0.01467
AHLA.DE,2022-06-29,-20.39,negative,Q2,0.022132,0.002289,0.019843,0.115317,0.00465,0.110667,-0.163755,0.054779,-0.218533,-0.241215,-0.050383,-0.190832
0Q3.DE,2022-06-29,-14.09,negative,Q2,0.073961,0.002289,0.071672,0.351422,0.00465,0.346772,0.366302,0.054779,0.311523,-0.336543,-0.050383,-0.286159
48Z.DE,2022-06-29,6.6,positive,Q4,0.01307,0.002289,0.010781,0.073056,0.00465,0.068406,0.206434,0.054779,0.151655,0.073727,-0.050383,0.12411
RDO.DE,2022-06-29,-8.93,negative,Q3,0.008696,0.002289,0.006407,0.041739,0.00465,0.037089,0.109565,0.054779,0.054786,0.04,-0.050383,0.090383
LOR.DE,2022-06-29,11.73,positive,Q4,0.000923,0.002289,-0.001366,0.045246,0.00465,0.040596,0.118481,0.054779,0.063702,-0.004712,-0.050383,0.045671
2X0.DE,2022-06-29,-8.63,negative,Q3,-0.011515,0.002289,-0.013804,0.011515,0.00465,0.006864,0.092515,0.054779,0.037737,0.161406,-0.050383,0.211789
D6H.DE,2022-06-29,4.3,positive,Q4,-0.007206,0.002289,-0.009494,0.016134,0.00465,0.011484,0.085996,0.054779,0.031217,-0.215695,-0.050383,-0.165312
DHL.DE,2022-06-29,17.47,positive,Q4,0.003223,0.002289,0.000934,0.016436,0.00465,0.011785,0.088624,0.054779,0.033845,-0.1505,-0.050383,-0.100116
AG1.DE,2022-06-29,-3.03,negative,Q3,0.031474,0.002289,0.029185,0.151645,0.00465,0.146995,0.200286,0.054779,0.145507,0.081545,-0.050383,0.131928
KBX.DE,2022-06-29,-13.04,negative,Q2,0.006287,0.002289,0.003998,0.043418,0.00465,0.038768,0.066994,0.054779,0.012215,-0.20668,-0.050383,-0.156296
8GM.DE,2022-06-29,-5.98,negative,Q3,-0.009683,0.002289,-0.011972,0.033723,0.00465,0.029072,0.128881,0.054779,0.074103,0.173289,-0.050383,0.223672
HEN3.DE,2022-06-29,-42.78,negative,Q1,0.010328,0.002289,0.008039,0.038547,0.00465,0.033896,0.059572,0.054779,0.004793,0.02453,-0.050383,0.074913
HNR1.DE,2022-06-29,9.56,positive,Q4,0.011909,0.002289,0.00962,0.010876,0.00465,0.006226,-0.001429,0.054779,-0.056208,0.083757,-0.050383,0.13414
KMY.DE,2022-06-29,-1.6,negative,Q3,0.015254,0.002289,0.012965,0.032173,0.00465,0.027523,0.005786,0.054779,-0.048993,-0.031735,-0.050383,0.018648
UPAB.DE,2022-06-29,3.32,positive,Q4,0.020021,0.002289,0.017732,0.051085,0.00465,0.046435,0.062193,0.054779,0.007414,-0.018794,-0.050383,0.03159
EBA.DE,2022-06-29,-208.65,negative,Q1,0.020968,0.002289,0.018679,0.070968,0.00465,0.066317,0.200269,0.054779,0.14549,-0.007796,-0.050383,0.042588
AIR.DE,2022-06-29,-27.5,negative,Q2,0.029905,0.002289,0.027616,0.025225,0.00465,0.020575,0.135601,0.054779,0.080822,-0.029335,-0.050383,0.021049
VAS.DE,2022-06-29,-31.72,negative,Q2,0.002882,0.002289,0.000593,0.024784,0.00465,0.020133,0.138905,0.054779,0.084126,-0.0317,-0.050383,0.018683
PAE.DE,2022-06-29,13.79,positive,Q4,0.00825,0.002289,0.005961,0.028441,0.00465,0.023791,0.131133,0.054779,0.076354,0.096396,-0.050383,0.146779
SHA.DE,2022-06-29,-8.57,negative,Q3,0.002132,0.002289,-0.000157,0.004264,0.00465,-0.000386,0.061834,0.054779,0.007055,-0.121535,-0.050383,-0.071152
AK3.DE,2022-06-29,-43.52,negative,Q1,0.00526,0.002289,0.002971,0.041962,0.00465,0.037312,0.058884,0.054779,0.004105,-0.036474,-0.050383,0.01391
3V64.DE,2022-06-29,-8.38,negative,Q3,0.001852,0.002289,-0.000437,0.054248,0.00465,0.049598,0.09537,0.054779,0.040592,-0.002723,-0.050383,0.04766
WIB.DE,2022-06-29,40.91,positive,Q5,0.019723,0.002289,0.017434,-0.021322,0.00465,-0.025972,0.097015,0.054779,0.042236,0.019723,-0.050383,0.070106
ALD.DE,2022-06-29,-9.28,negative,Q3,0.003972,0.002289,0.001683,0.025591,0.00465,0.02094,0.127173,0.054779,0.072394,0.07521,-0.050383,0.125593
HAR.DE,2022-06-29,37.25,positive,Q5,0.000706,0.002289,-0.001583,0.061088,0.00465,0.056437,0.194209,0.054779,0.13943,0.295551,-0.050383,0.345934
FIV.DE,2022-06-29,-40.68,negative,Q1,0.042586,0.002289,0.040297,0.076842,0.00465,0.072191,0.215157,0.054779,0.160378,0.158611,-0.050383,0.208994
AXJ.DE,2022-06-29,258.68,positive,Q5,0.016185,0.002289,0.013897,0.0,0.00465,-0.00465,0.112861,0.054779,0.058082,0.13692,-0.050383,0.187304
MOH.DE,2022-06-29,1.64,positive,Q3,-0.003269,0.002289,-0.005558,0.044751,0.00465,0.0401,0.160898,0.054779,0.106119,0.043539,-0.050383,0.093922
ABL.DE,2022-06-29,0.93,positive,Q3,0.016469,0.002289,0.01418,0.037836,0.00465,0.033186,0.041588,0.054779,-0.01319,0.008339,-0.050383,0.058722
BFSA.DE,2022-06-29,-13.43,negative,Q2,-0.00164,0.002289,-0.003929,-0.051312,0.00465,-0.055963,-0.026242,0.054779,-0.081021,-0.349578,-0.050383,-0.299195
WAF.DE,2022-06-29,8.57,positive,Q4,-0.044438,0.002289,-0.046727,-0.024033,0.00465,-0.028683,0.115629,0.054779,0.06085,-0.152358,-0.050383,-0.101975
NGLB.DE,2022-06-29,8.71,positive,Q4,-0.032343,0.002289,-0.034632,-0.029373,0.00465,-0.034023,0.032013,0.054779,-0.022766,-0.105281,-0.050383,-0.054897
NOV.DE,2022-06-29,-1.65,negative,Q3,0.007775,0.002289,0.005486,0.018341,0.00465,0.013691,0.072368,0.054779,0.01759,-0.05323,-0.050383,-0.002846
XY6.DE,2022-06-29,15.59,positive,Q4,0.01361,0.002289,0.011321,0.064122,0.00465,0.059472,0.200505,0.054779,0.145726,0.250035,-0.050383,0.300418
FPE3.DE,2022-06-29,0.55,positive,Q3,0.002861,0.002289,0.000572,0.024928,0.00465,0.020278,0.099305,0.054779,0.044526,-0.060891,-0.050383,-0.010508
1COV.DE,2022-06-29,4.0,positive,Q4,-0.013645,0.002289,-0.015934,-0.022135,0.00465,-0.026785,0.00758,0.054779,-0.047198,-0.115525,-0.050383,-0.065141
AXA.DE,2022-06-29,-45.14,negative,Q1,-0.000548,0.002289,-0.002837,-0.019726,0.00465,-0.024376,0.035068,0.054779,-0.01971,0.080548,-0.050383,0.130931
JEN.DE,2022-06-29,24.14,positive,Q5,-0.00098,0.002289,-0.003269,0.008329,0.00465,0.003679,0.10779,0.054779,0.053011,-0.052915,-0.050383,-0.002532
ZEG.DE,2022-06-29,-85.19,negative,Q1,-0.007144,0.002289,-0.009433,0.038442,0.00465,0.033791,0.034104,0.054779,-0.020674,-0.111499,-0.050383,-0.061115
1SI.DE,2022-06-29,-26.26,negative,Q2,0.001599,0.002289,-0.00069,0.15028,0.00465,0.145629,-0.233413,0.054779,-0.288192,-0.134293,-0.050383,-0.083909
GIB.DE,2022-06-29,51.0,positive,Q5,0.0,0.002289,-0.002289,0.0,0.00465,-0.00465,0.0,0.054779,-0.054779,0.0,-0.050383,0.050383
BLQA.DE,2022-06-29,-10.52,negative,Q2,0.009787,0.002289,0.007498,0.047728,0.00465,0.043077,0.125162,0.054779,0.070383,0.048823,-0.050383,0.099207
O3P.DE,2022-06-29,-1.08,negative,Q3,0.010818,0.002289,0.008529,-0.011251,0.00465,-0.015901,0.036348,0.054779,-0.018431,-0.031155,-0.050383,0.019228
PA9.DE,2022-06-29,15.96,positive,Q4,0.021953,0.002289,0.019664,0.03736,0.00465,0.03271,-0.038088,0.054779,-0.092867,-0.017192,-0.050383,0.033191
1QZ.DE,2022-06-29,-100.5,negative,Q1,0.040292,0.002289,0.038003,0.19172,0.00465,0.18707,0.346026,0.054779,0.291247,0.473323,-0.050383,0.523706
VOS.DE,2022-06-29,34.31,positive,Q5,0.016503,0.002289,0.014214,0.064256,0.00465,0.059605,0.14677,0.054779,0.091991,0.023174,-0.050383,0.073558
ABEC.DE,2022-06-29,-4.13,negative,Q3,-0.007588,0.002289,-0.009877,0.105177,0.00465,0.100527,0.070791,0.054779,0.016012,-0.021612,-0.050383,0.028772
2PP.DE,2022-06-29,-133.95,negative,Q1,0.030038,0.002289,0.027749,0.109887,0.00465,0.105236,0.274264,0.054779,0.219485,0.339774,-0.050383,0.390157
CPA.DE,2022-06-29,1.48,positive,Q3,0.021544,0.002289,0.019255,0.01441,0.00465,0.00976,0.019974,0.054779,-0.034805,0.019118,-0.050383,0.069502
ENL.DE,2022-06-29,-73.34,negative,Q1,0.016949,0.002289,0.01466,0.007264,0.00465,0.002613,-0.024213,0.054779,-0.078992,-0.09201,-0.050383,-0.041626
NOEJ.DE,2022-06-29,-31.29,negative,Q2,0.016368,0.002289,0.014079,0.011253,0.00465,0.006603,-0.144246,0.054779,-0.199024,-0.337596,-0.050383,-0.287213
U9RA.DE,2022-06-29,-42.73,negative,Q1,-0.031208,0.002289,-0.033496,0.008141,0.00465,0.003491,0.066486,0.054779,0.011707,-0.056988,-0.050383,-0.006604
C7C1.F,2022-06-29,-225.91,negative,Q1,-0.033981,0.002289,-0.036269,0.135922,0.00465,0.131272,0.349515,0.054779,0.294736,0.359223,-0.050383,0.409607
CTP2.DE,2022-06-29,-17.07,negative,Q2,0.017637,0.002289,0.015348,0.04321,0.00465,0.038559,0.000882,0.054779,-0.053897,-0.146384,-0.050383,-0.096001
185.DE,2022-06-29,27.6,positive,Q5,-0.02491,0.002289,-0.027199,0.030898,0.00465,0.026248,0.132455,0.054779,0.077676,-0.16,-0.050383,-0.109617
PER.DE,2022-06-29,-12.27,negative,Q2,0.000859,0.002289,-0.00143,0.019759,0.00465,0.015109,0.10838,0.054779,0.053601,0.06245,-0.050383,0.112834
MLB1.DE,2022-06-29,24.6,positive,Q5,0.030467,0.002289,0.028178,0.15561,0.00465,0.15096,0.277641,0.054779,0.222862,0.380508,-0.050383,0.430891
RAW.DE,2022-06-29,57.23,positive,Q5,-0.012486,0.002289,-0.014775,-0.011351,0.00465,-0.016001,0.132804,0.054779,0.078025,0.179342,-0.050383,0.229725
SOBA.DE,2022-06-29,-10.9,negative,Q2,0.011091,0.002289,0.008802,0.041282,0.00465,0.036631,-0.072705,0.054779,-0.127484,-0.165742,-0.050383,-0.115359
FB2A.DE,2022-06-29,-2.48,negative,Q3,-0.028401,0.002289,-0.03069,0.076664,0.00465,0.072014,-0.017468,0.054779,-0.072247,-0.082422,-0.050383,-0.032039
REP.DE,2022-06-29,-38.0,negative,Q1,-0.040068,0.002289,-0.042357,-0.042626,0.00465,-0.047276,-0.114237,0.054779,-0.169016,-0.158568,-0.050383,-0.108184
ALS.DE,2022-06-29,-218.8,negative,Q1,0.0,0.002289,-0.002289,0.084807,0.00465,0.080156,-0.050794,0.054779,-0.105573,0.100866,-0.050383,0.151249
SND.DE,2022-06-29,-18.98,negative,Q2,-0.012891,0.002289,-0.01518,0.029426,0.00465,0.024775,0.192527,0.054779,0.137748,-0.000841,-0.050383,0.049543
SDF.DE,2022-06-29,-14.22,negative,Q2,-0.062591,0.002289,-0.06488,-0.12033,0.00465,-0.12498,-0.111596,0.054779,-0.166375,-0.168365,-0.050383,-0.117981
SGL.DE,2022-06-29,100.0,positive,Q5,0.003339,0.002289,0.00105,0.023372,0.00465,0.018722,0.230384,0.054779,0.175605,-0.006678,-0.050383,0.043706
WMB.DE,2022-06-29,-12.34,negative,Q2,0.000387,0.002289,-0.001902,-0.001547,0.00465,-0.006197,0.116009,0.054779,0.06123,0.006187,-0.050383,0.056571
AZ2.DE,2022-06-29,9.6,positive,Q4,-0.000583,0.002289,-0.002872,0.016044,0.00465,0.011394,0.170362,0.054779,0.115583,0.122812,-0.050383,0.173196
2OY.DE,2022-06-29,6.37,positive,Q4,-0.005764,0.002289,-0.008053,0.047118,0.00465,0.042467,0.061905,0.054779,0.007126,-0.061654,-0.050383,-0.011271
ENI.DE,2022-06-29,10.32,positive,Q4,-0.010101,0.002289,-0.01239,-0.024691,0.00465,-0.029342,0.034792,0.054779,-0.019986,-0.037037,-0.050383,0.013346
LEG.DE,2022-06-29,-27.13,negative,Q2,0.0081,0.002289,0.005812,0.015931,0.00465,0.01128,0.120292,0.054779,0.065513,-0.256784,-0.050383,-0.206401
FME.DE,2022-06-29,-11.24,negative,Q2,-0.00114,0.002289,-0.003429,-0.007752,0.00465,-0.012402,-0.240766,0.054779,-0.295545,-0.396033,-0.050383,-0.345649
ZOE.DE,2022-06-29,-7.76,negative,Q3,0.011269,0.002289,0.00898,0.076348,0.00465,0.071698,0.087364,0.054779,0.032585,-0.047607,-0.050383,0.002776
MRK.DE,2022-06-29,-20.72,negative,Q2,0.029151,0.002289,0.026863,0.076393,0.00465,0.071742,0.153371,0.054779,0.098592,-0.01399,-0.050383,0.036393
NEM.DE,2022-06-29,13.69,positive,Q4,0.010521,0.002289,0.008232,0.074715,0.00465,0.070064,0.144437,0.054779,0.089658,-0.145685,-0.050383,-0.095301
EVT.DE,2022-06-29,1.19,positive,Q3,0.037391,0.002289,0.035102,0.09913,0.00465,0.09448,0.1,0.054779,0.045221,-0.240435,-0.050383,-0.190051
GOB.DE,2022-06-29,-1.19,negative,Q3,0.002664,0.002289,0.000375,0.021843,0.00465,0.017193,0.108151,0.054779,0.053372,-0.082579,-0.050383,-0.032195
BAYN.DE,2022-06-29,-115.48,negative,Q1,0.011119,0.002289,0.00883,-0.002224,0.00465,-0.006874,0.005004,0.054779,-0.049775,-0.149185,-0.050383,-0.098801
GBF.DE,2022-06-29,-8.63,negative,Q3,0.041833,0.002289,0.039544,0.109163,0.00465,0.104513,0.056972,0.054779,0.002193,-0.038645,-0.050383,0.011738
NMM.DE,2022-06-29,-25.81,negative,Q2,0.012367,0.002289,0.010078,0.017971,0.00465,0.013321,-0.227826,0.054779,-0.282605,-0.257391,-0.050383,-0.207008
SQU.DE,2022-06-29,22.56,positive,Q5,0.009239,0.002289,0.006951,0.017542,0.00465,0.012891,0.099893,0.054779,0.045114,-0.015533,-0.050383,0.03485
BCO.DE,2022-06-29,291.63,positive,Q5,0.026365,0.002289,0.024076,0.075993,0.00465,0.071342,0.200062,0.054779,0.145283,0.034584,-0.050383,0.084968
5G5.DE,2022-06-29,-78.72,negative,Q1,0.007561,0.002289,0.005273,0.041588,0.00465,0.036937,0.173913,0.054779,0.119134,-0.026465,-0.050383,0.023918
UNP.DE,2022-06-29,3.32,positive,Q4,0.019082,0.002289,0.016793,0.02748,0.00465,0.022829,0.102583,0.054779,0.047804,0.047624,-0.050383,0.098007
G1A.DE,2022-06-29,-0.69,negative,Q3,0.002933,0.002289,0.000644,0.02737,0.00465,0.02272,0.105898,0.054779,0.051119,-0.037471,-0.050383,0.012912
RWE.DE,2022-06-29,-107.66,negative,Q1,0.052452,0.002289,0.050163,0.018001,0.00465,0.013351,0.145562,0.054779,0.090783,0.090627,-0.050383,0.14101
PPX.DE,2022-06-29,12.06,positive,Q4,-0.005917,0.002289,-0.008206,0.03134,0.00465,0.02669,0.135844,0.054779,0.081065,-0.05971,-0.050383,-0.009327
SYAB.DE,2022-06-29,-222.14,negative,Q1,0.010599,0.002289,0.00831,0.019327,0.00465,0.014676,0.113466,0.054779,0.058687,-0.236908,-0.050383,-0.186524
BEI.DE,2022-06-29,10.1,positive,Q4,0.008386,0.002289,0.006097,0.018658,0.00465,0.014008,0.032495,0.054779,-0.022284,0.040671,-0.050383,0.091054
NDA.DE,2022-06-29,23.17,positive,Q5,-0.020656,0.002289,-0.022945,-0.004918,0.00465,-0.009568,0.084262,0.054779,0.029483,-0.172295,-0.050383,-0.121912
SRT3.DE,2022-06-29,38.46,positive,Q5,0.029385,0.002289,0.027096,0.10946,0.00465,0.10481,0.306228,0.054779,0.251449,0.062069,-0.050383,0.112452
E3X1.DE,2022-06-29,-174.94,negative,Q1,0.033683,0.002289,0.031394,0.056213,0.00465,0.051562,0.147122,0.054779,0.092343,0.08201,-0.050383,0.132393
SKB.DE,2022-06-29,18.82,positive,Q5,0.0,0.002289,-0.002289,0.01462,0.00465,0.009969,0.081871,0.054779,0.027092,-0.187135,-0.050383,-0.136751
CAR.DE,2022-06-29,-29.77,negative,Q2,0.003514,0.002289,0.001225,-0.00773,0.00465,-0.012381,-0.014055,0.054779,-0.068834,-0.12298,-0.050383,-0.072596
BNR.DE,2022-06-29,0.54,positive,Q3,-0.002658,0.002289,-0.004947,-0.002303,0.00465,-0.006954,0.100815,0.054779,0.046036,-0.028349,-0.050383,0.022035
CON.DE,2022-06-29,-198.09,negative,Q1,-0.001821,0.002289,-0.00411,-0.011755,0.00465,-0.016405,0.040894,0.054779,-0.013885,-0.280629,-0.050383,-0.230246
KCO.DE,2022-06-29,14.29,positive,Q4,-0.009174,0.002289,-0.011463,0.091743,0.00465,0.087093,0.313456,0.054779,0.258677,0.168196,-0.050383,0.218579
IFX.DE,2022-06-29,-9.37,negative,Q3,-0.034759,0.002289,-0.037048,-0.014706,0.00465,-0.019356,0.149733,0.054779,0.094954,0.005348,-0.050383,0.055731
CAT1.DE,2022-06-29,3.82,positive,Q4,-0.0087,0.002289,-0.010989,0.020301,0.00465,0.015651,0.117796,0.054779,0.063017,-0.010613,-0.050383,0.03977
VAR1.DE,2022-06-29,-138.47,negative,Q1,0.028304,0.002289,0.026015,0.043467,0.00465,0.038817,0.000758,0.054779,-0.054021,-0.549659,-0.050383,-0.499275
CGN.DE,2022-06-29,-9.73,negative,Q2,0.028949,0.002289,0.026661,0.085247,0.00465,0.080597,0.075471,0.054779,0.020692,0.160971,-0.050383,0.211354
KGX.DE,2022-06-29,-7.24,negative,Q3,0.032632,0.002289,0.030343,0.062105,0.00465,0.057455,0.120263,0.054779,0.065484,-0.484474,-0.050383,-0.43409
FPE.DE,2022-06-29,0.55,positive,Q3,-0.001906,0.002289,-0.004195,0.017151,0.00465,0.012501,0.070986,0.054779,0.016207,-0.07051,-0.050383,-0.020126
XER2.DE,2022-06-29,-131.47,negative,Q1,-0.032013,0.002289,-0.034302,-0.013479,0.00465,-0.01813,0.191238,0.054779,0.13646,0.034541,-0.050383,0.084924
DC7.DE,2022-06-29,6.13,positive,Q4,0.040245,0.002289,0.037956,0.084726,0.00465,0.080075,0.0992,0.054779,0.044421,0.049423,-0.050383,0.099807
NDX1.DE,2022-06-29,-18.62,negative,Q2,0.02108,0.002289,0.018791,0.055336,0.00465,0.050686,0.242424,0.054779,0.187645,0.15942,-0.050383,0.209804
S92.DE,2022-06-29,-62.76,negative,Q1,0.023231,0.002289,0.020942,0.134312,0.00465,0.129662,0.369559,0.054779,0.314781,0.292123,-0.050383,0.342506
NFS.DE,2022-06-29,-0.3,negative,Q3,0.013605,0.002289,0.011316,0.03669,0.00465,0.032039,0.136591,0.054779,0.081812,0.031238,-0.050383,0.081621
6MK.DE,2022-06-29,-9.2,negative,Q3,0.001136,0.002289,-0.001153,0.048106,0.00465,0.043456,0.0,0.054779,-0.054779,0.038005,-0.050383,0.088388
AIXA.DE,2022-06-29,23.08,positive,Q5,-0.062823,0.002289,-0.065112,-0.023666,0.00465,-0.028317,0.039157,0.054779,-0.015622,0.050344,-0.050383,0.100728
BPE5.DE,2022-06-29,34.76,positive,Q5,-0.016043,0.002289,-0.018332,0.008021,0.00465,0.003371,0.064171,0.054779,0.009392,0.085561,-0.050383,0.135945
EX9.DE,2022-06-29,10.76,positive,Q4,0.040683,0.002289,0.038394,0.064289,0.00465,0.059639,0.030638,0.054779,-0.024141,-0.173782,-0.050383,-0.123399
VOW.DE,2022-06-29,106.65,positive,Q5,-0.00547,0.002289,-0.007759,0.032429,0.00465,0.027779,0.105181,0.054779,0.050402,0.086505,-0.050383,0.136888
HCL.DE,2022-06-29,-216.2,negative,Q1,0.032345,0.002289,0.030056,-0.016173,0.00465,-0.020823,0.167116,0.054779,0.112337,-0.026954,-0.050383,0.023429
VWSB.DE,2022-06-29,-50.0,negative,Q1,0.035323,0.002289,0.033034,0.110448,0.00465,0.105797,0.255721,0.054779,0.200943,-0.006965,-0.050383,0.043418
FNTN.DE,2022-06-29,63.85,positive,Q5,0.007728,0.002289,0.005439,-0.017002,0.00465,-0.021652,-0.028336,0.054779,-0.083115,-0.176713,-0.050383,-0.12633
LOM.DE,2022-06-29,-37.99,negative,Q1,0.013151,0.002289,0.010863,0.021042,0.00465,0.016392,-0.007999,0.054779,-0.062778,0.046071,-0.050383,0.096454
BMW.DE,2022-06-29,17.17,positive,Q4,0.004138,0.002289,0.001849,0.01804,0.00465,0.01339,0.081927,0.054779,0.027148,-0.023171,-0.050383,0.027212
ERCB.DE,2022-06-29,-15.87,negative,Q2,0.006645,0.002289,0.004356,0.079734,0.00465,0.075084,0.044851,0.054779,-0.009928,-0.129568,-0.050383,-0.079185
1WR.DE,2022-06-29,-0.71,negative,Q3,0.017697,0.002289,0.015408,0.06882,0.00465,0.06417,0.097191,0.054779,0.042412,-0.130056,-0.050383,-0.079673
LEN.DE,2022-06-29,47.52,positive,Q5,-0.007785,0.002289,-0.010074,0.001354,0.00465,-0.003297,0.122017,0.054779,0.067238,-0.205957,-0.050383,-0.155574
FMC1.DE,2022-06-29,-63.57,negative,Q1,0.001174,0.002289,-0.001115,0.061033,0.00465,0.056382,0.303991,0.054779,0.249212,0.171361,-0.050383,0.221745
ELG.DE,2022-06-29,4.49,positive,Q4,-0.006834,0.002289,-0.009123,0.03303,0.00465,0.028379,0.298121,0.054779,0.243342,0.07574,-0.050383,0.126124
HOT.DE,2022-06-29,18.4,positive,Q5,0.016618,0.002289,0.014329,0.015885,0.00465,0.011234,0.124633,0.054779,0.069855,0.009531,-0.050383,0.059914
ABEA.DE,2022-06-29,-4.13,negative,Q3,-0.009742,0.002289,-0.01203,0.102334,0.00465,0.097684,0.073785,0.054779,0.019006,-0.021412,-0.050383,0.028971
OMV.DE,2022-06-29,81.4,positive,Q5,-0.051177,0.002289,-0.053466,-0.130298,0.00465,-0.134949,-0.087598,0.054779,-0.142377,-0.17394,-0.050383,-0.123557
ZAL.DE,2022-06-29,-55.42,negative,Q1,0.047676,0.002289,0.045387,0.066106,0.00465,0.061455,0.095753,0.054779,0.040974,-0.194311,-0.050383,-0.143928
HLAG.DE,2022-06-29,3.37,positive,Q4,-0.009706,0.002289,-0.011995,0.10284,0.00465,0.09819,0.356279,0.054779,0.301501,-0.28625,-0.050383,-0.235867
IC2.DE,2022-06-30,-21.74,negative,Q2,0.003427,-0.003095,0.006522,0.037244,0.015781,0.021464,0.078487,0.052025,0.026462,0.051182,-0.049149,0.100332
QIA.DE,2022-06-30,-5.16,negative,Q3,0.018214,-0.003095,0.021308,0.043011,0.015781,0.02723,0.066711,0.052025,0.014685,-0.058591,-0.049149,-0.009442
68V.DE,2022-06-30,-489.83,negative,Q1,0.01395,-0.003095,0.017044,0.025508,0.015781,0.009727,-0.112794,0.052025,-0.164819,-0.195297,-0.049149,-0.146148
GIS.DE,2022-06-30,-40.14,negative,Q1,-0.003789,-0.003095,-0.000695,0.044146,0.015781,0.028365,-0.019894,0.052025,-0.071919,0.123342,-0.049149,0.172491
CCC3.DE,2022-06-30,-34.54,negative,Q2,0.007654,-0.003095,0.010749,0.011664,0.015781,-0.004117,0.030618,0.052025,-0.021407,-0.039001,-0.049149,0.010148
GUI.DE,2022-06-30,-50.34,negative,Q1,0.024561,-0.003095,0.027656,0.039406,0.015781,0.023625,0.151957,0.052025,0.099932,0.074764,-0.049149,0.123913
KC4.DE,2022-06-30,-34.01,negative,Q2,0.004893,-0.003095,0.007987,0.015843,0.015781,6.3e-05,-0.058248,0.052025,-0.110273,-0.149581,-0.049149,-0.100431
HBC1.DE,2022-06-30,59.4,positive,Q5,0.029586,-0.003095,0.03268,0.001972,0.015781,-0.013808,0.045365,0.052025,-0.00666,-0.114398,-0.049149,-0.065249
ECV.DE,2022-06-30,-16.72,negative,Q2,-0.006557,-0.003095,-0.003463,0.090164,0.015781,0.074383,0.139891,0.052025,0.087866,0.004918,-0.049149,0.054067
UNH.DE,2022-06-30,2.62,positive,Q3,0.017481,-0.003095,0.020576,0.060696,0.015781,0.044915,0.081869,0.052025,0.029844,0.087515,-0.049149,0.136665
BAC.DE,2022-06-30,-6.35,negative,Q3,0.0,-0.003095,0.003095,0.02676,0.015781,0.010979,-0.070148,0.052025,-0.122173,-0.159262,-0.049149,-0.110113
ERT.DE,2022-06-30,-113.43,negative,Q1,0.0,-0.003095,0.003095,0.060188,0.015781,0.044408,0.094731,0.052025,0.042706,0.039864,-0.049149,0.089013
2KD.DE,2022-06-30,2.6,positive,Q3,0.010631,-0.003095,0.013726,0.02392,0.015781,0.008139,0.09103,0.052025,0.039005,0.081728,-0.049149,0.130877
FRE.DE,2022-06-30,-17.09,negative,Q2,0.006177,-0.003095,0.009272,-0.007994,0.015781,-0.023775,-0.148983,0.052025,-0.201008,-0.256904,-0.049149,-0.207755
AMG.DE,2022-06-30,-44.68,negative,Q1,-0.002387,-0.003095,0.000708,0.047158,0.015781,0.031377,0.022624,0.052025,-0.029401,0.027302,-0.049149,0.076451
SII.DE,2022-06-30,4.34,positive,Q4,0.003222,-0.003095,0.006317,-0.016696,0.015781,-0.032477,-0.063855,0.052025,-0.11588,-0.09461,-0.049149,-0.045461
RY4C.DE,2022-06-30,23.2,positive,Q5,0.008182,-0.003095,0.011276,0.053636,0.015781,0.037856,0.111818,0.052025,0.059793,-0.044545,-0.049149,0.004604
TMV.DE,2022-06-30,-53.64,negative,Q1,-0.008386,-0.003095,-0.005291,0.038784,0.015781,0.023003,0.067086,0.052025,0.015061,-0.140461,-0.049149,-0.091312
MUV2.DE,2022-06-30,11.11,positive,Q4,0.012269,-0.003095,0.015363,-0.017089,0.015781,-0.032869,-0.032863,0.052025,-0.084888,0.050876,-0.049149,0.100026
HEN.DE,2022-06-30,-42.78,negative,Q1,0.009268,-0.003095,0.012362,0.031511,0.015781,0.01573,0.053568,0.052025,0.001543,-0.016126,-0.049149,0.033023
IES.DE,2022-06-30,39.84,positive,Q5,-0.015038,-0.003095,-0.011943,-0.06015,0.015781,-0.075931,-0.007519,0.052025,-0.059544,-0.045113,-0.049149,0.004036
KIN2.DE,2022-06-30,-108.98,negative,Q1,0.056962,-0.003095,0.060057,-0.009494,0.015781,-0.025274,0.003165,0.052025,-0.048861,0.094937,-0.049149,0.144086
NWT.DE,2022-06-30,-6.77,negative,Q3,0.030994,-0.003095,0.034089,0.053801,0.015781,0.03802,0.129825,0.052025,0.077799,0.130702,-0.049149,0.179851
COZ.DE,2022-06-30,0.95,positive,Q3,-0.005495,-0.003095,-0.0024,0.006949,0.015781,-0.008832,0.012928,0.052025,-0.039097,-0.060601,-0.049149,-0.011452
PUM.DE,2022-06-30,14.36,positive,Q4,-0.011945,-0.003095,-0.008851,0.059044,0.015781,0.043264,0.080887,0.052025,0.028862,-0.147099,-0.049149,-0.09795
RHM.DE,2022-06-30,-13.07,negative,Q2,-0.011758,-0.003095,-0.008664,-0.082795,0.015781,-0.098576,-0.117147,0.052025,-0.169172,-0.245761,-0.049149,-0.196611
5CV.DE,2022-06-30,-21.87,negative,Q2,-0.026561,-0.003095,-0.023467,0.053123,0.015781,0.037342,-0.090452,0.052025,-0.142477,-0.411342,-0.049149,-0.362193
IBE1.DE,2022-06-30,39.68,positive,Q5,-0.005562,-0.003095,-0.002467,0.047831,0.015781,0.03205,0.048943,0.052025,-0.003082,-0.016685,-0.049149,0.032464
DWD.DE,2022-06-30,-7.38,negative,Q3,0.004971,-0.003095,0.008066,0.03977,0.015781,0.023989,0.13003,0.052025,0.078004,0.160945,-0.049149,0.210094
MBG.DE,2022-06-30,-3.01,negative,Q3,-0.028308,-0.003095,-0.025214,0.01588,0.015781,0.0001,0.044419,0.052025,-0.007606,-0.010127,-0.049149,0.039023
TLX.DE,2022-06-30,81.2,positive,Q5,0.004862,-0.003095,0.007956,-0.005469,0.015781,-0.02125,-0.022486,0.052025,-0.074511,-0.026132,-0.049149,0.023017
GOS.DE,2022-06-30,22.98,positive,Q5,0.006888,-0.003095,0.009982,0.034903,0.015781,0.019122,0.141586,0.052025,0.089561,0.101691,-0.049149,0.15084
DHER.DE,2022-06-30,-191.05,negative,Q1,-0.081392,-0.003095,-0.078298,0.015964,0.015781,0.000184,0.251243,0.052025,0.199218,0.015179,-0.049149,0.064328
BOY.DE,2022-06-30,37.36,positive,Q5,0.011494,-0.003095,0.014589,0.011494,0.015781,-0.004287,0.011494,0.052025,-0.040531,0.071839,-0.049149,0.120988
UNVB.DE,2022-06-30,-11.72,negative,Q2,0.0,-0.003095,0.003095,0.018363,0.015781,0.002582,0.074216,0.052025,0.022191,0.038766,-0.049149,0.087915
NVJP.DE,2022-06-30,-11.72,negative,Q2,0.007728,-0.003095,0.010823,0.023185,0.015781,0.007405,0.096102,0.052025,0.044077,-0.077285,-0.049149,-0.028136
ADP.DE,2022-06-30,2.86,positive,Q3,-0.004592,-0.003095,-0.001498,0.053612,0.015781,0.037831,0.163777,0.052025,0.111752,0.166409,-0.049149,0.215558
1N8.DE,2022-06-30,-0.22,negative,Q3,-0.011731,-0.003095,-0.008637,0.057225,0.015781,0.041444,0.258369,0.052025,0.206344,-0.09113,-0.049149,-0.041981
FPMB.DE,2022-06-30,-6.29,negative,Q3,-0.016012,-0.003095,-0.012918,0.014868,0.015781,-0.000912,0.078155,0.052025,0.02613,0.036981,-0.049149,0.08613
BMT.DE,2022-06-30,-50.83,negative,Q1,0.015439,-0.003095,0.018534,-0.006433,0.015781,-0.022214,-0.045031,0.052025,-0.097056,-0.064008,-0.049149,-0.014859
CMC.DE,2022-06-30,-4.35,negative,Q3,0.006303,-0.003095,0.009397,0.052455,0.015781,0.036674,0.042188,0.052025,-0.009837,0.040256,-0.049149,0.089405
ADM.DE,2022-06-30,26.83,positive,Q5,0.01136,-0.003095,0.014455,0.003838,0.015781,-0.011943,0.124041,0.052025,0.072015,0.186061,-0.049149,0.23521
DTG.DE,2022-06-30,21.34,positive,Q5,-0.011009,-0.003095,-0.007915,0.011009,0.015781,-0.004772,0.078899,0.052025,0.026874,-0.061468,-0.049149,-0.012319
CRIN.DE,2022-06-30,147.68,positive,Q5,0.0,-0.003095,0.003095,0.042272,0.015781,0.026491,0.043593,0.052025,-0.008432,0.155878,-0.049149,0.205028
RAA.DE,2022-06-30,5.17,positive,Q4,0.006184,-0.003095,0.009278,0.09557,0.015781,0.079789,0.198224,0.052025,0.146198,-0.238588,-0.049149,-0.189439
WDC.DE,2022-06-30,-45.48,negative,Q1,-0.008727,-0.003095,-0.005633,0.060606,0.015781,0.044825,0.147152,0.052025,0.095126,-0.172364,-0.049149,-0.123214
TKA.DE,2022-06-30,-84.81,negative,Q1,-0.004065,-0.003095,-0.000971,0.02439,0.015781,0.008609,0.113821,0.052025,0.061796,-0.142276,-0.049149,-0.093127
HRS.DE,2022-06-30,-23.43,negative,Q2,0.002158,-0.003095,0.005252,0.016618,0.015781,0.000838,0.012303,0.052025,-0.039722,-0.044347,-0.049149,0.004803
CBK.DE,2022-06-30,41.34,positive,Q5,-0.030354,-0.003095,-0.02726,0.005059,0.015781,-0.010722,0.053963,0.052025,0.001938,0.141653,-0.049149,0.190802
KTF.DE,2022-06-30,-16.01,negative,Q2,0.005738,-0.003095,0.008832,0.017393,0.015781,0.001612,0.048234,0.052025,-0.003791,-0.007531,-0.049149,0.041618
INN1.DE,2022-06-30,6.76,positive,Q4,-0.005333,-0.003095,-0.002239,0.0,0.015781,-0.015781,-0.006667,0.052025,-0.058692,-0.061333,-0.049149,-0.012184
DBK.DE,2022-06-30,49.85,positive,Q5,0.004065,-0.003095,0.00716,0.017615,0.015781,0.001834,0.04336,0.052025,-0.008665,-0.025745,-0.049149,0.023404
PEP.DE,2022-06-30,-40.78,negative,Q1,0.007564,-0.003095,0.010658,0.04717,0.015781,0.03139,0.070274,0.052025,0.018249,0.087946,-0.049149,0.137095
EBO.DE,2022-06-30,18.25,positive,Q5,-0.010753,-0.003095,-0.007658,0.004888,0.015781,-0.010893,0.005865,0.052025,-0.04616,-0.075758,-0.049149,-0.026608
ALV.DE,2022-06-30,14.42,positive,Q4,0.0056,-0.003095,0.008695,-0.009483,0.015781,-0.025263,-0.020493,0.052025,-0.072518,-0.116973,-0.049149,-0.067824
BSD2.DE,2022-06-30,2.85,positive,Q3,-0.004237,-0.003095,-0.001143,-0.04661,0.015781,-0.062391,-0.110169,0.052025,-0.162195,-0.088983,-0.049149,-0.039834
SZG.DE,2022-06-30,40.04,positive,Q5,-0.000931,-0.003095,0.002164,0.02094,0.015781,0.005159,0.053513,0.052025,0.001488,-0.068404,-0.049149,-0.019255
INP.DE,2022-06-30,28.16,positive,Q5,0.006226,-0.003095,0.00932,0.026386,0.015781,0.010605,0.048028,0.052025,-0.003997,-0.147347,-0.049149,-0.098197
SGM.DE,2022-07-01,15.09,positive,Q4,-0.020144,-0.029137,0.008993,0.083453,0.004624,0.07883,0.313669,0.052908,0.260761,0.115468,-0.06246,0.177928
SWF.DE,2022-07-01,-73.35,negative,Q1,0.011204,-0.029137,0.040342,0.051498,0.004624,0.046874,-0.086188,0.052908,-0.139097,-0.230877,-0.06246,-0.168417
KEL.DE,2022-07-01,-2.88,negative,Q3,0.019234,-0.029137,0.048371,0.054555,0.004624,0.049931,0.061374,0.052908,0.008466,0.085504,-0.06246,0.147965
VFP.DE,2022-07-01,-213.3,negative,Q1,0.011622,-0.029137,0.040759,0.060486,0.004624,0.055862,0.034337,0.052908,-0.018571,-0.230058,-0.06246,-0.167598
I8R.DE,2022-07-01,-1.43,negative,Q3,0.056604,-0.029137,0.085741,0.076859,0.004624,0.072235,0.265816,0.052908,0.212907,0.616537,-0.06246,0.678998
ASME.DE,2022-07-02,1.16,positive,Q3,0.025301,0.015589,0.009712,0.067151,0.040664,0.026487,0.389452,0.095665,0.293787,0.059732,-0.02313,0.082862
PFE.DE,2022-07-02,0.61,positive,Q3,0.037978,0.015589,0.022389,0.050073,0.040664,0.009409,0.000726,0.095665,-0.094939,-0.073778,-0.02313,-0.050648
SRB.DE,2022-07-02,3.55,positive,Q4,0.013765,0.015589,-0.001823,0.022512,0.040664,-0.018152,0.115716,0.095665,0.020051,0.163034,-0.02313,0.186164
AHOG.DE,2022-07-02,10.66,positive,Q4,0.005293,0.015589,-0.010295,0.021614,0.040664,-0.019049,0.045876,0.095665,-0.049789,0.033966,-0.02313,0.057096
JNJ.DE,2022-07-02,-28.93,negative,Q2,0.020421,0.015589,0.004833,0.02647,0.040664,-0.014194,0.002666,0.095665,-0.092998,-0.00982,-0.02313,0.01331
GDX.DE,2022-07-02,0.77,positive,Q3,0.0,0.015589,-0.015589,0.056271,0.040664,0.015607,0.086542,0.095665,-0.009123,0.064972,-0.02313,0.088102
LHA.DE,2022-07-15,22.22,positive,Q5,0.023214,0.026899,-0.003684,-0.019643,0.01933,-0.038973,0.098214,0.073328,0.024887,0.041071,-0.046623,0.087695
4I1.DE,2022-07-21,15.0,positive,Q4,0.008235,-0.003272,0.011506,0.018964,0.017382,0.001583,0.063755,-0.001744,0.065499,-0.045914,-0.038651,-0.007263
NFC.DE,2022-07-21,8.51,positive,Q4,0.006509,-0.003272,0.00978,0.02464,0.017382,0.007258,0.059972,-0.001744,0.061716,0.304045,-0.038651,0.342696
TL0.DE,2022-07-25,8.35,positive,Q4,0.027893,0.005303,0.02259,0.152249,0.026897,0.125352,0.168791,0.009401,0.159389,-0.167861,-0.027948,-0.139913
IBM.DE,2022-07-25,-32.41,negative,Q2,0.00082,0.005303,-0.004483,0.022783,0.026897,-0.004114,0.080926,0.009401,0.071524,0.054133,-0.027948,0.082081
CTX.DE,2022-07-26,29.27,positive,Q5,-0.005573,0.00879,-0.014363,0.006369,0.031989,-0.02562,0.025478,0.008019,0.017459,None,None,None
5UR.DE,2022-07-26,-21.78,negative,Q2,0.024773,0.00879,0.015984,0.033716,0.031989,0.001727,0.070574,0.008019,0.062555,0.02997,-0.017843,0.047813
4PN.DE,2022-07-27,7.99,positive,Q4,-0.001606,0.015204,-0.016809,0.036393,0.028653,0.00774,0.058603,-0.023388,0.081991,-0.050308,-0.017253,-0.033055
AWC.DE,2022-07-27,3.64,positive,Q4,0.009704,0.015204,-0.0055,0.022833,0.028653,-0.00582,0.019693,-0.023388,0.043081,-0.078345,-0.017253,-0.061092
UWS.DE,2022-07-27,0.75,positive,Q3,0.004499,0.015204,-0.010705,0.024322,0.028653,-0.004331,0.078508,-0.023388,0.101896,0.023474,-0.017253,0.040727
AMZ.DE,2022-07-28,-266.51,negative,Q1,0.014219,-0.000328,0.014547,0.041749,0.006666,0.035083,-0.021631,-0.043834,0.022203,-0.107397,-0.021376,-0.08602
PHM7.DE,2022-07-28,-60.53,negative,Q1,-0.007539,-0.000328,-0.007211,0.004825,0.006666,-0.001841,0.063932,-0.043834,0.107766,0.093185,-0.021376,0.114561
MSF.DE,2022-07-28,-2.74,negative,Q3,0.000529,-0.000328,0.000857,0.0088,0.006666,0.002134,-0.026891,-0.043834,0.016943,-0.134721,-0.021376,-0.113344
4AB.DE,2022-07-28,-84.5,negative,Q1,0.001573,-0.000328,0.001901,0.001159,0.006666,-0.005506,-0.005383,-0.043834,0.038451,0.116678,-0.021376,0.138054
NCB.DE,2022-07-29,2.09,positive,Q3,0.006993,-0.002257,0.00925,0.008658,0.015435,-0.006777,0.034632,-0.038465,0.073097,0.107226,-0.019912,0.127138
TM5.DE,2022-07-29,-139.83,negative,Q1,0.005282,-0.002257,0.00754,0.027677,0.015435,0.012241,0.035116,-0.038465,0.073581,0.01235,-0.019912,0.032262
ANL.DE,2022-07-30,-40.76,negative,Q1,0.038545,0.010288,0.028257,0.035179,0.006377,0.028802,-0.093218,-0.045671,-0.047547,-0.129985,-0.015307,-0.114678
HDI.DE,2022-07-30,2.27,positive,Q3,0.00946,0.010288,-0.000827,0.005728,0.006377,-0.000649,-0.021619,-0.045671,0.024053,0.003104,-0.015307,0.018411
2M6.DE,2022-07-30,-38.0,negative,Q1,0.008154,0.010288,-0.002134,-0.000974,0.006377,-0.007351,-0.04515,-0.045671,0.000521,-0.040404,-0.015307,-0.025097
CIE1.DE,2022-07-30,-79.29,negative,Q1,0.019106,0.010288,0.008818,-0.002364,0.006377,-0.008741,-0.004727,-0.045671,0.040944,-0.047075,-0.015307,-0.031768
AUD.DE,2022-07-30,-45.71,negative,Q1,0.005446,0.010288,-0.004841,0.029126,0.006377,0.022749,-0.028416,-0.045671,0.017255,-0.009235,-0.015307,0.006072
IXD1.DE,2022-07-30,0.42,positive,Q3,0.008396,0.010288,-0.001892,0.028918,0.006377,0.022541,-0.085354,-0.045671,-0.039683,-0.008862,-0.015307,0.006445
2HP.DE,2022-07-30,-34.82,negative,Q2,0.000792,0.010288,-0.009495,-0.011093,0.006377,-0.017471,-0.030903,-0.045671,0.014768,0.042789,-0.015307,0.058096
NTA.DE,2022-07-30,-12.43,negative,Q2,0.016045,0.010288,0.005758,-0.012072,0.006377,-0.018449,0.027353,-0.045671,0.073024,-0.001528,-0.015307,0.013779
KFI1.DE,2022-07-30,-0.36,negative,Q3,-0.011673,0.010288,-0.021961,-0.023346,0.006377,-0.029724,-0.108949,-0.045671,-0.063278,-0.143969,-0.015307,-0.128662
1YD.DE,2022-07-31,-25.24,negative,Q2,0.019005,0.010288,0.008718,-0.009503,0.006377,-0.01588,-0.052972,-0.045671,-0.007301,-0.124545,-0.015307,-0.109238
12DA.DE,2022-07-31,-58.5,negative,Q1,-0.008891,0.010288,-0.019179,0.002717,0.006377,-0.003661,-0.10694,-0.045671,-0.061269,-0.095085,-0.015307,-0.079778
DT3.DE,2022-07-31,0.64,positive,Q3,0.005187,0.010288,-0.0051,0.017414,0.006377,0.011037,-0.163394,-0.045671,-0.117723,-0.013462,-0.015307,0.001845
FDO.DE,2022-07-31,16.13,positive,Q4,0.044458,0.010288,0.034171,0.001879,0.006377,-0.004499,0.015028,-0.045671,0.060699,0.252348,-0.015307,0.267655
CIS.DE,2022-07-31,-16.42,negative,Q2,0.008219,0.010288,-0.002068,-0.006725,0.006377,-0.013102,0.008219,-0.045671,0.05389,0.037111,-0.015307,0.052418
ASG.DE,2022-07-31,8.54,positive,Q4,0.004006,0.010288,-0.006281,0.009615,0.006377,0.003238,-0.016827,-0.045671,0.028844,0.036859,-0.015307,0.052166
STM.DE,2022-08-01,20.65,positive,Q5,0.024922,0.010288,0.014634,-0.042779,0.006377,-0.049156,-0.089286,-0.045671,-0.043615,-0.013344,-0.015307,0.001963
TRVC.DE,2022-08-03,38.75,positive,Q5,0.009019,-0.006496,0.015515,0.037655,0.00233,0.035325,-0.011725,-0.044824,0.033099,-0.068771,-0.02371,-0.045061
XONA.DE,2022-08-03,9.84,positive,Q4,0.005738,-0.006496,0.012234,0.03782,0.00233,0.03549,0.117371,-0.044824,0.162194,0.317684,-0.02371,0.341394
AMD.DE,2022-08-03,-73.54,negative,Q1,0.001598,-0.006496,0.008094,-0.027062,0.00233,-0.029392,-0.176753,-0.044824,-0.131929,-0.388955,-0.02371,-0.365246
SAE.DE,2022-08-03,-92.19,negative,Q1,-0.093014,-0.006496,-0.086518,-0.170525,0.00233,-0.172855,-0.438198,-0.044824,-0.393374,-0.533692,-0.02371,-0.509982
UT8.DE,2022-08-04,-399.14,negative,Q1,-0.004461,0.008381,-0.012842,-0.006055,0.016349,-0.022404,-0.064372,-0.059905,-0.004467,-0.057361,-0.023368,-0.033994
LLY.DE,2022-08-04,-37.65,negative,Q1,0.001833,0.008381,-0.006547,0.003252,0.016349,-0.013097,0.024319,-0.059905,0.084224,0.224886,-0.023368,0.248253
2QO.DE,2022-08-04,-69.1,negative,Q1,0.00674,0.008381,-0.001641,0.04198,0.016349,0.025631,-0.127864,-0.059905,-0.067959,-0.18419,-0.023368,-0.160823
PRG.DE,2022-08-05,-0.85,negative,Q3,0.001142,-0.011157,0.012299,0.017815,0.009419,0.008396,-0.027712,-0.059634,0.031922,-0.042101,-0.04073,-0.001371
ABR.DE,2022-08-08,22.04,positive,Q5,0.015721,0.012262,0.00346,0.043062,0.027717,0.015345,-0.012303,-0.045733,0.03343,-0.097061,-0.00555,-0.091511
WYR.DE,2022-08-09,-67.78,negative,Q1,0.026474,-0.000469,0.026942,0.081086,-0.005417,0.086503,-0.032967,-0.058143,0.025176,0.148851,-0.012219,0.16107
SIE.DE,2022-08-11,-219.61,negative,Q1,0.003196,0.001505,0.001692,-0.032546,-0.018218,-0.014328,-0.038164,-0.028529,-0.009635,0.034967,-0.009389,0.044356
DYH.DE,2022-08-26,-44.71,negative,Q1,-0.002188,0.005286,-0.007474,0.047212,-0.010254,0.057467,-0.024347,-0.058428,0.034081,0.002823,0.12771,-0.124888
TCO0.DE,2022-08-30,-66.79,negative,Q1,-0.019763,-0.015951,-0.003812,0.0,0.006312,-0.006312,-0.209486,-0.066959,-0.142528,-0.047431,0.120639,-0.16807
GXI.DE,2022-08-30,-28.1,negative,Q2,-0.028874,-0.015951,-0.012924,-0.034571,0.006312,-0.040882,-0.054213,-0.066959,0.012745,0.295227,0.120639,0.174588
HMSB.DE,2022-08-30,-83.73,negative,Q1,-0.044662,-0.015951,-0.028711,-0.009804,0.006312,-0.016116,-0.141612,-0.066959,-0.074654,0.029412,0.120639,-0.091227
W8A.DE,2022-08-30,-179.27,negative,Q1,-0.007266,-0.015951,0.008685,0.014531,0.006312,0.008219,-0.054491,-0.066959,0.012467,0.128468,0.120639,0.007828
YOU.DE,2022-08-30,-6.03,negative,Q3,-0.020548,-0.015951,-0.004597,-0.124658,0.006312,-0.130969,-0.320548,-0.066959,-0.253589,-0.2,0.120639,-0.320639
PCX.DE,2022-08-30,8.81,positive,Q4,0.008564,-0.015951,0.024515,0.004149,0.006312,-0.002162,-0.06436,-0.066959,0.002599,-0.048557,0.120639,-0.169196
GRM.DE,2022-08-30,36.27,positive,Q5,0.008192,-0.015951,0.024143,-0.014482,0.006312,-0.020794,0.040082,-0.066959,0.10704,0.048128,0.120639,-0.072512
FDX.DE,2022-08-30,-34.77,negative,Q2,0.003626,-0.015951,0.019577,-0.039424,0.006312,-0.045736,-0.271984,-0.066959,-0.205026,-0.195281,0.120639,-0.315921
MTE.DE,2022-08-31,-0.74,negative,Q3,0.04169,0.033257,0.008433,0.008448,0.021701,-0.013253,-0.053627,-0.040844,-0.012783,-0.033425,0.136595,-0.17002
VEE.DE,2022-09-02,-44.53,negative,Q1,0.015385,0.008672,0.006713,0.04404,0.05027,-0.006231,0.022548,-0.007076,0.029625,0.061421,0.135534,-0.074113
WMT.DE,2022-09-02,16.1,positive,Q4,-0.015557,0.008672,-0.024229,-0.000686,0.05027,-0.050957,-0.010066,-0.007076,-0.00299,0.061084,0.135534,-0.07445
ORC.DE,2022-09-13,-47.2,negative,Q1,-0.024757,-0.005476,-0.019281,-0.045936,-0.020022,-0.025914,-0.091586,-0.051613,-0.039972,0.051803,0.098145,-0.046342
SRB.DE,2022-09-13,5.83,positive,Q4,-0.001404,-0.005476,0.004072,-0.009942,-0.020022,0.010081,-0.033684,-0.051613,0.017929,0.050643,0.098145,-0.047501
AOMD.DE,2022-09-29,34.21,positive,Q5,0.005751,0.007852,-0.002101,0.008307,0.013095,-0.004788,0.245367,0.094052,0.151315,0.380192,0.161574,0.218618
AHC.DE,2022-09-29,-10.47,negative,Q2,0.070094,0.007852,0.062242,0.213071,0.013095,0.199975,0.296644,0.094052,0.202592,0.219857,0.161574,0.058283
ENL.DE,2022-09-29,-85.46,negative,Q1,0.002817,0.007852,-0.005035,-0.042254,0.013095,-0.055349,0.022535,0.094052,-0.071517,0.185915,0.161574,0.024342
TOTB.DE,2022-09-29,-31.96,negative,Q2,0.036007,0.007852,0.028155,0.089645,0.013095,0.07655,0.141296,0.094052,0.047244,0.260243,0.161574,0.09867
6D81.DE,2022-09-29,-11.93,negative,Q2,-0.00531,0.007852,-0.013162,0.025327,0.013095,0.012232,0.108047,0.094052,0.013995,0.241422,0.161574,0.079848
TIMA.DE,2022-09-29,8.65,positive,Q4,0.005917,0.007852,-0.001935,0.023213,0.013095,0.010118,-0.030041,0.094052,-0.124093,0.08193,0.161574,-0.079644
CTP2.DE,2022-09-29,-219.42,negative,Q1,-0.044665,0.007852,-0.052517,-0.001418,0.013095,-0.014513,0.03793,0.094052,-0.056122,0.075151,0.161574,-0.086423
C7C1.F,2022-09-29,-63.4,negative,Q1,0.021127,0.007852,0.013275,0.119718,0.013095,0.106623,0.070423,0.094052,-0.023629,-0.323944,0.161574,-0.485517
RPL.DE,2022-09-29,24.59,positive,Q5,0.007505,0.007852,-0.000346,0.063259,0.013095,0.050164,0.060758,0.094052,-0.033294,0.106147,0.161574,-0.055426
REP.DE,2022-09-29,-55.24,negative,Q1,0.022616,0.007852,0.014764,0.069813,0.013095,0.056718,0.166175,0.094052,0.072123,0.26942,0.161574,0.107846
KTF.DE,2022-09-29,-43.65,negative,Q1,-0.005446,0.007852,-0.013298,-0.010141,0.013095,-0.023236,0.089014,0.094052,-0.005038,0.101033,0.161574,-0.060541
AEC1.DE,2022-09-29,4.9,positive,Q4,0.001994,0.007852,-0.005857,0.008642,0.013095,-0.004453,0.071502,0.094052,-0.02255,-0.01891,0.161574,-0.180483
ABL.DE,2022-09-29,-13.41,negative,Q2,-0.030766,0.007852,-0.038618,0.041197,0.013095,0.028102,-0.010958,0.094052,-0.10501,0.025182,0.161574,-0.136392
AIR.DE,2022-09-29,1.8,positive,Q3,0.003798,0.007852,-0.004054,0.038457,0.013095,0.025362,0.232404,0.094052,0.138352,0.260534,0.161574,0.098961
NDX1.DE,2022-09-29,7.95,positive,Q4,0.018315,0.007852,0.010463,0.002442,0.013095,-0.010653,0.155067,0.094052,0.061015,0.565324,0.161574,0.40375
F3A.DE,2022-09-29,-84.83,negative,Q1,0.003761,0.007852,-0.004091,-0.031101,0.013095,-0.044196,0.060176,0.094052,-0.033876,0.008245,0.161574,-0.153328
NEM.DE,2022-09-29,1.7,positive,Q3,0.02738,0.007852,0.019528,0.04107,0.013095,0.027974,0.020749,0.094052,-0.073303,0.007914,0.161574,-0.153659
S92.DE,2022-09-29,41.36,positive,Q5,-0.01444,0.007852,-0.022291,-0.105388,0.013095,-0.118483,0.021767,0.094052,-0.072285,0.392888,0.161574,0.231314
CO3A.DE,2022-09-29,29.6,positive,Q5,0.023041,0.007852,0.01519,-0.003072,0.013095,-0.016167,0.043011,0.094052,-0.051041,0.24424,0.161574,0.082666
IFX.DE,2022-09-29,0.18,positive,Q3,0.016765,0.007852,0.008913,0.085184,0.013095,0.072088,0.08473,0.094052,-0.009322,0.263253,0.161574,0.10168
NRA.DE,2022-09-29,-58.06,negative,Q1,0.024044,0.007852,0.016192,0.070219,0.013095,0.057123,0.156557,0.094052,0.062505,-0.221038,0.161574,-0.382612
68V.DE,2022-09-29,-103.68,negative,Q1,0.006009,0.007852,-0.001843,0.097646,0.013095,0.084551,0.27341,0.094052,0.179358,0.275413,0.161574,0.11384
KGX.DE,2022-09-29,-42.71,negative,Q1,0.009989,0.007852,0.002138,-0.026814,0.013095,-0.039909,0.134069,0.094052,0.040017,0.380126,0.161574,0.218553
SOBA.DE,2022-09-29,29.03,positive,Q5,0.021489,0.007852,0.013637,-0.013814,0.013095,-0.026909,0.188795,0.094052,0.094743,0.112817,0.161574,-0.048757
FRE.DE,2022-09-29,-15.56,negative,Q2,-0.006271,0.007852,-0.014123,-0.047757,0.013095,-0.060852,0.061264,0.094052,-0.032788,0.197299,0.161574,0.035725
FB2A.DE,2022-09-29,-13.92,negative,Q2,-0.024611,0.007852,-0.032463,-0.036777,0.013095,-0.049872,-0.33324,0.094052,-0.427292,-0.215878,0.161574,-0.377451
BAS.DE,2022-09-29,-31.76,negative,Q2,0.033742,0.007852,0.02589,0.027607,0.013095,0.014512,0.147239,0.094052,0.053187,0.180982,0.161574,0.019408
EW1.DE,2022-09-29,26.87,positive,Q5,0.026661,0.007852,0.018809,0.011749,0.013095,-0.001346,0.096023,0.094052,0.001971,0.091053,0.161574,-0.070521
1COV.DE,2022-09-29,-75.73,negative,Q1,0.032837,0.007852,0.024985,0.040623,0.013095,0.027528,0.165877,0.094052,0.071825,0.248477,0.161574,0.086903
KBX.DE,2022-09-29,11.54,positive,Q4,0.030595,0.007852,0.022743,0.017586,0.013095,0.004491,0.026741,0.094052,-0.067311,0.169839,0.161574,0.008265
LEN.DE,2022-09-29,113.35,positive,Q5,0.003733,0.007852,-0.004119,-0.118759,0.013095,-0.131854,-0.135558,0.094052,-0.22961,-0.014232,0.161574,-0.175806
HAG.DE,2022-09-29,-53.66,negative,Q1,0.043413,0.007852,0.035561,0.097305,0.013095,0.08421,0.158184,0.094052,0.064132,0.08982,0.161574,-0.071753
VAS.DE,2022-09-29,-61.02,negative,Q1,0.039873,0.007852,0.032022,0.041139,0.013095,0.028044,0.255063,0.094052,0.161011,0.424684,0.161574,0.26311
XY6.DE,2022-09-29,-89.91,negative,Q1,0.001598,0.007852,-0.006254,0.004452,0.013095,-0.008644,0.139596,0.094052,0.045544,0.151581,0.161574,-0.009993
WIB.DE,2022-09-29,32.76,positive,Q5,0.009499,0.007852,0.001647,0.012665,0.013095,-0.00043,0.119789,0.094052,0.025737,0.08285,0.161574,-0.078724
LCR.DE,2022-09-29,-111.64,negative,Q1,-0.023059,0.007852,-0.03091,0.113703,0.013095,0.100607,-0.050888,0.094052,-0.14494,0.109727,0.161574,-0.051847
FPE.DE,2022-09-29,3.86,positive,Q4,-0.011319,0.007852,-0.019171,-0.022146,0.013095,-0.035241,0.081693,0.094052,-0.012359,0.246063,0.161574,0.084489
ALS.DE,2022-09-29,-79.27,negative,Q1,-0.015611,0.007852,-0.023463,0.031222,0.013095,0.018126,-0.007847,0.094052,-0.101899,0.00669,0.161574,-0.154883
2OY.DE,2022-09-29,-3.67,negative,Q3,0.016809,0.007852,0.008957,-0.000534,0.013095,-0.013629,0.044023,0.094052,-0.050029,0.055763,0.161574,-0.10581
TNE5.DE,2022-09-29,-22.22,negative,Q2,0.028369,0.007852,0.020517,-0.007092,0.013095,-0.020187,0.031915,0.094052,-0.062137,None,None,None
TLX.DE,2022-09-29,30.83,positive,Q5,0.002136,0.007852,-0.005716,0.003662,0.013095,-0.009433,0.044248,0.094052,-0.049804,0.232835,0.161574,0.071261
CGN.DE,2022-09-29,57.46,positive,Q5,0.028068,0.007852,0.020216,0.039464,0.013095,0.026369,0.148416,0.094052,0.054364,0.094493,0.161574,-0.06708
1SI.DE,2022-09-29,7.5,positive,Q4,-0.044061,0.007852,-0.051913,0.060345,0.013095,0.04725,-0.047893,0.094052,-0.141945,-0.197318,0.161574,-0.358892
PFV.DE,2022-09-29,27.89,positive,Q5,0.014098,0.007852,0.006246,0.0,0.013095,-0.013095,0.12593,0.094052,0.031878,0.357464,0.161574,0.195891
MMM.DE,2022-09-29,212.16,positive,Q5,-0.00537,0.007852,-0.013222,-0.037124,0.013095,-0.050219,0.100397,0.094052,0.006345,-0.011557,0.161574,-0.173131
UNP.DE,2022-09-29,-0.32,negative,Q3,0.0,0.007852,-0.007852,0.0,0.013095,-0.013095,-0.051091,0.094052,-0.145143,-0.061136,0.161574,-0.22271
HLAG.DE,2022-09-29,10.73,positive,Q4,0.036033,0.007852,0.028181,0.001684,0.013095,-0.011411,0.046893,0.094052,-0.047159,0.062974,0.161574,-0.0986
COZ.DE,2022-09-29,4.24,positive,Q4,0.02395,0.007852,0.016098,0.019124,0.013095,0.006029,0.069526,0.094052,-0.024526,-0.087221,0.161574,-0.248794
WMB.DE,2022-09-29,12.0,positive,Q4,0.024514,0.007852,0.016662,0.037743,0.013095,0.024648,0.128016,0.094052,0.033964,0.0607,0.161574,-0.100873
RWE.DE,2022-09-29,-73.51,negative,Q1,0.019303,0.007852,0.011451,0.034572,0.013095,0.021477,0.031979,0.094052,-0.062073,0.104293,0.161574,-0.057281
2PP.DE,2022-09-29,18.12,positive,Q4,0.009927,0.007852,0.002075,0.053971,0.013095,0.040876,-0.033204,0.094052,-0.127256,-0.247033,0.161574,-0.408607
FFV.DE,2022-09-29,-41.25,negative,Q1,0.032111,0.007852,0.024259,-0.00309,0.013095,-0.016185,-0.026602,0.094052,-0.120654,-0.100363,0.161574,-0.261936
CON.DE,2022-09-29,-162.39,negative,Q1,0.027079,0.007852,0.019227,0.043614,0.013095,0.030519,0.142104,0.094052,0.048052,0.24323,0.161574,0.081657
GTR.DE,2022-09-29,-71.82,negative,Q1,0.056093,0.007852,0.048241,0.10058,0.013095,0.087485,0.156673,0.094052,0.062621,-0.076402,0.161574,-0.237976
MTT.DE,2022-09-29,8.56,positive,Q4,0.01137,0.007852,0.003518,0.050646,0.013095,0.037551,-0.010853,0.094052,-0.104905,-0.130749,0.161574,-0.292323
SRT3.DE,2022-09-29,20.63,positive,Q5,0.054052,0.007852,0.0462,0.066117,0.013095,0.053021,0.0,0.094052,-0.094052,0.040913,0.161574,-0.12066
BAC.DE,2022-09-29,-9.16,negative,Q3,0.013444,0.007852,0.005592,-0.021767,0.013095,-0.034862,-0.021447,0.094052,-0.115499,-0.045134,0.161574,-0.206708
SKB.DE,2022-09-29,-22.22,negative,Q2,-0.001761,0.007852,-0.009612,0.007042,0.013095,-0.006053,0.117958,0.094052,0.023906,0.429577,0.161574,0.268004
CPA.DE,2022-09-29,1.07,positive,Q3,-0.014085,0.007852,-0.021936,-0.028317,0.013095,-0.041412,0.035434,0.094052,-0.058618,0.022832,0.161574,-0.138742
BMW.DE,2022-09-29,2.91,positive,Q3,0.010596,0.007852,0.002744,0.024318,0.013095,0.011223,0.136182,0.094052,0.04213,0.197672,0.161574,0.036099
VBK.DE,2022-09-29,14.15,positive,Q4,0.023177,0.007852,0.015325,0.005794,0.013095,-0.007301,0.317314,0.094052,0.223262,0.038003,0.161574,-0.123571
INP.DE,2022-09-29,119.51,positive,Q5,-0.002813,0.007852,-0.010665,-0.031997,0.013095,-0.045092,-0.001406,0.094052,-0.095458,-0.003516,0.161574,-0.16509
NOEJ.DE,2022-09-29,-47.27,negative,Q1,0.033858,0.007852,0.026006,-0.011024,0.013095,-0.024119,0.159843,0.094052,0.065791,0.247244,0.161574,0.085671
EX9.DE,2022-09-29,18.07,positive,Q4,0.039826,0.007852,0.031974,-0.01369,0.013095,-0.026785,0.038581,0.094052,-0.055471,-0.087119,0.161574,-0.248692
EOAN.DE,2022-09-29,112.86,positive,Q5,0.028571,0.007852,0.02072,-0.018571,0.013095,-0.031667,0.074286,0.094052,-0.019766,0.19,0.161574,0.028426
2X0.DE,2022-09-29,-103.74,negative,Q1,0.011814,0.007852,0.003962,0.054204,0.013095,0.041109,0.112231,0.094052,0.018179,-0.056984,0.161574,-0.218558
ABEC.DE,2022-09-29,-15.5,negative,Q2,-0.007267,0.007852,-0.015119,0.013639,0.013095,0.000543,-0.048183,0.094052,-0.142235,-0.177003,0.161574,-0.338577
DUE.DE,2022-09-29,-6.07,negative,Q3,0.00761,0.007852,-0.000241,0.086758,0.013095,0.073663,0.249112,0.094052,0.15506,0.492643,0.161574,0.33107
FRA.DE,2022-09-29,-27.49,negative,Q2,0.00242,0.007852,-0.005432,0.024738,0.013095,0.011643,0.049745,0.094052,-0.044307,0.060769,0.161574,-0.100805
BRM.DE,2022-09-29,-59.04,negative,Q1,-0.018442,0.007852,-0.026294,-0.016751,0.013095,-0.029846,0.081758,0.094052,-0.012294,-0.069003,0.161574,-0.230576
ENR.DE,2022-09-29,-42.05,negative,Q1,0.014925,0.007852,0.007074,-0.052678,0.013095,-0.065773,0.037752,0.094052,-0.0563,0.557507,0.161574,0.395933
SRT.DE,2022-09-29,20.63,positive,Q5,0.009721,0.007852,0.00187,0.01941,0.013095,0.006315,-0.033976,0.094052,-0.128028,0.082518,0.161574,-0.079056
EJT1.DE,2022-09-29,11.46,positive,Q4,0.003049,0.007852,-0.004803,-0.009146,0.013095,-0.022242,0.222561,0.094052,0.128509,0.115854,0.161574,-0.04572
W3U.DE,2022-09-29,8.37,positive,Q4,-0.002602,0.007852,-0.010454,0.030356,0.013095,0.01726,0.00954,0.094052,-0.084512,-0.034692,0.161574,-0.196266
CCC3.DE,2022-09-29,2.46,positive,Q3,-0.008964,0.007852,-0.016816,-0.03643,0.013095,-0.049525,0.045966,0.094052,-0.048086,0.040626,0.161574,-0.120948
FPE3.DE,2022-09-29,3.86,positive,Q4,0.022993,0.007852,0.015141,0.053094,0.013095,0.039998,0.115385,0.094052,0.021333,0.285953,0.161574,0.12438
VOS.DE,2022-09-29,28.92,positive,Q5,0.012637,0.007852,0.004785,0.028689,0.013095,0.015593,0.166667,0.094052,0.072615,0.259563,0.161574,0.097989
AHLA.DE,2022-09-29,-164.33,negative,Q1,-0.021678,0.007852,-0.02953,0.006085,0.013095,-0.00701,-0.219828,0.094052,-0.31388,0.008494,0.161574,-0.15308
RY4C.DE,2022-09-29,-2.47,negative,Q3,-0.004955,0.007852,-0.012807,0.010902,0.013095,-0.002193,0.163528,0.094052,0.069476,0.176412,0.161574,0.014839
R66.DE,2022-09-29,121.75,positive,Q5,0.024033,0.007852,0.016182,0.154389,0.013095,0.141294,0.256661,0.094052,0.162609,0.18221,0.161574,0.020636
VOW.DE,2022-09-29,-32.82,negative,Q2,0.000886,0.007852,-0.006965,0.008058,0.013095,-0.005037,0.025786,0.094052,-0.068266,-0.007333,0.161574,-0.168906
INN1.DE,2022-09-29,-17.5,negative,Q2,0.005587,0.007852,-0.002265,0.01676,0.013095,0.003665,0.125698,0.094052,0.031646,0.305866,0.161574,0.144292
E3X1.DE,2022-09-29,-26.33,negative,Q2,-0.020391,0.007852,-0.028243,-0.022441,0.013095,-0.035536,-0.01783,0.094052,-0.111882,-0.175428,0.161574,-0.337001
ERCB.DE,2022-09-29,-11.74,negative,Q2,0.019084,0.007852,0.011232,0.051527,0.013095,0.038432,-0.064885,0.094052,-0.158938,-0.055344,0.161574,-0.216917
GOS.DE,2022-09-29,10.9,positive,Q4,-0.002956,0.007852,-0.010808,0.010933,0.013095,-0.002163,0.136854,0.094052,0.042802,0.06061,0.161574,-0.100963
DRW8.DE,2022-09-29,-25.33,negative,Q2,0.009225,0.007852,0.001373,-0.009225,0.013095,-0.02232,-0.029115,0.094052,-0.123167,-0.023926,0.161574,-0.1855
RDO.DE,2022-09-29,-25.99,negative,Q2,0.019164,0.007852,0.011312,0.029617,0.013095,0.016522,0.047038,0.094052,-0.047014,-0.076655,0.161574,-0.238229
NMM.DE,2022-09-29,-25.08,negative,Q2,0.020738,0.007852,0.012887,0.019221,0.013095,0.006126,-0.01568,0.094052,-0.109732,0.036166,0.161574,-0.125408
ERCG.DE,2022-09-29,-11.74,negative,Q2,0.0,0.007852,-0.007852,0.0,0.013095,-0.013095,-0.073529,0.094052,-0.167581,-0.066176,0.161574,-0.22775
HAL.DE,2022-09-29,6.81,positive,Q4,0.05426,0.007852,0.046408,0.227639,0.013095,0.214544,0.428995,0.094052,0.334943,0.438321,0.161574,0.276748
NFS.DE,2022-09-29,14.17,positive,Q4,0.030454,0.007852,0.022602,0.022323,0.013095,0.009228,0.075593,0.094052,-0.018459,0.09008,0.161574,-0.071493
FAS.DE,2022-09-29,2.51,positive,Q3,0.021267,0.007852,0.013415,-0.005198,0.013095,-0.018294,0.049622,0.094052,-0.04443,-0.044423,0.161574,-0.205997
SYV.DE,2022-09-29,-248.76,negative,Q1,-0.033998,0.007852,-0.041849,0.026964,0.013095,0.013868,0.049238,0.094052,-0.044814,-0.198124,0.161574,-0.359698
RAA.DE,2022-09-29,3.96,positive,Q4,0.021979,0.007852,0.014127,0.064922,0.013095,0.051827,0.140866,0.094052,0.046814,0.119881,0.161574,-0.041693
INL.DE,2022-09-29,-33.11,negative,Q2,0.039841,0.007852,0.031989,0.000797,0.013095,-0.012298,0.090438,0.094052,-0.003614,-0.055378,0.161574,-0.216952
CAT1.DE,2022-09-29,22.6,positive,Q5,-0.011746,0.007852,-0.019598,0.055514,0.013095,0.042419,0.28907,0.094052,0.195018,0.324369,0.161574,0.162796
1WR.DE,2022-09-29,-6.8,negative,Q3,0.032809,0.007852,0.024957,0.015735,0.013095,0.00264,0.09374,0.094052,-0.000312,0.056579,0.161574,-0.104995
ABEA.DE,2022-09-29,-15.5,negative,Q2,-0.008309,0.007852,-0.016161,0.009911,0.013095,-0.003184,-0.046551,0.094052,-0.140603,-0.176995,0.161574,-0.338568
NWT.DE,2022-09-29,-20.8,negative,Q2,0.012004,0.007852,0.004152,0.022182,0.013095,0.009086,0.117432,0.094052,0.02338,-0.068372,0.161574,-0.229945
1QZ.DE,2022-09-29,-2.69,negative,Q3,-0.024617,0.007852,-0.032469,0.014446,0.013095,0.001351,0.018573,0.094052,-0.075479,-0.518721,0.161574,-0.680294
PA9.DE,2022-09-29,24.2,positive,Q5,0.01822,0.007852,0.010368,0.02625,0.013095,0.013155,0.190971,0.094052,0.096919,0.137931,0.161574,-0.023643
MVIN.DE,2022-09-29,4.62,positive,Q4,-0.029255,0.007852,-0.037107,-0.087766,0.013095,-0.100861,-0.015957,0.094052,-0.110009,-0.430851,0.161574,-0.592425
PEO.DE,2022-09-29,-2.1,negative,Q3,0.023075,0.007852,0.015223,-0.013556,0.013095,-0.026652,0.017594,0.094052,-0.076458,0.061436,0.161574,-0.100137
ZEG.DE,2022-09-29,-30.32,negative,Q2,-0.00489,0.007852,-0.012741,0.010155,0.013095,-0.00294,0.052468,0.094052,-0.041584,0.132299,0.161574,-0.029275
5G5.DE,2022-09-29,-40.76,negative,Q1,0.023622,0.007852,0.01577,0.009843,0.013095,-0.003253,0.088583,0.094052,-0.005469,-0.102362,0.161574,-0.263936
VOW3.DE,2022-09-29,-27.66,negative,Q2,0.000341,0.007852,-0.00751,0.030734,0.013095,0.017639,0.023335,0.094052,-0.070717,0.067957,0.161574,-0.093617
LHA.DE,2022-09-29,45.67,positive,Q5,-0.035185,0.007852,-0.043037,0.022222,0.013095,0.009127,0.172222,0.094052,0.07817,0.325926,0.161574,0.164352
WDP.DE,2022-09-29,-84.04,negative,Q1,-0.017199,0.007852,-0.025051,0.006654,0.013095,-0.006441,0.078829,0.094052,-0.015223,-0.168919,0.161574,-0.330492
DC7.DE,2022-09-29,-0.79,negative,Q3,0.026489,0.007852,0.018637,0.025357,0.013095,0.012261,0.133914,0.094052,0.039862,-0.017319,0.161574,-0.178893
48Z.DE,2022-09-29,-46.84,negative,Q1,0.031606,0.007852,0.023754,0.050253,0.013095,0.037158,0.12579,0.094052,0.031738,0.158344,0.161574,-0.00323
IC2.DE,2022-09-29,-124.8,negative,Q1,0.014053,0.007852,0.006201,-0.010261,0.013095,-0.023356,0.041267,0.094052,-0.052785,0.05242,0.161574,-0.109153
HNM.DE,2022-09-29,26.84,positive,Q5,0.020642,0.007852,0.01279,-0.030046,0.013095,-0.043141,0.036124,0.094052,-0.057928,-0.070413,0.161574,-0.231986
HAR.DE,2022-09-29,27.27,positive,Q5,0.012231,0.007852,0.004379,-0.00961,0.013095,-0.022705,0.1788,0.094052,0.084748,0.054455,0.161574,-0.107118
BOY.DE,2022-09-29,15.03,positive,Q4,-0.016129,0.007852,-0.023981,0.026882,0.013095,0.013787,0.155914,0.094052,0.061862,0.266129,0.161574,0.104555
NWO.DE,2022-09-29,8.57,positive,Q4,0.011269,0.007852,0.003417,0.003207,0.013095,-0.009888,0.025832,0.094052,-0.06822,0.245926,0.161574,0.084352
RAW.DE,2022-09-29,163.41,positive,Q5,0.012585,0.007852,0.004733,0.026137,0.013095,0.013042,0.162633,0.094052,0.068581,0.265247,0.161574,0.103673
FIV.DE,2022-09-29,-55.84,negative,Q1,0.015632,0.007852,0.00778,0.053147,0.013095,0.040052,0.084202,0.094052,-0.00985,-0.007295,0.161574,-0.168868
T6A.DE,2022-09-29,-55.5,negative,Q1,-0.0097,0.007852,-0.017552,0.042328,0.013095,0.029233,0.035273,0.094052,-0.058779,-0.261023,0.161574,-0.422596
SHA.DE,2022-09-29,71.08,positive,Q5,0.034826,0.007852,0.026974,0.062189,0.013095,0.049094,0.124378,0.094052,0.030326,0.390547,0.161574,0.228974
USX1.DE,2022-09-29,-4.57,negative,Q3,0.037353,0.007852,0.029501,0.028282,0.013095,0.015187,0.079509,0.094052,-0.014543,0.245464,0.161574,0.083891
U9RA.DE,2022-09-29,16.88,positive,Q4,-0.056782,0.007852,-0.064634,0.029968,0.013095,0.016873,0.011041,0.094052,-0.083011,0.304416,0.161574,0.142843
VTSC.DE,2022-09-29,-231.53,negative,Q1,0.023041,0.007852,0.01519,0.091966,0.013095,0.07887,0.081948,0.094052,-0.012105,0.098778,0.161574,-0.062796
SOW.DE,2022-09-29,-158.82,negative,Q1,-0.018652,0.007852,-0.026504,-0.075456,0.013095,-0.088551,-0.064434,0.094052,-0.158486,0.024163,0.161574,-0.137411
2FE.DE,2022-09-29,5.13,positive,Q4,-0.01199,0.007852,-0.019842,-0.009645,0.013095,-0.02274,0.042257,0.094052,-0.051795,0.058457,0.161574,-0.103117
OHB.DE,2022-09-29,7.24,positive,Q4,0.009935,0.007852,0.002083,-0.013018,0.013095,-0.026113,-0.065776,0.094052,-0.159828,0.059267,0.161574,-0.102307
BNR.DE,2022-09-29,0.63,positive,Q3,0.016405,0.007852,0.008553,-0.005821,0.013095,-0.018916,-0.014994,0.094052,-0.109046,-0.036867,0.161574,-0.198441
2KD.DE,2022-09-29,-11.04,negative,Q2,0.025657,0.007852,0.017805,0.040676,0.013095,0.027581,0.083229,0.094052,-0.010823,0.002503,0.161574,-0.15907
CHV.DE,2022-09-29,18.84,positive,Q5,0.032365,0.007852,0.024514,0.126674,0.013095,0.113579,0.228494,0.094052,0.134442,0.13163,0.161574,-0.029944
8TI.DE,2022-09-29,-44.49,negative,Q1,0.019669,0.007852,0.011817,0.004141,0.013095,-0.008954,0.111801,0.094052,0.017749,0.091097,0.161574,-0.070476
SDF.DE,2022-09-29,-38.75,negative,Q1,0.039443,0.007852,0.031591,0.080046,0.013095,0.066951,0.152552,0.094052,0.0585,-0.031903,0.161574,-0.193476
ADV.DE,2022-09-29,-93.73,negative,Q1,0.027313,0.007852,0.019461,0.023411,0.013095,0.010316,0.096433,0.094052,0.002381,0.162207,0.161574,0.000634
HS2.DE,2022-09-29,-3.45,negative,Q3,0.029041,0.007852,0.02119,0.026967,0.013095,0.013872,0.025189,0.094052,-0.068863,0.118388,0.161574,-0.043186
COK.DE,2022-09-29,-52.14,negative,Q1,0.020046,0.007852,0.012194,0.006834,0.013095,-0.006261,0.028246,0.094052,-0.065806,0.138952,0.161574,-0.022621
SWF.DE,2022-09-29,-65.59,negative,Q1,0.024421,0.007852,0.016569,0.009629,0.013095,-0.003466,0.004047,0.094052,-0.090005,-0.087217,0.161574,-0.248791
SGL.DE,2022-09-29,-18.18,negative,Q2,0.026667,0.007852,0.018815,0.023333,0.013095,0.010238,0.198333,0.094052,0.104281,0.176667,0.161574,0.015093
BPE5.DE,2022-09-29,-132.45,negative,Q1,0.031401,0.007852,0.023549,0.082126,0.013095,0.06903,0.13285,0.094052,0.038798,0.115942,0.161574,-0.045632
HOT.DE,2022-09-29,-6.13,negative,Q3,0.002555,0.007852,-0.005297,-0.023229,0.013095,-0.036324,0.101045,0.094052,0.006993,0.084321,0.161574,-0.077253
JEN.DE,2022-09-29,-25.37,negative,Q2,0.023578,0.007852,0.015726,0.024603,0.013095,0.011508,0.09226,0.094052,-0.001792,0.263455,0.161574,0.101881
DTE.DE,2022-09-29,-4.28,negative,Q3,0.020729,0.007852,0.012877,0.006281,0.013095,-0.006814,0.095477,0.094052,0.001425,0.090452,0.161574,-0.071121
VWSB.DE,2022-09-29,-360.55,negative,Q1,-0.023659,0.007852,-0.031511,-0.02103,0.013095,-0.034126,0.043113,0.094052,-0.050939,0.428496,0.161574,0.266923
QCI.DE,2022-09-29,-18.81,negative,Q2,0.003933,0.007852,-0.003919,0.057349,0.013095,0.044254,0.004299,0.094052,-0.089753,-0.122199,0.161574,-0.283772
AG1.DE,2022-09-29,-2.98,negative,Q3,0.001546,0.007852,-0.006306,-0.063369,0.013095,-0.076465,0.054096,0.094052,-0.039956,0.216383,0.161574,0.05481
RWL.DE,2022-09-29,-1.65,negative,Q3,0.044378,0.007852,0.036526,0.043472,0.013095,0.030377,0.174699,0.094052,0.080646,0.10663,0.161574,-0.054943
TII.DE,2022-09-29,4.51,positive,Q4,0.000617,0.007852,-0.007235,0.039424,0.013095,0.026329,0.014056,0.094052,-0.079996,-0.036064,0.161574,-0.197638
UTDI.DE,2022-09-29,20.03,positive,Q5,0.033735,0.007852,0.025883,-0.019277,0.013095,-0.032372,-0.01747,0.094052,-0.111522,-0.003012,0.161574,-0.164586
LXS.DE,2022-09-29,2.43,positive,Q3,0.053504,0.007852,0.045652,0.057991,0.013095,0.044896,0.138764,0.094052,0.044712,0.262686,0.161574,0.101112
ADS.DE,2022-09-29,-86.74,negative,Q1,0.001026,0.007852,-0.006826,-0.027878,0.013095,-0.040973,-0.167351,0.094052,-0.261403,0.079956,0.161574,-0.081618
AUS.DE,2022-09-29,230.0,positive,Q5,0.006006,0.007852,-0.001846,0.003003,0.013095,-0.010092,-0.071171,0.094052,-0.165223,-0.044444,0.161574,-0.206018
SYAB.DE,2022-09-29,17.04,positive,Q4,-0.015498,0.007852,-0.023349,-0.038336,0.013095,-0.051431,0.026101,0.094052,-0.067951,-0.098695,0.161574,-0.260268
AK3.DE,2022-09-29,-44.32,negative,Q1,0.041021,0.007852,0.033169,0.052619,0.013095,0.039524,0.091686,0.094052,-0.002366,-0.029545,0.161574,-0.191118
BCY.DE,2022-09-29,18.35,positive,Q5,0.013514,0.007852,0.005662,-0.006757,0.013095,-0.019852,0.047297,0.094052,-0.046755,0.101351,0.161574,-0.060222
ENI.DE,2022-09-29,78.34,positive,Q5,0.050691,0.007852,0.042839,0.080645,0.013095,0.06755,0.21659,0.094052,0.122538,0.209677,0.161574,0.048104
639.DE,2022-09-29,-3.79,negative,Q3,-0.022359,0.007852,-0.030211,-0.001322,0.013095,-0.014417,-0.09197,0.094052,-0.186023,-0.182399,0.161574,-0.343972
BOSS.DE,2022-09-29,6.33,positive,Q4,-0.008985,0.007852,-0.016837,0.010557,0.013095,-0.002538,-0.02965,0.094052,-0.123702,0.128482,0.161574,-0.033092
YCP.DE,2022-09-29,4.89,positive,Q4,0.044203,0.007852,0.036351,0.175862,0.013095,0.162767,0.219116,0.094052,0.125064,0.03724,0.161574,-0.124333
EVK.DE,2022-09-29,-13.53,negative,Q2,0.019553,0.007852,0.011701,-0.011872,0.013095,-0.024967,0.081704,0.094052,-0.012348,0.048184,0.161574,-0.113389
LEG.DE,2022-09-29,19.71,positive,Q5,0.018976,0.007852,0.011124,-0.024721,0.013095,-0.037817,0.077646,0.094052,-0.016406,0.008879,0.161574,-0.152695
UNH.DE,2022-09-29,2.53,positive,Q3,-0.010062,0.007852,-0.017914,-0.014235,0.013095,-0.02733,0.066003,0.094052,-0.02805,-0.053185,0.161574,-0.214759
8GM.DE,2022-09-29,21.47,positive,Q5,-0.004905,0.007852,-0.012757,0.027897,0.013095,0.014802,0.176272,0.094052,0.08222,-0.087983,0.161574,-0.249556
6MK.DE,2022-09-29,-24.71,negative,Q2,-0.006758,0.007852,-0.014609,0.012409,0.013095,-0.000686,0.148298,0.094052,0.054246,0.178523,0.161574,0.01695
MLB1.DE,2022-09-29,4.47,positive,Q4,0.006081,0.007852,-0.001771,0.04681,0.013095,0.033715,0.031436,0.094052,-0.062616,-0.074575,0.161574,-0.236149
CVS.DE,2022-09-29,-230.11,negative,Q1,-0.009339,0.007852,-0.017191,-0.038269,0.013095,-0.051364,-0.025285,0.094052,-0.119337,-0.115376,0.161574,-0.276949
KHNZ.DE,2022-09-29,-36.94,negative,Q2,0.005483,0.007852,-0.002369,-0.005826,0.013095,-0.018921,0.14462,0.094052,0.050568,0.125771,0.161574,-0.035802
CMC.DE,2022-09-29,8.11,positive,Q4,-0.001795,0.007852,-0.009647,0.005185,0.013095,-0.00791,0.180875,0.094052,0.086823,0.150264,0.161574,-0.011309
BLQA.DE,2022-09-29,30.79,positive,Q5,0.00468,0.007852,-0.003172,-0.016964,0.013095,-0.030059,0.144758,0.094052,0.050706,0.175286,0.161574,0.013712
OMV.DE,2022-09-29,19.2,positive,Q5,0.016517,0.007852,0.008665,0.059309,0.013095,0.046214,0.236862,0.094052,0.14281,0.285661,0.161574,0.124087
NOA3.DE,2022-09-29,-18.65,negative,Q2,0.017544,0.007852,0.009692,0.027569,0.013095,0.014474,0.02005,0.094052,-0.074002,0.0,0.161574,-0.161574
BMW3.DE,2022-09-29,2.91,positive,Q3,0.005866,0.007852,-0.001986,0.010449,0.013095,-0.002646,0.11659,0.094052,0.022538,0.195784,0.161574,0.03421
WDC.DE,2022-09-29,-77.5,negative,Q1,0.022559,0.007852,0.014707,0.139679,0.013095,0.126583,0.075093,0.094052,-0.018959,-0.088072,0.161574,-0.249645
SNW.DE,2022-09-29,-62.86,negative,Q1,0.013951,0.007852,0.006099,0.023155,0.013095,0.01006,0.110887,0.094052,0.016835,0.15878,0.161574,-0.002793
TPE.DE,2022-09-29,-2.7,negative,Q3,0.027279,0.007852,0.019427,0.063207,0.013095,0.050112,0.131071,0.094052,0.037019,0.255489,0.161574,0.093915
0Q3.DE,2022-09-29,-44.08,negative,Q1,0.029614,0.007852,0.021762,0.008953,0.013095,-0.004142,0.109504,0.094052,0.015452,-0.186639,0.161574,-0.348213
LOM.DE,2022-09-29,1.18,positive,Q3,0.016837,0.007852,0.008985,0.029025,0.013095,0.01593,0.231595,0.094052,0.137543,0.154892,0.161574,-0.006682
XGR2.DE,2022-09-29,-2.31,negative,Q3,0.0,0.007852,-0.007852,0.0,0.013095,-0.013095,0.038677,0.094052,-0.055375,0.067176,0.161574,-0.094398
HCL.DE,2022-09-29,-65.74,negative,Q1,0.046914,0.007852,0.039062,0.069136,0.013095,0.056041,0.128395,0.094052,0.034343,0.279012,0.161574,0.117439
ZOE.DE,2022-09-29,-8.73,negative,Q3,-0.008012,0.007852,-0.015864,0.011016,0.013095,-0.002079,-0.008212,0.094052,-0.102264,-0.100681,0.161574,-0.262255
O3P.DE,2022-09-29,30.18,positive,Q5,0.023976,0.007852,0.016124,0.020052,0.013095,0.006957,0.057105,0.094052,-0.036947,0.09939,0.161574,-0.062184
DHL.DE,2022-09-29,-7.34,negative,Q3,0.015914,0.007852,0.008062,-0.008142,0.013095,-0.021237,0.15396,0.094052,0.059908,0.141007,0.161574,-0.020567
1U1.DE,2022-09-29,11.51,positive,Q4,0.033532,0.007852,0.02568,-0.014158,0.013095,-0.027253,-0.016393,0.094052,-0.110445,-0.139344,0.161574,-0.300918
DRW3.DE,2022-09-29,-25.33,negative,Q2,-0.001257,0.007852,-0.009108,-0.012817,0.013095,-0.025912,-0.049007,0.094052,-0.143059,0.016336,0.161574,-0.145238
BAYN.DE,2022-09-29,-50.8,negative,Q1,0.011306,0.007852,0.003454,0.000222,0.013095,-0.012874,0.122368,0.094052,0.028316,0.038351,0.161574,-0.123223
HNR1.DE,2022-09-29,12.61,positive,Q4,-0.002567,0.007852,-0.010419,0.002282,0.013095,-0.010813,0.068739,0.094052,-0.025313,0.212065,0.161574,0.050491
GBF.DE,2022-09-29,-1.58,negative,Q3,0.003874,0.007852,-0.003978,0.010762,0.013095,-0.002333,0.092983,0.094052,-0.001069,0.06285,0.161574,-0.098724
KMY.DE,2022-09-29,-4.08,negative,Q3,-0.018577,0.007852,-0.026429,-0.027436,0.013095,-0.040532,0.073259,0.094052,-0.020793,0.104697,0.161574,-0.056877
SHL.DE,2022-09-29,-5.76,negative,Q3,0.014068,0.007852,0.006216,0.011683,0.013095,-0.001412,0.051979,0.094052,-0.042073,0.065808,0.161574,-0.095765
PAE.DE,2022-09-29,11.85,positive,Q4,0.030062,0.007852,0.02221,0.051563,0.013095,0.038468,0.141947,0.094052,0.047895,0.11527,0.161574,-0.046304
MRK.DE,2022-09-29,-19.7,negative,Q2,0.007223,0.007852,-0.000629,0.005088,0.013095,-0.008008,-0.010803,0.094052,-0.104855,0.097419,0.161574,-0.064155
JNP.DE,2022-09-29,-25.99,negative,Q2,0.014688,0.007852,0.006837,0.026598,0.013095,0.013503,0.15919,0.094052,0.065138,0.124653,0.161574,-0.036921
MDO.DE,2022-09-29,4.18,positive,Q4,0.000815,0.007852,-0.007037,0.000181,0.013095,-0.012914,0.153554,0.094052,0.059502,0.053191,0.161574,-0.108382
ALD.DE,2022-09-29,6.36,positive,Q4,0.003078,0.007852,-0.004774,0.026348,0.013095,0.013253,0.177542,0.094052,0.08349,0.153164,0.161574,-0.008409
WAF.DE,2022-09-29,27.69,positive,Q5,0.021339,0.007852,0.013487,0.033481,0.013095,0.020385,0.082414,0.094052,-0.011638,0.199043,0.161574,0.03747
FMC1.DE,2022-09-29,-185.49,negative,Q1,0.003205,0.007852,-0.004647,0.064103,0.013095,0.051007,0.160256,0.094052,0.066204,-0.080128,0.161574,-0.241702
AXJ.DE,2022-09-29,-33.75,negative,Q2,0.014544,0.007852,0.006692,0.058176,0.013095,0.045081,0.138365,0.094052,0.044313,-0.001179,0.161574,-0.162753
FPMB.DE,2022-09-29,58.32,positive,Q5,0.028654,0.007852,0.020803,0.039536,0.013095,0.026441,0.117519,0.094052,0.023467,0.256801,0.161574,0.095227
BFSA.DE,2022-09-29,114.04,positive,Q5,0.044251,0.007852,0.036399,0.014286,0.013095,0.001191,0.126132,0.094052,0.03208,0.439024,0.161574,0.277451
EBA.DE,2022-09-29,-113.85,negative,Q1,-0.015478,0.007852,-0.02333,0.035931,0.013095,0.022836,0.045053,0.094052,-0.049,-0.021559,0.161574,-0.183132
PCE1.DE,2022-09-29,-14.92,negative,Q2,-0.014712,0.007852,-0.022564,-0.002432,0.013095,-0.015528,0.093486,0.094052,-0.000566,0.089085,0.161574,-0.072489
AZ2.DE,2022-09-29,10.75,positive,Q4,-0.004649,0.007852,-0.012501,0.012913,0.013095,-0.000182,0.081095,0.094052,-0.012957,0.234504,0.161574,0.072931
AIXA.DE,2022-09-29,-26.09,negative,Q2,0.020868,0.007852,0.013016,0.070534,0.013095,0.057439,-0.001669,0.094052,-0.095721,0.114357,0.161574,-0.047216
BM8.DE,2022-09-29,-199.84,negative,Q1,0.016144,0.007852,0.008292,0.041744,0.013095,0.028648,0.011185,0.094052,-0.082867,0.111508,0.161574,-0.050065
NOV.DE,2022-09-29,3.27,positive,Q3,0.028571,0.007852,0.02072,0.047412,0.013095,0.034317,0.087371,0.094052,-0.006681,0.244306,0.161574,0.082733
FNTN.DE,2022-09-29,240.01,positive,Q5,0.019436,0.007852,0.011584,-0.023824,0.013095,-0.03692,0.023824,0.094052,-0.070228,0.062069,0.161574,-0.099505
UB5.DE,2022-09-29,6.84,positive,Q4,0.006846,0.007852,-0.001006,None,None,None,0.035018,0.094052,-0.059034,-0.016588,0.161574,-0.178161
UPAB.DE,2022-09-29,4.48,positive,Q4,-0.025626,0.007852,-0.033478,0.001845,0.013095,-0.011251,0.004084,0.094052,-0.089968,-0.010935,0.161574,-0.172509
CBHD.DE,2022-09-30,2.65,positive,Q3,0.020645,0.037758,-0.017112,-0.023031,0.005198,-0.028229,0.092748,0.09249,0.000258,0.073763,0.140392,-0.066629
KLA.DE,2022-09-30,16.06,positive,Q4,0.023859,0.037758,-0.013899,-0.002321,0.005198,-0.007519,0.011994,0.09249,-0.080497,0.092436,0.140392,-0.047956
SZG.DE,2022-09-30,26.47,positive,Q5,0.062304,0.037758,0.024546,0.046597,0.005198,0.041399,0.139267,0.09249,0.046777,0.405236,0.140392,0.264844
PUM.DE,2022-09-30,-10.09,negative,Q2,0.060349,0.037758,0.022591,-0.015646,0.005198,-0.020844,-0.023916,0.09249,-0.116406,0.191998,0.140392,0.051606
RHM.DE,2022-09-30,7.32,positive,Q4,-0.044582,0.037758,-0.08234,-0.08667,0.005198,-0.091868,0.024754,0.09249,-0.067737,0.15204,0.140392,0.011649
KEL.DE,2022-09-30,-1.6,negative,Q3,0.001653,0.037758,-0.036105,0.011238,0.005198,0.00604,0.079326,0.09249,-0.013165,-0.057842,0.140392,-0.198233
CRIN.DE,2022-09-30,80.86,positive,Q5,0.02439,0.037758,-0.013367,0.019956,0.005198,0.014758,0.162971,0.09249,0.070481,0.233925,0.140392,0.093533
IBE1.DE,2022-09-30,3.09,positive,Q3,0.022883,0.037758,-0.014874,-0.025172,0.005198,-0.030369,0.06865,0.09249,-0.023841,0.127002,0.140392,-0.013389
SII.DE,2022-09-30,105.45,positive,Q5,0.026108,0.037758,-0.011649,-0.026108,0.005198,-0.031306,-0.017001,0.09249,-0.109491,0.094414,0.140392,-0.045978
ERT.DE,2022-09-30,7.14,positive,Q4,0.019805,0.037758,-0.017952,0.041557,0.005198,0.03636,0.057808,0.09249,-0.034683,-0.061363,0.140392,-0.201754
I8R.DE,2022-09-30,-476.62,negative,Q1,-0.01563,0.037758,-0.053388,0.006252,0.005198,0.001055,-0.006773,0.09249,-0.099264,-0.222126,0.140392,-0.362517
QIA.DE,2022-09-30,-18.08,negative,Q2,0.021346,0.037758,-0.016412,-0.026682,0.005198,-0.03188,0.035963,0.09249,-0.056528,0.093271,0.140392,-0.04712
TKA.DE,2022-09-30,78.55,positive,Q5,0.092417,0.037758,0.05466,0.06872,0.005198,0.063523,0.163507,0.09249,0.071017,0.248815,0.140392,0.108423
ADM.DE,2022-09-30,28.77,positive,Q5,0.027611,0.037758,-0.010146,0.074563,0.005198,0.069366,0.195278,0.09249,0.102788,0.057756,0.140392,-0.082635
DBK.DE,2022-09-30,23.91,positive,Q5,0.057225,0.037758,0.019467,0.044349,0.005198,0.039151,0.274678,0.09249,0.182188,0.387697,0.140392,0.247305
DWD.DE,2022-09-30,-3.23,negative,Q3,0.012878,0.037758,-0.024879,-0.00822,0.005198,-0.013418,0.042061,0.09249,-0.05043,-0.022606,0.140392,-0.162998
P911.DE,2022-09-30,4.84,positive,Q4,0.069562,0.037758,0.031804,0.067283,0.005198,0.062086,0.270875,0.09249,0.178385,0.158424,0.140392,0.018032
BSD2.DE,2022-09-30,4.5,positive,Q4,0.078704,0.037758,0.040946,0.013889,0.005198,0.008691,0.097222,0.09249,0.004732,0.166667,0.140392,0.026275
DTG.DE,2022-09-30,17.0,positive,Q4,0.030564,0.037758,-0.007194,0.021968,0.005198,0.01677,0.150907,0.09249,0.058417,0.203916,0.140392,0.063524
GIS.DE,2022-09-30,0.0,negative,Q3,0.030426,0.037758,-0.007331,0.0559,0.005198,0.050702,0.278259,0.09249,0.185769,0.27366,0.140392,0.133268
MUV2.DE,2022-09-30,248.63,positive,Q5,0.040169,0.037758,0.002412,-0.003242,0.005198,-0.00844,0.096911,0.09249,0.00442,0.232775,0.140392,0.092383
PAH3.DE,2022-09-30,-67.63,negative,Q1,0.051507,0.037758,0.013749,0.006311,0.005198,0.001113,0.002036,0.09249,-0.090455,-0.106474,0.140392,-0.246866
HRS.DE,2022-09-30,-146.56,negative,Q1,0.014034,0.037758,-0.023724,0.065859,0.005198,0.060661,0.115624,0.09249,0.023134,-0.118977,0.140392,-0.259369
ITB.DE,2022-09-30,-59.7,negative,Q1,0.00464,0.037758,-0.033117,0.064965,0.005198,0.059768,0.151392,0.09249,0.058902,0.099768,0.140392,-0.040624
ELG.DE,2022-09-30,14.85,positive,Q4,0.047594,0.037758,0.009837,0.026268,0.005198,0.02107,0.16827,0.09249,0.07578,0.345124,0.140392,0.204732
JST.DE,2022-09-30,-14.86,negative,Q2,0.028554,0.037758,-0.009203,0.008031,0.005198,0.002833,0.187388,0.09249,0.094898,0.429209,0.140392,0.288817
TMV.DE,2022-09-30,-48.34,negative,Q1,0.054931,0.037758,0.017174,-0.024969,0.005198,-0.030166,0.214732,0.09249,0.122241,0.50437,0.140392,0.363978
KC4.DE,2022-09-30,-6.0,negative,Q3,0.035379,0.037758,-0.002378,-0.016349,0.005198,-0.021547,0.053069,0.09249,-0.039422,0.209863,0.140392,0.069472
VFP.DE,2022-09-30,-140.94,negative,Q1,0.045885,0.037758,0.008127,-0.036417,0.005198,-0.041614,-0.047342,0.09249,-0.139832,-0.143846,0.140392,-0.284237
G1A.DE,2022-09-30,12.8,positive,Q4,0.03861,0.037758,0.000852,0.009009,0.005198,0.003811,0.07529,0.09249,-0.017201,0.146718,0.140392,0.006326
SGM.DE,2022-09-30,14.42,positive,Q4,0.053757,0.037758,0.015999,0.009117,0.005198,0.003919,-0.019491,0.09249,-0.111981,0.013518,0.140392,-0.126874
DMP.DE,2022-09-30,2.63,positive,Q3,0.029901,0.037758,-0.007856,0.017489,0.005198,0.012292,0.011566,0.09249,-0.080925,-0.016079,0.140392,-0.156471
1TY.DE,2022-09-30,-68.41,negative,Q1,0.043745,0.037758,0.005987,-0.014309,0.005198,-0.019507,-0.098528,0.09249,-0.191019,0.204824,0.140392,0.064432
AMG.DE,2022-09-30,-10.53,negative,Q2,0.001095,0.037758,-0.036662,0.019524,0.005198,0.014326,0.182429,0.09249,0.089938,0.065143,0.140392,-0.075249
KIN2.DE,2022-09-30,-10.83,negative,Q2,0.018617,0.037758,-0.019141,-0.039894,0.005198,-0.045091,-0.047872,0.09249,-0.140363,-0.021277,0.140392,-0.161668
MBG.DE,2022-09-30,15.41,positive,Q4,0.037984,0.037758,0.000226,-0.017678,0.005198,-0.022876,0.116101,0.09249,0.023611,0.158863,0.140392,0.018471
HBC1.DE,2022-09-30,-50.72,negative,Q1,0.038202,0.037758,0.000445,-0.013483,0.005198,-0.018681,0.0,0.09249,-0.09249,0.080899,0.140392,-0.059493
IES.DE,2022-09-30,10.86,positive,Q4,-0.037037,0.037758,-0.074795,0.0,0.005198,-0.005198,0.103704,0.09249,0.011213,0.207407,0.140392,0.067016
SHA0.DE,2022-09-30,73.64,positive,Q5,0.023077,0.037758,-0.014681,0.010256,0.005198,0.005059,0.120513,0.09249,0.028022,0.330769,0.140392,0.190378
EBO.DE,2022-09-30,9.65,positive,Q4,0.07169,0.037758,0.033933,0.045526,0.005198,0.040328,0.112507,0.09249,0.020016,0.329147,0.140392,0.188755
MOR.DE,2022-09-30,-75.61,negative,Q1,0.012013,0.037758,-0.025744,-0.074483,0.005198,-0.079681,-0.052379,0.09249,-0.144869,-0.365209,0.140392,-0.505601
FMV.DE,2022-09-30,-229.11,negative,Q1,0.047904,0.037758,0.010147,-0.002395,0.005198,-0.007593,0.043114,0.09249,-0.049377,-0.058683,0.140392,-0.199074
ALV.DE,2022-09-30,36.05,positive,Q5,0.035064,0.037758,-0.002694,0.020579,0.005198,0.015382,0.141044,0.09249,0.048554,0.243654,0.140392,0.103262
CBK.DE,2022-09-30,-86.13,negative,Q1,0.047128,0.037758,0.009371,0.013255,0.005198,0.008057,0.129602,0.09249,0.037112,0.210604,0.140392,0.070212
JNJ.DE,2022-10-01,-34.39,negative,Q2,0.00936,-0.012099,0.021459,0.005415,-0.035534,0.040949,0.053082,0.04627,0.006812,0.022329,0.110397,-0.088068
ASME.DE,2022-10-01,14.1,positive,Q4,-0.004709,-0.012099,0.00739,-0.114504,-0.035534,-0.078971,0.00319,0.04627,-0.043079,0.098574,0.110397,-0.011823
PFE.DE,2022-10-01,9.15,positive,Q4,-0.003189,-0.012099,0.00891,-0.033218,-0.035534,0.002316,0.066702,0.04627,0.020432,0.086633,0.110397,-0.023764
AHOG.DE,2022-10-01,-0.84,negative,Q3,-0.015665,-0.012099,-0.003566,0.027519,-0.035534,0.063053,0.067316,0.04627,0.021046,0.007197,0.110397,-0.103199
GDX.DE,2022-10-01,3.73,positive,Q4,0.021354,-0.012099,0.033453,0.050638,-0.035534,0.086172,0.126403,0.04627,0.080134,0.045287,0.110397,-0.065109
TCO0.DE,2022-10-05,5.66,positive,Q4,0.004975,-0.015859,0.020835,0.039801,-0.009238,0.049039,0.159204,0.079311,0.079893,0.18408,0.161979,0.022101
2HQ.DE,2022-10-07,-29.98,negative,Q2,-0.018868,-0.004293,-0.014575,0.056604,0.030644,0.02596,0.213836,0.11536,0.098476,-0.141509,0.190425,-0.331935
SZU.DE,2022-10-13,-13.64,negative,Q2,0.028736,0.016982,0.011754,0.036398,0.023564,0.012834,0.173372,0.150789,0.022582,0.367816,0.210687,0.157129
PRG.DE,2022-10-19,1.9,positive,Q3,-0.002473,-0.00286,0.000387,0.014096,0.034762,-0.020666,0.051274,0.130367,-0.079093,0.045009,0.189106,-0.144097
NFC.DE,2022-10-20,45.87,positive,Q5,0.015929,0.015753,0.000176,0.047434,0.040251,0.007183,-0.011327,0.12953,-0.140857,0.049204,0.17198,-0.122776
4I1.DE,2022-10-20,-0.72,negative,Q3,0.0,0.015753,-0.015753,0.027059,0.040251,-0.013192,0.075033,0.12953,-0.054497,0.086405,0.17198,-0.085575
TL0.DE,2022-10-24,-4.71,negative,Q3,0.024072,0.010944,0.013128,0.045894,0.021894,0.024,-0.217998,0.105312,-0.32331,-0.418763,0.157052,-0.575814
IBM.DE,2022-10-25,-297.78,negative,Q1,0.004473,0.001169,0.003304,0.040847,0.004617,0.03623,0.077137,0.101832,-0.024694,-0.018314,0.14378,-0.162094
5UR.DE,2022-10-25,-17.24,negative,Q2,0.010912,0.001169,0.009743,0.061363,0.004617,0.056746,0.035903,0.101832,-0.065929,-0.008096,0.14378,-0.151876
3V64.DE,2022-10-25,0.53,positive,Q3,-0.001499,0.001169,-0.002668,0.008546,0.004617,0.003928,0.006297,0.101832,-0.095535,0.010195,0.14378,-0.133586
MSF.DE,2022-10-25,2.13,positive,Q3,-0.030773,0.001169,-0.031941,-0.032257,0.004617,-0.036874,0.019948,0.101832,-0.081884,-0.0512,0.14378,-0.194981
4PN.DE,2022-10-26,135.38,positive,Q5,0.017549,0.00243,0.015119,0.050756,-0.006134,0.05689,0.108531,0.100683,0.007848,0.037527,0.141577,-0.10405
UWS.DE,2022-10-26,1.94,positive,Q3,-0.011492,0.00243,-0.013922,0.014907,-0.006134,0.021041,-0.010638,0.100683,-0.111322,-0.1228,0.141577,-0.264377
AMZ.DE,2022-10-27,28.2,positive,Q5,0.021856,0.000786,0.02107,-0.098351,0.016349,-0.1147,-0.095569,0.086083,-0.181653,-0.106795,0.142677,-0.249472
PHM7.DE,2022-10-27,-90.54,negative,Q1,-0.002181,0.000786,-0.002967,-0.024264,0.016349,-0.040613,-0.067067,0.086083,-0.15315,-0.102236,0.142677,-0.244913
TM5.DE,2022-10-27,33.22,positive,Q5,0.001302,0.000786,0.000516,-0.017469,0.016349,-0.033819,-0.040214,0.086083,-0.126297,-0.098513,0.142677,-0.241191
4AB.DE,2022-10-27,-37.81,negative,Q1,-0.009445,0.000786,-0.010231,-0.020553,0.016349,-0.036902,0.034986,0.086083,-0.051098,-0.074127,0.142677,-0.216804
NCB.DE,2022-10-28,11.96,positive,Q4,0.00772,0.006413,0.001306,0.01247,0.02111,-0.008639,-0.022565,0.083124,-0.10569,-0.098575,0.143076,-0.241651
AUD.DE,2022-10-30,-46.22,negative,Q1,0.000231,-0.006148,0.006378,-0.104819,0.02624,-0.131059,-0.130828,0.07934,-0.210168,-0.109615,0.133996,-0.243611
ANL.DE,2022-10-30,-29.5,negative,Q2,0.012874,-0.006148,0.019021,0.02662,0.02624,0.00038,0.095934,0.07934,0.016594,0.083933,0.133996,-0.050063
HDI.DE,2022-10-30,3.12,positive,Q3,0.001534,-0.006148,0.007681,-0.029467,0.02624,-0.055707,0.02545,0.07934,-0.05389,-0.014496,0.133996,-0.148492
2M6.DE,2022-10-30,-74.81,negative,Q1,0.0,-0.006148,0.006148,-0.081879,0.02624,-0.108119,-0.160269,0.07934,-0.23961,-0.134596,0.133996,-0.268592
IXD1.DE,2022-10-30,-0.5,negative,Q3,-0.00419,-0.006148,0.001958,0.011639,0.02624,-0.014601,0.066108,0.07934,-0.013232,0.222067,0.133996,0.088071
7HP.DE,2022-10-30,-100.19,negative,Q1,-0.006741,-0.006148,-0.000593,0.034893,0.02624,0.008653,-0.000793,0.07934,-0.080133,-0.040048,0.133996,-0.174044
FME.DE,2022-10-31,16.18,positive,Q4,0.030172,-0.006148,0.03632,0.028997,0.02624,0.002757,0.072492,0.07934,-0.006848,0.26685,0.133996,0.132853
FDO.DE,2022-10-31,113.14,positive,Q5,-0.058022,-0.006148,-0.051875,-0.068618,0.02624,-0.094858,0.073663,0.07934,-0.005677,0.035822,0.133996,-0.098174
SAE.DE,2022-10-31,-92.19,negative,Q1,-0.022163,-0.006148,-0.016016,0.037012,0.02624,0.010772,-0.062057,0.07934,-0.141397,0.407801,0.133996,0.273805
12DA.DE,2022-10-31,-79.36,negative,Q1,-0.003256,-0.006148,0.002892,0.031199,0.02624,0.004959,0.063483,0.07934,-0.015857,-0.052089,0.133996,-0.186085
AWC.DE,2022-10-31,8.44,positive,Q4,-0.012408,-0.006148,-0.006261,-0.043391,0.02624,-0.069631,-0.005647,0.07934,-0.084987,0.003121,0.133996,-0.130876
DT3.DE,2022-10-31,0.83,positive,Q3,-0.024342,-0.006148,-0.018194,-0.00025,0.02624,-0.02649,-0.100612,0.07934,-0.179952,-0.143303,0.133996,-0.277299
CIS.DE,2022-10-31,-22.13,negative,Q2,0.0,-0.006148,0.006148,-0.026397,0.02624,-0.052637,0.014744,0.07934,-0.064596,-0.02497,0.133996,-0.158966
LLY.DE,2022-11-01,-15.9,negative,Q2,0.012511,-0.009546,0.022057,0.010195,0.030896,-0.020701,-0.027507,0.093052,-0.120559,-0.131887,0.141176,-0.273063
UT8.DE,2022-11-02,-249.15,negative,Q1,-0.026644,0.025107,-0.051751,-0.045194,0.077371,-0.122565,-0.094098,0.106564,-0.200661,-0.036762,0.156171,-0.192933
AMD.DE,2022-11-02,-94.1,negative,Q1,-0.00304,0.025107,-0.028147,0.05904,0.077371,-0.018331,0.14512,0.106564,0.038556,0.18272,0.156171,0.026549
XONA.DE,2022-11-02,21.57,positive,Q5,-0.016487,0.025107,-0.041594,-0.04946,0.077371,-0.126832,-0.069578,0.106564,-0.176142,-0.066928,0.156171,-0.223099
2QO.DE,2022-11-03,-28.19,negative,Q2,0.011838,0.005473,0.006364,0.071716,0.056836,0.014879,0.061717,0.073386,-0.011669,0.121135,0.152256,-0.03112
ABR.DE,2022-11-03,22.67,positive,Q5,0.034822,0.005473,0.029349,0.129447,0.056836,0.072611,0.140045,0.073386,0.06666,0.280091,0.152256,0.127835
TRVC.DE,2022-11-04,26.39,positive,Q5,0.014078,0.01147,0.002608,0.057051,0.057618,-0.000567,-0.05878,0.059827,-0.118607,0.054334,0.143563,-0.089228
WYR.DE,2022-11-09,-61.75,negative,Q1,0.054702,0.005568,0.049133,0.08921,0.008503,0.080707,0.205998,0.015879,0.190118,0.420886,0.089492,0.331394
MLP.DE,2022-11-10,66.67,positive,Q5,0.015766,0.006217,0.009548,0.0,0.014552,-0.014552,-0.009009,0.005748,-0.014757,0.051802,0.091288,-0.039486
NNGF.DE,2022-11-10,34.58,positive,Q5,0.004376,0.006217,-0.001841,0.026258,0.014552,0.011706,0.039387,0.005748,0.033639,0.039387,0.091288,-0.051901
STM.DE,2022-11-11,65.32,positive,Q5,-0.019805,0.004556,-0.024361,-0.014246,0.004655,-0.018901,-0.016678,0.012896,-0.029575,-0.01025,0.069493,-0.079744
SIE.DE,2022-11-17,1.81,positive,Q3,-0.025672,-0.003598,-0.022074,-0.003352,0.007589,-0.010941,-0.033848,-0.033883,3.4e-05,0.144796,0.076344,0.068452
5CV.DE,2022-11-17,3.1,positive,Q3,-0.008951,-0.003598,-0.005353,-0.070332,0.007589,-0.077921,-0.189258,-0.033883,-0.155376,0.070332,0.076344,-0.006011
VNA.DE,2022-11-23,1.59,positive,Q3,-0.007841,0.000125,-0.007966,-0.04797,-0.003388,-0.044582,-0.108856,-0.041173,-0.067684,0.006458,0.057757,-0.051299
DYH.DE,2022-11-23,-29.68,negative,Q2,-0.008656,0.000125,-0.008781,-0.010274,-0.003388,-0.006886,-0.161084,-0.041173,-0.119911,0.005067,0.057757,-0.05269
0S6.DE,2022-11-29,74.99,positive,Q5,-0.004096,0.006478,-0.010574,-0.139273,-0.009436,-0.129837,-0.101382,-0.032885,-0.068497,0.327701,0.067243,0.260458
AT1.DE,2022-11-29,34.64,positive,Q5,0.013043,0.006478,0.006566,-0.030435,-0.009436,-0.020999,-0.052174,-0.032885,-0.019289,0.065217,0.067243,-0.002026
NTA.DE,2022-11-29,156.3,positive,Q5,-0.000328,0.006478,-0.006806,-0.0796,-0.009436,-0.070164,-0.135894,-0.032885,-0.103008,-0.046283,0.067243,-0.113526
2HP.DE,2022-11-29,-141.57,negative,Q1,0.040743,0.006478,0.034266,-0.010722,-0.009436,-0.001286,-0.029307,-0.032885,0.003579,-0.031451,0.067243,-0.098694
HMSB.DE,2022-11-30,-130.22,negative,Q1,0.042487,0.002698,0.039789,-0.035233,-0.015579,-0.019654,-0.068394,-0.029057,-0.039337,0.097409,0.056225,0.041184
WMT.DE,2022-12-01,-149.76,negative,Q1,-0.007506,-0.005629,-0.001877,-0.037101,-0.010921,-0.02618,-0.065409,-0.023932,-0.041476,-0.085782,0.05494,-0.140722
VEE.DE,2022-12-01,-37.31,negative,Q2,-0.100797,-0.005629,-0.095168,-0.092388,-0.010921,-0.081467,-0.164085,-0.023932,-0.140153,-0.088626,0.05494,-0.143566
CSC.DE,2022-12-07,-39.23,negative,Q1,-0.011316,0.007442,-0.018758,-0.00139,-0.019512,0.018122,-0.019456,0.037034,-0.05649,-0.05678,0.095854,-0.152633
1YD.DE,2022-12-08,-24.52,negative,Q2,-0.009074,-0.00446,-0.004615,-0.001412,-0.033238,0.031826,0.003025,0.028104,-0.02508,0.168582,0.087852,0.080731
CIE1.DE,2022-12-08,402.37,positive,Q5,0.001649,-0.00446,0.006109,-0.053586,-0.033238,-0.020348,-0.000206,0.028104,-0.02831,-0.026175,0.087852,-0.114026
AFX.DE,2022-12-09,30.68,positive,Q5,-0.023082,0.013369,-0.03645,-0.091604,-0.025426,-0.066178,0.033296,0.044824,-0.011528,0.065707,0.078379,-0.012672
ORC.DE,2022-12-13,-46.46,negative,Q1,-0.021188,-0.032778,0.011589,-0.002548,-0.025061,0.022513,0.066381,0.043313,0.023067,0.032721,0.053431,-0.020711
B4B.DE,2022-12-14,-53.85,negative,Q1,0.022727,-0.006661,0.029388,0.084225,-0.005159,0.089384,0.161765,0.082067,0.079698,-0.07754,0.053555,-0.131095
TUI1.DE,2022-12-14,268.42,positive,Q5,-0.001214,-0.006661,0.005447,-0.01699,-0.005159,-0.011831,0.270631,0.082067,0.188564,0.075243,0.053555,0.021688
GRM.DE,2022-12-20,-5.78,negative,Q3,0.026869,-0.013034,0.039903,0.011148,-0.001851,0.012999,-0.085036,0.066375,-0.151411,-0.040875,0.07785,-0.118725
FDX.DE,2022-12-20,8.89,positive,Q4,-0.016882,-0.013034,-0.003848,0.019237,-0.001851,0.021088,0.056075,0.066375,-0.010299,0.271151,0.07785,0.193301
NDA.DE,2022-12-21,227.55,positive,Q5,0.023868,0.00193,0.021938,-0.018958,0.000684,-0.019642,0.213993,0.085444,0.128549,0.097654,0.093583,0.004071
PCX.DE,2022-12-22,3.71,positive,Q4,-0.006644,0.003886,-0.010529,0.003669,0.009205,-0.005536,0.000297,0.082647,-0.08235,-0.080813,0.09106,-0.171873
AZ2.DE,2022-12-30,22.41,positive,Q5,0.0112,0.00799,0.003211,0.032756,0.051429,-0.018673,0.021555,0.075271,-0.053716,0.245139,0.103285,0.141855
HMI.DE,2022-12-30,14.08,positive,Q4,-0.005093,0.00799,-0.013083,0.096091,0.051429,0.044662,0.164344,0.075271,0.089073,0.253107,0.103285,0.149822
HNK1.DE,2022-12-30,4.24,positive,Q4,0.018191,0.00799,0.010201,0.046325,0.051429,-0.005104,0.042202,0.075271,-0.033069,0.109508,0.103285,0.006223
GOB.DE,2022-12-30,-14.19,negative,Q2,0.027072,0.00799,0.019082,0.151601,0.051429,0.100172,0.136064,0.075271,0.060793,0.127354,0.103285,0.024069
BPE5.DE,2022-12-30,107.27,positive,Q5,-0.002146,0.00799,-0.010136,-0.012876,0.051429,-0.064305,0.01073,0.075271,-0.064542,0.075107,0.103285,-0.028177
BSN.DE,2022-12-30,-80.32,negative,Q1,0.006219,0.00799,-0.00177,-0.01155,0.051429,-0.06298,0.011328,0.075271,-0.063943,0.142159,0.103285,0.038874
REP.DE,2022-12-30,-41.36,negative,Q1,-0.074047,0.00799,-0.082037,-0.047654,0.051429,-0.099083,-0.027126,0.075271,-0.102397,-0.08651,0.103285,-0.189795
VAS.DE,2022-12-30,-11.88,negative,Q2,0.006106,0.00799,-0.001884,0.075447,0.051429,0.024018,0.189272,0.075271,0.114001,0.238116,0.103285,0.134831
SQU.DE,2022-12-30,8.81,positive,Q4,0.000237,0.00799,-0.007753,0.049237,0.051429,-0.002193,0.09007,0.075271,0.014799,0.109007,0.103285,0.005722
WIB.DE,2022-12-30,17.83,positive,Q4,0.039225,0.00799,0.031235,0.11477,0.051429,0.063341,0.218402,0.075271,0.143131,0.176755,0.103285,0.073471
CAR.DE,2022-12-30,41.35,positive,Q5,0.0,0.00799,-0.00799,0.058252,0.051429,0.006823,0.100075,0.075271,0.024803,0.150112,0.103285,0.046827
VWSB.DE,2022-12-30,-426.21,negative,Q1,0.003733,0.00799,-0.004257,0.010825,0.051429,-0.040604,-0.013438,0.075271,-0.088709,-0.017917,0.103285,-0.121202
JNJ.DE,2022-12-30,-25.64,negative,Q2,-0.002485,0.00799,-0.010475,-0.013406,0.051429,-0.064835,-0.114439,0.075271,-0.18971,-0.156879,0.103285,-0.260164
6D81.DE,2022-12-30,-75.26,negative,Q1,-0.011476,0.00799,-0.019465,0.041862,0.051429,-0.009567,0.01988,0.075271,-0.055391,-0.003394,0.103285,-0.106679
RNL.DE,2022-12-30,-15.92,negative,Q2,0.019562,0.00799,0.011572,0.096796,0.051429,0.045367,0.146712,0.075271,0.07144,0.149747,0.103285,0.046462
RRU.DE,2022-12-30,102.75,positive,Q5,0.045872,0.00799,0.037882,0.082569,0.051429,0.03114,0.137615,0.075271,0.062343,0.541284,0.103285,0.438
AIL.DE,2022-12-30,-10.95,negative,Q2,-0.006591,0.00799,-0.014581,0.062313,0.051429,0.010884,0.077805,0.075271,0.002534,0.125567,0.103285,0.022282
RPL.DE,2022-12-30,0.21,positive,Q3,0.013029,0.00799,0.00504,0.007492,0.051429,-0.043937,-0.051792,0.075271,-0.127063,-0.113029,0.103285,-0.216314
ABEC.DE,2022-12-30,-11.09,negative,Q2,-0.011745,0.00799,-0.019735,-0.016678,0.051429,-0.068108,0.060019,0.075271,-0.015252,0.080691,0.103285,-0.022594
GUI.DE,2022-12-30,-46.75,negative,Q1,0.009742,0.00799,0.001752,0.014481,0.051429,-0.036948,-0.024223,0.075271,-0.099494,0.007636,0.103285,-0.095649
639.DE,2022-12-30,-4.05,negative,Q3,0.0216,0.00799,0.01361,0.068267,0.051429,0.016838,0.362133,0.075271,0.286862,0.5944,0.103285,0.491115
ERCB.DE,2022-12-30,-17.38,negative,Q2,0.0,0.00799,-0.00799,0.008048,0.051429,-0.043381,-0.05835,0.075271,-0.133621,-0.034205,0.103285,-0.13749
ASME.DE,2022-12-30,6.24,positive,Q4,0.015202,0.00799,0.007212,0.141644,0.051429,0.090215,0.172809,0.075271,0.097538,0.217113,0.103285,0.113828
JDE.DE,2022-12-30,-35.86,negative,Q2,0.012161,0.00799,0.004171,0.015403,0.051429,-0.036026,0.026753,0.075271,-0.048518,-0.010539,0.103285,-0.113824
RIO1.DE,2022-12-30,-30.88,negative,Q2,0.003765,0.00799,-0.004224,0.03891,0.051429,-0.012519,0.082661,0.075271,0.00739,-0.047158,0.103285,-0.150443
FPE.DE,2022-12-30,1.92,positive,Q3,0.014096,0.00799,0.006106,0.044244,0.051429,-0.007185,0.072435,0.075271,-0.002836,0.10415,0.103285,0.000866
LOR.DE,2022-12-30,-9.77,negative,Q2,0.018124,0.00799,0.010134,0.086759,0.051429,0.03533,0.123287,0.075271,0.048016,0.205282,0.103285,0.101997
ZEG.DE,2022-12-30,-57.38,negative,Q1,0.019515,0.00799,0.011525,0.0382,0.051429,-0.01323,-0.064607,0.075271,-0.139878,-0.002906,0.103285,-0.106191
RY4C.DE,2022-12-30,0.11,positive,Q3,0.033505,0.00799,0.025515,0.16323,0.051429,0.111801,0.221649,0.075271,0.146378,0.213058,0.103285,0.109774
SRT3.DE,2022-12-30,32.74,positive,Q5,0.011051,0.00799,0.003061,0.115905,0.051429,0.064476,0.192033,0.075271,0.116761,0.193967,0.103285,0.090683
PER.DE,2022-12-30,5.94,positive,Q4,0.01384,0.00799,0.00585,0.018187,0.051429,-0.033242,0.029822,0.075271,-0.045449,0.120637,0.103285,0.017352
NGLB.DE,2022-12-30,-59.42,negative,Q1,0.00264,0.00799,-0.00535,0.094456,0.051429,0.043027,0.056615,0.075271,-0.018656,-0.155764,0.103285,-0.259049
RAW.DE,2022-12-30,3.28,positive,Q4,0.023592,0.00799,0.015602,0.067732,0.051429,0.016303,0.0586,0.075271,-0.016671,-0.070015,0.103285,-0.1733
I8R.DE,2022-12-30,16.53,positive,Q4,0.017333,0.00799,0.009344,0.003111,0.051429,-0.048318,-0.072444,0.075271,-0.147716,-0.110444,0.103285,-0.213729
RDEB.DE,2022-12-30,-14.8,negative,Q2,0.008932,0.00799,0.000942,0.017458,0.051429,-0.033971,0.046285,0.075271,-0.028986,0.137637,0.103285,0.034352
2FE.DE,2022-12-30,0.83,positive,Q3,0.010422,0.00799,0.002433,0.070326,0.051429,0.018897,0.132254,0.075271,0.056983,0.222869,0.103285,0.119584
MOH.DE,2022-12-30,-3.09,negative,Q3,0.029185,0.00799,0.021195,0.102394,0.051429,0.050964,0.162811,0.075271,0.08754,0.202617,0.103285,0.099332
BOY.DE,2022-12-30,0.63,positive,Q3,0.023207,0.00799,0.015217,0.092827,0.051429,0.041398,0.126582,0.075271,0.051311,0.154008,0.103285,0.050724
SND.DE,2022-12-30,-13.28,negative,Q2,0.008415,0.00799,0.000425,0.087084,0.051429,0.035655,0.11463,0.075271,0.039359,0.154243,0.103285,0.050958
ERCG.DE,2022-12-30,-17.28,negative,Q2,0.0,0.00799,-0.00799,0.0,0.051429,-0.051429,0.007874,0.075271,-0.067397,None,None,None
BCY.DE,2022-12-30,4.19,positive,Q4,0.012048,0.00799,0.004058,0.066265,0.051429,0.014836,0.13253,0.075271,0.057259,-0.090361,0.103285,-0.193646
TOTB.DE,2022-12-30,-58.74,negative,Q1,-0.003725,0.00799,-0.011715,-0.015291,0.051429,-0.06672,-0.036659,0.075271,-0.111931,-0.069202,0.103285,-0.172487
ENI.DE,2022-12-30,-75.25,negative,Q1,0.024568,0.00799,0.016578,0.041856,0.051429,-0.009573,0.046406,0.075271,-0.028865,-0.026388,0.103285,-0.129672
PPX.DE,2022-12-30,-20.97,negative,Q2,0.012223,0.00799,0.004233,0.078011,0.051429,0.026581,0.188699,0.075271,0.113427,0.240827,0.103285,0.137543
SGM.DE,2022-12-30,17.14,positive,Q4,0.007707,0.00799,-0.000283,0.119914,0.051429,0.068485,0.305487,0.075271,0.230216,0.4627,0.103285,0.359416
AG1.DE,2022-12-30,-10.52,negative,Q2,0.055624,0.00799,0.047634,0.07911,0.051429,0.027681,-0.08529,0.075271,-0.160562,-0.206428,0.103285,-0.309712
NOA3.DE,2022-12-30,313.64,positive,Q5,0.0,0.00799,-0.00799,0.034739,0.051429,-0.01669,-0.014888,0.075271,-0.09016,0.009926,0.103285,-0.093359
DHL.DE,2022-12-30,7.54,positive,Q4,0.006716,0.00799,-0.001274,0.051167,0.051429,-0.000262,0.09338,0.075271,0.018109,0.181004,0.103285,0.077719
DRW3.DE,2022-12-30,-21.82,negative,Q2,0.02023,0.00799,0.012241,0.034315,0.051429,-0.017114,-0.022535,0.075271,-0.097806,-0.004866,0.103285,-0.10815
U9RA.DE,2022-12-30,195.7,positive,Q5,-0.007051,0.00799,-0.01504,0.038778,0.051429,-0.012651,0.179788,0.075271,0.104517,-0.096357,0.103285,-0.199642
AUS.DE,2022-12-30,79.79,positive,Q5,0.003062,0.00799,-0.004928,0.037661,0.051429,-0.013768,-0.048377,0.075271,-0.123648,-0.134415,0.103285,-0.2377
AXA.DE,2022-12-30,-83.18,negative,Q1,-0.023851,0.00799,-0.031841,0.002602,0.051429,-0.048827,0.043365,0.075271,-0.031906,0.032958,0.103285,-0.070327
UN0.DE,2022-12-30,128.27,positive,Q5,0.022508,0.00799,0.014518,-0.111254,0.051429,-0.162683,-0.082958,0.075271,-0.158229,0.100322,0.103285,-0.002963
NOV.DE,2022-12-30,3.51,positive,Q4,0.022565,0.00799,0.014575,0.004646,0.051429,-0.046783,0.008462,0.075271,-0.066809,0.152315,0.103285,0.04903
CBHD.DE,2022-12-31,-4.19,negative,Q3,0.036369,0.021796,0.014572,-0.008743,0.04181,-0.050553,-0.004,0.070448,-0.074448,0.066133,0.102045,-0.035912
O3P.DE,2022-12-31,-0.97,negative,Q3,0.003084,0.021796,-0.018712,0.058597,0.04181,0.016787,0.071704,0.070448,0.001256,0.10717,0.102045,0.005125
BMT.DE,2022-12-31,6.58,positive,Q4,-0.001317,0.021796,-0.023113,-0.057275,0.04181,-0.099084,-0.075379,0.070448,-0.145827,-0.132324,0.102045,-0.234369
KLA.DE,2022-12-31,3.04,positive,Q3,0.011559,0.021796,-0.010237,0.080857,0.04181,0.039048,0.026343,0.070448,-0.044105,0.027882,0.102045,-0.074163
1N8.DE,2022-12-31,-14.02,negative,Q2,0.01482,0.021796,-0.006976,0.021696,0.04181,-0.020114,0.094882,0.070448,0.024434,0.110313,0.102045,0.008268
CRIN.DE,2022-12-31,134.13,positive,Q5,0.031034,0.021796,0.009238,0.064655,0.04181,0.022846,0.301724,0.070448,0.231276,0.250862,0.102045,0.148817
IBE1.DE,2022-12-31,24.51,positive,Q5,0.0,0.021796,-0.021796,-0.002024,0.04181,-0.043834,-0.004049,0.070448,-0.074497,0.068826,0.102045,-0.033219
QIA.DE,2022-12-31,-15.72,negative,Q2,0.006794,0.021796,-0.015002,0.000849,0.04181,-0.04096,-0.046072,0.070448,-0.11652,-0.10828,0.102045,-0.210325
AIR.DE,2022-12-31,21.71,positive,Q5,0.008934,0.021796,-0.012862,0.004605,0.04181,-0.037204,0.012434,0.070448,-0.058014,0.076817,0.102045,-0.025228
BMW3.DE,2022-12-31,-11.52,negative,Q2,0.016534,0.021796,-0.005263,0.038629,0.04181,-0.00318,0.088982,0.070448,0.018534,0.155719,0.102045,0.053674
BSD2.DE,2022-12-31,4.25,positive,Q4,0.034884,0.021796,0.013087,0.05814,0.04181,0.01633,0.135659,0.070448,0.065211,0.193798,0.102045,0.091753
EBO.DE,2022-12-31,18.81,positive,Q5,0.026687,0.021796,0.004891,0.035074,0.04181,-0.006735,0.106748,0.070448,0.0363,-0.0122,0.102045,-0.114245
ENL.DE,2022-12-31,181.52,positive,Q5,0.027714,0.021796,0.005917,0.048499,0.04181,0.006689,0.036951,0.070448,-0.033496,0.108545,0.102045,0.0065
IES.DE,2022-12-31,40.68,positive,Q5,0.154321,0.021796,0.132525,0.067901,0.04181,0.026092,0.179012,0.070448,0.108564,0.141975,0.102045,0.03993
HBC1.DE,2022-12-31,12.31,positive,Q4,0.022044,0.021796,0.000248,0.058116,0.04181,0.016307,0.118236,0.070448,0.047788,0.07014,0.102045,-0.031905
INN1.DE,2022-12-31,-0.71,negative,Q3,0.021627,0.021796,-0.000169,0.027806,0.04181,-0.014003,0.128733,0.070448,0.058285,-0.083419,0.102045,-0.185464
KC4.DE,2022-12-31,5.87,positive,Q4,0.015016,0.021796,-0.00678,0.02198,0.04181,-0.019829,0.014581,0.070448,-0.055867,0.006964,0.102045,-0.095081
UNVB.DE,2022-12-31,55.0,positive,Q5,0.010502,0.021796,-0.011295,0.0,0.04181,-0.04181,-0.022637,0.070448,-0.093085,0.011435,0.102045,-0.09061
NVJP.DE,2022-12-31,-7.63,negative,Q3,0.009071,0.021796,-0.012725,0.028151,0.04181,-0.013658,-0.003128,0.070448,-0.073576,-0.094776,0.102045,-0.196821
OEWA.DE,2022-12-31,-4.08,negative,Q3,-0.049428,0.021796,-0.071224,-0.069082,0.04181,-0.110891,0.0,0.070448,-0.070448,0.019067,0.102045,-0.082978
HEN.DE,2022-12-31,-1.04,negative,Q3,0.005722,0.021796,-0.016074,0.0,0.04181,-0.04181,0.007332,0.070448,-0.063116,0.097461,0.102045,-0.004584
HAG.DE,2022-12-31,-57.33,negative,Q1,0.008471,0.021796,-0.013326,0.019171,0.04181,-0.022639,0.169416,0.070448,0.098968,0.443156,0.102045,0.341111
OMV.DE,2022-12-31,-41.88,negative,Q1,-0.027294,0.021796,-0.04909,-0.019744,0.04181,-0.061554,-0.069106,0.070448,-0.139554,-0.129501,0.102045,-0.231546
AHOG.DE,2023-01-01,39.8,positive,Q5,0.010179,0.021796,-0.011617,0.010993,0.04181,-0.030816,0.004479,0.070448,-0.065969,0.150244,0.102045,0.048199
W8A.DE,2023-01-05,-487.83,negative,Q1,-0.004383,0.012513,-0.016896,-0.01416,0.032615,-0.046775,-0.009103,0.050369,-0.059472,-0.029332,0.062296,-0.091629
2HQ.DE,2023-01-09,-30.95,negative,Q2,0.058366,0.01173,0.046635,0.143969,0.027918,0.116051,0.116732,0.043145,0.073587,-0.097276,0.0596,-0.156877
YOU.DE,2023-01-10,-23.15,negative,Q2,0.048495,0.007385,0.04111,0.063545,0.015647,0.047898,0.01505,0.038501,-0.023451,-0.150502,0.050555,-0.201057
SZU.DE,2023-01-12,19.3,positive,Q5,-0.005279,0.00315,-0.008429,0.003771,-0.00351,0.007281,-0.003017,0.020602,-0.023619,0.037707,0.04779,-0.010082
TRVC.DE,2023-01-13,11.21,positive,Q4,0.003397,0.003504,-0.000107,0.028876,-0.002054,0.030931,0.039796,0.016289,0.023507,-0.012376,0.043312,-0.055688
BLQA.DE,2023-01-13,1.58,positive,Q3,-0.019292,0.003504,-0.022796,-0.025298,-0.002054,-0.023243,-0.02729,0.016289,-0.043579,-0.082124,0.043312,-0.125436
CMC.DE,2023-01-13,20.21,positive,Q5,-0.013362,0.003504,-0.016866,-0.040329,-0.002054,-0.038275,0.008555,0.016289,-0.007734,-0.027212,0.043312,-0.070524
NWT.DE,2023-01-13,24.82,positive,Q5,0.008356,0.003504,0.004852,0.019137,-0.002054,0.021192,0.126954,0.016289,0.110665,-0.069003,0.043312,-0.112315
UNH.DE,2023-01-13,-3.31,negative,Q3,-0.001202,0.003504,-0.004706,-0.010237,-0.002054,-0.008183,0.007048,0.016289,-0.009241,0.024518,0.043312,-0.018794
NCB.DE,2023-01-13,12.76,positive,Q4,-0.021523,0.003504,-0.025027,-0.033444,-0.002054,-0.031389,0.023179,0.016289,0.00689,-0.151656,0.043312,-0.194968
DWD.DE,2023-01-17,5.98,positive,Q4,-0.033776,-0.017221,-0.016556,-0.029803,-0.006597,-0.023205,0.052527,0.023175,0.029352,-0.08233,0.04699,-0.12932
GOS.DE,2023-01-17,-33.65,negative,Q2,-0.007847,-0.017221,0.009374,-0.024439,-0.006597,-0.017842,0.071155,0.023175,0.04798,-0.06005,0.04699,-0.10704
2KD.DE,2023-01-18,-3.41,negative,Q3,-0.009798,0.007587,-0.017385,-0.016534,0.014242,-0.030776,-0.044091,0.037643,-0.081733,-0.09553,0.058686,-0.154215
185.DE,2023-01-18,-175.29,negative,Q1,-0.012661,0.007587,-0.020248,-0.017682,0.014242,-0.031923,-0.043222,0.037643,-0.080865,-0.219821,0.058686,-0.278507
SUSE.DE,2023-01-19,9.52,positive,Q4,0.036062,0.004616,0.031447,0.038986,0.007747,0.031239,0.102339,0.029533,0.072806,-0.089669,0.056414,-0.146082
NFC.DE,2023-01-19,-77.79,negative,Q1,0.054984,0.004616,0.050368,0.078778,0.007747,0.071031,0.054019,0.029533,0.024486,-0.054662,0.056414,-0.111076
DC7.DE,2023-01-19,3.23,positive,Q3,0.039698,0.004616,0.035082,0.116505,0.007747,0.108758,0.066019,0.029533,0.036486,-0.008091,0.056414,-0.064504
FAS.DE,2023-01-19,1.17,positive,Q3,0.001962,0.004616,-0.002654,0.032859,0.007747,0.025112,0.127023,0.029533,0.09749,0.126042,0.056414,0.069628
PRG.DE,2023-01-19,-0.68,negative,Q3,-0.003742,0.004616,-0.008358,-0.016108,0.007747,-0.023855,-0.009844,0.029533,-0.039377,0.090791,0.056414,0.034377
68V.DE,2023-01-23,-55.14,negative,Q1,-0.02917,-0.00076,-0.02841,0.014585,0.00233,0.012255,-0.007853,0.018963,-0.026816,-0.064697,0.051614,-0.116311
UNP.DE,2023-01-24,-4.25,negative,Q3,-0.001339,0.003396,-0.004734,0.030964,0.006571,0.024394,-0.005355,0.026128,-0.031483,-0.029568,0.047348,-0.076916
JNJ.DE,2023-01-24,-47.37,negative,Q1,0.009193,0.003396,0.005797,-0.025012,0.006571,-0.031583,-0.030428,0.026128,-0.056556,-0.036699,0.047348,-0.084048
MMM.DE,2023-01-24,-50.86,negative,Q1,0.0,0.003396,-0.003396,0.00742,0.006571,0.000849,0.001791,0.026128,-0.024337,-0.081105,0.047348,-0.128454
FFV.DE,2023-01-24,-49.08,negative,Q1,0.015279,0.003396,0.011883,0.025464,0.006571,0.018893,0.015728,0.026128,-0.0104,-0.113616,0.047348,-0.160964
5UR.DE,2023-01-24,-22.84,negative,Q2,0.020066,0.003396,0.016671,-0.004367,0.006571,-0.010938,0.049693,0.026128,0.023565,-0.012984,0.047348,-0.060332
HAL.DE,2023-01-24,7.37,positive,Q4,0.037599,0.003396,0.034203,0.053669,0.006571,0.047098,-0.038811,0.026128,-0.064939,-0.154033,0.047348,-0.201381
PA9.DE,2023-01-24,1.26,positive,Q3,0.007232,0.003396,0.003836,-0.037124,0.006571,-0.043695,-0.001446,0.026128,-0.027574,-0.080877,0.047348,-0.128226
BAC.DE,2023-01-24,30.63,positive,Q5,0.001649,0.003396,-0.001747,0.035938,0.006571,0.029367,-0.008902,0.026128,-0.03503,-0.070557,0.047348,-0.117906
TII.DE,2023-01-24,7.57,positive,Q4,-0.00577,0.003396,-0.009166,0.030913,0.006571,0.024342,0.004603,0.026128,-0.021525,-0.053651,0.047348,-0.100999
PAE.DE,2023-01-24,77.54,positive,Q5,0.015821,0.003396,0.012426,0.00212,0.006571,-0.004451,0.031153,0.026128,0.005025,-0.014516,0.047348,-0.061865
MSF.DE,2023-01-24,-4.67,negative,Q3,0.028614,0.003396,0.025219,0.035698,0.006571,0.029127,0.093301,0.026128,0.067174,0.236936,0.047348,0.189588
LOM.DE,2023-01-24,-0.72,negative,Q3,0.027787,0.003396,0.024392,0.021767,0.006571,0.015196,0.089908,0.026128,0.06378,0.021767,0.047348,-0.025581
ADP.DE,2023-01-25,0.55,positive,Q3,-0.022946,0.001135,-0.024081,-0.030812,0.024869,-0.055681,-0.002405,0.005081,-0.007486,-0.03978,0.044116,-0.083896
FPMB.DE,2023-01-25,44.69,positive,Q5,0.009567,0.001135,0.008432,-0.026183,0.024869,-0.051052,-0.088872,0.005081,-0.093953,-0.182779,0.044116,-0.226895
AHC.DE,2023-01-25,-1.32,negative,Q3,-0.003189,0.001135,-0.004324,-0.094621,0.024869,-0.11949,-0.101553,0.005081,-0.106634,-0.119298,0.044116,-0.163414
NFS.DE,2023-01-25,-0.93,negative,Q3,-0.001574,0.001135,-0.002709,0.063397,0.024869,0.038528,-0.034585,0.005081,-0.039666,-0.168964,0.044116,-0.21308
GDX.DE,2023-01-25,0.6,positive,Q3,-0.002169,0.001135,-0.003304,0.034598,0.024869,0.009728,0.037926,0.005081,0.032845,-0.066976,0.044116,-0.111092
IBM.DE,2023-01-25,-18.15,negative,Q2,0.000272,0.001135,-0.000863,0.005449,0.024869,-0.01942,0.007265,0.005081,0.002184,-0.063936,0.044116,-0.108052
TL0.DE,2023-01-25,-5.43,negative,Q3,0.09388,0.001135,0.092745,0.235115,0.024869,0.210246,0.284686,0.005081,0.279605,-0.006923,0.044116,-0.051039
ABL.DE,2023-01-25,-36.76,negative,Q2,-0.001768,0.001135,-0.002903,0.0026,0.024869,-0.022269,-0.064268,0.005081,-0.069349,-0.03203,0.044116,-0.076146
KMY.DE,2023-01-25,-2.11,negative,Q3,-0.020474,0.001135,-0.021609,-0.010466,0.024869,-0.035335,-0.007161,0.005081,-0.012242,0.099523,0.044116,0.055407
LCR.DE,2023-01-25,-292.08,negative,Q1,0.028161,0.001135,0.027025,0.02836,0.024869,0.003491,0.015578,0.005081,0.010497,0.091672,0.044116,0.047556
XER2.DE,2023-01-26,56.22,positive,Q5,-0.059834,-0.001581,-0.058254,-0.022915,0.021545,-0.04446,-0.036283,0.015274,-0.051557,-0.206238,0.05098,-0.257218
KLA.DE,2023-01-26,-30.32,negative,Q2,-0.031746,-0.001581,-0.030165,0.000825,0.021545,-0.020719,-0.037523,0.015274,-0.052797,-0.075266,0.05098,-0.126246
2OY.DE,2023-01-26,49.07,positive,Q5,-0.003777,-0.001581,-0.002196,0.023772,0.021545,0.002228,0.008887,0.015274,-0.006387,-0.068429,0.05098,-0.119409
ADM.DE,2023-01-26,11.04,positive,Q4,-0.023759,-0.001581,-0.022178,-0.019775,0.021545,-0.04132,-0.002845,0.015274,-0.018119,-0.086926,0.05098,-0.137906
INL.DE,2023-01-26,-178.47,negative,Q1,-0.005604,-0.001581,-0.004024,0.085669,0.021545,0.064124,-0.082466,0.015274,-0.09774,0.10048,0.05098,0.0495
SRT.DE,2023-01-26,32.54,positive,Q5,0.004351,-0.001581,0.005932,0.075562,0.021545,0.054017,-0.034899,0.015274,-0.050173,-0.178025,0.05098,-0.229006
RWL.DE,2023-01-26,67.21,positive,Q5,-0.024107,-0.001581,-0.022526,0.015713,0.021545,-0.005831,0.055613,0.015274,0.040339,-0.021163,0.05098,-0.072143
CTP2.DE,2023-01-26,-9.66,negative,Q2,-0.009746,-0.001581,-0.008165,0.016834,0.021545,-0.00471,-0.039575,0.015274,-0.054849,0.002067,0.05098,-0.048913
3V64.DE,2023-01-26,-1.6,negative,Q3,-0.00496,-0.001581,-0.003379,0.004478,0.021545,-0.017066,-0.02162,0.015274,-0.036894,-0.005104,0.05098,-0.056084
CPA.DE,2023-01-27,-93.29,negative,Q1,0.005062,0.000145,0.004917,0.013445,0.014533,-0.001088,0.021354,0.015804,0.00555,0.091585,0.039723,0.051861
HRS.DE,2023-01-27,-33.77,negative,Q2,-0.000539,0.000145,-0.000683,0.003878,0.014533,-0.010655,0.015298,0.015804,-0.000507,-0.056343,0.039723,-0.096066
AEC1.DE,2023-01-27,-5.77,negative,Q3,-0.018839,0.000145,-0.018984,0.007128,0.014533,-0.007405,0.012284,0.015804,-0.003521,-0.13582,0.039723,-0.175543
CHV.DE,2023-01-27,-23.76,negative,Q2,-0.0124,0.000145,-0.012544,-0.024165,0.014533,-0.038698,-0.054107,0.015804,-0.069912,-0.092927,0.039723,-0.13265
7HP.DE,2023-01-30,-41.48,negative,Q1,0.006219,0.003468,0.002751,0.03607,0.012732,0.023338,0.067579,0.011683,0.055895,None,None,None
CSC.DE,2023-01-30,38.21,positive,Q5,-0.011321,0.003468,-0.014789,0.001332,0.012732,-0.0114,0.019534,0.011683,0.00785,0.046615,0.045398,0.001217
IXD1.DE,2023-01-30,-4.89,negative,Q3,0.012918,0.003468,0.00945,0.004939,0.012732,-0.007793,0.011398,0.011683,-0.000285,0.095745,0.045398,0.050347
KFI1.DE,2023-01-30,-55.79,negative,Q1,-0.003623,0.003468,-0.007092,-0.003623,0.012732,-0.016355,0.01087,0.011683,-0.000814,-0.07971,0.045398,-0.125108
2M6.DE,2023-01-30,-27.86,negative,Q2,0.015636,0.003468,0.012168,0.049634,0.012732,0.036902,0.007173,0.011683,-0.004511,0.08937,0.045398,0.043972
KTF.DE,2023-01-31,-40.03,negative,Q1,0.004943,0.021636,-0.016692,-0.003708,0.015237,-0.018945,0.009004,0.009677,-0.000672,0.163489,0.036461,0.127028
PFE.DE,2023-01-31,-17.38,negative,Q2,0.008447,0.021636,-0.013189,0.019225,0.015237,0.003988,-0.049519,0.009677,-0.059196,-0.131955,0.036461,-0.168415
UPAB.DE,2023-01-31,9.85,positive,Q4,0.041661,0.021636,0.020025,0.032664,0.015237,0.017427,0.044726,0.009677,0.035049,-0.056135,0.036461,-0.092596
1SI.DE,2023-01-31,-71.28,negative,Q1,0.126362,0.021636,0.104726,0.187364,0.015237,0.172127,0.023965,0.009677,0.014288,-0.206972,0.036461,-0.243432
ERT.DE,2023-01-31,-76.07,negative,Q1,0.01501,0.021636,-0.006626,0.00575,0.015237,-0.009487,0.010526,0.009677,0.00085,0.088109,0.036461,0.051648
INP.DE,2023-01-31,-29.02,negative,Q2,0.01391,0.021636,-0.007726,0.011747,0.015237,-0.003491,-0.068006,0.009677,-0.077683,-0.21051,0.036461,-0.246971
AMD.DE,2023-01-31,-98.08,negative,Q1,0.08401,0.021636,0.062374,0.075487,0.015237,0.06025,-0.015963,0.009677,-0.02564,0.018939,0.036461,-0.017521
JNP.DE,2023-01-31,-16.17,negative,Q2,0.022872,0.021636,0.001236,0.029621,0.015237,0.014384,0.035246,0.009677,0.025569,-0.073116,0.036461,-0.109577
MDO.DE,2023-01-31,4.8,positive,Q4,-0.005758,0.021636,-0.027394,0.012978,0.015237,-0.002259,0.039066,0.009677,0.02939,0.109093,0.036461,0.072633
XONA.DE,2023-01-31,-6.84,negative,Q3,-0.029239,0.021636,-0.050875,0.004943,0.015237,-0.010294,-0.002524,0.009677,-0.012201,-0.075305,0.036461,-0.111766
CAT1.DE,2023-01-31,-30.93,negative,Q2,-0.026306,0.021636,-0.047942,0.017553,0.015237,0.002316,0.03506,0.009677,0.025383,-0.155087,0.036461,-0.191548
CIS.DE,2023-01-31,-21.22,negative,Q2,0.026654,0.021636,0.005018,-0.00617,0.015237,-0.021407,0.034551,0.009677,0.024874,-0.047384,0.036461,-0.083845
8GM.DE,2023-01-31,-19.62,negative,Q2,0.033545,0.021636,0.011909,0.087045,0.015237,0.071807,0.026027,0.009677,0.01635,-0.186813,0.036461,-0.223274
2QO.DE,2023-02-01,-125.42,negative,Q1,0.015889,-0.002112,0.018002,0.011789,0.000918,0.010871,-0.011071,0.004462,-0.015533,-0.132957,0.029133,-0.162091
2X0.DE,2023-02-01,-209.94,negative,Q1,0.005632,-0.002112,0.007745,0.031795,0.000918,0.030878,0.058321,0.004462,0.053859,-0.062137,0.029133,-0.09127
1WR.DE,2023-02-01,-74.29,negative,Q1,-0.003222,-0.002112,-0.001109,-0.061534,0.000918,-0.062451,-0.038982,0.004462,-0.043444,-0.194588,0.029133,-0.223721
PHM7.DE,2023-02-01,27.27,positive,Q5,-0.009773,-0.002112,-0.007661,-0.008336,0.000918,-0.009253,0.014372,0.004462,0.00991,-0.005461,0.029133,-0.034594
SOW.DE,2023-02-01,-132.2,negative,Q1,-0.048557,-0.002112,-0.046445,-0.085662,0.000918,-0.086579,-0.099404,0.004462,-0.103866,0.524049,0.029133,0.494916
FB2A.DE,2023-02-01,-22.27,negative,Q2,0.031025,-0.002112,0.033138,-0.022849,0.000918,-0.023766,-0.002436,0.004462,-0.006897,0.208362,0.029133,0.179229
UWS.DE,2023-02-01,-14.39,negative,Q2,0.005638,-0.002112,0.007751,0.015862,0.000918,0.014945,0.017441,0.004462,0.012979,0.111412,0.029133,0.082279
TM5.DE,2023-02-01,10.0,positive,Q4,0.0,-0.002112,0.002112,-0.008775,0.000918,-0.009693,-0.011854,0.004462,-0.016316,-0.03818,0.029133,-0.067313
FMC1.DE,2023-02-02,-48.81,negative,Q1,-0.031841,-0.008433,-0.023407,0.010945,-0.010884,0.02183,0.043781,0.011446,0.032335,-0.065672,0.030782,-0.096454
HAR.DE,2023-02-02,296.54,positive,Q5,-0.005387,-0.008433,0.003046,-0.050056,-0.010884,-0.039172,None,None,None,None,None,None
GIS.DE,2023-02-02,-14.79,negative,Q2,0.032076,-0.008433,0.040509,0.02713,-0.010884,0.038014,-0.032358,0.011446,-0.043805,-0.08238,0.030782,-0.113162
5G5.DE,2023-02-02,-80.98,negative,Q1,-0.024668,-0.008433,-0.016234,-0.026565,-0.010884,-0.015681,-0.068311,0.011446,-0.079758,-0.263757,0.030782,-0.294539
RDO.DE,2023-02-02,17.2,positive,Q4,-0.031847,-0.008433,-0.023414,-0.082803,-0.010884,-0.071918,-0.163482,0.011446,-0.174928,-0.316348,0.030782,-0.34713
COZ.DE,2023-02-02,-3.66,negative,Q3,-0.020452,-0.008433,-0.012018,-0.018473,-0.010884,-0.007588,-0.072241,0.011446,-0.083688,-0.113475,0.030782,-0.144257
USX1.DE,2023-02-02,24.24,positive,Q5,0.012896,-0.008433,0.02133,-0.023213,-0.010884,-0.012329,0.043847,0.011446,0.0324,-0.284451,0.030782,-0.315233
QCI.DE,2023-02-02,-16.36,negative,Q2,-0.00426,-0.008433,0.004173,-0.043708,-0.010884,-0.032824,-0.069268,0.011446,-0.080715,-0.215728,0.030782,-0.24651
IC2.DE,2023-02-02,-40.25,negative,Q1,0.013939,-0.008433,0.022373,0.027775,-0.010884,0.038659,-0.024862,0.011446,-0.036309,-0.015708,0.030782,-0.04649
SWF.DE,2023-02-02,-98.51,negative,Q1,-0.01237,-0.008433,-0.003937,-0.076846,-0.010884,-0.065962,-0.074222,0.011446,-0.085669,-0.111583,0.030782,-0.142365
YCP.DE,2023-02-02,-4.33,negative,Q3,-0.006725,-0.008433,0.001708,0.045341,-0.010884,0.056225,-0.004013,0.011446,-0.01546,-0.081028,0.030782,-0.111811
IFX.DE,2023-02-02,8.47,positive,Q4,-0.017692,-0.008433,-0.009258,-0.033979,-0.010884,-0.023095,-0.037349,0.011446,-0.048795,-0.085931,0.030782,-0.116713
AMZ.DE,2023-02-02,-84.58,negative,Q1,-0.045318,-0.008433,-0.036884,-0.083918,-0.010884,-0.073034,-0.097153,0.011446,-0.108599,-0.042811,0.030782,-0.073594
6MK.DE,2023-02-02,-23.08,negative,Q2,0.018827,-0.008433,0.02726,0.058763,-0.010884,0.069647,0.060931,0.011446,0.049485,0.133843,0.030782,0.103061
ALD.DE,2023-02-02,-40.17,negative,Q1,0.000395,-0.008433,0.008829,-0.011747,-0.010884,-0.000863,-0.014741,0.011446,-0.026187,-0.052412,0.030782,-0.083194
ABEA.DE,2023-02-02,-11.09,negative,Q2,-0.030441,-0.008433,-0.022008,-0.104414,-0.010884,-0.09353,-0.096195,0.011446,-0.107641,-0.025165,0.030782,-0.055947
ALS.DE,2023-02-02,16.21,positive,Q4,0.0328,-0.008433,0.041233,0.040978,-0.010884,0.051862,-0.009642,0.011446,-0.021088,-0.125172,0.030782,-0.155954
SHL.DE,2023-02-02,9.3,positive,Q4,-0.024419,-0.008433,-0.015985,-0.041805,-0.010884,-0.030921,-0.045321,0.011446,-0.056768,0.083805,0.030782,0.053023
SRB.DE,2023-02-02,-6.78,negative,Q3,-0.004729,-0.008433,0.003704,0.022107,-0.010884,0.032992,0.012429,0.011446,0.000982,0.00077,0.030782,-0.030012
CGN.DE,2023-02-03,-21.76,negative,Q2,-0.003193,-0.001631,-0.001562,0.034379,0.003351,0.031028,-0.001402,0.01392,-0.015322,-0.092159,0.039722,-0.131881
NDA.DE,2023-02-06,-20.61,negative,Q2,0.022485,0.005951,0.016535,-0.016676,0.003895,-0.020571,-0.06057,0.020298,-0.080869,-0.149758,0.037553,-0.187311
EX9.DE,2023-02-07,16.35,positive,Q4,-0.01148,0.007226,-0.018707,0.00423,0.006118,-0.001888,-0.049547,0.01435,-0.063897,0.073112,0.027437,0.045675
W3U.DE,2023-02-07,86.3,positive,Q5,0.019731,0.007226,0.012505,0.017937,0.006118,0.011819,-0.174888,0.01435,-0.189238,-0.139013,0.027437,-0.16645
XY6.DE,2023-02-07,3.51,positive,Q4,0.01581,0.007226,0.008584,0.015182,0.006118,0.009064,-0.018009,0.01435,-0.032358,-0.019789,0.027437,-0.047225
4PN.DE,2023-02-07,-21.22,negative,Q2,0.011103,0.007226,0.003877,0.013077,0.006118,0.006959,0.065137,0.01435,0.050787,-0.057242,0.027437,-0.084679
VFP.DE,2023-02-07,32.75,positive,Q5,-0.040098,0.007226,-0.047324,-0.027005,0.006118,-0.033123,-0.159165,0.01435,-0.173515,-0.251227,0.027437,-0.278664
TMV.DE,2023-02-07,-17.65,negative,Q2,0.002022,0.007226,-0.005205,0.022911,0.006118,0.016793,0.040431,0.01435,0.026081,0.058625,0.027437,0.031188
FIV.DE,2023-02-07,-35.96,negative,Q2,0.002407,0.007226,-0.004819,0.019259,0.006118,0.013141,0.013704,0.01435,-0.000646,0.013889,0.027437,-0.013548
AMG.DE,2023-02-07,-27.15,negative,Q2,-0.002443,0.007226,-0.009669,0.004837,0.006118,-0.001281,-0.036109,0.01435,-0.050458,-0.053112,0.027437,-0.080549
B4B.DE,2023-02-08,-53.85,negative,Q1,0.004808,-0.013878,0.018686,-0.034856,0.000658,-0.035514,-0.13101,-0.006149,-0.124861,-0.18149,0.025149,-0.206639
U9R.DE,2023-02-08,-236.37,negative,Q1,-0.072829,-0.013878,-0.058951,-0.052288,0.000658,-0.052946,-0.211018,-0.006149,-0.204869,-0.349206,0.025149,-0.374355
CO3A.DE,2023-02-08,72.33,positive,Q5,0.014583,-0.013878,0.028462,0.098958,0.000658,0.0983,0.048958,-0.006149,0.055107,0.075,0.025149,0.049851
UT8.DE,2023-02-08,285.94,positive,Q5,-0.041173,-0.013878,-0.027295,0.005332,0.000658,0.004673,-0.113448,-0.006149,-0.107299,0.052725,0.025149,0.027576
WYR.DE,2023-02-08,124.47,positive,Q5,0.005366,-0.013878,0.019244,0.005366,0.000658,0.004708,0.006783,-0.006149,0.012932,-0.039891,0.025149,-0.06504
MTT.DE,2023-02-08,-91.24,negative,Q1,0.008813,-0.013878,0.022692,0.023502,0.000658,0.022843,-0.079318,-0.006149,-0.07317,-0.003525,0.025149,-0.028674
WDP.DE,2023-02-08,-9.21,negative,Q3,-0.03872,-0.013878,-0.024842,-0.047175,0.000658,-0.047834,-0.157475,-0.006149,-0.151326,-0.200519,0.025149,-0.225668
VBK.DE,2023-02-08,21.88,positive,Q5,-0.1088,-0.013878,-0.094922,-0.043135,0.000658,-0.043793,-0.093202,-0.006149,-0.087054,-0.357789,0.025149,-0.382938
CVS.DE,2023-02-08,-10.0,negative,Q2,0.004812,-0.013878,0.01869,-0.017509,0.000658,-0.018167,-0.1251,-0.006149,-0.118951,-0.2363,0.025149,-0.26145
MGG.DE,2023-02-08,43.24,positive,Q5,-0.003646,-0.013878,0.010232,0.013126,0.000658,0.012468,-0.024793,-0.006149,-0.018645,-0.055907,0.025149,-0.081056
SIE.DE,2023-02-09,-4.1,negative,Q3,0.002816,0.005837,-0.003021,-0.002094,0.011368,-0.013462,-0.032859,-0.022767,-0.010093,0.033437,0.0398,-0.006363
2PP.DE,2023-02-09,-33.93,negative,Q2,-0.021212,0.005837,-0.027049,-0.076627,0.011368,-0.087995,-0.100491,-0.022767,-0.077724,-0.242742,0.0398,-0.282542
KWS.DE,2023-02-09,163.28,positive,Q5,-0.009462,0.005837,-0.0153,0.0,0.011368,-0.011368,-0.044157,-0.022767,-0.02139,-0.088147,0.0398,-0.127948
E3X1.DE,2023-02-09,-36.42,negative,Q2,0.024636,0.005837,0.018799,-0.005145,0.011368,-0.016513,-0.131196,-0.022767,-0.10843,-0.166617,0.0398,-0.206417
KEL.DE,2023-02-09,-137.77,negative,Q1,-0.002594,0.005837,-0.008431,-0.00352,0.011368,-0.014888,-0.038533,-0.022767,-0.015766,0.027788,0.0398,-0.012012
4AB.DE,2023-02-09,-61.26,negative,Q1,0.001173,0.005837,-0.004665,-0.008442,0.011368,-0.01981,-0.001642,-0.022767,0.021125,-0.043618,0.0398,-0.083418
4I1.DE,2023-02-09,22.03,positive,Q5,0.014641,0.005837,0.008804,-0.007737,0.011368,-0.019105,-0.040948,-0.022767,-0.018181,-0.070706,0.0398,-0.110506
DB1.DE,2023-02-09,8.29,positive,Q4,0.004685,0.005837,-0.001153,0.011806,0.011368,0.000438,-0.022113,-0.022767,0.000654,0.013867,0.0398,-0.025933
PEP.DE,2023-02-09,29.22,positive,Q5,0.012633,0.005837,0.006795,0.004679,0.011368,-0.006689,0.007486,-0.022767,0.030253,0.102533,0.0398,0.062733
AXJ.DE,2023-02-09,-70.26,negative,Q1,0.01329,0.005837,0.007453,0.033405,0.011368,0.022037,-0.20977,-0.022767,-0.187004,-0.250359,0.0398,-0.290159
I8R.DE,2023-02-13,-251.03,negative,Q1,0.015803,0.008178,0.007625,0.01658,0.001109,0.015471,0.073057,-0.041956,0.115013,-0.203368,0.037108,-0.240476
AK3.DE,2023-02-14,-35.59,negative,Q2,-0.017539,0.001761,-0.0193,-0.013188,-0.008191,-0.004997,-0.068389,-0.034775,-0.033613,0.109313,0.042371,0.066942
TKA.DE,2023-02-14,-27.78,negative,Q2,0.033708,0.001761,0.031947,0.054575,-0.008191,0.062766,-0.032103,-0.034775,0.002673,0.065811,0.042371,0.02344
CCC3.DE,2023-02-14,3.93,positive,Q4,-0.00079,0.001761,-0.002551,0.017974,-0.008191,0.026165,0.022714,-0.034775,0.057489,0.056291,0.042371,0.01392
PEO.DE,2023-02-14,-0.5,negative,Q3,-0.001101,0.001761,-0.002861,-0.011558,-0.008191,-0.003366,0.001651,-0.034775,0.036427,-0.072372,0.042371,-0.114743
T6A.DE,2023-02-14,-133.7,negative,Q1,-0.100847,0.001761,-0.102608,-0.110593,-0.008191,-0.102402,-0.237288,-0.034775,-0.202513,-0.361864,0.042371,-0.404235
48Z.DE,2023-02-14,-30.38,negative,Q2,-0.004965,0.001761,-0.006726,-0.019861,-0.008191,-0.01167,-0.054369,-0.034775,-0.019594,0.031281,0.042371,-0.01109
ZOE.DE,2023-02-14,-15.0,negative,Q2,0.008181,0.001761,0.006421,-0.030251,-0.008191,-0.02206,-0.037861,-0.034775,-0.003086,0.026953,0.042371,-0.015418
ANL.DE,2023-02-15,-27.92,negative,Q2,-0.008339,-0.003324,-0.005015,-0.035427,-0.003731,-0.031696,-0.038417,-0.049276,0.010859,-0.024615,0.047751,-0.072365
AWC.DE,2023-02-15,3.44,positive,Q4,0.007585,-0.003324,0.010909,-0.003173,-0.003731,0.000557,-0.043186,-0.049276,0.006091,-0.037149,0.047751,-0.084899
KHNZ.DE,2023-02-15,-7.7,negative,Q3,0.004365,-0.003324,0.00769,0.007172,-0.003731,0.010902,-0.04116,-0.049276,0.008116,-0.019956,0.047751,-0.067707
HCL.DE,2023-02-15,74.2,positive,Q5,0.0,-0.003324,0.003324,-0.019027,-0.003731,-0.015297,0.069767,-0.049276,0.119044,0.046512,0.047751,-0.001239
ABR.DE,2023-02-15,-473.01,negative,Q1,-0.017345,-0.003324,-0.014021,-0.037358,-0.003731,-0.033628,0.072048,-0.049276,0.121324,0.065377,0.047751,0.017626
MTX.DE,2023-02-16,0.0,negative,Q3,-0.019234,-0.000287,-0.018947,-0.015845,-0.017586,0.001741,-0.05088,-0.035436,-0.015444,-0.004005,0.047926,-0.051931
NRA.DE,2023-02-16,-486.61,negative,Q1,-0.013775,-0.000287,-0.013488,-0.014759,-0.017586,0.002827,-0.025582,-0.035436,0.009854,-0.008855,0.047926,-0.056781
HLE.DE,2023-02-16,16.92,positive,Q4,-0.008273,-0.000287,-0.007986,0.011209,-0.017586,0.028795,-0.049239,-0.035436,-0.013803,-0.047371,0.047926,-0.095297
HS2.DE,2023-02-16,-72.41,negative,Q1,0.001286,-0.000287,0.001574,-0.016337,-0.017586,0.001249,-0.055441,-0.035436,-0.020005,-0.078981,0.047926,-0.126907
KIN2.DE,2023-02-16,-211.83,negative,Q1,0.01173,-0.000287,0.012018,-0.049853,-0.017586,-0.032268,0.117302,-0.035436,0.152738,0.340176,0.047926,0.29225
CBK.DE,2023-02-16,32.26,positive,Q5,-0.034972,-0.000287,-0.034684,-0.062382,-0.017586,-0.044796,-0.180529,-0.035436,-0.145093,-0.119093,0.047926,-0.167019
MBG.DE,2023-02-17,20.39,positive,Q5,-0.003719,-0.005164,0.001445,-0.030431,-0.00621,-0.024221,-0.058664,-0.018233,-0.040431,0.027726,0.043632,-0.015905
ALV.DE,2023-02-17,-1.77,negative,Q3,-0.00435,-0.005164,0.000814,0.003183,-0.00621,0.009393,-0.046045,-0.018233,-0.027812,0.021803,0.043632,-0.021829
WMB.DE,2023-02-20,9.06,positive,Q4,0.007825,-0.001188,0.009013,-0.014476,-0.002109,-0.012366,-0.074335,-0.011783,-0.062552,-0.044601,0.028869,-0.07347
EW1.DE,2023-02-21,-34.05,negative,Q2,0.026108,0.006266,0.019841,-0.000514,-0.004831,0.004317,-0.028472,-0.010984,-0.017487,0.080378,0.02695,0.053428
WMT.DE,2023-02-21,52.05,positive,Q5,-0.013498,0.006266,-0.019765,-0.050844,-0.004831,-0.046012,-0.056018,-0.010984,-0.045034,-0.009449,0.02695,-0.036399
ADV.DE,2023-02-21,-76.42,negative,Q1,0.016925,0.006266,0.010659,0.023977,-0.004831,0.028809,-0.021627,-0.010984,-0.010642,-0.124118,0.02695,-0.151069
1QZ.DE,2023-02-21,3.25,positive,Q3,0.023231,0.006266,0.016965,0.072373,-0.004831,0.077204,0.102573,-0.010984,0.113558,-0.056469,0.02695,-0.083419
HDI.DE,2023-02-21,0.66,positive,Q3,-0.009065,0.006266,-0.015331,-0.034915,-0.004831,-0.030083,-0.06956,-0.010984,-0.058576,-0.041329,0.02695,-0.068279
FME.DE,2023-02-22,10.26,positive,Q4,-0.007756,-0.017185,0.009429,-0.055157,-0.009567,-0.04559,-0.019535,-0.033502,0.013967,0.092502,0.032844,0.059658
FRE.DE,2023-02-22,-69.66,negative,Q1,0.002016,-0.017185,0.019201,-0.05,-0.009567,-0.040433,-0.10121,-0.033502,-0.067708,0.053629,0.032844,0.020785
HNM.DE,2023-02-22,-32.15,negative,Q2,0.004898,-0.017185,0.022083,0.032612,-0.009567,0.042178,-0.036478,-0.033502,-0.002977,0.007089,0.032844,-0.025754
LLY.DE,2023-02-22,13.77,positive,Q4,-0.014648,-0.017185,0.002537,-0.048412,-0.009567,-0.038845,0.003383,-0.033502,0.036884,0.285184,0.032844,0.25234
EBA.DE,2023-02-22,15.58,positive,Q4,0.019658,-0.017185,0.036843,0.02987,-0.009567,0.039436,-0.057953,-0.033502,-0.024451,-0.004595,0.032844,-0.037439
3E2.DE,2023-02-22,-5.86,negative,Q3,-0.060944,-0.017185,-0.043759,-0.109445,-0.009567,-0.099878,-0.210274,-0.033502,-0.176773,-0.362317,0.032844,-0.39516
NTA.DE,2023-02-22,-77.24,negative,Q1,-0.007264,-0.017185,0.009921,-0.016047,-0.009567,-0.006481,-0.093074,-0.033502,-0.059573,0.053885,0.032844,0.021041
AHLA.DE,2023-02-23,7.05,positive,Q4,-0.007666,0.011288,-0.018954,-0.014095,0.024238,-0.038333,-0.0659,-0.005395,-0.060505,-0.128709,0.04885,-0.177559
KBX.DE,2023-02-23,-20.45,negative,Q2,-0.014569,0.011288,-0.025857,-0.013449,0.024238,-0.037686,-0.108069,-0.005395,-0.102674,0.011687,0.04885,-0.037162
FMV.DE,2023-02-23,-83.18,negative,Q1,-0.008741,0.011288,-0.020029,0.052448,0.024238,0.02821,0.062937,-0.005395,0.068332,-0.061189,0.04885,-0.110038
MUV2.DE,2023-02-23,15.1,positive,Q4,0.004692,0.011288,-0.006596,0.025651,0.024238,0.001413,-0.00782,-0.005395,-0.002425,0.083487,0.04885,0.034637
PCE1.DE,2023-02-23,43.31,positive,Q5,0.026261,0.011288,0.014973,0.0727,0.024238,0.048462,0.014542,-0.005395,0.019937,0.067707,0.04885,0.018858
DUE.DE,2023-02-23,0.0,negative,Q3,0.010759,0.011288,-0.000529,-0.0083,0.024238,-0.032538,-0.098986,-0.005395,-0.09359,-0.197664,0.04885,-0.246513
GXI.DE,2023-02-23,-22.79,negative,Q2,0.024848,0.011288,0.01356,0.055162,0.024238,0.030924,0.111567,-0.005395,0.116962,0.255311,0.04885,0.206462
DTE.DE,2023-02-23,90.48,positive,Q5,0.015215,0.011288,0.003927,0.01469,0.024238,-0.009547,0.041973,-0.005395,0.047368,0.036726,0.04885,-0.012123
FIE.DE,2023-02-23,-35.95,negative,Q2,0.016955,0.011288,0.005666,0.110045,0.024238,0.085807,0.149392,-0.005395,0.154787,0.414907,0.04885,0.366058
0Q3.DE,2023-02-23,22.35,positive,Q5,0.001124,0.011288,-0.010165,-0.017416,0.024238,-0.041653,-0.170787,-0.005395,-0.165391,-0.451124,0.04885,-0.499973
MLB1.DE,2023-02-23,32.3,positive,Q5,0.015614,0.011288,0.004325,0.047208,0.024238,0.02297,0.019471,-0.005395,0.024866,0.126745,0.04885,0.077895
HOT.DE,2023-02-23,2.0,positive,Q3,0.021833,0.011288,0.010545,0.052689,0.024238,0.028451,0.189643,-0.005395,0.195038,0.304583,0.04885,0.255734
HAG.DE,2023-02-23,-12.59,negative,Q2,0.024546,0.011288,0.013258,0.077001,0.024238,0.052763,0.116342,-0.005395,0.121737,-0.001345,0.04885,-0.050195
AUD.DE,2023-02-23,-25.75,negative,Q2,0.015755,0.011288,0.004467,0.068271,0.024238,0.044034,0.007768,-0.005395,0.013163,0.023632,0.04885,-0.025217
TCO0.DE,2023-02-27,-43.61,negative,Q1,-0.015326,-0.003913,-0.011413,-0.011494,0.012651,-0.024146,0.015326,-0.002366,0.017692,0.065134,0.019452,0.045682
BM8.DE,2023-02-27,97.72,positive,Q5,0.009851,-0.003913,0.013763,-0.060269,0.012651,-0.07292,-0.079547,-0.002366,-0.07718,-0.135261,0.019452,-0.154713
TIMA.DE,2023-02-28,5.0,positive,Q4,0.031997,0.001478,0.030519,0.075559,0.021356,0.054203,0.155744,0.014203,0.141541,0.190054,0.035847,0.154207
7HP.DE,2023-02-28,44.35,positive,Q5,-0.059029,0.001478,-0.060507,None,None,None,None,None,None,None,None,None
F3A.DE,2023-02-28,58.41,positive,Q5,0.009879,0.001478,0.008401,0.101811,0.021356,0.080455,0.078924,0.014203,0.064721,0.059056,0.035847,0.023209
DYH.DE,2023-02-28,34.88,positive,Q5,-0.024118,0.001478,-0.025595,-0.018563,0.021356,-0.039919,-0.065603,0.014203,-0.079806,-0.23105,0.035847,-0.266898
HMSB.DE,2023-02-28,155.23,positive,Q5,0.0,0.001478,-0.001478,0.014164,0.021356,-0.007191,0.040604,0.014203,0.026401,0.014164,0.035847,-0.021683
G24.DE,2023-02-28,-5.56,negative,Q3,-0.021444,0.001478,-0.022922,-0.003344,0.021356,-0.0247,0.020657,0.014203,0.006454,None,None,None
AIXA.DE,2023-02-28,-6.38,negative,Q3,-0.070905,0.001478,-0.072383,-0.016766,0.021356,-0.038121,0.064967,0.014203,0.050764,-0.002096,0.035847,-0.037943
SYV.DE,2023-02-28,-144.88,negative,Q1,-0.044834,0.001478,-0.046312,-0.015595,0.021356,-0.03695,-0.081871,0.014203,-0.096075,-0.253411,0.035847,-0.289258
BAYN.DE,2023-02-28,2.27,positive,Q3,0.008582,0.001478,0.007104,0.037873,0.021356,0.016517,0.02556,0.014203,0.011356,-0.040299,0.035847,-0.076146
PUM.DE,2023-03-01,-83.33,negative,Q1,0.006789,0.016359,-0.009571,-0.048652,0.019936,-0.068588,0.008486,0.019651,-0.011165,-0.147275,0.047208,-0.194483
DT3.DE,2023-03-01,1.08,positive,Q3,0.008651,0.016359,-0.007709,-0.043397,0.019936,-0.063333,-0.048443,0.019651,-0.068094,-0.102509,0.047208,-0.149717
VEE.DE,2023-03-01,11.81,positive,Q4,0.043462,0.016359,0.027103,-0.00522,0.019936,-0.025156,0.024645,0.019651,0.004994,0.127534,0.047208,0.080326
1COV.DE,2023-03-02,-10.07,negative,Q2,-0.032514,0.004827,-0.037341,-0.041698,-0.009656,-0.032042,-0.054852,0.000162,-0.055015,-0.045917,0.024746,-0.070663
FDO.DE,2023-03-02,15.07,positive,Q4,-0.048865,0.004827,-0.053691,-0.138697,-0.009656,-0.129041,-0.187068,0.000162,-0.187231,-0.338598,0.024746,-0.363344
1YD.DE,2023-03-02,-13.68,negative,Q2,0.014664,0.004827,0.009838,-0.006714,-0.009656,0.002942,0.000177,0.000162,1.4e-05,0.273322,0.024746,0.248576
MRK.DE,2023-03-02,-5.31,negative,Q3,-0.003636,0.004827,-0.008463,-0.030202,-0.009656,-0.020546,-0.062104,0.000162,-0.062267,-0.044687,0.024746,-0.069433
KGX.DE,2023-03-02,32.14,positive,Q5,0.009801,0.004827,0.004975,-0.078409,-0.009656,-0.068753,-0.025656,0.000162,-0.025818,-0.067166,0.024746,-0.091912
12DA.DE,2023-03-02,-49.07,negative,Q1,-0.019005,0.004827,-0.023832,-0.074343,-0.009656,-0.064688,-0.058133,0.000162,-0.058295,0.106484,0.024746,0.081738
EVK.DE,2023-03-02,-20.0,negative,Q2,0.009233,0.004827,0.004406,-0.038661,-0.009656,-0.029006,-0.076746,0.000162,-0.076908,-0.051933,0.024746,-0.076679
2HP.DE,2023-03-02,-29.09,negative,Q2,-0.017151,0.004827,-0.021978,-0.056674,-0.009656,-0.047018,0.029828,0.000162,0.029666,-0.017151,0.024746,-0.041897
HLAG.DE,2023-03-02,5.45,positive,Q4,0.021352,0.004827,0.016526,0.044834,-0.009656,0.05449,0.005528,0.000162,0.005366,-0.174367,0.024746,-0.199113
BFSA.DE,2023-03-02,-22.58,negative,Q2,0.012364,0.004827,0.007537,0.003394,-0.009656,0.01305,-0.066182,0.000162,-0.066344,-0.187879,0.024746,-0.212625
LHA.DE,2023-03-03,-29.73,negative,Q2,-0.009009,-0.006008,-0.003001,-0.09009,-0.044342,-0.045748,-0.058058,-0.003201,-0.054857,-0.166166,0.021647,-0.187814
CIE1.DE,2023-03-06,41.07,positive,Q5,0.030963,0.004649,0.026314,0.00363,-0.020997,0.024627,0.018578,-0.00253,0.021107,-0.137305,0.025774,-0.163079
SAE.DE,2023-03-07,-92.19,negative,Q1,0.005351,8.6e-05,0.005265,0.003661,-0.057358,0.061019,0.201633,-0.002174,0.203807,0.365249,0.022908,0.342342
ZAL.DE,2023-03-07,4.98,positive,Q4,-0.028314,8.6e-05,-0.0284,-0.0905,-0.057358,-0.033142,-0.025933,-0.002174,-0.023759,-0.347711,0.022908,-0.370619
G1A.DE,2023-03-07,52.38,positive,Q5,-0.000246,8.6e-05,-0.000332,-0.050923,-0.057358,0.006435,-0.044772,-0.002174,-0.042599,-0.058057,0.022908,-0.080964
SHA.DE,2023-03-07,-4.55,negative,Q3,0.004951,8.6e-05,0.004865,-0.118812,-0.057358,-0.061454,0.019802,-0.002174,0.021976,-0.085809,0.022908,-0.108716
HFG.DE,2023-03-07,-20.59,negative,Q2,-0.034236,8.6e-05,-0.034322,-0.105774,-0.057358,-0.048416,0.142565,-0.002174,0.144739,-0.049055,0.022908,-0.071962
CON.DE,2023-03-08,-26.7,negative,Q2,-0.034797,-0.013128,-0.021669,-0.142042,-0.042609,-0.099434,-0.14518,0.001405,-0.146584,-0.086281,0.020254,-0.106534
CSC.DE,2023-03-08,-23.53,negative,Q2,-0.007668,-0.013128,0.005461,0.020873,-0.042609,0.063482,0.034718,0.001405,0.033313,-0.129073,0.020254,-0.149327
FPE3.DE,2023-03-08,1.92,positive,Q3,0.015429,-0.013128,0.028558,0.020961,-0.042609,0.063569,0.00262,0.001405,0.001215,-0.055022,0.020254,-0.075276
ADS.DE,2023-03-08,3.01,positive,Q3,-0.014793,-0.013128,-0.001665,-0.065332,-0.042609,-0.022724,0.09271,0.001405,0.091306,0.058036,0.020254,0.037782
BNR.DE,2023-03-08,-49.24,negative,Q1,0.000158,-0.013128,0.013286,-0.040997,-0.042609,0.001612,-0.012457,0.001405,-0.013861,0.03942,0.020254,0.019166
SY1.DE,2023-03-08,-86.36,negative,Q1,-0.016598,-0.013128,-0.003469,0.017791,-0.042609,0.0604,0.071599,0.001405,0.070194,-0.022673,0.020254,-0.042927
S92.DE,2023-03-09,0.0,negative,Q3,-0.03074,-0.030367,-0.000373,-0.091837,-0.042765,-0.049072,0.201658,0.017866,0.183793,0.075893,0.043421,0.032472
DRW8.DE,2023-03-09,-21.82,negative,Q2,-0.015347,-0.030367,0.01502,-0.045492,-0.042765,-0.002727,-0.02028,0.017866,-0.038145,-0.012058,0.043421,-0.055479
MLP.DE,2023-03-09,66.67,positive,Q5,-0.041667,-0.030367,-0.0113,-0.050926,-0.042765,-0.008161,-0.009259,0.017866,-0.027125,None,None,None
SII.DE,2023-03-09,49.3,positive,Q5,0.036987,-0.030367,0.067354,0.099352,-0.042765,0.142117,0.196814,0.017866,0.178949,0.099082,0.043421,0.055661
WAF.DE,2023-03-09,18.6,positive,Q5,-0.020249,-0.030367,0.010118,-0.008723,-0.042765,0.034042,-0.00514,0.017866,-0.023006,0.142679,0.043421,0.099258
BOSS.DE,2023-03-09,5.15,positive,Q4,-0.038468,-0.030367,-0.008101,-0.069279,-0.042765,-0.026514,0.104363,0.017866,0.086498,0.173642,0.043421,0.130221
ORC.DE,2023-03-09,-43.6,negative,Q1,-0.010959,-0.030367,0.019408,0.028123,-0.042765,0.070887,0.102192,0.017866,0.084326,None,None,None
HNR1.DE,2023-03-09,-0.89,negative,Q3,-0.034186,-0.030367,-0.003819,-0.065213,-0.042765,-0.022449,0.056619,0.017866,0.038754,0.133965,0.043421,0.090544
KCO.DE,2023-03-09,44.42,positive,Q5,0.040888,-0.030367,0.071255,0.051402,-0.042765,0.094166,0.057243,0.017866,0.039377,0.01986,0.043421,-0.023561
DTG.DE,2023-03-10,-37.86,negative,Q1,0.012595,0.018273,-0.005678,0.018702,-0.001744,0.020446,-0.003053,0.051472,-0.054525,0.057634,0.084977,-0.027343
GBF.DE,2023-03-13,12.66,positive,Q4,-0.025346,-0.032664,0.007319,0.014977,-0.002461,0.017438,0.014977,0.037726,-0.022749,-0.105127,0.070766,-0.175892
FRA.DE,2023-03-14,414.29,positive,Q5,0.016648,0.015734,0.000915,-0.005038,0.032638,-0.037676,0.020372,0.071547,-0.051175,0.057612,0.10552,-0.047907
VOW.DE,2023-03-14,-33.36,negative,Q2,-0.017579,0.015734,-0.033313,-0.032402,0.032638,-0.06504,-0.037318,0.071547,-0.108866,0.046406,0.10552,-0.059114
VOW3.DE,2023-03-14,-35.6,negative,Q2,-0.005327,0.015734,-0.02106,0.005025,0.032638,-0.027613,0.030251,0.071547,-0.041296,0.134472,0.10552,0.028953
MUM.DE,2023-03-14,-8.51,negative,Q3,0.042945,0.015734,0.027211,0.077631,0.032638,0.044993,0.118452,0.071547,0.046905,0.215196,0.10552,0.109676
WCH.DE,2023-03-14,-4.85,negative,Q3,0.003113,0.015734,-0.012621,-0.024421,0.032638,-0.057059,-0.007422,0.071547,-0.07897,-0.094413,0.10552,-0.199933
BMW.DE,2023-03-15,-3.38,negative,Q3,-0.009648,-0.013289,0.003641,0.031992,0.016255,0.015737,0.086962,0.061172,0.02579,0.265837,0.092906,0.172931
EOAN.DE,2023-03-15,228.57,positive,Q5,-0.024948,-0.013289,-0.011659,0.027027,0.016255,0.010772,0.096674,0.061172,0.035501,0.099792,0.092906,0.006886
TLX.DE,2023-03-15,15.04,positive,Q4,-0.023669,-0.013289,-0.01038,0.015869,0.016255,-0.000386,0.075847,0.061172,0.014675,0.363636,0.092906,0.270731
OHB.DE,2023-03-15,-47.18,negative,Q1,-0.042857,-0.013289,-0.029568,-0.058095,0.016255,-0.07435,-0.02,0.061172,-0.081172,-0.044444,0.092906,-0.13735
SDF.DE,2023-03-15,95.21,positive,Q5,-0.022021,-0.013289,-0.008732,-0.029927,0.016255,-0.046182,-0.047431,0.061172,-0.108603,-0.166573,0.092906,-0.259478
LXS.DE,2023-03-15,51.61,positive,Q5,-0.019918,-0.013289,-0.006629,0.045108,0.016255,0.028853,0.023433,0.061172,-0.037739,-0.04628,0.092906,-0.139186
SUSE.DE,2023-03-16,0.0,negative,Q3,-0.020751,0.011185,-0.031936,-0.098814,0.0128,-0.111614,-0.051383,0.076313,-0.127696,-0.195652,0.097033,-0.292685
RHM.DE,2023-03-16,-6.39,negative,Q3,0.054026,0.011185,0.042841,0.109272,0.0128,0.096472,0.139639,0.076313,0.063327,0.115197,0.097033,0.018164
ELG.DE,2023-03-16,18.35,positive,Q5,0.029961,0.011185,0.018776,0.078729,0.0128,0.065929,0.064981,0.076313,-0.011332,-0.054604,0.097033,-0.151637
VOS.DE,2023-03-16,19.28,positive,Q5,0.049809,0.011185,0.038625,0.040827,0.0128,0.028028,0.086826,0.076313,0.010514,0.073762,0.097033,-0.023271
SYAB.DE,2023-03-16,13.21,positive,Q4,-0.010858,0.011185,-0.022043,-0.004343,0.0128,-0.017143,-0.011944,0.076313,-0.088256,-0.011944,0.097033,-0.108976
FDX.DE,2023-03-16,11.67,positive,Q4,-0.020044,0.011185,-0.031229,-0.029683,0.0128,-0.042483,0.002652,0.076313,-0.07366,0.037487,0.097033,-0.059546
DBK.DE,2023-03-17,148.39,positive,Q5,0.059929,0.017542,0.042388,-0.024677,0.013011,-0.037688,0.06698,0.057763,0.009217,0.036428,0.07888,-0.042452
VNA.DE,2023-03-17,-60.0,negative,Q1,-0.023187,0.017542,-0.040729,-0.123068,0.013011,-0.136079,-0.013674,0.057763,-0.071437,0.003567,0.07888,-0.075312
BRM.DE,2023-03-20,-45.03,negative,Q1,0.00071,0.001372,-0.000662,0.006034,-0.003509,0.009543,0.030878,0.045166,-0.014288,-0.028571,0.054477,-0.083048
PFV.DE,2023-03-21,-11.11,negative,Q2,0.006576,-0.000381,0.006957,0.011779,0.007399,0.00438,-0.001373,0.04257,-0.043943,-0.02298,0.050733,-0.073714
RWE.DE,2023-03-21,24.0,positive,Q5,0.007601,-0.000381,0.007983,0.001408,0.007399,-0.005992,0.062782,0.04257,0.020211,0.060811,0.050733,0.010077
NEM.DE,2023-03-23,-9.38,negative,Q3,-0.022001,0.011396,-0.033396,0.073393,0.044902,0.028491,0.05483,0.05606,-0.00123,0.160536,0.057218,0.103318
INH.DE,2023-03-23,-316.22,negative,Q1,0.01593,0.011396,0.004534,0.128469,0.044902,0.083567,0.1963,0.05606,0.14024,0.158787,0.057218,0.101569
VTSC.DE,2023-03-23,-39.44,negative,Q1,0.05129,0.011396,0.039895,0.084613,0.044902,0.039711,0.034956,0.05606,-0.021104,0.191277,0.057218,0.134059
SGL.DE,2023-03-23,300.0,positive,Q5,0.023284,0.011396,0.011889,0.113971,0.044902,0.069069,0.017157,0.05606,-0.038903,-0.012255,0.057218,-0.069473
GRM.DE,2023-03-23,-0.57,negative,Q3,0.017404,0.011396,0.006008,0.002568,0.044902,-0.042334,0.026676,0.05606,-0.029384,-0.045649,0.057218,-0.102868
G24.DE,2023-03-23,-5.56,negative,Q3,0.004402,0.011396,-0.006994,0.000574,0.044902,-0.044328,0.0289,0.05606,-0.02716,0.082105,0.057218,0.024887
DWNI.DE,2023-03-24,-41.67,negative,Q1,-0.042431,0.000948,-0.043379,0.017775,0.029961,-0.012186,0.162844,0.044473,0.118371,0.162844,0.047541,0.115303
SZG.DE,2023-03-27,26.96,positive,Q5,0.026034,0.012334,0.0137,0.00827,0.030475,-0.022205,0.032772,0.051536,-0.018764,-0.004594,0.053294,-0.057888
TTK.DE,2023-03-28,33.4,positive,Q5,0.009549,0.012631,-0.003083,0.006944,0.012486,-0.005541,0.002604,0.025975,-0.023371,0.027778,0.040312,-0.012535
NDX1.DE,2023-03-28,0.76,positive,Q3,0.059468,0.012631,0.046837,-0.033646,0.012486,-0.046132,-0.179186,0.025975,-0.205161,-0.137715,0.040312,-0.178028
PSM.DE,2023-03-28,10.17,positive,Q4,0.021041,0.012631,0.00841,0.003322,0.012486,-0.009163,-0.168328,0.025975,-0.194302,-0.057586,0.040312,-0.097898
NOEJ.DE,2023-03-28,-73.99,negative,Q1,0.023197,0.012631,0.010566,0.00353,0.012486,-0.008956,-0.003026,0.025975,-0.029,-0.192133,0.040312,-0.232446
MTE.DE,2023-03-28,-216.0,negative,Q1,-0.005244,0.012631,-0.017875,-0.110121,0.012486,-0.122606,-0.028142,0.025975,-0.054117,0.027093,0.040312,-0.013219
W8A.DE,2023-03-28,-43.75,negative,Q1,0.013077,0.012631,0.000445,0.045768,0.012486,0.033283,-0.045042,0.025975,-0.071016,-0.151834,0.040312,-0.192147
JST.DE,2023-03-28,50.67,positive,Q5,-0.00494,0.012631,-0.017572,-0.004042,0.012486,-0.016528,0.023804,0.025975,-0.002171,0.035033,0.040312,-0.00528
EVT.DE,2023-03-28,-207.14,negative,Q1,0.007326,0.012631,-0.005305,0.028257,0.012486,0.015772,-0.121402,0.025975,-0.147377,0.07012,0.040312,0.029808
ECV.DE,2023-03-29,7.73,positive,Q4,0.010243,0.006857,0.003386,0.007682,0.004863,0.002819,-0.013444,0.018854,-0.032298,-0.037772,0.040297,-0.078069
JEN.DE,2023-03-29,-17.65,negative,Q2,-0.019262,0.006857,-0.026119,-0.09827,0.004863,-0.103133,-0.100229,0.018854,-0.119083,-0.005877,0.040297,-0.046173
PCX.DE,2023-03-29,2.54,positive,Q3,0.012025,0.006857,0.005168,-0.044913,0.004863,-0.049776,-0.064543,0.018854,-0.083397,-0.008839,0.040297,-0.049135
CBHD.DE,2023-03-30,-10.32,negative,Q2,-0.016053,-0.003066,-0.012987,0.038213,0.001685,0.036529,0.082185,0.006744,0.075441,-0.069796,0.028934,-0.09873
WIB.DE,2023-03-30,33.29,positive,Q5,-0.006927,-0.003066,-0.003861,-0.043602,0.001685,-0.045287,0.02608,0.006744,0.019336,0.082722,0.028934,0.053788
CRIN.DE,2023-03-30,50.35,positive,Q5,0.034459,-0.003066,0.037525,0.055824,0.001685,0.054139,0.095796,0.006744,0.089052,0.30255,0.028934,0.273616
VAS.DE,2023-03-30,16.67,positive,Q4,-0.003884,-0.003066,-0.000818,None,None,None,-0.022952,0.006744,-0.029696,0.040254,0.028934,0.011321
VWSB.DE,2023-03-30,124.58,positive,Q5,0.005243,-0.003066,0.00831,-0.033333,0.001685,-0.035018,-0.056554,0.006744,-0.063298,-0.094757,0.028934,-0.12369
BSD2.DE,2023-03-30,7.37,positive,Q4,0.00974,-0.003066,0.012806,0.0,0.001685,-0.001685,-0.094156,0.006744,-0.1009,0.022727,0.028934,-0.006206
EJT1.DE,2023-03-30,16.45,positive,Q4,0.013986,-0.003066,0.017052,-0.026224,0.001685,-0.027908,-0.076923,0.006744,-0.083667,-0.022727,0.028934,-0.051661
639.DE,2023-03-30,-33.46,negative,Q2,0.007007,-0.003066,0.010073,-0.017435,0.001685,-0.01912,0.021672,0.006744,0.014928,0.199283,0.028934,0.170349
ITB.DE,2023-03-30,-2.94,negative,Q3,0.025785,-0.003066,0.028851,0.02074,0.001685,0.019055,0.018498,0.006744,0.011754,-0.004484,0.028934,-0.033418
O3P.DE,2023-03-30,13.28,positive,Q4,-0.002786,-0.003066,0.000281,0.011838,0.001685,0.010154,0.018454,0.006744,0.01171,0.004178,0.028934,-0.024755
INN1.DE,2023-03-30,37.36,positive,Q5,0.01573,-0.003066,0.018796,0.052809,0.001685,0.051124,0.02809,0.006744,0.021346,0.189888,0.028934,0.160954
ZEG.DE,2023-03-30,-32.91,negative,Q2,-0.006612,-0.003066,-0.003546,0.028735,0.001685,0.02705,0.051265,0.006744,0.044521,-0.061388,0.028934,-0.090321
HBC1.DE,2023-03-30,117.17,positive,Q5,0.013109,-0.003066,0.016175,0.02809,0.001685,0.026405,0.061798,0.006744,0.055054,0.183521,0.028934,0.154587
IES.DE,2023-03-30,7.85,positive,Q4,0.005405,-0.003066,0.008472,0.005405,0.001685,0.003721,-0.005405,0.006744,-0.012149,0.07027,0.028934,0.041337
8TI.DE,2023-03-30,-34.47,negative,Q2,-0.00304,-0.003066,2.7e-05,0.00076,0.001685,-0.000925,-0.06383,0.006744,-0.070574,0.06383,0.028934,0.034896
UTDI.DE,2023-03-30,-42.09,negative,Q1,-0.018275,-0.003066,-0.015209,-0.062866,0.001685,-0.06455,-0.083333,0.006744,-0.090077,-0.146199,0.028934,-0.175133
6D81.DE,2023-03-30,-27.99,negative,Q2,0.024454,-0.003066,0.02752,None,None,None,-0.10192,0.006744,-0.108664,0.029378,0.028934,0.000444
1TY.DE,2023-03-30,43.19,positive,Q5,-0.003966,-0.003066,-0.0009,-0.040879,0.001685,-0.042563,-0.087248,0.006744,-0.093992,-0.060098,0.028934,-0.089031
RY4C.DE,2023-03-30,24.58,positive,Q5,-0.032867,-0.003066,-0.029801,-0.027273,0.001685,-0.028957,-0.021678,0.006744,-0.028422,0.154545,0.028934,0.125612
BCY.DE,2023-03-30,32.31,positive,Q5,0.019737,-0.003066,0.022803,0.046053,0.001685,0.044368,0.019737,0.006744,0.012993,0.092105,0.028934,0.063172
VVU.DE,2023-03-30,102.79,positive,Q5,-0.001149,-0.003066,0.001917,0.002299,0.001685,0.000614,0.073563,0.006744,0.066819,-0.058621,0.028934,-0.087554
XGR2.DE,2023-03-30,-12.89,negative,Q2,0.009021,-0.003066,0.012087,0.017591,0.001685,0.015907,0.026161,0.006744,0.019418,0.119982,0.028934,0.091048
CWC.DE,2023-03-30,4.4,positive,Q4,0.010495,-0.003066,0.013561,0.028405,0.001685,0.02672,-0.004221,0.006744,-0.010965,0.005248,0.028934,-0.023686
1U1.DE,2023-03-30,11.11,positive,Q4,-0.00999,-0.003066,-0.006924,-0.001998,0.001685,-0.003683,0.00999,0.006744,0.003246,0.006993,0.028934,-0.021941
W3U.DE,2023-03-30,16.69,positive,Q4,-0.011148,-0.003066,-0.008082,0.007804,0.001685,0.006119,0.06466,0.006744,0.057916,0.072464,0.028934,0.04353
AUS.DE,2023-03-30,-88.02,negative,Q1,-0.00394,-0.003066,-0.000874,None,None,None,-0.110673,0.006744,-0.117417,0.166189,0.028934,0.137255
AZ2.DE,2023-03-31,18.51,positive,Q5,0.004965,0.001447,0.003517,-0.039716,0.007874,-0.04759,-0.050177,0.024395,-0.074573,-0.193794,0.029411,-0.223205
JUN3.DE,2023-03-31,27.4,positive,Q5,0.005126,0.001447,0.003679,-0.035543,0.007874,-0.043417,0.08134,0.024395,0.056944,0.098086,0.029411,0.068675
ADP.DE,2023-03-31,40.44,positive,Q5,0.0,0.001447,-0.001447,0.0,0.007874,-0.007874,-0.023688,0.024395,-0.048083,0.010174,0.029411,-0.019237
CBHD.DE,2023-03-31,-11.54,negative,Q2,0.007537,0.001447,0.00609,0.034315,0.007874,0.026441,0.09984,0.024395,0.075445,-0.047437,0.029411,-0.076848
OMV.DE,2023-03-31,-32.46,negative,Q2,-0.018808,0.001447,-0.020255,0.004782,0.007874,-0.003092,-0.043354,0.024395,-0.067749,0.09627,0.029411,0.066859
NDX1.DE,2023-03-31,-12.07,negative,Q2,-0.004549,0.001447,-0.005996,-0.109174,0.007874,-0.117047,-0.185747,0.024395,-0.210142,-0.142532,0.029411,-0.171943
SHA0.DE,2023-03-31,-15.22,negative,Q2,0.00173,0.001447,0.000283,0.017301,0.007874,0.009427,-0.025952,0.024395,-0.050347,-0.17128,0.029411,-0.200691
QIA.DE,2023-03-31,-20.93,negative,Q2,0.0,0.001447,-0.001447,0.019928,0.007874,0.012054,0.002881,0.024395,-0.021514,-0.012005,0.029411,-0.041416
BPE5.DE,2023-03-31,94.69,positive,Q5,-0.00578,0.001447,-0.007228,0.015414,0.007874,0.007541,-0.069364,0.024395,-0.093759,-0.080925,0.029411,-0.110336
P911.DE,2023-03-31,4.73,positive,Q4,0.003359,0.001447,0.001912,0.00933,0.007874,0.001456,-0.017447,0.024395,-0.041843,-0.019033,0.029411,-0.048444
AIR.DE,2023-03-31,-11.39,negative,Q2,0.001602,0.001447,0.000154,0.008262,0.007874,0.000388,-0.009863,0.024395,-0.034259,0.064239,0.029411,0.034828
ABEC.DE,2023-03-31,8.76,positive,Q4,0.015295,0.001447,0.013847,0.015295,0.007874,0.007421,0.010515,0.024395,-0.01388,0.164631,0.029411,0.13522
U9RA.DE,2023-03-31,158.05,positive,Q5,-0.02046,0.001447,-0.021908,-0.043478,0.007874,-0.051352,-0.090793,0.024395,-0.115188,-0.199488,0.029411,-0.228899
BMW3.DE,2023-03-31,22.81,positive,Q5,0.007417,0.001447,0.00597,0.024854,0.007874,0.01698,0.081197,0.024395,0.056802,0.188159,0.029411,0.158748
ERCG.DE,2023-03-31,-13.72,negative,Q2,0.0,0.001447,-0.001447,None,None,None,-0.067669,0.024395,-0.092064,-0.723684,0.029411,-0.753095
RPL.DE,2023-03-31,-53.72,negative,Q1,0.000741,0.001447,-0.000707,-0.013704,0.007874,-0.021577,-0.001481,0.024395,-0.025877,-0.058148,0.029411,-0.087559
LEN.DE,2023-03-31,-39.68,negative,Q1,-0.014793,0.001447,-0.016241,-0.063208,0.007874,-0.071082,-0.172142,0.024395,-0.196537,-0.117195,0.029411,-0.146606
EBO.DE,2023-03-31,49.22,positive,Q5,0.009364,0.001447,0.007917,0.030433,0.007874,0.022559,0.076863,0.024395,0.052468,0.149044,0.029411,0.119633
ENL.DE,2023-03-31,8.8,positive,Q4,-0.008333,0.001447,-0.009781,0.064583,0.007874,0.05671,0.09375,0.024395,0.069355,0.125,0.029411,0.095589
2FE.DE,2023-03-31,9.46,positive,Q4,0.002804,0.001447,0.001357,0.017733,0.007874,0.009859,0.095427,0.024395,0.071031,0.207679,0.029411,0.178268
RAW.DE,2023-03-31,58.73,positive,Q5,-0.016474,0.001447,-0.017922,-0.020593,0.007874,-0.028467,-0.030478,0.024395,-0.054873,0.015651,0.029411,-0.01376
TOTB.DE,2023-03-31,-12.02,negative,Q2,-0.014121,0.001447,-0.015568,0.014718,0.007874,0.006844,-0.02506,0.024395,-0.049455,-0.052705,0.029411,-0.082116
OEWA.DE,2023-03-31,-27.96,negative,Q2,0.005028,0.001447,0.003581,0.005028,0.007874,-0.002846,0.023847,0.024395,-0.000548,-0.034765,0.029411,-0.064176
FPE.DE,2023-03-31,0.75,positive,Q3,-0.001773,0.001447,-0.00322,-0.009574,0.007874,-0.017448,-0.010638,0.024395,-0.035034,-0.02234,0.029411,-0.051751
NOA3.DE,2023-03-31,-31.79,negative,Q2,0.0,0.001447,-0.001447,0.002445,0.007874,-0.005429,-0.154034,0.024395,-0.178429,-0.117359,0.029411,-0.14677
NMM.DE,2023-03-31,29.84,positive,Q5,0.020336,0.001447,0.018888,-0.009695,0.007874,-0.017569,-0.021045,0.024395,-0.04544,-0.116103,0.029411,-0.145514
ENI.DE,2023-03-31,0.14,positive,Q3,-0.015165,0.001447,-0.016612,0.012489,0.007874,0.004615,0.003568,0.024395,-0.020827,0.013381,0.029411,-0.01603
NOV.DE,2023-03-31,4.06,positive,Q4,-0.010283,0.001447,-0.01173,0.020423,0.007874,0.012549,0.014853,0.024395,-0.009542,-0.005427,0.029411,-0.034838
AHOG.DE,2023-04-02,0.88,positive,Q3,-0.003482,-0.005339,0.001857,-0.018802,0.008074,-0.026877,-0.002089,0.02239,-0.024479,0.001045,0.021413,-0.020368
ASME.DE,2023-04-02,18.99,positive,Q5,-0.021977,-0.005339,-0.016639,-0.021181,0.008074,-0.029255,-0.040935,0.02239,-0.063325,0.069332,0.021413,0.047919
COK.DE,2023-04-04,139.5,positive,Q5,-0.015481,0.005008,-0.020489,0.023959,0.018513,0.005445,0.064504,0.028048,0.036456,-0.106156,0.000539,-0.106695
AG1.DE,2023-04-05,0.0,negative,Q3,0.045386,0.003672,0.041713,0.043873,0.012286,0.031587,0.210287,0.019127,0.191161,0.228442,0.000353,0.228088
GXI.DE,2023-04-06,-42.3,negative,Q1,0.01726,0.003094,0.014166,0.040155,0.014532,0.025623,0.143243,0.011481,0.131762,0.271927,0.001149,0.270778
FAS.DE,2023-04-13,1.67,positive,Q3,0.009413,-0.001137,0.01055,0.029135,0.004691,0.024443,0.02286,0.005721,0.017139,0.044375,0.021099,0.023275
BLQA.DE,2023-04-14,-2.09,negative,Q3,-0.010346,0.005899,-0.016244,-0.037009,0.004713,-0.041722,-0.071816,0.010245,-0.082061,0.023808,0.019984,0.003824
NWT.DE,2023-04-14,14.29,positive,Q4,0.016213,0.005899,0.010314,0.007817,0.004713,0.003104,-0.038217,0.010245,-0.048462,0.061089,0.019984,0.041104
UNH.DE,2023-04-14,-3.87,negative,Q3,-0.010804,0.005899,-0.016703,-0.050705,0.004713,-0.055418,-0.046397,0.010245,-0.056642,-0.076057,0.019984,-0.096041
TRVC.DE,2023-04-14,42.11,positive,Q5,0.004914,0.005899,-0.000985,-0.019902,0.004713,-0.024615,-0.042752,0.010245,-0.052997,-0.027027,0.019984,-0.047011
LOM.DE,2023-04-18,9.57,positive,Q4,-0.013216,-0.006243,-0.006974,-0.074441,-0.006258,-0.068183,-0.074227,0.023918,-0.098145,-0.081014,0.014488,-0.095502
GOS.DE,2023-04-18,12.78,positive,Q4,0.01415,-0.006243,0.020393,0.010542,-0.006258,0.016799,-0.003962,0.023918,-0.02788,-0.002441,0.014488,-0.016929
ERCB.DE,2023-04-18,41.43,positive,Q5,-0.026667,-0.006243,-0.020424,-0.037778,-0.006258,-0.03152,-0.024444,0.023918,-0.048362,-0.117778,0.014488,-0.132266
NCB.DE,2023-04-18,23.09,positive,Q5,-0.001174,-0.006243,0.005069,-0.046557,-0.006258,-0.040299,-0.048122,0.023918,-0.07204,0.007433,0.014488,-0.007055
JNJ.DE,2023-04-18,-107.5,negative,Q1,-0.001329,-0.006243,0.004914,-0.001993,-0.006258,0.004264,-0.005389,0.023918,-0.029307,-0.024511,0.014488,-0.038999
NFC.DE,2023-04-18,0.38,positive,Q3,0.019897,-0.006243,0.02614,0.003431,-0.006258,0.009688,0.157118,0.023918,0.1332,0.395883,0.014488,0.381395
TL0.DE,2023-04-19,-14.62,negative,Q2,-0.001734,0.005425,-0.007159,-0.043095,0.000284,-0.043379,0.148499,0.027097,0.121402,0.779853,0.019813,0.760041
PA9.DE,2023-04-19,15.2,positive,Q4,0.002437,0.005425,-0.002987,-0.000962,0.000284,-0.001246,0.026299,0.027097,-0.000798,-0.062925,0.019813,-0.082738
LCR.DE,2023-04-19,-3.49,negative,Q3,-0.003504,0.005425,-0.008928,0.007929,0.000284,0.007646,-0.012539,0.027097,-0.039636,-0.04905,0.019813,-0.068863
68V.DE,2023-04-19,119.22,positive,Q5,-0.009766,0.005425,-0.01519,-0.044141,0.000284,-0.044424,-0.046094,0.027097,-0.073191,0.1625,0.019813,0.142687
DWD.DE,2023-04-19,6.45,positive,Q4,0.0,0.005425,-0.005425,-0.022658,0.000284,-0.022941,-0.068239,0.027097,-0.095336,0.010662,0.019813,-0.00915
IBM.DE,2023-04-19,-20.6,negative,Q2,-0.018396,0.005425,-0.02382,-0.022663,0.000284,-0.022946,0.027214,0.027097,0.000117,0.050635,0.019813,0.030823
XER2.DE,2023-04-19,165.12,positive,Q5,-0.014376,0.005425,-0.0198,0.121294,0.000284,0.12101,0.068284,0.027097,0.041187,0.127583,0.019813,0.10777
FFV.DE,2023-04-19,-44.84,negative,Q1,-0.004083,0.005425,-0.009508,-0.023683,0.000284,-0.023967,0.094324,0.027097,0.067227,0.097183,0.019813,0.07737
ABL.DE,2023-04-19,-24.29,negative,Q2,0.004364,0.005425,-0.001061,-0.032835,0.000284,-0.033118,-0.006546,0.027097,-0.033643,-0.048628,0.019813,-0.068441
4I1.DE,2023-04-20,-4.84,negative,Q3,0.010783,-0.001115,0.011898,0.017633,0.002564,0.015069,None,None,None,0.028035,0.02031,0.007725
AEC1.DE,2023-04-20,-8.57,negative,Q3,-0.014779,-0.001115,-0.013664,-0.028587,0.002564,-0.031151,None,None,None,0.062795,0.02031,0.042485
UNP.DE,2023-04-20,3.38,positive,Q4,-0.000866,-0.001115,0.00025,-0.025506,0.002564,-0.02807,0.006809,0.017076,-0.010267,0.074903,0.02031,0.054593
SRT3.DE,2023-04-20,-26.84,negative,Q2,0.029381,-0.001115,0.030496,0.003414,0.002564,0.00085,-0.05024,0.017076,-0.067316,-0.072763,0.02031,-0.093073
DC7.DE,2023-04-20,-5.82,negative,Q3,-0.015334,-0.001115,-0.014219,-0.023491,0.002564,-0.026055,-0.013051,0.017076,-0.030127,-0.037085,0.02031,-0.057396
MUM.DE,2023-04-20,-8.51,negative,Q3,-0.005026,-0.001115,-0.003911,0.029939,0.002564,0.027375,0.047421,0.017076,0.030345,0.057692,0.02031,0.037382
SRT.DE,2023-04-20,-22.83,negative,Q2,0.0141,-0.001115,0.015215,-0.007068,0.002564,-0.009632,-0.02646,0.017076,-0.043536,-0.065244,0.02031,-0.085554
SOBA.DE,2023-04-20,-3.7,negative,Q3,-0.0321,-0.001115,-0.030985,-0.036985,0.002564,-0.039549,None,None,None,-0.200977,0.02031,-0.221287
FPMB.DE,2023-04-21,59.36,positive,Q5,-0.040953,0.000516,-0.041468,-0.064769,-0.008637,-0.056133,-0.119663,-0.001375,-0.118288,0.035434,0.019747,0.015687
PRG.DE,2023-04-21,3.28,positive,Q4,0.004399,0.000516,0.003883,-0.001342,-0.008637,0.007295,-0.042794,-0.001375,-0.041419,-0.028927,0.019747,-0.048674
CCC3.DE,2023-04-24,10.4,positive,Q4,-0.012533,-0.004813,-0.007719,-0.005986,-0.003596,-0.00239,-0.031051,-0.004935,-0.026116,-0.024878,0.020087,-0.044965
KMY.DE,2023-04-25,27.27,positive,Q5,0.001505,0.000299,0.001206,0.006857,-0.003893,0.01075,-0.031276,0.011917,-0.043193,-0.072838,0.026327,-0.099166
JNP.DE,2023-04-25,-40.25,negative,Q1,-0.00735,0.000299,-0.007649,-0.043714,-0.003893,-0.039821,0.04913,0.011917,0.037213,0.001934,0.026327,-0.024393
PAE.DE,2023-04-25,-22.29,negative,Q2,0.008275,0.000299,0.007977,-0.02615,-0.003893,-0.022257,0.007779,0.011917,-0.004138,0.184707,0.026327,0.15838
3V64.DE,2023-04-25,1.63,positive,Q3,-0.005781,0.000299,-0.00608,-0.018714,-0.003893,-0.014822,0.014109,0.011917,0.002192,0.0461,0.026327,0.019773
TII.DE,2023-04-25,4.27,positive,Q4,-0.004791,0.000299,-0.00509,-0.01822,-0.003893,-0.014327,0.093786,0.011917,0.081869,0.135308,0.026327,0.10898
MDO.DE,2023-04-25,4.65,positive,Q4,0.008358,0.000299,0.008059,0.015945,-0.003893,0.019838,0.017852,0.011917,0.005935,0.015661,0.026327,-0.010666
BAC.DE,2023-04-25,-2.73,negative,Q3,0.029443,0.000299,0.029144,0.007449,-0.003893,0.011342,-0.034055,0.011917,-0.045972,-0.064917,0.026327,-0.091244
PEP.DE,2023-04-25,0.79,positive,Q3,-0.000319,0.000299,-0.000617,0.02784,-0.003893,0.031733,0.007071,0.011917,-0.004846,0.022106,0.026327,-0.004221
HAL.DE,2023-04-25,6.45,positive,Q4,-0.04767,0.000299,-0.047969,-0.126882,-0.003893,-0.122989,-0.060932,0.011917,-0.072849,0.163441,0.026327,0.137114
2OY.DE,2023-04-25,-128.42,negative,Q1,-0.002967,0.000299,-0.003266,-0.003215,-0.003893,0.000678,-0.02003,0.011917,-0.031947,0.035114,0.026327,0.008786
MSF.DE,2023-04-25,8.7,positive,Q4,0.020592,0.000299,0.020294,0.0347,-0.003893,0.038593,0.151314,0.011917,0.139397,0.172324,0.026327,0.145996
UPAB.DE,2023-04-25,-0.99,negative,Q3,0.030996,0.000299,0.030697,0.006116,-0.003893,0.010009,0.032942,0.011917,0.021025,0.079366,0.026327,0.053039
EVT.DE,2023-04-25,-156.11,negative,Q1,0.01968,0.000299,0.019381,0.052276,-0.003893,0.056168,0.252768,0.011917,0.24085,0.490775,0.026327,0.464448
8GM.DE,2023-04-25,-1.26,negative,Q3,-0.012879,0.000299,-0.013177,-0.021232,-0.003893,-0.017339,0.048033,0.011917,0.036116,0.158371,0.026327,0.132044
5CV.DE,2023-04-25,-117.65,negative,Q1,0.007587,0.000299,0.007288,-0.003035,-0.003893,0.000858,0.341426,0.011917,0.329509,0.248862,0.026327,0.222535
ABEA.DE,2023-04-25,8.87,positive,Q4,0.031037,0.000299,0.030739,0.005952,-0.003893,0.009845,0.227253,0.011917,0.215336,0.159758,0.026327,0.13343
5UR.DE,2023-04-25,-14.52,negative,Q2,0.007893,0.000299,0.007594,-0.020091,-0.003893,-0.016198,-0.006936,0.011917,-0.018853,-0.142191,0.026327,-0.168518
MMM.DE,2023-04-25,32.79,positive,Q5,-0.001392,0.000299,-0.001691,-0.021161,-0.003893,-0.017268,-0.023806,0.011917,-0.035723,0.076987,0.026327,0.05066
FIV.DE,2023-04-25,-43.45,negative,Q1,0.015421,0.000299,0.015122,0.003738,-0.003893,0.007631,-0.011215,0.011917,-0.023132,0.103738,0.026327,0.077411
ADM.DE,2023-04-25,18.9,positive,Q5,0.008619,0.000299,0.008321,-0.042783,-0.003893,-0.03889,-0.022254,0.011917,-0.034171,0.078358,0.026327,0.05203
BCO.DE,2023-04-26,34.51,positive,Q5,-0.000108,0.007717,-0.007824,-0.034531,0.010162,-0.044693,0.016351,0.009638,0.006713,0.099935,0.020949,0.078986
IBE1.DE,2023-04-26,38.64,positive,Q5,-0.002801,0.007717,-0.010518,-0.003735,0.010162,-0.013897,-0.020542,0.009638,-0.030179,-0.014006,0.020949,-0.034955
DB1.DE,2023-04-26,2.38,positive,Q3,0.023112,0.007717,0.015395,0.03996,0.010162,0.029798,-0.008142,0.009638,-0.01778,0.024803,0.020949,0.003853
MTT.DE,2023-04-26,-21.02,negative,Q2,-0.003656,0.007717,-0.011373,0.004266,0.010162,-0.005897,0.026204,0.009638,0.016566,0.173065,0.020949,0.152116
NFS.DE,2023-04-26,-35.17,negative,Q2,0.007692,0.007717,-2.5e-05,0.048562,0.010162,0.0384,0.093852,0.009638,0.084215,0.172723,0.020949,0.151773
MTX.DE,2023-04-26,29.52,positive,Q5,0.001693,0.007717,-0.006024,-0.039627,0.010162,-0.049789,-0.049045,0.009638,-0.058683,-0.108898,0.020949,-0.129847
AHC.DE,2023-04-26,9.82,positive,Q4,0.026368,0.007717,0.018651,-0.029909,0.010162,-0.040072,-0.048721,0.009638,-0.058359,0.038567,0.020949,0.017618
EBA.DE,2023-04-26,-2.53,negative,Q3,0.019191,0.007717,0.011475,-0.00435,0.010162,-0.014512,0.003838,0.009638,-0.005799,0.066018,0.020949,0.045069
AWC.DE,2023-04-26,-1.87,negative,Q3,-0.017492,0.007717,-0.025209,-0.021846,0.010162,-0.032008,-0.016715,0.009638,-0.026352,-0.012283,0.020949,-0.033233
FB2A.DE,2023-04-26,8.6,positive,Q4,-0.009413,0.007717,-0.017129,-0.033848,0.010162,-0.04401,0.133908,0.009638,0.124271,0.230445,0.020949,0.209495
BEI.DE,2023-04-26,-17.86,negative,Q2,0.001205,0.007717,-0.006512,-0.003535,0.010162,-0.013698,-0.019765,0.009638,-0.029403,-0.073518,0.020949,-0.094467
BM8.DE,2023-04-26,68.13,positive,Q5,0.041458,0.007717,0.033741,0.047415,0.010162,0.037252,-0.012628,0.009638,-0.022266,-0.062664,0.020949,-0.083613
PUM.DE,2023-04-26,13.04,positive,Q4,0.018401,0.007717,0.010684,-0.002658,0.010162,-0.01282,-0.124923,0.009638,-0.134561,0.161726,0.020949,0.140776
KC4.DE,2023-04-26,16.67,positive,Q4,-0.002002,0.007717,-0.009719,0.020024,0.010162,0.009862,-0.071085,0.009638,-0.080723,-0.103324,0.020949,-0.124273
KLA.DE,2023-04-26,-5.7,negative,Q3,0.062119,0.007717,0.054402,0.068881,0.010162,0.058718,0.250624,0.009638,0.240986,0.270372,0.020949,0.249422
ADP.DE,2023-04-26,1.76,positive,Q3,0.0,0.007717,-0.007717,-0.023688,0.010162,-0.03385,-0.006678,0.009638,-0.016316,0.155745,0.020949,0.134795
GDX.DE,2023-04-26,1.67,positive,Q3,0.009189,0.007717,0.001472,-0.020757,0.010162,-0.030919,-0.019459,0.009638,-0.029097,0.044054,0.020949,0.023105
SY1.DE,2023-04-26,-50.0,negative,Q1,0.016299,0.007717,0.008582,0.020422,0.010162,0.010259,-0.034228,0.009638,-0.043866,-0.09185,0.020949,-0.1128
BRM.DE,2023-04-27,-45.93,negative,Q1,0.018086,-0.012275,0.03036,0.033065,0.001912,0.031153,-0.023383,-0.000846,-0.022537,-0.065765,0.030375,-0.096141
SNW.DE,2023-04-27,7.46,positive,Q4,-0.034355,-0.012275,-0.02208,0.000225,0.001912,-0.001687,-0.027934,-0.000846,-0.027088,0.01025,0.030375,-0.020125
SOW.DE,2023-04-27,12.5,positive,Q4,0.044094,-0.012275,0.056369,0.043465,0.001912,0.041552,0.047559,-0.000846,0.048405,-0.014803,0.030375,-0.045179
UWS.DE,2023-04-27,0.84,positive,Q3,0.006724,-0.012275,0.018998,0.026062,0.001912,0.02415,0.00603,-0.000846,0.006876,-0.011714,0.030375,-0.04209
INL.DE,2023-04-27,-304.64,negative,Q1,-0.034194,-0.012275,-0.02192,-0.002546,0.001912,-0.004459,-0.004365,-0.000846,-0.003519,0.125864,0.030375,0.095488
RWL.DE,2023-04-27,0.0,negative,Q3,-0.015565,-0.012275,-0.003291,-0.009713,0.001912,-0.011625,0.043526,-0.000846,0.044372,0.180322,0.030375,0.149946
GIS.DE,2023-04-27,-47.73,negative,Q1,-0.007113,-0.012275,0.005161,-0.037641,0.001912,-0.039553,-0.03853,-0.000846,-0.037684,-0.036307,0.030375,-0.066683
KGX.DE,2023-04-27,68.89,positive,Q5,0.028675,-0.012275,0.040949,-0.014477,0.001912,-0.016389,-0.109967,-0.000846,-0.109121,0.021437,0.030375,-0.008939
REP.DE,2023-04-27,37.14,positive,Q5,-0.047578,-0.012275,-0.035303,-0.017301,0.001912,-0.019213,-0.027682,-0.000846,-0.026836,0.057093,0.030375,0.026718
ALD.DE,2023-04-27,6.74,positive,Q4,0.031028,-0.012275,0.043303,0.026805,0.001912,0.024893,0.041983,-0.000846,0.042829,0.046634,0.030375,0.016259
NEM.DE,2023-04-27,-1.91,negative,Q3,-0.0393,-0.012275,-0.027026,-0.048623,0.001912,-0.050535,0.031985,-0.000846,0.032831,-0.064831,0.030375,-0.095206
BOY.DE,2023-04-27,0.0,negative,Q3,-0.038128,-0.012275,-0.025854,-0.041594,0.001912,-0.043507,-0.045061,-0.000846,-0.044215,0.084922,0.030375,0.054547
VOS.DE,2023-04-27,72.33,positive,Q5,-0.007181,-0.012275,0.005093,0.012054,0.001912,0.010142,-0.024109,-0.000846,-0.023263,0.000769,0.030375,-0.029606
4AB.DE,2023-04-27,-94.65,negative,Q1,0.01252,-0.012275,0.024795,-0.017609,0.001912,-0.019521,-0.072698,-0.000846,-0.071852,0.010016,0.030375,-0.020359
TM5.DE,2023-04-27,4.29,positive,Q4,-0.02766,-0.012275,-0.015385,-0.008983,0.001912,-0.010896,-0.041608,-0.000846,-0.040762,-0.023247,0.030375,-0.053622
CTP2.DE,2023-04-27,9.74,positive,Q4,0.019157,-0.012275,0.031432,0.006779,0.001912,0.004866,0.006484,-0.000846,0.00733,0.083112,0.030375,0.052737
LLY.DE,2023-04-27,-18.24,negative,Q2,0.018356,-0.012275,0.030631,0.093398,0.001912,0.091486,0.102931,-0.000846,0.103777,0.155332,0.030375,0.124957
INP.DE,2023-04-27,6.75,positive,Q4,0.0,-0.012275,0.012275,-0.032645,0.001912,-0.034558,-0.058161,-0.000846,-0.057315,0.042777,0.030375,0.012401
DBK.DE,2023-04-27,8.7,positive,Q4,-0.031833,-0.012275,-0.019559,-0.027442,0.001912,-0.029355,0.001098,-0.000846,0.001944,0.058178,0.030375,0.027802
F3A.DE,2023-04-27,-60.0,negative,Q1,0.016548,-0.012275,0.028822,0.026477,0.001912,0.024564,0.20252,-0.000846,0.203366,0.14613,0.030375,0.115755
AIXA.DE,2023-04-27,-83.33,negative,Q1,0.0,-0.012275,0.012275,0.047097,0.001912,0.045185,0.149817,-0.000846,0.150663,0.382054,0.030375,0.351679
SGM.DE,2023-04-27,12.25,positive,Q4,0.020207,-0.012275,0.032482,0.003722,0.001912,0.00181,0.050518,-0.000846,0.051364,0.310822,0.030375,0.280446
1SI.DE,2023-04-27,8.11,positive,Q4,-0.02574,-0.012275,-0.013466,-0.030888,0.001912,-0.0328,0.239382,-0.000846,0.240228,0.209781,0.030375,0.179406
PHM7.DE,2023-04-27,-15.6,negative,Q2,-0.008552,-0.012275,0.003723,-0.011688,0.001912,-0.0136,-0.045895,-0.000846,-0.045049,-0.009977,0.030375,-0.040353
HFG.DE,2023-04-27,-163.56,negative,Q1,-0.024763,-0.012275,-0.012488,-0.007429,0.001912,-0.009341,-0.096987,-0.000846,-0.096141,0.060669,0.030375,0.030293
AMG.DE,2023-04-27,36.9,positive,Q5,-0.003694,-0.012275,0.008581,-0.015736,0.001912,-0.017648,-0.05677,-0.000846,-0.055924,0.011536,0.030375,-0.018839
6MK.DE,2023-04-27,-16.39,negative,Q2,0.013434,-0.012275,0.025708,0.026868,0.001912,0.024955,-0.024904,-0.000846,-0.024058,-0.069546,0.030375,-0.099922
AMZ.DE,2023-04-27,43.31,positive,Q5,-0.018963,-0.012275,-0.006688,0.00021,0.001912,-0.001703,0.185542,-0.000846,0.186388,0.260555,0.030375,0.23018
KTF.DE,2023-04-27,40.75,positive,Q5,0.003515,-0.012275,0.01579,0.016201,0.001912,0.014288,-0.01727,-0.000846,-0.016424,-0.037597,0.030375,-0.067973
DWS.DE,2023-04-27,59.49,positive,Q5,-0.022164,-0.012275,-0.00989,0.003477,0.001912,0.001564,0.019122,-0.000846,0.019968,0.123859,0.030375,0.093484
RDO.DE,2023-04-27,-10.79,negative,Q2,-0.01506,-0.012275,-0.002786,-0.03012,0.001912,-0.032033,-0.009036,-0.000846,-0.00819,0.292169,0.030375,0.261793
CAT1.DE,2023-04-27,29.28,positive,Q5,-0.030195,-0.012275,-0.017921,-0.017636,0.001912,-0.019548,-0.017636,-0.000846,-0.01679,0.195615,0.030375,0.165239
USX1.DE,2023-04-27,70.63,positive,Q5,-0.037727,-0.012275,-0.025452,-0.048506,0.001912,-0.050418,-0.041646,-0.000846,-0.0408,0.119059,0.030375,0.088684
XONA.DE,2023-04-28,6.67,positive,Q4,-0.018186,0.005603,-0.023789,-0.004409,0.014532,-0.01894,-0.03053,-0.004001,-0.026529,-0.0507,0.047232,-0.097932
MBG.DE,2023-04-28,16.04,positive,Q4,0.010009,0.005603,0.004406,0.042584,0.014532,0.028052,0.083167,-0.004001,0.087167,0.142129,0.047232,0.094898
WCH.DE,2023-04-28,23.33,positive,Q5,0.012186,0.005603,0.006583,0.076613,0.014532,0.062081,0.039337,-0.004001,0.043338,0.182885,0.047232,0.135654
CHV.DE,2023-04-28,1.27,positive,Q3,-0.011806,0.005603,-0.017409,0.0,0.014532,-0.014532,-0.004505,-0.004001,-0.000504,0.002951,0.047232,-0.04428
HRS.DE,2023-04-28,-38.4,negative,Q1,-0.06707,0.005603,-0.072673,-0.065472,0.014532,-0.080004,-0.078543,-0.004001,-0.074542,-0.041441,0.047232,-0.088672
1COV.DE,2023-04-28,-64.1,negative,Q1,0.012086,0.005603,0.006483,0.050447,0.014532,0.035915,-0.052549,-0.004001,-0.048548,0.300578,0.047232,0.253346
CPA.DE,2023-04-28,-36.42,negative,Q2,0.004057,0.005603,-0.001546,0.009564,0.014532,-0.004968,-0.045646,-0.004001,-0.041645,-0.062889,0.047232,-0.110121
FPE3.DE,2023-04-28,1.89,positive,Q3,-0.021924,0.005603,-0.027528,0.009135,0.014532,-0.005397,-0.040499,-0.004001,-0.036499,0.083739,0.047232,0.036508
MUV2.DE,2023-04-28,-2.0,negative,Q3,0.013119,0.005603,0.007516,0.03737,0.014532,0.022838,0.031804,-0.004001,0.035805,0.079079,0.047232,0.031847
2M6.DE,2023-04-29,-43.05,negative,Q1,-0.016724,-0.00511,-0.011613,-0.012378,0.005132,-0.017511,None,None,None,-0.024888,0.039947,-0.064835
IXD1.DE,2023-04-29,17.1,positive,Q4,0.0,-0.00511,0.00511,0.011096,0.005132,0.005963,0.018377,0.002441,0.015937,0.12656,0.039947,0.086613
CIS.DE,2023-04-29,-19.59,negative,Q2,-0.002068,-0.00511,0.003042,0.025595,0.005132,0.020462,None,None,None,0.142451,0.039947,0.102504
UT8.DE,2023-05-02,9.99,positive,Q4,-0.012835,-0.00511,-0.007725,0.027421,0.005132,0.022289,0.029172,0.002441,0.026731,0.298716,0.039947,0.258769
FMC1.DE,2023-05-02,4.48,positive,Q4,-0.01828,-0.00511,-0.013169,0.012903,0.005132,0.007771,None,None,None,0.124731,0.039947,0.084784
EW1.DE,2023-05-02,1.63,positive,Q3,0.0,-0.00511,0.00511,-0.018919,0.005132,-0.024051,-0.022472,0.002441,-0.024913,0.091424,0.039947,0.051477
AMD.DE,2023-05-02,-115.26,negative,Q1,0.010735,-0.00511,0.015846,0.210547,0.005132,0.205415,0.494632,0.002441,0.492192,0.373054,0.039947,0.333107
PFE.DE,2023-05-02,-1.98,negative,Q3,-0.007328,-0.00511,-0.002218,-0.00433,0.005132,-0.009463,0.021652,0.002441,0.019212,-0.047635,0.039947,-0.087582
SRB.DE,2023-05-02,21.04,positive,Q5,0.004195,-0.00511,0.009306,0.029595,0.005132,0.024463,-0.03277,0.002441,-0.035211,-0.024266,0.039947,-0.064213
RDC.DE,2023-05-02,92.19,positive,Q5,0.022,-0.00511,0.027111,0.042186,0.005132,0.037054,0.060785,0.002441,0.058344,0.19755,0.039947,0.157603
SAE.DE,2023-05-02,-92.19,negative,Q1,0.022,-0.00511,0.027111,0.042186,0.005132,0.037054,0.060785,0.002441,0.058344,None,None,None
48Z.DE,2023-05-02,-6.33,negative,Q3,-0.028381,-0.00511,-0.023271,-0.00691,0.005132,-0.012043,0.002962,0.002441,0.000521,0.144373,0.039947,0.104426
LHA.DE,2023-05-03,-9.3,negative,Q3,0.0,0.014413,-0.014413,-0.007151,0.006398,-0.01355,0.010727,0.020147,-0.009419,-0.013111,0.032169,-0.04528
DHL.DE,2023-05-03,4.11,positive,Q4,0.014686,0.014413,0.000273,-0.003738,0.006398,-0.010136,0.038718,0.020147,0.018572,0.072897,0.032169,0.040728
QCI.DE,2023-05-03,-29.29,negative,Q2,0.015524,0.014413,0.00111,-0.016184,0.006398,-0.022582,0.127601,0.020147,0.107454,0.246504,0.032169,0.214335
DPW.DE,2023-05-03,4.11,positive,Q4,0.014482,0.014413,6.9e-05,-0.004065,0.006398,-0.010463,0.038872,0.020147,0.018725,0.073171,0.032169,0.041001
COZ.DE,2023-05-03,8.81,positive,Q4,0.007144,0.014413,-0.007269,-0.003297,0.006398,-0.009695,0.052574,0.020147,0.032427,0.054589,0.032169,0.022419
ABR.DE,2023-05-03,-41.62,negative,Q1,-0.015101,0.014413,-0.029514,-0.058166,0.006398,-0.064564,-0.134787,0.020147,-0.154934,-0.16443,0.032169,-0.196599
MLB1.DE,2023-05-03,40.47,positive,Q5,-0.034075,0.014413,-0.048488,0.01113,0.006398,0.004732,-0.005993,0.020147,-0.02614,-0.056507,0.032169,-0.088676
TMV.DE,2023-05-03,-7.14,negative,Q3,0.004759,0.014413,-0.009654,0.067981,0.006398,0.061583,-0.002039,0.020147,-0.022186,0.148878,0.032169,0.116709
3E2.DE,2023-05-03,2.24,positive,Q3,-0.020323,0.014413,-0.034736,0.052959,0.006398,0.046561,-0.051285,0.020147,-0.071432,0.073521,0.032169,0.041351
CVS.DE,2023-05-03,-21.65,negative,Q2,0.036007,0.014413,0.021594,0.013369,0.006398,0.006971,0.041355,0.020147,0.021208,0.092692,0.032169,0.060522
KCO.DE,2023-05-03,-233.33,negative,Q1,0.006674,0.014413,-0.007739,-0.032258,0.006398,-0.038656,-0.067853,0.020147,-0.088,-0.10901,0.032169,-0.141179
PEO.DE,2023-05-03,1.48,positive,Q3,-0.001684,0.014413,-0.016098,0.001684,0.006398,-0.004714,-0.035654,0.020147,-0.055801,-0.017125,0.032169,-0.049295
KHNZ.DE,2023-05-03,13.07,positive,Q4,0.017204,0.014413,0.00279,0.010635,0.006398,0.004237,-0.026587,0.020147,-0.046734,-0.102909,0.032169,-0.135078
R66.DE,2023-05-03,17.68,positive,Q4,-0.024745,0.014413,-0.039158,0.01875,0.006398,0.012352,0.076531,0.020147,0.056384,0.219133,0.032169,0.186963
WMB.DE,2023-05-04,60.32,positive,Q5,-0.019129,-0.000513,-0.018616,-0.015466,-0.002957,-0.012509,0.027269,0.00018,0.027089,0.140415,0.003697,0.136719
VOW.DE,2023-05-04,-42.1,negative,Q1,0.017036,-0.000513,0.017549,0.023425,-0.002957,0.026382,0.041801,0.00018,0.041622,-0.004969,0.003697,-0.008665
GTR.DE,2023-05-04,-26.67,negative,Q2,-0.000965,-0.000513,-0.000452,0.305019,-0.002957,0.307977,0.190154,0.00018,0.189975,0.3861,0.003697,0.382404
YCP.DE,2023-05-04,15.26,positive,Q4,0.024302,-0.000513,0.024815,0.014871,-0.002957,0.017828,0.082215,0.00018,0.082035,0.182082,0.003697,0.178385
NRA.DE,2023-05-04,-489.59,negative,Q1,0.001836,-0.000513,0.002349,0.065345,-0.002957,0.068302,0.093612,0.00018,0.093433,0.211821,0.003697,0.208124
IFX.DE,2023-05-04,11.29,positive,Q4,0.000307,-0.000513,0.00082,0.017517,-0.002957,0.020474,0.065765,0.00018,0.065585,0.159189,0.003697,0.155492
HEN3.DE,2023-05-04,92.93,positive,Q5,0.004871,-0.000513,0.005384,0.022779,-0.002957,0.025737,0.010602,0.00018,0.010422,-0.05659,0.003697,-0.060287
1QZ.DE,2023-05-04,76.55,positive,Q5,0.0,-0.000513,0.000513,0.043969,-0.002957,0.046926,0.079767,0.00018,0.079587,0.60214,0.003697,0.598444
VNA.DE,2023-05-04,32.14,positive,Q5,-0.011494,-0.000513,-0.010981,-0.024198,-0.002957,-0.021241,-0.00726,0.00018,-0.007439,0.140956,0.003697,0.137259
SII.DE,2023-05-04,-3.09,negative,Q3,0.005247,-0.000513,0.00576,-0.019021,-0.002957,-0.016063,-0.085483,0.00018,-0.085663,-0.170748,0.003697,-0.174444
BOSS.DE,2023-05-04,-13.79,negative,Q2,-0.001094,-0.000513,-0.000581,-0.037674,-0.002957,-0.034717,-0.032203,0.00018,-0.032382,0.051899,0.003697,0.048203
KEL.DE,2023-05-04,-28.97,negative,Q2,-0.006151,-0.000513,-0.005637,0.007417,-0.002957,0.010374,-0.008502,0.00018,-0.008682,-0.036179,0.003697,-0.039876
ZAL.DE,2023-05-04,-164.47,negative,Q1,-0.000919,-0.000513,-0.000406,-0.013783,-0.002957,-0.010825,-0.200919,0.00018,-0.201099,-0.101991,0.003697,-0.105687
VOW3.DE,2023-05-04,19.91,positive,Q5,-0.000292,-0.000513,0.000221,0.007399,-0.002957,0.010356,0.035241,0.00018,0.035062,0.005841,0.003697,0.002145
PCE1.DE,2023-05-04,-34.02,negative,Q2,0.012377,-0.000513,0.012891,0.035422,-0.002957,0.03838,0.0589,0.00018,0.05872,0.126333,0.003697,0.122637
AXJ.DE,2023-05-04,-37.78,negative,Q1,-0.017892,-0.000513,-0.017379,-0.009188,-0.002957,-0.00623,0.09236,0.00018,0.09218,0.202611,0.003697,0.198915
ALS.DE,2023-05-04,-15.17,negative,Q2,0.0,-0.000513,0.000513,0.028242,-0.002957,0.0312,-0.020468,0.00018,-0.020648,-0.072722,0.003697,-0.076418
BFSA.DE,2023-05-04,-22.45,negative,Q2,0.018245,-0.000513,0.018758,0.044309,-0.002957,0.047267,-0.029829,0.00018,-0.030009,-0.053287,0.003697,-0.056983
RAA.DE,2023-05-04,41.3,positive,Q5,-0.085228,-0.000513,-0.084715,-0.071136,-0.002957,-0.068179,-0.096523,0.00018,-0.096703,-0.070414,0.003697,-0.074111
G24.DE,2023-05-04,-3.85,negative,Q3,-0.03464,-0.000513,-0.034127,-0.016353,-0.002957,-0.013396,0.009144,0.00018,0.008964,0.0,0.003697,-0.003697
ZOE.DE,2023-05-04,-5.22,negative,Q3,0.006883,-0.000513,0.007397,0.010755,-0.002957,0.013713,-0.043144,0.00018,-0.043324,0.006945,0.003697,0.003248
FRA.DE,2023-05-04,76.92,positive,Q5,0.011313,-0.000513,0.011826,-0.001281,-0.002957,0.001677,-0.001281,0.00018,-0.00146,-0.01302,0.003697,-0.016717
2X0.DE,2023-05-04,-11.68,negative,Q2,0.003874,-0.000513,0.004388,-0.007555,-0.002957,-0.004598,0.001162,0.00018,0.000983,-0.025378,0.003697,-0.029074
SWF.DE,2023-05-04,-70.19,negative,Q1,-0.011402,-0.000513,-0.010888,-0.061457,-0.002957,-0.0585,-0.033231,0.00018,-0.033411,0.209677,0.003697,0.205981
BMW.DE,2023-05-04,12.5,positive,Q4,0.012889,-0.000513,0.013402,0.003053,-0.002957,0.00601,0.074053,0.00018,0.073873,0.062069,0.003697,0.058372
IC2.DE,2023-05-04,-16.28,negative,Q2,-0.009215,-0.000513,-0.008702,0.015183,-0.002957,0.01814,0.027435,0.00018,0.027255,0.074346,0.003697,0.070649
ELG.DE,2023-05-04,18.35,positive,Q5,-0.007241,-0.000513,-0.006728,-0.044803,-0.002957,-0.041846,-0.016745,0.00018,-0.016924,0.192186,0.003697,0.188489
RHM.DE,2023-05-04,63.16,positive,Q5,-0.005274,-0.000513,-0.00476,0.018108,-0.002957,0.021066,-0.09791,0.00018,-0.09809,0.007019,0.003697,0.003322
FNTN.DE,2023-05-04,-28.57,negative,Q2,0.00186,-0.000513,0.002374,0.004651,-0.002957,0.007608,-0.05907,0.00018,-0.05925,-0.109767,0.003697,-0.113464
NWO.DE,2023-05-04,-30.0,negative,Q2,0.033928,-0.000513,0.034441,0.045266,-0.002957,0.048223,0.026398,0.00018,0.026218,-0.094686,0.003697,-0.098382
SGL.DE,2023-05-05,-20.0,negative,Q2,0.032184,0.000166,0.032018,0.037931,-0.002231,0.040162,-0.008046,0.002483,-0.010529,-0.137931,-0.003727,-0.134204
G1A.DE,2023-05-05,25.58,positive,Q5,0.001038,0.000166,0.000871,-0.000259,-0.002231,0.001972,-0.003113,0.002483,-0.005596,-0.054994,-0.003727,-0.051267
ADS.DE,2023-05-05,63.64,positive,Q5,-0.024739,0.000166,-0.024906,-0.016653,-0.002231,-0.014422,-0.05511,0.002483,-0.057593,0.062178,-0.003727,0.065905
CGN.DE,2023-05-05,-19.59,negative,Q2,0.011627,0.000166,0.011461,-0.028331,-0.002231,-0.0261,0.025598,0.002483,0.023115,0.10213,-0.003727,0.105857
SYV.DE,2023-05-08,-215.34,negative,Q1,0.077029,-0.003713,0.080742,0.045392,-0.003607,0.048999,0.218707,0.000318,0.218389,0.002751,-0.000227,0.002978
WDC.DE,2023-05-08,-179.27,negative,Q1,-0.023195,-0.003713,-0.019482,0.099967,-0.003607,0.103574,0.218883,0.000318,0.218564,0.286181,-0.000227,0.286408
WYR.DE,2023-05-08,163.12,positive,Q5,-0.003919,-0.003713,-0.000206,-0.069139,-0.003607,-0.065532,-0.050045,0.000318,-0.050364,-0.06934,-0.000227,-0.069113
DWNI.DE,2023-05-08,-41.67,negative,Q1,0.020624,-0.003713,0.024338,0.029614,-0.003607,0.033221,0.097832,0.000318,0.097513,0.176626,-0.000227,0.176853
2PP.DE,2023-05-08,-36.14,negative,Q2,-0.039627,-0.003713,-0.035914,-0.069264,-0.003607,-0.065657,-0.004496,0.000318,-0.004814,-0.051449,-0.000227,-0.051222
HS2.DE,2023-05-09,-26.67,negative,Q2,0.018481,-0.003858,0.022339,0.019636,0.003464,0.016172,0.005198,0.005896,-0.000699,-0.006064,0.00343,-0.009494
0S6.DE,2023-05-09,-222.59,negative,Q1,0.009461,-0.003858,0.013318,0.087039,0.003464,0.083574,0.333491,0.005896,0.327595,0.106906,0.00343,0.103476
ERT.DE,2023-05-09,-103.24,negative,Q1,-0.010988,-0.003858,-0.007131,-0.012907,0.003464,-0.016371,0.022412,0.005896,0.016516,-0.028865,0.00343,-0.032296
I8R.DE,2023-05-09,-123.0,negative,Q1,-0.032258,-0.003858,-0.028401,-0.0553,0.003464,-0.058764,0.144393,0.005896,0.138497,0.09063,0.00343,0.087199
DTG.DE,2023-05-09,-2.17,negative,Q3,-0.003984,-0.003858,-0.000127,-0.010757,0.003464,-0.014221,0.063745,0.005896,0.057849,0.228287,0.00343,0.224856
SDF.DE,2023-05-09,5.22,positive,Q4,-0.039141,-0.003858,-0.035284,-0.003788,0.003464,-0.007252,-0.067551,0.005896,-0.073447,0.075126,0.00343,0.071696
AFX.DE,2023-05-09,-45.0,negative,Q1,-0.002636,-0.003858,0.001222,-0.031631,0.003464,-0.035095,-0.031631,0.005896,-0.037527,-0.115797,0.00343,-0.119228
NOEJ.DE,2023-05-09,-47.2,negative,Q1,-0.010808,-0.003858,-0.00695,-0.002275,0.003464,-0.00574,-0.067691,0.005896,-0.073587,-0.155859,0.00343,-0.159289
5G5.DE,2023-05-09,-77.86,negative,Q1,-0.032967,-0.003858,-0.02911,0.016484,0.003464,0.013019,0.07967,0.005896,0.073774,-0.06044,0.00343,-0.06387
FRE.DE,2023-05-09,3.39,positive,Q4,-0.015009,-0.003858,-0.011152,-0.020638,0.003464,-0.024102,-0.046904,0.005896,-0.052801,0.033771,0.00343,0.030341
DUE.DE,2023-05-09,-53.0,negative,Q1,-0.028678,-0.003858,-0.02482,-0.007449,0.003464,-0.010913,0.021974,0.005896,0.016078,0.023464,0.00343,0.020033
KIN2.DE,2023-05-09,76.65,positive,Q5,-0.002101,-0.003858,0.001757,-0.021008,0.003464,-0.024473,-0.090336,0.005896,-0.096232,-0.092437,0.00343,-0.095867
WAC.DE,2023-05-09,9.17,positive,Q4,-0.009221,-0.003858,-0.005364,-0.020492,0.003464,-0.023956,-0.040471,0.005896,-0.046368,0.106557,0.00343,0.103127
2KD.DE,2023-05-09,2.41,positive,Q3,0.001393,-0.003858,0.00525,-0.006964,0.003464,-0.010428,0.052925,0.005896,0.047028,0.03273,0.00343,0.029299
CO3A.DE,2023-05-09,285.67,positive,Q5,-0.030019,-0.003858,-0.026161,-0.0197,0.003464,-0.023164,0.032833,0.005896,0.026937,0.037523,0.00343,0.034093
U9R.DE,2023-05-09,-88.5,negative,Q1,0.002899,-0.003858,0.006756,-0.030435,0.003464,-0.033899,0.011594,0.005896,0.005698,0.036232,0.00343,0.032802
AK3.DE,2023-05-09,-53.11,negative,Q1,0.010126,-0.003858,0.013983,0.027301,0.003464,0.023836,0.103563,0.005896,0.097667,0.111254,0.00343,0.107823
FME.DE,2023-05-09,0.0,negative,Q3,-0.007315,-0.003858,-0.003458,-0.010485,0.003464,-0.01395,-0.012436,0.005896,-0.018332,0.083394,0.00343,0.079964
EX9.DE,2023-05-09,-23.55,negative,Q2,0.001692,-0.003858,0.00555,0.0,0.003464,-0.003464,0.013536,0.005896,0.00764,0.040609,0.00343,0.037179
HNM.DE,2023-05-09,2.48,positive,Q3,0.005328,-0.003858,0.009185,0.022376,0.003464,0.018912,0.076185,0.005896,0.070289,-0.055008,0.00343,-0.058438
HOT.DE,2023-05-09,0.0,negative,Q3,0.005797,-0.003858,0.009654,-0.015835,0.003464,-0.019299,0.057684,0.005896,0.051788,0.174184,0.00343,0.170753
EVK.DE,2023-05-09,19.05,positive,Q5,-0.001862,-0.003858,0.001995,-0.013656,0.003464,-0.01712,0.020484,0.005896,0.014588,0.00869,0.00343,0.00526
SHA.DE,2023-05-09,-9.52,negative,Q3,-0.01275,-0.003858,-0.008893,0.025501,0.003464,0.022037,0.009107,0.005896,0.003211,-0.045537,0.00343,-0.048968
AOMD.DE,2023-05-10,-289.9,negative,Q1,0.039927,0.004983,0.034944,0.149274,0.020742,0.128532,0.168784,0.007258,0.161526,0.11343,-0.003788,0.117218
UTDI.DE,2023-05-10,27.68,positive,Q5,0.001597,0.004983,-0.003386,0.029553,0.020742,0.008811,-0.039137,0.007258,-0.046395,0.141374,-0.003788,0.145162
WDP.DE,2023-05-10,45.0,positive,Q5,-0.002517,0.004983,-0.007501,0.029369,0.020742,0.008627,0.008271,0.007258,0.001013,-0.06701,-0.003788,-0.063222
CON.DE,2023-05-10,86.96,positive,Q5,0.019285,0.004983,0.014301,0.055546,0.020742,0.034804,0.056041,0.007258,0.048783,0.071535,-0.003788,0.075322
0Q3.DE,2023-05-10,9.97,positive,Q4,0.027689,0.004983,0.022706,0.116081,0.020742,0.095339,0.184239,0.007258,0.176981,0.259851,-0.003788,0.263639
BNR.DE,2023-05-10,0.72,positive,Q3,-0.003882,0.004983,-0.008865,-0.004744,0.020742,-0.025486,-0.052329,0.007258,-0.059587,-0.082231,-0.003788,-0.078443
EOAN.DE,2023-05-10,35.29,positive,Q5,0.008483,0.004983,0.003499,-0.032045,0.020742,-0.052787,-0.004713,0.007258,-0.011971,-0.029218,-0.003788,-0.02543
LEG.DE,2023-05-10,-18.75,negative,Q2,-0.028571,0.004983,-0.033555,-0.042262,0.020742,-0.063004,0.010516,0.007258,0.003258,0.152381,-0.003788,0.156169
HCL.DE,2023-05-10,-134.64,negative,Q1,0.0,0.004983,-0.004983,-0.037924,0.020742,-0.058666,-0.011976,0.007258,-0.019234,-0.07984,-0.003788,-0.076052
SYAB.DE,2023-05-10,13.21,positive,Q4,0.012739,0.004983,0.007756,-0.002123,0.020742,-0.022865,-0.016985,0.007258,-0.024243,-0.044586,-0.003788,-0.040798
LXS.DE,2023-05-10,85.71,positive,Q5,0.018507,0.004983,0.013524,0.015522,0.020742,-0.00522,-0.01403,0.007258,-0.021288,-0.13403,-0.003788,-0.130242
SHL.DE,2023-05-10,0.0,negative,Q3,-0.00154,0.004983,-0.006523,-0.014819,0.020742,-0.035561,-0.027906,0.007258,-0.035164,-0.105851,-0.003788,-0.102063
SZG.DE,2023-05-10,25.98,positive,Q5,0.029576,0.004983,0.024593,0.056852,0.020742,0.03611,0.091029,0.007258,0.083771,-0.081499,-0.003788,-0.077711
TUI1.DE,2023-05-10,30.36,positive,Q5,-0.028239,0.004983,-0.033223,0.023256,0.020742,0.002514,0.07309,0.007258,0.065832,0.11794,-0.003788,0.121728
HEI.DE,2023-05-10,74.36,positive,Q5,0.013813,0.004983,0.008829,0.041595,0.020742,0.020853,0.075655,0.007258,0.068397,0.144247,-0.003788,0.148035
TKA.DE,2023-05-11,87.5,positive,Q5,-0.004983,0.000215,-0.005198,0.076412,0.02272,0.053692,0.126246,0.011565,0.11468,0.043189,-0.003848,0.047038
ARL.DE,2023-05-11,56.67,positive,Q5,-0.011887,0.000215,-0.012102,-0.019317,0.02272,-0.042036,0.046113,0.011565,0.034547,0.030522,-0.003848,0.034371
KWS.DE,2023-05-11,163.28,positive,Q5,0.003471,0.000215,0.003256,0.017355,0.02272,-0.005365,0.008586,0.011565,-0.002979,-0.03818,-0.003848,-0.034332
DTE.DE,2023-05-11,5.41,positive,Q4,0.008362,0.000215,0.008147,0.008854,0.02272,-0.013866,-0.122479,0.011565,-0.134045,-0.128382,-0.003848,-0.124533
NDA.DE,2023-05-11,147.96,positive,Q5,-0.005808,0.000215,-0.006023,-0.0208,0.02272,-0.043519,0.006483,0.011565,-0.005082,-0.017423,-0.003848,-0.013575
GBF.DE,2023-05-11,-10.0,negative,Q2,-0.006628,0.000215,-0.006843,0.001205,0.02272,-0.021515,-0.073516,0.011565,-0.085082,-0.092498,-0.003848,-0.08865
HNR1.DE,2023-05-11,-18.29,negative,Q2,-0.002065,0.000215,-0.00228,0.02963,0.02272,0.00691,0.001339,0.011565,-0.010226,0.018358,-0.003848,0.022207
PSM.DE,2023-05-11,200.0,positive,Q5,0.003802,0.000215,0.003587,0.036755,0.02272,0.014036,None,None,None,0.053232,-0.003848,0.05708
WAF.DE,2023-05-11,5.77,positive,Q4,0.006744,0.000215,0.006529,0.117181,0.02272,0.094461,0.236891,0.011565,0.225325,0.326083,-0.003848,0.329932
JEN.DE,2023-05-11,-17.65,negative,Q2,-0.002172,0.000215,-0.002387,0.051412,0.02272,0.028692,0.087618,0.011565,0.076052,-0.007241,-0.003848,-0.003393
KBX.DE,2023-05-11,-2.53,negative,Q3,0.00126,0.000215,0.001045,0.028657,0.02272,0.005937,-0.023776,0.011565,-0.035341,-0.04456,-0.003848,-0.040712
BAYN.DE,2023-05-11,2.79,positive,Q3,-0.008074,0.000215,-0.008289,0.015959,0.02272,-0.00676,-0.048817,0.011565,-0.060383,-0.031919,-0.003848,-0.028071
MLP.DE,2023-05-11,66.67,positive,Q5,0.008475,0.000215,0.00826,-0.03178,0.02272,-0.0545,None,None,None,-0.012712,-0.003848,-0.008864
CWC.DE,2023-05-11,-5.66,negative,Q3,-0.014563,0.000215,-0.014778,-0.008354,0.02272,-0.031074,-0.05972,0.011565,-0.071285,-0.016934,-0.003848,-0.013086
INH.DE,2023-05-11,5.23,positive,Q4,0.017272,0.000215,0.017057,0.042958,0.02272,0.020238,0.024801,0.011565,0.013235,-0.045173,-0.003848,-0.041324
VBK.DE,2023-05-11,-26.09,negative,Q2,0.003298,0.000215,0.003083,-0.009295,0.02272,-0.032015,0.14093,0.011565,0.129364,0.275562,-0.003848,0.27941
RWE.DE,2023-05-11,174.39,positive,Q5,-0.001253,0.000215,-0.001468,-0.031587,0.02272,-0.054307,-0.066433,0.011565,-0.077998,-0.081725,-0.003848,-0.077877
MRK.DE,2023-05-11,-0.84,negative,Q3,0.002766,0.000215,0.002551,0.01251,0.02272,-0.01021,0.028038,0.011565,0.016473,-0.013642,-0.003848,-0.009794
B4B.DE,2023-05-11,-23.68,negative,Q2,-0.013216,0.000215,-0.013431,0.001468,0.02272,-0.021251,-0.013216,0.011565,-0.024781,0.002937,-0.003848,0.006785
HLAG.DE,2023-05-11,44.24,positive,Q5,-0.040854,0.000215,-0.041069,-0.04805,0.02272,-0.07077,-0.0625,0.011565,-0.074065,-0.003134,-0.003848,0.000715
VTSC.DE,2023-05-12,-17.14,negative,Q2,-0.016985,-0.001213,-0.015772,-0.008897,0.019272,-0.028168,0.111938,0.019692,0.092246,0.315755,0.004981,0.310775
ALV.DE,2023-05-12,-2.51,negative,Q3,-0.007096,-0.001213,-0.005883,0.005009,0.019272,-0.014263,-0.007565,0.019692,-0.027257,0.068663,0.004981,0.063683
JST.DE,2023-05-15,50.67,positive,Q5,0.00833,0.003357,0.004973,0.035072,0.016035,0.019037,0.064007,0.025969,0.038038,-0.027839,-0.004136,-0.023702
CMC.DE,2023-05-16,23.81,positive,Q5,0.017446,0.013294,0.004152,-0.000843,-0.006844,0.006001,0.030931,0.021241,0.00969,0.132153,-0.00295,0.135103
HBH.DE,2023-05-16,0.0,negative,Q3,0.011878,0.013294,-0.001417,0.000651,-0.006844,0.007495,0.050602,0.021241,0.029361,0.115685,-0.00295,0.118635
HDI.DE,2023-05-16,0.58,positive,Q3,0.011187,0.013294,-0.002107,0.00822,-0.006844,0.015064,0.039374,0.021241,0.018134,0.135565,-0.00295,0.138515
SIE.DE,2023-05-17,45.95,positive,Q5,0.012945,0.00693,0.006014,-0.026023,-0.022864,-0.003158,0.0383,0.012019,0.026281,-0.12731,-0.024505,-0.102806
DYH.DE,2023-05-17,16.25,positive,Q4,-0.034047,0.00693,-0.040978,-0.104714,-0.022864,-0.08185,-0.154725,0.012019,-0.166744,-0.193766,-0.024505,-0.169261
CBK.DE,2023-05-17,24.32,positive,Q5,-0.014085,0.00693,-0.021015,-0.019502,-0.022864,0.003362,0.055255,0.012019,0.043235,0.039003,-0.024505,0.063508
WMT.DE,2023-05-18,-53.06,negative,Q1,-0.001113,-0.003158,0.002045,-0.010906,-0.017905,0.006999,0.031827,-0.004558,0.036385,0.05809,-0.029857,0.087947
AHLA.DE,2023-05-18,-4.72,negative,Q3,0.020491,-0.003158,0.023648,-0.025074,-0.017905,-0.007169,0.069156,-0.004558,0.073714,0.053114,-0.029857,0.082971
VFP.DE,2023-05-23,-486.94,negative,Q1,-0.049261,-0.003051,-0.04621,-0.082512,-0.011243,-0.071269,0.01601,0.009218,0.006792,0.091749,-0.015077,0.106826
ANL.DE,2023-05-24,-30.0,negative,Q2,0.022689,0.012041,0.010648,0.041306,0.00379,0.037516,0.066257,0.002288,0.063969,0.018811,-0.005583,0.024394
SZU.DE,2023-05-25,19.3,positive,Q5,-0.001384,-0.001954,0.00057,-0.026298,0.004208,-0.030506,-0.001384,-0.010693,0.009308,-0.103806,-0.015988,-0.087818
AUD.DE,2023-05-25,-51.99,negative,Q1,0.008516,-0.001954,0.01047,0.029535,0.004208,0.025327,-0.006575,-0.010693,0.004117,0.015414,-0.015988,0.031403
DT3.DE,2023-05-25,-10.87,negative,Q2,0.002262,-0.001954,0.004217,-0.061086,0.004208,-0.065294,-0.006787,-0.010693,0.003905,-0.015083,-0.015988,0.000906
HMSB.DE,2023-05-30,15.45,positive,Q4,-0.016484,0.012107,-0.02859,0.011905,0.018931,-0.007027,0.28022,0.018048,0.262172,0.085165,0.008209,0.076956
2HP.DE,2023-05-30,-34.65,negative,Q2,0.009524,0.012107,-0.002583,0.080159,0.018931,0.061227,0.12619,0.018048,0.108143,0.15,0.008209,0.141791
5CV.DE,2023-05-30,17.86,positive,Q4,-0.052691,0.012107,-0.064797,0.032511,0.018931,0.01358,0.14574,0.018048,0.127692,-0.066143,0.008209,-0.074353
NTA.DE,2023-05-31,-15.57,negative,Q2,-0.008142,0.012462,-0.020604,-0.024581,0.008597,-0.033179,0.050885,0.01856,0.032325,0.056364,0.004871,0.051494
VEE.DE,2023-05-31,2.08,positive,Q3,0.024545,0.012462,0.012083,-0.032819,0.008597,-0.041416,0.008274,0.01856,-0.010286,-0.019305,0.004871,-0.024176
12DA.DE,2023-06-01,-7.59,negative,Q3,0.0,-0.005441,0.005441,0.07906,-0.006317,0.085377,0.196009,0.001857,0.194152,0.274564,-0.009924,0.284489
FDO.DE,2023-06-01,23.21,positive,Q5,-0.030391,-0.005441,-0.024949,0.007236,-0.006317,0.013553,0.058611,0.001857,0.056754,-0.203329,-0.009924,-0.193404
1YD.DE,2023-06-01,-19.48,negative,Q2,-0.008938,-0.005441,-0.003497,-0.002888,-0.006317,0.003429,0.059268,0.001857,0.057411,0.080308,-0.009924,0.090233
CIE1.DE,2023-06-06,-38.41,negative,Q1,-0.019802,0.001842,-0.021644,0.012376,0.021943,-0.009567,-0.037129,-0.027068,-0.010061,0.09901,-0.008503,0.107513
NNGF.DE,2023-06-06,468.53,positive,Q5,-0.007685,0.001842,-0.009527,-0.01537,0.021943,-0.037313,-0.032661,-0.027068,-0.005593,-0.064361,-0.008503,-0.055858
CSC.DE,2023-06-07,-17.65,negative,Q2,-0.008487,-0.002509,-0.005978,-0.019156,0.018772,-0.037928,-0.029583,-0.024175,-0.005408,-0.10354,-0.013649,-0.089891
ORC.DE,2023-06-12,-25.0,negative,Q2,0.02137,0.004936,0.016434,0.027062,-0.007354,0.034416,-0.046659,-0.012796,-0.033864,0.066816,-0.030213,0.097029
FDX.DE,2023-06-20,24.89,positive,Q5,-0.026251,-0.002182,-0.024069,0.088322,-0.004626,0.092949,0.095486,0.011302,0.084184,0.132058,-0.018474,0.150531
W8A.DE,2023-06-27,-105.62,negative,Q1,0.009948,-0.000143,0.010091,0.042388,-0.000716,0.043104,0.089533,0.028656,0.060877,-0.214533,-0.034078,-0.180455
MTE.DE,2023-06-28,-6.94,negative,Q3,-0.024847,0.012616,-0.037463,-0.062457,-0.026224,-0.036234,0.098877,0.032799,0.066078,0.087304,-0.043322,0.130627
GRM.DE,2023-06-28,-3.81,negative,Q3,-0.003143,0.012616,-0.015758,0.000943,-0.026224,0.027166,-0.017442,0.032799,-0.05024,-0.114236,-0.043322,-0.070914
ASME.DE,2023-06-29,6.25,positive,Q4,0.005122,-0.00414,0.009263,-0.033049,-0.03372,0.000671,-0.016,0.018512,-0.034512,-0.171185,-0.05762,-0.113564
PCX.DE,2023-06-29,-0.88,negative,Q3,-0.00394,-0.00414,0.0002,0.011613,-0.03372,0.045333,0.107217,0.018512,0.088705,0.087723,-0.05762,0.145343
RNL.DE,2023-06-29,10.64,positive,Q4,-0.001125,-0.00414,0.003016,-0.026997,-0.03372,0.006723,0.03009,0.018512,0.011578,-0.012373,-0.05762,0.045247
RRU.DE,2023-06-29,439.39,positive,Q5,0.088235,-0.00414,0.092376,-0.005882,-0.03372,0.027837,0.270588,0.018512,0.252076,0.458824,-0.05762,0.516444
AXA.DE,2023-06-29,-10.75,negative,Q2,0.008663,-0.00414,0.012804,-0.069719,-0.03372,-0.036,0.032591,0.018512,0.014079,0.044554,-0.05762,0.102175
JDE.DE,2023-06-29,-53.93,negative,Q1,0.004381,-0.00414,0.008521,-0.007567,-0.03372,0.026153,0.021904,0.018512,0.003392,-0.056153,-0.05762,0.001468
VVU.DE,2023-06-29,4.67,positive,Q4,0.012361,-0.00414,0.016501,0.003708,-0.03372,0.037428,-0.035847,0.018512,-0.054359,-0.040791,-0.05762,0.016829
INN1.DE,2023-06-29,26.81,positive,Q5,0.013397,-0.00414,0.017538,0.000957,-0.03372,0.034676,0.070813,0.018512,0.052301,0.032536,-0.05762,0.090156
ZEG.DE,2023-06-29,-40.88,negative,Q1,-0.079276,-0.00414,-0.075136,-0.097213,-0.03372,-0.063494,-0.006086,0.018512,-0.024598,-0.008168,-0.05762,0.049453
BSD2.DE,2023-06-29,3.9,positive,Q4,0.016129,-0.00414,0.02027,-0.035484,-0.03372,-0.001764,0.093548,0.018512,0.075036,0.029032,-0.05762,0.086653
AUS.DE,2023-06-29,86.98,positive,Q5,-0.003062,-0.00414,0.001079,-0.060318,-0.03372,-0.026599,0.041641,0.018512,0.023129,-0.157991,-0.05762,-0.100371
AIL.DE,2023-06-29,12.41,positive,Q4,0.0109,-0.00414,0.01504,-0.055967,-0.03372,-0.022247,0.000699,0.018512,-0.017813,-0.02711,-0.05762,0.03051
SQU.DE,2023-06-29,5.8,positive,Q4,0.002572,-0.00414,0.006712,-0.034259,-0.03372,-0.00054,0.00216,0.018512,-0.016352,-0.018827,-0.05762,0.038793
CRIN.DE,2023-06-29,32.84,positive,Q5,0.004785,-0.00414,0.008925,-0.004785,-0.03372,0.028935,0.073897,0.018512,0.055385,0.054758,-0.05762,0.112379
SIX3.DE,2023-06-29,-0.96,negative,Q3,-0.005628,-0.00414,-0.001487,-0.041895,-0.03372,-0.008175,-0.057371,0.018512,-0.075883,-0.205409,-0.05762,-0.147788
LEN.DE,2023-06-29,35.26,positive,Q5,0.047938,-0.00414,0.052078,-0.042363,-0.03372,-0.008644,0.022297,0.018512,0.003785,-0.164994,-0.05762,-0.107374
RIO1.DE,2023-06-29,-12.46,negative,Q2,0.019181,-0.00414,0.023321,-0.009391,-0.03372,0.024329,0.030769,0.018512,0.012257,0.040959,-0.05762,0.09858
U9RA.DE,2023-06-29,180.24,positive,Q5,0.014587,-0.00414,0.018727,0.006483,-0.03372,0.040203,0.097245,0.018512,0.078733,-0.072934,-0.05762,-0.015313
BCY.DE,2023-06-29,27.87,positive,Q5,0.0375,-0.00414,0.04164,0.00625,-0.03372,0.03997,0.04375,0.018512,0.025238,0.075,-0.05762,0.132621
BMT.DE,2023-06-29,0.0,negative,Q3,0.010535,-0.00414,0.014675,-0.006483,-0.03372,0.027237,0.028363,0.018512,0.009851,0.022285,-0.05762,0.079906
OEWA.DE,2023-06-29,-0.91,negative,Q3,0.009504,-0.00414,0.013644,-0.033489,-0.03372,0.00023,0.028662,0.018512,0.01015,0.06894,-0.05762,0.12656
HEN.DE,2023-06-29,-33.66,negative,Q2,-0.004612,-0.00414,-0.000472,-0.04085,-0.03372,-0.00713,-0.014825,0.018512,-0.033337,-0.080876,-0.05762,-0.023256
PPX.DE,2023-06-29,-0.41,negative,Q3,-0.004313,-0.00414,-0.000173,-0.061148,-0.03372,-0.027429,0.029686,0.018512,0.011174,-0.15896,-0.05762,-0.101339
RPL.DE,2023-06-29,-46.97,negative,Q1,0.010565,-0.00414,0.014705,-0.006095,-0.03372,0.027624,0.093052,0.018512,0.07454,0.162942,-0.05762,0.220562
639.DE,2023-06-29,-145.54,negative,Q1,0.004093,-0.00414,0.008233,-0.017735,-0.03372,0.015984,-0.070941,0.018512,-0.089453,-0.001364,-0.05762,0.056256
RY4C.DE,2023-06-29,36.4,positive,Q5,-0.003019,-0.00414,0.001121,-0.028986,-0.03372,0.004734,-0.082729,0.018512,-0.101241,-0.079106,-0.05762,-0.021486
EBO.DE,2023-06-29,23.67,positive,Q5,0.006496,-0.00414,0.010636,-0.018462,-0.03372,0.015258,0.056752,0.018512,0.03824,-0.015043,-0.05762,0.042578
NVJP.DE,2023-06-29,-4.62,negative,Q3,-0.003742,-0.00414,0.000398,0.004574,-0.03372,0.038293,0.04948,0.018512,0.030968,-0.14553,-0.05762,-0.08791
BSN.DE,2023-06-29,2.41,positive,Q3,0.010824,-0.00414,0.014965,0.013103,-0.03372,0.046822,-0.010824,0.018512,-0.029336,-0.079567,-0.05762,-0.021947
BYW.DE,2023-06-29,-122.32,negative,Q1,-0.003891,-0.00414,0.000249,0.027237,-0.03372,0.060957,-0.087549,0.018512,-0.106061,-0.029183,-0.05762,0.028438
SND.DE,2023-06-29,-7.03,negative,Q3,-0.02174,-0.00414,-0.0176,-0.060204,-0.03372,-0.026485,-0.029297,0.018512,-0.047809,-0.069124,-0.05762,-0.011503
NMM.DE,2023-06-29,-54.67,negative,Q1,0.016169,-0.00414,0.020309,-0.002466,-0.03372,0.031253,0.007947,0.018512,-0.010565,-0.061113,-0.05762,-0.003492
HNK1.DE,2023-06-29,-3.32,negative,Q3,0.022671,-0.00414,0.026812,0.004132,-0.03372,0.037852,-0.052267,0.018512,-0.070779,-0.106991,-0.05762,-0.049371
BMW3.DE,2023-06-29,-5.98,negative,Q3,-0.003785,-0.00414,0.000355,-0.042613,-0.03372,-0.008893,-0.019143,0.018512,-0.037655,-0.14244,-0.05762,-0.084819
ERCG.DE,2023-06-29,57.06,positive,Q5,0.0,-0.00414,0.00414,0.0,-0.03372,0.03372,None,None,None,-0.07483,-0.05762,-0.017209
ABEC.DE,2023-06-29,7.32,positive,Q4,-0.008069,-0.00414,-0.003928,-0.007162,-0.03372,0.026557,0.085947,0.018512,0.067435,0.115503,-0.05762,0.173124
NOA3.DE,2023-06-29,-32.79,negative,Q2,0.01983,-0.00414,0.02397,-0.005666,-0.03372,0.028054,-0.056657,0.018512,-0.075169,-0.082153,-0.05762,-0.024532
2FE.DE,2023-06-29,5.78,positive,Q4,-0.009017,-0.00414,-0.004876,-0.037083,-0.03372,-0.003364,-0.026711,0.018512,-0.045223,-0.087895,-0.05762,-0.030275
MOH.DE,2023-06-29,6.01,positive,Q4,-0.013698,-0.00414,-0.009558,-0.043034,-0.03372,-0.009315,-0.015552,0.018512,-0.034064,-0.18908,-0.05762,-0.13146
AZ2.DE,2023-06-29,13.89,positive,Q4,-0.001934,-0.00414,0.002206,-0.052654,-0.03372,-0.018935,-0.047281,0.018512,-0.065793,-0.065549,-0.05762,-0.007929
RDEB.DE,2023-06-29,-14.63,negative,Q2,-0.010562,-0.00414,-0.006422,-0.041567,-0.03372,-0.007848,-0.002044,0.018512,-0.020556,0.043271,-0.05762,0.100891
CBHD.DE,2023-06-29,0.5,positive,Q3,-0.016602,-0.00414,-0.012462,-0.050267,-0.03372,-0.016548,0.009592,0.018512,-0.00892,-0.124055,-0.05762,-0.066434
PER.DE,2023-06-29,-33.33,negative,Q2,-0.002024,-0.00414,0.002117,-0.011863,-0.03372,0.021857,0.00877,0.018512,-0.009742,-0.195143,-0.05762,-0.137522
HMI.DE,2023-06-29,11.89,positive,Q4,-0.0103,-0.00414,-0.00616,-0.059697,-0.03372,-0.025977,0.021215,0.018512,0.002703,-0.142926,-0.05762,-0.085305
RAW.DE,2023-06-29,-7.85,negative,Q3,0.003273,-0.00414,0.007414,-0.00982,-0.03372,0.0239,0.026187,0.018512,0.007675,-0.107201,-0.05762,-0.049581
HBC1.DE,2023-06-29,6.69,positive,Q4,0.024311,-0.00414,0.028452,0.001621,-0.03372,0.03534,0.051864,0.018512,0.033352,0.058347,-0.05762,0.115967
PHI1.DE,2023-06-29,-70.19,negative,Q1,-0.000541,-0.00414,0.003599,-0.008658,-0.03372,0.025062,-0.035714,0.018512,-0.054226,-0.02381,-0.05762,0.033811
IES.DE,2023-06-29,11.88,positive,Q4,0.025907,-0.00414,0.030047,-0.020725,-0.03372,0.012994,0.103627,0.018512,0.085115,0.015544,-0.05762,0.073165
O3P.DE,2023-06-29,64.27,positive,Q5,-0.009275,-0.00414,-0.005135,0.004809,-0.03372,0.038529,0.015459,0.018512,-0.003053,-0.04878,-0.05762,0.00884
BPE5.DE,2023-06-29,-47.67,negative,Q1,0.019231,-0.00414,0.023371,-0.00641,-0.03372,0.027309,0.047009,0.018512,0.028497,0.168803,-0.05762,0.226424
ENI.DE,2023-06-29,-82.69,negative,Q1,0.017071,-0.00414,0.021211,-0.010782,-0.03372,0.022938,0.052111,0.018512,0.033599,0.184187,-0.05762,0.241807
TOTB.DE,2023-06-29,-20.94,negative,Q2,0.019136,-0.00414,0.023276,-0.029456,-0.03372,0.004264,0.050742,0.018512,0.03223,0.210922,-0.05762,0.268543
LOR.DE,2023-06-29,-3.55,negative,Q3,0.002004,-0.00414,0.006144,-0.061057,-0.03372,-0.027338,-0.011661,0.018512,-0.030173,-0.096572,-0.05762,-0.038951
NGLB.DE,2023-06-29,-23.55,negative,Q2,0.025662,-0.00414,0.029802,-0.02927,-0.03372,0.004449,0.066159,0.018512,0.047647,-0.015638,-0.05762,0.041983
VAS.DE,2023-06-29,-13.79,negative,Q2,-0.014716,-0.00414,-0.010575,-0.037793,-0.03372,-0.004073,-0.049833,0.018512,-0.068345,-0.188963,-0.05762,-0.131343
VWSB.DE,2023-06-29,-52.55,negative,Q1,-0.00453,-0.00414,-0.00039,-0.022652,-0.03372,0.011067,0.007414,0.018512,-0.011099,-0.185338,-0.05762,-0.127717
WIB.DE,2023-06-29,-16.55,negative,Q2,0.007202,-0.00414,0.011343,-0.022745,-0.03372,0.010975,0.068234,0.018512,0.049722,-0.147081,-0.05762,-0.089461
IOS.DE,2023-06-29,65.78,positive,Q5,-0.013825,-0.00414,-0.009684,-0.032258,-0.03372,0.001461,0.082949,0.018512,0.064437,0.081413,-0.05762,0.139034
SHA0.DE,2023-06-30,-12.35,negative,Q2,0.002092,-0.002604,0.004696,-0.01046,-0.025364,0.014904,0.050209,0.00991,0.040299,-0.016736,-0.047108,0.030371
1N8.DE,2023-06-30,-5.52,negative,Q3,0.00379,-0.002604,0.006394,-0.071762,-0.025364,-0.046398,0.033607,0.00991,0.023697,-0.573594,-0.047108,-0.526487
NOV.DE,2023-06-30,-5.7,negative,Q3,-0.005143,-0.002604,-0.002539,-0.024857,-0.025364,0.000507,0.007714,0.00991,-0.002196,0.199,-0.047108,0.246108
UNVB.DE,2023-06-30,10.24,positive,Q4,0.004083,-0.002604,0.006687,-0.028811,-0.025364,-0.003447,0.016561,0.00991,0.006651,-0.024047,-0.047108,0.02306
GUI.DE,2023-06-30,-53.02,negative,Q1,0.005441,-0.002604,0.008044,-0.028292,-0.025364,-0.002928,0.005985,0.00991,-0.003925,-0.094668,-0.047108,-0.04756
QIA.DE,2023-06-30,-30.17,negative,Q2,-0.007477,-0.002604,-0.004873,-0.009889,-0.025364,0.015475,0.034491,0.00991,0.024581,-0.095996,-0.047108,-0.048888
AHOG.DE,2023-07-02,-19.98,negative,Q2,-0.006565,-0.006334,-0.000231,-0.033518,-0.015514,-0.018004,-0.004838,-0.001194,-0.003644,-0.085003,-0.040687,-0.044316
SUSE.DE,2023-07-06,-38.1,negative,Q1,0.069079,0.004471,0.064608,0.059211,0.032151,0.027059,None,None,None,0.958882,-0.032267,0.991149
GXI.DE,2023-07-06,1.56,positive,Q3,0.016706,0.004471,0.012235,-0.011075,0.032151,-0.043226,-0.044486,0.022262,-0.066748,-0.069451,-0.032267,-0.037184
YOU.DE,2023-07-12,-97.17,negative,Q1,-0.007634,-0.002228,-0.005406,-0.041221,0.003915,-0.045136,-0.148092,-0.019135,-0.128957,-0.227481,-0.044453,-0.183028
PEP.DE,2023-07-13,1.11,positive,Q3,-0.0051,-0.002261,-0.002839,0.02408,0.00448,0.0196,0.010781,-0.012469,0.023251,-0.078825,-0.040053,-0.038772
FAS.DE,2023-07-13,-1.22,negative,Q3,-0.002965,-0.002261,-0.000703,0.022025,0.00448,0.017545,0.044473,-0.012469,0.056942,0.040661,-0.040053,0.080714
BLQA.DE,2023-07-14,6.4,positive,Q4,0.008631,0.003537,0.005093,0.050541,0.007611,0.04293,-0.043774,-0.018755,-0.025019,-0.052659,-0.040054,-0.012605
CMC.DE,2023-07-14,24.65,positive,Q5,0.008874,0.003537,0.005337,0.048653,0.007611,0.041042,0.020629,-0.018755,0.039384,0.028647,-0.040054,0.068701
UNH.DE,2023-07-14,-2.73,negative,Q3,0.046841,0.003537,0.043304,0.073761,0.007611,0.06615,0.092512,-0.018755,0.111267,0.173149,-0.040054,0.213203
ERCB.DE,2023-07-14,33.96,positive,Q5,0.0,0.003537,-0.003537,0.047859,0.007611,0.040248,0.035264,-0.018755,0.05402,0.083123,-0.040054,0.123178
NWT.DE,2023-07-14,15.09,positive,Q4,0.016721,0.003537,0.013183,0.059601,0.007611,0.05199,0.001618,-0.018755,0.020373,-0.045038,-0.040054,-0.004983
TRVC.DE,2023-07-14,14.29,positive,Q4,0.024754,0.003537,0.021216,0.042321,0.007611,0.03471,-0.019164,-0.018755,-0.000409,-0.033005,-0.040054,0.007049
LOM.DE,2023-07-18,2.88,positive,Q3,0.024983,0.005915,0.019068,0.025734,0.001399,0.024335,0.029728,-0.026819,0.056547,0.043694,-0.054066,0.09776
NCB.DE,2023-07-18,9.22,positive,Q4,0.005675,0.005915,-0.00024,0.039728,0.001399,0.038329,-0.038593,-0.026819,-0.011773,-0.079455,-0.054066,-0.02539
DWD.DE,2023-07-18,10.0,positive,Q4,0.012528,0.005915,0.006613,0.023342,0.001399,0.021943,-0.032837,-0.026819,-0.006017,-0.090466,-0.054066,-0.0364
UB5.DE,2023-07-19,-12.71,negative,Q2,0.003424,-0.001666,0.00509,0.028945,0.012454,0.016491,-0.018985,-0.038876,0.019891,-0.076875,-0.058783,-0.018092
185.DE,2023-07-19,-52.27,negative,Q1,-0.006494,-0.001666,-0.004827,0.036227,0.012454,0.023773,-0.125769,-0.038876,-0.086893,-0.113807,-0.058783,-0.055024
TL0.DE,2023-07-19,-1.93,negative,Q3,-0.036066,-0.001666,-0.034399,-0.007377,0.012454,-0.019831,-0.197541,-0.038876,-0.158665,-0.014754,-0.058783,0.044029
GOS.DE,2023-07-19,11.07,positive,Q4,0.043509,-0.001666,0.045175,0.071509,0.012454,0.059055,-0.015789,-0.038876,0.023087,-0.021123,-0.058783,0.03766
LCR.DE,2023-07-19,-7.37,negative,Q3,-0.017494,-0.001666,-0.015828,0.021516,0.012454,0.009062,-0.044038,-0.038876,-0.005162,-0.165695,-0.058783,-0.106912
68V.DE,2023-07-19,20.9,positive,Q5,0.021421,-0.001666,0.023088,0.026522,0.012454,0.014067,0.047603,-0.038876,0.086479,0.083305,-0.058783,0.142088
HAL.DE,2023-07-19,-9.64,negative,Q2,0.028044,-0.001666,0.02971,0.081491,0.012454,0.069037,0.12933,-0.038876,0.168207,0.270868,-0.058783,0.329651
IBM.DE,2023-07-19,-14.59,negative,Q2,0.002009,-0.001666,0.003675,0.037202,0.012454,0.024748,0.050039,-0.038876,0.088916,0.067418,-0.058783,0.1262
ABL.DE,2023-07-20,-25.16,negative,Q2,0.018232,0.000849,0.017383,0.001024,0.018083,-0.017059,-0.067192,-0.035478,-0.031714,-0.113182,-0.066903,-0.046279
MUM.DE,2023-07-20,6.24,positive,Q4,-0.016905,0.000849,-0.017754,0.005569,0.018083,-0.012514,0.003779,-0.035478,0.039257,-0.133652,-0.066903,-0.066748
4I1.DE,2023-07-20,-32.41,negative,Q2,0.003379,0.000849,0.002531,0.025657,0.018083,0.007574,-0.013016,-0.035478,0.022462,0.022904,-0.066903,0.089807
PA9.DE,2023-07-20,-102.89,negative,Q1,0.016693,0.000849,0.015845,0.012537,0.018083,-0.005546,-0.04532,-0.035478,-0.009842,0.034728,-0.066903,0.101631
FPMB.DE,2023-07-20,39.15,positive,Q5,0.030856,0.000849,0.030007,0.067882,0.018083,0.049799,-0.034222,-0.035478,0.001257,-0.07209,-0.066903,-0.005186
JNJ.DE,2023-07-20,-25.0,negative,Q2,0.013053,0.000849,0.012204,0.032597,0.018083,0.014514,0.010442,-0.035478,0.045921,-0.049249,-0.066903,0.017655
NFC.DE,2023-07-20,15.27,positive,Q4,-0.001297,0.000849,-0.002146,0.0,0.018083,-0.018083,-0.041245,-0.035478,-0.005767,-0.138781,-0.066903,-0.071877
DC7.DE,2023-07-20,-2.97,negative,Q3,0.043201,0.000849,0.042352,0.007255,0.018083,-0.010828,-0.101902,-0.035478,-0.066423,-0.066176,-0.066903,0.000728
KC4.DE,2023-07-20,0.0,negative,Q3,-0.000674,0.000849,-0.001522,0.007186,0.018083,-0.010897,-0.079497,-0.035478,-0.044019,-0.170447,-0.066903,-0.103544
SRT3.DE,2023-07-21,-13.7,negative,Q2,-0.000813,0.001275,-0.002087,0.04601,0.015804,0.030206,-0.025919,-0.029975,0.004056,-0.282308,-0.070763,-0.211545
AEC1.DE,2023-07-21,4.26,positive,Q4,0.00333,0.001275,0.002055,0.009923,0.015804,-0.005881,-0.024127,-0.029975,0.005849,-0.053962,-0.070763,0.016801
SRT.DE,2023-07-21,-33.68,negative,Q2,-0.001739,0.001275,-0.003014,0.031093,0.015804,0.01529,-0.022468,-0.029975,0.007507,-0.271181,-0.070763,-0.200418
SOW.DE,2023-07-24,-37.93,negative,Q1,0.000637,-0.004943,0.00558,0.0,0.001777,-0.001777,0.010191,-0.029805,0.039996,0.02293,-0.087167,0.110097
FFV.DE,2023-07-24,-48.47,negative,Q1,-0.033138,-0.004943,-0.028195,0.004833,0.001777,0.003055,0.007249,-0.029805,0.037053,-0.036244,-0.087167,0.050923
HOT.DE,2023-07-25,11.87,positive,Q4,0.006732,0.017021,-0.010289,-0.008895,-0.006908,-0.001987,0.065272,-0.031613,0.096886,0.037985,-0.082493,0.120479
5UR.DE,2023-07-25,-23.33,negative,Q2,-0.017645,0.017021,-0.034666,0.019666,-0.006908,0.026574,0.017645,-0.031613,0.049259,-0.112069,-0.082493,-0.029575
KMY.DE,2023-07-25,-92.84,negative,Q1,-0.007511,0.017021,-0.024531,-0.012126,-0.006908,-0.005217,-0.006244,-0.031613,0.02537,-0.029319,-0.082493,0.053175
PAE.DE,2023-07-25,6.5,positive,Q4,0.016356,0.017021,-0.000665,0.030846,-0.006908,0.037755,0.033716,-0.031613,0.065329,0.010617,-0.082493,0.09311
DB1.DE,2023-07-25,2.99,positive,Q3,0.027442,0.017021,0.010421,-0.00385,-0.006908,0.003058,-0.034226,-0.031613,-0.002612,-0.074319,-0.082493,0.008175
3V64.DE,2023-07-25,-5.67,negative,Q3,0.002576,0.017021,-0.014445,0.017124,-0.006908,0.024032,0.042642,-0.031613,0.074256,0.029716,-0.082493,0.11221
TII.DE,2023-07-25,6.17,positive,Q4,0.027378,0.017021,0.010357,0.004755,-0.006908,0.011664,-0.023438,-0.031613,0.008176,-0.124049,-0.082493,-0.041555
BAC.DE,2023-07-25,-5.61,negative,Q3,0.000754,0.017021,-0.016267,-0.014706,-0.006908,-0.007798,-0.00641,-0.031613,0.025203,-0.023379,-0.082493,0.059115
2OY.DE,2023-07-25,-2.95,negative,Q3,0.034333,0.017021,0.017312,0.047147,-0.006908,0.054055,0.026838,-0.031613,0.058451,-0.039894,-0.082493,0.0426
UWS.DE,2023-07-25,-2.82,negative,Q3,-0.012057,0.017021,-0.029077,0.0,-0.006908,0.006908,-0.022104,-0.031613,0.00951,-0.005613,-0.082493,0.076881
MSF.DE,2023-07-25,5.56,positive,Q4,0.007072,0.017021,-0.009949,-0.011497,-0.006908,-0.004588,-0.019306,-0.031613,0.012307,0.0181,-0.082493,0.100593
ABEA.DE,2023-07-25,7.32,positive,Q4,0.026697,0.017021,0.009676,0.007664,-0.006908,0.014573,0.03195,-0.031613,0.063563,0.096624,-0.082493,0.179118
XER2.DE,2023-07-25,-223.46,negative,Q1,-0.027407,0.017021,-0.044428,-0.046667,-0.006908,-0.039758,-0.053333,-0.031613,-0.02172,-0.151111,-0.082493,-0.068618
AAD.DE,2023-07-25,2.96,positive,Q3,-0.009412,0.017021,-0.026433,0.005752,-0.006908,0.01266,0.041832,-0.031613,0.073446,0.015269,-0.082493,0.097762
1SI.DE,2023-07-25,4.54,positive,Q4,0.034103,0.017021,0.017083,0.10451,-0.006908,0.111419,-0.072607,-0.031613,-0.040994,0.0022,-0.082493,0.084694
8GM.DE,2023-07-25,-1.17,negative,Q3,0.01232,0.017021,-0.004701,0.003305,-0.006908,0.010214,-0.109976,-0.031613,-0.078363,-0.175481,-0.082493,-0.092987
ADM.DE,2023-07-25,6.85,positive,Q4,0.010174,0.017021,-0.006847,-0.025505,-0.006908,-0.018597,-0.03777,-0.031613,-0.006157,-0.117631,-0.082493,-0.035137
CCC3.DE,2023-07-26,-18.61,negative,Q2,-0.00417,0.003884,-0.008054,-0.012889,-0.031248,0.018359,-0.0163,-0.047191,0.03089,-0.072782,-0.09302,0.020238
SOBA.DE,2023-07-26,3.99,positive,Q4,-0.016102,0.003884,-0.019986,-0.039831,-0.031248,-0.008583,-0.022034,-0.047191,0.025157,0.110169,-0.09302,0.20319
W3U.DE,2023-07-26,18.2,positive,Q5,-0.031904,0.003884,-0.035788,-0.033898,-0.031248,-0.002651,-0.017946,-0.047191,0.029244,0.13659,-0.09302,0.22961
MTT.DE,2023-07-26,399.53,positive,Q5,-0.029412,0.003884,-0.033296,-0.029928,-0.031248,0.00132,0.043344,-0.047191,0.090534,-0.013416,-0.09302,0.079604
BCO.DE,2023-07-26,72.96,positive,Q5,0.008615,0.003884,0.004731,-0.014435,-0.031248,0.016812,-0.074645,-0.047191,-0.027454,-0.199255,-0.09302,-0.106235
UNP.DE,2023-07-26,-5.98,negative,Q3,0.004298,0.003884,0.000414,-0.004693,-0.031248,0.026554,-0.018378,-0.047191,0.028813,-0.076623,-0.09302,0.016397
ADP.DE,2023-07-26,2.38,positive,Q3,0.000633,0.003884,-0.003251,-0.016586,-0.031248,0.014662,0.020247,-0.047191,0.067437,-0.00583,-0.09302,0.08719
P911.DE,2023-07-26,-2.6,negative,Q3,0.021853,0.003884,0.017969,0.003659,-0.031248,0.034906,-0.089192,-0.047191,-0.042002,-0.208939,-0.09302,-0.115919
SY1.DE,2023-07-26,-50.0,negative,Q1,0.00226,0.003884,-0.001624,-0.070064,-0.031248,-0.038816,-0.062667,-0.047191,-0.015476,-0.09061,-0.09302,0.00241
GDX.DE,2023-07-26,5.53,positive,Q4,0.009574,0.003884,0.00569,0.035811,-0.031248,0.067058,0.044909,-0.047191,0.092099,0.121449,-0.09302,0.214469
EBA.DE,2023-07-26,-67.88,negative,Q1,0.023692,0.003884,0.019808,-0.016923,-0.031248,0.014325,0.00755,-0.047191,0.054741,-0.035928,-0.09302,0.057092
DBK.DE,2023-07-26,1.89,positive,Q3,-0.008299,0.003884,-0.012183,-0.020747,-0.031248,0.010501,-0.030083,-0.047191,0.017108,-0.068465,-0.09302,0.024555
ENL.DE,2023-07-26,20.59,positive,Q5,-0.005405,0.003884,-0.009289,-0.046847,-0.031248,-0.015599,-0.030631,-0.047191,0.01656,-0.084685,-0.09302,0.008335
HRS.DE,2023-07-26,-43.05,negative,Q1,-0.049256,0.003884,-0.053139,-0.063692,-0.031248,-0.032445,-0.102304,-0.047191,-0.055114,-0.093869,-0.09302,-0.000848
2HQ.DE,2023-07-26,-226.5,negative,Q1,0.025381,0.003884,0.021497,0.091371,-0.031248,0.122618,0.081218,-0.047191,0.128409,-0.091371,-0.09302,0.001649
O2D.DE,2023-07-26,70.07,positive,Q5,0.02459,0.003884,0.020706,-0.233607,-0.031248,-0.202359,-0.303279,-0.047191,-0.256088,-0.331967,-0.09302,-0.238947
8TRA.DE,2023-07-26,8.73,positive,Q4,0.00056,0.003884,-0.003324,0.00224,-0.031248,0.033487,-0.054871,-0.047191,-0.007681,-0.097984,-0.09302,-0.004964
AIR.DE,2023-07-26,14.74,positive,Q4,0.018576,0.003884,0.014692,-0.005081,-0.031248,0.026167,-0.009209,-0.047191,0.037982,-0.044296,-0.09302,0.048724
AHC.DE,2023-07-26,-24.86,negative,Q2,0.000373,0.003884,-0.003511,0.028352,-0.031248,0.0596,0.032828,-0.047191,0.080019,0.08804,-0.09302,0.18106
MTX.DE,2023-07-26,4.3,positive,Q4,0.00668,0.003884,0.002796,0.00334,-0.031248,0.034588,-0.024783,-0.047191,0.022407,-0.158962,-0.09302,-0.065942
PUM.DE,2023-07-26,-2.63,negative,Q3,0.004091,0.003884,0.000207,0.00716,-0.031248,0.038408,-0.017729,-0.047191,0.029461,-0.107228,-0.09302,-0.014208
FB2A.DE,2023-07-26,2.25,positive,Q3,0.010469,0.003884,0.006585,-0.012715,-0.031248,0.018533,-0.109357,-0.047191,-0.062166,0.020938,-0.09302,0.113958
FIV.DE,2023-07-26,-39.88,negative,Q1,0.004437,0.003884,0.000553,0.015084,-0.031248,0.046332,0.0,-0.047191,0.047191,-0.034161,-0.09302,0.058859
VOW.DE,2023-07-27,-23.13,negative,Q2,-0.00514,-0.001392,-0.003749,-0.03419,-0.031445,-0.002745,-0.098442,-0.041114,-0.057328,-0.246885,-0.095786,-0.151099
BRM.DE,2023-07-27,-49.78,negative,Q1,0.014455,-0.001392,0.015847,0.003564,-0.031445,0.035009,0.036238,-0.041114,0.077352,-0.029109,-0.095786,0.066677
JNP.DE,2023-07-27,-86.25,negative,Q1,0.004564,-0.001392,0.005956,0.024896,-0.031445,0.056341,0.041079,-0.041114,0.082193,-0.048963,-0.095786,0.046823
CTP2.DE,2023-07-27,3.44,positive,Q4,-0.004125,-0.001392,-0.002733,-0.009281,-0.031445,0.022164,0.019335,-0.041114,0.060449,-0.012374,-0.095786,0.083412
HEI.DE,2023-07-27,-33.33,negative,Q2,-0.012788,-0.001392,-0.011396,0.023328,-0.031445,0.054773,-0.003654,-0.041114,0.03746,-0.091343,-0.095786,0.004442
INP.DE,2023-07-27,80.08,positive,Q5,-0.000684,-0.001392,0.000707,0.019158,-0.031445,0.050603,-0.014027,-0.041114,0.027087,-0.029422,-0.095786,0.066364
NDX1.DE,2023-07-27,-22.6,negative,Q2,0.011802,-0.001392,0.013193,-0.023603,-0.031445,0.007841,-0.110149,-0.041114,-0.069035,-0.20771,-0.095786,-0.111925
KGX.DE,2023-07-27,-3.8,negative,Q3,-0.00969,-0.001392,-0.008299,-0.006999,-0.031445,0.024446,-0.08183,-0.041114,-0.040716,-0.153701,-0.095786,-0.057915
ALD.DE,2023-07-27,0.5,positive,Q3,-0.015841,-0.001392,-0.014449,-0.032273,-0.031445,-0.000828,-0.019801,-0.041114,0.021313,-0.044154,-0.095786,0.051632
REP.DE,2023-07-27,27.08,positive,Q5,0.0107,-0.001392,0.012091,0.002469,-0.031445,0.033914,0.046091,-0.041114,0.087205,0.051029,-0.095786,0.146815
VOW3.DE,2023-07-27,-18.08,negative,Q2,-0.005986,-0.001392,-0.004594,-0.022328,-0.031445,0.009117,-0.068979,-0.041114,-0.027864,-0.168931,-0.095786,-0.073145
MDO.DE,2023-07-27,12.94,positive,Q4,-0.018224,-0.001392,-0.016833,-0.023442,-0.031445,0.008002,-0.020082,-0.041114,0.021032,-0.085033,-0.095786,0.010753
4AB.DE,2023-07-27,-59.62,negative,Q1,-0.018947,-0.001392,-0.017556,-0.013873,-0.031445,0.017571,-0.008007,-0.041114,0.033107,0.020216,-0.095786,0.116002
ARRD.DE,2023-07-27,39.86,positive,Q5,0.02069,-0.001392,0.022081,-0.023124,-0.031445,0.008321,-0.05071,-0.041114,-0.009596,-0.189452,-0.095786,-0.093666
WAF.DE,2023-07-27,8.93,positive,Q4,0.022995,-0.001392,0.024386,0.04416,-0.031445,0.075605,-0.049909,-0.041114,-0.008794,-0.002482,-0.095786,0.093304
IBE1.DE,2023-07-27,1.59,positive,Q3,-0.008531,-0.001392,-0.007139,-0.048341,-0.031445,-0.016896,-0.018957,-0.041114,0.022157,-0.07109,-0.095786,0.024696
TM5.DE,2023-07-27,9.68,positive,Q4,-0.02019,-0.001392,-0.018798,-0.035352,-0.031445,-0.003907,-0.02546,-0.041114,0.015654,0.045731,-0.095786,0.141517
BFSA.DE,2023-07-27,-73.47,negative,Q1,0.018082,-0.001392,0.019473,0.033405,-0.031445,0.06485,-0.061293,-0.041114,-0.020179,-0.247318,-0.095786,-0.151532
AWC.DE,2023-07-27,10.0,positive,Q4,-0.004428,-0.001392,-0.003036,-0.037239,-0.031445,-0.005794,-0.027435,-0.041114,0.013679,-0.175759,-0.095786,-0.079973
FMC1.DE,2023-07-27,-12.58,negative,Q2,-0.000955,-0.001392,0.000437,-0.014327,-0.031445,0.017118,-0.077364,-0.041114,-0.03625,-0.109838,-0.095786,-0.014052
HAR.DE,2023-07-27,-1.75,negative,Q3,-0.022917,-0.001392,-0.021525,-0.03869,-0.031445,-0.007246,-0.11875,-0.041114,-0.077636,-0.21875,-0.095786,-0.122964
WCH.DE,2023-07-27,22.45,positive,Q5,0.0,-0.001392,0.001392,-0.019468,-0.031445,0.011977,-0.032195,-0.041114,0.00892,-0.221801,-0.095786,-0.126015
F3A.DE,2023-07-27,60.26,positive,Q5,0.051602,-0.001392,0.052994,-0.003094,-0.031445,0.028351,-0.095359,-0.041114,-0.054245,-0.20884,-0.095786,-0.113054
AIXA.DE,2023-07-27,50.0,positive,Q5,0.010954,-0.001392,0.012346,-0.003747,-0.031445,0.027697,-0.02825,-0.041114,0.012864,-0.200922,-0.095786,-0.105137
4PN.DE,2023-07-27,-69.63,negative,Q1,0.015035,-0.001392,0.016426,-0.014071,-0.031445,0.017374,-0.02448,-0.041114,0.016635,-0.157093,-0.095786,-0.061307
SGM.DE,2023-07-27,-1.84,negative,Q3,0.003593,-0.001392,0.004984,-0.062342,-0.031445,-0.030897,-0.109045,-0.041114,-0.067931,-0.233094,-0.095786,-0.137308
MBG.DE,2023-07-27,0.91,positive,Q3,-0.012588,-0.001392,-0.011196,-0.028043,-0.031445,0.003402,-0.083333,-0.041114,-0.042219,-0.165551,-0.095786,-0.069765
ELG.DE,2023-07-27,-4.96,negative,Q3,0.012426,-0.001392,0.013818,-0.025109,-0.031445,0.006336,-0.184986,-0.041114,-0.143872,-0.205099,-0.095786,-0.109313
TNE5.DE,2023-07-27,-9.54,negative,Q3,-0.011429,-0.001392,-0.010037,-0.097143,-0.031445,-0.065698,-0.045714,-0.041114,-0.0046,-0.088571,-0.095786,0.007215
KTF.DE,2023-07-27,-0.63,negative,Q3,-0.021608,-0.001392,-0.020217,-0.007254,-0.031445,0.024191,-0.036271,-0.041114,0.004843,-0.085198,-0.095786,0.010588
NFS.DE,2023-07-27,-49.82,negative,Q1,-0.009358,-0.001392,-0.007967,-0.04335,-0.031445,-0.011905,-0.083693,-0.041114,-0.042579,-0.170926,-0.095786,-0.07514
KLA.DE,2023-07-27,2.47,positive,Q3,0.009591,-0.001392,0.010982,-0.013516,-0.031445,0.017929,-0.021947,-0.041114,0.019168,-0.042934,-0.095786,0.052852
USX1.DE,2023-07-27,4.88,positive,Q4,-0.000907,-0.001392,0.000484,0.004083,-0.031445,0.035528,0.261797,-0.041114,0.302911,0.376134,-0.095786,0.47192
OMV.DE,2023-07-28,6.67,positive,Q4,0.001837,-0.012551,0.014388,0.017453,-0.030162,0.047615,0.050521,-0.031371,0.081891,0.004287,-0.104323,0.108609
FPE.DE,2023-07-28,-4.91,negative,Q3,0.0,-0.012551,0.012551,0.004993,-0.030162,0.035155,0.008559,-0.031371,0.03993,-0.033167,-0.104323,0.071156
PRG.DE,2023-07-28,3.31,positive,Q4,0.010473,-0.012551,0.023024,0.012941,-0.030162,0.043103,-0.00015,-0.031371,0.031221,0.022591,-0.104323,0.126914
BOY.DE,2023-07-28,8.52,positive,Q4,-0.030351,-0.012551,-0.0178,-0.035144,-0.030162,-0.004982,0.017572,-0.031371,0.048943,0.054313,-0.104323,0.158636
CHV.DE,2023-07-28,10.11,positive,Q4,-0.003775,-0.012551,0.008777,-0.012683,-0.030162,0.017479,0.005889,-0.031371,0.037259,0.000302,-0.104323,0.104625
SNW.DE,2023-07-28,6.75,positive,Q4,-0.01039,-0.012551,0.002161,-0.03251,-0.030162,-0.002348,0.02469,-0.031371,0.056061,0.033404,-0.104323,0.137727
BAS.DE,2023-07-28,-11.11,negative,Q2,-0.002314,-0.012551,0.010237,-0.032863,-0.030162,-0.002701,-0.057163,-0.031371,-0.025792,-0.15552,-0.104323,-0.051197
XONA.DE,2023-07-28,-4.81,negative,Q3,-0.009196,-0.012551,0.003355,-0.006841,-0.030162,0.023321,0.041157,-0.031371,0.072528,0.052933,-0.104323,0.157255
HAG.DE,2023-07-28,-84.21,negative,Q1,-0.000657,-0.012551,0.011894,-0.000657,-0.030162,0.029505,-0.010516,-0.031371,0.020855,-0.0907,-0.104323,0.013623
RRTL.DE,2023-07-28,-75.53,negative,Q1,0.002334,-0.012551,0.014885,-0.013419,-0.030162,0.016743,-0.116686,-0.031371,-0.085315,-0.189907,-0.104323,-0.085584
CPA.DE,2023-07-28,-19.01,negative,Q2,0.01086,-0.012551,0.023411,0.013766,-0.030162,0.043928,-0.024013,-0.031371,0.007357,0.019425,-0.104323,0.123748
FPE3.DE,2023-07-28,-7.55,negative,Q3,0.003924,-0.012551,0.016475,-0.007287,-0.030162,0.022875,0.01065,-0.031371,0.042021,-0.076513,-0.104323,0.027809
KFI1.DE,2023-07-30,-12.0,negative,Q2,-0.015385,-0.01357,-0.001815,-0.034615,-0.028661,-0.005954,-0.057692,-0.021457,-0.036235,-0.169231,-0.095625,-0.073606
2M6.DE,2023-07-30,-46.53,negative,Q1,-0.015813,-0.01357,-0.002243,-0.063522,-0.028661,-0.034861,-0.05271,-0.021457,-0.031253,-0.166104,-0.095625,-0.070478
IXD1.DE,2023-07-30,7.92,positive,Q4,-0.026242,-0.01357,-0.012672,-0.033115,-0.028661,-0.004453,0.029678,-0.021457,0.051135,-0.031865,-0.095625,0.06376
WDC.DE,2023-07-31,1.98,positive,Q3,-0.007961,-0.01357,0.005609,0.009502,-0.028661,0.038163,-0.003082,-0.021457,0.018375,-0.059065,-0.095625,0.03656
NEM.DE,2023-07-31,-12.5,negative,Q2,0.013801,-0.01357,0.02737,-0.009924,-0.028661,0.018737,-0.024035,-0.021457,-0.002578,0.032408,-0.095625,0.128033
STM.DE,2023-07-31,-0.99,negative,Q3,0.006554,-0.01357,0.020124,0.010129,-0.028661,0.03879,-0.047468,-0.021457,-0.026011,0.114201,-0.095625,0.209826
BM8.DE,2023-07-31,35.96,positive,Q5,0.002978,-0.01357,0.016548,0.028047,-0.028661,0.056708,0.06627,-0.021457,0.087727,-0.05386,-0.095625,0.041766
ERT.DE,2023-08-01,43.92,positive,Q5,-0.070997,-0.007905,-0.063092,-0.090939,-0.010452,-0.080487,-0.101117,-0.004553,-0.096564,-0.048407,-0.081366,0.032959
SWF.DE,2023-08-01,423.01,positive,Q5,-0.022874,-0.007905,-0.014968,-0.045632,-0.010452,-0.03518,-0.061379,-0.004553,-0.056826,-0.13954,-0.081366,-0.058175
PFE.DE,2023-08-01,-28.59,negative,Q2,-0.012281,-0.007905,-0.004376,0.0,-0.010452,0.010452,0.010526,-0.004553,0.015079,-0.124211,-0.081366,-0.042845
DHL.DE,2023-08-01,-6.82,negative,Q3,0.01218,-0.007905,0.020085,0.001776,-0.010452,0.012228,-0.00812,-0.004553,-0.003567,-0.157067,-0.081366,-0.075701
6MK.DE,2023-08-01,-7.93,negative,Q3,0.002119,-0.007905,0.010024,0.007249,-0.010452,0.017701,0.059329,-0.004553,0.063882,0.015167,-0.081366,0.096532
DPW.DE,2023-08-01,-1.23,negative,Q3,0.012313,-0.007905,0.020218,0.00169,-0.010452,0.012142,-0.008209,-0.004553,-0.003656,-0.15717,-0.081366,-0.075805
CAT1.DE,2023-08-01,190.5,positive,Q5,-0.022562,-0.007905,-0.014657,-0.018795,-0.010452,-0.008343,-0.018795,-0.004553,-0.014242,-0.138286,-0.081366,-0.05692
RWL.DE,2023-08-01,8.93,positive,Q4,-0.007156,-0.007905,0.000749,0.0,-0.010452,0.010452,0.038202,-0.004553,0.042755,-0.107562,-0.081366,-0.026196
VFP.DE,2023-08-01,-28.35,negative,Q2,-0.030631,-0.007905,-0.022726,0.002402,-0.010452,0.012854,0.037838,-0.004553,0.042391,-0.068468,-0.081366,0.012897
PFV.DE,2023-08-01,-11.34,negative,Q2,0.009367,-0.007905,0.017272,-0.002634,-0.010452,0.007817,-0.018661,-0.004553,-0.014108,-0.02532,-0.081366,0.056046
DTG.DE,2023-08-01,3.74,positive,Q4,0.0,-0.007905,0.007905,0.010194,-0.010452,0.020646,-0.029924,-0.004553,-0.025371,-0.115423,-0.081366,-0.034057
TMV.DE,2023-08-01,-4.76,negative,Q3,0.008475,-0.007905,0.01638,0.007264,-0.010452,0.017716,0.036925,-0.004553,0.041478,-0.12046,-0.081366,-0.039094
KRN.DE,2023-08-01,5.78,positive,Q4,0.004961,-0.007905,0.012866,0.003927,-0.010452,0.014379,-0.004031,-0.004553,0.000522,-0.096217,-0.081366,-0.014852
AMD.DE,2023-08-01,-97.1,negative,Q1,0.036617,-0.007905,0.044522,-0.00398,-0.010452,0.006472,-0.024577,-0.004553,-0.020024,-0.103483,-0.081366,-0.022117
RDC.DE,2023-08-01,-92.19,negative,Q1,0.04127,-0.007905,0.049175,0.012245,-0.010452,0.022697,-0.002268,-0.004553,0.002285,-0.05941,-0.081366,0.021955
48Z.DE,2023-08-01,7.01,positive,Q4,0.004108,-0.007905,0.012013,0.037882,-0.010452,0.048334,0.043816,-0.004553,0.048369,-0.067549,-0.081366,0.013817
SRB.DE,2023-08-01,4.24,positive,Q4,-0.022031,-0.007905,-0.014126,-0.041937,-0.010452,-0.031485,-0.04272,-0.004553,-0.038167,-0.072243,-0.081366,0.009122
1COV.DE,2023-08-01,-42.86,negative,Q1,0.003371,-0.007905,0.011276,-0.013482,-0.010452,-0.00303,0.033705,-0.004553,0.038259,-0.00632,-0.081366,0.075046
PHM7.DE,2023-08-01,-8.4,negative,Q3,-0.010822,-0.007905,-0.002917,-0.009944,-0.010452,0.000507,0.005557,-0.004553,0.01011,-0.052939,-0.081366,0.028426
EX9.DE,2023-08-01,61.05,positive,Q5,0.019303,-0.007905,0.027208,0.005898,-0.010452,0.01635,0.10992,-0.004553,0.114473,0.029491,-0.081366,0.110856
RDO.DE,2023-08-01,7.8,positive,Q4,0.002227,-0.007905,0.010132,-0.020045,-0.010452,-0.009593,-0.10245,-0.004553,-0.097897,-0.129176,-0.081366,-0.04781
BOSS.DE,2023-08-02,11.22,positive,Q4,0.0003,0.00368,-0.00338,0.001349,0.006489,-0.00514,-0.019787,-0.003337,-0.01645,-0.223505,-0.068144,-0.155361
MLB1.DE,2023-08-02,18.09,positive,Q4,-0.005045,0.00368,-0.008725,0.04995,0.006489,0.04346,0.101413,-0.003337,0.10475,-0.012782,-0.068144,0.055362
SHL.DE,2023-08-02,3.92,positive,Q4,0.016236,0.00368,0.012556,-0.013245,0.006489,-0.019735,-0.055757,-0.003337,-0.05242,-0.045076,-0.068144,0.023068
QCI.DE,2023-08-02,-11.45,negative,Q2,0.039255,0.00368,0.035575,0.0002,0.006489,-0.006289,0.015722,-0.003337,0.019059,-0.023333,-0.068144,0.044811
COZ.DE,2023-08-02,-7.51,negative,Q3,0.003394,0.00368,-0.000285,0.008243,0.006489,0.001754,0.042508,-0.003337,0.045846,-0.048327,-0.068144,0.019817
3E2.DE,2023-08-02,4.3,positive,Q4,-0.027293,0.00368,-0.030973,-0.066658,0.006489,-0.073147,-0.089752,-0.003337,-0.086415,-0.224642,-0.068144,-0.156498
ALS.DE,2023-08-02,-23.47,negative,Q2,-0.019679,0.00368,-0.023359,-0.00984,0.006489,-0.016329,0.018259,-0.003337,0.021597,0.206127,-0.068144,0.274271
FRE.DE,2023-08-02,13.56,positive,Q4,-0.012613,0.00368,-0.016292,0.051171,0.006489,0.044682,0.036396,-0.003337,0.039734,-0.146667,-0.068144,-0.078523
CVS.DE,2023-08-02,-30.41,negative,Q2,-0.020213,0.00368,-0.023893,-0.001455,0.006489,-0.007945,-0.104948,-0.003337,-0.101611,-0.039295,-0.068144,0.028849
KCO.DE,2023-08-02,-29.41,negative,Q2,-0.016949,0.00368,-0.020629,-0.052151,0.006489,-0.058641,-0.028683,-0.003337,-0.025346,-0.28292,-0.068144,-0.214776
6D81.DE,2023-08-02,-33.33,negative,Q2,0.001035,0.00368,-0.002645,-0.014484,0.006489,-0.020974,0.015814,-0.003337,0.019152,-0.024534,-0.068144,0.04361
FME.DE,2023-08-02,20.0,positive,Q5,-0.004926,0.00368,-0.008606,0.014107,0.006489,0.007617,-0.060233,-0.003337,-0.056896,-0.337438,-0.068144,-0.269294
MGG.DE,2023-08-02,-1.37,negative,Q3,-0.019263,0.00368,-0.022943,0.020708,0.006489,0.014218,-0.008187,-0.003337,-0.00485,-0.212617,-0.068144,-0.144473
T6A.DE,2023-08-02,-52.36,negative,Q1,0.012934,0.00368,0.009254,0.017018,0.006489,0.010529,-0.011572,-0.003337,-0.008235,-0.040844,-0.068144,0.0273
2QO.DE,2023-08-02,-392.45,negative,Q1,-0.001963,0.00368,-0.005642,-0.016219,0.006489,-0.022708,0.03657,-0.003337,0.039907,-0.14876,-0.068144,-0.080616
R66.DE,2023-08-02,3.33,positive,Q4,-0.016973,0.00368,-0.020652,0.046887,0.006489,0.040397,0.091333,-0.003337,0.094671,0.083696,-0.068144,0.15184
PEO.DE,2023-08-02,-15.02,negative,Q2,-0.030814,0.00368,-0.034493,-0.014244,0.006489,-0.020734,0.006395,-0.003337,0.009733,-0.002616,-0.068144,0.065528
2PP.DE,2023-08-02,-20.84,negative,Q2,-0.027484,0.00368,-0.031163,-0.025606,0.006489,-0.032095,0.005633,-0.003337,0.008971,-0.166098,-0.068144,-0.097954
KHNZ.DE,2023-08-02,6.76,positive,Q4,-0.011847,0.00368,-0.015526,-0.034843,0.006489,-0.041333,-0.056794,-0.003337,-0.053457,-0.074913,-0.068144,-0.006769
SHA.DE,2023-08-02,-15.38,negative,Q2,0.021318,0.00368,0.017638,0.007752,0.006489,0.001262,-0.021318,-0.003337,-0.017981,-0.122093,-0.068144,-0.053949
AMZ.DE,2023-08-03,82.43,positive,Q5,-0.017329,-6.9e-05,-0.01726,-0.026149,-0.007503,-0.018646,-0.009748,-0.007962,-0.001786,-0.004642,-0.064481,0.059839
PCE1.DE,2023-08-03,20.08,positive,Q5,0.013117,-6.9e-05,0.013186,0.027651,-0.007503,0.035154,0.023753,-0.007962,0.031716,-0.065579,-0.064481,-0.001098
LHA.DE,2023-08-03,3.13,positive,Q3,0.005115,-6.9e-05,0.005184,0.019182,-0.007503,0.026685,-0.028133,-0.007962,-0.020171,-0.234015,-0.064481,-0.169534
SGL.DE,2023-08-03,-269.23,negative,Q1,0.010738,-6.9e-05,0.010807,0.025503,-0.007503,0.033007,-0.049664,-0.007962,-0.041702,-0.214765,-0.064481,-0.150284
WMB.DE,2023-08-03,-2.59,negative,Q3,0.002816,-6.9e-05,0.002885,0.034495,-0.007503,0.041998,0.028863,-0.007962,0.036825,0.066878,-0.064481,0.131359
1WR.DE,2023-08-03,59.09,positive,Q5,0.0,-6.9e-05,6.9e-05,0.00132,-0.007503,0.008823,-0.017822,-0.007962,-0.00986,0.111221,-0.064481,0.175702
IFX.DE,2023-08-03,8.06,positive,Q4,0.011316,-6.9e-05,0.011385,-0.026206,-0.007503,-0.018703,-0.031566,-0.007962,-0.023604,-0.192674,-0.064481,-0.128193
E3X1.DE,2023-08-03,7.41,positive,Q4,0.031587,-6.9e-05,0.031656,0.080888,-0.007503,0.088391,0.068936,-0.007962,0.076898,-0.053783,-0.064481,0.010698
MRK.DE,2023-08-03,0.46,positive,Q3,-0.009593,-6.9e-05,-0.009524,0.010488,-0.007503,0.017991,0.04483,-0.007962,0.052792,-0.112681,-0.064481,-0.048201
ZAL.DE,2023-08-03,-5.91,negative,Q3,0.005829,-6.9e-05,0.005898,-0.079339,-0.007503,-0.071836,-0.072863,-0.007962,-0.064901,-0.279145,-0.064481,-0.214664
GIS.DE,2023-08-03,-49.54,negative,Q1,0.012083,-6.9e-05,0.012152,0.012385,-0.007503,0.019888,-0.020088,-0.007962,-0.012126,0.063435,-0.064481,0.127915
BYW6.DE,2023-08-03,-122.32,negative,Q1,-0.057029,-6.9e-05,-0.05696,-0.1313,-0.007503,-0.123797,-0.112732,-0.007962,-0.10477,-0.160477,-0.064481,-0.095997
1QZ.DE,2023-08-03,45.06,positive,Q5,-0.064004,-6.9e-05,-0.063935,-0.074299,-0.007503,-0.066796,-0.099479,-0.007962,-0.091517,-0.083106,-0.064481,-0.018625
UTDI.DE,2023-08-03,-19.12,negative,Q2,-0.014706,-6.9e-05,-0.014637,0.012605,-0.007503,0.020108,0.112745,-0.007962,0.120707,0.236695,-0.064481,0.301176
KEL.DE,2023-08-03,-0.42,negative,Q3,-0.002909,-6.9e-05,-0.00284,-0.01571,-0.007503,-0.008207,-0.059348,-0.007962,-0.051386,-0.134988,-0.064481,-0.070507
AXJ.DE,2023-08-03,83.96,positive,Q5,0.023303,-6.9e-05,0.023371,0.0,-0.007503,0.007503,0.03857,-0.007962,0.046532,-0.06147,-0.064481,0.00301
IC2.DE,2023-08-03,3.97,positive,Q4,0.009644,-6.9e-05,0.009713,-0.00187,-0.007503,0.005633,0.044184,-0.007962,0.052146,-0.01358,-0.064481,0.050901
5G5.DE,2023-08-03,-59.08,negative,Q1,0.00885,-6.9e-05,0.008919,0.070796,-0.007503,0.0783,-0.011799,-0.007962,-0.003837,-0.297935,-0.064481,-0.233454
KIN2.DE,2023-08-03,38.31,positive,Q5,-0.006897,-6.9e-05,-0.006828,0.022989,-0.007503,0.030492,0.043678,-0.007962,0.05164,0.105747,-0.064481,0.170228
FMV.DE,2023-08-03,-177.31,negative,Q1,-0.030965,-6.9e-05,-0.030896,0.025501,-0.007503,0.033004,-0.009107,-0.007962,-0.001145,-0.120219,-0.064481,-0.055738
ADS.DE,2023-08-03,187.27,positive,Q5,-0.010164,-6.9e-05,-0.010095,-0.018318,-0.007503,-0.010815,0.025355,-0.007962,0.033317,-0.078689,-0.064481,-0.014208
1U1.DE,2023-08-03,6.52,positive,Q4,-0.008313,-6.9e-05,-0.008244,-0.023275,-0.007503,-0.015772,0.128845,-0.007962,0.136807,0.333333,-0.064481,0.397814
PSM.DE,2023-08-03,-66.67,negative,Q1,0.003793,-6.9e-05,0.003862,0.046776,-0.007503,0.054279,-0.094817,-0.007962,-0.086855,-0.357775,-0.064481,-0.293294
DUE.DE,2023-08-03,-20.86,negative,Q2,-0.010086,-6.9e-05,-0.010018,-0.049712,-0.007503,-0.042209,-0.068444,-0.007962,-0.060482,-0.352666,-0.064481,-0.288185
RAA.DE,2023-08-03,48.76,positive,Q5,0.002328,-6.9e-05,0.002397,0.034836,-0.007503,0.042339,0.05418,-0.007962,0.062142,-0.153246,-0.064481,-0.088765
HNM.DE,2023-08-03,2.61,positive,Q3,0.02057,-6.9e-05,0.020639,-0.000719,-0.007503,0.006784,0.008055,-0.007962,0.016017,-0.170886,-0.064481,-0.106405
CGN.DE,2023-08-03,-17.72,negative,Q2,0.014984,-6.9e-05,0.015053,0.015382,-0.007503,0.022885,-0.012274,-0.007962,-0.004312,0.130987,-0.064481,0.195468
AMG.DE,2023-08-03,-42.96,negative,Q1,0.021551,-6.9e-05,0.02162,0.070915,-0.007503,0.078419,0.076255,-0.007962,0.084217,0.099796,-0.064481,0.164277
VOS.DE,2023-08-03,28.57,positive,Q5,0.003544,-6.9e-05,0.003613,0.001013,-0.007503,0.008516,0.023038,-0.007962,0.031,-0.096203,-0.064481,-0.031722
YCP.DE,2023-08-03,-4.52,negative,Q3,-0.013642,-6.9e-05,-0.013573,0.019181,-0.007503,0.026685,0.086983,-0.007962,0.094945,0.074879,-0.064481,0.13936
BMW.DE,2023-08-03,-7.58,negative,Q3,-0.00323,-6.9e-05,-0.003161,-0.039294,-0.007503,-0.031791,-0.09226,-0.007962,-0.084298,-0.144903,-0.064481,-0.080422
VNA.DE,2023-08-04,30.91,positive,Q5,-0.017553,-0.011023,-0.00653,0.02766,-0.002916,0.030575,0.08883,-0.011225,0.100055,0.122872,-0.050603,0.173476
AFX.DE,2023-08-04,17.05,positive,Q4,-0.019942,-0.011023,-0.008919,-0.060752,-0.002916,-0.057837,-0.091591,-0.011225,-0.080366,-0.168072,-0.050603,-0.117468
CBK.DE,2023-08-04,-4.26,negative,Q3,-0.033708,-0.011023,-0.022685,-0.0143,-0.002916,-0.011384,-0.067416,-0.011225,-0.056191,0.008172,-0.050603,0.058775
2X0.DE,2023-08-04,-36.76,negative,Q2,-0.023442,-0.011023,-0.012419,-0.068724,-0.002916,-0.065808,-0.0557,-0.011225,-0.044475,-0.11681,-0.050603,-0.066207
LXS.DE,2023-08-04,42.42,positive,Q5,0.015756,-0.011023,0.02678,-0.018207,-0.002916,-0.015291,-0.007703,-0.011225,0.003522,-0.22479,-0.050603,-0.174187
FNTN.DE,2023-08-04,-16.0,negative,Q2,-0.004754,-0.011023,0.006269,0.010565,-0.002916,0.013481,0.033281,-0.011225,0.044506,0.134707,-0.050603,0.18531
NDA.DE,2023-08-07,-90.64,negative,Q1,0.007199,0.004922,0.002277,-0.017998,-0.000485,-0.017513,-0.050671,-0.002127,-0.048544,0.038765,-0.037127,0.075892
HS2.DE,2023-08-07,-16.84,negative,Q2,0.018433,0.004922,0.013511,0.000864,-0.000485,0.001349,-0.004032,-0.002127,-0.001905,-0.161578,-0.037127,-0.124451
ENR.DE,2023-08-07,23.36,positive,Q5,-0.027102,0.004922,-0.032025,-0.067408,-0.000485,-0.066923,-0.121612,-0.002127,-0.119485,-0.336345,-0.037127,-0.299217
0Q3.DE,2023-08-07,1.12,positive,Q3,-0.010144,0.004922,-0.015066,-0.032122,-0.000485,-0.031637,-0.101437,-0.002127,-0.09931,-0.451395,-0.037127,-0.414267
NRA.DE,2023-08-08,-46.02,negative,Q1,-0.011779,0.00908,-0.020859,0.004228,-0.003982,0.008211,0.054062,-0.008448,0.06251,0.260344,-0.045205,0.305549
DWNI.DE,2023-08-08,-41.67,negative,Q1,0.025842,0.00908,0.016762,-0.049377,-0.003982,-0.045395,-0.022612,-0.008448,-0.014164,-0.011998,-0.045205,0.033206
I8R.DE,2023-08-08,-94.25,negative,Q1,-0.001406,0.00908,-0.010486,-0.035162,-0.003982,-0.031179,-0.022504,-0.008448,-0.014056,-0.156118,-0.045205,-0.110913
NOEJ.DE,2023-08-08,-24.91,negative,Q2,-0.022566,0.00908,-0.031646,-0.014184,-0.003982,-0.010202,0.0245,-0.008448,0.032948,-0.044487,-0.045205,0.000717
BAYN.DE,2023-08-08,-3.17,negative,Q3,0.012995,0.00908,0.003915,-0.019589,-0.003982,-0.015607,-0.034135,-0.008448,-0.025687,-0.191427,-0.045205,-0.146223
G24.DE,2023-08-08,9.26,positive,Q4,0.020547,0.00908,0.011467,0.021566,-0.003982,0.025548,0.048226,-0.008448,0.056673,-0.025981,-0.045205,0.019224
ABR.DE,2023-08-08,-0.31,negative,Q3,0.009736,0.00908,0.000656,-0.022253,-0.003982,-0.018271,-0.006954,-0.008448,0.001494,0.024339,-0.045205,0.069544
LLY.DE,2023-08-08,-6.08,negative,Q3,-0.009103,0.00908,-0.018183,0.043237,-0.003982,0.04722,0.111675,-0.008448,0.120123,0.14798,-0.045205,0.193185
EW1.DE,2023-08-08,-13.6,negative,Q2,-0.009268,0.00908,-0.018348,-0.018631,-0.003982,-0.014648,0.009363,-0.008448,0.01781,-0.027993,-0.045205,0.017211
UPAB.DE,2023-08-08,-3.07,negative,Q3,0.005201,0.00908,-0.003878,-0.038912,-0.003982,-0.03493,-0.071306,-0.008448,-0.062858,-0.18778,-0.045205,-0.142575
0S6.DE,2023-08-08,-176.17,negative,Q1,-0.029228,0.00908,-0.038307,-0.042589,-0.003982,-0.038606,-0.062213,-0.008448,-0.053765,-0.358246,-0.045205,-0.313042
FRA.DE,2023-08-08,0.91,positive,Q3,0.014022,0.00908,0.004942,-0.008128,-0.003982,-0.004146,0.035155,-0.008448,0.043603,0.009348,-0.045205,0.054552
ZOE.DE,2023-08-08,10.83,positive,Q4,0.005504,0.00908,-0.003576,-0.003196,-0.003982,0.000786,0.017932,-0.008448,0.02638,-0.112032,-0.045205,-0.066827
SIX2.DE,2023-08-08,-0.96,negative,Q3,0.011462,0.00908,0.002382,-0.031572,-0.003982,-0.02759,-0.073565,-0.008448,-0.065117,-0.182557,-0.045205,-0.137352
AK3.DE,2023-08-08,-40.31,negative,Q1,0.010438,0.00908,0.001358,-0.001278,-0.003982,0.002704,0.038556,-0.008448,0.047004,0.0802,-0.045205,0.125405
HNR1.DE,2023-08-09,4.51,positive,Q4,-0.02863,-0.010274,-0.018356,-0.022946,-0.019981,-0.002966,-0.001,-0.016017,0.015017,0.010894,-0.052754,0.063648
JEN.DE,2023-08-09,-18.6,negative,Q2,-0.0049,-0.010274,0.005374,-0.054655,-0.019981,-0.034675,-0.08104,-0.016017,-0.065023,-0.142857,-0.052754,-0.090103
SYV.DE,2023-08-09,-301.54,negative,Q1,-0.059767,-0.010274,-0.049493,-0.119534,-0.019981,-0.099553,-0.27551,-0.016017,-0.259493,-0.412536,-0.052754,-0.359782
ASG.DE,2023-08-09,39.81,positive,Q5,0.005386,-0.010274,0.01566,0.020946,-0.019981,0.040926,0.039497,-0.016017,0.055515,0.024536,-0.052754,0.07729
WYR.DE,2023-08-09,45.14,positive,Q5,-0.032196,-0.010274,-0.021921,-0.080435,-0.019981,-0.060454,-0.064176,-0.016017,-0.048158,-0.078928,-0.052754,-0.026174
WDP.DE,2023-08-09,-152.41,negative,Q1,-0.000621,-0.010274,0.009653,-0.031549,-0.019981,-0.011568,-0.07055,-0.016017,-0.054533,-0.035027,-0.052754,0.017727
CON.DE,2023-08-09,-14.14,negative,Q2,-0.032193,-0.010274,-0.021919,-0.044635,-0.019981,-0.024654,-0.044323,-0.016017,-0.028306,-0.10591,-0.052754,-0.053156
BNR.DE,2023-08-09,-8.89,negative,Q3,0.002426,-0.010274,0.012701,0.015772,-0.019981,0.035753,0.049742,-0.016017,0.065759,-0.006369,-0.052754,0.046385
EOAN.DE,2023-08-09,48.0,positive,Q5,-0.002915,-0.010274,0.007359,0.002915,-0.019981,0.022896,0.029155,-0.016017,0.045172,0.022352,-0.052754,0.075106
SYAB.DE,2023-08-09,13.21,positive,Q4,-0.012672,-0.010274,-0.002397,-0.032735,-0.019981,-0.012754,-0.040127,-0.016017,-0.024109,0.047518,-0.052754,0.100272
TUI1.DE,2023-08-09,194.77,positive,Q5,0.00607,-0.010274,0.016344,-0.051593,-0.019981,-0.031613,-0.179059,-0.016017,-0.163042,-0.216995,-0.052754,-0.164241
SZG.DE,2023-08-09,-54.85,negative,Q1,-0.039166,-0.010274,-0.028892,-0.053899,-0.019981,-0.033918,-0.102048,-0.016017,-0.086031,-0.11175,-0.052754,-0.058996
ALV.DE,2023-08-10,5.31,positive,Q4,0.004724,0.004553,0.000171,-0.009399,-0.01629,0.006892,0.006741,-0.001969,0.008711,-0.01117,-0.03806,0.02689
MUV2.DE,2023-08-10,-11.51,negative,Q2,0.008648,0.004553,0.004096,0.02332,-0.01629,0.03961,0.063658,-0.001969,0.065628,0.077187,-0.03806,0.115247
TKA.DE,2023-08-10,0.0,negative,Q3,0.003072,0.004553,-0.001481,0.009217,-0.01629,0.025507,0.046083,-0.001969,0.048052,-0.013825,-0.03806,0.024235
DTE.DE,2023-08-10,-5.13,negative,Q3,0.011912,0.004553,0.007359,0.011912,-0.01629,0.028202,0.087351,-0.001969,0.089321,0.135564,-0.03806,0.173624
GFT.DE,2023-08-10,14.71,positive,Q4,-0.006701,0.004553,-0.011254,-0.07568,-0.01629,-0.05939,-0.061096,-0.001969,-0.059126,0.117462,-0.03806,0.155521
EVK.DE,2023-08-10,-13.33,negative,Q2,-0.000628,0.004553,-0.005181,-0.019472,-0.01629,-0.003182,-0.008166,-0.001969,-0.006196,-0.003141,-0.03806,0.034919
MLP.DE,2023-08-10,66.67,positive,Q5,0.017354,0.004553,0.012801,-0.0282,-0.01629,-0.011909,-0.043384,-0.001969,-0.041415,-0.047722,-0.03806,-0.009662
AHLA.DE,2023-08-10,-8.7,negative,Q3,-0.007546,0.004553,-0.012099,-0.067673,-0.01629,-0.051383,-0.049172,-0.001969,-0.047203,-0.08094,-0.03806,-0.04288
VTSC.DE,2023-08-10,-17.14,negative,Q2,0.0,0.004553,-0.004553,-0.07658,-0.01629,-0.06029,-0.073482,-0.001969,-0.071513,0.148079,-0.03806,0.186139
G1A.DE,2023-08-10,-3.13,negative,Q3,-0.012972,0.004553,-0.017525,-0.051325,-0.01629,-0.035035,-0.01692,-0.001969,-0.014951,-0.080372,-0.03806,-0.042312
SIE.DE,2023-08-10,-46.28,negative,Q1,0.009498,0.004553,0.004945,-0.021982,-0.01629,-0.005692,-0.003217,-0.001969,-0.001247,-0.054534,-0.03806,-0.016474
HLAG.DE,2023-08-10,28.31,positive,Q5,0.016104,0.004553,0.011551,0.022221,-0.01629,0.038511,0.025591,-0.001969,0.027561,-0.348355,-0.03806,-0.310295
JUN3.DE,2023-08-10,10.91,positive,Q4,0.002078,0.004553,-0.002475,-0.059557,-0.01629,-0.043267,-0.017313,-0.001969,-0.015344,-0.088296,-0.03806,-0.050237
KBX.DE,2023-08-10,-9.76,negative,Q2,-0.012033,0.004553,-0.016585,-0.038344,-0.01629,-0.022054,-0.08086,-0.001969,-0.078891,-0.157869,-0.03806,-0.11981
INH.DE,2023-08-10,-76.83,negative,Q1,-0.013152,0.004553,-0.017704,-0.019258,-0.01629,-0.002968,-0.089713,-0.001969,-0.087744,-0.191639,-0.03806,-0.153579
HFG.DE,2023-08-10,-29.63,negative,Q2,0.00624,0.004553,0.001687,0.077371,-0.01629,0.093661,0.230865,-0.001969,0.232835,-0.146839,-0.03806,-0.108779
RWE.DE,2023-08-10,25.24,positive,Q5,0.003832,0.004553,-0.00072,-0.014509,-0.01629,0.001782,-0.055571,-0.001969,-0.053601,-0.076102,-0.03806,-0.038042
GLJ.DE,2023-08-10,27.91,positive,Q5,-0.020232,0.004553,-0.024785,-0.038743,-0.01629,-0.022453,-0.040895,-0.001969,-0.038926,-0.175635,-0.03806,-0.137575
COK.DE,2023-08-10,-17.33,negative,Q2,0.0,0.004553,-0.004553,-0.040505,-0.01629,-0.024215,0.06446,-0.001969,0.066429,0.0,-0.03806,0.03806
RHM.DE,2023-08-10,-13.01,negative,Q2,0.018089,0.004553,0.013536,-0.041139,-0.01629,-0.024849,-0.031919,-0.001969,-0.02995,0.05536,-0.03806,0.09342
ARL.DE,2023-08-10,-50.83,negative,Q1,0.00152,0.004553,-0.003033,0.00304,-0.01629,0.01933,0.0,-0.001969,0.001969,None,None,None
CWC.DE,2023-08-11,-5.66,negative,Q3,-0.028427,-0.008612,-0.019815,-0.041432,-0.018924,-0.022508,-0.061112,-0.011866,-0.049246,-0.00656,-0.034689,0.028129
SII.DE,2023-08-11,14.41,positive,Q4,-0.028426,-0.008612,-0.019814,-0.070558,-0.018924,-0.051634,0.004569,-0.011866,0.016435,0.012183,-0.034689,0.046872
VAR1.DE,2023-08-11,-129.73,negative,Q1,-0.038407,-0.008612,-0.029795,-0.04356,-0.018924,-0.024636,-0.037471,-0.011866,-0.025605,-0.033255,-0.034689,0.001434
GBF.DE,2023-08-14,27.42,positive,Q5,0.000675,0.001406,-0.000731,-0.030733,-0.003911,-0.026822,0.039851,-0.007183,0.047034,0.112124,-0.033797,0.145922
JST.DE,2023-08-14,-20.9,negative,Q2,-0.00423,0.001406,-0.005636,-0.013802,-0.003911,-0.009892,0.01358,-0.007183,0.020762,-0.09439,-0.033797,-0.060593
TLX.DE,2023-08-14,0.0,negative,Q3,0.005895,0.001406,0.004489,0.02358,-0.003911,0.02749,0.085745,-0.007183,0.092927,0.000715,-0.033797,0.034512
HDI.DE,2023-08-15,4.44,positive,Q4,-0.009054,-0.007128,-0.001925,-0.026539,-0.003866,-0.022673,0.000415,0.001003,-0.000589,-0.118905,-0.028149,-0.090757
CIS.DE,2023-08-16,-8.42,negative,Q3,0.001054,-0.006547,0.007601,0.014545,-0.003534,0.018079,0.031408,0.013818,0.01759,-0.028668,-0.003985,-0.024683
DYH.DE,2023-08-16,26.15,positive,Q5,0.008342,-0.006547,0.01489,-0.047515,-0.003534,-0.043981,-0.031284,0.013818,-0.045102,-0.129761,-0.003985,-0.125776
GYC.DE,2023-08-16,256.0,positive,Q5,-0.016021,-0.006547,-0.009474,0.010681,-0.003534,0.014215,0.130841,0.013818,0.117023,0.236315,-0.003985,0.2403
5CV.DE,2023-08-17,-25.55,negative,Q2,-0.014599,0.001863,-0.016462,-0.012165,0.003696,-0.015861,-0.107056,0.009815,-0.116871,-0.360097,0.011166,-0.371264
WMT.DE,2023-08-17,70.79,positive,Q5,0.001912,0.001863,4.9e-05,0.011685,0.003696,0.007989,0.060761,0.009815,0.050946,0.075844,0.011166,0.064678
FDO.DE,2023-08-21,-157.8,negative,Q1,-0.010601,0.001451,-0.012052,-0.038869,0.014343,-0.053212,-0.122792,0.004837,-0.127629,0.144876,0.013596,0.13128
CO3A.DE,2023-08-22,132.14,positive,Q5,-0.007729,-0.006798,-0.000932,0.017391,0.010396,0.006995,0.102415,-0.009953,0.112369,-0.033816,0.010994,-0.044811
AUD.DE,2023-08-23,-41.98,negative,Q1,0.034109,0.000661,0.033447,0.059173,0.020842,0.038331,-0.008062,-0.00411,-0.003952,0.031421,0.017863,0.013559
ANL.DE,2023-08-23,-30.57,negative,Q2,0.025725,0.000661,0.025064,0.042832,0.020842,0.02199,0.029713,-0.00411,0.033822,0.038395,0.017863,0.020532
NTA.DE,2023-08-23,-35.52,negative,Q2,-0.012895,0.000661,-0.013556,0.007114,0.020842,-0.013728,0.019268,-0.00411,0.023378,0.017341,0.017863,-0.000522
DT3.DE,2023-08-24,3.89,positive,Q4,0.006987,0.010286,-0.003299,-0.036681,0.013339,-0.050021,-0.138428,-0.014479,-0.123949,-0.070742,0.020855,-0.091597
FIE.DE,2023-08-24,-4.88,negative,Q3,-0.003313,0.010286,-0.013599,0.06744,0.013339,0.0541,-0.078088,-0.014479,-0.063609,0.070279,0.020855,0.049424
NCH2.DE,2023-08-28,0.0,negative,Q3,-0.005581,-0.002445,-0.003136,0.0,-0.009991,0.009991,-0.14186,-0.044783,-0.097078,-0.210698,0.00619,-0.216888
2HP.DE,2023-08-29,-24.18,negative,Q2,0.001362,0.00347,-0.002108,0.049728,-0.009474,0.059202,0.020436,-0.035768,0.056204,-0.077657,0.004684,-0.082341
EVT.DE,2023-08-29,-100.0,negative,Q1,0.005109,0.00347,0.001639,-0.006967,-0.009474,0.002507,-0.142127,-0.035768,-0.106359,-0.154668,0.004684,-0.159352
7HP.DE,2023-08-29,-10.54,negative,Q2,0.03658,0.00347,0.03311,0.057131,-0.009474,0.066605,-0.070695,-0.035768,-0.034926,-0.000822,0.004684,-0.005506
DHER.DE,2023-08-30,-130.3,negative,Q1,0.000593,-0.006693,0.007287,-0.06554,-0.014324,-0.051216,-0.194247,-0.035147,-0.159099,-0.104982,0.002859,-0.107841
VEE.DE,2023-08-30,-39.51,negative,Q1,0.070752,-0.006693,0.077445,0.164903,-0.014324,0.179226,0.087744,-0.035147,0.122891,-0.116713,0.002859,-0.119572
CSC.DE,2023-08-30,12.52,positive,Q4,-0.018054,-0.006693,-0.011361,0.006737,-0.014324,0.02106,0.007006,-0.035147,0.042154,-0.045271,0.002859,-0.04813
HMSB.DE,2023-08-30,4.32,positive,Q4,0.008737,-0.006693,0.01543,0.0,-0.014324,0.014324,-0.050834,-0.035147,-0.015686,0.078634,0.002859,0.075775
SUSE.DE,2023-08-30,-20.0,negative,Q2,0.002193,-0.006693,0.008886,0.002193,-0.014324,0.016517,0.051535,-0.035147,0.086683,None,None,None
CIE1.DE,2023-08-31,-61.6,negative,Q1,-0.019868,-0.000978,-0.01889,-0.004415,-0.006316,0.001901,-0.00883,-0.037444,0.028614,-0.0883,0.020587,-0.108888
12DA.DE,2023-08-31,-45.19,negative,Q1,-0.006965,-0.000978,-0.005987,0.048756,-0.006316,0.055072,0.039801,-0.037444,0.077245,0.099834,0.020587,0.079247
1YD.DE,2023-08-31,-26.03,negative,Q2,0.016358,-0.000978,0.017336,-0.00869,-0.006316,-0.002375,-0.008946,-0.037444,0.028499,0.069776,0.020587,0.049189
2KD.DE,2023-09-06,7.57,positive,Q4,0.01304,0.001377,0.011664,0.050789,0.005511,0.045278,-0.010295,-0.031103,0.020807,0.048044,0.051814,-0.00377
ORC.DE,2023-09-11,-25.47,negative,Q2,-0.008923,-0.003913,-0.00501,0.001765,-0.003248,0.005013,-0.012748,-0.016259,0.003511,0.003138,0.066411,-0.063274
AG1.DE,2023-09-13,15.79,positive,Q4,-0.009901,0.005583,-0.015484,-0.03819,-0.014769,-0.02342,-0.145686,-0.039141,-0.106545,-0.30976,0.062413,-0.372172
GRM.DE,2023-09-20,5.21,positive,Q4,-0.011346,-0.000936,-0.01041,-0.024818,-0.015949,-0.008869,-0.014714,-0.049666,0.034952,-0.015068,0.075299,-0.090368
FDX.DE,2023-09-20,14.33,positive,Q4,0.012302,-0.000936,0.013238,0.030669,-0.015949,0.046619,-0.075648,-0.049666,-0.025982,0.049934,0.075299,-0.025366
VBK.DE,2023-09-26,-35.0,negative,Q2,0.027257,0.006969,0.020288,-0.018739,-0.007723,-0.011016,-0.060193,-0.031963,-0.02823,-0.171493,0.100189,-0.271682
PCX.DE,2023-09-27,3.88,positive,Q4,-0.01897,0.004117,-0.023087,-0.017159,-0.016529,-0.00063,-0.065014,-0.041511,-0.023504,-0.015825,0.089931,-0.105755
MTE.DE,2023-09-27,-14.1,negative,Q2,0.019419,0.004117,0.015302,0.031456,-0.016529,0.047984,-0.010592,-0.041511,0.030919,0.242016,0.089931,0.152085
TOTB.DE,2023-09-29,9.24,positive,Q4,-0.006334,-0.010625,0.004291,-0.004343,-0.007811,0.003468,0.023525,-0.028652,0.052178,0.016106,0.099831,-0.083726
ASME.DE,2023-09-29,4.11,positive,Q4,-0.017424,-0.010625,-0.006799,-0.003957,-0.007811,0.003854,0.014364,-0.028652,0.043017,0.195529,0.099831,0.095698
NOA3.DE,2023-09-29,-65.63,negative,Q1,0.009202,-0.010625,0.019827,-0.04908,-0.007811,-0.041268,-0.101227,-0.028652,-0.072575,-0.09816,0.099831,-0.197991
O3P.DE,2023-09-29,-21.38,negative,Q2,-0.008279,-0.010625,0.002346,-0.009719,-0.007811,-0.001908,-0.032037,-0.028652,-0.003385,0.039957,0.099831,-0.059875
BSD2.DE,2023-09-29,6.68,positive,Q4,-0.003058,-0.010625,0.007567,-0.015291,-0.007811,-0.007479,-0.006116,-0.028652,0.022536,0.100917,0.099831,0.001086
ZEG.DE,2023-09-29,-47.81,negative,Q1,-0.005904,-0.010625,0.004721,-0.006724,-0.007811,0.001087,-0.067569,-0.028652,-0.038916,-0.023206,0.099831,-0.123038
U9RA.DE,2023-09-29,18.21,positive,Q5,-0.021703,-0.010625,-0.011078,-0.005008,-0.007811,0.002803,0.021703,-0.028652,0.050355,0.262104,0.099831,0.162272
RAW.DE,2023-09-29,29.61,positive,Q5,-0.016681,-0.010625,-0.006056,-0.003512,-0.007811,0.004299,0.015803,-0.028652,0.044456,0.460053,0.099831,0.360221
PHI1.DE,2023-09-29,-66.72,negative,Q1,-0.018655,-0.010625,-0.00803,-0.068966,-0.007811,-0.061154,-0.057094,-0.028652,-0.028442,0.121538,0.099831,0.021706
EBO.DE,2023-09-29,5.49,positive,Q4,-0.008832,-0.010625,0.001793,-0.008832,-0.007811,-0.00102,0.035326,-0.028652,0.063979,0.127378,0.099831,0.027546
WIB.DE,2023-09-29,29.66,positive,Q5,-0.006687,-0.010625,0.003937,-0.009362,-0.007811,-0.001551,-0.033883,-0.028652,-0.005231,0.265716,0.099831,0.165884
RPL.DE,2023-09-29,-118.9,negative,Q1,-0.030062,-0.010625,-0.019437,-0.002419,-0.007811,0.005392,0.007256,-0.028652,0.035909,0.08293,0.099831,-0.016901
AUS.DE,2023-09-29,57.83,positive,Q5,-0.020969,-0.010625,-0.010344,-0.078814,-0.007811,-0.071003,-0.148228,-0.028652,-0.119576,-0.077368,0.099831,-0.177199
AHOG.DE,2023-09-29,-31.44,negative,Q2,0.012218,-0.010625,0.022843,0.012218,-0.007811,0.02003,-0.0042,-0.028652,0.024452,-0.051546,0.099831,-0.151378
HBC1.DE,2023-09-29,3.07,positive,Q3,0.006116,-0.010625,0.016741,0.007645,-0.007811,0.015457,-0.090214,-0.028652,-0.061562,-0.006116,0.099831,-0.105948
639.DE,2023-09-29,247.02,positive,Q5,-0.035667,-0.010625,-0.025042,-0.021136,-0.007811,-0.013325,0.021136,-0.028652,0.049789,0.129458,0.099831,0.029627
RY4C.DE,2023-09-29,5.6,positive,Q4,-0.020222,-0.010625,-0.009597,-0.024788,-0.007811,-0.016977,-0.109589,-0.028652,-0.080937,0.192433,0.099831,0.092602
BYW.DE,2023-09-29,-155.8,negative,Q1,0.0,-0.010625,0.010625,-0.126506,-0.007811,-0.118695,-0.076305,-0.028652,-0.047653,-0.214859,0.099831,-0.314691
BCY.DE,2023-09-29,34.65,positive,Q5,-0.011834,-0.010625,-0.001209,-0.017751,-0.007811,-0.00994,-0.159763,-0.028652,-0.131111,0.0,0.099831,-0.099831
BMW3.DE,2023-09-29,1.93,positive,Q3,-0.002806,-0.010625,0.007819,-0.016964,-0.007811,-0.009153,-0.092857,-0.028652,-0.064205,0.029974,0.099831,-0.069857
NMM.DE,2023-09-29,-49.99,negative,Q1,0.004986,-0.010625,0.015611,0.060455,-0.007811,0.068266,0.047367,-0.028652,0.076019,0.116547,0.099831,0.016716
ENL.DE,2023-09-29,-22.5,negative,Q2,-0.024096,-0.010625,-0.013471,-0.01004,-0.007811,-0.002229,0.058233,-0.028652,0.086885,0.184739,0.099831,0.084908
2FE.DE,2023-09-29,13.04,positive,Q4,-0.004947,-0.010625,0.005678,0.001076,-0.007811,0.008887,0.009213,-0.028652,0.037866,0.087331,0.099831,-0.012501
UN0.DE,2023-09-29,-20.67,negative,Q2,0.010555,-0.010625,0.02118,-0.002737,-0.007811,0.005075,-0.053167,-0.028652,-0.024514,-0.398944,0.099831,-0.498776
ABEC.DE,2023-09-29,6.52,positive,Q4,-0.008939,-0.010625,0.001686,0.025641,-0.007811,0.033452,-0.083823,-0.028652,-0.055171,-0.014506,0.099831,-0.114338
AZ2.DE,2023-09-29,8.7,positive,Q4,-0.003721,-0.010625,0.006904,-0.035814,-0.007811,-0.028003,-0.074419,-0.028652,-0.045766,0.160698,0.099831,0.060866
1TY.DE,2023-09-29,-4.27,negative,Q3,-0.029807,-0.010625,-0.019182,-0.012359,-0.007811,-0.004548,-0.047983,-0.028652,-0.01933,-0.027263,0.099831,-0.127094
INN1.DE,2023-09-29,4.9,positive,Q4,-0.005556,-0.010625,0.005069,0.008333,-0.007811,0.016145,-0.033333,-0.028652,-0.004681,0.080556,0.099831,-0.019276
CBHD.DE,2023-09-29,-11.69,negative,Q2,-0.015876,-0.010625,-0.005252,0.008045,-0.007811,0.015857,0.0,-0.028652,0.028652,0.086784,0.099831,-0.013047
SIX3.DE,2023-09-29,2.9,positive,Q3,-0.020282,-0.010625,-0.009657,-0.008451,-0.007811,-0.000639,-0.089014,-0.028652,-0.060362,0.137465,0.099831,0.037633
IES.DE,2023-09-29,-3.98,negative,Q3,-0.010256,-0.010625,0.000368,-0.010256,-0.007811,-0.002445,0.020513,-0.028652,0.049165,0.184615,0.099831,0.084784
ENI.DE,2023-09-29,12.16,positive,Q4,-0.009412,-0.010625,0.001213,0.00549,-0.007811,0.013301,0.036863,-0.028652,0.065515,0.061176,0.099831,-0.038655
CRIN.DE,2023-09-29,18.1,positive,Q4,-0.017002,-0.010625,-0.006377,0.003091,-0.007811,0.010902,0.070582,-0.028652,0.099235,0.134982,0.099831,0.035151
LEN.DE,2023-09-29,-13.33,negative,Q2,-0.089888,-0.010625,-0.079263,-0.06367,-0.007811,-0.055859,-0.083645,-0.028652,-0.054993,-0.109863,0.099831,-0.209694
VAS.DE,2023-09-29,5.36,positive,Q4,-0.013986,-0.010625,-0.003361,-0.009461,-0.007811,-0.00165,-0.079803,-0.028652,-0.05115,0.098313,0.099831,-0.001518
IOS.DE,2023-09-29,12.77,positive,Q4,-0.008276,-0.010625,0.002349,-0.035862,-0.007811,-0.028051,-0.142069,-0.028652,-0.113417,0.172414,0.099831,0.072582
NOV.DE,2023-09-30,4.35,positive,Q4,0.010758,0.000975,0.009783,0.042908,0.022427,0.020482,0.107951,-0.010735,0.118686,0.129962,0.096331,0.03363
SHA0.DE,2023-09-30,1.17,positive,Q3,-0.002141,0.000975,-0.003116,0.036403,0.022427,0.013976,-0.089936,-0.010735,-0.079201,0.017131,0.096331,-0.079201
2HQ.DE,2023-10-04,-16.35,negative,Q2,-0.043689,0.010587,-0.054276,-0.072816,0.023544,-0.096359,-0.131068,0.007898,-0.138966,0.019417,0.101126,-0.081709
GXI.DE,2023-10-05,-6.14,negative,Q3,-0.012794,-0.006675,-0.006119,0.011703,-0.002831,0.014533,-0.123971,-0.006159,-0.117812,-0.100962,0.097618,-0.19858
PEP.DE,2023-10-10,4.43,positive,Q4,-0.017801,-0.002263,-0.015538,0.005887,-0.023616,0.029503,0.019763,-0.006951,0.026715,-0.006868,0.070312,-0.07718
YOU.DE,2023-10-10,-80.0,negative,Q1,-0.008065,-0.002263,-0.005802,-0.048387,-0.023616,-0.024771,-0.118952,-0.006951,-0.112,-0.090726,0.070312,-0.161038
SZU.DE,2023-10-12,62.46,positive,Q5,0.039432,0.00338,0.036052,0.01735,-0.025561,0.042911,0.061514,0.010426,0.051088,-0.062303,0.094528,-0.156831
W8A.DE,2023-10-12,-130.38,negative,Q1,-0.058206,0.00338,-0.061586,-0.144561,-0.025561,-0.119,-0.164599,0.010426,-0.175025,-0.065363,0.094528,-0.15989
FAS.DE,2023-10-12,2.99,positive,Q3,-0.010491,0.00338,-0.013871,-0.049457,-0.025561,-0.023895,-0.012364,0.010426,-0.02279,0.039341,0.094528,-0.055187
BLQA.DE,2023-10-13,26.87,positive,Q5,-0.006935,0.000899,-0.007834,-0.043215,-0.028696,-0.014519,0.056391,0.024704,0.031687,0.214891,0.087524,0.127367
CMC.DE,2023-10-13,13.64,positive,Q4,0.002174,0.000899,0.001275,-0.035088,-0.028696,-0.006392,-0.017919,0.024704,-0.042623,0.104738,0.087524,0.017214
UNH.DE,2023-10-13,-1.17,negative,Q3,-0.003902,0.000899,-0.004801,-0.03997,-0.028696,-0.011274,-0.026323,0.024704,-0.051027,-0.066981,0.087524,-0.154505
TRVC.DE,2023-10-13,48.28,positive,Q5,0.006719,0.000899,0.00582,-0.041713,-0.028696,-0.013017,0.078947,0.024704,0.054243,0.2486,0.087524,0.161076
NWT.DE,2023-10-13,26.27,positive,Q5,0.0,0.000899,-0.000899,-0.029179,-0.028696,-0.000483,0.013362,0.024704,-0.011342,0.11808,0.087524,0.030556
GIS.DE,2023-10-17,-9.39,negative,Q3,-0.013883,-0.003291,-0.010592,-0.022383,-0.01343,-0.008952,-0.094773,0.045823,-0.140596,0.052132,0.097545,-0.045413
GOS.DE,2023-10-17,10.72,positive,Q4,0.000697,-0.003291,0.003988,-0.019483,-0.01343,-0.006053,0.075072,0.045823,0.029248,0.212152,0.097545,0.114607
NCB.DE,2023-10-17,17.14,positive,Q4,-0.000807,-0.003291,0.002484,-0.076302,-0.01343,-0.062872,0.036738,0.045823,-0.009085,0.124748,0.097545,0.027202
ERCB.DE,2023-10-17,8.54,positive,Q4,-0.012594,-0.003291,-0.009303,-0.017632,-0.01343,-0.004202,0.042821,0.045823,-0.003002,0.322418,0.097545,0.224873
LOM.DE,2023-10-17,1.11,positive,Q3,-0.007103,-0.003291,-0.003811,-0.003325,-0.01343,0.010106,-0.032591,0.045823,-0.078415,-0.000302,0.097545,-0.097848
JNJ.DE,2023-10-17,306.72,positive,Q5,-0.011058,-0.003291,-0.007766,-0.009647,-0.01343,0.003783,-0.053135,0.045823,-0.098959,0.027532,0.097545,-0.070013
UB5.DE,2023-10-18,2.53,positive,Q3,-0.02577,-0.016401,-0.009368,-0.063588,-0.020882,-0.042705,0.093039,0.058087,0.034952,0.19344,0.100357,0.093083
TL0.DE,2023-10-18,-27.1,negative,Q2,-0.044055,-0.016401,-0.027654,-0.047322,-0.020882,-0.026439,0.041797,0.058087,-0.01629,-0.076916,0.100357,-0.177273
LCR.DE,2023-10-18,-8.99,negative,Q3,-0.020848,-0.016401,-0.004447,0.00773,-0.020882,0.028613,0.028812,0.058087,-0.029274,0.032795,0.100357,-0.067563
DB1.DE,2023-10-18,-5.26,negative,Q3,0.000329,-0.016401,0.01673,-0.009794,-0.020882,0.011088,0.070466,0.058087,0.012379,0.202393,0.100357,0.102035
PA9.DE,2023-10-18,-41.55,negative,Q1,-0.014528,-0.016401,0.001874,0.007096,-0.020882,0.027979,0.017139,0.058087,-0.040948,0.26103,0.100357,0.160672
PRG.DE,2023-10-18,6.13,positive,Q4,0.002833,-0.016401,0.019235,0.019237,-0.020882,0.040119,-0.009245,0.058087,-0.067332,-0.02371,0.100357,-0.124068
ABL.DE,2023-10-18,-25.1,negative,Q2,0.028176,-0.016401,0.044577,-0.001048,-0.020882,0.019835,0.027244,0.058087,-0.030843,0.18058,0.100357,0.080222
NFC.DE,2023-10-18,6.97,positive,Q4,0.001855,-0.016401,0.018256,0.027292,-0.020882,0.048174,0.129836,0.058087,0.071749,0.164282,0.100357,0.063925
DWD.DE,2023-10-18,12.1,positive,Q4,-0.022953,-0.016401,-0.006552,-0.028156,-0.020882,-0.007274,0.053405,0.058087,-0.004682,0.108952,0.100357,0.008594
185.DE,2023-10-18,10.33,positive,Q4,-0.051865,-0.016401,-0.035463,-0.068153,-0.020882,-0.04727,0.017574,0.058087,-0.040513,0.017145,0.100357,-0.083212
VOS.DE,2023-10-19,-41.76,negative,Q1,0.010489,0.000152,0.010337,-0.00276,-0.007505,0.004745,0.064863,0.074525,-0.009662,0.067624,0.127371,-0.059747
SOBA.DE,2023-10-19,-21.41,negative,Q2,-0.033359,0.000152,-0.033511,-0.039424,-0.007505,-0.031919,-0.003791,0.074525,-0.078316,0.066717,0.127371,-0.060653
MUM.DE,2023-10-19,-7.84,negative,Q3,-0.007416,0.000152,-0.007568,0.031685,-0.007505,0.03919,0.104494,0.074525,0.029969,0.100225,0.127371,-0.027146
4I1.DE,2023-10-19,-18.3,negative,Q2,0.001769,0.000152,0.001617,-0.030322,-0.007505,-0.022817,-0.020973,0.074525,-0.095498,0.009349,0.127371,-0.118021
UNP.DE,2023-10-19,4.39,positive,Q4,-0.005729,0.000152,-0.005881,-0.046302,-0.007505,-0.038797,0.010781,0.074525,-0.063744,0.12224,0.127371,-0.005131
FPMB.DE,2023-10-19,-6.05,negative,Q3,-0.01404,0.000152,-0.014192,-0.006382,-0.007505,0.001123,0.046267,0.074525,-0.028259,0.084556,0.127371,-0.042814
HEI.DE,2023-10-19,3.28,positive,Q4,0.022406,0.000152,0.022254,0.025425,-0.007505,0.03293,0.075163,0.074525,0.000638,0.277133,0.127371,0.149763
SRT3.DE,2023-10-19,-22.39,negative,Q2,-0.024171,0.000152,-0.024323,-0.040424,-0.007505,-0.032919,0.158763,0.074525,0.084238,0.240407,0.127371,0.113037
DC7.DE,2023-10-19,-13.67,negative,Q2,-0.003834,0.000152,-0.003986,-0.023665,-0.007505,-0.01616,0.022343,0.074525,-0.052183,0.189714,0.127371,0.062344
SRT.DE,2023-10-19,-19.38,negative,Q2,-0.027012,0.000152,-0.027164,-0.052059,-0.007505,-0.044554,0.118631,0.074525,0.044106,0.206219,0.127371,0.078848
AEC1.DE,2023-10-20,13.62,positive,Q4,0.016388,0.005352,0.011036,0.002592,-0.005688,0.008279,0.108011,0.074308,0.033703,0.276241,0.123397,0.152843
TLX.DE,2023-10-23,0.0,negative,Q3,0.019244,0.000823,0.018422,-0.001782,-0.004677,0.002896,0.094797,0.072438,0.022358,0.11422,0.13508,-0.02086
ADM.DE,2023-10-24,0.0,negative,Q3,0.006038,-0.01082,0.016858,0.021214,0.002088,0.019126,0.027905,0.074036,-0.046131,-0.285901,0.135288,-0.421189
CCC3.DE,2023-10-24,2.74,positive,Q3,0.006478,-0.01082,0.017298,0.011336,0.002088,0.009248,0.015789,0.074036,-0.058246,0.031984,0.135288,-0.103305
5UR.DE,2023-10-24,-156.04,negative,Q1,0.016043,-0.01082,0.026863,0.052913,0.002088,0.050825,-0.018717,0.074036,-0.092752,0.133408,0.135288,-0.00188
KMY.DE,2023-10-24,8.61,positive,Q4,-0.001717,-0.01082,0.009102,0.003149,0.002088,0.001061,-0.004007,0.074036,-0.078043,-0.014312,0.135288,-0.1496
PAE.DE,2023-10-24,10.45,positive,Q4,0.001229,-0.01082,0.012049,-0.013381,0.002088,-0.015468,0.051611,0.074036,-0.022424,0.221327,0.135288,0.086039
3V64.DE,2023-10-24,1.42,positive,Q3,-0.020808,-0.01082,-0.009988,0.00895,0.002088,0.006862,0.047658,0.074036,-0.026378,0.123802,0.135288,-0.011487
XER2.DE,2023-10-24,-9.82,negative,Q2,0.012512,-0.01082,0.023332,0.082772,0.002088,0.080684,0.097209,0.074036,0.023173,0.479307,0.135288,0.344019
BAC.DE,2023-10-24,-4.46,negative,Q3,0.018625,-0.01082,0.029444,0.049069,0.002088,0.046981,0.063754,0.074036,-0.010282,0.229943,0.135288,0.094654
HAL.DE,2023-10-24,3.58,positive,Q4,0.015687,-0.01082,0.026507,0.013976,0.002088,0.011888,-0.073303,0.074036,-0.147338,-0.096406,0.135288,-0.231695
2OY.DE,2023-10-24,-3.69,negative,Q3,0.007645,-0.01082,0.018465,0.002039,0.002088,-4.9e-05,0.044852,0.074036,-0.029183,0.124363,0.135288,-0.010926
TII.DE,2023-10-24,2.91,positive,Q3,0.022263,-0.01082,0.033083,0.015512,0.002088,0.013424,0.068719,0.074036,-0.005317,0.179714,0.135288,0.044425
MSF.DE,2023-10-24,12.75,positive,Q4,-0.015817,-0.01082,-0.004997,0.022341,0.002088,0.020253,0.089014,0.074036,0.014979,0.175387,0.135288,0.040098
ABEA.DE,2023-10-24,6.52,positive,Q4,-0.021757,-0.01082,-0.010938,-0.006662,0.002088,-0.00875,0.062827,0.074036,-0.011209,0.181397,0.135288,0.046108
1SI.DE,2023-10-24,6.23,positive,Q4,-0.060021,-0.01082,-0.049202,0.007503,0.002088,0.005415,0.209003,0.074036,0.134968,0.625938,0.135288,0.490649
PUM.DE,2023-10-24,-7.37,negative,Q3,-0.029468,-0.01082,-0.018648,-0.018441,0.002088,-0.020529,0.034221,0.074036,-0.039815,-0.313498,0.135288,-0.448787
8GM.DE,2023-10-24,19.21,positive,Q5,0.011765,-0.01082,0.022584,0.012144,0.002088,0.010057,-0.042505,0.074036,-0.11654,0.201898,0.135288,0.066609
FFV.DE,2023-10-24,-21.38,negative,Q2,0.000346,-0.01082,0.011166,-0.007269,0.002088,-0.009357,0.065421,0.074036,-0.008615,0.17757,0.135288,0.042282
MMM.DE,2023-10-24,-291.9,negative,Q1,0.000601,-0.01082,0.011421,0.011876,0.002088,0.009788,0.055322,0.074036,-0.018714,0.061485,0.135288,-0.073803
UWS.DE,2023-10-24,1.31,positive,Q3,0.002586,-0.01082,0.013406,0.002586,0.002088,0.000499,0.014192,0.074036,-0.059844,0.1012,0.135288,-0.034088
FIV.DE,2023-10-24,-18.68,negative,Q2,-0.002308,-0.01082,0.008511,0.004617,0.002088,0.002529,0.06602,0.074036,-0.008015,0.193444,0.135288,0.058156
DWS.DE,2023-10-25,-11.9,negative,Q2,-0.014798,-0.002962,-0.011836,0.042152,0.028005,0.014147,0.099552,0.088143,0.011408,0.387892,0.151404,0.236488
KLA.DE,2023-10-25,0.98,positive,Q3,0.004612,-0.002962,0.007574,0.060847,0.028005,0.032842,0.174518,0.088143,0.086375,0.292424,0.151404,0.141019
GDX.DE,2023-10-25,4.71,positive,Q4,-0.025199,-0.002962,-0.022237,-0.00349,0.028005,-0.031495,-0.012146,0.088143,-0.10029,0.060868,0.151404,-0.090536
MTT.DE,2023-10-25,-52.5,negative,Q1,-0.009075,-0.002962,-0.006113,0.039705,0.028005,0.0117,-0.029495,0.088143,-0.117638,-0.039705,0.151404,-0.191109
SY1.DE,2023-10-25,-59.1,negative,Q1,-0.003007,-0.002962,-4.4e-05,0.016538,0.028005,-0.011468,0.073239,0.088143,-0.014904,0.018256,0.151404,-0.133148
P911.DE,2023-10-25,-2.29,negative,Q3,-0.016777,-0.002962,-0.013815,0.037846,0.028005,0.009841,0.030953,0.088143,-0.05719,-0.084276,0.151404,-0.23568
ADP.DE,2023-10-25,2.6,positive,Q3,0.0,-0.002962,0.002962,-0.024993,0.028005,-0.052998,0.002107,0.088143,-0.086036,0.043468,0.151404,-0.107936
W3U.DE,2023-10-25,18.4,positive,Q5,-0.047852,-0.002962,-0.044889,-0.021484,0.028005,-0.04949,-0.019531,0.088143,-0.107674,0.041016,0.151404,-0.110388
FB2A.DE,2023-10-25,20.58,positive,Q5,0.025052,-0.002962,0.028015,0.066549,0.028005,0.038543,0.129419,0.088143,0.041276,0.333812,0.151404,0.182408
TM5.DE,2023-10-25,7.45,positive,Q4,0.011538,-0.002962,0.0145,0.017076,0.028005,-0.01093,0.011845,0.088143,-0.076298,0.125452,0.151404,-0.025952
BCO.DE,2023-10-25,15.09,positive,Q4,-0.003289,-0.002962,-0.000327,0.062258,0.028005,0.034252,0.182897,0.088143,0.094754,0.112534,0.151404,-0.03887
DBK.DE,2023-10-25,2.0,positive,Q3,0.003058,-0.002962,0.006021,0.022426,0.028005,-0.005579,0.070336,0.088143,-0.017807,0.164118,0.151404,0.012714
IBM.DE,2023-10-25,-12.94,negative,Q2,-0.013567,-0.002962,-0.010604,0.009465,0.028005,-0.01854,0.046537,0.088143,-0.041606,0.280091,0.151404,0.128687
AHC.DE,2023-10-25,32.48,positive,Q5,-0.065818,-0.002962,-0.062855,-0.042494,0.028005,-0.0705,-0.087065,0.088143,-0.175208,-0.08222,0.151404,-0.233624
8TRA.DE,2023-10-25,-14.11,negative,Q2,0.001763,-0.002962,0.004725,-0.007638,0.028005,-0.035644,0.041716,0.088143,-0.046427,0.203878,0.151404,0.052474
KC4.DE,2023-10-25,0.0,negative,Q3,-0.013278,-0.002962,-0.010315,0.05207,0.028005,0.024064,0.050508,0.088143,-0.037635,0.15647,0.151404,0.005066
BEI.DE,2023-10-25,6.22,positive,Q4,0.0,-0.002962,0.002962,0.028442,0.028005,0.000437,0.057219,0.088143,-0.030924,0.104568,0.151404,-0.046837
NFS.DE,2023-10-25,-21.26,negative,Q2,-0.011359,-0.002962,-0.008397,0.031091,0.028005,0.003085,0.125768,0.088143,0.037625,0.231864,0.151404,0.08046
USX1.DE,2023-10-26,5.66,positive,Q4,-0.001277,0.001983,-0.00326,0.013086,0.034168,-0.021082,0.014363,0.087079,-0.072715,0.415576,0.153485,0.262091
BRM.DE,2023-10-26,-46.95,negative,Q1,-0.014444,0.001983,-0.016427,0.021666,0.034168,-0.012502,-0.070187,0.087079,-0.157266,-0.050553,0.153485,-0.204038
SOW.DE,2023-10-26,20.69,positive,Q5,0.012594,0.001983,0.010611,-0.003149,0.034168,-0.037317,0.006927,0.087079,-0.080152,0.217884,0.153485,0.064399
6MK.DE,2023-10-26,-4.32,negative,Q3,-0.005137,0.001983,-0.00712,-0.004044,0.034168,-0.038212,-0.048197,0.087079,-0.135275,0.158251,0.153485,0.004766
VOW.DE,2023-10-26,0.78,positive,Q3,0.006528,0.001983,0.004544,0.102408,0.034168,0.06824,0.110861,0.087079,0.023783,0.202996,0.153485,0.049511
AMZ.DE,2023-10-26,60.11,positive,Q5,0.017518,0.001983,0.015535,0.059267,0.034168,0.025099,0.113785,0.087079,0.026707,0.206451,0.153485,0.052965
MBG.DE,2023-10-26,6.17,positive,Q4,-0.011053,0.001983,-0.013036,0.03024,0.034168,-0.003928,0.038373,0.087079,-0.048705,0.100938,0.153485,-0.052547
INL.DE,2023-10-26,-67.95,negative,Q1,-0.001513,0.001983,-0.003496,0.059002,0.034168,0.024833,0.205749,0.087079,0.11867,0.207564,0.153485,0.054079
CTP2.DE,2023-10-26,3.11,positive,Q3,0.045321,0.001983,0.043337,0.115951,0.034168,0.081783,0.065921,0.087079,-0.021158,0.188346,0.153485,0.034861
REP.DE,2023-10-26,13.16,positive,Q4,0.037368,0.001983,0.035385,-0.011373,0.034168,-0.045541,0.031682,0.087079,-0.055397,0.015435,0.153485,-0.138051
VOW3.DE,2023-10-26,2.92,positive,Q3,-0.001509,0.001983,-0.003492,0.057916,0.034168,0.023747,0.068825,0.087079,-0.018253,0.167943,0.153485,0.014458
68V.DE,2023-10-26,28.97,positive,Q5,-0.005714,0.001983,-0.007698,-0.005079,0.034168,-0.039247,-0.064444,0.087079,-0.151523,-0.156508,0.153485,-0.309993
KGX.DE,2023-10-26,-1.2,negative,Q3,0.02466,0.001983,0.022676,0.108208,0.034168,0.07404,0.161943,0.087079,0.074865,0.512698,0.153485,0.359213
IBE1.DE,2023-10-26,6.67,positive,Q4,0.007277,0.001983,0.005293,0.039501,0.034168,0.005333,0.089397,0.087079,0.002318,0.079002,0.153485,-0.074483
BFSA.DE,2023-10-26,-40.0,negative,Q1,-0.020927,0.001983,-0.02291,-0.039238,0.034168,-0.073406,0.126682,0.087079,0.039603,0.152466,0.153485,-0.001019
JNP.DE,2023-10-26,-56.89,negative,Q1,-0.020808,0.001983,-0.022791,0.006528,0.034168,-0.02764,-0.013872,0.087079,-0.100951,0.368829,0.153485,0.215344
FMC1.DE,2023-10-26,-35.64,negative,Q2,-0.049296,0.001983,-0.051279,0.024648,0.034168,-0.00952,-0.010563,0.087079,-0.097642,0.109155,0.153485,-0.04433
HAR.DE,2023-10-26,2.34,positive,Q3,-0.0042,0.001983,-0.006183,0.036959,0.034168,0.002791,0.113818,0.087079,0.026739,0.275934,0.153485,0.122449
NEM.DE,2023-10-26,18.18,positive,Q5,0.016972,0.001983,0.014989,0.02298,0.034168,-0.011188,0.177681,0.087079,0.090602,0.257735,0.153485,0.10425
WAF.DE,2023-10-26,42.86,positive,Q5,0.000638,0.001983,-0.001345,0.064327,0.034168,0.030159,0.026292,0.087079,-0.060786,0.094959,0.153485,-0.058527
HRS.DE,2023-10-26,5.28,positive,Q4,-0.02302,0.001983,-0.025003,0.021616,0.034168,-0.012552,0.028088,0.087079,-0.05899,0.111437,0.153485,-0.042048
UPAB.DE,2023-10-26,-13.19,negative,Q2,0.025981,0.001983,0.023997,0.04555,0.034168,0.011382,None,None,None,0.143146,0.153485,-0.010339
WCH.DE,2023-10-26,-50.0,negative,Q1,0.001334,0.001983,-0.00065,0.033343,0.034168,-0.000825,0.00181,0.087079,-0.085269,-0.094313,0.153485,-0.247798
AIXA.DE,2023-10-26,-12.5,negative,Q2,-0.045973,0.001983,-0.047956,-0.008459,0.034168,-0.042627,0.129092,0.087079,0.042013,0.26701,0.153485,0.113525
SGM.DE,2023-10-26,7.84,positive,Q4,-0.059706,0.001983,-0.061689,0.024809,0.034168,-0.009359,0.109597,0.087079,0.022518,0.094057,0.153485,-0.059429
HFG.DE,2023-10-26,40.0,positive,Q5,-0.031593,0.001983,-0.033577,-0.007326,0.034168,-0.041494,-0.325549,0.087079,-0.412628,-0.395604,0.153485,-0.54909
4PN.DE,2023-10-26,-47.4,negative,Q1,0.020009,0.001983,0.018026,0.086087,0.034168,0.051919,0.095859,0.087079,0.00878,0.17799,0.153485,0.024505
PHM7.DE,2023-10-26,-4.92,negative,Q3,0.006528,0.001983,0.004544,0.011191,0.034168,-0.022977,0.006217,0.087079,-0.080862,0.016164,0.153485,-0.137321
INP.DE,2023-10-26,-18.52,negative,Q2,-0.000704,0.001983,-0.002688,0.035211,0.034168,0.001043,-0.032746,0.087079,-0.119825,0.099296,0.153485,-0.054189
MTX.DE,2023-10-27,0.4,positive,Q3,-0.003659,0.006374,-0.010032,0.020865,0.028501,-0.007635,0.052935,0.086714,-0.033779,0.215915,0.153283,0.062632
SWF.DE,2023-10-27,-96.24,negative,Q1,0.018034,0.006374,0.01166,0.023243,0.028501,-0.005257,0.041945,0.086714,-0.044769,0.122362,0.153283,-0.030922
CPA.DE,2023-10-27,6.98,positive,Q4,0.020855,0.006374,0.014482,0.00937,0.028501,-0.019131,0.022367,0.086714,-0.064347,0.127097,0.153283,-0.026186
4AB.DE,2023-10-27,-64.87,negative,Q1,0.0,0.006374,-0.006374,0.0,0.028501,-0.028501,-0.04232,0.086714,-0.129034,0.153196,0.153283,-8.7e-05
FPE.DE,2023-10-27,11.54,positive,Q4,0.029177,0.006374,0.022803,0.035776,0.028501,0.007276,0.02744,0.086714,-0.059274,0.074679,0.153283,-0.078605
CHV.DE,2023-10-27,-5.71,negative,Q3,0.004521,0.006374,-0.001853,0.000242,0.028501,-0.028258,-0.019456,0.086714,-0.10617,0.020425,0.153283,-0.132859
SNW.DE,2023-10-27,-2.3,negative,Q3,0.015848,0.006374,0.009475,0.0067,0.028501,-0.0218,0.020616,0.086714,-0.066098,0.09625,0.153283,-0.057033
FPE3.DE,2023-10-27,9.43,positive,Q4,0.012246,0.006374,0.005872,0.037016,0.028501,0.008516,0.042861,0.086714,-0.043853,0.092959,0.153283,-0.060325
R66.DE,2023-10-27,-2.41,negative,Q3,0.021804,0.006374,0.015431,0.037007,0.028501,0.008507,0.038808,0.086714,-0.047906,0.241648,0.153283,0.088365
2M6.DE,2023-10-30,-42.77,negative,Q1,0.005464,0.007625,-0.002161,0.031662,0.023112,0.00855,0.08486,0.091565,-0.006705,0.240437,0.141349,0.099089
VFP.DE,2023-10-30,-279.84,negative,Q1,-0.10538,0.007625,-0.113005,0.084746,0.023112,0.061634,0.093589,0.091565,0.002024,0.11717,0.141349,-0.024178
WDC.DE,2023-10-30,7.85,positive,Q4,0.042728,0.007625,0.035103,0.066614,0.023112,0.043501,0.140924,0.091565,0.049358,0.401805,0.141349,0.260456
KCO.DE,2023-10-30,-146.15,negative,Q1,-0.052727,0.007625,-0.060352,0.005455,0.023112,-0.017658,0.030909,0.091565,-0.060656,0.145455,0.141349,0.004106
IXD1.DE,2023-10-30,0.59,positive,Q3,0.009625,0.007625,0.002,0.021816,0.023112,-0.001296,0.146936,0.091565,0.055371,0.207251,0.141349,0.065902
QIA.DE,2023-10-30,4.17,positive,Q4,0.016761,0.007625,0.009136,0.041477,0.023112,0.018365,0.071307,0.091565,-0.020258,0.145739,0.141349,0.00439
BOY.DE,2023-10-31,-2.02,negative,Q3,0.007452,0.014764,-0.007313,0.031297,0.020527,0.01077,0.123696,0.086587,0.037109,0.14456,0.129715,0.014846
RDO.DE,2023-10-31,16.19,positive,Q4,0.033413,0.014764,0.018649,0.02864,0.020527,0.008113,0.02864,0.086587,-0.057947,0.133652,0.129715,0.003937
CAT1.DE,2023-10-31,14.57,positive,Q4,0.018419,0.014764,0.003654,0.018419,0.020527,-0.002108,0.050663,0.086587,-0.035924,0.296828,0.129715,0.167113
OMV.DE,2023-10-31,-30.89,negative,Q2,0.024649,0.014764,0.009885,0.034009,0.020527,0.013482,-0.019345,0.086587,-0.105932,0.043994,0.129715,-0.085721
AXJ.DE,2023-10-31,133.87,positive,Q5,0.032962,0.014764,0.018198,0.016267,0.020527,-0.00426,0.16524,0.086587,0.078653,0.231592,0.129715,0.101878
KBX.DE,2023-10-31,-14.13,negative,Q2,0.019154,0.014764,0.00439,0.047287,0.020527,0.026759,0.097765,0.086587,0.011178,0.111532,0.129715,-0.018183
TMV.DE,2023-10-31,36.36,positive,Q5,0.014075,0.014764,-0.00069,0.028149,0.020527,0.007622,-0.064743,0.086587,-0.15133,-0.061224,0.129715,-0.190939
AMD.DE,2023-10-31,-72.75,negative,Q1,0.006759,0.014764,-0.008005,0.053678,0.020527,0.033151,0.1,0.086587,0.013413,0.531412,0.129715,0.401697
RDC.DE,2023-10-31,237.27,positive,Q5,0.054348,0.014764,0.039584,0.026938,0.020527,0.006411,0.22448,0.086587,0.137893,0.249055,0.129715,0.11934
F3A.DE,2023-10-31,22.8,positive,Q5,0.041896,0.014764,0.027132,-0.04665,0.020527,-0.067177,0.068043,0.086587,-0.018544,0.022285,0.129715,-0.10743
BAS.DE,2023-10-31,-17.95,negative,Q2,0.02909,0.014764,0.014326,0.030424,0.020527,0.009897,0.009341,0.086587,-0.077246,0.043501,0.129715,-0.086213
PFE.DE,2023-10-31,-429.72,negative,Q1,-0.011816,0.014764,-0.02658,-0.006696,0.020527,-0.027223,-0.02757,0.086587,-0.114157,-0.128791,0.129715,-0.258506
XY6.DE,2023-10-31,-29.0,negative,Q2,-0.00496,0.014764,-0.019724,0.013496,0.020527,-0.007031,0.077172,0.086587,-0.009415,0.182143,0.129715,0.052428
AMG.DE,2023-10-31,-31.0,negative,Q2,0.029658,0.014764,0.014894,0.044443,0.020527,0.023916,0.023171,0.086587,-0.063416,0.218996,0.129715,0.089281
BPE5.DE,2023-10-31,-17.39,negative,Q2,0.007968,0.014764,-0.006796,-0.037849,0.020527,-0.058376,-0.015936,0.086587,-0.102523,-0.02988,0.129715,-0.159595
MLB1.DE,2023-11-01,23.72,positive,Q5,0.036918,0.003014,0.033904,0.025682,0.013797,0.011885,0.206581,0.082802,0.123779,0.319422,0.117186,0.202237
2QO.DE,2023-11-01,-44.23,negative,Q1,0.025769,0.003014,0.022754,0.024897,0.013797,0.0111,0.118885,0.082802,0.036083,0.193328,0.117186,0.076142
KTF.DE,2023-11-01,-8.34,negative,Q3,0.006564,0.003014,0.003549,0.008205,0.013797,-0.005592,0.016902,0.082802,-0.0659,0.117329,0.117186,0.000143
QCI.DE,2023-11-01,-30.0,negative,Q2,0.00237,0.003014,-0.000645,0.025877,0.013797,0.012079,0.084171,0.082802,0.001369,0.18455,0.117186,0.067364
EX9.DE,2023-11-01,-96.74,negative,Q1,0.039133,0.003014,0.036118,0.034902,0.013797,0.021105,0.065574,0.082802,-0.017228,0.052353,0.117186,-0.064832
COZ.DE,2023-11-01,-6.1,negative,Q3,0.039453,0.003014,0.036439,0.013497,0.013797,-0.0003,0.093788,0.082802,0.010986,0.21682,0.117186,0.099634
3E2.DE,2023-11-01,26.0,positive,Q5,0.050912,0.003014,0.047897,-0.003612,0.013797,-0.017409,0.298934,0.082802,0.216132,0.198658,0.117186,0.081473
KHNZ.DE,2023-11-01,-67.6,negative,Q1,-0.004295,0.003014,-0.007309,-0.013958,0.013797,-0.027756,0.046528,0.082802,-0.036274,0.123479,0.117186,0.006293
ALS.DE,2023-11-01,-104.28,negative,Q1,-0.008109,0.003014,-0.011124,-0.024245,0.013797,-0.038042,0.016053,0.082802,-0.066749,0.17741,0.117186,0.060224
AWC.DE,2023-11-01,0.0,negative,Q3,0.044262,0.003014,0.041247,0.030068,0.013797,0.016271,0.087963,0.082802,0.005161,0.022038,0.117186,-0.095148
CVS.DE,2023-11-01,-17.82,negative,Q2,0.00836,0.003014,0.005345,-0.031934,0.013797,-0.045732,-0.033439,0.082802,-0.116241,0.061695,0.117186,-0.05549
ERT.DE,2023-11-01,17.8,positive,Q4,-0.007258,0.003014,-0.010273,0.01677,0.013797,0.002972,0.04572,0.082802,-0.037082,0.044719,0.117186,-0.072467
BM8.DE,2023-11-01,-3.56,negative,Q3,-0.018273,0.003014,-0.021288,0.045021,0.013797,0.031224,0.120763,0.082802,0.037961,0.079449,0.117186,-0.037736
6D81.DE,2023-11-01,-26.07,negative,Q2,0.004272,0.003014,0.001258,0.003943,0.013797,-0.009854,0.050608,0.082802,-0.032194,-0.098916,0.117186,-0.216101
FME.DE,2023-11-01,9.62,positive,Q4,0.003287,0.003014,0.000273,0.004602,0.013797,-0.009195,0.180145,0.082802,0.097343,0.112426,0.117186,-0.00476
2PP.DE,2023-11-01,-24.05,negative,Q2,0.005793,0.003014,0.002778,-0.019888,0.013797,-0.033685,0.055995,0.082802,-0.026807,0.114308,0.117186,-0.002878
NRA.DE,2023-11-02,-41.91,negative,Q1,0.011882,-0.003508,0.015389,0.009457,0.002972,0.006485,0.055771,0.080024,-0.024253,0.194714,0.112896,0.081818
WMB.DE,2023-11-02,31.57,positive,Q5,-0.009674,-0.003508,-0.006167,-0.029668,0.002972,-0.03264,0.014834,0.080024,-0.06519,-0.02999,0.112896,-0.142887
IC2.DE,2023-11-02,-30.69,negative,Q2,-0.005867,-0.003508,-0.002359,0.017904,0.002972,0.014932,0.049565,0.080024,-0.030459,0.176512,0.112896,0.063616
PEO.DE,2023-11-02,5.4,positive,Q4,-0.009895,-0.003508,-0.006388,-0.025445,0.002972,-0.028417,-0.048912,0.080024,-0.128936,-0.158326,0.112896,-0.271223
ZOE.DE,2023-11-02,-4.69,negative,Q3,0.017289,-0.003508,0.020797,0.070784,0.002972,0.067813,0.113296,0.080024,0.033271,0.177707,0.112896,0.064811
E3X1.DE,2023-11-02,-41.79,negative,Q1,0.009828,-0.003508,0.013336,0.060513,0.002972,0.057541,0.247061,0.080024,0.167037,0.343322,0.112896,0.230426
RWL.DE,2023-11-02,-24.39,negative,Q2,-0.022311,-0.003508,-0.018803,-0.013445,0.002972,-0.016417,0.049706,0.080024,-0.030318,0.013025,0.112896,-0.099871
ABR.DE,2023-11-02,8.39,positive,Q4,-0.002708,-0.003508,0.0008,-0.071767,0.002972,-0.074739,0.058226,0.080024,-0.021798,-0.071767,0.112896,-0.184663
1QZ.DE,2023-11-02,98.26,positive,Q5,-0.008938,-0.003508,-0.005431,0.074691,0.002972,0.071719,0.586629,0.080024,0.506605,0.346394,0.112896,0.233498
48Z.DE,2023-11-02,5.89,positive,Q4,0.008025,-0.003508,0.011533,0.035667,0.002972,0.032695,0.086714,0.080024,0.00669,0.198618,0.112896,0.085722
LHA.DE,2023-11-02,1.01,positive,Q3,-0.018923,-0.003508,-0.015415,0.002911,0.002972,-6.1e-05,0.103348,0.080024,0.023324,0.02329,0.112896,-0.089607
G24.DE,2023-11-02,-1.59,negative,Q3,0.000698,-0.003508,0.004206,0.057223,0.002972,0.054251,0.079379,0.080024,-0.000645,0.132938,0.112896,0.020042
FRE.DE,2023-11-02,-216.13,negative,Q1,0.002832,-0.003508,0.006339,-0.010518,0.002972,-0.01349,0.157362,0.080024,0.077338,0.008495,0.112896,-0.104401
YCP.DE,2023-11-02,10.5,positive,Q4,-0.007354,-0.003508,-0.003846,-0.03801,0.002972,-0.040982,-0.047369,0.080024,-0.127393,-0.083087,0.112896,-0.195983
SRB.DE,2023-11-02,9.78,positive,Q4,-0.003078,-0.003508,0.00043,0.001759,0.002972,-0.001213,-0.066066,0.080024,-0.14609,-0.100473,0.112896,-0.213369
LLY.DE,2023-11-02,66.13,positive,Q5,0.032658,-0.003508,0.036166,0.032658,0.002972,0.029686,0.009306,0.080024,-0.070718,0.224265,0.112896,0.111369
BOSS.DE,2023-11-02,-5.88,negative,Q3,0.003409,-0.003508,0.006917,-0.009869,0.002972,-0.012841,0.0829,0.080024,0.002875,-0.044859,0.112896,-0.157755
PCE1.DE,2023-11-02,3.26,positive,Q3,0.044344,-0.003508,0.047852,0.071401,0.002972,0.06843,0.091319,0.080024,0.011294,0.249156,0.112896,0.136259
CGN.DE,2023-11-02,-28.96,negative,Q2,-0.015165,-0.003508,-0.011657,-0.05411,0.002972,-0.057082,-0.167135,0.080024,-0.24716,0.040725,0.112896,-0.072172
VNA.DE,2023-11-03,18.97,positive,Q5,0.023245,0.001101,0.022144,0.003719,0.01381,-0.010091,0.169224,0.092306,0.076918,0.180846,0.125348,0.055498
BMW.DE,2023-11-03,-3.0,negative,Q3,-0.016415,0.001101,-0.017517,-0.007846,0.01381,-0.021656,0.052022,0.092306,-0.040284,0.050935,0.125348,-0.074413
KRN.DE,2023-11-03,-1.15,negative,Q3,-0.029397,0.001101,-0.030498,-0.019907,0.01381,-0.033717,0.028881,0.092306,-0.063425,0.133368,0.125348,0.008019
T6A.DE,2023-11-06,-60.02,negative,Q1,-0.02561,0.005079,-0.030689,-0.022633,0.030476,-0.053108,-0.020846,0.099243,-0.120089,0.204288,0.116767,0.087522
SHA.DE,2023-11-07,0.0,negative,Q3,-0.021008,0.008072,-0.029081,0.014706,0.03405,-0.019344,0.004202,0.091886,-0.087685,0.218487,0.113872,0.104615
HOT.DE,2023-11-07,-1.25,negative,Q3,-0.005232,0.008072,-0.013305,0.078594,0.03405,0.044544,0.062784,0.091886,-0.029102,0.049591,0.113872,-0.064282
FRA.DE,2023-11-07,23.79,positive,Q5,0.005219,0.008072,-0.002854,0.047371,0.03405,0.01332,0.108792,0.091886,0.016905,0.059815,0.113872,-0.054057
UT8.DE,2023-11-07,49.05,positive,Q5,0.012478,0.008072,0.004406,0.069707,0.03405,0.035657,0.194062,0.091886,0.102176,0.435026,0.113872,0.321153
EVK.DE,2023-11-07,51.85,positive,Q5,0.017643,0.008072,0.009571,0.039698,0.03405,0.005647,-0.027725,0.091886,-0.119612,-0.030246,0.113872,-0.144118
GTR.DE,2023-11-07,-260.86,negative,Q1,-0.02183,0.008072,-0.029903,0.081444,0.03405,0.047394,0.089001,0.091886,-0.002885,0.058774,0.113872,-0.055098
SYV.DE,2023-11-07,-13.48,negative,Q2,-0.038462,0.008072,-0.046534,0.014423,0.03405,-0.019627,0.283654,0.091886,0.191768,0.081731,0.113872,-0.032142
AK3.DE,2023-11-07,-30.85,negative,Q2,-0.001161,0.008072,-0.009234,0.002129,0.03405,-0.031921,0.033295,0.091886,-0.058592,0.139954,0.113872,0.026081
EBA.DE,2023-11-07,146.04,positive,Q5,0.027436,0.008072,0.019364,0.036868,0.03405,0.002818,0.065447,0.091886,-0.026439,0.07002,0.113872,-0.043852
5G5.DE,2023-11-07,-221.14,negative,Q1,-0.072165,0.008072,-0.080237,0.161512,0.03405,0.127462,0.106529,0.091886,0.014643,-0.189003,0.113872,-0.302876
DWNI.DE,2023-11-07,-41.67,negative,Q1,0.024309,0.008072,0.016236,0.014776,0.03405,-0.019274,0.067207,0.091886,-0.024679,-0.021926,0.113872,-0.135798
I8R.DE,2023-11-07,-70.97,negative,Q1,-0.033688,0.008072,-0.04176,0.021277,0.03405,-0.012774,0.274823,0.091886,0.182936,-0.565248,0.113872,-0.679121
DTG.DE,2023-11-07,-4.24,negative,Q3,0.002717,0.008072,-0.005355,0.036879,0.03405,0.002829,0.126941,0.091886,0.035055,0.205745,0.113872,0.091873
EW1.DE,2023-11-07,-9.09,negative,Q3,0.0,0.008072,-0.008072,0.037705,0.03405,0.003655,0.062715,0.091886,-0.029171,0.119607,0.113872,0.005734
ADV.DE,2023-11-07,-30.0,negative,Q2,-0.005302,0.008072,-0.013375,0.004772,0.03405,-0.029278,0.009544,0.091886,-0.082342,0.009544,0.113872,-0.104328
RAA.DE,2023-11-07,42.86,positive,Q5,0.041091,0.008072,0.033019,0.053077,0.03405,0.019027,0.046223,0.091886,-0.045663,0.281671,0.113872,0.167798
NOEJ.DE,2023-11-07,-52.64,negative,Q1,0.0166,0.008072,0.008528,0.009296,0.03405,-0.024754,-0.055113,0.091886,-0.146999,-0.080345,0.113872,-0.194218
MUV2.DE,2023-11-08,0.0,negative,Q3,0.002431,-0.007696,0.010127,0.006194,0.028274,-0.022079,0.056123,0.091625,-0.035502,0.081507,0.102521,-0.021014
DHL.DE,2023-11-08,3.03,positive,Q3,-0.000565,-0.007696,0.007131,0.038157,0.028274,0.009884,0.176936,0.091625,0.085311,0.086207,0.102521,-0.016314
LXS.DE,2023-11-08,-78.82,negative,Q1,-0.038048,-0.007696,-0.030352,-0.019024,0.028274,-0.047297,0.076923,0.091625,-0.014702,0.023987,0.102521,-0.078534
SYAB.DE,2023-11-08,13.21,positive,Q4,0.005051,-0.007696,0.012746,0.071717,0.028274,0.043444,0.161616,0.091625,0.069991,0.19899,0.102521,0.096469
AIR.DE,2023-11-08,-13.56,negative,Q2,0.00472,-0.007696,0.012416,0.028648,0.028274,0.000375,0.109709,0.091625,0.018084,0.177423,0.102521,0.074902
AG1.DE,2023-11-08,50.0,positive,Q5,-0.007704,-0.007696,-8e-06,-0.027735,0.028274,-0.056008,-0.189522,0.091625,-0.281148,-0.429892,0.102521,-0.532413
KIN2.DE,2023-11-08,-10.49,negative,Q2,-0.001996,-0.007696,0.0057,-0.015968,0.028274,-0.044242,0.043912,0.091625,-0.047713,-0.055888,0.102521,-0.158409
BAYN.DE,2023-11-08,-44.93,negative,Q1,-0.039575,-0.007696,-0.031879,-0.028958,0.028274,-0.057231,-0.23721,0.091625,-0.328836,-0.335425,0.102521,-0.437946
KEL.DE,2023-11-08,-11.92,negative,Q2,0.005125,-0.007696,0.012821,0.001114,0.028274,-0.027159,0.042558,0.091625,-0.049067,0.036096,0.102521,-0.066425
WDP.DE,2023-11-08,-68.95,negative,Q1,-0.035556,-0.007696,-0.02786,0.02042,0.028274,-0.007853,0.027988,0.091625,-0.063637,0.186547,0.102521,0.084025
CON.DE,2023-11-08,10.23,positive,Q4,-0.017333,-0.007696,-0.009638,0.063333,0.028274,0.03506,0.141167,0.091625,0.049541,0.169333,0.102521,0.066812
LY0.DE,2023-11-08,-120.64,negative,Q1,-0.049049,-0.007696,-0.041353,-0.009009,0.028274,-0.037283,0.201201,0.091625,0.109576,0.198198,0.102521,0.095677
U9R.DE,2023-11-08,27.24,positive,Q5,0.016176,-0.007696,0.023872,0.035294,0.028274,0.007021,0.157353,0.091625,0.065728,0.095588,0.102521,-0.006933
0Q3.DE,2023-11-08,-23.76,negative,Q2,0.004739,-0.007696,0.012435,0.009479,0.028274,-0.018795,0.345972,0.091625,0.254346,0.047393,0.102521,-0.055128
CBK.DE,2023-11-08,22.22,positive,Q5,0.013,-0.007696,0.020696,0.05,0.028274,0.021726,0.047,0.091625,-0.044625,-0.012,0.102521,-0.114521
TNE5.DE,2023-11-08,10.76,positive,Q4,0.00303,-0.007696,0.010726,0.006061,0.028274,-0.022213,0.084848,0.091625,-0.006777,-0.006061,0.102521,-0.108582
ADS.DE,2023-11-08,11.11,positive,Q4,-0.017746,-0.007696,-0.01005,0.014837,0.028274,-0.013437,0.111363,0.091625,0.019738,-0.012917,0.102521,-0.115438
EOAN.DE,2023-11-08,0.0,negative,Q3,0.004739,-0.007696,0.012435,0.011374,0.028274,-0.016899,0.096682,0.091625,0.005057,0.050237,0.102521,-0.052284
CO3A.DE,2023-11-08,-98.89,negative,Q1,-0.0076,-0.007696,9.5e-05,0.078176,0.028274,0.049902,0.178067,0.091625,0.086442,0.166124,0.102521,0.063603
SIX2.DE,2023-11-08,2.9,positive,Q3,-0.00736,-0.007696,0.000336,0.037169,0.028274,0.008895,0.051766,0.091625,-0.039859,-0.014598,0.102521,-0.117119
EVT.DE,2023-11-08,-312.83,negative,Q1,-0.043836,-0.007696,-0.03614,0.0,0.028274,-0.028274,0.003836,0.091625,-0.08779,-0.239452,0.102521,-0.341973
RRTL.DE,2023-11-08,-67.12,negative,Q1,-0.003481,-0.007696,0.004215,0.00905,0.028274,-0.019224,-0.008006,0.091625,-0.099631,0.056039,0.102521,-0.046482
ELG.DE,2023-11-08,10.88,positive,Q4,-0.012067,-0.007696,-0.004371,0.002774,0.028274,-0.0255,0.046047,0.091625,-0.045578,-0.06491,0.102521,-0.167431
HNM.DE,2023-11-08,54.68,positive,Q5,-0.020645,-0.007696,-0.01295,0.034351,0.028274,0.006078,0.131332,0.091625,0.039707,0.04077,0.102521,-0.061751
MGG.DE,2023-11-08,-11.93,negative,Q2,0.013438,-0.007696,0.021134,0.034994,0.028274,0.006721,0.074188,0.091625,-0.017437,0.211926,0.102521,0.109405
FNTN.DE,2023-11-08,-8.62,negative,Q3,0.0,-0.007696,0.007696,-0.001816,0.028274,-0.030089,0.02542,0.091625,-0.066205,-0.068997,0.102521,-0.171518
DUE.DE,2023-11-09,-1.29,negative,Q3,-0.005661,0.007261,-0.012922,0.017499,0.044949,-0.02745,0.004632,0.102403,-0.097771,-0.014411,0.118348,-0.132759
DTE.DE,2023-11-09,-23.4,negative,Q2,0.009443,0.007261,0.002183,0.005467,0.044949,-0.039482,0.062624,0.102403,-0.039778,0.03827,0.118348,-0.080078
LEG.DE,2023-11-09,-46.32,negative,Q1,-0.003564,0.007261,-0.010824,0.070306,0.044949,0.025357,0.105621,0.102403,0.003219,0.087964,0.118348,-0.030384
HEN3.DE,2023-11-09,21.82,positive,Q5,0.006428,0.007261,-0.000832,0.008073,0.044949,-0.036876,0.034235,0.102403,-0.068167,0.004784,0.118348,-0.113564
HNR1.DE,2023-11-09,4.9,positive,Q4,0.017288,0.007261,0.010027,0.033627,0.044949,-0.011322,0.09055,0.102403,-0.011853,0.138038,0.118348,0.01969
VBK.DE,2023-11-09,-12.82,negative,Q2,0.016682,0.007261,0.009421,-0.003277,0.044949,-0.048226,-0.13941,0.102403,-0.241813,-0.380399,0.118348,-0.498747
MRK.DE,2023-11-09,4.02,positive,Q4,0.008019,0.007261,0.000758,0.049841,0.044949,0.004892,-0.055855,0.102403,-0.158258,0.018042,0.118348,-0.100306
GFT.DE,2023-11-09,9.62,positive,Q4,-0.004801,0.007261,-0.012062,0.027092,0.044949,-0.017857,-0.009945,0.102403,-0.112348,0.067215,0.118348,-0.051133
JEN.DE,2023-11-09,-9.52,negative,Q3,0.027193,0.007261,0.019932,0.028509,0.044949,-0.01644,0.123684,0.102403,0.021282,0.193421,0.118348,0.075073
BYW6.DE,2023-11-09,-155.8,negative,Q1,-0.012658,0.007261,-0.019919,-0.030063,0.044949,-0.075012,-0.036392,0.102403,-0.138795,-0.079114,0.118348,-0.197462
HAG.DE,2023-11-09,-73.29,negative,Q1,0.040366,0.007261,0.033105,0.0,0.044949,-0.044949,-0.091013,0.102403,-0.193415,0.172125,0.118348,0.053777
MLP.DE,2023-11-09,66.67,positive,Q5,-0.004515,0.007261,-0.011775,0.0,0.044949,-0.044949,0.038375,0.102403,-0.064028,0.108352,0.118348,-0.009996
1WR.DE,2023-11-09,-42.56,negative,Q1,-0.011105,0.007261,-0.018365,-0.022494,0.044949,-0.067443,0.073178,0.102403,-0.029225,0.126708,0.118348,0.00836
WYR.DE,2023-11-09,-240.54,negative,Q1,-0.012737,0.007261,-0.019998,-0.001528,0.044949,-0.046477,0.002293,0.102403,-0.10011,0.227105,0.118348,0.108757
HLAG.DE,2023-11-09,-43.02,negative,Q1,-0.022194,0.007261,-0.029454,-0.013998,0.044949,-0.058947,-0.100009,0.102403,-0.202412,0.088498,0.118348,-0.02985
2X0.DE,2023-11-09,-88.97,negative,Q1,-0.106903,0.007261,-0.114163,-0.044151,0.044949,-0.0891,-0.055805,0.102403,-0.158207,0.124608,0.118348,0.00626
GLJ.DE,2023-11-09,29.27,positive,Q5,0.029995,0.007261,0.022735,0.068699,0.044949,0.02375,0.101113,0.102403,-0.00129,0.096275,0.118348,-0.022073
FIE.DE,2023-11-09,33.33,positive,Q5,0.006011,0.007261,-0.00125,0.058908,0.044949,0.013959,0.096177,0.102403,-0.006226,0.028853,0.118348,-0.089495
BNR.DE,2023-11-09,-0.84,negative,Q3,0.021493,0.007261,0.014232,0.063582,0.044949,0.018633,0.113881,0.102403,0.011478,0.111791,0.118348,-0.006557
COK.DE,2023-11-09,4.27,positive,Q4,0.025207,0.007261,0.017946,0.009059,0.044949,-0.03589,0.002363,0.102403,-0.100039,0.069319,0.118348,-0.049029
RHM.DE,2023-11-09,11.43,positive,Q4,0.032535,0.007261,0.025274,0.020093,0.044949,-0.024856,0.037623,0.102403,-0.06478,0.275209,0.118348,0.156861
NWO.DE,2023-11-09,22.6,positive,Q5,-0.013285,0.007261,-0.020545,-0.026705,0.044949,-0.071654,-0.045411,0.102403,-0.147814,-0.141521,0.118348,-0.259869
CWC.DE,2023-11-10,-5.66,negative,Q3,0.024319,0.017558,0.006761,0.06074,0.036255,0.024485,0.081685,0.094281,-0.012596,0.114848,0.100087,0.014761
UTDI.DE,2023-11-10,-22.67,negative,Q2,0.010181,0.017558,-0.007377,0.007353,0.036255,-0.028902,-0.020362,0.094281,-0.114643,0.175905,0.100087,0.075818
SII.DE,2023-11-10,-0.77,negative,Q3,0.014888,0.017558,-0.00267,0.033308,0.036255,-0.002947,0.076205,0.094281,-0.018076,0.008327,0.100087,-0.09176
JUN3.DE,2023-11-10,11.21,positive,Q4,0.028369,0.017558,0.010811,0.070922,0.036255,0.034667,0.163515,0.094281,0.069234,0.15524,0.100087,0.055154
1U1.DE,2023-11-10,-8.7,negative,Q3,-0.014778,0.017558,-0.032336,-0.011084,0.036255,-0.047339,-0.008621,0.094281,-0.102902,0.107759,0.100087,0.007672
ALV.DE,2023-11-10,-15.94,negative,Q2,0.013992,0.017558,-0.003566,0.033442,0.036255,-0.002812,0.108862,0.094281,0.014581,0.109755,0.100087,0.009668
HS2.DE,2023-11-13,-20.96,negative,Q2,-0.009823,0.008565,-0.018388,0.001584,0.018323,-0.016739,0.076996,0.073754,0.003243,0.087136,0.085245,0.001891
JST.DE,2023-11-13,-34.06,negative,Q2,0.010505,0.008565,0.00194,-0.015258,0.018323,-0.03358,-0.007004,0.073754,-0.080757,0.064532,0.085245,-0.020713
GBF.DE,2023-11-13,20.99,positive,Q5,0.006987,0.008565,-0.001578,-0.009898,0.018323,-0.028221,-0.089665,0.073754,-0.163419,0.137118,0.085245,0.051873
SZG.DE,2023-11-13,-99.0,negative,Q1,-0.000737,0.008565,-0.009302,-0.01768,0.018323,-0.036002,-0.065193,0.073754,-0.138947,-0.107182,0.085245,-0.192427
VAR1.DE,2023-11-14,72.34,positive,Q5,-0.053101,0.002441,-0.055542,-0.077315,0.013313,-0.090628,-0.098131,0.063757,-0.161888,-0.312659,0.082455,-0.395115
HDI.DE,2023-11-14,0.85,positive,Q3,0.0,0.002441,-0.002441,0.009251,0.013313,-0.004062,0.138237,0.063757,0.07448,0.194006,0.082455,0.11155
ECV.DE,2023-11-14,-36.77,negative,Q2,-0.004986,0.002441,-0.007427,-0.054843,0.013313,-0.068156,0.021368,0.063757,-0.04239,-0.133903,0.082455,-0.216358
NDX1.DE,2023-11-14,75.46,positive,Q5,-0.025926,0.002441,-0.028367,-0.059259,0.013313,-0.072572,-0.047222,0.063757,-0.11098,-0.018519,0.082455,-0.100974
VTSC.DE,2023-11-14,-8.49,negative,Q3,0.00054,0.002441,-0.001901,0.005397,0.013313,-0.007916,0.004857,0.063757,-0.0589,-0.095629,0.082455,-0.178084
SDF.DE,2023-11-14,-25.0,negative,Q2,-0.05227,0.002441,-0.054711,-0.070839,0.013313,-0.084152,-0.085282,0.063757,-0.149039,-0.156809,0.082455,-0.239264
RWE.DE,2023-11-14,13.48,positive,Q4,0.005324,0.002441,0.002883,-0.001681,0.013313,-0.014994,0.097786,0.063757,0.034029,-0.156346,0.082455,-0.238802
5CV.DE,2023-11-14,3.42,positive,Q4,-0.034221,0.002441,-0.036661,-0.039924,0.013313,-0.053237,0.020913,0.063757,-0.042845,-0.387833,0.082455,-0.470288
PSM.DE,2023-11-14,-50.0,negative,Q1,0.008881,0.002441,0.00644,0.044405,0.013313,0.031092,0.117229,0.063757,0.053472,0.063943,0.082455,-0.018512
INH.DE,2023-11-14,2.18,positive,Q3,0.051913,0.002441,0.049472,0.059016,0.013313,0.045704,0.096175,0.063757,0.032418,0.051913,0.082455,-0.030543
DYH.DE,2023-11-15,42.45,positive,Q5,-0.009508,0.008396,-0.017904,-0.003319,0.013183,-0.016502,0.07633,0.061117,0.015213,0.147995,0.084301,0.063694
IFX.DE,2023-11-15,12.07,positive,Q4,-0.011411,0.008396,-0.019808,-0.013514,0.013183,-0.026697,0.145646,0.061117,0.084529,-0.014715,0.084301,-0.099016
ENR.DE,2023-11-15,-44.16,negative,Q1,0.075506,0.008396,0.06711,-0.001842,0.013183,-0.015025,0.047882,0.061117,-0.013235,0.279926,0.084301,0.195625
AHLA.DE,2023-11-16,-28.43,negative,Q2,0.008412,-0.00112,0.009532,0.005608,0.006931,-0.001323,-0.053276,0.045944,-0.09922,-0.033648,0.073691,-0.107339
SIE.DE,2023-11-16,-27.7,negative,Q2,-0.00553,-0.00112,-0.00441,0.016164,0.006931,0.009234,0.100603,0.045944,0.054659,0.174761,0.073691,0.10107
AUD.DE,2023-11-21,-44.44,negative,Q1,0.00118,0.002313,-0.001133,0.046888,0.013074,0.033815,0.181062,0.045721,0.135342,0.274946,0.088523,0.186424
ANL.DE,2023-11-21,-50.48,negative,Q1,-0.004173,0.002313,-0.006486,-0.008345,0.013074,-0.021419,0.068724,0.045721,0.023004,0.066945,0.088523,-0.021578
7HP.DE,2023-11-21,7.29,positive,Q4,-0.004906,0.002313,-0.007219,0.009403,0.013074,-0.003671,0.050695,0.045721,0.004975,0.023303,0.088523,-0.065219
TKA.DE,2023-11-22,-360.0,negative,Q1,-0.001486,0.002173,-0.003659,-0.031204,0.013798,-0.045002,-0.114413,0.04448,-0.158893,-0.367013,0.089067,-0.45608
0S6.DE,2023-11-27,-296.14,negative,Q1,0.021303,0.010866,0.010437,-0.045113,0.033793,-0.078906,0.143484,0.047457,0.096026,-0.149123,0.100581,-0.249703
NTA.DE,2023-11-28,-21.21,negative,Q2,0.01962,0.00303,0.016591,0.018987,0.030309,-0.011322,-0.034304,0.037294,-0.071598,0.016203,0.093511,-0.077308
DT3.DE,2023-11-29,-4.52,negative,Q3,0.019366,0.011229,0.008137,0.034331,0.025504,0.008827,0.102113,0.019917,0.082196,0.208627,0.093716,0.114911
HMSB.DE,2023-11-29,-49.93,negative,Q1,0.028719,0.011229,0.017489,0.012518,0.025504,-0.012986,0.073638,0.019917,0.053721,-0.140648,0.093716,-0.234364
AT1.DE,2023-11-29,-137.71,negative,Q1,0.051163,0.011229,0.039933,0.097674,0.025504,0.07217,0.046512,0.019917,0.026595,-0.227907,0.093716,-0.321623
ALD.DE,2023-12-01,1.9,positive,Q3,-0.000689,0.007824,-0.008513,0.020665,0.023753,-0.003089,0.021641,0.011549,0.010092,0.010218,0.078858,-0.06864
CSC.DE,2023-12-05,-11.12,negative,Q2,0.008067,-0.001648,0.009715,0.044236,0.006581,0.037656,0.021858,0.001916,0.019942,-0.040593,0.071228,-0.111822
TUI1.DE,2023-12-06,-12.73,negative,Q2,0.021038,0.007832,0.013206,0.009818,0.007411,0.002406,-0.054698,0.003657,-0.058356,-0.060309,0.071292,-0.131601
MDO.DE,2023-12-06,5.63,positive,Q4,0.001502,0.007832,-0.00633,-0.006797,0.007411,-0.014208,0.004505,0.003657,0.000847,0.005414,0.071292,-0.065879
STM.DE,2023-12-06,-32.54,negative,Q2,0.016469,0.007832,0.008638,0.027017,0.007411,0.019606,0.073649,0.003657,0.069992,0.079571,0.071292,0.008278
XONA.DE,2023-12-06,-4.46,negative,Q3,0.003152,0.007832,-0.00468,0.004553,0.007411,-0.002858,-0.021597,0.003657,-0.025254,0.081952,0.071292,0.01066
CIE1.DE,2023-12-07,-11.2,negative,Q2,0.017032,0.002101,0.014931,-0.026764,-0.000464,-0.0263,0.072993,-0.012661,0.085654,0.150852,0.058896,0.091956
SHL.DE,2023-12-07,-10.77,negative,Q2,-0.008644,0.002101,-0.010745,0.010609,-0.000464,0.011073,-0.008251,-0.012661,0.00441,0.084283,0.058896,0.025387
2KD.DE,2023-12-07,-7.14,negative,Q3,-0.007143,0.002101,-0.009244,-0.024026,-0.000464,-0.023562,-0.011688,-0.012661,0.000973,-0.000649,0.058896,-0.059545
1YD.DE,2023-12-07,-25.0,negative,Q2,0.109014,0.002101,0.106913,0.239564,-0.000464,0.240029,0.169147,-0.012661,0.181808,0.400605,0.058896,0.341709
ORC.DE,2023-12-11,-33.28,negative,Q2,0.002155,-0.00153,0.003685,0.01498,-0.002819,0.017799,0.032654,-0.010095,0.04275,0.210691,0.069656,0.141035
AFX.DE,2023-12-12,31.51,positive,Q5,0.062521,-0.000824,0.063345,0.091513,-0.001968,0.093481,0.120283,-0.011593,0.131876,0.324444,0.070141,0.254303
G1A.DE,2023-12-14,7.46,positive,Q4,0.011391,-0.006023,0.017414,0.054257,-0.002702,0.056958,0.025779,-0.010989,0.036769,0.108813,0.070516,0.038297
NCH2.DE,2023-12-18,-25.0,negative,Q2,0.005345,-0.000678,0.006023,-0.006414,-0.00256,-0.003854,-0.204169,-0.003646,-0.200523,-0.241048,0.075889,-0.316937
CEC.DE,2023-12-18,-33.33,negative,Q2,0.044053,-0.000678,0.044731,0.079295,-0.00256,0.081855,0.044053,-0.003646,0.047699,-0.229075,0.075889,-0.304964
NDA.DE,2023-12-20,1.6,positive,Q3,0.003974,0.001124,0.00285,-0.051521,0.00491,-0.056431,-0.119348,0.012135,-0.131483,-0.128391,0.090998,-0.219389
HBH.DE,2023-12-20,-0.57,negative,Q3,-0.006965,0.001124,-0.008089,0.01069,0.00491,0.00578,0.041464,0.012135,0.029329,0.036119,0.090998,-0.054879
PCX.DE,2023-12-21,0.81,positive,Q3,-0.016538,0.002148,-0.018687,-0.017404,-0.010044,-0.00736,0.022019,0.012016,0.010003,0.016538,0.093087,-0.076549
IOS.DE,2023-12-29,165.88,positive,Q5,0.0,-0.013773,0.013773,0.021176,-0.00483,0.026007,0.158824,0.008015,0.150809,0.397059,0.09027,0.306789
STM.DE,2023-12-29,-36.84,negative,Q2,0.003272,-0.013773,0.017045,0.012054,-0.00483,0.016885,0.04839,0.008015,0.040375,-0.027725,0.09027,-0.117995
P911.DE,2023-12-30,5.51,positive,Q4,-0.007766,0.004771,-0.012537,-0.012758,0.009156,-0.021914,0.004854,0.019388,-0.014534,0.198863,0.110611,0.088252
NOV.DE,2023-12-31,7.17,positive,Q4,0.037864,0.004771,0.033093,0.041366,0.009156,0.03221,0.121799,0.019388,0.102411,0.240425,0.110611,0.129813
2M6.DE,2024-01-08,-42.77,negative,Q1,-0.007283,8.7e-05,-0.00737,-0.003443,-0.006992,0.003549,0.016022,0.013998,0.002024,-0.031912,0.083192,-0.115104
2HQ.DE,2024-01-09,3.7,positive,Q4,-0.028736,-0.008555,-0.020181,0.103448,-0.015466,0.118914,0.0,0.016418,-0.016418,0.097701,0.084332,0.013369
12DA.DE,2024-01-09,-7.25,negative,Q3,-0.00593,-0.008555,0.002625,0.001157,-0.015466,0.016623,0.104281,0.016418,0.087863,0.626266,0.084332,0.541933
2HP.DE,2024-01-10,-3.65,negative,Q3,-0.011331,0.00952,-0.020852,-0.078612,0.001228,-0.07984,-0.038244,0.022933,-0.061176,0.126062,0.085058,0.041005
WMT.DE,2024-01-10,-89.06,negative,Q1,0.000835,0.00952,-0.008686,0.014813,0.001228,0.013585,0.073649,0.022933,0.050716,0.1546,0.085058,0.069543
RAA.DE,2024-01-11,56.52,positive,Q5,-0.015325,-0.004929,-0.010395,0.008363,-0.008945,0.017308,0.048054,0.019922,0.028132,0.099588,0.073379,0.02621
SZU.DE,2024-01-11,19.3,positive,Q5,-0.012458,-0.004929,-0.007529,-0.018272,-0.008945,-0.009327,-0.007475,0.019922,-0.027397,0.017442,0.073379,-0.055937
UNH.DE,2024-01-12,-2.21,negative,Q3,-0.006245,-0.003041,-0.003204,-0.027068,0.003678,-0.030746,0.015633,0.015558,7.5e-05,-0.120718,0.084487,-0.205204
BLQA.DE,2024-01-12,3.48,positive,Q4,0.001087,-0.003041,0.004128,0.006843,0.003678,0.003165,0.001645,0.015558,-0.013913,-0.002383,0.084487,-0.08687
YOU.DE,2024-01-16,23.14,positive,Q5,0.002551,0.008256,-0.005705,0.089286,0.027887,0.061399,0.091837,0.037428,0.054409,0.094388,0.081448,0.01294
BOSS.DE,2024-01-16,29.17,positive,Q5,0.000368,0.008256,-0.007888,0.015096,0.027887,-0.012791,0.094072,0.037428,0.056644,-0.151325,0.081448,-0.232774
FAS.DE,2024-01-18,3.3,positive,Q4,0.008536,0.007746,0.00079,-0.008864,0.02454,-0.033404,0.024294,0.032445,-0.008151,-0.003283,0.071412,-0.074695
MTE.DE,2024-01-18,-11.33,negative,Q2,0.035477,0.007746,0.027732,0.027182,0.02454,0.002642,-0.05781,0.032445,-0.090255,0.275268,0.071412,0.203856
PA9.DE,2024-01-19,38.31,positive,Q5,-0.009444,-0.003373,-0.006071,-0.009182,0.015486,-0.024667,0.033841,0.023081,0.010759,0.027282,0.070576,-0.043294
VEE.DE,2024-01-19,-36.39,negative,Q2,0.029616,-0.003373,0.032989,0.028815,0.015486,0.01333,0.081644,0.023081,0.058562,-0.010406,0.070576,-0.080981
JNJ.DE,2024-01-23,-27.05,negative,Q2,0.004819,0.001007,0.003812,0.008908,0.000819,0.008088,0.017231,0.028451,-0.011219,-0.047897,0.070976,-0.118873
HAL.DE,2024-01-23,-7.5,negative,Q3,-0.011236,0.001007,-0.012242,-0.014357,0.000819,-0.015176,-0.02965,0.028451,-0.058101,0.079276,0.070976,0.0083
KIN2.DE,2024-01-23,-46.17,negative,Q1,0.004107,0.001007,0.0031,0.028747,0.000819,0.027928,-0.090349,0.028451,-0.1188,0.238193,0.070976,0.167217
ERCB.DE,2024-01-23,-9.42,negative,Q3,0.010204,0.001007,0.009198,-0.030612,0.000819,-0.031432,-0.055102,0.028451,-0.083553,-0.044898,0.070976,-0.115874
PAE.DE,2024-01-23,20.1,positive,Q5,0.013483,0.001007,0.012476,0.002606,0.000819,0.001787,0.104691,0.028451,0.07624,0.145819,0.070976,0.074843
CIS.DE,2024-01-24,-14.26,negative,Q2,-0.00196,0.003222,-0.005182,-0.041168,-0.002832,-0.038335,-0.063167,0.030308,-0.093475,-0.065127,0.05976,-0.124888
LCR.DE,2024-01-24,-17.71,negative,Q2,-0.023011,0.003222,-0.026233,-0.037914,-0.002832,-0.035082,0.057638,0.030308,0.02733,-0.093579,0.05976,-0.153339
ABL.DE,2024-01-24,-23.24,negative,Q2,0.006259,0.003222,0.003038,0.022413,-0.002832,0.025245,0.076224,0.030308,0.045916,-0.024937,0.05976,-0.084697
TL0.DE,2024-01-24,211.18,positive,Q5,-0.0077,0.003222,-0.010922,-0.0021,-0.002832,0.000732,0.048536,0.030308,0.018228,-0.097422,0.05976,-0.157182
KLA.DE,2024-01-25,4.1,positive,Q4,-0.01431,-0.00116,-0.013149,-0.000892,-0.002546,0.001654,0.130607,0.027229,0.103378,0.181164,0.070726,0.110438
XER2.DE,2024-01-25,-191.43,negative,Q1,0.030397,-0.00116,0.031557,-0.032878,-0.002546,-0.030333,-0.008065,0.027229,-0.035293,-0.242556,0.070726,-0.313282
W8A.DE,2024-01-25,-112.57,negative,Q1,-0.010791,-0.00116,-0.009631,0.0,-0.002546,0.002546,-0.058068,0.027229,-0.085297,-0.195786,0.070726,-0.266513
RY4C.DE,2024-01-29,-81.6,negative,Q1,-0.011117,-0.004041,-0.007076,0.010058,0.003588,0.00647,0.04288,0.037053,0.005827,0.038645,0.056553,-0.017908
SRB.DE,2024-01-30,-3.2,negative,Q3,-0.015048,-0.002646,-0.012402,0.02667,0.001077,0.025593,0.016883,0.045814,-0.028931,-0.190482,0.058729,-0.249211
SOW.DE,2024-01-30,-146.84,negative,Q1,0.008273,-0.002646,0.010919,-0.003619,0.001077,-0.004696,None,None,None,None,None,None
GUI.DE,2024-01-30,-53.7,negative,Q1,0.011443,-0.002646,0.014089,0.026383,0.001077,0.025306,0.044183,0.045814,-0.001631,-0.038462,0.058729,-0.09719
ALD.DE,2024-01-31,0.23,positive,Q3,0.017659,0.00351,0.01415,-0.001748,0.006216,-0.007964,0.022672,0.051962,-0.02929,0.016261,0.067771,-0.051511
RAW.DE,2024-01-31,-56.14,negative,Q1,-0.004132,0.00351,-0.007642,0.008855,0.006216,0.002639,0.053719,0.051962,0.001757,-0.050767,0.067771,-0.118539
2QO.DE,2024-01-31,-179.15,negative,Q1,-0.013177,0.00351,-0.016687,0.080091,0.006216,0.073875,0.139592,0.051962,0.08763,-0.085958,0.067771,-0.15373
ADP.DE,2024-01-31,2.11,positive,Q3,0.025612,0.00351,0.022102,0.034103,0.006216,0.027888,0.026297,0.051962,-0.025666,0.00242,0.067771,-0.065352
AHC.DE,2024-01-31,-7.58,negative,Q3,0.04359,0.00351,0.04008,0.045916,0.006216,0.039701,0.056697,0.051962,0.004735,0.13837,0.067771,0.070598
RDO.DE,2024-01-31,15.89,positive,Q4,-0.004211,0.00351,-0.00772,-0.023158,0.006216,-0.029374,-0.164211,0.051962,-0.216173,None,None,None
ITB.DE,2024-01-31,-16.58,negative,Q2,-0.011179,0.00351,-0.014689,-0.011179,0.006216,-0.017395,-0.078252,0.051962,-0.130214,-0.013211,0.067771,-0.080983
AUS.DE,2024-02-01,-198.41,negative,Q1,0.003763,-0.000836,0.004599,0.034807,0.00049,0.034317,-0.097366,0.047166,-0.144532,-0.052681,0.074299,-0.12698
2FE.DE,2024-02-01,9.46,positive,Q4,-0.003736,-0.000836,-0.002899,0.042027,0.00049,0.041537,0.096107,0.047166,0.048941,0.149136,0.074299,0.074837
RPL.DE,2024-02-01,-29.73,negative,Q2,-0.006922,-0.000836,-0.006085,-0.036066,0.00049,-0.036556,0.021858,0.047166,-0.025308,0.16612,0.074299,0.091822
1WR.DE,2024-02-01,-125.2,negative,Q1,0.0,-0.000836,0.000836,0.102759,0.00049,0.102269,0.158784,0.047166,0.111618,0.335586,0.074299,0.261287
OMV.DE,2024-02-01,-56.63,negative,Q1,-0.016923,-0.000836,-0.016087,-0.023385,0.00049,-0.023875,-0.000615,0.047166,-0.047781,0.092923,0.074299,0.018624
AMZ.DE,2024-02-01,26.39,positive,Q5,-0.008956,-0.000836,-0.008119,0.011857,0.00049,0.011367,0.038219,0.047166,-0.008947,0.095106,0.074299,0.020807
6MK.DE,2024-02-01,-343.81,negative,Q1,-0.001704,-0.000836,-0.000868,-0.005113,0.00049,-0.005603,-0.032296,0.047166,-0.079461,0.008074,0.074299,-0.066225
USX1.DE,2024-02-01,-228.62,negative,Q1,-0.009859,-0.000836,-0.009023,0.000469,0.00049,-2e-05,0.020188,0.047166,-0.026978,-0.19061,0.074299,-0.264909
SHL.DE,2024-02-01,11.36,positive,Q4,-0.002367,-0.000836,-0.001531,0.03117,0.00049,0.03068,0.069639,0.047166,0.022473,0.017755,0.074299,-0.056544
INN1.DE,2024-02-01,2.46,positive,Q3,-0.010387,-0.000836,-0.009551,-0.01322,0.00049,-0.01371,0.065156,0.047166,0.01799,0.378659,0.074299,0.30436
CHV.DE,2024-02-02,-61.94,negative,Q1,-0.002918,0.007642,-0.01056,-0.007448,0.007885,-0.015333,-0.020654,0.046991,-0.067645,0.07156,0.090274,-0.018713
NDA.DE,2024-02-05,9.04,positive,Q4,-0.030376,-0.006533,-0.023843,-0.067539,-0.008948,-0.058591,-0.06867,0.040126,-0.108796,0.089998,0.086017,0.003982
CRIN.DE,2024-02-05,115.22,positive,Q5,-0.004348,-0.006533,0.002185,0.021344,-0.008948,0.030292,0.089723,0.040126,0.049598,0.316206,0.086017,0.230189
IFX.DE,2024-02-05,8.16,positive,Q4,-0.051002,-0.006533,-0.044469,-0.030662,-0.008948,-0.021714,0.017608,0.040126,-0.022518,0.084699,0.086017,-0.001317
CAT1.DE,2024-02-05,163.74,positive,Q5,0.003328,-0.006533,0.009862,-0.019937,-0.008948,-0.010989,0.023265,0.040126,-0.01686,0.070543,0.086017,-0.015473
COZ.DE,2024-02-06,7.56,positive,Q4,0.0,0.002474,-0.002474,-0.015048,0.00139,-0.016438,-0.019307,0.05442,-0.073727,-0.142107,0.104281,-0.246388
BPE5.DE,2024-02-06,-86.59,negative,Q1,0.004032,0.002474,0.001558,0.004032,0.00139,0.002642,0.012097,0.05442,-0.042323,0.066532,0.104281,-0.037749
VFP.DE,2024-02-06,-114.29,negative,Q1,0.038288,0.002474,0.035814,0.144144,0.00139,0.142754,0.063063,0.05442,0.008643,-0.141141,0.104281,-0.245422
IES.DE,2024-02-06,8.4,positive,Q4,-0.004115,0.002474,-0.006589,-0.00823,0.00139,-0.00962,0.090535,0.05442,0.036115,0.263374,0.104281,0.159094
AHLA.DE,2024-02-07,-69.84,negative,Q1,-0.00673,-0.002201,-0.00453,0.030208,0.004884,0.025324,0.003756,0.050147,-0.04639,0.119894,0.10664,0.013254
VAS.DE,2024-02-07,-10.85,negative,Q2,-0.007727,-0.002201,-0.005526,-0.02318,0.004884,-0.028065,-0.055307,0.050147,-0.105454,-0.017487,0.10664,-0.124127
WYR.DE,2024-02-07,468.27,positive,Q5,-0.012392,-0.002201,-0.010191,-0.004337,0.004884,-0.009222,-0.066708,0.050147,-0.116855,-0.092627,0.10664,-0.199267
AXJ.DE,2024-02-07,-274.17,negative,Q1,0.0,-0.002201,0.002201,0.032205,0.004884,0.02732,-0.005976,0.050147,-0.056123,0.187915,0.10664,0.081275
FDX.DE,2024-02-07,-14.66,negative,Q2,0.0,-0.002201,0.002201,-0.015673,0.004884,-0.020557,0.023068,0.050147,-0.027079,0.109385,0.10664,0.002745
DB1.DE,2024-02-08,0.0,negative,Q3,0.004327,0.006549,-0.002222,0.004549,0.011281,-0.006732,0.015034,0.048431,-0.033397,-0.020859,0.107271,-0.12813
EJT1.DE,2024-02-08,-5.39,negative,Q3,-0.011182,0.006549,-0.017731,0.014377,0.011281,0.003096,0.004792,0.048431,-0.043639,-0.052716,0.107271,-0.159987
E3X1.DE,2024-02-08,-45.39,negative,Q1,0.05998,0.006549,0.053431,0.060988,0.011281,0.049707,0.046035,0.048431,-0.002396,-0.11954,0.107271,-0.226811
HAR.DE,2024-02-08,383.66,positive,Q5,0.060298,0.006549,0.053749,0.064741,0.011281,0.053461,0.094891,0.048431,0.046459,-0.006665,0.107271,-0.113935
U9RA.DE,2024-02-08,125.22,positive,Q5,0.037396,0.006549,0.030847,0.015235,0.011281,0.003955,-0.018006,0.048431,-0.066437,-0.152355,0.107271,-0.259625
YCP.DE,2024-02-08,21.05,positive,Q5,-0.029944,0.006549,-0.036493,-0.01457,0.011281,-0.02585,-0.005426,0.048431,-0.053857,0.083903,0.107271,-0.023368
U9R.DE,2024-02-08,235.08,positive,Q5,-0.004027,0.006549,-0.010576,0.005369,0.011281,-0.005911,0.022819,0.048431,-0.025612,-0.158389,0.107271,-0.26566
SIE.DE,2024-02-08,28.57,positive,Q5,-0.002349,0.006549,-0.008898,0.02232,0.011281,0.011039,0.091196,0.048431,0.042765,0.13565,0.107271,0.028379
AFX.DE,2024-02-09,-52.27,negative,Q1,-0.000832,-0.009187,0.008355,0.010444,0.003223,0.007221,0.097135,0.054454,0.04268,-0.118577,0.098552,-0.217129
TUI1.DE,2024-02-12,55.24,positive,Q5,-0.068814,0.00383,-0.072644,-0.048316,0.011113,-0.059429,-0.023426,0.064011,-0.087437,0.010249,0.117798,-0.107549
TKA.DE,2024-02-13,-200.0,negative,Q1,-0.056485,0.005973,-0.062458,-0.085774,0.010188,-0.095962,-0.060669,0.05881,-0.119479,0.0,0.105829,-0.105829
GDX.DE,2024-02-13,-0.6,negative,Q3,0.005238,0.005973,-0.000734,0.01002,0.010188,-0.000168,0.01002,0.05881,-0.04879,0.099073,0.105829,-0.006757
AHOG.DE,2024-02-14,-27.79,negative,Q2,0.017713,0.00415,0.013563,0.031804,0.018993,0.012811,0.026167,0.052207,-0.02604,0.122383,0.097246,0.025137
T6A.DE,2024-02-14,0.99,positive,Q3,-0.03125,0.00415,-0.0354,-0.023438,0.018993,-0.04243,-0.0125,0.052207,-0.064707,-0.347656,0.097246,-0.444903
CBK.DE,2024-02-14,23.08,positive,Q5,-0.021884,0.00415,-0.026034,-0.03235,0.018993,-0.051343,0.078021,0.052207,0.025814,0.433872,0.097246,0.336626
ABR.DE,2024-02-14,33.57,positive,Q5,0.01772,0.00415,0.013569,-0.002311,0.018993,-0.021304,0.090909,0.052207,0.038702,0.225732,0.097246,0.128485
CEC.DE,2024-02-14,-9.09,negative,Q3,-0.02439,0.00415,-0.028541,-0.004878,0.018993,-0.023871,-0.092683,0.052207,-0.14489,0.395122,0.097246,0.297875
WMB.DE,2024-02-14,107.61,positive,Q5,0.006077,0.00415,0.001927,0.016205,0.018993,-0.002787,0.08609,0.052207,0.033883,0.209993,0.097246,0.112747
NDA.DE,2024-02-15,35.71,positive,Q5,-0.003212,-0.001471,-0.001741,-0.00727,0.017636,-0.024906,0.053254,0.047626,0.005628,0.328994,0.096482,0.232512
8TI.DE,2024-02-15,-44.89,negative,Q1,-0.006856,-0.001471,-0.005385,0.03477,0.017636,0.017133,0.099902,0.047626,0.052276,-0.070519,0.096482,-0.167001
GTR.DE,2024-02-15,-380.99,negative,Q1,0.005231,-0.001471,0.006702,-0.012206,0.017636,-0.029842,0.002616,0.047626,-0.045011,0.008718,0.096482,-0.087763
ELG.DE,2024-02-15,3.85,positive,Q4,-0.015524,-0.001471,-0.014053,-0.002875,0.017636,-0.020511,0.044847,0.047626,-0.002779,0.117292,0.096482,0.02081
HLE.DE,2024-02-16,16.92,positive,Q4,0.002524,-0.001394,0.003919,0.002524,0.019364,-0.016839,0.070554,0.052376,0.018178,0.042408,0.095628,-0.05322
XY6.DE,2024-02-20,15.13,positive,Q4,0.010013,0.014741,-0.004727,0.016182,0.028222,-0.012039,0.049084,0.061989,-0.012905,0.174788,0.091903,0.082885
FME.DE,2024-02-20,-26.44,negative,Q2,0.008024,0.014741,-0.006717,0.003269,0.028222,-0.024953,-0.015156,0.061989,-0.077145,0.109361,0.091903,0.017458
KTF.DE,2024-02-20,-10.47,negative,Q2,-0.001989,0.014741,-0.016729,-0.008261,0.028222,-0.036482,-0.028453,0.061989,-0.090442,-0.050482,0.091903,-0.142385
GRM.DE,2024-02-20,-11.79,negative,Q2,-0.013645,0.014741,-0.028386,-0.024101,0.028222,-0.052322,0.037037,0.061989,-0.024952,0.065568,0.091903,-0.026335
ALD.DE,2024-02-20,-25.96,negative,Q2,-0.004853,0.014741,-0.019594,-0.011004,0.028222,-0.039226,0.013318,0.061989,-0.048671,0.015688,0.091903,-0.076215
EW1.DE,2024-02-20,-10.09,negative,Q2,0.018368,0.014741,0.003628,0.0,0.028222,-0.028222,0.027598,0.061989,-0.03439,-0.010061,0.091903,-0.101964
CO3A.DE,2024-02-20,0.79,positive,Q3,0.038894,0.014741,0.024153,0.034572,0.028222,0.006351,-0.052723,0.061989,-0.114711,-0.163354,0.091903,-0.255256
LLY.DE,2024-02-21,5.77,positive,Q4,-0.013271,0.002814,-0.016085,-0.029343,0.017716,-0.047059,-0.004188,0.048098,-0.052286,0.042614,0.076159,-0.033545
PHM7.DE,2024-02-21,-0.93,negative,Q3,0.015267,0.002814,0.012453,0.011603,0.017716,-0.006113,0.090992,0.048098,0.042894,0.145649,0.076159,0.06949
WIB.DE,2024-02-21,-51.79,negative,Q1,-0.008229,0.002814,-0.011043,0.006254,0.017716,-0.011462,0.053654,0.048098,0.005555,0.133641,0.076159,0.057481
HRS.DE,2024-02-21,-74.9,negative,Q1,0.014788,0.002814,0.011974,-0.004076,0.017716,-0.021792,0.007943,0.048098,-0.040156,0.050478,0.076159,-0.025681
PEO.DE,2024-02-21,6.65,positive,Q4,0.002858,0.002814,4.4e-05,-0.00254,0.017716,-0.020257,0.030168,0.048098,-0.01793,0.036837,0.076159,-0.039322
BCY.DE,2024-02-21,-54.64,negative,Q1,0.0,0.002814,-0.002814,0.033149,0.017716,0.015433,0.138122,0.048098,0.090023,0.353591,0.076159,0.277432
PEP.DE,2024-02-21,-45.06,negative,Q1,0.013256,0.002814,0.010442,-0.002816,0.017716,-0.020532,0.037297,0.048098,-0.010802,0.072464,0.076159,-0.003695
HNM.DE,2024-02-21,4.27,positive,Q4,0.007666,0.002814,0.004852,0.020273,0.017716,0.002556,0.043441,0.048098,-0.004657,0.153492,0.076159,0.077333
KEL.DE,2024-02-21,-89.39,negative,Q1,0.011851,0.002814,0.009037,-0.004087,0.017716,-0.021803,-0.000409,0.048098,-0.048507,0.092154,0.076159,0.015994
NFS.DE,2024-02-21,-18.85,negative,Q2,0.006311,0.002814,0.003497,-0.010504,0.017716,-0.028221,-0.00843,0.048098,-0.056528,-0.119051,0.076159,-0.19521
KRN.DE,2024-02-21,-8.82,negative,Q3,-0.050182,0.002814,-0.052996,-0.042716,0.017716,-0.060432,0.012589,0.048098,-0.035509,0.075447,0.076159,-0.000712
68V.DE,2024-02-21,-8.65,negative,Q3,0.009231,0.002814,0.006417,0.013077,0.017716,-0.004639,0.149231,0.048098,0.101132,0.096923,0.076159,0.020764
KHNZ.DE,2024-02-21,-20.06,negative,Q2,0.002649,0.002814,-0.000165,-0.02351,0.017716,-0.041226,0.000662,0.048098,-0.047436,0.002649,0.076159,-0.07351
FRE.DE,2024-02-21,-255.71,negative,Q1,-0.003576,0.002814,-0.00639,0.00437,0.017716,-0.013346,-0.039333,0.048098,-0.087431,0.122765,0.076159,0.046606
4I1.DE,2024-02-21,-2.29,negative,Q3,0.013665,0.002814,0.010851,0.000511,0.017716,-0.017205,0.043423,0.048098,-0.004676,0.11622,0.076159,0.04006
BAS.DE,2024-02-22,-129.51,negative,Q1,-0.005813,0.000224,-0.006036,0.029789,0.018126,0.011663,0.135868,0.048336,0.087532,0.121095,0.077809,0.043286
GXI.DE,2024-02-22,-14.29,negative,Q2,0.000974,0.000224,0.00075,0.029796,0.018126,0.01167,0.0,0.048336,-0.048336,0.017332,0.077809,-0.060477
HOT.DE,2024-02-22,19.23,positive,Q5,-0.006672,0.000224,-0.006896,0.046602,0.018126,0.028476,0.028536,0.048336,-0.0198,0.034695,0.077809,-0.043114
NGLB.DE,2024-02-22,-181.84,negative,Q1,-0.040806,0.000224,-0.04103,-0.03589,0.018126,-0.054016,0.092429,0.048336,0.044093,0.473451,0.077809,0.395642
HEI.DE,2024-02-22,18.09,positive,Q4,0.01584,0.000224,0.015616,0.060141,0.018126,0.042015,0.181289,0.048336,0.132953,0.213835,0.077809,0.136026
REP.DE,2024-02-22,79.39,positive,Q5,0.009856,0.000224,0.009632,0.013647,0.018126,-0.004479,0.053071,0.048336,0.004735,0.050796,0.077809,-0.027013
TNE5.DE,2024-02-22,-478.14,negative,Q1,0.0,0.000224,-0.000224,0.011527,0.018126,-0.006598,0.057637,0.048336,0.009301,0.129683,0.077809,0.051874
5UR.DE,2024-02-22,-15.75,negative,Q2,0.003851,0.000224,0.003627,-0.011801,0.018126,-0.029927,0.062733,0.048336,0.014397,0.167702,0.077809,0.089893
PCE1.DE,2024-02-22,7.61,positive,Q4,0.006747,0.000224,0.006523,-0.019015,0.018126,-0.037141,0.023758,0.048336,-0.024577,0.077559,0.077809,-0.00025
PRG.DE,2024-02-22,-16.88,negative,Q2,-0.003501,0.000224,-0.003725,-0.016736,0.018126,-0.034861,-0.004692,0.048336,-0.053028,0.032981,0.077809,-0.044828
MLB1.DE,2024-02-22,-53.97,negative,Q1,0.022629,0.000224,0.022405,-0.003772,0.018126,-0.021897,-0.042969,0.048336,-0.091305,0.055361,0.077809,-0.022448
MBG.DE,2024-02-22,11.15,positive,Q4,-0.004415,0.000224,-0.004639,0.033688,0.018126,0.015562,0.028455,0.048336,-0.019881,-0.002289,0.077809,-0.080098
DTE.DE,2024-02-23,21.62,positive,Q5,0.0029,0.007648,-0.004748,-0.000967,0.016813,-0.01778,0.007733,0.055163,-0.04743,0.019816,0.07201,-0.052193
ALV.DE,2024-02-23,-3.87,negative,Q3,0.00957,0.007648,0.001922,0.025849,0.016813,0.009035,0.127633,0.055163,0.07247,0.139931,0.07201,0.067922
MVIN.DE,2024-02-26,13.04,positive,Q4,-0.019608,0.002548,-0.022156,-0.073529,0.008083,-0.081612,-0.176471,0.052436,-0.228907,-0.490196,0.05222,-0.542416
185.DE,2024-02-26,0.43,positive,Q3,0.002118,0.002548,-0.00043,0.020754,0.008083,0.012671,0.254553,0.052436,0.202117,0.681914,0.05222,0.629695
AEC1.DE,2024-02-26,1.26,positive,Q3,0.006981,0.002548,0.004433,0.00051,0.008083,-0.007574,0.041478,0.052436,-0.010959,0.096306,0.05222,0.044086
FPMB.DE,2024-02-26,16.4,positive,Q4,-0.007902,0.002548,-0.010449,-0.004975,0.008083,-0.013058,0.200176,0.052436,0.147739,0.400351,0.05222,0.348131
ADV.DE,2024-02-27,-30.0,negative,Q2,-0.002626,0.004373,-0.006999,0.0,0.006561,-0.006561,-0.004727,0.050637,-0.055364,-0.002626,0.050881,-0.053507
FDO.DE,2024-02-27,-112.78,negative,Q1,-0.06568,0.004373,-0.070053,0.080473,0.006561,0.073912,0.091124,0.050637,0.040487,None,None,None
I8R.DE,2024-02-27,-8.21,negative,Q3,0.01912,0.004373,0.014748,-0.101338,0.006561,-0.1079,-0.220841,0.050637,-0.271478,-0.157744,0.050881,-0.208625
DUE.DE,2024-02-27,-89.97,negative,Q1,-0.007728,0.004373,-0.012101,0.037094,0.006561,0.030533,0.03967,0.050637,-0.010967,0.181865,0.050881,0.130984
TCO0.DE,2024-02-27,-67.15,negative,Q1,0.006623,0.004373,0.00225,0.019868,0.006561,0.013306,0.072848,0.050637,0.022211,0.155629,0.050881,0.104748
HS2.DE,2024-02-27,-80.17,negative,Q1,0.004827,0.004373,0.000454,-0.019307,0.006561,-0.025869,-0.005395,0.050637,-0.056031,-0.091141,0.050881,-0.142022
F3A.DE,2024-02-27,3.87,positive,Q4,0.024963,0.004373,0.02059,0.072834,0.006561,0.066273,0.145962,0.050637,0.095325,0.871512,0.050881,0.820631
CBHD.DE,2024-02-28,-3.21,negative,Q3,0.0,0.003218,-0.003218,0.054606,0.009314,0.045292,0.019484,0.03422,-0.014736,-0.080072,0.046371,-0.126442
GOS.DE,2024-02-28,63.11,positive,Q5,-0.00361,0.003218,-0.006827,-0.009472,0.009314,-0.018786,0.063155,0.03422,0.028936,0.165642,0.046371,0.119271
MTX.DE,2024-02-28,-6.67,negative,Q3,-0.013933,0.003218,-0.017151,0.035541,0.009314,0.026227,0.054865,0.03422,0.020646,0.03682,0.046371,-0.00955
IC2.DE,2024-02-28,-49.57,negative,Q1,-0.001591,0.003218,-0.004808,-0.010975,0.009314,-0.020289,-0.001511,0.03422,-0.035731,-0.038094,0.046371,-0.084465
NRA.DE,2024-02-28,-56.22,negative,Q1,0.01958,0.003218,0.016363,0.088112,0.009314,0.078798,0.236563,0.03422,0.202344,0.458741,0.046371,0.412371
UN0.DE,2024-02-28,65.0,positive,Q5,0.023464,0.003218,0.020246,0.068901,0.009314,0.059587,-0.066667,0.03422,-0.100886,-0.000372,0.046371,-0.046743
BEI.DE,2024-02-28,-11.26,negative,Q2,0.00115,0.003218,-0.002068,0.002606,0.009314,-0.006708,-0.00115,0.03422,-0.035369,0.09711,0.046371,0.05074
1COV.DE,2024-02-28,-71.93,negative,Q1,0.002386,0.003218,-0.000832,-0.041551,0.009314,-0.050865,0.003181,0.03422,-0.031039,-0.018091,0.046371,-0.064462
AOMD.DE,2024-02-29,104.74,positive,Q5,0.003509,-0.001066,0.004574,-0.00614,0.004479,-0.01062,0.178947,0.035672,0.143275,0.540351,0.04923,0.491121
AZ2.DE,2024-02-29,4.58,positive,Q4,0.0,-0.001066,0.001066,0.001674,0.004479,-0.002805,0.010977,0.035672,-0.024696,-0.001488,0.04923,-0.050718
GOB.DE,2024-02-29,-19.93,negative,Q2,0.006126,-0.001066,0.007191,0.0,0.004479,-0.004479,0.065391,0.035672,0.029718,0.179786,0.04923,0.130556
PUM.DE,2024-02-29,-97.41,negative,Q1,-0.020958,-0.001066,-0.019892,-0.008982,0.004479,-0.013461,-0.00998,0.035672,-0.045652,0.16991,0.04923,0.120681
KC4.DE,2024-02-29,-3.29,negative,Q3,-0.019964,-0.001066,-0.018898,-0.029946,0.004479,-0.034425,-0.016561,0.035672,-0.052233,0.073956,0.04923,0.024727
KGX.DE,2024-02-29,49.47,positive,Q5,-0.019471,-0.001066,-0.018405,0.017502,0.004479,0.013022,0.035222,0.035672,-0.00045,-0.077226,0.04923,-0.126456
AIXA.DE,2024-02-29,5.77,positive,Q4,0.039653,-0.001066,0.040718,-0.040408,0.004479,-0.044887,-0.132553,0.035672,-0.168225,-0.205438,0.04923,-0.254668
MTX.DE,2024-02-29,-6.67,negative,Q3,0.026917,-0.001066,0.027983,0.041974,0.004479,0.037494,0.06296,0.035672,0.027288,0.049155,0.04923,-7.5e-05
AUD.DE,2024-02-29,-32.78,negative,Q2,-0.018613,-0.001066,-0.017548,-0.05584,0.004479,-0.060319,-0.071385,0.035672,-0.107057,-0.207854,0.04923,-0.257084
0S6.DE,2024-02-29,-46.91,negative,Q1,-0.008785,-0.001066,-0.007719,-0.060029,0.004479,-0.064509,-0.016105,0.035672,-0.051778,-0.770132,0.04923,-0.819361
FNTN.DE,2024-02-29,-43.06,negative,Q1,0.017442,-0.001066,0.018508,0.025939,0.004479,0.02146,0.043828,0.035672,0.008156,0.035331,0.04923,-0.013899
EBO.DE,2024-02-29,9.59,positive,Q4,-0.004451,-0.001066,-0.003385,0.008309,0.004479,0.003829,0.121365,0.035672,0.085693,0.269436,0.04923,0.220207
INP.DE,2024-02-29,-340.29,negative,Q1,0.013531,-0.001066,0.014597,0.014851,0.004479,0.010372,0.109241,0.035672,0.073569,0.276568,0.04923,0.227338
HEN3.DE,2024-03-03,5.45,positive,Q4,0.010477,0.001035,0.009442,0.08017,0.01507,0.0651,0.044336,0.026931,0.017405,0.228667,0.049583,0.179084
ALS.DE,2024-03-04,43.14,positive,Q5,-0.006943,0.001035,-0.007978,0.013887,0.01507,-0.001183,0.106986,0.026931,0.080055,0.041944,0.049583,-0.007639
IFX.DE,2024-03-04,8.16,positive,Q4,0.020085,0.001035,0.019051,0.051735,0.01507,0.036665,-0.04717,0.026931,-0.074101,0.122337,0.049583,0.072754
BRM.DE,2024-03-04,-44.11,negative,Q1,0.023033,0.001035,0.021998,0.038769,0.01507,0.023699,0.000912,0.026931,-0.026019,-0.198176,0.049583,-0.247759
KLA.DE,2024-03-04,-27.43,negative,Q2,0.003828,0.001035,0.002793,-0.03143,0.01507,-0.0465,-0.029128,0.026931,-0.056059,0.098803,0.049583,0.049221
DWD.DE,2024-03-04,-12.95,negative,Q2,-0.053416,0.001035,-0.05445,-0.04887,0.01507,-0.063939,0.020331,0.026931,-0.0066,0.08145,0.049583,0.031867
NFC.DE,2024-03-04,-5.58,negative,Q3,-0.001085,0.001035,-0.00212,0.003798,0.01507,-0.011272,0.057696,0.026931,0.030765,0.071622,0.049583,0.022039
ASME.DE,2024-03-05,9.24,positive,Q4,0.039388,0.00712,0.032268,-0.035119,0.01381,-0.048929,-0.001534,0.033994,-0.035528,0.049904,0.052829,-0.002925
GIS.DE,2024-03-05,-35.22,negative,Q2,-0.005079,0.00712,-0.012199,0.028413,0.01381,0.014603,-0.035873,0.033994,-0.069867,-0.114444,0.052829,-0.167274
CBHD.DE,2024-03-05,-3.21,negative,Q3,0.013135,0.00712,0.006015,0.019457,0.01381,0.005646,-0.020606,0.033994,-0.0546,-0.110664,0.052829,-0.163493
4AB.DE,2024-03-05,-83.34,negative,Q1,-0.004814,0.00712,-0.011934,-0.00122,0.01381,-0.01503,-0.051996,0.033994,-0.08599,-0.060919,0.052829,-0.113748
WDP.DE,2024-03-05,115.0,positive,Q5,-0.015164,0.00712,-0.022283,0.013966,0.01381,0.000156,0.062749,0.033994,0.028756,-0.082502,0.052829,-0.135331
AMD.DE,2024-03-05,-46.89,negative,Q1,0.008992,0.00712,0.001872,-0.071518,0.01381,-0.085328,-0.181619,0.033994,-0.215612,-0.197512,0.052829,-0.250341
2KD.DE,2024-03-05,-10.03,negative,Q2,-0.002596,0.00712,-0.009715,0.002596,0.01381,-0.011214,0.034393,0.033994,0.000399,0.129137,0.052829,0.076308
8TRA.DE,2024-03-05,-44.86,negative,Q1,0.02193,0.00712,0.01481,0.079313,0.01381,0.065503,0.169225,0.033994,0.135231,0.09174,0.052829,0.038911
QCI.DE,2024-03-05,3.72,positive,Q4,0.035278,0.00712,0.028159,0.0,0.01381,-0.01381,0.030315,0.033994,-0.003679,0.258551,0.052829,0.205722
AMG.DE,2024-03-05,-68.99,negative,Q1,-0.019588,0.00712,-0.026708,-0.005467,0.01381,-0.019277,-0.02725,0.033994,-0.061244,0.121754,0.052829,0.068925
3V64.DE,2024-03-05,2.36,positive,Q3,-0.020937,0.00712,-0.028057,0.010625,0.01381,-0.003185,-0.010273,0.033994,-0.044266,-0.014977,0.052829,-0.067807
WDC.DE,2024-03-05,-138.58,negative,Q1,-0.012193,0.00712,-0.019313,-0.039627,0.01381,-0.053438,0.133616,0.033994,0.099622,0.171719,0.052829,0.11889
BAYN.DE,2024-03-05,25.85,positive,Q5,-0.009087,0.00712,-0.016207,-0.010602,0.01381,-0.024412,0.025748,0.033994,-0.008246,0.069671,0.052829,0.016841
BAC.DE,2024-03-05,-159.58,negative,Q1,-0.012527,0.00712,-0.019646,0.00275,0.01381,-0.01106,0.050412,0.033994,0.016419,0.056218,0.052829,0.003388
C7C1.F,2024-03-05,151.14,positive,Q5,0.019108,0.00712,0.011989,-0.006369,0.01381,-0.02018,-0.063694,0.033994,-0.097688,-0.165605,0.052829,-0.218434
5G5.DE,2024-03-05,-168.78,negative,Q1,-0.014218,0.00712,-0.021338,-0.033175,0.01381,-0.046985,-0.123223,0.033994,-0.157217,-0.36019,0.052829,-0.413019
DC7.DE,2024-03-05,-37.61,negative,Q1,0.016453,0.00712,0.009333,0.053077,0.01381,0.039267,0.065719,0.033994,0.031725,0.036717,0.052829,-0.016112
SHA.DE,2024-03-05,-144.44,negative,Q1,-0.014925,0.00712,-0.022045,-0.023217,0.01381,-0.037027,-0.011609,0.033994,-0.045602,-0.024876,0.052829,-0.077705
UB5.DE,2024-03-05,-20.06,negative,Q2,0.010155,0.00712,0.003035,0.017905,0.01381,0.004095,0.039284,0.033994,0.00529,-0.071619,0.052829,-0.124449
EX9.DE,2024-03-05,14.96,positive,Q4,-0.009237,0.00712,-0.016357,0.02139,0.01381,0.00758,0.044725,0.033994,0.010731,-0.014098,0.052829,-0.066927
LY0.DE,2024-03-05,-181.1,negative,Q1,0.021538,0.00712,0.014419,0.029538,0.01381,0.015728,0.016,0.033994,-0.017994,-0.036923,0.052829,-0.089752
TM5.DE,2024-03-05,-12.14,negative,Q2,-0.010492,0.00712,-0.017612,-0.022588,0.01381,-0.036398,-0.032478,0.033994,-0.066472,0.079457,0.052829,0.026628
UWS.DE,2024-03-05,-20.14,negative,Q2,0.0,0.00712,-0.00712,0.00997,0.01381,-0.00384,0.003072,0.033994,-0.030922,-0.01633,0.052829,-0.069159
KBX.DE,2024-03-05,9.35,positive,Q4,0.009385,0.00712,0.002266,0.024558,0.01381,0.010748,0.0402,0.033994,0.006206,0.092132,0.052829,0.039303
QIA.DE,2024-03-05,-20.51,negative,Q2,-0.002699,0.00712,-0.009819,-0.004417,0.01381,-0.018227,-0.067975,0.033994,-0.101969,0.007117,0.052829,-0.045713
TUI1.DE,2024-03-05,55.24,positive,Q5,0.014993,0.00712,0.007873,0.0,0.01381,-0.01381,0.178411,0.033994,0.144417,0.065967,0.052829,0.013138
NTA.DE,2024-03-05,-12.18,negative,Q2,-0.009414,0.00712,-0.016534,-0.022358,0.01381,-0.036168,0.019469,0.033994,-0.014524,0.161318,0.052829,0.108489
BM8.DE,2024-03-05,-45.96,negative,Q1,-0.007568,0.00712,-0.014688,-0.022957,0.01381,-0.036767,0.017407,0.033994,-0.016587,-0.062311,0.052829,-0.11514
CVS.DE,2024-03-05,-20.0,negative,Q2,-0.000952,0.00712,-0.008072,0.015233,0.01381,0.001423,0.007934,0.033994,-0.02606,-0.174865,0.052829,-0.227694
AK3.DE,2024-03-05,-35.66,negative,Q2,0.019794,0.00712,0.012674,-0.007324,0.01381,-0.021134,-0.034046,0.033994,-0.06804,-0.178246,0.052829,-0.231075
DYH.DE,2024-03-05,22.67,positive,Q5,-0.007298,0.00712,-0.014418,-0.043046,0.01381,-0.056856,-0.003649,0.033994,-0.037643,-0.141438,0.052829,-0.194267
IBM.DE,2024-03-05,-6.4,negative,Q3,-0.007468,0.00712,-0.014588,-0.006943,0.01381,-0.020753,-0.034424,0.033994,-0.068418,-0.137231,0.052829,-0.19006
ENR.DE,2024-03-05,41.67,positive,Q5,0.023673,0.00712,0.016553,-0.000717,0.01381,-0.014527,0.314204,0.033994,0.28021,0.66571,0.052829,0.612881
SWF.DE,2024-03-05,-358.03,negative,Q1,0.017923,0.00712,0.010803,None,None,None,0.07792,0.033994,0.043927,-0.051608,0.052829,-0.104437
UT8.DE,2024-03-06,301.84,positive,Q5,0.007571,-0.001588,0.009159,-0.015141,0.005559,-0.0207,-0.063455,0.013106,-0.07656,-0.123193,0.04004,-0.163233
ABEC.DE,2024-03-06,3.47,positive,Q4,0.028651,-0.001588,0.030239,0.070236,0.005559,0.064677,0.175344,0.013106,0.162238,0.344139,0.04004,0.304099
CSC.DE,2024-03-06,-11.57,negative,Q2,0.008679,-0.001588,0.010267,0.002983,0.005559,-0.002576,0.072145,0.013106,0.05904,0.041768,0.04004,0.001729
NOA3.DE,2024-03-06,-105.18,negative,Q1,-0.012618,-0.001588,-0.01103,0.0,0.005559,-0.005559,-0.037855,0.013106,-0.05096,0.094637,0.04004,0.054598
DHL.DE,2024-03-06,-13.33,negative,Q2,-0.022689,-0.001588,-0.021101,-0.019608,0.005559,-0.025167,-0.005602,0.013106,-0.018708,0.052941,0.04004,0.012902
INL.DE,2024-03-06,40.53,positive,Q5,-0.044343,-0.001588,-0.042755,-0.067354,0.005559,-0.072913,-0.16395,0.013106,-0.177056,-0.321908,0.04004,-0.361948
3E2.DE,2024-03-06,-19.59,negative,Q2,0.054127,-0.001588,0.055716,-0.018042,0.005559,-0.023602,0.007504,0.013106,-0.005601,-0.034329,0.04004,-0.074368
ERT.DE,2024-03-06,-63.46,negative,Q1,0.004674,-0.001588,0.006262,0.005494,0.005559,-6.5e-05,-0.020171,0.013106,-0.033276,0.029682,0.04004,-0.010358
FB2A.DE,2024-03-06,10.76,positive,Q4,-0.000302,-0.001588,0.001287,-0.022275,0.005559,-0.027834,0.009974,0.013106,-0.003131,-0.014778,0.04004,-0.054818
HCL.DE,2024-03-06,-287.84,negative,Q1,0.019178,-0.001588,0.020766,0.084932,0.005559,0.079372,0.408219,0.013106,0.395114,0.361644,0.04004,0.321604
TII.DE,2024-03-06,2.26,positive,Q3,-0.015332,-0.001588,-0.013744,-0.022998,0.005559,-0.028557,-0.022867,0.013106,-0.035973,0.137924,0.04004,0.097885
SY1.DE,2024-03-06,-17.78,negative,Q2,0.022293,-0.001588,0.023882,0.013764,0.005559,0.008205,0.013279,0.013106,0.000174,0.055442,0.04004,0.015403
12DA.DE,2024-03-06,-8.13,negative,Q3,-0.045274,-0.001588,-0.043686,-0.124919,0.005559,-0.130478,0.005913,0.013106,-0.007192,0.091934,0.04004,0.051894
VWSB.DE,2024-03-06,39.49,positive,Q5,-0.012947,-0.001588,-0.011359,-0.014471,0.005559,-0.02003,-0.066641,0.013106,-0.079747,-0.04265,0.04004,-0.08269
VEE.DE,2024-03-06,-30.83,negative,Q2,0.027411,-0.001588,0.028999,0.049927,0.005559,0.044368,-0.037445,0.013106,-0.05055,-0.162751,0.04004,-0.20279
XONA.DE,2024-03-06,-12.63,negative,Q2,0.002379,-0.001588,0.003968,0.038287,0.005559,0.032728,0.133788,0.013106,0.120682,0.078953,0.04004,0.038913
NCB.DE,2024-03-06,-26.64,negative,Q2,0.003828,-0.001588,0.005416,0.010526,0.005559,0.004967,0.060287,0.013106,0.047182,0.139394,0.04004,0.099354
FFV.DE,2024-03-06,-24.64,negative,Q2,0.004836,-0.001588,0.006425,-0.004267,0.005559,-0.009826,0.022191,0.013106,0.009085,-0.126031,0.04004,-0.166071
ABEA.DE,2024-03-06,3.47,positive,Q4,0.027485,-0.001588,0.029073,0.064434,0.005559,0.058875,0.170342,0.013106,0.157237,0.338874,0.04004,0.298835
CTP2.DE,2024-03-06,2.95,positive,Q3,0.012178,-0.001588,0.013767,0.016883,0.005559,0.011324,-0.023249,0.013106,-0.036355,-0.044285,0.04004,-0.084324
ZEG.DE,2024-03-07,-57.65,negative,Q1,0.021841,-0.003831,0.025671,0.003654,0.006856,-0.003202,0.041727,0.015874,0.025853,0.235574,0.038193,0.197382
PSM.DE,2024-03-07,1.08,positive,Q3,0.010511,-0.003831,0.014341,-0.063063,0.006856,-0.069919,0.097598,0.015874,0.081723,0.073574,0.038193,0.035381
CGN.DE,2024-03-07,-46.45,negative,Q1,0.000326,-0.003831,0.004157,0.028061,0.006856,0.021205,0.059614,0.015874,0.04374,0.005547,0.038193,-0.032645
MSF.DE,2024-03-07,5.98,positive,Q4,-0.01167,-0.003831,-0.007839,0.018481,0.006856,0.011625,0.048741,0.015874,0.032867,0.067304,0.038193,0.029111
1YD.DE,2024-03-07,-72.64,negative,Q1,-0.029754,-0.003831,-0.025924,-0.062442,0.006856,-0.069299,0.01383,0.015874,-0.002045,0.107786,0.038193,0.069594
LHA.DE,2024-03-07,-73.91,negative,Q1,-0.004831,-0.003831,-0.001,0.00161,0.006856,-0.005246,0.049919,0.015874,0.034045,-0.043478,0.038193,-0.081671
VVU.DE,2024-03-07,-10.98,negative,Q2,-0.001041,-0.003831,0.00279,-0.009365,0.006856,-0.016221,-0.012487,0.015874,-0.028361,0.007284,0.038193,-0.030908
CON.DE,2024-03-07,23.39,positive,Q5,-0.045364,-0.003831,-0.041533,-0.050268,0.006856,-0.057124,-0.037701,0.015874,-0.053575,-0.098544,0.038193,-0.136737
BNR.DE,2024-03-07,-17.7,negative,Q2,-0.027719,-0.003831,-0.023888,-0.023188,0.006856,-0.030044,-0.05064,0.015874,-0.066514,-0.163513,0.038193,-0.201705
MTT.DE,2024-03-07,33.3,positive,Q5,0.014925,-0.003831,0.018756,-0.020453,0.006856,-0.02731,-0.040354,0.015874,-0.056228,-0.102266,0.038193,-0.140459
G1A.DE,2024-03-07,-12.82,negative,Q2,0.013302,-0.003831,0.017133,0.058415,0.006856,0.051559,0.045691,0.015874,0.029817,0.072874,0.038193,0.034682
CIE1.DE,2024-03-07,-28.6,negative,Q2,-0.050201,-0.003831,-0.04637,-0.080321,0.006856,-0.087178,-0.123092,0.015874,-0.138967,-0.144578,0.038193,-0.182771
DRW3.DE,2024-03-07,-22.12,negative,Q2,0.021926,-0.003831,0.025757,-0.013113,0.006856,-0.019969,0.046002,0.015874,0.030128,0.047936,0.038193,0.009744
MRK.DE,2024-03-07,-3.14,negative,Q3,-0.001908,-0.003831,0.001922,-0.00125,0.006856,-0.008107,-0.042972,0.015874,-0.058846,0.110687,0.038193,0.072495
AIR.DE,2024-03-08,-7.07,negative,Q3,0.008025,0.012332,-0.004306,0.041321,0.010504,0.030817,0.033893,0.011733,0.02216,-0.036944,0.035144,-0.072087
DTE.DE,2024-03-11,-7.5,negative,Q3,-0.002456,-0.000208,-0.002248,0.009823,0.001246,0.008577,0.010805,-0.001936,0.012742,0.075639,0.037058,0.038581
ORC.DE,2024-03-11,-38.27,negative,Q1,-0.027528,-0.000208,-0.02732,0.004069,0.001246,0.002823,-0.02571,-0.001936,-0.023773,0.076956,0.037058,0.039898
EBA.DE,2024-03-11,35.19,positive,Q5,0.01915,-0.000208,0.019358,0.021131,0.001246,0.019886,0.034118,-0.001936,0.036055,0.052168,0.037058,0.01511
CSC.DE,2024-03-12,-11.57,negative,Q2,-0.015966,-0.001077,-0.014889,0.019957,0.002993,0.016965,0.034061,0.00363,0.030431,0.040181,0.016942,0.023239
NWT.DE,2024-03-12,10.45,positive,Q4,-0.003139,-0.001077,-0.002062,-0.01393,0.002993,-0.016922,0.017657,0.00363,0.014027,0.005886,0.016942,-0.011056
ADS.DE,2024-03-12,-44.51,negative,Q1,0.031712,-0.001077,0.032788,-0.001062,0.002993,-0.004055,0.022254,0.00363,0.018624,0.140097,0.016942,0.123155
CIS.DE,2024-03-12,-22.97,negative,Q2,0.001147,-0.001077,0.002224,-0.012615,0.002993,-0.015607,0.012615,0.00363,0.008985,-0.070872,0.016942,-0.087813
ADM.DE,2024-03-12,-25.62,negative,Q2,-0.003794,-0.001077,-0.002717,0.05631,0.002993,0.053317,0.067093,0.00363,0.063463,0.058706,0.016942,0.041764
SHL.DE,2024-03-12,11.36,positive,Q4,0.009978,-0.001077,0.011055,-0.019586,0.002993,-0.022579,-0.046009,0.00363,-0.049639,-0.015891,0.016942,-0.032832
CMC.DE,2024-03-12,-4.29,negative,Q3,-0.00405,-0.001077,-0.002973,0.028049,0.002993,0.025057,-0.001072,0.00363,-0.004702,0.031741,0.016942,0.014799
2M6.DE,2024-03-12,-21.62,negative,Q2,-0.007727,-0.001077,-0.00665,-0.012878,0.002993,-0.01587,-0.018707,0.00363,-0.022337,-0.024265,0.016942,-0.041206
FPE.DE,2024-03-12,-4.08,negative,Q3,0.0131,-0.001077,0.014177,0.020586,0.002993,0.017594,0.048035,0.00363,0.044405,0.02277,0.016942,0.005828
PFE.DE,2024-03-12,-275.22,negative,Q1,-0.011593,-0.001077,-0.010516,-0.019322,0.002993,-0.022314,-0.0541,0.00363,-0.05773,0.001288,0.016942,-0.015654
SOBA.DE,2024-03-12,-45.25,negative,Q1,-0.014583,-0.001077,-0.013506,0.003472,0.002993,0.00048,-0.008333,0.00363,-0.011963,0.056944,0.016942,0.040003
BOY.DE,2024-03-12,16.28,positive,Q4,-0.006601,-0.001077,-0.005524,0.024202,0.002993,0.02121,0.027503,0.00363,0.023873,-0.074807,0.016942,-0.091749
HBC1.DE,2024-03-12,-100.53,negative,Q1,-0.001567,-0.001077,-0.000491,0.031348,0.002993,0.028355,0.10815,0.00363,0.104521,0.166144,0.016942,0.149202
ALV.DE,2024-03-12,-3.87,negative,Q3,-0.003228,-0.001077,-0.002151,0.020899,0.002993,0.017906,-0.005463,0.00363,-0.009093,0.016802,0.016942,-0.00014
PHI1.DE,2024-03-12,-91.79,negative,Q1,0.002176,-0.001077,0.003253,-0.035909,0.002993,-0.038901,-0.01741,0.00363,-0.02104,0.249728,0.016942,0.232786
WCH.DE,2024-03-12,0.0,negative,Q3,-0.034575,-0.001077,-0.033498,-0.005927,0.002993,-0.00892,-0.001778,0.00363,-0.005408,-0.088413,0.016942,-0.105354
MUV2.DE,2024-03-12,3.59,positive,Q4,0.003871,-0.001077,0.004948,0.017042,0.002993,0.014049,-0.048349,0.00363,-0.051979,0.085938,0.016942,0.068996
WAF.DE,2024-03-12,37.84,positive,Q5,-0.016793,-0.001077,-0.015716,0.004781,0.002993,0.001788,0.019858,0.00363,0.016228,-0.073793,0.016942,-0.090734
FPE3.DE,2024-03-12,-6.0,negative,Q3,0.00565,-0.001077,0.006727,0.023827,0.002993,0.020835,0.061656,0.00363,0.058026,0.05183,0.016942,0.034888
SGM.DE,2024-03-12,18.59,positive,Q5,-0.013618,-0.001077,-0.012541,-0.079831,0.002993,-0.082823,-0.104954,0.00363,-0.108584,-0.061752,0.016942,-0.078693
IXD1.DE,2024-03-13,-0.17,negative,Q3,0.003752,-0.0003,0.004053,0.023218,0.013221,0.009997,-0.034944,-0.009799,-0.025145,0.034944,0.003343,0.031601
DT3.DE,2024-03-13,-394.51,negative,Q1,0.015666,-0.0003,0.015966,0.022628,0.013221,0.009407,0.01758,-0.009799,0.027379,-0.142037,0.003343,-0.14538
ADS.DE,2024-03-13,-44.51,negative,Q1,-0.007255,-0.0003,-0.006955,-0.035345,0.013221,-0.048566,-0.019364,-0.009799,-0.009565,0.092456,0.003343,0.089112
2PP.DE,2024-03-13,-4.07,negative,Q3,-0.005001,-0.0003,-0.004701,0.051043,0.013221,0.037822,0.028798,-0.009799,0.038597,-0.026384,0.003343,-0.029727
UNP.DE,2024-03-13,5.13,positive,Q4,-0.00132,-0.0003,-0.00102,0.015932,0.013221,0.002711,-0.032502,-0.009799,-0.022703,-0.082575,0.003343,-0.085918
VOW.DE,2024-03-13,-38.26,negative,Q1,0.008357,-0.0003,0.008657,0.0504,0.013221,0.037179,0.083304,-0.009799,0.093103,-0.081215,0.003343,-0.084558
MDO.DE,2024-03-13,-0.39,negative,Q3,-0.003481,-0.0003,-0.003181,0.013195,0.013221,-2.6e-05,-0.028333,-0.009799,-0.018534,-0.077066,0.003343,-0.080409
MOR.DE,2024-03-13,207.41,positive,Q5,0.005451,-0.0003,0.005752,0.00424,0.013221,-0.008981,0.025136,-0.009799,0.034935,-0.000606,0.003343,-0.003949
TMV.DE,2024-03-13,12.5,positive,Q4,-0.002216,-0.0003,-0.001915,0.004431,0.013221,-0.00879,-0.079764,-0.009799,-0.069965,-0.217873,0.003343,-0.221216
GBF.DE,2024-03-13,35.63,positive,Q5,-0.006253,-0.0003,-0.005953,-0.041847,0.013221,-0.055068,-0.075517,-0.009799,-0.065718,0.109909,0.003343,0.106566
GYC.DE,2024-03-13,43.67,positive,Q5,-0.047619,-0.0003,-0.047319,0.008466,0.013221,-0.004755,0.063492,-0.009799,0.073291,0.124868,0.003343,0.121525
AUD.DE,2024-03-13,-32.78,negative,Q2,-0.014352,-0.0003,-0.014052,0.036302,0.013221,0.023081,-0.086957,-0.009799,-0.077158,-0.109329,0.003343,-0.112672
JNP.DE,2024-03-13,-39.48,negative,Q1,-0.006367,-0.0003,-0.006067,0.014554,0.013221,0.001333,0.024257,-0.009799,0.034056,-0.005155,0.003343,-0.008498
ZAL.DE,2024-03-13,21.0,positive,Q5,0.004523,-0.0003,0.004823,0.088648,0.013221,0.075427,0.217549,-0.009799,0.227347,0.001809,0.003343,-0.001534
CPA.DE,2024-03-13,2.46,positive,Q3,0.00128,-0.0003,0.00158,0.004991,0.013221,-0.00823,0.000512,-0.009799,0.010311,0.089711,0.003343,0.086368
O3P.DE,2024-03-13,26.82,positive,Q5,0.009637,-0.0003,0.009937,0.037806,0.013221,0.024585,0.047813,-0.009799,0.057612,0.037435,0.003343,0.034092
EOAN.DE,2024-03-13,-54.55,negative,Q1,-0.011765,-0.0003,-0.011464,-0.040336,0.013221,-0.053557,-0.059664,-0.009799,-0.049865,0.006723,0.003343,0.00338
LOM.DE,2024-03-13,2.43,positive,Q3,0.002494,-0.0003,0.002794,0.014989,0.013221,0.001768,0.07387,-0.009799,0.083669,0.074684,0.003343,0.071341
MMM.DE,2024-03-13,-11.43,negative,Q2,0.014761,-0.0003,0.015061,0.051793,0.013221,0.038572,0.064483,-0.009799,0.074281,0.179075,0.003343,0.175732
VOW3.DE,2024-03-13,20.6,positive,Q5,0.007448,-0.0003,0.007749,0.042853,0.013221,0.029632,0.068258,-0.009799,0.078057,0.000306,0.003343,-0.003037
ANL.DE,2024-03-13,-45.76,negative,Q1,0.002514,-0.0003,0.002814,0.005313,0.013221,-0.007908,0.011883,-0.009799,0.021682,0.214922,0.003343,0.211579
DBK.DE,2024-03-13,91.67,positive,Q5,0.00625,-0.0003,0.00655,0.032813,0.013221,0.019592,0.066406,-0.009799,0.076205,0.095312,0.003343,0.091969
LXS.DE,2024-03-14,62.5,positive,Q5,0.033912,-0.000221,0.034134,0.026055,0.015013,0.011041,0.07651,-0.00929,0.085799,-0.105873,0.007335,-0.113207
SII.DE,2024-03-14,9.94,positive,Q4,-0.002494,-0.000221,-0.002272,0.022195,0.015013,0.007181,0.211721,-0.00929,0.221011,0.200748,0.007335,0.193413
DB1.DE,2024-03-14,0.0,negative,Q3,-0.001063,-0.000221,-0.000841,0.001902,0.015013,-0.013111,0.009453,-0.00929,0.018743,0.026235,0.007335,0.0189
R66.DE,2024-03-14,22.07,positive,Q5,-0.002704,-0.000221,-0.002482,0.013092,0.015013,-0.001921,0.022698,-0.00929,0.031988,-0.115199,0.007335,-0.122533
BAS.DE,2024-03-14,-287.13,negative,Q1,-0.00618,-0.000221,-0.005959,0.069123,0.015013,0.05411,0.033646,-0.00929,0.042936,-0.025635,0.007335,-0.03297
RHM.DE,2024-03-14,0.24,positive,Q3,0.044214,-0.000221,0.044436,0.095212,0.015013,0.080198,0.163935,-0.00929,0.173225,0.07544,0.007335,0.068105
2OY.DE,2024-03-14,-137.13,negative,Q1,0.004064,-0.000221,0.004286,0.022888,0.015013,0.007874,0.016684,-0.00929,0.025974,-0.007059,0.007335,-0.014394
CCC3.DE,2024-03-14,-6.54,negative,Q3,0.005346,-0.000221,0.005567,0.013746,0.015013,-0.001268,-0.009737,-0.00929,-0.000447,0.065674,0.007335,0.058339
VTSC.DE,2024-03-14,-159.55,negative,Q1,-0.01476,-0.000221,-0.014539,-0.059631,0.015013,-0.074644,-0.037491,-0.00929,-0.028201,-0.089299,0.007335,-0.096634
ZOE.DE,2024-03-14,-12.61,negative,Q2,0.00411,-0.000221,0.004331,-0.01355,0.015013,-0.028563,-0.101079,-0.00929,-0.091789,0.003275,0.007335,-0.00406
MGG.DE,2024-03-14,29.97,positive,Q5,0.031988,-0.000221,0.032209,0.045951,0.015013,0.030937,0.005331,-0.00929,0.014621,-0.049505,0.007335,-0.05684
ENI.DE,2024-03-14,-89.7,negative,Q1,-0.002377,-0.000221,-0.002156,0.006339,0.015013,-0.008674,0.074485,-0.00929,0.083775,-0.034865,0.007335,-0.0422
TMV.DE,2024-03-14,12.5,positive,Q4,-0.002961,-0.000221,-0.002739,0.013323,0.015013,-0.00169,-0.085862,-0.00929,-0.076572,-0.214656,0.007335,-0.221991
SDF.DE,2024-03-14,166.67,positive,Q5,-0.012841,-0.000221,-0.01262,0.038523,0.015013,0.02351,0.041734,-0.00929,0.051024,-0.014446,0.007335,-0.021781
FIV.DE,2024-03-14,-32.82,negative,Q2,0.013788,-0.000221,0.014009,0.051524,0.015013,0.036511,0.004935,-0.00929,0.014225,0.014949,0.007335,0.007614
DBK.DE,2024-03-14,91.67,positive,Q5,-0.00854,-0.000221,-0.008319,0.040373,0.015013,0.025359,0.064441,-0.00929,0.073731,0.106366,0.007335,0.099032
6D81.DE,2024-03-14,-184.58,negative,Q1,0.00704,-0.000221,0.007261,0.037802,0.015013,0.022789,0.009948,-0.00929,0.019238,0.109734,0.007335,0.102399
SFQ.DE,2024-03-14,-32.64,negative,Q2,-0.046512,-0.000221,-0.04629,-0.02743,0.015013,-0.042443,0.02266,-0.00929,0.031949,-0.020871,0.007335,-0.028205
W3U.DE,2024-03-14,-4.17,negative,Q3,0.220374,-0.000221,0.220596,0.240125,0.015013,0.225111,0.173597,-0.00929,0.182887,0.128898,0.007335,0.121563
GBF.DE,2024-03-14,35.63,positive,Q5,0.003872,-0.000221,0.004094,-0.030736,0.015013,-0.045749,-0.077686,-0.00929,-0.068396,0.116893,0.007335,0.109558
HLAG.DE,2024-03-14,-75.71,negative,Q1,-0.011307,-0.000221,-0.011086,0.010403,0.015013,-0.004611,0.17223,-0.00929,0.18152,0.476888,0.007335,0.469554
RWE.DE,2024-03-14,46.67,positive,Q5,-0.002405,-0.000221,-0.002183,0.004466,0.015013,-0.010548,0.021986,-0.00929,0.031276,0.098592,0.007335,0.091257
FFV.DE,2024-03-14,-24.64,negative,Q2,0.0029,-0.000221,0.003122,0.021752,0.015013,0.006738,-0.012181,-0.00929,-0.002891,-0.095418,0.007335,-0.102752
CBK.DE,2024-03-14,23.08,positive,Q5,-0.00353,-0.000221,-0.003309,0.045896,0.015013,0.030883,0.093557,-0.00929,0.102847,0.195057,0.007335,0.187723
MUM.DE,2024-03-14,-4.08,negative,Q3,0.043791,-0.000221,0.044012,0.077639,0.015013,0.062626,-0.013962,-0.00929,-0.004672,0.153163,0.007335,0.145828
HFG.DE,2024-03-15,-96.15,negative,Q1,-0.026125,0.003056,-0.029181,-0.037736,0.018326,-0.056062,-0.029028,-0.005313,-0.023714,-0.238026,0.011113,-0.249139
SZG.DE,2024-03-15,-90.85,negative,Q1,-0.009371,0.003056,-0.012427,0.023204,0.018326,0.004878,0.011156,-0.005313,0.016469,-0.161535,0.011113,-0.172648
VNA.DE,2024-03-15,-168.63,negative,Q1,0.017422,0.003056,0.014365,0.089721,0.018326,0.071395,0.008711,-0.005313,0.014024,0.100174,0.011113,0.089061
639.DE,2024-03-17,7.28,positive,Q4,0.014989,0.001537,0.013453,0.042827,0.022063,0.020763,0.111777,-0.013906,0.125683,0.25546,0.004471,0.250989
HNR1.DE,2024-03-18,8.62,positive,Q4,-0.007832,0.001537,-0.009368,-0.020746,0.022063,-0.042809,-0.100521,-0.013906,-0.086615,-0.056072,0.004471,-0.060543
FRA.DE,2024-03-19,25.76,positive,Q5,0.004362,0.00911,-0.004748,0.013918,0.025643,-0.011725,-0.054009,-0.008567,-0.045442,0.037806,0.013269,0.024537
XGR2.DE,2024-03-19,-12.5,negative,Q2,0.0119,0.00911,0.00279,0.068527,0.025643,0.042884,0.043496,-0.008567,0.052063,0.066065,0.013269,0.052796
TKA.DE,2024-03-19,-200.0,negative,Q1,0.012712,0.00911,0.003602,0.029661,0.025643,0.004018,-0.072034,-0.008567,-0.063467,-0.097458,0.013269,-0.110727
AG1.DE,2024-03-19,-233.33,negative,Q1,0.016746,0.00911,0.007636,0.088517,0.025643,0.062874,0.160287,-0.008567,0.168854,0.447368,0.013269,0.434099
TOTB.DE,2024-03-19,-5.42,negative,Q3,-0.003109,0.00911,-0.012219,-0.000518,0.025643,-0.026161,0.073921,-0.008567,0.082487,0.000691,0.013269,-0.012578
NNGF.DE,2024-03-19,40.85,positive,Q5,-0.008459,0.00911,-0.017569,-0.008459,0.025643,-0.034101,-0.015977,-0.008567,-0.007411,-0.029135,0.013269,-0.042405
SIE.DE,2024-03-19,1.01,positive,Q3,-0.00524,0.00911,-0.014351,0.006638,0.025643,-0.019005,-0.009899,-0.008567,-0.001332,-0.030802,0.013269,-0.044072
INH.DE,2024-03-20,-316.22,negative,Q1,0.029785,0.001468,0.028317,0.053438,0.017231,0.036208,0.031537,-0.002288,0.033826,0.057819,-0.000865,0.058684
RWL.DE,2024-03-20,-27.97,negative,Q2,-0.003742,0.001468,-0.00521,0.015045,0.017231,-0.002186,-0.025923,-0.002288,-0.023635,-0.086371,-0.000865,-0.085506
GRM.DE,2024-03-20,11.57,positive,Q4,0.022556,0.001468,0.021088,0.033835,0.017231,0.016604,0.065448,-0.002288,0.067736,0.006494,-0.000865,0.007359
MTE.DE,2024-03-20,380.5,positive,Q5,-0.025149,0.001468,-0.026617,0.060142,0.017231,0.042912,0.012087,-0.002288,0.014375,0.269519,-0.000865,0.270385
BCO.DE,2024-03-20,94.73,positive,Q5,0.012218,0.001468,0.010749,0.026049,0.017231,0.008818,-0.087828,-0.002288,-0.08554,-0.042646,-0.000865,-0.041781
IBE1.DE,2024-03-21,14.19,positive,Q4,-0.001878,0.003041,-0.004919,0.022535,0.00424,0.018295,0.011268,-0.00644,0.017707,0.102347,0.006572,0.095776
EVK.DE,2024-03-21,-62.5,negative,Q1,0.00566,0.003041,0.002619,0.025157,0.00424,0.020917,0.064151,-0.00644,0.070591,0.130189,0.006572,0.123617
BFSA.DE,2024-03-21,68.89,positive,Q5,-0.005812,0.003041,-0.008853,0.024957,0.00424,0.020717,0.024273,-0.00644,0.030713,-0.008547,0.006572,-0.015119
BMW3.DE,2024-03-21,-6.2,negative,Q3,0.010733,0.003041,0.007692,0.001028,0.00424,-0.003212,0.008678,-0.00644,0.015117,-0.093515,0.006572,-0.100086
FDX.DE,2024-03-21,1.25,positive,Q3,-0.020842,0.003041,-0.023883,-0.027867,0.00424,-0.032107,-0.03662,-0.00644,-0.03018,-0.086506,0.006572,-0.093078
BMW.DE,2024-03-21,-12.12,negative,Q2,0.020338,0.003041,0.017297,0.024212,0.00424,0.019972,0.023243,-0.00644,0.029683,-0.085763,0.006572,-0.092335
ENL.DE,2024-03-21,-153.56,negative,Q1,-0.001808,0.003041,-0.00485,-0.016275,0.00424,-0.020515,0.001808,-0.00644,0.008248,0.075949,0.006572,0.069378
NEM.DE,2024-03-21,7.89,positive,Q4,0.004716,0.003041,0.001675,-0.025938,0.00424,-0.030177,-0.079946,-0.00644,-0.073506,-0.009207,0.006572,-0.015779
PAH3.DE,2024-03-21,-55.33,negative,Q1,-0.006588,0.003041,-0.009629,-0.000682,0.00424,-0.004921,0.006815,-0.00644,0.013255,-0.075647,0.006572,-0.082219
4PN.DE,2024-03-21,-3.35,negative,Q3,-0.033035,0.003041,-0.036076,-0.02389,0.00424,-0.028129,-0.059164,-0.00644,-0.052724,0.115715,0.006572,0.109143
VOS.DE,2024-03-21,-26.39,negative,Q2,0.001156,0.003041,-0.001885,0.004393,0.00424,0.000153,-0.027746,-0.00644,-0.021306,0.090173,0.006572,0.083602
TLX.DE,2024-03-21,15.04,positive,Q4,-0.006961,0.003041,-0.010002,0.025178,0.00424,0.020938,-0.017476,-0.00644,-0.011037,0.078643,0.006572,0.072072
1COV.DE,2024-03-21,-53.12,negative,Q1,0.001582,0.003041,-0.00146,-0.002372,0.00424,-0.006612,-0.049229,-0.00644,-0.042789,0.064848,0.006572,0.058276
KRN.DE,2024-03-21,-8.82,negative,Q3,0.009946,0.003041,0.006905,0.050416,0.00424,0.046176,0.022378,-0.00644,0.028818,0.028552,0.006572,0.02198
BBZA.DE,2024-03-21,406.37,positive,Q5,-0.039271,0.003041,-0.042312,-0.082447,0.00424,-0.086687,-0.130831,-0.00644,-0.124391,-0.142113,0.006572,-0.148685
DTG.DE,2024-03-21,51.02,positive,Q5,0.007572,0.003041,0.004531,0.00284,0.00424,-0.0014,-0.078561,-0.00644,-0.072122,-0.160909,0.006572,-0.16748
UTDI.DE,2024-03-21,27.27,positive,Q5,-0.017771,0.003041,-0.020812,0.018309,0.00424,0.014069,0.072159,-0.00644,0.078599,-0.008078,0.006572,-0.014649
BSD2.DE,2024-03-22,10.75,positive,Q4,0.012136,0.006738,0.005398,0.043689,0.005827,0.037862,0.080097,-0.018839,0.098936,0.014563,-0.004583,0.019146
HAG.DE,2024-03-22,-50.63,negative,Q1,0.067679,0.006738,0.060941,0.074397,0.005827,0.06857,-0.076885,-0.018839,-0.058045,-0.142573,-0.004583,-0.13799
SGL.DE,2024-03-22,-269.23,negative,Q1,0.032159,0.006738,0.025422,0.075038,0.005827,0.069211,0.039816,-0.018839,0.058656,-0.01072,-0.004583,-0.006137
SYAB.DE,2024-03-25,-365.24,negative,Q1,0.03125,0.005045,0.026205,0.00947,0.001022,0.008448,-0.005682,-0.012148,0.006467,0.058712,-0.012462,0.071174
JST.DE,2024-03-26,-10.81,negative,Q2,0.002238,0.000833,0.001405,0.002238,-0.016347,0.018585,-0.03581,-0.019417,-0.016393,-0.066473,-0.014425,-0.052047
8GM.DE,2024-03-26,39.05,positive,Q5,0.019554,0.000833,0.018721,-0.012376,-0.016347,0.003971,0.044307,-0.019417,0.063724,0.044307,-0.014425,0.058732
AWC.DE,2024-03-26,7.7,positive,Q4,0.010835,0.000833,0.010002,-0.01784,-0.016347,-0.001493,0.022884,-0.019417,0.042301,0.088642,-0.014425,0.103067
SHL.DE,2024-03-26,11.36,positive,Q4,0.006065,0.000833,0.005232,-0.011579,-0.016347,0.004769,-0.046866,-0.019417,-0.027449,0.000551,-0.014425,0.014977
EVD.DE,2024-03-26,-35.05,negative,Q2,0.010382,0.000833,0.009549,0.044062,-0.016347,0.060409,0.017726,-0.019417,0.037143,-0.006331,-0.014425,0.008095
UPAB.DE,2024-03-26,-23.77,negative,Q2,0.013525,0.000833,0.012692,0.02705,-0.016347,0.043398,0.016183,-0.019417,0.0356,-0.05715,-0.014425,-0.042724
NOEJ.DE,2024-03-26,-77.8,negative,Q1,-0.01571,0.000833,-0.016543,0.019335,-0.016347,0.035683,0.06284,-0.019417,0.082257,0.017523,-0.014425,0.031948
FMC1.DE,2024-03-26,-209.96,negative,Q1,0.031835,0.000833,0.031002,0.029026,-0.016347,0.045374,-0.008427,-0.019417,0.01099,-0.025281,-0.014425,-0.010856
S92.DE,2024-03-27,465.22,positive,Q5,-0.066125,-0.011321,-0.054804,-0.062645,-0.009383,-0.053262,-0.076179,-0.0303,-0.04588,-0.502514,-0.0139,-0.488614
SIX2.DE,2024-03-27,-17.33,negative,Q2,-0.042679,-0.011321,-0.031357,0.005423,-0.009383,0.014806,-0.026409,-0.0303,0.003891,-0.244754,-0.0139,-0.230854
HMSB.DE,2024-03-27,67.01,positive,Q5,-0.037528,-0.011321,-0.026206,-0.018396,-0.009383,-0.009013,0.033113,-0.0303,0.063412,0.00883,-0.0139,0.02273
SMHN.DE,2024-03-27,85.98,positive,Q5,0.008022,-0.011321,0.019343,0.026003,-0.009383,0.035386,0.276349,-0.0303,0.306648,0.687967,-0.0139,0.701867
KMY.DE,2024-03-27,-2.16,negative,Q3,-0.000794,-0.011321,0.010527,-0.03106,-0.009383,-0.021676,0.064414,-0.0303,0.094714,0.095826,-0.0139,0.109726
JEN.DE,2024-03-27,-38.89,negative,Q1,0.006095,-0.011321,0.017417,-0.059161,-0.009383,-0.049778,-0.1237,-0.0303,-0.0934,-0.049839,-0.0139,-0.035939
SIX3.DE,2024-03-27,-17.33,negative,Q2,-0.039671,-0.011321,-0.028349,-0.011687,-0.009383,-0.002304,-0.044115,-0.0303,-0.013815,-0.19144,-0.0139,-0.177541
COK.DE,2024-03-28,-40.44,negative,Q1,0.063101,0.004627,0.058475,0.063871,-0.011291,0.075162,0.071181,-0.021147,0.092328,0.212774,-0.006513,0.219287
G24.DE,2024-03-28,19.12,positive,Q5,0.01941,0.004627,0.014784,-0.008001,-0.011291,0.00329,0.005038,-0.021147,0.026185,0.038376,-0.006513,0.044889
JUN3.DE,2024-03-28,0.91,positive,Q3,0.013084,0.004627,0.008457,0.107345,-0.011291,0.118636,-0.012191,-0.021147,0.008955,-0.104074,-0.006513,-0.097561
SRT3.DE,2024-03-28,11.76,positive,Q4,-0.012334,0.004627,-0.016961,-0.012053,-0.011291,-0.000761,-0.209935,-0.021147,-0.188788,-0.405846,-0.006513,-0.399334
SRT.DE,2024-03-28,-29.63,negative,Q2,0.0,0.004627,-0.004627,0.022496,-0.011291,0.033787,-0.170736,-0.021147,-0.149589,-0.352363,-0.006513,-0.34585
HDI.DE,2024-03-28,1.56,positive,Q3,-0.01809,0.004627,-0.022717,-0.025277,-0.011291,-0.013986,-0.08566,-0.021147,-0.064513,-0.068122,-0.006513,-0.06161
NMM.DE,2024-03-30,-58.82,negative,Q1,0.00997,0.001928,0.008042,0.058912,-0.014723,0.073635,0.103021,-0.019933,0.122954,0.13565,0.000371,0.135279
P911.DE,2024-03-30,4.94,positive,Q4,0.009948,0.001928,0.00802,0.011105,-0.014723,0.025827,-0.108386,-0.019933,-0.088454,-0.251359,0.000371,-0.25173
SHA0.DE,2024-03-31,92.45,positive,Q5,0.011029,0.001928,0.009102,0.034926,-0.014723,0.049649,-0.049632,-0.019933,-0.0297,-0.079044,0.000371,-0.079415
PCX.DE,2024-04-02,0.0,negative,Q3,-0.011287,0.001928,-0.013215,0.03778,-0.014723,0.052502,-0.002705,-0.019933,0.017228,-0.006716,0.000371,-0.007087
AG1.DE,2024-04-03,77.03,positive,Q5,0.010526,-0.012394,0.02292,0.037895,-0.024379,0.062274,0.054737,-0.012385,0.067122,0.273684,0.002573,0.271111
AIL.DE,2024-04-05,-18.12,negative,Q2,-0.003211,-0.013226,0.010014,0.001394,-0.015961,0.017355,-0.00818,0.009794,-0.017974,-0.026721,0.008542,-0.035263
2M6.DE,2024-04-07,-21.62,negative,Q2,-0.002325,0.00114,-0.003465,-0.030365,-0.017175,-0.013191,-0.006155,0.03374,-0.039895,-0.066202,0.021871,-0.088073
RNL.DE,2024-04-08,-94.69,negative,Q1,-0.003882,0.00114,-0.005022,-0.045935,-0.017175,-0.02876,-0.044857,0.03374,-0.078597,0.025232,0.021871,0.003361
2HQ.DE,2024-04-09,-80.12,negative,Q1,-0.073298,-0.007892,-0.065407,-0.146597,-0.018085,-0.128512,-0.052356,0.037329,-0.089685,-0.13089,0.007675,-0.138565
2HP.DE,2024-04-10,-35.41,negative,Q2,-0.002516,-0.001346,-0.00117,-0.033962,-0.006521,-0.027441,-0.034591,0.043874,-0.078465,0.184277,0.025216,0.159061
WMT.DE,2024-04-10,23.72,positive,Q5,0.012468,-0.001346,0.013814,-0.006144,-0.006521,0.000377,0.007589,0.043874,-0.036285,0.150163,0.025216,0.124947
TCO0.DE,2024-04-10,3.02,positive,Q3,-0.006536,-0.001346,-0.00519,0.006536,-0.006521,0.013057,0.101307,0.043874,0.057433,0.163399,0.025216,0.138183
GXI.DE,2024-04-11,-6.51,negative,Q3,-0.005089,0.005369,-0.010457,-0.006004,-0.010762,0.004757,0.010075,0.043842,-0.033767,0.067678,0.033699,0.033978
FAS.DE,2024-04-11,-1.81,negative,Q3,-0.015123,0.005369,-0.020491,-0.043478,-0.010762,-0.032717,-0.05104,0.043842,-0.094882,-0.098929,0.033699,-0.132628
NWT.DE,2024-04-12,20.45,positive,Q5,-0.025255,-0.014443,-0.010813,0.056487,-0.009196,0.065684,0.065741,0.046752,0.018989,-0.042414,0.04003,-0.082443
TRVC.DE,2024-04-12,49.54,positive,Q5,-0.031737,-0.014443,-0.017294,0.010262,-0.009196,0.019459,0.065945,0.046752,0.019192,0.058343,0.04003,0.018313
BLQA.DE,2024-04-12,11.94,positive,Q4,-0.01228,-0.014443,0.002162,-0.024281,-0.009196,-0.015084,0.03793,0.046752,-0.008822,0.061037,0.04003,0.021008
CMC.DE,2024-04-12,10.85,positive,Q4,-0.020329,-0.014443,-0.005887,0.013831,-0.009196,0.023027,0.064922,0.046752,0.01817,0.099201,0.04003,0.059171
GOS.DE,2024-04-15,40.1,positive,Q5,0.008802,0.000213,0.008589,0.052149,0.020906,0.031243,0.145099,0.054743,0.090356,0.194342,0.046417,0.147925
JNJ.DE,2024-04-16,-49.19,negative,Q1,0.000936,0.003792,-0.002856,0.016843,0.017934,-0.00109,0.044448,0.052583,-0.008135,0.027838,0.042094,-0.014255
DWD.DE,2024-04-16,26.45,positive,Q5,0.001863,0.003792,-0.001928,0.027578,0.017934,0.009644,0.092671,0.052583,0.040088,0.167453,0.042094,0.12536
MOH.DE,2024-04-16,-8.04,negative,Q3,-0.007829,0.003792,-0.011621,0.004583,0.017934,-0.013351,-0.016268,0.052583,-0.068851,-0.130078,0.042094,-0.172172
UNH.DE,2024-04-16,-123.24,negative,Q1,0.035661,0.003792,0.031869,0.010951,0.017934,-0.006982,0.073968,0.052583,0.021385,0.120074,0.042094,0.07798
INP.DE,2024-04-16,-27.46,negative,Q2,0.0,0.003792,-0.003792,-0.061359,0.017934,-0.079293,0.09849,0.052583,0.045907,0.228446,0.042094,0.186352
NCB.DE,2024-04-16,9.65,positive,Q4,0.015605,0.003792,0.011814,0.076779,0.017934,0.058845,0.086767,0.052583,0.034184,0.216292,0.042094,0.174198
BEI.DE,2024-04-16,-11.26,negative,Q2,0.012287,0.003792,0.008495,0.042397,0.017934,0.024463,0.088282,0.052583,0.035699,0.021691,0.042094,-0.020403
ERCB.DE,2024-04-16,253.14,positive,Q5,0.024831,0.003792,0.021039,0.056433,0.017934,0.0385,0.124153,0.052583,0.071571,0.318284,0.042094,0.276191
ASME.DE,2024-04-17,69.42,positive,Q5,-0.022744,-0.005608,-0.017136,-0.007138,0.004478,-0.011616,0.031092,0.052225,-0.021134,0.040165,0.033632,0.006533
PA9.DE,2024-04-17,-1.32,negative,Q3,0.018977,-0.005608,0.024585,0.008579,0.004478,0.0041,0.006811,0.052225,-0.045414,0.027087,0.033632,-0.006544
2KD.DE,2024-04-17,-0.98,negative,Q3,0.029247,-0.005608,0.034856,0.029247,0.004478,0.024769,0.079652,0.052225,0.027426,0.116366,0.033632,0.082734
CIS.DE,2024-04-17,-22.97,negative,Q2,0.004393,-0.005608,0.010002,-0.00763,0.004478,-0.012108,-0.030289,0.052225,-0.082514,-0.017572,0.033632,-0.051204
LCR.DE,2024-04-17,6.82,positive,Q4,-0.064734,-0.005608,-0.059125,-0.070353,0.004478,-0.074831,-0.050348,0.052225,-0.102574,-0.134187,0.033632,-0.167819
ABL.DE,2024-04-17,-26.44,negative,Q2,0.017317,-0.005608,0.022925,0.007511,0.004478,0.003033,-0.035573,0.052225,-0.087798,-0.021803,0.033632,-0.055434
DC7.DE,2024-04-17,-58.18,negative,Q1,0.001742,-0.005608,0.007351,0.00871,0.004478,0.004232,-0.016288,0.052225,-0.068513,0.11384,0.033632,0.080209
UB5.DE,2024-04-17,1.42,positive,Q3,-0.005495,-0.005608,0.000114,0.012363,0.004478,0.007884,0.013736,0.052225,-0.038489,0.074451,0.033632,0.040819
185.DE,2024-04-17,-120.51,negative,Q1,0.012462,-0.005608,0.01807,-0.021581,0.004478,-0.026059,0.144681,0.052225,0.092456,0.040122,0.033632,0.00649
BSN.DE,2024-04-18,-120.08,negative,Q1,0.006626,0.006959,-0.000333,-0.020953,0.023885,-0.044837,0.044592,0.055781,-0.011189,0.025072,0.034808,-0.009736
NOA3.DE,2024-04-18,7.99,positive,Q4,0.057508,0.006959,0.050549,0.047923,0.023885,0.024039,0.076677,0.055781,0.020897,0.028754,0.034808,-0.006054
SRT3.DE,2024-04-18,-4.72,negative,Q3,0.005911,0.006959,-0.001049,0.068492,0.023885,0.044607,-0.004027,0.055781,-0.059807,-0.091655,0.034808,-0.126463
SRT.DE,2024-04-18,-29.63,negative,Q2,0.018808,0.006959,0.011849,0.068239,0.023885,0.044354,0.009404,0.055781,-0.046377,-0.074855,0.034808,-0.109663
MUM.DE,2024-04-18,5.0,positive,Q4,0.019462,0.006959,0.012502,0.035197,0.023885,0.011312,0.144513,0.055781,0.088733,0.108489,0.034808,0.073681
NFC.DE,2024-04-18,17.2,positive,Q4,-0.005335,0.006959,-0.012295,-0.006669,0.023885,-0.030554,0.133765,0.055781,0.077985,0.120998,0.034808,0.086191
AEC1.DE,2024-04-19,14.6,positive,Q4,0.028996,0.0155,0.013495,0.021594,0.014418,0.007175,0.034795,0.045877,-0.011082,0.023008,0.01742,0.005588
PRG.DE,2024-04-19,7.63,positive,Q4,0.000961,0.0155,-0.01454,-0.004667,0.014418,-0.019085,0.029513,0.045877,-0.016364,0.035003,0.01742,0.017584
7HP.DE,2024-04-22,-23.5,negative,Q2,0.024878,-0.002699,0.027577,0.017537,-0.011329,0.028866,0.182708,0.030526,0.152182,0.343393,0.014854,0.328539
BAC.DE,2024-04-22,-2.88,negative,Q3,-0.017185,-0.002699,-0.014486,-0.007111,-0.011329,0.004218,-0.021037,0.030526,-0.051563,-0.021926,0.014854,-0.03678
DB1.DE,2024-04-23,2.27,positive,Q3,0.004129,-0.009477,0.013606,0.011584,-0.010625,0.022209,0.042436,0.033428,0.009008,0.062794,0.025928,0.036866
4I1.DE,2024-04-23,-0.77,negative,Q3,0.010371,-0.009477,0.019848,-0.007144,-0.010625,0.003481,0.007144,0.033428,-0.026284,0.123185,0.025928,0.097257
HAL.DE,2024-04-23,-8.26,negative,Q3,-0.007808,-0.009477,0.001669,-0.05321,-0.010625,-0.042585,-0.080682,0.033428,-0.114111,-0.150954,0.025928,-0.176882
KMY.DE,2024-04-23,17.88,positive,Q4,-0.002312,-0.009477,0.007165,-0.000908,-0.010625,0.009717,-0.051106,0.033428,-0.084534,0.003055,0.025928,-0.022873
3V64.DE,2024-04-23,-5.75,negative,Q3,-0.01217,-0.009477,-0.002694,-0.034202,-0.010625,-0.023577,-0.021523,0.033428,-0.054951,-0.052712,0.025928,-0.07864
PEP.DE,2024-04-23,-2.13,negative,Q3,0.01469,-0.009477,0.024166,0.005889,-0.010625,0.016514,0.010419,0.033428,-0.023009,-0.049117,0.025928,-0.075044
8GM.DE,2024-04-23,21.32,positive,Q5,0.008468,-0.009477,0.017945,-0.000726,-0.010625,0.0099,-0.029519,0.033428,-0.062947,0.056859,0.025928,0.030932
MTT.DE,2024-04-23,34.37,positive,Q5,-0.043646,-0.009477,-0.03417,-0.051381,-0.010625,-0.040756,-0.109945,0.033428,-0.143373,-0.122652,0.025928,-0.14858
UPAB.DE,2024-04-23,1.68,positive,Q3,-0.005122,-0.009477,0.004354,-0.001707,-0.010625,0.008918,-0.060924,0.033428,-0.094352,-0.139309,0.025928,-0.165237
TII.DE,2024-04-23,12.68,positive,Q4,-0.023656,-0.009477,-0.014179,-0.009079,-0.010625,0.001547,0.120964,0.033428,0.087536,0.120133,0.025928,0.094205
FIV.DE,2024-04-23,-30.72,negative,Q2,0.00028,-0.009477,0.009757,-0.024951,-0.010625,-0.014326,-0.029437,0.033428,-0.062865,0.021727,0.025928,-0.004201
XER2.DE,2024-04-23,-358.37,negative,Q1,-0.014412,-0.009477,-0.004935,-0.068855,-0.010625,-0.05823,-0.051241,0.033428,-0.084669,-0.176942,0.025928,-0.202869
5UR.DE,2024-04-23,4.39,positive,Q4,0.010026,-0.009477,0.019503,0.010798,-0.010625,0.021423,0.047708,0.033428,0.01428,0.034707,0.025928,0.008779
PPX.DE,2024-04-23,-11.41,negative,Q2,0.003355,-0.009477,0.012831,0.020877,-0.010625,0.031503,0.050386,0.033428,0.016958,-0.004886,0.025928,-0.030813
TL0.DE,2024-04-23,-33.88,negative,Q2,0.024907,-0.009477,0.034384,0.113275,-0.010625,0.1239,0.089693,0.033428,0.056265,0.518945,0.025928,0.493018
LOM.DE,2024-04-23,10.39,positive,Q4,-0.001026,-0.009477,0.00845,0.001417,-0.010625,0.012043,-0.00022,0.033428,-0.033648,0.052808,0.025928,0.02688
68V.DE,2024-04-23,15.34,positive,Q4,-0.019237,-0.009477,-0.009761,-0.050746,-0.010625,-0.040121,-0.054063,0.033428,-0.087491,0.049088,0.025928,0.02316
639.DE,2024-04-23,54.97,positive,Q5,-0.003025,-0.009477,0.006451,0.022121,-0.010625,0.032747,0.071469,0.033428,0.038041,0.158064,0.025928,0.132136
FPMB.DE,2024-04-23,23.1,positive,Q5,0.012131,-0.009477,0.021608,0.019913,-0.010625,0.030538,0.066148,0.033428,0.03272,-0.066377,0.025928,-0.092305
CAR.DE,2024-04-24,-17.04,negative,Q2,0.014631,0.013603,0.001027,-0.004389,0.004706,-0.009095,0.055596,0.047855,0.007741,-0.02414,0.026242,-0.050382
IBE1.DE,2024-04-24,80.88,positive,Q5,0.015009,0.013603,0.001406,0.012195,0.004706,0.007489,0.085366,0.047855,0.037511,0.071295,0.026242,0.045053
KC4.DE,2024-04-24,-0.05,negative,Q3,0.029338,0.013603,0.015735,0.060496,0.004706,0.05579,0.106436,0.047855,0.058581,0.035251,0.026242,0.00901
ALD.DE,2024-04-24,3.42,positive,Q4,-0.021479,0.013603,-0.035082,-0.011788,0.004706,-0.016494,0.012808,0.047855,-0.035047,0.08671,0.026242,0.060468
C9F.DE,2024-04-24,11.68,positive,Q4,0.026348,0.013603,0.012744,0.008783,0.004706,0.004076,0.006027,0.047855,-0.041828,-0.176167,0.026242,-0.202408
KLA.DE,2024-04-24,5.64,positive,Q4,0.068108,0.013603,0.054505,0.056106,0.004706,0.0514,0.173488,0.047855,0.125633,0.159346,0.026242,0.133104
ENI.DE,2024-04-24,-26.26,negative,Q2,0.001481,0.013603,-0.012122,-0.035556,0.004706,-0.040262,-0.02963,0.047855,-0.077485,-0.063704,0.026242,-0.089945
HNK1.DE,2024-04-24,-26.98,negative,Q2,-0.011755,0.013603,-0.025358,-0.010851,0.004706,-0.015557,0.03617,0.047855,-0.011685,-0.025545,0.026242,-0.051787
BCO.DE,2024-04-24,65.58,positive,Q5,0.033117,0.013603,0.019514,0.100808,0.004706,0.096102,0.069546,0.047855,0.021691,0.118426,0.026242,0.092184
GDX.DE,2024-04-24,-0.74,negative,Q3,-0.001669,0.013603,-0.015273,0.004154,0.004706,-0.000552,0.035214,0.047855,-0.012641,0.020888,0.026242,-0.005354
IBM.DE,2024-04-24,8.11,positive,Q4,0.003313,0.013603,-0.01029,-0.013724,0.004706,-0.01843,0.028664,0.047855,-0.019191,0.09566,0.026242,0.069418
SOBA.DE,2024-04-24,-9.63,negative,Q2,0.011773,0.013603,-0.00183,0.00554,0.004706,0.000834,0.031856,0.047855,-0.015999,0.146122,0.026242,0.11988
NFS.DE,2024-04-24,-90.68,negative,Q1,0.0,0.013603,-0.013603,-0.021084,0.004706,-0.02579,-0.056971,0.047855,-0.104826,-0.083922,0.026242,-0.110163
FB2A.DE,2024-04-24,9.5,positive,Q4,0.019421,0.013603,0.005818,0.043096,0.004706,0.03839,0.095252,0.047855,0.047397,0.080386,0.026242,0.054145
BM8.DE,2024-04-24,43.25,positive,Q5,-0.016364,0.013603,-0.029967,-0.003117,0.004706,-0.007823,-0.096883,0.047855,-0.144738,0.016883,0.026242,-0.009359
W3U.DE,2024-04-24,1.53,positive,Q3,0.012007,0.013603,-0.001596,0.000858,0.004706,-0.003848,-0.036878,0.047855,-0.084733,-0.054031,0.026242,-0.080273
FMC1.DE,2024-04-24,-22.2,negative,Q2,0.009363,0.013603,-0.00424,-0.026217,0.004706,-0.030923,-0.037453,0.047855,-0.085308,0.081461,0.026242,0.055219
UWS.DE,2024-04-24,17.27,positive,Q4,0.008878,0.013603,-0.004725,-0.019114,0.004706,-0.02382,-0.01666,0.047855,-0.064515,0.030499,0.026242,0.004257
GIS.DE,2024-04-25,-124.85,negative,Q1,0.013898,-0.002351,0.016249,-0.025051,0.000782,-0.025833,-0.031057,0.02846,-0.059517,0.150137,0.007583,0.142554
PHM7.DE,2024-04-25,6.6,positive,Q4,-0.001642,-0.002351,0.000709,-0.012315,0.000782,-0.013097,0.022167,0.02846,-0.006292,0.146689,0.007583,0.139106
ZEG.DE,2024-04-25,-26.55,negative,Q2,0.007107,-0.002351,0.009457,0.000366,0.000782,-0.000416,0.006447,0.02846,-0.022012,0.017803,0.007583,0.010221
BAS.DE,2024-04-25,28.03,positive,Q5,0.004746,-0.002351,0.007097,0.013376,0.000782,0.012595,-0.012513,0.02846,-0.040973,-0.083064,0.007583,-0.090646
2OY.DE,2024-04-25,62.88,positive,Q5,-0.001043,-0.002351,0.001308,-0.018773,0.000782,-0.019555,-0.003129,0.02846,-0.031589,-0.105966,0.007583,-0.113549
DWS.DE,2024-04-25,-10.98,negative,Q2,-0.003337,-0.002351,-0.000987,0.021238,0.000782,0.020456,0.064017,0.02846,0.035557,-0.044296,0.007583,-0.051879
ABEC.DE,2024-04-25,25.71,positive,Q5,-0.028502,-0.002351,-0.026152,-0.033594,0.000782,-0.034376,0.008135,0.02846,-0.020325,-0.011488,0.007583,-0.019071
HRS.DE,2024-04-25,-48.7,negative,Q1,0.008523,-0.002351,0.010874,-0.005289,0.000782,-0.006071,0.0191,0.02846,-0.009359,0.133344,0.007583,0.125761
HAR.DE,2024-04-25,14.29,positive,Q4,0.025865,-0.002351,0.028215,0.021662,0.000782,0.02088,0.004526,0.02846,-0.023933,0.030715,0.007583,0.023132
BCY.DE,2024-04-25,32.15,positive,Q5,-0.00431,-0.002351,-0.00196,-0.008621,0.000782,-0.009403,0.077586,0.02846,0.049126,0.12069,0.007583,0.113107
DRW3.DE,2024-04-25,-22.12,negative,Q2,0.035793,-0.002351,0.038143,0.027668,0.000782,0.026886,0.045015,0.02846,0.016556,0.023715,0.007583,0.016133
ALD.DE,2024-04-25,2.99,positive,Q3,0.00446,-0.002351,0.00681,0.008688,0.000782,0.007906,0.035156,0.02846,0.006696,0.050678,0.007583,0.043095
MSF.DE,2024-04-25,4.2,positive,Q4,-0.023498,-0.002351,-0.021148,-0.007304,0.000782,-0.008085,0.031013,0.02846,0.002554,0.020032,0.007583,0.012449
PER.DE,2024-04-25,1.98,positive,Q3,-0.003861,-0.002351,-0.00151,-0.009421,0.000782,-0.010203,-0.022085,0.02846,-0.050545,-0.097297,0.007583,-0.10488
KGX.DE,2024-04-25,9.2,positive,Q4,0.010407,-0.002351,0.012757,0.014901,0.000782,0.014119,0.055109,0.02846,0.026649,-0.107616,0.007583,-0.115199
AIXA.DE,2024-04-25,-16.67,negative,Q2,-0.041479,-0.002351,-0.039128,-0.025248,0.000782,-0.02603,-0.028404,0.02846,-0.056864,-0.127592,0.007583,-0.135175
BRM.DE,2024-04-25,-33.98,negative,Q2,-0.012726,-0.002351,-0.010375,-0.035632,0.000782,-0.036414,-0.110206,0.02846,-0.138666,0.002545,0.007583,-0.005038
INL.DE,2024-04-25,-165.7,negative,Q1,-0.019661,-0.002351,-0.01731,-0.031864,0.000782,-0.032646,-0.037627,0.02846,-0.066087,-0.033559,0.007583,-0.041142
RPL.DE,2024-04-25,37.95,positive,Q5,0.015666,-0.002351,0.018016,0.044713,0.000782,0.043931,0.069517,0.02846,0.041057,-0.08453,0.007583,-0.092113
UNP.DE,2024-04-25,7.76,positive,Q4,0.001366,-0.002351,0.003717,-0.015708,0.000782,-0.01649,-0.059964,0.02846,-0.088424,-0.029413,0.007583,-0.036996
KLA.DE,2024-04-25,-10.63,negative,Q2,0.003345,-0.002351,0.005695,0.003807,0.000782,0.003025,0.103839,0.02846,0.07538,0.077205,0.007583,0.069622
NVJP.DE,2024-04-25,-14.81,negative,Q2,0.00497,-0.002351,0.007321,0.057654,0.000782,0.056872,-0.108847,0.02846,-0.137307,-0.33996,0.007583,-0.347543
REP.DE,2024-04-25,94.15,positive,Q5,0.018505,-0.002351,0.020855,-0.010363,0.000782,-0.011145,0.015544,0.02846,-0.012916,-0.086603,0.007583,-0.094185
HMI.DE,2024-04-25,18.43,positive,Q5,-0.01075,-0.002351,-0.008399,-0.011303,0.000782,-0.012085,-0.053855,0.02846,-0.082315,-0.125069,0.007583,-0.132651
RDEB.DE,2024-04-25,-16.44,negative,Q2,-0.006117,-0.002351,-0.003766,0.016489,0.000782,0.015707,0.07234,0.02846,0.043881,0.074202,0.007583,0.066619
SY1.DE,2024-04-25,-36.19,negative,Q2,0.001331,-0.002351,0.003682,0.012902,0.000782,0.01212,0.084579,0.02846,0.056119,0.15042,0.007583,0.142837
WDC.DE,2024-04-25,-81.97,negative,Q1,-0.023455,-0.002351,-0.021105,0.007668,0.000782,0.006886,0.047361,0.02846,0.018901,-0.073673,0.007583,-0.081256
DBK.DE,2024-04-25,-22.22,negative,Q2,-0.086372,-0.002351,-0.084022,-0.056302,0.000782,-0.057084,-0.024952,0.02846,-0.053412,-0.102367,0.007583,-0.10995
VOS.DE,2024-04-25,50.0,positive,Q5,-0.003422,-0.002351,-0.001072,0.032854,0.000782,0.032072,0.050878,0.02846,0.022419,0.134155,0.007583,0.126572
CAT1.DE,2024-04-25,190.76,positive,Q5,0.014045,-0.002351,0.016395,-0.014045,0.000782,-0.014827,-0.001557,0.02846,-0.030017,-0.014362,0.007583,-0.021945
6MK.DE,2024-04-25,-0.57,negative,Q3,-0.004866,-0.002351,-0.002516,-0.040639,0.000782,-0.041421,-0.05686,0.02846,-0.08532,-0.038163,0.007583,-0.045746
SGM.DE,2024-04-25,-11.52,negative,Q2,-0.017843,-0.002351,-0.015492,-0.040672,0.000782,-0.041454,-0.008922,0.02846,-0.037381,-0.173445,0.007583,-0.181028
CTP2.DE,2024-04-25,-2.39,negative,Q3,0.036714,-0.002351,0.039064,0.029792,0.000782,0.02901,0.015649,0.02846,-0.012811,0.028288,0.007583,0.020705
SND.DE,2024-04-25,-11.62,negative,Q2,-0.006655,-0.002351,-0.004304,0.010838,0.000782,0.010056,0.080335,0.02846,0.051875,0.009602,0.007583,0.002019
ABEA.DE,2024-04-25,25.71,positive,Q5,-0.025916,-0.002351,-0.023566,-0.033509,0.000782,-0.034291,0.010103,0.02846,-0.018357,-0.012362,0.007583,-0.019945
AIR.DE,2024-04-25,-8.27,negative,Q3,-0.00742,-0.002351,-0.00507,-0.002669,0.000782,-0.003451,0.008657,0.02846,-0.019803,-0.178871,0.007583,-0.186454
WCH.DE,2024-04-25,43.55,positive,Q5,0.013451,-0.002351,0.015802,0.020925,0.000782,0.020143,0.058824,0.02846,0.030364,0.040888,0.007583,0.033305
HFG.DE,2024-04-25,-3.23,negative,Q3,-0.013353,-0.002351,-0.011003,-0.086053,0.000782,-0.086835,-0.176558,0.02846,-0.205018,-0.158754,0.007583,-0.166336
AHC.DE,2024-04-25,86.08,positive,Q5,0.000924,-0.002351,0.003275,-0.025677,0.000782,-0.026459,-0.07703,0.02846,-0.10549,-0.090033,0.007583,-0.097616
TM5.DE,2024-04-25,7.51,positive,Q4,0.010554,-0.002351,0.012905,-0.006833,0.000782,-0.007615,0.012516,0.02846,-0.015944,0.077194,0.007583,0.069611
AZ2.DE,2024-04-25,-2.78,negative,Q3,0.01642,-0.002351,0.018771,0.02311,0.000782,0.022328,0.073586,0.02846,0.045126,0.096696,0.007583,0.089113
UNVB.DE,2024-04-25,-5.69,negative,Q3,0.002209,-0.002351,0.00456,0.009501,0.000782,0.008719,0.052585,0.02846,0.024125,0.160627,0.007583,0.153045
4PN.DE,2024-04-25,-41.22,negative,Q1,0.025275,-0.002351,0.027626,0.054703,0.000782,0.053921,0.064091,0.02846,0.035631,0.056869,0.007583,0.049287
R66.DE,2024-04-26,-21.08,negative,Q2,-0.024494,-0.010274,-0.01422,-0.044649,0.017205,-0.061854,-0.076131,0.019592,-0.095723,-0.067819,0.016515,-0.084334
4AB.DE,2024-04-26,-65.65,negative,Q1,0.016428,-0.010274,0.026702,0.017774,0.017205,0.000568,-0.036822,0.019592,-0.056414,0.161025,0.016515,0.14451
8TRA.DE,2024-04-26,19.05,positive,Q5,-0.033398,-0.010274,-0.023123,-0.039178,0.017205,-0.056383,-0.101477,0.019592,-0.121069,-0.119782,0.016515,-0.136297
CPA.DE,2024-04-26,2.26,positive,Q3,0.002951,-0.010274,0.013225,0.030374,0.017205,0.013169,0.008239,0.019592,-0.011353,0.092843,0.016515,0.076328
TOTB.DE,2024-04-26,17.19,positive,Q4,-0.011927,-0.010274,-0.001653,-0.035782,0.017205,-0.052987,-0.055399,0.019592,-0.07499,-0.094476,0.016515,-0.110991
XONA.DE,2024-04-26,-5.91,negative,Q3,0.00162,-0.010274,0.011895,-0.028882,0.017205,-0.046087,-0.051759,0.019592,-0.07135,-0.025736,0.016515,-0.042252
CHV.DE,2024-04-26,2.21,positive,Q3,-0.010508,-0.010274,-0.000234,-0.02881,0.017205,-0.046015,-0.053653,0.019592,-0.073245,-0.055741,0.016515,-0.072256
QIA.DE,2024-04-29,-24.27,negative,Q2,0.013074,-0.001989,0.015063,0.02384,0.031575,-0.007735,0.005127,0.031486,-0.026359,0.049474,0.021665,0.02781
PHI1.DE,2024-04-29,-498.61,negative,Q1,-0.015306,-0.001989,-0.013317,-0.043367,0.031575,-0.074942,0.033588,0.031486,0.002102,0.102891,0.021665,0.081226
690D.DE,2024-04-29,16.67,positive,Q4,0.029197,-0.001989,0.031186,0.029197,0.031575,-0.002378,0.029197,0.031486,-0.002289,0.0,0.021665,-0.021665
FFV.DE,2024-04-29,-30.08,negative,Q2,-0.015645,-0.001989,-0.013656,0.020754,0.031575,-0.010822,-0.016603,0.031486,-0.048089,0.049489,0.021665,0.027824
BOY.DE,2024-04-29,9.82,positive,Q4,-0.033405,-0.001989,-0.031416,0.018319,0.031575,-0.013256,-0.015086,0.031486,-0.046573,-0.008621,0.021665,-0.030286
LLY.DE,2024-04-30,0.87,positive,Q3,-0.042636,0.005873,-0.048508,0.007582,0.044148,-0.036567,0.059616,0.033607,0.02601,0.030951,0.028759,0.002192
KTF.DE,2024-04-30,17.86,positive,Q4,-0.019297,0.005873,-0.02517,-0.013806,0.044148,-0.057954,-0.0524,0.033607,-0.086007,-0.054911,0.028759,-0.083669
CCC3.DE,2024-04-30,5.88,positive,Q4,-0.010521,0.005873,-0.016393,0.004535,0.044148,-0.039614,-0.015418,0.033607,-0.049025,0.081081,0.028759,0.052322
AMD.DE,2024-04-30,-87.77,negative,Q1,0.021201,0.005873,0.015328,0.050852,0.044148,0.006704,0.107487,0.033607,0.07388,-0.061082,0.028759,-0.089841
ADS.DE,2024-04-30,-20.0,negative,Q2,0.004474,0.005873,-0.001399,-0.003118,0.044148,-0.047267,0.03665,0.033607,0.003044,0.059472,0.028759,0.030713
AXJ.DE,2024-04-30,-74.08,negative,Q1,0.005779,0.005873,-9.4e-05,0.033805,0.044148,-0.010343,0.061832,0.033607,0.028225,0.130309,0.028759,0.10155
SRB.DE,2024-04-30,-14.23,negative,Q2,-0.015868,0.005873,-0.021741,0.005894,0.044148,-0.038254,0.064531,0.033607,0.030924,0.006952,0.028759,-0.021807
1COV.DE,2024-04-30,-35.71,negative,Q2,0.004235,0.005873,-0.001637,0.033037,0.044148,-0.011111,0.045955,0.033607,0.012349,0.157984,0.028759,0.129225
2PP.DE,2024-04-30,-31.77,negative,Q2,-0.021697,0.005873,-0.02757,-0.04243,0.044148,-0.086578,-0.069913,0.033607,-0.10352,-0.049984,0.028759,-0.078743
ADM.DE,2024-04-30,-1.57,negative,Q3,-0.004074,0.005873,-0.009946,0.048691,0.044148,0.004542,0.034918,0.033607,0.001311,0.036081,0.028759,0.007323
LHA.DE,2024-04-30,-24.49,negative,Q2,-0.001605,0.005873,-0.007478,0.028892,0.044148,-0.015256,-0.017656,0.033607,-0.051263,-0.097913,0.028759,-0.126672
BSD2.DE,2024-04-30,-4.06,negative,Q3,-0.006865,0.005873,-0.012738,0.038902,0.044148,-0.005247,0.05492,0.033607,0.021313,-0.01373,0.028759,-0.042489
MTX.DE,2024-04-30,1.38,positive,Q3,0.027244,0.005873,0.021371,0.074171,0.044148,0.030023,0.046236,0.033607,0.01263,0.189093,0.028759,0.160335
VOW.DE,2024-04-30,-6.34,negative,Q3,0.008361,0.005873,0.002488,0.028012,0.044148,-0.016136,0.06111,0.033607,0.027504,-0.111274,0.028759,-0.140033
MDO.DE,2024-04-30,-1.98,negative,Q3,-0.025271,0.005873,-0.031143,-0.033221,0.044148,-0.077369,-0.083763,0.033607,-0.117369,-0.044903,0.028759,-0.073662
EX9.DE,2024-04-30,-44.83,negative,Q1,-0.01457,0.005873,-0.020443,-0.022827,0.044148,-0.066975,-0.031083,0.033607,-0.06469,0.045653,0.028759,0.016895
EBO.DE,2024-04-30,11.31,positive,Q4,-0.00273,0.005873,-0.008603,0.022586,0.044148,-0.021562,0.071234,0.033607,0.037627,0.14619,0.028759,0.117431
MBG.DE,2024-04-30,8.33,positive,Q4,0.009421,0.005873,0.003549,0.039835,0.044148,-0.004314,0.010083,0.033607,-0.023524,-0.062479,0.028759,-0.091238
OMV.DE,2024-04-30,-19.89,negative,Q2,0.002272,0.005873,-0.003601,0.061346,0.044148,0.017198,0.041465,0.033607,0.007859,-0.016473,0.028759,-0.045231
NEM.DE,2024-04-30,-5.13,negative,Q3,0.040646,0.005873,0.034774,0.054405,0.044148,0.010257,0.049861,0.033607,0.016255,0.082555,0.028759,0.053796
DEZ.DE,2024-04-30,-50.17,negative,Q1,-0.00789,0.005873,-0.013762,0.033531,0.044148,-0.010618,0.005917,0.033607,-0.027689,0.025641,0.028759,-0.003118
FPE.DE,2024-04-30,5.45,positive,Q4,-0.00158,0.005873,-0.007453,0.02086,0.044148,-0.023289,0.054678,0.033607,0.021071,-0.029393,0.028759,-0.058152
HBC1.DE,2024-04-30,74.97,positive,Q5,0.0,0.005873,-0.005873,-0.014512,0.044148,-0.05866,0.002639,0.033607,-0.030968,-0.010554,0.028759,-0.039313
VNA.DE,2024-04-30,-12.2,negative,Q2,0.031213,0.005873,0.02534,0.04109,0.044148,-0.003058,0.090873,0.033607,0.057267,0.090083,0.028759,0.061324
MMM.DE,2024-04-30,-20.51,negative,Q2,-0.008088,0.005873,-0.013961,-0.01424,0.044148,-0.058388,0.007974,0.033607,-0.025632,0.290271,0.028759,0.261512
VOW3.DE,2024-04-30,-4.24,negative,Q3,0.010078,0.005873,0.004205,0.026706,0.044148,-0.017443,0.087272,0.033607,0.053665,-0.016225,0.028759,-0.044984
PAE.DE,2024-04-30,3.43,positive,Q4,-0.016397,0.005873,-0.02227,0.022744,0.044148,-0.021404,-0.003914,0.033607,-0.037521,-0.088332,0.028759,-0.11709
FPE3.DE,2024-04-30,1.75,positive,Q3,0.003655,0.005873,-0.002218,0.019737,0.044148,-0.024411,0.054337,0.033607,0.020731,-0.051901,0.028759,-0.080659
AMZ.DE,2024-04-30,16.67,positive,Q4,0.019222,0.005873,0.013349,0.045401,0.044148,0.001253,-0.050354,0.033607,-0.08396,-0.005896,0.028759,-0.034655
COZ.DE,2024-05-01,-0.97,negative,Q3,-0.002158,0.009644,-0.011803,0.006807,0.042843,-0.036036,-0.02175,0.033695,-0.055445,0.138469,0.028167,0.110302
EBA.DE,2024-05-01,-29.28,negative,Q2,-0.003567,0.009644,-0.013211,0.022292,0.042843,-0.020552,0.068658,0.033695,0.034963,0.110566,0.028167,0.082399
ALS.DE,2024-05-01,16.76,positive,Q4,0.009617,0.009644,-2.8e-05,0.025317,0.042843,-0.017526,-0.029831,0.033695,-0.063526,0.021719,0.028167,-0.006448
QCI.DE,2024-05-01,-11.11,negative,Q2,0.015068,0.009644,0.005424,0.019507,0.042843,-0.023336,0.14643,0.033695,0.112735,-0.020633,0.028167,-0.0488
2QO.DE,2024-05-01,-97.67,negative,Q1,0.008897,0.009644,-0.000747,0.016781,0.042843,-0.026062,0.007884,0.033695,-0.025811,0.239779,0.028167,0.211612
3E2.DE,2024-05-01,-3.2,negative,Q3,0.039304,0.009644,0.029659,0.034996,0.042843,-0.007847,0.073223,0.033695,0.039528,0.08453,0.028167,0.056363
F3A.DE,2024-05-01,10.81,positive,Q4,0.02836,0.009644,0.018716,0.028929,0.042843,-0.013914,0.463554,0.033695,0.429859,0.130182,0.028167,0.102015
MGG.DE,2024-05-01,19.73,positive,Q5,-0.005258,0.009644,-0.014902,-0.009727,0.042843,-0.05257,-0.030494,0.033695,-0.064189,0.055994,0.028167,0.027827
2X0.DE,2024-05-01,-27.26,negative,Q2,-0.008568,0.009644,-0.018212,0.02342,0.042843,-0.019424,-0.039604,0.033695,-0.073299,-0.024372,0.028167,-0.052539
ADP.DE,2024-05-01,3.88,positive,Q4,0.004008,0.009644,-0.005636,0.02596,0.042843,-0.016884,-0.00337,0.033695,-0.037065,0.114998,0.028167,0.086831
AWC.DE,2024-05-01,-2.75,negative,Q3,0.009764,0.009644,0.00012,0.054891,0.042843,0.012048,0.018913,0.033695,-0.014782,0.114444,0.028167,0.086277
ABR.DE,2024-05-01,7.79,positive,Q4,0.018133,0.009644,0.008489,0.04231,0.042843,-0.000533,0.056414,0.033695,0.022719,0.126931,0.028167,0.098764
PFE.DE,2024-05-01,6.46,positive,Q4,0.013467,0.009644,0.003822,0.028671,0.042843,-0.014173,0.067767,0.033695,0.034072,0.142485,0.028167,0.114318
PCE1.DE,2024-05-01,45.95,positive,Q5,-0.028596,0.009644,-0.038241,0.037736,0.042843,-0.005108,0.012677,0.033695,-0.021018,0.021808,0.028167,-0.006359
6D81.DE,2024-05-01,-35.93,negative,Q2,0.009061,0.009644,-0.000583,0.0128,0.042843,-0.030043,0.058967,0.033695,0.025273,0.051057,0.028167,0.02289
KHNZ.DE,2024-05-01,-4.4,negative,Q3,-0.023671,0.009644,-0.033315,-0.014916,0.042843,-0.057759,-0.042477,0.033695,-0.076172,-0.025292,0.028167,-0.053459
CVS.DE,2024-05-01,-47.96,negative,Q1,0.003112,0.009644,-0.006532,0.017012,0.042843,-0.025831,0.074481,0.033695,0.040787,0.123859,0.028167,0.095692
AXA.DE,2024-05-02,-3.31,negative,Q3,0.0231,0.009644,0.013456,0.070305,0.042843,0.027461,0.051892,0.033695,0.018197,0.032809,0.028167,0.004642
XY6.DE,2024-05-02,-24.58,negative,Q2,0.006346,0.009644,-0.003298,0.0441,0.042843,0.001257,0.033818,0.033695,0.000123,-0.018234,0.028167,-0.046401
CGN.DE,2024-05-02,-115.62,negative,Q1,0.002678,0.009644,-0.006966,0.017006,0.042843,-0.025837,-0.0081,0.033695,-0.041794,0.022298,0.028167,-0.005869
PEO.DE,2024-05-02,-5.26,negative,Q3,0.003019,0.009644,-0.006625,0.016908,0.042843,-0.025935,-0.007246,0.033695,-0.040941,-0.004529,0.028167,-0.032696
AMG.DE,2024-05-02,-105.46,negative,Q1,-0.053947,0.009644,-0.063591,-0.007347,0.042843,-0.05019,-0.025245,0.033695,-0.05894,0.063995,0.028167,0.035828
BOSS.DE,2024-05-02,7.84,positive,Q4,0.0,0.009644,-0.009644,0.001112,0.042843,-0.041732,0.035794,0.033695,0.002099,-0.210316,0.028167,-0.238483
G24.DE,2024-05-02,-20.59,negative,Q2,0.015219,0.009644,0.005574,0.022311,0.042843,-0.020533,0.009456,0.033695,-0.024239,0.06974,0.028167,0.041573
RAW.DE,2024-05-02,64.23,positive,Q5,0.014925,0.009644,0.005281,0.052239,0.042843,0.009395,0.022388,0.033695,-0.011307,0.074005,0.028167,0.045838
ZOE.DE,2024-05-02,-3.2,negative,Q3,-0.008717,0.009644,-0.018361,0.008326,0.042843,-0.034517,0.015547,0.033695,-0.018148,0.078709,0.028167,0.050542
SWF.DE,2024-05-02,-76.2,negative,Q1,0.011175,0.009644,0.00153,0.043269,0.042843,0.000426,-0.005068,0.033695,-0.038762,0.239995,0.028167,0.211828
IC2.DE,2024-05-02,-10.14,negative,Q2,0.004184,0.009644,-0.00546,0.026107,0.042843,-0.016737,0.010794,0.033695,-0.022901,0.161074,0.028167,0.132907
RAA.DE,2024-05-02,53.42,positive,Q5,0.01059,0.009644,0.000946,0.007878,0.042843,-0.034965,-0.025042,0.033695,-0.058736,0.024977,0.028167,-0.00319
INN1.DE,2024-05-02,29.73,positive,Q5,0.008984,0.009644,-0.00066,0.011748,0.042843,-0.031095,0.037319,0.033695,0.003624,0.054596,0.028167,0.026429
MLB1.DE,2024-05-02,11.48,positive,Q4,0.001936,0.009644,-0.007708,0.012389,0.042843,-0.030455,0.007485,0.033695,-0.02621,-0.015099,0.028167,-0.043266
NOV.DE,2024-05-02,8.87,positive,Q4,0.010042,0.009644,0.000397,0.044328,0.042843,0.001484,0.091008,0.033695,0.057313,0.073819,0.028167,0.045652
USX1.DE,2024-05-02,-17.22,negative,Q2,0.011737,0.009644,0.002093,0.038146,0.042843,-0.004698,0.025822,0.033695,-0.007873,0.107394,0.028167,0.079227
VWSB.DE,2024-05-02,-135.44,negative,Q1,0.007903,0.009644,-0.001741,0.060732,0.042843,0.017889,0.0703,0.033695,0.036605,-0.06198,0.028167,-0.090147
1WR.DE,2024-05-02,-74.82,negative,Q1,0.001689,0.009644,-0.007955,0.00739,0.042843,-0.035453,0.057432,0.033695,0.023738,None,None,None
1QZ.DE,2024-05-02,281.31,positive,Q5,0.04367,0.009644,0.034026,-0.064377,0.042843,-0.10722,0.036555,0.033695,0.002861,0.051521,0.028167,0.023354
PCE1.DE,2024-05-02,60.69,positive,Q5,-0.028596,0.009644,-0.038241,0.037736,0.042843,-0.005108,0.012677,0.033695,-0.021018,0.021808,0.028167,-0.006359
YCP.DE,2024-05-02,6.35,positive,Q4,-0.016625,0.009644,-0.026269,-0.023634,0.042843,-0.066477,-0.096603,0.033695,-0.130298,-0.115474,0.028167,-0.143641
KEL.DE,2024-05-02,-8.03,negative,Q3,-0.007534,0.009644,-0.017179,0.02185,0.042843,-0.020994,0.004521,0.033695,-0.029174,-0.031644,0.028167,-0.059811
DTG.DE,2024-05-03,-1.96,negative,Q3,0.009495,0.014021,-0.004526,0.012208,0.031197,-0.018989,0.003798,0.012678,-0.00888,-0.106348,-0.005071,-0.101278
IES.DE,2024-05-03,-0.9,negative,Q3,0.009836,0.014021,-0.004185,0.019672,0.031197,-0.011525,0.036066,0.012678,0.023387,0.052459,-0.005071,0.05753
KRN.DE,2024-05-03,0.97,positive,Q3,0.0419,0.014021,0.027878,0.0419,0.031197,0.010703,0.022536,0.012678,0.009857,0.002921,-0.005071,0.007992
KTN.DE,2024-05-03,-14.83,negative,Q2,-0.006094,0.014021,-0.020115,0.022715,0.031197,-0.008482,0.180055,0.012678,0.167377,0.042659,-0.005071,0.04773
CRIN.DE,2024-05-06,16.03,positive,Q4,-0.004782,0.003708,-0.008489,0.008069,0.015538,-0.007469,-0.014644,0.007916,-0.02256,-0.058577,-0.041716,-0.016861
CO3A.DE,2024-05-06,-92.99,negative,Q1,-0.026012,0.003708,-0.029719,-0.026012,0.015538,-0.04155,-0.104046,0.007916,-0.111962,-0.171484,-0.041716,-0.129768
WMB.DE,2024-05-06,6.58,positive,Q4,0.010219,0.003708,0.006511,0.025401,0.015538,0.009863,0.053723,0.007916,0.045807,0.075328,-0.041716,0.117045
MUX.DE,2024-05-07,-0.41,negative,Q3,-0.028809,0.010175,-0.038984,-0.016091,0.020055,-0.036146,-0.050869,0.008341,-0.05921,-0.279263,-0.062675,-0.216588
CBHD.DE,2024-05-07,-4.36,negative,Q3,0.004373,0.010175,-0.005802,-0.004737,0.020055,-0.024792,-0.013118,0.008341,-0.021459,0.056026,-0.062675,0.118701
FME.DE,2024-05-07,38.98,positive,Q5,0.002737,0.010175,-0.007438,0.087575,0.020055,0.067521,0.04844,0.008341,0.040099,-0.081554,-0.062675,-0.01888
WYR.DE,2024-05-07,0.83,positive,Q3,0.017931,0.010175,0.007756,0.006281,0.020055,-0.013773,-0.040315,0.008341,-0.048656,-0.244175,-0.062675,-0.181501
WDP.DE,2024-05-07,-102.31,negative,Q1,-0.005053,0.010175,-0.015228,-0.042384,0.020055,-0.062439,-0.051562,0.008341,-0.059903,-0.169331,-0.062675,-0.106656
2FE.DE,2024-05-07,4.28,positive,Q4,-0.001839,0.010175,-0.012014,0.008209,0.020055,-0.011845,0.025135,0.008341,0.016794,0.025668,-0.062675,0.088342
RWL.DE,2024-05-07,6.93,positive,Q4,-0.010229,0.010175,-0.020404,0.000283,0.020055,-0.019772,-0.074149,0.008341,-0.08249,-0.102612,-0.062675,-0.039937
KIN2.DE,2024-05-07,39.09,positive,Q5,0.038285,0.010175,0.02811,0.091884,0.020055,0.071829,0.108729,0.008341,0.100388,0.159265,-0.062675,0.22194
SIX2.DE,2024-05-07,-17.27,negative,Q2,-0.001376,0.010175,-0.011551,0.031512,0.020055,0.011458,-0.040457,0.008341,-0.048798,-0.194303,-0.062675,-0.131628
DHL.DE,2024-05-07,-3.13,negative,Q3,0.017284,0.010175,0.007109,0.037586,0.020055,0.017531,0.037037,0.008341,0.028696,-0.041701,-0.062675,0.020974
IFX.DE,2024-05-07,10.53,positive,Q4,0.02323,0.010175,0.013055,0.054016,0.020055,0.033962,0.016793,0.008341,0.008452,-0.170165,-0.062675,-0.10749
BPE5.DE,2024-05-07,-12.29,negative,Q2,0.003795,0.010175,-0.00638,-0.005693,0.020055,-0.025747,-0.055028,0.008341,-0.063369,-0.127135,-0.062675,-0.06446
SHA.DE,2024-05-07,94.44,positive,Q5,0.019169,0.010175,0.008994,-0.017572,0.020055,-0.037627,-0.060703,0.008341,-0.069044,-0.236422,-0.062675,-0.173747
HS2.DE,2024-05-07,-29.19,negative,Q2,-0.004115,0.010175,-0.01429,0.004703,0.020055,-0.015352,-0.071429,0.008341,-0.079769,-0.071429,-0.062675,-0.008754
JUN3.DE,2024-05-07,0.91,positive,Q3,0.026025,0.010175,0.01585,0.01376,0.020055,-0.006295,0.05504,0.008341,0.0467,-0.229136,-0.062675,-0.166461
ERT.DE,2024-05-07,-55.53,negative,Q1,0.0,0.010175,-0.010175,-0.018395,0.020055,-0.03845,0.061683,0.008341,0.053342,0.124968,-0.062675,0.187643
WAC.DE,2024-05-07,0.76,positive,Q3,-0.011194,0.010175,-0.021369,0.055348,0.020055,0.035294,0.00995,0.008341,0.00161,-0.175373,-0.062675,-0.112698
I8R.DE,2024-05-07,115.23,positive,Q5,0.057312,0.010175,0.047137,0.001976,0.020055,-0.018078,-0.098814,0.008341,-0.107155,-0.140316,-0.062675,-0.077641
LY0.DE,2024-05-07,-205.99,negative,Q1,-0.038714,0.010175,-0.048888,-0.07564,0.020055,-0.095695,-0.067898,0.008341,-0.076238,-0.434783,-0.062675,-0.372108
KCO.DE,2024-05-07,-286.93,negative,Q1,-0.00659,0.010175,-0.016765,-0.01318,0.020055,-0.033234,-0.037891,0.008341,-0.046232,-0.23229,-0.062675,-0.169615
ZAL.DE,2024-05-07,-113.04,negative,Q1,-0.029014,0.010175,-0.039189,-0.005962,0.020055,-0.026016,-0.040143,0.008341,-0.048484,-0.125596,-0.062675,-0.062921
SHL.DE,2024-05-07,5.77,positive,Q4,0.011564,0.010175,0.001389,0.030772,0.020055,0.010718,0.061152,0.008341,0.052812,-0.047432,-0.062675,0.015242
ADV.DE,2024-05-07,-30.0,negative,Q2,0.002111,0.010175,-0.008064,0.0,0.020055,-0.020055,-0.001055,0.008341,-0.009396,-0.013193,-0.062675,0.049482
HAG.DE,2024-05-07,-72.06,negative,Q1,0.010957,0.010175,0.000782,0.02512,0.020055,0.005066,-0.015232,0.008341,-0.023573,-0.147782,-0.062675,-0.085107
NRA.DE,2024-05-07,260.98,positive,Q5,0.063394,0.010175,0.05322,0.093875,0.020055,0.073821,0.009874,0.008341,0.001533,-0.112479,-0.062675,-0.049804
NOEJ.DE,2024-05-07,-20.0,negative,Q2,0.002181,0.010175,-0.007994,-0.004907,0.020055,-0.024962,0.002726,0.008341,-0.005614,-0.15976,-0.062675,-0.097085
ELG.DE,2024-05-07,13.39,positive,Q4,-0.001195,0.010175,-0.01137,0.014339,0.020055,-0.005716,0.143255,0.008341,0.134915,-0.059745,-0.062675,0.00293
TMV.DE,2024-05-07,-22.22,negative,Q2,0.013055,0.010175,0.00288,0.025239,0.020055,0.005185,0.006963,0.008341,-0.001378,0.08007,-0.062675,0.142744
EW1.DE,2024-05-07,7.92,positive,Q4,-0.002309,0.010175,-0.012484,-0.004619,0.020055,-0.024674,0.063279,0.008341,0.054939,0.022171,-0.062675,0.084846
SIX3.DE,2024-05-07,-17.27,negative,Q2,0.003336,0.010175,-0.006839,0.011675,0.020055,-0.008379,-0.018162,0.008341,-0.026502,-0.133062,-0.062675,-0.070387
LXS.DE,2024-05-08,89.89,positive,Q5,-0.03574,0.004616,-0.040356,-0.022383,0.002794,-0.025177,-0.162094,-0.006921,-0.155173,-0.225271,-0.071296,-0.153975
NDA.DE,2024-05-08,91.84,positive,Q5,0.017881,0.004616,0.013265,0.101323,0.002794,0.098529,0.039977,-0.006921,0.046898,-0.11208,-0.071296,-0.040784
S92.DE,2024-05-08,256.52,positive,Q5,0.003088,0.004616,-0.001528,0.040141,0.002794,0.037347,0.008161,-0.006921,0.015082,-0.486105,-0.071296,-0.414809
PUM.DE,2024-05-08,5.45,positive,Q4,-0.031822,0.004616,-0.036437,-0.01432,0.002794,-0.017114,-0.080549,-0.006921,-0.073628,-0.197295,-0.071296,-0.125999
UT8.DE,2024-05-08,-243.27,negative,Q1,-0.020817,0.004616,-0.025433,-0.029648,0.002794,-0.032442,0.004573,-0.006921,0.011494,-0.08926,-0.071296,-0.017964
VTSC.DE,2024-05-08,106.12,positive,Q5,0.010578,0.004616,0.005963,-0.010578,0.002794,-0.013372,-0.070522,-0.006921,-0.063601,-0.241185,-0.071296,-0.169889
EVK.DE,2024-05-08,40.0,positive,Q5,-0.004427,0.004616,-0.009043,-0.007748,0.002794,-0.010542,-0.040398,-0.006921,-0.033477,-0.048699,-0.071296,0.022596
0Q3.DE,2024-05-08,-26.6,negative,Q2,0.02439,0.004616,0.019775,0.021341,0.002794,0.018547,0.068598,-0.006921,0.075519,-0.260671,-0.071296,-0.189375
HEN3.DE,2024-05-08,51.26,positive,Q5,-0.002872,0.004616,-0.007488,0.014987,0.002794,0.012193,0.024479,-0.006921,0.0314,-0.059823,-0.071296,0.011473
SGL.DE,2024-05-08,0.0,negative,Q3,-0.029371,0.004616,-0.033986,-0.018182,0.002794,-0.020976,0.040559,-0.006921,0.04748,-0.188811,-0.071296,-0.117515
BMW3.DE,2024-05-08,3.53,positive,Q4,0.006812,0.004616,0.002197,0.017853,0.002794,0.015059,-0.041461,-0.006921,-0.03454,-0.18358,-0.071296,-0.112284
CON.DE,2024-05-08,-84.0,negative,Q1,0.004621,0.004616,5e-06,0.039021,0.002794,0.036227,0.007359,-0.006921,0.01428,-0.103029,-0.071296,-0.031733
HNM.DE,2024-05-08,4.59,positive,Q4,0.019725,0.004616,0.01511,0.044816,0.002794,0.042022,0.078744,-0.006921,0.085665,0.067224,-0.071296,0.13852
GFT.DE,2024-05-08,0.88,positive,Q3,0.018342,0.004616,0.013726,0.029423,0.002794,0.026629,-0.003439,-0.006921,0.003482,-0.154375,-0.071296,-0.083079
KBX.DE,2024-05-08,9.2,positive,Q4,0.00882,0.004616,0.004205,0.000689,0.002794,-0.002105,-0.033765,-0.006921,-0.026844,-0.081588,-0.071296,-0.010292
G1A.DE,2024-05-08,13.46,positive,Q4,0.007235,0.004616,0.002619,-0.017953,0.002794,-0.020747,-0.003215,-0.006921,0.003706,0.008842,-0.071296,0.080138
IOS.DE,2024-05-08,5.96,positive,Q4,0.016393,0.004616,0.011778,0.026639,0.002794,0.023845,0.090164,-0.006921,0.097085,-0.04918,-0.071296,0.022116
HEN.DE,2024-05-08,1.36,positive,Q3,-0.001412,0.004616,-0.006027,0.014257,0.002794,0.011463,0.021174,-0.006921,0.028095,-0.039667,-0.071296,0.031629
SMHN.DE,2024-05-08,1.89,positive,Q3,0.006091,0.004616,0.001476,0.076345,0.002794,0.073551,0.224975,-0.006921,0.231896,0.025584,-0.071296,0.09688
STM.DE,2024-05-08,-6.45,negative,Q3,-0.049818,0.004616,-0.054434,-0.08476,0.002794,-0.087554,-0.053278,-0.006921,-0.046357,-0.30704,-0.071296,-0.235744
JEN.DE,2024-05-08,12.5,positive,Q4,-0.003006,0.004616,-0.007622,-0.007892,0.002794,-0.010686,0.066141,-0.006921,0.073062,-0.092822,-0.071296,-0.021526
1U1.DE,2024-05-08,-7.84,negative,Q3,0.003601,0.004616,-0.001014,0.047419,0.002794,0.044625,0.042017,-0.006921,0.048938,-0.208884,-0.071296,-0.137588
O3P.DE,2024-05-08,35.99,positive,Q5,0.002952,0.004616,-0.001664,-0.012463,0.002794,-0.015257,-0.049524,-0.006921,-0.042603,-0.077402,-0.071296,-0.006106
BMW.DE,2024-05-08,3.51,positive,Q4,-0.000441,0.004616,-0.005057,0.007716,0.002794,0.004922,-0.047399,-0.006921,-0.040478,-0.169092,-0.071296,-0.097796
FMV.DE,2024-05-08,1.1,positive,Q3,-0.014493,0.004616,-0.019108,-0.015942,0.002794,-0.018736,-0.146377,-0.006921,-0.139456,-0.349275,-0.071296,-0.277979
SFQ.DE,2024-05-08,16.0,positive,Q4,0.030181,0.004616,0.025565,0.06774,0.002794,0.064946,0.050972,-0.006921,0.057894,0.126761,-0.071296,0.198057
AHOG.DE,2024-05-08,-6.06,negative,Q3,0.007492,0.004616,0.002876,-0.024616,0.002794,-0.027411,-0.046736,-0.006921,-0.039815,-0.007849,-0.071296,0.063447
UTDI.DE,2024-05-08,-27.66,negative,Q2,-0.00826,0.004616,-0.012876,0.001458,0.002794,-0.001336,-0.006803,-0.006921,0.000118,-0.268707,-0.071296,-0.197412
FRE.DE,2024-05-08,-5.63,negative,Q3,0.023009,0.004616,0.018394,0.017531,0.002794,0.014737,0.081081,-0.006921,0.088002,0.093499,-0.071296,0.164795
AFX.DE,2024-05-08,6.36,positive,Q4,0.006445,0.004616,0.00183,0.03083,0.002794,0.028036,-0.093673,-0.006921,-0.086752,-0.325169,-0.071296,-0.253873
MUV2.DE,2024-05-08,26.57,positive,Q5,0.031247,0.004616,0.026631,0.028975,0.002794,0.026181,0.046191,-0.006921,0.053112,-0.033519,-0.071296,0.037777
SII.DE,2024-05-09,18.78,positive,Q5,-0.019585,-0.001632,-0.017953,0.014046,-0.003645,0.017691,-0.022354,-0.014806,-0.007548,-0.020376,-0.061669,0.041293
TNE5.DE,2024-05-09,4.93,positive,Q4,0.007937,-0.001632,0.009568,0.007937,-0.003645,0.011582,0.05291,-0.014806,0.067716,0.007937,-0.061669,0.069605
C7C1.F,2024-05-09,-91.66,negative,Q1,-0.02027,-0.001632,-0.018639,-0.033784,-0.003645,-0.030139,-0.141892,-0.014806,-0.127085,-0.128378,-0.061669,-0.06671
ENL.DE,2024-05-09,9.32,positive,Q4,0.0,-0.001632,0.001632,0.008143,-0.003645,0.011788,-0.011401,-0.014806,0.003406,-0.016287,-0.061669,0.045382
AK3.DE,2024-05-09,-30.2,negative,Q2,0.036857,-0.001632,0.038489,0.041953,-0.003645,0.045598,-0.007585,-0.014806,0.007222,0.006755,-0.061669,0.068424
PFV.DE,2024-05-10,-11.11,negative,Q2,0.00127,-0.001377,0.002646,0.021797,0.001427,0.020371,0.033366,-0.019863,0.053229,0.034354,-0.056654,0.091008
HOT.DE,2024-05-13,4.12,positive,Q4,-0.007805,0.008171,-0.015977,-0.027219,0.000552,-0.027772,-0.038327,-0.004571,-0.033755,0.024217,-0.053084,0.077301
SDF.DE,2024-05-13,31.82,positive,Q5,0.000745,0.008171,-0.007427,0.010424,0.000552,0.009872,-0.061802,-0.004571,-0.057231,-0.152643,-0.053084,-0.09956
SZG.DE,2024-05-13,-88.24,negative,Q1,-0.005941,0.008171,-0.014113,0.022395,0.000552,0.021842,-0.087751,-0.004571,-0.08318,-0.301188,-0.053084,-0.248104
AUS.DE,2024-05-14,-71.74,negative,Q1,0.0579,-0.006919,0.064818,0.089303,-0.010025,0.099328,0.039254,-0.031993,0.071247,-0.233072,-0.060568,-0.172503
AHLA.DE,2024-05-14,-86.86,negative,Q1,0.056454,-0.006919,0.063372,0.036242,-0.010025,0.046267,-0.031921,-0.031993,7.2e-05,0.016169,-0.060568,0.076738
NDX1.DE,2024-05-14,90.81,positive,Q5,-0.028037,-0.006919,-0.021119,-0.043391,-0.010025,-0.033366,-0.168892,-0.031993,-0.136899,-0.12283,-0.060568,-0.062262
RHM.DE,2024-05-14,-48.6,negative,Q1,-0.003881,-0.006919,0.003038,0.012812,-0.010025,0.022837,-0.018233,-0.031993,0.013759,0.05938,-0.060568,0.119948
INH.DE,2024-05-14,-316.22,negative,Q1,-0.022692,-0.006919,-0.015774,-0.036538,-0.010025,-0.026514,-0.082308,-0.031993,-0.050315,-0.253462,-0.060568,-0.192893
RIO1.DE,2024-05-14,-19.35,negative,Q2,0.023951,-0.006919,0.03087,0.038729,-0.010025,0.048754,-0.032784,-0.031993,-0.000792,-0.096484,-0.060568,-0.035915
COK.DE,2024-05-14,-17.07,negative,Q2,0.007012,-0.006919,0.01393,0.003673,-0.010025,0.013698,0.001669,-0.031993,0.033662,-0.021703,-0.060568,0.038866
DUE.DE,2024-05-14,-11.53,negative,Q2,0.002574,-0.006919,0.009493,-0.005148,-0.010025,0.004877,-0.077649,-0.031993,-0.045656,-0.19305,-0.060568,-0.132482
BAYN.DE,2024-05-14,14.63,positive,Q4,-0.022961,-0.006919,-0.016042,-0.031528,-0.010025,-0.021504,-0.067512,-0.031993,-0.035519,-0.114462,-0.060568,-0.053893
BNR.DE,2024-05-14,-11.01,negative,Q2,-0.017176,-0.006919,-0.010258,-0.045352,-0.010025,-0.035327,-0.049269,-0.031993,-0.017277,-0.072472,-0.060568,-0.011904
ECV.DE,2024-05-14,0.0,negative,Q3,-0.001178,-0.006919,0.005741,0.002356,-0.010025,0.01238,0.005889,-0.031993,0.037882,0.001178,-0.060568,0.061746
PAH3.DE,2024-05-14,-14.67,negative,Q2,-0.003779,-0.006919,0.00314,-0.029118,-0.010025,-0.019093,-0.094243,-0.031993,-0.062251,-0.18982,-0.060568,-0.129251
HNR1.DE,2024-05-14,-5.7,negative,Q3,0.011985,-0.006919,0.018903,0.015107,-0.010025,0.025132,0.025347,-0.031993,0.057339,0.011525,-0.060568,0.072094
HDI.DE,2024-05-14,-0.3,negative,Q3,-0.008707,-0.006919,-0.001789,-0.041156,-0.010025,-0.031131,0.007077,-0.031993,0.039069,-0.008805,-0.060568,0.051763
NCH2.DE,2024-05-15,-146.05,negative,Q1,-0.003367,-0.001835,-0.001532,-0.045455,-0.002534,-0.04292,-0.158249,-0.039319,-0.11893,-0.257576,-0.049457,-0.208119
CIS.DE,2024-05-15,-44.49,negative,Q1,-0.008388,-0.001835,-0.006552,-0.027726,-0.002534,-0.025192,-0.048695,-0.039319,-0.009376,-0.071062,-0.049457,-0.021606
JST.DE,2024-05-15,70.0,positive,Q5,-0.006449,-0.001835,-0.004613,-0.016233,-0.002534,-0.013699,-0.044252,-0.039319,-0.004933,-0.171892,-0.049457,-0.122436
TUI1.DE,2024-05-15,-2.6,negative,Q3,-0.026826,-0.001835,-0.02499,-0.058122,-0.002534,-0.055588,0.008942,-0.039319,0.048261,-0.174367,-0.049457,-0.12491
TKA.DE,2024-05-15,-25.0,negative,Q2,0.006276,-0.001835,0.008111,-0.046025,-0.002534,-0.043491,-0.167364,-0.039319,-0.128045,-0.332636,-0.049457,-0.283179
HLAG.DE,2024-05-15,175.41,positive,Q5,-0.032637,-0.001835,-0.030802,-0.031417,-0.002534,-0.028882,-0.005397,-0.039319,0.033922,-0.036235,-0.049457,0.013222
LEG.DE,2024-05-15,-32.3,negative,Q2,0.005293,-0.001835,0.007128,-0.033235,-0.002534,-0.030701,-0.083703,-0.039319,-0.044384,-0.003693,-0.049457,0.045764
ALV.DE,2024-05-15,10.31,positive,Q4,0.004113,-0.001835,0.005948,-0.008657,-0.002534,-0.006123,-0.048455,-0.039319,-0.009136,-0.035293,-0.049457,0.014164
FNTN.DE,2024-05-15,1.85,positive,Q3,0.037241,-0.001835,0.039077,0.009655,-0.002534,0.01219,0.07908,-0.039319,0.118399,0.093793,-0.049457,0.14325
GBF.DE,2024-05-15,22.22,positive,Q5,0.008916,-0.001835,0.010751,0.017002,-0.002534,0.019536,-0.043127,-0.039319,-0.003808,-0.018039,-0.049457,0.031418
ITB.DE,2024-05-15,-18.25,negative,Q2,-0.01513,-0.001835,-0.013295,-0.009456,-0.002534,-0.006922,0.021277,-0.039319,0.060596,0.090307,-0.049457,0.139764
EOAN.DE,2024-05-15,53.85,positive,Q5,-0.013699,-0.001835,-0.011863,-0.042707,-0.002534,-0.040173,-0.034649,-0.039319,0.00467,-0.037873,-0.049457,0.011584
MRK.DE,2024-05-15,10.16,positive,Q4,-0.008935,-0.001835,-0.0071,0.002053,-0.002534,0.004587,0.01956,-0.039319,0.058879,-0.010384,-0.049457,0.039073
RWE.DE,2024-05-15,12.5,positive,Q4,-0.01927,-0.001835,-0.017435,-0.02219,-0.002534,-0.019655,-0.063066,-0.039319,-0.023747,-0.087591,-0.049457,-0.038135
TLX.DE,2024-05-15,15.04,positive,Q4,-0.005556,-0.001835,-0.00372,0.013818,-0.002534,0.016352,-0.006268,-0.039319,0.033051,-0.07151,-0.049457,-0.022053
R3NK.DE,2024-05-15,-192.6,negative,Q1,0.003867,-0.001835,0.005702,-0.011988,-0.002534,-0.009453,-0.08662,-0.039319,-0.047301,-0.04679,-0.049457,0.002666
CBK.DE,2024-05-15,10.71,positive,Q4,0.019621,-0.001835,0.021456,0.027064,-0.002534,0.029598,-0.092016,-0.039319,-0.052697,-0.188769,-0.049457,-0.139312
1N8.DE,2024-05-16,8.09,positive,Q4,-0.006891,0.003451,-0.010342,-0.021314,-0.000591,-0.020723,-0.034455,-0.034014,-0.000441,-0.083173,-0.043777,-0.039396
DTE.DE,2024-05-16,21.62,positive,Q5,0.009827,0.003451,0.006376,-0.010763,-0.000591,-0.010172,0.026205,-0.034014,0.060219,0.1343,-0.043777,0.178077
U9RA.DE,2024-05-16,-100.73,negative,Q1,-0.034036,0.003451,-0.037486,-0.029173,-0.000591,-0.028583,0.02269,-0.034014,0.056704,0.126418,-0.043777,0.170195
GYC.DE,2024-05-16,292.58,positive,Q5,-0.006855,0.003451,-0.010306,-0.032562,-0.000591,-0.031971,-0.087404,-0.034014,-0.05339,0.006855,-0.043777,0.050632
U9R.DE,2024-05-16,34.7,positive,Q5,-0.006421,0.003451,-0.009871,-0.020867,-0.000591,-0.020276,-0.008026,-0.034014,0.025988,0.157303,-0.043777,0.20108
WMT.DE,2024-05-16,19.11,positive,Q5,0.004956,0.003451,0.001506,0.017262,-0.000591,0.017853,0.05247,-0.034014,0.086483,0.048197,-0.043777,0.091974
SIE.DE,2024-05-16,3.57,positive,Q4,0.003262,0.003451,-0.000189,0.027519,-0.000591,0.02811,-0.025799,-0.034014,0.008215,-0.076804,-0.043777,-0.033028
BFSA.DE,2024-05-17,-40.0,negative,Q1,0.014502,-0.002248,0.016751,0.050918,0.000306,0.050612,-0.05962,-0.033938,-0.025681,-0.17467,-0.031207,-0.143463
RY4C.DE,2024-05-20,-15.81,negative,Q2,-0.010828,-0.002486,-0.008342,-0.034109,-0.002611,-0.031499,-0.105035,-0.035182,-0.069853,-0.212236,-0.021593,-0.190643
KFI1.DE,2024-05-21,-34.91,negative,Q2,-0.006873,0.000595,-0.007468,0.0,-0.011076,0.011076,-0.024055,-0.022806,-0.001249,0.072165,-0.013839,0.086004
EVT.DE,2024-05-22,-100.0,negative,Q1,-0.036997,0.00011,-0.037106,-0.085963,-0.010408,-0.075555,-0.09358,-0.028238,-0.065342,-0.386289,-0.017859,-0.368431
DYH.DE,2024-05-22,-1.56,negative,Q3,0.002299,0.00011,0.002189,0.030358,-0.010408,0.040766,None,None,None,-0.034084,-0.017859,-0.016225
ANL.DE,2024-05-22,-52.69,negative,Q1,-0.007842,0.00011,-0.007952,-0.019889,-0.010408,-0.009482,0.002598,-0.028238,0.030836,-0.064771,-0.017859,-0.046912
RRU.DE,2024-05-23,38.3,positive,Q5,0.025194,0.004351,0.020842,0.01938,-0.010454,0.029834,0.085271,-0.019675,0.104946,0.098837,-0.013075,0.111912
2M6.DE,2024-05-23,-66.32,negative,Q1,0.010394,0.004351,0.006042,-0.012888,-0.010454,-0.002434,0.004435,-0.019675,0.024109,0.034229,-0.013075,0.047305
EVD.DE,2024-05-23,0.0,negative,Q3,0.023648,0.004351,0.019297,-0.036458,-0.010454,-0.026003,-0.044956,-0.019675,-0.025281,0.000493,-0.013075,0.013568
5CV.DE,2024-05-23,-58.15,negative,Q1,-0.046703,0.004351,-0.051055,0.008242,-0.010454,0.018696,-0.115385,-0.019675,-0.09571,-0.192308,-0.013075,-0.179232
NNGF.DE,2024-05-23,-26.43,negative,Q2,0.018145,0.004351,0.013794,-0.028226,-0.010454,-0.017771,0.022177,-0.019675,0.041852,0.127016,-0.013075,0.140091
7HP.DE,2024-05-29,-25.23,negative,Q2,-0.088411,6.2e-05,-0.088473,-0.057049,0.008427,-0.065476,-0.062425,-0.014129,-0.048296,-0.094086,0.010003,-0.104089
AT1.DE,2024-05-29,-55.8,negative,Q1,0.00939,6.2e-05,0.009327,-0.023474,0.008427,-0.031902,-0.075117,-0.014129,-0.060988,0.065728,0.010003,0.055725
JDE.DE,2024-05-30,-65.46,negative,Q1,-0.004504,0.005959,-0.010463,-0.022523,0.003207,-0.02573,-0.104104,-0.01805,-0.086055,0.012513,0.015372,-0.002859
NTA.DE,2024-05-30,-24.4,negative,Q2,-0.014241,0.005959,-0.020199,0.012484,0.003207,0.009276,0.103569,-0.01805,0.121619,0.078972,0.015372,0.0636
12DA.DE,2024-05-30,4.24,positive,Q4,0.0021,0.005959,-0.003858,-0.007224,0.003207,-0.010432,0.082073,-0.01805,0.100123,-0.195144,0.015372,-0.210516
VEE.DE,2024-05-30,-31.87,negative,Q2,-0.011053,0.005959,-0.017012,0.050353,0.003207,0.047146,0.050967,-0.01805,0.069017,0.097329,0.015372,0.081957
2HP.DE,2024-06-04,-39.82,negative,Q1,0.014418,0.004131,0.010287,0.050173,0.002957,0.047217,0.065167,-0.00541,0.070577,-0.024221,0.019106,-0.043327
LOR.DE,2024-06-04,-3.49,negative,Q3,0.000983,0.004131,-0.003148,-0.000782,0.002957,-0.003738,-0.104568,-0.00541,-0.099159,-0.132112,0.019106,-0.151218
CSC.DE,2024-06-05,-38.38,negative,Q1,-0.010052,-0.005115,-0.004937,0.007474,-0.020747,0.028221,0.04433,-0.009501,0.053831,0.166495,0.005063,0.161432
IXD1.DE,2024-06-05,0.8,positive,Q3,-0.026864,-0.005115,-0.021749,-0.007388,-0.020747,0.01336,-0.023953,-0.009501,-0.014452,0.043206,0.005063,0.038143
DT3.DE,2024-06-05,-4.48,negative,Q3,-0.002326,-0.005115,0.002788,-0.040326,-0.020747,-0.019579,-0.048371,-0.009501,-0.03887,-0.280729,0.005063,-0.285792
CIE1.DE,2024-06-06,-173.73,negative,Q1,0.001175,-0.003361,0.004537,0.026557,-0.029921,0.056478,0.042538,-0.004592,0.04713,0.162867,0.001863,0.161004
SYV.DE,2024-06-10,-50.18,negative,Q1,0.052055,0.014204,0.037851,-0.10411,-0.012954,-0.091155,-0.153425,0.002029,-0.155454,-0.536986,-0.003704,-0.533282
AUD.DE,2024-06-10,-36.09,negative,Q2,0.048576,0.014204,0.034372,0.154883,-0.012954,0.167837,0.154883,0.002029,0.152854,0.151577,-0.003704,0.155281
ORC.DE,2024-06-11,-32.89,negative,Q2,0.038421,-0.019601,0.058022,0.067117,-0.030216,0.097333,0.038823,-0.005169,0.043992,0.015192,-0.010053,0.025245
1YD.DE,2024-06-12,-59.78,negative,Q1,0.011168,-0.014435,0.025603,0.047641,-0.00063,0.04827,0.003938,0.026416,-0.022478,-0.159318,1.3e-05,-0.159331
SQU.DE,2024-06-18,1.12,positive,Q3,0.020002,0.010309,0.009693,0.006493,0.004833,0.001659,0.058331,0.015876,0.042455,0.091633,0.031282,0.060351
1TY.DE,2024-06-24,-46.51,negative,Q1,-0.002964,-0.001231,-0.001733,-0.026082,0.010833,-0.036914,-0.049793,0.011544,-0.061337,-0.005335,0.029838,-0.035173
FDX.DE,2024-06-25,11.38,positive,Q4,-0.011637,0.003047,-0.014684,0.011637,0.016262,-0.004625,0.012722,0.007903,0.004819,-0.153751,0.038091,-0.191842
JNP.DE,2024-06-25,-100.62,negative,Q1,0.006367,0.003047,0.003321,0.010309,0.016262,-0.005953,0.036386,0.007903,0.028483,0.054579,0.038091,0.016488
GRM.DE,2024-06-26,-1.64,negative,Q3,-0.013677,0.001367,-0.015044,-0.021492,0.014546,-0.036038,0.028774,0.011367,0.017407,0.122735,0.043166,0.079569
PCX.DE,2024-06-26,2.97,positive,Q3,0.009861,0.001367,0.008494,-0.009485,0.014546,-0.024032,0.051841,0.011367,0.040474,0.092318,0.043166,0.049152
MTE.DE,2024-06-26,-38.45,negative,Q1,-0.008343,0.001367,-0.00971,0.022112,0.014546,0.007566,-0.194476,0.011367,-0.205843,-0.321157,0.043166,-0.364323
HMSB.DE,2024-06-27,-4.68,negative,Q3,0.009482,-0.003915,0.013397,0.002918,0.013161,-0.010244,0.013858,0.004673,0.009185,0.087527,0.037457,0.05007
W8A.DE,2024-06-27,-41.59,negative,Q1,-0.045287,-0.003915,-0.041372,-0.109982,0.013161,-0.123143,-0.029575,0.004673,-0.034248,-0.328096,0.037457,-0.365553
DOU.DE,2024-06-28,-277.72,negative,Q1,0.016638,0.011587,0.005051,0.018933,0.016956,0.001977,0.109581,0.013605,0.095976,0.204819,0.059144,0.145675
DOU.DE,2024-06-29,-277.72,negative,Q1,0.01298,0.004134,0.008846,-0.037246,-0.007529,-0.029717,0.083521,0.007299,0.076222,0.155756,0.059817,0.09594
NMM.DE,2024-06-29,19.44,positive,Q5,0.040968,0.004134,0.036835,0.049747,-0.007529,0.057276,0.16547,0.007299,0.15817,0.264432,0.059817,0.204615
YOU.DE,2024-07-10,-363.86,negative,Q1,0.028409,0.011525,0.016884,-0.045455,-0.009701,-0.035754,-0.119318,-0.043793,-0.075525,-0.090909,0.028698,-0.119607
GXI.DE,2024-07-11,-14.55,negative,Q2,-0.002973,-0.00839,0.005417,-0.052517,-0.030736,-0.021781,-0.036663,-0.054496,0.017834,-0.198573,0.027029,-0.225602
PEP.DE,2024-07-11,3.47,positive,Q4,-0.016041,-0.00839,-0.007651,0.012901,-0.030736,0.043637,0.025597,-0.054496,0.080094,0.032082,0.027029,0.005053
SZU.DE,2024-07-11,-18.18,negative,Q2,-0.000833,-0.00839,0.007556,-0.025,-0.030736,0.005736,-0.02,-0.054496,0.034496,-0.0825,0.027029,-0.109529
NWT.DE,2024-07-12,9.17,positive,Q4,0.004307,-0.003919,0.008226,0.030345,-0.009888,0.040232,-0.090055,-0.041894,-0.048161,0.011159,0.03335,-0.022191
TRVC.DE,2024-07-12,17.56,positive,Q4,0.006006,-0.003919,0.009925,0.003003,-0.009888,0.012891,-0.100512,-0.041894,-0.058619,-0.011835,0.03335,-0.045186
FAS.DE,2024-07-12,-0.06,negative,Q3,0.017196,-0.003919,0.021115,0.006614,-0.009888,0.016501,-0.023148,-0.041894,0.018745,0.041336,0.03335,0.007986
CMC.DE,2024-07-12,6.38,positive,Q4,0.006681,-0.003919,0.0106,0.007429,-0.009888,0.017317,-0.021593,-0.041894,0.020301,0.018332,0.03335,-0.015018
GOS.DE,2024-07-15,8.89,positive,Q4,0.006168,-0.004359,0.010528,-0.013119,0.002142,-0.015261,-0.026775,-0.034152,0.007378,0.026082,0.046214,-0.020133
BLQA.DE,2024-07-15,0.11,positive,Q3,0.007708,-0.004359,0.012067,0.015034,0.002142,0.012892,0.015034,-0.034152,0.049186,0.11209,0.046214,0.065876
UNH.DE,2024-07-16,-31.88,negative,Q2,-0.003481,-0.004477,0.000996,-0.009848,-0.002703,-0.007145,0.012538,-0.01378,0.026318,0.07499,0.058088,0.016901
NCB.DE,2024-07-16,8.47,positive,Q4,-0.011207,-0.004477,-0.00673,-0.031584,-0.002703,-0.028881,-0.111055,-0.01378,-0.097275,-0.043556,0.058088,-0.101644
DWD.DE,2024-07-16,15.58,positive,Q4,-0.003748,-0.004477,0.000729,-0.028164,-0.002703,-0.025461,-0.049475,-0.01378,-0.035696,0.05665,0.058088,-0.001438
ASME.DE,2024-07-17,7.22,positive,Q4,-0.014723,-0.009961,-0.004762,-0.049043,-0.003053,-0.04599,-0.01016,-0.001763,-0.008397,-0.20118,0.061642,-0.262822
JNJ.DE,2024-07-17,-28.85,negative,Q2,-0.011306,-0.009961,-0.001345,0.023487,-0.003053,0.02654,0.006346,-0.001763,0.008109,0.055507,0.061642,-0.006135
2KD.DE,2024-07-17,0.71,positive,Q3,0.016225,-0.009961,0.026186,0.004327,-0.003053,0.00738,0.002163,-0.001763,0.003926,0.191996,0.061642,0.130353
DC7.DE,2024-07-17,109.66,positive,Q5,-0.000619,-0.009961,0.009342,0.001005,-0.003053,0.004058,-0.071754,-0.001763,-0.069991,0.044692,0.061642,-0.01695
185.DE,2024-07-17,43.29,positive,Q5,-0.035934,-0.009961,-0.025973,-0.07586,-0.003053,-0.072807,-0.118243,-0.001763,-0.11648,0.156327,0.061642,0.094684
UB5.DE,2024-07-17,8.38,positive,Q4,-0.01406,-0.009961,-0.004099,0.006413,-0.003053,0.009467,-0.057227,-0.001763,-0.055464,0.056487,0.061642,-0.005155
NOA3.DE,2024-07-18,-156.04,negative,Q1,0.031153,0.01294,0.018213,0.062305,0.013517,0.048789,0.11838,0.013744,0.104636,0.218069,0.069386,0.148682
ABL.DE,2024-07-18,-32.72,negative,Q2,0.020932,0.01294,0.007992,0.052881,0.013517,0.039364,0.089677,0.013744,0.075933,0.13705,0.069386,0.067664
SRT3.DE,2024-07-18,17.53,positive,Q4,-0.021977,0.01294,-0.034917,0.16358,0.013517,0.150063,0.154463,0.013744,0.140718,0.093282,0.069386,0.023896
SRT.DE,2024-07-18,28.09,positive,Q5,0.00588,0.01294,-0.00706,0.148695,0.013517,0.135178,0.115945,0.013744,0.102201,0.052681,0.069386,-0.016705
MUM.DE,2024-07-18,-4.44,negative,Q3,0.029541,0.01294,0.016601,0.103488,0.013517,0.089971,0.048027,0.013744,0.034283,-0.005527,0.069386,-0.074913
NFC.DE,2024-07-18,2.8,positive,Q3,0.009551,0.01294,-0.003388,-0.002558,0.013517,-0.016075,0.052192,0.013744,0.038447,0.104895,0.069386,0.035509
HAL.DE,2024-07-19,-0.13,negative,Q3,-0.015426,0.008183,-0.023609,0.004024,-0.004694,0.008718,-0.069417,-0.002692,-0.066725,-0.143192,0.063906,-0.207098
PA9.DE,2024-07-19,14.97,positive,Q4,0.016957,0.008183,0.008774,0.050114,-0.004694,0.054808,0.035811,-0.002692,0.038503,0.300954,0.063906,0.237048
KC4.DE,2024-07-19,-7.41,negative,Q3,-0.013245,0.008183,-0.021428,-0.008545,-0.004694,-0.003851,0.001709,-0.002692,0.004401,0.112583,0.063906,0.048677
AEC1.DE,2024-07-19,28.95,positive,Q5,0.023447,0.008183,0.015264,0.014077,-0.004694,0.018771,0.016974,-0.002692,0.019666,0.178255,0.063906,0.114349
BAC.DE,2024-07-22,-5.61,negative,Q3,0.008462,-0.009173,0.017635,0.026594,-0.007895,0.034489,0.022665,-0.00586,0.028526,0.14929,0.059257,0.090033
RY4C.DE,2024-07-22,-35.1,negative,Q2,0.017254,-0.009173,0.026428,0.090773,-0.007895,0.098668,0.087772,-0.00586,0.093632,0.27982,0.059257,0.220563
AOMD.DE,2024-07-23,-105.51,negative,Q1,-0.039978,-0.004826,-0.035152,-0.008762,0.006591,-0.015353,-0.015882,0.005761,-0.021643,0.120482,0.058395,0.062087
4I1.DE,2024-07-23,-2.04,negative,Q3,0.025245,-0.004826,0.030071,0.048446,0.006591,0.041856,0.059791,0.005761,0.054031,0.096791,0.058395,0.038396
HLE.DE,2024-07-23,16.92,positive,Q4,0.002351,-0.004826,0.007177,0.016224,0.006591,0.009633,0.017399,0.005761,0.011639,0.011639,0.058395,-0.046756
ABEC.DE,2024-07-23,2.33,positive,Q3,-0.010751,-0.004826,-0.005925,-0.010999,0.006591,-0.01759,-0.068481,0.005761,-0.074242,-0.058973,0.058395,-0.117368
CCC3.DE,2024-07-23,-30.85,negative,Q2,0.018283,-0.004826,0.023109,0.028208,0.006591,0.021617,0.039526,0.005761,0.033765,0.07766,0.058395,0.019265
KMY.DE,2024-07-23,-6.25,negative,Q3,0.0264,-0.004826,0.031226,0.019903,0.006591,0.013312,0.024015,0.005761,0.018254,0.055514,0.058395,-0.00288
PAE.DE,2024-07-23,0.0,negative,Q3,-0.001964,-0.004826,0.002862,0.011206,0.006591,0.004615,-0.044131,0.005761,-0.049892,0.12165,0.058395,0.063255
3V64.DE,2024-07-23,-0.88,negative,Q3,0.002154,-0.004826,0.00698,0.046915,0.006591,0.040325,0.029037,0.005761,0.023276,0.132604,0.058395,0.074209
HYQ.DE,2024-07-23,56.09,positive,Q5,-0.049057,-0.004826,-0.04423,0.038491,0.006591,0.0319,-0.033208,0.005761,-0.038969,0.056604,0.058395,-0.001791
RPL.DE,2024-07-23,-83.06,negative,Q1,-0.008834,-0.004826,-0.004008,0.016254,0.006591,0.009664,0.020495,0.005761,0.014734,-0.063604,0.058395,-0.121999
8GM.DE,2024-07-23,-5.56,negative,Q3,-0.033834,-0.004826,-0.029008,-0.033595,0.006591,-0.040186,-0.009769,0.005761,-0.01553,0.061472,0.058395,0.003078
MTT.DE,2024-07-23,-3.57,negative,Q3,0.00287,-0.004826,0.007696,0.035591,0.006591,0.029,-0.003444,0.005761,-0.009205,-0.015499,0.058395,-0.073894
LOM.DE,2024-07-23,5.8,positive,Q4,0.029805,-0.004826,0.034632,0.070224,0.006591,0.063633,0.075474,0.005761,0.069713,0.218848,0.058395,0.160454
ABEA.DE,2024-07-23,2.33,positive,Q3,-0.011369,-0.004826,-0.006543,-0.009987,0.006591,-0.016578,-0.068719,0.005761,-0.07448,-0.05848,0.058395,-0.116875
TII.DE,2024-07-23,5.56,positive,Q4,-0.00371,-0.004826,0.001117,0.025397,0.006591,0.018806,0.027223,0.005761,0.021462,-0.014496,0.058395,-0.072891
FPMB.DE,2024-07-23,7.26,positive,Q4,-0.007853,-0.004826,-0.003027,0.009816,0.006591,0.003225,-0.059387,0.005761,-0.065147,0.068466,0.058395,0.010072
639.DE,2024-07-23,26.67,positive,Q5,-0.018115,-0.004826,-0.013289,0.001282,0.006591,-0.005308,-0.006733,0.005761,-0.012494,0.11959,0.058395,0.061195
TL0.DE,2024-07-23,-30.96,negative,Q2,0.017071,-0.004826,0.021897,0.056655,0.006591,0.050064,-0.028699,0.005761,-0.03446,-0.003711,0.058395,-0.062106
CTP2.DE,2024-07-23,-11.05,negative,Q2,0.019696,-0.004826,0.024522,0.095195,0.006591,0.088605,0.022083,0.005761,0.016322,0.110116,0.058395,0.051722
DB1.DE,2024-07-24,2.64,positive,Q3,0.004259,0.006494,-0.002235,-0.00744,-0.011786,0.004346,0.051542,0.018273,0.033269,0.153871,0.061381,0.09249
RHM.DE,2024-07-24,-55.29,negative,Q1,0.037973,0.006494,0.031479,0.05326,-0.011786,0.065046,0.135772,0.018273,0.117499,0.048164,0.061381,-0.013217
CRIN.DE,2024-07-24,19.71,positive,Q5,-0.005951,0.006494,-0.012445,-0.060357,-0.011786,-0.048571,-0.040805,0.018273,-0.059078,0.058373,0.061381,-0.003007
IBE1.DE,2024-07-24,21.25,positive,Q5,0.001698,0.006494,-0.004796,-0.00764,-0.011786,0.004146,0.036503,0.018273,0.018229,0.134126,0.061381,0.072745
EJT1.DE,2024-07-24,7.25,positive,Q4,0.009416,0.006494,0.002922,-0.056497,-0.011786,-0.044711,-0.026365,0.018273,-0.044639,0.137476,0.061381,0.076096
8TRA.DE,2024-07-24,-12.03,negative,Q2,0.00698,0.006494,0.000486,-0.017267,-0.011786,-0.005481,0.019104,0.018273,0.00083,0.076414,0.061381,0.015034
ALD.DE,2024-07-24,3.1,positive,Q3,-0.012844,0.006494,-0.019338,-0.001543,-0.011786,0.010243,-0.028609,0.018273,-0.046883,0.098065,0.061381,0.036684
BSD2.DE,2024-07-24,4.11,positive,Q4,-0.009174,0.006494,-0.015668,-0.066514,-0.011786,-0.054728,-0.048165,0.018273,-0.066438,0.013761,0.061381,-0.047619
HOT.DE,2024-07-24,83.18,positive,Q5,0.012405,0.006494,0.005911,0.021955,-0.011786,0.033741,0.049621,0.018273,0.031348,0.124052,0.061381,0.062672
LCR.DE,2024-07-24,-18.55,negative,Q2,0.00424,0.006494,-0.002254,0.012154,-0.011786,0.02394,0.018655,0.018273,0.000381,0.310345,0.061381,0.248964
KLA.DE,2024-07-24,7.32,positive,Q4,0.015396,0.006494,0.008902,0.041237,-0.011786,0.053023,0.029533,0.018273,0.01126,-0.124585,0.061381,-0.185966
P911.DE,2024-07-24,12.5,positive,Q4,0.012513,0.006494,0.006019,-0.001984,-0.011786,0.009802,0.011903,0.018273,-0.00637,-0.027774,0.061381,-0.089154
FIV.DE,2024-07-24,-27.55,negative,Q2,0.016588,0.006494,0.010094,0.036771,-0.011786,0.048557,0.047553,0.018273,0.02928,0.278684,0.061381,0.217303
REP.DE,2024-07-24,36.34,positive,Q5,-0.007293,0.006494,-0.013787,0.003241,-0.011786,0.015028,-0.046191,0.018273,-0.064465,-0.094814,0.061381,-0.156194
UWS.DE,2024-07-24,-8.19,negative,Q3,-0.023243,0.006494,-0.029737,0.014241,-0.011786,0.026027,0.007311,0.018273,-0.010962,0.050087,0.061381,-0.011293
NEM.DE,2024-07-24,10.81,positive,Q4,0.004086,0.006494,-0.002408,0.029652,-0.011786,0.041438,0.051716,0.018273,0.033443,0.181882,0.061381,0.120501
C9F.DE,2024-07-24,3.29,positive,Q4,-0.023464,0.006494,-0.029958,0.056101,-0.011786,0.067887,0.022184,0.018273,0.003911,0.186007,0.061381,0.124626
INP.DE,2024-07-24,243.21,positive,Q5,0.014046,0.006494,0.007552,0.012792,-0.011786,0.024578,0.045899,0.018273,0.027626,0.048157,0.061381,-0.013224
DBK.DE,2024-07-24,80.95,positive,Q5,0.0,0.006494,-0.006494,-0.029223,-0.011786,-0.017437,0.019244,0.018273,0.000971,0.131148,0.061381,0.069767
SOBA.DE,2024-07-24,-13.13,negative,Q2,-0.022327,0.006494,-0.028821,-0.005875,-0.011786,0.005911,-0.026439,0.018273,-0.044713,0.123384,0.061381,0.062003
FMC1.DE,2024-07-24,-28.59,negative,Q2,-0.013641,0.006494,-0.020135,-0.048269,-0.011786,-0.036483,-0.029381,0.018273,-0.047654,-0.011543,0.061381,-0.072923
IBM.DE,2024-07-24,-9.85,negative,Q2,-0.003578,0.006494,-0.010072,-0.008329,-0.011786,0.003457,-0.002816,0.018273,-0.021089,0.220554,0.061381,0.159173
GDX.DE,2024-07-24,-0.65,negative,Q3,-0.011651,0.006494,-0.018145,0.003871,-0.011786,0.015657,-0.026642,0.018273,-0.044916,0.052488,0.061381,-0.008893
BMT.DE,2024-07-25,16.18,positive,Q4,0.013238,-0.00526,0.018499,0.011881,-0.041066,0.052946,0.012899,0.01083,0.002068,0.016293,0.052128,-0.035835
ZEG.DE,2024-07-25,-37.16,negative,Q2,0.01766,-0.00526,0.02292,0.02706,-0.041066,0.068125,0.081108,0.01083,0.070278,-0.008474,0.052128,-0.060602
AZ2.DE,2024-07-25,-4.8,negative,Q3,-0.012484,-0.00526,-0.007223,-0.015092,-0.041066,0.025973,0.0436,0.01083,0.032769,0.079933,0.052128,0.027805
NDX1.DE,2024-07-25,100.37,positive,Q5,-0.010661,-0.00526,-0.005401,-0.090974,-0.041066,-0.049908,-0.022743,0.01083,-0.033574,-0.037669,0.052128,-0.089797
4AB.DE,2024-07-25,-69.96,negative,Q1,0.002806,-0.00526,0.008066,-0.000427,-0.041066,0.040639,0.032752,0.01083,0.021922,0.026592,0.052128,-0.025536
2OY.DE,2024-07-25,-12.78,negative,Q2,0.029631,-0.00526,0.034892,0.000467,-0.041066,0.041532,0.023798,0.01083,0.012968,0.022165,0.052128,-0.029963
HAR.DE,2024-07-25,16.03,positive,Q4,0.010284,-0.00526,0.015545,0.024501,-0.041066,0.065567,0.00726,0.01083,-0.003571,-0.072595,0.052128,-0.124723
8TI.DE,2024-07-25,-57.32,negative,Q1,-0.031693,-0.00526,-0.026432,-0.094403,-0.041066,-0.053338,-0.074848,0.01083,-0.085679,-0.233985,0.052128,-0.286113
SNW.DE,2024-07-25,-8.67,negative,Q3,-0.011725,-0.00526,-0.006465,-0.009251,-0.041066,0.031814,0.041201,0.01083,0.03037,0.017104,0.052128,-0.035024
DRW3.DE,2024-07-25,-22.12,negative,Q2,-0.003211,-0.00526,0.00205,-0.04345,-0.041066,-0.002385,-0.051798,0.01083,-0.062628,-0.02911,0.052128,-0.081238
ALD.DE,2024-07-25,-2.65,negative,Q3,-0.003239,-0.00526,0.002021,0.005305,-0.041066,0.046371,-0.008711,0.01083,-0.019542,0.118383,0.052128,0.066255
BFSA.DE,2024-07-25,-13.33,negative,Q2,-0.009181,-0.00526,-0.003921,-0.039195,-0.041066,0.001871,-0.067444,0.01083,-0.078274,-0.19315,0.052128,-0.245278
VVU.DE,2024-07-25,-13.23,negative,Q2,0.005112,-0.00526,0.010373,-0.052147,-0.041066,-0.011082,0.00409,0.01083,-0.00674,0.030675,0.052128,-0.021453
AIXA.DE,2024-07-25,-16.67,negative,Q2,0.036435,-0.00526,0.041696,-0.034466,-0.041066,0.0066,-0.168882,0.01083,-0.179713,-0.288035,0.052128,-0.340163
UNP.DE,2024-07-25,1.19,positive,Q3,0.006307,-0.00526,0.011567,-0.027482,-0.041066,0.013583,-0.003821,0.01083,-0.014651,0.012613,0.052128,-0.039515
HRS.DE,2024-07-25,-39.73,negative,Q1,-0.040638,-0.00526,-0.035378,-0.073212,-0.041066,-0.032146,-0.084402,0.01083,-0.095232,None,None,None
WAF.DE,2024-07-25,447.62,positive,Q5,0.008095,-0.00526,0.013355,-0.034808,-0.041066,0.006257,-0.019428,0.01083,-0.030258,-0.210739,0.052128,-0.262867
NFS.DE,2024-07-25,13.48,positive,Q4,0.008774,-0.00526,0.014035,-0.020996,-0.041066,0.02007,-0.038634,0.01083,-0.049464,0.049557,0.052128,-0.002571
ENL.DE,2024-07-25,18.88,positive,Q5,-0.001597,-0.00526,0.003663,-0.027157,-0.041066,0.013909,0.00639,0.01083,-0.004441,0.076677,0.052128,0.024549
68V.DE,2024-07-25,17.84,positive,Q4,0.0,-0.00526,0.00526,0.098107,-0.041066,0.139173,-0.032177,0.01083,-0.043007,0.065931,0.052128,0.013803
JNP.DE,2024-07-25,-76.73,negative,Q1,0.012066,-0.00526,0.017326,0.017363,-0.041066,0.058429,0.011477,0.01083,0.000647,0.063567,0.052128,0.011439
XER2.DE,2024-07-25,-66.68,negative,Q1,0.024793,-0.00526,0.030054,-0.086777,-0.041066,-0.045711,-0.036157,0.01083,-0.046987,-0.056818,0.052128,-0.108946
HMI.DE,2024-07-25,-1.95,negative,Q3,-0.027815,-0.00526,-0.022554,-0.05971,-0.041066,-0.018644,0.051801,0.01083,0.04097,-0.01247,0.052128,-0.064598
TOTB.DE,2024-07-25,-24.62,negative,Q2,-0.005893,-0.00526,-0.000632,-0.016638,-0.041066,0.024428,0.011438,0.01083,0.000608,-0.023224,0.052128,-0.075351
SGM.DE,2024-07-25,-9.55,negative,Q2,0.010241,-0.00526,0.015501,-0.093492,-0.041066,-0.052426,-0.093162,0.01083,-0.103992,-0.152296,0.052128,-0.204424
5UR.DE,2024-07-25,-93.63,negative,Q1,-0.010565,-0.00526,-0.005305,-0.002811,-0.041066,0.038255,0.007463,0.01083,-0.003367,0.11011,0.052128,0.057982
VOS.DE,2024-07-25,80.46,positive,Q5,-0.013828,-0.00526,-0.008567,-0.06994,-0.041066,-0.028874,-0.056112,0.01083,-0.066943,-0.07495,0.052128,-0.127078
4PN.DE,2024-07-25,201.27,positive,Q5,0.032247,-0.00526,0.037507,-0.013747,-0.041066,0.027318,0.080788,0.01083,0.069957,0.258826,0.052128,0.206698
BAS.DE,2024-07-26,7.25,positive,Q4,-0.00539,0.00494,-0.01033,-0.05022,-0.053583,0.003362,0.0512,0.019712,0.031488,0.070554,0.06126,0.009293
CPA.DE,2024-07-26,1.97,positive,Q3,-0.004758,0.00494,-0.009698,-0.005864,-0.053583,0.047719,0.016929,0.019712,-0.002784,-0.006971,0.06126,-0.068231
BRM.DE,2024-07-26,-48.87,negative,Q1,-0.040372,0.00494,-0.045312,-0.069857,-0.053583,-0.016274,-0.083012,0.019712,-0.102724,0.061465,0.06126,0.000205
ENI.DE,2024-07-26,-54.97,negative,Q1,0.0,0.00494,-0.00494,-0.048632,-0.053583,0.00495,0.004559,0.019712,-0.015153,-0.010638,0.06126,-0.071899
HAG.DE,2024-07-26,-176.62,negative,Q1,0.016519,0.00494,0.011579,-0.059292,-0.053583,-0.005709,-0.032153,0.019712,-0.051866,-0.062537,0.06126,-0.123797
MBG.DE,2024-07-26,5.36,positive,Q4,-0.004388,0.00494,-0.009329,-0.080393,-0.053583,-0.026811,0.010707,0.019712,-0.009005,-0.057223,0.06126,-0.118483
AIL.DE,2024-07-26,-4.53,negative,Q3,0.011183,0.00494,0.006242,-0.015484,-0.053583,0.038099,-0.000737,0.019712,-0.02045,0.014685,0.06126,-0.046575
FPE.DE,2024-07-26,0.0,negative,Q3,0.060062,0.00494,0.055122,0.030031,-0.053583,0.083614,0.0466,0.019712,0.026888,0.081809,0.06126,0.020548
FPE3.DE,2024-07-26,0.0,negative,Q3,0.065152,0.00494,0.060212,0.027101,-0.053583,0.080684,0.012866,0.019712,-0.006846,0.100739,0.06126,0.039479
WCH.DE,2024-07-26,-28.4,negative,Q2,-0.016419,0.00494,-0.021359,-0.11116,-0.053583,-0.057578,-0.076659,0.019712,-0.096371,-0.082982,0.06126,-0.144242
MMM.DE,2024-07-26,22.29,positive,Q5,0.009357,0.00494,0.004417,-0.026201,-0.053583,0.027382,0.024864,0.019712,0.005152,0.022458,0.06126,-0.038802
MDO.DE,2024-07-29,-9.06,negative,Q3,0.005946,0.005294,0.000652,0.014312,-0.057403,0.071716,0.068249,0.020157,0.048093,0.129364,0.057161,0.072202
HNK1.DE,2024-07-29,-107.85,negative,Q1,0.004537,0.005294,-0.000757,-0.01046,-0.057403,0.046943,0.004285,0.020157,-0.015872,-0.024197,0.057161,-0.081358
2HQ.DE,2024-07-29,-28.32,negative,Q2,-0.010695,0.005294,-0.015989,-0.13369,-0.057403,-0.076287,-0.192513,0.020157,-0.21267,-0.160428,0.057161,-0.217589
STM.DE,2024-07-29,-7.97,negative,Q3,0.004616,0.005294,-0.000678,-0.075467,-0.057403,-0.018064,-0.138703,0.020157,-0.15886,-0.210709,0.057161,-0.26787
FFV.DE,2024-07-29,-18.05,negative,Q2,0.012346,0.005294,0.007052,-0.067901,-0.057403,-0.010498,-0.039989,0.020157,-0.060146,0.075684,0.057161,0.018523
KBX.DE,2024-07-29,-1.1,negative,Q3,-0.000548,0.005294,-0.005842,-0.087123,-0.057403,-0.02972,-0.016027,0.020157,-0.036184,0.069863,0.057161,0.012702
R66.DE,2024-07-30,20.0,positive,Q5,-0.039892,-0.022995,-0.016897,-0.097138,-0.048275,-0.048863,-0.102998,0.021823,-0.124821,-0.129592,0.05527,-0.184862
XY6.DE,2024-07-30,-24.44,negative,Q2,-0.012928,-0.022995,0.010067,-0.049501,-0.048275,-0.001226,-0.003846,0.021823,-0.025669,-0.021109,0.05527,-0.076379
FME.DE,2024-07-30,4.48,positive,Q4,-0.038968,-0.022995,-0.015974,-0.070774,-0.048275,-0.022499,-0.031519,0.021823,-0.053342,0.070201,0.05527,0.014931
AMD.DE,2024-07-30,-76.18,negative,Q1,-0.054311,-0.022995,-0.031316,-0.085918,-0.048275,-0.037643,-0.007568,0.021823,-0.029391,0.090073,0.05527,0.034803
AXJ.DE,2024-07-30,-6.87,negative,Q3,-0.049358,-0.022995,-0.026363,-0.152355,-0.048275,-0.10408,-0.053135,0.021823,-0.074959,0.046084,0.05527,-0.009186
MSF.DE,2024-07-30,0.36,positive,Q3,0.004531,-0.022995,0.027526,-0.034467,-0.048275,0.013807,-0.016579,0.021823,-0.038402,0.027265,0.05527,-0.028005
SRB.DE,2024-07-30,-0.92,negative,Q3,-0.056266,-0.022995,-0.033271,-0.049162,-0.048275,-0.000887,0.180875,0.021823,0.159052,0.254192,0.05527,0.198922
1COV.DE,2024-07-30,-383.58,negative,Q1,0.007712,-0.022995,0.030707,-0.020933,-0.048275,0.027342,0.01726,0.021823,-0.004563,0.069042,0.05527,0.013772
2PP.DE,2024-07-30,8.34,positive,Q4,-0.003458,-0.022995,0.019537,-0.056973,-0.048275,-0.008699,0.081014,0.021823,0.059191,0.265108,0.05527,0.209838
ADM.DE,2024-07-30,-19.39,negative,Q2,-0.006323,-0.022995,0.016671,-0.0504,-0.048275,-0.002125,-0.024549,0.021823,-0.046372,-0.060443,0.05527,-0.115712
RAW.DE,2024-07-30,11.05,positive,Q4,-0.015634,-0.022995,0.007361,-0.103069,-0.048275,-0.054794,-0.010423,0.021823,-0.032246,0.016792,0.05527,-0.038478
BPE5.DE,2024-07-30,-105.18,negative,Q1,-0.012024,-0.022995,0.010971,-0.064128,-0.048275,-0.015854,-0.036072,0.021823,-0.057895,-0.106212,0.05527,-0.161482
F3A.DE,2024-07-30,20.24,positive,Q5,0.017082,-0.022995,0.040076,0.000504,-0.048275,0.048779,0.033458,0.021823,0.011634,-0.048473,0.05527,-0.103743
HEI.DE,2024-07-30,-25.66,negative,Q2,-0.023626,-0.022995,-0.000632,-0.085645,-0.048275,-0.03737,-0.010653,0.021823,-0.032476,0.044721,0.05527,-0.010549
SWF.DE,2024-07-30,-115.21,negative,Q1,-0.04223,-0.022995,-0.019235,-0.124804,-0.048275,-0.076529,-0.064445,0.021823,-0.086268,-0.020853,0.05527,-0.076123
ERT.DE,2024-07-30,151.16,positive,Q5,-0.018816,-0.022995,0.004178,-0.017955,-0.048275,0.03032,-0.028656,0.021823,-0.050479,-0.048549,0.05527,-0.103819
GUI.DE,2024-07-30,-47.74,negative,Q1,-0.008103,-0.022995,0.014892,-0.021731,-0.048275,0.026544,0.046409,0.021823,0.024586,0.094291,0.05527,0.039021
KTF.DE,2024-07-30,-43.41,negative,Q1,-0.006162,-0.022995,0.016833,0.001135,-0.048275,0.04941,0.008918,0.021823,-0.012905,0.018161,0.05527,-0.037109
AIR.DE,2024-07-30,-16.97,negative,Q2,-0.043815,-0.022995,-0.02082,-0.029137,-0.048275,0.019138,0.004162,0.021823,-0.017661,-0.001387,0.05527,-0.056657
PRG.DE,2024-07-30,-7.81,negative,Q3,0.018306,-0.022995,0.041301,0.054642,-0.048275,0.102917,0.033918,0.021823,0.012095,0.056507,0.05527,0.001238
6MK.DE,2024-07-30,-0.99,negative,Q3,-0.003756,-0.022995,0.019238,-0.035983,-0.048275,0.012292,0.007612,0.021823,-0.014212,-0.080071,0.05527,-0.135341
TMV.DE,2024-07-30,0.0,negative,Q3,0.050481,-0.022995,0.073475,0.016026,-0.048275,0.0643,0.005609,0.021823,-0.016214,0.091346,0.05527,0.036076
W3U.DE,2024-07-30,-7.22,negative,Q3,-0.017078,-0.022995,0.005917,-0.043643,-0.048275,0.004631,-0.004744,0.021823,-0.026567,-0.039848,0.05527,-0.095118
IES.DE,2024-07-30,6.9,positive,Q4,-0.041791,-0.022995,-0.018796,-0.077612,-0.048275,-0.029337,-0.00597,0.021823,-0.027793,0.047761,0.05527,-0.007509
PFE.DE,2024-07-30,-98.43,negative,Q1,-0.007224,-0.022995,0.01577,-0.057034,-0.048275,-0.008759,-0.091255,0.021823,-0.113078,-0.064639,0.05527,-0.119909
RDC.DE,2024-07-30,-162.5,negative,Q1,-0.00938,-0.022995,0.013615,0.031746,-0.048275,0.080021,-0.140693,0.021823,-0.162516,0.062771,0.05527,0.007501
TNE5.DE,2024-07-31,-11.92,negative,Q2,-0.007634,-0.023327,0.015694,-0.02799,-0.022267,-0.005723,-0.010178,0.04556,-0.055738,0.053435,0.077145,-0.02371
COZ.DE,2024-07-31,1.92,positive,Q3,-0.031541,-0.023327,-0.008213,-0.031977,-0.022267,-0.00971,0.003343,0.04556,-0.042217,-0.001017,0.077145,-0.078163
EBA.DE,2024-07-31,-60.79,negative,Q1,0.0,-0.023327,0.023327,-0.043562,-0.022267,-0.021295,0.000964,0.04556,-0.044597,0.106592,0.077145,0.029447
PHM7.DE,2024-07-31,63.49,positive,Q5,-0.007812,-0.023327,0.015515,0.003314,-0.022267,0.025581,0.045928,0.04556,0.000368,0.025568,0.077145,-0.051577
FRE.DE,2024-07-31,9.46,positive,Q4,-0.012899,-0.023327,0.010428,-0.026121,-0.022267,-0.003854,0.051274,0.04556,0.005713,0.073202,0.077145,-0.003943
QIA.DE,2024-07-31,-276.02,negative,Q1,0.015965,-0.023327,0.039293,-0.001451,-0.022267,0.020815,0.001209,0.04556,-0.044351,-0.062893,0.077145,-0.140038
JDE.DE,2024-07-31,-3.16,negative,Q3,0.0,-0.023327,0.023327,-0.001001,-0.022267,0.021266,0.0,0.04556,-0.04556,0.051051,0.077145,-0.026094
QCI.DE,2024-07-31,-16.19,negative,Q2,-0.039179,-0.023327,-0.015852,-0.032183,-0.022267,-0.009916,0.005597,0.04556,-0.039963,0.048108,0.077145,-0.029037
ADS.DE,2024-07-31,21.11,positive,Q5,-0.030165,-0.023327,-0.006837,-0.044352,-0.022267,-0.022085,0.028822,0.04556,-0.016738,-0.01553,0.077145,-0.092675
KHNZ.DE,2024-07-31,-88.61,negative,Q1,-0.001,-0.023327,0.022328,-0.008664,-0.022267,0.013603,-0.007664,0.04556,-0.053224,0.006331,0.077145,-0.070814
KIN2.DE,2024-07-31,23.89,positive,Q5,-0.041363,-0.023327,-0.018035,-0.090024,-0.022267,-0.067758,-0.023114,0.04556,-0.068675,0.1691,0.077145,0.091955
LHA.DE,2024-07-31,-13.33,negative,Q2,-0.016698,-0.023327,0.00663,-0.012987,-0.022267,0.00928,0.040816,0.04556,-0.004744,0.152134,0.077145,0.074988
2QO.DE,2024-07-31,-99.4,negative,Q1,-0.032113,-0.023327,-0.008785,-0.039064,-0.022267,-0.016797,0.016252,0.04556,-0.029308,-0.218915,0.077145,-0.29606
KGX.DE,2024-07-31,22.22,positive,Q5,-0.060732,-0.023327,-0.037405,-0.046145,-0.022267,-0.023878,0.023221,0.04556,-0.022339,0.028878,0.077145,-0.048267
3E2.DE,2024-07-31,-10.06,negative,Q2,-0.028536,-0.023327,-0.005208,-0.109296,-0.022267,-0.08703,-0.106425,0.04556,-0.151985,-0.207286,0.077145,-0.284432
MGG.DE,2024-07-31,-1.6,negative,Q3,-0.043924,-0.023327,-0.020596,0.008492,-0.022267,0.030759,-0.010835,0.04556,-0.056395,0.118594,0.077145,0.041449
AWC.DE,2024-07-31,-2.94,negative,Q3,-0.017518,-0.023327,0.005809,-0.002238,-0.022267,0.020029,-0.036348,0.04556,-0.081908,-0.051011,0.077145,-0.128156
GTR.DE,2024-07-31,111.86,positive,Q5,-0.07135,-0.023327,-0.048023,-0.203074,-0.022267,-0.180807,-0.12843,0.04556,-0.173991,-0.145993,0.077145,-0.223139
SHL.DE,2024-07-31,0.0,negative,Q3,-0.008242,-0.023327,0.015085,-0.001855,-0.022267,0.020412,0.065526,0.04556,0.019966,-0.003091,0.077145,-0.080236
ADP.DE,2024-07-31,-2.59,negative,Q3,-0.011193,-0.023327,0.012134,-0.028171,-0.022267,-0.005905,0.024273,0.04556,-0.021288,None,None,None
BOY.DE,2024-07-31,9.59,positive,Q4,-0.03787,-0.023327,-0.014542,-0.04142,-0.022267,-0.019153,0.04142,0.04556,-0.00414,0.009467,0.077145,-0.067678
BCO.DE,2024-07-31,-19.16,negative,Q2,-0.073241,-0.023327,-0.049914,-0.07733,-0.022267,-0.055063,-0.062057,0.04556,-0.107617,-0.15009,0.077145,-0.227235
OMV.DE,2024-07-31,-27.27,negative,Q2,-0.015025,-0.023327,0.008303,-0.00549,-0.022267,0.016777,0.025137,0.04556,-0.020423,0.021959,0.077145,-0.055186
TM5.DE,2024-07-31,8.92,positive,Q4,0.048411,-0.023327,0.071738,0.054523,-0.022267,0.07679,0.072738,0.04556,0.027178,0.255562,0.077145,0.178417
HBC1.DE,2024-07-31,8.12,positive,Q4,-0.038514,-0.023327,-0.015187,-0.03989,-0.022267,-0.017623,0.028886,0.04556,-0.016674,0.118294,0.077145,0.041149
RIO1.DE,2024-07-31,1.84,positive,Q3,-0.022239,-0.023327,0.001089,-0.027385,-0.022267,-0.005118,-0.017644,0.04556,-0.063204,0.070575,0.077145,-0.00657
AHC.DE,2024-07-31,-4.58,negative,Q3,-0.040427,-0.023327,-0.0171,-0.069565,-0.022267,-0.047298,-0.057513,0.04556,-0.103074,-0.049733,0.077145,-0.126878
UN0.DE,2024-07-31,65.0,positive,Q5,-0.052842,-0.023327,-0.029514,-0.057304,-0.022267,-0.035037,0.013856,0.04556,-0.031704,0.106623,0.077145,0.029478
6D81.DE,2024-07-31,-52.81,negative,Q1,-0.043667,-0.023327,-0.02034,-0.056957,-0.022267,-0.03469,-0.002577,0.04556,-0.048137,0.02441,0.077145,-0.052735
AUD.DE,2024-07-31,-35.68,negative,Q2,-0.047191,-0.023327,-0.023864,-0.015506,-0.022267,0.006761,0.054607,0.04556,0.009046,0.205843,0.077145,0.128698
PCE1.DE,2024-07-31,8.28,positive,Q4,-0.088321,-0.023327,-0.064994,-0.092136,-0.022267,-0.069869,0.032863,0.04556,-0.012697,0.205563,0.077145,0.128418
2X0.DE,2024-07-31,-12.42,negative,Q2,-0.065452,-0.023327,-0.042125,-0.06245,-0.022267,-0.040183,-0.007406,0.04556,-0.052966,None,None,None
KRN.DE,2024-07-31,55.32,positive,Q5,-0.042527,-0.023327,-0.019199,-0.040862,-0.022267,-0.018595,0.013066,0.04556,-0.032494,-0.006575,0.077145,-0.08372
WDC.DE,2024-07-31,-87.5,negative,Q1,-0.058353,-0.023327,-0.035026,-0.021451,-0.022267,0.000816,0.068351,0.04556,0.022791,0.145428,0.077145,0.068283
FB2A.DE,2024-07-31,9.32,positive,Q4,-0.037452,-0.023327,-0.014125,-0.013834,-0.022267,0.008432,0.003103,0.04556,-0.042457,0.166681,0.077145,0.089536
AUS.DE,2024-08-01,-181.98,negative,Q1,-0.015826,-0.018245,0.002418,-0.104924,0.003491,-0.108415,0.082649,0.071888,0.010762,-0.001759,0.090374,-0.092133
PSM.DE,2024-08-01,83.33,positive,Q5,-0.02455,-0.018245,-0.006305,-0.055646,0.003491,-0.059138,-0.06874,0.071888,-0.140628,-0.080196,0.090374,-0.170571
CGN.DE,2024-08-01,-15.33,negative,Q2,-0.036471,-0.018245,-0.018227,0.000797,0.003491,-0.002694,0.070351,0.071888,-0.001537,-0.051452,0.090374,-0.141826
RRU.DE,2024-08-01,16.55,positive,Q4,-0.046041,-0.018245,-0.027796,0.036832,0.003491,0.033341,0.01105,0.071888,-0.060838,0.239411,0.090374,0.149036
PEO.DE,2024-08-01,18.68,positive,Q5,-0.032286,-0.018245,-0.014042,-0.029058,0.003491,-0.032549,-0.012328,0.071888,-0.084216,0.049897,0.090374,-0.040477
VOW3.DE,2024-08-01,-12.16,negative,Q2,-0.030593,-0.018245,-0.012349,-0.030153,0.003491,-0.033644,0.005392,0.071888,-0.066496,-0.072081,0.090374,-0.162455
USX1.DE,2024-08-01,-5.23,negative,Q3,-0.022777,-0.018245,-0.004533,0.029638,0.003491,0.026146,-0.064215,0.071888,-0.136103,-0.007135,0.090374,-0.097509
2FE.DE,2024-08-01,12.25,positive,Q4,-0.010211,-0.018245,0.008033,-0.015819,0.003491,-0.01931,0.142677,0.071888,0.070789,0.132466,0.090374,0.042091
BCY.DE,2024-08-01,27.97,positive,Q5,-0.017021,-0.018245,0.001223,0.046809,0.003491,0.043317,0.119149,0.071888,0.047261,0.212766,0.090374,0.122392
BOSS.DE,2024-08-01,-32.5,negative,Q2,0.013392,-0.018245,0.031636,-0.003553,0.003491,-0.007044,-0.014758,0.071888,-0.086646,0.102214,0.090374,0.011839
EVK.DE,2024-08-01,40.0,positive,Q5,-0.022359,-0.018245,-0.004114,-0.046395,0.003491,-0.049886,0.058133,0.071888,-0.013755,0.062605,0.090374,-0.027769
DHL.DE,2024-08-01,-3.08,negative,Q3,-0.00964,-0.018245,0.008605,-0.0241,0.003491,-0.027591,0.071732,0.071888,-0.000156,0.007655,0.090374,-0.082719
INL.DE,2024-08-01,-473.74,negative,Q1,-0.0681,-0.018245,-0.049856,-0.076805,0.003491,-0.080296,0.014849,0.071888,-0.057039,0.057348,0.090374,-0.033027
BMW3.DE,2024-08-01,-1.2,negative,Q3,-0.032298,-0.018245,-0.014054,-0.025755,0.003491,-0.029247,0.024224,0.071888,-0.047664,-0.102046,0.090374,-0.192421
MTX.DE,2024-08-01,12.29,positive,Q4,-0.0144,-0.018245,0.003845,0.005454,0.003491,0.001962,0.038176,0.071888,-0.033712,0.19253,0.090374,0.102155
VOW.DE,2024-08-01,-19.77,negative,Q2,-0.025133,-0.018245,-0.006889,-0.020312,0.003491,-0.023803,-0.010669,0.071888,-0.082557,-0.100226,0.090374,-0.1906
YCP.DE,2024-08-01,1.09,positive,Q3,-0.044409,-0.018245,-0.026165,0.001166,0.003491,-0.002325,0.053206,0.071888,-0.018682,-0.036778,0.090374,-0.127152
INN1.DE,2024-08-01,46.76,positive,Q5,-0.02935,-0.018245,-0.011106,-0.009783,0.003491,-0.013275,0.068484,0.071888,-0.003404,0.01188,0.090374,-0.078494
SY1.DE,2024-08-01,-15.23,negative,Q2,-0.005001,-0.018245,0.013244,0.001364,0.003491,-0.002127,0.066467,0.071888,-0.005421,0.002637,0.090374,-0.087737
MRK.DE,2024-08-01,11.68,positive,Q4,-0.00461,-0.018245,0.013635,0.016196,0.003491,0.012705,0.071575,0.071888,-0.000313,-0.0755,0.090374,-0.165874
MLB1.DE,2024-08-01,22.46,positive,Q5,0.013332,-0.018245,0.031576,0.082108,0.003491,0.078617,0.161101,0.071888,0.089213,0.15699,0.090374,0.066616
VNA.DE,2024-08-01,-12.2,negative,Q2,-0.025951,-0.018245,-0.007706,0.00391,0.003491,0.000419,0.083896,0.071888,0.012008,0.040882,0.090374,-0.049493
DTG.DE,2024-08-01,-10.58,negative,Q2,-0.019108,-0.018245,-0.000864,0.009236,0.003491,0.005744,0.029618,0.071888,-0.04227,0.153822,0.090374,0.063447
KEL.DE,2024-08-01,10.6,positive,Q4,0.14204,-0.018245,0.160285,0.20808,0.003491,0.204588,0.277071,0.071888,0.205183,0.326139,0.090374,0.235765
1QZ.DE,2024-08-01,-85.76,negative,Q1,-0.069188,-0.018245,-0.050944,-0.052871,0.003491,-0.056363,-0.113477,0.071888,-0.185365,0.060606,0.090374,-0.029768
ELG.DE,2024-08-01,16.39,positive,Q4,-0.016525,-0.018245,0.001719,0.001389,0.003491,-0.002103,0.090404,0.071888,0.018516,-0.252048,0.090374,-0.342423
AMZ.DE,2024-08-01,21.24,positive,Q5,-0.033901,-0.018245,-0.015656,0.004188,0.003491,0.000697,0.051702,0.071888,-0.020186,0.16911,0.090374,0.078736
KTN.DE,2024-08-01,9.13,positive,Q4,-0.064045,-0.018245,-0.0458,-0.084831,0.003491,-0.088323,-0.085955,0.071888,-0.157843,-0.109551,0.090374,-0.199925
PCE1.DE,2024-08-01,14.48,positive,Q4,-0.04184,-0.018245,-0.023596,0.012551,0.003491,0.009059,0.134533,0.071888,0.062645,0.326228,0.090374,0.235854
BMW.DE,2024-08-01,-1.43,negative,Q3,-0.02726,-0.018245,-0.009015,-0.028674,0.003491,-0.032166,0.013244,0.071888,-0.058644,-0.105053,0.090374,-0.195428
IC2.DE,2024-08-01,-26.62,negative,Q2,-0.006287,-0.018245,0.011958,0.028107,0.003491,0.024615,0.072707,0.071888,0.000819,0.122189,0.090374,0.031815
UTDI.DE,2024-08-02,-7.46,negative,Q3,0.018268,0.000884,0.017384,0.052774,0.022347,0.030427,0.177943,0.081211,0.096733,0.158322,0.100268,0.058055
EBO.DE,2024-08-02,19.64,positive,Q5,0.007842,0.000884,0.006959,0.04943,0.022347,0.027083,0.104087,0.081211,0.022877,0.169202,0.100268,0.068934
CHV.DE,2024-08-02,-17.88,negative,Q2,-0.000568,0.000884,-0.001452,0.005439,0.022347,-0.016908,0.010472,0.081211,-0.070739,0.050004,0.100268,-0.050263
XONA.DE,2024-08-02,5.85,positive,Q4,0.009218,0.000884,0.008334,0.044165,0.022347,0.021819,0.010737,0.081211,-0.070473,0.048217,0.100268,-0.05205
IFX.DE,2024-08-05,2.38,positive,Q3,0.021378,0.01503,0.006348,0.019002,0.026376,-0.007373,0.011876,0.07131,-0.059433,-0.012555,0.10952,-0.122075
NDA.DE,2024-08-05,264.29,positive,Q5,0.01277,0.01503,-0.00226,0.024067,0.026376,-0.002309,0.065979,0.07131,-0.005331,0.159954,0.10952,0.050434
BM8.DE,2024-08-05,49.09,positive,Q5,-0.000757,0.01503,-0.015787,0.041141,0.026376,0.014765,0.014639,0.07131,-0.056671,-0.226653,0.10952,-0.336174
WMB.DE,2024-08-05,12.15,positive,Q4,0.0,0.01503,-0.01503,-0.011631,0.026376,-0.038007,0.008723,0.07131,-0.062586,0.216759,0.10952,0.107239
FRA.DE,2024-08-06,12.4,positive,Q4,-0.012102,0.003704,-0.015806,0.002689,0.015353,-0.012664,0.040789,0.054575,-0.013786,0.125056,0.08701,0.038046
WYR.DE,2024-08-06,-11.51,negative,Q2,0.025331,0.003704,0.021627,-0.019735,0.015353,-0.035088,0.00972,0.054575,-0.044855,0.285125,0.08701,0.198115
AMG.DE,2024-08-06,-72.47,negative,Q1,0.015127,0.003704,0.011422,0.016876,0.015353,0.001523,0.021323,0.054575,-0.033252,0.02289,0.08701,-0.06412
AFX.DE,2024-08-06,-56.78,negative,Q1,0.01375,0.003704,0.010046,0.008021,0.015353,-0.007332,-0.039777,0.054575,-0.094353,-0.086102,0.08701,-0.173113
ZOE.DE,2024-08-06,-7.91,negative,Q3,-0.004041,0.003704,-0.007745,-0.003806,0.015353,-0.01916,-0.028342,0.054575,-0.082917,-0.071675,0.08701,-0.158686
5G5.DE,2024-08-06,-26.88,negative,Q2,0.027778,0.003704,0.024074,0.0,0.015353,-0.015353,0.037037,0.054575,-0.017538,0.148148,0.08701,0.061138
HS2.DE,2024-08-06,-33.95,negative,Q2,0.028099,0.003704,0.024395,0.026777,0.015353,0.011424,0.041983,0.054575,-0.012592,0.096529,0.08701,0.009519
SHA.DE,2024-08-06,-84.02,negative,Q1,-0.008602,0.003704,-0.012306,-0.008602,0.015353,-0.023955,-0.034409,0.054575,-0.088984,None,None,None
EW1.DE,2024-08-06,-2.54,negative,Q3,0.013476,0.003704,0.009772,0.004182,0.015353,-0.011171,0.021375,0.054575,-0.0332,0.018401,0.08701,-0.068609
RAA.DE,2024-08-06,66.46,positive,Q5,-0.001152,0.003704,-0.004856,0.01211,0.015353,-0.003243,-0.002305,0.054575,-0.05688,0.023057,0.08701,-0.063954
SHA0.DE,2024-08-06,-79.58,negative,Q1,-0.009174,0.003704,-0.012879,-0.009174,0.015353,-0.024528,-0.034404,0.054575,-0.088979,-0.002294,0.08701,-0.089304
CAT1.DE,2024-08-06,181.77,positive,Q5,0.001657,0.003704,-0.002047,0.00328,0.015353,-0.012073,-0.014679,0.054575,-0.069254,0.136779,0.08701,0.049769
T6A.DE,2024-08-06,-55.4,negative,Q1,0.031553,0.003704,0.027849,-0.001618,0.015353,-0.016971,0.014563,0.054575,-0.040012,0.216828,0.08701,0.129818
ADV.DE,2024-08-06,-30.0,negative,Q2,-0.005353,0.003704,-0.009058,0.0,0.015353,-0.015353,0.006424,0.054575,-0.048151,0.02409,0.08701,-0.06292
EX9.DE,2024-08-06,147.84,positive,Q5,0.023671,0.003704,0.019967,-0.003738,0.015353,-0.019091,-0.047757,0.054575,-0.102333,0.318937,0.08701,0.231927
HNM.DE,2024-08-06,-5.51,negative,Q3,0.006626,0.003704,0.002921,-0.008734,0.015353,-0.024087,-0.002861,0.054575,-0.057436,0.114742,0.08701,0.027731
VFP.DE,2024-08-06,-80.91,negative,Q1,-0.043217,0.003704,-0.046921,-0.073229,0.015353,-0.088583,-0.043217,0.054575,-0.097792,0.147059,0.08701,0.060049
BEI.DE,2024-08-06,-8.03,negative,Q3,-0.017908,0.003704,-0.021612,-0.033852,0.015353,-0.049205,0.005891,0.054575,-0.048684,-0.024898,0.08701,-0.111908
I8R.DE,2024-08-06,-35.53,negative,Q2,-0.183516,0.003704,-0.187221,-0.234066,0.015353,-0.249419,-0.361538,0.054575,-0.416114,-0.040659,0.08701,-0.12767
UT8.DE,2024-08-06,50.81,positive,Q5,-0.00225,0.003704,-0.005954,0.041466,0.015353,0.026113,0.040823,0.054575,-0.013752,0.084057,0.08701,-0.002954
BAYN.DE,2024-08-06,6.82,positive,Q4,0.00885,0.003704,0.005145,-0.010773,0.015353,-0.026127,0.109658,0.054575,0.055082,-0.052328,0.08701,-0.139338
ZAL.DE,2024-08-06,59.04,positive,Q5,0.028494,0.003704,0.02479,0.013569,0.015353,-0.001785,0.017187,0.054575,-0.037388,0.269109,0.08701,0.182099
SII.DE,2024-08-07,-10.71,negative,Q2,0.0172,0.002403,0.014797,0.052003,0.028441,0.023563,0.055038,0.035152,0.019887,0.196074,0.089131,0.106944
AHOG.DE,2024-08-07,-13.47,negative,Q2,-0.006224,0.002403,-0.008627,0.005533,0.028441,-0.022908,0.03527,0.035152,0.000118,0.029046,0.089131,-0.060085
PUM.DE,2024-08-07,-26.32,negative,Q2,-0.018759,0.002403,-0.021162,0.043867,0.028441,0.015427,0.095815,0.035152,0.060663,0.191919,0.089131,0.102788
VAS.DE,2024-08-07,-8.55,negative,Q3,-0.006413,0.002403,-0.008816,-0.047183,0.028441,-0.075623,-0.07421,0.035152,-0.109362,-0.120934,0.089131,-0.210065
WDP.DE,2024-08-07,204.55,positive,Q5,-0.006182,0.002403,-0.008584,0.026787,0.028441,-0.001654,0.013007,0.035152,-0.022145,0.130586,0.089131,0.041455
RWL.DE,2024-08-07,-3.09,negative,Q3,-0.006322,0.002403,-0.008724,0.023481,0.028441,-0.00496,-0.021374,0.035152,-0.056526,0.040382,0.089131,-0.048749
SIX2.DE,2024-08-07,4.04,positive,Q4,-0.005612,0.002403,-0.008015,-0.011885,0.028441,-0.040326,-0.036646,0.035152,-0.071798,0.158798,0.089131,0.069667
0Q3.DE,2024-08-07,-0.99,negative,Q3,-0.008306,0.002403,-0.010708,-0.071429,0.028441,-0.099869,-0.109635,0.035152,-0.144786,-0.036545,0.089131,-0.125676
UN0.DE,2024-08-07,0.0,negative,Q3,0.052815,0.002403,0.050412,0.10563,0.028441,0.07719,0.032138,0.035152,-0.003014,0.133284,0.089131,0.044153
C7C1.F,2024-08-07,17.02,positive,Q4,-0.031746,0.002403,-0.034149,0.0,0.028441,-0.028441,0.095238,0.035152,0.060086,0.063492,0.089131,-0.025639
CON.DE,2024-08-07,-0.43,negative,Q3,-0.000353,0.002403,-0.002756,0.013963,0.028441,-0.014478,-0.001414,0.035152,-0.036566,-0.042241,0.089131,-0.131372
CVS.DE,2024-08-07,-19.14,negative,Q2,-0.01195,0.002403,-0.014353,-0.023302,0.028441,-0.051743,-0.002191,0.035152,-0.037343,-0.036447,0.089131,-0.125578
HCL.DE,2024-08-07,30.03,positive,Q5,-0.006494,0.002403,-0.008896,0.064935,0.028441,0.036495,0.114719,0.035152,0.079567,0.253247,0.089131,0.164116
SMHN.DE,2024-08-07,75.0,positive,Q5,0.020232,0.002403,0.017829,0.062167,0.028441,0.033726,-0.078352,0.035152,-0.113504,0.023726,0.089131,-0.065405
O3P.DE,2024-08-07,5.19,positive,Q4,0.0,0.002403,-0.002403,0.011871,0.028441,-0.01657,-0.001439,0.035152,-0.036591,-0.006835,0.089131,-0.095965
LY0.DE,2024-08-07,-92.97,negative,Q1,0.011364,0.002403,0.008961,0.103409,0.028441,0.074969,0.134091,0.035152,0.098939,0.435227,0.089131,0.346096
G1A.DE,2024-08-07,0.0,negative,Q3,0.005635,0.002403,0.003233,0.025615,0.028441,-0.002826,0.04124,0.035152,0.006088,0.153689,0.089131,0.064558
CBK.DE,2024-08-07,-34.09,negative,Q2,0.000835,0.002403,-0.001568,0.03172,0.028441,0.003279,0.033389,0.035152,-0.001763,0.34975,0.089131,0.260619
ENR.DE,2024-08-07,-60.0,negative,Q1,-0.0082,0.002403,-0.010603,0.03321,0.028441,0.00477,-0.02255,0.035152,-0.057702,0.596966,0.089131,0.507835
RHM.DE,2024-08-07,-55.29,negative,Q1,0.052395,0.002403,0.049992,0.10086,0.028441,0.07242,-0.018762,0.035152,-0.053913,-0.061176,0.089131,-0.150307
NOV.DE,2024-08-07,-7.54,negative,Q3,0.041553,0.002403,0.039151,0.062681,0.028441,0.03424,0.008591,0.035152,-0.026561,-0.141755,0.089131,-0.230886
SIX3.DE,2024-08-07,3.52,positive,Q4,0.005745,0.002403,0.003342,0.021543,0.028441,-0.006898,-0.00595,0.035152,-0.041102,0.103816,0.089131,0.014685
FNTN.DE,2024-08-07,-51.9,negative,Q1,-0.003422,0.002403,-0.005824,0.031223,0.028441,0.002783,0.082121,0.035152,0.04697,0.103935,0.089131,0.014804
GIS.DE,2024-08-08,-20.0,negative,Q2,-0.008792,0.000203,-0.008995,-0.006478,0.033827,-0.040306,0.066019,0.040664,0.025355,0.277958,0.074279,0.203679
LLY.DE,2024-08-08,19.53,positive,Q5,-0.007915,0.000203,-0.008117,0.028852,0.033827,-0.004976,-0.006031,0.040664,-0.046695,-0.118004,0.074279,-0.192283
E3X1.DE,2024-08-08,-12.12,negative,Q2,-0.010201,0.000203,-0.010404,0.01826,0.033827,-0.015568,0.025975,0.040664,-0.014689,0.363395,0.074279,0.289116
COK.DE,2024-08-08,-19.2,negative,Q2,-0.005431,0.000203,-0.005634,-0.064155,0.033827,-0.097982,-0.110659,0.040664,-0.151322,-0.204005,0.074279,-0.278284
DTE.DE,2024-08-08,19.05,positive,Q5,0.005019,0.000203,0.004816,0.021748,0.033827,-0.012079,0.065663,0.040664,0.024999,0.152238,0.074279,0.077959
U9RA.DE,2024-08-08,113.01,positive,Q5,-0.011396,0.000203,-0.011599,0.002849,0.033827,-0.030978,-0.07265,0.040664,-0.113313,0.074074,0.074279,-0.000204
G24.DE,2024-08-08,-33.89,negative,Q2,0.00504,0.000203,0.004837,-0.030092,0.033827,-0.063919,0.079158,0.040664,0.038494,0.224281,0.074279,0.150003
DUE.DE,2024-08-08,-61.43,negative,Q1,-0.022857,0.000203,-0.02306,-0.022857,0.033827,-0.056685,-0.089351,0.040664,-0.130014,0.062857,0.074279,-0.011421
SGL.DE,2024-08-08,180.0,positive,Q5,-0.008251,0.000203,-0.008453,-0.023102,0.033827,-0.05693,-0.143564,0.040664,-0.184228,-0.229373,0.074279,-0.303651
HFG.DE,2024-08-08,-79.41,negative,Q1,0.071429,0.000203,0.071226,0.456349,0.033827,0.422522,0.349206,0.040664,0.308543,1.02381,0.074279,0.949531
GFT.DE,2024-08-08,3.31,positive,Q4,-0.00484,0.000203,-0.005043,-0.012101,0.033827,-0.045928,0.00484,0.040664,-0.035824,-0.086157,0.074279,-0.160435
VTSC.DE,2024-08-08,-42.67,negative,Q1,-0.00096,0.000203,-0.001162,0.002879,0.033827,-0.030948,-0.06142,0.040664,-0.102084,None,None,None
U9R.DE,2024-08-08,422.31,positive,Q5,0.06447,0.000203,0.064267,0.051576,0.033827,0.017749,-0.028653,0.040664,-0.069317,0.173352,0.074279,0.099074
GLJ.DE,2024-08-08,0.88,positive,Q3,-0.021386,0.000203,-0.021589,0.013465,0.033827,-0.020362,-0.148119,0.040664,-0.188783,-0.322376,0.074279,-0.396655
AK3.DE,2024-08-08,-44.13,negative,Q1,-0.015788,0.000203,-0.01599,-0.021587,0.033827,-0.055415,-0.070884,0.040664,-0.111548,0.050478,0.074279,-0.023801
DEZ.DE,2024-08-08,278.24,positive,Q5,-0.004504,0.000203,-0.004707,0.029279,0.033827,-0.004548,-0.015766,0.040664,-0.05643,-0.119369,0.074279,-0.193648
ALV.DE,2024-08-08,5.03,positive,Q4,0.0,0.000203,-0.000203,0.043372,0.033827,0.009544,0.108634,0.040664,0.06797,0.132072,0.074279,0.057794
S92.DE,2024-08-08,96.04,positive,Q5,-0.012933,0.000203,-0.013136,-0.000924,0.033827,-0.034751,-0.183372,0.040664,-0.224036,-0.387067,0.074279,-0.461346
NRA.DE,2024-08-08,118.06,positive,Q5,-0.002477,0.000203,-0.00268,0.023397,0.033827,-0.010431,-0.03771,0.040664,-0.078374,0.182769,0.074279,0.108491
MUV2.DE,2024-08-08,8.37,positive,Q4,0.010111,0.000203,0.009908,0.060925,0.033827,0.027098,0.109242,0.040664,0.068579,0.082098,0.074279,0.00782
1U1.DE,2024-08-08,-28.57,negative,Q2,-0.006349,0.000203,-0.006552,0.031746,0.033827,-0.002081,0.102381,0.040664,0.061717,0.019048,0.074279,-0.055231
SIE.DE,2024-08-08,6.96,positive,Q4,0.00013,0.000203,-7.2e-05,0.038284,0.033827,0.004456,0.034442,0.040664,-0.006221,0.171235,0.074279,0.096957
SFQ.DE,2024-08-08,-11.67,negative,Q2,0.00887,0.000203,0.008668,0.020106,0.033827,-0.013721,-0.086339,0.040664,-0.127003,-0.218805,0.074279,-0.293084
IOS.DE,2024-08-08,-7.03,negative,Q3,0.022774,0.000203,0.022572,0.118012,0.033827,0.084185,-0.006211,0.040664,-0.046875,-0.018634,0.074279,-0.092912
LXS.DE,2024-08-09,475.0,positive,Q5,-0.004437,0.004828,-0.009264,0.080745,0.039219,0.041526,0.070985,0.030432,0.040553,0.071429,0.092294,-0.020866
ASG.DE,2024-08-09,11.97,positive,Q4,0.000464,0.004828,-0.004363,0.045053,0.039219,0.005834,0.112401,0.030432,0.081969,0.123549,0.092294,0.031254
JUN3.DE,2024-08-09,11.67,positive,Q4,-0.006937,0.004828,-0.011765,0.012413,0.039219,-0.026806,-0.080686,0.030432,-0.111118,-0.101862,0.092294,-0.194156
LEG.DE,2024-08-09,61.83,positive,Q5,0.005216,0.004828,0.000388,0.008569,0.039219,-0.03065,0.125931,0.030432,0.0955,0.019374,0.092294,-0.07292
JEN.DE,2024-08-09,-2.33,negative,Q3,-0.014711,0.004828,-0.019539,-0.007894,0.039219,-0.047113,-0.057051,0.030432,-0.087482,-0.207033,0.092294,-0.299327
HEN3.DE,2024-08-12,58.99,positive,Q5,-0.005995,0.004129,-0.010124,0.002346,0.030624,-0.028278,0.016682,0.029094,-0.012412,-0.014206,0.078791,-0.092997
HYQ.DE,2024-08-12,0.0,negative,Q3,-0.042197,0.004129,-0.046327,-0.023885,0.030624,-0.054509,0.002389,0.029094,-0.026705,-0.105096,0.078791,-0.183887
ABR.DE,2024-08-12,-21.94,negative,Q2,-0.015107,0.004129,-0.019237,0.051714,0.030624,0.021091,0.019175,0.029094,-0.009919,-0.023242,0.078791,-0.102033
HNR1.DE,2024-08-12,19.62,positive,Q5,0.022904,0.004129,0.018775,0.071792,0.030624,0.041169,0.089963,0.029094,0.06087,0.031967,0.078791,-0.046824
PFV.DE,2024-08-12,-11.11,negative,Q2,0.0,0.004129,-0.004129,-0.009234,0.030624,-0.039858,-0.013162,0.029094,-0.042256,0.014472,0.078791,-0.064319
SZG.DE,2024-08-12,-131.37,negative,Q1,-0.003331,0.004129,-0.00746,0.0,0.030624,-0.030624,-0.076616,0.029094,-0.105709,0.263158,0.078791,0.184367
NCH2.DE,2024-08-13,150.0,positive,Q5,0.042644,0.016641,0.026003,-0.041578,0.031497,-0.073075,-0.132196,0.03538,-0.167576,-0.04371,0.087389,-0.131099
INH.DE,2024-08-13,-316.22,negative,Q1,0.016517,0.016641,-0.000125,0.045045,0.031497,0.013548,0.026026,0.03538,-0.009354,-0.033033,0.087389,-0.120422
NXU.DE,2024-08-13,2.3,positive,Q3,0.0152,0.016641,-0.001441,-0.022611,0.031497,-0.054108,-0.0133,0.03538,-0.04868,0.295459,0.087389,0.20807
BNR.DE,2024-08-13,-9.65,negative,Q2,0.003772,0.016641,-0.01287,0.028862,0.031497,-0.002635,0.018039,0.03538,-0.017341,-0.026894,0.087389,-0.114283
NOEJ.DE,2024-08-13,-44.31,negative,Q1,-0.001395,0.016641,-0.018036,-0.021618,0.031497,-0.053115,-0.023013,0.03538,-0.058392,-0.154812,0.087389,-0.2422
R3NK.DE,2024-08-13,-35.81,negative,Q2,0.0004,0.016641,-0.016242,-0.002399,0.031497,-0.033896,-0.102359,0.03538,-0.137739,-0.178329,0.087389,-0.265717
GBF.DE,2024-08-13,23.08,positive,Q5,0.020395,0.016641,0.003754,-0.007223,0.031497,-0.038721,-0.0546,0.03538,-0.089979,-0.047376,0.087389,-0.134765
HDI.DE,2024-08-13,0.72,positive,Q3,0.00771,0.016641,-0.008931,0.028218,0.031497,-0.00328,0.046774,0.03538,0.011394,0.197044,0.087389,0.109655
WIB.DE,2024-08-14,-74.02,negative,Q1,0.012372,0.007653,0.004719,0.014493,0.017057,-0.002564,0.002828,0.028387,-0.025559,-0.059738,0.046768,-0.106507
CIS.DE,2024-08-14,-37.45,negative,Q2,0.017008,0.007653,0.009355,0.025396,0.017057,0.008339,0.013514,0.028387,-0.014873,0.25699,0.046768,0.210221
RWE.DE,2024-08-14,25.0,positive,Q5,0.006709,0.007653,-0.000944,0.028178,0.017057,0.011122,0.071788,0.028387,0.043401,-0.02214,0.046768,-0.068909
JST.DE,2024-08-14,37.0,positive,Q5,0.00123,0.007653,-0.006423,-0.014272,0.017057,-0.031329,-0.00123,0.028387,-0.029617,0.007136,0.046768,-0.039633
TUI1.DE,2024-08-14,0.0,negative,Q3,0.021201,0.007653,0.013548,0.015901,0.017057,-0.001156,0.04947,0.028387,0.021083,0.349823,0.046768,0.303055
EVT.DE,2024-08-14,-440.0,negative,Q1,0.008696,0.007653,0.001042,-0.043478,0.017057,-0.060535,0.095652,0.028387,0.067266,0.412174,0.046768,0.365406
TLX.DE,2024-08-14,15.04,positive,Q4,0.025816,0.007653,0.018163,0.038097,0.017057,0.02104,0.038794,0.028387,0.010408,0.008233,0.046768,-0.038535
VWSB.DE,2024-08-14,-182.24,negative,Q1,-0.008447,0.007653,-0.0161,-0.030971,0.017057,-0.048028,-0.004693,0.028387,-0.033079,-0.38245,0.046768,-0.429218
HLAG.DE,2024-08-14,-34.76,negative,Q2,-0.025876,0.007653,-0.033529,-0.003314,0.017057,-0.020371,-0.064373,0.028387,-0.092759,0.037792,0.046768,-0.008977
TKA.DE,2024-08-14,-133.36,negative,Q1,0.006645,0.007653,-0.001009,0.019934,0.017057,0.002877,-0.043189,0.028387,-0.071576,0.063123,0.046768,0.016355
EOAN.DE,2024-08-14,-50.91,negative,Q1,0.019031,0.007653,0.011378,0.037197,0.017057,0.02014,0.128893,0.028387,0.100506,-0.013841,0.046768,-0.060609
CEC.DE,2024-08-14,-73.68,negative,Q1,0.014085,0.007653,0.006431,-0.021127,0.017057,-0.038184,-0.042254,0.028387,-0.07064,0.056338,0.046768,0.00957
GYC.DE,2024-08-14,81.71,positive,Q5,-0.005998,0.007653,-0.013652,0.032562,0.017057,0.015505,0.114824,0.028387,0.086438,0.044559,0.046768,-0.00221
SDF.DE,2024-08-14,233.33,positive,Q5,-0.008014,0.007653,-0.015667,-0.060552,0.017057,-0.077609,-0.069457,0.028387,-0.097843,-0.014248,0.046768,-0.061016
AHLA.DE,2024-08-15,-33.85,negative,Q2,0.003997,0.005419,-0.001422,0.002665,0.016957,-0.014293,-0.011724,0.016958,-0.028682,0.134959,0.037152,0.097807
5CV.DE,2024-08-15,-15.21,negative,Q2,-0.006826,0.005419,-0.012245,-0.006826,0.016957,-0.023783,0.006826,0.016958,-0.010132,-0.095563,0.037152,-0.132715
WMT.DE,2024-08-15,-14.57,negative,Q2,0.000908,0.005419,-0.004511,0.007565,0.016957,-0.009392,0.080496,0.016958,0.063538,0.211681,0.037152,0.174529
CBHD.DE,2024-08-20,-6.07,negative,Q3,0.012833,0.002409,0.010424,0.0,0.018068,-0.018068,0.010793,0.029998,-0.019205,-0.011558,0.040124,-0.051681
CO3A.DE,2024-08-20,-320.59,negative,Q1,-0.004391,0.002409,-0.0068,-0.061471,0.018068,-0.079539,-0.076839,0.029998,-0.106837,-0.265642,0.040124,-0.305766
2M6.DE,2024-08-20,-33.69,negative,Q2,0.017553,0.002409,0.015144,0.023583,0.018068,0.005515,0.038054,0.029998,0.008056,0.081737,0.040124,0.041613
SYV.DE,2024-08-20,-124.6,negative,Q1,0.05,0.002409,0.047591,-0.063636,0.018068,-0.081705,0.045455,0.029998,0.015457,0.318182,0.040124,0.278058
DYH.DE,2024-08-21,16.34,positive,Q4,-0.007116,0.007555,-0.01467,-0.03059,0.022666,-0.053256,-0.027362,0.012254,-0.039616,0.040346,0.030655,0.009691
ANL.DE,2024-08-21,-48.2,negative,Q1,0.020068,0.007555,0.012514,0.047369,0.022666,0.024703,0.024347,0.012254,0.012093,-0.004584,0.030655,-0.035239
DT3.DE,2024-08-22,-41.42,negative,Q1,-0.003569,-0.000863,-0.002706,-0.124914,0.014695,-0.139609,-0.256274,0.011468,-0.267743,-0.318213,0.019947,-0.33816
EVD.DE,2024-08-22,-17.88,negative,Q2,0.007715,-0.000863,0.008578,0.008317,0.014695,-0.006378,0.057618,0.011468,0.04615,0.065333,0.019947,0.045385
SLL.DE,2024-08-22,-30.98,negative,Q2,0.030416,-0.000863,0.031279,0.035147,0.014695,0.020452,-0.052721,0.011468,-0.064189,-0.023995,0.019947,-0.043942
TCO0.DE,2024-08-23,12.28,positive,Q4,0.01,0.00348,0.00652,0.0275,0.016857,0.010643,0.0375,0.020391,0.017109,0.0225,0.028423,-0.005923
TCO0.DE,2024-08-24,12.28,positive,Q4,-0.004951,0.005378,-0.010329,0.027228,0.003495,0.023732,0.027228,0.01267,0.014558,0.022277,0.0343,-0.012022
690D.DE,2024-08-27,-2.42,negative,Q3,-0.007042,0.006936,-0.013979,-0.021127,-0.010139,-0.010987,0.140845,0.024282,0.116563,0.140845,0.033165,0.10768
7HP.DE,2024-08-28,-24.59,negative,Q2,-0.016201,-0.000299,-0.015902,-0.055273,-0.01777,-0.037504,-0.024142,0.029666,-0.053808,0.140724,0.020273,0.120452
VEE.DE,2024-08-28,-33.03,negative,Q2,0.002828,-0.000299,0.003127,-0.01054,-0.01777,0.00723,-0.030591,0.029666,-0.060257,0.060668,0.020273,0.040396
NTA.DE,2024-08-28,7.46,positive,Q4,0.012029,-0.000299,0.012328,-0.026236,-0.01777,-0.008466,0.012787,0.029666,-0.016879,0.154101,0.020273,0.133828
AT1.DE,2024-08-28,-477.78,negative,Q1,0.022222,-0.000299,0.022521,0.084444,-0.01777,0.102214,0.244444,0.029666,0.214778,0.284444,0.020273,0.264172
CSC.DE,2024-08-29,-101.61,negative,Q1,-0.006145,0.001266,-0.00741,0.038917,-0.032,0.070917,-0.028448,0.022109,-0.050557,-0.030041,0.018767,-0.048808
DHER.DE,2024-08-29,89.11,positive,Q5,0.017901,0.001266,0.016635,-0.012987,-0.032,0.019013,0.271323,0.022109,0.249214,0.318006,0.018767,0.299239
12DA.DE,2024-08-29,-31.85,negative,Q2,0.01884,0.001266,0.017574,-0.101239,-0.032,-0.06924,0.031829,0.022109,0.009721,0.136936,0.018767,0.118169
PCX.DE,2024-08-31,3.88,positive,Q4,-0.001032,-0.008282,0.00725,0.019267,-0.025667,0.044935,0.069671,0.022278,0.047394,0.172114,0.046905,0.125209
AUD.DE,2024-09-03,-35.68,negative,Q2,-0.022904,-0.000826,-0.022078,0.01102,-0.01407,0.025089,0.050346,0.022782,0.027564,0.222558,0.07217,0.150389
CIE1.DE,2024-09-04,-63.74,negative,Q1,-0.035812,-0.014782,-0.021029,0.028691,-0.003128,0.031819,0.268691,0.029307,0.239384,0.422408,0.077531,0.344878
2HP.DE,2024-09-04,-18.77,negative,Q2,-0.00456,-0.014782,0.010222,-0.061889,-0.003128,-0.058761,0.17329,0.029307,0.143982,0.269707,0.077531,0.192176
1YD.DE,2024-09-05,-132.86,negative,Q1,-0.00552,0.00774,-0.01326,0.197581,0.021719,0.175862,0.305625,0.043831,0.261794,0.291339,0.105467,0.185872
ORC.DE,2024-09-09,-23.14,negative,Q2,-0.010805,0.003523,-0.014328,0.064899,0.025192,0.039707,0.125675,0.054145,0.07153,0.274595,0.115991,0.158603
IXD1.DE,2024-09-11,-1.48,negative,Q3,0.015397,0.009775,0.005623,0.054099,0.026136,0.027963,0.064503,0.046194,0.018309,0.106117,0.097782,0.008335
KFI1.DE,2024-09-17,23.35,positive,Q5,0.019022,0.015546,0.003476,0.008152,0.011063,-0.002911,-0.002717,0.046597,-0.049314,-0.1875,0.085633,-0.273133
GRM.DE,2024-09-18,-2.92,negative,Q3,0.004428,-0.01486,0.019288,-0.008698,0.012418,-0.021117,-0.02056,0.034469,-0.055029,-0.046813,0.065465,-0.112278
FDX.DE,2024-09-19,-26.88,negative,Q2,0.005647,0.006772,-0.001125,0.049758,0.040258,0.0095,0.083196,0.039593,0.043603,0.168038,0.081333,0.086704
XGR2.DE,2024-09-19,-14.75,negative,Q2,0.01049,0.006772,0.003717,0.018531,0.040258,-0.021726,0.042308,0.039593,0.002715,0.124476,0.081333,0.043142
EJT1.DE,2024-09-19,7.25,positive,Q4,-0.01642,0.006772,-0.023193,0.032841,0.040258,-0.007417,-0.021346,0.039593,-0.060939,0.123153,0.081333,0.041819
MTE.DE,2024-09-25,-29.31,negative,Q2,-0.013483,0.012229,-0.025712,-0.05177,-0.011589,-0.040181,0.033553,0.011707,0.021846,-0.131227,0.038775,-0.170002
HMSB.DE,2024-09-26,-28.51,negative,Q2,0.001395,-0.007636,0.009031,0.006276,-0.018112,0.024388,0.004184,0.002978,0.001206,-0.135286,0.022364,-0.15765
VBK.DE,2024-09-26,-56.77,negative,Q1,0.017175,-0.007636,0.024811,-0.025485,-0.018112,-0.007373,-0.184488,0.002978,-0.187465,-0.344598,0.022364,-0.366962
HS2.DE,2024-09-28,-33.52,negative,Q2,-0.011649,-0.002519,-0.009131,-0.023912,-0.007634,-0.016278,-0.001839,0.0023,-0.00414,0.028817,0.036066,-0.007249
NMM.DE,2024-09-29,-5.91,negative,Q3,0.000416,-0.002519,0.002935,-0.030158,-0.007634,-0.022524,-0.121256,0.0023,-0.123557,-0.240849,0.036066,-0.276915
C9F.DE,2024-09-30,14.48,positive,Q4,0.010064,-0.002519,0.012582,0.023611,-0.007634,0.031245,-0.00658,0.0023,-0.008881,0.121541,0.036066,0.085475
RWL.DE,2024-09-30,-11.11,negative,Q2,0.002076,-0.002519,0.004595,0.010423,-0.007634,0.018057,0.027921,0.0023,0.025621,0.151089,0.036066,0.115023
GXI.DE,2024-09-30,-0.85,negative,Q3,-0.023948,-0.002519,-0.021429,-0.019536,-0.007634,-0.011902,0.003781,0.0023,0.001481,-0.132972,0.036066,-0.169038
FFV.DE,2024-09-30,-17.74,negative,Q2,0.004282,-0.002519,0.006801,0.006045,-0.007634,0.013679,0.101763,0.0023,0.099463,0.244332,0.036066,0.208267
WMB.DE,2024-09-30,39.74,positive,Q5,0.027984,-0.002519,0.030503,0.068351,-0.007634,0.075984,0.159485,0.0023,0.157184,0.326894,0.036066,0.290829
LCR.DE,2024-09-30,-28.36,negative,Q2,0.045888,-0.002519,0.048407,0.074057,-0.007634,0.081691,0.100863,0.0023,0.098563,0.094048,0.036066,0.057982
NRA.DE,2024-09-30,-293.08,negative,Q1,0.003388,-0.002519,0.005907,0.03001,-0.007634,0.037644,-0.018877,0.0023,-0.021178,0.154284,0.036066,0.118218
JNP.DE,2024-09-30,-37.2,negative,Q2,0.003439,-0.002519,0.005958,0.007452,-0.007634,0.015086,0.022069,0.0023,0.019769,0.053597,0.036066,0.017531
MGG.DE,2024-09-30,12.03,positive,Q4,0.031232,-0.002519,0.033751,0.040974,-0.007634,0.048608,0.04384,0.0023,0.041539,-0.048711,0.036066,-0.084777
PCX.DE,2024-10-01,3.88,positive,Q4,-0.010051,-0.007792,-0.002259,0.000482,0.004705,-0.004223,0.00788,-0.004551,0.012431,0.038276,0.054863,-0.016587
1N8.DE,2024-10-07,4.37,positive,Q4,0.008521,0.009884,-0.001363,-0.014298,0.022013,-0.036312,-0.005633,-0.001424,-0.004208,0.066436,0.060227,0.006208
PEP.DE,2024-10-08,-6.8,negative,Q3,0.006746,-0.002287,0.009033,0.019974,0.009238,0.010735,-0.030952,0.005588,-0.03654,-0.092791,0.045595,-0.138386
ZAL.DE,2024-10-10,0.0,negative,Q3,0.006291,0.00694,-0.000649,-0.009603,0.014635,-0.024238,-0.083775,0.003859,-0.087634,-0.033775,0.061983,-0.095758
YOU.DE,2024-10-10,-23.08,negative,Q2,-0.026706,0.00694,-0.033646,-0.091988,0.014635,-0.106623,-0.050445,0.003859,-0.054304,0.919881,0.061983,0.857898
FAS.DE,2024-10-10,1.32,positive,Q3,-0.003774,0.00694,-0.010714,0.017417,0.014635,0.002781,0.141364,0.003859,0.137505,0.039477,0.061983,-0.022506
2HQ.DE,2024-10-10,5.24,positive,Q4,0.027586,0.00694,0.020646,0.0,0.014635,-0.014635,-0.089655,0.003859,-0.093514,-0.2,0.061983,-0.261983
G1A.DE,2024-10-11,5.88,positive,Q4,0.013307,-0.001133,0.01444,-0.005017,-0.002414,-0.002603,-0.023997,-0.024331,0.000334,0.030759,0.058801,-0.028042
JST.DE,2024-10-11,-59.63,negative,Q1,-0.011145,-0.001133,-0.010012,0.08232,-0.002414,0.084735,0.036727,-0.024331,0.061058,0.067629,0.058801,0.008828
CMC.DE,2024-10-11,27.65,positive,Q5,0.02076,-0.001133,0.021892,0.02076,-0.002414,0.023174,0.119457,-0.024331,0.143787,0.224467,0.058801,0.165666
NWT.DE,2024-10-11,18.26,positive,Q5,0.009811,-0.001133,0.010944,0.028362,-0.002414,0.030777,0.192651,-0.024331,0.216981,0.278095,0.058801,0.219294
UNH.DE,2024-10-15,5.09,positive,Q4,-0.0097,0.007749,-0.017449,0.001147,-0.00284,0.003987,0.078399,-0.008702,0.087101,-0.073423,0.080148,-0.15357
ASME.DE,2024-10-15,8.64,positive,Q4,0.000782,0.007749,-0.006967,0.03846,-0.00284,0.0413,0.061743,-0.008702,0.070445,0.182325,0.080148,0.102177
GOS.DE,2024-10-15,48.3,positive,Q5,0.005935,0.007749,-0.001814,-0.019943,-0.00284,-0.017102,0.150083,-0.008702,0.158785,0.265376,0.080148,0.185228
MOH.DE,2024-10-15,-4.84,negative,Q3,0.012619,0.007749,0.00487,0.01861,-0.00284,0.021451,-0.028242,-0.008702,-0.019539,0.145003,0.080148,0.064855
ADS.DE,2024-10-15,37.85,positive,Q5,0.00265,0.007749,-0.005099,-0.038715,-0.00284,-0.035875,-0.028924,-0.008702,-0.020222,0.082776,0.080148,0.002628
TRVC.DE,2024-10-15,26.27,positive,Q5,0.01372,0.007749,0.005972,-0.004749,-0.00284,-0.001909,0.114864,-0.008702,0.123566,0.322955,0.080148,0.242807
JNJ.DE,2024-10-15,-48.99,negative,Q1,0.002611,0.007749,-0.005138,0.004741,-0.00284,0.007581,-0.047891,-0.008702,-0.039188,-0.051944,0.080148,-0.132092
ERCB.DE,2024-10-15,8.78,positive,Q4,-0.008021,0.007749,-0.01577,0.009358,-0.00284,0.012198,-0.018717,-0.008702,-0.010014,0.069519,0.080148,-0.010629
NCB.DE,2024-10-15,14.18,positive,Q4,0.009914,0.007749,0.002165,0.001304,-0.00284,0.004145,0.110879,-0.008702,0.119582,0.162275,0.080148,0.082127
ABL.DE,2024-10-16,-20.46,negative,Q2,0.009204,0.003778,0.005427,-0.004978,-0.007169,0.002191,0.009204,-0.019025,0.02823,0.032967,0.074482,-0.041515
185.DE,2024-10-16,56.63,positive,Q5,0.006209,0.003778,0.002432,0.018898,-0.007169,0.026067,0.12743,-0.019025,0.146455,0.008369,0.074482,-0.066113
DWD.DE,2024-10-16,26.57,positive,Q5,-0.001782,0.003778,-0.005559,-0.007596,-0.007169,-0.000427,0.15557,-0.019025,0.174595,0.191298,0.074482,0.116816
2KD.DE,2024-10-16,7.01,positive,Q4,0.0,0.003778,-0.003778,0.009481,-0.007169,0.01665,0.148533,-0.019025,0.167558,0.32912,0.074482,0.254638
DC7.DE,2024-10-16,5.75,positive,Q4,-0.008129,0.003778,-0.011907,-0.039048,-0.007169,-0.031879,0.208448,-0.019025,0.227474,0.316737,0.074482,0.242255
NB2.DE,2024-10-17,136.89,positive,Q5,0.09434,-0.00998,0.10432,-0.075472,-0.009858,-0.065614,0.040881,-0.023817,0.064698,0.45912,0.081237,0.377883
SRT.DE,2024-10-17,-21.62,negative,Q2,-0.060725,-0.00998,-0.050745,-0.085204,-0.009858,-0.075346,-0.198148,-0.023817,-0.174331,-0.065451,0.081237,-0.146687
SRT3.DE,2024-10-17,1.16,positive,Q3,-0.048095,-0.00998,-0.038115,-0.08115,-0.009858,-0.071293,-0.211865,-0.023817,-0.188048,-0.063096,0.081237,-0.144333
PER.DE,2024-10-17,-115.88,negative,Q1,-0.010927,-0.00998,-0.000947,-0.032102,-0.009858,-0.022244,-0.141962,-0.023817,-0.118145,-0.150771,0.081237,-0.232008
PA9.DE,2024-10-17,68.69,positive,Q5,-0.016797,-0.00998,-0.006817,-0.04593,-0.009858,-0.036072,0.016838,-0.023817,0.040655,-0.026258,0.081237,-0.107494
NFC.DE,2024-10-17,5.18,positive,Q4,0.008581,-0.00998,0.018561,0.005578,-0.009858,0.015436,0.140303,-0.023817,0.16412,0.326659,0.081237,0.245422
NOA3.DE,2024-10-17,-55.53,negative,Q1,0.029197,-0.00998,0.039177,0.043796,-0.009858,0.053653,-0.002433,-0.023817,0.021384,0.048662,0.081237,-0.032575
PRG.DE,2024-10-18,-15.79,negative,Q2,0.010019,-0.002018,0.012037,0.001506,0.003619,-0.002113,0.03798,-0.020599,0.058579,0.019383,0.100217,-0.080834
MUM.DE,2024-10-18,2.7,positive,Q3,0.003504,-0.002018,0.005523,-0.042973,0.003619,-0.046592,-0.060679,-0.020599,-0.04008,-0.064367,0.100217,-0.164584
AEC1.DE,2024-10-18,9.15,positive,Q4,0.006403,-0.002018,0.008422,0.005187,0.003619,0.001568,0.085593,-0.020599,0.106192,0.254711,0.100217,0.154494
8TRA.DE,2024-10-21,8.21,positive,Q4,-0.009556,-0.00228,-0.007276,-0.012969,0.002892,-0.015861,-0.072696,-0.021477,-0.051219,-0.080546,0.101587,-0.182133
MMM.DE,2024-10-22,32.16,positive,Q5,-0.003734,0.003374,-0.007108,0.000347,-0.006207,0.006554,0.04472,-0.011944,0.056665,0.219694,0.098287,0.121408
68V.DE,2024-10-22,28.49,positive,Q5,-0.022196,0.003374,-0.02557,-0.006807,-0.006207,-0.0006,0.234093,-0.011944,0.246037,0.211601,0.098287,0.113314
DB1.DE,2024-10-22,-3.59,negative,Q3,0.013633,0.003374,0.010259,0.007055,-0.006207,0.013262,0.001859,-0.011944,0.013803,0.117456,0.098287,0.01917
8GM.DE,2024-10-22,14.95,positive,Q4,-0.00041,0.003374,-0.003784,-0.016827,-0.006207,-0.01062,0.075929,-0.011944,0.087873,0.058486,0.098287,-0.039801
LOM.DE,2024-10-22,6.35,positive,Q4,-0.008621,0.003374,-0.011995,-0.055105,-0.006207,-0.048898,-0.0313,-0.011944,-0.019356,-0.10421,0.098287,-0.202496
4I1.DE,2024-10-22,10.37,positive,Q4,0.00727,0.003374,0.003896,0.002621,-0.006207,0.008828,0.036436,-0.011944,0.04838,0.016485,0.098287,-0.081802
TII.DE,2024-10-22,8.87,positive,Q4,0.027423,0.003374,0.024048,0.041497,-0.006207,0.047704,0.022564,-0.011944,0.034508,-0.023625,0.098287,-0.121911
FPMB.DE,2024-10-22,3.52,positive,Q4,-0.019908,0.003374,-0.023283,-0.049428,-0.006207,-0.043221,-0.059954,-0.011944,-0.04801,-0.209611,0.098287,-0.307898
5UR.DE,2024-10-22,-19.09,negative,Q2,-0.001135,0.003374,-0.004509,-0.038418,-0.006207,-0.032211,-0.011962,-0.011944,-1.8e-05,0.022003,0.098287,-0.076284
KMY.DE,2024-10-22,60.13,positive,Q5,-0.00188,0.003374,-0.005254,-0.025664,-0.006207,-0.019457,0.032284,-0.011944,0.044229,-0.010135,0.098287,-0.108421
FIV.DE,2024-10-22,-56.06,negative,Q1,-0.001382,0.003374,-0.004756,-0.019872,-0.006207,-0.013665,0.10441,-0.011944,0.116354,0.075452,0.098287,-0.022835
PAE.DE,2024-10-22,3.07,positive,Q3,0.006367,0.003374,0.002993,0.004749,-0.006207,0.010956,0.130693,-0.011944,0.142637,0.117634,0.098287,0.019348
BAC.DE,2024-10-22,-32.64,negative,Q2,-0.006851,0.003374,-0.010225,-0.023842,-0.006207,-0.017635,0.040559,-0.011944,0.052503,0.004659,0.098287,-0.093628
LOR.DE,2024-10-22,-4.62,negative,Q3,0.002104,0.003374,-0.00127,-0.026381,-0.006207,-0.020174,-0.098559,-0.011944,-0.086615,0.013958,0.098287,-0.084329
PPX.DE,2024-10-23,-2.05,negative,Q3,-0.001926,0.001059,-0.002985,-0.02994,-0.018797,-0.011143,-0.107152,-0.006193,-0.100959,0.124048,0.102226,0.021822
MRK.DE,2024-10-23,7.52,positive,Q4,0.005109,0.001059,0.00405,-0.022531,-0.018797,-0.003734,-0.08842,-0.006193,-0.082227,-0.038577,0.102226,-0.140803
NFS.DE,2024-10-23,58.42,positive,Q5,0.0,0.001059,-0.001059,0.0,-0.018797,0.018797,0.118097,-0.006193,0.12429,0.057408,0.102226,-0.044818
W3U.DE,2024-10-23,101.37,positive,Q5,0.000989,0.001059,-7e-05,-0.039565,-0.018797,-0.020768,0.024728,-0.006193,0.030921,-0.028684,0.102226,-0.13091
BCO.DE,2024-10-23,2.2,positive,Q3,0.002657,0.001059,0.001598,-0.03524,-0.018797,-0.016443,-0.009929,-0.006193,-0.003736,0.224164,0.102226,0.121938
IBE1.DE,2024-10-23,28.83,positive,Q5,-0.00958,0.001059,-0.010639,-0.028003,-0.018797,-0.009206,-0.030214,-0.006193,-0.024021,-0.019897,0.102226,-0.122123
DWS.DE,2024-10-23,-6.9,negative,Q3,0.010093,0.001059,0.009034,-0.001594,-0.018797,0.017203,-0.002125,-0.006193,0.004068,0.08579,0.102226,-0.016436
TM5.DE,2024-10-23,9.17,positive,Q4,-0.009137,0.001059,-0.010196,-0.026502,-0.018797,-0.007706,0.076301,-0.006193,0.082494,0.004305,0.102226,-0.097921
TL0.DE,2024-10-23,4.13,positive,Q4,0.052866,0.001059,0.051807,-0.010828,-0.018797,0.007968,0.439915,-0.006193,0.446108,0.582166,0.102226,0.47994
GDX.DE,2024-10-23,-2.56,negative,Q3,-0.001776,0.001059,-0.002835,-0.030011,-0.018797,-0.011214,-0.038202,-0.006193,-0.032009,-0.091555,0.102226,-0.193781
IBM.DE,2024-10-23,-115.79,negative,Q1,-0.002203,0.001059,-0.003262,-0.055134,-0.018797,-0.036338,0.063179,-0.006193,0.069372,0.076911,0.102226,-0.025315
SOBA.DE,2024-10-23,-104.31,negative,Q1,-0.004073,0.001059,-0.005132,0.004073,-0.018797,0.02287,0.088595,-0.006193,0.094788,0.141548,0.102226,0.039322
AIL.DE,2024-10-23,-1.02,negative,Q3,-0.003633,0.001059,-0.004692,-0.020649,-0.018797,-0.001853,-0.046506,-0.006193,-0.040313,-0.007327,0.102226,-0.109553
CAR.DE,2024-10-23,-93.49,negative,Q1,-0.007396,0.001059,-0.008455,-0.011834,-0.018797,0.006962,-0.011834,-0.006193,-0.005641,-0.069527,0.102226,-0.171753
MTT.DE,2024-10-23,16.65,positive,Q4,0.030356,0.001059,0.029297,0.098074,-0.018797,0.11687,0.042615,-0.006193,0.048808,0.041448,0.102226,-0.060778
CCC3.DE,2024-10-23,-10.16,negative,Q2,0.001167,0.001059,0.000108,-0.027852,-0.018797,-0.009055,-0.015344,-0.006193,-0.009151,-0.014343,0.102226,-0.116569
DBK.DE,2024-10-23,61.67,positive,Q5,-0.007161,0.001059,-0.00822,-0.010417,-0.018797,0.00838,-0.014974,-0.006193,-0.008781,0.219401,0.102226,0.117175
BEI.DE,2024-10-24,-8.03,negative,Q3,-0.000782,0.003495,-0.004277,-0.030644,-0.010718,-0.019926,-0.042683,-0.003,-0.039683,-0.008521,0.111693,-0.120214
FTE.DE,2024-10-24,5.08,positive,Q4,-0.009677,0.003495,-0.013173,-0.009677,-0.010718,0.001041,-0.004301,-0.003,-0.001301,0.058065,0.111693,-0.053628
RNL.DE,2024-10-24,-6.41,negative,Q3,0.005597,0.003495,0.002102,-0.04697,-0.010718,-0.036252,-0.073741,-0.003,-0.070741,0.152105,0.111693,0.040413
UNVB.DE,2024-10-24,1.38,positive,Q3,0.007298,0.003495,0.003803,-0.002189,-0.010718,0.008529,-0.011312,-0.003,-0.008312,-0.026455,0.111693,-0.138148
UNP.DE,2024-10-24,0.4,positive,Q3,0.00401,0.003495,0.000514,0.011265,-0.010718,0.021983,0.112124,-0.003,0.115124,0.140477,0.111693,0.028785
HAR.DE,2024-10-24,14.03,positive,Q4,-0.008991,0.003495,-0.012486,-0.04662,-0.010718,-0.035902,0.081252,-0.003,0.084252,-0.132867,0.111693,-0.24456
4PN.DE,2024-10-24,-38.55,negative,Q1,0.028988,0.003495,0.025492,-0.008622,-0.010718,0.002096,0.106288,-0.003,0.109288,None,None,None
KC4.DE,2024-10-24,-11.11,negative,Q2,0.014896,0.003495,0.011401,-0.014896,-0.010718,-0.004178,-0.046452,-0.003,-0.043452,-0.036456,0.111693,-0.148149
WAF.DE,2024-10-24,385.71,positive,Q5,-0.025992,0.003495,-0.029487,-0.100849,-0.010718,-0.090131,-0.176919,-0.003,-0.173919,-0.242419,0.111693,-0.354112
MTX.DE,2024-10-24,1.1,positive,Q3,-0.005832,0.003495,-0.009327,-0.009384,-0.010718,0.001335,0.005832,-0.003,0.008832,0.061156,0.111693,-0.050537
BSN.DE,2024-10-24,10.53,positive,Q4,0.028017,0.003495,0.024522,0.005478,-0.010718,0.016197,-0.0144,-0.003,-0.0114,0.017687,0.111693,-0.094006
BCY.DE,2024-10-24,44.97,positive,Q5,0.0,0.003495,-0.003495,-0.01049,-0.010718,0.000229,0.08042,-0.003,0.08342,0.213287,0.111693,0.101594
RDEB.DE,2024-10-24,-13.12,negative,Q2,0.013179,0.003495,0.009684,-0.028671,-0.010718,-0.017952,0.009017,-0.003,0.012017,0.079075,0.111693,-0.032617
ALD.DE,2024-10-24,2.83,positive,Q3,-0.030646,0.003495,-0.034142,-0.019944,-0.010718,-0.009225,0.125666,-0.003,0.128666,0.091678,0.111693,-0.020015
HLAG.DE,2024-10-24,-12.37,negative,Q2,-0.037882,0.003495,-0.041377,-0.030318,-0.010718,-0.0196,-0.103788,-0.003,-0.100788,-0.209312,0.111693,-0.321005
2OY.DE,2024-10-24,-32.47,negative,Q2,-0.006332,0.003495,-0.009827,-0.022749,-0.010718,-0.01203,-0.054409,-0.003,-0.051409,-0.131332,0.111693,-0.243025
NGLB.DE,2024-10-24,-163.7,negative,Q1,0.021056,0.003495,0.017561,-0.016914,-0.010718,-0.006196,-0.016914,-0.003,-0.013914,-0.03797,0.111693,-0.149663
SQU.DE,2024-10-24,2.07,positive,Q3,0.021338,0.003495,0.017843,0.020823,-0.010718,0.031541,-0.006391,-0.003,-0.003391,0.021338,0.111693,-0.090355
SNW.DE,2024-10-25,15.32,positive,Q4,-0.011187,-0.002742,-0.008445,-0.030557,-0.019649,-0.010909,-0.090325,-0.012064,-0.078261,0.024549,0.112412,-0.087862
SWF.DE,2024-10-25,-46.04,negative,Q1,-0.084225,-0.002742,-0.081484,-0.085188,-0.019649,-0.06554,-0.105415,-0.012064,-0.093351,-0.092466,0.112412,-0.204877
CPA.DE,2024-10-25,2.77,positive,Q3,-0.005867,-0.002742,-0.003126,-0.038426,-0.019649,-0.018778,0.026461,-0.012064,0.038526,-0.022434,0.112412,-0.134846
MBG.DE,2024-10-25,-5.24,negative,Q3,-0.008513,-0.002742,-0.005771,-0.021756,-0.019649,-0.002107,-0.089671,-0.012064,-0.077606,0.032917,0.112412,-0.079494
ENI.DE,2024-10-25,-51.64,negative,Q1,-0.011538,-0.002742,-0.008797,-0.012308,-0.019649,0.007341,-0.035385,-0.012064,-0.02332,-0.022308,0.112412,-0.134719
P911.DE,2024-10-25,-10.67,negative,Q2,-0.00599,-0.002742,-0.003248,-0.009458,-0.019649,0.010191,-0.119168,-0.012064,-0.107103,-0.070933,0.112412,-0.183345
HFG.DE,2024-10-25,80.0,positive,Q5,-0.024668,-0.002742,-0.021926,-0.012334,-0.019649,0.007315,0.093928,-0.012064,0.105992,0.020873,0.112412,-0.091539
FMC1.DE,2024-10-28,-51.49,negative,Q1,0.002257,-0.011332,0.01359,0.009029,-0.011387,0.020417,0.110609,-0.011106,0.121715,0.020316,0.115719,-0.095403
ADS.DE,2024-10-28,37.85,positive,Q5,-0.00541,-0.011332,0.005922,-0.004046,-0.011387,0.007341,-0.007183,-0.011106,0.003923,0.148202,0.115719,0.032483
EX9.DE,2024-10-28,21.1,positive,Q5,0.111976,-0.011332,0.123309,0.182054,-0.011387,0.193441,0.254357,-0.011106,0.265463,0.187616,0.115719,0.071897
WDC.DE,2024-10-28,-40.38,negative,Q1,-0.021743,-0.011332,-0.01041,-0.032217,-0.011387,-0.02083,0.069354,-0.011106,0.08046,-0.001904,0.115719,-0.117623
VFP.DE,2024-10-28,-64.12,negative,Q1,0.046162,-0.011332,0.057494,-0.00778,-0.011387,0.003607,-0.001556,-0.011106,0.00955,0.303942,0.115719,0.188223
WCH.DE,2024-10-28,-5.08,negative,Q3,-0.013842,-0.011332,-0.002509,-0.006137,-0.011387,0.00525,-0.120136,-0.011106,-0.10903,-0.16584,0.115719,-0.281559
UWS.DE,2024-10-28,0.0,negative,Q3,-0.012073,-0.011332,-0.000741,-0.02635,-0.011387,-0.014963,0.069883,-0.011106,0.080989,0.057409,0.115719,-0.05831
PHI1.DE,2024-10-28,-48.47,negative,Q1,-0.036484,-0.011332,-0.025152,-0.011609,-0.011387,-0.000221,0.03068,-0.011106,0.041786,0.062604,0.115719,-0.053115
LHA.DE,2024-10-29,24.32,positive,Q5,0.003306,-0.009337,0.012643,-0.01157,-0.011322,-0.000248,-0.004959,0.008744,-0.013703,-0.014876,0.112731,-0.127607
ABEA.DE,2024-10-29,16.27,positive,Q4,-0.038656,-0.009337,-0.029319,-0.009679,-0.011322,0.001643,-0.028003,0.008744,-0.036747,0.195288,0.112731,0.082557
2PP.DE,2024-10-29,-6.84,negative,Q3,0.003296,-0.009337,0.012633,0.031452,-0.011322,0.042774,0.13597,0.008744,0.127226,0.177311,0.112731,0.06458
ERT.DE,2024-10-29,-45.9,negative,Q1,0.014583,-0.009337,0.02392,0.074014,-0.011322,0.085336,0.129855,0.008744,0.121111,-0.12751,0.112731,-0.240241
AMD.DE,2024-10-29,-49.05,negative,Q1,-0.029723,-0.009337,-0.020386,-0.028563,-0.011322,-0.017241,-0.054081,0.008744,-0.062826,-0.194432,0.112731,-0.307163
HBC1.DE,2024-10-29,21.26,positive,Q5,-0.0025,-0.009337,0.006837,0.0275,-0.011322,0.038822,0.06625,0.008744,0.057506,0.18125,0.112731,0.068519
KTF.DE,2024-10-29,-24.21,negative,Q2,-0.009854,-0.009337,-0.000517,-0.034488,-0.011322,-0.023166,-0.047997,0.008744,-0.056742,-0.129212,0.112731,-0.241943
PFE.DE,2024-10-29,29.35,positive,Q5,0.00875,-0.009337,0.018087,-0.021667,-0.011322,-0.010345,-0.045417,0.008744,-0.054161,0.012083,0.112731,-0.100648
OMV.DE,2024-10-29,-44.04,negative,Q1,-0.010324,-0.009337,-0.000987,-0.028391,-0.011322,-0.017069,-0.02495,0.008744,-0.033694,0.021222,0.112731,-0.091509
F3A.DE,2024-10-29,-6.36,negative,Q3,0.005292,-0.009337,0.014628,-0.032521,-0.011322,-0.021199,0.008158,0.008744,-0.000586,-0.093595,0.112731,-0.206326
ABEC.DE,2024-10-29,16.27,positive,Q4,-0.038654,-0.009337,-0.029317,-0.009468,-0.011322,0.001854,-0.021106,0.008744,-0.02985,0.192848,0.112731,0.080117
RPL.DE,2024-10-29,-3.33,negative,Q3,-0.016245,-0.009337,-0.006908,-0.028334,-0.011322,-0.017012,-0.08538,0.008744,-0.094124,0.023423,0.112731,-0.089308
3V64.DE,2024-10-29,3.02,positive,Q3,-0.008715,-0.009337,0.000622,0.058049,-0.011322,0.069371,0.110039,0.008744,0.101295,0.239303,0.112731,0.126572
1COV.DE,2024-10-29,206.25,positive,Q5,-0.001373,-0.009337,0.007964,-0.005148,-0.011322,0.006174,-0.012011,0.008744,-0.020755,-0.021963,0.112731,-0.134694
BPE5.DE,2024-10-29,7.69,positive,Q4,-0.004785,-0.009337,0.004552,0.033493,-0.011322,0.044815,0.045455,0.008744,0.03671,0.145933,0.112731,0.033202
BSD2.DE,2024-10-29,-0.15,negative,Q3,0.018648,-0.009337,0.027985,0.002331,-0.011322,0.013653,-0.011655,0.008744,-0.020399,0.097902,0.112731,-0.014829
1SI.DE,2024-10-29,30.81,positive,Q5,0.004413,-0.009337,0.01375,-0.030891,-0.011322,-0.01957,-0.018535,0.008744,-0.027279,-0.036187,0.112731,-0.148918
MDO.DE,2024-10-29,-0.69,negative,Q3,-0.002742,-0.009337,0.006595,0.018129,-0.011322,0.029451,0.046618,0.008744,0.037874,0.046161,0.112731,-0.06657
MSF.DE,2024-10-30,6.09,positive,Q4,0.016767,0.009301,0.007467,0.049068,0.014938,0.03413,0.068303,0.028773,0.039531,0.060979,0.127278,-0.066299
RAW.DE,2024-10-30,22.65,positive,Q5,0.011987,0.009301,0.002687,0.133123,0.014938,0.118185,0.112303,0.028773,0.08353,0.243533,0.127278,0.116255
STM.DE,2024-10-30,10.63,positive,Q4,0.0163,0.009301,0.006999,0.061767,0.014938,0.046829,-0.101802,0.028773,-0.130574,-0.160995,0.127278,-0.288274
CIE1.DE,2024-10-30,-61.2,negative,Q1,0.006494,0.009301,-0.002807,0.119275,0.014938,0.104337,0.130212,0.028773,0.101439,0.43609,0.127278,0.308812
AXA.DE,2024-10-30,-53.96,negative,Q1,-0.006416,0.009301,-0.015717,-0.010694,0.014938,-0.025632,-0.04308,0.028773,-0.071852,0.074244,0.127278,-0.053035
ANL.DE,2024-10-30,-41.46,negative,Q1,0.011913,0.009301,0.002612,0.024761,0.014938,0.009823,0.002658,0.028773,-0.026114,-0.030865,0.127278,-0.158144
KGX.DE,2024-10-30,-8.64,negative,Q3,0.021745,0.009301,0.012445,0.043205,0.014938,0.028267,-0.052647,0.028773,-0.081419,-0.001144,0.127278,-0.128423
AIR.DE,2024-10-30,15.65,positive,Q4,0.011168,0.009301,0.001867,0.030876,0.014938,0.015938,0.053723,0.028773,0.02495,0.185328,0.127278,0.05805
COZ.DE,2024-10-30,3.88,positive,Q4,0.016865,0.009301,0.007564,0.118356,0.014938,0.103418,0.127089,0.028773,0.098317,0.199217,0.127278,0.071939
2QO.DE,2024-10-30,-109.91,negative,Q1,0.019779,0.009301,0.010479,0.025606,0.014938,0.010668,0.005826,0.028773,-0.022946,0.215885,0.127278,0.088606
BM8.DE,2024-10-30,2.89,positive,Q3,0.006901,0.009301,-0.002399,0.022018,0.014938,0.00708,0.027276,0.028773,-0.001497,-0.010187,0.127278,-0.137466
LLY.DE,2024-10-30,-23.59,negative,Q2,-0.030815,0.009301,-0.040116,-0.068377,0.014938,-0.083315,-0.037022,0.028773,-0.065794,-0.003598,0.127278,-0.130877
4AB.DE,2024-10-30,-69.35,negative,Q1,0.001818,0.009301,-0.007483,-0.009804,0.014938,-0.024742,-0.077114,0.028773,-0.105886,-0.016965,0.127278,-0.144243
AWC.DE,2024-10-30,-0.61,negative,Q3,0.022104,0.009301,0.012804,-0.000828,0.014938,-0.015766,0.052074,0.028773,0.023301,-0.031211,0.127278,-0.15849
SRB.DE,2024-10-30,-6.54,negative,Q3,0.017676,0.009301,0.008375,-0.001848,0.014938,-0.016786,0.086876,0.028773,0.058104,0.188309,0.127278,0.06103
KHNZ.DE,2024-10-30,-132.72,negative,Q1,-0.002071,0.009301,-0.011372,-0.010701,0.014938,-0.025639,-0.008975,0.028773,-0.037747,-0.096652,0.127278,-0.22393
CAT1.DE,2024-10-30,-3.64,negative,Q3,0.014428,0.009301,0.005128,0.096683,0.014938,0.081745,0.11834,0.028773,0.089567,0.012155,0.127278,-0.115124
VOW.DE,2024-10-30,-64.62,negative,Q1,-0.005004,0.009301,-0.014305,-0.019202,0.014938,-0.03414,-0.08856,0.028773,-0.117333,0.06226,0.127278,-0.065019
AMG.DE,2024-10-30,0.42,positive,Q3,-0.00235,0.009301,-0.011651,0.005403,0.014938,-0.009535,-0.088791,0.028773,-0.117564,-0.053605,0.127278,-0.180883
FB2A.DE,2024-10-30,17.27,positive,Q4,0.009383,0.009301,8.2e-05,0.048199,0.014938,0.033261,0.0463,0.028773,0.017527,0.300593,0.127278,0.173314
FPE.DE,2024-10-30,3.39,positive,Q4,0.0,0.009301,-0.009301,0.05154,0.014938,0.036602,-0.009114,0.028773,-0.037886,-0.019799,0.127278,-0.147077
1QZ.DE,2024-10-30,-30.77,negative,Q2,-0.015737,0.009301,-0.025038,0.338522,0.014938,0.323584,0.6775,0.028773,0.648728,0.575721,0.127278,0.448443
3E2.DE,2024-10-30,-17.05,negative,Q2,0.039652,0.009301,0.030352,0.048346,0.014938,0.033408,0.102205,0.028773,0.073433,0.101357,0.127278,-0.025921
EBA.DE,2024-10-30,10.38,positive,Q4,0.019414,0.009301,0.010113,0.09338,0.014938,0.078442,0.156669,0.028773,0.127896,0.239177,0.127278,0.111898
PCE1.DE,2024-10-30,8.67,positive,Q4,0.009934,0.009301,0.000633,0.060535,0.014938,0.045597,0.141634,0.028773,0.112862,0.050239,0.127278,-0.07704
KLA.DE,2024-10-30,3.95,positive,Q4,0.023304,0.009301,0.014003,0.035594,0.014938,0.020656,0.020003,0.028773,-0.00877,0.196198,0.127278,0.06892
FPE3.DE,2024-10-30,0.0,negative,Q3,0.027105,0.009301,0.017804,0.05325,0.014938,0.038312,-0.007916,0.028773,-0.036688,-0.00048,0.127278,-0.127758
SND.DE,2024-10-30,-16.16,negative,Q2,0.011587,0.009301,0.002286,0.013261,0.014938,-0.001677,0.026993,0.028773,-0.001779,0.007167,0.127278,-0.120112
BAS.DE,2024-10-30,-52.24,negative,Q1,0.020529,0.009301,0.011228,0.025012,0.014938,0.010074,-0.049788,0.028773,-0.07856,0.010854,0.127278,-0.116424
VOW3.DE,2024-10-30,-37.14,negative,Q2,-0.004914,0.009301,-0.014214,-0.035475,0.014938,-0.050413,-0.092402,0.028773,-0.121174,0.064358,0.127278,-0.062921
AIXA.DE,2024-10-31,-10.0,negative,Q2,0.004161,-0.005563,0.009724,-0.021498,-0.002051,-0.019447,-0.040915,0.035245,-0.076161,-0.063107,0.121058,-0.184164
AMZ.DE,2024-10-31,25.49,positive,Q5,-0.018112,-0.005563,-0.012549,0.065685,-0.002051,0.067736,0.100109,0.035245,0.064864,0.234043,0.121058,0.112985
CTP2.DE,2024-10-31,-10.59,negative,Q2,0.000777,-0.005563,0.00634,0.023575,-0.002051,0.025626,0.025389,0.035245,-0.009857,-0.186788,0.121058,-0.307845
AUD.DE,2024-10-31,-40.0,negative,Q1,0.00189,-0.005563,0.007453,0.080514,-0.002051,0.082565,0.069363,0.035245,0.034118,0.130599,0.121058,0.009542
UT8.DE,2024-10-31,223.63,positive,Q5,-0.008234,-0.005563,-0.002671,-0.005293,-0.002051,-0.003242,0.02529,0.035245,-0.009955,-0.086311,0.121058,-0.207368
REP.DE,2024-10-31,4.76,positive,Q4,0.020389,-0.005563,0.025953,-0.000927,-0.002051,0.001124,0.014829,0.035245,-0.020417,0.026877,0.121058,-0.094181
BRM.DE,2024-10-31,-59.4,negative,Q1,0.005401,-0.005563,0.010964,0.005193,-0.002051,0.007244,0.124429,0.035245,0.089183,0.146656,0.121058,0.025598
TOTB.DE,2024-10-31,-46.04,negative,Q1,0.003855,-0.005563,0.009419,-0.017992,-0.002051,-0.015941,-0.070314,0.035245,-0.105559,0.015421,0.121058,-0.105636
SGM.DE,2024-10-31,19.37,positive,Q5,-0.029808,-0.005563,-0.024245,-0.009392,-0.002051,-0.007341,-0.005308,0.035245,-0.040554,-0.141282,0.121058,-0.26234
VOS.DE,2024-10-31,10.45,positive,Q4,0.00808,-0.005563,0.013643,0.023289,-0.002051,0.02534,-0.009506,0.035245,-0.044751,0.092443,0.121058,-0.028615
AZ2.DE,2024-10-31,-6.3,negative,Q3,-0.019793,-0.005563,-0.014229,-0.044109,-0.002051,-0.042058,-0.046748,0.035245,-0.081994,-0.034119,0.121058,-0.155176
KBX.DE,2024-10-31,-10.0,negative,Q2,-0.018142,-0.005563,-0.012579,-0.008109,-0.002051,-0.006058,-0.030924,0.035245,-0.066169,0.023502,0.121058,-0.097556
BOY.DE,2024-10-31,18.42,positive,Q5,0.015713,-0.005563,0.021276,-0.03367,-0.002051,-0.031619,-0.047138,0.035245,-0.082383,0.188552,0.121058,0.067495
BFSA.DE,2024-10-31,-71.43,negative,Q1,0.003949,-0.005563,0.009512,-0.032083,-0.002051,-0.030032,-0.013327,0.035245,-0.048572,0.000987,0.121058,-0.12007
AUS.DE,2024-10-31,-309.88,negative,Q1,0.029215,-0.005563,0.034778,0.048691,-0.002051,0.050742,-0.200243,0.035245,-0.235489,-0.28241,0.121058,-0.403468
IC2.DE,2024-10-31,-25.18,negative,Q2,-0.009774,-0.005563,-0.00421,0.018985,-0.002051,0.021036,0.047391,0.035245,0.012146,0.077978,0.121058,-0.04308
C7C1.F,2024-10-31,-19.85,negative,Q2,-0.014925,-0.005563,-0.009362,0.097015,-0.002051,0.099066,0.059701,0.035245,0.024456,-0.022388,0.121058,-0.143446
INP.DE,2024-10-31,67.0,positive,Q5,0.0,-0.005563,0.005563,0.06479,-0.002051,0.066841,0.102463,0.035245,0.067218,0.05651,0.121058,-0.064547
USX1.DE,2024-10-31,17.27,positive,Q4,-0.026741,-0.005563,-0.021178,0.099721,-0.002051,0.101772,0.091922,0.035245,0.056677,0.013649,0.121058,-0.107408
EBO.DE,2024-10-31,11.52,positive,Q4,0.014378,-0.005563,0.019942,0.033212,-0.002051,0.035263,0.016201,0.035245,-0.019044,0.137505,0.121058,0.016448
6MK.DE,2024-10-31,-15.04,negative,Q2,-0.015894,-0.005563,-0.010331,0.006358,-0.002051,0.008408,0.01688,0.035245,-0.018365,-0.086814,0.121058,-0.207871
KEL.DE,2024-10-31,26.68,positive,Q5,-0.004037,-0.005563,0.001526,0.015592,-0.002051,0.017643,0.041626,0.035245,0.006381,0.063344,0.121058,-0.057714
PEO.DE,2024-10-31,5.94,positive,Q4,-0.01137,-0.005563,-0.005807,0.022449,-0.002051,0.0245,0.043149,0.035245,0.007903,0.131778,0.121058,0.010721
YCP.DE,2024-10-31,7.33,positive,Q4,0.010483,-0.005563,0.016047,0.049586,-0.002051,0.051637,0.055247,0.035245,0.020002,-0.025684,0.121058,-0.146742
PHM7.DE,2024-10-31,0.0,negative,Q3,-0.010082,-0.005563,-0.004518,0.00429,-0.002051,0.006341,0.092879,0.035245,0.057633,0.033462,0.121058,-0.087595
INN1.DE,2024-10-31,15.69,positive,Q4,0.006803,-0.005563,0.012366,-0.04966,-0.002051,-0.047609,-0.07619,0.035245,-0.111436,0.023129,0.121058,-0.097928
CHV.DE,2024-11-01,3.67,positive,Q4,0.002549,0.005662,-0.003113,0.043563,0.015707,0.027856,0.10812,0.045378,0.062742,0.052186,0.143858,-0.091672
XONA.DE,2024-11-01,2.37,positive,Q3,0.004427,0.005662,-0.001235,0.043311,0.015707,0.027604,0.042926,0.045378,-0.002453,-0.024928,0.143858,-0.168786
FIE.DE,2024-11-01,-32.86,negative,Q2,-0.010672,0.005662,-0.016334,-0.009702,0.015707,-0.025408,-0.07252,0.045378,-0.117898,0.053359,0.143858,-0.090499
CIE1.DE,2024-11-02,-61.2,negative,Q1,0.066311,-0.011267,0.077578,0.112629,-0.011561,0.12419,0.156948,0.050678,0.10627,0.446851,0.131424,0.315427
ANL.DE,2024-11-02,-41.46,negative,Q1,0.061873,-0.011267,0.07314,0.038753,-0.011561,0.050315,0.043999,0.050678,-0.00668,0.000764,0.131424,-0.13066
DT3.DE,2024-11-02,1.83,positive,Q3,-0.047173,-0.011267,-0.035906,-0.035996,-0.011561,-0.024435,0.155161,0.050678,0.104483,0.157133,0.131424,0.02571
WYR.DE,2024-11-04,-128.58,negative,Q1,0.004207,-0.011267,0.015473,0.015424,-0.011561,0.026985,0.145315,0.050678,0.094637,-0.013129,0.131424,-0.144553
ZOE.DE,2024-11-04,4.58,positive,Q4,0.021815,-0.011267,0.033082,0.025953,-0.011561,0.037514,0.044571,0.050678,-0.006107,0.04175,0.131424,-0.089673
RY4C.DE,2024-11-04,0.0,negative,Q3,-0.011074,-0.011267,0.000193,0.024917,-0.011561,0.036478,0.040421,0.050678,-0.010257,0.101329,0.131424,-0.030095
GTR.DE,2024-11-04,-153.88,negative,Q1,0.061905,-0.011267,0.073172,0.059524,-0.011561,0.071085,0.220238,0.050678,0.16956,-0.02619,0.131424,-0.157614
AXJ.DE,2024-11-04,-127.05,negative,Q1,0.153382,-0.011267,0.164649,0.133518,-0.011561,0.145079,0.124214,0.050678,0.073536,0.293437,0.131424,0.162014
6D81.DE,2024-11-05,6.82,positive,Q4,-0.047524,0.016976,-0.0645,-0.045023,-0.001901,-0.043121,-0.052026,0.069303,-0.121329,-0.103427,0.150868,-0.254295
CBHD.DE,2024-11-05,1.42,positive,Q3,-0.001262,0.016976,-0.018238,-0.040121,-0.001901,-0.03822,-0.04214,0.069303,-0.111443,-0.122887,0.150868,-0.273755
G1A.DE,2024-11-05,5.88,positive,Q4,0.010232,0.016976,-0.006744,0.015916,-0.001901,0.017818,0.071623,0.069303,0.00232,0.17417,0.150868,0.023302
CRIN.DE,2024-11-05,11.11,positive,Q4,-0.014886,0.016976,-0.031862,0.000266,-0.001901,0.002167,-0.009038,0.069303,-0.078341,0.191388,0.150868,0.040519
UN0.DE,2024-11-05,-10.87,negative,Q2,-0.011429,0.016976,-0.028404,-0.072527,-0.001901,-0.070626,-0.087912,0.069303,-0.157216,-0.060879,0.150868,-0.211747
KRN.DE,2024-11-05,-17.79,negative,Q2,0.010134,0.016976,-0.006842,-0.010221,-0.001901,-0.008319,0.040797,0.069303,-0.028507,0.108792,0.150868,-0.042077
FME.DE,2024-11-05,26.15,positive,Q5,0.00316,0.016976,-0.013816,0.024487,-0.001901,0.026388,0.170616,0.069303,0.101313,0.200895,0.150868,0.050027
CO3A.DE,2024-11-05,-47.97,negative,Q1,-0.018841,0.016976,-0.035816,0.014493,-0.001901,0.016394,0.049275,0.069303,-0.020028,-0.053623,0.150868,-0.204492
DHL.DE,2024-11-05,-4.55,negative,Q3,0.02439,0.016976,0.007414,-0.002439,-0.001901,-0.000538,0.028659,0.069303,-0.040645,0.023171,0.150868,-0.127698
NXU.DE,2024-11-05,27.78,positive,Q5,-0.002929,0.016976,-0.019905,-0.001465,-0.001901,0.000437,0.001465,0.069303,-0.067839,0.005858,0.150868,-0.14501
FRA.DE,2024-11-05,5.51,positive,Q4,-0.015644,0.016976,-0.03262,0.002882,-0.001901,0.004783,0.102305,0.069303,0.033002,0.204199,0.150868,0.053331
VWSB.DE,2024-11-05,-43.48,negative,Q1,0.018558,0.016976,0.001582,-0.04354,-0.001901,-0.041639,-0.067809,0.069303,-0.137112,-0.012848,0.150868,-0.163716
ELG.DE,2024-11-05,0.68,positive,Q3,0.0,0.016976,-0.016976,0.006416,-0.001901,0.008318,0.028553,0.069303,-0.04075,0.087103,0.150868,-0.063765
NOEJ.DE,2024-11-05,0.0,negative,Q3,0.054468,0.016976,0.037492,-0.008511,-0.001901,-0.006609,0.269787,0.069303,0.200484,0.41617,0.150868,0.265302
ADM.DE,2024-11-05,-96.82,negative,Q1,-0.010716,0.016976,-0.027692,-0.013502,-0.001901,-0.011601,0.024646,0.069303,-0.044657,-0.076725,0.150868,-0.227594
2FE.DE,2024-11-05,4.52,positive,Q4,0.023304,0.016976,0.006328,0.019869,-0.001901,0.02177,0.038008,0.069303,-0.031295,0.067194,0.150868,-0.083674
KIN2.DE,2024-11-05,53.63,positive,Q5,-0.006572,0.016976,-0.023548,-0.044907,-0.001901,-0.043006,0.014239,0.069303,-0.055065,0.274918,0.150868,0.124049
O3P.DE,2024-11-05,24.02,positive,Q5,0.005096,0.016976,-0.011879,-0.003276,-0.001901,-0.001375,-0.006917,0.069303,-0.07622,0.025846,0.150868,-0.125022
SHA0.DE,2024-11-05,-108.7,negative,Q1,0.044888,0.016976,0.027912,-0.024938,-0.001901,-0.023036,0.009975,0.069303,-0.059328,-0.004988,0.150868,-0.155856
AK3.DE,2024-11-05,-75.9,negative,Q1,-0.015847,0.016976,-0.032823,-0.141908,-0.001901,-0.140006,-0.058276,0.069303,-0.12758,0.020243,0.150868,-0.130625
RDC.DE,2024-11-05,46.97,positive,Q5,0.042234,0.016976,0.025258,0.109673,-0.001901,0.111574,0.054496,0.069303,-0.014808,-0.178474,0.150868,-0.329342
BOSS.DE,2024-11-05,1.28,positive,Q3,0.055809,0.016976,0.038833,-0.025622,-0.001901,-0.02372,-0.073313,0.069303,-0.142617,0.081938,0.150868,-0.06893
QCI.DE,2024-11-06,2.17,positive,Q3,-0.019693,-0.007594,-0.012099,-0.043768,-0.005104,-0.038665,-0.068797,0.052787,-0.121584,0.035002,0.13817,-0.103168
BMW3.DE,2024-11-06,-54.38,negative,Q1,-0.028488,-0.007594,-0.020894,-0.025395,-0.005104,-0.020291,0.096858,0.052787,0.044071,0.099951,0.13817,-0.038218
EVK.DE,2024-11-06,23.4,positive,Q5,-0.028185,-0.007594,-0.020591,-0.055806,-0.005104,-0.050702,-0.054115,0.052787,-0.106902,0.011274,0.13817,-0.126896
LY0.DE,2024-11-06,-115.87,negative,Q1,-0.018226,-0.007594,-0.010632,0.042527,-0.005104,0.047631,-0.09356,0.052787,-0.146347,-0.13062,0.13817,-0.268789
EVT.DE,2024-11-06,-100.0,negative,Q1,-0.029225,-0.007594,-0.021631,0.096569,-0.005104,0.101673,0.114358,0.052787,0.061571,0.074968,0.13817,-0.063201
MLB1.DE,2024-11-06,-19.23,negative,Q2,0.026972,-0.007594,0.034566,0.098736,-0.005104,0.103839,0.13221,0.052787,0.079422,0.20301,0.13817,0.064841
PUM.DE,2024-11-06,-5.56,negative,Q3,-0.000449,-0.007594,0.007145,0.013241,-0.005104,0.018344,0.016831,0.052787,-0.035956,-0.360637,0.13817,-0.498807
0Q3.DE,2024-11-06,12.74,positive,Q4,-0.068015,-0.007594,-0.060421,-0.071691,-0.005104,-0.066587,-0.211397,0.052787,-0.264184,-0.318015,0.13817,-0.456184
KCO.DE,2024-11-06,-38.1,negative,Q1,-0.015873,-0.007594,-0.008279,-0.004535,-0.005104,0.000569,0.029478,0.052787,-0.023309,0.335601,0.13817,0.197431
CBK.DE,2024-11-06,31.71,positive,Q5,-0.014715,-0.007594,-0.007121,-0.014715,-0.005104,-0.009612,-0.064619,0.052787,-0.117406,0.178503,0.13817,0.040333
HEN.DE,2024-11-06,2.25,positive,Q3,0.002805,-0.007594,0.010399,0.014319,-0.005104,0.019423,0.063626,0.052787,0.010839,0.055063,0.13817,-0.083106
NOV.DE,2024-11-06,2.11,positive,Q3,0.004638,-0.007594,0.012232,0.005463,-0.005104,0.010566,0.047928,0.052787,-0.004859,-0.187281,0.13817,-0.325451
BMW.DE,2024-11-06,-56.76,negative,Q1,-0.032039,-0.007594,-0.024445,-0.031132,-0.005104,-0.026028,0.106242,0.052787,0.053454,0.091733,0.13817,-0.046436
VNA.DE,2024-11-06,18.75,positive,Q5,0.026989,-0.007594,0.034583,0.006037,-0.005104,0.011141,0.078125,0.052787,0.025338,0.01669,0.13817,-0.121479
HEN3.DE,2024-11-06,113.85,positive,Q5,0.008533,-0.007594,0.016127,0.019467,-0.005104,0.02457,0.077733,0.052787,0.024946,0.084933,0.13817,-0.053236
CVS.DE,2024-11-06,-95.12,negative,Q1,-0.033005,-0.007594,-0.025411,-0.060698,-0.005104,-0.055594,-0.043627,0.052787,-0.096414,-0.030728,0.13817,-0.168898
SHL.DE,2024-11-06,4.69,positive,Q4,-0.010983,-0.007594,-0.003389,-0.049133,-0.005104,-0.044029,-0.025434,0.052787,-0.078221,0.09711,0.13817,-0.04106
HAG.DE,2024-11-06,-56.41,negative,Q1,0.02279,-0.007594,0.030384,0.02587,-0.005104,0.030974,0.154912,0.052787,0.102125,0.108408,0.13817,-0.029762
T6A.DE,2024-11-06,-35.66,negative,Q2,-0.002776,-0.007594,0.004818,-0.037474,-0.005104,-0.03237,-0.059681,0.052787,-0.112468,0.192228,0.13817,0.054058
U9R.DE,2024-11-06,54.47,positive,Q5,-0.022901,-0.007594,-0.015307,-0.099237,-0.005104,-0.094133,-0.093511,0.052787,-0.146298,-0.343511,0.13817,-0.481681
FRE.DE,2024-11-06,-2.82,negative,Q3,0.001818,-0.007594,0.009412,-0.030294,-0.005104,-0.02519,-0.003635,0.052787,-0.056422,0.125417,0.13817,-0.012753
AHOG.DE,2024-11-06,-31.35,negative,Q2,0.0,-0.007594,0.007594,0.009385,-0.005104,0.014489,0.016828,0.052787,-0.035959,0.121036,0.13817,-0.017134
HLE.DE,2024-11-06,16.92,positive,Q4,0.0,-0.007594,0.007594,-0.01803,-0.005104,-0.012927,0.020313,0.052787,-0.032474,0.028187,0.13817,-0.109983
TMV.DE,2024-11-06,4.17,positive,Q4,0.044723,-0.007594,0.052317,0.057245,-0.005104,0.062349,0.12254,0.052787,0.069753,0.059034,0.13817,-0.079136
GIS.DE,2024-11-06,-33.36,negative,Q2,0.000343,-0.007594,0.007937,-0.028853,-0.005104,-0.023749,-0.025876,0.052787,-0.078663,0.035379,0.13817,-0.102791
ENL.DE,2024-11-06,5.88,positive,Q4,-0.00318,-0.007594,0.004414,0.011129,-0.005104,0.016232,0.042925,0.052787,-0.009862,0.071542,0.13817,-0.066627
HNM.DE,2024-11-06,18.53,positive,Q5,0.00597,-0.007594,0.013564,-0.022064,-0.005104,-0.01696,-0.031798,0.052787,-0.084585,-0.19974,0.13817,-0.33791
QIA.DE,2024-11-06,-8.78,negative,Q3,-0.011905,-0.007594,-0.004311,-0.02551,-0.005104,-0.020407,-0.000243,0.052787,-0.05303,-0.073858,0.13817,-0.212028
NDX1.DE,2024-11-07,-91.52,negative,Q1,-0.001626,0.012132,-0.013758,-0.039837,-0.000243,-0.039594,-0.047967,0.058832,-0.106799,-0.080488,0.152614,-0.233102
E3X1.DE,2024-11-07,-16.57,negative,Q2,0.011223,0.012132,-0.000909,-0.021173,-0.000243,-0.02093,0.040032,0.058832,-0.018799,0.124899,0.152614,-0.027715
SMHN.DE,2024-11-07,13.33,positive,Q4,-0.018969,0.012132,-0.031101,-0.026633,-0.000243,-0.02639,-0.049435,0.058832,-0.108267,-0.214792,0.152614,-0.367406
ABR.DE,2024-11-07,-12.1,negative,Q2,-0.033908,0.012132,-0.04604,-0.066032,-0.000243,-0.065789,-0.032719,0.058832,-0.09155,0.038073,0.152614,-0.114541
SGL.DE,2024-11-07,123.08,positive,Q5,-0.050917,0.012132,-0.063048,-0.07943,-0.000243,-0.079187,-0.12831,0.058832,-0.187141,-0.215886,0.152614,-0.3685
RHM.DE,2024-11-07,-19.95,negative,Q2,0.034791,0.012132,0.022659,0.054579,-0.000243,0.054822,0.122706,0.058832,0.063874,0.333327,0.152614,0.180713
HAL.DE,2024-11-07,-13.15,negative,Q2,0.026914,0.012132,0.014782,0.038287,-0.000243,0.03853,0.018954,0.058832,-0.039878,-0.065201,0.152614,-0.217815
DTG.DE,2024-11-07,-30.63,negative,Q2,-0.010903,0.012132,-0.023035,-0.026559,-0.000243,-0.026316,-0.020688,0.058832,-0.079519,0.084708,0.152614,-0.067906
HEI.DE,2024-11-07,15.41,positive,Q4,0.041758,0.012132,0.029626,0.015057,-0.000243,0.0153,0.051212,0.058832,-0.007619,0.238729,0.152614,0.086115
FNTN.DE,2024-11-07,13.21,positive,Q4,0.0033,0.012132,-0.008832,-0.018702,-0.000243,-0.018459,-0.0033,0.058832,-0.062132,0.066373,0.152614,-0.086241
DEZ.DE,2024-11-07,-338.05,negative,Q1,0.022556,0.012132,0.010425,-0.02005,-0.000243,-0.019807,0.027569,0.058832,-0.031263,0.142857,0.152614,-0.009757
RAA.DE,2024-11-07,4.26,positive,Q4,0.025789,0.012132,0.013657,0.006886,-0.000243,0.007129,0.003449,0.058832,-0.055383,0.011468,0.152614,-0.141146
MUV2.DE,2024-11-07,-29.59,negative,Q2,0.01743,0.012132,0.005299,0.004468,-0.000243,0.004711,0.071482,0.058832,0.01265,0.122959,0.152614,-0.029655
LXS.DE,2024-11-07,132.43,positive,Q5,0.020285,0.012132,0.008153,0.022443,-0.000243,0.022686,0.134225,0.058832,0.075394,0.235218,0.152614,0.082604
DUE.DE,2024-11-07,-20.0,negative,Q2,0.029736,0.012132,0.017604,0.039808,-0.000243,0.040051,0.101199,0.058832,0.042367,0.140048,0.152614,-0.012566
NNGF.DE,2024-11-07,-47.77,negative,Q1,0.016711,0.012132,0.004579,-0.007916,-0.000243,-0.007673,-0.013193,0.058832,-0.072024,-0.030783,0.152614,-0.183397
NEM.DE,2024-11-07,15.79,positive,Q4,-0.002887,0.012132,-0.015019,-0.047344,-0.000243,-0.047101,-0.04311,0.058832,-0.101942,0.167629,0.152614,0.015015
HOT.DE,2024-11-07,8.57,positive,Q4,0.015789,0.012132,0.003658,0.003539,-0.000243,0.003782,0.12314,0.058832,0.064308,0.291107,0.152614,0.138493
ADV.DE,2024-11-07,-30.0,negative,Q2,0.0,0.012132,-0.012132,0.0,-0.000243,0.000243,0.010943,0.058832,-0.047889,0.023971,0.152614,-0.128643
U9RA.DE,2024-11-07,55.18,positive,Q5,-0.021845,0.012132,-0.033976,0.040049,-0.000243,0.040292,0.049757,0.058832,-0.009074,-0.231796,0.152614,-0.38441
TNE5.DE,2024-11-07,-98.03,negative,Q1,-0.005025,0.012132,-0.017157,0.002513,-0.000243,0.002756,0.030151,0.058832,-0.028681,0.032663,0.152614,-0.119951
5G5.DE,2024-11-07,-41.99,negative,Q1,0.083333,0.012132,0.071201,-0.194444,-0.000243,-0.194201,-0.118056,0.058832,-0.176887,-0.471528,0.152614,-0.624142
HCL.DE,2024-11-07,-91.37,negative,Q1,-0.021073,0.012132,-0.033205,0.0,-0.000243,0.000243,0.101533,0.058832,0.042701,0.139847,0.152614,-0.012767
LEG.DE,2024-11-08,-7.14,negative,Q3,-0.013601,-0.021336,0.007736,-0.04283,-0.013338,-0.029492,-0.03591,0.045276,-0.081187,-0.087927,0.162655,-0.250582
SII.DE,2024-11-08,3.95,positive,Q4,-0.004956,-0.021336,0.01638,0.007611,-0.013338,0.020949,0.03823,0.045276,-0.007046,0.161593,0.162655,-0.001062
SZG.DE,2024-11-11,-263.73,negative,Q1,-0.012007,-0.001604,-0.010403,-0.008576,0.001401,-0.009978,-0.017153,0.071742,-0.088895,0.065752,0.182823,-0.117071
HNR1.DE,2024-11-11,21.15,positive,Q5,0.004163,-0.001604,0.005768,-0.008284,0.001401,-0.009685,0.052837,0.071742,-0.018905,0.041205,0.182823,-0.141617
CON.DE,2024-11-11,35.11,positive,Q5,0.006584,-0.001604,0.008188,0.029453,0.001401,0.028051,0.107935,0.071742,0.036192,0.161642,0.182823,-0.02118
1U1.DE,2024-11-12,-10.82,negative,Q2,-0.003401,0.013713,-0.017114,0.005102,8.8e-05,0.005014,0.047619,0.074891,-0.027272,0.003401,0.199703,-0.196302
KWS.DE,2024-11-12,270.16,positive,Q5,0.017177,0.013713,0.003464,0.015406,8.8e-05,0.015319,0.027448,0.074891,-0.047443,-0.061094,0.199703,-0.260798
BAYN.DE,2024-11-12,-20.81,negative,Q2,0.017456,0.013713,0.003743,-0.029925,8.8e-05,-0.030013,0.001496,0.074891,-0.073395,0.061845,0.199703,-0.137858
SFQ.DE,2024-11-12,-60.93,negative,Q1,-0.013825,0.013713,-0.027538,-0.033794,8.8e-05,-0.033882,0.113671,0.074891,0.03878,0.235791,0.199703,0.036088
UTDI.DE,2024-11-12,-66.56,negative,Q1,0.003479,0.013713,-0.010234,-0.011134,8.8e-05,-0.011222,0.019485,0.074891,-0.055406,-0.007655,0.199703,-0.207358
BNR.DE,2024-11-12,-22.68,negative,Q2,0.004845,0.013713,-0.008868,0.028351,8.8e-05,0.028263,0.065853,0.074891,-0.009038,0.113583,0.199703,-0.08612
5CV.DE,2024-11-12,7.09,positive,Q4,-0.026415,0.013713,-0.040128,-0.128302,8.8e-05,-0.12839,0.166038,0.074891,0.091147,0.29434,0.199703,0.094636
SIX3.DE,2024-11-12,-0.78,negative,Q3,0.044047,0.013713,0.030334,-0.007501,8.8e-05,-0.007589,0.027505,0.074891,-0.047386,0.062512,0.199703,-0.137191
IFX.DE,2024-11-12,10.0,positive,Q4,0.046687,0.013713,0.032974,-0.009269,8.8e-05,-0.009357,0.128733,0.074891,0.053842,0.290079,0.199703,0.090376
HDI.DE,2024-11-12,0.89,positive,Q3,0.003351,0.013713,-0.010362,-0.012764,8.8e-05,-0.012852,0.024943,0.074891,-0.049947,0.014812,0.199703,-0.184891
JUN3.DE,2024-11-12,6.91,positive,Q4,-0.009285,0.013713,-0.022998,-0.067824,8.8e-05,-0.067912,0.041986,0.074891,-0.032905,0.101332,0.199703,-0.098371
WIB.DE,2024-11-12,-31.75,negative,Q2,0.01967,0.013713,0.005957,0.02439,8.8e-05,0.024302,0.040913,0.074891,-0.033978,0.25177,0.199703,0.052067
IOS.DE,2024-11-12,7.06,positive,Q4,-0.002155,0.013713,-0.015868,-0.030172,8.8e-05,-0.03026,-0.030172,0.074891,-0.105063,0.021552,0.199703,-0.178151
COK.DE,2024-11-12,-5.73,negative,Q3,-0.000867,0.013713,-0.01458,0.00997,8.8e-05,0.009882,0.001734,0.074891,-0.073157,0.058518,0.199703,-0.141186
SIX2.DE,2024-11-12,5.77,positive,Q4,0.060158,0.013713,0.046445,-0.001464,8.8e-05,-0.001552,0.069379,0.074891,-0.005512,0.11534,0.199703,-0.084364
ZEG.DE,2024-11-12,-54.43,negative,Q1,0.011369,0.013713,-0.002344,-0.016681,8.8e-05,-0.016768,0.043402,0.074891,-0.031488,0.149461,0.199703,-0.050243
639.DE,2024-11-12,-14.2,negative,Q2,0.048119,0.013713,0.034406,0.004903,8.8e-05,0.004815,0.055758,0.074891,-0.019133,0.396579,0.199703,0.196876
JEN.DE,2024-11-12,15.0,positive,Q4,0.047992,0.013713,0.034279,-0.002938,8.8e-05,-0.003026,0.043095,0.074891,-0.031796,0.058276,0.199703,-0.141427
AOMD.DE,2024-11-13,106.82,positive,Q5,0.037088,-0.002746,0.039833,-0.04304,-0.006101,-0.036939,0.014194,0.059294,-0.0451,-0.049908,0.185883,-0.235792
ALV.DE,2024-11-13,5.31,positive,Q4,0.009104,-0.002746,0.01185,0.020329,-0.006101,0.02643,0.058903,0.059294,-0.000391,0.152834,0.185883,-0.03305
RWE.DE,2024-11-13,432.26,positive,Q5,0.005532,-0.002746,0.008278,-0.030914,-0.006101,-0.024813,-0.077774,0.059294,-0.137068,-0.105109,0.185883,-0.290992
CIS.DE,2024-11-13,-22.35,negative,Q2,-0.007467,-0.002746,-0.004721,0.005413,-0.006101,0.011515,0.021281,0.059294,-0.038013,0.14187,0.185883,-0.044013
AG1.DE,2024-11-13,414.82,positive,Q5,-0.014778,-0.002746,-0.012033,0.023645,-0.006101,0.029746,0.615764,0.059294,0.55647,0.894581,0.185883,0.708698
PAH3.DE,2024-11-13,-50.2,negative,Q1,0.015969,-0.002746,0.018714,-0.030431,-0.006101,-0.02433,0.02802,0.059294,-0.031273,0.084363,0.185883,-0.101521
ENR.DE,2024-11-13,-67.98,negative,Q1,0.016879,-0.002746,0.019625,0.022939,-0.006101,0.02904,0.05778,0.059294,-0.001514,0.378057,0.185883,0.192173
DTE.DE,2024-11-13,3.4,positive,Q4,-0.00322,-0.002746,-0.000475,0.006798,-0.006101,0.012899,0.035778,0.059294,-0.023516,0.198211,0.185883,0.012328
VAS.DE,2024-11-13,-59.91,negative,Q1,-0.001107,-0.002746,0.001639,-0.029884,-0.006101,-0.023783,0.017156,0.059294,-0.042138,0.184283,0.185883,-0.0016
MRK.DE,2024-11-14,7.05,positive,Q4,-0.022333,-0.001125,-0.021207,-0.0101,0.005819,-0.015918,-0.017496,0.057416,-0.074912,-0.054125,0.167761,-0.221886
WDP.DE,2024-11-14,-76.78,negative,Q1,0.003381,-0.001125,0.004507,0.034846,0.005819,0.029027,0.003663,0.057416,-0.053753,0.001785,0.167761,-0.165976
GYC.DE,2024-11-14,0.0,negative,Q3,-0.030885,-0.001125,-0.029759,0.006678,0.005819,0.000859,-0.040067,0.057416,-0.097482,-0.113523,0.167761,-0.281283
MLP.DE,2024-11-14,0.0,negative,Q3,0.0053,-0.001125,0.006426,-0.0053,0.005819,-0.011119,-0.008834,0.057416,-0.06625,0.15371,0.167761,-0.014051
EOAN.DE,2024-11-14,-18.41,negative,Q2,-0.005352,-0.001125,-0.004227,0.035682,0.005819,0.029864,0.006244,0.057416,-0.051171,-0.003568,0.167761,-0.171329
S92.DE,2024-11-14,-217.43,negative,Q1,0.059778,-0.001125,0.060903,-0.011956,0.005819,-0.017774,0.125534,0.057416,0.068118,0.378309,0.167761,0.210548
GBF.DE,2024-11-14,12.2,positive,Q4,0.012229,-0.001125,0.013354,-0.011075,0.005819,-0.016894,0.035764,0.057416,-0.021652,0.225427,0.167761,0.057666
WAC.DE,2024-11-14,-36.36,negative,Q2,0.019654,-0.001125,0.02078,-0.001572,0.005819,-0.007391,0.085692,0.057416,0.028276,0.319969,0.167761,0.152208
SIE.DE,2024-11-14,0.78,positive,Q3,-0.018185,-0.001125,-0.017059,-0.052534,0.005819,-0.058352,0.015564,0.057416,-0.041852,0.203309,0.167761,0.035549
BYW.DE,2024-11-14,-139.24,negative,Q1,-0.126214,-0.001125,-0.125088,-0.11165,0.005819,-0.117469,0.121359,0.057416,0.063944,0.150485,0.167761,-0.017275
DTE.DE,2024-11-14,3.4,positive,Q4,0.002871,-0.001125,0.003997,0.025126,0.005819,0.019307,0.046303,0.057416,-0.011113,0.197416,0.167761,0.029655
GFT.DE,2024-11-14,-7.07,negative,Q3,0.040665,-0.001125,0.041791,-0.018022,0.005819,-0.023841,0.07902,0.057416,0.021605,-0.040665,0.167761,-0.208426
SDF.DE,2024-11-14,-17.74,negative,Q2,0.001768,-0.001125,0.002894,-0.013263,0.005819,-0.019081,-0.007958,0.057416,-0.065373,0.114943,0.167761,-0.052818
PSM.DE,2024-11-14,-81.25,negative,Q1,-0.004057,-0.001125,-0.002931,-0.042596,0.005819,-0.048415,0.077079,0.057416,0.019664,0.089249,0.167761,-0.078511
AHLA.DE,2024-11-15,24.74,positive,Q5,-0.016739,-0.006716,-0.010023,-0.034571,0.011257,-0.045827,-0.012009,0.055092,-0.067101,0.560893,0.162876,0.398017
2M6.DE,2024-11-19,-21.13,negative,Q2,0.015562,0.00744,0.008122,0.029568,0.013521,0.016047,-0.029438,0.050781,-0.080219,0.100246,0.180015,-0.079769
ITB.DE,2024-11-19,17.79,positive,Q4,-0.001432,0.00744,-0.008871,0.047602,0.013521,0.034081,0.04617,0.050781,-0.004611,0.146027,0.180015,-0.033988
WMT.DE,2024-11-19,6.82,positive,Q4,0.020318,0.00744,0.012878,0.055569,0.013521,0.042048,0.097674,0.050781,0.046893,0.081273,0.180015,-0.098742
DYH.DE,2024-11-20,-18.96,negative,Q2,0.026038,0.009214,0.016824,0.068629,0.014601,0.054028,0.081693,0.038576,0.043117,0.042233,0.170483,-0.12825
SLL.DE,2024-11-21,-38.98,negative,Q1,0.0,0.004275,-0.004275,0.015373,0.015726,-0.000352,-0.019034,0.027231,-0.046265,0.200586,0.179661,0.020924
NTA.DE,2024-11-21,4.88,positive,Q4,0.019919,0.004275,0.015644,-0.012762,0.015726,-0.028488,-0.035699,0.027231,-0.06293,0.018539,0.179661,-0.161122
EVD.DE,2024-11-21,-58.24,negative,Q1,-0.021097,0.004275,-0.025372,0.00969,0.015726,-0.006036,-0.002453,0.027231,-0.029684,0.274868,0.179661,0.095207
12DA.DE,2024-11-26,-23.28,negative,Q2,0.03602,0.008513,0.027506,0.031397,0.050379,-0.018982,-0.024856,0.039608,-0.064464,-0.186115,0.201709,-0.387825
7HP.DE,2024-11-26,-1.17,negative,Q3,0.018088,0.008513,0.009575,0.075904,0.050379,0.025525,-0.001292,0.039608,-0.0409,-0.078488,0.201709,-0.280197
XGR2.DE,2024-11-26,-46.9,negative,Q1,0.013823,0.008513,0.00531,0.042099,0.050379,-0.00828,0.010996,0.039608,-0.028612,0.072887,0.201709,-0.128822
EJT1.DE,2024-11-27,-3.42,negative,Q3,0.007764,0.010333,-0.002569,0.049689,0.048033,0.001657,-0.012422,0.024727,-0.03715,-0.107143,0.149342,-0.256485
1TY.DE,2024-12-02,6.31,positive,Q4,0.0,0.010761,-0.010761,0.031506,0.015607,0.015899,-0.114242,0.015646,-0.129888,0.132172,0.149484,-0.017312
AUD.DE,2024-12-03,-40.0,negative,Q1,-0.005694,0.00626,-0.011954,0.008454,0.008255,0.000199,-0.01156,0.004199,-0.015759,-0.207557,0.11807,-0.325627
CSC.DE,2024-12-04,-16.56,negative,Q2,0.002029,0.001268,0.000761,0.013695,0.003314,0.010381,-0.085468,-0.007074,-0.078394,-0.091808,0.096763,-0.188571
2HP.DE,2024-12-05,84.41,positive,Q5,-0.018721,-0.001896,-0.016826,-0.077626,0.001045,-0.078671,-0.054338,-0.01235,-0.041987,-0.374886,0.112428,-0.487314
VEE.DE,2024-12-05,-28.28,negative,Q2,-0.022784,-0.001896,-0.020888,-0.094863,0.001045,-0.095909,-0.130489,-0.01235,-0.118138,-0.113505,0.112428,-0.225933
NDA.DE,2024-12-05,18.25,positive,Q5,-0.002901,-0.001896,-0.001005,-0.03735,0.001045,-0.038396,-0.159072,-0.01235,-0.146721,0.068899,0.112428,-0.043529
ORC.DE,2024-12-09,-25.71,negative,Q2,0.022281,0.003443,0.018837,-0.025755,-0.004073,-0.021682,-0.088045,0.012077,-0.100122,-0.180522,0.130731,-0.311254
AFX.DE,2024-12-10,35.15,positive,Q5,-0.057506,0.001329,-0.058835,-0.130508,-0.007676,-0.122832,-0.145258,0.012561,-0.157818,0.229276,0.135075,0.094201
TUI1.DE,2024-12-11,-3.37,negative,Q3,-0.002326,-0.000996,-0.001329,-0.040698,-0.022344,-0.018353,-0.116279,0.023358,-0.139637,-0.177907,0.144639,-0.322546
IXD1.DE,2024-12-11,-4.42,negative,Q3,0.009731,-0.000996,0.010727,-0.005383,-0.022344,0.016961,-0.009524,0.023358,-0.032882,-0.089855,0.144639,-0.234494
1YD.DE,2024-12-12,-34.77,negative,Q2,0.113145,-0.004514,0.117659,0.059362,-0.02554,0.084902,0.120926,0.028638,0.092288,-0.138544,0.14124,-0.279784
NCH2.DE,2024-12-17,242.57,positive,Q5,-0.033728,-0.013472,-0.020256,-0.033728,-0.016472,-0.017257,-0.156791,0.057748,-0.214539,-0.142206,0.128941,-0.271147
MTE.DE,2024-12-18,-5.39,negative,Q3,0.001195,-0.004262,0.005457,0.01135,0.002744,0.008606,0.178614,0.071361,0.107253,0.042772,0.157233,-0.114462
GRM.DE,2024-12-18,18.26,positive,Q5,-0.01489,-0.004262,-0.010629,-0.00619,0.002744,-0.008935,-0.076794,0.071361,-0.148155,-0.131504,0.157233,-0.288738
CEC.DE,2024-12-18,-92.87,negative,Q1,-0.022556,-0.004262,-0.018295,-0.003759,0.002744,-0.006504,0.041353,0.071361,-0.030008,0.270677,0.157233,0.113443
FDX.DE,2024-12-19,-24.07,negative,Q2,-0.100428,-0.001809,-0.098618,-0.066144,0.001073,-0.067217,-0.076657,0.070276,-0.146934,-0.206094,0.14857,-0.354664
PCX.DE,2024-12-19,1.89,positive,Q3,-0.000456,-0.001809,0.001353,0.015588,0.001073,0.014515,0.05262,0.070276,-0.017657,0.046993,0.14857,-0.101578
WDC.DE,2024-12-27,22.31,positive,Q5,0.040402,0.005802,0.0346,0.070227,0.021136,0.049091,0.089995,0.091318,-0.001323,-0.355124,0.113232,-0.468356
LU2.DE,2024-12-30,-340.04,negative,Q1,0.027407,-0.005922,0.033329,0.014815,0.014604,0.000211,0.035309,0.085264,-0.049956,None,None,None
AG1.DE,2024-12-31,-13.59,negative,Q2,-0.044814,0.015579,-0.060393,0.040333,0.015508,0.024825,0.149808,0.076467,0.073341,0.286812,0.124824,0.161988
RWL.DE,2024-12-31,1.95,positive,Q3,-0.012736,0.015579,-0.028314,-0.02871,0.015508,-0.044219,-0.039642,0.076467,-0.116109,-0.137147,0.124824,-0.261971
CO3A.DE,2024-12-31,-87.16,negative,Q1,-0.005997,0.015579,-0.021576,-0.02099,0.015508,-0.036498,0.032984,0.076467,-0.043484,None,None,None
NMM.DE,2024-12-31,13.33,positive,Q4,-0.013699,0.015579,-0.029277,0.037808,0.015508,0.0223,0.139452,0.076467,0.062985,0.210137,0.124824,0.085313
NCH2.DE,2024-12-31,76.81,positive,Q5,0.017905,0.015579,0.002326,-0.081468,0.015508,-0.096976,-0.216652,0.076467,-0.293119,-0.222023,0.124824,-0.346847
2HQ.DE,2025-01-07,-147.41,negative,Q1,-0.022388,-0.000632,-0.021756,-0.134328,0.012038,-0.146367,-0.208955,0.077348,-0.286303,-0.627612,-0.026578,-0.601034
YOU.DE,2025-01-09,60.0,positive,Q5,-0.001534,-0.004053,0.00252,-0.023006,0.034064,-0.05707,0.01227,0.083946,-0.071676,0.042945,-0.026906,0.069851
W8A.DE,2025-01-10,-181.05,negative,Q1,0.051259,0.006878,0.044381,-0.008094,0.04259,-0.050684,-0.170863,0.094621,-0.265484,-0.132194,0.021352,-0.153546
SZU.DE,2025-01-14,0.0,negative,Q3,-0.013861,0.003923,-0.017784,0.026733,0.03303,-0.006298,0.018812,0.099022,-0.08021,0.1,0.018477,0.081523
CMC.DE,2025-01-15,32.91,positive,Q5,0.001196,0.012007,-0.01081,0.032671,0.036607,-0.003937,0.072684,0.089954,-0.01727,-0.146193,0.028966,-0.175159
TRVC.DE,2025-01-15,21.19,positive,Q5,0.012699,0.012007,0.000693,0.042826,0.036607,0.006219,0.060794,0.089954,-0.029159,-0.238719,0.028966,-0.267686
NWT.DE,2025-01-15,11.45,positive,Q4,0.010886,0.012007,-0.00112,0.021493,0.036607,-0.015114,0.041312,0.089954,-0.048642,-0.208514,0.028966,-0.23748
UNH.DE,2025-01-16,-11.37,negative,Q2,-0.037401,0.004158,-0.041559,0.001979,0.023515,-0.021536,-0.010724,0.090641,-0.101364,0.039562,0.019501,0.020062
GOS.DE,2025-01-16,52.46,positive,Q5,0.015346,0.004158,0.011188,0.001161,0.023515,-0.022354,0.050648,0.090641,-0.039993,-0.258422,0.019501,-0.277922
NCB.DE,2025-01-16,9.15,positive,Q4,-0.000897,0.004158,-0.005055,-0.01996,0.023515,-0.043474,-0.026912,0.090641,-0.117553,-0.261045,0.019501,-0.280546
DWD.DE,2025-01-16,51.22,positive,Q5,0.012579,0.004158,0.00842,-0.004193,0.023515,-0.027708,0.017859,0.090641,-0.072782,-0.266403,0.019501,-0.285903
NB2.DE,2025-01-21,136.89,positive,Q5,0.015086,0.007399,0.007687,-0.0625,0.018032,-0.080532,-0.016164,0.04989,-0.066054,-0.465517,0.033297,-0.498814
PRG.DE,2025-01-21,1.11,positive,Q3,-0.006636,0.007399,-0.014035,0.004148,0.018032,-0.013884,0.005296,0.04989,-0.044594,-0.089528,0.033297,-0.122825
MMM.DE,2025-01-21,-19.88,negative,Q2,0.004202,0.007399,-0.003197,0.021436,0.018032,0.003404,-0.002777,0.04989,-0.052668,-0.151332,0.033297,-0.184629
HAL.DE,2025-01-21,-0.15,negative,Q3,-0.022895,0.007399,-0.030294,-0.079025,0.018032,-0.097057,-0.069793,0.04989,-0.119683,-0.353028,0.033297,-0.386325
TII.DE,2025-01-21,8.55,positive,Q4,-0.002012,0.007399,-0.009411,-0.085713,0.018032,-0.103745,0.02344,0.04989,-0.02645,-0.281775,0.033297,-0.315072
NFC.DE,2025-01-21,1.65,positive,Q3,0.013368,0.007399,0.005969,0.007331,0.018032,-0.010701,0.053795,0.04989,0.003904,-0.00097,0.033297,-0.034267
ERCB.DE,2025-01-21,-34.3,negative,Q2,0.00738,0.007399,-1.9e-05,-0.126691,0.018032,-0.144723,-0.089791,0.04989,-0.139681,-0.109471,0.033297,-0.142768
ERCG.DE,2025-01-21,-33.71,negative,Q2,0.0,0.007399,-0.007399,None,None,None,-0.078212,0.04989,-0.128103,0.057728,0.033297,0.024431
2KD.DE,2025-01-22,-10.52,negative,Q2,-0.017795,-0.000775,-0.01702,-0.07746,0.014743,-0.092203,-0.125262,0.040914,-0.166176,None,None,None
FPMB.DE,2025-01-22,-13.38,negative,Q2,0.011083,-0.000775,0.011858,-0.010514,0.014743,-0.025257,0.024155,0.040914,-0.016759,-0.08241,0.030497,-0.112906
ABL.DE,2025-01-22,292.31,positive,Q5,0.018705,-0.000775,0.019481,0.053158,0.014743,0.038415,0.108665,0.040914,0.067751,-0.017226,0.030497,-0.047723
185.DE,2025-01-22,-8.95,negative,Q3,0.006047,-0.000775,0.006822,-0.03484,0.014743,-0.049583,-0.040023,0.040914,-0.080937,-0.344371,0.030497,-0.374868
PA9.DE,2025-01-22,49.85,positive,Q5,-0.009905,-0.000775,-0.00913,0.027577,0.014743,0.012834,-0.01165,0.040914,-0.052564,-0.009338,0.030497,-0.039834
JNJ.DE,2025-01-22,-28.65,negative,Q2,-0.014513,-0.000775,-0.013737,0.03142,0.014743,0.016677,0.098034,0.040914,0.05712,-0.032291,0.030497,-0.062788
UNP.DE,2025-01-23,4.09,positive,Q4,0.023196,-0.00527,0.028466,0.020035,0.015757,0.004278,-0.012901,0.048189,-0.06109,-0.207014,0.039613,-0.246628
SRT3.DE,2025-01-24,-43.1,negative,Q1,0.114688,0.006973,0.107715,0.087108,0.006863,0.080245,-0.051511,0.053006,-0.104518,-0.10166,0.046494,-0.148153
SRT.DE,2025-01-24,-14.4,negative,Q2,0.120348,0.006973,0.113375,0.100222,0.006863,0.093359,-0.052336,0.053006,-0.105342,-0.071602,0.046494,-0.118096
AEC1.DE,2025-01-24,12.29,positive,Q4,0.002647,0.006973,-0.004326,0.019102,0.006863,0.012239,-0.07929,0.053006,-0.132296,-0.227781,0.046494,-0.274275
BAC.DE,2025-01-24,8.57,positive,Q4,0.012548,0.006973,0.005575,0.003546,0.006863,-0.003317,0.084288,0.053006,0.031282,-0.021277,0.046494,-0.06777
RY4C.DE,2025-01-27,199.96,positive,Q5,-0.010401,0.009657,-0.020058,-0.006934,0.003505,-0.010439,-0.003962,0.063625,-0.067588,0.005944,0.046441,-0.040497
FFV.DE,2025-01-27,-16.05,negative,Q2,0.107847,0.009657,0.09819,0.117897,0.003505,0.114392,0.085041,0.063625,0.021415,None,None,None
SOBA.DE,2025-01-27,13.67,positive,Q4,0.020963,0.009657,0.011307,0.014719,0.003505,0.011214,0.094112,0.063625,0.030487,0.049063,0.046441,0.002623
MSF.DE,2025-01-28,3.65,positive,Q4,-0.064138,0.004144,-0.068283,-0.068026,-0.002385,-0.065641,-0.097203,0.042212,-0.139415,-0.187746,0.03972,-0.227466
8GM.DE,2025-01-28,-238.91,negative,Q1,0.020408,0.004144,0.016264,-0.020196,-0.002385,-0.017811,-0.013393,0.042212,-0.055605,-0.159226,0.03972,-0.198947
SRB.DE,2025-01-28,2.95,positive,Q3,0.027789,0.004144,0.023645,0.046549,-0.002385,0.048934,0.086376,0.042212,0.044165,-0.314908,0.03972,-0.354628
KMY.DE,2025-01-28,-12.33,negative,Q2,0.001478,0.004144,-0.002666,-0.011499,-0.002385,-0.009114,0.075729,0.042212,0.033517,-0.06883,0.03972,-0.10855
MOH.DE,2025-01-28,-15.5,negative,Q2,0.004624,0.004144,0.00048,-0.038286,-0.002385,-0.035902,-0.027631,0.042212,-0.069842,-0.30375,0.03972,-0.34347
BOY.DE,2025-01-28,10.49,positive,Q4,0.012405,0.004144,0.00826,0.010496,-0.002385,0.012881,0.163168,0.042212,0.120956,0.129771,0.03972,0.090051
LOM.DE,2025-01-28,-66.72,negative,Q1,0.002633,0.004144,-0.001511,-0.001162,-0.002385,0.001222,-0.014068,0.042212,-0.05628,-0.025788,0.03972,-0.065509
5UR.DE,2025-01-28,-20.3,negative,Q2,-0.003232,0.004144,-0.007376,0.005055,-0.002385,0.007439,0.026848,0.042212,-0.015364,-0.094713,0.03972,-0.134434
XER2.DE,2025-01-28,-132.04,negative,Q1,0.00729,0.004144,0.003146,-0.006075,-0.002385,-0.003691,-0.18712,0.042212,-0.229332,None,None,None
ASME.DE,2025-01-29,1.79,positive,Q3,0.023225,0.000223,0.023002,0.012034,0.008065,0.003969,-0.037975,0.037935,-0.07591,-0.13329,0.062569,-0.195859
2QO.DE,2025-01-29,-64.43,negative,Q1,-0.01369,0.000223,-0.013913,-0.052271,0.008065,-0.060336,-0.129558,0.037935,-0.167494,None,None,None
VFP.DE,2025-01-29,26.5,positive,Q5,-0.070953,0.000223,-0.071177,-0.125277,0.008065,-0.133342,-0.124908,0.037935,-0.162843,-0.593865,0.062569,-0.656435
UWS.DE,2025-01-29,-17.82,negative,Q2,0.009469,0.000223,0.009246,0.026255,0.008065,0.018191,0.04945,0.037935,0.011515,-0.019799,0.062569,-0.082368
TL0.DE,2025-01-29,-13.5,negative,Q2,0.050197,0.000223,0.049973,-0.073919,0.008065,-0.081983,-0.272346,0.037935,-0.310281,-0.338401,0.062569,-0.40097
BCO.DE,2025-01-29,-65.74,negative,Q1,0.011389,0.000223,0.011166,0.044499,0.008065,0.036435,-0.012681,0.037935,-0.050616,-0.03992,0.062569,-0.102489
GDX.DE,2025-01-29,1.78,positive,Q3,0.009379,0.000223,0.009156,0.000826,0.008065,-0.007238,-0.015866,0.037935,-0.053802,-0.028345,0.062569,-0.090914
R66.DE,2025-01-29,141.16,positive,Q5,-0.017175,0.000223,-0.017399,0.018832,0.008065,0.010767,0.063819,0.037935,0.025883,None,None,None
TM5.DE,2025-01-29,11.31,positive,Q4,-0.017058,0.000223,-0.017282,0.039803,0.008065,0.031738,0.117631,0.037935,0.079696,-0.036205,0.062569,-0.098774
IBM.DE,2025-01-29,-18.08,negative,Q2,-0.007709,0.000223,-0.007932,0.004435,0.008065,-0.00363,-0.025281,0.037935,-0.063216,-0.122715,0.062569,-0.185284
INL.DE,2025-01-30,-124.7,negative,Q1,-0.004683,-0.01398,0.009297,-0.040062,0.002528,-0.042591,0.211759,0.06511,0.146649,-0.062955,0.074199,-0.137154
INP.DE,2025-01-30,-483.16,negative,Q1,-0.003628,-0.01398,0.010352,-0.026733,0.002528,-0.029261,0.000955,0.06511,-0.064155,-0.274585,0.074199,-0.348783
KLA.DE,2025-01-30,5.74,positive,Q4,-0.01121,-0.01398,0.00277,-0.01012,0.002528,-0.012649,-0.064293,0.06511,-0.129403,-0.158851,0.074199,-0.23305
HLAG.DE,2025-01-30,-12.56,negative,Q2,-0.026581,-0.01398,-0.012601,0.038039,0.002528,0.03551,0.070348,0.06511,0.005239,0.023526,0.074199,-0.050673
FB2A.DE,2025-01-30,18.53,positive,Q5,0.005347,-0.01398,0.019326,0.026152,0.002528,0.023624,-0.054241,0.06511,-0.119351,-0.214029,0.074199,-0.288228
PHM7.DE,2025-01-30,39.52,positive,Q5,0.021817,-0.01398,0.035796,0.020138,0.002528,0.01761,0.075729,0.06511,0.010619,0.067967,0.074199,-0.006231
SGM.DE,2025-01-30,6.19,positive,Q4,-0.031004,-0.01398,-0.017024,-0.00509,0.002528,-0.007619,0.091162,0.06511,0.026052,-0.063397,0.074199,-0.137595
USX1.DE,2025-01-30,-355.42,negative,Q1,0.015147,-0.01398,0.029127,0.038149,0.002528,0.03562,0.059467,0.06511,-0.005643,0.065919,0.074199,-0.00828
68V.DE,2025-01-30,89.05,positive,Q5,0.004464,-0.01398,0.018444,-0.016741,0.002528,-0.01927,-0.061384,0.06511,-0.126494,-0.291741,0.074199,-0.36594
3V64.DE,2025-01-30,-5.06,negative,Q3,0.005279,-0.01398,0.019259,0.017476,0.002528,0.014947,0.050698,0.06511,-0.014412,-0.068356,0.074199,-0.142554
CTP2.DE,2025-01-30,44.23,positive,Q5,0.00538,-0.01398,0.01936,0.019937,0.002528,0.017408,0.058228,0.06511,-0.006882,-0.056013,0.074199,-0.130211
NOA3.DE,2025-01-30,13.75,positive,Q4,0.002268,-0.01398,0.016247,0.029478,0.002528,0.02695,0.081633,0.06511,0.016523,-0.015873,0.074199,-0.090072
CAT1.DE,2025-01-30,14.23,positive,Q4,-0.01249,-0.01398,0.00149,-0.024953,0.002528,-0.027481,-0.101121,0.06511,-0.166231,-0.205002,0.074199,-0.2792
2OY.DE,2025-01-30,-131.56,negative,Q1,-0.011761,-0.01398,0.002219,-0.007745,0.002528,-0.010274,-0.034423,0.06511,-0.099533,-0.293173,0.074199,-0.367371
XONA.DE,2025-01-31,10.0,positive,Q4,0.022739,0.003615,0.019124,0.032113,0.022564,0.00955,-0.009175,0.041934,-0.051109,-0.095343,0.085,-0.180343
CPA.DE,2025-01-31,1.05,positive,Q3,-0.001702,0.003615,-0.005316,-0.002795,0.022564,-0.025359,0.065265,0.041934,0.023331,-0.033666,0.085,-0.118666
CHV.DE,2025-01-31,-15.2,negative,Q2,0.011816,0.003615,0.008201,0.029719,0.022564,0.007156,-0.000286,0.041934,-0.04222,-0.167001,0.085,-0.252001
4AB.DE,2025-01-31,-100.59,negative,Q1,-0.001343,0.003615,-0.004958,0.006099,0.022564,-0.016464,0.0977,0.041934,0.055766,-0.076884,0.085,-0.161885
FDO.DE,2025-02-01,-19.59,negative,Q2,-0.018595,0.003731,-0.022326,-0.02135,0.024744,-0.046094,-0.159091,0.073252,-0.232343,None,None,None
CIE1.DE,2025-02-01,-25.11,negative,Q2,0.049024,0.003731,0.045294,0.002856,0.024744,-0.021888,-0.171585,0.073252,-0.244837,None,None,None
IES.DE,2025-02-04,-4.6,negative,Q3,0.027848,0.014662,0.013186,0.04557,0.02604,0.01953,0.151899,0.084942,0.066957,0.136709,0.081848,0.054861
PFE.DE,2025-02-04,-84.77,negative,Q1,-0.009954,0.014662,-0.024616,-0.031107,0.02604,-0.057148,-0.049772,0.084942,-0.134714,-0.201576,0.081848,-0.283424
GUI.DE,2025-02-04,1.94,positive,Q3,0.004631,0.014662,-0.01003,-0.047858,0.02604,-0.073898,-0.008105,0.084942,-0.093047,-0.032806,0.081848,-0.114654
ABEA.DE,2025-02-04,0.49,positive,Q3,0.011362,0.014662,-0.003299,-0.031329,0.02604,-0.057369,-0.115223,0.084942,-0.200165,-0.246387,0.081848,-0.328235
AXJ.DE,2025-02-04,68.79,positive,Q5,-0.009713,0.014662,-0.024374,0.009911,0.02604,-0.016129,-0.089792,0.084942,-0.174734,None,None,None
CBHD.DE,2025-02-04,-19.14,negative,Q2,-0.014827,0.014662,-0.029489,-0.009291,0.02604,-0.035331,-0.067004,0.084942,-0.151946,-0.186186,0.081848,-0.268034
AMD.DE,2025-02-04,-72.82,negative,Q1,0.014532,0.014662,-0.00013,0.016061,0.02604,-0.009979,-0.117878,0.084942,-0.20282,-0.122849,0.081848,-0.204697
ERT.DE,2025-02-04,-63.73,negative,Q1,0.039767,0.014662,0.025105,0.045189,0.02604,0.019149,0.009367,0.084942,-0.075575,0.126612,0.081848,0.044765
6MK.DE,2025-02-04,-8.39,negative,Q3,-0.003481,0.014662,-0.018143,-0.031569,0.02604,-0.057609,-0.002401,0.084942,-0.087343,-0.186652,0.081848,-0.2685
ABEC.DE,2025-02-04,0.49,positive,Q3,0.010811,0.014662,-0.00385,-0.031342,0.02604,-0.057382,-0.114066,0.084942,-0.199008,-0.246423,0.081848,-0.328271
AUS.DE,2025-02-04,-354.57,negative,Q1,0.003393,0.014662,-0.011269,0.014419,0.02604,-0.011621,0.085666,0.084942,0.000724,0.341815,0.081848,0.259967
OMV.DE,2025-02-04,-37.88,negative,Q1,0.001177,0.014662,-0.013485,0.01442,0.02604,-0.01162,0.169806,0.084942,0.084864,0.209535,0.081848,0.127687
ADM.DE,2025-02-04,0.91,positive,Q3,-0.007265,0.014662,-0.021927,0.0,0.02604,-0.02604,-0.014764,0.084942,-0.099706,-0.036091,0.081848,-0.117939
KTF.DE,2025-02-04,96.54,positive,Q5,0.056069,0.014662,0.041407,0.093834,0.02604,0.067794,0.15395,0.084942,0.069008,0.130443,0.081848,0.048595
IFX.DE,2025-02-04,20.67,positive,Q5,0.050881,0.014662,0.036219,0.043775,0.02604,0.017735,0.047186,0.084942,-0.037756,-0.119102,0.081848,-0.20095
AMG.DE,2025-02-04,-77.24,negative,Q1,-0.003928,0.014662,-0.01859,-0.025728,0.02604,-0.051768,0.011077,0.084942,-0.073865,-0.165906,0.081848,-0.247754
XY6.DE,2025-02-04,18.35,positive,Q5,0.009235,0.014662,-0.005427,0.031189,0.02604,0.005149,-0.039452,0.084942,-0.124394,-0.119815,0.081848,-0.201663
COZ.DE,2025-02-04,-2.75,negative,Q3,0.035103,0.014662,0.020441,0.056744,0.02604,0.030704,-0.037116,0.084942,-0.122058,None,None,None
FMC1.DE,2025-02-04,33.5,positive,Q5,-0.074074,0.014662,-0.088736,-0.103486,0.02604,-0.129526,-0.071895,0.084942,-0.156837,-0.039216,0.081848,-0.121063
2FE.DE,2025-02-04,14.44,positive,Q4,0.009255,0.014662,-0.005407,0.041521,0.02604,0.015481,-0.063395,0.084942,-0.148337,-0.020192,0.081848,-0.10204
W3U.DE,2025-02-04,170.34,positive,Q5,0.017891,0.014662,0.003229,-0.072505,0.02604,-0.098545,-0.032957,0.084942,-0.117899,None,None,None
1SI.DE,2025-02-04,114.02,positive,Q5,-0.005775,0.014662,-0.020437,-0.000962,0.02604,-0.027003,-0.12127,0.084942,-0.206212,-0.298364,0.081848,-0.380212
639.DE,2025-02-04,-9.55,negative,Q2,0.000833,0.014662,-0.013829,0.033833,0.02604,0.007793,-0.119,0.084942,-0.203942,-0.035167,0.081848,-0.117014
QCI.DE,2025-02-05,-4.2,negative,Q3,0.000316,-0.00527,0.005586,0.01739,0.032398,-0.015009,-0.103516,0.05052,-0.154036,-0.19742,0.07291,-0.27033
WDP.DE,2025-02-05,-2.86,negative,Q3,0.010558,-0.00527,0.015828,-0.014235,0.032398,-0.046633,-0.100679,0.05052,-0.151199,-0.120381,0.07291,-0.193291
2PP.DE,2025-02-05,-2.75,negative,Q3,-0.006888,-0.00527,-0.001619,-0.038416,0.032398,-0.070814,-0.168897,0.05052,-0.219417,-0.173136,0.07291,-0.246045
NOV.DE,2025-02-05,6.13,positive,Q4,-0.002212,-0.00527,0.003058,-0.086508,0.032398,-0.118906,-0.040551,0.05052,-0.091071,-0.287663,0.07291,-0.360573
TOTB.DE,2025-02-05,-7.26,negative,Q3,0.004821,-0.00527,0.010091,0.001607,0.032398,-0.030791,-0.035357,0.05052,-0.085878,-0.102321,0.07291,-0.175231
BSD2.DE,2025-02-05,16.21,positive,Q4,-0.02,-0.00527,-0.01473,0.014545,0.032398,-0.017853,0.1,0.05052,0.04948,0.196364,0.07291,0.123454
VWSB.DE,2025-02-05,25.08,positive,Q5,-0.018934,-0.00527,-0.013664,-0.058906,0.032398,-0.091304,-0.025245,0.05052,-0.075766,-0.079243,0.07291,-0.152152
NDA.DE,2025-02-05,344.7,positive,Q5,0.012563,-0.00527,0.017833,0.051142,0.032398,0.018744,0.142132,0.05052,0.091612,-0.013325,0.07291,-0.086235
ZEG.DE,2025-02-06,-53.65,negative,Q1,0.011834,0.005725,0.006109,0.009643,0.033342,-0.023699,0.02681,0.038277,-0.011468,-0.11133,0.081679,-0.193009
P911.DE,2025-02-06,51.33,positive,Q5,0.0,0.005725,-0.005725,0.024825,0.033342,-0.008517,0.04169,0.038277,0.003413,-0.139284,0.081679,-0.220963
U9RA.DE,2025-02-06,-91.5,negative,Q1,0.0,0.005725,-0.005725,-0.027607,0.033342,-0.060949,-0.070552,0.038277,-0.10883,None,None,None
LOR.DE,2025-02-06,-5.51,negative,Q3,0.006011,0.005725,0.000286,0.008373,0.033342,-0.024968,0.071085,0.038277,0.032807,0.179013,0.081679,0.097334
4I1.DE,2025-02-06,-124.78,negative,Q1,-0.003873,0.005725,-0.009598,0.023383,0.033342,-0.009959,-0.006942,0.038277,-0.045219,0.070442,0.081679,-0.011237
HAR.DE,2025-02-06,-35.26,negative,Q2,-0.017808,0.005725,-0.023533,-0.045113,0.033342,-0.078455,-0.008706,0.038277,-0.046983,-0.142461,0.081679,-0.22414
BRM.DE,2025-02-06,-97.57,negative,Q1,-0.013455,0.005725,-0.01918,-0.043017,0.033342,-0.076359,0.058367,0.038277,0.020089,-0.20921,0.081679,-0.290889
U9R.DE,2025-02-06,-92.43,negative,Q1,-0.004243,0.005725,-0.009969,-0.033946,0.033342,-0.067288,-0.052334,0.038277,-0.090611,None,None,None
SHL.DE,2025-02-06,6.46,positive,Q4,0.020257,0.005725,0.014531,0.019172,0.033342,-0.01417,-0.06059,0.038277,-0.098867,-0.117562,0.081679,-0.199241
RAA.DE,2025-02-06,10.85,positive,Q4,0.009926,0.005725,0.0042,0.012261,0.033342,-0.021081,-0.015192,0.038277,-0.05347,-0.101056,0.081679,-0.182735
AMZ.DE,2025-02-06,24.31,positive,Q5,0.019639,0.005725,0.013913,-0.016027,0.033342,-0.049369,-0.192686,0.038277,-0.230964,-0.157111,0.081679,-0.23879
KEL.DE,2025-02-06,27.02,positive,Q5,0.02282,0.005725,0.017095,0.005936,0.033342,-0.027406,-0.01728,0.038277,-0.055557,-0.042343,0.081679,-0.124022
E3X1.DE,2025-02-06,3.47,positive,Q4,0.019508,0.005725,0.013782,0.002601,0.033342,-0.030741,-0.149508,0.038277,-0.187786,None,None,None
ALD.DE,2025-02-06,6.64,positive,Q4,-0.004697,0.005725,-0.010423,-0.040711,0.033342,-0.074053,-0.00692,0.038277,-0.045197,-0.029195,0.081679,-0.110874
YCP.DE,2025-02-06,7.91,positive,Q4,-0.000862,0.005725,-0.006587,-0.026602,0.033342,-0.059944,-0.098115,0.038277,-0.136393,-0.125794,0.081679,-0.207473
SQU.DE,2025-02-06,3.97,positive,Q4,-0.014589,0.005725,-0.020314,-0.014115,0.033342,-0.047457,0.056366,0.038277,0.018089,0.157257,0.081679,0.075578
INN1.DE,2025-02-06,-8.16,negative,Q3,-0.006649,0.005725,-0.012374,0.027261,0.033342,-0.006081,0.159574,0.038277,0.121297,0.22008,0.081679,0.138401
PEP.DE,2025-02-07,-43.09,negative,Q1,0.008604,0.005754,0.00285,-0.00408,0.040451,-0.04453,0.013945,0.019032,-0.005088,-0.149904,0.078808,-0.228712
QIA.DE,2025-02-07,-35.45,negative,Q2,-0.017526,0.005754,-0.02328,-0.018557,0.040451,-0.059008,-0.083505,0.019032,-0.102537,-0.013144,0.078808,-0.091952
MDO.DE,2025-02-10,-1.45,negative,Q3,-0.011484,0.005,-0.016485,-0.029818,0.036604,-0.066422,-0.080729,0.028977,-0.109706,-0.08124,0.067574,-0.148814
CRIN.DE,2025-02-10,-15.57,negative,Q2,-0.006074,0.005,-0.011075,0.032171,0.036604,-0.004433,0.107762,0.028977,0.078785,0.23712,0.067574,0.169547
BPE5.DE,2025-02-11,-260.69,negative,Q1,-0.007533,0.020949,-0.028482,-0.001883,0.012895,-0.014778,-0.103578,0.018923,-0.122501,-0.19774,0.069874,-0.267614
LY0.DE,2025-02-11,-28.68,negative,Q2,-0.031298,0.020949,-0.052247,-0.018321,0.012895,-0.031216,-0.193893,0.018923,-0.212816,0.132824,0.069874,0.062951
PPX.DE,2025-02-11,-33.97,negative,Q2,0.04238,0.020949,0.021431,0.024786,0.012895,0.011891,-0.055218,0.018923,-0.074141,-0.320367,0.069874,-0.39024
ZOE.DE,2025-02-11,-6.06,negative,Q3,-0.110541,0.020949,-0.13149,-0.097259,0.012895,-0.110154,-0.114163,0.018923,-0.133086,-0.149903,0.069874,-0.219777
TUI1.DE,2025-02-11,72.68,positive,Q5,-0.005502,0.020949,-0.026452,-0.09216,0.012895,-0.105055,-0.083906,0.018923,-0.10283,-0.063274,0.069874,-0.133147
GIS.DE,2025-02-11,-18.45,negative,Q2,0.0088,0.020949,-0.01215,0.031925,0.012895,0.01903,0.047682,0.018923,0.028759,-0.10089,0.069874,-0.170764
6D81.DE,2025-02-11,-128.8,negative,Q1,0.016385,0.020949,-0.004565,0.0194,0.012895,0.006505,-0.110762,0.018923,-0.129685,-0.219033,0.069874,-0.288906
SY1.DE,2025-02-11,8.33,positive,Q4,0.029747,0.020949,0.008797,-0.029747,0.012895,-0.042642,-0.043594,0.018923,-0.062517,0.040414,0.069874,-0.029459
CCC3.DE,2025-02-11,-1.8,negative,Q3,0.00832,0.020949,-0.012629,0.024647,0.012895,0.011752,-0.02449,0.018923,-0.043413,-0.027316,0.069874,-0.097189
HCL.DE,2025-02-12,-63.42,negative,Q1,-0.065,-0.00436,-0.060639,-0.091667,-0.013151,-0.078516,-0.111667,0.016575,-0.128242,-0.278333,0.051097,-0.329431
VBK.DE,2025-02-12,64.71,positive,Q5,-0.009615,-0.00436,-0.005255,-0.008547,-0.013151,0.004604,0.026709,0.016575,0.010134,-0.002137,0.051097,-0.053234
TMV.DE,2025-02-12,-12.44,negative,Q2,0.007171,-0.00436,0.011532,-0.015139,-0.013151,-0.001989,0.00239,0.016575,-0.014185,-0.151394,0.051097,-0.202492
AFX.DE,2025-02-12,-60.74,negative,Q1,-0.000919,-0.00436,0.003441,0.000919,-0.013151,0.01407,0.167463,0.016575,0.150888,0.140625,0.051097,0.089528
CIS.DE,2025-02-12,-32.35,negative,Q2,0.008381,-0.00436,0.012741,0.014415,-0.013151,0.027566,-0.086993,0.016575,-0.103568,-0.056152,0.051097,-0.107249
ABR.DE,2025-02-12,37.01,positive,Q5,-0.017192,-0.00436,-0.012831,0.031519,-0.013151,0.04467,0.001719,0.016575,-0.014856,-0.090544,0.051097,-0.141642
CVS.DE,2025-02-12,42.7,positive,Q5,0.009859,-0.00436,0.014219,-0.000657,-0.013151,0.012494,-0.021525,0.016575,-0.0381,-0.107953,0.051097,-0.15905
ENR.DE,2025-02-12,29.48,positive,Q5,-0.012833,-0.00436,-0.008472,-0.039782,-0.013151,-0.026631,-0.049406,0.016575,-0.065982,0.210459,0.051097,0.159362
KHNZ.DE,2025-02-12,125.46,positive,Q5,-0.000381,-0.00436,0.00398,0.031976,-0.013151,0.045127,0.013704,0.016575,-0.002871,-0.101256,0.051097,-0.152353
VAS.DE,2025-02-12,237.57,positive,Q5,0.009135,-0.00436,0.013495,0.0,-0.013151,0.013151,0.188462,0.016575,0.171886,0.122596,0.051097,0.071499
KIN2.DE,2025-02-12,-7.47,negative,Q3,-0.021958,-0.00436,-0.017597,0.010979,-0.013151,0.02413,-0.021958,0.016575,-0.038533,0.113449,0.051097,0.062352
HNK1.DE,2025-02-12,-21.72,negative,Q2,0.002464,-0.00436,0.006824,-0.019839,-0.013151,-0.006688,-0.003631,0.016575,-0.020206,0.015171,0.051097,-0.035926
AHOG.DE,2025-02-12,-39.88,negative,Q1,-0.005732,-0.00436,-0.001371,-0.024736,-0.013151,-0.011585,-0.018401,0.016575,-0.034977,0.096833,0.051097,0.045735
BMT.DE,2025-02-13,-133.05,negative,Q1,-0.017599,0.012644,-0.030243,-0.030656,-0.010032,-0.020623,0.027817,0.028479,-0.000661,0.056202,0.063143,-0.006941
DOU.DE,2025-02-13,94.84,positive,Q5,0.00358,0.012644,-0.009064,-0.040573,-0.010032,-0.030541,-0.132458,0.028479,-0.160937,-0.298329,0.063143,-0.361472
UTDI.DE,2025-02-13,53.29,positive,Q5,0.031092,0.012644,0.018447,0.070137,-0.010032,0.08017,0.281996,0.028479,0.253517,0.655821,0.063143,0.592678
DB1.DE,2025-02-13,7.81,positive,Q4,0.002073,0.012644,-0.010572,0.006965,-0.010032,0.016997,0.10422,0.028479,0.075742,0.18108,0.063143,0.117937
WYR.DE,2025-02-13,90.7,positive,Q5,0.006671,0.012644,-0.005974,0.024062,-0.010032,0.034094,None,None,None,None,None,None
UNVB.DE,2025-02-13,-38.67,negative,Q1,-0.001958,0.012644,-0.014603,0.006463,-0.010032,0.016495,0.043282,0.028479,0.014804,0.064238,0.063143,0.001095
1QZ.DE,2025-02-13,106.88,positive,Q5,0.005151,0.012644,-0.007494,-0.067722,-0.010032,-0.05769,-0.351469,0.028479,-0.379947,-0.101297,0.063143,-0.16444
1N8.DE,2025-02-13,6.8,positive,Q4,-0.003155,0.012644,-0.015799,-0.031984,-0.010032,-0.021952,-0.175914,0.028479,-0.204392,-0.099217,0.063143,-0.162359
BCY.DE,2025-02-13,59.37,positive,Q5,0.031884,0.012644,0.01924,0.043478,-0.010032,0.05351,0.023188,0.028479,-0.00529,0.121739,0.063143,0.058596
SIE.DE,2025-02-13,-33.0,negative,Q2,0.007993,0.012644,-0.004652,-0.016652,-0.010032,-0.00662,0.040409,0.028479,0.01193,-0.015098,0.063143,-0.07824
CBK.DE,2025-02-13,58.48,positive,Q5,-0.005762,0.012644,-0.018407,-0.003143,-0.010032,0.006889,0.229439,0.028479,0.200961,0.34154,0.063143,0.278397
NVJP.DE,2025-02-14,53.2,positive,Q5,-0.020607,0.002036,-0.022643,-0.024946,-0.016324,-0.008622,0.011931,0.025555,-0.013625,-0.039046,0.054304,-0.093349
RDEB.DE,2025-02-14,-17.77,negative,Q2,-0.008295,0.002036,-0.010331,-0.040232,-0.016324,-0.023908,-0.086686,0.025555,-0.112241,0.00477,0.054304,-0.049534
HMI.DE,2025-02-14,0.0,negative,Q3,0.002498,0.002036,0.000462,-0.031075,-0.016324,-0.01475,-0.12893,0.025555,-0.154485,-0.082648,0.054304,-0.136952
JST.DE,2025-02-18,-27.46,negative,Q2,-0.027369,-0.005304,-0.022065,-0.015136,0.016069,-0.031204,0.016173,0.025209,-0.009036,0.059507,0.069785,-0.010279
EVD.DE,2025-02-18,106.35,positive,Q5,-0.002933,-0.005304,0.00237,0.016329,0.016069,0.000261,-0.021218,0.025209,-0.046427,0.032561,0.069785,-0.037225
2M6.DE,2025-02-18,-24.81,negative,Q2,0.009392,-0.005304,0.014696,0.045848,0.016069,0.029779,0.015818,0.025209,-0.00939,-0.124691,0.069785,-0.194476
ELG.DE,2025-02-18,89.82,positive,Q5,-0.005563,-0.005304,-0.000259,-0.039772,0.016069,-0.055841,-0.087749,0.025209,-0.112957,-0.039077,0.069785,-0.108862
ANL.DE,2025-02-19,-48.39,negative,Q1,-0.012925,-0.001214,-0.011711,-0.06924,0.010587,-0.079827,-0.185308,0.025859,-0.211166,-0.202063,0.058927,-0.26099
3E2.DE,2025-02-19,9.31,positive,Q4,0.006146,-0.001214,0.00736,0.010654,0.010587,6.7e-05,-0.147716,0.025859,-0.173574,None,None,None
HBC1.DE,2025-02-19,-93.78,negative,Q1,0.011834,-0.001214,0.013048,0.044379,0.010587,0.033792,0.026627,0.025859,0.000768,0.009862,0.058927,-0.049065
LLY.DE,2025-02-19,-3.08,negative,Q3,0.025703,-0.001214,0.026917,0.06485,0.010587,0.054263,-0.065563,0.025859,-0.091421,-0.241971,0.058927,-0.300897
MTX.DE,2025-02-19,66.84,positive,Q5,-0.025844,-0.001214,-0.02463,0.031879,0.010587,0.021292,0.084497,0.025859,0.058638,0.089923,0.058927,0.030996
AWC.DE,2025-02-19,8.26,positive,Q4,-0.004483,-0.001214,-0.003269,0.054624,0.010587,0.044037,0.06608,0.025859,0.040221,0.028972,0.058927,-0.029954
SFQ.DE,2025-02-19,-33.63,negative,Q2,0.016484,-0.001214,0.017698,0.02442,0.010587,0.013833,-0.012821,0.025859,-0.038679,-0.019536,0.058927,-0.078463
RIO1.DE,2025-02-19,8.97,positive,Q4,0.007648,-0.001214,0.008862,-0.040153,0.010587,-0.05074,-0.032331,0.025859,-0.05819,-0.077177,0.058927,-0.136104
CAR.DE,2025-02-19,-18.75,negative,Q2,-0.00087,-0.001214,0.000344,0.02611,0.010587,0.015523,0.060052,0.025859,0.034193,0.167102,0.058927,0.108175
KBX.DE,2025-02-20,-90.47,negative,Q1,0.001241,0.006208,-0.004967,0.015767,0.011839,0.003927,0.07424,0.025355,0.048885,0.108007,0.078074,0.029933
SND.DE,2025-02-20,-5.64,negative,Q3,-0.068589,0.006208,-0.074797,-0.091492,0.011839,-0.103331,-0.099086,0.025355,-0.124441,-0.126024,0.078074,-0.204098
PCE1.DE,2025-02-20,15.41,positive,Q4,-0.042063,0.006208,-0.048272,-0.060914,0.011839,-0.072753,-0.132014,0.025355,-0.157369,-0.062035,0.078074,-0.140109
AIR.DE,2025-02-20,22.89,positive,Q5,0.027495,0.006208,0.021287,0.036128,0.011839,0.024288,0.044504,0.025355,0.019149,0.024362,0.078074,-0.053712
KRN.DE,2025-02-20,-12.32,negative,Q2,0.031893,0.006208,0.025685,0.046294,0.011839,0.034455,0.076641,0.025355,0.051287,0.134163,0.078074,0.056089
WMT.DE,2025-02-20,2.08,positive,Q3,-0.026235,0.006208,-0.032443,0.023148,0.011839,0.011309,-0.1153,0.025355,-0.140655,-0.04321,0.078074,-0.121284
MLB1.DE,2025-02-20,59.5,positive,Q5,-0.027986,0.006208,-0.034195,-0.080774,0.011839,-0.092613,-0.094425,0.025355,-0.11978,0.007281,0.078074,-0.070793
MBG.DE,2025-02-20,24.51,positive,Q5,0.014412,0.006208,0.008204,0.016445,0.011839,0.004606,-0.002587,0.025355,-0.027942,-0.046748,0.078074,-0.124822
AHLA.DE,2025-02-20,9.69,positive,Q4,-0.098274,0.006208,-0.104482,-0.076607,0.011839,-0.088446,-0.096805,0.025355,-0.12216,-0.238414,0.078074,-0.316488
HOT.DE,2025-02-20,22.34,positive,Q5,-0.018432,0.006208,-0.02464,-0.00789,0.011839,-0.019729,0.110114,0.025355,0.084759,0.141944,0.078074,0.063869
REP.DE,2025-02-20,-78.16,negative,Q1,-0.019355,0.006208,-0.025563,-0.03629,0.011839,-0.04813,-0.066129,0.025355,-0.091484,-0.084677,0.078074,-0.162752
FMV.DE,2025-02-20,-212.84,negative,Q1,-0.040146,0.006208,-0.046354,-0.069343,0.011839,-0.081182,0.178832,0.025355,0.153477,-0.032847,0.078074,-0.110921
T6A.DE,2025-02-20,-96.52,negative,Q1,0.002778,0.006208,-0.003431,-0.011806,0.011839,-0.023645,None,None,None,None,None,None
NGLB.DE,2025-02-20,-454.19,negative,Q1,-0.013988,0.006208,-0.020197,-0.037871,0.011839,-0.04971,-0.064824,0.025355,-0.090179,-0.081883,0.078074,-0.159958
AIL.DE,2025-02-21,4.42,positive,Q4,0.003435,-0.000698,0.004133,0.028062,0.032154,-0.004092,0.02224,0.030494,-0.008254,0.078482,0.080289,-0.001808
TCO0.DE,2025-02-22,-32.02,negative,Q2,0.009217,0.017128,-0.007911,0.034562,-0.003724,0.038286,-0.110599,0.019132,-0.129731,0.062212,0.072642,-0.01043
C7C1.F,2025-02-24,-448.13,negative,Q1,0.008065,0.017128,-0.009063,-0.040323,-0.003724,-0.036598,-0.137097,0.019132,-0.156229,-0.237903,0.072642,-0.310545
RAW.DE,2025-02-25,-0.23,negative,Q3,0.039447,-0.01067,0.050117,0.04026,0.012587,0.027673,0.02928,-0.005061,0.034342,0.085807,0.049974,0.035833
FME.DE,2025-02-25,13.25,positive,Q4,0.012337,-0.01067,0.023007,-0.026274,0.012587,-0.038861,0.012109,-0.005061,0.01717,0.151017,0.049974,0.101042
HEI.DE,2025-02-25,-61.04,negative,Q1,-0.024202,-0.01067,-0.013532,0.135645,0.012587,0.123057,0.135298,-0.005061,0.14036,0.212899,0.049974,0.162924
F3A.DE,2025-02-25,-22.25,negative,Q2,-0.063719,-0.01067,-0.053049,-0.208973,0.012587,-0.22156,-0.23329,-0.005061,-0.228229,-0.093758,0.049974,-0.143732
FRE.DE,2025-02-25,5.37,positive,Q4,-0.018407,-0.01067,-0.007736,0.041546,0.012587,0.028959,0.027347,-0.005061,0.032408,0.114383,0.049974,0.064409
HDI.DE,2025-02-25,1.02,positive,Q3,0.002385,-0.01067,0.013055,-0.062,0.012587,-0.074588,-0.104219,-0.005061,-0.099158,-0.141073,0.049974,-0.191047
AIXA.DE,2025-02-26,-15.16,negative,Q2,0.051573,2.4e-05,0.05155,0.118881,0.038517,0.080364,-0.087413,-0.003963,-0.08345,0.062937,0.064148,-0.001211
NDX1.DE,2025-02-26,47.79,positive,Q5,0.017147,2.4e-05,0.017123,0.259548,0.038517,0.221031,0.150429,-0.003963,0.154392,0.392829,0.064148,0.328682
GXI.DE,2025-02-26,30.49,positive,Q5,0.008758,2.4e-05,0.008734,0.001251,0.038517,-0.037266,-0.087452,-0.003963,-0.083488,-0.208057,0.064148,-0.272205
7HP.DE,2025-02-26,-19.72,negative,Q2,-0.088648,2.4e-05,-0.088672,-0.152105,0.038517,-0.190621,-0.192283,-0.003963,-0.18832,-0.317602,0.064148,-0.38175
EOAN.DE,2025-02-26,-16.68,negative,Q2,0.000843,2.4e-05,0.000819,0.019393,0.038517,-0.019124,0.126476,-0.003963,0.130439,0.301012,0.064148,0.236864
AUD.DE,2025-02-26,-33.82,negative,Q2,-0.089046,2.4e-05,-0.08907,-0.169308,0.038517,-0.207824,None,None,None,None,None,None
BFSA.DE,2025-02-26,6.45,positive,Q4,-0.043346,2.4e-05,-0.04337,0.087993,0.038517,0.049476,0.146944,-0.003963,0.150907,0.152146,0.064148,0.087998
BEI.DE,2025-02-26,50.29,positive,Q5,0.003827,2.4e-05,0.003803,0.020897,0.038517,-0.01762,-0.086497,-0.003963,-0.082534,-0.07647,0.064148,-0.140617
MUV2.DE,2025-02-26,29.11,positive,Q5,-0.003282,2.4e-05,-0.003306,0.022974,0.038517,-0.015543,0.071486,-0.003963,0.07545,0.077768,0.064148,0.01362
BSN.DE,2025-02-26,-29.55,negative,Q2,0.006467,2.4e-05,0.006443,0.029027,0.038517,-0.00949,0.035494,-0.003963,0.039457,0.130095,0.064148,0.065947
NRA.DE,2025-02-26,53.89,positive,Q5,0.001982,2.4e-05,0.001958,-0.166254,0.038517,-0.204771,-0.136728,-0.003963,-0.132765,0.345487,0.064148,0.281339
DTE.DE,2025-02-26,13.68,positive,Q4,0.009569,2.4e-05,0.009545,-0.039773,0.038517,-0.07829,-0.008373,-0.003963,-0.00441,-0.004785,0.064148,-0.068932
WIB.DE,2025-02-26,37.96,positive,Q5,-0.033354,2.4e-05,-0.033378,0.078351,0.038517,0.039834,-0.022341,-0.003963,-0.018378,0.025802,0.064148,-0.038345
1COV.DE,2025-02-26,-348.11,negative,Q1,-0.012249,2.4e-05,-0.012273,-0.005784,0.038517,-0.044301,-0.009527,-0.003963,-0.005564,0.022457,0.064148,-0.041691
8TI.DE,2025-02-26,-66.27,negative,Q1,0.011576,2.4e-05,0.011552,-0.026714,0.038517,-0.065231,-0.137133,-0.003963,-0.13317,-0.199466,0.064148,-0.263613
EBO.DE,2025-02-26,2.63,positive,Q3,-0.067101,2.4e-05,-0.067125,-0.020145,0.038517,-0.058662,-0.052257,-0.003963,-0.048294,0.07013,0.064148,0.005982
G24.DE,2025-02-27,-35.06,negative,Q2,0.080047,0.02641,0.053637,0.04297,0.020287,0.022683,0.021753,-0.017202,0.038956,0.274003,0.06116,0.212844
NTA.DE,2025-02-27,-0.54,negative,Q3,-0.041689,0.02641,-0.068099,-0.093137,0.020287,-0.113424,-0.145539,-0.017202,-0.128337,-0.09547,0.06116,-0.15663
TCO0.DE,2025-02-27,-31.82,negative,Q2,-0.004545,0.02641,-0.030956,-0.013636,0.020287,-0.033924,-0.127273,-0.017202,-0.11007,0.034091,0.06116,-0.027069
AXA.DE,2025-02-27,2.91,positive,Q3,0.019117,0.02641,-0.007293,0.034861,0.020287,0.014573,0.050886,-0.017202,0.068088,0.177678,0.06116,0.116518
HAG.DE,2025-02-27,-5.0,negative,Q3,0.222478,0.02641,0.196068,0.210951,0.020287,0.190664,0.179443,-0.017202,0.196645,0.908742,0.06116,0.847582
RRU.DE,2025-02-27,137.8,positive,Q5,0.036304,0.02641,0.009893,0.056106,0.020287,0.035818,-0.014301,-0.017202,0.002901,0.157316,0.06116,0.096156
TNE5.DE,2025-02-27,-241.65,negative,Q1,-0.009547,0.02641,-0.035957,-0.02148,0.020287,-0.041767,0.011933,-0.017202,0.029136,0.095465,0.06116,0.034306
JM2.DE,2025-02-27,10.53,positive,Q4,-0.001428,0.02641,-0.027838,0.012565,0.020287,-0.007722,0.024655,-0.017202,0.041857,-0.085388,0.06116,-0.146548
SIX3.DE,2025-02-27,-1.07,negative,Q3,0.018405,0.02641,-0.008005,0.053637,0.020287,0.03335,-0.065381,-0.017202,-0.048179,0.001753,0.06116,-0.059407
AUD.DE,2025-02-27,6.76,positive,Q4,-0.019474,0.02641,-0.045885,-0.095481,0.020287,-0.115769,None,None,None,None,None,None
KGX.DE,2025-02-27,-16.34,negative,Q2,0.027675,0.02641,0.001265,0.156299,0.020287,0.136012,-0.010016,-0.017202,0.007187,0.093832,0.06116,0.032673
IBE1.DE,2025-02-27,138.82,positive,Q5,-0.007321,0.02641,-0.033731,-0.026354,0.020287,-0.046642,0.07101,-0.017202,0.088213,0.155198,0.06116,0.094038
12DA.DE,2025-02-27,-13.52,negative,Q2,-0.032853,0.02641,-0.059263,-0.157011,0.020287,-0.177298,-0.150793,-0.017202,-0.13359,-0.037931,0.06116,-0.099091
ENI.DE,2025-02-27,-75.08,negative,Q1,0.0,0.02641,-0.02641,-0.02322,0.020287,-0.043507,0.048762,-0.017202,0.065964,-0.014706,0.06116,-0.075866
SIX2.DE,2025-02-27,-1.07,negative,Q3,0.002903,0.02641,-0.023508,0.036284,0.020287,0.015997,-0.074262,-0.017202,-0.05706,-0.033986,0.06116,-0.095146
ALV.DE,2025-02-28,-1.1,negative,Q3,-0.01735,-0.035435,0.018085,0.005855,-0.022727,0.028582,0.049076,-0.026225,0.075301,0.075315,0.040809,0.034506
BAS.DE,2025-02-28,-375.46,negative,Q1,-0.03096,-0.035435,0.004474,0.05834,-0.022727,0.081068,-0.067397,-0.026225,-0.041171,-0.115838,0.040809,-0.156647
DYH.DE,2025-03-03,7.76,positive,Q4,-0.006903,0.033781,-0.040684,-0.031927,8.8e-05,-0.032015,-0.099425,0.002868,-0.102293,-0.219655,0.087324,-0.306979
NXU.DE,2025-03-03,24.29,positive,Q5,0.014667,0.033781,-0.019114,0.016134,8.8e-05,0.016046,0.022001,0.002868,0.019133,0.054561,0.087324,-0.032763
GBF.DE,2025-03-04,13.11,positive,Q4,0.024297,0.014664,0.009633,-0.008541,-0.01753,0.00899,-0.049772,-0.059081,0.009309,0.170667,0.053834,0.116833
FNTN.DE,2025-03-04,-25.34,negative,Q2,0.019944,0.014664,0.00528,0.012777,-0.01753,0.030307,0.049548,-0.059081,0.108629,-0.10564,0.053834,-0.159475
CSC.DE,2025-03-04,-21.03,negative,Q2,0.010674,0.014664,-0.003989,-0.034831,-0.01753,-0.017301,-0.008427,-0.059081,0.050654,-0.183708,0.053834,-0.237542
CON.DE,2025-03-04,-7.17,negative,Q3,0.067531,0.014664,0.052868,0.056777,-0.01753,0.074307,-0.051558,-0.059081,0.007523,0.20892,0.053834,0.155086
EVK.DE,2025-03-05,-30.5,negative,Q2,-0.023011,-0.01753,-0.005481,-0.04698,-0.036394,-0.010585,-0.169703,-0.118609,-0.051094,-0.084372,0.037788,-0.12216
BAYN.DE,2025-03-05,7.33,positive,Q4,-0.064673,-0.01753,-0.047143,-0.07882,-0.036394,-0.042425,-0.191593,-0.118609,-0.072984,0.068715,0.037788,0.030926
1YD.DE,2025-03-05,-23.97,negative,Q2,0.008866,-0.01753,0.026396,0.050699,-0.036394,0.087094,-0.226064,-0.118609,-0.107455,0.303779,0.037788,0.26599
VEE.DE,2025-03-05,-24.68,negative,Q2,0.002714,-0.01753,0.020244,-0.040706,-0.036394,-0.004311,-0.109905,-0.118609,0.008704,None,None,None
ADS.DE,2025-03-05,40.85,positive,Q5,-0.019916,-0.01753,-0.002386,-0.088745,-0.036394,-0.05235,-0.186778,-0.118609,-0.068169,-0.115481,0.037788,-0.153269
GFT.DE,2025-03-05,4.17,positive,Q4,-0.056115,-0.01753,-0.038585,-0.060911,-0.036394,-0.024517,-0.044604,-0.118609,0.074005,0.107914,0.037788,0.070125
ZAL.DE,2025-03-06,110.26,positive,Q5,-0.039574,-0.016863,-0.022711,-0.044749,-0.000961,-0.043788,-0.104718,-0.139916,0.035198,-0.081887,0.050649,-0.132536
LHA.DE,2025-03-06,83.8,positive,Q5,-0.015748,-0.016863,0.001115,-0.053806,-0.000961,-0.052844,-0.266404,-0.139916,-0.126488,-0.043307,0.050649,-0.093956
PSM.DE,2025-03-06,-83.98,negative,Q1,-0.016155,-0.016863,0.000708,0.006462,-0.000961,0.007423,-0.096931,-0.139916,0.042986,0.130856,0.050649,0.080207
DHL.DE,2025-03-06,-4.41,negative,Q3,-0.011963,-0.016863,0.0049,-0.008301,-0.000961,-0.007339,-0.217773,-0.139916,-0.077857,-0.006104,0.050649,-0.056753
WAF.DE,2025-03-06,77.14,positive,Q5,-0.000444,-0.016863,0.016419,0.037053,-0.000961,0.038015,-0.22698,-0.139916,-0.087064,-0.163523,0.050649,-0.214172
DUE.DE,2025-03-06,-58.79,negative,Q1,-0.038665,-0.016863,-0.021802,-0.037851,-0.000961,-0.03689,-0.273097,-0.139916,-0.133181,-0.049654,0.050649,-0.100303
MRK.DE,2025-03-06,-3.88,negative,Q3,-0.00699,-0.016863,0.009872,-0.007742,-0.000961,-0.006781,-0.168295,-0.139916,-0.028379,-0.128833,0.050649,-0.179482
2HP.DE,2025-03-06,-3.92,negative,Q3,0.005166,-0.016863,0.022029,0.02952,-0.000961,0.030482,-0.111439,-0.139916,0.028477,0.137269,0.050649,0.08662
AZ2.DE,2025-03-06,4.7,positive,Q4,-0.01936,-0.016863,-0.002498,-0.063468,-0.000961,-0.062507,-0.160269,-0.139916,-0.020353,0.037879,0.050649,-0.01277
PAH3.DE,2025-03-07,-1.24,negative,Q3,-0.015192,-0.012916,-0.002276,-0.034382,0.02359,-0.057971,-0.189499,-0.103474,-0.086025,-0.074094,0.060414,-0.134507
O3P.DE,2025-03-07,-11.31,negative,Q2,0.00638,-0.012916,0.019296,-0.014103,0.02359,-0.037693,-0.031565,-0.103474,0.07191,-0.002686,0.060414,-0.0631
ORC.DE,2025-03-10,-31.81,negative,Q2,0.04393,0.015569,0.028361,0.047597,0.047111,0.000486,-0.131026,-0.119034,-0.011992,0.187256,0.072558,0.114698
LEG.DE,2025-03-10,-38.0,negative,Q1,-0.001233,0.015569,-0.016802,-0.006626,0.047111,-0.053737,-0.037134,-0.119034,0.0819,0.140986,0.072558,0.068428
HYQ.DE,2025-03-10,26.39,positive,Q5,-0.024309,0.015569,-0.039879,-0.037017,0.047111,-0.084128,-0.047514,-0.119034,0.07152,0.095028,0.072558,0.02247
8TRA.DE,2025-03-10,16.39,positive,Q4,0.008671,0.015569,-0.006898,0.043976,0.047111,-0.003134,-0.258904,-0.119034,-0.139869,-0.098173,0.072558,-0.170731
VOW3.DE,2025-03-11,-9.52,negative,Q3,-0.020456,-0.004819,-0.015637,-0.024527,0.026973,-0.0515,-0.224915,-0.093211,-0.131705,-0.118953,0.04829,-0.167243
G1A.DE,2025-03-11,-20.77,negative,Q2,-0.018072,-0.004819,-0.013254,0.012225,0.026973,-0.014748,-0.114458,-0.093211,-0.021247,0.049787,0.04829,0.001498
IXD1.DE,2025-03-11,3.57,positive,Q4,-0.0078,-0.004819,-0.002981,0.041982,0.026973,0.015009,0.010782,-0.093211,0.103993,0.045882,0.04829,-0.002408
VOW.DE,2025-03-11,-56.0,negative,Q1,-0.02143,-0.004819,-0.016611,-0.025887,0.026973,-0.05286,-0.215058,-0.093211,-0.121847,-0.123838,0.04829,-0.172128
PUM.DE,2025-03-12,-56.34,negative,Q1,0.0065,0.018597,-0.012097,0.077066,0.019143,0.057923,-0.140204,-0.097178,-0.043026,-0.019499,0.042056,-0.061555
P911.DE,2025-03-12,-53.58,negative,Q1,-0.014355,0.018597,-0.032952,-0.036081,0.019143,-0.055225,-0.196702,-0.097178,-0.099524,-0.19709,0.042056,-0.239146
RHM.DE,2025-03-12,-26.93,negative,Q2,0.062887,0.018597,0.04429,0.037269,0.019143,0.018125,0.056285,-0.097178,0.153464,0.401082,0.042056,0.359025
BNR.DE,2025-03-12,-20.84,negative,Q2,0.012858,0.018597,-0.005739,0.000651,0.019143,-0.018492,-0.141927,-0.097178,-0.044749,-0.023438,0.042056,-0.065494
SII.DE,2025-03-12,-54.99,negative,Q1,0.008485,0.018597,-0.010112,0.027389,0.019143,0.008246,0.066091,-0.097178,0.16327,0.179667,0.042056,0.13761
WCH.DE,2025-03-12,23.89,positive,Q5,0.019255,0.018597,0.000659,0.013864,0.019143,-0.005279,-0.223877,-0.097178,-0.126698,-0.213736,0.042056,-0.255792
DBK.DE,2025-03-13,3.55,positive,Q4,-0.005126,0.007298,-0.012423,0.010252,-0.004139,0.014391,-0.078751,-0.088398,0.009647,0.139329,0.030987,0.108342
ENL.DE,2025-03-13,3.49,positive,Q4,0.002933,0.007298,-0.004365,0.036657,-0.004139,0.040796,0.004399,-0.088398,0.092797,0.133431,0.030987,0.102444
MLP.DE,2025-03-13,27.47,positive,Q5,0.028358,0.007298,0.021061,0.101493,-0.004139,0.105631,0.043284,-0.088398,0.131682,0.258209,0.030987,0.227222
MUM.DE,2025-03-13,-34.36,negative,Q2,0.005991,0.007298,-0.001307,0.020037,-0.004139,0.024176,-0.001033,-0.088398,0.087365,0.150589,0.030987,0.119601
HNR1.DE,2025-03-13,-12.58,negative,Q2,-0.001434,0.007298,-0.008732,-0.006945,-0.004139,-0.002806,-0.010606,-0.088398,0.077792,0.02057,0.030987,-0.010417
GLJ.DE,2025-03-13,-9.5,negative,Q3,0.012574,0.007298,0.005276,0.005917,-0.004139,0.010056,-0.044379,-0.088398,0.044019,0.031065,0.030987,7.8e-05
HFG.DE,2025-03-13,-137.75,negative,Q1,0.049751,0.007298,0.042454,-0.039801,-0.004139,-0.035662,-0.028607,-0.088398,0.059791,0.083333,0.030987,0.052346
BOSS.DE,2025-03-13,12.04,positive,Q4,0.007009,0.007298,-0.000289,-0.010934,-0.004139,-0.006795,-0.07233,-0.088398,0.016068,0.071208,0.030987,0.040221
BMW3.DE,2025-03-14,-8.68,negative,Q3,0.010776,0.009766,0.00101,-0.054149,-0.013039,-0.04111,-0.157866,-0.082095,-0.075772,-0.073276,0.012096,-0.085372
DTG.DE,2025-03-14,-4.32,negative,Q3,0.019979,0.009766,0.010213,-0.055527,-0.013039,-0.042488,-0.15698,-0.082095,-0.074885,0.001816,0.012096,-0.01028
BMW.DE,2025-03-14,-9.13,negative,Q3,0.013387,0.009766,0.003621,-0.049129,-0.013039,-0.03609,-0.160394,-0.082095,-0.078299,-0.072493,0.012096,-0.084589
GRM.DE,2025-03-18,15.93,positive,Q4,-0.007417,-0.012406,0.004989,-0.001902,-0.019282,0.01738,-0.063142,-0.089411,0.026269,-0.139787,-0.009906,-0.129881
FRA.DE,2025-03-18,9.43,positive,Q4,0.026502,-0.012406,0.038908,0.030035,-0.019282,0.049317,0.047703,-0.089411,0.137114,0.038869,-0.009906,0.048775
NEM.DE,2025-03-19,1.95,positive,Q3,-0.021061,-0.004673,-0.016388,-0.028111,-0.013931,-0.014179,-0.071907,-0.07416,0.002253,0.005464,0.015279,-0.009815
GRM.DE,2025-03-19,17.01,positive,Q4,0.002299,-0.004673,0.006972,0.022801,-0.013931,0.036733,-0.047902,-0.07416,0.026258,-0.138915,0.015279,-0.154194
VNA.DE,2025-03-19,-198.72,negative,Q1,-0.003676,-0.004673,0.000996,-0.041258,-0.013931,-0.027327,0.124591,-0.07416,0.198752,0.231209,0.015279,0.21593
HLAG.DE,2025-03-20,-5.17,negative,Q3,0.033242,-0.001705,0.034946,0.07835,-0.018791,0.097141,0.005894,-0.040613,0.046507,0.072692,0.016483,0.056208
RWE.DE,2025-03-20,11.61,positive,Q4,0.015132,-0.001705,0.016837,0.031874,-0.018791,0.050665,0.046684,-0.040613,0.087297,0.152608,0.016483,0.136125
FDX.DE,2025-03-20,-18.45,negative,Q2,0.069803,-0.001705,0.071508,0.069077,-0.018791,0.087868,-0.104512,-0.040613,-0.063898,-0.057847,0.016483,-0.07433
MTE.DE,2025-03-20,-1.45,negative,Q3,0.022321,-0.001705,0.024026,-0.072115,-0.018791,-0.053324,-0.263164,-0.040613,-0.22255,0.218063,0.016483,0.20158
DEZ.DE,2025-03-20,262.12,positive,Q5,-0.034578,-0.001705,-0.032874,-0.058091,-0.018791,-0.0393,-0.100968,-0.040613,-0.060355,-0.049793,0.016483,-0.066276
FPE.DE,2025-03-21,-3.77,negative,Q3,0.039941,0.011252,0.028689,-0.04142,-0.030157,-0.011263,-0.057101,-0.034488,-0.022612,0.026627,0.034522,-0.007895
FPE3.DE,2025-03-21,8.72,positive,Q4,0.027175,0.011252,0.015923,-0.05435,-0.030157,-0.024193,-0.08284,-0.034488,-0.048352,0.0103,0.034522,-0.024222
SZG.DE,2025-03-21,-10.75,negative,Q2,-0.009419,0.011252,-0.020671,-0.086342,-0.030157,-0.056185,-0.149529,-0.034488,-0.115041,-0.218995,0.034522,-0.253517
JEN.DE,2025-03-25,12.85,positive,Q4,-0.033195,-0.007018,-0.026177,-0.147994,-0.019624,-0.128371,-0.206086,-0.024842,-0.181244,-0.109267,0.035477,-0.144744
KFI1.DE,2025-03-25,-138.54,negative,Q1,0.010676,-0.007018,0.017694,0.049822,-0.019624,0.069446,0.081851,-0.024842,0.106692,0.170819,0.035477,0.135341
HMSB.DE,2025-03-25,-54.78,negative,Q1,0.001702,-0.007018,0.00872,0.022979,-0.019624,0.042603,0.04766,-0.024842,0.072501,0.010213,0.035477,-0.025265
PCX.DE,2025-03-26,0.7,positive,Q3,-0.008554,-0.009578,0.001024,-0.007395,-0.04239,0.034995,-0.084095,-0.011152,-0.072943,-0.126142,0.059725,-0.185866
AT1.DE,2025-03-26,37.23,positive,Q5,-0.015444,-0.009578,-0.005866,0.0,-0.04239,0.04239,-0.019305,-0.011152,-0.008153,0.19305,0.059725,0.133326
R3NK.DE,2025-03-26,28.53,positive,Q5,-0.057224,-0.009578,-0.047646,-0.011401,-0.04239,0.030989,0.122122,-0.011152,0.133274,0.445736,0.059725,0.386011
KTN.DE,2025-03-27,-10.56,negative,Q2,0.003719,-0.013268,0.016988,-0.051604,-0.081019,0.029415,-0.035332,0.001579,-0.036911,0.16225,0.06447,0.09778
IOS.DE,2025-03-27,-9.61,negative,Q2,-0.013514,-0.013268,-0.000245,0.03668,-0.081019,0.117698,0.131274,0.001579,0.129695,0.540541,0.06447,0.476071
UTDI.DE,2025-03-27,56.74,positive,Q5,-0.038824,-0.013268,-0.025556,-0.120355,-0.081019,-0.039336,0.006656,0.001579,0.005077,0.311148,0.06447,0.246678
JUN3.DE,2025-03-27,119.66,positive,Q5,-0.003812,-0.013268,0.009457,-0.176302,-0.081019,-0.095284,-0.011118,0.001579,-0.012697,0.269377,0.06447,0.204908
SMHN.DE,2025-03-27,55.0,positive,Q5,0.011944,-0.013268,0.025212,-0.114064,-0.081019,-0.033045,-0.008659,0.001579,-0.010238,0.390266,0.06447,0.325796
DTG.DE,2025-03-28,-11.75,negative,Q2,-0.000566,0.016987,-0.017553,-0.114884,-0.107107,-0.007777,-0.041313,0.041652,-0.082965,0.112903,0.068121,0.044782
WDC.DE,2025-03-30,29.13,positive,Q5,-0.011965,-0.006617,-0.005348,-0.241425,-0.100254,-0.141171,0.055039,0.035695,0.019344,0.481787,0.055463,0.426324
NMM.DE,2025-03-31,80.85,positive,Q5,-0.009863,-0.006617,-0.003247,-0.062318,-0.100254,0.037936,0.036091,0.035695,0.000396,0.121497,0.055463,0.066035
VH2.DE,2025-03-31,-0.51,negative,Q3,0.099926,-0.006617,0.106542,0.042613,-0.100254,0.142866,0.133234,0.035695,0.097539,0.049498,0.055463,-0.005965
AIL.DE,2025-04-02,-11.6,negative,Q2,-0.007181,-0.04953,0.04235,-0.042326,-0.053168,0.010842,0.047405,0.064399,-0.016994,0.020959,0.095318,-0.074359
5CV.DE,2025-04-10,31.28,positive,Q5,0.04461,0.028503,0.016106,0.033457,0.045127,-0.01167,0.130112,0.163025,-0.032914,0.736059,0.185851,0.550209
GXI.DE,2025-04-11,-319.4,negative,Q1,-0.035876,0.014263,-0.050139,0.007553,0.048062,-0.04051,0.122545,0.134222,-0.011677,-0.054947,0.148198,-0.203145
CMC.DE,2025-04-11,10.28,positive,Q4,0.013068,0.014263,-0.001194,0.039009,0.048062,-0.009053,0.161372,0.134222,0.02715,0.207919,0.148198,0.059722
NWT.DE,2025-04-11,18.58,positive,Q5,0.039597,0.014263,0.025334,0.086893,0.048062,0.03883,0.237947,0.134222,0.103725,0.234647,0.148198,0.086449
DWD.DE,2025-04-11,17.65,positive,Q4,0.022504,0.014263,0.008241,0.034548,0.048062,-0.013514,0.240465,0.134222,0.106243,0.282198,0.148198,0.134
GOS.DE,2025-04-14,16.68,positive,Q4,-0.018004,0.002697,-0.020701,0.0418,0.038149,0.003651,0.179278,0.126156,0.053122,0.309447,0.129656,0.179791
BEI.DE,2025-04-14,-14.04,negative,Q2,0.010937,0.002697,0.00824,0.025435,0.038149,-0.012715,0.025011,0.126156,-0.101145,-0.085629,0.129656,-0.215286
ERCB.DE,2025-04-14,60.09,positive,Q5,-0.004286,0.002697,-0.006983,0.02,0.038149,-0.018149,0.074286,0.126156,-0.05187,-0.117143,0.129656,-0.246799
JNJ.DE,2025-04-14,72.8,positive,Q5,-0.0006,0.002697,-0.003297,-0.00045,0.038149,-0.038599,-0.009369,0.126156,-0.135525,0.042273,0.129656,-0.087384
BEI.DE,2025-04-15,-69.29,negative,Q1,-0.009141,-0.004935,-0.004207,0.005116,0.043707,-0.038591,0.018953,0.127872,-0.108919,-0.097618,0.143583,-0.241202
TRVC.DE,2025-04-15,12.87,positive,Q4,-0.002021,-0.004935,0.002914,0.078251,0.043707,0.034545,0.223181,0.127872,0.095309,0.442322,0.143583,0.298738
NCB.DE,2025-04-15,14.7,positive,Q4,-0.007284,-0.004935,-0.002349,0.040971,0.043707,-0.002735,0.194841,0.127872,0.066968,0.208194,0.143583,0.064611
ASME.DE,2025-04-16,4.53,positive,Q4,-0.005143,0.004134,-0.009277,0.039556,0.05026,-0.010704,0.181438,0.137535,0.043904,0.125971,0.145415,-0.019444
NFC.DE,2025-04-16,16.6,positive,Q4,0.07892,0.004134,0.074785,0.122764,0.05026,0.072504,0.246112,0.137535,0.108578,0.219923,0.145415,0.074508
SRT3.DE,2025-04-16,-45.74,negative,Q1,0.054545,0.004134,0.050411,0.072249,0.05026,0.021989,0.092344,0.137535,-0.04519,-0.01866,0.145415,-0.164075
ABL.DE,2025-04-16,-30.37,negative,Q2,-0.004996,0.004134,-0.00913,-0.009028,0.05026,-0.059288,0.029713,0.137535,-0.107821,-0.089754,0.145415,-0.235169
185.DE,2025-04-16,24.52,positive,Q5,-0.005304,0.004134,-0.009438,0.072806,0.05026,0.022546,0.232401,0.137535,0.094867,0.238187,0.145415,0.092772
PA9.DE,2025-04-16,114.88,positive,Q5,0.015975,0.004134,0.011841,0.015975,0.05026,-0.034285,0.063051,0.137535,-0.074484,0.018839,0.145415,-0.126576
SRT.DE,2025-04-16,3.6,positive,Q4,0.050985,0.004134,0.046851,0.063731,0.05026,0.013471,0.066049,0.137535,-0.071486,-0.020857,0.145415,-0.166272
UB5.DE,2025-04-16,10.17,positive,Q4,-0.002097,0.004134,-0.006231,None,None,None,None,None,None,None,None,None
PER.DE,2025-04-17,-14.03,negative,Q2,0.01708,0.031392,-0.014312,0.000447,0.053176,-0.052729,-0.006921,0.127064,-0.133985,-0.005023,0.141558,-0.146581
NFC.DE,2025-04-17,16.6,positive,Q4,0.004226,0.031392,-0.027165,0.053533,0.053176,0.000357,0.143043,0.127064,0.015979,0.13199,0.141558,-0.009568
UNH.DE,2025-04-17,-7.42,negative,Q3,0.02555,0.031392,-0.005841,-0.026613,0.053176,-0.079788,-0.28601,0.127064,-0.413074,-0.342177,0.141558,-0.483735
AEC1.DE,2025-04-17,4.36,positive,Q4,0.064498,0.031392,0.033107,0.066113,0.053176,0.012937,0.168443,0.127064,0.041379,0.206413,0.141558,0.064855
68V.DE,2025-04-21,-16.04,negative,Q2,-0.006648,0.004669,-0.011317,-0.026274,0.024361,-0.050635,0.007597,0.075932,-0.068334,0.069959,0.094706,-0.024747
BAC.DE,2025-04-22,-0.94,negative,Q3,0.015227,0.004669,0.010558,0.036545,0.024361,0.012184,0.019103,0.075932,-0.056829,-0.006921,0.094706,-0.101627
LOM.DE,2025-04-22,12.97,positive,Q4,0.01257,0.004669,0.007901,0.034384,0.024361,0.010023,0.019723,0.075932,-0.056208,-0.106149,0.094706,-0.200855
HAL.DE,2025-04-22,-61.42,negative,Q1,0.033676,0.004669,0.029007,-0.011986,0.024361,-0.036347,-0.025685,0.075932,-0.101617,0.018265,0.094706,-0.076441
MMM.DE,2025-04-22,12.12,positive,Q4,0.007804,0.004669,0.003135,0.004531,0.024361,-0.019829,0.088445,0.075932,0.012513,0.070152,0.094706,-0.024554
TL0.DE,2025-04-22,-72.35,negative,Q1,0.00381,0.004669,-0.000859,0.103541,0.024361,0.07918,0.332362,0.075932,0.25643,0.262887,0.094706,0.168181
KMY.DE,2025-04-22,-11.43,negative,Q2,0.007729,0.004669,0.00306,-0.004304,0.024361,-0.028664,0.058229,0.075932,-0.017702,-0.052521,0.094706,-0.147227
5UR.DE,2025-04-22,-16.0,negative,Q2,-0.002283,0.004669,-0.006952,0.03919,0.024361,0.014829,0.108057,0.075932,0.032125,0.190146,0.094706,0.09544
CON.DE,2025-04-22,-52.78,negative,Q1,0.017819,0.004669,0.01315,0.051306,0.024361,0.026945,0.143164,0.075932,0.067233,0.144086,0.094706,0.04938
NFS.DE,2025-04-23,1.22,positive,Q3,-0.020092,0.008065,-0.028157,-0.005023,0.046325,-0.051348,0.065351,0.088973,-0.023622,0.196002,0.098634,0.097368
MUM.DE,2025-04-23,40.91,positive,Q5,0.020393,0.008065,0.012328,0.06842,0.046325,0.022095,0.048218,0.088973,-0.040755,0.032971,0.098634,-0.065663
BCO.DE,2025-04-23,95.87,positive,Q5,0.014097,0.008065,0.006033,0.067354,0.046325,0.021029,0.160031,0.088973,0.071059,0.288996,0.098634,0.190362
IBM.DE,2025-04-23,-21.97,negative,Q2,0.007023,0.008065,-0.001042,0.077197,0.046325,0.030872,0.141163,0.088973,0.052191,0.226146,0.098634,0.127512
LCR.DE,2025-04-23,3.81,positive,Q4,0.069705,0.008065,0.061641,0.079088,0.046325,0.032763,0.163204,0.088973,0.074231,0.370979,0.098634,0.272345
GDX.DE,2025-04-23,3.1,positive,Q3,0.004883,0.008065,-0.003182,0.007195,0.046325,-0.03913,0.038804,0.088973,-0.050169,0.151234,0.098634,0.0526
4I1.DE,2025-04-23,5.37,positive,Q4,0.008842,0.008065,0.000777,0.014256,0.046325,-0.032069,0.073064,0.088973,-0.015909,-0.049623,0.098634,-0.148257
TII.DE,2025-04-23,18.18,positive,Q5,0.004898,0.008065,-0.003166,0.028596,0.046325,-0.017729,0.144421,0.088973,0.055448,0.135345,0.098634,0.036711
SOBA.DE,2025-04-23,16.4,positive,Q4,-0.039298,0.008065,-0.047362,-0.002926,0.046325,-0.049251,-0.017559,0.088973,-0.106531,-0.028428,0.098634,-0.127062
CTP2.DE,2025-04-24,-2.19,negative,Q3,0.006218,0.001314,0.004904,0.030397,0.049549,-0.019152,0.046978,0.089201,-0.042223,0.036269,0.092323,-0.056053
GIS.DE,2025-04-24,1.21,positive,Q3,0.016938,0.001314,0.015624,0.002019,0.049549,-0.04753,0.061918,0.089201,-0.027282,0.070892,0.092323,-0.021431
TM5.DE,2025-04-24,2.62,positive,Q3,0.006559,0.001314,0.005245,0.065786,0.049549,0.016237,0.051632,0.089201,-0.037568,0.028307,0.092323,-0.064016
UNP.DE,2025-04-24,-2.77,negative,Q3,0.002478,0.001314,0.001164,0.031353,0.049549,-0.018196,0.059312,0.089201,-0.029889,None,None,None
PRG.DE,2025-04-24,0.71,positive,Q3,0.018038,0.001314,0.016725,0.003405,0.049549,-0.046144,0.053318,0.089201,-0.035883,-0.029991,0.092323,-0.122314
6MK.DE,2025-04-24,-7.11,negative,Q3,0.053265,0.001314,0.051951,0.044607,0.049549,-0.004941,-0.01438,0.089201,-0.103581,0.033309,0.092323,-0.059014
ABEA.DE,2025-04-24,37.97,positive,Q5,-0.018087,0.001314,-0.019401,0.015353,0.049549,-0.034196,0.061834,0.089201,-0.027367,0.15164,0.092323,0.059318
BRM.DE,2025-04-24,-20.29,negative,Q2,0.025241,0.001314,0.023928,0.057412,0.049549,0.007863,0.001237,0.089201,-0.087963,0.014353,0.092323,-0.07797
PEP.DE,2025-04-24,-12.32,negative,Q2,0.01479,0.001314,0.013476,0.003238,0.049549,-0.046311,-0.014352,0.089201,-0.103553,0.071235,0.092323,-0.021088
ENI.DE,2025-04-24,-3.3,negative,Q3,-0.003309,0.001314,-0.004622,-0.014061,0.049549,-0.06361,0.038875,0.089201,-0.050326,0.150538,0.092323,0.058215
SGM.DE,2025-04-24,43.67,positive,Q5,-0.015787,0.001314,-0.017101,-0.00148,0.049549,-0.051029,0.100148,0.089201,0.010947,0.105575,0.092323,0.013252
ABEC.DE,2025-04-24,37.97,positive,Q5,-0.019662,0.001314,-0.020976,0.014054,0.049549,-0.035495,0.055802,0.089201,-0.033399,0.143658,0.092323,0.051336
FPMB.DE,2025-04-24,1.0,positive,Q3,-0.002775,0.001314,-0.004089,0.013568,0.049549,-0.035981,0.06568,0.089201,-0.023521,0.166512,0.092323,0.07419
NOA3.DE,2025-04-24,-125.03,negative,Q1,-0.009368,0.001314,-0.010681,0.016393,0.049549,-0.033156,0.098361,0.089201,0.00916,-0.133489,0.092323,-0.225812
CPA.DE,2025-04-25,-2.53,negative,Q3,0.002256,0.006922,-0.004666,-0.003384,0.043911,-0.047296,0.009652,0.079317,-0.069665,-0.069942,0.087368,-0.15731
4AB.DE,2025-04-25,-69.95,negative,Q1,0.020453,0.006922,0.013531,0.007204,0.043911,-0.036707,-0.018011,0.079317,-0.097328,-0.021674,0.087368,-0.109042
R66.DE,2025-04-25,261.6,positive,Q5,0.004158,0.006922,-0.002763,None,None,None,None,None,None,None,None,None
8TRA.DE,2025-04-28,-7.37,negative,Q3,-0.00146,0.003173,-0.004633,-0.020073,0.030774,-0.050847,0.139416,0.067217,0.072199,0.09781,0.068873,0.028937
690D.DE,2025-04-28,8.06,positive,Q4,-0.012579,0.003173,-0.015751,-0.012579,0.030774,-0.043353,0.08805,0.067217,0.020833,0.138365,0.068873,0.069492
UWS.DE,2025-04-28,-0.68,negative,Q3,0.02089,0.003173,0.017718,0.037936,0.030774,0.007162,0.044512,0.067217,-0.022705,-0.008194,0.068873,-0.077067
MBG.DE,2025-04-28,-19.42,negative,Q2,-0.027196,0.003173,-0.030368,0.001007,0.030774,-0.029767,0.063255,0.067217,-0.003962,0.08199,0.068873,0.013118
SRB.DE,2025-04-28,-31.69,negative,Q2,-0.050077,0.003173,-0.053249,-0.007651,0.030774,-0.038424,0.014327,0.067217,-0.05289,0.120184,0.068873,0.051311
DB1.DE,2025-04-28,-4.03,negative,Q3,0.037302,0.003173,0.03413,0.06514,0.030774,0.034366,0.053003,0.067217,-0.014214,-0.072081,0.068873,-0.140954
VOW.DE,2025-04-28,41.94,positive,Q5,-0.02731,0.003173,-0.030483,-0.026781,0.030774,-0.057555,0.033132,0.067217,-0.034085,0.046893,0.068873,-0.02198
HFG.DE,2025-04-28,-249.18,negative,Q1,0.029246,0.003173,0.026074,0.07649,0.030774,0.045717,0.192351,0.067217,0.125134,0.022497,0.068873,-0.046376
1SI.DE,2025-04-29,39.15,positive,Q5,0.078287,0.026211,0.052075,0.076809,0.038037,0.038773,0.062038,0.066698,-0.004659,0.209749,0.076472,0.133277
CCC3.DE,2025-04-29,6.52,positive,Q4,-0.012975,0.026211,-0.039186,0.001762,0.038037,-0.036275,-0.006407,0.066698,-0.073105,-0.05382,0.076472,-0.130292
HBC1.DE,2025-04-29,23.02,positive,Q5,0.017801,0.026211,-0.00841,0.031414,0.038037,-0.006623,0.074346,0.066698,0.007648,0.161257,0.076472,0.084784
LHA.DE,2025-04-29,-118.24,negative,Q1,0.023256,0.026211,-0.002955,0.048173,0.038037,0.010136,0.171096,0.066698,0.104399,0.267442,0.076472,0.19097
COK.DE,2025-04-29,9.52,positive,Q4,0.028066,0.026211,0.001855,0.050365,0.038037,0.012329,0.044598,0.066698,-0.0221,0.024606,0.076472,-0.051866
DBK.DE,2025-04-29,16.52,positive,Q4,0.022809,0.026211,-0.003402,0.031753,0.038037,-0.006284,0.089445,0.066698,0.022748,0.278175,0.076472,0.201703
BPE5.DE,2025-04-29,-54.82,negative,Q1,-0.002532,0.026211,-0.028743,0.020253,0.038037,-0.017784,0.053165,0.066698,-0.013533,0.15443,0.076472,0.077958
ZEG.DE,2025-04-29,-17.48,negative,Q2,0.000797,0.026211,-0.025414,-0.049115,0.038037,-0.087152,0.010684,0.066698,-0.056014,0.022564,0.076472,-0.053908
UPAB.DE,2025-04-29,7.81,positive,Q4,0.012497,0.026211,-0.013714,0.013372,0.038037,-0.024665,0.037491,0.066698,-0.029207,-0.050487,0.076472,-0.126959
PCE1.DE,2025-04-29,43.13,positive,Q5,0.053658,0.026211,0.027447,0.072473,0.038037,0.034437,0.128455,0.066698,0.061757,0.134819,0.076472,0.058347
8GM.DE,2025-04-29,2.02,positive,Q3,0.001264,0.026211,-0.024947,0.052339,0.038037,0.014302,0.102908,0.066698,0.03621,0.154741,0.076472,0.078269
ALD.DE,2025-04-29,13.73,positive,Q4,0.016962,0.026211,-0.009249,0.032387,0.038037,-0.005649,0.076302,0.066698,0.009605,0.052369,0.076472,-0.024103
PHM7.DE,2025-04-29,-46.45,negative,Q1,0.000987,0.026211,-0.025224,0.021718,0.038037,-0.016319,0.013228,0.066698,-0.05347,0.00079,0.076472,-0.075682
2PP.DE,2025-04-29,11.21,positive,Q4,0.027344,0.026211,0.001133,0.088869,0.038037,0.050833,0.086766,0.066698,0.020068,0.080105,0.076472,0.003633
ADS.DE,2025-04-29,17.09,positive,Q4,0.024767,0.026211,-0.001444,0.035675,0.038037,-0.002362,0.098269,0.066698,0.031571,-0.010808,0.076472,-0.08728
PFE.DE,2025-04-29,-21.93,negative,Q2,-0.006407,0.026211,-0.032618,-0.051257,0.038037,-0.089293,-0.012321,0.066698,-0.079019,0.014786,0.076472,-0.061686
KHNZ.DE,2025-04-29,-2.7,negative,Q3,-0.015485,0.026211,-0.041696,-0.015892,0.038037,-0.053929,-0.072535,0.066698,-0.139232,-0.021597,0.076472,-0.098069
KTF.DE,2025-04-29,-53.65,negative,Q1,-0.015774,0.026211,-0.041986,-0.015439,0.038037,-0.053475,-0.017285,0.066698,-0.083983,0.011076,0.076472,-0.065396
P911.DE,2025-04-29,-5.79,negative,Q3,0.019823,0.026211,-0.006388,0.070695,0.038037,0.032658,0.014091,0.066698,-0.052607,0.034153,0.076472,-0.042319
PAE.DE,2025-04-29,-7.53,negative,Q3,0.003676,0.026211,-0.022535,0.028774,0.038037,-0.009262,0.042337,0.066698,-0.02436,0.083788,0.076472,0.007316
F3A.DE,2025-04-29,-22.94,negative,Q2,0.008198,0.026211,-0.018013,0.028515,0.038037,-0.009521,0.247728,0.066698,0.18103,0.404562,0.076472,0.32809
BOY.DE,2025-04-29,11.2,positive,Q4,0.014358,0.026211,-0.011853,0.061655,0.038037,0.023619,0.097128,0.066698,0.030431,0.119932,0.076472,0.04346
DWS.DE,2025-04-29,-14.15,negative,Q2,0.027696,0.026211,0.001485,0.087401,0.038037,0.049364,0.07151,0.066698,0.004812,0.190692,0.076472,0.11422
XY6.DE,2025-04-29,-28.54,negative,Q2,0.044662,0.026211,0.018451,0.041307,0.038037,0.003271,0.060188,0.066698,-0.00651,0.087886,0.076472,0.011414
SY1.DE,2025-04-29,-11.93,negative,Q2,0.019225,0.026211,-0.006986,0.013248,0.038037,-0.024788,0.046419,0.066698,-0.020279,-0.143341,0.076472,-0.219813
639.DE,2025-04-29,-52.51,negative,Q1,0.078873,0.026211,0.052662,0.09495,0.038037,0.056913,0.080764,0.066698,0.014066,0.021373,0.076472,-0.055099
WCH.DE,2025-04-30,-150.6,negative,Q1,-0.022209,0.011171,-0.033379,-0.005244,0.017875,-0.023119,-0.036089,0.036559,-0.072648,0.022517,0.05092,-0.028403
AZ2.DE,2025-04-30,-8.17,negative,Q3,-0.003239,0.011171,-0.014409,-0.005668,0.017875,-0.023543,-0.004858,0.036559,-0.041417,0.080162,0.05092,0.029242
VOW3.DE,2025-04-30,-5.28,negative,Q3,0.001436,0.011171,-0.009735,0.034235,0.017875,0.01636,0.032579,0.036559,-0.00398,0.033683,0.05092,-0.017237
3E2.DE,2025-04-30,-185.98,negative,Q1,0.01533,0.011171,0.004159,0.063362,0.017875,0.045487,None,None,None,None,None,None
QCI.DE,2025-04-30,-12.64,negative,Q2,0.003621,0.011171,-0.00755,0.044351,0.017875,0.026476,0.027565,0.036559,-0.008994,0.133876,0.05092,0.082957
FPE.DE,2025-04-30,-6.7,negative,Q3,0.011505,0.011171,0.000334,0.011202,0.017875,-0.006673,0.065698,0.036559,0.029139,-0.056918,0.05092,-0.107838
WAF.DE,2025-04-30,120.18,positive,Q5,-0.008499,0.011171,-0.01967,-0.004781,0.017875,-0.022656,-0.074635,0.036559,-0.111194,0.066667,0.05092,0.015747
NEM.DE,2025-04-30,-13.64,negative,Q2,0.007436,0.011171,-0.003735,0.018919,0.017875,0.001045,0.001322,0.036559,-0.035237,0.069068,0.05092,0.018148
EBO.DE,2025-04-30,-4.21,negative,Q3,0.074159,0.011171,0.062988,0.180377,0.017875,0.162502,0.234807,0.036559,0.198248,0.395103,0.05092,0.344183
MSF.DE,2025-04-30,7.38,positive,Q4,0.002982,0.011171,-0.008188,0.01117,0.017875,-0.006705,0.049962,0.036559,0.013403,0.165189,0.05092,0.114269
KLA.DE,2025-04-30,3.88,positive,Q4,-0.008887,0.011171,-0.020057,0.004029,0.017875,-0.013846,0.065586,0.036559,0.029027,0.301707,0.05092,0.250788
ALS.DE,2025-04-30,39.91,positive,Q5,0.007086,0.011171,-0.004084,0.024427,0.017875,0.006552,0.052829,0.036559,0.01627,-0.036871,0.05092,-0.087791
AIR.DE,2025-04-30,73.54,positive,Q5,0.021944,0.011171,0.010773,0.022848,0.017875,0.004973,0.049438,0.036559,0.01288,0.153995,0.05092,0.103075
AIXA.DE,2025-04-30,10.13,positive,Q4,0.000783,0.011171,-0.010387,0.019577,0.017875,0.001702,-0.071261,0.036559,-0.10782,0.180893,0.05092,0.129973
INP.DE,2025-04-30,-162.55,negative,Q1,-0.020876,0.011171,-0.032047,-0.01933,0.017875,-0.037205,0.040206,0.036559,0.003647,0.188144,0.05092,0.137224
FPE3.DE,2025-04-30,-5.65,negative,Q3,0.010267,0.011171,-0.000904,0.009811,0.017875,-0.008064,0.064568,0.036559,0.028009,-0.069131,0.05092,-0.120051
BFSA.DE,2025-04-30,33.03,positive,Q5,0.018302,0.011171,0.007132,0.038941,0.017875,0.021066,0.063863,0.036559,0.027304,0.049844,0.05092,-0.001076
DEZ.DE,2025-04-30,-40.0,negative,Q1,0.071217,0.011171,0.060046,0.081602,0.017875,0.063728,0.099407,0.036559,0.062848,0.158754,0.05092,0.107834
IBE1.DE,2025-04-30,21.35,positive,Q5,0.007797,0.011171,-0.003373,-0.018843,0.017875,-0.036718,0.025341,0.036559,-0.011218,0.003899,0.05092,-0.047021
CAT1.DE,2025-04-30,-4.98,negative,Q3,0.015926,0.011171,0.004755,0.017707,0.017875,-0.000168,0.053085,0.036559,0.016527,0.342882,0.05092,0.291962
AWC.DE,2025-04-30,-1.95,negative,Q3,0.010486,0.011171,-0.000685,0.007017,0.017875,-0.010858,-0.029801,0.036559,-0.06636,-0.045017,0.05092,-0.095937
OMV.DE,2025-04-30,-69.43,negative,Q1,0.000734,0.011171,-0.010437,0.018831,0.017875,0.000956,0.051113,0.036559,0.014554,0.131328,0.05092,0.080408
KGX.DE,2025-04-30,-152.08,negative,Q1,0.009363,0.011171,-0.001807,0.050829,0.017875,0.032954,0.110219,0.036559,0.073661,0.41252,0.05092,0.3616
REP.DE,2025-04-30,-40.04,negative,Q1,0.015355,0.011171,0.004185,0.049904,0.017875,0.032029,0.132438,0.036559,0.095879,0.308061,0.05092,0.257142
WDC.DE,2025-04-30,22.33,positive,Q5,0.008386,0.011171,-0.002784,-0.007116,0.017875,-0.02499,0.155527,0.036559,0.118969,0.650572,0.05092,0.599652
KEL.DE,2025-04-30,-15.28,negative,Q2,0.00112,0.011171,-0.010051,0.006019,0.017875,-0.011856,-0.012458,0.036559,-0.049017,-0.038494,0.05092,-0.089414
EBA.DE,2025-04-30,-22.26,negative,Q2,0.041207,0.011171,0.030037,0.036968,0.017875,0.019093,0.091402,0.036559,0.054844,0.144989,0.05092,0.094069
TOTB.DE,2025-04-30,-11.11,negative,Q2,-0.005891,0.011171,-0.017061,0.021125,0.017875,0.00325,0.034938,0.036559,-0.001621,0.044485,0.05092,-0.006435
BCY.DE,2025-04-30,15.63,positive,Q4,0.01983,0.011171,0.00866,0.025496,0.017875,0.007621,0.09915,0.036559,0.062591,0.220963,0.05092,0.170043
BSD2.DE,2025-04-30,1.81,positive,Q3,0.00639,0.011171,-0.004781,0.051118,0.017875,0.033243,0.111821,0.036559,0.075262,0.209265,0.05092,0.158345
FB2A.DE,2025-04-30,20.87,positive,Q5,0.004167,0.011171,-0.007003,0.010636,0.017875,-0.007238,0.092532,0.036559,0.055973,0.160479,0.05092,0.10956
USX1.DE,2025-05-01,-2.96,negative,Q3,-0.010789,-0.004065,-0.006725,-0.013684,0.00951,-0.023194,0.237632,0.032002,0.205629,None,None,None
HCL.DE,2025-05-01,-1.31,negative,Q3,0.009685,-0.004065,0.01375,0.089588,0.00951,0.080079,0.210654,0.032002,0.178651,0.217918,0.030882,0.187036
MDO.DE,2025-05-01,-3.66,negative,Q3,-0.00321,-0.004065,0.000855,0.001641,0.00951,-0.007868,-0.01561,0.032002,-0.047613,-0.049493,0.030882,-0.080375
CVS.DE,2025-05-01,-18.47,negative,Q2,-0.024958,-0.004065,-0.020893,-0.035484,0.00951,-0.044994,-0.067572,0.032002,-0.099574,-0.0618,0.030882,-0.092682
HAR.DE,2025-05-01,35.38,positive,Q5,-0.010638,-0.004065,-0.006574,0.047872,0.00951,0.038363,0.024662,0.032002,-0.007341,0.042553,0.030882,0.011671
AMZ.DE,2025-05-01,16.67,positive,Q4,-0.005678,-0.004065,-0.001614,0.127824,0.00951,0.118314,0.098224,0.032002,0.066222,0.233539,0.030882,0.202657
LLY.DE,2025-05-01,-7.31,negative,Q3,-0.030045,-0.004065,-0.02598,-0.064379,0.00951,-0.073888,-0.082409,0.032002,-0.114411,-0.07645,0.030882,-0.107332
AMG.DE,2025-05-01,14.68,positive,Q4,-0.020364,-0.004065,-0.016299,0.003672,0.00951,-0.005838,0.049032,0.032002,0.01703,0.079453,0.030882,0.04857
IC2.DE,2025-05-01,1.27,positive,Q3,0.002219,-0.004065,0.006284,0.012073,0.00951,0.002564,0.022711,0.032002,-0.009291,0.055733,0.030882,0.024851
48Z.DE,2025-05-01,10.88,positive,Q4,0.007742,-0.004065,0.011806,0.039446,0.00951,0.029936,0.115682,0.032002,0.08368,0.162427,0.030882,0.131545
PEO.DE,2025-05-01,4.81,positive,Q4,-0.002489,-0.004065,0.001575,-0.034852,0.00951,-0.044362,-0.063729,0.032002,-0.095731,-0.040826,0.030882,-0.071709
BAS.DE,2025-05-01,88.86,positive,Q5,-0.002354,-0.004065,0.001711,0.050612,0.00951,0.041102,-0.01177,0.032002,-0.043773,0.016008,0.030882,-0.014875
CGN.DE,2025-05-02,6.13,positive,Q4,-0.005264,-0.004065,-0.001199,-0.037779,0.00951,-0.047288,-0.066474,0.032002,-0.098476,-0.195981,0.030882,-0.226863
6D81.DE,2025-05-02,-247.42,negative,Q1,-0.011685,-0.004065,-0.00762,0.008546,0.00951,-0.000964,0.019533,0.032002,-0.01247,0.08563,0.030882,0.054747
CHV.DE,2025-05-02,-8.54,negative,Q3,0.0,-0.004065,0.004065,0.057342,0.00951,0.047832,0.038428,0.032002,0.006426,0.117177,0.030882,0.086295
XONA.DE,2025-05-02,-0.62,negative,Q3,0.020245,-0.004065,0.02431,0.074345,0.00951,0.064835,0.015521,0.032002,-0.016481,0.077382,0.030882,0.046499
INN1.DE,2025-05-02,1.73,positive,Q3,-0.015143,-0.004065,-0.011078,0.029164,0.00951,0.019655,0.021873,0.032002,-0.010129,0.127874,0.030882,0.096992
STM.DE,2025-05-05,-37.14,negative,Q2,0.025478,-0.00575,0.031228,0.10828,0.016728,0.091553,0.084926,0.044165,0.04076,0.042463,0.007584,0.034879
RWL.DE,2025-05-05,4.12,positive,Q4,0.135141,-0.00575,0.140891,0.245943,0.016728,0.229216,0.26618,0.044165,0.222015,0.347129,0.007584,0.339545
UN0.DE,2025-05-05,-49.32,negative,Q1,-0.006127,-0.00575,-0.000377,-0.022059,0.016728,-0.038786,-0.019608,0.044165,-0.063773,-0.132353,0.007584,-0.139937
HAG.DE,2025-05-05,-16.9,negative,Q2,-0.010086,-0.00575,-0.004336,-0.035879,0.016728,-0.052607,0.455331,0.044165,0.411166,0.320605,0.007584,0.313021
WMB.DE,2025-05-05,5.92,positive,Q4,0.009631,-0.00575,0.015381,0.006289,0.016728,-0.010438,0.012186,0.044165,-0.03198,0.016116,0.007584,0.008533
SHA0.DE,2025-05-05,-59.48,negative,Q1,0.0,-0.00575,0.00575,0.100264,0.016728,0.083536,0.102902,0.044165,0.058737,0.300792,0.007584,0.293208
PHI1.DE,2025-05-06,-57.54,negative,Q1,-0.00193,0.010241,-0.012171,0.039093,0.017782,0.021311,-0.025097,0.052242,-0.077338,0.108591,0.027761,0.080829
BOSS.DE,2025-05-06,-21.54,negative,Q2,0.038514,0.010241,0.028273,0.109574,0.017782,0.091792,0.074044,0.052242,0.021802,0.102251,0.027761,0.07449
ADM.DE,2025-05-06,-9.3,negative,Q3,-0.002183,0.010241,-0.012424,0.047792,0.017782,0.03001,-0.016739,0.052242,-0.068981,0.118389,0.027761,0.090628
TMV.DE,2025-05-06,-35.68,negative,Q2,-0.013575,0.010241,-0.023816,-0.017195,0.017782,-0.034977,-0.055204,0.052242,-0.107445,-0.20181,0.027761,-0.229571
EVT.DE,2025-05-06,-122.34,negative,Q1,-0.022727,0.010241,-0.032968,0.002841,0.017782,-0.014941,-0.007102,0.052242,-0.059344,-0.045455,0.027761,-0.073216
CBHD.DE,2025-05-06,-24.2,negative,Q2,0.019156,0.010241,0.008915,-0.000823,0.017782,-0.018605,-0.01469,0.052242,-0.066932,-0.056528,0.027761,-0.08429
FME.DE,2025-05-06,11.74,positive,Q4,-0.00756,0.010241,-0.017801,-0.006334,0.017782,-0.024116,0.032284,0.052242,-0.019957,-0.115039,0.027761,-0.1428
RDC.DE,2025-05-06,-133.54,negative,Q1,0.012295,0.010241,0.002054,0.02459,0.017782,0.006808,-0.192213,0.052242,-0.244455,-0.193033,0.027761,-0.220794
AMD.DE,2025-05-06,-53.86,negative,Q1,0.059347,0.010241,0.049106,0.220413,0.017782,0.202631,0.191779,0.052242,0.139537,0.761228,0.027761,0.733467
ERT.DE,2025-05-06,-9.13,negative,Q3,0.000876,0.010241,-0.009365,-0.039124,0.017782,-0.056906,-0.060292,0.052242,-0.112534,-0.000146,0.027761,-0.027907
ZAL.DE,2025-05-06,-87.93,negative,Q1,0.044851,0.010241,0.03461,0.047176,0.017782,0.029394,0.015282,0.052242,-0.036959,-0.149834,0.027761,-0.177595
KTN.DE,2025-05-06,5.67,positive,Q4,0.022192,0.010241,0.011951,0.007699,0.017782,-0.010083,0.016757,0.052242,-0.035485,0.237319,0.027761,0.209558
IES.DE,2025-05-06,10.78,positive,Q4,0.029817,0.010241,0.019576,0.059633,0.017782,0.041851,0.09633,0.052242,0.044088,0.142202,0.027761,0.114441
ZOE.DE,2025-05-06,-1.54,negative,Q3,0.053764,0.010241,0.043523,0.033733,0.017782,0.015951,0.09204,0.052242,0.039798,-0.030382,0.027761,-0.058143
ELG.DE,2025-05-06,-8.47,negative,Q3,0.047254,0.010241,0.037013,0.171616,0.017782,0.153833,0.147829,0.052242,0.095587,0.403257,0.027761,0.375495
2FE.DE,2025-05-06,0.88,positive,Q3,0.029876,0.010241,0.019635,0.052103,0.017782,0.034321,0.005258,0.052242,-0.046984,-0.09608,0.027761,-0.123842
KIN2.DE,2025-05-06,29.24,positive,Q5,-0.041007,0.010241,-0.051248,-0.144604,0.017782,-0.162386,-0.033813,0.052242,-0.086055,0.051799,0.027761,0.024037
RAA.DE,2025-05-06,-5.84,negative,Q3,0.010063,0.010241,-0.000178,0.02819,0.017782,0.010408,0.016552,0.052242,-0.035689,-0.077915,0.027761,-0.105676
1COV.DE,2025-05-06,-300.51,negative,Q1,0.003709,0.010241,-0.006532,0.009777,0.017782,-0.008005,0.011126,0.052242,-0.041116,0.018543,0.027761,-0.009218
VWSB.DE,2025-05-06,117.44,positive,Q5,0.017959,0.010241,0.007718,0.218776,0.017782,0.200993,0.153469,0.052242,0.101228,0.296327,0.027761,0.268565
AG1.DE,2025-05-07,51.78,positive,Q5,0.010329,0.006279,0.00405,0.099531,0.014684,0.084847,0.178404,0.040756,0.137647,0.289202,0.021127,0.268075
AHOG.DE,2025-05-07,-1.31,negative,Q3,0.007218,0.006279,0.000939,0.003331,0.014684,-0.011352,-0.00111,0.040756,-0.041867,-0.059689,0.021127,-0.080816
QIA.DE,2025-05-07,-21.23,negative,Q2,-0.011376,0.006279,-0.017655,-0.009788,0.014684,-0.024472,0.054497,0.040756,0.013741,0.143915,0.021127,0.122788
WDP.DE,2025-05-07,51.82,positive,Q5,0.004954,0.006279,-0.001325,0.073236,0.014684,0.058553,0.069467,0.040756,0.028711,0.099192,0.021127,0.078065
RWL.DE,2025-05-07,16.49,positive,Q4,0.005744,0.006279,-0.000535,0.057171,0.014684,0.042487,0.095129,0.040756,0.054373,0.151019,0.021127,0.129891
UT8.DE,2025-05-07,62.4,positive,Q5,-0.006357,0.006279,-0.012635,0.085339,0.014684,0.070656,0.012443,0.040756,-0.028314,0.04436,0.021127,0.023233
BMW3.DE,2025-05-07,4.97,positive,Q4,0.019588,0.006279,0.013309,0.055905,0.014684,0.041222,0.033743,0.040756,-0.007013,0.118816,0.021127,0.097689
MLB1.DE,2025-05-07,15.95,positive,Q4,0.004621,0.006279,-0.001658,0.062616,0.014684,0.047932,0.008549,0.040756,-0.032207,-0.039972,0.021127,-0.0611
NOV.DE,2025-05-07,6.97,positive,Q4,0.0087,0.006279,0.002421,0.020532,0.014684,0.005849,0.131025,0.040756,0.090269,-0.296329,0.021127,-0.317456
VNA.DE,2025-05-07,25.16,positive,Q5,0.01014,0.006279,0.003861,-0.043706,0.014684,-0.05839,0.021329,0.040756,-0.019428,-0.043357,0.021127,-0.064484
ABR.DE,2025-05-07,-0.83,negative,Q3,0.0,0.006279,-0.006279,-0.05792,0.014684,-0.072603,None,None,None,None,None,None
SHL.DE,2025-05-07,-1.14,negative,Q3,0.011173,0.006279,0.004894,0.049635,0.014684,0.034951,0.002364,0.040756,-0.038393,-0.016545,0.021127,-0.037672
BMW.DE,2025-05-07,4.82,positive,Q4,0.018476,0.006279,0.012197,0.046258,0.014684,0.031574,0.03412,0.040756,-0.006636,0.129332,0.021127,0.108205
JUN3.DE,2025-05-07,4.01,positive,Q4,0.02657,0.006279,0.020291,0.038345,0.014684,0.023662,0.16244,0.040756,0.121683,-0.008454,0.021127,-0.029581
FRE.DE,2025-05-07,12.94,positive,Q4,0.006445,0.006279,0.000167,-0.008594,0.014684,-0.023277,0.057293,0.040756,0.016537,-0.010742,0.021127,-0.03187
NDA.DE,2025-05-08,470.34,positive,Q5,0.01672,0.002861,0.01386,-0.005788,0.011409,-0.017197,0.030868,0.028724,0.002144,0.187138,0.018087,0.169051
ENL.DE,2025-05-08,5.56,positive,Q4,-0.006676,0.002861,-0.009536,0.028037,0.011409,0.016628,0.026702,0.028724,-0.002022,0.044059,0.018087,0.025971
LY0.DE,2025-05-08,-96.86,negative,Q1,0.073602,0.002861,0.070742,0.058033,0.011409,0.046623,-0.022647,0.028724,-0.051371,-0.151451,0.018087,-0.169538
HEN.DE,2025-05-08,0.0,negative,Q3,0.027419,0.002861,0.024559,0.019355,0.011409,0.007946,0.022581,0.028724,-0.006144,-0.003226,0.018087,-0.021313
PUM.DE,2025-05-08,-97.11,negative,Q1,0.064604,0.002861,0.061744,0.034122,0.011409,0.022713,0.029572,0.028724,0.000848,-0.190173,0.018087,-0.20826
KBX.DE,2025-05-08,-8.38,negative,Q3,0.001714,0.002861,-0.001146,-0.006857,0.011409,-0.018266,0.018857,0.028724,-0.009867,0.002286,0.018087,-0.015802
HEN3.DE,2025-05-08,0.0,negative,Q3,0.022602,0.002861,0.019742,0.017096,0.011409,0.005687,0.006955,0.028724,-0.02177,-0.030426,0.018087,-0.048513
RHM.DE,2025-05-08,-22.03,negative,Q2,-0.059028,0.002861,-0.061889,0.022273,0.011409,0.010864,0.052828,0.028724,0.024104,0.058168,0.018087,0.040081
JDE.DE,2025-05-08,-46.2,negative,Q1,-0.014892,0.002861,-0.017752,-0.000903,0.011409,-0.012312,0.081679,0.028724,0.052954,0.166968,0.018087,0.14888
LXS.DE,2025-05-08,-166.47,negative,Q1,0.022361,0.002861,0.0195,-0.002933,0.011409,-0.014342,-0.024194,0.028724,-0.052918,-0.121701,0.018087,-0.139788
ENR.DE,2025-05-08,131.94,positive,Q5,0.011503,0.002861,0.008643,0.009363,0.011409,-0.002046,0.15222,0.028724,0.123496,0.31969,0.018087,0.301602
G1A.DE,2025-05-08,13.28,positive,Q4,-0.00678,0.002861,-0.00964,-0.016949,0.011409,-0.028358,-0.000847,0.028724,-0.029572,0.073729,0.018087,0.055641
IFX.DE,2025-05-08,2.76,positive,Q3,0.081691,0.002861,0.078831,0.061666,0.011409,0.050256,0.157661,0.028724,0.128936,0.090909,0.018087,0.072822
O3P.DE,2025-05-08,28.85,positive,Q5,-0.001675,0.002861,-0.004536,0.023451,0.011409,0.012041,-0.001675,0.028724,-0.030399,0.031826,0.018087,0.013738
SII.DE,2025-05-08,6.66,positive,Q4,-0.047796,0.002861,-0.050657,-0.079793,0.011409,-0.091202,0.030271,0.028724,0.001547,0.110993,0.018087,0.092906
SMHN.DE,2025-05-08,17.04,positive,Q4,0.061167,0.002861,0.058307,0.106341,0.011409,0.094932,0.139169,0.028724,0.110445,-0.1156,0.018087,-0.133688
1QZ.DE,2025-05-08,-87.51,negative,Q1,0.055395,0.002861,0.052535,0.315497,0.011409,0.304088,0.236679,0.028724,0.207954,0.409303,0.018087,0.391216
YCP.DE,2025-05-08,6.84,positive,Q4,0.058969,0.002861,0.056109,0.074755,0.011409,0.063346,-0.01422,0.028724,-0.042945,0.048793,0.018087,0.030706
CBK.DE,2025-05-09,12.3,positive,Q4,0.007552,0.003056,0.004496,0.017886,0.015634,0.002252,0.105326,0.017865,0.087461,0.324722,0.026561,0.29816
KRN.DE,2025-05-09,2.56,positive,Q3,0.01693,0.003056,0.013874,0.012697,0.015634,-0.002937,0.014347,0.017865,-0.003518,-0.071736,0.026561,-0.098297
AHLA.DE,2025-05-12,-59.0,negative,Q1,0.00676,-0.004719,0.011479,-0.065628,0.016818,-0.082446,-0.114486,0.013129,-0.127615,-0.123813,0.02218,-0.145993
EVK.DE,2025-05-12,46.49,positive,Q5,0.007596,-0.004719,0.012315,0.037982,0.016818,0.021164,0.030928,0.013129,0.017799,-0.072708,0.02218,-0.094887
IOS.DE,2025-05-12,-2.64,negative,Q3,0.033528,-0.004719,0.038247,0.074344,0.016818,0.057526,0.204082,0.013129,0.190953,0.19242,0.02218,0.17024
CRIN.DE,2025-05-12,11.95,positive,Q4,0.019088,-0.004719,0.023807,0.047257,0.016818,0.030439,0.032246,0.013129,0.019118,0.222387,0.02218,0.200207
NRA.DE,2025-05-12,56.96,positive,Q5,-0.022758,-0.004719,-0.018039,0.007514,0.016818,-0.009303,-0.076863,0.013129,-0.089991,-0.064839,0.02218,-0.087019
HOT.DE,2025-05-12,5.91,positive,Q4,0.006849,-0.004719,0.011568,0.037983,0.016818,0.021165,-0.000623,0.013129,-0.013751,0.30137,0.02218,0.27919
FRA.DE,2025-05-12,-3.84,negative,Q3,0.0,-0.004719,0.004719,0.033913,0.016818,0.017095,0.104348,0.013129,0.091219,0.317391,0.02218,0.295211
DUE.DE,2025-05-12,-46.12,negative,Q1,-0.012809,-0.004719,-0.00809,0.013693,0.016818,-0.003125,0.055654,0.013129,0.042525,0.00265,0.02218,-0.01953
ITB.DE,2025-05-13,-23.65,negative,Q2,-0.001303,0.007165,-0.008469,0.043662,0.025307,0.018356,0.076572,0.01039,0.066182,0.113392,0.023561,0.089831
VBK.DE,2025-05-13,-120.0,negative,Q1,0.017951,0.007165,0.010786,0.021119,0.025307,-0.004187,0.050686,0.01039,0.040297,0.093981,0.023561,0.07042
AFX.DE,2025-05-13,11.18,positive,Q4,-0.011309,0.007165,-0.018474,-0.028271,0.025307,-0.053578,-0.004847,0.01039,-0.015236,-0.322779,0.023561,-0.34634
JEN.DE,2025-05-13,-16.05,negative,Q2,0.005274,0.007165,-0.001891,-0.003692,0.025307,-0.028999,0.01635,0.01039,0.00596,-0.013713,0.023561,-0.037275
CIS.DE,2025-05-13,-32.1,negative,Q2,0.063594,0.007165,0.056429,0.024147,0.025307,-0.001159,0.023041,0.01039,0.012652,0.119078,0.023561,0.095517
HLAG.DE,2025-05-13,-6.9,negative,Q3,0.005431,0.007165,-0.001734,-0.014484,0.025307,-0.039791,-0.14484,0.01039,-0.15523,-0.22933,0.023561,-0.252892
DUE.DE,2025-05-13,-25.66,negative,Q2,-0.002237,0.007165,-0.009403,0.020134,0.025307,-0.005172,0.067114,0.01039,0.056724,-0.011186,0.023561,-0.034747
KWS.DE,2025-05-13,2.59,positive,Q3,0.0,0.007165,-0.007165,0.060223,0.025307,0.034916,0.058364,0.01039,0.047975,0.157063,0.023561,0.133502
HNR1.DE,2025-05-13,-14.44,negative,Q2,0.022222,0.007165,0.015057,0.038519,0.025307,0.013212,0.000741,0.01039,-0.009649,-0.016296,0.023561,-0.039858
SIX3.DE,2025-05-13,-2.86,negative,Q3,-0.006717,0.007165,-0.013883,0.015202,0.025307,-0.010104,-0.008308,0.01039,-0.018698,0.110129,0.023561,0.086568
SDF.DE,2025-05-13,182.15,positive,Q5,0.031565,0.007165,0.024399,0.066488,0.025307,0.041181,0.075218,0.01039,0.064829,-0.133647,0.023561,-0.157208
BAYN.DE,2025-05-13,7.59,positive,Q4,0.031574,0.007165,0.024409,0.069914,0.025307,0.044608,0.254849,0.01039,0.244459,0.159675,0.023561,0.136114
MUV2.DE,2025-05-13,-27.54,negative,Q2,0.015703,0.007165,0.008538,0.041756,0.025307,0.016449,-0.003212,0.01039,-0.013602,0.011777,0.023561,-0.011784
LEG.DE,2025-05-13,-30.65,negative,Q2,0.024737,0.007165,0.017571,0.04596,0.025307,0.020654,0.039227,0.01039,0.028837,0.064842,0.023561,0.04128
SIX2.DE,2025-05-13,-14.9,negative,Q2,0.011848,0.007165,0.004683,0.025499,0.025307,0.000192,-0.005795,0.01039,-0.016185,0.189311,0.023561,0.16575
AOMD.DE,2025-05-14,247.57,positive,Q5,-0.014366,0.003032,-0.017398,-0.037455,0.012812,-0.050267,-0.035403,-0.007569,-0.027833,0.08979,0.013892,0.075897
TNE5.DE,2025-05-14,-389.16,negative,Q1,0.016432,0.003032,0.0134,0.051643,0.012812,0.038832,0.039906,-0.007569,0.047475,0.100939,0.013892,0.087047
CIS.DE,2025-05-14,-32.1,negative,Q2,-0.02409,0.003032,-0.027122,-0.036568,0.012812,-0.04938,-0.045407,-0.007569,-0.037838,0.048873,0.013892,0.034981
MLP.DE,2025-05-14,122.49,positive,Q5,0.018158,0.003032,0.015126,0.020752,0.012812,0.007941,0.051881,-0.007569,0.05945,0.051881,0.013892,0.037988
EOAN.DE,2025-05-14,11.37,positive,Q4,0.007493,0.003032,0.004461,0.057221,0.012812,0.044409,0.055177,-0.007569,0.062746,0.077657,0.013892,0.063764
XGR2.DE,2025-05-14,2.41,positive,Q3,0.017119,0.003032,0.014087,0.03876,0.012812,0.025948,-0.024548,-0.007569,-0.016978,-0.011628,0.013892,-0.02552
BNR.DE,2025-05-14,-19.38,negative,Q2,0.000344,0.003032,-0.002688,-0.016856,0.012812,-0.029668,0.031992,-0.007569,0.039561,-0.046096,0.013892,-0.059988
GBF.DE,2025-05-14,-35.88,negative,Q2,0.008264,0.003032,0.005233,0.059917,0.012812,0.047106,0.035813,-0.007569,0.043382,0.34022,0.013892,0.326328
TUI1.DE,2025-05-14,8.23,positive,Q4,-0.002937,0.003032,-0.005969,0.024963,0.012812,0.012152,-0.069016,-0.007569,-0.061447,0.15859,0.013892,0.144698
WMT.DE,2025-05-14,-3.11,negative,Q3,0.030672,0.003032,0.02764,-0.00199,0.012812,-0.014802,-0.043784,-0.007569,-0.036214,0.040389,0.013892,0.026496
R3NK.DE,2025-05-14,-94.65,negative,Q1,0.07741,0.003032,0.074378,0.26352,0.012812,0.250708,0.291373,-0.007569,0.298942,0.098933,0.013892,0.08504
MRK.DE,2025-05-15,-1.91,negative,Q3,0.003928,0.00705,-0.003121,-0.003928,-0.0058,0.001872,0.000873,-0.002874,0.003747,-0.030554,0.017594,-0.048148
AHLA.DE,2025-05-15,-0.63,negative,Q3,-0.02859,0.00705,-0.035639,-0.051824,-0.0058,-0.046024,-0.088764,-0.002874,-0.08589,-0.025231,0.017594,-0.042825
PSM.DE,2025-05-15,29.03,positive,Q5,-0.005658,0.00705,-0.012707,0.008487,-0.0058,0.014287,-0.004243,-0.002874,-0.001369,0.120226,0.017594,0.102632
SIE.DE,2025-05-15,14.64,positive,Q4,0.008411,0.00705,0.001361,-0.034781,-0.0058,-0.028981,-0.017959,-0.002874,-0.015085,0.046829,0.017594,0.029235
JST.DE,2025-05-15,-26.27,negative,Q2,-0.011091,0.00705,-0.01814,-0.05915,-0.0058,-0.05335,-0.03512,-0.002874,-0.032246,-0.049908,0.017594,-0.067501
NNGF.DE,2025-05-15,1.12,positive,Q3,0.0,0.00705,-0.00705,0.032046,-0.0058,0.037846,0.012325,-0.002874,0.015199,-0.019721,0.017594,-0.037314
ALV.DE,2025-05-15,-0.78,negative,Q3,0.001139,0.00705,-0.005911,-0.011959,-0.0058,-0.006159,-0.020786,-0.002874,-0.017912,0.049829,0.017594,0.032235
DOU.DE,2025-05-15,-50.0,negative,Q1,-0.00339,0.00705,-0.010439,-0.033898,-0.0058,-0.028098,-0.067797,-0.002874,-0.064923,-0.101695,0.017594,-0.119289
DTG.DE,2025-05-15,15.58,positive,Q4,0.009267,0.00705,0.002217,-0.03336,-0.0058,-0.02756,0.034684,-0.002874,0.037558,0.101138,0.017594,0.083545
TKA.DE,2025-05-15,-34.14,negative,Q2,0.004825,0.00705,-0.002224,0.041013,-0.0058,0.046813,0.045838,-0.002874,0.048712,0.173703,0.017594,0.156109
DTE.DE,2025-05-15,8.04,positive,Q4,0.014242,0.00705,0.007193,0.021515,-0.0058,0.027315,-0.053636,-0.002874,-0.050762,-0.079697,0.017594,-0.097291
HDI.DE,2025-05-16,-3.79,negative,Q3,0.00148,0.004225,-0.002745,-0.074579,0.003872,-0.07845,-0.087446,-0.020904,-0.066543,0.033257,0.018488,0.014768
SFQ.DE,2025-05-17,-60.81,negative,Q1,0.003092,0.00359,-0.000498,0.024119,0.007921,0.016198,0.010513,-0.029884,0.040398,-0.03154,0.013446,-0.044986
RY4C.DE,2025-05-19,-3.74,negative,Q3,0.002133,0.00359,-0.001457,0.013225,0.007921,0.005305,-0.011519,-0.029884,0.018365,0.133532,0.013446,0.120086
WIB.DE,2025-05-20,-80.0,negative,Q1,0.001922,-0.005109,0.00703,0.058296,-0.003491,0.061787,-0.012812,-0.044151,0.031338,0.012812,0.007975,0.004838
ANL.DE,2025-05-20,-32.67,negative,Q2,-0.040194,-0.005109,-0.035085,-0.018476,-0.003491,-0.014985,0.010138,-0.044151,0.054289,0.019659,0.007975,0.011685
5CV.DE,2025-05-20,-26.55,negative,Q2,-0.019284,-0.005109,-0.014175,0.07989,-0.003491,0.083381,0.30854,-0.044151,0.352691,0.286501,0.007975,0.278527
DYH.DE,2025-05-20,44.93,positive,Q5,0.011924,-0.005109,0.017032,0.021389,-0.003491,0.02488,0.000983,-0.044151,0.045134,0.10043,0.007975,0.092455
VFP.DE,2025-05-20,-172.37,negative,Q1,-0.067257,-0.005109,-0.062148,0.038053,-0.003491,0.041544,-0.10177,-0.044151,-0.057619,0.002655,0.007975,-0.00532
FNTN.DE,2025-05-21,-27.91,negative,Q2,-0.002039,-0.0154,0.013361,-0.012237,-0.002748,-0.009489,-0.081577,-0.027027,-0.05455,-0.038749,0.017663,-0.056412
ANL.DE,2025-05-22,8.67,positive,Q4,0.018816,0.016846,0.00197,0.021489,0.015569,0.005919,0.082902,-0.015259,0.098161,0.142405,0.027397,0.115008
EJT1.DE,2025-05-22,-1.31,negative,Q3,0.022727,0.016846,0.005881,0.027273,0.015569,0.011703,-0.1,-0.015259,-0.084741,-0.101515,0.027397,-0.128913
2M6.DE,2025-05-22,-48.29,negative,Q1,0.006302,0.016846,-0.010544,0.021341,0.015569,0.005771,0.099255,-0.015259,0.114514,0.143369,0.027397,0.115971
EVD.DE,2025-05-22,-26.86,negative,Q2,-0.006567,0.016846,-0.023413,0.000938,0.015569,-0.014631,-0.035647,-0.015259,-0.020388,-0.068011,0.027397,-0.095409
12DA.DE,2025-05-28,-19.33,negative,Q2,-0.009228,0.002685,-0.011913,0.001927,0.01631,-0.014383,0.070074,0.004178,0.065896,0.137816,0.009177,0.128638
7HP.DE,2025-05-28,-45.16,negative,Q1,-0.021043,0.002685,-0.023728,-0.014181,0.01631,-0.030491,-0.039799,0.004178,-0.043977,0.054895,0.009177,0.045718
KFI1.DE,2025-05-28,-138.54,negative,Q1,-0.076705,0.002685,-0.079389,-0.071023,0.01631,-0.087333,-0.048295,0.004178,-0.052473,-0.125,0.009177,-0.134177
NTA.DE,2025-05-29,1.8,positive,Q3,-0.013193,-0.002784,-0.010409,0.070594,0.012792,0.057801,0.038769,-0.003662,0.04243,0.038884,0.002031,0.036854
CSC.DE,2025-06-02,11.79,positive,Q4,-0.000681,0.007673,-0.008354,-0.010218,-0.004319,-0.005899,-0.101499,-0.012515,-0.088983,-0.07936,-0.007862,-0.071498
VAS.DE,2025-06-02,-167.23,negative,Q1,0.018485,0.007673,0.010812,0.009017,-0.004319,0.013336,0.053652,-0.012515,0.066167,0.275924,-0.007862,0.283786
2HP.DE,2025-06-02,-329.3,negative,Q1,0.013816,0.007673,0.006143,0.038158,-0.004319,0.042477,0.164474,-0.012515,0.176989,0.266447,-0.007862,0.274309
CSC.DE,2025-06-03,-66.33,negative,Q1,-0.009543,0.00194,-0.011483,-0.030675,-0.013494,-0.017181,-0.101909,-0.014102,-0.087807,-0.077369,-0.009851,-0.067518
2HP.DE,2025-06-03,-329.3,negative,Q1,0.0,0.00194,-0.00194,0.019468,-0.013494,0.032962,0.173913,-0.014102,0.188015,0.211551,-0.009851,0.221402
VAS.DE,2025-06-04,-113.36,negative,Q1,-0.030488,-0.000786,-0.029702,-0.034843,-0.022699,-0.012144,-0.005662,-0.022042,0.01638,0.221254,-0.03438,0.255635
1YD.DE,2025-06-05,-34.6,negative,Q2,-0.027522,-0.005355,-0.022167,-0.007987,-0.032432,0.024444,0.073026,-0.009496,0.082522,0.178731,-0.029199,0.20793
JM2.DE,2025-06-10,-405.6,negative,Q1,0.00378,-0.00741,0.01119,-0.003171,-0.026352,0.023181,0.066951,0.021208,0.045743,0.143415,-0.00592,0.149334
IXD1.DE,2025-06-11,0.53,positive,Q3,-0.011406,-0.010736,-0.00067,-0.048476,-0.030039,-0.018437,-0.061198,0.020355,-0.081552,-0.080281,-0.00223,-0.078051
ORC.DE,2025-06-11,-27.59,negative,Q2,0.050673,-0.010736,0.06141,0.041717,-0.030039,0.071756,0.147339,0.020355,0.126985,0.168313,-0.00223,0.170543
PCX.DE,2025-06-24,-31.24,negative,Q2,0.015873,0.006425,0.009448,0.040498,0.012417,0.028081,0.05843,0.033943,0.024487,-0.061261,0.001222,-0.062483
GRM.DE,2025-06-24,-27.47,negative,Q2,-0.020361,0.006425,-0.026786,0.037945,0.012417,0.025528,-0.009024,0.033943,-0.042966,-0.025451,0.001222,-0.026673
FDX.DE,2025-06-24,16.18,positive,Q4,-0.017479,0.006425,-0.023903,0.055,0.012417,0.042583,0.050604,0.033943,0.016662,0.014496,0.001222,0.013274
W8A.DE,2025-06-25,-161.74,negative,Q1,0.002049,0.016234,-0.014185,0.0,0.012044,-0.012044,0.012295,0.024026,-0.011731,None,None,None
GRM.DE,2025-06-25,-27.81,negative,Q2,-0.004487,0.016234,-0.020721,0.047,0.012044,0.034957,0.010864,0.024026,-0.013162,-0.007322,-0.001606,-0.005716
HMSB.DE,2025-06-25,1.38,positive,Q3,-0.008425,0.016234,-0.024658,0.011794,0.012044,-0.000249,0.064869,0.024026,0.040843,0.162595,-0.001606,0.1642
PCX.DE,2025-06-25,0.0,negative,Q3,0.018074,0.016234,0.00184,0.038682,0.012044,0.026639,0.054392,0.024026,0.030366,-0.083953,-0.001606,-0.082347
MTE.DE,2025-06-25,4.26,positive,Q4,-0.002802,0.016234,-0.019036,-0.023162,0.012044,-0.035206,-0.118707,0.024026,-0.142733,0.329878,-0.001606,0.331483
NMM.DE,2025-06-30,59.55,positive,Q5,0.011934,0.004935,0.006999,-0.013956,0.022541,-0.036497,0.105178,0.024877,0.080301,0.464604,0.002796,0.461808
DUE.DE,2025-06-30,-423.72,negative,Q1,0.009195,0.004935,0.004261,0.075862,0.022541,0.053321,0.043678,0.024877,0.018801,-0.075862,0.002796,-0.078658
GXI.DE,2025-07-10,-53.07,negative,Q1,0.011424,-0.003903,0.015327,-0.038352,0.00141,-0.039762,-0.085679,-0.007172,-0.078507,-0.23827,0.014093,-0.252363
CMC.DE,2025-07-15,19.69,positive,Q5,0.024517,0.015059,0.009458,0.033172,0.00964,0.023532,0.035864,0.015332,0.020531,0.10345,0.015767,0.087683
ERCB.DE,2025-07-15,19.88,positive,Q5,0.016181,0.015059,0.001123,0.029126,0.00964,0.019487,0.042071,0.015332,0.026739,0.145631,0.015767,0.129864
NWT.DE,2025-07-15,19.17,positive,Q5,0.031641,0.015059,0.016582,0.055597,0.00964,0.045958,0.019135,0.015332,0.003803,0.025011,0.015767,0.009245
ERCG.DE,2025-07-15,22.92,positive,Q5,0.0,0.015059,-0.015059,0.215094,0.00964,0.205455,0.250943,0.015332,0.235611,0.379245,0.015767,0.363479
TRVC.DE,2025-07-15,28.57,positive,Q5,0.051279,0.015059,0.03622,0.068952,0.00964,0.059312,0.081939,0.015332,0.066606,0.114072,0.015767,0.098305
NFC.DE,2025-07-16,2.0,positive,Q3,-0.04064,-0.003341,-0.037299,-0.088727,-0.003077,-0.08565,-0.028503,-0.000477,-0.028026,-0.033836,-0.005498,-0.028338
185.DE,2025-07-16,95.83,positive,Q5,0.010626,-0.003341,0.013967,0.059032,-0.003077,0.062109,0.045258,-0.000477,0.045735,0.213302,-0.005498,0.2188
DWD.DE,2025-07-16,12.5,positive,Q4,-0.002338,-0.003341,0.001003,0.003339,-0.003077,0.006417,0.036984,-0.000477,0.037462,0.106696,-0.005498,0.112194
ASME.DE,2025-07-16,31.49,positive,Q5,-0.026435,-0.003341,-0.023094,-0.053642,-0.003077,-0.050564,-0.018915,-0.000477,-0.018438,0.304464,-0.005498,0.309962
JNJ.DE,2025-07-16,-14.91,negative,Q2,0.005267,-0.003341,0.008607,0.022942,-0.003077,0.02602,0.068465,-0.000477,0.068943,0.159152,-0.005498,0.16465
NCB.DE,2025-07-16,8.22,positive,Q4,0.009043,-0.003341,0.012384,0.037428,-0.003077,0.040505,0.007787,-0.000477,0.008264,0.084903,-0.005498,0.090401
GOS.DE,2025-07-16,21.37,positive,Q5,-0.010251,-0.003341,-0.00691,0.000987,-0.003077,0.004065,0.021505,-0.000477,0.021982,0.084818,-0.005498,0.090316
ABL.DE,2025-07-17,-19.35,negative,Q2,0.028792,0.000753,0.028039,0.029562,-0.002965,0.032527,0.046991,0.00104,0.045951,0.058065,-0.004452,0.062517
PA9.DE,2025-07-17,80.32,positive,Q5,-0.013572,0.000753,-0.014325,-0.027099,-0.002965,-0.024135,-0.006105,0.00104,-0.007145,0.018096,-0.004452,0.022548
NFC.DE,2025-07-17,2.0,positive,Q3,0.00115,0.000753,0.000397,-0.033736,-0.002965,-0.030771,0.018976,0.00104,0.017936,0.0023,-0.004452,0.006752
MMM.DE,2025-07-18,-33.33,negative,Q2,-0.007549,-0.010939,0.00339,0.019144,-0.013882,0.033026,0.02179,0.004742,0.017048,0.008405,-0.001465,0.00987
AEC1.DE,2025-07-18,6.36,positive,Q4,-0.00914,-0.010939,0.001799,0.021186,-0.013882,0.035068,0.004207,0.004742,-0.000535,0.073081,-0.001465,0.074546
BAC.DE,2025-07-21,0.0,negative,Q3,-0.003345,0.008274,-0.011619,0.018679,0.007299,0.01138,0.062727,0.009778,0.052949,-0.030666,-0.008773,-0.021894
RY4C.DE,2025-07-21,27.88,positive,Q5,0.010301,0.008274,0.002027,0.035847,0.007299,0.028548,0.082406,0.009778,0.072629,0.045735,-0.008773,0.054508
LOM.DE,2025-07-22,-77.58,negative,Q1,0.006984,0.002273,0.00471,0.02433,0.000883,0.023447,0.07634,0.002167,0.074173,0.214456,0.000742,0.213714
4I1.DE,2025-07-22,5.06,positive,Q4,-0.010674,0.002273,-0.012947,0.015578,0.000883,0.014695,0.072191,0.002167,0.070024,-0.024809,0.000742,-0.025551
IBE1.DE,2025-07-22,8.62,positive,Q4,-0.00131,0.002273,-0.003583,0.011788,0.000883,0.010905,0.087099,0.002167,0.084932,0.113949,0.000742,0.113207
CCC3.DE,2025-07-22,5.93,positive,Q4,0.008139,0.002273,0.005865,0.027706,0.000883,0.026823,0.038095,0.002167,0.035929,0.007792,0.000742,0.00705
68V.DE,2025-07-22,27.47,positive,Q5,0.0,0.002273,-0.002273,0.146973,0.000883,0.14609,0.08149,0.002167,0.079324,0.146682,0.000742,0.14594
PAE.DE,2025-07-22,6.42,positive,Q4,0.002691,0.002273,0.000418,-0.002691,0.000883,-0.003574,-0.019773,0.002167,-0.02194,-0.024336,0.000742,-0.025078
8GM.DE,2025-07-22,-16.67,negative,Q2,-0.000475,0.002273,-0.002748,0.082621,0.000883,0.081738,0.150997,0.002167,0.148831,0.1783,0.000742,0.177558
TII.DE,2025-07-22,5.22,positive,Q4,-0.01713,0.002273,-0.019403,0.031595,0.000883,0.030712,0.090407,0.002167,0.088241,-0.032293,0.000742,-0.033035
5UR.DE,2025-07-22,-14.75,negative,Q2,0.018957,0.002273,0.016684,0.059669,0.000883,0.058786,0.048792,0.002167,0.046625,0.069847,0.000742,0.069105
ABEC.DE,2025-07-23,5.95,positive,Q4,0.002906,-0.003228,0.006134,0.02373,-0.009486,0.033216,0.060355,0.002764,0.05759,0.290635,0.001404,0.289231
LCR.DE,2025-07-23,24.97,positive,Q5,0.002112,-0.003228,0.00534,0.062661,-0.009486,0.072147,0.073692,0.002764,0.070927,-0.006806,0.001404,-0.008209
SOBA.DE,2025-07-23,17.66,positive,Q4,0.008511,-0.003228,0.011739,0.012766,-0.009486,0.022252,0.040426,0.002764,0.037661,-0.045106,0.001404,-0.04651
ABEA.DE,2025-07-23,5.95,positive,Q4,0.002922,-0.003228,0.00615,0.02362,-0.009486,0.033105,0.061667,0.002764,0.058903,0.292993,0.001404,0.29159
TM5.DE,2025-07-23,6.17,positive,Q4,-0.007385,-0.003228,-0.004157,0.001439,-0.009486,0.010924,0.066085,0.002764,0.063321,-0.05846,0.001404,-0.059863
IBM.DE,2025-07-23,-12.44,negative,Q2,-0.003632,-0.003228,-0.000404,0.023127,-0.009486,0.032613,-0.049841,0.002764,-0.052606,0.121155,0.001404,0.119751
GDX.DE,2025-07-23,5.65,positive,Q4,-0.00873,-0.003228,-0.005502,0.010222,-0.009486,0.019708,0.012461,0.002764,0.009697,0.092374,0.001404,0.090971
MUM.DE,2025-07-23,-1.09,negative,Q3,-0.021195,-0.003228,-0.017966,-0.011561,-0.009486,-0.002075,-0.011561,0.002764,-0.014325,-0.132948,0.001404,-0.134352
FPMB.DE,2025-07-23,19.05,positive,Q5,-0.002643,-0.003228,0.000585,-0.08036,-0.009486,-0.070874,-0.031721,0.002764,-0.034485,-0.062913,0.001404,-0.064317
CAR.DE,2025-07-23,-3.03,negative,Q3,0.053702,-0.003228,0.05693,0.023596,-0.009486,0.033082,0.06428,0.002764,0.061516,0.090317,0.001404,0.088914
CRIN.DE,2025-07-23,36.71,positive,Q5,0.0,-0.003228,0.003228,0.0555,-0.009486,0.064985,0.130726,0.002764,0.127961,0.029923,0.001404,0.02852
TL0.DE,2025-07-23,-15.69,negative,Q2,0.056809,-0.003228,0.060037,0.065175,-0.009486,0.074661,0.114981,0.002764,0.112216,0.496693,0.001404,0.495289
ALD.DE,2025-07-24,3.29,positive,Q4,0.029406,-0.010205,0.039611,-0.003995,-0.032684,0.028689,0.006073,0.002297,0.003776,-0.102493,-0.002741,-0.099752
DB1.DE,2025-07-24,-49.73,negative,Q1,-0.018838,-0.010205,-0.008633,-0.000785,-0.032684,0.031899,0.011381,0.002297,0.009085,-0.121272,-0.002741,-0.118531
RDEB.DE,2025-07-24,25.23,positive,Q5,-0.0049,-0.010205,0.005305,0.009131,-0.032684,0.041816,-0.084633,0.002297,-0.086929,-0.099777,-0.002741,-0.097037
REP.DE,2025-07-24,-47.53,negative,Q1,0.019985,-0.010205,0.03019,-0.03997,-0.032684,-0.007286,0.03701,0.002297,0.034713,0.094004,-0.002741,0.096745
DBK.DE,2025-07-24,-27.58,negative,Q2,-0.010578,-0.010205,-0.000373,-0.009168,-0.032684,0.023516,0.12165,0.002297,0.119354,0.007757,-0.002741,0.010498
TOTB.DE,2025-07-24,-27.54,negative,Q2,0.020598,-0.010205,0.030803,-0.004357,-0.032684,0.028327,0.054862,0.002297,0.052566,0.051693,-0.002741,0.054434
NOA3.DE,2025-07-24,-69.1,negative,Q1,0.002755,-0.010205,0.01296,-0.049587,-0.032684,-0.016903,0.013774,0.002297,0.011477,0.294766,-0.002741,0.297506
MTX.DE,2025-07-24,156.47,positive,Q5,0.0106,-0.010205,0.020805,0.026499,-0.032684,0.059184,0.065272,0.002297,0.062975,0.056067,-0.002741,0.058808
SGM.DE,2025-07-24,-214.8,negative,Q1,0.028881,-0.010205,0.039086,-0.024819,-0.032684,0.007865,0.057762,0.002297,0.055465,0.149368,-0.002741,0.152109
MOH.DE,2025-07-24,-4.99,negative,Q3,0.001114,-0.010205,0.011319,-0.056998,-0.032684,-0.024314,-0.002559,0.002297,-0.004856,0.267304,-0.002741,0.270044
VOW.DE,2025-07-25,42.16,positive,Q5,-0.012133,0.010305,-0.022438,-0.08089,-0.008872,-0.072018,0.050556,0.007614,0.042942,-0.087462,0.009905,-0.097367
VOW3.DE,2025-07-25,210.17,positive,Q5,-0.012815,0.010305,-0.02312,-0.083506,-0.008872,-0.074633,0.04847,0.007614,0.040856,-0.076478,0.009905,-0.086383
ENI.DE,2025-07-25,-40.24,negative,Q1,0.004211,0.010305,-0.006094,-0.004912,-0.008872,0.00396,0.030175,0.007614,0.022561,0.076491,0.009905,0.066586
8TRA.DE,2025-07-25,-47.22,negative,Q1,0.013963,0.010305,0.003658,-0.025266,-0.008872,-0.016394,0.067819,0.007614,0.060205,-0.12633,0.009905,-0.136235
HFF.DE,2025-07-28,19.92,positive,Q5,0.018581,0.001852,0.016729,0.027824,-0.015332,0.043156,0.064893,-0.007068,0.07196,-0.005322,0.00093,-0.006252
NDX1.DE,2025-07-28,-26.79,negative,Q2,0.001908,0.001852,5.6e-05,0.045802,-0.015332,0.061134,0.015267,-0.007068,0.022335,0.085878,0.00093,0.084948
UWS.DE,2025-07-28,-4.97,negative,Q3,0.000735,0.001852,-0.001117,-0.0248,-0.015332,-0.009468,-0.050679,-0.007068,-0.043611,-0.08984,0.00093,-0.09077
8TI.DE,2025-07-28,-322.02,negative,Q1,-0.043478,0.001852,-0.04533,-0.083333,-0.015332,-0.068001,-0.012077,-0.007068,-0.00501,0.140097,0.00093,0.139167
KGX.DE,2025-07-28,5.87,positive,Q4,0.011494,0.001852,0.009642,0.021073,-0.015332,0.036405,0.076628,-0.007068,0.083696,0.094828,0.00093,0.093898
HNK1.DE,2025-07-28,-0.48,negative,Q3,0.000837,0.001852,-0.001015,-0.059168,-0.015332,-0.043836,-0.034608,-0.007068,-0.02754,-0.039911,0.00093,-0.040841
ZEG.DE,2025-07-29,-27.32,negative,Q2,-0.013109,-0.008109,-0.005,-0.04698,-0.013925,-0.033055,0.037357,-0.009162,0.046519,0.09002,0.001919,0.088101
TMV.DE,2025-07-29,-55.47,negative,Q1,-0.036364,-0.008109,-0.028254,-0.038503,-0.013925,-0.024577,-0.023529,-0.009162,-0.014367,-0.300535,0.001919,-0.302454
LOR.DE,2025-07-29,0.28,positive,Q3,0.001032,-0.008109,0.009141,-0.033406,-0.013925,-0.019481,0.037663,-0.009162,0.046825,-0.031343,0.001919,-0.033262
AIL.DE,2025-07-29,2.47,positive,Q3,-0.008601,-0.008109,-0.000492,-0.015138,-0.013925,-0.001212,0.017317,-0.009162,0.026479,-0.011927,0.001919,-0.013846
2PP.DE,2025-07-29,0.0,negative,Q3,-0.019789,-0.008109,-0.01168,-0.038118,-0.013925,-0.024193,-0.028062,-0.009162,-0.018899,-0.007948,0.001919,-0.009867
WDC.DE,2025-07-29,-47.78,negative,Q1,0.059122,-0.008109,0.067232,-0.030639,-0.013925,-0.016714,0.078368,-0.009162,0.08753,0.676828,0.001919,0.674909
PRG.DE,2025-07-29,3.31,positive,Q4,-0.024104,-0.008109,-0.015995,-0.025896,-0.013925,-0.01197,-0.011269,-0.009162,-0.002106,-0.031194,0.001919,-0.033113
PPX.DE,2025-07-29,5.16,positive,Q4,0.003478,-0.008109,0.011587,-0.028518,-0.013925,-0.014593,0.089961,-0.009162,0.099123,0.520983,0.001919,0.519064
WAF.DE,2025-07-29,133.81,positive,Q5,-0.049303,-0.008109,-0.041193,-0.112052,-0.013925,-0.098126,-0.081175,-0.009162,-0.072013,0.462898,0.001919,0.460979
NFS.DE,2025-07-29,-0.71,negative,Q3,-0.008193,-0.008109,-8.4e-05,0.004842,-0.013925,0.018767,-0.019863,-0.009162,-0.0107,-0.003393,0.001919,-0.005312
639.DE,2025-07-29,-121.47,negative,Q1,-0.000181,-0.008109,0.007928,0.014286,-0.013925,0.028211,0.065461,-0.009162,0.074624,0.020796,0.001919,0.018877
BCY.DE,2025-07-29,17.04,positive,Q4,-0.009281,-0.008109,-0.001171,-0.034803,-0.013925,-0.020877,-0.00464,-0.009162,0.004522,0.053364,0.001919,0.051445
UNH.DE,2025-07-29,-15.87,negative,Q2,-0.018376,-0.008109,-0.010266,-0.060078,-0.013925,-0.046152,0.141162,-0.009162,0.150325,0.392668,0.001919,0.390749
6MK.DE,2025-07-29,-13.29,negative,Q2,-0.030528,-0.008109,-0.022419,-0.04019,-0.013925,-0.026265,-0.013864,-0.009162,-0.004701,0.055875,0.001919,0.053955
SRB.DE,2025-07-29,-24.21,negative,Q2,-0.042147,-0.008109,-0.034037,-0.073511,-0.013925,-0.059586,-0.08025,-0.009162,-0.071088,-0.091277,0.001919,-0.093196
KTF.DE,2025-07-29,-27.11,negative,Q2,-0.007041,-0.008109,0.001068,-0.062313,-0.013925,-0.048388,-0.085196,-0.009162,-0.076034,-0.074635,0.001919,-0.076554
PCE1.DE,2025-07-29,10.09,positive,Q4,-0.009148,-0.008109,-0.001039,-0.040658,-0.013925,-0.026733,-0.012797,-0.009162,-0.003635,-0.08216,0.001919,-0.084079
PHI1.DE,2025-07-29,-6.59,negative,Q3,-0.021601,-0.008109,-0.013492,-0.046167,-0.013925,-0.032242,-0.001694,-0.009162,0.007468,0.052944,0.001919,0.051025
3V64.DE,2025-07-29,-5.37,negative,Q3,-0.011316,-0.008109,-0.003207,-0.057977,-0.013925,-0.044051,-0.029799,-0.009162,-0.020637,-0.028859,0.001919,-0.030778
BCO.DE,2025-07-29,42.08,positive,Q5,-0.016379,-0.008109,-0.008269,-0.017693,-0.013925,-0.003768,0.01835,-0.009162,0.027512,-0.034172,0.001919,-0.036092
RAW.DE,2025-07-29,-143.5,negative,Q1,0.001581,-0.008109,0.00969,-0.020553,-0.013925,-0.006628,0.144664,-0.009162,0.153826,0.185771,0.001919,0.183852
RNL.DE,2025-07-30,104.32,positive,Q5,-0.017705,-0.026573,0.008869,-0.03083,0.005279,-0.036109,0.025031,-0.006784,0.031815,0.044261,0.008858,0.035404
FB2A.DE,2025-07-30,21.44,positive,Q5,-0.042873,-0.026573,-0.0163,-0.031613,0.005279,-0.036892,-0.074194,-0.006784,-0.06741,-0.054968,0.008858,-0.063826
BAS.DE,2025-07-30,-73.78,negative,Q1,-0.032206,-0.026573,-0.005632,0.037071,0.005279,0.031793,0.050973,-0.006784,0.057757,-0.003475,0.008858,-0.012333
SQU.DE,2025-07-30,1.52,positive,Q3,-0.02256,-0.026573,0.004014,0.00987,0.005279,0.004591,-0.04769,-0.006784,-0.040906,-0.026292,0.008858,-0.035149
FMC1.DE,2025-07-30,-102.71,negative,Q1,-0.033934,-0.026573,-0.007361,-0.010604,0.005279,-0.015883,0.055143,-0.006784,0.061927,0.181336,0.008858,0.172479
JDE.DE,2025-07-30,57.4,positive,Q5,-0.038813,-0.026573,-0.012239,-0.015982,0.005279,-0.02126,0.195586,-0.006784,0.20237,0.199391,0.008858,0.190534
HAR.DE,2025-07-30,-7.77,negative,Q3,-0.000928,-0.026573,0.025646,-0.06308,0.005279,-0.068358,0.143321,-0.006784,0.150105,None,None,None
BFSA.DE,2025-07-30,35.0,positive,Q5,-0.021228,-0.026573,0.005345,-0.009098,0.005279,-0.014376,0.040182,-0.006784,0.046966,0.140258,0.008858,0.1314
WDC.DE,2025-07-30,11.9,positive,Q4,-0.042303,-0.026573,-0.015729,-0.073557,0.005279,-0.078836,-0.007123,-0.006784,-0.000339,0.641372,0.008858,0.632515
ADS.DE,2025-07-30,5.1,positive,Q4,-0.00476,-0.026573,0.021813,-0.008926,0.005279,-0.014204,-0.010116,-0.006784,-0.003332,0.097292,0.008858,0.088435
ALS.DE,2025-07-30,82.61,positive,Q5,-0.033542,-0.026573,-0.006969,-0.016489,0.005279,-0.021767,-0.021458,-0.006784,-0.014674,-0.07883,0.008858,-0.087687
MBG.DE,2025-07-30,-35.1,negative,Q2,-0.01996,-0.026573,0.006613,0.018762,0.005279,0.013484,0.06487,-0.006784,0.071654,0.090818,0.008858,0.081961
RIO1.DE,2025-07-30,-11.32,negative,Q2,-0.010176,-0.026573,0.016397,-0.003131,0.005279,-0.00841,0.052055,-0.006784,0.058839,0.207045,0.008858,0.198188
MSF.DE,2025-07-30,8.74,positive,Q4,-0.034132,-0.026573,-0.007558,-0.037641,0.005279,-0.042919,-0.073656,-0.006784,-0.066872,-0.006377,0.008858,-0.015234
VFP.DE,2025-07-30,11.83,positive,Q4,-0.059314,-0.026573,-0.032741,-0.039852,0.005279,-0.04513,None,None,None,None,None,None
DTG.DE,2025-07-30,-53.83,negative,Q1,-0.087088,-0.026573,-0.060515,-0.041326,0.005279,-0.046605,-0.062106,-0.006784,-0.055322,-0.185851,0.008858,-0.194709
TNE5.DE,2025-07-30,-110.06,negative,Q1,0.006637,-0.026573,0.033211,0.022124,0.005279,0.016845,0.011062,-0.006784,0.017846,0.011062,0.008858,0.002204
AIR.DE,2025-07-30,-34.4,negative,Q2,-0.039191,-0.026573,-0.012618,0.007725,0.005279,0.002446,0.017494,-0.006784,0.024278,0.179711,0.008858,0.170854
EBA.DE,2025-07-30,-39.55,negative,Q1,-0.033913,-0.026573,-0.00734,-0.011012,0.005279,-0.016291,-0.030034,-0.006784,-0.02325,0.066325,0.008858,0.057467
P911.DE,2025-07-30,-37.8,negative,Q1,-0.047715,-0.026573,-0.021142,0.012993,0.005279,0.007714,0.015905,-0.006784,0.022689,0.088262,0.008858,0.079404
PHM7.DE,2025-07-30,2.54,positive,Q3,0.006805,-0.026573,0.033379,0.009263,0.005279,0.003984,0.062571,-0.006784,0.069355,0.027032,0.008858,0.018175
HMI.DE,2025-07-30,-1.79,negative,Q3,-0.038943,-0.026573,-0.01237,-0.010199,0.005279,-0.015478,-0.020399,-0.006784,-0.013615,0.022253,0.008858,0.013396
SY1.DE,2025-07-30,-50.26,negative,Q1,-0.016101,-0.026573,0.010473,0.006289,0.005279,0.001011,0.041258,-0.006784,0.048042,-0.035472,0.008858,-0.044329
KIN2.DE,2025-07-30,27.27,positive,Q5,0.00072,-0.026573,0.027293,0.166307,0.005279,0.161028,0.271418,-0.006784,0.278202,0.415407,0.008858,0.406549
F03.DE,2025-07-30,-0.91,negative,Q3,-0.039609,-0.026573,-0.013035,-0.028871,0.005279,-0.03415,-0.026963,-0.006784,-0.020179,0.00859,0.008858,-0.000268
CH1A.DE,2025-07-30,12.13,positive,Q4,-0.014972,-0.026573,0.011601,0.009948,0.005279,0.004669,0.09998,-0.006784,0.106764,0.105305,0.008858,0.096448
IES.DE,2025-07-30,10.99,positive,Q4,-0.056641,-0.026573,-0.030067,-0.009766,0.005279,-0.015044,0.015625,-0.006784,0.022409,0.058594,0.008858,0.049736
AWC.DE,2025-07-30,-2.33,negative,Q3,0.025717,-0.026573,0.052291,0.001654,0.005279,-0.003625,0.00984,-0.006784,0.016624,-0.048127,0.008858,-0.056985
KRN.DE,2025-07-30,-5.96,negative,Q3,-0.032308,-0.026573,-0.005734,-0.004615,0.005279,-0.009894,0.010769,-0.006784,0.017553,-0.018462,0.008858,-0.027319
BSD2.DE,2025-07-30,1.06,positive,Q3,-0.041779,-0.026573,-0.015206,0.033693,0.005279,0.028414,0.084906,-0.006784,0.09169,0.149596,0.008858,0.140738
SHL.DE,2025-07-30,20.78,positive,Q5,-0.018393,-0.026573,0.00818,-0.02389,0.005279,-0.029169,0.000211,-0.006784,0.006995,0.032981,0.008858,0.024123
BSN.DE,2025-07-30,-11.54,negative,Q2,0.009185,-0.026573,0.035758,-0.00501,0.005279,-0.010288,-0.009463,-0.006784,-0.002679,0.086836,0.008858,0.077978
HBC1.DE,2025-07-30,-19.24,negative,Q2,-0.013283,-0.026573,0.013291,0.012334,0.005279,0.007055,0.036053,-0.006784,0.042837,0.13093,0.008858,0.122072
QCI.DE,2025-07-30,-10.43,negative,Q2,-0.022687,-0.026573,0.003886,-0.046377,0.005279,-0.051656,0.045991,-0.006784,0.052775,0.198009,0.008858,0.189152
AUS.DE,2025-07-31,-181.95,negative,Q1,0.087006,0.01416,0.072845,0.172316,0.031456,0.14086,0.100565,0.026098,0.074467,None,None,None
CTP2.DE,2025-07-31,153.29,positive,Q5,0.000357,0.01416,-0.013804,-0.03495,0.031456,-0.066406,0.026748,0.026098,0.00065,-0.115193,0.029806,-0.144999
KBX.DE,2025-07-31,-9.87,negative,Q2,-0.001766,0.01416,-0.015926,0.086521,0.031456,0.055065,0.056504,0.026098,0.030406,-0.048264,0.029806,-0.07807
GOB.DE,2025-07-31,0.0,negative,Q3,0.006963,0.01416,-0.007198,0.06114,0.031456,0.029684,-0.004352,0.026098,-0.030449,-0.039817,0.029806,-0.069623
ANL.DE,2025-07-31,-47.31,negative,Q1,0.005299,0.01416,-0.008862,0.007922,0.031456,-0.023535,0.116882,0.026098,0.090784,0.068094,0.029806,0.038287
AMZ.DE,2025-07-31,26.55,positive,Q5,-0.016495,0.01416,-0.030656,0.021958,0.031456,-0.009498,0.044344,0.026098,0.018247,0.062232,0.029806,0.032426
RRU.DE,2025-07-31,63.33,positive,Q5,0.02441,0.01416,0.01025,0.017087,0.031456,-0.014369,0.046379,0.026098,0.020282,0.072417,0.029806,0.04261
PEO.DE,2025-07-31,6.16,positive,Q4,0.009213,0.01416,-0.004947,0.005265,0.031456,-0.026192,-0.025796,0.026098,-0.051894,0.061332,0.029806,0.031526
F3A.DE,2025-07-31,19.47,positive,Q5,-0.007822,0.01416,-0.021983,-0.008816,0.031456,-0.040272,0.033648,0.026098,0.00755,0.290973,0.029806,0.261167
1QZ.DE,2025-07-31,312.26,positive,Q5,0.002538,0.01416,-0.011622,-0.054025,0.031456,-0.085481,-0.053481,0.026098,-0.079578,0.094634,0.029806,0.064828
INP.DE,2025-07-31,-63.76,negative,Q1,0.0,0.01416,-0.01416,-0.000992,0.031456,-0.032448,0.030762,0.026098,0.004664,-0.014388,0.029806,-0.044195
BMT.DE,2025-07-31,24.08,positive,Q5,0.014813,0.01416,0.000653,0.031559,0.031456,0.000102,0.01374,0.026098,-0.012358,-0.042508,0.029806,-0.072314
AZ2.DE,2025-07-31,-7.96,negative,Q3,0.017312,0.01416,0.003152,0.02803,0.031456,-0.003426,-0.009068,0.026098,-0.035166,0.022259,0.029806,-0.007547
KLA.DE,2025-07-31,9.64,positive,Q4,0.0017,0.01416,-0.01246,0.022838,0.031456,-0.008618,-0.008237,0.026098,-0.034334,0.415163,0.029806,0.385357
BMW3.DE,2025-07-31,-12.5,negative,Q2,0.008519,0.01416,-0.005641,0.056356,0.031456,0.0249,0.081258,0.026098,0.055161,-0.009174,0.029806,-0.038981
XY6.DE,2025-07-31,-19.28,negative,Q2,0.022193,0.01416,0.008033,0.0099,0.031456,-0.021556,-0.021038,0.026098,-0.047135,0.077716,0.029806,0.04791
PSM.DE,2025-07-31,219.48,positive,Q5,0.001252,0.01416,-0.012909,-0.011264,0.031456,-0.04272,0.026283,0.026098,0.000185,-0.319149,0.029806,-0.348955
SND.DE,2025-07-31,-18.75,negative,Q2,0.025977,0.01416,0.011817,0.038615,0.031456,0.007158,-0.016382,0.026098,-0.042479,0.204774,0.029806,0.174968
UNVB.DE,2025-07-31,-4.7,negative,Q3,-0.005076,0.01416,-0.019236,0.00039,0.031456,-0.031066,0.042952,0.026098,0.016854,0.017571,0.029806,-0.012235
2FE.DE,2025-07-31,0.0,negative,Q3,-0.0029,0.01416,-0.01706,0.003691,0.031456,-0.027765,0.079357,0.026098,0.053259,-0.112839,0.029806,-0.142646
PUM.DE,2025-07-31,-131.83,negative,Q1,-0.027322,0.01416,-0.041483,-0.010929,0.031456,-0.042385,0.145355,0.026098,0.119258,0.125683,0.029806,0.095877
IC2.DE,2025-07-31,2.67,positive,Q3,0.022001,0.01416,0.007841,0.008573,0.031456,-0.022883,-0.048352,0.026098,-0.074449,-0.182374,0.029806,-0.21218
OMV.DE,2025-07-31,-35.57,negative,Q2,-0.005418,0.01416,-0.019578,0.038375,0.031456,0.006919,0.065463,0.026098,0.039365,0.070429,0.029806,0.040623
BMW.DE,2025-07-31,-13.17,negative,Q2,0.005847,0.01416,-0.008314,0.065043,0.031456,0.033587,0.102558,0.026098,0.07646,0.0,0.029806,-0.029806
4AB.DE,2025-07-31,-81.56,negative,Q1,0.005921,0.01416,-0.008239,0.007118,0.031456,-0.024338,0.058197,0.026098,0.0321,0.162749,0.029806,0.132943
INN1.DE,2025-07-31,4.64,positive,Q4,0.012455,0.01416,-0.001706,0.064349,0.031456,0.032893,0.064349,0.026098,0.038251,0.087182,0.029806,0.057376
HEI.DE,2025-07-31,27.01,positive,Q5,0.022343,0.01416,0.008183,0.097948,0.031456,0.066491,0.052221,0.026098,0.026124,0.060535,0.029806,0.030729
CVS.DE,2025-07-31,-44.68,negative,Q1,0.004713,0.01416,-0.009448,0.036569,0.031456,0.005113,0.170971,0.026098,0.144873,0.324788,0.029806,0.294982
LHA.DE,2025-07-31,116.22,positive,Q5,0.009589,0.01416,-0.004571,0.10137,0.031456,0.069914,0.086301,0.026098,0.060204,-0.049315,0.029806,-0.079121
KEL.DE,2025-07-31,-13.33,negative,Q2,-0.000294,0.01416,-0.014454,-0.006017,0.031456,-0.037473,-0.009246,0.026098,-0.035343,0.043146,0.029806,0.01334
1COV.DE,2025-07-31,-117.98,negative,Q1,-0.000662,0.01416,-0.014822,-0.000992,0.031456,-0.032449,-0.010255,0.026098,-0.036352,-0.023487,0.029806,-0.053293
HAG.DE,2025-07-31,-153.95,negative,Q1,0.021822,0.01416,0.007662,-0.069831,0.031456,-0.101287,0.00982,0.026098,-0.016278,0.022368,0.029806,-0.007439
ELG.DE,2025-07-31,24.81,positive,Q5,0.005721,0.01416,-0.00844,0.006865,0.031456,-0.024591,-0.078947,0.026098,-0.105045,-0.052632,0.029806,-0.082438
CGN.DE,2025-07-31,0.66,positive,Q3,0.018179,0.01416,0.004018,0.05561,0.031456,0.024154,0.134683,0.026098,0.108585,0.152234,0.029806,0.122428
NEM.DE,2025-07-31,-9.56,negative,Q2,0.005376,0.01416,-0.008784,0.057604,0.031456,0.026148,-0.096006,0.026098,-0.122104,-0.225038,0.029806,-0.254845
FPE3.DE,2025-07-31,-12.65,negative,Q2,0.006477,0.01416,-0.007683,0.018934,0.031456,-0.012522,0.020428,0.026098,-0.005669,-0.03986,0.029806,-0.069667
FPE.DE,2025-07-31,-12.65,negative,Q2,-0.009724,0.01416,-0.023885,0.014587,0.031456,-0.016869,0.030794,0.026098,0.004697,-0.025932,0.029806,-0.055738
ENL.DE,2025-07-31,-17.84,negative,Q2,0.022135,0.01416,0.007975,0.013021,0.031456,-0.018435,0.023438,0.026098,-0.00266,0.134115,0.029806,0.104308
BOY.DE,2025-07-31,16.17,positive,Q4,0.03125,0.01416,0.01709,0.112216,0.031456,0.08076,0.087358,0.026098,0.06126,0.230824,0.029806,0.201018
BRM.DE,2025-07-31,-41.14,negative,Q1,0.020392,0.01416,0.006231,0.033807,0.031456,0.002351,0.069761,0.026098,0.043664,-0.009391,0.029806,-0.039197
AIXA.DE,2025-07-31,18.58,positive,Q5,-0.027027,0.01416,-0.041187,-0.05544,0.031456,-0.086896,-0.139986,0.026098,-0.166084,-0.115038,0.029806,-0.144844
AXA.DE,2025-08-01,2.53,positive,Q3,0.014246,0.00372,0.010526,0.04024,0.013623,0.026617,-0.019745,-0.01138,-0.008365,-0.017246,0.015204,-0.032449
CPA.DE,2025-08-01,1.84,positive,Q3,-0.002515,0.00372,-0.006235,0.010478,0.013623,-0.003145,0.002794,-0.01138,0.014174,-0.076139,0.015204,-0.091342
CHV.DE,2025-08-01,-16.33,negative,Q2,0.003526,0.00372,-0.000195,0.018098,0.013623,0.004475,0.067769,-0.01138,0.079149,0.038154,0.015204,0.022951
EVK.DE,2025-08-01,-18.42,negative,Q2,0.015873,0.00372,0.012153,0.026862,0.013623,0.013239,-0.007937,-0.01138,0.003443,-0.100733,0.015204,-0.115936
XONA.DE,2025-08-01,36.09,positive,Q5,-0.013333,0.00372,-0.017053,-0.028076,0.013623,-0.041699,0.053225,-0.01138,0.064605,0.08,0.015204,0.064797
KMY.DE,2025-08-01,-7.8,negative,Q3,-0.003509,0.00372,-0.007229,0.004913,0.013623,-0.00871,-0.044043,-0.01138,-0.032663,-0.085103,0.015204,-0.100306
NVJP.DE,2025-08-01,-15.15,negative,Q2,0.056138,0.00372,0.052418,0.046407,0.013623,0.032784,-0.013473,-0.01138,-0.002093,0.252994,0.015204,0.237791
IFX.DE,2025-08-04,8.61,positive,Q4,-0.027762,0.003283,-0.031045,0.041926,0.007494,0.034432,-0.107082,-0.010537,-0.096545,-0.027762,0.004706,-0.032468
MLB1.DE,2025-08-04,-13.52,negative,Q2,-0.038748,0.003283,-0.042032,-0.027678,0.007494,-0.035172,-0.030806,-0.010537,-0.020269,-0.022383,0.004706,-0.027089
STM.DE,2025-08-04,-9.09,negative,Q3,-0.010753,0.003283,-0.014036,0.012903,0.007494,0.005409,0.023656,-0.010537,0.034193,-0.064516,0.004706,-0.069223
WMB.DE,2025-08-04,-4.24,negative,Q3,-0.012096,0.003283,-0.015379,-0.031529,0.007494,-0.039023,-0.028356,-0.010537,-0.017819,-0.002974,0.004706,-0.007681
RAA.DE,2025-08-04,19.78,positive,Q5,-0.073615,0.003283,-0.076898,-0.056122,0.007494,-0.063617,-0.082362,-0.010537,-0.071824,-0.073615,0.004706,-0.078322
NDA.DE,2025-08-05,37.69,positive,Q5,0.036836,0.011208,0.025629,0.038462,0.010919,0.027543,0.050379,-0.006438,0.056817,0.213434,0.008696,0.204738
RWL.DE,2025-08-05,-2.2,negative,Q3,0.009222,0.011208,-0.001986,0.055365,0.010919,0.044446,0.041962,-0.006438,0.0484,0.126385,0.008696,0.117689
CON.DE,2025-08-05,34.21,positive,Q5,0.015512,0.011208,0.004305,0.024377,0.010919,0.013458,-0.235734,-0.006438,-0.229296,-0.076177,0.008696,-0.084873
ADM.DE,2025-08-05,-44.63,negative,Q1,-0.012503,0.011208,-0.02371,0.007788,0.010919,-0.003131,0.079729,-0.006438,0.086168,0.065587,0.008696,0.056891
C7C1.F,2025-08-05,151.51,positive,Q5,-0.101942,0.011208,-0.11315,-0.082524,0.010919,-0.093443,0.058252,-0.006438,0.064691,0.504854,0.008696,0.496158
6D81.DE,2025-08-05,-68.4,negative,Q1,-0.020984,0.011208,-0.032191,0.012787,0.010919,0.001868,0.060656,-0.006438,0.067094,None,None,None
AMG.DE,2025-08-05,-49.78,negative,Q1,-0.005117,0.011208,-0.016325,0.006573,0.010919,-0.004346,0.002039,-0.006438,0.008477,0.052421,0.008696,0.043725
ZOE.DE,2025-08-05,-0.72,negative,Q3,0.010917,0.011208,-0.000291,0.031875,0.010919,0.020956,0.042075,-0.006438,0.048513,-0.014264,0.008696,-0.02296
GUI.DE,2025-08-05,-58.61,negative,Q1,0.026244,0.011208,0.015037,0.039819,0.010919,0.0289,0.035294,-0.006438,0.041732,-0.081448,0.008696,-0.090144
BPE5.DE,2025-08-05,-31.61,negative,Q2,-0.006237,0.011208,-0.017445,-0.018711,0.010919,-0.02963,0.010395,-0.006438,0.016833,0.045738,0.008696,0.037042
AMD.DE,2025-08-05,12.35,positive,Q4,0.07838,0.011208,0.067173,0.123355,0.010919,0.112436,-0.005929,-0.006438,0.000509,0.609183,0.008696,0.600487
BOSS.DE,2025-08-05,-23.22,negative,Q2,0.0,0.011208,-0.011208,0.016585,0.010919,0.005666,0.030488,-0.006438,0.036926,-0.075854,0.008696,-0.08455
FRA.DE,2025-08-05,-52.0,negative,Q1,0.052039,0.011208,0.040832,0.07384,0.010919,0.062921,0.006329,-0.006438,0.012767,0.062588,0.008696,0.053892
QIA.DE,2025-08-05,-27.52,negative,Q2,-0.015805,0.011208,-0.027012,0.008621,0.010919,-0.002298,-0.036877,-0.006438,-0.030439,-0.054837,0.008696,-0.063533
PFE.DE,2025-08-05,-12.4,negative,Q2,0.004433,0.011208,-0.006774,0.035961,0.010919,0.025042,0.02266,-0.006438,0.029098,0.026601,0.008696,0.017905
ZAL.DE,2025-08-05,12.09,positive,Q4,0.003913,0.011208,-0.007295,0.023913,0.010919,0.012994,0.062609,-0.006438,0.069047,0.020435,0.008696,0.011739
CAT1.DE,2025-08-05,-5.53,negative,Q3,-0.036531,0.011208,-0.047739,-0.047361,0.010919,-0.05828,-0.032487,-0.006438,-0.026049,0.347537,0.008696,0.338841
FME.DE,2025-08-05,3.85,positive,Q4,0.009872,0.011208,-0.001336,0.049852,0.010919,0.038933,0.029368,-0.006438,0.035806,0.127098,0.008696,0.118402
1SI.DE,2025-08-05,-1.49,negative,Q3,0.004573,0.011208,-0.006635,-0.045732,0.010919,-0.056651,-0.044207,-0.006438,-0.037769,0.025915,0.008696,0.017218
DHL.DE,2025-08-05,15.42,positive,Q4,0.036036,0.011208,0.024828,0.073102,0.010919,0.062183,0.005405,-0.006438,0.011844,0.023166,0.008696,0.01447
BEI.DE,2025-08-05,-6.25,negative,Q3,0.03125,0.011208,0.020042,0.035861,0.010919,0.024942,0.01332,-0.006438,0.019758,-0.0625,0.008696,-0.071196
ASG.DE,2025-08-06,95.86,positive,Q5,-0.007151,-0.001225,-0.005926,0.017878,0.007647,0.010231,-0.010131,-0.024616,0.014485,-0.020262,-0.010061,-0.010202
RWL.DE,2025-08-06,5.29,positive,Q4,0.005631,-0.001225,0.006856,0.045368,0.007647,0.037721,0.021852,-0.024616,0.046467,0.104795,-0.010061,0.114856
SHA0.DE,2025-08-06,-172.12,negative,Q1,0.023207,-0.001225,0.024432,0.07384,0.007647,0.066193,0.177215,-0.024616,0.201831,0.440928,-0.010061,0.450989
MDO.DE,2025-08-06,0.0,negative,Q3,-0.007028,-0.001225,-0.005803,-0.006452,0.007647,-0.014099,0.028882,-0.024616,0.053498,-0.008142,-0.010061,0.001918
KTN.DE,2025-08-06,211.43,positive,Q5,-0.004622,-0.001225,-0.003397,-0.024653,0.007647,-0.0323,-0.071649,-0.024616,-0.047033,-0.184129,-0.010061,-0.174069
HCL.DE,2025-08-06,58.83,positive,Q5,0.07084,-0.001225,0.072065,0.075783,0.007647,0.068136,0.252059,-0.024616,0.276675,0.7743,-0.010061,0.78436
NOV.DE,2025-08-06,0.76,positive,Q3,0.045191,-0.001225,0.046416,0.046158,0.007647,0.038511,0.140406,-0.024616,0.165022,0.022475,-0.010061,0.032535
WDP.DE,2025-08-06,102.44,positive,Q5,-0.005148,-0.001225,-0.003923,0.02265,0.007647,0.015003,0.034078,-0.024616,0.058694,-0.001544,-0.010061,0.008516
1U1.DE,2025-08-06,13.64,positive,Q4,-0.001081,-0.001225,0.000144,0.011892,0.007647,0.004245,0.072432,-0.024616,0.097048,0.162162,-0.010061,0.172223
NRA.DE,2025-08-06,-2.72,negative,Q3,-0.006765,-0.001225,-0.00554,0.003801,0.007647,-0.003846,-0.046595,-0.024616,-0.021979,0.10938,-0.010061,0.11944
BAYN.DE,2025-08-06,36.56,positive,Q5,0.013796,-0.001225,0.015021,0.049665,0.007647,0.042018,0.109972,-0.024616,0.134588,0.054789,-0.010061,0.06485
ENR.DE,2025-08-06,62.79,positive,Q5,-0.003115,-0.001225,-0.00189,0.015784,0.007647,0.008137,-0.09055,-0.024616,-0.065934,0.137072,-0.010061,0.147132
SMHN.DE,2025-08-06,24.81,positive,Q5,-0.00323,-0.001225,-0.002005,-0.082041,0.007647,-0.089688,-0.174419,-0.024616,-0.149803,-0.124677,-0.010061,-0.114616
AHOG.DE,2025-08-06,-7.09,negative,Q3,0.00434,-0.001225,0.005565,0.002315,0.007647,-0.005332,0.007523,-0.024616,0.032139,0.029225,-0.010061,0.039285
CBK.DE,2025-08-06,25.73,positive,Q5,0.034503,-0.001225,0.035729,0.125713,0.007647,0.118066,-0.022502,-0.024616,0.002114,-0.023102,-0.010061,-0.013042
UT8.DE,2025-08-06,1.31,positive,Q3,-0.011978,-0.001225,-0.010752,0.001019,0.007647,-0.006628,-0.01631,-0.024616,0.008306,0.026758,-0.010061,0.036819
FNTN.DE,2025-08-06,-15.6,negative,Q2,0.012509,-0.001225,0.013734,0.038263,0.007647,0.030616,0.037528,-0.024616,0.062143,-0.022075,-0.010061,-0.012014
LY0.DE,2025-08-06,-61.99,negative,Q1,-0.033898,-0.001225,-0.032673,0.014528,0.007647,0.006881,0.158999,-0.024616,0.183615,0.403551,-0.010061,0.413612
LEG.DE,2025-08-06,88.97,positive,Q5,-0.004149,-0.001225,-0.002924,0.029046,0.007647,0.021399,-0.026279,-0.024616,-0.001664,-0.109959,-0.010061,-0.099898
VNA.DE,2025-08-06,-17.37,negative,Q2,-0.000352,-0.001225,0.000873,0.012689,0.007647,0.005042,-0.056398,-0.024616,-0.031782,-0.098343,-0.010061,-0.088283
DEZ.DE,2025-08-06,60.37,positive,Q5,0.097041,-0.001225,0.098267,0.062722,0.007647,0.055075,0.131361,-0.024616,0.155977,-0.013018,-0.010061,-0.002957
VAS.DE,2025-08-06,-79.72,negative,Q1,0.042768,-0.001225,0.043993,0.045101,0.007647,0.037454,0.111975,-0.024616,0.136591,0.178072,-0.010061,0.188132
FRE.DE,2025-08-06,13.71,positive,Q4,0.034532,-0.001225,0.035757,0.08964,0.007647,0.081993,0.107379,-0.024616,0.131995,0.147588,-0.010061,0.157648
ALV.DE,2025-08-07,14.07,positive,Q4,-0.003014,-0.003374,0.00036,0.034247,0.00813,0.026117,-0.033699,-0.014722,-0.018976,-0.023836,-0.004682,-0.019154
MRK.DE,2025-08-07,-5.56,negative,Q3,-0.000925,-0.003374,0.002449,0.03654,0.00813,0.02841,0.026364,-0.014722,0.041087,0.022202,-0.004682,0.026883
UTDI.DE,2025-08-07,-19.08,negative,Q2,-0.00306,-0.003374,0.000313,-0.03596,0.00813,-0.04409,0.036725,-0.014722,0.051448,0.032135,-0.004682,0.036816
LEN.DE,2025-08-07,-54.85,negative,Q1,-0.04417,-0.003374,-0.040796,-0.05477,0.00813,-0.0629,-0.042403,-0.014722,-0.027681,None,None,None
G1A.DE,2025-08-07,-17.88,negative,Q2,0.001511,-0.003374,0.004884,-0.028701,0.00813,-0.036831,-0.021903,-0.014722,-0.007181,-0.075529,-0.004682,-0.070847
G24.DE,2025-08-07,-38.64,negative,Q1,0.00085,-0.003374,0.004223,-0.037383,0.00813,-0.045513,-0.055225,-0.014722,-0.040503,-0.154206,-0.004682,-0.149524
AFX.DE,2025-08-07,-52.27,negative,Q1,-0.026022,-0.003374,-0.022649,0.024628,0.00813,0.016498,-0.039963,-0.014722,-0.025241,-0.005576,-0.004682,-0.000895
HEN3.DE,2025-08-07,100.76,positive,Q5,0.001146,-0.003374,0.00452,0.024928,0.00813,0.016799,0.079943,-0.014722,0.094665,0.018338,-0.004682,0.02302
UN0.DE,2025-08-07,6.19,positive,Q4,0.021398,-0.003374,0.024772,0.077033,0.00813,0.068903,0.014265,-0.014722,0.028988,-0.171184,-0.004682,-0.166502
LLY.DE,2025-08-07,13.05,positive,Q4,0.033204,-0.003374,0.036577,0.091722,0.00813,0.083592,0.13887,-0.014722,0.153593,0.521667,-0.004682,0.526348
LEG.DE,2025-08-07,88.97,positive,Q5,0.010417,-0.003374,0.01379,0.01875,0.00813,0.01062,-0.024306,-0.014722,-0.009583,-0.111111,-0.004682,-0.10643
SII.DE,2025-08-07,10.5,positive,Q4,-0.037208,-0.003374,-0.033834,-0.073494,0.00813,-0.081624,0.037208,-0.014722,0.05193,-0.031563,-0.004682,-0.026882
YCP.DE,2025-08-07,15.65,positive,Q4,0.006726,-0.003374,0.0101,0.019162,0.00813,0.011033,-0.021954,-0.014722,-0.007232,-0.031472,-0.004682,-0.026791
HEN.DE,2025-08-07,2.16,positive,Q3,0.000782,-0.003374,0.004156,0.025822,0.00813,0.017692,0.06964,-0.014722,0.084362,0.022692,-0.004682,0.027373
RHM.DE,2025-08-07,-21.99,negative,Q2,-0.046282,-0.003374,-0.042908,0.000309,0.00813,-0.007821,0.105214,-0.014722,0.119937,0.053379,-0.004682,0.05806
GIS.DE,2025-08-07,-19.88,negative,Q2,-0.007247,-0.003374,-0.003873,-0.019489,0.00813,-0.027619,-0.038684,-0.014722,-0.023962,0.045735,-0.004682,0.050417
SFQ.DE,2025-08-07,-31.43,negative,Q2,-0.034356,-0.003374,-0.030982,-0.039264,0.00813,-0.047394,-0.044172,-0.014722,-0.02945,-0.155828,-0.004682,-0.151147
SIE.DE,2025-08-07,10.3,positive,Q4,-0.018718,-0.003374,-0.015344,0.00796,0.00813,-0.000169,-0.00753,-0.014722,0.007192,0.054217,-0.004682,0.058898
DTE.DE,2025-08-07,5.1,positive,Q4,0.015593,-0.003374,0.018967,0.045424,0.00813,0.037294,0.032203,-0.014722,0.046926,-0.097966,-0.004682,-0.093285
IOS.DE,2025-08-07,1.75,positive,Q3,0.007335,-0.003374,0.010709,-0.041565,0.00813,-0.049695,-0.089242,-0.014722,-0.07452,-0.279951,-0.004682,-0.27527
ALV.DE,2025-08-08,14.07,positive,Q4,-0.000275,-0.002349,0.002074,0.026381,0.009693,0.016687,-0.029129,-0.015069,-0.01406,-0.029129,-0.014423,-0.014706
JUN3.DE,2025-08-08,-19.37,negative,Q2,0.000605,-0.002349,0.002953,-0.019347,0.009693,-0.02904,-0.070738,-0.015069,-0.055668,-0.119105,-0.014423,-0.104682
MUV2.DE,2025-08-08,19.99,positive,Q5,-0.026102,-0.002349,-0.023754,-0.016931,0.009693,-0.026625,-0.064903,-0.015069,-0.049834,-0.049735,-0.014423,-0.035313
O3P.DE,2025-08-08,-9.8,negative,Q2,0.0,-0.002349,0.002349,-0.001727,0.009693,-0.011421,0.010363,-0.015069,0.025432,0.051813,-0.014423,0.066236
NB2.DE,2025-08-11,-366.19,negative,Q1,-0.012596,0.006694,-0.019289,-0.000548,0.016578,-0.017126,0.015334,-0.016309,0.031643,-0.355422,-0.018931,-0.33649
SZG.DE,2025-08-11,-48.54,negative,Q1,-0.038786,0.006694,-0.045479,-0.065767,0.016578,-0.082346,-0.062395,-0.016309,-0.046085,0.179595,-0.018931,0.198527
HLAG.DE,2025-08-12,87.1,positive,Q5,-0.084147,0.007935,-0.092082,-0.096168,0.003778,-0.099947,-0.107438,-0.019927,-0.087511,-0.118708,-0.009328,-0.10938
HNR1.DE,2025-08-12,5.14,positive,Q4,-0.008547,0.007935,-0.016482,-0.010101,0.003778,-0.013879,-0.062937,-0.019927,-0.04301,0.0,-0.009328,0.009328
SIX3.DE,2025-08-12,-2.34,negative,Q3,0.016556,0.007935,0.008621,0.014901,0.003778,0.011122,-0.028146,-0.019927,-0.008219,-0.120861,-0.009328,-0.111533
COK.DE,2025-08-12,-122.42,negative,Q1,0.013363,0.007935,0.005428,0.002227,0.003778,-0.001551,0.042316,-0.019927,0.062243,0.048998,-0.009328,0.058326
SIX2.DE,2025-08-12,-2.34,negative,Q3,0.038106,0.007935,0.030171,0.004619,0.003778,0.000841,-0.018476,-0.019927,0.001451,-0.14261,-0.009328,-0.133282
CIS.DE,2025-08-12,-35.75,negative,Q2,-0.015477,0.007935,-0.023412,-0.051256,0.003778,-0.055035,-0.034282,-0.019927,-0.014355,0.028457,-0.009328,0.037785
JEN.DE,2025-08-13,-35.96,negative,Q2,-0.014388,-0.000747,-0.013642,-0.02933,-0.003452,-0.025878,-0.104593,-0.027868,-0.076725,0.02933,-0.011873,0.041204
R3NK.DE,2025-08-13,7.97,positive,Q4,-0.001473,-0.000747,-0.000727,-0.057129,-0.003452,-0.053676,0.155508,-0.027868,0.183376,0.045343,-0.011873,0.057216
HFG.DE,2025-08-13,-84.38,negative,Q1,-0.051913,-0.000747,-0.051166,0.110656,-0.003452,0.114108,0.038251,-0.027868,0.066119,-0.206284,-0.011873,-0.194411
WIB.DE,2025-08-13,31.08,positive,Q5,0.000631,-0.000747,0.001378,0.001262,-0.003452,0.004714,-0.095899,-0.027868,-0.068031,-0.181703,-0.011873,-0.16983
EOAN.DE,2025-08-13,-5.66,negative,Q3,-0.012508,-0.000747,-0.011761,-0.026892,-0.003452,-0.023439,-0.028768,-0.027868,-0.0009,0.003127,-0.011873,0.015
EVT.DE,2025-08-13,-93.27,negative,Q1,-0.023041,-0.000747,-0.022295,-0.059908,-0.003452,-0.056455,-0.105991,-0.027868,-0.078123,-0.215054,-0.011873,-0.203181
TUI1.DE,2025-08-13,-80.22,negative,Q1,0.023128,-0.000747,0.023874,-0.019824,-0.003452,-0.016371,-0.111233,-0.027868,-0.083366,-0.198238,-0.011873,-0.186365
PAH3.DE,2025-08-13,92.12,positive,Q5,0.00301,-0.000747,0.003756,0.022161,-0.003452,0.025614,-0.007661,-0.027868,0.020207,-0.002189,-0.011873,0.009684
VWSB.DE,2025-08-13,-40.86,negative,Q1,0.025132,-0.000747,0.025879,0.191799,-0.003452,0.195251,0.017196,-0.027868,0.045064,0.406746,-0.011873,0.418619
NCH2.DE,2025-08-13,-128.74,negative,Q1,-0.003289,-0.000747,-0.002543,-0.010965,-0.003452,-0.007513,0.073465,-0.027868,0.101333,-0.067982,-0.011873,-0.056109
CIS.DE,2025-08-13,-35.75,negative,Q2,-0.038201,-0.000747,-0.037455,-0.031609,-0.003452,-0.028157,-0.049865,-0.027868,-0.021997,0.039554,-0.011873,0.051427
BNR.DE,2025-08-13,-71.79,negative,Q1,0.00664,-0.000747,0.007386,-0.004795,-0.003452,-0.001343,-0.067503,-0.027868,-0.039635,-0.131317,-0.011873,-0.119444
TKA.DE,2025-08-14,-319.87,negative,Q1,0.036188,-0.001828,0.038016,0.060314,0.000156,0.060158,0.322075,-0.02506,0.347135,0.124246,0.00091,0.123336
JST.DE,2025-08-14,-68.79,negative,Q1,-0.003876,-0.001828,-0.002048,0.025194,0.000156,0.025038,-0.054264,-0.02506,-0.029204,-0.052326,0.00091,-0.053235
MLP.DE,2025-08-14,-87.09,negative,Q1,-0.033069,-0.001828,-0.031241,-0.030423,0.000156,-0.030579,-0.058201,-0.02506,-0.033141,-0.154762,0.00091,-0.155672
FMV.DE,2025-08-14,351.19,positive,Q5,-0.052767,-0.001828,-0.050939,-0.005148,0.000156,-0.005304,0.163449,-0.02506,0.188509,0.401544,0.00091,0.400635
1N8.DE,2025-08-14,-3.24,negative,Q3,0.026082,-0.001828,0.02791,0.053454,0.000156,0.053298,-0.032101,-0.02506,-0.007041,0.045858,0.00091,0.044949
GBF.DE,2025-08-14,-11.81,negative,Q2,0.021219,-0.001828,0.023047,-0.008705,0.000156,-0.008861,0.038085,-0.02506,0.063145,-0.011425,0.00091,-0.012335
RWE.DE,2025-08-14,71.48,positive,Q5,0.010336,-0.001828,0.012164,0.025553,0.000156,0.025397,0.037611,-0.02506,0.062671,0.345392,0.00091,0.344482
DOU.DE,2025-08-14,-82.78,negative,Q1,0.0,-0.001828,0.001828,0.051724,0.000156,0.051569,0.041379,-0.02506,0.066439,0.093103,0.00091,0.092194
5CV.DE,2025-08-15,-45.48,negative,Q1,0.0,0.004454,-0.004454,-0.004283,-0.001713,-0.00257,-0.03212,-0.040532,0.008412,-0.017131,-0.011234,-0.005897
2M6.DE,2025-08-18,-35.37,negative,Q2,0.072407,-0.005982,0.078389,0.053332,-0.011063,0.064395,0.05763,-0.043561,0.101191,0.105723,-0.022377,0.1281
2M6.DE,2025-08-19,-35.37,negative,Q2,-0.009896,0.000674,-0.01057,-0.016535,-0.009505,-0.00703,-0.002881,-0.024815,0.021934,0.046348,-0.028276,0.074624
CBHD.DE,2025-08-19,-32.1,negative,Q2,-0.003542,0.000674,-0.004216,-0.03046,-0.009505,-0.020955,-0.060449,-0.024815,-0.035633,-0.119126,-0.028276,-0.090851
HDI.DE,2025-08-19,-4.36,negative,Q3,-0.007353,0.000674,-0.008027,0.015407,-0.009505,0.024912,0.034315,-0.024815,0.05913,-0.096437,-0.028276,-0.068161
ANL.DE,2025-08-20,5.26,positive,Q4,0.009838,0.002871,0.006966,0.019675,-0.010432,0.030107,-0.015298,-0.026918,0.01162,-0.061615,-0.045807,-0.015807
DYH.DE,2025-08-20,-0.56,negative,Q3,0.027724,0.002871,0.024853,-0.004722,-0.010432,0.00571,-0.098547,-0.026918,-0.071629,-0.068039,-0.045807,-0.022232
EVD.DE,2025-08-21,-41.57,negative,Q1,0.016626,-0.003693,0.020318,-0.014163,-0.018917,0.004755,0.014163,-0.034316,0.048478,-0.017857,-0.049262,0.031405
WMT.DE,2025-08-21,17.91,positive,Q4,-0.014553,-0.003693,-0.01086,-0.018013,-0.018917,0.000905,0.044018,-0.034316,0.078334,0.031015,-0.049262,0.080277
SRT.DE,2025-08-22,-6.11,negative,Q3,0.0,-0.004954,0.004954,0.043641,-0.009714,0.053355,0.064838,-0.027264,0.092102,0.094763,-0.040962,0.135725
TCO0.DE,2025-08-23,-0.12,negative,Q3,-0.01002,-0.004416,-0.005604,-0.028056,-0.027555,-0.000501,-0.016032,-0.020124,0.004092,0.042084,-0.043929,0.086013
7HP.DE,2025-08-27,5.82,positive,Q4,0.008853,-0.005728,0.014582,0.029511,-0.011214,0.040725,-0.04511,-0.012498,-0.032612,-0.096121,-0.023931,-0.072191
NTA.DE,2025-08-27,0.74,positive,Q3,-0.043817,-0.005728,-0.038088,0.011079,-0.011214,0.022293,0.019263,-0.012498,0.031761,-0.007087,-0.023931,0.016844
JM2.DE,2025-08-27,-121.08,negative,Q1,0.034662,-0.005728,0.040391,0.055039,-0.011214,0.066253,0.023477,-0.012498,0.035975,-0.037652,-0.023931,-0.013722
AT1.DE,2025-08-27,39.67,positive,Q5,-0.002941,-0.005728,0.002787,-0.047059,-0.011214,-0.035845,-0.061765,-0.012498,-0.049267,-0.061765,-0.023931,-0.037834
PER.DE,2025-08-27,-6.49,negative,Q3,-0.033129,-0.005728,-0.0274,-0.04499,-0.011214,-0.033776,-0.167996,-0.012498,-0.155498,-0.189366,-0.023931,-0.165435
12DA.DE,2025-08-28,-17.41,negative,Q2,-0.012387,0.005653,-0.01804,0.007527,-0.01277,0.020297,0.080991,-0.006575,0.087566,0.105288,-0.007363,0.112651
AUD.DE,2025-08-28,-41.4,negative,Q1,-0.004076,0.005653,-0.009729,0.03279,-0.01277,0.04556,0.017414,-0.006575,0.023989,-0.033901,-0.007363,-0.026539
PER.DE,2025-08-28,-6.49,negative,Q3,0.009095,0.005653,0.003442,-0.009201,-0.01277,0.003569,-0.140863,-0.006575,-0.134288,-0.191201,-0.007363,-0.183838
AHLA.DE,2025-08-29,19.64,positive,Q5,-0.013445,-0.022881,0.009436,0.0,-0.009577,0.009577,0.280672,-0.006515,0.287188,0.121008,-0.011206,0.132215
2HP.DE,2025-09-02,-49.27,negative,Q1,0.05347,0.007439,0.046031,0.062725,0.001617,0.061108,0.07455,0.035082,0.039468,-0.033419,-0.000227,-0.033192
AUD.DE,2025-09-02,-41.4,negative,Q1,0.009385,0.007439,0.001946,0.018771,0.001617,0.017154,0.006625,0.035082,-0.028457,-0.033493,-0.000227,-0.033266
CSC.DE,2025-09-03,-14.79,negative,Q2,0.030969,-0.007293,0.038261,0.021966,-0.002805,0.024771,-0.019085,0.025598,-0.044683,-0.07166,-0.002502,-0.069158
DT3.DE,2025-09-03,88.0,positive,Q5,0.004056,-0.007293,0.011348,-0.021553,-0.002805,-0.018748,-0.114253,0.025598,-0.13985,0.086095,-0.002502,0.088597
2HP.DE,2025-09-03,-49.27,negative,Q1,-0.045876,-0.007293,-0.038583,0.025866,-0.002805,0.028671,0.030259,0.025598,0.004661,-0.076135,-0.002502,-0.073633
1YD.DE,2025-09-03,-49.66,negative,Q1,0.094703,-0.007293,0.101995,0.187875,-0.002805,0.19068,0.112259,0.025598,0.086661,0.260088,-0.002502,0.26259
CIE1.DE,2025-09-04,-35.24,negative,Q2,0.020921,0.008906,0.012016,0.122511,0.004287,0.118223,0.32066,0.033111,0.287549,0.671193,0.004099,0.667094
1YD.DE,2025-09-04,-49.66,negative,Q1,0.034345,0.008906,0.02544,0.074106,0.004287,0.069819,0.009748,0.033111,-0.023363,0.1385,0.004099,0.1344
RSO.DE,2025-09-09,0.75,positive,Q3,0.00579,0.002992,0.002799,-0.029264,-0.011584,-0.01768,0.012989,0.041396,-0.028407,0.194914,0.017478,0.177436
ORC.DE,2025-09-09,-32.36,negative,Q2,-0.065097,0.002992,-0.068088,-0.134015,-0.011584,-0.122431,-0.113739,0.041396,-0.155134,-0.349031,0.017478,-0.366509
IXD1.DE,2025-09-10,-3.56,negative,Q3,-0.011752,-0.000232,-0.01152,-0.011534,-0.001228,-0.010306,0.00827,0.022689,-0.014419,0.181719,0.019364,0.162355
GRM.DE,2025-09-16,171.04,positive,Q5,0.0283,0.0135,0.0148,0.045377,0.01317,0.032207,0.004635,0.039086,-0.03445,-0.027324,0.03855,-0.065873
GRM.DE,2025-09-17,171.04,positive,Q5,0.011862,-0.001483,0.013346,-0.006168,-0.005901,-0.000268,-0.015896,0.006609,-0.022504,-0.048161,0.017936,-0.066097
CSC.DE,2025-09-18,-14.79,negative,Q2,-0.01384,-0.004753,-0.009087,-0.040099,0.004233,-0.044332,-0.05181,0.026202,-0.078011,-0.130944,0.013587,-0.144531
MTE.DE,2025-09-23,-0.82,negative,Q3,-0.029156,-0.005577,-0.023579,0.081636,0.018879,0.062756,0.26384,0.022858,0.240982,0.671946,0.026077,0.645869
KFI1.DE,2025-09-23,1.27,positive,Q3,-0.003012,-0.005577,0.002565,0.057229,0.018879,0.03835,0.078313,0.022858,0.055455,0.072289,0.026077,0.046212
CIT.DE,2025-09-24,0.98,positive,Q3,0.007771,0.008695,-0.000924,0.001392,0.03772,-0.036328,-0.047727,0.029958,-0.077685,-0.063442,0.03329,-0.096733
VBK.DE,2025-09-25,-377.62,negative,Q1,-0.024658,0.000235,-0.024893,0.071233,0.026931,0.044302,0.427397,0.023982,0.403416,0.818265,0.025765,0.7925
WDC.DE,2025-09-29,94.07,positive,Q5,0.094542,0.009753,0.084789,0.013941,0.021149,-0.007209,0.202238,0.010196,0.192042,0.576281,0.02758,0.548702
PCX.DE,2025-09-30,-12.04,negative,Q2,-0.00353,0.012812,-0.016342,0.029482,0.020051,0.009431,-0.041981,0.000219,-0.042199,-0.107814,0.031313,-0.139127
TCO0.DE,2025-10-02,8.52,positive,Q4,0.009804,-2.1e-05,0.009825,-0.009804,-0.005634,-0.00417,0.019608,-0.010107,0.029715,0.019608,0.030496,-0.010888
ERCB.DE,2025-10-14,29.74,positive,Q5,0.0,0.003756,-0.003756,-0.004866,-0.001251,-0.003616,0.046229,-0.005779,0.052008,-0.018248,0.032161,-0.050409
NWT.DE,2025-10-14,12.12,positive,Q4,-0.014504,0.003756,-0.01826,-0.036933,-0.001251,-0.035682,-0.012087,-0.005779,-0.006308,0.017593,0.032161,-0.014567
TRVC.DE,2025-10-14,17.01,positive,Q4,-0.021311,0.003756,-0.025067,-0.031616,-0.001251,-0.030365,0.034192,-0.005779,0.039971,0.168384,0.032161,0.136223
CMC.DE,2025-10-14,6.54,positive,Q4,-0.009752,0.003756,-0.013508,-0.052701,-0.001251,-0.05145,0.013128,-0.005779,0.018908,-0.002251,0.032161,-0.034411
DWD.DE,2025-10-15,37.99,positive,Q5,-0.031436,-0.018177,-0.013259,-0.026352,-0.002653,-0.023698,0.009667,-0.0163,0.025967,0.12739,0.017754,0.109636
ASME.DE,2025-10-15,0.55,positive,Q3,-0.002844,-0.018177,0.015334,0.012082,-0.002653,0.014736,-0.00257,-0.0163,0.013731,0.304174,0.017754,0.28642
NCB.DE,2025-10-15,15.41,positive,Q4,-0.015467,-0.018177,0.00271,-0.006949,-0.002653,-0.004296,0.010312,-0.0163,0.026612,0.010984,0.017754,-0.00677
SRT.DE,2025-10-15,1.87,positive,Q3,-0.008574,-0.018177,0.009603,0.027867,-0.002653,0.03052,-0.028939,-0.0163,-0.012639,0.051447,0.017754,0.033693
UB5.DE,2025-10-16,14.7,positive,Q4,0.019792,0.017952,0.00184,0.058615,0.017158,0.041456,0.012941,-0.010091,0.023032,0.197666,0.030632,0.167034
PA9.DE,2025-10-16,30.09,positive,Q5,0.004848,0.017952,-0.013104,0.023358,0.017158,0.0062,0.082415,-0.010091,0.092506,0.029528,0.030632,-0.001104
5UR.DE,2025-10-21,0.83,positive,Q3,0.02076,0.002346,0.018414,0.005306,-0.001115,0.006421,-0.000265,-0.036118,0.035852,0.088148,0.032377,0.05577
HAL.DE,2025-10-21,-95.79,negative,Q1,0.028748,0.002346,0.026402,0.031402,-0.001115,0.032517,0.011057,-0.036118,0.047175,0.272004,0.032377,0.239626
4I1.DE,2025-10-21,7.3,positive,Q4,0.012436,0.002346,0.01009,-0.050794,-0.001115,-0.049679,0.012286,-0.036118,0.048404,0.103236,0.032377,0.070859
CCC3.DE,2025-10-21,10.09,positive,Q4,-0.020772,0.002346,-0.023118,-0.048904,-0.001115,-0.04779,0.000818,-0.036118,0.036935,0.004743,0.032377,-0.027634
8GM.DE,2025-10-21,-40.51,negative,Q1,0.000863,0.002346,-0.001483,0.030047,-0.001115,0.031161,0.029874,-0.036118,0.065992,0.156277,0.032377,0.1239
MMM.DE,2025-10-21,-25.99,negative,Q2,0.019298,0.002346,0.016952,-0.007872,-0.001115,-0.006758,0.009196,-0.036118,0.045314,-0.059217,0.032377,-0.091594
TII.DE,2025-10-21,0.0,negative,Q3,0.001777,0.002346,-0.000569,-0.049836,-0.001115,-0.048721,-0.064944,-0.036118,-0.028826,0.118061,0.032377,0.085684
NFC.DE,2025-10-21,-15.75,negative,Q2,-0.012574,0.002346,-0.01492,-0.018082,-0.001115,-0.016967,-0.023381,-0.036118,0.012736,-0.248155,0.032377,-0.280533
LOM.DE,2025-10-21,9.01,positive,Q4,0.013864,0.002346,0.011518,0.001181,-0.001115,0.002296,-0.028115,-0.036118,0.008003,0.177151,0.032377,0.144774
PAE.DE,2025-10-21,-2.45,negative,Q3,-0.004789,0.002346,-0.007135,-0.016003,-0.001115,-0.014888,-0.010863,-0.036118,0.025254,0.199509,0.032377,0.167132
MUM.DE,2025-10-21,2.71,positive,Q3,0.007026,0.002346,0.00468,-0.032787,-0.001115,-0.031672,-0.04918,-0.036118,-0.013063,0.045667,0.032377,0.01329
IBM.DE,2025-10-22,-24.52,negative,Q2,0.08623,0.001326,0.084904,0.112592,-0.003672,0.116264,0.075368,-0.046098,0.121465,0.024148,0.028365,-0.004217
LCR.DE,2025-10-22,-0.76,negative,Q3,0.107738,0.001326,0.106412,0.141292,-0.003672,0.144964,0.253823,-0.046098,0.299921,0.152933,0.028365,0.124568
LAR0.DE,2025-10-22,19.23,positive,Q5,0.092296,0.001326,0.09097,0.160664,-0.003672,0.164336,0.016175,-0.046098,0.062272,0.663999,0.028365,0.635634
BCY.DE,2025-10-22,20.62,positive,Q5,0.002252,0.001326,0.000926,0.042793,-0.003672,0.046465,0.011261,-0.046098,0.057359,0.272523,0.028365,0.244158
WB2.DE,2025-10-22,2.06,positive,Q3,0.000295,0.001326,-0.001031,0.034129,-0.003672,0.037801,0.027409,-0.046098,0.073507,0.137342,0.028365,0.108977
SWN.DE,2025-10-22,366.55,positive,Q5,0.006937,0.001326,0.005611,-0.044177,-0.003672,-0.040504,0.038335,-0.046098,0.084433,0.258123,0.028365,0.229759
2KD.DE,2025-10-22,-3.41,negative,Q3,-0.020926,0.001326,-0.022252,-0.00089,-0.003672,0.002782,0.041852,-0.046098,0.08795,0.084595,0.028365,0.05623
SOBA.DE,2025-10-22,142.52,positive,Q5,0.004225,0.001326,0.002899,0.006103,-0.003672,0.009776,0.064789,-0.046098,0.110886,-0.09108,0.028365,-0.119445
TL0.DE,2025-10-22,-30.1,negative,Q2,0.016653,0.001326,0.015327,0.032501,-0.003672,0.036173,-0.085012,-0.046098,-0.038915,-0.026054,0.028365,-0.054419
ALD.DE,2025-10-23,8.65,positive,Q4,-0.003215,0.002842,-0.006057,-0.006947,-0.011617,0.00467,-0.064531,-0.041284,-0.023247,0.062694,0.024047,0.038647
NMM.DE,2025-10-23,15.45,positive,Q4,-0.088014,0.002842,-0.090856,-0.052891,-0.011617,-0.041274,0.02583,-0.041284,0.067114,0.489408,0.024047,0.465361
68V.DE,2025-10-23,-0.19,negative,Q3,-0.009668,0.002842,-0.01251,0.03768,-0.011617,0.049297,0.059742,-0.041284,0.101026,0.17526,0.024047,0.151213
TM5.DE,2025-10-23,0.49,positive,Q3,0.01969,0.002842,0.016848,-0.019527,-0.011617,-0.00791,-0.035322,-0.041284,0.005961,-0.154325,0.024047,-0.178372
FMC1.DE,2025-10-23,71.14,positive,Q5,-0.030069,0.002842,-0.032911,-0.037801,-0.011617,-0.026184,-0.036082,-0.041284,0.005201,-0.002577,0.024047,-0.026624
UNP.DE,2025-10-23,0.78,positive,Q3,0.001817,0.002842,-0.001025,0.013252,-0.011617,0.024869,0.029497,-0.041284,0.07078,0.039008,0.024047,0.014961
2OY.DE,2025-10-23,78.77,positive,Q5,0.057239,0.002842,0.054397,-0.018759,-0.011617,-0.007142,-0.085137,-0.041284,-0.043853,0.106301,0.024047,0.082254
NFS.DE,2025-10-23,-0.74,negative,Q3,0.0,0.002842,-0.002842,0.016525,-0.011617,0.028142,0.021425,-0.041284,0.062709,-0.007848,0.024047,-0.031895
FPMB.DE,2025-10-23,11.09,positive,Q4,-0.012914,0.002842,-0.015756,0.017967,-0.011617,0.029584,-0.006176,-0.041284,0.035107,0.480348,0.024047,0.456301
NOA3.DE,2025-10-23,20.0,positive,Q5,0.028355,0.002842,0.025513,0.115312,-0.011617,0.126929,-0.018904,-0.041284,0.02238,0.060491,0.024047,0.036444
SGM.DE,2025-10-23,14.34,positive,Q4,0.010218,0.002842,0.007376,-0.010218,-0.011617,0.001399,-0.112401,-0.041284,-0.071118,0.158848,0.024047,0.134801
PRG.DE,2025-10-24,2.47,positive,Q3,0.008627,-0.00124,0.009868,-0.007241,-0.007255,1.5e-05,-0.011863,-0.034726,0.022864,-0.033123,2.8e-05,-0.033151
P911.DE,2025-10-24,-365.49,negative,Q1,0.000412,-0.00124,0.001652,-0.056837,-0.007255,-0.049582,-0.100082,-0.034726,-0.065356,-0.149918,2.8e-05,-0.149946
GDX.DE,2025-10-24,5.4,positive,Q4,-0.003326,-0.00124,-0.002086,-0.014968,-0.007255,-0.007712,-0.018626,-0.034726,0.0161,-0.018793,2.8e-05,-0.018821
ENI.DE,2025-10-24,-21.27,negative,Q2,-0.003189,-0.00124,-0.001948,0.000638,-0.007255,0.007893,0.0,-0.034726,0.034726,0.109694,2.8e-05,0.109666
HFF.DE,2025-10-27,22.73,positive,Q5,0.0,-0.00636,0.00636,0.057107,-0.013572,0.07068,0.133346,-0.022753,0.156099,0.080926,0.010716,0.07021
ERT.DE,2025-10-27,-58.18,negative,Q1,-0.000116,-0.00636,0.006244,0.014088,-0.013572,0.02766,0.012458,-0.022753,0.035211,None,None,None
VNX.DE,2025-10-27,-20.3,negative,Q2,-0.030055,-0.00636,-0.023694,-0.02459,-0.013572,-0.011018,-0.084699,-0.022753,-0.061947,0.040984,0.010716,0.030267
UWS.DE,2025-10-27,-25.73,negative,Q2,-0.034304,-0.00636,-0.027943,-0.025728,-0.013572,-0.012155,0.053995,-0.022753,0.076748,0.04288,0.010716,0.032163
LHA.DE,2025-10-27,15.31,positive,Q4,0.001443,-0.00636,0.007803,0.121212,-0.013572,0.134785,0.181818,-0.022753,0.204571,0.255411,0.010716,0.244695
KTF.DE,2025-10-28,-19.95,negative,Q2,0.016895,-0.000221,0.017115,-0.027152,-0.003087,-0.024065,-0.002816,-0.014767,0.011952,0.0,0.02791,-0.02791
2PP.DE,2025-10-28,6.86,positive,Q4,-0.02386,-0.000221,-0.02364,-0.046086,-0.003087,-0.042999,-0.125347,-0.014767,-0.11058,-0.267364,0.02791,-0.295274
VOW.DE,2025-10-28,-1.8,negative,Q3,-0.018767,-0.000221,-0.018546,0.019839,-0.003087,0.022926,0.055228,-0.014767,0.069995,0.10563,0.02791,0.07772
IBE1.DE,2025-10-28,29.09,positive,Q5,-0.000567,-0.000221,-0.000346,-0.002833,-0.003087,0.000254,0.027195,-0.014767,0.041963,0.072521,0.02791,0.044611
ERT.DE,2025-10-28,-58.18,negative,Q1,0.007452,-0.000221,0.007673,0.017117,-0.003087,0.020204,0.012401,-0.014767,0.027168,None,None,None
WAF.DE,2025-10-28,26.06,positive,Q5,-0.025997,-0.000221,-0.025776,-0.142461,-0.003087,-0.139374,-0.158752,-0.014767,-0.143985,-0.09792,0.02791,-0.12583
UNH.DE,2025-10-28,-7.56,negative,Q3,-0.030534,-0.000221,-0.030314,-0.079097,-0.003087,-0.07601,-0.074549,-0.014767,-0.059782,-0.203508,0.02791,-0.231418
UPAB.DE,2025-10-28,20.0,positive,Q5,-0.022647,-0.000221,-0.022427,-0.035243,-0.003087,-0.032156,-0.00327,-0.014767,0.011497,0.134916,0.02791,0.107006
KLA.DE,2025-10-28,-1.63,negative,Q3,-0.025283,-0.000221,-0.025063,-0.016548,-0.003087,-0.013461,-0.073326,-0.014767,-0.058558,0.114505,0.02791,0.086595
4PN.DE,2025-10-28,-10.98,negative,Q2,-0.030514,-0.000221,-0.030294,-0.067056,-0.003087,-0.063969,-0.122622,-0.014767,-0.107855,-0.041062,0.02791,-0.068972
PCE1.DE,2025-10-28,3.81,positive,Q4,0.00608,-0.000221,0.0063,-0.033326,-0.003087,-0.030239,-0.046611,-0.014767,-0.031844,-0.025445,0.02791,-0.053355
HBC1.DE,2025-10-28,-9.98,negative,Q2,0.001657,-0.000221,0.001878,0.018227,-0.003087,0.021314,0.010771,-0.014767,0.025538,0.249379,0.02791,0.221468
3V64.DE,2025-10-28,-20.95,negative,Q2,0.022255,-0.000221,0.022475,-0.000341,-0.003087,0.002746,-0.023073,-0.014767,-0.008305,-0.044305,0.02791,-0.072215
XY6.DE,2025-10-28,-24.38,negative,Q2,0.007272,-0.000221,0.007493,-0.004593,-0.003087,-0.001506,-0.069892,-0.014767,-0.055125,-0.094389,0.02791,-0.122299
BAC.DE,2025-10-29,-1.19,negative,Q3,0.015317,-0.006658,0.021975,0.014433,-0.015957,0.03039,0.039764,-0.011696,0.051461,0.139912,0.027443,0.112468
R66.DE,2025-10-29,-84.7,negative,Q1,-0.031484,-0.006658,-0.024825,-0.015368,-0.015957,0.000589,-0.013291,-0.011696,-0.001595,0.019605,0.027443,-0.007839
ABEC.DE,2025-10-29,26.94,positive,Q5,-0.012787,-0.006658,-0.006128,-0.001421,-0.015957,0.014536,0.112848,-0.011696,0.124544,0.182464,0.027443,0.155021
BSD2.DE,2025-10-29,-13.77,negative,Q2,0.009143,-0.006658,0.015801,0.020571,-0.015957,0.036529,0.054857,-0.011696,0.066553,0.266286,0.027443,0.238842
FB2A.DE,2025-10-29,-84.31,negative,Q1,-0.036054,-0.006658,-0.029396,-0.084184,-0.015957,-0.068226,-0.054762,-0.011696,-0.043066,0.005442,0.027443,-0.022001
BFSA.DE,2025-10-29,31.15,positive,Q5,-0.017123,-0.006658,-0.010465,-0.057534,-0.015957,-0.041577,-0.058904,-0.011696,-0.047208,0.060274,0.027443,0.032831
ADS.DE,2025-10-29,-3.32,negative,Q3,-0.021798,-0.006658,-0.015139,-0.048373,-0.015957,-0.032415,-0.042102,-0.011696,-0.030406,-0.110182,0.027443,-0.137625
AEP.DE,2025-10-29,-14.94,negative,Q2,-0.004681,-0.006658,0.001977,-0.01414,-0.015957,0.001818,0.017484,-0.011696,0.02918,-0.033152,0.027443,-0.060595
MBG.DE,2025-10-29,-7.46,negative,Q3,-0.003899,-0.006658,0.00276,0.031189,-0.015957,0.047146,0.030657,-0.011696,0.042354,0.037214,0.027443,0.009771
OMV.DE,2025-10-29,15.28,positive,Q4,-0.01133,-0.006658,-0.004672,-0.013428,-0.015957,0.002529,-0.004196,-0.011696,0.0075,0.060638,0.027443,0.033195
MSF.DE,2025-10-29,1.28,positive,Q3,-0.01275,-0.006658,-0.006092,-0.052081,-0.015957,-0.036124,-0.065955,-0.011696,-0.054258,-0.229355,0.027443,-0.256798
FIV.DE,2025-10-29,-44.44,negative,Q1,0.021785,-0.006658,0.028444,-0.054375,-0.015957,-0.038418,-0.059688,-0.011696,-0.047992,-0.129118,0.027443,-0.156561
WCH.DE,2025-10-29,-244.43,negative,Q1,-0.004364,-0.006658,0.002295,-0.021818,-0.015957,-0.005861,-0.035636,-0.011696,-0.02394,0.004364,0.027443,-0.02308
RPL.DE,2025-10-29,-85.61,negative,Q1,0.012132,-0.006658,0.01879,0.005633,-0.015957,0.02159,0.024697,-0.011696,0.036393,0.024697,0.027443,-0.002747
BCO.DE,2025-10-29,-36.91,negative,Q2,-0.011135,-0.006658,-0.004477,-0.034314,-0.015957,-0.018357,-0.070787,-0.011696,-0.059091,0.115782,0.027443,0.088339
BAS.DE,2025-10-29,34.85,positive,Q5,-0.005346,-0.006658,0.001312,-0.002789,-0.015957,0.013168,0.043701,-0.011696,0.055397,0.101813,0.027443,0.07437
C9F.DE,2025-10-29,0.0,negative,Q3,-0.037063,-0.006658,-0.030405,-0.075874,-0.015957,-0.059917,0.045804,-0.011696,0.0575,0.123077,0.027443,0.095634
SRB.DE,2025-10-29,-79.02,negative,Q1,-0.044025,-0.006658,-0.037367,-0.032267,-0.015957,-0.01631,0.026661,-0.011696,0.038357,0.079027,0.027443,0.051583
ABEA.DE,2025-10-29,26.94,positive,Q5,-0.012002,-0.006658,-0.005343,-0.001424,-0.015957,0.014533,0.115948,-0.011696,0.127644,0.181245,0.027443,0.153802
CVS.DE,2025-10-29,-330.55,negative,Q1,-0.008776,-0.006658,-0.002118,0.019039,-0.015957,0.034996,0.028559,-0.011696,0.040255,-0.037929,0.027443,-0.065373
KLA.DE,2025-10-29,2.18,positive,Q3,-0.00172,-0.006658,0.004939,-0.013739,-0.015957,0.002219,-0.039066,-0.011696,-0.02737,0.106536,0.027443,0.079093
ADP.DE,2025-10-29,2.4,positive,Q3,-0.002859,-0.006658,0.003799,-0.040906,-0.015957,-0.024949,-0.02903,-0.011696,-0.017334,-0.065758,0.027443,-0.093201
AIR.DE,2025-10-29,-12.42,negative,Q2,0.003763,-0.006658,0.010421,-0.01905,-0.015957,-0.003093,-0.037394,-0.011696,-0.025698,-0.105456,0.027443,-0.132899
COZ.DE,2025-10-29,-56.72,negative,Q1,0.017595,-0.006658,0.024253,0.014851,-0.015957,0.030808,0.078128,-0.011696,0.089824,0.018079,0.027443,-0.009364
EBA.DE,2025-10-29,1.75,positive,Q3,-0.046436,-0.006658,-0.039778,-0.05845,-0.015957,-0.042493,-0.035367,-0.011696,-0.023671,0.063985,0.027443,0.036542
DBK.DE,2025-10-29,17.85,positive,Q4,-0.006744,-0.006658,-8.5e-05,0.00578,-0.015957,0.021738,-0.01702,-0.011696,-0.005324,0.084778,0.027443,0.057335
PUM.DE,2025-10-29,74.41,positive,Q5,-0.019169,-0.006658,-0.012511,-0.13951,-0.015957,-0.123553,0.0623,-0.011696,0.073997,0.2082,0.027443,0.180757
RDC.DE,2025-10-29,33.75,positive,Q5,-0.010446,-0.006658,-0.003787,-0.139972,-0.015957,-0.124015,-0.08844,-0.011696,-0.076744,-0.166435,0.027443,-0.193878
KHNZ.DE,2025-10-29,-11.04,negative,Q2,0.009039,-0.006658,0.015697,-0.026166,-0.015957,-0.010208,0.043292,-0.011696,0.054988,-0.037583,0.027443,-0.065026
8TRA.DE,2025-10-29,-18.59,negative,Q2,-0.002151,-0.006658,0.004508,-0.007168,-0.015957,0.008789,0.05233,-0.011696,0.064026,0.259498,0.027443,0.232055
3E2.DE,2025-10-29,15.51,positive,Q4,-0.002051,-0.006658,0.004607,-0.082603,-0.015957,-0.066646,-0.126235,-0.011696,-0.114539,-0.160544,0.027443,-0.187988
CH1A.DE,2025-10-29,3.6,positive,Q4,-0.007407,-0.006658,-0.000749,-0.048148,-0.015957,-0.032191,0.010815,-0.011696,0.022511,0.259259,0.027443,0.231816
F03.DE,2025-10-29,-71.0,negative,Q1,-0.01602,-0.006658,-0.009362,-0.000677,-0.015957,0.01528,0.038809,-0.011696,0.050505,0.035199,0.027443,0.007755
AWC.DE,2025-10-29,3.75,positive,Q4,-0.000455,-0.006658,0.006203,0.031133,-0.015957,0.047091,0.020938,-0.011696,0.032634,-0.027128,0.027443,-0.054571
MLB1.DE,2025-10-29,-8.75,negative,Q3,-0.027299,-0.006658,-0.020641,-0.113027,-0.015957,-0.09707,-0.143199,-0.011696,-0.131503,-0.152395,0.027443,-0.179838
4PG.DE,2025-10-29,10.83,positive,Q4,0.003761,-0.006658,0.010419,-0.012035,-0.015957,0.003923,-0.039238,-0.011696,-0.027542,-0.076094,0.027443,-0.103537
KBX.DE,2025-10-29,6.87,positive,Q4,-0.001239,-0.006658,0.005419,-0.006815,-0.015957,0.009142,0.13259,-0.011696,0.144286,0.262701,0.027443,0.235258
CAT1.DE,2025-10-29,7.51,positive,Q4,-0.009901,-0.006658,-0.003243,-0.028713,-0.015957,-0.012756,-0.014851,-0.011696,-0.003155,0.180198,0.027443,0.152755
ETY.DE,2025-10-29,11.48,positive,Q4,0.006064,-0.006658,0.012723,0.0,-0.015957,0.015957,0.018799,-0.011696,0.030495,-0.011886,0.027443,-0.039329
AIXA.DE,2025-10-30,-64.81,negative,Q1,0.15634,0.007267,0.149073,0.188761,-0.016209,0.20497,0.238473,-0.015396,0.253869,0.444524,0.026911,0.417614
A4S.DE,2025-10-30,-4.44,negative,Q3,-0.001506,0.007267,-0.008773,0.014755,-0.016209,0.030964,0.003497,-0.015396,0.018893,0.177724,0.026911,0.150814
GIS.DE,2025-10-30,14.29,positive,Q4,0.009496,0.007267,0.002229,0.010271,-0.016209,0.02648,0.04031,-0.015396,0.055706,0.197481,0.026911,0.17057
KEL.DE,2025-10-30,2.3,positive,Q3,0.001397,0.007267,-0.00587,-0.001397,-0.016209,0.014812,-0.000838,-0.015396,0.014557,None,None,None
WDC.DE,2025-10-30,65.93,positive,Q5,0.063082,0.007267,0.055815,0.085237,-0.016209,0.101446,0.080468,-0.015396,0.095864,0.807831,0.026911,0.78092
48Z.DE,2025-10-30,4.77,positive,Q4,0.003626,0.007267,-0.003641,-0.001674,-0.016209,0.014535,-0.042399,-0.015396,-0.027003,-0.011437,0.026911,-0.038347
VOW3.DE,2025-10-30,-120.55,negative,Q1,0.023055,0.007267,0.015788,0.044336,-0.016209,0.060545,0.103303,-0.015396,0.118699,0.174906,0.026911,0.147995
1QZ.DE,2025-10-30,29.1,positive,Q5,-0.073503,0.007267,-0.08077,-0.180269,-0.016209,-0.16406,-0.28379,-0.015396,-0.268394,-0.533798,0.026911,-0.560709
MTLA.DE,2025-10-30,-13.41,negative,Q2,-0.037089,0.007267,-0.044357,-0.044451,-0.016209,-0.028242,-0.089185,-0.015396,-0.073789,-0.000566,0.026911,-0.027477
6MK.DE,2025-10-30,-1.49,negative,Q3,-0.02168,0.007267,-0.028947,0.00813,-0.016209,0.024339,0.192412,-0.015396,0.207808,0.373984,0.026911,0.347073
REP.DE,2025-10-30,-18.55,negative,Q2,0.013906,0.007267,0.006639,0.040455,-0.016209,0.056664,0.027181,-0.015396,0.042577,0.046144,0.026911,0.019233
TOTB.DE,2025-10-30,-6.58,negative,Q3,-0.00204,0.007267,-0.009307,-0.006306,-0.016209,0.009903,0.052856,-0.015396,0.068252,0.161721,0.026911,0.13481
SOT.DE,2025-10-30,-12.5,negative,Q2,-0.008151,0.007267,-0.015418,-0.030011,-0.016209,-0.013802,-0.051624,-0.015396,-0.036228,-0.056317,0.026911,-0.083228
HFG.DE,2025-10-30,-131.68,negative,Q1,0.021368,0.007267,0.0141,-0.190883,-0.016209,-0.174674,-0.148148,-0.015396,-0.132752,-0.173789,0.026911,-0.2007
CTP2.DE,2025-10-30,-13.41,negative,Q2,-0.015566,0.007267,-0.022833,-0.007993,-0.016209,0.008216,-0.031973,-0.015396,-0.016577,0.101809,0.026911,0.074898
690D.DE,2025-10-30,2.35,positive,Q3,0.004854,0.007267,-0.002413,0.004854,-0.016209,0.021063,0.024272,-0.015396,0.039668,-0.019417,0.026911,-0.046328
AZ2.DE,2025-10-30,-0.87,negative,Q3,-0.014548,0.007267,-0.021815,-0.032159,-0.016209,-0.01595,-0.043645,-0.015396,-0.028249,0.171516,0.026911,0.144605
KMY.DE,2025-10-30,-23.49,negative,Q2,-0.119011,0.007267,-0.126278,-0.141615,-0.016209,-0.125406,-0.106549,-0.015396,-0.091154,-0.157071,0.026911,-0.183982
F3A.DE,2025-10-30,0.28,positive,Q3,0.018757,0.007267,0.01149,-0.023773,-0.016209,-0.007564,-0.005671,-0.015396,0.009725,-0.123228,0.026911,-0.150139
LLY.DE,2025-10-30,9.28,positive,Q4,0.033396,0.007267,0.026129,0.058163,-0.016209,0.074372,0.23822,-0.015396,0.253616,0.2575,0.026911,0.230589
BRM.DE,2025-10-30,-28.53,negative,Q2,-0.005255,0.007267,-0.012522,0.012262,-0.016209,0.028471,0.060561,-0.015396,0.075956,0.222723,0.026911,0.195812
IC2.DE,2025-10-30,-11.03,negative,Q2,-0.004419,0.007267,-0.011686,0.016888,-0.016209,0.033097,0.068813,-0.015396,0.084209,0.101168,0.026911,0.074257
AMZ.DE,2025-10-30,24.63,positive,Q5,0.037714,0.007267,0.030447,-0.029281,-0.016209,-0.013072,-0.056922,-0.015396,-0.041526,-0.060436,0.026911,-0.087347
KGX.DE,2025-10-30,83.93,positive,Q5,0.04065,0.007267,0.033383,-0.005691,-0.016209,0.010518,0.043902,-0.015396,0.059298,-0.030894,0.026911,-0.057805
SYK.DE,2025-10-30,-28.84,negative,Q2,0.007131,0.007267,-0.000136,-0.002917,-0.016209,0.013292,0.034684,-0.015396,0.05008,-0.006159,0.026911,-0.03307
CGN.DE,2025-10-30,-8.45,negative,Q3,0.051907,0.007267,0.044639,0.070572,-0.016209,0.086781,0.111477,-0.015396,0.126873,0.084207,0.026911,0.057296
1COV.DE,2025-10-30,14.64,positive,Q4,-0.004413,0.007267,-0.01168,0.005771,-0.016209,0.02198,-0.000339,-0.015396,0.015056,0.028853,0.026911,0.001942
INN1.DE,2025-10-30,13.11,positive,Q4,0.008732,0.007267,0.001464,0.011489,-0.016209,0.027698,0.034007,-0.015396,0.049403,0.196691,0.026911,0.16978
BOY.DE,2025-10-30,0.48,positive,Q3,-0.001748,0.007267,-0.009015,0.018065,-0.016209,0.034274,0.101399,-0.015396,0.116795,0.275641,0.026911,0.24873
PHM7.DE,2025-10-30,-2.44,negative,Q3,-0.005054,0.007267,-0.012321,0.008692,-0.016209,0.024901,0.026279,-0.015396,0.041674,0.111178,0.026911,0.084268
RAW.DE,2025-10-30,28.09,positive,Q5,0.006858,0.007267,-0.000409,-0.028678,-0.016209,-0.012469,0.115337,-0.015396,0.130733,0.369701,0.026911,0.34279
CPA.DE,2025-10-31,2.24,positive,Q3,0.005176,-0.007596,0.012771,0.037296,-0.007145,0.044441,0.025727,-0.017468,0.043195,0.219973,0.014862,0.205111
FPE.DE,2025-10-31,2.23,positive,Q3,-0.022581,-0.007596,-0.014985,-0.006452,-0.007145,0.000693,-0.040323,-0.017468,-0.022854,-0.024194,0.014862,-0.039055
CHV.DE,2025-10-31,15.97,positive,Q4,-0.009359,-0.007596,-0.001764,-0.013777,-0.007145,-0.006632,-0.032046,-0.017468,-0.014577,0.130279,0.014862,0.115417
EBO.DE,2025-10-31,7.84,positive,Q4,-0.005593,-0.007596,0.002003,0.03132,-0.007145,0.038465,0.088926,-0.017468,0.106394,0.197987,0.014862,0.183125
CXU.DE,2025-10-31,0.96,positive,Q3,0.004817,-0.007596,0.012412,-0.025288,-0.007145,-0.018143,-0.039872,-0.017468,-0.022403,0.137142,0.014862,0.12228
4AB.DE,2025-10-31,-94.03,negative,Q1,0.017297,-0.007596,0.024893,0.007568,-0.007145,0.014712,0.038919,-0.017468,0.056387,-0.012973,0.014862,-0.027835
IES.DE,2025-10-31,0.38,positive,Q3,0.003724,-0.007596,0.01132,0.039106,-0.007145,0.046251,0.040968,-0.017468,0.058437,0.098696,0.014862,0.083835
CQD.DE,2025-10-31,-9.41,negative,Q3,0.005494,-0.007596,0.01309,-0.057013,-0.007145,-0.049868,-0.121903,-0.017468,-0.104435,-0.017104,0.014862,-0.031966
XONA.DE,2025-10-31,-3.87,negative,Q3,-0.005774,-0.007596,0.001822,0.018233,-0.007145,0.025378,0.007293,-0.017468,0.024762,0.229335,0.014862,0.214474
FPE3.DE,2025-10-31,2.23,positive,Q3,-0.022541,-0.007596,-0.014945,0.002049,-0.007145,0.009194,-0.027152,-0.017468,-0.009683,-0.032275,0.014862,-0.047136
FME.DE,2025-11-03,5.66,positive,Q4,0.014331,0.004202,0.010129,0.008016,0.005802,0.002214,-0.017003,-0.010664,-0.006338,-0.012873,0.03225,-0.045123
BOSS.DE,2025-11-03,-22.02,negative,Q2,0.007563,0.004202,0.003362,-0.007293,0.005802,-0.013095,-0.048352,-0.010664,-0.037688,-0.027283,0.03225,-0.059532
RY4C.DE,2025-11-03,5.92,positive,Q4,0.006339,0.004202,0.002137,0.004474,0.005802,-0.001328,0.027218,-0.010664,0.037883,0.042878,0.03225,0.010629
WMB.DE,2025-11-03,4.42,positive,Q4,0.023024,0.004202,0.018822,0.065607,0.005802,0.059805,0.079462,-0.010664,0.090126,0.152608,0.03225,0.120358
QIA.DE,2025-11-04,0.79,positive,Q3,-0.022763,-0.013128,-0.009635,0.003925,0.013793,-0.009868,0.057561,-0.006973,0.064535,0.122187,0.040131,0.082057
TNE5.DE,2025-11-04,-49.73,negative,Q1,-0.002747,-0.013128,0.010381,0.005495,0.013793,-0.008299,0.002747,-0.006973,0.009721,-0.013736,0.040131,-0.053867
AXJ.DE,2025-11-04,-369.05,negative,Q1,-0.009959,-0.013128,0.003169,0.0,0.013793,-0.013793,0.006129,-0.006973,0.013102,-0.009193,0.040131,-0.049324
ADM.DE,2025-11-04,-73.65,negative,Q1,-0.004465,-0.013128,0.008663,0.005886,0.013793,-0.007907,0.038563,-0.006973,0.045536,0.132535,0.040131,0.092404
SHA0.DE,2025-11-04,-40.92,negative,Q1,0.01034,-0.013128,0.023468,-0.01034,0.013793,-0.024133,0.081241,-0.006973,0.088214,0.559823,0.040131,0.519692
HS2.DE,2025-11-04,-34.68,negative,Q2,-0.02708,-0.013128,-0.013952,0.011526,0.013793,-0.002267,0.01847,-0.006973,0.025443,None,None,None
PEO.DE,2025-11-04,10.71,positive,Q4,-0.013541,-0.013128,-0.000413,-0.004514,0.013793,-0.018307,-0.055918,-0.006973,-0.048944,-0.075978,0.040131,-0.116109
SWF.DE,2025-11-04,-73.05,negative,Q1,-0.030905,-0.013128,-0.017778,-0.019878,0.013793,-0.033671,0.047737,-0.006973,0.05471,None,None,None
ZOE.DE,2025-11-04,0.72,positive,Q3,-0.007065,-0.013128,0.006063,0.002482,0.013793,-0.011311,-0.009547,-0.006973,-0.002574,0.017376,0.040131,-0.022754
AMG.DE,2025-11-04,18.46,positive,Q5,-0.006332,-0.013128,0.006796,0.066872,0.013793,0.053079,0.077376,-0.006973,0.08435,0.146188,0.040131,0.106057
NDX1.DE,2025-11-04,-3.38,negative,Q3,0.026846,-0.013128,0.039973,0.045488,0.013793,0.031695,-0.028337,-0.006973,-0.021364,0.258016,0.040131,0.217886
639.DE,2025-11-04,123.47,positive,Q5,-0.038455,-0.013128,-0.025327,-0.015024,0.013793,-0.028817,-0.146128,-0.006973,-0.139154,-0.369075,0.040131,-0.409206
MPN.DE,2025-11-04,43.66,positive,Q5,0.031595,-0.013128,0.044722,0.051914,0.013793,0.038121,0.011275,-0.006973,0.018248,0.060339,0.040131,0.020209
AMD.DE,2025-11-04,-35.34,negative,Q2,-0.061187,-0.013128,-0.048059,0.030137,0.013793,0.016344,-0.1579,-0.006973,-0.150926,-0.16968,0.040131,-0.209811
EVK.DE,2025-11-04,-348.03,negative,Q1,-0.019746,-0.013128,-0.006618,-0.020451,0.013793,-0.034244,-0.095205,-0.006973,-0.088231,0.057123,0.040131,0.016992
PFE.DE,2025-11-04,-2.04,negative,Q3,0.025554,-0.013128,0.038682,0.069913,0.013793,0.05612,0.063163,-0.006973,0.070136,0.0892,0.040131,0.049069
PHI1.DE,2025-11-04,-38.74,negative,Q1,0.003287,-0.013128,0.016415,0.044371,0.013793,0.030578,-0.069022,-0.006973,-0.062049,0.013147,0.040131,-0.026984
2FE.DE,2025-11-04,3.88,positive,Q4,-0.010704,-0.013128,0.002424,0.038873,0.013793,0.02508,-0.046761,-0.006973,-0.039787,-0.207042,0.040131,-0.247173
BPE5.DE,2025-11-04,248.07,positive,Q5,-0.007737,-0.013128,0.005391,0.009671,0.013793,-0.004122,0.030948,-0.006973,0.037921,0.061896,0.040131,0.021765
LU2.DE,2025-11-04,188.15,positive,Q5,0.038518,-0.013128,0.051646,0.104339,0.013793,0.090546,0.287665,-0.006973,0.294638,1.36275,0.040131,1.322619
UT8.DE,2025-11-04,352.38,positive,Q5,-0.026342,-0.013128,-0.013214,-0.011762,0.013793,-0.025555,-0.048518,-0.006973,-0.041544,-0.233521,0.040131,-0.273652
KIN2.DE,2025-11-04,19.8,positive,Q5,0.006238,-0.013128,0.019366,0.085413,0.013793,0.07162,0.123321,-0.006973,0.130294,0.357486,0.040131,0.317355
ELG.DE,2025-11-04,2.99,positive,Q3,-0.004425,-0.013128,0.008703,0.001106,0.013793,-0.012687,0.087389,-0.006973,0.094363,0.35177,0.040131,0.311639
CBHD.DE,2025-11-04,-35.37,negative,Q2,-0.021921,-0.013128,-0.008793,-0.026724,0.013793,-0.040517,-0.061084,-0.006973,-0.05411,-0.207882,0.040131,-0.248012
TMV.DE,2025-11-04,112.52,positive,Q5,0.003356,-0.013128,0.016484,-0.008389,0.013793,-0.022182,-0.063758,-0.006973,-0.056785,-0.010067,0.040131,-0.050198
FRE.DE,2025-11-04,-13.1,negative,Q2,0.004162,-0.013128,0.01729,0.035796,0.013793,0.022003,-0.000832,-0.006973,0.006141,0.040999,0.040131,0.000868
RAA.DE,2025-11-05,5.44,positive,Q4,0.006304,-0.006912,0.013217,0.00788,0.01296,-0.00508,-0.017336,0.012392,-0.029729,0.216706,0.052828,0.163878
QCI.DE,2025-11-05,-198.18,negative,Q1,-0.00998,-0.006912,-0.003068,0.014733,0.01296,0.001773,0.023152,0.012392,0.010759,-0.201711,0.052828,-0.254539
5EA.DE,2025-11-05,46.12,positive,Q5,-0.003741,-0.006912,0.003171,0.011224,0.01296,-0.001736,0.004276,0.012392,-0.008117,0.145911,0.052828,0.093083
FRE.DE,2025-11-05,15.03,positive,Q4,-0.012642,-0.006912,-0.00573,0.016166,0.01296,0.003206,-0.010984,0.012392,-0.023377,0.035855,0.052828,-0.016973
OEWA.DE,2025-11-05,10.28,positive,Q4,-0.020349,-0.006912,-0.013436,-0.071948,0.01296,-0.084908,-0.071948,0.012392,-0.08434,-0.109012,0.052828,-0.16184
ALS.DE,2025-11-05,83.92,positive,Q5,0.020129,-0.006912,0.027042,0.058979,0.01296,0.046019,0.023181,0.012392,0.010788,-0.006749,0.052828,-0.059577
MDO.DE,2025-11-05,-4.23,negative,Q3,-0.013446,-0.006912,-0.006534,0.002247,0.01296,-0.010713,0.019312,0.012392,0.00692,0.044262,0.052828,-0.008567
HCL.DE,2025-11-05,223.42,positive,Q5,-0.027569,-0.006912,-0.020656,0.096074,0.01296,0.083113,0.209691,0.012392,0.197299,0.643275,0.052828,0.590446
1SI.DE,2025-11-05,49.81,positive,Q5,-0.007184,-0.006912,-0.000271,0.073276,0.01296,0.060316,None,None,None,-0.350575,0.052828,-0.403403
FMV.DE,2025-11-05,-46.91,negative,Q1,0.015823,-0.006912,0.022735,0.123418,0.01296,0.110457,0.380802,0.012392,0.368409,1.113924,0.052828,1.061096
NOV.DE,2025-11-05,-7.8,negative,Q3,-0.011648,-0.006912,-0.004736,0.055019,0.01296,0.042058,0.028748,0.012392,0.016356,0.021066,0.052828,-0.031763
DTG.DE,2025-11-05,-14.66,negative,Q2,-0.008362,-0.006912,-0.00145,0.030854,0.01296,0.017893,0.087082,0.012392,0.07469,0.240773,0.052828,0.187944
EVT.DE,2025-11-05,-83.03,negative,Q1,-0.099656,-0.006912,-0.092744,-0.063574,0.01296,-0.076534,-0.063574,0.012392,-0.075966,0.060137,0.052828,0.007309
CO3A.DE,2025-11-05,-18.87,negative,Q2,0.008065,-0.006912,0.014977,-0.024194,0.01296,-0.037154,-0.072581,0.012392,-0.084973,-0.317204,0.052828,-0.370033
BMW3.DE,2025-11-05,1.48,positive,Q3,0.021935,-0.006912,0.028848,0.054194,0.01296,0.041233,0.130323,0.012392,0.11793,0.148387,0.052828,0.095559
AHOG.DE,2025-11-05,4.02,positive,Q4,-0.0036,-0.006912,0.003312,0.008031,0.01296,-0.004929,-0.030186,0.012392,-0.042578,-0.034893,0.052828,-0.087722
NEM.DE,2025-11-05,3.74,positive,Q4,0.005379,-0.006912,0.012292,-0.001076,0.01296,-0.014036,0.002152,0.012392,-0.010241,-0.230231,0.052828,-0.28306
LY0.DE,2025-11-05,-54.35,negative,Q1,-0.040323,-0.006912,-0.03341,0.11828,0.01296,0.105319,0.063978,0.012392,0.051586,-0.238172,0.052828,-0.291
FNTN.DE,2025-11-05,-12.81,negative,Q2,0.013177,-0.006912,0.02009,0.027818,0.01296,0.014858,0.02123,0.012392,0.008838,0.183016,0.052828,0.130188
U9RA.DE,2025-11-05,-280.38,negative,Q1,0.023041,-0.006912,0.029954,0.029954,0.01296,0.016994,0.0,0.012392,-0.012392,0.576037,0.052828,0.523208
RHM.DE,2025-11-05,-22.81,negative,Q2,0.024005,-0.006912,0.030917,0.024883,0.01296,0.011923,-0.100703,0.012392,-0.113095,-0.046253,0.052828,-0.099081
BMW.DE,2025-11-05,1.45,positive,Q3,0.021827,-0.006912,0.028739,0.053381,0.01296,0.04042,0.139976,0.012392,0.127584,0.059075,0.052828,0.006246
VWSB.DE,2025-11-05,43.8,positive,Q5,0.010453,-0.006912,0.017365,0.041314,0.01296,0.028354,0.0667,0.012392,0.054308,0.085117,0.052828,0.032289
SHL.DE,2025-11-05,-1.14,negative,Q3,-0.022578,-0.006912,-0.015666,-0.021901,0.01296,-0.034861,-0.017611,0.012392,-0.030004,-0.077444,0.052828,-0.130273
AMV0.DE,2025-11-06,-277.57,negative,Q1,0.049746,0.016548,0.033198,-0.010152,0.013008,-0.02316,0.019797,0.020197,-0.0004,0.103553,0.054569,0.048984
WYR.DE,2025-11-06,-25.94,negative,Q2,0.019491,0.016548,0.002943,-0.044773,0.013008,-0.057781,0.001931,0.020197,-0.018267,-0.107658,0.054569,-0.162227
ZEG.DE,2025-11-06,-28.72,negative,Q2,0.019454,0.016548,0.002906,0.046416,0.013008,0.033409,0.060068,0.020197,0.039871,None,None,None
DHL.DE,2025-11-06,21.34,positive,Q5,0.023018,0.016548,0.00647,0.02232,0.013008,0.009313,0.063706,0.020197,0.043509,0.192281,0.054569,0.137712
RWL.DE,2025-11-06,-58.57,negative,Q1,0.046169,0.016548,0.029621,0.0,0.013008,-0.013008,0.06791,0.020197,0.047713,0.060498,0.054569,0.005929
DEZ.DE,2025-11-06,39.65,positive,Q5,0.012547,0.016548,-0.004001,-0.028858,0.013008,-0.041866,0.036386,0.020197,0.016189,0.411543,0.054569,0.356974
G1A.DE,2025-11-06,7.64,positive,Q4,0.0,0.016548,-0.016548,-0.025705,0.013008,-0.038712,-0.09204,0.020197,-0.112237,0.049751,0.054569,-0.004818
LXS.DE,2025-11-06,-10.34,negative,Q2,0.0,0.016548,-0.016548,0.037835,0.013008,0.024827,-0.009313,0.020197,-0.02951,0.239814,0.054569,0.185245
UN0.DE,2025-11-06,131.84,positive,Q5,0.025045,0.016548,0.008497,0.035778,0.013008,0.022771,0.29517,0.020197,0.274973,0.239714,0.054569,0.185145
CBK.DE,2025-11-06,-15.88,negative,Q2,0.065682,0.016548,0.049134,0.054054,0.013008,0.041046,0.076996,0.020197,0.056798,0.085795,0.054569,0.031226
YCP.DE,2025-11-06,-1.67,negative,Q3,0.019943,0.016548,0.003395,0.033238,0.013008,0.020231,0.088726,0.020197,0.068529,0.261837,0.054569,0.207268
SII.DE,2025-11-06,38.05,positive,Q5,0.041479,0.016548,0.024931,0.063759,0.013008,0.050752,0.090543,0.020197,0.070345,0.470135,0.054569,0.415566
CON.DE,2025-11-06,-43.23,negative,Q1,-0.003619,0.016548,-0.020167,-0.036791,0.013008,-0.049799,-0.026538,0.020197,-0.046735,0.070567,0.054569,0.015998
SMHN.DE,2025-11-06,54.44,positive,Q5,0.076316,0.016548,0.059768,0.111842,0.013008,0.098834,0.284868,0.020197,0.264671,0.605263,0.054569,0.550694
MCP.DE,2025-11-06,3.5,positive,Q4,-0.013693,0.016548,-0.030241,-0.053942,0.013008,-0.06695,0.203319,0.020197,0.183122,0.414523,0.054569,0.359954
C7C1.F,2025-11-06,-255.7,negative,Q1,0.067568,0.016548,0.05102,0.054054,0.013008,0.041046,0.182432,0.020197,0.162235,0.317568,0.054569,0.262999
ZAL.DE,2025-11-06,-81.26,negative,Q1,0.015288,0.016548,-0.00126,0.031475,0.013008,0.018467,0.039119,0.020197,0.018921,-0.060252,0.054569,-0.114821
U9RA.DE,2025-11-06,-280.38,negative,Q1,-0.036036,0.016548,-0.052584,-0.02027,0.013008,-0.033278,-0.056306,0.020197,-0.076504,0.52027,0.054569,0.465701
E3X1.DE,2025-11-06,4.69,positive,Q4,0.04002,0.016548,0.023472,0.021587,0.013008,0.00858,0.024156,0.020197,0.003959,-0.068007,0.054569,-0.122576
NNGF.DE,2025-11-06,-54.37,negative,Q1,0.007628,0.016548,-0.00892,-0.006865,0.013008,-0.019873,-0.000763,0.020197,-0.02096,0.167048,0.054569,0.112479
NRA.DE,2025-11-06,-63.41,negative,Q1,-0.024907,0.016548,-0.041455,-0.037698,0.013008,-0.050705,-0.039381,0.020197,-0.059578,-0.088522,0.054569,-0.143091
KRN.DE,2025-11-07,-31.31,negative,Q2,-0.015337,0.005345,-0.020683,-0.032209,-0.01542,-0.016788,0.021472,0.008458,0.013014,0.056748,0.037258,0.019491
HAG.DE,2025-11-07,-77.69,negative,Q1,-0.083684,0.005345,-0.089029,-0.126842,-0.01542,-0.111422,-0.220526,0.008458,-0.228985,-0.167895,0.037258,-0.205153
SDF.DE,2025-11-10,-95.44,negative,Q1,0.045086,0.01218,0.032905,0.018936,-0.037676,0.056611,0.066727,0.001747,0.06498,0.320108,0.034325,0.285783
UTDI.DE,2025-11-10,21.44,positive,Q5,-0.032308,0.01218,-0.044488,-0.103077,-0.037676,-0.065401,-0.035385,0.001747,-0.037132,-0.005385,0.034325,-0.03971
1U1.DE,2025-11-10,66.27,positive,Q5,0.018735,0.01218,0.006555,-0.002342,-0.037676,0.035334,0.105386,0.001747,0.103639,0.145199,0.034325,0.110874
HNR1.DE,2025-11-10,1.49,positive,Q3,-0.006163,0.01218,-0.018344,-0.016949,-0.037676,0.020726,-0.006163,0.001747,-0.00791,-0.050077,0.034325,-0.084402
BAYN.DE,2025-11-10,55.68,positive,Q5,0.059424,0.01218,0.047244,-0.002187,-0.037676,0.035488,0.33868,0.001747,0.336933,0.676631,0.034325,0.642307
IFX.DE,2025-11-10,-21.63,negative,Q2,0.069362,0.01218,0.057182,-0.026269,-0.037676,0.011406,0.091795,0.001747,0.090048,0.284238,0.034325,0.249914
SIX2.DE,2025-11-10,-14.04,negative,Q2,0.015989,0.01218,0.003809,-0.083944,-0.037676,-0.046269,-0.072618,0.001747,-0.074365,-0.133244,0.034325,-0.167569
SZG.DE,2025-11-10,270.19,positive,Q5,0.042759,0.01218,0.030578,0.00069,-0.037676,0.038365,0.388276,0.001747,0.386529,0.798276,0.034325,0.763951
VODI.DE,2025-11-11,-22.39,negative,Q2,0.009524,-0.013938,0.023462,-0.028571,-0.049978,0.021407,0.019048,-0.003562,0.02261,0.247619,0.017204,0.230415
FRA.DE,2025-11-11,28.79,positive,Q5,0.027851,-0.013938,0.04179,-0.061008,-0.049978,-0.01103,-0.060345,-0.003562,-0.056783,0.116048,0.017204,0.098844
MUV2.DE,2025-11-11,6.62,positive,Q4,0.014599,-0.013938,0.028537,-0.030292,-0.049978,0.019686,0.022263,-0.003562,0.025825,-0.031387,0.017204,-0.048591
ENR.DE,2025-11-11,-12.11,negative,Q2,-0.058687,-0.013938,-0.044748,0.014905,-0.049978,0.064883,0.156497,-0.003562,0.16006,0.522124,0.017204,0.50492
CIS.DE,2025-11-11,-27.61,negative,Q2,0.051514,-0.013938,0.065452,0.070851,-0.049978,0.120829,0.07101,-0.003562,0.074572,0.030433,0.017204,0.013229
PAH3.DE,2025-11-11,13.9,positive,Q4,0.012071,-0.013938,0.026009,-0.045064,-0.049978,0.004914,0.106223,-0.003562,0.109785,-0.046137,0.017204,-0.063341
VAS.DE,2025-11-12,31.48,positive,Q5,-0.010932,-0.006866,-0.004066,0.004603,-0.031727,0.03633,0.119102,0.006026,0.113077,0.286536,0.039797,0.246739
IOS.DE,2025-11-12,0.0,negative,Q3,-0.005618,-0.006866,0.001248,0.007491,-0.031727,0.039218,-0.022472,0.006026,-0.028498,-0.116105,0.039797,-0.155902
JEN.DE,2025-11-12,-7.57,negative,Q3,-0.00993,-0.006866,-0.003064,-0.046177,-0.031727,-0.01445,-0.063059,0.006026,-0.069084,0.333664,0.039797,0.293868
BNR.DE,2025-11-12,-4.25,negative,Q3,-0.013047,-0.006866,-0.006181,-0.03894,-0.031727,-0.007213,0.013248,0.006026,0.007222,0.153352,0.039797,0.113555
PSM.DE,2025-11-12,-55.41,negative,Q1,0.016162,-0.006866,0.023028,-0.050505,-0.031727,-0.018778,-0.046465,0.006026,-0.05249,-0.056566,0.039797,-0.096362
LEG.DE,2025-11-12,446.5,positive,Q5,-0.01007,-0.006866,-0.003204,-0.020139,-0.031727,0.011588,-0.056545,0.006026,-0.062571,0.062742,0.039797,0.022945
VBK.DE,2025-11-12,-100.0,negative,Q1,-0.018286,-0.006866,-0.01142,-0.084,-0.031727,-0.052273,0.036571,0.006026,0.030546,0.413714,0.039797,0.373917
RWE.DE,2025-11-12,367.88,positive,Q5,-0.000875,-0.006866,0.005991,-0.013777,-0.031727,0.017951,-0.052263,0.006026,-0.058289,0.130549,0.039797,0.090752
EOAN.DE,2025-11-12,-8.72,negative,Q3,0.00395,-0.006866,0.010816,0.018433,-0.031727,0.05016,0.007242,0.006026,0.001216,0.227123,0.039797,0.187326
CIS.DE,2025-11-12,-27.61,negative,Q2,0.014923,-0.006866,0.021789,0.029846,-0.031727,0.061573,0.004522,0.006026,-0.001504,-0.015828,0.039797,-0.055624
O3P.DE,2025-11-12,21.26,positive,Q5,-0.0033,-0.006866,0.003566,-0.009901,-0.031727,0.021826,0.023102,0.006026,0.017077,0.148515,0.039797,0.108718
R3NK.DE,2025-11-13,1.42,positive,Q3,-0.028957,-0.01198,-0.016977,-0.220775,-0.032864,-0.187911,-0.197028,0.016046,-0.213074,-0.064961,0.058704,-0.123665
JST.DE,2025-11-13,-102.95,negative,Q1,-0.020913,-0.01198,-0.008933,-0.064639,-0.032864,-0.031775,0.007605,0.016046,-0.008441,0.235741,0.058704,0.177037
AOMD.DE,2025-11-13,68.86,positive,Q5,-0.031826,-0.01198,-0.019846,-0.055276,-0.032864,-0.022412,0.033501,0.016046,0.017455,0.242044,0.058704,0.183339
SFQ.DE,2025-11-13,-36.73,negative,Q2,0.004329,-0.01198,0.016309,-0.010101,-0.032864,0.022763,0.059163,0.016046,0.043117,0.399711,0.058704,0.341007
MRK.DE,2025-11-13,4.93,positive,Q4,-0.015313,-0.01198,-0.003333,-0.044662,-0.032864,-0.011798,0.006806,0.016046,-0.00924,0.093577,0.058704,0.034873
WDP.DE,2025-11-13,-30.64,negative,Q2,0.008216,-0.01198,0.020195,-0.013035,-0.032864,0.019829,0.031986,0.016046,0.01594,-0.005368,0.058704,-0.064072
WIB.DE,2025-11-13,35.47,positive,Q5,-0.014394,-0.01198,-0.002414,0.040152,-0.032864,0.073016,0.137121,0.016046,0.121075,0.168939,0.058704,0.110235
MLP.DE,2025-11-13,-48.06,negative,Q1,-0.015528,-0.01198,-0.003548,-0.013975,-0.032864,0.018889,0.071429,0.016046,0.055383,0.14441,0.058704,0.085705
DUE.DE,2025-11-13,-45.08,negative,Q1,-0.037255,-0.01198,-0.025275,-0.086275,-0.032864,-0.05341,0.04902,0.016046,0.032974,0.230392,0.058704,0.171688
GBF.DE,2025-11-13,6.47,positive,Q4,0.02473,-0.01198,0.036709,-0.049974,-0.032864,-0.01711,0.122102,0.016046,0.106056,0.27254,0.058704,0.213835
SIE.DE,2025-11-13,-17.32,negative,Q2,-0.031908,-0.01198,-0.019928,-0.048622,-0.032864,-0.015758,0.033862,0.016046,0.017816,0.062731,0.058704,0.004026
SIX3.DE,2025-11-13,9.63,positive,Q4,-0.015123,-0.01198,-0.003143,-0.034026,-0.032864,-0.001162,-0.034026,0.016046,-0.050072,0.037807,0.058704,-0.020897
COK.DE,2025-11-13,-30.2,negative,Q2,-0.024904,-0.01198,-0.012925,-0.05364,-0.032864,-0.020776,0.063218,0.016046,0.047173,-0.086207,0.058704,-0.144911
ENL.DE,2025-11-13,-8.72,negative,Q3,0.012263,-0.01198,0.024243,-0.020067,-0.032864,0.012797,-0.012263,0.016046,-0.028309,0.035674,0.058704,-0.02303
HLAG.DE,2025-11-13,-41.5,negative,Q1,-0.033795,-0.01198,-0.021816,-0.038128,-0.032864,-0.005264,0.061525,0.016046,0.045479,0.038995,0.058704,-0.01971
DTE.DE,2025-11-13,11.29,positive,Q4,0.0,-0.01198,0.01198,0.01395,-0.032864,0.046814,-0.022761,0.016046,-0.038807,0.188326,0.058704,0.129622
WAC.DE,2025-11-13,8.33,positive,Q4,-0.005556,-0.01198,0.006424,-0.006667,-0.032864,0.026197,0.375,0.016046,0.358954,0.191667,0.058704,0.132962
ALV.DE,2025-11-14,3.3,positive,Q4,-0.007178,-0.017379,0.010201,0.001933,-0.014893,0.016826,0.060188,0.021561,0.038627,0.030922,0.061595,-0.030673
ENR.DE,2025-11-14,-32.86,negative,Q2,-0.063895,-0.017379,-0.046516,-0.068271,-0.014893,-0.053378,0.047702,0.021561,0.026141,0.437199,0.061595,0.375604
2M6.DE,2025-11-18,-19.56,negative,Q2,-0.007219,0.005005,-0.012224,0.045835,0.024319,0.021516,-0.032772,0.044752,-0.077524,-0.043085,0.078965,-0.122049
ITB.DE,2025-11-18,-19.35,negative,Q2,0.006329,0.005005,0.001324,0.016511,0.024319,-0.007808,0.001376,0.044752,-0.043376,0.032471,0.078965,-0.046493
HDI.DE,2025-11-18,-5.42,negative,Q3,0.014648,0.005005,0.009643,0.065812,0.024319,0.041493,0.062868,0.044752,0.018116,0.111228,0.078965,0.032263
DYH.DE,2025-11-19,-11.49,negative,Q2,-0.021202,-0.008032,-0.01317,0.035158,0.021011,0.014147,0.107085,0.043368,0.063718,0.308105,0.073346,0.23476
EVD.DE,2025-11-20,8.79,positive,Q4,-0.013585,0.006379,-0.019965,-0.003544,0.032259,-0.035803,-0.084465,0.051624,-0.13609,-0.245127,0.090251,-0.335378
RSO.DE,2025-11-20,11.38,positive,Q4,0.006246,0.006379,-0.000133,0.01103,0.032259,-0.021229,0.020066,0.051624,-0.031558,0.13515,0.090251,0.044898
TMV.DE,2025-11-20,112.52,positive,Q5,0.018519,0.006379,0.012139,0.07037,0.032259,0.038111,0.101852,0.051624,0.050228,-0.161111,0.090251,-0.251362
WMT.DE,2025-11-20,27.64,positive,Q5,-0.006433,0.006379,-0.012812,0.037178,0.032259,0.004919,0.048517,0.051624,-0.003107,0.168338,0.090251,0.078087
VEE.DE,2025-11-20,-27.81,negative,Q2,-0.019626,0.006379,-0.026005,-0.023832,0.032259,-0.056091,-0.106776,0.051624,-0.1584,-0.302336,0.090251,-0.392588
1TY.DE,2025-11-24,7.88,positive,Q4,-0.003237,0.011148,-0.014385,-0.053048,0.010494,-0.063542,-0.054487,0.03778,-0.092266,-0.213271,0.077548,-0.290819
XGR2.DE,2025-11-25,0.0,negative,Q3,-0.020742,0.001759,-0.022502,-0.034571,-0.00137,-0.0332,-0.021834,0.032209,-0.054043,-0.069505,0.038429,-0.107934
EJT1.DE,2025-11-25,0.0,negative,Q3,0.016304,0.001759,0.014545,0.012681,-0.00137,0.014051,0.048913,0.032209,0.016704,-0.063406,0.038429,-0.101835
AHLA.DE,2025-11-25,45.43,positive,Q5,-0.029112,0.001759,-0.030871,-0.011645,-0.00137,-0.010275,-0.075691,0.032209,-0.1079,-0.120815,0.038429,-0.159244
NTA.DE,2025-11-25,-20.25,negative,Q2,0.005945,0.001759,0.004186,0.044268,-0.00137,0.045638,-0.017516,0.032209,-0.049725,-0.089384,0.038429,-0.127813
12DA.DE,2025-11-25,-10.75,negative,Q2,-0.007241,0.001759,-0.009001,-0.01069,-0.00137,-0.009319,-0.064483,0.032209,-0.096691,0.110172,0.038429,0.071743
AUD.DE,2025-11-25,-36.41,negative,Q2,-0.000384,0.001759,-0.002143,0.007095,-0.00137,0.008465,-0.016491,0.032209,-0.0487,-0.188878,0.038429,-0.227307
7HP.DE,2025-11-25,-8.9,negative,Q3,0.006846,0.001759,0.005087,0.066015,-0.00137,0.067385,-0.052323,0.032209,-0.084531,-0.21956,0.038429,-0.257989
JM2.DE,2025-11-25,7.69,positive,Q4,0.002243,0.001759,0.000484,-0.032077,-0.00137,-0.030707,-0.057201,0.032209,-0.089409,0.101503,0.038429,0.063074
ANL.DE,2025-11-25,1.03,positive,Q3,0.00112,0.001759,-0.000639,0.069892,-0.00137,0.071263,0.047715,0.032209,0.015506,0.344848,0.038429,0.306418
IXD1.DE,2025-12-03,5.19,positive,Q4,0.001826,0.006118,-0.004292,0.008766,0.017276,-0.00851,0.033966,0.057768,-0.023801,-0.054785,0.003626,-0.058411
DT3.DE,2025-12-03,10.05,positive,Q4,0.055051,0.006118,0.048933,0.112724,0.017276,0.095449,0.14882,0.057768,0.091053,0.016334,0.003626,0.012708
2HP.DE,2025-12-03,-77.81,negative,Q1,0.003058,0.006118,-0.00306,0.046381,0.017276,0.029105,-0.034149,0.057768,-0.091917,-0.052497,0.003626,-0.056124
NDA.DE,2025-12-04,-12.5,negative,Q2,0.001679,0.000744,0.000936,-0.031066,0.00659,-0.037657,0.139379,0.057316,0.082063,0.382032,-0.016152,0.398184
2HP.DE,2025-12-04,6.97,positive,Q4,0.03811,0.000744,0.037366,0.034045,0.00659,0.027455,-0.033028,0.057316,-0.090345,-0.043699,-0.016152,-0.027547
TKA.DE,2025-12-09,452.58,positive,Q5,0.021421,0.006816,0.014605,0.012401,-0.007026,0.019428,0.170237,0.050652,0.119584,-0.087937,-0.016544,-0.071392
CSC.DE,2025-12-09,-11.62,negative,Q2,0.006631,0.006816,-0.000185,0.014919,-0.007026,0.021946,-0.041442,0.050652,-0.092095,-0.226689,-0.016544,-0.210144
ORC.DE,2025-12-10,28.37,positive,Q5,-0.046561,-0.00445,-0.042111,-0.097731,-0.003915,-0.093816,-0.038407,0.041265,-0.079672,-0.21567,-0.032615,-0.183055
1YD.DE,2025-12-11,-6.79,negative,Q3,-0.062743,0.003026,-0.065768,-0.076164,0.004214,-0.080378,-0.034605,0.031942,-0.066548,-0.10511,-0.053061,-0.052049
CIE1.DE,2025-12-11,-82.84,negative,Q1,0.021163,0.003026,0.018137,0.052773,0.004214,0.048559,0.07206,0.031942,0.040118,0.928744,-0.053061,0.981804
NCH2.DE,2025-12-17,-80.0,negative,Q1,-0.002222,0.003674,-0.005896,-0.013333,0.012021,-0.025355,0.001111,0.028976,-0.027865,-0.026667,-0.051341,0.024674
GRM.DE,2025-12-17,-25.08,negative,Q2,-0.021221,0.003674,-0.024894,-0.046495,0.012021,-0.058516,-0.099189,0.028976,-0.128166,-0.261803,-0.051341,-0.210462
MTE.DE,2025-12-17,16.08,positive,Q4,0.073978,0.003674,0.070305,0.184829,0.012021,0.172807,0.601691,0.028976,0.572715,0.543917,-0.051341,0.595258
FDX.DE,2025-12-18,-1.69,negative,Q3,0.044449,-0.000182,0.044632,0.0604,0.010332,0.050068,0.091663,0.026543,0.06512,0.301148,-0.068981,0.370129
DOU.DE,2025-12-18,-3.96,negative,Q3,-0.013629,-0.000182,-0.013446,0.054514,0.010332,0.044183,-0.085179,0.026543,-0.111722,-0.141397,-0.068981,-0.072416
CIT.DE,2025-12-18,1.94,positive,Q3,0.016532,-0.000182,0.016714,-0.01466,0.010332,-0.024992,0.019651,0.026543,-0.006892,-0.085714,-0.068981,-0.016734
PCX.DE,2025-12-19,-10.75,negative,Q2,-0.009429,0.001414,-0.010843,-0.041611,0.024078,-0.06569,-0.116532,0.025139,-0.141671,-0.182638,-0.081668,-0.10097
GBF.DE,2025-12-24,6.47,positive,Q4,0.02514,0.001998,0.023142,0.065177,0.026012,0.039165,0.103352,0.001976,0.101376,-0.040037,-0.048653,0.008615
NCH2.DE,2025-12-24,-80.0,negative,Q1,0.0,0.001998,-0.001998,0.004504,0.026012,-0.021508,0.011261,0.001976,0.009285,-0.060811,-0.048653,-0.012158
ENR.DE,2025-12-24,-32.86,negative,Q2,0.019934,0.001998,0.017936,0.025332,0.026012,-0.00068,0.200581,0.001976,0.198605,0.26412,-0.048653,0.312772
MTX.DE,2025-12-30,105.83,positive,Q5,0.005119,0.013421,-0.008303,0.033944,0.029434,0.00451,0.014817,0.010521,0.004296,-0.147899,-0.05588,-0.092019
