symbol,event_date,surprise_raw,category,quintile,stock_ret_1d,bench_ret_1d,abnormal_ret_1d,stock_ret_5d,bench_ret_5d,abnormal_ret_5d,stock_ret_21d,bench_ret_21d,abnormal_ret_21d,stock_ret_63d,bench_ret_63d,abnormal_ret_63d
EKTA-B.ST,2013-12-04,-112.11,negative,Q1,0.009129,0.004032,0.005096,-0.004841,-0.011434,0.006593,0.051452,0.043573,0.007879,-0.103596,0.069986,-0.173582
TELIA.ST,2014-01-30,-22.69,negative,Q1,-0.006001,-0.014216,0.008215,0.019288,0.006708,0.012581,-0.012859,0.023846,-0.036705,None,None,None
AXFO.ST,2014-02-04,0.0,negative,Q3,0.0,0.012133,-0.012133,0.021381,0.029059,-0.007679,0.06541,0.063341,0.00207,0.062149,0.046825,0.015324
ALFA.ST,2014-02-05,5.7,positive,Q4,-0.001213,0.003872,-0.005085,0.006595,0.016998,-0.010403,0.042981,0.038393,0.004587,0.023727,0.026746,-0.003019
HUSQ-B.ST,2014-02-06,-33.33,negative,Q1,0.012778,0.004149,0.00863,0.047097,0.017276,0.029821,0.092004,0.035584,0.05642,0.402702,0.034974,0.367728
VOLV-B.ST,2014-02-06,-52.94,negative,Q1,0.002222,0.004149,-0.001927,0.029287,0.017276,0.012011,0.105837,0.035584,0.070253,0.150475,0.034974,0.115501
HEXA-B.ST,2014-02-11,0.0,negative,Q3,-0.007547,0.000271,-0.007818,-0.001258,0.006001,-0.007259,-0.025157,0.005426,-0.030584,0.132075,0.032786,0.099289
TREL-B.ST,2014-02-13,-3.93,negative,Q3,0.000726,0.004725,-0.003999,0.0,0.009902,-0.009902,0.003939,0.010102,-0.006162,0.156853,0.037394,0.119459
EKTA-B.ST,2014-02-20,-53.85,negative,Q1,-0.022067,0.015558,-0.037625,-0.058087,0.01483,-0.072917,-0.081293,-0.010098,-0.071195,0.036446,0.029205,0.007241
TELIA.ST,2014-04-23,-2.11,negative,Q3,0.001263,-0.003599,0.004862,None,None,None,0.068632,0.019787,0.048845,0.119579,0.029619,0.08996
TREL-B.ST,2014-04-23,13.59,positive,Q4,0.000737,-0.003599,0.004336,None,None,None,0.044516,0.019787,0.02473,0.026267,0.029619,-0.003352
HUSQ-B.ST,2014-04-24,5.94,positive,Q4,0.013301,-0.002055,0.015357,0.025007,-0.000118,0.025125,0.0,0.024845,-0.024845,0.064379,0.032175,0.032203
AXFO.ST,2014-04-24,-8.33,negative,Q2,0.0,-0.002055,0.002055,0.052697,-0.000118,0.052816,0.094677,0.024845,0.069832,0.061986,0.032175,0.029811
VOLV-B.ST,2014-04-25,0.0,negative,Q3,0.005916,0.010378,-0.004462,-0.00783,0.000761,-0.008591,-0.037237,0.027867,-0.065104,-0.149295,0.031907,-0.181202
ALFA.ST,2014-04-28,-6.15,negative,Q2,0.020659,-0.00529,0.025949,0.001176,-0.013612,0.014788,0.029554,0.015459,0.014096,-0.04911,0.019131,-0.068241
HEXA-B.ST,2014-05-09,-0.77,negative,Q3,-0.004425,0.006481,-0.010906,-0.053097,0.011099,-0.064196,-0.002212,0.026065,-0.028277,0.013274,-0.005432,0.018706
AXFO.ST,2014-07-15,3.85,positive,Q3,-0.004467,-0.012027,0.00756,-0.014725,0.003599,-0.018325,-0.023329,-0.028123,0.004794,0.01456,-0.07069,0.085249
HUSQ-B.ST,2014-07-16,10.39,positive,Q4,-0.000756,0.007995,-0.008751,0.024698,0.021318,0.00338,-0.067288,-0.016993,-0.050296,-0.156754,-0.049771,-0.106983
TELIA.ST,2014-07-17,-6.86,negative,Q2,-0.006842,-0.002767,-0.004074,0.012543,0.012078,0.000465,-0.010642,-0.013006,0.002364,-0.109464,-0.08466,-0.024804
ALFA.ST,2014-07-17,15.69,positive,Q4,-0.008572,-0.002767,-0.005805,-0.011606,0.012078,-0.023683,-0.025639,-0.013006,-0.012633,-0.123948,-0.08466,-0.039287
VOLV-B.ST,2014-07-18,22.31,positive,Q5,0.008857,0.01125,-0.002393,0.007003,0.012536,-0.005533,0.01277,-0.004998,0.017768,-0.134295,-0.081328,-0.052966
TREL-B.ST,2014-07-22,-6.78,negative,Q2,0.022498,0.005416,0.017082,-0.010193,6.9e-05,-0.010262,-0.03416,-0.009373,-0.024786,-0.161983,-0.06558,-0.096403
HEXA-B.ST,2014-08-07,-0.67,negative,Q3,0.028058,0.019376,0.008683,0.053872,0.016081,0.037791,0.08642,0.045933,0.040487,0.152637,0.061978,0.090659
HOLM-B.ST,2014-08-13,-40.81,negative,Q1,-0.010557,-0.000712,-0.009845,0.005781,0.022961,-0.01718,0.010431,0.02559,-0.015159,0.113862,0.052436,0.061426
BEIA-B.ST,2014-08-14,-13.53,negative,Q2,-0.002622,0.012083,-0.014705,-0.031459,0.021982,-0.053441,-0.099767,0.029743,-0.12951,-0.013108,0.041305,-0.054413
HUFV-A.ST,2014-08-21,-62.63,negative,Q1,0.010203,0.008655,0.001547,0.009778,0.004461,0.005317,-0.0316,0.025728,-0.057327,0.01247,0.032756,-0.020286
MEKO.ST,2014-08-21,6.95,positive,Q4,0.0,0.008655,-0.008655,0.0,0.004461,-0.004461,-0.021558,0.025728,-0.047285,0.157361,0.032756,0.124606
BALD-B.ST,2014-08-22,0.0,negative,Q3,0.056,0.002043,0.053957,0.032,-0.005528,0.037528,-0.010667,0.007625,-0.018292,0.018667,0.02081,-0.002144
PEAB-B.ST,2014-08-22,1.8,positive,Q3,0.019651,0.002043,0.017608,0.006339,-0.005528,0.011867,-0.016165,0.007625,-0.02379,0.000951,0.02081,-0.019859
EKTA-B.ST,2014-08-28,-391.67,negative,Q1,-0.025726,-0.001375,-0.024351,-0.008838,-0.00036,-0.008478,-0.102431,0.002523,-0.104953,-0.072917,0.049627,-0.122544
SYSR.ST,2014-08-28,51.97,positive,Q5,-0.004867,-0.001375,-0.003492,0.002212,-0.00036,0.002572,-0.054425,0.002523,-0.056948,-0.00708,0.049627,-0.056706
CLAS-B.ST,2014-09-10,-13.99,negative,Q2,-0.005579,0.004146,-0.009724,-0.028542,0.024539,-0.053081,-0.104956,-0.05822,-0.046736,-0.039958,0.050177,-0.090135
HM-B.ST,2014-09-25,1.27,positive,Q3,0.006431,-0.002728,0.009159,-0.015574,-0.01911,0.003537,-0.049378,-0.025693,-0.023685,0.10657,0.059257,0.047313
SKF-B.ST,2014-10-15,1.35,positive,Q3,0.029445,0.031037,-0.001591,0.058269,0.071495,-0.013227,0.101503,0.113762,-0.012258,0.269259,0.161524,0.107735
CAST.ST,2014-10-15,-21.5,negative,Q1,0.014411,0.031037,-0.016626,0.063663,0.071495,-0.007832,0.088836,0.113762,-0.024925,0.23568,0.161524,0.074157
FABG.ST,2014-10-16,13.86,positive,Q4,0.004677,-0.003063,0.00774,0.053944,0.036717,0.017228,0.098223,0.083532,0.014691,0.270034,0.138223,0.131812
GETI-B.ST,2014-10-16,11.71,positive,Q4,0.008383,-0.003063,0.011446,0.030102,0.036717,-0.006615,0.11134,0.083532,0.027808,0.101738,0.138223,-0.036485
TELIA.ST,2014-10-17,5.45,positive,Q4,0.010929,0.024249,-0.01332,0.039092,0.041244,-0.002152,0.112652,0.096397,0.016256,0.137032,0.149091,-0.012059
ATCO-A.ST,2014-10-20,1.86,positive,Q3,-0.005563,0.004647,-0.01021,0.036439,0.031913,0.004526,0.075104,0.067173,0.007931,0.186092,0.138756,0.047335
ELUX-B.ST,2014-10-20,6.23,positive,Q4,-0.007975,0.004647,-0.012621,0.013015,0.031913,-0.018898,0.068613,0.067173,0.00144,0.102242,0.138756,-0.036514
SWED-A.ST,2014-10-21,13.91,positive,Q4,0.009694,0.013047,-0.003353,0.034259,0.033925,0.000334,0.014981,0.059039,-0.044057,0.031064,0.142857,-0.111793
AFRY.ST,2014-10-21,-10.0,negative,Q2,0.021374,0.013047,0.008327,0.033058,0.033925,-0.000867,0.116415,0.059039,0.057376,0.19963,0.142857,0.056772
AXFO.ST,2014-10-22,12.16,positive,Q4,0.02049,-0.002428,0.022918,0.07322,0.02592,0.0473,0.058031,0.062888,-0.004857,0.168362,0.141582,0.02678
TIGO-SDB.ST,2014-10-22,17.91,positive,Q5,0.006938,-0.002428,0.009366,0.037208,0.02592,0.011288,0.083053,0.062888,0.020164,-0.074388,0.141582,-0.21597
INTRUM.ST,2014-10-22,22.09,positive,Q5,-0.008592,-0.002428,-0.006163,0.031503,0.02592,0.005583,0.056772,0.062888,-0.006116,0.123147,0.141582,-0.018435
TREL-B.ST,2014-10-22,6.94,positive,Q4,-0.012111,-0.002428,-0.009683,0.013035,0.02592,-0.012885,0.009751,0.062888,-0.053137,0.193985,0.141582,0.052403
HEXA-B.ST,2014-10-22,-13.79,negative,Q2,-0.00101,-0.002428,0.001418,0.007071,0.02592,-0.018849,0.054545,0.062888,-0.008343,0.127273,0.141582,-0.014309
BOL.ST,2014-10-22,-14.57,negative,Q2,-0.016198,-0.002428,-0.01377,0.023032,0.02592,-0.002888,0.089851,0.062888,0.026963,0.100987,0.141582,-0.040595
HUSQ-B.ST,2014-10-22,14.81,positive,Q4,-0.004716,-0.002428,-0.002287,0.023579,0.02592,-0.002341,0.035892,0.062888,-0.026996,0.056589,0.141582,-0.084993
SHB-A.ST,2014-10-22,2.58,positive,Q3,-0.001711,-0.002428,0.000717,0.018306,0.02592,-0.007614,0.031993,0.062888,-0.030895,0.115825,0.141582,-0.025757
ALIV-SDB.ST,2014-10-23,-8.76,negative,Q2,-0.016728,0.00129,-0.018019,0.026611,0.039947,-0.013337,0.137492,0.07215,0.065343,0.280313,0.128659,0.151654
TEL2-B.ST,2014-10-23,40.87,positive,Q5,-0.00548,0.00129,-0.00677,0.035292,0.039947,-0.004656,0.079132,0.07215,0.006982,0.077378,0.128659,-0.051281
SWEC-B.ST,2014-10-23,8.82,positive,Q4,0.0,0.00129,-0.00129,0.019739,0.039947,-0.020208,0.07422,0.07215,0.00207,0.104224,0.128659,-0.024435
SEB-A.ST,2014-10-23,-3.88,negative,Q3,0.001238,0.00129,-5.3e-05,0.044142,0.039947,0.004195,0.075083,0.07215,0.002933,0.109323,0.128659,-0.019336
HOLM-B.ST,2014-10-23,4.18,positive,Q3,0.003741,0.00129,0.002451,0.030749,0.039947,-0.009198,0.06033,0.07215,-0.01182,0.238279,0.128659,0.10962
ASSA-B.ST,2014-10-23,3.97,positive,Q3,0.006315,0.00129,0.005024,0.034347,0.039947,-0.0056,0.07855,0.07215,0.0064,0.177669,0.128659,0.04901
SAAB-B.ST,2014-10-23,-17.55,negative,Q2,0.037957,0.00129,0.036667,0.097215,0.039947,0.057268,0.131349,0.07215,0.059199,0.091207,0.128659,-0.037452
BEIA-B.ST,2014-10-23,1.67,positive,Q3,0.002973,0.00129,0.001682,0.023782,0.039947,-0.016165,0.119075,0.07215,0.046925,0.127993,0.128659,-0.000666
MTG-B.ST,2014-10-23,4.17,positive,Q3,-0.026966,0.00129,-0.028257,0.02427,0.039947,-0.015677,0.070562,0.07215,-0.001588,0.05618,0.128659,-0.07248
NCC-B.ST,2014-10-24,-0.77,negative,Q3,0.016622,0.015071,0.001551,0.025689,0.028468,-0.002779,0.084273,0.078682,0.005591,0.281065,0.14865,0.132415
ERIC-B.ST,2014-10-24,0.91,positive,Q3,0.010282,0.015071,-0.004789,0.046434,0.028468,0.017966,0.133333,0.078682,0.054651,0.199005,0.14865,0.050355
JM.ST,2014-10-24,-4.11,negative,Q3,0.011926,0.015071,-0.003144,0.047416,0.028468,0.018948,0.034116,0.078682,-0.044566,0.174051,0.14865,0.025402
VOLV-B.ST,2014-10-24,32.5,positive,Q5,0.023717,0.015071,0.008646,0.020052,0.028468,-0.008416,0.009056,0.078682,-0.069626,0.183269,0.14865,0.034619
SSAB-A.ST,2014-10-27,423.81,positive,Q5,0.009499,0.006605,0.002895,-0.043844,0.013792,-0.057635,0.002923,0.055752,-0.052829,-0.273657,0.13728,-0.410937
SAND.ST,2014-10-27,10.38,positive,Q4,0.011451,0.006605,0.004846,-0.003108,0.013792,-0.0169,0.020775,0.055752,-0.034977,0.070505,0.13728,-0.066775
BILL.ST,2014-10-28,15.38,positive,Q4,0.037773,0.005204,0.032569,0.052336,0.01737,0.034966,0.068871,0.054686,0.014186,0.222087,0.132145,0.089942
ALFA.ST,2014-10-28,30.53,positive,Q5,0.010707,0.005204,0.005503,0.028054,0.01737,0.010684,0.011371,0.054686,-0.043314,0.02739,0.132145,-0.104755
AAK.ST,2014-10-29,-3.82,negative,Q3,0.007362,0.011211,-0.003849,0.023488,0.01297,0.010519,0.031727,0.04592,-0.014193,0.130412,0.127947,0.002465
INDT.ST,2014-10-29,8.51,positive,Q4,0.034433,0.011211,0.023222,0.015423,0.01297,0.002454,0.031205,0.04592,-0.014714,0.175036,0.127947,0.047089
SCA-B.ST,2014-10-29,4.87,positive,Q4,-0.002094,0.011211,-0.013305,0.038381,0.01297,0.025411,0.063154,0.04592,0.017235,0.259944,0.127947,0.131997
SOBI.ST,2014-10-30,150.0,positive,Q5,-0.011834,-0.009762,-0.002072,0.001183,-0.001388,0.002571,-0.027811,0.026316,-0.054127,0.04142,0.127807,-0.086387
BALD-B.ST,2014-11-04,11.69,positive,Q4,0.010309,0.000856,0.009453,0.002577,-0.003698,0.006276,0.056701,0.023854,0.032847,0.28866,0.131151,0.157508
ITAB.ST,2014-11-04,-13.43,negative,Q2,-0.007177,0.000856,-0.008033,-0.033971,-0.003698,-0.030273,-0.086124,0.023854,-0.109979,0.086603,0.131151,-0.044549
SECU-B.ST,2014-11-04,8.07,positive,Q4,0.017868,0.000856,0.017012,0.033772,-0.003698,0.03747,0.060475,0.023854,0.036621,0.325545,0.131151,0.194393
HUFV-A.ST,2014-11-05,-11.76,negative,Q2,-0.008014,-0.003122,-0.004893,-0.011745,0.005272,-0.017018,0.052508,0.041968,0.010539,0.20257,0.124425,0.078145
WALL-B.ST,2014-11-05,-22.22,negative,Q1,0.008816,-0.003122,0.011938,0.021411,0.005272,0.016138,0.11377,0.041968,0.071801,0.253568,0.124425,0.129143
LOOMIS.ST,2014-11-06,15.99,positive,Q4,0.00716,0.004918,0.002242,0.031071,0.003344,0.027727,-0.00716,0.0404,-0.04756,0.315772,0.135986,0.179785
SKA-B.ST,2014-11-07,-42.76,negative,Q1,0.003225,0.005017,-0.001792,-0.008892,0.001481,-0.010373,0.022376,0.024276,-0.0019,0.212136,0.123575,0.088561
MEKO.ST,2014-11-12,26.34,positive,Q5,0.008179,-0.005034,0.013213,0.013631,0.000665,0.012966,0.046434,0.002176,0.044258,0.199455,0.155703,0.043752
PEAB-B.ST,2014-11-13,-5.88,negative,Q2,-0.009218,0.003052,-0.01227,0.020343,0.022552,-0.002209,0.046726,-0.004841,0.051567,0.385569,0.152157,0.233412
SYSR.ST,2014-11-27,1.82,positive,Q3,-0.009874,-0.007742,-0.002133,0.023788,0.009143,0.014645,0.021544,0.001671,0.019873,0.060144,0.137224,-0.077081
EKTA-B.ST,2014-11-27,-21.21,negative,Q1,0.038875,-0.007742,0.046617,0.030935,0.009143,0.021792,0.049462,0.001671,0.047791,0.125724,0.137224,-0.011501
CLAS-B.ST,2014-12-09,6.4,positive,Q4,0.001988,0.001132,0.000856,0.019478,-0.032661,0.052139,0.013648,-0.012396,0.026044,0.042931,0.146149,-0.103218
CAST.ST,2015-01-21,77.47,positive,Q5,0.000744,0.008265,-0.007521,0.014284,0.030576,-0.016292,0.097605,0.092228,0.005377,0.119923,0.119737,0.000185
NCC-B.ST,2015-01-27,7.26,positive,Q4,-0.001543,0.005023,-0.006566,0.016332,0.010736,0.005597,0.089556,0.078264,0.011293,0.075402,0.074868,0.000534
ERIC-B.ST,2015-01-27,6.21,positive,Q4,0.020609,0.005023,0.015585,0.017566,0.010736,0.00683,0.087967,0.078264,0.009703,-0.000415,0.074868,-0.075283
SKF-B.ST,2015-01-28,6.3,positive,Q4,0.010345,0.00206,0.008285,0.012429,0.010025,0.002404,0.085293,0.076823,0.00847,0.082391,0.041896,0.040494
ELUX-B.ST,2015-01-28,10.98,positive,Q4,0.01384,0.00206,0.01178,0.034036,0.010025,0.024011,0.077101,0.076823,0.000278,0.050668,0.041896,0.008772
GETI-B.ST,2015-01-28,2.77,positive,Q3,-0.004874,0.00206,-0.006933,0.068693,0.010025,0.058669,0.122766,0.076823,0.045943,0.010733,0.041896,-0.031163
HM-B.ST,2015-01-28,0.53,positive,Q3,0.013638,0.00206,0.011578,0.003269,0.010025,-0.006756,0.081407,0.076823,0.004584,0.025548,0.041896,-0.016348
INTRUM.ST,2015-01-29,10.0,positive,Q4,0.021777,0.001476,0.020301,0.063971,0.016477,0.047494,0.076141,0.071819,0.004322,0.227222,0.034581,0.192641
ALIV-SDB.ST,2015-01-29,16.77,positive,Q4,0.01361,0.001476,0.012134,0.064134,0.016477,0.047656,0.079141,0.071819,0.007322,0.144904,0.034581,0.110323
SAND.ST,2015-01-29,-2.54,negative,Q3,0.008085,0.001476,0.006609,0.048361,0.016477,0.031883,0.062734,0.071819,-0.009085,0.209612,0.034581,0.175031
ATCO-A.ST,2015-01-29,-4.39,negative,Q2,-0.001807,0.001476,-0.003283,0.046759,0.016477,0.030281,0.089225,0.071819,0.017406,0.073639,0.034581,0.039058
SEB-A.ST,2015-01-29,-25.31,negative,Q1,-0.000561,0.001476,-0.002037,0.006921,0.016477,-0.009556,0.062103,0.071819,-0.009717,0.106809,0.034581,0.072228
TELIA.ST,2015-01-29,22.68,positive,Q5,-0.006128,0.001476,-0.007604,0.026427,0.016477,0.009949,0.035236,0.071819,-0.036583,0.076599,0.034581,0.042018
SCA-B.ST,2015-01-30,26.3,positive,Q5,-0.021324,0.011086,-0.03241,-0.050955,0.009807,-0.060762,-0.024093,0.054522,-0.078615,0.072556,0.036903,0.035653
TEL2-B.ST,2015-01-30,10.78,positive,Q4,0.004915,0.011086,-0.006172,0.052778,0.009807,0.042971,0.042094,0.054522,-0.012428,0.212821,0.036903,0.175917
SWED-A.ST,2015-02-03,-3.42,negative,Q3,-0.000515,0.004316,-0.004831,-0.004944,0.008685,-0.013629,0.083943,0.057146,0.026797,-0.024307,0.003079,-0.027386
ALFA.ST,2015-02-03,6.44,positive,Q4,0.018971,0.004316,0.014654,0.009119,0.008685,0.000434,0.043234,0.057146,-0.013912,0.04356,0.003079,0.040481
AAK.ST,2015-02-03,18.04,positive,Q5,0.002026,0.004316,-0.002291,0.054698,0.008685,0.046014,0.060932,0.057146,0.003786,0.16129,0.003079,0.158212
BILL.ST,2015-02-03,-8.82,negative,Q2,-0.014085,0.004316,-0.018401,0.003062,0.008685,-0.005623,0.050827,0.057146,-0.006319,0.1079,0.003079,0.104821
TIGO-SDB.ST,2015-02-03,-43.06,negative,Q1,0.021812,0.004316,0.017496,0.041809,0.008685,0.033124,0.069067,0.057146,0.011921,0.157268,0.003079,0.15419
MTG-B.ST,2015-02-04,15.95,positive,Q4,0.005372,0.008461,-0.00309,0.098031,0.024098,0.073932,0.204118,0.048178,0.155941,0.215757,0.000958,0.214798
ITAB.ST,2015-02-04,10.17,positive,Q4,0.008437,0.008461,-2.5e-05,0.068384,0.024098,0.044285,0.018206,0.048178,-0.029972,0.383215,0.000958,0.382257
SHB-A.ST,2015-02-04,-11.22,negative,Q2,0.007064,0.008461,-0.001397,0.016954,0.024098,-0.007144,0.098273,0.048178,0.050096,0.038462,0.000958,0.037503
LOOMIS.ST,2015-02-04,7.51,positive,Q4,0.002664,0.008461,-0.005798,0.04528,0.024098,0.021182,0.019231,0.048178,-0.028947,-0.010974,0.000958,-0.011932
FABG.ST,2015-02-04,4.0,positive,Q3,0.006679,0.008461,-0.001783,0.043411,0.024098,0.019312,-0.011576,0.048178,-0.059754,0.041184,0.000958,0.040226
VOLV-B.ST,2015-02-05,-181.4,negative,Q1,-0.012651,-0.005096,-0.007555,-0.001116,0.026564,-0.027681,0.016744,0.038018,-0.021273,0.196279,0.010568,0.185711
SECU-B.ST,2015-02-05,14.79,positive,Q4,-0.013183,-0.005096,-0.008087,0.034217,0.026564,0.007653,0.020145,0.038018,-0.017872,0.04029,0.010568,0.029722
ASSA-B.ST,2015-02-05,4.94,positive,Q4,0.005004,-0.005096,0.0101,0.050195,0.026564,0.023631,0.04957,0.038018,0.011552,0.058874,0.010568,0.048306
BILI-A.ST,2015-02-06,21.97,positive,Q5,0.017074,0.007128,0.009946,0.022936,0.033236,-0.0103,0.078236,0.031611,0.046625,0.249745,0.016108,0.233637
ENRO.ST,2015-02-06,-10.0,negative,Q2,-0.031824,0.007128,-0.038952,-0.170078,0.033236,-0.203313,0.042916,0.031611,0.011304,-0.322858,0.016108,-0.338966
HUSQ-B.ST,2015-02-06,19.44,positive,Q5,0.016344,0.007128,0.009216,0.036559,0.033236,0.003324,-0.010108,0.031611,-0.041719,-0.045376,0.016108,-0.061485
HEXA-B.ST,2015-02-06,2.78,positive,Q3,-0.006579,0.007128,-0.013707,0.01398,0.033236,-0.019255,-0.040296,0.031611,-0.071907,0.154605,0.016108,0.138497
NEWA-B.ST,2015-02-06,-10.39,negative,Q2,-0.009476,0.007128,-0.016604,-0.037271,0.033236,-0.070507,-0.016425,0.031611,-0.048036,-0.000632,0.016108,-0.01674
HOLM-B.ST,2015-02-09,181.72,positive,Q5,0.000389,-0.006061,0.00645,-0.009423,0.017626,-0.027049,-0.003109,0.03779,-0.040899,-0.097824,-0.001649,-0.096175
BEIA-B.ST,2015-02-09,0.0,negative,Q3,0.010039,-0.006061,0.0161,0.067903,0.017626,0.050277,0.050335,0.03779,0.012544,-0.027468,-0.001649,-0.025819
AXFO.ST,2015-02-10,-3.68,negative,Q3,0.012869,0.019663,-0.006795,0.003373,0.03711,-0.033737,-0.028236,0.043098,-0.071334,0.135182,0.018192,0.11699
SSAB-A.ST,2015-02-10,102.53,positive,Q5,0.046861,0.019663,0.027198,0.176524,0.03711,0.139414,0.050045,0.043098,0.006948,0.202002,0.018192,0.183809
SAAB-B.ST,2015-02-10,13.07,positive,Q4,0.017627,0.019663,-0.002036,0.056932,0.03711,0.019821,0.038352,0.043098,-0.004746,0.047642,0.018192,0.029449
LIAB.ST,2015-02-10,-11.7,negative,Q2,0.038241,0.019663,0.018578,0.063366,0.03711,0.026256,0.061888,0.043098,0.01879,0.054129,0.018192,0.035937
AFRY.ST,2015-02-10,-12.68,negative,Q2,0.021628,0.019663,0.001965,0.040255,0.03711,0.003145,-0.00375,0.043098,-0.046848,-0.028504,0.018192,-0.046696
JM.ST,2015-02-11,7.16,positive,Q4,0.014641,0.01089,0.003751,0.002385,0.023322,-0.020937,-0.03161,0.025102,-0.056713,None,None,None
FAG.ST,2015-02-11,-6.35,negative,Q2,0.026445,0.01089,0.015555,0.020895,0.023322,-0.002427,0.024486,0.025102,-0.000617,None,None,None
MEKO.ST,2015-02-12,-6.88,negative,Q2,0.016167,0.00137,0.014798,0.016167,0.013575,0.002593,0.041574,0.029004,0.01257,0.086202,-0.015565,0.101767
SKA-B.ST,2015-02-12,-51.55,negative,Q1,0.005813,0.00137,0.004443,0.002459,0.013575,-0.011115,-0.020493,0.029004,-0.049497,-0.124674,-0.015565,-0.109109
PEAB-B.ST,2015-02-12,-47.66,negative,Q1,0.0186,0.00137,0.017231,0.02232,0.013575,0.008746,0.00744,0.029004,-0.021563,0.000698,-0.015565,0.016263
HUFV-A.ST,2015-02-12,-86.67,negative,Q1,0.005938,0.00137,0.004568,0.010996,0.013575,-0.002578,-0.007587,0.029004,-0.036591,-0.033649,-0.015565,-0.018083
WIHL.ST,2015-02-12,11.11,positive,Q4,0.011494,0.00137,0.010125,0.009031,0.013575,-0.004543,-0.043514,0.029004,-0.072517,-0.054187,-0.015565,-0.038622
SWEC-B.ST,2015-02-12,13.2,positive,Q4,0.006494,0.00137,0.005124,0.020202,0.013575,0.006627,-0.00938,0.029004,-0.038383,0.097763,-0.015565,0.113329
BOL.ST,2015-02-12,16.47,positive,Q4,-0.008579,0.00137,-0.009949,0.017888,0.013575,0.004314,0.028384,0.029004,-0.00062,0.144109,-0.015565,0.159674
NOBI.ST,2015-02-13,-6.59,negative,Q2,-0.006825,-0.008087,0.001262,-0.008832,0.021399,-0.030231,-0.059414,0.019209,-0.078623,0.172621,-0.013209,0.18583
TREL-B.ST,2015-02-13,-1.46,negative,Q3,-0.036563,-0.008087,-0.028476,-0.00767,0.021399,-0.029069,-0.036563,0.019209,-0.055772,-0.010351,-0.013209,0.002858
DUNI.ST,2015-02-13,-17.0,negative,Q2,-0.010216,-0.008087,-0.002129,-0.03269,0.021399,-0.054089,0.016345,0.019209,-0.002864,0.038933,-0.013209,0.052142
INDT.ST,2015-02-16,11.59,positive,Q4,0.002069,0.012969,-0.0109,0.051729,0.032447,0.019282,0.087201,0.044739,0.042462,0.191842,0.001388,0.190453
BALD-B.ST,2015-02-18,-78.32,negative,Q1,0.002132,0.001261,0.000871,0.051173,0.013591,0.037581,0.009239,0.029258,-0.020019,0.060412,-0.012059,0.072471
WALL-B.ST,2015-02-18,22.86,positive,Q5,-0.009494,0.001261,-0.010755,-0.003481,0.013591,-0.017072,-0.047152,0.029258,-0.07641,-0.071835,-0.012059,-0.059776
SOBI.ST,2015-02-19,113.64,positive,Q5,0.018085,0.0091,0.008985,-0.004255,0.016041,-0.020296,-0.044149,0.02046,-0.064609,0.45,-0.009535,0.459535
LIFCO-B.ST,2015-02-20,-84.2,negative,Q1,0.078704,0.002642,0.076061,0.075231,0.004264,0.070968,0.058642,0.012986,0.045656,0.196759,-0.017141,0.2139
EKTA-B.ST,2015-03-04,-49.35,negative,Q1,-0.012342,-0.004203,-0.008139,-0.030632,-0.004719,-0.025913,None,None,None,-0.366097,-0.026682,-0.339414
SYSR.ST,2015-03-05,-15.15,negative,Q2,0.004766,-0.001314,0.00608,-0.011698,0.001553,-0.013252,0.083622,0.020982,0.062641,0.17201,-0.033738,0.205748
CLAS-B.ST,2015-03-11,1.19,positive,Q3,0.011307,0.002072,0.009235,0.007581,0.027573,-0.019993,0.092766,0.023272,0.069494,0.189387,-0.034178,0.223565
HM-B.ST,2015-03-24,8.46,positive,Q4,0.0,-0.011085,0.011085,0.003193,-0.014696,0.017889,0.009578,0.002432,0.007146,-0.017194,-0.055045,0.037851
CAST.ST,2015-04-15,-9.14,negative,Q2,-0.005108,-0.020825,0.015717,0.007392,-0.000684,0.008076,-0.063441,-0.040426,-0.023015,-0.037634,-0.032414,-0.00522
SKF-B.ST,2015-04-17,23.03,positive,Q5,0.004288,0.009798,-0.00551,0.042473,0.024818,0.017656,-0.022376,-0.024309,0.001933,-0.134923,-0.0148,-0.120124
GETI-B.ST,2015-04-20,-4.14,negative,Q3,-0.01014,0.006801,-0.016942,-0.027222,-0.008971,-0.018251,-0.057155,-0.030999,-0.026157,-0.042406,-0.034406,-0.007999
TELIA.ST,2015-04-21,8.05,positive,Q4,0.023035,-0.009657,0.032692,0.020841,-0.041067,0.061908,0.017916,-0.033868,0.051784,0.03181,-0.049806,0.081616
BILL.ST,2015-04-21,3.04,positive,Q3,-0.001323,-0.009657,0.008335,-0.051389,-0.041067,-0.010322,-0.022184,-0.033868,0.011685,-0.101353,-0.049806,-0.051547
FAG.ST,2015-04-21,-4.9,negative,Q2,-0.04186,-0.009657,-0.032203,-0.029001,-0.041067,0.012066,0.054993,-0.033868,0.088862,-0.040492,-0.049806,0.009314
INVE-B.ST,2015-04-21,226.8,positive,Q5,-0.014344,-0.009657,-0.004687,-0.048741,-0.041067,-0.007674,-0.031177,-0.033868,0.002692,-0.032641,-0.049806,0.017166
JM.ST,2015-04-21,-24.58,negative,Q1,-0.031818,-0.009657,-0.022161,-0.065138,-0.041067,-0.024071,-0.065138,-0.033868,-0.031269,-0.147686,-0.049806,-0.097879
HUSQ-B.ST,2015-04-21,2.24,positive,Q3,-0.003272,-0.009657,0.006386,-0.014177,-0.041067,0.026891,0.058015,-0.033868,0.091884,-0.009597,-0.049806,0.04021
TEL2-B.ST,2015-04-21,11.76,positive,Q4,-0.022676,-0.009657,-0.013019,-0.029773,-0.041067,0.011294,-0.120824,-0.033868,-0.086956,-0.157348,-0.049806,-0.107542
MTG-B.ST,2015-04-22,16.05,positive,Q4,-0.006812,0.005172,-0.011984,-0.00502,-0.036534,0.031514,0.097369,-0.023129,0.120498,0.008072,-0.041403,0.049474
ALIV-SDB.ST,2015-04-22,21.37,positive,Q5,0.0,0.005172,-0.005172,-0.027228,-0.036534,0.009306,0.072763,-0.023129,0.095892,-0.096574,-0.041403,-0.055171
AXFO.ST,2015-04-22,18.45,positive,Q5,0.035285,0.005172,0.030113,0.052125,-0.036534,0.088659,0.036889,-0.023129,0.060018,0.158552,-0.041403,0.199955
VOLV-B.ST,2015-04-22,-23.26,negative,Q1,0.010143,0.005172,0.004972,-0.032749,-0.036534,0.003785,-0.036951,-0.023129,-0.013822,-0.127952,-0.041403,-0.08655
AAK.ST,2015-04-22,1.6,positive,Q3,0.01388,0.005172,0.008708,-0.025832,-0.036534,0.010702,0.022234,-0.023129,0.045363,0.061432,-0.041403,0.102834
INTRUM.ST,2015-04-22,-1.8,negative,Q3,0.022965,0.005172,0.017793,-0.011224,-0.036534,0.02531,-0.019546,-0.023129,0.003583,0.106438,-0.041403,0.14784
DUST.ST,2015-04-22,3.33,positive,Q3,-0.007874,0.005172,-0.013046,-0.03937,-0.036534,-0.002836,-0.019685,-0.023129,0.003444,-0.03937,-0.041403,0.002032
TIGO-SDB.ST,2015-04-22,-40.91,negative,Q1,0.002958,0.005172,-0.002214,-0.035546,-0.036534,0.000988,0.024829,-0.023129,0.047958,-0.004316,-0.041403,0.037087
KINV-B.ST,2015-04-23,-108.72,negative,Q1,0.011429,0.012612,-0.001183,-0.025714,-0.037921,0.012207,0.768571,-0.035339,0.803911,0.734286,-0.050462,0.784748
SEB-A.ST,2015-04-23,15.93,positive,Q4,0.012042,0.012612,-0.000569,-0.028098,-0.037921,0.009823,-0.024419,-0.035339,0.01092,-0.017896,-0.050462,0.032566
TREL-B.ST,2015-04-23,5.18,positive,Q4,0.029769,0.012612,0.017157,-0.045592,-0.037921,-0.007671,-0.03685,-0.035339,-0.001511,-0.102818,-0.050462,-0.052356
ERIC-B.ST,2015-04-23,-18.09,negative,Q2,0.001084,0.012612,-0.011528,-0.071545,-0.037921,-0.033623,-0.053794,-0.035339,-0.018455,-0.054743,-0.050462,-0.00428
FABG.ST,2015-04-23,-6.42,negative,Q2,0.001387,0.012612,-0.011225,-0.019814,-0.037921,0.018108,-0.077868,-0.035339,-0.042529,-0.076283,-0.050462,-0.025821
ALFA.ST,2015-04-23,2.5,positive,Q3,0.01103,0.012612,-0.001582,-0.029314,-0.037921,0.008608,0.000666,-0.035339,0.036005,-0.035384,-0.050462,0.015079
ENRO.ST,2015-04-24,-221.74,negative,Q1,-0.034323,-0.023496,-0.010827,-0.192529,-0.072357,-0.120171,-0.324553,-0.032475,-0.292078,-0.431992,-0.080586,-0.351406
ELUX-B.ST,2015-04-24,105.26,positive,Q5,-0.017306,-0.023496,0.00619,-0.068124,-0.072357,0.004233,-0.009779,-0.032475,0.022695,-0.061751,-0.080586,0.018835
SAAB-B.ST,2015-04-24,-52.41,negative,Q1,-0.02053,-0.023496,0.002966,-0.063135,-0.072357,0.009223,0.002649,-0.032475,0.035124,-0.07947,-0.080586,0.001116
NOBI.ST,2015-04-27,38.46,positive,Q5,-0.013666,-0.025806,0.01214,-0.032456,-0.05677,0.024314,0.019132,-0.007421,0.026553,0.077212,-0.054363,0.131575
LIAB.ST,2015-04-27,-32.69,negative,Q1,-0.037362,-0.025806,-0.011555,-0.059349,-0.05677,-0.002578,0.008101,-0.007421,0.015522,-0.164821,-0.054363,-0.110458
SAND.ST,2015-04-27,37.59,positive,Q5,-0.038505,-0.025806,-0.012699,-0.00684,-0.05677,0.049931,0.063711,-0.007421,0.071132,-0.140595,-0.054363,-0.086232
SSAB-A.ST,2015-04-27,65.71,positive,Q5,-0.034989,-0.025806,-0.009183,-0.002257,-0.05677,0.054513,-0.04778,-0.007421,-0.040359,-0.214823,-0.054363,-0.16046
WALL-B.ST,2015-04-28,-32.56,negative,Q1,-0.00362,-0.004976,0.001356,-0.058243,-0.029661,-0.028582,-0.053636,0.005385,-0.059021,-0.117473,-0.023418,-0.094055
ASSA-B.ST,2015-04-28,-2.03,negative,Q3,-0.012451,-0.004976,-0.007475,-0.021808,-0.029661,0.007853,0.038532,0.005385,0.033147,0.050468,-0.023418,0.073886
SWED-A.ST,2015-04-28,4.55,positive,Q4,0.002115,-0.004976,0.007091,-0.015411,-0.029661,0.01425,0.030923,0.005385,0.025538,0.034045,-0.023418,0.057463
ATCO-A.ST,2015-04-28,-0.69,negative,Q3,0.00465,-0.004976,0.009626,-0.022828,-0.029661,0.006832,0.017755,0.005385,0.01237,-0.087508,-0.023418,-0.06409
NCC-B.ST,2015-04-29,-13.25,negative,Q2,-0.005179,0.003724,-0.008903,-0.025634,-0.007115,-0.018519,-0.031849,0.013237,-0.045086,-0.070861,-0.015073,-0.055788
BILI-A.ST,2015-04-29,57.62,positive,Q5,0.037085,0.003724,0.033361,0.053903,-0.007115,0.061018,0.097671,0.013237,0.084434,0.175075,-0.015073,0.190149
BEIA-B.ST,2015-04-29,-10.26,negative,Q2,0.029441,0.003724,0.025717,-0.005262,-0.007115,0.001853,0.0,0.013237,-0.013237,0.029441,-0.015073,0.044514
INDT.ST,2015-04-29,2.22,positive,Q3,0.002733,0.003724,-0.000991,-0.019627,-0.007115,-0.012512,-0.005963,0.013237,-0.0192,0.024596,-0.015073,0.03967
THULE.ST,2015-04-29,21.67,positive,Q5,0.015773,0.003724,0.012049,0.086823,-0.007115,0.093938,0.081519,0.013237,0.068281,0.084171,-0.015073,0.099244
SHB-A.ST,2015-04-29,2.56,positive,Q3,-0.01684,0.003724,-0.020564,-0.020794,-0.007115,-0.013678,0.002636,0.013237,-0.010602,0.021233,-0.015073,0.036306
AFRY.ST,2015-04-29,0.0,negative,Q3,-0.012945,0.003724,-0.01667,-0.019867,-0.007115,-0.012751,0.033709,0.013237,0.020472,0.055499,-0.015073,0.070572
NEWA-B.ST,2015-04-29,32.0,positive,Q5,0.00679,0.003724,0.003066,-0.039506,-0.007115,-0.032391,0.018519,0.013237,0.005281,0.018519,-0.015073,0.033592
WIHL.ST,2015-04-29,27.19,positive,Q5,0.0,0.003724,-0.003724,-0.052369,-0.007115,-0.045254,-0.115544,0.013237,-0.128782,-0.064838,-0.015073,-0.049765
SCA-B.ST,2015-04-30,1.17,positive,Q3,-0.006971,-0.023633,0.016662,0.003615,-0.010444,0.014059,0.011361,0.002786,0.008575,0.126517,-0.011296,0.137812
ITAB.ST,2015-05-04,12.96,positive,Q4,-0.030978,-0.007088,-0.02389,0.005163,0.002894,0.002269,0.038722,0.028962,0.00976,0.033559,0.014291,0.019268
BOL.ST,2015-05-05,-17.61,negative,Q2,0.027148,0.002194,0.024955,0.048038,0.023883,0.024155,0.005751,0.025781,-0.02003,-0.078231,0.017488,-0.095719
HUFV-A.ST,2015-05-05,6.0,positive,Q4,-0.004502,0.002194,-0.006696,-0.00912,0.023883,-0.033003,-0.018125,0.025781,-0.043906,0.023551,0.017488,0.006063
LOOMIS.ST,2015-05-06,13.78,positive,Q4,-0.03124,0.018143,-0.049383,None,None,None,-0.03905,0.011845,-0.050894,-0.1039,0.025052,-0.128952
SKA-B.ST,2015-05-06,-17.02,negative,Q2,0.028447,0.018143,0.010303,None,None,None,-0.012767,0.011845,-0.024611,0.055694,0.025052,0.030641
SOBI.ST,2015-05-06,100.0,positive,Q5,0.001478,0.018143,-0.016665,None,None,None,-0.028825,0.011845,-0.040669,-0.116038,0.025052,-0.141091
HEXA-B.ST,2015-05-06,-6.06,negative,Q2,0.033015,0.018143,0.014872,None,None,None,0.047689,0.011845,0.035844,-0.063096,0.025052,-0.088148
LIFCO-B.ST,2015-05-06,-2.56,negative,Q3,0.015716,0.018143,-0.002427,None,None,None,-0.018107,0.011845,-0.029952,0.082679,0.025052,0.057626
BALD-B.ST,2015-05-06,-13.25,negative,Q2,0.045586,0.018143,0.027443,None,None,None,-0.043415,0.011845,-0.05526,0.065847,0.025052,0.040794
SWEC-B.ST,2015-05-07,8.93,positive,Q4,0.0,0.000359,-0.000359,0.048949,1.7e-05,0.048931,0.035505,-0.016635,0.05214,0.037573,0.003161,0.034412
SECU-B.ST,2015-05-08,4.37,positive,Q3,-0.018743,-0.010472,-0.008271,-0.022266,0.003424,-0.02569,-0.04876,-0.018057,-0.030703,-0.012824,-0.002939,-0.009885
HOLM-B.ST,2015-05-08,-8.62,negative,Q2,-0.028963,-0.010472,-0.018491,-0.0344,0.003424,-0.037824,-0.04266,-0.018057,-0.024603,-0.020807,-0.002939,-0.017868
EKTA-B.ST,2015-06-02,-45.45,negative,Q1,-0.016609,-0.010158,-0.006451,-0.036678,-0.019072,-0.017606,-0.011995,-0.053658,0.041663,0.038524,-0.104665,0.143188
CLAS-B.ST,2015-06-10,46.15,positive,Q5,-0.019121,-0.00471,-0.014411,-0.068489,-0.026461,-0.042028,-0.012747,0.005939,-0.018686,-0.035001,-0.060905,0.025904
SYSR.ST,2015-06-11,-24.32,negative,Q1,-0.031696,-0.018993,-0.012703,-0.067224,0.005814,-0.073038,-0.043191,0.01184,-0.05503,-0.136538,-0.064474,-0.072063
HM-B.ST,2015-06-25,0.26,positive,Q3,-0.030985,-0.030126,-0.000858,-0.030985,-0.033983,0.002998,0.007207,-0.016742,0.023949,-0.066743,-0.116126,0.049383
WIHL.ST,2015-07-06,12.01,positive,Q4,0.01857,0.00314,0.01543,0.064995,0.066042,-0.001046,0.06221,0.073415,-0.011205,0.004643,-0.068109,0.072751
FABG.ST,2015-07-06,5.17,positive,Q4,0.019569,0.00314,0.016429,0.072715,0.066042,0.006673,0.054703,0.073415,-0.018712,0.043585,-0.068109,0.111693
DUST.ST,2015-07-07,-8.97,negative,Q2,0.060748,0.01888,0.041868,0.102804,0.053317,0.049487,0.098131,0.066203,0.031928,-0.004673,-0.042019,0.037346
ITAB.ST,2015-07-09,22.22,positive,Q5,0.017527,0.015016,0.002512,0.060094,0.028245,0.031849,0.005008,0.02892,-0.023913,0.109859,-0.087099,0.196958
DUNI.ST,2015-07-10,-11.11,negative,Q2,-0.033442,0.001128,-0.03457,-0.010437,0.02417,-0.034606,-0.060599,0.000183,-0.060783,0.054315,-0.092873,0.147188
AFRY.ST,2015-07-13,20.77,positive,Q5,-0.003665,-0.008834,0.005169,0.0,0.01248,-0.01248,-0.043031,-0.025497,-0.017534,-0.026481,-0.081983,0.055503
SEB-A.ST,2015-07-14,12.89,positive,Q4,0.010246,0.021319,-0.011073,-0.022145,0.012049,-0.034194,-0.048918,-0.00488,-0.044037,-0.13221,-0.075244,-0.056966
JM.ST,2015-07-14,-14.11,negative,Q2,0.02217,0.021319,0.000851,0.018582,0.012049,0.006533,0.055675,-0.00488,0.060555,0.070168,-0.075244,0.145412
SKF-B.ST,2015-07-15,9.09,positive,Q4,-0.011239,-0.000399,-0.010839,-0.016858,-0.009967,-0.006891,-0.040522,-0.030128,-0.010394,-0.092362,-0.107578,0.015215
AXFO.ST,2015-07-15,1.92,positive,Q3,0.012766,-0.000399,0.013165,0.032782,-0.009967,0.042749,0.024203,-0.030128,0.054331,0.038501,-0.107578,0.146079
CAST.ST,2015-07-15,-2.5,negative,Q3,-0.012989,-0.000399,-0.01259,-0.041341,-0.009967,-0.031374,-0.015363,-0.030128,0.014765,-0.041341,-0.107578,0.066237
GETI-B.ST,2015-07-15,-13.83,negative,Q2,0.009205,-0.000399,0.009604,0.006762,-0.009967,0.016729,-0.020285,-0.030128,0.009843,-0.057503,-0.107578,0.050074
ATCO-A.ST,2015-07-16,0.0,negative,Q3,0.032088,0.010993,0.021095,-0.032747,-0.013858,-0.018889,-0.053846,-0.026082,-0.027764,-0.143297,-0.117835,-0.025461
ALFA.ST,2015-07-16,7.63,positive,Q4,-0.002447,0.010993,-0.01344,-0.033667,-0.013858,-0.019809,-0.064887,-0.026082,-0.038805,-0.136448,-0.117835,-0.018612
ENRO.ST,2015-07-16,-93.33,negative,Q1,-0.009028,0.010993,-0.02002,0.102778,-0.013858,0.116636,0.198264,-0.026082,0.224346,0.071875,-0.117835,0.18971
INTRUM.ST,2015-07-16,15.26,positive,Q4,0.014024,0.010993,0.003032,0.007863,-0.013858,0.021721,0.007863,-0.026082,0.033945,-0.003462,-0.117835,0.114373
SCA-B.ST,2015-07-16,7.83,positive,Q4,-0.002327,0.010993,-0.01332,0.009076,-0.013858,0.022934,0.009076,-0.026082,0.035158,-0.085176,-0.117835,0.03266
LIFCO-B.ST,2015-07-16,25.5,positive,Q5,0.008994,0.010993,-0.001999,0.021652,-0.013858,0.035511,0.099267,-0.026082,0.125349,0.088941,-0.117835,0.206776
SWED-A.ST,2015-07-16,-9.29,negative,Q2,0.00782,0.010993,-0.003173,-0.006294,-0.013858,0.007564,-0.030231,-0.026082,-0.004149,-0.074194,-0.117835,0.043641
SOBI.ST,2015-07-16,142.86,positive,Q5,0.003416,0.010993,-0.007577,-0.017933,-0.013858,-0.004075,-0.048676,-0.026082,-0.022595,-0.016225,-0.117835,0.10161
INVE-B.ST,2015-07-16,-66.1,negative,Q1,0.01368,0.010993,0.002687,-0.007517,-0.013858,0.006342,-0.021948,-0.026082,0.004133,-0.113951,-0.117835,0.003885
NCC-B.ST,2015-07-17,-13.36,negative,Q2,-0.013643,-0.010299,-0.003345,-0.067588,-0.043614,-0.023974,-0.030787,-0.042284,0.011497,-0.003052,-0.120702,0.11765
ALIV-SDB.ST,2015-07-17,6.58,positive,Q4,-0.014773,-0.010299,-0.004474,-0.079241,-0.043614,-0.035626,-0.049656,-0.042284,-0.007372,-0.011938,-0.120702,0.108763
SAND.ST,2015-07-17,-5.48,negative,Q2,-0.028326,-0.010299,-0.018028,-0.075446,-0.043614,-0.031832,-0.03963,-0.042284,0.002655,-0.166008,-0.120702,-0.045306
ASSA-B.ST,2015-07-17,-0.58,negative,Q3,-0.014348,-0.010299,-0.00405,-0.057393,-0.043614,-0.013778,-0.025827,-0.042284,0.016458,-0.129817,-0.120702,-0.009115
AAK.ST,2015-07-17,-1.17,negative,Q3,-0.00251,-0.010299,0.007789,-0.028681,-0.043614,0.014934,0.026171,-0.042284,0.068456,-0.034656,-0.120702,0.086046
BOL.ST,2015-07-17,20.2,positive,Q5,-0.009643,-0.010299,0.000655,-0.10192,-0.043614,-0.058306,-0.120625,-0.042284,-0.078341,-0.118381,-0.120702,0.002321
SWEC-B.ST,2015-07-17,24.49,positive,Q5,-0.022705,-0.010299,-0.012407,-0.047649,-0.043614,-0.004035,-0.016629,-0.042284,0.025655,0.138152,-0.120702,0.258854
TELIA.ST,2015-07-17,-1.16,negative,Q3,-0.010161,-0.010299,0.000137,-0.021724,-0.043614,0.021891,-0.056762,-0.042284,-0.014478,-0.203574,-0.120702,-0.082872
VOLV-B.ST,2015-07-17,-2.08,negative,Q3,-0.003753,-0.010299,0.006545,-0.045529,-0.043614,-0.001914,-0.057931,-0.042284,-0.015646,-0.194027,-0.120702,-0.073325
LIAB.ST,2015-07-17,-28.8,negative,Q1,0.000755,-0.010299,0.011054,-0.052661,-0.043614,-0.009047,-0.015289,-0.042284,0.026996,-0.062476,-0.120702,0.058226
HUSQ-B.ST,2015-07-17,-2.46,negative,Q3,-0.017018,-0.010299,-0.006719,-0.054882,-0.043614,-0.011268,-0.074878,-0.042284,-0.032593,-0.155499,-0.120702,-0.034797
ELUX-B.ST,2015-07-17,27.11,positive,Q5,-0.005087,-0.010299,0.005212,-0.023891,-0.043614,0.019723,-0.061043,-0.042284,-0.018758,-0.049326,-0.120702,0.071376
ERIC-B.ST,2015-07-17,43.56,positive,Q5,-0.002112,-0.010299,0.008187,-0.031677,-0.043614,0.011938,-0.055892,-0.042284,-0.013607,-0.08968,-0.120702,0.031022
SAAB-B.ST,2015-07-17,-39.83,negative,Q1,0.01448,-0.010299,0.024778,-0.071063,-0.043614,-0.027448,-0.003341,-0.042284,0.038943,0.052796,-0.120702,0.173498
BILL.ST,2015-07-20,-6.8,negative,Q2,-0.01954,-0.009256,-0.010284,-0.027534,-0.029453,0.001919,-0.062396,-0.050666,-0.01173,-0.086377,-0.112478,0.026101
NOBI.ST,2015-07-20,7.98,positive,Q4,0.000948,-0.009256,0.010204,-0.004106,-0.029453,0.025347,-0.022426,-0.050666,0.02824,-0.036008,-0.112478,0.076471
TEL2-B.ST,2015-07-21,-20.39,negative,Q1,-0.023213,-0.000899,-0.022314,-0.02917,-0.014436,-0.014734,-0.091824,-0.053588,-0.038236,-0.171528,-0.100701,-0.070827
TIGO-SDB.ST,2015-07-21,-115.62,negative,Q1,-0.015181,-0.000899,-0.014282,-0.05233,-0.014436,-0.037894,-0.110703,-0.053588,-0.057115,-0.221383,-0.100701,-0.120681
TREL-B.ST,2015-07-21,7.98,positive,Q4,-0.015247,-0.000899,-0.014348,-0.059101,-0.014436,-0.044665,-0.093367,-0.053588,-0.039779,-0.185476,-0.100701,-0.084775
MTG-B.ST,2015-07-21,0.81,positive,Q3,-0.007425,-0.000899,-0.006526,-0.041813,-0.014436,-0.027377,-0.132083,-0.053588,-0.078494,-0.09027,-0.100701,0.010432
SHB-A.ST,2015-07-21,0.95,positive,Q3,0.001406,-0.000899,0.002305,-0.020245,-0.014436,-0.005808,-0.066498,-0.053588,-0.01291,-0.076339,-0.100701,0.024362
THULE.ST,2015-07-22,7.47,positive,Q4,-0.002417,-0.004328,0.001912,-0.012083,-0.010071,-0.002013,-0.038413,-0.076833,0.03842,0.039176,-0.094542,0.133718
KINV-B.ST,2015-07-22,-46.53,negative,Q1,0.0,-0.004328,0.004328,0.001647,-0.010071,0.011718,-0.118616,-0.076833,-0.041783,-0.07743,-0.094542,0.017112
SSAB-A.ST,2015-07-22,-41.82,negative,Q1,-0.001439,-0.004328,0.002889,0.016307,-0.010071,0.026378,-0.108873,-0.076833,-0.03204,-0.163549,-0.094542,-0.069007
SKA-B.ST,2015-07-23,7.25,positive,Q4,-0.014952,-0.019513,0.004561,0.010598,0.001763,0.008835,-0.128985,-0.114535,-0.01445,-0.145662,-0.099646,-0.046016
BILI-A.ST,2015-07-23,-22.4,negative,Q1,-0.005856,-0.019513,0.013658,0.023612,0.001763,0.021849,-0.064979,-0.114535,0.049556,0.008878,-0.099646,0.108524
INDT.ST,2015-07-23,8.52,positive,Q4,-0.023239,-0.019513,-0.003726,0.007746,0.001763,0.005984,-0.078189,-0.114535,0.036346,-0.068991,-0.099646,0.030655
LOOMIS.ST,2015-07-31,1.36,positive,Q3,-0.024231,-0.003958,-0.020273,-0.045174,0.011281,-0.056455,-0.118791,-0.091714,-0.027077,-0.084521,-0.075649,-0.008872
WALL-B.ST,2015-08-05,-134.78,negative,Q1,0.005666,-0.005724,0.01139,0.03364,-0.016907,0.050547,-0.016997,-0.098737,0.081739,0.144122,-0.070374,0.214496
SECU-B.ST,2015-08-05,1.18,positive,Q3,-0.00171,-0.005724,0.004014,-0.013824,-0.016907,0.003083,-0.082941,-0.098737,0.015795,-0.028502,-0.070374,0.041872
HEXA-B.ST,2015-08-07,0.0,negative,Q3,-0.012987,-0.013333,0.000346,-0.026696,-0.026721,2.5e-05,-0.078644,-0.090229,0.011586,0.054834,-0.069226,0.12406
HOLM-B.ST,2015-08-13,-7.09,negative,Q2,-0.023689,0.003771,-0.02746,-0.073651,-0.057643,-0.016009,-0.046301,-0.07505,0.028749,0.108216,-0.047497,0.155712
BEIA-B.ST,2015-08-18,-3.38,negative,Q3,-0.005347,-0.012306,0.00696,-0.045026,-0.061352,0.016326,-0.021247,-0.04316,0.021914,0.095117,-0.047935,0.143052
NEWA-B.ST,2015-08-20,-38.81,negative,Q1,-0.069463,-0.044991,-0.024471,-0.094364,0.009596,-0.10396,-0.133683,-0.021865,-0.111818,-0.129096,0.012588,-0.141684
HUFV-A.ST,2015-08-20,4.95,positive,Q4,-0.052282,-0.044991,-0.007291,-0.023453,0.009596,-0.033048,-0.009953,-0.021865,0.011912,0.080082,0.012588,0.067494
FAG.ST,2015-08-20,-10.17,negative,Q2,-0.104696,-0.044991,-0.059705,-0.039227,0.009596,-0.048822,-0.078453,-0.021865,-0.056588,-0.045856,0.012588,-0.058445
PEAB-B.ST,2015-08-21,0.75,positive,Q3,0.022519,0.038702,-0.016183,0.040587,0.051113,-0.010527,0.002618,-0.001882,0.0045,0.133019,0.059306,0.073713
BALD-B.ST,2015-08-21,45.26,positive,Q5,0.058909,0.038702,0.020207,0.079273,0.051113,0.028159,0.08,-0.001882,0.081882,0.316364,0.059306,0.257057
MEKO.ST,2015-08-26,-3.11,negative,Q3,0.0,0.004555,-0.004555,-0.020903,-0.001763,-0.01914,-0.109305,-0.056152,-0.053152,-0.158151,-0.009293,-0.148858
SYSR.ST,2015-08-27,-14.36,negative,Q2,0.017405,-0.005718,0.023123,-0.001978,-0.031959,0.029981,-0.107595,-0.079704,-0.027891,0.030063,-0.00211,0.032173
EKTA-B.ST,2015-09-01,-57.14,negative,Q1,0.019289,0.019503,-0.000213,0.000867,0.024215,-0.023348,-0.045947,-0.045571,-0.000376,0.260945,0.043859,0.217086
CLAS-B.ST,2015-09-09,0.79,positive,Q3,0.003534,-0.003974,0.007508,-0.068551,-0.00528,-0.063271,-0.075736,-0.007097,-0.068639,-0.001885,-0.026335,0.02445
HM-B.ST,2015-09-24,1.26,positive,Q3,-0.019285,-0.020511,0.001226,-0.019934,-0.003958,-0.015976,0.086731,0.061816,0.024915,-0.018335,0.019896,-0.038231
DUST.ST,2015-10-14,-19.64,negative,Q2,-0.051064,-0.001042,-0.050022,-0.051064,0.021044,-0.072108,0.012766,0.015369,-0.002603,0.089362,-0.101695,0.191056
GETI-B.ST,2015-10-15,28.29,positive,Q5,0.00146,0.00389,-0.00243,0.024378,0.037343,-0.012965,0.006684,0.018373,-0.011689,-0.064484,-0.082755,0.018272
CAST.ST,2015-10-15,0.97,positive,Q3,0.007362,0.00389,0.003472,0.047776,0.037343,0.010433,0.003305,0.018373,-0.015068,-0.051983,-0.082755,0.030772
SKF-B.ST,2015-10-16,-28.25,negative,Q1,0.019175,0.005944,0.013231,0.081371,0.033025,0.048347,0.082067,0.038361,0.043706,-0.130055,-0.114581,-0.015474
SWED-A.ST,2015-10-20,2.36,positive,Q3,0.013878,0.022295,-0.008417,0.009755,0.032742,-0.022988,0.002011,0.041789,-0.039777,-0.085982,-0.062483,-0.023499
ATCO-A.ST,2015-10-20,2.68,positive,Q3,0.028254,0.022295,0.00596,0.072402,0.032742,0.039659,0.085267,0.041789,0.043479,-0.088042,-0.062483,-0.025559
TELIA.ST,2015-10-20,12.15,positive,Q4,0.032482,0.022295,0.010187,0.029883,0.032742,-0.002859,0.007796,0.041789,-0.033993,-0.069727,-0.062483,-0.007244
FABG.ST,2015-10-20,-84.55,negative,Q1,0.030205,0.022295,0.007911,0.053363,0.032742,0.02062,0.068063,0.041789,0.026274,-0.010068,-0.062483,0.052414
ASSA-B.ST,2015-10-20,0.0,negative,Q3,0.027621,0.022295,0.005326,0.094918,0.032742,0.062176,0.155272,0.041789,0.113484,0.080803,-0.062483,0.143286
HUSQ-B.ST,2015-10-21,-24.44,negative,Q1,0.041141,0.014904,0.026236,0.035588,0.007678,0.027911,0.056285,0.025196,0.031088,-0.027259,-0.08761,0.060351
BILL.ST,2015-10-21,37.01,positive,Q5,0.037705,0.014904,0.022801,0.071716,0.007678,0.064038,0.147778,0.025196,0.122582,-0.034771,-0.08761,0.052839
AXFO.ST,2015-10-21,2.5,positive,Q3,-0.005159,0.014904,-0.020064,-0.007739,0.007678,-0.015417,0.031509,0.025196,0.006313,-0.067625,-0.08761,0.019985
SHB-A.ST,2015-10-21,-5.94,negative,Q2,0.014608,0.014904,-0.000296,0.000812,0.007678,-0.006866,0.028567,0.025196,0.00337,-0.12076,-0.08761,-0.03315
TEL2-B.ST,2015-10-21,-0.89,negative,Q3,0.013081,0.014904,-0.001824,0.006991,0.007678,-0.000686,0.040821,0.025196,0.015625,-0.060668,-0.08761,0.026942
JM.ST,2015-10-21,-16.94,negative,Q2,0.009232,0.014904,-0.005672,0.012644,0.007678,0.004966,0.029502,0.025196,0.004306,-0.051512,-0.08761,0.036098
WIHL.ST,2015-10-21,18.64,positive,Q5,0.028523,0.014904,0.013619,0.034396,0.007678,0.026718,0.074664,0.025196,0.049468,-0.00755,-0.08761,0.08006
INTRUM.ST,2015-10-21,4.88,positive,Q4,0.038175,0.014904,0.023271,0.074623,0.007678,0.066946,0.022929,0.025196,-0.002267,-0.079864,-0.08761,0.007746
DUNI.ST,2015-10-21,5.71,positive,Q4,0.007564,0.014904,-0.00734,-0.028139,0.007678,-0.035817,0.030055,0.025196,0.004859,-0.035603,-0.08761,0.052007
SEB-A.ST,2015-10-21,-11.49,negative,Q2,0.009329,0.014904,-0.005575,-0.019436,0.007678,-0.027114,-0.009135,0.025196,-0.034331,-0.126142,-0.08761,-0.038532
TIGO-SDB.ST,2015-10-22,325.0,positive,Q5,0.014795,-0.000289,0.015085,0.02338,-0.004886,0.028266,0.098476,0.006111,0.092365,-0.184736,-0.086856,-0.097881
TREL-B.ST,2015-10-22,5.79,positive,Q4,-0.001371,-0.000289,-0.001081,0.0,-0.004886,0.004886,0.168337,0.006111,0.162226,0.042234,-0.086856,0.12909
FAG.ST,2015-10-22,-1.23,negative,Q3,0.023249,-0.000289,0.023538,0.042874,-0.004886,0.04776,0.050121,0.006111,0.04401,0.041063,-0.086856,0.127918
SWEC-B.ST,2015-10-23,-9.4,negative,Q2,-0.021175,-0.012698,-0.008477,-0.025052,-0.002469,-0.022584,-0.039069,-0.01146,-0.027609,-0.021175,-0.093327,0.072152
ELUX-B.ST,2015-10-23,24.47,positive,Q5,-0.011763,-0.012698,0.000935,-0.062489,-0.002469,-0.060021,-0.028634,-0.01146,-0.017173,-0.292133,-0.093327,-0.198806
SAND.ST,2015-10-23,-11.4,negative,Q2,-0.023469,-0.012698,-0.010771,-0.0129,-0.002469,-0.010432,0.027976,-0.01146,0.039437,-0.105222,-0.093327,-0.011895
SAAB-B.ST,2015-10-23,-86.74,negative,Q1,-0.023353,-0.012698,-0.010655,-0.010978,-0.002469,-0.00851,0.066068,-0.01146,0.077528,0.037126,-0.093327,0.130453
ERIC-B.ST,2015-10-23,0.75,positive,Q3,-0.029925,-0.012698,-0.017226,-0.007841,-0.002469,-0.005373,-0.011362,-0.01146,9.8e-05,-0.077292,-0.093327,0.016035
INVE-B.ST,2015-10-23,-17.39,negative,Q2,-0.007826,-0.012698,0.004872,0.011819,-0.002469,0.014288,0.012618,-0.01146,0.024078,-0.095033,-0.093327,-0.001706
VOLV-B.ST,2015-10-23,6.83,positive,Q4,-0.016234,-0.012698,-0.003535,-0.005539,-0.002469,-0.00307,-0.045073,-0.01146,-0.033612,-0.106188,-0.093327,-0.012861
ALIV-SDB.ST,2015-10-23,11.68,positive,Q4,0.002936,-0.012698,0.015635,0.007812,-0.002469,0.010281,0.062087,-0.01146,0.073548,-0.030341,-0.093327,0.062986
BILI-A.ST,2015-10-23,11.11,positive,Q4,0.01411,-0.012698,0.026808,0.002894,-0.002469,0.005363,-0.005608,-0.01146,0.005852,-0.08466,-0.093327,0.008667
KINV-B.ST,2015-10-23,-100.98,negative,Q1,-0.009967,-0.012698,0.002732,-0.019934,-0.002469,-0.017465,-0.043189,-0.01146,-0.031729,-0.184385,-0.093327,-0.091058
BEIA-B.ST,2015-10-23,0.35,positive,Q3,0.012953,-0.012698,0.025652,0.057048,-0.002469,0.059517,0.093289,-0.01146,0.10475,0.033623,-0.093327,0.12695
AFRY.ST,2015-10-23,-42.76,negative,Q1,-0.021063,-0.012698,-0.008365,-0.022885,-0.002469,-0.020417,0.020266,-0.01146,0.031727,0.066834,-0.093327,0.160161
BOL.ST,2015-10-23,35.75,positive,Q5,-0.002491,-0.012698,0.010208,0.001779,-0.002469,0.004248,-0.067604,-0.01146,-0.056143,-0.288739,-0.093327,-0.195412
LIAB.ST,2015-10-27,1.06,positive,Q3,-0.010597,-0.002517,-0.00808,0.070718,0.019867,0.050851,0.008651,0.015102,-0.006451,0.076773,-0.095567,0.17234
ALFA.ST,2015-10-27,-5.65,negative,Q2,0.005356,-0.002517,0.007873,0.061597,0.019867,0.04173,0.073608,0.015102,0.058506,-0.016069,-0.095567,0.079498
HEXA-B.ST,2015-10-27,2.86,positive,Q3,0.017999,-0.002517,0.020515,0.061195,0.019867,0.041328,0.062635,0.015102,0.047533,-0.035277,-0.095567,0.06029
SKA-B.ST,2015-10-28,-30.37,negative,Q1,0.010307,0.002251,0.008057,0.030922,0.018308,0.012614,0.04607,0.017476,0.028594,0.0,-0.10257,0.10257
AAK.ST,2015-10-29,2.04,positive,Q3,0.032514,0.002139,0.030375,0.024358,0.018183,0.006175,0.064134,0.024561,0.039573,-0.099106,-0.119354,0.020248
ENRO.ST,2015-10-29,-83.33,negative,Q1,0.036683,0.002139,0.034544,-0.081112,0.018183,-0.099295,-0.112554,0.024561,-0.137115,-0.34746,-0.119354,-0.228106
SCA-B.ST,2015-10-29,13.07,positive,Q4,-0.000447,0.002139,-0.002586,-0.008041,0.018183,-0.026224,-0.001564,0.024561,-0.026124,0.00201,-0.119354,0.121364
HOFI.ST,2015-10-29,-17.27,negative,Q2,0.006695,0.002139,0.004556,0.0,0.018183,-0.018183,0.077718,0.024561,0.053157,-0.00684,-0.119354,0.112514
NOBI.ST,2015-10-30,4.86,positive,Q4,-0.002667,0.003336,-0.006003,0.032296,0.006068,0.026228,0.001185,0.018688,-0.017503,-0.115556,-0.131085,0.015529
INDT.ST,2015-11-02,8.02,positive,Q4,0.019824,0.014582,0.005242,0.014868,-0.005339,0.020208,0.062176,0.017525,0.044651,-0.004506,-0.115245,0.11074
LIFCO-B.ST,2015-11-03,10.38,positive,Q4,-0.012545,-0.004042,-0.008503,-0.007937,-0.011752,0.003816,0.071173,-0.017665,0.088838,-0.134153,-0.130323,-0.00383
ITAB.ST,2015-11-03,-31.65,negative,Q1,-0.027146,-0.004042,-0.023104,0.074346,-0.011752,0.086098,0.298851,-0.017665,0.316516,-0.042798,-0.130323,0.087525
WALL-B.ST,2015-11-03,-7.27,negative,Q2,-0.014321,-0.004042,-0.010279,-0.037671,-0.011752,-0.025919,-0.06787,-0.017665,-0.050205,-0.202677,-0.130323,-0.072354
HUFV-A.ST,2015-11-04,5.83,positive,Q4,0.001568,0.002128,-0.00056,-0.025504,-0.022879,-0.002625,-0.035434,-0.024897,-0.010537,-0.078185,-0.163662,0.085477
BALD-B.ST,2015-11-04,-4.87,negative,Q2,0.005556,0.002128,0.003428,0.0,-0.022879,0.022879,0.030556,-0.024897,0.055453,-0.036111,-0.163662,0.127551
SECU-B.ST,2015-11-04,6.67,positive,Q4,0.000932,0.002128,-0.001196,-0.014506,-0.022879,0.008373,0.035534,-0.024897,0.060431,-0.032207,-0.163662,0.131455
THULE.ST,2015-11-04,5.84,positive,Q4,0.006848,0.002128,0.004721,0.022828,-0.022879,0.045708,0.03196,-0.024897,0.056857,-0.093836,-0.163662,0.069826
HOLM-B.ST,2015-11-05,6.89,positive,Q4,0.00561,-0.009785,0.015395,0.026949,-0.032935,0.059884,0.005209,-0.020945,0.026154,-0.129533,-0.167079,0.037546
PNDX-B.ST,2015-11-05,54.86,positive,Q5,0.007262,-0.009785,0.017047,-0.009362,-0.032935,0.023573,0.074635,-0.020945,0.09558,-0.084784,-0.167079,0.082295
LOOMIS.ST,2015-11-06,11.76,positive,Q4,0.041275,-0.008041,0.049316,0.037411,-0.021511,0.058922,0.012882,-0.037419,0.050301,0.014438,-0.141402,0.15584
NCC-B.ST,2015-11-06,-21.21,negative,Q1,-0.012954,-0.008041,-0.004914,0.036273,-0.021511,0.057784,0.002591,-0.037419,0.04001,0.045773,-0.141402,0.187174
MEKO.ST,2015-11-11,-16.41,negative,Q2,-0.013258,-0.008185,-0.005072,-0.031703,0.016377,-0.04808,-0.071311,-0.058624,-0.012687,-0.166255,-0.102274,-0.063981
NEWA-B.ST,2015-11-12,-1.01,negative,Q3,0.00597,0.001913,0.004057,0.014179,0.030926,-0.016747,-0.067164,-0.058907,-0.008257,-0.146269,-0.100304,-0.045965
PEAB-B.ST,2015-11-12,0.66,positive,Q3,0.025407,0.001913,0.023495,0.037152,0.030926,0.006226,-0.02373,-0.058907,0.035178,-0.014861,-0.100304,0.085443
SYSR.ST,2015-11-26,-30.96,negative,Q1,0.004739,0.009229,-0.00449,-0.006894,-0.0241,0.017207,0.004739,-0.049396,0.054135,0.032745,-0.085778,0.118522
EKTA-B.ST,2015-12-04,31.71,positive,Q5,-0.039639,-0.026447,-0.013192,-0.06573,-0.070433,0.004703,-0.143001,-0.097607,-0.045393,-0.166416,-0.064269,-0.102147
CLAS-B.ST,2015-12-09,4.17,positive,Q3,-0.01057,-0.022512,0.011942,0.064913,0.003425,0.061488,0.03688,-0.065538,0.102418,0.007008,-0.006429,0.013438
DUST.ST,2016-01-19,7.37,positive,Q4,0.008065,0.016774,-0.008709,0.012097,0.057821,-0.045724,-0.08871,0.055802,-0.144512,-0.100807,0.092894,-0.1937
CAST.ST,2016-01-20,14.67,positive,Q4,0.037219,0.037148,7.1e-05,0.043064,0.015785,0.027279,0.069209,0.033023,0.036186,0.135189,0.081572,0.053617
BMAX.ST,2016-01-26,13.46,positive,Q4,-0.02732,-0.023632,-0.003689,-0.081961,-0.04401,-0.037951,-0.047811,-0.003385,-0.044426,-0.109282,0.017726,-0.127008
ERIC-B.ST,2016-01-27,5.04,positive,Q4,0.014181,0.017252,-0.003071,0.006642,0.000303,0.006339,0.057081,0.02811,0.028971,-0.063364,0.040095,-0.103459
SCA-B.ST,2016-01-28,-3.16,negative,Q3,0.005787,-0.010239,0.016026,-0.041843,-0.019324,-0.022519,0.014912,0.011957,0.002955,0.034053,0.024545,0.009508
ATCO-A.ST,2016-01-28,9.38,positive,Q4,-0.025723,-0.010239,-0.015483,0.01763,-0.019324,0.036954,0.060116,0.011957,0.048159,0.173121,0.024545,0.148576
TEL2-B.ST,2016-01-28,-17.57,negative,Q2,-0.021134,-0.010239,-0.010895,-0.023274,-0.019324,-0.00395,0.00214,0.011957,-0.009816,0.086677,0.024545,0.062132
HM-B.ST,2016-01-28,-3.47,negative,Q3,-0.003552,-0.010239,0.006688,-0.031148,-0.019324,-0.011823,-0.001093,0.011957,-0.01305,0.038306,0.024545,0.013761
ELUX-B.ST,2016-01-28,386.67,positive,Q5,-0.009728,-0.010239,0.000512,0.015062,-0.019324,0.034387,0.084412,0.011957,0.072455,0.29403,0.024545,0.269485
GETI-B.ST,2016-01-28,-1.13,negative,Q3,0.017,-0.010239,0.027239,-0.026062,-0.019324,-0.006738,0.013813,0.011957,0.001856,-0.063875,0.024545,-0.08842
NCC-B.ST,2016-01-28,23.87,positive,Q5,0.014168,-0.010239,0.024407,0.002755,-0.019324,0.022079,-0.001732,0.011957,-0.013688,-0.001023,0.024545,-0.025568
INTRUM.ST,2016-01-28,-5.53,negative,Q2,-0.004603,-0.010239,0.005636,-0.057901,-0.019324,-0.038576,-0.072376,0.011957,-0.084333,0.041366,0.024545,0.016821
ALIV-SDB.ST,2016-01-29,8.9,positive,Q4,-0.031278,-0.016494,-0.014784,-0.091609,-0.051013,-0.040596,0.051274,0.036514,0.014759,0.096361,0.013616,0.082745
TELIA.ST,2016-01-29,-2.41,negative,Q3,-0.027596,-0.016494,-0.011102,-0.036483,-0.051013,0.014531,0.021983,0.036514,-0.014531,0.00608,0.013616,-0.007535
SWED-A.ST,2016-02-02,5.23,positive,Q4,0.017415,0.021626,-0.004211,-0.079837,-0.005877,-0.07396,0.020921,0.064311,-0.043391,0.058012,0.022903,0.035109
SKF-B.ST,2016-02-02,47.26,positive,Q5,0.070825,0.021626,0.049198,0.044397,-0.005877,0.050274,0.116702,0.064311,0.05239,0.092918,0.022903,0.070014
ALFA.ST,2016-02-02,-18.38,negative,Q2,0.031114,0.021626,0.009488,0.015557,-0.005877,0.021434,0.048275,0.064311,-0.016037,-0.013389,0.022903,-0.036292
SAND.ST,2016-02-03,-5.93,negative,Q2,0.016903,-0.002708,0.019612,-0.065923,-0.064976,-0.000947,0.099053,0.052516,0.046537,0.101927,-0.010912,0.112839
AAK.ST,2016-02-03,-6.54,negative,Q2,-0.010529,-0.002708,-0.007821,-0.023032,-0.064976,0.041944,0.14925,0.052516,0.096734,0.140695,-0.010912,0.151606
MTG-B.ST,2016-02-03,-10.88,negative,Q2,-0.010369,-0.002708,-0.007661,-0.101203,-0.064976,-0.036227,-0.033596,0.052516,-0.086112,-0.021153,-0.010912,-0.010242
LOOMIS.ST,2016-02-04,10.75,positive,Q4,-0.043428,-0.042222,-0.001206,-0.072665,-0.032663,-0.040002,-0.138688,0.050315,-0.189003,None,None,None
INWI.ST,2016-02-04,-8.85,negative,Q2,-0.03176,-0.042222,0.010462,-0.037004,-0.032663,-0.00434,0.010487,0.050315,-0.039828,None,None,None
SEB-A.ST,2016-02-04,19.43,positive,Q5,-0.039199,-0.042222,0.003023,-0.063595,-0.032663,-0.030931,-0.010008,0.050315,-0.060324,None,None,None
JM.ST,2016-02-04,-21.32,negative,Q1,-0.081578,-0.042222,-0.039356,-0.091766,-0.032663,-0.059102,0.001455,0.050315,-0.04886,None,None,None
GRNG.ST,2016-02-04,-7.77,negative,Q2,-0.050153,-0.042222,-0.007931,-0.00785,-0.032663,0.024813,0.100305,0.050315,0.04999,None,None,None
NOLA-B.ST,2016-02-04,-5.75,negative,Q2,-0.035099,-0.042222,0.007124,-0.042488,-0.032663,-0.009824,0.030788,0.050315,-0.019527,None,None,None
TREL-B.ST,2016-02-04,6.7,positive,Q4,-0.061512,-0.042222,-0.01929,-0.027292,-0.032663,0.005372,0.028644,0.050315,-0.021671,None,None,None
FABG.ST,2016-02-04,1.96,positive,Q3,-0.060846,-0.042222,-0.018624,-0.061619,-0.032663,-0.028955,-0.022214,0.050315,-0.072529,None,None,None
SKA-B.ST,2016-02-04,34.34,positive,Q5,-0.01764,-0.042222,0.024582,0.028317,-0.032663,0.06098,0.150218,0.050315,0.099903,None,None,None
NOBI.ST,2016-02-05,-9.59,negative,Q2,-0.018956,-0.001967,-0.016988,0.005029,0.048842,-0.043813,-0.011605,0.091546,-0.103151,0.137331,0.042583,0.094747
HUSQ-B.ST,2016-02-05,67.39,positive,Q5,-0.0096,-0.001967,-0.007633,0.036585,0.048842,-0.012256,0.065387,0.091546,-0.026159,0.276855,0.042583,0.234272
AXFO.ST,2016-02-05,0.0,negative,Q3,0.010852,-0.001967,0.012819,0.002553,0.048842,-0.046288,-0.053529,0.091546,-0.145075,-0.048605,0.042583,-0.091188
BILI-A.ST,2016-02-05,-4.79,negative,Q2,-0.013447,-0.001967,-0.01148,0.103308,0.048842,0.054467,0.176734,0.091546,0.085188,0.327855,0.042583,0.285272
VOLV-B.ST,2016-02-05,1.8,positive,Q3,0.004427,-0.001967,0.006394,0.077689,0.048842,0.028847,0.127933,0.091546,0.036387,0.219124,0.042583,0.17654
HOLM-B.ST,2016-02-05,7.48,positive,Q4,-0.005152,-0.001967,-0.003185,0.035493,0.048842,-0.013348,0.068926,0.091546,-0.02262,0.195672,0.042583,0.153089
HEXA-B.ST,2016-02-05,2.38,positive,Q3,0.011655,-0.001967,0.013622,0.022533,0.048842,-0.026309,0.06993,0.091546,-0.021616,0.14763,0.042583,0.105047
VITR.ST,2016-02-05,32.83,positive,Q5,0.00938,-0.001967,0.011348,0.076607,0.048842,0.027766,0.188782,0.091546,0.097237,0.497166,0.042583,0.454583
ASSA-B.ST,2016-02-08,-1.55,negative,Q3,0.030588,0.020743,0.009845,0.03454,0.044595,-0.010055,0.065839,0.099904,-0.034064,0.112868,0.048082,0.064785
AFRY.ST,2016-02-08,7.62,positive,Q4,0.0292,0.020743,0.008457,0.023204,0.044595,-0.021391,0.063506,0.099904,-0.036398,0.100477,0.048082,0.052395
WIHL.ST,2016-02-09,14.18,positive,Q4,-0.000838,-0.039108,0.03827,0.046901,0.05889,-0.011989,0.044389,0.06722,-0.022831,0.09799,0.021817,0.076173
SHB-A.ST,2016-02-09,11.76,positive,Q4,-0.046491,-0.039108,-0.007383,0.075977,0.05889,0.017087,0.091534,0.06722,0.024314,0.046491,0.021817,0.024674
SECU-B.ST,2016-02-09,1.99,positive,Q3,-0.037027,-0.039108,0.002081,0.035363,0.05889,-0.023528,0.061434,0.06722,-0.005786,0.0839,0.021817,0.062083
ITAB.ST,2016-02-09,-43.12,negative,Q1,-0.002159,-0.039108,0.036949,0.071236,0.05889,0.012346,0.021587,0.06722,-0.045633,-0.025904,0.021817,-0.047721
BILL.ST,2016-02-10,-23.81,negative,Q1,0.018927,0.031756,-0.012829,0.090536,0.092955,-0.002419,0.055937,0.137388,-0.08145,-0.006631,0.052296,-0.058926
TIGO-SDB.ST,2016-02-10,-375.0,negative,Q1,0.015934,0.031756,-0.015822,0.134627,0.092955,0.041671,0.27632,0.137388,0.138932,0.270379,0.052296,0.218083
HOFI.ST,2016-02-10,-24.12,negative,Q1,-0.026742,0.031756,-0.058498,0.042258,0.092955,-0.050697,0.072796,0.137388,-0.064591,0.292011,0.052296,0.239715
SAAB-B.ST,2016-02-10,20.28,positive,Q5,0.015901,0.031756,-0.015855,0.110316,0.092955,0.017361,0.109919,0.137388,-0.027469,0.153449,0.052296,0.101153
BOL.ST,2016-02-11,-9.52,negative,Q2,0.071597,0.038478,0.033119,0.116279,0.053845,0.062434,0.24693,0.106889,0.140041,0.226156,0.02838,0.197776
SWEC-B.ST,2016-02-11,35.96,positive,Q5,0.053151,0.038478,0.014673,0.10471,0.053845,0.050865,0.154997,0.106889,0.048108,0.150541,0.02838,0.122161
FAG.ST,2016-02-11,19.05,positive,Q5,0.0,0.038478,-0.038478,-0.013607,0.053845,-0.067453,0.160973,0.106889,0.054084,0.327736,0.02838,0.299356
HUFV-A.ST,2016-02-11,13.33,positive,Q4,0.022894,0.038478,-0.015584,0.070518,0.053845,0.016673,0.093413,0.106889,-0.013476,0.103456,0.02838,0.075075
SSAB-A.ST,2016-02-12,9.76,positive,Q4,-0.091549,-0.006008,-0.085541,0.076585,0.037098,0.039486,0.214789,0.050728,0.16406,0.386444,-2.2e-05,0.386465
DUNI.ST,2016-02-12,3.88,positive,Q3,-0.004187,-0.006008,0.001821,0.050589,0.037098,0.01349,0.061114,0.050728,0.010385,-0.035989,-2.2e-05,-0.035967
THULE.ST,2016-02-15,-25.71,negative,Q1,0.011905,0.034711,-0.022807,0.011905,0.028898,-0.016993,0.057268,0.048903,0.008365,0.180451,0.00268,0.177771
PEAB-B.ST,2016-02-16,302.44,positive,Q5,0.034029,-0.008196,0.042224,-0.004391,-0.033764,0.029373,0.026784,0.012086,0.014698,0.024369,-0.024247,0.048616
INDT.ST,2016-02-16,1.42,positive,Q3,0.0,-0.008196,0.008196,-0.026344,-0.033764,0.00742,0.008219,0.012086,-0.003867,0.007798,-0.024247,0.032045
BEIA-B.ST,2016-02-17,0.34,positive,Q3,0.007618,-0.005164,0.012782,0.012787,-0.00148,0.014267,0.084342,0.020833,0.063509,0.033057,-0.030218,0.063274
MEKO.ST,2016-02-17,-2.59,negative,Q3,-0.008277,-0.005164,-0.003113,-0.002759,-0.00148,-0.001279,0.085697,0.020833,0.064864,0.076472,-0.030218,0.10669
BALD-B.ST,2016-02-18,-20.18,negative,Q2,0.013514,0.021975,-0.008462,0.023389,0.010954,0.012435,0.044699,0.015941,0.028758,0.089917,-0.009783,0.0997
PNDX-B.ST,2016-02-18,-5.45,negative,Q2,-0.007047,0.021975,-0.029022,-0.003524,0.010954,-0.014478,0.021399,0.015941,0.005458,-0.025524,-0.009783,-0.015741
BRAV.ST,2016-02-19,-12.87,negative,Q2,0.004758,-0.013868,0.018626,-0.02855,-0.009529,-0.019021,0.1142,-0.002385,0.116585,0.009517,-0.033754,0.043271
DOM.ST,2016-02-19,59.84,positive,Q5,0.001814,-0.013868,0.015681,-0.00272,-0.009529,0.006809,0.014736,-0.002385,0.017121,-0.012696,-0.033754,0.021059
LIFCO-B.ST,2016-02-22,6.94,positive,Q4,0.011823,-0.028305,0.040128,0.069101,0.01824,0.050862,0.001314,0.001229,8.4e-05,0.188912,-0.006899,0.195811
WALL-B.ST,2016-02-24,-54.76,negative,Q1,0.015216,0.007224,0.007992,0.016631,0.020927,-0.004296,None,None,None,0.085987,0.011154,0.074833
EKTA-B.ST,2016-03-02,-53.85,negative,Q1,0.032891,0.010304,0.022586,0.028674,-0.00316,0.031834,0.028674,-0.019857,0.048531,0.035421,-0.021815,0.057236
SYSR.ST,2016-03-03,-69.14,negative,Q1,0.004411,-0.004794,0.009205,0.0,0.010421,-0.010421,-0.007499,-0.049808,0.042309,-0.017203,-0.04155,0.024347
CLAS-B.ST,2016-03-16,4.49,positive,Q4,0.003269,0.000376,0.002893,0.003269,-0.032725,0.035993,0.06995,-0.006448,0.076398,-0.091741,-0.080629,-0.011112
HM-B.ST,2016-04-06,1.99,positive,Q3,0.02891,0.025625,0.003285,0.044674,0.040027,0.004647,0.009273,-0.001985,0.011258,-0.079911,-0.019168,-0.060742
CAST.ST,2016-04-13,0.0,negative,Q3,0.010361,-0.002006,0.012368,0.015962,0.018336,-0.002374,0.022263,-0.034655,0.056918,0.152618,-0.013864,0.166482
BMAX.ST,2016-04-19,-53.45,negative,Q1,-0.040262,-0.007171,-0.033091,-0.051124,-0.023169,-0.027954,-0.02191,-0.054231,0.032321,-0.086142,-0.023305,-0.062838
INTRUM.ST,2016-04-20,11.23,positive,Q4,-0.005499,-0.009306,0.003807,-0.015122,-0.014103,-0.001019,-0.003781,-0.050034,0.046253,-0.078646,-0.019713,-0.058933
MTG-B.ST,2016-04-20,-4.79,negative,Q2,-0.008723,-0.009306,0.000583,-0.034893,-0.014103,-0.02079,-0.04322,-0.050034,0.006814,-0.013551,-0.019713,0.006162
TELIA.ST,2016-04-20,-12.0,negative,Q2,-0.011161,-0.009306,-0.001855,-0.023214,-0.014103,-0.009111,-0.034821,-0.050034,0.015212,-0.016071,-0.019713,0.003641
AXFO.ST,2016-04-20,7.86,positive,Q4,-0.02356,-0.009306,-0.014254,-0.031384,-0.014103,-0.017281,-0.037842,-0.050034,0.012191,0.004548,-0.019713,0.024261
SHB-A.ST,2016-04-20,12.5,positive,Q4,-0.019984,-0.009306,-0.010678,-0.007149,-0.014103,0.006954,-0.063688,-0.050034,-0.013654,-0.048253,-0.019713,-0.028541
BILL.ST,2016-04-21,-10.42,negative,Q2,-0.014389,-0.004871,-0.009518,0.00246,-0.025539,0.027999,0.035051,-0.028126,0.063177,0.221375,-0.013538,0.234913
FAG.ST,2016-04-21,10.2,positive,Q4,0.05486,-0.004871,0.059731,0.027544,-0.025539,0.053083,0.027544,-0.028126,0.05567,0.035739,-0.013538,0.049277
TREL-B.ST,2016-04-21,-3.88,negative,Q3,-0.004673,-0.004871,0.000198,-0.022075,-0.025539,0.003464,0.030052,-0.028126,0.058178,0.028118,-0.013538,0.041656
HUSQ-B.ST,2016-04-21,0.0,negative,Q3,0.01577,-0.004871,0.020641,0.009462,-0.025539,0.035001,0.061606,-0.028126,0.089733,0.132464,-0.013538,0.146002
TEL2-B.ST,2016-04-21,40.82,positive,Q5,0.00571,-0.004871,0.010581,0.001986,-0.025539,0.027525,0.032026,-0.028126,0.060152,0.023585,-0.013538,0.037123
ERIC-B.ST,2016-04-21,-22.32,negative,Q1,-0.016449,-0.004871,-0.011578,-0.036302,-0.025539,-0.010763,-0.047457,-0.028126,-0.019331,-0.060125,-0.013538,-0.046587
JM.ST,2016-04-21,3.05,positive,Q3,0.014134,-0.004871,0.019005,0.026577,-0.025539,0.052116,0.044701,-0.028126,0.072828,-0.042875,-0.013538,-0.029338
SAAB-B.ST,2016-04-21,22.09,positive,Q5,0.00855,-0.004871,0.013421,0.047299,-0.025539,0.072837,0.085683,-0.028126,0.11381,0.060942,-0.013538,0.07448
INVE-B.ST,2016-04-21,-71.74,negative,Q1,0.000824,-0.004871,0.005695,-0.040389,-0.025539,-0.01485,-0.035773,-0.028126,-0.007647,-0.002473,-0.013538,0.011065
DUST.ST,2016-04-22,-7.77,negative,Q2,-0.012605,0.000163,-0.012768,-0.02521,-0.026379,0.001169,0.008403,-0.016195,0.024598,-0.058823,-0.002591,-0.056233
VOLV-B.ST,2016-04-22,5.19,positive,Q4,-0.008606,0.000163,-0.008769,-0.048768,-0.026379,-0.022389,-0.060412,-0.016195,-0.044217,-0.085218,-0.002591,-0.082627
GETI-B.ST,2016-04-22,-6.67,negative,Q2,-0.007427,0.000163,-0.007589,-0.039454,-0.026379,-0.013074,0.002321,-0.016195,0.018516,-0.001658,-0.002591,0.000933
SSAB-A.ST,2016-04-22,66.67,positive,Q5,-0.016788,0.000163,-0.016951,-0.057639,-0.026379,-0.031259,-0.154449,-0.016195,-0.138254,0.080022,-0.002591,0.082613
ALFA.ST,2016-04-25,29.33,positive,Q5,-0.007928,-0.002172,-0.005755,-0.035398,-0.039147,0.003749,0.007006,-0.009822,0.016827,0.03927,-0.005083,0.044353
SAND.ST,2016-04-25,-2.52,negative,Q3,-0.003333,-0.002172,-0.001161,-0.043333,-0.039147,-0.004186,-0.006377,-0.009822,0.003445,0.091594,-0.005083,0.096678
DOM.ST,2016-04-25,4.17,positive,Q3,0.018264,-0.002172,0.020436,-0.006313,-0.039147,0.032834,0.008343,-0.009822,0.018164,0.127396,-0.005083,0.132479
HOLM-B.ST,2016-04-26,19.5,positive,Q5,0.001088,0.002044,-0.000956,-0.046493,-0.048752,0.002259,0.003535,-0.007413,0.010947,0.025014,0.000527,0.024486
ATCO-A.ST,2016-04-26,2.77,positive,Q3,0.008197,0.002044,0.006153,-0.047193,-0.048752,0.001559,0.026826,-0.007413,0.034238,0.150025,0.000527,0.149498
THULE.ST,2016-04-26,12.58,positive,Q4,0.028713,0.002044,0.026669,0.061904,-0.048752,0.110656,0.134949,-0.007413,0.142362,0.221201,0.000527,0.220674
SWED-A.ST,2016-04-26,7.42,positive,Q4,-0.005086,0.002044,-0.00713,-0.038509,-0.048752,0.010242,0.051588,-0.007413,0.059001,0.019826,0.000527,0.019298
VITR.ST,2016-04-26,-16.11,negative,Q2,-0.003892,0.002044,-0.005936,0.0204,-0.048752,0.069152,0.106966,-0.007413,0.114378,0.202523,0.000527,0.201996
WALL-B.ST,2016-04-26,-34.09,negative,Q1,-0.010323,0.002044,-0.012367,-0.007326,-0.048752,0.041426,0.022644,-0.007413,0.030057,0.056943,0.000527,0.056416
AAK.ST,2016-04-27,1.65,positive,Q3,0.0,-0.020798,0.020798,None,None,None,0.044336,-0.007057,0.051393,0.057716,-0.005419,0.063136
TIGO-SDB.ST,2016-04-27,120.0,positive,Q5,-0.03255,-0.020798,-0.011752,None,None,None,0.069716,-0.007057,0.076773,-0.000693,-0.005419,0.004727
SEB-A.ST,2016-04-27,28.57,positive,Q5,-0.025433,-0.020798,-0.004635,None,None,None,0.030562,-0.007057,0.037619,-0.051507,-0.005419,-0.046087
AFRY.ST,2016-04-27,-3.72,negative,Q3,-0.016106,-0.020798,0.004692,None,None,None,0.02654,-0.007057,0.033597,0.109299,-0.005419,0.114719
FABG.ST,2016-04-27,19.19,positive,Q5,0.002274,-0.020798,0.023071,None,None,None,0.017999,-0.007057,0.025057,0.137742,-0.005419,0.143161
SOBI.ST,2016-04-27,-8.94,negative,Q2,-0.007627,-0.020798,0.013171,None,None,None,-0.052542,-0.007057,-0.045485,-0.082203,-0.005419,-0.076784
INDT.ST,2016-04-27,-6.55,negative,Q2,-0.00374,-0.020798,0.017058,None,None,None,0.105147,-0.007057,0.112205,0.194017,-0.005419,0.199436
ASSA-B.ST,2016-04-27,0.0,negative,Q3,-0.020371,-0.020798,0.000427,None,None,None,0.000545,-0.007057,0.007602,0.091906,-0.005419,0.097326
INWI.ST,2016-04-27,-82.61,negative,Q1,-0.047141,-0.020798,-0.026343,None,None,None,-0.053837,-0.007057,-0.04678,0.042989,-0.005419,0.048409
BILI-A.ST,2016-04-27,6.06,positive,Q4,0.010504,-0.020798,0.031302,None,None,None,-0.002586,-0.007057,0.004472,0.173723,-0.005419,0.179143
NOBI.ST,2016-04-27,-6.54,negative,Q2,-0.007227,-0.020798,0.013571,None,None,None,-0.048292,-0.007057,-0.041234,-0.132063,-0.005419,-0.126644
SCA-B.ST,2016-04-28,3.32,positive,Q3,-0.00914,-0.005729,-0.003411,0.003264,-0.023893,0.027157,0.055713,0.006443,0.04927,0.006311,0.019067,-0.012756
WIHL.ST,2016-04-28,12.64,positive,Q4,0.009252,-0.005729,0.014982,0.028527,-0.023893,0.05242,0.040093,0.006443,0.03365,0.163454,0.019067,0.144387
ELUX-B.ST,2016-04-28,19.29,positive,Q5,-0.016287,-0.005729,-0.010558,-0.016287,-0.023893,0.007605,-0.039477,0.006443,-0.04592,-0.005147,0.019067,-0.024214
BRAV.ST,2016-04-28,-6.15,negative,Q2,-0.01842,-0.005729,-0.01269,0.019147,-0.023893,0.04304,-0.00412,0.006443,-0.010563,0.066166,0.019067,0.047099
BEIA-B.ST,2016-04-28,-8.81,negative,Q2,0.015826,-0.005729,0.021556,0.007913,-0.023893,0.031806,0.010595,0.006443,0.004153,0.007913,0.019067,-0.011154
GRNG.ST,2016-04-28,-18.3,negative,Q2,-0.004156,-0.005729,0.001573,0.008543,-0.023893,0.032436,0.130917,0.006443,0.124474,0.468483,0.019067,0.449416
SKF-B.ST,2016-04-28,-1.88,negative,Q3,-0.023037,-0.005729,-0.017307,-0.034555,-0.023893,-0.010663,-0.007496,0.006443,-0.013939,-0.083189,0.019067,-0.102256
HOFI.ST,2016-04-29,21.28,positive,Q5,0.021869,-0.012954,0.034822,0.043605,-0.015031,0.058636,0.074619,0.002838,0.071781,-0.006097,0.019621,-0.025718
NCC-B.ST,2016-04-29,-50.0,negative,Q1,-0.013311,-0.012954,-0.000358,-0.000411,-0.015031,0.01462,0.104766,0.002838,0.101928,0.132868,0.019621,0.113246
ALIV-SDB.ST,2016-04-29,8.5,positive,Q4,-0.017173,-0.012954,-0.004219,0.023756,-0.015031,0.038787,0.031499,0.002838,0.028661,-0.076326,0.019621,-0.095947
LOOMIS.ST,2016-05-02,1.76,positive,Q3,0.0,-0.012146,0.012146,-0.031074,-0.006933,-0.024142,0.053427,0.017783,0.035644,0.19226,0.017393,0.174867
PEAB-B.ST,2016-05-10,-12.5,negative,Q2,-0.0037,-0.010446,0.006746,0.015673,0.011155,0.004518,0.002177,0.013473,-0.011296,0.03744,0.064261,-0.02682
HEXA-B.ST,2016-05-10,9.37,positive,Q4,-0.009581,-0.010446,0.000865,0.005988,0.011155,-0.005167,0.01497,0.013473,0.001497,0.106587,0.064261,0.042326
BALD-B.ST,2016-05-10,-21.7,negative,Q1,0.003916,-0.010446,0.014362,0.023005,0.011155,0.01185,0.076848,0.013473,0.063375,0.139011,0.064261,0.074751
LAGR-B.ST,2016-05-10,2.11,positive,Q3,0.0,-0.010446,0.010446,-0.019145,0.011155,-0.0303,0.098397,0.013473,0.084924,0.04764,0.064261,-0.01662
MEKO.ST,2016-05-11,-28.92,negative,Q1,0.0,0.008308,-0.008308,0.005395,0.007254,-0.001859,-0.016024,0.002118,-0.018142,0.016104,0.071408,-0.055303
ITAB.ST,2016-05-11,-49.06,negative,Q1,-0.021503,0.008308,-0.02981,-0.05442,0.007254,-0.061674,0.035307,0.002118,0.033188,0.084948,0.071408,0.01354
SWEC-B.ST,2016-05-11,65.91,positive,Q5,0.0,0.008308,-0.008308,-0.006916,0.007254,-0.014169,0.058091,0.002118,0.055973,0.205809,0.071408,0.134401
ATT.ST,2016-05-12,-2.44,negative,Q3,0.009495,0.009797,-0.000302,0.029321,0.014737,0.014584,-0.002793,-0.021671,0.018879,0.099832,0.070829,0.029004
SKA-B.ST,2016-05-12,-81.37,negative,Q1,0.006246,0.009797,-0.003551,-0.003923,0.014737,-0.018661,-0.022019,-0.021671,-0.000348,0.033389,0.070829,-0.037439
LIFCO-B.ST,2016-05-12,6.99,positive,Q4,0.013912,0.009797,0.004115,0.034897,0.014737,0.02016,-0.009196,-0.021671,0.012475,0.119076,0.070829,0.048247
EKTA-B.ST,2016-06-01,-0.71,negative,Q3,0.001629,-0.010079,0.011708,0.004072,-0.011138,0.01521,0.125025,-0.024722,0.149748,0.19609,0.043414,0.152676
SYSR.ST,2016-06-09,-17.19,negative,Q2,-0.031418,-0.015629,-0.015789,-0.041293,-0.012683,-0.02861,0.0,0.03,-0.03,0.265709,0.09503,0.170679
HM-B.ST,2016-06-22,-2.99,negative,Q3,-0.078314,-0.084242,0.005928,-0.018315,-0.01504,-0.003275,0.008957,0.01855,-0.009593,-0.038583,0.045509,-0.084092
DUST.ST,2016-07-07,-7.69,negative,Q2,0.017621,0.017999,-0.000378,0.013216,0.035125,-0.021909,-0.008811,0.044837,-0.053648,0.092511,0.095221,-0.00271
FABG.ST,2016-07-08,6.56,positive,Q4,-0.01288,0.003278,-0.016158,-0.010132,0.013452,-0.023585,0.041388,0.045379,-0.003991,0.008071,0.080214,-0.072143
WIHL.ST,2016-07-11,10.81,positive,Q4,0.007067,0.001355,0.005712,0.015548,0.012839,0.002709,0.05159,0.038003,0.013587,-0.031802,0.071717,-0.10352
ITAB.ST,2016-07-12,-29.76,negative,Q1,0.018306,0.006322,0.011984,0.018306,0.022295,-0.003989,0.098361,0.044644,0.053716,0.204372,0.08191,0.122461
AFRY.ST,2016-07-13,2.27,positive,Q3,-0.006681,0.00577,-0.01245,0.022826,0.012296,0.01053,0.009557,0.036108,-0.02655,0.143546,0.066292,0.077255
DUNI.ST,2016-07-13,15.86,positive,Q4,-0.016168,0.00577,-0.021937,-0.026286,0.012296,-0.038582,-0.001982,0.036108,-0.038089,0.048712,0.066292,-0.01758
GETI-B.ST,2016-07-14,1.62,positive,Q3,0.007499,-0.003314,0.010814,0.0,0.003403,-0.003403,0.037563,0.035538,0.002024,-0.082692,0.050773,-0.133465
SEB-A.ST,2016-07-14,31.43,positive,Q5,-0.001375,-0.003314,0.00194,0.028643,0.003403,0.02524,0.06462,0.035538,0.029081,0.222044,0.050773,0.171271
SOBI.ST,2016-07-15,6.52,positive,Q4,-0.036607,0.002671,-0.039278,-0.050893,0.012954,-0.063847,-0.09375,0.027782,-0.121532,-0.095536,0.042716,-0.138252
CAST.ST,2016-07-15,23.03,positive,Q5,0.00566,0.002671,0.002989,0.023379,0.012954,0.010425,0.045158,0.027782,0.017376,0.003199,0.042716,-0.039517
JM.ST,2016-07-15,-1.27,negative,Q3,-0.000423,0.002671,-0.003093,0.001902,0.012954,-0.011051,-0.000423,0.027782,-0.028205,0.05024,0.042716,0.007524
ATCO-A.ST,2016-07-15,-1.12,negative,Q3,0.022606,0.002671,0.019936,0.028147,0.012954,0.015193,0.024379,0.027782,-0.003403,0.088209,0.042716,0.045493
DOM.ST,2016-07-15,14.18,positive,Q4,0.005455,0.002671,0.002784,-0.030586,0.012954,-0.04354,0.015585,0.027782,-0.012197,0.065069,0.042716,0.022353
AXFO.ST,2016-07-15,-1.08,negative,Q3,-0.019074,0.002671,-0.021744,-0.008872,0.012954,-0.021825,0.000621,0.027782,-0.027161,-0.0566,0.042716,-0.099316
BMAX.ST,2016-07-15,-12.62,negative,Q2,-0.020196,0.002671,-0.022867,0.003999,0.012954,-0.008955,0.056389,0.027782,0.028606,0.007998,0.042716,-0.034718
AAK.ST,2016-07-15,-1.09,negative,Q3,0.002379,0.002671,-0.000291,0.012653,0.012954,-0.000301,0.004758,0.027782,-0.023024,0.007137,0.042716,-0.035579
SHB-A.ST,2016-07-15,8.63,positive,Q4,0.006754,0.002671,0.004084,0.006754,0.012954,-0.006199,0.038795,0.027782,0.011012,0.148597,0.042716,0.105881
HUSQ-B.ST,2016-07-15,1.39,positive,Q3,0.026471,0.002671,0.0238,0.032184,0.012954,0.019231,0.054275,0.027782,0.026493,0.046848,0.042716,0.004132
LIFCO-B.ST,2016-07-15,2.76,positive,Q3,-0.012577,0.002671,-0.015248,0.017113,0.012954,0.00416,-0.021031,0.027782,-0.048813,-0.105773,0.042716,-0.148489
VITR.ST,2016-07-15,-12.0,negative,Q2,0.029556,0.002671,0.026885,-0.045306,0.012954,-0.05826,-0.062999,0.027782,-0.090781,0.021681,0.042716,-0.021035
SAND.ST,2016-07-18,6.3,positive,Q4,0.016008,0.010704,0.005303,0.013183,0.007895,0.005288,0.031477,0.014685,0.016792,0.057977,0.054013,0.003963
INWI.ST,2016-07-18,2.5,positive,Q3,0.019531,0.010704,0.008827,0.053845,0.007895,0.04595,0.058728,0.014685,0.044043,0.102808,0.054013,0.048794
SWEC-B.ST,2016-07-18,31.33,positive,Q5,0.022128,0.010704,0.011424,0.0,0.007895,-0.007895,0.002589,0.014685,-0.012095,0.203154,0.054013,0.149141
ALFA.ST,2016-07-18,33.49,positive,Q5,0.013865,0.010704,0.003161,0.021658,0.007895,0.013763,0.047848,0.014685,0.033163,0.042501,0.054013,-0.011512
BOL.ST,2016-07-19,17.1,positive,Q4,-0.005341,-0.00352,-0.001821,-0.01816,0.000666,-0.018825,0.034259,0.011852,0.022407,0.100031,0.037282,0.062748
TREL-B.ST,2016-07-19,1.33,positive,Q3,-0.012137,-0.00352,-0.008617,0.0,0.000666,-0.000666,0.002535,0.011852,-0.009317,0.030573,0.037282,-0.006709
VOLV-B.ST,2016-07-19,-15.61,negative,Q2,0.00442,-0.00352,0.00794,0.00884,0.000666,0.008174,-0.021179,0.011852,-0.033031,0.063168,0.037282,0.025885
SCA-B.ST,2016-07-19,-50.47,negative,Q1,-0.011409,-0.00352,-0.007889,-0.009508,0.000666,-0.010173,-0.031481,0.011852,-0.043333,-0.029157,0.037282,-0.066439
NOLA-B.ST,2016-07-19,-10.86,negative,Q2,0.002237,-0.00352,0.005757,0.017897,0.000666,0.017232,0.055928,0.011852,0.044076,0.199105,0.037282,0.161823
BONAV-A.ST,2016-07-19,-68.12,negative,Q1,0.001961,-0.00352,0.005481,-0.027451,0.000666,-0.028117,0.018627,0.011852,0.006775,0.014706,0.037282,-0.022576
ERIC-B.ST,2016-07-19,-8.79,negative,Q2,0.00815,-0.00352,0.01167,0.033619,0.000666,0.032953,-0.017522,0.011852,-0.029374,-0.234108,0.037282,-0.27139
INTRUM.ST,2016-07-19,11.24,positive,Q4,-0.005564,-0.00352,-0.002044,0.017434,0.000666,0.016769,0.004822,0.011852,-0.00703,0.007048,0.037282,-0.030234
ASSA-B.ST,2016-07-19,1.68,positive,Q3,-0.003697,-0.00352,-0.000177,0.002131,0.000666,0.001465,-0.010653,0.011852,-0.022505,-0.055082,0.037282,-0.092364
MTG-B.ST,2016-07-19,-11.11,negative,Q2,0.009225,-0.00352,0.012745,0.030443,0.000666,0.029777,0.013838,0.011852,0.001986,0.037823,0.037282,0.000541
ELUX-B.ST,2016-07-20,3.61,positive,Q3,0.008939,-0.003066,0.012005,0.037079,0.000272,0.036807,-0.020082,0.008619,-0.028701,-0.042808,0.055673,-0.09848
NCC-B.ST,2016-07-20,-16.77,negative,Q2,-0.016882,-0.003066,-0.013816,0.01585,0.000272,0.015577,0.042094,0.008619,0.033475,0.141688,0.055673,0.086016
BILL.ST,2016-07-20,-3.72,negative,Q3,0.004146,-0.003066,0.007211,0.013751,0.000272,0.013479,-0.020526,0.008619,-0.029145,0.085541,0.055673,0.029868
LAGR-B.ST,2016-07-20,4.44,positive,Q3,-0.009434,-0.003066,-0.006368,-0.009434,0.000272,-0.009706,0.024443,0.008619,0.015823,0.104631,0.055673,0.048959
NOBI.ST,2016-07-20,1.69,positive,Q3,-0.007095,-0.003066,-0.004029,0.041387,0.000272,0.041115,0.020891,0.008619,0.012272,0.000394,0.055673,-0.055278
TELIA.ST,2016-07-20,-46.05,negative,Q1,0.009528,-0.003066,0.012594,-0.004991,0.000272,-0.005263,-0.022686,0.008619,-0.031305,-0.014519,0.055673,-0.070192
GRNG.ST,2016-07-21,17.11,positive,Q4,0.036814,0.006172,0.030642,0.064257,0.006669,0.057588,0.088855,0.010165,0.07869,0.052041,0.05648,-0.004438
SAAB-B.ST,2016-07-21,-23.89,negative,Q1,0.024177,0.006172,0.018005,0.055727,0.006669,0.049058,0.050754,0.010165,0.04059,0.148148,0.05648,0.091669
THULE.ST,2016-07-21,7.32,positive,Q4,0.0,0.006172,-0.006172,-0.007228,0.006669,-0.013897,-0.018117,0.010165,-0.028282,0.074345,0.05648,0.017866
TIGO-SDB.ST,2016-07-21,-90.0,negative,Q1,0.003301,0.006172,-0.002871,0.009936,0.006669,0.003267,-0.017239,0.010165,-0.027403,-0.060785,0.05648,-0.117264
TEL2-B.ST,2016-07-21,-37.78,negative,Q1,0.008974,0.006172,0.002802,-0.008974,0.006669,-0.015644,-0.020616,0.010165,-0.030781,0.049964,0.05648,-0.006516
SWED-A.ST,2016-07-21,54.82,positive,Q5,0.001126,0.006172,-0.005046,0.005018,0.006669,-0.001652,0.045878,0.010165,0.035713,0.136406,0.05648,0.079926
SKF-B.ST,2016-07-21,-30.56,negative,Q1,0.009737,0.006172,0.003565,0.017243,0.006669,0.010574,0.066741,0.010165,0.056576,0.119992,0.05648,0.063512
ALIV-SDB.ST,2016-07-22,1.16,positive,Q3,0.01808,-0.002337,0.020417,-0.005467,-0.004697,-0.00077,-0.009938,0.01485,-0.024789,-0.018764,0.057628,-0.076392
SKA-B.ST,2016-07-22,85.58,positive,Q5,0.005076,-0.002337,0.007413,0.010627,-0.004697,0.015324,0.030851,0.01485,0.016001,0.142279,0.057628,0.084651
BRAV.ST,2016-07-22,1.25,positive,Q3,-0.008788,-0.002337,-0.006451,-0.021857,-0.004697,-0.01716,0.013069,0.01485,-0.001781,0.026138,0.057628,-0.03149
INDT.ST,2016-07-22,4.88,positive,Q4,0.003856,-0.002337,0.006193,-0.010466,-0.004697,-0.005769,0.001653,0.01485,-0.013198,0.031583,0.057628,-0.026045
SSAB-A.ST,2016-07-22,90.62,positive,Q5,-0.034715,-0.002337,-0.032378,-0.082383,-0.004697,-0.077687,-0.055959,0.01485,-0.070809,0.004663,0.057628,-0.052965
BILI-A.ST,2016-07-27,14.46,positive,Q4,-0.015696,0.00331,-0.019006,-0.024645,-0.011742,-0.012903,-0.006747,0.021396,-0.028142,-0.044885,0.050062,-0.094947
ATT.ST,2016-07-28,8.33,positive,Q4,0.002954,-0.005189,0.008143,0.002954,-0.005644,0.008598,0.07386,0.018265,0.055595,-0.100193,0.048721,-0.148913
HOFI.ST,2016-07-28,-3.94,negative,Q3,-0.003058,-0.005189,0.002131,-0.037357,-0.005644,-0.031713,-0.006248,0.018265,-0.024513,0.028051,0.048721,-0.02067
LOOMIS.ST,2016-07-29,5.19,positive,Q4,-0.013629,-0.01511,0.001481,0.010048,0.004507,0.005541,-0.018065,0.028251,-0.046316,0.045003,0.055882,-0.010879
WALL-B.ST,2016-08-03,-113.64,negative,Q1,0.023496,0.009502,0.013995,0.024123,0.037374,-0.013252,0.010338,0.052265,-0.041927,-0.06297,0.048336,-0.111306
SECU-B.ST,2016-08-04,8.2,positive,Q4,0.003541,0.004967,-0.001426,0.034521,0.025657,0.008864,0.051781,0.044918,0.006864,-0.036513,0.027954,-0.064467
HEXA-B.ST,2016-08-08,2.5,positive,Q3,-0.001623,-0.003801,0.002177,0.005411,-0.003606,0.009018,0.037338,0.021377,0.01596,-0.090909,-0.00372,-0.087189
RESURS.ST,2016-08-09,16.5,positive,Q4,0.004802,0.007763,-0.002961,0.018246,-0.009914,0.02816,0.036492,0.024213,0.012279,0.065301,0.018341,0.04696
PEAB-B.ST,2016-08-17,3.57,positive,Q3,-0.012076,-0.006704,-0.005372,0.02436,0.001469,0.022891,0.020196,0.001634,0.018562,0.020196,0.045219,-0.025023
HOLM-B.ST,2016-08-17,3.37,positive,Q3,-0.006282,-0.006704,0.000422,0.065602,0.001469,0.064133,0.032128,0.001634,0.030494,0.049179,0.045219,0.00396
PNDX-B.ST,2016-08-18,-34.88,negative,Q1,-0.007764,-0.001538,-0.006227,0.017508,0.012943,0.004564,-0.011038,0.018222,-0.02926,-0.176372,0.046377,-0.222749
BEIA-B.ST,2016-08-18,1.37,positive,Q3,0.005136,-0.001538,0.006673,0.101001,0.012943,0.088057,0.103634,0.018222,0.085412,0.114037,0.046377,0.06766
HUFV-A.ST,2016-08-22,-11.61,negative,Q2,0.0,0.004544,-0.004544,-0.001334,0.008445,-0.00978,-0.013428,0.011449,-0.024876,-0.104837,0.049711,-0.154548
BALD-B.ST,2016-08-23,-58.21,negative,Q1,0.003788,-0.005565,0.009353,0.006734,0.003679,0.003055,-0.010943,0.023401,-0.034344,-0.213805,0.046455,-0.260259
SYSR.ST,2016-08-25,13.02,positive,Q4,0.0,0.000234,-0.000234,-0.076173,0.018126,-0.094299,-0.022022,0.004632,-0.026654,-0.063899,0.050284,-0.114183
MEKO.ST,2016-08-26,-16.62,negative,Q2,-0.011562,0.004567,-0.016129,-0.005781,0.020383,-0.026164,-0.05453,0.006525,-0.061055,-0.126143,0.051238,-0.177381
ACAD.ST,2016-08-30,-4.79,negative,Q2,-0.057198,-0.000393,-0.056804,0.003839,0.016485,-0.012646,-0.007678,0.011749,-0.019427,-0.178695,0.038457,-0.217152
FAG.ST,2016-08-30,45.59,positive,Q5,-0.01928,-0.000393,-0.018886,-0.007648,0.016485,-0.024133,-0.09624,0.011749,-0.107989,-0.188496,0.038457,-0.226953
EKTA-B.ST,2016-09-01,276.41,positive,Q5,0.031474,0.002453,0.029022,0.045988,-0.007428,0.053416,0.108937,0.004331,0.104606,0.000652,0.030546,-0.029894
CLAS-B.ST,2016-09-07,-19.47,negative,Q2,-0.026946,-0.009351,-0.017595,-0.058642,-0.016113,-0.042529,-0.07101,0.008072,-0.079082,-0.076311,0.036209,-0.11252
HM-B.ST,2016-09-30,-1.02,negative,Q3,0.02229,0.008837,0.013453,0.038794,0.016614,0.02218,0.049147,-0.008031,0.057178,0.050792,0.05189,-0.001098
SKIS-B.ST,2016-10-04,6.19,positive,Q4,0.005322,0.004051,0.001271,-0.007039,-0.006884,-0.000155,-0.049614,-0.021677,-0.027937,0.129442,0.051174,0.078268
CAST.ST,2016-10-12,0.44,positive,Q3,0.0,0.013534,-0.013534,0.004784,0.02744,-0.022657,-0.075678,0.017409,-0.093086,-0.023304,0.059707,-0.083011
GETI-B.ST,2016-10-18,33.33,positive,Q5,-0.03847,0.007266,-0.045736,-0.065147,-0.000724,-0.064424,-0.099878,0.011531,-0.111409,-0.037247,0.035768,-0.073016
FAG.ST,2016-10-19,5.83,positive,Q4,0.010444,-0.000678,0.011122,-0.006266,-0.00634,7.4e-05,-0.103046,0.007253,-0.110299,0.046127,0.034213,0.011915
INTRUM.ST,2016-10-19,12.23,positive,Q4,-0.001388,-0.000678,-0.00071,-0.02568,-0.00634,-0.019339,0.013881,0.007253,0.006628,0.014575,0.034213,-0.019638
SHB-A.ST,2016-10-19,11.54,positive,Q4,0.021042,-0.000678,0.02172,0.020316,-0.00634,0.026657,0.031635,0.007253,0.024382,0.023509,0.034213,-0.010704
INVE-B.ST,2016-10-19,145.54,positive,Q5,0.009614,-0.000678,0.010292,0.003968,-0.00634,0.010308,-0.030063,0.007253,-0.037316,0.06684,0.034213,0.032627
BMAX.ST,2016-10-19,3.32,positive,Q3,0.003874,-0.000678,0.004553,-0.078071,-0.00634,-0.07173,-0.066447,0.007253,-0.0737,0.023441,0.034213,-0.010772
HUSQ-B.ST,2016-10-20,-21.74,negative,Q1,-0.012509,-0.005502,-0.007007,-0.053843,-0.003748,-0.050096,-0.067621,0.009376,-0.076997,-0.055294,0.033497,-0.088791
BOL.ST,2016-10-20,15.92,positive,Q4,-0.010137,-0.005502,-0.004636,0.012068,-0.003748,0.015816,0.124681,0.009376,0.115305,0.205917,0.033497,0.172419
SEB-A.ST,2016-10-20,8.57,positive,Q4,0.004936,-0.005502,0.010438,0.001097,-0.003748,0.004845,0.017367,0.009376,0.007992,0.04936,0.033497,0.015863
DUST.ST,2016-10-20,-45.9,negative,Q1,-0.007692,-0.005502,-0.002191,-0.042308,-0.003748,-0.03856,-0.080769,0.009376,-0.090145,0.074269,0.033497,0.040771
WIHL.ST,2016-10-20,5.26,positive,Q4,0.013514,-0.005502,0.019015,-0.016358,-0.003748,-0.012611,-0.081792,0.009376,-0.091168,-0.078947,0.033497,-0.112445
FABG.ST,2016-10-20,12.9,positive,Q4,0.014978,-0.005502,0.020479,-0.003994,-0.003748,-0.000246,-0.076219,0.009376,-0.085595,-0.057247,0.033497,-0.090745
TEL2-B.ST,2016-10-20,-1.59,negative,Q3,-0.005164,-0.005502,0.000338,-0.010328,-0.003748,-0.00658,-0.075662,0.009376,-0.085038,-0.032106,0.033497,-0.065603
AXFO.ST,2016-10-20,1.83,positive,Q3,-0.022287,-0.005502,-0.016785,-0.03376,-0.003748,-0.030012,-0.096389,0.009376,-0.105765,-0.030374,0.033497,-0.063872
MTG-B.ST,2016-10-20,-28.33,negative,Q1,0.002027,-0.005502,0.007529,-0.012165,-0.003748,-0.008418,-0.042579,0.009376,-0.051955,0.08678,0.033497,0.053283
ATCO-A.ST,2016-10-20,1.04,positive,Q3,-0.00952,-0.005502,-0.004019,-0.001142,-0.003748,0.002605,0.041889,0.009376,0.032513,0.029132,0.033497,-0.004366
BILL.ST,2016-10-21,1.69,positive,Q3,0.010072,-0.003788,0.01386,-0.00869,-0.007166,-0.001524,0.013331,0.019398,-0.006068,-0.009381,0.047158,-0.056539
ERIC-B.ST,2016-10-21,0.0,negative,Q3,-0.014946,-0.003788,-0.011159,-0.033277,-0.007166,-0.026111,0.05471,0.019398,0.035311,0.160745,0.047158,0.113586
TELIA.ST,2016-10-21,-1.23,negative,Q3,-0.002773,-0.003788,0.001015,-0.027264,-0.007166,-0.020099,-0.060998,0.019398,-0.080396,-0.018484,0.047158,-0.065643
DUNI.ST,2016-10-21,-5.33,negative,Q2,0.012508,-0.003788,0.016296,0.0,-0.007166,0.007166,-0.054095,0.019398,-0.073493,0.022878,0.047158,-0.02428
AFRY.ST,2016-10-21,0.0,negative,Q3,-0.011942,-0.003788,-0.008154,-0.023883,-0.007166,-0.016717,-0.005929,0.019398,-0.025327,-0.038413,0.047158,-0.085572
ASSA-B.ST,2016-10-21,0.0,negative,Q3,-0.004236,-0.003788,-0.000448,-0.009601,-0.007166,-0.002435,0.024144,0.019398,0.004746,-0.0012,0.047158,-0.048358
VOLV-B.ST,2016-10-21,-13.84,negative,Q2,-0.00621,-0.003788,-0.002422,0.007245,-0.007166,0.014411,0.02691,0.019398,0.007512,0.16612,0.047158,0.118962
SAND.ST,2016-10-24,16.22,positive,Q4,-0.00109,0.002029,-0.003119,0.009933,-0.013367,0.0233,0.100303,0.021611,0.078691,0.160993,0.036807,0.124186
INWI.ST,2016-10-24,-2.2,negative,Q3,-0.027395,0.002029,-0.029424,-0.042263,-0.013367,-0.028896,-0.124312,0.021611,-0.145923,-0.044741,0.036807,-0.081548
INDT.ST,2016-10-25,-14.59,negative,Q2,0.00059,0.001604,-0.001015,-0.032042,-0.025334,-0.006709,0.032632,0.020709,0.011923,0.063495,0.047199,0.016296
SAAB-B.ST,2016-10-25,-40.78,negative,Q1,0.003314,0.001604,0.00171,-0.026062,-0.025334,-0.000728,0.048207,0.020709,0.027499,0.115547,0.047199,0.068348
TREL-B.ST,2016-10-25,7.23,positive,Q4,-0.005072,0.001604,-0.006677,-0.019532,-0.025334,0.005802,0.062155,0.020709,0.041446,0.141949,0.047199,0.09475
ALFA.ST,2016-10-25,41.51,positive,Q5,-0.008611,0.001604,-0.010216,-0.000824,-0.025334,0.024509,0.088952,0.020709,0.068243,0.217021,0.047199,0.169822
TIGO-SDB.ST,2016-10-25,-15.0,negative,Q2,-0.016076,0.001604,-0.01768,-0.069489,-0.025334,-0.044155,-0.006192,0.020709,-0.0269,0.051399,0.047199,0.0042
SWED-A.ST,2016-10-25,20.0,positive,Q5,0.009957,0.001604,0.008352,-0.024589,-0.025334,0.000745,0.010909,0.020709,-0.0098,0.030736,0.047199,-0.016463
NOLA-B.ST,2016-10-25,-5.45,negative,Q2,-0.007505,0.001604,-0.009109,-0.050657,-0.025334,-0.025323,-0.02439,0.020709,-0.045099,-0.033771,0.047199,-0.08097
LIFCO-B.ST,2016-10-25,-13.95,negative,Q2,-0.017771,0.001604,-0.019375,-0.045465,-0.025334,-0.020131,-0.004616,0.020709,-0.025325,0.042696,0.047199,-0.004503
BEIA-B.ST,2016-10-26,0.0,negative,Q3,0.009553,0.001929,0.007624,-0.007226,-0.024398,0.017172,0.03368,0.02381,0.00987,0.146969,0.061405,0.085564
AAK.ST,2016-10-26,-2.75,negative,Q3,-0.012178,0.001929,-0.014107,-0.068416,-0.024398,-0.044018,-0.076608,0.02381,-0.100418,-0.026901,0.061405,-0.088306
JM.ST,2016-10-26,2.35,positive,Q3,0.01964,0.001929,0.01771,0.006306,-0.024398,0.030704,-0.014114,0.02381,-0.037925,0.024745,0.061405,-0.03666
HOLM-B.ST,2016-10-26,-1.26,negative,Q3,0.015799,0.001929,0.01387,-0.02137,-0.024398,0.003028,0.008066,0.02381,-0.015745,0.051971,0.061405,-0.009434
SKF-B.ST,2016-10-26,-10.5,negative,Q2,0.020011,0.001929,0.018082,-0.011988,-0.024398,0.01241,0.109338,0.02381,0.085528,0.198666,0.061405,0.137261
SOBI.ST,2016-10-27,194.44,positive,Q5,-0.015949,-0.008914,-0.007035,0.004785,-0.036494,0.041279,0.015417,0.009129,0.006288,0.187666,0.064776,0.12289
GRNG.ST,2016-10-27,32.17,positive,Q5,0.01439,-0.008914,0.023303,-0.069418,-0.036494,-0.032924,-0.043327,0.009129,-0.052456,0.144371,0.064776,0.079594
ALIV-SDB.ST,2016-10-27,15.71,positive,Q4,0.00059,-0.008914,0.009503,-0.022977,-0.036494,0.013517,0.097052,0.009129,0.087922,0.190362,0.064776,0.125586
SCA-B.ST,2016-10-27,4.65,positive,Q4,-0.008106,-0.008914,0.000808,-0.021758,-0.036494,0.014736,-0.049701,0.009129,-0.058831,0.008959,0.064776,-0.055817
SSAB-A.ST,2016-10-28,32.56,positive,Q5,-0.008731,-0.01001,0.001279,-0.007191,-0.010079,0.002888,0.226502,0.0144,0.212102,0.298408,0.063893,0.234515
HEXA-B.ST,2016-10-28,0.0,negative,Q3,-0.021251,-0.01001,-0.011241,-0.001181,-0.010079,0.008898,-0.001771,0.0144,-0.016171,0.113341,0.063893,0.049448
ELUX-B.ST,2016-10-28,-5.6,negative,Q2,0.016818,-0.01001,0.026828,0.033241,-0.010079,0.04332,0.001385,0.0144,-0.013015,0.085081,0.063893,0.021188
BRAV.ST,2016-10-28,-10.81,negative,Q2,-0.03603,-0.01001,-0.02602,-0.03603,-0.010079,-0.025951,-0.053928,0.0144,-0.068329,0.054161,0.063893,-0.009732
NCC-B.ST,2016-10-28,-28.48,negative,Q1,0.000842,-0.01001,0.010852,-0.010432,-0.010079,-0.000353,-0.020086,0.0144,-0.034486,-0.058054,0.063893,-0.121946
NOBI.ST,2016-10-28,7.86,positive,Q4,-0.002694,-0.01001,0.007316,-0.018476,-0.010079,-0.008397,-0.037336,0.0144,-0.051737,0.006928,0.063893,-0.056964
HOFI.ST,2016-10-28,-8.09,negative,Q2,0.003142,-0.01001,0.013152,0.006153,-0.010079,0.016231,0.009294,0.0144,-0.005106,0.033774,0.063893,-0.030119
SWEC-B.ST,2016-10-28,15.33,positive,Q4,-0.012777,-0.01001,-0.002767,-0.006189,-0.010079,0.00389,-0.003394,0.0144,-0.017794,0.043522,0.063893,-0.020371
SKA-B.ST,2016-10-28,-28.52,negative,Q1,-0.009168,-0.01001,0.000842,-0.008663,-0.010079,0.001416,0.064756,0.0144,0.050356,0.122293,0.063893,0.0584
THULE.ST,2016-10-28,0.0,negative,Q3,-0.023243,-0.01001,-0.013233,-0.055525,-0.010079,-0.045446,-0.094909,0.0144,-0.109309,0.015772,0.063893,-0.048121
BILI-A.ST,2016-10-28,8.89,positive,Q4,-0.011683,-0.01001,-0.001672,-0.057985,-0.010079,-0.047907,-0.088189,0.0144,-0.10259,-0.025502,0.063893,-0.089395
DOM.ST,2016-10-31,5.0,positive,Q4,0.008744,-0.010125,0.018869,0.015302,0.005281,0.010021,0.053657,0.034409,0.019248,0.093005,0.067756,0.025249
ITAB.ST,2016-11-02,-11.5,negative,Q2,-0.017179,-0.010493,-0.006686,-0.034103,0.027803,-0.061905,-0.006923,0.034533,-0.041456,0.123333,0.08888,0.034454
BALD-B.ST,2016-11-03,-73.61,negative,Q1,0.016512,0.018258,-0.001746,-0.056244,0.032309,-0.088553,-0.053148,0.054894,-0.108041,-0.045408,0.103656,-0.149063
VITR.ST,2016-11-03,-24.07,negative,Q1,0.006188,0.018258,-0.01207,-0.016114,0.032309,-0.048424,-0.096816,0.054894,-0.151709,-0.022302,0.103656,-0.125958
LOOMIS.ST,2016-11-04,-2.26,negative,Q3,0.012123,0.005351,0.006772,-0.02306,0.007901,-0.030961,-0.008082,0.042184,-0.050266,0.057489,0.087682,-0.030192
WALL-B.ST,2016-11-08,-29.79,negative,Q1,-0.028183,0.002613,-0.030797,-0.031919,0.001053,-0.032972,0.0,0.043547,-0.043547,0.04652,0.064687,-0.018167
SECU-B.ST,2016-11-08,7.14,positive,Q4,0.018761,0.002613,0.016148,0.000722,0.001053,-0.000331,0.012026,0.043547,-0.031521,-0.011305,0.064687,-0.075991
ACAD.ST,2016-11-08,-4.44,negative,Q2,-0.009137,0.002613,-0.01175,0.049794,0.001053,0.048741,-0.081544,0.043547,-0.125091,0.076976,0.064687,0.012289
RESURS.ST,2016-11-08,0.0,negative,Q3,-0.003652,0.002613,-0.006265,0.028302,0.001053,0.027249,0.036519,0.043547,-0.007029,0.088558,0.064687,0.023871
BONAV-A.ST,2016-11-08,135.0,positive,Q5,-0.011542,0.002613,-0.014155,0.003298,0.001053,0.002245,0.035449,0.043547,-0.008098,0.135202,0.064687,0.070515
HUFV-A.ST,2016-11-09,4.39,positive,Q3,-0.007533,-0.006155,-0.001378,0.0,0.007894,-0.007894,0.046328,0.050498,-0.004171,0.100942,0.060746,0.040196
PEAB-B.ST,2016-11-10,8.48,positive,Q4,-0.006372,-0.005818,-0.000554,0.004933,0.017185,-0.012251,0.008633,0.05952,-0.050887,0.043165,0.073004,-0.029838
PNDX-B.ST,2016-11-10,-26.8,negative,Q1,-0.015589,-0.005818,-0.009771,0.078863,0.017185,0.061678,0.046859,0.05952,-0.012661,0.089867,0.073004,0.016863
ATT.ST,2016-11-11,-6.71,negative,Q2,0.0,0.0162,-0.0162,0.029121,0.024598,0.004523,-0.022759,0.074779,-0.097539,0.111677,0.082907,0.028769
MEKO.ST,2016-11-11,-13.46,negative,Q2,-0.006305,0.0162,-0.022505,0.0,0.024598,-0.024598,0.096829,0.074779,0.022049,0.099934,0.082907,0.017027
SYSR.ST,2016-11-24,4.23,positive,Q3,0.006489,-0.012438,0.018927,-0.040076,-0.01418,-0.025896,None,None,None,0.179771,0.065097,0.114674
EKTA-B.ST,2016-12-01,-2.17,negative,Q3,-0.01316,0.008981,-0.022141,0.021879,0.043664,-0.021786,0.089488,0.038599,0.050889,0.100016,0.075132,0.024885
CLAS-B.ST,2016-12-07,-4.38,negative,Q2,-0.018312,0.009292,-0.027603,-0.036738,0.019977,-0.056716,0.009213,-0.006794,0.016007,0.02384,0.038207,-0.014368
SKIS-B.ST,2016-12-21,-10.28,negative,Q2,0.006731,0.004121,0.00261,0.003444,-0.000772,0.004216,0.0299,-0.009773,0.039673,0.04665,0.028576,0.018074
DUST.ST,2017-01-11,2.27,positive,Q3,0.007463,0.01276,-0.005298,0.003731,0.007057,-0.003326,-0.003731,0.039526,-0.043257,0.044776,0.044971,-0.000195
CAST.ST,2017-01-19,1.0,positive,Q3,-0.012451,-0.013635,0.001185,-0.002541,0.008701,-0.011242,0.031635,0.033326,-0.001691,0.039258,0.028352,0.010906
BONAV-A.ST,2017-01-25,0.74,positive,Q3,0.021277,-0.009736,0.031012,0.014674,-0.001312,0.015986,0.021277,0.010277,0.011,0.079016,0.042725,0.036291
SCA-B.ST,2017-01-26,-16.01,negative,Q2,-0.007995,-0.006415,-0.00158,0.037029,0.012056,0.024973,0.059331,0.016813,0.042518,0.162634,0.050572,0.112062
TEL2-B.ST,2017-01-26,-50.0,negative,Q1,-0.006001,-0.006415,0.000414,-0.004668,0.012056,-0.016724,0.052678,0.016813,0.035866,0.166259,0.050572,0.115687
INTRUM.ST,2017-01-26,28.82,positive,Q5,-0.007862,-0.006415,-0.001447,-0.007534,0.012056,-0.019591,0.059238,0.016813,0.042425,0.169469,0.050572,0.118897
ERIC-B.ST,2017-01-26,-11.43,negative,Q2,-0.017007,-0.006415,-0.010592,-0.02551,0.012056,-0.037567,0.110544,0.016813,0.093732,0.101069,0.050572,0.050497
LAGR-B.ST,2017-01-26,0.0,negative,Q3,-0.006227,-0.006415,0.000189,-0.021171,0.012056,-0.033227,-0.048568,0.016813,-0.06538,0.1511,0.050572,0.100528
GETI-B.ST,2017-01-26,-0.19,negative,Q3,-0.007035,-0.006415,-0.00062,0.002863,0.012056,-0.009193,0.055056,0.016813,0.038243,0.226276,0.050572,0.175704
ATCO-A.ST,2017-01-27,-31.44,negative,Q1,-0.009995,0.005142,-0.015136,0.005997,0.013087,-0.007091,0.044158,0.027002,0.017156,0.181901,0.064167,0.117734
TELIA.ST,2017-01-27,-10.13,negative,Q2,0.009273,0.005142,0.004131,-0.009761,0.013087,-0.022848,0.032211,0.027002,0.005209,0.056125,0.064167,-0.008042
NCC-B.ST,2017-01-27,-12.9,negative,Q2,0.008396,0.005142,0.003254,0.008878,0.013087,-0.00421,0.006538,0.027002,-0.020464,0.119262,0.064167,0.055095
INVE-B.ST,2017-01-31,168.85,positive,Q5,0.005708,0.002934,0.002774,0.010581,0.001247,0.009334,0.029932,0.021471,0.00846,0.16901,0.057647,0.111363
HM-B.ST,2017-01-31,7.85,positive,Q4,0.000839,0.002934,-0.002095,-0.008931,0.001247,-0.010177,-0.033325,0.021471,-0.054797,-0.116699,0.057647,-0.174346
ALFA.ST,2017-01-31,41.86,positive,Q5,0.023256,0.002934,0.020322,0.006747,0.001247,0.0055,0.011054,0.021471,-0.010418,0.148435,0.057647,0.090788
ELUX-B.ST,2017-02-01,4.76,positive,Q4,0.007419,0.00352,0.003898,-0.006928,0.003639,-0.010567,0.038259,0.018987,0.019271,0.160454,0.052928,0.107526
VOLV-B.ST,2017-02-01,2.42,positive,Q3,-0.006729,0.00352,-0.01025,-0.015982,0.003639,-0.019621,0.015982,0.018987,-0.003005,0.26076,0.052928,0.207832
LOOMIS.ST,2017-02-01,3.78,positive,Q3,0.003836,0.00352,0.000316,0.061477,0.003639,0.057838,0.101064,0.018987,0.082076,0.264372,0.052928,0.211444
SEB-A.ST,2017-02-01,4.84,positive,Q4,0.009865,0.00352,0.006345,0.006906,0.003639,0.003267,0.01562,0.018987,-0.003368,0.072838,0.052928,0.01991
TREL-B.ST,2017-02-01,2.62,positive,Q3,-0.006601,0.00352,-0.010121,-0.015314,0.003639,-0.018952,0.021914,0.018987,0.002927,0.175974,0.052928,0.123045
SAND.ST,2017-02-01,15.17,positive,Q4,-0.002537,0.00352,-0.006057,-0.009234,0.003639,-0.012873,0.043227,0.018987,0.024239,0.206393,0.052928,0.153465
ASSA-B.ST,2017-02-02,20.51,positive,Q5,-0.007231,-0.005403,-0.001828,0.035165,0.003477,0.031688,0.045445,0.011693,0.033752,0.187877,0.052024,0.135852
GRNG.ST,2017-02-02,-10.91,negative,Q2,0.036091,-0.005403,0.041494,-0.006098,0.003477,-0.009574,-0.027192,0.011693,-0.038885,0.083223,0.052024,0.031199
ALIV-SDB.ST,2017-02-02,-8.56,negative,Q2,-0.013588,-0.005403,-0.008185,0.019001,0.003477,0.015524,0.010501,0.011693,-0.001192,-0.009205,0.052024,-0.061229
INWI.ST,2017-02-02,55.77,positive,Q5,-0.004696,-0.005403,0.000707,0.011423,0.003477,0.007946,-0.034522,0.011693,-0.046215,0.171976,0.052024,0.119952
SWED-A.ST,2017-02-02,16.58,positive,Q4,-0.006595,-0.005403,-0.001192,0.000885,0.003477,-0.002592,-0.013109,0.011693,-0.024802,-0.012064,0.052024,-0.064088
MTG-B.ST,2017-02-02,6.6,positive,Q4,-0.026063,-0.005403,-0.02066,-0.013032,0.003477,-0.016508,0.007202,0.011693,-0.004491,-0.004801,0.052024,-0.056825
BILL.ST,2017-02-02,14.11,positive,Q4,-0.009289,-0.005403,-0.003886,0.00336,0.003477,-0.000117,-0.037352,0.011693,-0.049045,-0.042787,0.052024,-0.094811
FABG.ST,2017-02-02,-237.5,negative,Q1,-0.001972,-0.005403,0.003431,-0.00789,0.003477,-0.011366,-0.03764,0.011693,-0.049333,0.034517,0.052024,-0.017507
SKF-B.ST,2017-02-02,1.78,positive,Q3,-0.01917,-0.005403,-0.013767,-0.026084,0.003477,-0.029561,0.01807,0.011693,0.006378,0.157762,0.052024,0.105738
AAK.ST,2017-02-03,8.18,positive,Q4,-0.004321,0.001319,-0.00564,-0.006073,0.015031,-0.021104,0.037842,0.017347,0.020494,0.0911,0.060133,0.030967
SKA-B.ST,2017-02-03,15.37,positive,Q4,0.000518,0.001319,-0.000801,-0.000453,0.015031,-0.015484,-0.020069,0.017347,-0.037416,0.00997,0.060133,-0.050163
AFRY.ST,2017-02-03,1.09,positive,Q3,0.027562,0.001319,0.026243,0.019884,0.015031,0.004853,0.046799,0.017347,0.029452,0.076059,0.060133,0.015926
HEXA-B.ST,2017-02-06,-2.17,negative,Q3,-0.008629,-0.001098,-0.007532,0.003046,0.01213,-0.009084,-0.030964,0.017594,-0.048558,0.208122,0.057096,0.151026
ACAD.ST,2017-02-07,-7.07,negative,Q2,0.004531,0.00533,-0.0008,0.0,0.015997,-0.015997,-0.017044,0.022263,-0.039307,0.01726,0.067045,-0.049785
AXFO.ST,2017-02-07,-12.05,negative,Q2,-0.008125,0.00533,-0.013455,0.0,0.015997,-0.015997,0.03322,0.022263,0.010957,0.108711,0.067045,0.041666
JM.ST,2017-02-07,8.37,positive,Q4,0.001038,0.00533,-0.004292,0.021806,0.015997,0.005808,0.012132,0.022263,-0.010131,0.230517,0.067045,0.163472
ITAB.ST,2017-02-07,-70.59,negative,Q1,-0.0065,0.00533,-0.01183,-0.009629,0.015997,-0.025627,-0.051517,0.022263,-0.07378,-0.064275,0.067045,-0.131321
SECU-B.ST,2017-02-07,6.51,positive,Q4,-0.008093,0.00533,-0.013424,-0.014877,0.015997,-0.030875,0.026779,0.022263,0.004516,0.052487,0.067045,-0.014558
NOBI.ST,2017-02-07,16.8,positive,Q4,-0.004509,0.00533,-0.009839,0.015609,0.015997,-0.000389,0.01214,0.022263,-0.010123,0.134929,0.067045,0.067884
RESURS.ST,2017-02-07,-6.15,negative,Q2,-0.027982,0.00533,-0.033312,0.031374,0.015997,0.015376,-0.038157,0.022263,-0.06042,0.007066,0.067045,-0.059979
SHB-A.ST,2017-02-08,-12.44,negative,Q2,-0.000682,0.003358,-0.004041,0.010781,0.01209,-0.00131,-0.026064,0.019538,-0.045603,0.01774,0.059165,-0.041425
HOLM-B.ST,2017-02-08,15.22,positive,Q4,-0.003536,0.003358,-0.006894,0.006169,0.01209,-0.005922,0.030091,0.019538,0.010553,0.196043,0.059165,0.136878
NOLA-B.ST,2017-02-08,0.54,positive,Q3,0.021195,0.003358,0.017836,0.034682,0.01209,0.022592,0.05395,0.019538,0.034412,0.17341,0.059165,0.114245
HOFI.ST,2017-02-09,-5.48,negative,Q2,-0.018921,0.006049,-0.02497,-0.009528,0.00503,-0.014557,0.0157,0.020466,-0.004765,0.070182,0.050739,0.019443
DOM.ST,2017-02-09,104.0,positive,Q5,-0.005629,0.006049,-0.011678,-0.022691,0.00503,-0.027721,-0.041161,0.020466,-0.061627,0.034828,0.050739,-0.015911
HUSQ-B.ST,2017-02-09,12.5,positive,Q4,0.01245,0.006049,0.006401,0.046734,0.00503,0.041704,0.057741,0.020466,0.037275,0.247925,0.050739,0.197186
VITR.ST,2017-02-09,-1.79,negative,Q3,0.008773,0.006049,0.002724,-0.00433,0.00503,-0.009359,-0.017546,0.020466,-0.038012,0.157229,0.050739,0.10649
NEWA-B.ST,2017-02-09,13.77,positive,Q4,0.025228,0.006049,0.019179,0.033928,0.00503,0.028898,0.105263,0.020466,0.084797,0.094824,0.050739,0.044085
PEAB-B.ST,2017-02-10,13.1,positive,Q4,0.01095,-0.001543,0.012493,0.018898,0.002638,0.01626,0.045567,0.00879,0.036777,0.252738,0.047242,0.205496
WIHL.ST,2017-02-10,15.13,positive,Q4,0.018854,-0.001543,0.020397,0.033358,0.002638,0.03072,-0.02393,0.00879,-0.032721,0.113851,0.047242,0.066609
BIOG-B.ST,2017-02-10,27.83,positive,Q5,-0.00607,-0.001543,-0.004527,0.010574,0.002638,0.007936,-0.028588,0.00879,-0.037378,0.102017,0.047242,0.054775
THULE.ST,2017-02-10,11.11,positive,Q4,0.02032,-0.001543,0.021863,0.027963,0.002638,0.025325,0.029401,0.00879,0.020611,0.119313,0.047242,0.072071
BOL.ST,2017-02-10,23.02,positive,Q5,-0.007311,-0.001543,-0.005767,-0.017406,0.002638,-0.020044,-0.07773,0.00879,-0.08652,-0.138403,0.047242,-0.185644
KINV-B.ST,2017-02-10,-111.59,negative,Q1,0.004785,-0.001543,0.006328,0.011962,0.002638,0.009324,0.000797,0.00879,-0.007993,1.277512,0.047242,1.23027
LIAB.ST,2017-02-10,-9.57,negative,Q2,0.006539,-0.001543,0.008082,0.007974,0.002638,0.005337,-0.039394,0.00879,-0.048184,0.242743,0.047242,0.195502
SAAB-B.ST,2017-02-13,-28.3,negative,Q1,0.022246,0.002719,0.019528,0.036304,0.012952,0.023352,0.036577,0.012189,0.024388,0.231746,0.05102,0.180725
SWEC-B.ST,2017-02-14,0.41,positive,Q3,-0.010496,0.001464,-0.01196,-0.014115,0.005152,-0.019267,0.055556,0.012218,0.043338,0.142599,0.050211,0.092388
BEIA-B.ST,2017-02-14,-13.89,negative,Q2,0.034331,0.001464,0.032867,-0.008096,0.005152,-0.013248,0.012093,0.012218,-0.000125,0.114163,0.050211,0.063952
INDT.ST,2017-02-14,-9.61,negative,Q2,0.005405,0.001464,0.003941,0.00251,0.005152,-0.002642,0.003089,0.012218,-0.009129,0.20695,0.050211,0.156739
BILI-A.ST,2017-02-14,-3.59,negative,Q3,-0.011988,0.001464,-0.013453,-0.033333,0.005152,-0.038485,-0.083333,0.012218,-0.095551,-0.083772,0.050211,-0.133983
MEKO.ST,2017-02-15,13.07,positive,Q4,-0.011219,-0.003641,-0.007578,-0.030789,0.007597,-0.038386,-0.011219,0.005483,-0.016702,-0.02016,0.033013,-0.053173
LIFCO-B.ST,2017-02-15,-6.67,negative,Q2,0.00405,-0.003641,0.007692,0.012376,0.007597,0.004779,-0.016652,0.005483,-0.022134,0.046805,0.033013,0.013792
ATT.ST,2017-02-15,0.0,negative,Q3,0.001139,-0.003641,0.004781,0.027975,0.007597,0.020377,0.018608,0.005483,0.013125,0.154177,0.033013,0.121165
SSAB-A.ST,2017-02-15,40.0,positive,Q5,-0.030999,-0.003641,-0.027358,-0.041332,0.007597,-0.048929,-0.010716,0.005483,-0.016198,-0.068121,0.033013,-0.101133
PNDX-B.ST,2017-02-16,-19.19,negative,Q2,0.010305,0.003655,0.00665,-0.013687,-0.000464,-0.013222,-0.047983,0.008065,-0.056048,0.068916,0.028449,0.040467
DIOS.ST,2017-02-16,-29.79,negative,Q1,-0.008947,0.003655,-0.012602,-0.013123,-0.000464,-0.012658,-0.033105,0.008065,-0.041169,0.099016,0.028449,0.070567
HUFV-A.ST,2017-02-16,-12.82,negative,Q2,-0.004799,0.003655,-0.008454,-0.013113,-0.000464,-0.012649,-0.059393,0.008065,-0.067458,0.013884,0.028449,-0.014565
SOBI.ST,2017-02-16,12.12,positive,Q4,0.003396,0.003655,-0.000259,0.039049,-0.000464,0.039513,0.069609,0.008065,0.061545,0.156197,0.028449,0.127748
RAY-B.ST,2017-02-17,12.76,positive,Q4,0.00892,0.008728,0.000192,0.017795,-0.007419,0.025215,0.066676,-0.003458,0.070133,0.00669,0.033546,-0.026855
FAG.ST,2017-02-21,-20.65,negative,Q1,0.027571,0.003901,0.023671,-0.024143,0.005841,-0.029983,0.039714,-0.000536,0.04025,0.224286,0.037654,0.186632
BRAV.ST,2017-02-22,7.69,positive,Q4,0.003347,-0.011613,0.01496,0.041509,-0.004892,0.046401,0.020754,-0.005418,0.026172,0.104441,0.031849,0.072592
WALL-B.ST,2017-02-22,-215.56,negative,Q1,-0.00213,-0.011613,0.009483,-0.018862,-0.004892,-0.01397,-0.052327,-0.005418,-0.04691,0.094007,0.031849,0.062157
BALD-B.ST,2017-02-22,-64.21,negative,Q1,-0.003033,-0.011613,0.00858,-0.012639,-0.004892,-0.007747,-0.074823,-0.005418,-0.069405,0.076845,0.031849,0.044996
SHOT.ST,2017-02-23,106.57,positive,Q5,-0.006325,-0.003329,-0.002996,0.028041,0.007298,0.020743,0.14358,0.002963,0.140617,None,None,None
ALIG.ST,2017-02-23,5.77,positive,Q4,0.007302,-0.003329,0.010631,-0.007302,0.007298,-0.0146,0.065198,0.002963,0.062234,None,None,None
SYSR.ST,2017-02-23,1.03,positive,Q3,-0.009138,-0.003329,-0.005809,0.012402,0.007298,0.005104,0.035901,0.002963,0.032937,None,None,None
EKTA-B.ST,2017-03-01,-51.85,negative,Q1,0.006131,0.000495,0.005636,0.008524,0.002022,0.006502,0.058621,0.004488,0.054133,0.051443,0.037061,0.014382
CLAS-B.ST,2017-03-15,2.99,positive,Q3,0.0,-0.005199,0.005199,0.027274,-0.007512,0.034786,None,None,None,0.221842,0.029086,0.192756
SKIS-B.ST,2017-03-23,8.83,positive,Q4,-0.012634,-0.003284,-0.00935,0.050535,0.005019,0.045517,0.145065,0.023643,0.121422,0.271254,0.041565,0.22969
HM-B.ST,2017-03-30,3.5,positive,Q3,-0.02407,-0.010215,-0.013855,-0.046724,-0.01131,-0.035415,-0.051551,0.030789,-0.08234,-0.062235,0.009388,-0.071623
DUST.ST,2017-04-05,-5.88,negative,Q2,0.0,0.003593,-0.003593,0.0,0.005601,-0.005601,0.024823,0.048235,-0.023412,-0.042553,0.036405,-0.078958
AXFO.ST,2017-04-20,-0.68,negative,Q3,-0.000767,0.022897,-0.023664,0.009296,0.034164,-0.024869,0.034403,0.035574,-0.001171,-0.007858,0.01563,-0.023488
AAK.ST,2017-04-20,2.86,positive,Q3,-0.007865,0.022897,-0.030762,-0.008609,0.034164,-0.042773,-0.00744,0.035574,-0.043014,-0.027314,0.01563,-0.042944
BILL.ST,2017-04-20,-5.83,negative,Q2,0.015587,0.022897,-0.00731,0.004917,0.034164,-0.029248,-0.039021,0.035574,-0.074595,-0.046344,0.01563,-0.061974
HUSQ-B.ST,2017-04-21,4.24,positive,Q3,-0.005747,0.004834,-0.010581,None,None,None,0.003389,0.020157,-0.016767,-0.054377,-0.017335,-0.037042
MTG-B.ST,2017-04-21,-20.11,negative,Q2,0.001382,0.004834,-0.003453,None,None,None,0.112368,0.020157,0.092212,0.113908,-0.017335,0.131242
TEL2-B.ST,2017-04-22,47.22,positive,Q5,0.001714,0.001999,-0.000286,0.015613,0.012035,0.003579,0.059216,0.013508,0.045708,0.142612,-0.031025,0.173637
INWI.ST,2017-04-24,102.86,positive,Q5,0.012311,0.001999,0.010312,0.044951,0.012035,0.032917,0.055229,0.013508,0.041722,-0.123108,-0.031025,-0.092083
DOM.ST,2017-04-24,7.53,positive,Q4,0.006861,0.001999,0.004862,0.028556,0.012035,0.016521,0.083071,0.013508,0.069563,0.040794,-0.031025,0.071819
SAND.ST,2017-04-24,13.04,positive,Q4,0.009961,0.001999,0.007962,0.042876,0.012035,0.030841,-0.018016,0.013508,-0.031524,-0.059333,-0.031025,-0.028308
INVE-B.ST,2017-04-24,32.17,positive,Q5,0.003135,0.001999,0.001136,0.012541,0.012035,0.000506,0.012058,0.013508,-0.001449,-0.006029,-0.031025,0.024996
DUNI.ST,2017-04-25,-23.75,negative,Q1,-0.009858,-0.002283,-0.007574,0.031911,0.008459,0.023451,None,None,None,-0.025711,-0.031705,0.005994
VOLV-B.ST,2017-04-25,31.64,positive,Q5,-0.016214,-0.002283,-0.01393,-0.01479,0.008459,-0.023249,None,None,None,-0.041849,-0.031705,-0.010144
INTRUM.ST,2017-04-25,-1.24,negative,Q3,-0.017792,-0.002283,-0.015508,-0.019488,0.008459,-0.027948,None,None,None,-0.234547,-0.031705,-0.202842
AFRY.ST,2017-04-25,-3.33,negative,Q3,0.003095,-0.002283,0.005378,0.00551,0.008459,-0.002949,None,None,None,-0.030646,-0.031705,0.001059
BOL.ST,2017-04-25,-14.87,negative,Q2,-0.019634,-0.002283,-0.01735,-0.040092,0.008459,-0.048552,None,None,None,0.010229,-0.031705,0.041934
VITR.ST,2017-04-25,19.57,positive,Q5,0.013943,-0.002283,0.016227,0.019108,0.008459,0.010648,None,None,None,0.276906,-0.031705,0.308611
CAST.ST,2017-04-25,-5.45,negative,Q2,0.004854,-0.002283,0.007137,-0.001699,0.008459,-0.010158,None,None,None,0.016988,-0.031705,0.048693
GETI-B.ST,2017-04-25,18.58,positive,Q5,0.008884,-0.002283,0.011168,0.03769,0.008459,0.029231,None,None,None,-0.16126,-0.031705,-0.129555
SWED-A.ST,2017-04-25,19.85,positive,Q5,-0.010045,-0.002283,-0.007762,0.011939,0.008459,0.00348,None,None,None,0.011939,-0.031705,0.043644
ASSA-B.ST,2017-04-26,0.58,positive,Q3,-0.008815,0.006442,-0.015257,-0.002085,0.013455,-0.015539,-0.007743,0.011872,-0.019615,-0.095057,-0.022492,-0.072565
TELIA.ST,2017-04-26,-19.12,negative,Q2,-0.010969,0.006442,-0.017411,0.015996,0.013455,0.002541,0.087751,0.011872,0.075879,0.047989,-0.022492,0.070481
SHB-B.ST,2017-04-26,16.67,positive,Q4,0.02119,0.006442,0.014748,0.027827,0.013455,0.014373,0.002425,0.011872,-0.009447,-0.006638,-0.022492,0.015854
WALL-B.ST,2017-04-26,-19.23,negative,Q2,-0.007383,0.006442,-0.013825,0.008565,0.013455,-0.00489,0.064383,0.011872,0.05251,0.092144,-0.022492,0.114636
WIHL.ST,2017-04-26,6.96,positive,Q4,-0.008784,0.006442,-0.015226,0.003378,0.013455,-0.010077,0.027703,0.011872,0.01583,0.139865,-0.022492,0.162357
ATCO-A.ST,2017-04-26,12.09,positive,Q4,0.008841,0.006442,0.002399,0.01427,0.013455,0.000815,-0.029936,0.011872,-0.041809,-0.071661,-0.022492,-0.049169
DIOS.ST,2017-04-26,-46.88,negative,Q1,0.002277,0.006442,-0.004165,0.037564,0.013455,0.024109,0.079397,0.011872,0.067524,0.061753,-0.022492,0.084245
THULE.ST,2017-04-26,13.71,positive,Q4,-0.021004,0.006442,-0.027446,0.0,0.013455,-0.013455,0.04144,0.011872,0.029568,0.003812,-0.022492,0.026303
NEWA-B.ST,2017-04-26,322.22,positive,Q5,0.020536,0.006442,0.014094,0.020536,0.013455,0.007082,-0.007125,0.011872,-0.018997,-0.048617,-0.022492,-0.026125
ALFA.ST,2017-04-26,27.32,positive,Q5,0.032416,0.006442,0.025974,0.028445,0.013455,0.01499,-0.007941,0.011872,-0.019814,0.054547,-0.022492,0.077039
SAAB-B.ST,2017-04-26,28.15,positive,Q5,0.009409,0.006442,0.002967,0.005516,0.013455,-0.007939,0.0053,0.011872,-0.006573,-0.121891,-0.022492,-0.099399
ALIG.ST,2017-04-26,-3.03,negative,Q3,0.020885,0.006442,0.014443,-0.047454,0.013455,-0.060909,0.022244,0.011872,0.010372,0.024098,-0.022492,0.04659
NOLA-B.ST,2017-04-26,15.3,positive,Q4,0.014273,0.006442,0.007831,0.04109,0.013455,0.027635,0.120242,0.011872,0.10837,0.258651,-0.022492,0.281142
SHB-A.ST,2017-04-26,11.11,positive,Q4,0.021993,0.006442,0.015551,0.028396,0.013455,0.014942,-0.004037,0.011872,-0.015909,-0.006542,-0.022492,0.01595
INDT.ST,2017-04-26,12.44,positive,Q4,0.008649,0.006442,0.002207,0.002831,0.013455,-0.010624,-0.027992,0.011872,-0.039864,-0.053939,-0.022492,-0.031447
BILI-A.ST,2017-05-02,21.34,positive,Q5,0.016591,0.002659,0.013932,0.022121,0.009584,0.012537,-0.041477,0.004489,-0.045966,-0.116298,-0.041416,-0.074882
HEXA-B.ST,2017-05-02,-2.56,negative,Q3,0.009709,0.002659,0.00705,-0.002955,0.009584,-0.012539,-0.016041,0.004489,-0.02053,0.025327,-0.041416,0.066744
SECU-B.ST,2017-05-03,1.07,positive,Q3,0.000682,0.002263,-0.001581,0.007274,0.002251,0.005024,0.047283,0.005087,0.042197,-0.014549,-0.045856,0.031307
HOLM-B.ST,2017-05-03,-7.38,negative,Q2,0.002553,0.002263,0.000291,0.009001,0.002251,0.00675,0.006703,0.005087,0.001616,-0.060389,-0.045856,-0.014534
BIOG-B.ST,2017-05-03,-1.59,negative,Q3,-0.008247,0.002263,-0.01051,-0.028952,0.002251,-0.031203,0.001404,0.005087,-0.003683,-0.156519,-0.045856,-0.110663
FAG.ST,2017-05-03,27.69,positive,Q5,-0.031834,0.002263,-0.034097,-0.016653,0.002251,-0.018904,-0.031834,0.005087,-0.036921,-0.110003,-0.045856,-0.064148
PNDX-B.ST,2017-05-04,-23.5,negative,Q1,0.016931,-0.00155,0.018481,0.045458,0.002688,0.04277,0.087514,-0.002522,0.090037,0.023734,-0.050171,0.073905
LIFCO-B.ST,2017-05-04,5.79,positive,Q4,-0.018905,-0.00155,-0.017355,-0.038992,0.002688,-0.04168,0.011422,-0.002522,0.013944,0.0,-0.050171,0.050171
BEIA-B.ST,2017-05-04,7.5,positive,Q4,-0.005768,-0.00155,-0.004218,0.005675,0.002688,0.002987,0.003814,-0.002522,0.006337,-0.074332,-0.050171,-0.024161
LOOMIS.ST,2017-05-04,13.0,positive,Q4,-0.007957,-0.00155,-0.006407,0.028168,0.002688,0.02548,0.001233,-0.002522,0.003756,-0.062741,-0.050171,-0.01257
SKA-B.ST,2017-05-05,37.3,positive,Q5,0.020724,0.008304,0.01242,0.013666,0.006313,0.007353,0.024894,0.000638,0.024256,-0.135314,-0.040273,-0.095041
HUFV-A.ST,2017-05-05,-47.11,negative,Q1,0.004931,0.008304,-0.003373,0.019723,0.006313,0.01341,0.054153,0.000638,0.053515,0.007736,-0.040273,0.048009
ATT.ST,2017-05-05,29.89,positive,Q5,0.013874,0.008304,0.00557,-0.000961,0.006313,-0.007273,0.01889,0.000638,0.018252,0.046745,-0.040273,0.087018
LIAB.ST,2017-05-09,1.82,positive,Q3,0.024944,-0.004624,0.029568,-0.008889,-0.0129,0.004011,0.076158,-0.003563,0.079721,-0.037283,-0.04142,0.004137
RESURS.ST,2017-05-09,5.98,positive,Q4,-0.020454,-0.004624,-0.01583,-0.051275,-0.0129,-0.038375,-0.024657,-0.003563,-0.021094,-0.032782,-0.04142,0.008638
MEKO.ST,2017-05-10,-16.67,negative,Q2,-0.014982,0.002701,-0.017683,0.0,-0.016291,0.016291,0.011951,0.007783,0.004168,0.014982,-0.043129,0.058111
ACAD.ST,2017-05-10,-13.29,negative,Q2,0.0,0.002701,-0.002701,0.022283,-0.016291,0.038574,0.067531,0.007783,0.059747,0.027058,-0.043129,0.070186
PEAB-B.ST,2017-05-10,23.68,positive,Q5,0.012273,0.002701,0.009573,0.004139,-0.016291,0.020429,0.098188,0.007783,0.090404,-0.012702,-0.043129,0.030427
SHOT.ST,2017-05-10,-38.46,negative,Q1,0.004769,0.002701,0.002069,0.031479,-0.016291,0.047769,0.128776,0.007783,0.120992,0.118919,-0.043129,0.162047
BRAV.ST,2017-05-10,-1.32,negative,Q3,-0.025378,0.002701,-0.028078,-0.033434,-0.016291,-0.017143,-0.018328,0.007783,-0.026112,-0.045317,-0.043129,-0.002189
LAGR-B.ST,2017-05-10,4.46,positive,Q3,0.015631,0.002701,0.01293,-0.015994,-0.016291,0.000296,0.018539,0.007783,0.010755,-0.084696,-0.043129,-0.041568
BERG-B.ST,2017-05-10,7.27,positive,Q4,-0.010289,0.002701,-0.012989,-0.061411,-0.016291,-0.04512,-0.012797,0.007783,-0.02058,-0.466787,-0.043129,-0.423658
BALD-B.ST,2017-05-11,-83.06,negative,Q1,0.001404,0.002059,-0.000656,-0.022461,-0.010475,-0.011986,0.021058,-0.004649,0.025707,-0.021058,-0.055696,0.034638
SWEC-B.ST,2017-05-11,4.3,positive,Q3,0.0027,0.002059,0.00064,-0.000318,-0.010475,0.010157,-0.00667,-0.004649,-0.00202,-0.108782,-0.055696,-0.053086
ITAB.ST,2017-05-11,-26.6,negative,Q1,0.003386,0.002059,0.001326,-0.050302,-0.010475,-0.039827,-0.016929,-0.004649,-0.012279,-0.060459,-0.055696,-0.004764
RAY-B.ST,2017-05-19,-3.75,negative,Q3,0.002196,0.007668,-0.005472,0.006588,0.001659,0.004929,0.129112,0.011328,0.117784,-0.264767,-0.059596,-0.20517
SECT-B.ST,2017-05-30,17.69,positive,Q4,-0.008371,0.00135,-0.009721,0.025811,0.000874,0.024937,-0.011161,-0.022316,0.011154,-0.244855,-0.072115,-0.17274
EKTA-B.ST,2017-06-01,-48.59,negative,Q1,0.006233,-0.005325,0.011558,0.023411,0.00494,0.018472,-0.025692,-0.015178,-0.010514,0.015962,-0.060611,0.076573
SYSR.ST,2017-06-08,-55.65,negative,Q1,0.013281,-0.00967,0.022951,-0.015092,-0.0114,-0.003692,0.001509,-0.020081,0.02159,-0.124359,-0.061503,-0.062856
CLAS-B.ST,2017-06-08,444.44,positive,Q5,0.009145,-0.00967,0.018815,0.030709,-0.0114,0.042108,-0.021467,-0.020081,-0.001387,-0.030709,-0.061503,0.030794
SKIS-B.ST,2017-06-21,26.3,positive,Q5,-0.019876,-0.001116,-0.01876,-0.029697,-0.026029,-0.003668,-0.12405,-0.047698,-0.076352,-0.03718,-0.036453,-0.000727
HM-B.ST,2017-06-29,3.79,positive,Q3,0.022373,0.015525,0.006848,0.014275,0.009028,0.005247,0.002882,-0.03391,0.036792,0.05957,0.013255,0.046315
FPAR-A.ST,2017-07-04,-44.83,negative,Q1,-0.026464,-0.00382,-0.022644,-0.008677,0.014371,-0.023048,-0.003471,-0.041514,0.038043,0.037093,0.008262,0.028831
DUST.ST,2017-07-05,-12.0,negative,Q2,-0.007407,-0.002463,-0.004944,-0.007407,0.01326,-0.020667,-0.037037,-0.029318,-0.007719,0.02963,0.017388,0.012242
FABG.ST,2017-07-07,2.9,positive,Q3,-0.003655,-0.001992,-0.001663,-0.003046,0.008936,-0.011982,0.023454,-0.026765,0.050219,0.061224,0.017445,0.043779
DIOS.ST,2017-07-07,-23.49,negative,Q1,-0.014354,-0.001992,-0.012362,-0.001861,0.008936,-0.010797,0.0,-0.026765,0.026765,0.066986,0.017445,0.04954
WIHL.ST,2017-07-10,-54.65,negative,Q1,0.002478,0.017898,-0.01542,0.02974,-0.008766,0.038506,0.047088,-0.031062,0.07815,0.064436,0.015237,0.049199
ITAB.ST,2017-07-12,-1.69,negative,Q3,-0.007007,0.002643,-0.00965,-0.003504,-0.027184,0.023681,-0.027778,-0.063032,0.035255,-0.114615,0.00113,-0.115744
PNDX-B.ST,2017-07-13,-55.25,negative,Q1,-0.011571,-0.004555,-0.007016,-0.018674,-0.039746,0.021072,-0.043134,-0.056016,0.012882,0.006371,-0.00311,0.009482
CAST.ST,2017-07-13,-10.7,negative,Q2,-0.007176,-0.004555,-0.002621,0.008851,-0.039746,0.048597,0.017701,-0.056016,0.073718,0.046884,-0.00311,0.049995
AFRY.ST,2017-07-13,-7.92,negative,Q2,0.000615,-0.004555,0.00517,-0.003768,-0.039746,0.035978,-0.034989,-0.056016,0.021027,0.072593,-0.00311,0.075703
DUNI.ST,2017-07-14,-9.41,negative,Q2,-0.02264,-0.019502,-0.003138,-0.02467,-0.044193,0.019523,-0.026701,-0.058531,0.03183,0.051472,0.003247,0.048226
JM.ST,2017-07-14,15.38,positive,Q4,0.017139,-0.019502,0.036641,-0.00805,-0.044193,0.036143,-0.02171,-0.058531,0.036821,-0.221564,0.003247,-0.224811
SEB-A.ST,2017-07-14,14.06,positive,Q4,-0.017857,-0.019502,0.001645,-0.042113,-0.044193,0.00208,-0.040179,-0.058531,0.018352,-0.013988,0.003247,-0.017235
VITR.ST,2017-07-14,22.22,positive,Q5,0.0,-0.019502,0.019502,0.024177,-0.044193,0.06837,0.099958,-0.058531,0.158489,0.095123,0.003247,0.091876
AXFO.ST,2017-07-14,-2.16,negative,Q3,0.002124,-0.019502,0.021626,-0.014479,-0.044193,0.029715,0.004344,-0.058531,0.062874,0.020946,0.003247,0.017699
INWI.ST,2017-07-17,-24.37,negative,Q1,0.007196,0.001623,0.005573,-0.004755,-0.023919,0.019164,-0.026214,-0.034337,0.008123,-0.100231,0.021859,-0.12209
AAK.ST,2017-07-17,1.96,positive,Q3,-0.004869,0.001623,-0.006492,-0.034733,-0.023919,-0.010814,-0.033975,-0.034337,0.000362,0.017745,0.021859,-0.004114
ALFA.ST,2017-07-17,-14.08,negative,Q2,0.002599,0.001623,0.000977,-0.023274,-0.023919,0.000645,-0.02273,-0.034337,0.011607,0.070185,0.021859,0.048326
GETI-B.ST,2017-07-17,25.29,positive,Q5,-0.001394,0.001623,-0.003016,-0.035225,-0.023919,-0.011306,-0.027096,-0.034337,0.007241,0.075637,0.021859,0.053778
ATCO-A.ST,2017-07-17,-3.0,negative,Q3,0.014948,0.001623,0.013325,-0.012124,-0.023919,0.011795,-0.040193,-0.034337,-0.005855,0.115429,0.021859,0.09357
SAND.ST,2017-07-17,0.57,positive,Q3,0.017397,0.001623,0.015774,-0.015053,-0.023919,0.008866,-0.040743,-0.034337,-0.006405,0.076167,0.021859,0.054308
ESSITY-A.ST,2017-07-18,10.07,positive,Q4,-0.010062,-0.007534,-0.002529,-0.021784,-0.018475,-0.003309,-0.081691,-0.043404,-0.038287,-0.026815,0.01762,-0.044436
BILL.ST,2017-07-18,-7.03,negative,Q2,-0.006863,-0.007534,0.00067,0.000763,-0.018475,0.019237,-0.045539,-0.043404,-0.002135,0.063732,0.01762,0.046112
DOM.ST,2017-07-18,13.48,positive,Q4,-0.012861,-0.007534,-0.005327,-0.033889,-0.018475,-0.015415,-0.062044,-0.043404,-0.01864,-0.048314,0.01762,-0.065935
BONAV-A.ST,2017-07-18,67.33,positive,Q5,0.062591,-0.007534,0.070125,0.020379,-0.018475,0.038853,0.000728,-0.043404,0.044132,-0.126037,0.01762,-0.143658
HUSQ-B.ST,2017-07-18,-3.95,negative,Q3,-0.002933,-0.007534,0.004601,-0.025934,-0.018475,-0.007459,-0.034887,-0.043404,0.008517,-0.048626,0.01762,-0.066247
MTG-B.ST,2017-07-18,-10.21,negative,Q2,-0.00938,-0.007534,-0.001847,-0.044221,-0.018475,-0.025746,-0.047571,-0.043404,-0.004167,0.060972,0.01762,0.043351
SHB-B.ST,2017-07-18,3.0,positive,Q3,-0.000894,-0.007534,0.00664,-0.006638,-0.018475,0.011837,-0.043401,-0.043404,3e-06,-0.016467,0.01762,-0.034087
LIFCO-B.ST,2017-07-18,-11.37,negative,Q2,0.015212,-0.007534,0.022746,-0.02567,-0.018475,-0.007196,-0.022438,-0.043404,0.020966,-0.035558,0.01762,-0.053179
SHB-A.ST,2017-07-18,3.52,positive,Q3,0.003346,-0.007534,0.01088,-0.00488,-0.018475,0.013595,-0.040714,-0.043404,0.00269,-0.016313,0.01762,-0.033934
ESSITY-B.ST,2017-07-18,12.92,positive,Q4,-0.004622,-0.007534,0.002911,-0.017607,-0.018475,0.000868,-0.082217,-0.043404,-0.038813,-0.02306,0.01762,-0.040681
ERIC-B.ST,2017-07-18,-55.26,negative,Q1,0.015515,-0.007534,0.023049,0.008727,-0.018475,0.027202,-0.043394,-0.043404,1e-05,-0.065455,0.01762,-0.083075
LAGR-B.ST,2017-07-19,-7.77,negative,Q2,0.022137,-0.010304,0.032441,0.002672,-0.017123,0.019795,-0.127863,-0.04113,-0.086733,0.030916,0.024476,0.00644
INVE-B.ST,2017-07-19,3.79,positive,Q3,-0.009409,-0.010304,0.000894,-0.024893,-0.017123,-0.00777,-0.060743,-0.04113,-0.019614,0.022153,0.024476,-0.002322
ASSA-B.ST,2017-07-19,-4.85,negative,Q2,-0.017674,-0.010304,-0.007371,0.005716,-0.017123,0.022839,-0.03364,-0.04113,0.00749,0.014849,0.024476,-0.009627
TEL2-B.ST,2017-07-19,-6.49,negative,Q2,-0.014634,-0.010304,-0.004331,-0.023252,-0.017123,-0.006129,-0.044878,-0.04113,-0.003748,-0.040976,0.024476,-0.065451
VOLV-B.ST,2017-07-19,1.75,positive,Q3,-0.020366,-0.010304,-0.010063,-0.009899,-0.017123,0.007224,-0.041529,-0.04113,-0.0004,0.07589,0.024476,0.051414
NCC-B.ST,2017-07-19,-6.12,negative,Q2,-0.035636,-0.010304,-0.025332,-0.046352,-0.017123,-0.02923,-0.087347,-0.04113,-0.046217,-0.159135,0.024476,-0.183611
NOLA-B.ST,2017-07-19,30.51,positive,Q5,0.06171,-0.010304,0.072014,0.095911,-0.017123,0.113034,0.04461,-0.04113,0.085739,0.210037,0.024476,0.185561
ELUX-B.ST,2017-07-19,6.81,positive,Q4,-0.009731,-0.010304,0.000573,-0.034058,-0.017123,-0.016935,-0.007997,-0.04113,0.033133,-0.012428,0.024476,-0.036904
SWED-A.ST,2017-07-19,14.14,positive,Q4,0.000888,-0.010304,0.011191,-0.002825,-0.017123,0.014298,-0.001937,-0.04113,0.039192,0.009847,0.024476,-0.014628
SOBI.ST,2017-07-19,9.64,positive,Q4,-0.004013,-0.010304,0.006291,-0.001605,-0.017123,0.015518,-0.030498,-0.04113,0.010632,-0.064205,0.024476,-0.088681
BOL.ST,2017-07-20,6.16,positive,Q4,0.007272,-0.009165,0.016437,0.027396,-0.015057,0.042453,0.065333,-0.036122,0.101454,0.187881,0.040067,0.147814
SAAB-B.ST,2017-07-20,-18.15,negative,Q2,-0.026205,-0.009165,-0.017039,-0.033329,-0.015057,-0.018272,-0.076199,-0.036122,-0.040077,0.051322,0.040067,0.011256
TELIA.ST,2017-07-20,0.0,negative,Q3,-0.013763,-0.009165,-0.004598,-0.021935,-0.015057,-0.006878,-0.046022,-0.036122,-0.0099,0.011183,0.040067,-0.028884
SWEC-B.ST,2017-07-20,0.0,negative,Q3,-0.00349,-0.009165,0.005675,-0.039435,-0.015057,-0.024377,-0.008027,-0.036122,0.028095,-0.054266,0.040067,-0.094333
LIAB.ST,2017-07-20,4.51,positive,Q4,-0.01012,-0.009165,-0.000955,-0.028876,-0.015057,-0.013819,-0.064499,-0.036122,-0.028377,-0.08258,0.040067,-0.122647
GRNG.ST,2017-07-20,15.38,positive,Q4,0.008771,-0.009165,0.017936,0.044009,-0.015057,0.059067,0.017541,-0.036122,0.053663,0.049961,0.040067,0.009894
SKA-B.ST,2017-07-20,-62.77,negative,Q1,-0.012717,-0.009165,-0.003552,-0.021124,-0.015057,-0.006066,-0.07343,-0.036122,-0.037308,-0.037002,0.040067,-0.077069
BERG-B.ST,2017-07-20,-62.86,negative,Q1,-0.038629,-0.009165,-0.029463,-0.065943,-0.015057,-0.050886,-0.1,-0.036122,-0.063878,-0.036457,0.040067,-0.076524
THULE.ST,2017-07-20,5.75,positive,Q4,-0.008683,-0.009165,0.000482,-0.026048,-0.015057,-0.010991,-0.035993,-0.036122,0.000128,0.119346,0.040067,0.07928
SSAB-A.ST,2017-07-20,21.13,positive,Q5,-0.006586,-0.009165,0.002579,-0.023224,-0.015057,-0.008166,-0.077643,-0.036122,-0.041521,-0.017678,0.040067,-0.057744
TREL-B.ST,2017-07-20,1.74,positive,Q3,-0.014145,-0.009165,-0.00498,-0.007289,-0.015057,0.007768,-0.029279,-0.036122,0.006843,0.05967,0.040067,0.019603
SHOT.ST,2017-07-20,7.48,positive,Q4,0.0,-0.009165,0.009165,0.016226,-0.015057,0.031283,-0.009014,-0.036122,0.027107,-0.029748,0.040067,-0.069814
NOBI.ST,2017-07-21,-0.55,negative,Q3,-0.010158,0.001296,-0.011454,-0.009807,-0.011928,0.00212,-0.052539,-0.014755,-0.037785,-0.083713,0.051107,-0.134819
ALIV-SDB.ST,2017-07-21,0.7,positive,Q3,0.015785,0.001296,0.014489,-0.012998,-0.011928,-0.001071,-0.028959,-0.014755,-0.014204,0.143411,0.051107,0.092305
SCA-B.ST,2017-07-21,-8.2,negative,Q2,0.0,0.001296,-0.001296,0.022783,-0.011928,0.03471,0.040522,-0.014755,0.055276,0.111652,0.051107,0.060546
SKF-B.ST,2017-07-21,-4.15,negative,Q3,0.006744,0.001296,0.005448,-0.01654,-0.011928,-0.004612,-0.024488,-0.014755,-0.009733,0.099237,0.051107,0.048131
BRAV.ST,2017-07-25,12.94,positive,Q4,0.004828,-0.006167,0.010994,0.008186,-0.010768,0.018954,-0.02162,-0.026725,0.005105,-0.040722,0.051462,-0.092184
INTRUM.ST,2017-07-25,-74.71,negative,Q1,-0.010725,-0.006167,-0.004559,-0.02623,-0.010768,-0.015462,-0.092854,-0.026725,-0.066129,0.09402,0.051462,0.042558
INDT.ST,2017-07-25,-3.83,negative,Q3,0.014794,-0.006167,0.02096,0.033078,-0.010768,0.043846,-0.017287,-0.026725,0.009438,0.149767,0.051462,0.098306
ATT.ST,2017-07-27,6.02,positive,Q4,0.001059,-0.006017,0.007075,0.038543,0.010212,0.028331,-0.02859,-0.013276,-0.015314,-0.059085,0.059181,-0.118266
LOOMIS.ST,2017-07-27,9.36,positive,Q4,-0.016066,-0.006017,-0.01005,-0.006222,0.010212,-0.016434,-0.079352,-0.013276,-0.066076,0.082975,0.059181,0.023794
BILI-A.ST,2017-07-27,8.2,positive,Q4,-0.045789,-0.006017,-0.039773,-0.024421,0.010212,-0.034633,0.039684,-0.013276,0.05296,0.024421,0.059181,-0.03476
HEXA-B.ST,2017-07-27,4.55,positive,Q4,-0.002476,-0.006017,0.00354,-0.009492,0.010212,-0.019705,-0.035493,-0.013276,-0.022217,0.018985,0.059181,-0.040196
MEKO.ST,2017-07-28,3.94,positive,Q3,0.002978,0.011706,-0.008729,-0.00587,0.017622,-0.023493,0.014718,-0.017624,0.032342,0.0,0.071436,-0.071436
SECU-B.ST,2017-07-28,4.0,positive,Q3,0.016266,0.011706,0.00456,0.000697,0.017622,-0.016925,-0.054374,-0.017624,-0.03675,0.07947,0.071436,0.008034
HOFI.ST,2017-07-28,-19.42,negative,Q2,0.008449,0.011706,-0.003258,0.019596,0.017622,0.001974,-0.058672,-0.017624,-0.041048,-0.061488,0.071436,-0.132924
RESURS.ST,2017-08-08,3.94,positive,Q3,-0.031805,-0.010468,-0.021337,-0.06361,-0.012117,-0.051494,-0.06533,-0.011568,-0.053761,0.070487,0.06679,0.003697
WALL-B.ST,2017-08-10,-180.77,negative,Q1,0.012587,0.010151,0.002436,-0.011189,-0.004444,-0.006745,0.003636,0.021578,-0.017941,-0.003916,0.080595,-0.084511
MTRS.ST,2017-08-15,-85.82,negative,Q1,0.0,-0.007781,0.007781,0.014519,-0.00646,0.020979,0.018187,0.022782,-0.004595,-0.188446,0.050477,-0.238923
FAG.ST,2017-08-17,-18.12,negative,Q2,-0.023513,-0.005135,-0.018378,-0.054092,0.00568,-0.059773,0.007067,0.03307,-0.026003,-0.105872,0.061929,-0.167801
HOLM-B.ST,2017-08-17,-26.58,negative,Q1,-0.01135,-0.005135,-0.006215,-0.001376,0.00568,-0.007056,0.019397,0.03307,-0.013672,0.101596,0.061929,0.039666
AMBEA.ST,2017-08-17,-47.06,negative,Q1,0.008626,-0.005135,0.013761,-0.002778,0.00568,-0.008458,0.002924,0.03307,-0.030146,-0.145322,0.061929,-0.207251
ALIG.ST,2017-08-17,-8.82,negative,Q2,-0.031369,-0.005135,-0.026234,-0.031369,0.00568,-0.037049,0.012212,0.03307,-0.020858,-0.045373,0.061929,-0.107302
NEWA-B.ST,2017-08-17,-0.85,negative,Q3,0.059507,-0.005135,0.064642,0.064156,0.00568,0.058476,0.055323,0.03307,0.022253,-0.041841,0.061929,-0.10377
PEAB-B.ST,2017-08-18,25.0,positive,Q5,0.008822,0.0128,-0.003977,-0.053522,0.008288,-0.061809,-0.081753,0.039479,-0.121232,-0.174533,0.071779,-0.246312
BIOG-B.ST,2017-08-18,10.12,positive,Q4,0.014121,0.0128,0.001321,-0.065831,0.008288,-0.074119,-0.054893,0.039479,-0.094372,-0.01253,0.071779,-0.084308
BALD-B.ST,2017-08-22,48.47,positive,Q5,-0.016941,-0.002689,-0.014252,-0.016,-0.004002,-0.011998,-0.024941,0.035131,-0.060072,0.004706,0.052788,-0.048082
EKTA-B.ST,2017-08-23,-84.62,negative,Q1,-0.006729,0.001841,-0.00857,-0.000598,0.005768,-0.006366,0.076566,0.040822,0.035744,-0.105728,0.064147,-0.169874
HUFV-A.ST,2017-08-23,14.17,positive,Q4,0.0,0.001841,-0.001841,0.016559,0.005768,0.010791,0.002179,0.040822,-0.038643,-0.034513,0.064147,-0.098659
RAY-B.ST,2017-08-24,-18.06,negative,Q2,-0.018811,-0.002555,-0.016256,0.075244,0.011663,0.063581,0.128531,0.041068,0.087463,0.034476,0.049777,-0.015301
SYSR.ST,2017-08-24,-43.36,negative,Q1,-0.040682,-0.002555,-0.038127,-0.040682,0.011663,-0.052346,-0.025919,0.041068,-0.066987,-0.106955,0.049777,-0.156732
BEIA-B.ST,2017-08-29,0.0,negative,Q3,-0.016793,0.007094,-0.023887,0.025189,0.003455,0.021734,0.096457,0.057954,0.038503,0.027237,0.047384,-0.020146
ACAD.ST,2017-08-30,0.57,positive,Q3,-0.004527,0.007713,-0.01224,0.0,0.003985,-0.003985,0.165686,0.058802,0.106884,0.063377,0.047806,0.015571
CLAS-B.ST,2017-09-06,-2.4,negative,Q3,0.009534,-0.000456,0.00999,0.021055,0.022215,-0.00116,-0.018473,0.060046,-0.078519,-0.110736,0.038851,-0.149587
SECT-B.ST,2017-09-12,7.41,positive,Q4,0.016956,0.004738,0.012218,0.01158,0.00338,0.008199,0.04756,0.040891,0.006669,0.19024,0.024958,0.165282
HM-B.ST,2017-09-28,-3.33,negative,Q3,0.001912,0.00173,0.000182,0.027992,0.005165,0.022827,0.030382,0.014961,0.015421,-0.171366,-0.030109,-0.141258
SKIS-B.ST,2017-10-04,-4.42,negative,Q2,0.010012,-0.004158,0.01417,-0.042521,-0.005144,-0.037377,-0.105065,0.014822,-0.119887,-0.186337,-0.039675,-0.146661
INVE-B.ST,2017-10-17,-63.38,negative,Q1,-0.004281,0.001352,-0.005633,0.001273,0.003044,-0.001771,-0.020595,-0.006733,-0.013862,-0.049057,-0.013015,-0.036042
BILL.ST,2017-10-17,-0.4,negative,Q3,0.002967,0.001352,0.001615,0.042068,0.003044,0.039025,0.029459,-0.006733,0.036192,-0.052877,-0.013015,-0.039862
SHB-B.ST,2017-10-18,1.43,positive,Q3,-0.003316,0.012477,-0.015793,-0.014668,0.007183,-0.021851,-0.059694,-0.017765,-0.041929,-0.045026,-0.014635,-0.030391
DUST.ST,2017-10-18,-4.62,negative,Q2,-0.009967,0.012477,-0.022443,-0.033223,0.007183,-0.040406,-0.066445,-0.017765,-0.048681,0.101206,-0.014635,0.115841
INTRUM.ST,2017-10-18,-11.86,negative,Q2,0.050887,0.012477,0.03841,0.08375,0.007183,0.076567,0.017683,-0.017765,0.035447,0.115874,-0.014635,0.130509
GETI-B.ST,2017-10-18,-31.33,negative,Q1,0.019343,0.012477,0.006866,0.059337,0.007183,0.052154,-0.012289,-0.017765,0.005475,-0.255454,-0.014635,-0.240819
ATCO-A.ST,2017-10-18,4.83,positive,Q4,0.008746,0.012477,-0.003731,0.026953,0.007183,0.01977,0.038136,-0.017765,0.055901,0.075556,-0.014635,0.09019
SHB-A.ST,2017-10-18,2.9,positive,Q3,0.001691,0.012477,-0.010785,-0.016347,0.007183,-0.02353,-0.057638,-0.017765,-0.039874,-0.05186,-0.014635,-0.037225
FABG.ST,2017-10-19,-6.49,negative,Q2,-0.006825,-0.003577,-0.003249,-0.006268,-0.001491,-0.004777,-0.015183,-0.026365,0.011181,0.0,-0.025623,0.025623
MTG-B.ST,2017-10-19,-1.2,negative,Q3,-0.020446,-0.003577,-0.016869,-0.026244,-0.001491,-0.024752,-0.033567,-0.026365,-0.007203,0.112603,-0.025623,0.138226
AXFO.ST,2017-10-19,3.24,positive,Q3,-0.009096,-0.003577,-0.005519,-0.016892,-0.001491,-0.0154,-0.007796,-0.026365,0.018568,0.065835,-0.025623,0.091458
TEL2-B.ST,2017-10-19,21.0,positive,Q5,0.013624,-0.003577,0.0172,0.036016,-0.001491,0.037508,0.047761,-0.026365,0.074125,-0.062637,-0.025623,-0.037014
TELIA.ST,2017-10-19,15.0,positive,Q4,-0.011125,-0.003577,-0.007549,-0.000856,-0.001491,0.000636,-0.011553,-0.026365,0.014811,-0.017116,-0.025623,0.008507
DUNI.ST,2017-10-20,-26.96,negative,Q1,-0.014183,-0.006666,-0.007517,0.0,0.00047,-0.00047,-0.101179,-0.014983,-0.086195,-0.055833,-0.01861,-0.037223
CAST.ST,2017-10-20,-9.05,negative,Q2,-0.006895,-0.006666,-0.000229,0.009786,0.00047,0.009317,0.02202,-0.014983,0.037003,0.047042,-0.01861,0.065652
HUSQ-B.ST,2017-10-20,-22.92,negative,Q1,0.003155,-0.006666,0.00982,0.054292,0.00047,0.053822,0.010294,-0.014983,0.025277,0.06608,-0.01861,0.08469
VOLV-B.ST,2017-10-20,18.57,positive,Q5,0.002364,-0.006666,0.009029,0.009651,0.00047,0.009182,-0.004924,-0.014983,0.010059,0.005417,-0.01861,0.024026
ASSA-B.ST,2017-10-20,-3.48,negative,Q3,0.007545,-0.006666,0.014211,0.020832,0.00047,0.020362,-0.027776,-0.014983,-0.012793,0.035321,-0.01861,0.053931
SECU-B.ST,2017-10-22,8.41,positive,Q4,0.008358,-0.000441,0.008799,0.033762,0.012822,0.02094,0.011217,-0.019963,0.031181,0.04498,-0.009088,0.054067
AFRY.ST,2017-10-23,-38.65,negative,Q1,-0.015205,-0.000441,-0.014764,-0.025965,0.012822,-0.038787,0.032359,-0.019963,0.052322,0.067212,-0.009088,0.0763
WIHL.ST,2017-10-23,7.5,positive,Q4,-0.029548,-0.000441,-0.029107,-0.021437,0.012822,-0.034259,-0.039977,-0.019963,-0.020014,-0.006373,-0.009088,0.002715
INWI.ST,2017-10-23,-20.94,negative,Q1,-0.008318,-0.000441,-0.007878,0.0366,0.012822,0.023778,-0.027979,-0.019963,-0.008016,-0.07804,-0.009088,-0.068952
BOL.ST,2017-10-24,-18.06,negative,Q2,0.032275,0.005485,0.026791,0.052632,0.01351,0.039122,-0.008093,-0.022528,0.014434,-0.000736,-0.003653,0.002918
BONAV-A.ST,2017-10-24,15.24,positive,Q4,0.01048,0.005485,0.004995,0.091703,0.01351,0.078193,0.00262,-0.022528,0.025148,0.026201,-0.003653,0.029854
SWED-A.ST,2017-10-24,-5.52,negative,Q2,0.019047,0.005485,0.013562,0.00151,0.01351,-0.012,-0.050596,-0.022528,-0.028068,0.001007,-0.003653,0.00466
DOM.ST,2017-10-24,17.97,positive,Q5,0.038095,0.005485,0.032611,0.048139,0.01351,0.034629,0.117922,-0.022528,0.14045,0.273247,-0.003653,0.2769
HOLM-B.ST,2017-10-24,17.39,positive,Q4,0.021089,0.005485,0.015604,0.025529,0.01351,0.012019,0.00888,-0.022528,0.031407,0.120368,-0.003653,0.124021
SAND.ST,2017-10-24,13.25,positive,Q4,0.021426,0.005485,0.015942,0.029421,0.01351,0.015911,-0.013351,-0.022528,0.009176,0.060201,-0.003653,0.063855
SAAB-B.ST,2017-10-24,24.56,positive,Q5,-0.00737,0.005485,-0.012854,-0.021134,0.01351,-0.034643,-0.043351,-0.022528,-0.020823,-0.09884,-0.003653,-0.095187
LAGR-B.ST,2017-10-25,-9.9,negative,Q2,0.017084,0.003757,0.013328,0.008732,0.008434,0.000298,-0.059605,-0.026625,-0.03298,0.042521,-0.016631,0.059152
INDT.ST,2017-10-25,-10.99,negative,Q2,0.029102,0.003757,0.025346,0.024348,0.008434,0.015914,-0.002161,-0.026625,0.024464,0.100274,-0.016631,0.116904
DIOS.ST,2017-10-25,-35.37,negative,Q1,0.0,0.003757,-0.003757,-0.013532,0.008434,-0.021966,0.018199,-0.026625,0.044824,0.04433,-0.016631,0.060961
SOBI.ST,2017-10-25,9.09,positive,Q4,0.022766,0.003757,0.019009,0.038786,0.008434,0.030352,-0.048061,-0.026625,-0.021436,0.163575,-0.016631,0.180206
SEB-A.ST,2017-10-25,9.38,positive,Q4,0.002963,0.003757,-0.000793,0.011853,0.008434,0.003419,-0.038677,-0.026625,-0.012053,-0.0131,-0.016631,0.00353
ALFA.ST,2017-10-25,6.8,positive,Q4,0.024521,0.003757,0.020764,0.01631,0.008434,0.007877,-0.019727,-0.026625,0.006898,-0.001929,-0.016631,0.014702
NOLA-B.ST,2017-10-25,45.34,positive,Q5,0.02515,0.003757,0.021394,0.074084,0.008434,0.065651,0.191088,-0.026625,0.217713,0.191088,-0.016631,0.207719
SSAB-A.ST,2017-10-25,-11.11,negative,Q2,-0.005762,0.003757,-0.009518,0.043212,0.008434,0.034778,-0.030609,-0.026625,-0.003984,0.223983,-0.016631,0.240613
ALIG.ST,2017-10-25,29.77,positive,Q5,-0.001805,0.003757,-0.005562,0.057987,0.008434,0.049554,-0.015907,-0.026625,0.010718,-0.035537,-0.016631,-0.018906
BIOG-B.ST,2017-10-25,7.52,positive,Q4,-0.001664,0.003757,-0.005421,0.019763,0.008434,0.011329,-0.00312,-0.026625,0.023504,0.044518,-0.016631,0.061149
ACAD.ST,2017-10-26,63.64,positive,Q5,0.0,-0.00162,0.00162,-0.003821,0.007589,-0.011411,-0.046862,-0.033798,-0.013065,0.059735,-0.036354,0.096088
NCC-B.ST,2017-10-26,-22.99,negative,Q1,0.004357,-0.00162,0.005976,0.014179,0.007589,0.00659,-0.036993,-0.033798,-0.003195,-0.122782,-0.036354,-0.086428
WALL-B.ST,2017-10-26,-41.94,negative,Q1,0.0,-0.00162,0.00162,0.023216,0.007589,0.015626,0.007739,-0.033798,0.041536,-0.033821,-0.036354,0.002533
JM.ST,2017-10-26,-3.49,negative,Q3,0.019877,-0.00162,0.021496,0.001851,0.007589,-0.005739,-0.095134,-0.033798,-0.061336,-0.139685,-0.036354,-0.103331
SHOT.ST,2017-10-26,12.77,positive,Q4,0.052962,-0.00162,0.054581,0.090744,0.007589,0.083155,0.063026,-0.033798,0.096824,-0.14717,-0.036354,-0.110817
AAK.ST,2017-10-26,0.0,negative,Q3,0.019394,-0.00162,0.021014,0.022393,0.007589,0.014804,0.023193,-0.033798,0.056991,0.091772,-0.036354,0.128126
LIFCO-B.ST,2017-10-26,8.55,positive,Q4,0.003149,-0.00162,0.004768,0.075014,0.007589,0.067424,0.020374,-0.033798,0.054172,0.055381,-0.036354,0.091734
FPAR-A.ST,2017-10-26,-35.42,negative,Q1,-0.009005,-0.00162,-0.007385,-0.044586,0.007589,-0.052175,0.039315,-0.033798,0.073113,0.028772,-0.036354,0.065126
ESSITY-A.ST,2017-10-26,7.09,positive,Q4,0.002853,-0.00162,0.004473,0.014827,0.007589,0.007237,0.002853,-0.033798,0.036651,-0.022622,-0.036354,0.013732
ESSITY-B.ST,2017-10-26,3.59,positive,Q3,-0.006525,-0.00162,-0.004905,0.004906,0.007589,-0.002683,-0.005716,-0.033798,0.028082,-0.033485,-0.036354,0.002869
BEIA-B.ST,2017-10-26,-9.87,negative,Q2,-0.005618,-0.00162,-0.003998,-0.026006,0.007589,-0.033595,-0.090975,-0.033798,-0.057177,-0.050109,-0.036354,-0.013755
LIAB.ST,2017-10-26,-13.44,negative,Q2,0.002932,-0.00162,0.004552,0.032597,0.007589,0.025008,-0.043981,-0.033798,-0.010183,-0.011556,-0.036354,0.024798
HOFI.ST,2017-10-26,1.82,positive,Q3,-0.006055,-0.00162,-0.004436,0.069131,0.007589,0.061541,0.023969,-0.033798,0.057767,0.154409,-0.036354,0.190763
ALIV-SDB.ST,2017-10-26,11.36,positive,Q4,-0.012481,-0.00162,-0.010862,0.021087,0.007589,0.013497,0.002808,-0.033798,0.036606,0.039529,-0.036354,0.075883
GRNG.ST,2017-10-26,2.04,positive,Q3,0.023633,-0.00162,0.025253,0.04443,0.007589,0.036841,0.005987,-0.033798,0.039785,-0.02253,-0.036354,0.013823
THULE.ST,2017-10-27,-4.26,negative,Q2,0.020121,0.005599,0.014522,0.03049,0.008314,0.022177,-0.006043,-0.024973,0.018929,-0.011468,-0.029894,0.018426
SWEC-B.ST,2017-10-27,-9.82,negative,Q2,-0.004533,0.005599,-0.010132,0.010445,0.008314,0.002132,-0.032322,-0.024973,-0.007349,-0.01557,-0.029894,0.014325
ELUX-B.ST,2017-10-27,6.71,positive,Q4,-0.000968,0.005599,-0.006567,0.011159,0.008314,0.002845,-0.062068,-0.024973,-0.037095,-0.112699,-0.029894,-0.082805
BILI-A.ST,2017-10-27,3.95,positive,Q3,-0.032203,0.005599,-0.037802,-0.012881,0.008314,-0.021195,-0.009661,-0.024973,0.015312,-0.001137,-0.029894,0.028758
SKA-B.ST,2017-10-27,-14.38,negative,Q2,0.01154,0.005599,0.005941,0.027501,0.008314,0.019187,-0.00607,-0.024973,0.018903,-0.10903,-0.029894,-0.079135
NOBI.ST,2017-10-27,0.7,positive,Q3,0.008179,0.005599,0.00258,0.062419,0.008314,0.054105,-0.015497,-0.024973,0.009475,-0.041756,-0.029894,-0.011862
HEXA-B.ST,2017-10-27,7.14,positive,Q4,0.00853,0.005599,0.002932,-0.001939,0.008314,-0.010253,-0.006979,-0.024973,0.017993,0.097325,-0.029894,0.127219
BERG-B.ST,2017-10-27,11.54,positive,Q4,-0.015561,0.005599,-0.02116,-0.002594,0.008314,-0.010907,-0.04656,-0.024973,-0.021588,-0.118439,-0.029894,-0.088544
TREL-B.ST,2017-10-27,-0.79,negative,Q3,0.002911,0.005599,-0.002688,0.011645,0.008314,0.003331,-0.021234,-0.024973,0.003739,0.022262,-0.029894,0.052156
RESURS.ST,2017-10-31,4.48,positive,Q4,-0.002644,0.000449,-0.003093,-0.034373,-0.005405,-0.028968,-0.003437,-0.037033,0.033596,0.008461,-0.041097,0.049558
SCA-B.ST,2017-10-31,27.14,positive,Q5,0.002008,0.000449,0.001559,0.001291,-0.005405,0.006696,0.030407,-0.037033,0.06744,0.057516,-0.041097,0.098613
SKF-B.ST,2017-10-31,11.24,positive,Q4,-0.02087,0.000449,-0.021319,-0.022444,-0.005405,-0.017039,-0.012522,-0.037033,0.024511,0.008622,-0.041097,0.049719
ITAB.ST,2017-11-01,58.21,positive,Q5,-0.011871,0.002916,-0.014787,-0.121538,-0.017648,-0.10389,-0.188242,-0.04817,-0.140072,-0.287733,-0.0476,-0.240133
BALD-B.ST,2017-11-02,-7.4,negative,Q2,-0.012273,-0.000902,-0.011371,-0.014091,-0.025615,0.011524,-0.018182,-0.036275,0.018093,-0.054545,-0.045189,-0.009357
VITR.ST,2017-11-02,7.14,positive,Q4,-0.028872,-0.000902,-0.027971,-0.097901,-0.025615,-0.072286,-0.004812,-0.036275,0.031463,0.120385,-0.045189,0.165574
MEKO.ST,2017-11-07,2.26,positive,Q3,-0.015277,-0.011866,-0.003411,-0.025429,-0.021641,-0.003788,0.008575,-0.038305,0.04688,-0.048591,-0.091034,0.042444
LOOMIS.ST,2017-11-08,-0.38,negative,Q3,0.00997,-0.005218,0.015188,0.049891,-0.00584,0.055731,0.08669,-0.019736,0.106426,-0.079882,-0.056053,-0.023829
MTRS.ST,2017-11-09,-70.53,negative,Q1,-0.032963,-0.002551,-0.030412,0.000728,-0.010389,0.011117,0.013659,-0.009303,0.022962,-0.062284,-0.070298,0.008014
PEAB-B.ST,2017-11-09,9.5,positive,Q4,-0.015141,-0.002551,-0.01259,-0.0114,-0.010389,-0.001011,-0.054507,-0.009303,-0.045203,-0.164232,-0.070298,-0.093934
HUFV-A.ST,2017-11-09,-48.78,negative,Q1,-0.012344,-0.002551,-0.009793,-0.016752,-0.010389,-0.006363,-0.023982,-0.009303,-0.014678,-0.127491,-0.070298,-0.057193
NEWA-B.ST,2017-11-09,10.34,positive,Q4,-0.018596,-0.002551,-0.016045,-0.032543,-0.010389,-0.022154,0.036727,-0.009303,0.046031,0.004184,-0.070298,0.074482
BRAV.ST,2017-11-10,3.85,positive,Q3,0.019338,-0.001243,0.020581,0.020227,-0.004275,0.024502,0.019338,-0.004146,0.023483,-0.074683,-0.079931,0.005248
PNDX-B.ST,2017-11-10,-11.89,negative,Q2,0.00549,-0.001243,0.006733,0.028235,-0.004275,0.03251,0.041333,-0.004146,0.045479,-0.022039,-0.079931,0.057892
ATT.ST,2017-11-10,-4.79,negative,Q2,0.00816,-0.001243,0.009404,-0.055374,-0.004275,-0.051099,-0.032525,-0.004146,-0.028379,-0.133481,-0.079931,-0.05355
PDX.ST,2017-11-14,-36.67,negative,Q1,0.014119,0.004092,0.010027,0.011295,-0.005829,0.017124,0.059423,-0.010696,0.070119,0.28717,-0.069902,0.357072
AMBEA.ST,2017-11-17,-7.06,negative,Q2,-0.009791,0.008071,-0.017862,-0.022957,-0.009115,-0.013843,-0.032917,-0.007457,-0.025459,-0.081533,-0.041028,-0.040505
EKTA-B.ST,2017-11-30,32.69,positive,Q5,0.015956,0.015449,0.000506,0.026174,0.011698,0.014477,-0.029222,-0.007777,-0.021445,0.086052,-0.019871,0.105923
CLAS-B.ST,2017-12-06,-13.22,negative,Q2,-0.023282,0.007214,-0.030496,0.014025,0.006448,0.007578,0.040954,0.012411,0.028543,0.068864,-0.021948,0.090812
SYSR.ST,2017-12-07,-19.09,negative,Q2,0.03247,0.005369,0.027101,0.023579,-0.010227,0.033807,0.078083,0.013323,0.06476,-0.013916,-0.0157,0.001784
SECT-B.ST,2017-12-08,41.76,positive,Q5,0.009034,0.002642,0.006392,0.084781,-0.002373,0.087154,0.169562,0.006062,0.1635,0.021543,-0.018434,0.039977
SKIS-B.ST,2017-12-20,14.79,positive,Q4,-0.028127,-0.0062,-0.021927,-0.012564,-0.024335,0.01177,-0.008709,0.011878,-0.020588,0.018704,-0.041185,0.059889
DUST.ST,2018-01-10,4.12,positive,Q3,0.028536,-0.00116,0.029696,-0.009926,-0.003379,-0.006547,-0.075682,-0.079804,0.004122,-0.074442,-0.077028,0.002586
NCC-B.ST,2018-01-25,-58.9,negative,Q1,-0.015872,-0.001382,-0.014489,-0.034199,-0.017262,-0.016937,0.0,-0.015918,0.015918,0.08006,-0.024103,0.104163
LAGR-B.ST,2018-01-25,-7.21,negative,Q2,-0.030387,-0.001382,-0.029005,0.037885,-0.017262,0.055146,-0.015391,-0.015918,0.000527,-0.010655,-0.024103,0.013448
ESSITY-A.ST,2018-01-25,44.7,positive,Q5,-0.014479,-0.001382,-0.013096,-0.035097,-0.017262,-0.017835,-0.051622,-0.015918,-0.035704,-0.079454,-0.024103,-0.055351
ESSITY-B.ST,2018-01-25,37.85,positive,Q5,-0.008705,-0.001382,-0.007322,-0.029101,-0.017262,-0.011839,-0.042802,-0.015918,-0.026884,-0.078187,-0.024103,-0.054084
CAST.ST,2018-01-25,-0.94,negative,Q3,-0.013183,-0.001382,-0.011801,-0.036656,-0.017262,-0.019394,-0.037728,-0.015918,-0.02181,0.032154,-0.024103,0.056257
TELIA.ST,2018-01-26,-53.42,negative,Q1,-0.009091,-0.004401,-0.00469,-0.02562,-0.039782,0.014162,-0.003719,-0.013764,0.010045,0.132645,-0.018392,0.151036
ATCO-A.ST,2018-01-26,-1.82,negative,Q3,0.000963,-0.004401,0.005364,-0.048274,-0.039782,-0.008492,-0.031633,-0.013764,-0.017868,-0.048136,-0.018392,-0.029745
SSAB-A.ST,2018-01-26,-37.25,negative,Q1,-0.011665,-0.004401,-0.007264,-0.065908,-0.039782,-0.026127,-0.013998,-0.013764,-0.000234,-0.009332,-0.018392,0.00906
BILL.ST,2018-01-29,-2.4,negative,Q3,0.001659,-0.006336,0.007996,-0.02892,-0.057201,0.028281,0.019794,-0.012422,0.032216,0.066493,-0.020334,0.086827
GETI-B.ST,2018-01-29,-1.15,negative,Q3,0.032575,-0.006336,0.038911,-0.022004,-0.057201,0.035197,0.000971,-0.012422,0.013393,-0.205264,-0.020334,-0.18493
ARJO-B.ST,2018-01-29,30.0,positive,Q5,0.008079,-0.006336,0.014415,-0.00763,-0.057201,0.049571,0.023788,-0.012422,0.03621,0.009874,-0.020334,0.030208
HOLM-B.ST,2018-01-30,-10.31,negative,Q2,0.030831,0.005456,0.025375,0.019277,-0.026366,0.045643,0.019277,-0.020457,0.039734,None,None,None
SCA-B.ST,2018-01-30,4.94,positive,Q4,0.003903,0.005456,-0.001553,-0.028994,-0.026366,-0.002627,-0.007806,-0.020457,0.012651,None,None,None
LOOMIS.ST,2018-01-30,10.11,positive,Q4,-0.013983,0.005456,-0.019439,-0.063523,-0.026366,-0.037157,-0.073011,-0.020457,-0.052554,None,None,None
ALIV-SDB.ST,2018-01-30,15.34,positive,Q4,-0.012645,0.005456,-0.018101,-0.0177,-0.026366,0.008666,-0.007576,-0.020457,0.012881,None,None,None
ALFA.ST,2018-01-30,22.22,positive,Q5,0.025661,0.005456,0.020205,-0.024663,-0.026366,0.001703,-0.050324,-0.020457,-0.029867,None,None,None
INTRUM.ST,2018-01-31,-18.77,negative,Q2,-0.020246,-0.010646,-0.0096,-0.051846,-0.051239,-0.000607,-0.086633,-0.047059,-0.039574,-0.166163,-0.006788,-0.159375
VOLV-B.ST,2018-01-31,-2.85,negative,Q3,-0.02108,-0.010646,-0.010434,-0.059827,-0.051239,-0.008588,-0.071572,-0.047059,-0.024513,-0.024794,-0.006788,-0.018006
SECU-B.ST,2018-01-31,-9.73,negative,Q2,-0.006362,-0.010646,0.004284,-0.060333,-0.051239,-0.009094,-0.053865,-0.047059,-0.006806,-0.011452,-0.006788,-0.004664
ELUX-B.ST,2018-01-31,45.63,positive,Q5,0.0,-0.010646,0.010646,-0.054612,-0.051239,-0.003372,-0.080149,-0.047059,-0.03309,-0.154553,-0.006788,-0.147765
ERIC-B.ST,2018-01-31,-11.11,negative,Q2,0.031971,-0.010646,0.042617,-0.011058,-0.051239,0.040181,0.03149,-0.047059,0.078549,0.303846,-0.006788,0.310634
SEB-A.ST,2018-01-31,6.83,positive,Q4,-0.009932,-0.010646,0.000713,-0.062431,-0.051239,-0.011192,-0.057071,-0.047059,-0.010012,-0.106259,-0.006788,-0.099471
HM-B.ST,2018-01-31,4.33,positive,Q3,0.015873,-0.010646,0.026519,0.001306,-0.051239,0.052545,-0.057665,-0.047059,-0.010606,0.097649,-0.006788,0.104437
SKA-B.ST,2018-02-01,14.34,positive,Q4,-0.022007,-0.024266,0.002259,-0.025675,-0.053387,0.027711,0.001584,-0.023251,0.024835,0.08011,-0.01125,0.09136
GRNG.ST,2018-02-01,65.67,positive,Q5,-0.022472,-0.024266,0.001794,-0.017239,-0.053387,0.036148,0.031245,-0.023251,0.054496,0.445129,-0.01125,0.456378
ACAD.ST,2018-02-01,28.42,positive,Q5,-0.032834,-0.024266,-0.008567,-0.073259,-0.053387,-0.019872,-0.109129,-0.023251,-0.085878,-0.104384,-0.01125,-0.093135
MTG-B.ST,2018-02-01,1.73,positive,Q3,-0.003636,-0.024266,0.02063,-0.069091,-0.053387,-0.015704,-0.065454,-0.023251,-0.042204,-0.080519,-0.01125,-0.06927
JM.ST,2018-02-01,29.46,positive,Q5,-0.043488,-0.024266,-0.019222,-0.094008,-0.053387,-0.040621,-0.073372,-0.023251,-0.050121,-0.090798,-0.01125,-0.079548
SKF-B.ST,2018-02-01,57.35,positive,Q5,-0.032552,-0.024266,-0.008286,-0.073061,-0.053387,-0.019675,-0.085503,-0.023251,-0.062253,0.02011,-0.01125,0.03136
BONAV-A.ST,2018-02-02,18.24,positive,Q5,-0.017241,-0.022463,0.005221,0.030172,-0.015981,0.046153,0.012931,0.008799,0.004132,-0.054051,0.019886,-0.073936
TREL-B.ST,2018-02-02,-4.55,negative,Q2,-0.014051,-0.022463,0.008412,0.001245,-0.015981,0.017226,0.038655,0.008799,0.029856,0.065216,0.019886,0.04533
TEL2-B.ST,2018-02-02,117.58,positive,Q5,-0.023604,-0.022463,-0.001141,-0.019448,-0.015981,-0.003467,-0.000997,0.008799,-0.009797,0.175698,0.019886,0.155813
HUSQ-B.ST,2018-02-02,145.45,positive,Q5,-0.017415,-0.022463,0.005047,0.00993,-0.015981,0.02591,0.037122,0.008799,0.028322,0.025206,0.019886,0.005321
AAK.ST,2018-02-05,13.93,positive,Q4,0.02776,0.026162,0.001597,0.049371,0.001105,0.048266,0.055612,0.034789,0.020824,0.073032,0.057112,0.01592
SAND.ST,2018-02-05,147.34,positive,Q5,0.03722,0.026162,0.011058,-0.004117,0.001105,-0.005223,0.008317,0.034789,-0.026472,0.090003,0.057112,0.032891
FABG.ST,2018-02-05,10.81,positive,Q4,0.037793,0.026162,0.011631,0.020421,0.001105,0.019315,0.105151,0.034789,0.070362,0.270954,0.057112,0.213842
ASSA-B.ST,2018-02-06,-0.92,negative,Q3,-0.034069,-0.02023,-0.013839,-0.022407,-0.012244,-0.010163,0.053987,0.022169,0.031817,0.102929,0.037256,0.065672
TIGO-SDB.ST,2018-02-06,213.64,positive,Q5,-0.017612,-0.02023,0.002618,-0.017612,-0.012244,-0.005368,-0.01584,0.022169,-0.03801,0.014702,0.037256,-0.022555
NOBI.ST,2018-02-06,2.24,positive,Q3,-0.031037,-0.02023,-0.010807,-0.015306,-0.012244,-0.003062,0.027636,0.022169,0.005467,0.123724,0.037256,0.086468
SWED-A.ST,2018-02-06,10.6,positive,Q4,-0.01287,-0.02023,0.007361,0.010398,-0.012244,0.022642,0.040995,0.022169,0.018826,0.0075,0.037256,-0.029756
AXFO.ST,2018-02-06,-7.01,negative,Q2,-0.025036,-0.02023,-0.004806,0.015546,-0.012244,0.02779,0.031815,0.022169,0.009645,0.141179,0.037256,0.103922
RESURS.ST,2018-02-06,5.07,positive,Q4,-0.002328,-0.02023,0.017902,-0.073978,-0.012244,-0.061735,-0.045266,0.022169,-0.067436,-0.033109,0.037256,-0.070365
SHB-A.ST,2018-02-07,-13.51,negative,Q2,-0.013505,-0.012885,-0.00062,0.04362,0.015105,0.028515,0.051692,0.045963,0.005729,-0.022509,0.063849,-0.086357
SHB-B.ST,2018-02-07,-17.24,negative,Q2,-0.008835,-0.012885,0.00405,0.058393,0.015105,0.043289,0.086692,0.045963,0.040729,0.029956,0.063849,-0.033893
HEXA-B.ST,2018-02-07,5.77,positive,Q4,-0.014099,-0.012885,-0.001214,0.015818,0.015105,0.000714,0.036451,0.045963,-0.009512,0.135488,0.063849,0.071639
COIC.ST,2018-02-07,32.69,positive,Q5,-0.010609,-0.012885,0.002276,0.041052,0.015105,0.025947,0.007995,0.045963,-0.037968,0.09917,0.063849,0.035321
NOLA-B.ST,2018-02-07,22.3,positive,Q5,0.004097,-0.012885,0.016983,0.130393,0.015105,0.115288,0.210412,0.045963,0.164449,0.458665,0.063849,0.394816
WALL-B.ST,2018-02-08,-62.26,negative,Q1,-0.002845,0.014291,-0.017136,0.02877,0.037827,-0.009057,0.066393,0.06242,0.003972,None,None,None
PLAZ-B.ST,2018-02-08,-181.11,negative,Q1,0.007809,0.014291,-0.006482,0.021962,0.037827,-0.015865,0.017814,0.06242,-0.044607,None,None,None
AFRY.ST,2018-02-08,9.65,positive,Q4,0.037604,0.014291,0.023313,0.054615,0.037827,0.016788,0.026039,0.06242,-0.036381,None,None,None
VITR.ST,2018-02-08,-8.7,negative,Q2,-0.002515,0.014291,-0.016806,0.01006,0.037827,-0.027767,-0.011794,0.06242,-0.074215,None,None,None
LIAB.ST,2018-02-08,17.14,positive,Q4,0.01965,0.014291,0.00536,0.055886,0.037827,0.018059,0.042185,0.06242,-0.020235,None,None,None
NEWA-B.ST,2018-02-08,10.55,positive,Q4,0.009124,0.014291,-0.005167,0.030566,0.037827,-0.007261,0.037865,0.06242,-0.024555,None,None,None
BIOT.ST,2018-02-08,22.73,positive,Q5,0.063581,0.014291,0.049291,0.127026,0.037827,0.089199,0.008926,0.06242,-0.053494,None,None,None
DOM.ST,2018-02-08,46.87,positive,Q5,0.004794,0.014291,-0.009497,0.025276,0.037827,-0.012551,-0.001307,0.06242,-0.063728,None,None,None
BIOG-B.ST,2018-02-08,15.29,positive,Q4,0.015163,0.014291,0.000873,0.022649,0.037827,-0.015178,0.134933,0.06242,0.072512,None,None,None
BILI-A.ST,2018-02-09,-0.98,negative,Q3,0.027119,-0.005489,0.032608,0.067134,0.019216,0.047918,0.063152,0.037148,0.026003,0.005689,0.053647,-0.047957
DUNI.ST,2018-02-09,2.0,positive,Q3,-0.030892,-0.005489,-0.025403,0.003503,0.019216,-0.015713,0.0138,0.037148,-0.023348,0.072187,0.053647,0.01854
SWEC-B.ST,2018-02-13,50.54,positive,Q5,0.005732,0.006897,-0.001165,0.001779,0.028044,-0.026265,0.023522,0.039245,-0.015723,0.124135,0.048666,0.075469
INDT.ST,2018-02-13,-48.55,negative,Q1,0.005777,0.006897,-0.00112,0.060265,0.028044,0.032222,0.049805,0.039245,0.01056,0.028884,0.048666,-0.019782
THULE.ST,2018-02-13,-214.29,negative,Q1,0.014065,0.006897,0.007168,0.031539,0.028044,0.003495,0.042833,0.039245,0.003588,0.189231,0.048666,0.140565
PEAB-B.ST,2018-02-13,8.61,positive,Q4,-0.048843,0.006897,-0.05574,-0.055527,0.028044,-0.083571,-0.090317,0.039245,-0.129562,-0.028792,0.048666,-0.077458
WIHL.ST,2018-02-13,0.56,positive,Q3,-0.004908,0.006897,-0.011805,-0.016564,0.028044,-0.044608,0.018405,0.039245,-0.02084,0.166871,0.048666,0.118205
HOFI.ST,2018-02-13,-47.13,negative,Q1,0.019501,0.006897,0.012604,-0.057776,0.028044,-0.08582,-0.060078,0.039245,-0.099323,-0.135053,0.048666,-0.183719
PDX.ST,2018-02-13,8.33,positive,Q4,0.057188,0.006897,0.050291,0.05887,0.028044,0.030827,0.083392,0.039245,0.044147,0.07029,0.048666,0.021624
BEIA-B.ST,2018-02-14,7.69,positive,Q4,0.016448,0.009211,0.007237,-0.02056,0.0202,-0.040759,0.006118,0.01994,-0.013822,0.093672,0.038601,0.055071
BOL.ST,2018-02-14,9.89,positive,Q4,-0.001017,0.009211,-0.010227,0.001065,0.0202,-0.019135,0.026334,0.01994,0.006394,0.150547,0.038601,0.111946
RAY-B.ST,2018-02-15,31.87,positive,Q5,-0.054886,-0.003898,-0.050989,-0.025692,0.012961,-0.038653,-0.05985,-0.006112,-0.053737,-0.231662,0.039836,-0.271498
HUFV-A.ST,2018-02-15,-10.69,negative,Q2,-0.00399,-0.003898,-9.2e-05,-0.001557,0.012961,-0.014518,0.007299,-0.006112,0.013411,0.064811,0.039836,0.024975
CAMX.ST,2018-02-15,36.32,positive,Q5,0.009346,-0.003898,0.013244,-0.028037,0.012961,-0.040998,0.048598,-0.006112,0.05471,-0.041121,0.039836,-0.080958
LIFCO-B.ST,2018-02-15,19.36,positive,Q5,0.031679,-0.003898,0.035577,0.063358,0.012961,0.050397,0.045909,-0.006112,0.052021,0.019312,0.039836,-0.020524
FPAR-A.ST,2018-02-15,1.08,positive,Q3,0.0,-0.003898,0.003898,-0.024255,0.012961,-0.037216,-0.020851,-0.006112,-0.014739,0.055745,0.039836,0.015909
ATT.ST,2018-02-15,2.44,positive,Q3,-0.030378,-0.003898,-0.02648,-0.074407,0.012961,-0.087368,-0.080802,-0.006112,-0.07469,0.00123,0.039836,-0.038606
PNDX-B.ST,2018-02-15,5.86,positive,Q4,0.0,-0.003898,0.003898,0.018827,0.012961,0.005866,0.022884,-0.006112,0.028996,0.056559,0.039836,0.016723
SAAB-B.ST,2018-02-16,-38.42,negative,Q1,-0.019762,0.012133,-0.031895,-0.034167,0.023274,-0.057441,-0.023571,0.000715,-0.024287,-0.109405,0.045621,-0.155026
DIOS.ST,2018-02-16,-8.61,negative,Q2,-0.006351,0.012133,-0.018484,0.017408,0.023274,-0.005867,0.011762,0.000715,0.011047,0.037168,0.045621,-0.008453
CATE.ST,2018-02-16,5.09,positive,Q4,-0.01657,0.012133,-0.028703,0.0,0.023274,-0.023274,0.021669,0.000715,0.020954,0.142911,0.045621,0.09729
HMS.ST,2018-02-16,-46.25,negative,Q1,-0.014667,0.012133,-0.0268,-0.013037,0.023274,-0.036311,-0.014667,0.000715,-0.015382,0.226091,0.045621,0.180471
MTRS.ST,2018-02-16,53.7,positive,Q5,-0.01587,0.012133,-0.028003,-0.012946,0.023274,-0.036221,-0.019837,0.000715,-0.020552,-0.02276,0.045621,-0.068381
BRAV.ST,2018-02-16,9.72,positive,Q4,0.009354,0.012133,-0.002779,0.018495,0.023274,-0.004779,-0.015944,0.000715,-0.016659,0.189626,0.045621,0.144005
SHOT.ST,2018-02-20,38.51,positive,Q5,-0.041769,-0.000786,-0.040983,-0.034223,0.005252,-0.039474,-0.14198,-0.037638,-0.104342,-0.043173,0.031311,-0.074484
COOR.ST,2018-02-22,-3.64,negative,Q3,0.017571,0.006244,0.011327,-0.049198,-0.032115,-0.017084,-0.043488,-0.051053,0.007565,-0.053152,0.010437,-0.063589
BALD-B.ST,2018-02-22,-27.91,negative,Q1,0.013848,0.006244,0.007604,-0.011375,-0.032115,0.02074,-0.008902,-0.051053,0.042151,0.125618,0.010437,0.115181
SOBI.ST,2018-02-22,14.78,positive,Q4,0.043478,0.006244,0.037235,0.012476,-0.032115,0.044591,0.055577,-0.051053,0.10663,0.343289,0.010437,0.332852
VOLO.ST,2018-02-22,-4.14,negative,Q3,-0.019445,0.006244,-0.025689,-0.10268,-0.032115,-0.070565,-0.222907,-0.051053,-0.171854,-0.087977,0.010437,-0.098415
ALIG.ST,2018-02-23,9.29,positive,Q4,-0.012538,0.000803,-0.013341,-0.018806,-0.024585,0.005778,0.0,-0.048423,0.048423,0.112337,1.7e-05,0.11232
FAG.ST,2018-02-26,21.35,positive,Q5,-0.017598,-0.003046,-0.014552,-0.051726,-0.017813,-0.033913,0.003866,-0.047915,0.051781,-0.157712,-0.004224,-0.153488
EKTA-B.ST,2018-03-02,35.0,positive,Q5,-0.009192,0.007751,-0.016943,0.024325,0.029641,-0.005317,0.01089,-0.034429,0.045318,0.236742,0.013935,0.222807
SECT-B.ST,2018-03-12,-4.21,negative,Q2,-0.002208,0.004535,-0.006743,-0.029644,-0.016587,-0.013056,-0.016399,-0.037553,0.021154,0.210028,-0.004415,0.214443
CLAS-B.ST,2018-03-14,-8.57,negative,Q2,-0.059856,-0.011807,-0.048049,-0.047725,-0.048011,0.000285,-0.038148,-0.041457,0.003309,-0.301197,-0.013324,-0.287874
SYSR.ST,2018-03-15,-40.3,negative,Q1,-0.011175,-0.016567,0.005392,0.033526,-0.038323,0.071849,-0.026076,-0.018,-0.008076,-0.139901,0.009226,-0.149127
SKIS-B.ST,2018-03-21,3.66,positive,Q3,-0.002516,-0.001751,-0.000765,0.024465,0.012873,0.011592,0.09171,0.047375,0.044335,0.175031,0.03724,0.137791
HM-B.ST,2018-03-27,20.29,positive,Q5,0.023221,0.015355,0.007866,0.029429,0.009976,0.019452,0.214392,0.045398,0.168995,0.137602,0.019008,0.118594
DUST.ST,2018-04-11,0.85,positive,Q3,-0.020726,0.005123,-0.025848,-0.01943,0.025906,-0.045336,-0.003886,0.055546,-0.059432,0.128238,0.004877,0.123361
CAST.ST,2018-04-17,3.18,positive,Q3,-0.006262,0.003702,-0.009964,-0.006262,0.003098,-0.00936,0.025047,0.042814,-0.017767,0.118869,0.002655,0.116213
SSAB-A.ST,2018-04-20,-16.67,negative,Q2,-0.050439,-0.007715,-0.042724,-0.021252,-0.010671,-0.010582,0.009351,0.023173,-0.013822,-0.193823,-0.005199,-0.188624
BILL.ST,2018-04-20,-1.52,negative,Q3,-0.012571,-0.007715,-0.004855,0.019026,-0.010671,0.029697,0.097282,0.023173,0.074109,-0.184032,-0.005199,-0.178833
INVE-B.ST,2018-04-20,-40.24,negative,Q1,-0.003456,-0.007715,0.00426,-0.00543,-0.010671,0.005241,0.013328,0.023173,-0.009845,0.001111,-0.005199,0.00631
TELIA.ST,2018-04-20,-4.84,negative,Q2,-0.005185,-0.007715,0.00253,0.013333,-0.010671,0.024004,0.017407,0.023173,-0.005766,-0.083333,-0.005199,-0.078134
DUNI.ST,2018-04-20,-18.67,negative,Q2,-0.008285,-0.007715,-0.000569,-0.013297,-0.010671,-0.002626,0.029559,0.023173,0.006386,-0.013706,-0.005199,-0.008507
ERIC-B.ST,2018-04-20,320.0,positive,Q5,0.011734,-0.007715,0.019449,0.033876,-0.010671,0.044547,0.022142,0.023173,-0.001031,0.124716,-0.005199,0.129915
TEL2-B.ST,2018-04-23,4.03,positive,Q3,0.012703,-0.011493,0.024196,None,None,None,0.028471,0.016946,0.011525,0.13053,0.003235,0.127295
MTG-B.ST,2018-04-23,-1.54,negative,Q3,-0.006307,-0.011493,0.005186,None,None,None,0.116074,0.016946,0.099127,0.011422,0.003235,0.008187
AAK.ST,2018-04-23,1.64,positive,Q3,0.011982,-0.011493,0.023476,None,None,None,0.034696,0.016946,0.017749,0.129661,0.003235,0.126426
ALFA.ST,2018-04-23,40.0,positive,Q5,-0.013737,-0.011493,-0.002244,None,None,None,0.031591,0.016946,0.014645,0.09431,0.003235,0.091074
WALL-B.ST,2018-04-24,-31.75,negative,Q1,0.006041,0.010572,-0.004531,0.030783,0.021624,0.009158,0.029632,0.023295,0.006337,0.161105,0.028306,0.132799
PNDX-B.ST,2018-04-24,-54.81,negative,Q1,-0.008174,0.010572,-0.018746,0.018973,0.021624,-0.002652,0.013498,0.023295,-0.009797,0.128834,0.028306,0.100528
VOLV-B.ST,2018-04-24,-4.47,negative,Q2,0.002696,0.010572,-0.007876,0.007258,0.021624,-0.014367,0.046138,0.023295,0.022843,0.017522,0.028306,-0.010784
NOLA-B.ST,2018-04-24,20.03,positive,Q5,0.013879,0.010572,0.003307,0.024653,0.021624,0.003029,0.191928,0.023295,0.168633,0.213477,0.028306,0.185171
DIOS.ST,2018-04-24,-43.51,negative,Q1,-0.006963,0.010572,-0.017535,-0.001797,0.021624,-0.023421,-0.010557,0.023295,-0.033852,-0.014151,0.028306,-0.042457
HMS.ST,2018-04-24,-12.22,negative,Q2,0.034329,0.010572,0.023757,0.018918,0.021624,-0.002707,0.059528,0.023295,0.036233,-0.016142,0.028306,-0.044448
VITR.ST,2018-04-24,4.76,positive,Q4,0.000808,0.010572,-0.009764,0.015264,0.021624,-0.00636,0.088193,0.023295,0.064898,-0.099822,0.028306,-0.128128
LIFCO-B.ST,2018-04-24,0.0,negative,Q3,-0.016707,0.010572,-0.027279,-0.025863,0.021624,-0.047488,-0.030522,0.023295,-0.053817,0.194378,0.028306,0.166071
SWED-A.ST,2018-04-24,7.91,positive,Q4,0.014337,0.010572,0.003765,0.002902,0.021624,-0.018723,-0.004523,0.023295,-0.027818,0.075525,0.028306,0.047219
AXFO.ST,2018-04-24,6.62,positive,Q4,0.011855,0.010572,0.001283,0.021354,0.021624,-0.00027,0.037918,0.023295,0.014623,0.140549,0.028306,0.112243
HUSQ-B.ST,2018-04-24,-1.2,negative,Q3,0.02497,0.010572,0.014398,0.034562,0.021624,0.012937,0.024665,0.023295,0.00137,-0.159105,0.028306,-0.187411
SAND.ST,2018-04-24,-1.26,negative,Q3,0.009146,0.010572,-0.001426,0.016962,0.021624,-0.004662,0.062143,0.023295,0.038848,0.060815,0.028306,0.032508
TIGO-SDB.ST,2018-04-24,-56.41,negative,Q1,0.0,0.010572,-0.010572,-0.002589,0.021624,-0.024213,-0.031531,0.023295,-0.054826,-0.02453,0.028306,-0.052836
FABG.ST,2018-04-24,6.41,positive,Q4,0.03048,0.010572,0.019908,0.032098,0.021624,0.010473,0.063075,0.023295,0.03978,0.308037,0.028306,0.279731
ALIG.ST,2018-04-25,-7.19,negative,Q2,0.003116,0.004462,-0.001346,0.090496,-0.004318,0.094814,0.151909,0.008404,0.143504,0.142041,0.012398,0.129644
WIHL.ST,2018-04-25,-21.21,negative,Q1,0.024887,0.004462,0.020425,0.039027,-0.004318,0.043345,0.070136,0.008404,0.061732,0.071833,0.012398,0.059435
NCC-B.ST,2018-04-25,-14.71,negative,Q2,-0.007063,0.004462,-0.011525,-0.062109,-0.004318,-0.057791,-0.032232,0.008404,-0.040636,-0.188764,0.012398,-0.201161
BONAV-A.ST,2018-04-25,-96.3,negative,Q1,-0.013889,0.004462,-0.018351,0.157407,-0.004318,0.161725,0.041667,0.008404,0.033263,0.055556,0.012398,0.043158
AFRY.ST,2018-04-25,-0.39,negative,Q3,0.019117,0.004462,0.014655,0.043945,-0.004318,0.048263,0.142727,0.008404,0.134322,0.231379,0.012398,0.218981
RESURS.ST,2018-04-25,-1.48,negative,Q3,-0.011759,0.004462,-0.01622,-0.029266,-0.004318,-0.024948,-0.026653,0.008404,-0.035057,0.179253,0.012398,0.166855
TREL-B.ST,2018-04-25,0.0,negative,Q3,0.000504,0.004462,-0.003958,0.008741,-0.004318,0.01306,-0.007733,0.008404,-0.016137,-0.125238,0.012398,-0.137636
SHB-A.ST,2018-04-25,-0.97,negative,Q3,0.012533,0.004462,0.008071,0.001139,-0.004318,0.005457,-0.001953,0.008404,-0.010357,0.083984,0.012398,0.071587
HOLM-B.ST,2018-04-25,-17.76,negative,Q2,0.010802,0.004462,0.00634,-0.00164,-0.004318,0.002678,-0.025054,0.008404,-0.033458,-0.08585,0.012398,-0.098248
BIOG-B.ST,2018-04-25,-12.63,negative,Q2,0.01346,0.004462,0.008998,-0.01709,-0.004318,-0.012772,-0.04386,0.008404,-0.052264,0.03781,0.012398,0.025413
THULE.ST,2018-04-25,4.88,positive,Q4,-0.001964,0.004462,-0.006426,0.011908,-0.004318,0.016227,0.08207,0.008404,0.073666,0.004972,0.012398,-0.007425
ATCO-A.ST,2018-04-25,1.7,positive,Q3,0.003334,0.004462,-0.001128,0.005364,-0.004318,0.009682,0.0706,0.008404,0.062196,-0.257756,0.012398,-0.270153
NEWA-B.ST,2018-04-26,-73.68,negative,Q1,-0.013378,-0.006371,-0.007007,-0.009556,-0.002338,-0.007217,0.0043,0.00047,0.00383,0.031534,0.017728,0.013806
SAAB-B.ST,2018-04-26,-32.9,negative,Q1,-0.025522,-0.006371,-0.019151,-0.056701,-0.002338,-0.054363,0.007795,0.00047,0.007325,0.094418,0.017728,0.07669
BEIA-B.ST,2018-04-26,3.76,positive,Q3,0.00205,-0.006371,0.00842,-0.007919,-0.002338,-0.00558,0.049655,0.00047,0.049185,-0.036985,0.017728,-0.054713
GRNG.ST,2018-04-26,5.24,positive,Q4,0.019082,-0.006371,0.025453,-0.01103,-0.002338,-0.008692,-0.007611,0.00047,-0.008081,-0.032208,0.017728,-0.049936
SKF-B.ST,2018-04-26,7.71,positive,Q4,-0.018758,-0.006371,-0.012387,-0.008049,-0.002338,-0.005711,-0.00252,0.00047,-0.00299,-0.018198,0.017728,-0.035926
MTRS.ST,2018-04-26,-35.29,negative,Q1,0.007951,-0.006371,0.014322,0.007951,-0.002338,0.01029,-0.031806,0.00047,-0.032276,-0.202553,0.017728,-0.220281
SCA-B.ST,2018-04-26,12.36,positive,Q4,-0.00229,-0.006371,0.004081,0.006297,-0.002338,0.008636,0.024616,0.00047,0.024146,-0.043508,0.017728,-0.061236
DOM.ST,2018-04-26,-20.13,negative,Q2,-0.016308,-0.006371,-0.009937,-0.023297,-0.002338,-0.020959,0.066055,0.00047,0.065585,-0.006441,0.017728,-0.024169
GETI-B.ST,2018-04-26,9.52,positive,Q4,-0.029633,-0.006371,-0.023262,0.004083,-0.002338,0.006421,-0.010931,0.00047,-0.011401,0.118135,0.017728,0.100407
SOBI.ST,2018-04-26,30.14,positive,Q5,0.04975,-0.006371,0.056121,0.019733,-0.002338,0.022072,-0.026126,0.00047,-0.026596,0.357977,0.017728,0.340249
INDT.ST,2018-04-26,-11.03,negative,Q2,-0.009499,-0.006371,-0.003128,-0.010418,-0.002338,-0.00808,0.036311,0.00047,0.035841,0.107094,0.017728,0.089366
BIOT.ST,2018-04-26,25.45,positive,Q5,0.057639,-0.006371,0.06401,0.128157,-0.002338,0.130495,0.193923,0.00047,0.193453,0.297324,0.017728,0.279596
PLAZ-B.ST,2018-04-26,-86.0,negative,Q1,-0.005242,-0.006371,0.001129,0.027016,-0.002338,0.029354,0.020363,0.00047,0.019893,0.069556,0.017728,0.051829
CATE.ST,2018-04-26,80.15,positive,Q5,0.010528,-0.006371,0.016899,0.01757,-0.002338,0.019908,0.035072,0.00047,0.034602,0.13687,0.017728,0.119142
ASSA-B.ST,2018-04-26,-2.75,negative,Q3,0.00296,-0.006371,0.009331,0.022077,-0.002338,0.024415,0.044401,0.00047,0.043931,-0.046312,0.017728,-0.06404
FPAR-A.ST,2018-04-26,153.42,positive,Q5,0.0,-0.006371,0.006371,-0.006852,-0.002338,-0.004514,0.041919,0.00047,0.041449,0.076784,0.017728,0.059056
SECU-B.ST,2018-05-02,2.46,positive,Q3,-0.003121,0.006459,-0.00958,None,None,None,0.015926,0.001628,0.014298,0.131282,0.02909,0.102192
HUFV-A.ST,2018-05-03,-27.34,negative,Q1,0.00153,0.013218,-0.011688,0.007649,0.016593,-0.008944,-0.006929,-0.007832,0.000902,0.057325,0.0133,0.044026
CAMX.ST,2018-05-03,19.09,positive,Q5,-0.015151,0.013218,-0.028369,-0.035985,0.016593,-0.052578,-0.028409,-0.007832,-0.020577,-0.116477,0.0133,-0.129777
LOOMIS.ST,2018-05-03,12.41,positive,Q4,0.007902,0.013218,-0.005316,0.031722,0.016593,0.015129,0.034767,-0.007832,0.042599,-0.152559,0.0133,-0.165859
LIAB.ST,2018-05-03,17.05,positive,Q4,0.01569,0.013218,0.002472,0.042444,0.016593,0.025851,-0.007102,-0.007832,0.00073,-0.163997,0.0133,-0.177296
COIC.ST,2018-05-03,8.17,positive,Q4,0.018129,0.013218,0.004911,0.025804,0.016593,0.009211,0.020687,-0.007832,0.028519,-0.023173,0.0133,-0.036472
BRAV.ST,2018-05-03,5.06,positive,Q4,0.007556,0.013218,-0.005662,0.004423,0.016593,-0.01217,0.079248,-0.007832,0.08708,0.023959,0.0133,0.010659
ACAD.ST,2018-05-04,0.68,positive,Q3,0.00545,0.006888,-0.001438,0.030521,0.000405,0.030116,0.025071,-0.024328,0.049399,-0.105516,0.008774,-0.11429
HEXA-B.ST,2018-05-04,0.0,negative,Q3,-0.008067,0.006888,-0.014955,-0.016134,0.000405,-0.016539,0.063938,-0.024328,0.088266,0.099193,0.008774,0.090419
ARJO-B.ST,2018-05-04,112.5,positive,Q5,0.034496,0.006888,0.027608,0.068605,0.000405,0.0682,-0.003488,-0.024328,0.02084,0.036047,0.008774,0.027272
ATT.ST,2018-05-04,-17.53,negative,Q2,-0.009497,0.006888,-0.016385,0.000586,0.000405,0.000181,-0.10435,-0.024328,-0.080022,-0.124868,0.008774,-0.133642
PEAB-B.ST,2018-05-07,32.14,positive,Q5,0.020217,0.004889,0.015328,0.022924,-0.001378,0.024303,-0.10704,-0.033119,-0.073921,-0.037365,-0.000285,-0.03708
HOFI.ST,2018-05-15,-1.85,negative,Q3,0.011092,0.010411,0.000681,0.041281,-0.000108,0.041389,-0.067116,-0.008907,-0.058209,-0.078068,0.003923,-0.081991
EMBRAC-B.ST,2018-05-16,0.0,negative,Q3,0.005291,0.001644,0.003647,-0.00498,-0.015678,0.010698,0.001245,-0.029969,0.031214,0.079054,-0.015664,0.094718
PDX.ST,2018-05-18,98.08,positive,Q5,0.033954,-0.001115,0.035069,0.090717,-0.027505,0.118222,0.050932,-0.037743,0.088675,-0.122099,-0.002177,-0.119922
SECT-B.ST,2018-05-29,47.5,positive,Q5,-0.011105,-0.00806,-0.003046,0.037448,-0.004407,0.041856,0.06999,-0.002342,0.072331,0.23218,0.069508,0.162671
EKTA-B.ST,2018-06-01,-11.25,negative,Q2,0.017629,-0.003628,0.021257,0.016307,0.004122,0.012185,0.027104,-0.027091,0.054196,0.084068,0.059711,0.024357
CLAS-B.ST,2018-06-08,-385.71,negative,Q1,0.000902,0.000693,0.000208,0.046428,-0.006066,0.052494,0.062204,-0.02857,0.090774,0.195177,0.029925,0.165252
SYSR.ST,2018-06-14,-60.0,negative,Q1,-0.00947,-0.005593,-0.003877,-0.047822,-0.022783,-0.025039,0.006155,-0.008804,0.014959,0.277462,0.032739,0.244723
SKIS-B.ST,2018-06-20,4.75,positive,Q4,-0.023074,-0.009611,-0.013463,-0.062335,0.006021,-0.068356,0.042705,0.019974,0.022731,0.095511,0.052244,0.043267
HM-B.ST,2018-06-28,-3.45,negative,Q3,0.021398,-0.011556,0.032954,0.045343,-0.022264,0.067607,0.043204,0.033481,0.009723,0.112187,0.063771,0.048416
FPAR-A.ST,2018-07-03,-7.14,negative,Q2,0.003136,0.0028,0.000336,0.031152,0.002595,0.028557,0.118336,0.049737,0.068599,0.215973,0.095317,0.120656
DUST.ST,2018-07-04,-7.69,negative,Q2,0.021327,-0.001594,0.022921,0.040284,0.009772,0.030513,0.090047,0.055905,0.034142,-0.003554,0.085351,-0.088905
DIOS.ST,2018-07-06,1.18,positive,Q3,-0.003669,0.00475,-0.008419,0.005503,0.007585,-0.002082,0.030039,0.051152,-0.021113,0.053887,0.070014,-0.016127
FABG.ST,2018-07-06,3.45,positive,Q3,0.019076,0.00475,0.014326,0.041986,0.007585,0.034401,0.03117,0.051152,-0.019982,0.008063,0.070014,-0.061951
PLAZ-B.ST,2018-07-09,-3.64,negative,Q3,0.048257,-0.014268,0.062525,0.046484,0.005311,0.041173,0.013394,0.047948,-0.034554,0.056529,0.055848,0.000681
WIHL.ST,2018-07-09,6.87,positive,Q4,-0.000523,-0.014268,0.013745,0.019864,0.005311,0.014553,0.019864,0.047948,-0.028084,-0.00575,0.055848,-0.061599
CATE.ST,2018-07-10,71.05,positive,Q5,-0.003149,0.009978,-0.013127,-0.032143,0.028911,-0.061054,0.0041,0.068755,-0.064655,-0.001069,0.062175,-0.063245
ITAB.ST,2018-07-11,-15.69,negative,Q2,-0.026601,0.00607,-0.032671,-0.07931,0.027779,-0.107089,-0.13202,0.048845,-0.180865,-0.301478,0.053821,-0.355299
CAST.ST,2018-07-13,-4.53,negative,Q2,-0.007407,0.002482,-0.009889,-0.005833,0.017868,-0.0237,0.021294,0.035939,-0.014645,-0.01074,-0.001508,-0.009232
PNDX-B.ST,2018-07-13,-21.39,negative,Q1,-0.001204,0.002482,-0.003687,-0.001204,0.017868,-0.019072,-0.023018,0.035939,-0.058957,-0.066577,-0.001508,-0.06507
AFRY.ST,2018-07-13,2.83,positive,Q3,0.026123,0.002482,0.02364,0.030996,0.017868,0.013128,0.050621,0.035939,0.014681,-0.067386,-0.001508,-0.065878
DUNI.ST,2018-07-13,-24.46,negative,Q1,-0.027661,0.002482,-0.030143,-0.029403,0.017868,-0.04727,-0.036369,0.035939,-0.072309,-0.003381,-0.001508,-0.001873
JM.ST,2018-07-13,1.31,positive,Q3,-0.069989,0.002482,-0.072471,-0.106063,0.017868,-0.123931,-0.021197,0.035939,-0.057136,-0.06103,-0.001508,-0.059523
VITR.ST,2018-07-13,7.35,positive,Q4,0.011648,0.002482,0.009166,-0.044365,0.017868,-0.062232,-0.006852,0.035939,-0.042791,-0.004197,-0.001508,-0.002689
BIOT.ST,2018-07-16,11.27,positive,Q4,-0.041411,0.008872,-0.050283,-0.009011,0.02876,-0.03777,0.055886,0.02376,0.032126,-0.0486,-0.012946,-0.035655
ALFA.ST,2018-07-16,22.31,positive,Q5,0.002911,0.008872,-0.005961,0.003334,0.02876,-0.025426,-0.023432,0.02376,-0.047192,-0.076071,-0.012946,-0.063125
AXFO.ST,2018-07-16,2.03,positive,Q3,-0.010593,0.008872,-0.019466,-0.027418,0.02876,-0.056178,-0.045351,0.02376,-0.069111,-0.127951,-0.012946,-0.115005
CAMX.ST,2018-07-17,-64.36,negative,Q1,-0.011518,0.008868,-0.020386,0.005236,0.014551,-0.009315,0.010471,0.026052,-0.015581,0.023037,-0.021856,0.044892
SAND.ST,2018-07-17,5.24,positive,Q4,0.004448,0.008868,-0.004419,0.005429,0.014551,-0.009122,-0.009048,0.026052,-0.035099,-0.094624,-0.021856,-0.072768
HUSQ-B.ST,2018-07-17,-13.31,negative,Q2,-0.04738,0.008868,-0.056248,-0.071589,0.014551,-0.08614,-0.040291,0.026052,-0.066342,-0.016255,-0.021856,0.005601
BONAV-A.ST,2018-07-17,8.89,positive,Q4,-0.017241,0.008868,-0.026109,-0.017241,0.014551,-0.031792,0.0,0.026052,-0.026052,-0.051724,-0.021856,-0.029868
LIFCO-B.ST,2018-07-17,11.02,positive,Q4,0.108814,0.008868,0.099946,0.172081,0.014551,0.157531,0.123426,0.026052,0.097374,0.0485,-0.021856,0.070356
SEB-A.ST,2018-07-17,0.41,positive,Q3,0.002859,0.008868,-0.006008,0.041204,0.014551,0.026654,0.077699,0.026052,0.051648,0.044904,-0.021856,0.06676
GETI-B.ST,2018-07-17,26.04,positive,Q5,-0.016557,0.008868,-0.025425,-0.006075,0.014551,-0.020626,0.05003,0.026052,0.023978,-0.193091,-0.021856,-0.171235
ASSA-B.ST,2018-07-18,-22.36,negative,Q1,0.004576,-0.003123,0.007699,0.010916,0.015439,-0.004522,0.055367,0.024217,0.031149,-0.010132,-0.019051,0.008919
SOBI.ST,2018-07-18,32.46,positive,Q5,0.024947,-0.003123,0.02807,0.032981,0.015439,0.017542,0.124736,0.024217,0.100518,-0.077801,-0.019051,-0.05875
AAK.ST,2018-07-18,-1.64,negative,Q3,0.008153,-0.003123,0.011276,0.010449,0.015439,-0.00499,0.054856,0.024217,0.030639,0.014644,-0.019051,0.033695
SWED-A.ST,2018-07-18,1.27,positive,Q3,0.022914,-0.003123,0.026037,0.071932,0.015439,0.056494,0.089139,0.024217,0.064921,0.031811,-0.019051,0.050862
NCC-B.ST,2018-07-18,-26.59,negative,Q1,-0.007091,-0.003123,-0.003969,0.041932,0.015439,0.026494,0.120966,0.024217,0.096749,0.06742,-0.019051,0.086471
WALL-B.ST,2018-07-18,-7.69,negative,Q2,-0.00883,-0.003123,-0.005707,0.007358,0.015439,-0.00808,0.004906,0.024217,-0.019312,-0.087074,-0.019051,-0.068023
SHB-A.ST,2018-07-18,13.19,positive,Q4,0.034788,-0.003123,0.037911,0.086326,0.015439,0.070888,0.114028,0.024217,0.089811,0.064101,-0.019051,0.083151
BALD-B.ST,2018-07-18,-9.11,negative,Q2,0.007258,-0.003123,0.010381,0.032258,0.015439,0.016819,0.019355,0.024217,-0.004863,-0.092742,-0.019051,-0.073691
ELUX-B.ST,2018-07-18,-37.32,negative,Q1,-0.011,-0.003123,-0.007877,-0.024815,0.015439,-0.040253,-0.026222,0.024217,-0.050439,-0.106229,-0.019051,-0.087178
COOR.ST,2018-07-18,5.56,positive,Q4,-0.008636,-0.003123,-0.005513,-0.010042,0.015439,-0.025481,0.043784,0.024217,0.019566,-0.021289,-0.019051,-0.002239
MTG-B.ST,2018-07-18,7.94,positive,Q4,0.020088,-0.003123,0.023211,0.015066,0.015439,-0.000373,-0.022599,0.024217,-0.046816,-0.007533,-0.019051,0.011518
ERIC-B.ST,2018-07-18,-150.0,negative,Q1,-0.004022,-0.003123,-0.000899,-0.020949,0.015439,-0.036387,-0.020111,0.024217,-0.044328,0.047763,-0.019051,0.066814
TEL2-B.ST,2018-07-18,29.91,positive,Q5,0.02672,-0.003123,0.029842,0.024206,0.015439,0.008768,-0.026058,0.024217,-0.050276,-0.072884,-0.019051,-0.053833
BILL.ST,2018-07-18,-35.52,negative,Q1,-0.019061,-0.003123,-0.015938,0.000545,0.015439,-0.014894,0.0113,0.024217,-0.012917,0.041116,-0.019051,0.060167
MTRS.ST,2018-07-18,-14.67,negative,Q2,-0.011923,-0.003123,-0.0088,-0.053403,0.015439,-0.068841,-0.053403,0.024217,-0.07762,-0.182563,-0.019051,-0.163512
DOM.ST,2018-07-18,-14.11,negative,Q2,0.002339,-0.003123,0.005462,-0.002339,0.015439,-0.017778,-0.06041,0.024217,-0.084628,-0.109123,-0.019051,-0.090073
NOLA-B.ST,2018-07-19,11.48,positive,Q4,0.079406,0.000697,0.078709,0.110878,0.021125,0.089753,-0.168173,0.032621,-0.200794,-0.307779,-0.019709,-0.28807
TIGO-SDB.ST,2018-07-19,-119.95,negative,Q1,-0.009778,0.000697,-0.010475,-0.018703,0.021125,-0.039828,-0.033821,0.032621,-0.066441,-0.059643,-0.019709,-0.039934
THULE.ST,2018-07-19,0.0,negative,Q3,-0.018455,0.000697,-0.019152,-0.00386,0.021125,-0.024985,0.0272,0.032621,-0.005421,-0.074423,-0.019709,-0.054713
EPI-A.ST,2018-07-19,0.0,negative,Q3,-0.00706,0.000697,-0.007757,-0.017378,0.021125,-0.038503,-0.094385,0.032621,-0.127006,-0.107418,-0.019709,-0.087709
ARJO-B.ST,2018-07-19,2.7,positive,Q3,-0.020301,0.000697,-0.020998,0.013158,0.021125,-0.007967,-0.033459,0.032621,-0.066079,-0.070301,-0.019709,-0.050591
SKF-B.ST,2018-07-19,9.25,positive,Q4,0.00859,0.000697,0.007893,0.060809,0.021125,0.039684,0.034135,0.032621,0.001514,-0.073016,-0.019709,-0.053307
SWEC-B.ST,2018-07-19,11.74,positive,Q4,0.024737,0.000697,0.024039,0.04871,0.021125,0.027584,0.042449,0.032621,0.009828,-0.049626,-0.019709,-0.029916
HMS.ST,2018-07-19,-15.24,negative,Q2,0.005535,0.000697,0.004838,-0.033067,0.021125,-0.054193,-0.020703,0.032621,-0.053324,0.04004,-0.019709,0.05975
LAGR-B.ST,2018-07-19,0.0,negative,Q3,0.002809,0.000697,0.002112,-0.007374,0.021125,-0.028499,-0.046348,0.032621,-0.078969,-0.094803,-0.019709,-0.075094
VOLV-B.ST,2018-07-19,13.77,positive,Q4,0.024002,0.000697,0.023305,0.03579,0.021125,0.014665,0.01147,0.032621,-0.021151,-0.081351,-0.019709,-0.061641
ESSITY-A.ST,2018-07-19,-0.97,negative,Q3,-0.021666,0.000697,-0.022364,-0.02814,0.021125,-0.049266,0.030281,0.032621,-0.00234,-0.05414,-0.019709,-0.034431
ESSITY-B.ST,2018-07-19,5.5,positive,Q4,-0.032949,0.000697,-0.033646,-0.045574,0.021125,-0.066699,0.029073,0.032621,-0.003548,-0.052488,-0.019709,-0.032779
LIAB.ST,2018-07-19,-23.23,negative,Q1,-0.008244,0.000697,-0.008941,-0.021281,0.021125,-0.042406,-0.006518,0.032621,-0.039139,0.009778,-0.019709,0.029487
GRNG.ST,2018-07-19,2.9,positive,Q3,-0.01909,0.000697,-0.019788,-0.022572,0.021125,-0.043697,-0.050197,0.032621,-0.082817,-0.170354,-0.019709,-0.150644
SKA-B.ST,2018-07-20,-10.19,negative,Q2,0.010735,0.01321,-0.002475,0.044989,0.019344,0.025645,0.063017,0.03613,0.026887,0.022454,-0.023175,0.045629
BOL.ST,2018-07-20,2.62,positive,Q3,0.037755,0.01321,0.024545,0.027028,0.019344,0.007684,-0.001168,0.03613,-0.037299,-0.047844,-0.023175,-0.024669
SSAB-A.ST,2018-07-20,-1.55,negative,Q3,0.048087,0.01321,0.034877,0.05265,0.019344,0.033306,-0.022815,0.03613,-0.058945,0.027027,-0.023175,0.050202
BRAV.ST,2018-07-20,0.0,negative,Q3,0.014847,0.01321,0.001637,0.028064,0.019344,0.00872,0.000905,0.03613,-0.035225,-0.031505,-0.023175,-0.008329
TREL-B.ST,2018-07-20,-2.28,negative,Q3,0.007798,0.01321,-0.005411,0.01811,0.019344,-0.001234,0.0,0.03613,-0.03613,-0.110015,-0.023175,-0.08684
NOBI.ST,2018-07-20,-8.33,negative,Q2,0.001609,0.01321,-0.011601,0.001609,0.019344,-0.017735,-0.00362,0.03613,-0.039751,-0.10539,-0.023175,-0.082215
SAAB-B.ST,2018-07-20,-57.45,negative,Q1,0.001035,0.01321,-0.012174,0.006671,0.019344,-0.012674,-0.00276,0.03613,-0.038891,0.081771,-0.023175,0.104946
TELIA.ST,2018-07-20,-6.25,negative,Q2,0.00821,0.01321,-0.005,0.047303,0.019344,0.027958,0.047303,0.03613,0.011172,0.039484,-0.023175,0.062659
ATCO-A.ST,2018-07-20,0.31,positive,Q3,0.029071,0.01321,0.015861,0.016893,0.019344,-0.002452,0.023375,0.03613,-0.012756,-0.065606,-0.023175,-0.042431
INTRUM.ST,2018-07-24,34.89,positive,Q5,0.005732,0.009751,-0.004019,0.053473,0.012098,0.041374,0.099326,0.031656,0.06767,0.024949,-0.042186,0.067136
RESURS.ST,2018-07-24,3.6,positive,Q3,0.005096,0.009751,-0.004654,0.019942,0.012098,0.007844,0.008199,0.031656,-0.023457,-0.101928,-0.042186,-0.059742
COIC.ST,2018-07-24,1.73,positive,Q3,0.001249,0.009751,-0.008501,-0.022043,0.012098,-0.034141,-0.042836,0.031656,-0.074492,-0.201029,-0.042186,-0.158842
LOOMIS.ST,2018-07-25,-9.82,negative,Q2,-0.007029,0.00246,-0.009489,-0.021845,-0.006679,-0.015165,0.076745,0.02366,0.053085,-0.102816,-0.062114,-0.040702
INDT.ST,2018-07-25,-1.95,negative,Q3,0.01121,0.00246,0.008749,-0.012178,-0.006679,-0.005499,0.005951,0.02366,-0.017709,-0.093274,-0.062114,-0.031161
SCA-B.ST,2018-07-25,107.89,positive,Q5,-0.012449,0.00246,-0.014909,-0.024659,-0.006679,-0.01798,0.06859,0.02366,0.04493,-0.099832,-0.062114,-0.037719
ATT.ST,2018-07-26,25.0,positive,Q5,0.036882,-0.001048,0.037931,0.038831,-0.000503,0.039334,0.090188,0.032451,0.057737,0.034934,-0.069006,0.10394
BILI-A.ST,2018-07-26,8.14,positive,Q4,0.037918,-0.001048,0.038967,0.041401,-0.000503,0.041904,0.091894,0.032451,0.059443,-0.002128,-0.069006,0.066878
SECU-B.ST,2018-07-27,7.76,positive,Q4,-0.008756,0.002809,-0.011565,0.003426,-0.00161,0.005036,0.025031,0.037289,-0.012258,-0.094508,-0.065205,-0.029303
HOFI.ST,2018-07-27,-29.56,negative,Q1,0.0,0.002809,-0.002809,-0.008828,-0.00161,-0.007219,0.045339,0.037289,0.00805,-0.005836,-0.065205,0.059369
ALIV-SDB.ST,2018-07-27,20.0,positive,Q5,-0.000228,0.002809,-0.003037,-0.019428,-0.00161,-0.017819,-0.060551,0.037289,-0.09784,-0.191387,-0.065205,-0.126182
HEXA-B.ST,2018-07-31,2.04,positive,Q3,-0.00631,-0.008984,0.002673,0.02332,0.006252,0.017067,0.033196,0.03722,-0.004024,-0.165981,-0.067844,-0.098137
PDX.ST,2018-08-14,-39.34,negative,Q1,0.034019,0.01113,0.022889,-0.017655,0.03129,-0.048945,-0.066884,0.017731,-0.084615,-0.239628,-0.049578,-0.19005
HOLM-B.ST,2018-08-15,62.81,positive,Q5,0.0236,0.007064,0.016536,0.011128,0.020092,-0.008964,0.029836,0.014526,0.01531,-0.110042,-0.056517,-0.053525
EMBRAC-B.ST,2018-08-15,-41.67,negative,Q1,0.037313,0.007064,0.030249,0.022388,0.020092,0.002296,-0.012836,0.014526,-0.027362,-0.184179,-0.056517,-0.127662
NEWA-B.ST,2018-08-16,12.68,positive,Q4,0.04148,0.005056,0.036424,0.078081,0.014886,0.063195,0.091501,0.011023,0.080478,-0.141928,-0.074112,-0.067816
VOLO.ST,2018-08-17,22.08,positive,Q5,-0.025717,0.004098,-0.029815,-0.021874,0.020958,-0.042832,-0.009755,-0.003351,-0.006403,-0.133314,-0.086535,-0.046779
PEAB-B.ST,2018-08-17,27.63,positive,Q5,0.019201,0.004098,0.015103,0.053016,0.020958,0.032059,0.075956,-0.003351,0.079307,-0.071368,-0.086535,0.015167
BIOG-B.ST,2018-08-17,17.53,positive,Q4,0.0,0.004098,-0.004098,0.002267,0.020958,-0.018691,-0.015069,-0.003351,-0.011717,-0.214962,-0.086535,-0.128427
HUFV-A.ST,2018-08-21,45.16,positive,Q5,-0.004175,0.000151,-0.004326,-0.001391,0.020541,-0.021933,-0.032741,0.001452,-0.034193,-0.050831,-0.097945,0.047114
ALIG.ST,2018-08-21,-26.09,negative,Q1,-0.021343,0.000151,-0.021494,-0.042566,0.020541,-0.063107,-0.048681,0.001452,-0.050133,-0.056235,-0.097945,0.04171
FAG.ST,2018-08-22,-11.0,negative,Q2,0.007225,0.001924,0.005301,0.007225,0.017557,-0.010331,-0.001285,0.011328,-0.012612,-0.136641,-0.113682,-0.022959
RAY-B.ST,2018-08-23,3.45,positive,Q3,0.010041,0.011069,-0.001029,0.06268,0.006859,0.055821,-0.072868,0.004943,-0.077811,-0.203322,-0.10227,-0.101052
BEIA-B.ST,2018-08-24,9.09,positive,Q4,0.032513,0.003633,0.02888,0.023623,-0.002975,0.026598,0.048481,-0.005039,0.05352,-0.053502,-0.119336,0.065833
EKTA-B.ST,2018-08-30,-8.51,negative,Q2,-0.004574,0.001194,-0.005768,0.007115,-0.024102,0.031216,-0.006708,0.005599,-0.012307,-0.112918,-0.095111,-0.017807
SYSR.ST,2018-08-30,-13.75,negative,Q2,-0.012389,0.001194,-0.013583,-0.00542,-0.024102,0.018682,0.04607,0.005599,0.040471,-0.175377,-0.095111,-0.080267
SECT-B.ST,2018-09-04,-16.5,negative,Q2,-0.024845,0.000418,-0.025262,-0.059672,-0.007925,-0.051747,-0.019299,0.010555,-0.029854,0.079193,-0.062482,0.141675
CLAS-B.ST,2018-09-05,-27.69,negative,Q1,0.001322,-0.008711,0.010033,0.01756,-0.006475,0.024036,-0.021715,0.001495,-0.023209,0.044184,-0.077181,0.121366
HM-B.ST,2018-09-27,-5.08,negative,Q2,-0.00497,0.003061,-0.008031,0.028907,-0.016542,0.045449,-0.033794,-0.095777,0.061982,-0.208565,-0.152567,-0.055997
SKIS-B.ST,2018-10-03,14.88,positive,Q4,-0.024623,-0.008552,-0.016071,-0.051212,-0.059764,0.008552,-0.032768,-0.059168,0.0264,-0.078176,-0.129579,0.051403
DUST.ST,2018-10-10,10.53,positive,Q4,-0.045614,-0.009002,-0.036612,-0.05976,-0.00422,-0.05554,-0.033274,-0.012839,-0.020436,0.004394,-0.054811,0.059205
BILL.ST,2018-10-16,-27.17,negative,Q1,-0.023359,-0.002841,-0.020519,-0.02579,-0.030225,0.004435,0.159465,-0.037772,0.197237,0.120578,-0.048036,0.168614
CAST.ST,2018-10-17,-4.74,negative,Q2,-0.001164,-0.007907,0.006743,-0.017011,-0.024515,0.007504,0.038141,-0.028781,0.066922,0.067329,-0.028554,0.095883
GETI-B.ST,2018-10-18,69.57,positive,Q5,-0.002585,-0.003661,0.001075,-0.005817,-0.03029,0.024473,-0.068769,-0.032105,-0.036665,-0.044726,-0.024747,-0.019979
ERIC-B.ST,2018-10-18,151.22,positive,Q5,-0.015062,-0.003661,-0.011401,-0.073425,-0.03029,-0.043135,-0.106155,-0.032105,-0.07405,-0.102824,-0.024747,-0.078077
FABG.ST,2018-10-18,-56.84,negative,Q1,0.000305,-0.003661,0.003966,-0.048632,-0.03029,-0.018342,-0.054533,-0.032105,-0.022428,0.109981,-0.024747,0.134728
SKA-B.ST,2018-10-18,-34.21,negative,Q1,0.001794,-0.003661,0.005454,-0.045736,-0.03029,-0.015446,-0.009327,-0.032105,0.022778,0.09748,-0.024747,0.122227
TEL2-B.ST,2018-10-18,-19.25,negative,Q2,-0.022395,-0.003661,-0.018735,-0.073863,-0.03029,-0.043573,-0.036305,-0.032105,-0.004201,0.017527,-0.024747,0.042274
DUNI.ST,2018-10-18,-26.84,negative,Q1,0.0,-0.003661,0.003661,-0.055604,-0.03029,-0.025314,-0.014806,-0.032105,0.017299,-0.012941,-0.024747,0.011805
VOLV-B.ST,2018-10-19,8.9,positive,Q4,-0.007056,-0.011258,0.004202,-0.003645,-0.015014,0.011369,-0.081373,-0.045351,-0.036022,-0.084431,-0.026034,-0.058396
TELIA.ST,2018-10-19,0.0,negative,Q3,-0.002268,-0.011258,0.008989,0.000378,-0.015014,0.015392,-0.010964,-0.045351,0.034387,0.026465,-0.026034,0.052499
HUSQ-B.ST,2018-10-19,42.86,positive,Q5,-0.005862,-0.011258,0.005396,0.049043,-0.015014,0.064056,0.050606,-0.045351,0.095957,0.110004,-0.026034,0.136038
ASSA-B.ST,2018-10-19,-1.38,negative,Q3,0.002328,-0.011258,0.013585,0.009764,-0.015014,0.024778,-0.02483,-0.045351,0.020521,-0.046492,-0.026034,-0.020458
ATCO-A.ST,2018-10-19,0.31,positive,Q3,-0.01311,-0.011258,-0.001853,-0.008137,-0.015014,0.006876,-0.032324,-0.045351,0.013028,0.056736,-0.026034,0.08277
ARJO-B.ST,2018-10-22,-34.09,negative,Q1,0.0242,-0.004907,0.029107,0.041764,0.004723,0.037042,0.071038,-0.020169,0.091208,0.079625,-0.019986,0.099612
MTG-B.ST,2018-10-23,-18.08,negative,Q2,-0.059347,0.00303,-0.062378,0.003561,0.024476,-0.020915,-0.086053,-0.023363,-0.06269,-0.090801,-0.008703,-0.082098
LAGR-B.ST,2018-10-23,5.88,positive,Q4,-0.007735,0.00303,-0.010765,0.013628,0.024476,-0.010848,-0.003315,-0.023363,0.020048,-0.024678,-0.008703,-0.015974
TIGO-SDB.ST,2018-10-23,74.36,positive,Q5,-0.03645,0.00303,-0.03948,-0.007674,0.024476,-0.032149,0.034991,-0.023363,0.058354,0.137125,-0.008703,0.145829
FAG.ST,2018-10-23,-13.45,negative,Q2,0.015359,0.00303,0.012328,0.124555,0.024476,0.100079,0.019667,-0.023363,0.04303,0.081101,-0.008703,0.089805
SWED-A.ST,2018-10-23,9.56,positive,Q4,0.023469,0.00303,0.020438,0.028934,0.024476,0.004458,0.003456,-0.023363,0.026819,0.049429,-0.008703,0.058133
SAND.ST,2018-10-23,2.34,positive,Q3,0.025983,0.00303,0.022953,0.074485,0.024476,0.050009,-0.029274,-0.023363,-0.005911,0.040793,-0.008703,0.049497
SAAB-B.ST,2018-10-23,-50.56,negative,Q1,-0.017584,0.00303,-0.020614,0.029839,0.024476,0.005363,0.047689,-0.023363,0.071052,-0.048222,-0.008703,-0.039518
WIHL.ST,2018-10-23,15.12,positive,Q4,0.001626,0.00303,-0.001404,0.015718,0.024476,-0.008758,-0.026558,-0.023363,-0.003195,0.119241,-0.008703,0.127945
BOL.ST,2018-10-24,-21.7,negative,Q1,-0.019088,-0.01378,-0.005308,0.078427,0.016756,0.061671,-0.006898,-0.019037,0.012138,0.099524,-0.003254,0.102778
AXFO.ST,2018-10-24,-5.08,negative,Q2,0.03729,-0.01378,0.05107,0.060762,0.016756,0.044006,0.055186,-0.019037,0.074222,0.018978,-0.003254,0.022232
HMS.ST,2018-10-24,5.88,positive,Q4,0.0,-0.01378,0.01378,0.10261,0.016756,0.085854,0.018642,-0.019037,0.037678,-0.009321,-0.003254,-0.006067
HOLM-B.ST,2018-10-24,-30.32,negative,Q1,0.012758,-0.01378,0.026538,0.023951,0.016756,0.007195,-0.048866,-0.019037,-0.029829,-0.022748,-0.003254,-0.019494
NOLA-B.ST,2018-10-24,-3.97,negative,Q3,0.009006,-0.01378,0.022787,0.072651,0.016756,0.055895,0.011408,-0.019037,0.030445,-0.008706,-0.003254,-0.005452
AFRY.ST,2018-10-24,-3.55,negative,Q3,0.009009,-0.01378,0.022789,0.046991,0.016756,0.030235,-0.006054,-0.019037,0.012983,-0.125477,-0.003254,-0.122224
BONAV-A.ST,2018-10-24,16.52,positive,Q4,0.004673,-0.01378,0.018453,-0.018691,0.016756,-0.035448,0.032711,-0.019037,0.051747,0.088785,-0.003254,0.092039
SHB-A.ST,2018-10-24,-0.48,negative,Q3,-0.014223,-0.01378,-0.000442,-0.017699,0.016756,-0.034455,-0.053255,-0.019037,-0.034219,-0.005531,-0.003254,-0.002277
COOR.ST,2018-10-24,5.81,positive,Q4,0.021556,-0.01378,0.035336,0.054358,0.016756,0.037602,0.115511,-0.019037,0.134548,0.126992,-0.003254,0.130245
BIOG-B.ST,2018-10-24,3.85,positive,Q3,-0.057042,-0.01378,-0.043262,0.008077,0.016756,-0.008679,-0.051489,-0.019037,-0.032452,0.002692,-0.003254,0.005946
BEIA-B.ST,2018-10-25,9.47,positive,Q4,0.030284,0.012035,0.018249,0.046453,0.044522,0.001931,0.035019,0.008744,0.026275,0.031535,0.003867,0.027668
SHOT.ST,2018-10-25,-2.45,negative,Q3,0.017788,0.012035,0.005753,0.051624,0.044522,0.007102,-0.00174,0.008744,-0.010484,0.070186,0.003867,0.066319
ALFA.ST,2018-10-25,14.87,positive,Q4,0.009745,0.012035,-0.00229,0.029236,0.044522,-0.015286,-0.123906,0.008744,-0.13265,-0.119928,0.003867,-0.123796
EPI-A.ST,2018-10-25,-3.28,negative,Q3,0.002171,0.012035,-0.009864,0.041836,0.044522,-0.002687,-0.022727,0.008744,-0.031471,0.098581,0.003867,0.094714
CAMX.ST,2018-10-25,33.33,positive,Q5,0.008046,0.012035,-0.003989,0.051724,0.044522,0.007202,0.126437,0.008744,0.117693,-0.195402,0.003867,-0.199269
MTRS.ST,2018-10-25,-44.12,negative,Q1,0.015291,0.012035,0.003256,0.048423,0.044522,0.003901,0.048423,0.008744,0.039679,0.115323,0.003867,0.111456
AAK.ST,2018-10-25,2.21,positive,Q3,0.021827,0.012035,0.009792,0.022733,0.044522,-0.021789,-0.004448,0.008744,-0.013192,-0.021909,0.003867,-0.025776
WALL-B.ST,2018-10-25,-32.14,negative,Q1,0.008705,0.012035,-0.00333,0.028292,0.044522,-0.016231,0.023939,0.008744,0.015195,0.126496,0.003867,0.122629
NCC-B.ST,2018-10-25,-258.68,negative,Q1,-0.002269,0.012035,-0.014304,0.03105,0.044522,-0.013472,0.063544,0.008744,0.0548,0.161543,0.003867,0.157676
PLAZ-B.ST,2018-10-25,-62.73,negative,Q1,0.010546,0.012035,-0.001489,0.055052,0.044522,0.01053,0.015819,0.008744,0.007075,0.223792,0.003867,0.219925
GRNG.ST,2018-10-25,-14.34,negative,Q2,0.091578,0.012035,0.079543,0.14809,0.044522,0.103568,0.069818,0.008744,0.061074,0.02583,0.003867,0.021963
JM.ST,2018-10-25,-9.47,negative,Q2,0.010128,0.012035,-0.001907,0.120564,0.044522,0.076041,0.065698,0.008744,0.056954,0.166358,0.003867,0.162491
DIOS.ST,2018-10-25,-18.24,negative,Q2,0.011048,0.012035,-0.000987,0.05434,0.044522,0.009818,0.03044,0.008744,0.021695,0.183315,0.003867,0.179447
HOFI.ST,2018-10-25,8.09,positive,Q4,0.037843,0.012035,0.025808,0.072855,0.044522,0.028332,0.066895,0.008744,0.058151,-0.350864,0.003867,-0.354731
LIAB.ST,2018-10-25,24.85,positive,Q5,0.042914,0.012035,0.030879,0.160679,0.044522,0.116156,0.105988,0.008744,0.097244,0.20519,0.003867,0.201323
SEB-A.ST,2018-10-25,15.74,positive,Q4,0.000161,0.012035,-0.011874,0.023675,0.044522,-0.020847,-0.00306,0.008744,-0.011804,-0.017716,0.003867,-0.021583
DOM.ST,2018-10-25,-9.82,negative,Q2,0.04186,0.012035,0.029825,0.047416,0.044522,0.002894,0.002408,0.008744,-0.006336,-0.031487,0.003867,-0.035354
PNDX-B.ST,2018-10-25,-36.94,negative,Q1,-0.001321,0.012035,-0.013356,0.045141,0.044522,0.000619,-0.011964,0.008744,-0.020708,0.038535,0.003867,0.034668
LIFCO-B.ST,2018-10-25,23.68,positive,Q5,0.044434,0.012035,0.032399,0.12754,0.044522,0.083018,0.011374,0.008744,0.00263,0.025781,0.003867,0.021914
ALIG.ST,2018-10-25,-3.59,negative,Q3,0.061882,0.012035,0.049847,0.122048,0.044522,0.077526,0.005014,0.008744,-0.00373,0.008444,0.003867,0.004577
SKF-B.ST,2018-10-25,-7.22,negative,Q2,0.027372,0.012035,0.015337,0.11069,0.044522,0.066168,0.028759,0.008744,0.020015,0.088866,0.003867,0.084999
THULE.ST,2018-10-26,-8.08,negative,Q2,-0.029683,0.008554,-0.038237,0.032443,0.023864,0.008579,-0.046712,-0.004476,-0.042236,0.001683,-0.000282,0.001965
SSAB-A.ST,2018-10-26,-27.97,negative,Q1,-0.001608,0.008554,-0.010162,0.029341,0.023864,0.005477,-0.11254,-0.004476,-0.108064,-0.051045,-0.000282,-0.050763
ATORX.ST,2018-10-26,20.0,positive,Q5,0.017444,0.008554,0.00889,0.047972,0.023864,0.024108,-0.024858,-0.004476,-0.020382,-0.112952,-0.000282,-0.112671
ELUX-B.ST,2018-10-26,-8.45,negative,Q2,0.022971,0.008554,0.014417,0.086739,0.023864,0.062875,0.124565,-0.004476,0.129042,0.173188,-0.000282,0.17347
SECU-B.ST,2018-10-26,17.44,positive,Q4,0.000975,0.008554,-0.007579,-0.014137,0.023864,-0.038,-0.023399,-0.004476,-0.018922,-0.057424,-0.000282,-0.057142
SSAB-B.ST,2018-10-26,-14.14,negative,Q2,0.001007,0.008554,-0.007548,0.031706,0.023864,0.007842,-0.118269,-0.004476,-0.113792,-0.033216,-0.000282,-0.032934
NOBI.ST,2018-10-26,-10.53,negative,Q2,0.014368,0.008554,0.005814,0.057471,0.023864,0.033607,0.011494,-0.004476,0.015971,-0.047893,-0.000282,-0.047611
ALIV-SDB.ST,2018-10-26,-15.62,negative,Q2,-0.03803,0.008554,-0.046584,-0.027456,0.023864,-0.05132,0.009192,-0.004476,0.013669,-0.108052,-0.000282,-0.10777
INTRUM.ST,2018-10-26,7.81,positive,Q4,-0.003094,0.008554,-0.011648,-0.007532,0.023864,-0.031396,0.056897,-0.004476,0.061373,0.073374,-0.000282,0.073656
BILI-A.ST,2018-10-26,44.26,positive,Q5,0.047293,0.008554,0.038738,0.046607,0.023864,0.022743,0.047293,-0.004476,0.051769,0.014393,-0.000282,0.014675
ESSITY-A.ST,2018-10-29,-13.59,negative,Q2,0.022105,0.014657,0.007448,0.022105,0.012268,0.009837,0.117933,-0.010255,0.128188,0.122792,-0.004291,0.127083
ESSITY-B.ST,2018-10-29,-7.93,negative,Q2,0.015072,0.014657,0.000415,0.014075,0.012268,0.001807,0.104973,-0.010255,0.115228,0.111248,-0.004291,0.115539
SCA-B.ST,2018-10-30,34.29,positive,Q5,-0.011991,-0.004528,-0.007463,-0.039969,0.000305,-0.040274,-0.163873,-0.014846,-0.149027,-0.082646,-0.014821,-0.067825
COIC.ST,2018-10-30,26.98,positive,Q5,0.029341,-0.004528,0.033869,0.014671,0.000305,0.014366,0.016331,-0.014846,0.031178,0.066802,-0.014821,0.081622
TREL-B.ST,2018-10-31,4.93,positive,Q4,0.019554,0.013152,0.006403,0.001218,0.003617,-0.002399,-0.036315,-0.010855,-0.02546,-0.047203,-0.003632,-0.043571
SOBI.ST,2018-10-31,-7.26,negative,Q2,0.024946,0.013152,0.011795,-0.009388,0.003617,-0.013005,0.054721,-0.010855,0.065576,0.138949,-0.003632,0.142581
HEXA-B.ST,2018-11-01,0.0,negative,Q3,-0.046651,-0.007981,-0.03867,-0.056818,-0.013464,-0.043354,-0.049342,-0.013931,-0.035412,-0.111842,-0.015604,-0.096238
LOOMIS.ST,2018-11-02,7.83,positive,Q4,0.037466,-0.002868,0.040334,0.011801,-0.015872,0.027673,0.055541,-0.021174,0.076715,0.152759,0.00226,0.150499
BIOT.ST,2018-11-06,-6.85,negative,Q2,0.017079,-0.001231,0.01831,-0.099448,-0.023552,-0.075896,-0.170407,-0.066308,-0.1041,-0.183254,-0.006118,-0.177136
VOLO.ST,2018-11-06,31.71,positive,Q5,0.016886,-0.001231,0.018118,-0.009794,-0.023552,0.013758,0.011145,-0.066308,0.077452,0.005741,-0.006118,0.01186
BRAV.ST,2018-11-06,5.26,positive,Q4,-0.01835,-0.001231,-0.017119,-0.077246,-0.023552,-0.053694,-0.102761,-0.066308,-0.036454,-0.047536,-0.006118,-0.041417
BALD-B.ST,2018-11-06,-104.55,negative,Q1,0.00936,-0.001231,0.010592,0.0078,-0.023552,0.031352,-0.044462,-0.066308,0.021846,0.105304,-0.006118,0.111423
RESURS.ST,2018-11-06,-5.56,negative,Q2,-0.001717,-0.001231,-0.000485,-0.030415,-0.023552,-0.006863,-0.060829,-0.066308,0.005478,-0.011038,-0.006118,-0.004919
NEWA-B.ST,2018-11-08,-32.0,negative,Q1,-0.017298,-0.010402,-0.006895,-0.024778,-0.020302,-0.004476,-0.053763,-0.062045,0.008281,0.166433,0.007723,0.15871
SWEC-B.ST,2018-11-08,-8.62,negative,Q2,-0.009344,-0.010402,0.001058,-0.010782,-0.020302,0.00952,-0.051572,-0.062045,0.010472,0.017251,0.007723,0.009528
INDT.ST,2018-11-08,-1.39,negative,Q3,-0.016468,-0.010402,-0.006066,-0.047467,-0.020302,-0.027166,-0.093274,-0.062045,-0.03123,0.01204,0.007723,0.004317
PEAB-B.ST,2018-11-09,6.22,positive,Q4,-0.026224,0.003748,-0.029972,-0.025,-0.021193,-0.003807,-0.075524,-0.032545,-0.042979,0.072727,0.022993,0.049735
HUFV-A.ST,2018-11-09,-5.69,negative,Q2,-0.011533,0.003748,-0.015281,-0.016621,-0.021193,0.004571,-0.015858,-0.032545,0.016687,0.056225,0.022993,0.033232
ATT.ST,2018-11-09,19.53,positive,Q5,-0.004116,0.003748,-0.007864,-0.049638,-0.021193,-0.028446,-0.064979,-0.032545,-0.032433,-0.188326,0.022993,-0.211319
PDX.ST,2018-11-13,-15.25,negative,Q2,-0.004943,-0.008429,0.003486,0.050847,-0.01598,0.066827,0.209834,-0.015774,0.225608,0.303319,0.039877,0.263442
RAY-B.ST,2018-11-15,39.29,positive,Q5,0.0064,-0.011302,0.017702,0.062494,-0.014728,0.077222,-0.115388,-0.03167,-0.083718,-0.1664,0.056303,-0.222703
EMBRAC-B.ST,2018-11-15,66.67,positive,Q5,-0.042387,-0.011302,-0.031085,-0.031627,-0.014728,-0.016899,-0.191392,-0.03167,-0.159722,0.105967,0.056303,0.049664
EKTA-B.ST,2018-11-29,-17.58,negative,Q2,0.010527,0.010002,0.000526,0.045656,-0.040014,0.08567,-0.061503,-0.079963,0.018461,0.025488,0.048298,-0.022811
SYSR.ST,2018-12-05,14.08,positive,Q4,-0.03895,0.012087,-0.051037,-0.035011,0.029295,-0.064306,-0.021007,0.02356,-0.044567,0.042451,0.084897,-0.042446
CLAS-B.ST,2018-12-05,-61.17,negative,Q1,0.045353,0.012087,0.033265,0.049664,0.029295,0.020368,-0.024142,0.02356,-0.047703,-0.02966,0.084897,-0.114557
SECT-B.ST,2018-12-07,-20.0,negative,Q2,0.014359,0.020721,-0.006362,-0.011379,0.011425,-0.022804,0.006502,0.020818,-0.014316,0.236792,0.090565,0.146227
DUST.ST,2019-01-09,4.72,positive,Q4,-0.031288,-0.003571,-0.027716,-0.040915,0.002182,-0.043096,-0.015644,0.038405,-0.054049,0.079422,0.099185,-0.019763
SAND.ST,2019-01-21,-12.36,negative,Q2,-0.012492,-0.005118,-0.007374,0.039973,0.01103,0.028943,0.086609,0.068816,0.017793,None,None,None
CAST.ST,2019-01-23,-4.27,negative,Q2,-0.014233,0.008545,-0.022778,0.022402,0.018154,0.004248,0.027539,0.067472,-0.039933,0.070406,0.129208,-0.058802
BONAV-A.ST,2019-01-24,1.58,positive,Q3,0.0,-0.006735,0.006735,-0.017167,0.01637,-0.033538,0.004292,0.056913,-0.052621,0.111437,0.125437,-0.014
TELIA.ST,2019-01-25,-2.82,negative,Q3,0.006187,0.007852,-0.001665,-0.012761,0.024262,-0.037023,0.020108,0.062336,-0.042228,0.058778,0.132813,-0.074035
ERIC-B.ST,2019-01-25,-163.89,negative,Q1,0.0151,0.007852,0.007247,0.009651,0.024262,-0.014611,0.09698,0.062336,0.034644,0.219489,0.132813,0.086676
ATCO-A.ST,2019-01-28,28.53,positive,Q5,0.002049,0.00451,-0.00246,0.027664,0.026467,0.001197,0.071311,0.049129,0.022182,0.271721,0.12683,0.144891
NCC-B.ST,2019-01-29,-62.6,negative,Q1,-0.005424,0.003927,-0.009351,-0.002518,0.027595,-0.030113,0.007264,0.041861,-0.034597,0.157385,0.110399,0.046986
SSAB-B.ST,2019-01-29,19.64,positive,Q5,0.029295,0.003927,0.025368,-0.00149,0.027595,-0.029085,0.035253,0.041861,-0.006608,0.09136,0.110399,-0.019038
SWED-A.ST,2019-01-29,-6.41,negative,Q2,-0.003442,0.003927,-0.007369,0.010169,0.027595,-0.017426,-0.175454,0.041861,-0.217314,-0.168414,0.110399,-0.278812
LAGR-B.ST,2019-01-29,0.0,negative,Q3,0.025162,0.003927,0.021235,0.025162,0.027595,-0.002434,0.125808,0.041861,0.083947,0.200612,0.110399,0.090213
SSAB-A.ST,2019-01-29,-6.94,negative,Q2,0.016367,0.003927,0.01244,-0.002046,0.027595,-0.029641,0.028642,0.041861,-0.013219,0.059738,0.110399,-0.050661
SKF-B.ST,2019-01-29,60.42,positive,Q5,-0.019035,0.003927,-0.022962,-0.002872,0.027595,-0.030467,0.004184,0.041861,-0.037676,0.180177,0.110399,0.069779
ALIV-SDB.ST,2019-01-29,-15.48,negative,Q2,0.015511,0.003927,0.011584,0.015511,0.027595,-0.012084,0.070043,0.041861,0.028182,0.09422,0.110399,-0.016179
BILL.ST,2019-01-29,-23.33,negative,Q1,0.000487,0.003927,-0.00344,0.016675,0.027595,-0.01092,0.054406,0.041861,0.012545,0.131451,0.110399,0.021052
INTRUM.ST,2019-01-30,50.97,positive,Q5,-0.021684,0.006778,-0.028462,0.003106,0.009141,-0.006034,0.101858,0.042755,0.059103,None,None,None
VOLV-B.ST,2019-01-30,17.21,positive,Q4,0.004234,0.006778,-0.002544,-0.004597,0.009141,-0.013738,0.049601,0.042755,0.006846,None,None,None
LOOMIS.ST,2019-01-30,4.46,positive,Q4,-0.015452,0.006778,-0.02223,0.018535,0.009141,0.009395,0.039529,0.042755,-0.003226,None,None,None
GETI-B.ST,2019-01-30,7.76,positive,Q4,0.012726,0.006778,0.005948,-0.010333,0.009141,-0.019473,0.077551,0.042755,0.034796,None,None,None
SCA-B.ST,2019-01-30,-10.29,negative,Q2,-0.001546,0.006778,-0.008324,0.008011,0.009141,-0.001129,0.082502,0.042755,0.039747,None,None,None
SEB-A.ST,2019-01-30,13.93,positive,Q4,0.011034,0.006778,0.004256,0.009931,0.009141,0.00079,-0.000473,0.042755,-0.043228,None,None,None
GRNG.ST,2019-01-31,-2.23,negative,Q3,0.022194,0.000978,0.021216,0.00913,0.000965,0.008165,0.04804,0.040699,0.007342,0.105914,0.091601,0.014313
HOLM-B.ST,2019-01-31,8.8,positive,Q4,0.003688,0.000978,0.00271,-0.026388,0.000965,-0.027353,0.051631,0.040699,0.010932,0.086857,0.091601,-0.004744
HM-B.ST,2019-01-31,-7.36,negative,Q2,0.003554,0.000978,0.002576,-0.024787,0.000965,-0.025752,-0.032738,0.040699,-0.073437,0.191937,0.091601,0.100337
ESSITY-A.ST,2019-01-31,63.84,positive,Q5,0.0,0.000978,-0.000978,0.032177,0.000965,0.031211,0.054307,0.040699,0.013609,0.156564,0.091601,0.064963
ESSITY-B.ST,2019-01-31,78.55,positive,Q5,-0.01087,0.000978,-0.011848,0.027321,0.000965,0.026356,0.050662,0.040699,0.009964,0.156888,0.091601,0.065288
ELUX-B.ST,2019-02-01,12.6,positive,Q4,-0.01552,0.010022,-0.025542,-0.02051,0.009914,-0.030424,0.041843,0.039802,0.002041,0.011571,0.09504,-0.083469
JM.ST,2019-02-01,-3.88,negative,Q3,0.011761,0.010022,0.001739,0.025391,0.009914,0.015478,0.069476,0.039802,0.029674,0.07189,0.09504,-0.02315
ARJO-B.ST,2019-02-04,-20.0,negative,Q2,0.026667,0.005613,0.021053,0.096491,0.004485,0.092006,0.070175,0.019538,0.050638,0.069474,0.069192,0.000282
AXFO.ST,2019-02-05,-0.65,negative,Q3,0.020448,-0.014103,0.03455,0.009097,0.004789,0.004307,0.047271,0.005003,0.042268,0.111025,0.042999,0.068026
RESURS.ST,2019-02-05,-4.05,negative,Q3,-0.014422,-0.014103,-0.000319,-0.016866,0.004789,-0.021655,-0.000978,0.005003,-0.005981,0.000733,0.042999,-0.042266
FABG.ST,2019-02-05,7.07,positive,Q4,-0.02904,-0.014103,-0.014938,-0.051351,0.004789,-0.05614,-0.042408,0.005003,-0.047411,0.05301,0.042999,0.010011
MTG-B.ST,2019-02-05,14.44,positive,Q4,-0.02235,-0.014103,-0.008247,-0.026181,0.004789,-0.030971,-0.025543,0.005003,-0.030546,0.049625,0.042999,0.006625
ALFA.ST,2019-02-05,25.43,positive,Q5,-0.033368,-0.014103,-0.019265,0.010205,0.004789,0.005416,-0.002007,0.005003,-0.00701,0.114092,0.042999,0.071093
EPI-A.ST,2019-02-05,8.87,positive,Q4,0.004328,-0.014103,0.01843,0.064512,0.004789,0.059723,0.087639,0.005003,0.082635,0.132134,0.042999,0.089135
ASSA-B.ST,2019-02-05,-1.69,negative,Q3,0.005601,-0.014103,0.019704,-0.011383,0.004789,-0.016172,0.020477,0.005003,0.015474,0.078897,0.042999,0.035898
HUSQ-B.ST,2019-02-05,-62.63,negative,Q1,-0.023209,-0.014103,-0.009106,0.020667,0.004789,0.015878,0.017279,0.005003,0.012276,0.188887,0.042999,0.145888
SHB-A.ST,2019-02-06,3.54,positive,Q3,0.000992,-0.001378,0.002371,0.049289,0.021637,0.027652,0.08088,0.019196,0.061684,0.118756,0.061531,0.057225
HEXA-B.ST,2019-02-06,1.69,positive,Q3,0.01962,-0.001378,0.020999,0.022837,0.021637,0.0012,0.029592,0.019196,0.010395,0.239949,0.061531,0.178418
LIFCO-B.ST,2019-02-06,21.44,positive,Q5,0.004143,-0.001378,0.005521,0.013571,0.021637,-0.008065,-0.005429,0.019196,-0.024625,0.246286,0.061531,0.184755
WALL-B.ST,2019-02-06,-120.9,negative,Q1,-0.006926,-0.001378,-0.005548,-0.014569,0.021637,-0.036206,-0.044662,0.019196,-0.063858,0.041318,0.061531,-0.020212
NEWA-B.ST,2019-02-07,10.0,positive,Q4,0.026749,0.009927,0.016822,0.055556,0.037098,0.018458,0.035391,0.027998,0.007393,0.17037,0.045527,0.124844
MYCR.ST,2019-02-07,9.92,positive,Q4,-0.002224,0.009927,-0.012151,0.022245,0.037098,-0.014853,0.028405,0.027998,0.000407,-0.053388,0.045527,-0.098915
BIOG-B.ST,2019-02-07,-2.66,negative,Q3,-0.00356,0.009927,-0.013487,0.0359,0.037098,-0.001198,0.110073,0.027998,0.082074,0.00356,0.045527,-0.041966
BIOT.ST,2019-02-07,-32.26,negative,Q1,0.028473,0.009927,0.018546,0.068497,0.037098,0.0314,0.247543,0.027998,0.219544,0.180261,0.045527,0.134735
SECU-B.ST,2019-02-07,6.16,positive,Q4,0.012185,0.009927,0.002258,0.007311,0.037098,-0.029787,0.018754,0.027998,-0.009244,0.161157,0.045527,0.11563
TIGO-SDB.ST,2019-02-07,-295.83,negative,Q1,0.027266,0.009927,0.01734,0.026341,0.037098,-0.010756,0.033614,0.027998,0.005616,0.008122,0.045527,-0.037404
AFRY.ST,2019-02-07,-10.79,negative,Q2,0.005723,0.009927,-0.004203,0.037926,0.037098,0.000828,0.04288,0.027998,0.014882,0.272401,0.045527,0.226874
BILI-A.ST,2019-02-08,14.93,positive,Q4,0.011895,0.004593,0.007302,0.00831,0.026927,-0.018617,-0.027701,0.015063,-0.042763,0.016783,0.039576,-0.022792
DOM.ST,2019-02-08,-7.62,negative,Q2,0.028346,0.004593,0.023753,0.038425,0.026927,0.011498,0.0,0.015063,-0.015063,0.186929,0.039576,0.147353
SKA-B.ST,2019-02-08,19.96,positive,Q5,0.014835,0.004593,0.010242,0.019237,0.026927,-0.00769,0.054206,0.015063,0.039143,0.044751,0.039576,0.005175
AAK.ST,2019-02-08,2.21,positive,Q3,0.012581,0.004593,0.007988,0.035838,0.026927,0.008911,-0.001655,0.015063,-0.016718,0.213706,0.039576,0.17413
PLAZ-B.ST,2019-02-08,-11.82,negative,Q2,0.001531,0.004593,-0.003062,0.010039,0.026927,-0.016888,0.071635,0.015063,0.056573,0.210822,0.039576,0.171246
PEAB-B.ST,2019-02-08,13.81,positive,Q4,0.006067,0.004593,0.001474,-0.02525,0.026927,-0.052177,-0.024594,0.015063,-0.039657,0.040498,0.039576,0.000923
WIHL.ST,2019-02-12,-44.5,negative,Q1,0.029693,0.002428,0.027265,0.058908,0.019267,0.039641,0.072318,0.020649,0.051669,0.217433,0.020687,0.196746
HMS.ST,2019-02-12,50.85,positive,Q5,0.04021,0.002428,0.037781,0.044553,0.019267,0.025286,0.143691,0.020649,0.123043,0.242606,0.020687,0.221918
NYF.ST,2019-02-12,19.48,positive,Q5,0.033198,0.002428,0.030769,0.050813,0.019267,0.031546,0.116531,0.020649,0.095882,0.160343,0.020687,0.139656
NOLA-B.ST,2019-02-12,-1.97,negative,Q3,-0.087212,0.002428,-0.089641,-0.054307,0.019267,-0.073574,-0.094168,0.020649,-0.114817,0.084805,0.020687,0.064117
TREL-B.ST,2019-02-13,-3.04,negative,Q3,0.027445,0.013734,0.013711,0.023901,0.006583,0.017318,0.01508,0.021375,-0.006295,-0.06454,0.019814,-0.084354
BEIA-B.ST,2019-02-13,-1.15,negative,Q3,0.007401,0.013734,-0.006333,0.004131,0.006583,-0.002452,0.011188,0.021375,-0.010187,-0.024957,0.019814,-0.044771
TEL2-B.ST,2019-02-13,-132.31,negative,Q1,-0.013325,0.013734,-0.027059,0.015783,0.006583,0.0092,0.066624,0.021375,0.045249,0.06132,0.019814,0.041506
AMBEA.ST,2019-02-13,-23.28,negative,Q1,0.012176,0.013734,-0.001558,0.020808,0.006583,0.014225,0.014642,0.021375,-0.006732,-0.162145,0.019814,-0.181959
INDT.ST,2019-02-13,19.8,positive,Q5,0.0,0.013734,-0.013734,0.009046,0.006583,0.002464,0.045721,0.021375,0.024347,0.096088,0.019814,0.076274
MTRS.ST,2019-02-13,-23.81,negative,Q1,0.037819,0.013734,0.024085,0.121665,0.006583,0.115082,0.159484,0.021375,0.138109,0.310759,0.019814,0.290945
EMBRAC-B.ST,2019-02-13,-25.42,negative,Q1,0.010201,0.013734,-0.003533,-0.046805,0.006583,-0.053388,0.027603,0.021375,0.006228,0.10021,0.019814,0.080396
BOL.ST,2019-02-13,33.99,positive,Q5,0.025072,0.013734,0.011338,0.066265,0.006583,0.059682,0.05043,0.021375,0.029056,0.032301,0.019814,0.012487
SWEC-B.ST,2019-02-13,33.66,positive,Q5,0.005577,0.013734,-0.008157,0.000956,0.006583,-0.005627,0.02406,0.021375,0.002685,0.206979,0.019814,0.187165
THULE.ST,2019-02-13,-4.55,negative,Q2,-0.011969,0.013734,-0.025703,0.024915,0.006583,0.018332,0.034868,0.021375,0.013494,0.140877,0.019814,0.121063
DIOS.ST,2019-02-14,-46.76,negative,Q1,0.011727,2.3e-05,0.011704,0.050875,0.003161,0.047714,0.083348,0.01338,0.069968,0.038427,0.019924,0.018503
ATT.ST,2019-02-14,5.97,positive,Q4,0.056516,2.3e-05,0.056494,0.069888,0.003161,0.066726,0.015154,0.01338,0.001774,-0.140667,0.019924,-0.16059
ATORX.ST,2019-02-14,-24.24,negative,Q1,0.023245,2.3e-05,0.023222,-0.072155,0.003161,-0.075316,-0.002421,0.01338,-0.015801,0.057627,0.019924,0.037704
PNDX-B.ST,2019-02-14,-1.37,negative,Q3,0.0,2.3e-05,-2.3e-05,0.030441,0.003161,0.02728,0.039349,0.01338,0.025969,0.085923,0.019924,0.065999
HUFV-A.ST,2019-02-14,4.88,positive,Q4,-0.002629,2.3e-05,-0.002652,0.005877,0.003161,0.002716,0.048643,0.01338,0.035263,0.076792,0.019924,0.056869
SAAB-B.ST,2019-02-15,1.73,positive,Q3,-0.025936,0.002124,-0.02806,-0.022742,0.001703,-0.024445,-0.06452,0.01975,-0.08427,-0.135045,0.014521,-0.149567
BRAV.ST,2019-02-15,16.35,positive,Q4,-0.01759,0.002124,-0.019714,-0.032557,0.001703,-0.034259,0.00432,0.01975,-0.015429,0.036106,0.014521,0.021584
CATE.ST,2019-02-15,13.55,positive,Q4,0.0,0.002124,-0.002124,0.038833,0.001703,0.03713,0.071569,0.01975,0.05182,0.066879,0.014521,0.052358
SHOT.ST,2019-02-19,-1.5,negative,Q3,0.025166,-0.010046,0.035212,0.03338,-0.007592,0.040972,-0.027787,0.010335,-0.038123,-0.115694,0.009003,-0.124697
PDX.ST,2019-02-19,24.14,positive,Q5,-0.050901,-0.010046,-0.040855,-0.062342,-0.007592,-0.054749,-0.033089,0.010335,-0.043424,-0.102555,0.009003,-0.111558
SOBI.ST,2019-02-20,-1.35,negative,Q3,0.008838,0.010288,-0.00145,0.013636,2.3e-05,0.013614,0.102525,0.002684,0.099841,-0.107323,0.01462,-0.121943
COOR.ST,2019-02-21,18.69,positive,Q5,0.01831,-0.001431,0.019741,0.002774,-0.005421,0.008195,0.068985,-0.009545,0.07853,0.103385,-0.01741,0.120795
ALIG.ST,2019-02-22,55.85,positive,Q5,0.008792,-0.001638,0.01043,0.008792,0.000778,0.008014,-0.013188,-0.007811,-0.005377,0.076816,-0.009479,0.086295
EKTA-B.ST,2019-02-22,-32.1,negative,Q1,0.018953,-0.001638,0.020591,0.037793,0.000778,0.037015,0.087922,-0.007811,0.095733,-0.021195,-0.009479,-0.011717
BALD-B.ST,2019-02-27,11.56,positive,Q4,-0.008094,0.004788,-0.012883,0.00883,-0.008758,0.017588,0.096394,-0.01225,0.108644,0.124356,-0.021578,0.145934
SECT-B.ST,2019-03-06,9.71,positive,Q4,-0.007442,-0.00018,-0.007262,-0.002339,0.020431,-0.02277,0.092282,0.040641,0.051641,0.284287,-0.010846,0.295133
SYSR.ST,2019-03-13,-46.91,negative,Q1,-0.013435,0.003141,-0.016576,0.024631,0.008967,0.015664,0.117779,0.031713,0.086066,0.34841,0.001783,0.346627
CLAS-B.ST,2019-03-13,-11.35,negative,Q2,0.005253,0.003141,0.002112,0.048687,0.008967,0.03972,0.08,0.031713,0.048287,0.341616,0.001783,0.339833
SKIS-B.ST,2019-03-20,-4.79,negative,Q2,0.003332,-0.017543,0.020875,-0.012683,-0.02848,0.015797,None,None,None,0.291273,0.004594,0.286679
HM-B.ST,2019-03-29,63.33,positive,Q5,0.000256,0.008623,-0.008367,0.067794,0.027964,0.03983,None,None,None,0.10724,0.039024,0.068216
DUST.ST,2019-04-10,-12.31,negative,Q2,-0.011567,0.008716,-0.020284,-0.02487,0.026869,-0.051739,-0.02834,-0.032688,0.004348,-0.083285,-0.008495,-0.07479
FABG.ST,2019-04-12,6.73,positive,Q4,0.007076,0.00298,0.004096,0.008911,0.01799,-0.00908,0.040884,-0.030018,0.070902,0.133223,-0.005919,0.139142
DIOS.ST,2019-04-23,-18.67,negative,Q2,-0.015215,0.005177,-0.020392,None,None,None,-0.023742,-0.07113,0.047388,0.139442,-0.033289,0.17273
AAK.ST,2019-04-23,2.27,positive,Q3,0.010027,0.005177,0.00485,None,None,None,0.117968,-0.07113,0.189098,0.315786,-0.033289,0.349074
VITR.ST,2019-04-23,2.6,positive,Q3,0.014735,0.005177,0.009558,None,None,None,0.050737,-0.07113,0.121867,-0.106542,-0.033289,-0.073253
GETI-B.ST,2019-04-23,45.45,positive,Q5,-0.014213,0.005177,-0.01939,None,None,None,0.017343,-0.07113,0.088473,0.084687,-0.033289,0.117976
HUSQ-B.ST,2019-04-24,5.29,positive,Q4,-0.003838,-0.000224,-0.003613,-0.038514,-0.014187,-0.024327,-0.084704,-0.069788,-0.014916,-0.058525,-0.045197,-0.013328
BIOT.ST,2019-04-24,7.35,positive,Q4,-0.011515,-0.000224,-0.01129,-0.042113,-0.014187,-0.027926,-0.090345,-0.069788,-0.020557,-0.135518,-0.045197,-0.090321
MTRS.ST,2019-04-24,-12.0,negative,Q2,0.003905,-0.000224,0.004129,-0.047883,-0.014187,-0.033696,-0.13543,-0.069788,-0.065641,-0.12351,-0.045197,-0.078313
TEL2-B.ST,2019-04-24,12.88,positive,Q4,0.019704,-0.000224,0.019929,-0.022468,-0.014187,-0.008281,0.025472,-0.069788,0.09526,0.07269,-0.045197,0.117888
VOLV-B.ST,2019-04-24,23.29,positive,Q5,-0.003268,-0.000224,-0.003044,-0.021244,-0.014187,-0.007057,-0.102951,-0.069788,-0.033163,-0.023551,-0.045197,0.021646
CAST.ST,2019-04-24,-8.56,negative,Q2,-0.002535,-0.000224,-0.002311,-0.017112,-0.014187,-0.002925,0.032005,-0.069788,0.101793,0.106789,-0.045197,0.151987
ALFA.ST,2019-04-24,7.41,positive,Q4,-0.004528,-0.000224,-0.004304,-0.011744,-0.014187,0.002443,-0.076533,-0.069788,-0.006745,-0.151722,-0.045197,-0.106524
TIGO-SDB.ST,2019-04-24,-64.1,negative,Q1,0.006371,-0.000224,0.006595,0.0228,-0.014187,0.036987,0.002483,-0.069788,0.072271,-0.062807,-0.045197,-0.01761
BONAV-B.ST,2019-04-25,-41.51,negative,Q1,0.016061,0.002529,0.013532,-0.015215,-0.009891,-0.005324,-0.017751,-0.071523,0.053772,-0.043956,-0.048451,0.004495
ASSA-B.ST,2019-04-25,-3.85,negative,Q3,0.007349,0.002529,0.00482,0.010805,-0.009891,0.020696,-0.047332,-0.071523,0.024191,0.091099,-0.048451,0.13955
ATCO-A.ST,2019-04-25,4.26,positive,Q3,0.011573,0.002529,0.009044,-0.006846,-0.009891,0.003046,-0.100407,-0.071523,-0.028885,0.007498,-0.048451,0.055949
SSAB-A.ST,2019-04-25,0.81,positive,Q3,-0.004589,0.002529,-0.007118,-0.03021,-0.009891,-0.020319,-0.130402,-0.071523,-0.058879,-0.218738,-0.048451,-0.170287
ESSITY-A.ST,2019-04-25,-1.38,negative,Q3,0.0,0.002529,-0.002529,0.0,-0.009891,0.009891,0.015988,-0.071523,0.087511,0.008896,-0.048451,0.057347
WIHL.ST,2019-04-25,-6.73,negative,Q2,0.0,0.002529,-0.002529,0.004888,-0.009891,0.014779,0.081466,-0.071523,0.152989,0.118941,-0.048451,0.167392
HMS.ST,2019-04-25,-20.18,negative,Q2,0.005751,0.002529,0.003222,0.008064,-0.009891,0.017955,-0.081584,-0.071523,-0.010061,-0.063204,-0.048451,-0.014753
INDT.ST,2019-04-25,-4.9,negative,Q2,-0.01047,0.002529,-0.012999,-0.002116,-0.009891,0.007775,0.00646,-0.071523,0.077983,-0.030965,-0.048451,0.017487
LOOMIS.ST,2019-04-25,1.99,positive,Q3,-0.007915,0.002529,-0.010444,0.002829,-0.009891,0.012721,-0.106189,-0.071523,-0.034666,-0.048385,-0.048451,6.6e-05
ESSITY-B.ST,2019-04-25,3.62,positive,Q3,-0.002473,0.002529,-0.005002,-0.003186,-0.009891,0.006706,0.012072,-0.071523,0.083595,-0.001425,-0.048451,0.047026
AXFO.ST,2019-04-25,4.35,positive,Q3,0.001986,0.002529,-0.000543,-0.019589,-0.009891,-0.009698,0.047877,-0.071523,0.1194,0.124315,-0.048451,0.172766
SWED-A.ST,2019-04-25,9.05,positive,Q4,0.01647,0.002529,0.013941,0.002246,-0.009891,0.012137,-0.09199,-0.071523,-0.020467,-0.134007,-0.048451,-0.085556
MYCR.ST,2019-04-25,-46.58,negative,Q1,0.008239,0.002529,0.00571,-0.027072,-0.009891,-0.017181,-0.096687,-0.071523,-0.025164,0.141752,-0.048451,0.190203
BONAV-A.ST,2019-04-25,-44.31,negative,Q1,0.016878,0.002529,0.014348,0.012658,-0.009891,0.02255,-0.029536,-0.071523,0.041987,-0.054852,-0.048451,-0.006401
TELIA.ST,2019-04-25,-5.17,negative,Q2,-0.004018,0.002529,-0.006547,-0.005844,-0.009891,0.004048,-0.005844,-0.071523,0.065679,0.038349,-0.048451,0.0868
SOBI.ST,2019-04-25,-12.85,negative,Q2,-0.007684,0.002529,-0.010213,-0.07382,-0.009891,-0.063928,-0.052964,-0.071523,0.018559,0.094402,-0.048451,0.142853
SKF-B.ST,2019-04-25,8.33,positive,Q4,0.013606,0.002529,0.011077,-0.021034,-0.009891,-0.011143,-0.137244,-0.071523,-0.065721,-0.059979,-0.048451,-0.011528
PLAZ-B.ST,2019-04-25,-73.33,negative,Q1,-0.006334,0.002529,-0.008863,-0.006334,-0.009891,0.003558,0.039328,-0.071523,0.110851,0.088673,-0.048451,0.137124
GRNG.ST,2019-04-26,-1.82,negative,Q3,-0.042748,-0.010138,-0.03261,-0.056636,-0.026037,-0.030598,-0.113513,-0.075706,-0.037807,-0.05736,-0.048822,-0.008539
THULE.ST,2019-04-26,2.08,positive,Q3,0.019422,-0.010138,0.029561,0.025878,-0.026037,0.051915,0.053537,-0.075706,0.129243,0.009238,-0.048822,0.05806
ALIV-SDB.ST,2019-04-26,-24.05,negative,Q1,-0.018364,-0.010138,-0.008226,-0.059945,-0.026037,-0.033908,-0.18364,-0.075706,-0.107934,-0.089963,-0.048822,-0.041141
JM.ST,2019-04-26,-24.83,negative,Q1,0.008063,-0.010138,0.018202,-0.00247,-0.026037,0.023568,0.074749,-0.075706,0.150456,0.412901,-0.048822,0.461723
DOM.ST,2019-04-26,-15.94,negative,Q2,-0.015512,-0.010138,-0.005374,-0.029602,-0.026037,-0.003565,0.012668,-0.075706,0.088374,0.029214,-0.048822,0.078036
SCA-B.ST,2019-04-26,0.78,positive,Q3,-0.015469,-0.010138,-0.00533,-0.013259,-0.026037,0.012779,-0.11504,-0.075706,-0.039333,-0.019238,-0.048822,0.029583
TREL-B.ST,2019-04-26,-3.85,negative,Q3,-0.01817,-0.010138,-0.008032,-0.072542,-0.026037,-0.046504,-0.173877,-0.075706,-0.09817,-0.141659,-0.048822,-0.092838
INTRUM.ST,2019-04-26,-10.34,negative,Q2,0.0,-0.010138,0.010138,0.0041,-0.026037,0.030138,-0.079474,-0.075706,-0.003768,0.040943,-0.048822,0.089765
LIFCO-B.ST,2019-04-26,-8.59,negative,Q2,0.008863,-0.010138,0.019001,-0.000933,-0.026037,0.025104,0.078484,-0.075706,0.15419,0.094577,-0.048822,0.143399
SAAB-B.ST,2019-04-26,12.5,positive,Q4,-0.038437,-0.010138,-0.028298,-0.069601,-0.026037,-0.043564,-0.147383,-0.075706,-0.071677,-0.043111,-0.048822,0.00571
ELUX-B.ST,2019-04-26,-85.64,negative,Q1,-0.01225,-0.010138,-0.002111,-0.00931,-0.026037,0.016728,-0.079159,-0.075706,-0.003453,-0.039362,-0.048822,0.00946
SKA-B.ST,2019-04-26,-28.08,negative,Q1,-0.028198,-0.010138,-0.01806,-0.044133,-0.026037,-0.018095,-0.063813,-0.075706,0.011894,0.074387,-0.048822,0.123208
PNDX-B.ST,2019-04-26,8.77,positive,Q4,-0.01097,-0.010138,-0.000831,-0.01097,-0.026037,0.015068,-0.013386,-0.075706,0.062321,0.088671,-0.048822,0.137493
ALIG.ST,2019-04-26,-3.63,negative,Q3,0.006384,-0.010138,0.016522,-0.018953,-0.026037,0.007085,-0.05606,-0.075706,0.019646,-0.108828,-0.048822,-0.060006
COOR.ST,2019-05-02,-0.98,negative,Q3,-0.003461,-0.013819,0.010358,-0.027843,-0.041239,0.013395,-0.053327,-0.092145,0.038818,-0.046406,-0.035533,-0.010873
WALL-B.ST,2019-05-02,-12.0,negative,Q2,0.004662,-0.013819,0.018481,0.016317,-0.041239,0.057556,0.042657,-0.092145,0.134803,0.107692,-0.035533,0.143225
BOL.ST,2019-05-03,9.86,positive,Q4,-0.03866,-0.019022,-0.019638,-0.086856,-0.045705,-0.041151,-0.100515,-0.067858,-0.032657,-0.150464,-0.048822,-0.101642
SECU-B.ST,2019-05-06,3.08,positive,Q3,0.002546,0.003414,-0.000868,0.006821,-0.016705,0.023526,-0.008912,-0.04688,0.037968,-0.099218,-0.051149,-0.048069
BEIA-B.ST,2019-05-06,-3.86,negative,Q3,-0.021238,0.003414,-0.024653,-0.034996,-0.016705,-0.01829,-0.056234,-0.04688,-0.009354,-0.104987,-0.051149,-0.053838
HEXA-B.ST,2019-05-07,-8.16,negative,Q2,-0.015824,-0.016434,0.00061,-0.02594,-0.018512,-0.007428,None,None,None,-0.094942,-0.06181,-0.033131
ARJO-B.ST,2019-05-07,-15.91,negative,Q2,-0.00914,-0.016434,0.007294,0.046644,-0.018512,0.065156,None,None,None,0.102112,-0.06181,0.163922
BRAV.ST,2019-05-07,-3.3,negative,Q3,-0.000627,-0.016434,0.015807,0.046224,-0.018512,0.064736,None,None,None,0.015669,-0.06181,0.077479
SHOT.ST,2019-05-07,-88.37,negative,Q1,-0.017061,-0.016434,-0.000627,-0.007561,-0.018512,0.010951,None,None,None,-0.010081,-0.06181,0.051729
BIOG-B.ST,2019-05-08,-13.08,negative,Q2,0.053659,0.004178,0.04948,0.131707,0.011701,0.120007,0.034146,-0.019139,0.053285,-0.060902,-0.042904,-0.017997
NOLA-B.ST,2019-05-08,-3.08,negative,Q3,0.002881,0.004178,-0.001297,0.007923,0.011701,-0.003778,-0.002401,-0.019139,0.016738,0.118127,-0.042904,0.161032
AMBEA.ST,2019-05-08,-45.4,negative,Q1,-0.035665,0.004178,-0.039843,-0.067175,0.011701,-0.078875,0.054536,-0.019139,0.073675,0.019044,-0.042904,0.061949
HOLM-B.ST,2019-05-08,0.0,negative,Q3,0.007245,0.004178,0.003067,-0.010868,0.011701,-0.022568,-0.039787,-0.019139,-0.020649,0.000543,-0.042904,0.043448
BALD-B.ST,2019-05-08,-6.94,negative,Q2,-0.015152,0.004178,-0.01933,0.050725,0.011701,0.039024,0.013175,-0.019139,0.032314,0.101449,-0.042904,0.144354
PEAB-B.ST,2019-05-09,7.04,positive,Q4,-0.025528,-0.018413,-0.007115,-0.010558,0.002178,-0.012735,-0.004255,-0.018013,0.013759,0.010558,-0.032898,0.043456
LAGR-B.ST,2019-05-09,6.25,positive,Q4,-0.02403,-0.018413,-0.005616,0.029047,0.002178,0.026869,0.016108,-0.018013,0.034121,-0.02403,-0.032898,0.008869
MTG-B.ST,2019-05-09,-13.33,negative,Q2,-0.037869,-0.018413,-0.019456,-0.020807,0.002178,-0.022985,None,None,None,-0.262755,-0.032898,-0.229857
HUFV-A.ST,2019-05-09,-38.93,negative,Q1,0.000663,-0.018413,0.019076,0.023734,0.002178,0.021557,0.062873,-0.018013,0.080886,0.110931,-0.032898,0.143829
SWEC-B.ST,2019-05-10,12.75,positive,Q4,0.005638,0.010788,-0.005151,0.02,0.009566,0.010434,0.026443,0.012403,0.01404,0.082953,-0.026894,0.109847
PDX.ST,2019-05-14,-17.54,negative,Q2,0.020506,0.013843,0.006663,0.007671,0.001456,0.006215,0.004204,0.003011,0.001194,-0.00686,-0.034386,0.027526
AFRY.ST,2019-05-15,-3.8,negative,Q3,0.000474,-0.005274,0.005748,-0.021914,-0.033559,0.011645,0.077351,-0.015956,0.093307,0.093639,-0.071387,0.165026
SYSR.ST,2019-06-11,-6.25,negative,Q2,-0.011292,0.002836,-0.014128,-0.037861,0.011798,-0.049659,-0.0455,0.020091,-0.065591,0.066755,0.019692,0.047063
SKIS-B.ST,2019-06-19,-15.17,negative,Q2,-0.063508,-0.010656,-0.052852,-0.114658,-0.0036,-0.111058,-0.094576,-0.016838,-0.077738,-0.066598,0.016469,-0.083067
HM-B.ST,2019-06-27,-0.36,negative,Q3,0.003871,0.01206,-0.00819,0.016721,0.007712,0.009009,0.030036,-0.005011,0.035047,0.135083,-0.001083,0.136166
DUST.ST,2019-07-03,-18.63,negative,Q2,-0.029878,-0.010475,-0.019403,-0.033537,-0.023631,-0.009906,0.021341,-0.050566,0.071907,-0.043902,-0.010052,-0.033851
DIOS.ST,2019-07-05,-18.97,negative,Q2,0.048642,-0.006814,0.055455,0.106601,-0.00558,0.112181,0.102653,-0.072492,0.175145,0.113234,-0.032679,0.145913
FABG.ST,2019-07-05,-71.3,negative,Q1,0.00677,-0.006814,0.013583,0.033132,-0.00558,0.038711,0.016566,-0.072492,0.089058,0.056148,-0.032679,0.088828
WIHL.ST,2019-07-08,31.85,positive,Q5,-0.006028,-0.00517,-0.000858,-0.014184,-0.000191,-0.013993,-0.033333,-0.062966,0.029633,0.052128,-0.022627,0.074755
PLAZ-B.ST,2019-07-09,-53.6,negative,Q1,0.006627,-0.005696,0.012323,-0.024086,-0.015031,-0.009055,-0.076717,-0.044272,-0.032445,0.039506,-0.002744,0.04225
ATORX.ST,2019-07-11,1.49,positive,Q3,0.008261,0.004484,0.003776,-0.026159,-0.012424,-0.013735,-0.419458,-0.056934,-0.362524,-0.508949,-0.003455,-0.505494
AFRY.ST,2019-07-12,-1.16,negative,Q3,-0.009013,-0.001432,-0.007581,0.011738,-0.019615,0.031353,-0.022532,-0.057794,0.035262,-0.110354,-0.001759,-0.108595
JM.ST,2019-07-12,4.17,positive,Q3,-0.0066,-0.001432,-0.005168,0.007708,-0.019615,0.027323,-0.093607,-0.057794,-0.035812,-0.010076,-0.001759,-0.008317
SEB-A.ST,2019-07-12,8.7,positive,Q4,-0.001039,-0.001432,0.000393,-0.009942,-0.019615,0.009673,-0.092447,-0.057794,-0.034653,-0.044369,-0.001759,-0.042609
CAST.ST,2019-07-12,0.77,positive,Q3,-0.013021,-0.001432,-0.011589,0.001565,-0.019615,0.02118,0.007969,-0.057794,0.065764,0.084602,-0.001759,0.086361
PNDX-B.ST,2019-07-12,-24.25,negative,Q1,-0.018496,-0.001432,-0.017064,-0.030399,-0.019615,-0.010783,-0.007643,-0.057794,0.050151,0.039034,-0.001759,0.040793
VITR.ST,2019-07-12,0.0,negative,Q3,-0.071389,-0.001432,-0.069957,-0.019632,-0.019615,-1.7e-05,-0.010931,-0.057794,0.046863,-0.129727,-0.001759,-0.127968
ATCO-A.ST,2019-07-15,1.45,positive,Q3,0.00453,-0.019936,0.024466,0.041611,-0.003558,0.045168,-0.067114,-0.080038,0.012924,0.052517,0.01393,0.038587
AXFO.ST,2019-07-15,-2.91,negative,Q3,0.022445,-0.019936,0.042381,0.03161,-0.003558,0.035168,0.027495,-0.080038,0.107533,0.056051,0.01393,0.042121
BILL.ST,2019-07-16,7.35,positive,Q4,-0.017735,-0.012924,-0.004811,0.046385,0.009386,0.036999,-0.065484,-0.064044,-0.00144,0.00186,0.034114,-0.032254
BONAV-A.ST,2019-07-16,-39.34,negative,Q1,0.013514,-0.012924,0.026438,0.0,0.009386,-0.009386,-0.018018,-0.064044,0.046026,0.052268,0.034114,0.018154
BONAV-B.ST,2019-07-16,12.12,positive,Q4,0.003571,-0.012924,0.016495,-0.004464,0.009386,-0.01385,-0.017857,-0.064044,0.046187,0.027078,0.034114,-0.007036
HMS.ST,2019-07-16,21.11,positive,Q5,-0.003698,-0.012924,0.009226,-0.003698,0.009386,-0.013084,-0.092648,-0.064044,-0.028604,-0.195307,0.034114,-0.229421
BIOT.ST,2019-07-16,-1.19,negative,Q3,-0.009832,-0.012924,0.003092,0.005338,0.009386,-0.004048,-0.128289,-0.064044,-0.064245,-0.114056,0.034114,-0.14817
HUSQ-B.ST,2019-07-16,-2.23,negative,Q3,0.036997,-0.012924,0.049921,0.050145,0.009386,0.04076,-0.051368,-0.064044,0.012676,-0.071243,0.034114,-0.105357
AAK.ST,2019-07-16,5.19,positive,Q4,-0.007109,-0.012924,0.005815,0.019723,0.009386,0.010337,0.011581,-0.064044,0.075625,-0.009976,0.034114,-0.04409
SWEC-B.ST,2019-07-16,6.98,positive,Q4,0.023027,-0.012924,0.035951,0.050712,0.009386,0.041326,0.004528,-0.064044,0.068572,0.082147,0.034114,0.048033
ASSA-B.ST,2019-07-17,0.0,negative,Q3,0.024106,0.017758,0.006347,0.026893,0.018888,0.008005,-0.002323,-0.036765,0.034442,0.003717,0.058833,-0.055117
DOM.ST,2019-07-17,-7.77,negative,Q2,0.033747,0.017758,0.015989,0.055489,0.018888,0.036601,-0.023609,-0.036765,0.013156,-0.036948,0.058833,-0.095781
BALD-B.ST,2019-07-17,7.47,positive,Q4,-0.003542,0.017758,-0.0213,-0.016529,0.018888,-0.035417,0.007674,-0.036765,0.044439,0.117473,0.058833,0.05864
GETI-B.ST,2019-07-17,3.6,positive,Q3,0.006324,0.017758,-0.011434,0.011837,0.018888,-0.007051,-0.004784,-0.036765,0.031982,-0.01508,0.058833,-0.073913
SHB-A.ST,2019-07-17,-0.93,negative,Q3,0.000491,0.017758,-0.017267,-0.043194,0.018888,-0.062082,-0.077552,-0.036765,-0.040787,0.006054,0.058833,-0.052779
TEL2-B.ST,2019-07-17,-18.92,negative,Q2,0.024644,0.017758,0.006886,0.024644,0.018888,0.005756,0.072081,-0.036765,0.108847,0.096031,0.058833,0.037198
SKF-B.ST,2019-07-17,-12.86,negative,Q2,0.01571,0.017758,-0.002048,0.042819,0.018888,0.023931,-0.0804,-0.036765,-0.043635,0.076858,0.058833,0.018025
ALFA.ST,2019-07-17,6.33,positive,Q4,0.047952,0.017758,0.030193,0.051631,0.018888,0.032743,-0.021575,-0.036765,0.01519,0.161751,0.058833,0.102918
MYCR.ST,2019-07-17,11.61,positive,Q4,0.040618,0.017758,0.02286,0.116593,0.018888,0.097705,-0.063148,-0.036765,-0.026382,-0.005262,0.058833,-0.064095
WALL-B.ST,2019-07-17,-18.6,negative,Q2,0.001896,0.017758,-0.015863,-0.011794,0.018888,-0.030682,0.03433,-0.036765,0.071096,0.104886,0.058833,0.046053
SWED-A.ST,2019-07-17,8.45,positive,Q4,0.006675,0.017758,-0.011084,-0.003768,0.018888,-0.022656,-0.068037,-0.036765,-0.031272,0.048229,0.058833,-0.010604
SAND.ST,2019-07-17,-2.77,negative,Q3,0.019455,0.017758,0.001696,0.043275,0.018888,0.024387,-0.105162,-0.036765,-0.068397,0.056373,0.058833,-0.002461
SOBI.ST,2019-07-17,2.42,positive,Q3,-0.027359,0.017758,-0.045117,-0.059434,0.018888,-0.078322,-0.179717,-0.036765,-0.142952,-0.240566,0.058833,-0.299399
ERIC-B.ST,2019-07-17,-16.9,negative,Q2,0.025995,0.017758,0.008237,0.026144,0.018888,0.007256,-0.017528,-0.036765,0.019237,0.016934,0.058833,-0.041899
LAGR-B.ST,2019-07-18,-6.98,negative,Q2,0.007882,-0.00283,0.010712,0.001576,0.003252,-0.001675,-0.086705,-0.041389,-0.045316,-0.008671,0.044706,-0.053377
VPLAY-B.ST,2019-07-18,-0.77,negative,Q3,0.0,-0.00283,0.00283,-0.008563,0.003252,-0.011814,-0.034251,-0.041389,0.007138,-0.01156,0.044706,-0.056266
ELUX-B.ST,2019-07-18,-2.0,negative,Q3,-0.006697,-0.00283,-0.003867,-0.04704,0.003252,-0.050292,-0.052063,-0.041389,-0.010674,0.081173,0.044706,0.036467
GRNG.ST,2019-07-18,-5.66,negative,Q2,-0.014657,-0.00283,-0.011827,-0.005098,0.003252,-0.00835,-0.122993,-0.041389,-0.081603,0.016696,0.044706,-0.02801
ESSITY-B.ST,2019-07-18,6.25,positive,Q4,0.007929,-0.00283,0.010759,0.016241,0.003252,0.01299,0.058869,-0.041389,0.100258,0.023104,0.044706,-0.021602
ESSITY-A.ST,2019-07-18,3.89,positive,Q3,-0.003561,-0.00283,-0.000731,0.00532,0.003252,0.002068,0.040841,-0.041389,0.08223,0.016001,0.044706,-0.028705
TIGO-SDB.ST,2019-07-18,66.67,positive,Q5,-0.028563,-0.00283,-0.025733,-0.037144,0.003252,-0.040396,-0.078464,-0.041389,-0.037075,-0.102851,0.044706,-0.147558
TELIA.ST,2019-07-18,-21.67,negative,Q1,0.001398,-0.00283,0.004228,0.004194,0.003252,0.000943,-0.027263,-0.041389,0.014126,0.04439,0.044706,-0.000316
TREL-B.ST,2019-07-18,5.0,positive,Q4,-0.002185,-0.00283,0.000645,0.032014,0.003252,0.028763,-0.046215,-0.041389,-0.004825,0.094026,0.044706,0.049319
INTRUM.ST,2019-07-18,10.54,positive,Q4,-0.008205,-0.00283,-0.005375,-0.016409,0.003252,-0.019661,-0.093442,-0.041389,-0.052053,-0.038687,0.044706,-0.083394
THULE.ST,2019-07-18,1.0,positive,Q3,0.067856,-0.00283,0.070686,0.07473,0.003252,0.071479,-0.028031,-0.041389,0.013358,-0.072538,0.044706,-0.117244
MTRS.ST,2019-07-18,4.62,positive,Q4,0.024164,-0.00283,0.026994,0.019526,0.003252,0.016275,-0.106663,-0.041389,-0.065274,-0.01318,0.044706,-0.057887
LIFCO-B.ST,2019-07-18,-11.11,negative,Q2,-0.008121,-0.00283,-0.005291,0.002885,0.003252,-0.000367,-0.015921,-0.041389,0.025469,-0.060049,0.044706,-0.104756
COOR.ST,2019-07-18,-2.63,negative,Q3,-0.001349,-0.00283,0.001481,0.027319,0.003252,0.024067,-0.001349,-0.041389,0.04004,-0.021248,0.044706,-0.065954
NOLA-B.ST,2019-07-18,17.24,positive,Q4,-0.027817,-0.00283,-0.024987,-0.023614,0.003252,-0.026866,-0.053232,-0.041389,-0.011843,-0.034821,0.044706,-0.079527
INDT.ST,2019-07-18,-13.68,negative,Q2,0.005229,-0.00283,0.008059,0.036126,0.003252,0.032874,0.009744,-0.041389,0.051134,0.024837,0.044706,-0.01987
VOLV-B.ST,2019-07-18,15.64,positive,Q4,-0.015383,-0.00283,-0.012553,-0.022046,0.003252,-0.025297,-0.135215,-0.041389,-0.093825,-0.069273,0.044706,-0.113979
ARJO-B.ST,2019-07-18,-16.28,negative,Q2,-0.00771,-0.00283,-0.00488,-0.039977,0.003252,-0.043229,-0.013706,-0.041389,0.027683,0.050543,0.044706,0.005836
EPI-A.ST,2019-07-18,6.87,positive,Q4,0.014981,-0.00283,0.017811,0.02526,0.003252,0.022008,-0.031602,-0.041389,0.009787,0.033898,0.044706,-0.010808
SSAB-A.ST,2019-07-19,-15.52,negative,Q2,0.038348,0.014923,0.023425,-0.001475,0.008385,-0.00986,-0.126352,-0.041562,-0.08479,-0.024582,0.05122,-0.075802
PEAB-B.ST,2019-07-19,17.68,positive,Q4,-0.02668,0.014923,-0.041604,-0.062013,0.008385,-0.070399,-0.118979,-0.041562,-0.077417,0.009086,0.05122,-0.042134
SHOT.ST,2019-07-19,-9.41,negative,Q2,-0.03629,0.014923,-0.051213,-0.058771,0.008385,-0.067157,-0.104266,-0.041562,-0.062705,-0.018941,0.05122,-0.070161
NCC-B.ST,2019-07-19,-19.94,negative,Q2,0.006023,0.014923,-0.0089,-0.011795,0.008385,-0.020181,-0.048687,-0.041562,-0.007125,0.095198,0.05122,0.043978
ATT.ST,2019-07-19,0.0,negative,Q3,0.039201,0.014923,0.024277,0.04957,0.008385,0.041185,0.015175,-0.041562,0.056736,0.085736,0.05122,0.034516
BOL.ST,2019-07-19,-19.6,negative,Q2,0.004231,0.014923,-0.010692,-0.001354,0.008385,-0.009739,-0.117229,-0.041562,-0.075667,0.097089,0.05122,0.045869
BRAV.ST,2019-07-19,-5.71,negative,Q2,0.016617,0.014923,0.001694,-0.002522,0.008385,-0.010908,0.012315,-0.041562,0.053876,0.109644,0.05122,0.058424
SAAB-B.ST,2019-07-19,3.19,positive,Q3,0.014962,0.014923,3.8e-05,-0.009974,0.008385,-0.01836,-0.131958,-0.041562,-0.090397,-0.124276,0.05122,-0.175496
ALIV-SDB.ST,2019-07-22,-7.38,negative,Q2,0.01255,-0.007206,0.019756,-0.009977,-0.015084,0.005107,-0.082256,-0.050033,-0.032222,0.122711,0.045019,0.077693
MTG-B.ST,2019-07-22,44.66,positive,Q5,-0.018319,-0.007206,-0.011114,-0.031466,-0.015084,-0.016382,-0.12069,-0.050033,-0.070657,-0.172198,0.045019,-0.217217
RESURS.ST,2019-07-23,4.0,positive,Q3,-0.019288,-0.003632,-0.015656,-0.014837,-0.008235,-0.006601,-0.066766,-0.048074,-0.018692,0.067013,0.068998,-0.001985
SKA-B.ST,2019-07-24,-4.78,negative,Q2,-0.008941,0.002139,-0.01108,-0.016528,0.00355,-0.020078,-0.043419,-0.052484,0.009065,0.125787,0.075295,0.050492
BILI-A.ST,2019-07-25,15.23,positive,Q4,-0.011517,0.002273,-0.013789,-0.027071,-0.026037,-0.001034,-0.074783,-0.055748,-0.019035,-0.088543,0.071546,-0.160089
LOOMIS.ST,2019-07-25,0.72,positive,Q3,0.026967,0.002273,0.024694,0.042275,-0.026037,0.068312,-0.013502,-0.055748,0.042246,0.130585,0.071546,0.05904
SCA-B.ST,2019-07-26,-15.25,negative,Q2,-0.009054,-0.008698,-0.000356,-0.049324,-0.049064,-0.000261,-0.020676,-0.051716,0.031041,0.206216,0.075998,0.130218
HEXA-B.ST,2019-07-26,0.0,negative,Q3,-0.005596,-0.008698,0.003102,-0.076206,-0.049064,-0.027142,-0.075673,-0.051716,-0.023956,0.005596,0.075998,-0.070402
SECU-B.ST,2019-07-31,-4.15,negative,Q3,-0.031313,-0.027407,-0.003906,-0.058471,-0.03862,-0.019852,-0.039818,-0.022275,-0.017544,0.0,0.080236,-0.080236
BIOG-B.ST,2019-08-08,-0.56,negative,Q3,0.02758,0.001009,0.026571,0.011903,-0.007903,0.019806,-0.001161,0.0517,-0.052861,-0.095805,0.151012,-0.246817
PDX.ST,2019-08-13,-8.8,negative,Q2,-0.040095,-0.002897,-0.037198,-0.00524,0.028942,-0.034182,-0.005955,0.100922,-0.106877,-0.121794,0.175622,-0.297417
EMBRAC-B.ST,2019-08-14,-63.04,negative,Q1,-0.010043,0.015845,-0.025887,0.072809,0.026609,0.0462,-0.020839,0.113412,-0.13425,-0.103189,0.186535,-0.289724
BEIA-B.ST,2019-08-15,-8.11,negative,Q2,-0.006927,0.012872,-0.019799,-0.010439,0.002261,-0.0127,0.05522,0.089245,-0.034026,0.176098,0.162685,0.013413
HOLM-B.ST,2019-08-15,-0.74,negative,Q3,0.021521,0.012872,0.008648,0.031789,0.002261,0.029528,0.086957,0.089245,-0.002289,0.355145,0.162685,0.192461
AMBEA.ST,2019-08-20,-18.69,negative,Q2,-0.008194,-0.005158,-0.003037,-0.027011,-0.009292,-0.017718,-0.052656,0.078501,-0.131157,-0.01214,0.130676,-0.142815
ALIG.ST,2019-08-21,-7.83,negative,Q2,0.008194,-0.008248,0.016441,0.019716,0.015124,0.004592,0.074254,0.085558,-0.011304,0.024709,0.135288,-0.110579
HUFV-A.ST,2019-08-21,-13.53,negative,Q2,-0.015352,-0.008248,-0.007105,0.023911,0.015124,0.008787,-0.020448,0.085558,-0.106007,-0.022147,0.135288,-0.157434
EKTA-B.ST,2019-08-22,-11.63,negative,Q2,-0.013625,-0.001313,-0.012312,0.002015,0.035546,-0.033531,0.025619,0.075391,-0.049772,-0.011994,0.13541,-0.147404
SYSR.ST,2019-08-29,12.96,positive,Q4,-0.008415,-0.004309,-0.004106,0.020337,0.015835,0.004501,0.12237,0.044826,0.077544,0.159187,0.101982,0.057205
ACAD.ST,2019-08-29,-16.76,negative,Q2,-0.007316,-0.004309,-0.003007,-0.01665,0.015835,-0.032485,-0.056004,0.044826,-0.10083,0.062815,0.101982,-0.039166
SECT-B.ST,2019-09-03,-45.13,negative,Q1,-0.085281,0.01016,-0.095441,-0.063132,0.035631,-0.098763,0.068713,0.00451,0.064203,0.209801,0.079393,0.130408
HM-B.ST,2019-10-03,2.64,positive,Q3,0.039192,0.015068,0.024124,0.037664,0.037205,0.00046,0.045702,0.111078,-0.065376,None,None,None
SKIS-B.ST,2019-10-03,-36.7,negative,Q1,0.018282,0.015068,0.003214,0.025696,0.037205,-0.011509,0.069673,0.111078,-0.041405,None,None,None
DUST.ST,2019-10-09,-13.64,negative,Q2,0.009622,0.014262,-0.00464,0.068041,0.032416,0.035625,0.06323,0.087435,-0.024205,0.115283,0.095052,0.020231
TELIA.ST,2019-10-17,-3.03,negative,Q3,0.020177,0.015575,0.004602,0.063363,0.029091,0.034272,0.03646,0.027833,0.008627,-0.002832,0.072665,-0.075497
TEL2-B.ST,2019-10-17,-2.45,negative,Q3,-0.006025,0.015575,-0.021601,0.016748,0.029091,-0.012342,-0.00531,0.027833,-0.033143,0.019506,0.072665,-0.053159
ERIC-B.ST,2019-10-17,73.47,positive,Q5,-0.01137,0.015575,-0.026945,-0.018493,0.029091,-0.047584,-0.014247,0.027833,-0.042079,-0.045753,0.072665,-0.118418
CAST.ST,2019-10-18,0.76,positive,Q3,-0.005575,0.002238,-0.007813,0.006132,0.020851,-0.014718,0.045366,0.010957,0.034409,0.159094,0.058724,0.10037
SAND.ST,2019-10-18,0.77,positive,Q3,-0.009834,0.002238,-0.012072,0.000594,0.020851,-0.020257,0.010098,0.010957,-0.000859,0.107049,0.058724,0.048324
VOLV-B.ST,2019-10-18,1.38,positive,Q3,0.000304,0.002238,-0.001934,0.019982,0.020851,-0.000869,0.020996,0.010957,0.010039,0.1135,0.058724,0.054776
ASSA-B.ST,2019-10-18,1.25,positive,Q3,0.005402,0.002238,0.003164,0.02966,0.020851,0.00881,0.02876,0.010957,0.017803,0.048067,0.058724,-0.010657
GETI-B.ST,2019-10-18,46.39,positive,Q5,-0.004041,0.002238,-0.006279,-0.017741,0.020851,-0.038592,0.002808,0.010957,-0.008148,0.133023,0.058724,0.074299
HOLM-B.ST,2019-10-18,21.36,positive,Q5,0.004337,0.002238,0.002099,0.064845,0.020851,0.043994,0.069182,0.010957,0.058225,-0.010064,0.058724,-0.068788
ATCO-A.ST,2019-10-21,9.25,positive,Q4,-0.001293,-0.001355,6.3e-05,0.029729,0.008162,0.021567,0.074824,0.000487,0.074337,0.165446,0.048341,0.117104
FABG.ST,2019-10-21,-51.69,negative,Q1,0.002059,-0.001355,0.003414,-0.012599,0.008162,-0.02076,0.023386,0.000487,0.022899,0.115036,0.048341,0.066695
SKF-B.ST,2019-10-22,-10.13,negative,Q2,0.015581,0.006437,0.009144,0.015299,0.012131,0.003168,0.027073,-0.003341,0.030413,0.046179,0.040301,0.005878
SAAB-B.ST,2019-10-22,95.15,positive,Q5,-0.000853,0.006437,-0.00729,0.016918,0.012131,0.004787,0.085016,-0.003341,0.088356,0.105345,0.040301,0.065045
HMS.ST,2019-10-22,30.67,positive,Q5,-0.012493,0.006437,-0.01893,-0.029661,0.012131,-0.041791,0.148465,-0.003341,0.151805,0.398485,0.040301,0.358184
WALL-B.ST,2019-10-22,-19.15,negative,Q2,0.001827,0.006437,-0.00461,0.015635,0.012131,0.003504,0.022335,-0.003341,0.025676,0.163452,0.040301,0.123151
ARJO-B.ST,2019-10-22,-11.76,negative,Q2,0.011928,0.006437,0.005491,-0.000555,0.012131,-0.012685,0.043551,-0.003341,0.046891,0.169209,0.040301,0.128909
HUSQ-B.ST,2019-10-22,11.9,positive,Q4,-0.015277,0.006437,-0.021714,-0.015913,0.012131,-0.028044,0.000955,-0.003341,0.004295,-0.006047,0.040301,-0.046348
BONAV-B.ST,2019-10-23,-51.53,negative,Q1,0.012227,0.005942,0.006285,-0.011164,-0.001902,-0.009263,-0.010633,-0.007367,-0.003265,-0.04572,0.043675,-0.089395
BIOG-B.ST,2019-10-23,0.0,negative,Q3,-0.050039,0.005942,-0.055981,-0.057653,-0.001902,-0.055752,-0.046154,-0.007367,-0.038787,0.161616,0.043675,0.117941
LIFCO-B.ST,2019-10-23,-4.94,negative,Q2,0.00087,0.005942,-0.005072,0.000435,-0.001902,0.002337,0.053055,-0.007367,0.060422,0.262013,0.043675,0.218339
INTRUM.ST,2019-10-23,18.63,positive,Q5,0.002229,0.005942,-0.003713,-0.029843,-0.001902,-0.027942,-0.102631,-0.007367,-0.095264,0.040661,0.043675,-0.003014
SWED-A.ST,2019-10-23,-3.95,negative,Q3,-0.004181,0.005942,-0.010123,-0.049561,-0.001902,-0.04766,-0.106567,-0.007367,-0.0992,-0.051703,0.043675,-0.095378
SSAB-A.ST,2019-10-23,-32.0,negative,Q1,0.013664,0.005942,0.007722,-0.01417,-0.001902,-0.012268,0.100202,-0.007367,0.10757,0.122976,0.043675,0.079301
BONAV-A.ST,2019-10-23,-61.54,negative,Q1,-0.023923,0.005942,-0.029865,-0.033493,-0.001902,-0.031591,-0.102392,-0.007367,-0.095025,-0.075598,0.043675,-0.119273
NOLA-B.ST,2019-10-23,9.23,positive,Q4,0.017739,0.005942,0.011797,0.006412,-0.001902,0.008313,-0.033554,-0.007367,-0.026187,0.091259,0.043675,0.047584
ACAD.ST,2019-10-23,30.3,positive,Q5,-0.001975,0.005942,-0.007917,-0.010123,-0.001902,-0.008222,0.02321,-0.007367,0.030577,0.15037,0.043675,0.106696
SHB-A.ST,2019-10-23,-12.56,negative,Q2,0.006028,0.005942,8.6e-05,-0.012674,-0.001902,-0.010772,-0.035085,-0.007367,-0.027718,-0.035085,0.043675,-0.07876
SEB-A.ST,2019-10-23,4.27,positive,Q3,-0.0098,0.005942,-0.015742,-0.042225,-0.001902,-0.040323,-0.161118,-0.007367,-0.153751,-0.042657,0.043675,-0.086332
ALIG.ST,2019-10-23,-3.68,negative,Q3,0.008147,0.005942,0.002205,0.029205,-0.001902,0.031107,-0.008022,-0.007367,-0.000655,0.098772,0.043675,0.055097
LAGR-B.ST,2019-10-23,-7.32,negative,Q2,0.028191,0.005942,0.022249,0.028191,-0.001902,0.030093,0.044947,-0.007367,0.052314,0.267021,0.043675,0.223346
PEAB-B.ST,2019-10-24,-4.76,negative,Q2,-0.007856,0.007443,-0.015299,-0.007856,-0.005604,-0.002252,0.022489,-0.003015,0.025504,0.151417,0.013833,0.137584
ALFA.ST,2019-10-24,13.58,positive,Q4,0.019272,0.007443,0.011829,0.00626,-0.005604,0.011864,0.052445,-0.003015,0.055459,0.083892,0.013833,0.070059
VPLAY-B.ST,2019-10-24,0.29,positive,Q3,-0.046525,0.007443,-0.053968,-0.047211,-0.005604,-0.041607,0.02995,-0.003015,0.032964,0.050069,0.013833,0.036236
JM.ST,2019-10-24,3.5,positive,Q3,0.001557,0.007443,-0.005886,-0.010381,-0.005604,-0.004777,0.021904,-0.003015,0.024918,0.105159,0.013833,0.091326
AXFO.ST,2019-10-24,1.63,positive,Q3,0.004884,0.007443,-0.00256,0.004407,-0.005604,0.010011,0.028229,-0.003015,0.031244,-0.033828,0.013833,-0.047661
GRNG.ST,2019-10-24,54.67,positive,Q5,0.033368,0.007443,0.025925,-0.014188,-0.005604,-0.008584,0.030215,-0.003015,0.03323,-0.013663,0.013833,-0.027496
MYCR.ST,2019-10-24,52.0,positive,Q5,-0.019282,0.007443,-0.026725,-0.042261,-0.005604,-0.036657,-0.005415,-0.003015,-0.0024,0.183175,0.013833,0.169342
PNDX-B.ST,2019-10-24,1.29,positive,Q3,-0.005126,0.007443,-0.012569,-0.003031,-0.005604,0.002573,0.05644,-0.003015,0.059455,0.105165,0.013833,0.091332
BEIA-B.ST,2019-10-24,-9.71,negative,Q2,0.011426,0.007443,0.003983,0.01631,-0.005604,0.021914,0.079893,-0.003015,0.082908,0.207151,0.013833,0.193318
BOL.ST,2019-10-24,12.22,positive,Q4,0.030272,0.007443,0.022828,0.010847,-0.005604,0.016451,0.013953,-0.003015,0.016967,-0.095006,0.013833,-0.108839
ATT.ST,2019-10-24,53.85,positive,Q5,0.030763,0.007443,0.023319,-0.00611,-0.005604,-0.000506,-0.012642,-0.003015,-0.009628,0.070164,0.013833,0.056331
TREL-B.ST,2019-10-24,8.43,positive,Q4,0.014685,0.007443,0.007241,-0.003223,-0.005604,0.002381,0.032307,-0.003015,0.035321,0.025573,0.013833,0.01174
MTRS.ST,2019-10-24,12.86,positive,Q4,0.042745,0.007443,0.035302,0.022412,-0.005604,0.028016,0.057301,-0.003015,0.060316,0.109982,0.013833,0.096149
DOM.ST,2019-10-24,-13.1,negative,Q2,0.024275,0.007443,0.016832,0.016664,-0.005604,0.022269,0.048681,-0.003015,0.051696,0.047238,0.013833,0.033405
BILL.ST,2019-10-24,-56.36,negative,Q1,-0.016945,0.007443,-0.024389,-0.010562,-0.005604,-0.004958,-0.03714,-0.003015,-0.034126,-0.082289,0.013833,-0.096122
AAK.ST,2019-10-24,-5.56,negative,Q2,-0.007534,0.007443,-0.014978,0.051219,-0.005604,0.056823,0.083934,-0.003015,0.086948,0.105743,0.013833,0.09191
WIHL.ST,2019-10-24,-23.93,negative,Q1,-0.010031,0.007443,-0.017475,-0.012452,-0.005604,-0.006848,0.048426,-0.003015,0.051441,0.175718,0.013833,0.161885
SHOT.ST,2019-10-24,6.29,positive,Q4,0.02524,0.007443,0.017797,0.003745,-0.005604,0.009349,-0.02638,-0.003015,-0.023365,0.134343,0.013833,0.12051
ATORX.ST,2019-10-24,-22.58,negative,Q1,-0.04878,0.007443,-0.056224,-0.056585,-0.005604,-0.050981,0.013659,-0.003015,0.016673,-0.24,0.013833,-0.253833
EPI-A.ST,2019-10-25,-18.98,negative,Q2,0.025019,-0.01022,0.035238,0.065687,0.006091,0.059596,0.075162,-0.010975,0.086137,0.11285,0.014793,0.098057
BALD-B.ST,2019-10-25,6.13,positive,Q4,0.003753,-0.01022,0.013973,0.006971,0.006091,0.000879,0.070778,-0.010975,0.081753,0.201609,0.014793,0.186816
ALIV-SDB.ST,2019-10-25,-4.41,negative,Q2,-0.029592,-0.01022,-0.019372,-0.001766,0.006091,-0.007857,0.017204,-0.010975,0.028179,-0.046533,0.014793,-0.061326
INDT.ST,2019-10-25,-3.77,negative,Q3,-0.020767,-0.01022,-0.010548,0.01265,0.006091,0.006559,0.056083,-0.010975,0.067058,0.16361,0.014793,0.148817
ESSITY-B.ST,2019-10-25,16.81,positive,Q4,-0.014463,-0.01022,-0.004244,-0.007893,0.006091,-0.013984,0.004277,-0.010975,0.015252,0.029666,0.014793,0.014873
ELUX-B.ST,2019-10-25,-2.9,negative,Q3,-0.012739,-0.01022,-0.00252,-0.011621,0.006091,-0.017712,-0.062871,-0.010975,-0.051896,-0.095643,0.014793,-0.110436
PLAZ-B.ST,2019-10-25,-56.59,negative,Q1,-0.011321,-0.01022,-0.001101,0.013489,0.006091,0.007398,0.083946,-0.010975,0.094921,0.168975,0.014793,0.154182
CATE.ST,2019-10-25,4.45,positive,Q3,0.0,-0.01022,0.01022,0.063238,0.006091,0.057146,0.186779,-0.010975,0.197754,0.220574,0.014793,0.205781
BILI-A.ST,2019-10-25,28.66,positive,Q5,0.037723,-0.01022,0.047942,0.027065,0.006091,0.020974,0.046417,-0.010975,0.057392,0.147665,0.014793,0.132873
ESSITY-A.ST,2019-10-25,12.4,positive,Q4,-0.011482,-0.01022,-0.001263,-0.003286,0.006091,-0.009377,0.00491,-0.010975,0.015885,0.027874,0.014793,0.013082
THULE.ST,2019-10-25,-10.26,negative,Q2,-0.003019,-0.01022,0.007201,-0.005031,0.006091,-0.011123,0.063573,-0.010975,0.074548,0.154729,0.014793,0.139937
SWEC-B.ST,2019-10-25,26.15,positive,Q5,0.005503,-0.01022,0.015723,0.048074,0.006091,0.041983,0.042571,-0.010975,0.053546,0.14308,0.014793,0.128287
DIOS.ST,2019-10-25,-32.26,negative,Q1,-0.089256,-0.01022,-0.079037,-0.050984,0.006091,-0.057075,-0.037042,-0.010975,-0.026067,-0.002324,0.014793,-0.017116
NCC-B.ST,2019-10-28,-6.65,negative,Q2,0.001359,0.002576,-0.001217,-0.000935,0.015615,-0.01655,-0.00977,-0.002593,-0.007177,0.041288,0.028325,0.012963
RESURS.ST,2019-10-29,-1.23,negative,Q3,0.00096,-0.007516,0.008476,0.004319,0.00915,-0.004832,-0.028071,-0.006587,-0.021484,-0.070537,0.023555,-0.094092
MTG-B.ST,2019-10-29,-39.47,negative,Q1,0.053424,-0.007516,0.06094,0.048482,0.00915,0.039332,0.179689,-0.006587,0.186277,0.11085,0.023555,0.087295
AFRY.ST,2019-10-29,-8.74,negative,Q2,0.019889,-0.007516,0.027405,0.007979,0.00915,-0.001171,0.020872,-0.006587,0.027459,0.23358,0.023555,0.210025
SCA-B.ST,2019-10-30,22.73,positive,Q5,0.012007,0.00221,0.009796,0.036576,0.01738,0.019196,-0.031128,-0.001977,-0.029152,-0.018677,0.0286,-0.047277
HEXA-B.ST,2019-10-30,0.0,negative,Q3,0.017683,0.00221,0.015473,0.080728,0.01738,0.063348,0.098411,-0.001977,0.100388,0.065607,0.0286,0.037008
SOBI.ST,2019-10-31,-1.61,negative,Q3,0.045395,0.019292,0.026102,0.048026,0.020168,0.027858,0.031579,-0.017666,0.049245,0.133882,0.026127,0.107755
LOOMIS.ST,2019-11-01,6.2,positive,Q4,-0.001557,-0.00085,-0.000707,-0.018657,-0.004251,-0.014406,0.024347,-0.041416,0.065763,-0.088615,0.028235,-0.11685
BIOT.ST,2019-11-05,29.11,positive,Q5,0.050923,0.000578,0.050345,0.071033,0.002159,0.068874,0.083303,-0.022215,0.105518,0.054428,0.050574,0.003854
BRAV.ST,2019-11-06,-10.0,negative,Q2,0.022239,0.004957,0.017282,0.029094,-0.003625,0.032718,0.119726,-0.012021,0.131746,0.107692,0.048785,0.058908
SECU-B.ST,2019-11-06,3.55,positive,Q3,0.013022,0.004957,0.008065,-0.013484,-0.003625,-0.009859,0.006834,-0.012021,0.018855,-0.083118,0.048785,-0.131903
VITR.ST,2019-11-06,19.51,positive,Q5,0.007702,0.004957,0.002745,-0.028382,-0.003625,-0.024757,-0.041253,-0.012021,-0.029233,-0.013927,0.048785,-0.062712
COOR.ST,2019-11-07,6.32,positive,Q4,-0.003889,-0.005106,0.001217,-0.015556,-0.008852,-0.006704,0.046845,-0.016498,0.063343,0.145837,0.048202,0.097635
SKA-B.ST,2019-11-07,-7.69,negative,Q2,-0.011166,-0.005106,-0.00606,-0.004223,-0.008852,0.004629,-0.017183,-0.016498,-0.000684,0.098178,0.048202,0.049976
HUFV-A.ST,2019-11-07,-43.61,negative,Q1,-0.002408,-0.005106,0.002698,0.006606,-0.008852,0.015458,0.058075,-0.016498,0.074573,0.142503,0.048202,0.094301
AMBEA.ST,2019-11-08,-0.55,negative,Q3,-0.002656,0.006359,-0.009015,-0.039398,-0.010397,-0.029001,0.007821,-0.015874,0.023694,0.030249,0.068399,-0.03815
PDX.ST,2019-11-12,-7.89,negative,Q2,0.002438,-0.005196,0.007635,0.045657,-0.02125,0.066907,0.110906,-0.00473,0.115636,0.116371,0.065902,0.050469
EMBRAC-B.ST,2019-11-14,-35.29,negative,Q1,-0.064033,-0.006657,-0.057376,-0.125886,-0.0186,-0.107285,-0.046866,0.017527,-0.064393,0.237057,0.074841,0.162217
EKTA-B.ST,2019-11-28,-27.5,negative,Q1,-0.015852,-0.013545,-0.002307,-0.032004,0.007141,-0.039145,0.038285,0.045296,-0.007011,-0.131406,-0.029545,-0.101861
SECT-B.ST,2019-11-29,0.0,negative,Q3,0.02811,-0.005351,0.033461,0.013406,0.021381,-0.007975,0.038922,0.045943,-0.007021,-0.048148,-0.007182,-0.040965
SYSR.ST,2019-12-05,27.4,positive,Q5,0.020347,0.000403,0.019944,0.040944,0.015786,0.025158,0.108013,0.03106,0.076953,-0.198945,-0.114867,-0.084078
SKIS-B.ST,2019-12-19,-17.9,negative,Q2,0.005013,0.000479,0.004534,None,None,None,-0.088167,0.000351,-0.088518,-0.4343,-0.279989,-0.154311
DUST.ST,2020-01-08,-7.63,negative,Q2,0.017578,-0.006547,0.024125,0.026042,0.008662,0.01738,-0.019531,0.029567,-0.049099,-0.363932,-0.159116,-0.204817
SAND.ST,2020-01-21,0.0,negative,Q3,-0.016348,-0.009015,-0.007334,-0.003477,-0.011088,0.007611,-0.019826,0.048111,-0.067936,-0.262978,-0.175689,-0.087289
ESSITY-B.ST,2020-01-22,-13.03,negative,Q2,0.016216,0.009701,0.006515,-0.00391,-0.004162,0.000251,0.023692,0.0466,-0.022909,0.011654,-0.149154,0.160808
ESSITY-A.ST,2020-01-22,-3.25,negative,Q3,0.012975,0.009701,0.003273,-0.00809,-0.004162,-0.003928,0.014577,0.0466,-0.032023,0.009731,-0.149154,0.158885
BONAV-B.ST,2020-01-23,19.42,positive,Q5,-0.036769,-0.022821,-0.013948,-0.039554,-0.016318,-0.023236,-0.066852,-0.008077,-0.058776,-0.527786,-0.149465,-0.378322
ERIC-B.ST,2020-01-24,-8.76,negative,Q2,-0.000615,0.008397,-0.009012,-0.037652,0.006454,-0.044106,0.03965,-0.001318,0.040967,0.034886,-0.145272,0.180157
CAST.ST,2020-01-24,17.36,positive,Q4,0.001637,0.008397,-0.00676,0.009823,0.006454,0.003369,0.04748,-0.001318,0.048798,-0.283008,-0.145272,-0.137736
SSAB-A.ST,2020-01-28,-45.0,negative,Q1,-0.012716,-0.002074,-0.010642,0.091735,0.031076,0.060659,0.001362,-0.039116,0.040479,-0.240236,-0.12456,-0.115677
SWED-A.ST,2020-01-28,4.52,positive,Q4,-0.015374,-0.002074,-0.0133,0.02807,0.031076,-0.003006,0.018151,-0.039116,0.057267,-0.222277,-0.12456,-0.097718
ALIV-SDB.ST,2020-01-28,4.55,positive,Q4,-0.021437,-0.002074,-0.019363,-0.013075,0.031076,-0.044151,-0.118541,-0.039116,-0.079425,-0.210738,-0.12456,-0.086179
ATCO-A.ST,2020-01-28,2.47,positive,Q3,-0.005387,-0.002074,-0.003313,0.031785,0.031076,0.000708,-0.030438,-0.039116,0.008678,-0.005926,-0.12456,0.118634
SEB-A.ST,2020-01-29,19.64,positive,Q5,0.00677,-0.002625,0.009394,0.045475,0.035789,0.009686,-0.033407,-0.066623,0.033216,-0.161148,-0.104645,-0.056503
TELIA.ST,2020-01-29,-25.42,negative,Q1,0.003177,-0.002625,0.005801,0.004589,0.035789,-0.0312,-0.077656,-0.066623,-0.011033,-0.143664,-0.104645,-0.039019
LAGR-B.ST,2020-01-29,0.0,negative,Q3,-0.012707,-0.002625,-0.010082,0.011295,0.035789,-0.024494,-0.144816,-0.066623,-0.078193,-0.182533,-0.104645,-0.077888
BILL.ST,2020-01-29,165.45,positive,Q5,-0.019803,-0.002625,-0.017178,-0.034417,0.035789,-0.070206,-0.076776,-0.066623,-0.010153,-0.028487,-0.104645,0.076158
GETI-B.ST,2020-01-30,2.13,positive,Q3,0.020979,-0.000199,0.021178,0.04864,0.037345,0.011295,-0.010022,-0.058393,0.048371,0.143182,-0.115152,0.258334
NCC-B.ST,2020-01-30,-21.17,negative,Q1,0.027736,-0.000199,0.027934,0.033067,0.037345,-0.004278,-0.068655,-0.058393,-0.010262,-0.163893,-0.115152,-0.048741
SCA-B.ST,2020-01-30,-1.45,negative,Q3,0.008723,-0.000199,0.008922,0.011555,0.037345,-0.02579,-0.022771,-0.058393,0.035622,0.090404,-0.115152,0.205556
HM-B.ST,2020-01-30,11.4,positive,Q4,-0.015625,-0.000199,-0.015426,-0.036144,0.037345,-0.073489,-0.175059,-0.058393,-0.116666,-0.356486,-0.115152,-0.241334
AAK.ST,2020-01-30,1.3,positive,Q3,0.004156,-0.000199,0.004355,0.008553,0.037345,-0.028792,-0.079263,-0.058393,-0.02087,-0.113775,-0.115152,0.001377
GRNG.ST,2020-01-30,-36.36,negative,Q1,-0.025847,-0.000199,-0.025649,-0.008475,0.037345,-0.04582,-0.125706,-0.058393,-0.067314,-0.187571,-0.115152,-0.072419
HOLM-B.ST,2020-01-30,-4.71,negative,Q2,-0.006307,-0.000199,-0.006108,0.023099,0.037345,-0.014246,-0.035754,-0.058393,0.022639,0.0,-0.115152,0.115152
VOLV-B.ST,2020-01-30,7.69,positive,Q4,0.007296,-0.000199,0.007495,0.031231,0.037345,-0.006114,-0.097696,-0.058393,-0.039303,-0.236854,-0.115152,-0.121702
EPI-A.ST,2020-01-31,-10.95,negative,Q2,0.042595,0.021386,0.021209,0.044775,0.042115,0.00266,-0.037345,-0.049554,0.012209,-0.165726,-0.155755,-0.00997
LIFCO-B.ST,2020-01-31,-13.51,negative,Q2,0.054604,0.021386,0.033218,0.049882,0.042115,0.007767,-0.066804,-0.049554,-0.01725,-0.159386,-0.155755,-0.003631
ELUX-B.ST,2020-01-31,-33.08,negative,Q1,-0.008402,0.021386,-0.029788,-0.003585,0.042115,-0.0457,-0.126589,-0.049554,-0.077035,-0.441102,-0.155755,-0.285347
ACAD.ST,2020-01-31,0.0,negative,Q3,0.010159,0.021386,-0.011227,0.008367,0.042115,-0.033748,-0.092032,-0.049554,-0.042478,-0.160757,-0.155755,-0.005002
JM.ST,2020-01-31,6.27,positive,Q4,0.020839,0.021386,-0.000548,-0.015844,0.042115,-0.057959,-0.115,-0.049554,-0.065446,-0.419401,-0.155755,-0.263645
BHG.ST,2020-01-31,21.82,positive,Q5,0.004155,0.021386,-0.017231,-0.030471,0.042115,-0.072586,-0.127424,-0.049554,-0.07787,-0.045706,-0.155755,0.110049
DOM.ST,2020-01-31,-69.81,negative,Q1,0.012124,0.021386,-0.009263,-0.015454,0.042115,-0.057569,-0.069678,-0.049554,-0.020123,-0.268585,-0.155755,-0.11283
TEL2-B.ST,2020-02-03,-9.15,negative,Q2,0.004151,0.014448,-0.010297,0.02177,0.034644,-0.012874,0.052754,-0.06416,0.116914,-0.109356,-0.155329,0.045973
HMS.ST,2020-02-03,52.08,positive,Q5,-0.016132,0.014448,-0.030581,-0.013432,0.034644,-0.048076,-0.099356,-0.06416,-0.035197,0.110019,-0.155329,0.265348
HUSQ-B.ST,2020-02-04,0.0,negative,Q3,-0.023582,0.002487,-0.026069,-0.066739,0.022954,-0.089692,-0.187269,-0.088865,-0.098404,-0.26865,-0.176442,-0.092208
VPLAY-B.ST,2020-02-04,-37.05,negative,Q1,0.008901,0.002487,0.006413,0.028691,0.022954,0.005738,-0.044503,-0.088865,0.044362,-0.263351,-0.176442,-0.086909
ARJO-B.ST,2020-02-04,-28.41,negative,Q1,0.050042,0.002487,0.047555,0.053827,0.022954,0.030873,-0.005677,-0.088865,0.083187,-0.108074,-0.176442,0.068368
RESURS.ST,2020-02-04,-11.18,negative,Q2,0.010113,0.002487,0.007626,0.012827,0.022954,-0.010127,-0.069808,-0.088865,0.019057,-0.396399,-0.176442,-0.219957
INTRUM.ST,2020-02-04,101.24,positive,Q5,-0.024265,0.002487,-0.026752,-0.060488,0.022954,-0.083442,-0.196313,-0.088865,-0.107448,-0.532486,-0.176442,-0.356044
ALFA.ST,2020-02-04,4.31,positive,Q3,0.004302,0.002487,0.001814,0.007012,0.022954,-0.015942,-0.198529,-0.088865,-0.109664,-0.272907,-0.176442,-0.096465
COIC.ST,2020-02-04,10.65,positive,Q4,0.003748,0.002487,0.00126,0.007565,0.022954,-0.015389,-0.224165,-0.088865,-0.135301,-0.311056,-0.176442,-0.134614
ANOD-B.ST,2020-02-04,-10.18,negative,Q2,0.053805,0.002487,0.051318,0.043516,0.022954,0.020562,-0.104823,-0.088865,-0.015959,-0.195927,-0.176442,-0.019485
NOBI.ST,2020-02-04,-15.38,negative,Q2,-0.018893,0.002487,-0.021381,-0.025304,0.022954,-0.048257,-0.187922,-0.088865,-0.099057,-0.517544,-0.176442,-0.341102
SKF-B.ST,2020-02-04,-11.67,negative,Q2,-0.016656,0.002487,-0.019143,-0.029846,0.022954,-0.0528,-0.219683,-0.088865,-0.130818,-0.228861,-0.176442,-0.052419
PEAB-B.ST,2020-02-05,-8.26,negative,Q2,-0.013354,-0.001126,-0.012228,-0.004812,0.01678,-0.021592,-0.104548,-0.120386,0.015838,-0.298725,-0.169665,-0.12906
INDT.ST,2020-02-05,-5.17,negative,Q2,0.000549,-0.001126,0.001675,0.0,0.01678,-0.01678,-0.122794,-0.120386,-0.002408,-0.074701,-0.169665,0.094964
FABG.ST,2020-02-05,-7.96,negative,Q2,0.021334,-0.001126,0.02246,0.043798,0.01678,0.027018,-0.020062,-0.120386,0.100324,-0.303476,-0.169665,-0.133811
SHB-A.ST,2020-02-05,12.18,positive,Q4,0.021856,-0.001126,0.022982,0.025099,0.01678,0.008319,-0.106458,-0.120386,0.013928,-0.183446,-0.169665,-0.013781
CEVI.ST,2020-02-05,-29.66,negative,Q1,0.004721,-0.001126,0.005848,0.047115,0.01678,0.030335,-0.094197,-0.120386,0.026189,-0.095115,-0.169665,0.07455
HEXA-B.ST,2020-02-05,0.0,negative,Q3,-0.013037,-0.001126,-0.01191,0.004046,0.01678,-0.012734,-0.139582,-0.120386,-0.019196,-0.174196,-0.169665,-0.004531
WALL-B.ST,2020-02-05,-31.33,negative,Q1,-0.001531,-0.001126,-0.000404,0.020068,0.01678,0.003288,-0.021599,-0.120386,0.098787,-0.168537,-0.169665,0.001128
LOOMIS.ST,2020-02-05,7.39,positive,Q4,-0.022017,-0.001126,-0.02089,-0.008063,0.01678,-0.024843,-0.147535,-0.120386,-0.027149,-0.325643,-0.169665,-0.155978
ASSA-B.ST,2020-02-06,-0.8,negative,Q3,0.014751,0.004399,0.010353,0.04735,0.019333,0.028016,-0.155543,-0.166185,0.010642,-0.17692,-0.154969,-0.021951
AXFO.ST,2020-02-06,-4.0,negative,Q3,0.004637,0.004399,0.000239,0.005389,0.019333,-0.013944,-0.046625,-0.166185,0.119559,0.082785,-0.154969,0.237754
SECU-B.ST,2020-02-06,0.0,negative,Q3,0.011281,0.004399,0.006883,0.010979,0.019333,-0.008354,-0.208703,-0.166185,-0.042518,-0.182816,-0.154969,-0.027847
MYCR.ST,2020-02-06,-21.5,negative,Q1,-0.037047,0.004399,-0.041445,-0.060587,0.019333,-0.07992,-0.252508,-0.166185,-0.086324,-0.005274,-0.154969,0.149695
BIOG-B.ST,2020-02-06,8.28,positive,Q4,0.009981,0.004399,0.005582,-0.001924,0.019333,-0.021257,-0.171597,-0.166185,-0.005412,-0.024291,-0.154969,0.130679
LIAB.ST,2020-02-06,-9.18,negative,Q2,0.022634,0.004399,0.018235,0.097646,0.019333,0.078313,-0.131798,-0.166185,0.034387,-0.23996,-0.154969,-0.084991
BIOA-B.ST,2020-02-06,68.85,positive,Q5,-0.020649,0.004399,-0.025048,-0.056637,0.019333,-0.07597,-0.149263,-0.166185,0.016922,-0.184071,-0.154969,-0.029101
VITR.ST,2020-02-06,-9.18,negative,Q2,-0.008346,0.004399,-0.012744,-0.043388,0.019333,-0.062721,-0.187139,-0.166185,-0.020954,-0.043923,-0.154969,0.111047
PLAZ-B.ST,2020-02-07,-16.24,negative,Q2,-0.005228,0.014064,-0.019291,0.02071,0.016337,0.004373,-0.192922,-0.174495,-0.018428,-0.358601,-0.162276,-0.196325
AFRY.ST,2020-02-07,63.82,positive,Q5,0.007212,0.014064,-0.006852,0.00562,0.016337,-0.010717,-0.233493,-0.174495,-0.058998,-0.261263,-0.162276,-0.098986
SAAB-B.ST,2020-02-07,-9.34,negative,Q2,0.011709,0.014064,-0.002355,-0.021647,0.016337,-0.037984,-0.245473,-0.174495,-0.070978,-0.329067,-0.162276,-0.166791
DUNI.ST,2020-02-07,-37.96,negative,Q1,0.026821,0.014064,0.012758,0.014091,0.016337,-0.002245,-0.192154,-0.174495,-0.017659,-0.428663,-0.162276,-0.266387
MEKO.ST,2020-02-07,9.82,positive,Q4,-0.007521,0.014064,-0.021584,0.029555,0.016337,0.013219,-0.235123,-0.174495,-0.060629,-0.402164,-0.162276,-0.239888
SKA-B.ST,2020-02-07,-3.1,negative,Q3,0.007586,0.014064,-0.006477,0.004636,0.016337,-0.011701,-0.202034,-0.174495,-0.027539,-0.230271,-0.162276,-0.067995
NOLA-B.ST,2020-02-10,25.37,positive,Q5,0.009075,0.002987,0.006089,-0.005672,-0.00283,-0.002842,-0.250331,-0.197527,-0.052804,-0.021365,-0.166707,0.145342
DIOS.ST,2020-02-11,-5.88,negative,Q2,0.019679,-0.003563,0.023242,0.056059,0.005571,0.050488,-0.263723,-0.284494,0.020771,-0.360435,-0.194268,-0.166167
WIHL.ST,2020-02-11,7.0,positive,Q4,0.0248,-0.003563,0.028363,0.071299,0.005571,0.065728,-0.294756,-0.284494,-0.010262,-0.267373,-0.194268,-0.073105
ATORX.ST,2020-02-12,-7.25,negative,Q2,0.007702,0.001382,0.00632,-0.01027,0.008446,-0.018716,-0.353017,-0.269017,-0.083999,-0.098845,-0.215878,0.117033
COOR.ST,2020-02-12,4.17,positive,Q3,-0.010124,0.001382,-0.011506,0.050775,0.008446,0.042328,-0.292683,-0.269017,-0.023666,-0.383034,-0.215878,-0.167156
BILI-A.ST,2020-02-12,25.0,positive,Q5,-0.014018,0.001382,-0.0154,-0.080578,0.008446,-0.089024,-0.419797,-0.269017,-0.150779,-0.463884,-0.215878,-0.248006
FNOX.ST,2020-02-12,0.0,negative,Q3,0.007307,0.001382,0.005925,0.093424,0.008446,0.084977,-0.177453,-0.269017,0.091564,0.121608,-0.215878,0.337486
PNDX-B.ST,2020-02-12,-3.11,negative,Q3,-0.013787,0.001382,-0.015169,0.039087,0.008446,0.03064,-0.540248,-0.269017,-0.271231,-0.614716,-0.215878,-0.398837
THULE.ST,2020-02-12,-14.71,negative,Q2,0.002656,0.001382,0.001274,0.033484,0.008446,0.025038,-0.289851,-0.269017,-0.020833,-0.189866,-0.215878,0.026012
TREL-B.ST,2020-02-12,-1.61,negative,Q3,-0.01195,0.001382,-0.013332,-0.015622,0.008446,-0.024068,-0.343375,-0.269017,-0.074357,-0.377606,-0.215878,-0.161728
SWEC-B.ST,2020-02-12,10.71,positive,Q4,-0.000577,0.001382,-0.001959,0.030874,0.008446,0.022428,-0.295374,-0.269017,-0.026356,-0.002212,-0.215878,0.213666
MIPS.ST,2020-02-13,7.21,positive,Q4,0.011564,0.001446,0.010118,0.034691,-0.003461,0.038152,-0.271661,-0.295109,0.023448,0.009623,-0.207893,0.217515
SOBI.ST,2020-02-13,-12.9,negative,Q2,-0.028607,0.001446,-0.030053,-0.041294,-0.003461,-0.037832,-0.328358,-0.295109,-0.033249,-0.020398,-0.207893,0.187495
VIT-B.ST,2020-02-13,-51.43,negative,Q1,0.013897,0.001446,0.012451,0.013897,-0.003461,0.017359,-0.314835,-0.295109,-0.019726,-0.157394,-0.207893,0.050499
BOL.ST,2020-02-13,-7.92,negative,Q2,0.011149,0.001446,0.009703,-0.027844,-0.003461,-0.024383,-0.333315,-0.295109,-0.038206,-0.149935,-0.207893,0.057958
BRAV.ST,2020-02-13,-7.98,negative,Q2,-0.024066,0.001446,-0.025512,-0.063982,-0.003461,-0.060521,-0.408654,-0.295109,-0.113545,-0.229781,-0.207893,-0.021889
MTRS.ST,2020-02-13,-17.72,negative,Q2,-0.029018,0.001446,-0.030464,-0.04789,-0.003461,-0.044428,-0.479911,-0.295109,-0.184801,-0.222606,-0.207893,-0.014713
HUFV-A.ST,2020-02-13,-72.93,negative,Q1,-0.031976,0.001446,-0.033422,-0.041297,-0.003461,-0.037836,-0.372691,-0.295109,-0.077582,-0.43297,-0.207893,-0.225077
AMBEA.ST,2020-02-14,-45.45,negative,Q1,-0.02625,-0.005061,-0.02119,-0.110593,-0.047737,-0.062856,-0.486797,-0.273022,-0.213775,-0.268251,-0.170622,-0.09763
BEIA-B.ST,2020-02-14,-14.44,negative,Q2,-0.028086,-0.005061,-0.023026,-0.103935,-0.047737,-0.056198,-0.434703,-0.273022,-0.161681,-0.343938,-0.170622,-0.173317
PDX.ST,2020-02-18,31.91,positive,Q5,0.01438,-0.000714,0.015094,-0.116313,-0.062194,-0.054119,-0.076918,-0.273485,0.196567,0.393352,-0.180941,0.574293
INSTAL.ST,2020-02-18,20.0,positive,Q5,0.001417,-0.000714,0.002131,-0.058094,-0.062194,0.0041,-0.45944,-0.273485,-0.185956,-0.07368,-0.180941,0.107261
SHOT.ST,2020-02-18,-14.47,negative,Q2,-0.004476,-0.000714,-0.003762,-0.12217,-0.062194,-0.059976,-0.761717,-0.273485,-0.488232,-0.60387,-0.180941,-0.422929
EMBRAC-B.ST,2020-02-19,-45.45,negative,Q1,0.016815,-0.010442,0.027258,-0.07814,-0.093388,0.015247,-0.169139,-0.286153,0.117014,None,None,None
SF.ST,2020-02-19,-11.11,negative,Q2,-0.010363,-0.010442,8e-05,-0.106736,-0.093388,-0.013348,-0.237306,-0.286153,0.048847,None,None,None
JOMA.ST,2020-02-19,-8.0,negative,Q2,-0.018893,-0.010442,-0.008451,-0.101215,-0.093388,-0.007827,-0.176788,-0.286153,0.109365,None,None,None
EKTA-B.ST,2020-02-20,0.0,negative,Q3,-0.061169,-0.043048,-0.018121,-0.115692,-0.111894,-0.003799,-0.423305,-0.312289,-0.111015,-0.119223,-0.172212,0.052989
CATE.ST,2020-02-20,-5.07,negative,Q2,-0.043253,-0.043048,-0.000206,-0.161201,-0.111894,-0.049308,-0.391866,-0.312289,-0.079577,-0.103814,-0.172212,0.068398
SINCH.ST,2020-02-20,-5.56,negative,Q2,-0.0766,-0.043048,-0.033552,-0.15425,-0.111894,-0.042356,-0.359916,-0.312289,-0.047627,0.299056,-0.172212,0.471267
ALIG.ST,2020-02-21,-34.15,negative,Q1,-0.013841,-0.016163,0.002322,-0.055097,-0.066216,0.011119,-0.306761,-0.230411,-0.07635,-0.120708,-0.116563,-0.004145
BALD-B.ST,2020-02-27,-424.76,negative,Q1,-0.016379,0.00617,-0.022549,0.044267,-0.023873,0.06814,-0.249668,-0.13161,-0.118058,-0.148738,-0.023413,-0.125325
PCELL.ST,2020-02-27,-211.11,negative,Q1,0.079776,0.00617,0.073606,-0.058943,-0.023873,-0.035071,0.01626,-0.13161,0.14787,0.368902,-0.023413,0.392316
SECT-B.ST,2020-03-04,86.36,positive,Q5,-0.005982,-0.032194,0.026212,-0.174122,-0.196685,0.022562,-0.06528,-0.165518,0.100238,0.194668,0.010276,0.184392
SYSR.ST,2020-03-11,-6.25,negative,Q2,0.0,0.017991,-0.017991,-0.129905,0.021044,-0.150949,None,None,None,0.324425,0.190018,0.134407
SKIS-B.ST,2020-03-18,5.24,positive,Q4,-0.024613,-0.018138,-0.006475,0.086367,0.065414,0.020953,0.21238,0.116315,0.096066,0.334267,0.208131,0.126136
DUST.ST,2020-04-01,-7.55,negative,Q2,-0.029348,-0.015834,-0.013514,0.095652,0.050152,0.0455,0.044565,0.077769,-0.033204,0.271739,0.18783,0.083909
HM-B.ST,2020-04-03,61.11,positive,Q5,0.071117,0.033953,0.037164,0.105586,0.051059,0.054528,0.03853,0.052355,-0.013824,0.111529,0.177399,-0.06587
PLAZ-B.ST,2020-04-16,0.83,positive,Q3,-0.006877,0.00431,-0.011187,-0.015005,-0.013308,-0.001697,-0.004064,0.016764,-0.020828,0.030009,0.15353,-0.12352
VIT-B.ST,2020-04-17,-31.63,negative,Q1,0.019052,-0.030958,0.05001,-0.028497,-0.001072,-0.027425,0.0317,0.009913,0.021787,0.422624,0.157913,0.264711
SAND.ST,2020-04-20,-2.82,negative,Q3,0.016719,0.022886,-0.006167,0.111819,0.050251,0.061568,None,None,None,0.228273,0.188779,0.039494
FABG.ST,2020-04-21,-15.18,negative,Q2,0.01199,0.009332,0.002658,0.013333,0.047932,-0.034598,-0.043204,0.018237,-0.061441,-0.02491,0.1651,-0.190009
TEL2-B.ST,2020-04-21,7.98,positive,Q4,0.001587,0.009332,-0.007745,0.003175,0.047932,-0.044757,-0.022902,0.018237,-0.04114,0.060771,0.1651,-0.104329
GETI-B.ST,2020-04-22,16.53,positive,Q4,-0.03571,-0.018003,-0.017707,-0.019259,0.023366,-0.042625,-0.071936,0.030295,-0.102232,0.13109,0.155141,-0.02405
EPI-A.ST,2020-04-22,7.27,positive,Q4,-0.016122,-0.018003,0.001881,-0.041394,0.023366,-0.06476,0.0061,0.030295,-0.024195,0.227996,0.155141,0.072855
BIOA-B.ST,2020-04-22,108.16,positive,Q5,-0.004525,-0.018003,0.013479,0.044495,0.023366,0.021129,0.084465,0.030295,0.054169,0.340121,0.155141,0.18498
ERIC-B.ST,2020-04-22,11.27,positive,Q4,-0.034967,-0.018003,-0.016964,0.012611,0.023366,-0.010755,0.035684,0.030295,0.005388,0.24219,0.155141,0.087049
AXFO.ST,2020-04-22,6.08,positive,Q4,-0.00562,-0.018003,0.012384,-0.029952,0.023366,-0.053318,-0.040236,0.030295,-0.070531,-0.083788,0.155141,-0.238928
CEVI.ST,2020-04-22,-13.27,negative,Q2,-0.018324,-0.018003,-0.000321,0.002134,0.023366,-0.021232,0.079626,0.030295,0.049331,0.100085,0.155141,-0.055056
SHB-A.ST,2020-04-22,17.75,positive,Q4,-0.008925,-0.018003,0.009078,0.065334,0.023366,0.041968,0.025527,0.030295,-0.004769,0.028561,0.155141,-0.126579
TELIA.ST,2020-04-22,-20.41,negative,Q1,0.009713,-0.018003,0.027716,0.006334,0.023366,-0.017031,-0.061655,0.030295,-0.091951,0.067568,0.155141,-0.087573
VPLAY-B.ST,2020-04-23,2.21,positive,Q3,0.028493,0.016765,0.011729,0.042286,-0.00589,0.048176,0.261443,0.061103,0.200339,0.742195,0.155939,0.586256
SKF-B.ST,2020-04-23,3.4,positive,Q3,0.001934,0.016765,-0.014831,-0.056621,-0.00589,-0.050731,0.078976,0.061103,0.017872,0.087407,0.155939,-0.068532
ATCO-A.ST,2020-04-23,2.93,positive,Q3,-0.002042,0.016765,-0.018807,-0.068736,-0.00589,-0.062845,0.056758,0.061103,-0.004346,0.159929,0.155939,0.00399
HMS.ST,2020-04-23,71.19,positive,Q5,0.013612,0.016765,-0.003153,0.004961,-0.00589,0.010852,0.101132,0.061103,0.040029,0.188653,0.155939,0.032714
ALFA.ST,2020-04-23,-6.9,negative,Q2,0.083985,0.016765,0.067221,0.046035,-0.00589,0.051926,0.1012,0.061103,0.040096,0.289645,0.155939,0.133706
ESSITY-B.ST,2020-04-23,1.05,positive,Q3,0.020405,0.016765,0.00364,0.017762,-0.00589,0.023652,0.009872,0.061103,-0.051231,-0.054336,0.155939,-0.210275
DIOS.ST,2020-04-23,-11.33,negative,Q2,-0.010272,0.016765,-0.027037,-0.03424,-0.00589,-0.028349,0.059819,0.061103,-0.001285,0.021954,0.155939,-0.133985
ATORX.ST,2020-04-23,7.02,positive,Q4,0.285489,0.016765,0.268724,0.14511,-0.00589,0.151001,0.230284,0.061103,0.16918,0.422713,0.155939,0.266774
MTRS.ST,2020-04-23,-20.51,negative,Q1,-0.025864,0.016765,-0.042629,0.060986,-0.00589,0.066876,0.219439,0.061103,0.158336,0.628641,0.155939,0.472702
ESSITY-A.ST,2020-04-23,18.67,positive,Q5,0.01971,0.016765,0.002945,0.016419,-0.00589,0.022309,0.004918,0.061103,-0.056186,-0.059131,0.155939,-0.21507
MYCR.ST,2020-04-23,-14.89,negative,Q2,0.033564,0.016765,0.016799,-0.001199,-0.00589,0.004692,0.016516,0.061103,-0.044588,0.023442,0.155939,-0.132497
SWED-A.ST,2020-04-23,2.49,positive,Q3,0.008067,0.016765,-0.008698,-0.030315,-0.00589,-0.024425,0.014832,0.061103,-0.046271,0.310565,0.155939,0.154626
BONAV-B.ST,2020-04-23,-99.05,negative,Q1,0.08869,0.016765,0.071925,0.046338,-0.00589,0.052228,0.080219,0.061103,0.019116,0.458645,0.155939,0.302706
BHG.ST,2020-04-23,51.43,positive,Q5,0.027068,0.016765,0.010303,0.03609,-0.00589,0.041981,0.233083,0.061103,0.171979,0.633083,0.155939,0.477144
TREL-B.ST,2020-04-23,11.85,positive,Q4,0.022978,0.016765,0.006213,-0.012248,-0.00589,-0.006358,0.084599,0.061103,0.023496,0.224744,0.155939,0.068805
VOLV-B.ST,2020-04-23,6.25,positive,Q4,0.018099,0.016765,0.001334,0.035692,-0.00589,0.041582,0.1596,0.061103,0.098497,0.356664,0.155939,0.200725
ALIG.ST,2020-04-24,-36.67,negative,Q1,0.027951,0.018829,0.009121,0.030985,-0.000868,0.031853,0.099345,0.054485,0.04486,0.183198,0.14342,0.039778
HUSQ-B.ST,2020-04-24,10.19,positive,Q4,-0.031207,0.018829,-0.050036,-0.058636,-0.000868,-0.057769,0.15325,0.054485,0.098765,0.390976,0.14342,0.247556
AAK.ST,2020-04-24,4.17,positive,Q3,0.039042,0.018829,0.020212,0.048928,-0.000868,0.049796,0.058238,0.054485,0.003753,0.04265,0.14342,-0.10077
SCA-B.ST,2020-04-24,-10.39,negative,Q2,0.029663,0.018829,0.010834,0.005954,-0.000868,0.006822,0.134676,0.054485,0.080191,0.053481,0.14342,-0.08994
LIFCO-B.ST,2020-04-24,17.33,positive,Q4,-0.003433,0.018829,-0.022262,0.014876,-0.000868,0.015744,0.247282,0.054485,0.192798,0.540108,0.14342,0.396688
CAST.ST,2020-04-24,2.32,positive,Q3,0.004364,0.018829,-0.014466,0.038534,-0.000868,0.039402,0.058213,0.054485,0.003729,0.096171,0.14342,-0.047249
SAAB-B.ST,2020-04-24,-8.42,negative,Q2,0.012046,0.018829,-0.006784,0.028991,-0.000868,0.029859,0.088403,0.054485,0.033919,0.379951,0.14342,0.236531
ALIV-SDB.ST,2020-04-24,76.0,positive,Q5,-0.037578,0.018829,-0.056408,-0.086722,-0.000868,-0.085854,0.043689,0.054485,-0.010795,-0.025046,0.14342,-0.168466
ANOD-B.ST,2020-04-24,20.42,positive,Q5,0.0,0.018829,-0.018829,-0.056446,-0.000868,-0.055578,0.0,0.054485,-0.054485,0.168105,0.14342,0.024684
BILL.ST,2020-04-24,-12.75,negative,Q2,0.021277,0.018829,0.002447,0.036068,-0.000868,0.036936,0.144044,0.054485,0.089559,0.274889,0.14342,0.131469
DUNI.ST,2020-04-24,-70.75,negative,Q1,-0.001341,0.018829,-0.02017,0.032926,-0.000868,0.033794,0.257598,0.054485,0.203114,0.135429,0.14342,-0.007991
DOM.ST,2020-04-24,6.15,positive,Q4,0.047554,0.018829,0.028724,0.138943,-0.000868,0.139811,0.415264,0.054485,0.360779,0.523092,0.14342,0.379672
SSAB-A.ST,2020-04-27,142.86,positive,Q5,0.05798,0.020627,0.037353,-0.059175,-0.03003,-0.029145,0.050209,0.056793,-0.006584,0.141662,0.118424,0.023238
INDT.ST,2020-04-27,11.46,positive,Q4,0.036211,0.020627,0.015584,0.025628,-0.03003,0.055658,0.189977,0.056793,0.133184,0.474061,0.118424,0.355637
ARJO-B.ST,2020-04-27,2.08,positive,Q3,0.002934,0.020627,-0.017693,-0.042654,-0.03003,-0.012624,0.055067,0.056793,-0.001726,0.113293,0.118424,-0.005131
BEIA-B.ST,2020-04-27,4.71,positive,Q4,0.012981,0.020627,-0.007646,-0.008694,-0.03003,0.021337,0.080505,0.056793,0.023712,0.190425,0.118424,0.072001
WIHL.ST,2020-04-28,-2.0,negative,Q3,0.015232,-0.014329,0.029561,0.029047,-0.039429,0.068476,0.098831,0.018058,0.080773,0.07616,0.099778,-0.023618
MTG-B.ST,2020-04-28,-25.64,negative,Q1,-0.039806,-0.014329,-0.025477,-0.067961,-0.039429,-0.028532,0.040777,0.018058,0.022718,0.181553,0.099778,0.081776
AFRY.ST,2020-04-28,-5.66,negative,Q2,-0.019238,-0.014329,-0.004909,-0.045059,-0.039429,-0.00563,0.104372,0.018058,0.086314,0.258213,0.099778,0.158435
RESURS.ST,2020-04-28,-26.62,negative,Q1,-0.009683,-0.014329,0.004645,-0.058473,-0.039429,-0.019044,0.088641,0.018058,0.070582,0.2473,0.099778,0.147522
NCC-B.ST,2020-04-28,-56.0,negative,Q1,-0.009811,-0.014329,0.004517,-0.012456,-0.039429,0.026973,-0.020391,0.018058,-0.038449,0.007934,0.099778,-0.091843
COOR.ST,2020-04-28,24.68,positive,Q5,-0.004609,-0.014329,0.00972,-0.026189,-0.039429,0.01324,-0.104965,0.018058,-0.123024,0.101823,0.099778,0.002045
FNOX.ST,2020-04-28,0.0,negative,Q3,0.044104,-0.014329,0.058432,0.034995,-0.039429,0.074424,0.211889,0.018058,0.193831,0.165388,0.099778,0.065611
BOL.ST,2020-04-28,-10.93,negative,Q2,-0.040279,-0.014329,-0.025951,-0.089366,-0.039429,-0.049937,-0.021549,0.018058,-0.039607,0.171041,0.099778,0.071263
JM.ST,2020-04-28,3.17,positive,Q3,-0.000554,-0.014329,0.013774,-0.045735,-0.039429,-0.006306,0.016562,0.018058,-0.001497,0.443975,0.099778,0.344197
THULE.ST,2020-04-28,6.48,positive,Q4,-0.017656,-0.014329,-0.003327,0.009682,-0.039429,0.049111,0.155297,0.018058,0.137239,0.41115,0.099778,0.311373
SKA-B.ST,2020-04-28,-1.03,negative,Q3,-0.011871,-0.014329,0.002458,-0.052826,-0.039429,-0.013397,-0.006859,0.018058,-0.024917,-0.029809,0.099778,-0.129587
WALL-B.ST,2020-04-28,-6.49,negative,Q2,-0.022195,-0.014329,-0.007866,0.004727,-0.039429,0.044156,0.047267,0.018058,0.029209,0.056926,0.099778,-0.042852
HEXA-B.ST,2020-04-29,0.0,negative,Q3,-0.057573,-0.046077,-0.011496,-0.029046,-0.009335,-0.019711,0.063797,0.045291,0.018505,0.177127,0.090223,0.086904
SINCH.ST,2020-04-29,30.77,positive,Q5,-0.022593,-0.046077,0.023484,0.121807,-0.009335,0.131142,0.223968,0.045291,0.178677,0.277014,0.090223,0.186791
ASSA-B.ST,2020-04-29,-28.57,negative,Q1,0.009948,-0.046077,0.056025,0.064756,-0.009335,0.074091,0.089157,0.045291,0.043866,0.112995,0.090223,0.022772
SEB-A.ST,2020-04-29,-31.65,negative,Q1,-0.082481,-0.046077,-0.036404,-0.061861,-0.009335,-0.052526,0.042973,0.045291,-0.002318,0.060128,0.090223,-0.030095
HOLM-B.ST,2020-04-29,-0.99,negative,Q3,-0.039972,-0.046077,0.006105,0.008396,-0.009335,0.01773,0.067944,0.045291,0.022653,0.060941,0.090223,-0.029282
CATE.ST,2020-04-29,13.27,positive,Q4,-0.051541,-0.046077,-0.005463,0.091761,-0.009335,0.101096,0.169054,0.045291,0.123763,0.157805,0.090223,0.067583
BILI-A.ST,2020-04-29,30.82,positive,Q5,-0.019565,-0.046077,0.026512,0.070751,-0.009335,0.080086,0.237747,0.045291,0.192456,0.362253,0.090223,0.27203
SOBI.ST,2020-04-29,-7.66,negative,Q2,-0.016842,-0.046077,0.029235,0.041842,-0.009335,0.051177,0.088421,0.045291,0.04313,-0.043421,0.090223,-0.133644
MIPS.ST,2020-04-29,4.17,positive,Q3,-0.012149,-0.046077,0.033929,0.045167,-0.009335,0.054501,0.280241,0.045291,0.23495,0.455528,0.090223,0.365305
LIAB.ST,2020-04-29,1.14,positive,Q3,-0.06309,-0.046077,-0.017013,-0.044327,-0.009335,-0.034992,0.069261,0.045291,0.023969,0.506108,0.090223,0.415885
PNDX-B.ST,2020-04-29,40.17,positive,Q5,-0.119142,-0.046077,-0.073065,-0.079463,-0.009335,-0.070128,0.129869,0.045291,0.084577,0.067798,0.090223,-0.022424
GRNG.ST,2020-04-30,26.83,positive,Q5,0.007854,0.021902,-0.014048,0.041096,0.034066,0.00703,0.143562,0.10747,0.036092,0.022283,0.134294,-0.112011
NOLA-B.ST,2020-05-04,33.33,positive,Q5,0.006429,-0.010908,0.017337,0.109301,0.020707,0.088594,0.163523,0.111679,0.051845,0.401843,0.135318,0.266525
ACAD.ST,2020-05-05,-16.08,negative,Q2,0.008687,0.010737,-0.00205,-0.036401,0.000812,-0.037213,0.151396,0.11771,0.033686,0.076525,0.139902,-0.063377
NOBI.ST,2020-05-05,-14.75,negative,Q2,0.011189,0.010737,0.000452,0.030769,0.000812,0.029957,0.306294,0.11771,0.188584,0.453147,0.139902,0.313245
SF.ST,2020-05-06,13.64,positive,Q4,-0.021841,0.016552,-0.038393,0.035881,-0.03981,0.075692,0.032761,0.125364,-0.092603,0.360374,0.135104,0.22527
PEAB-B.ST,2020-05-06,-30.51,negative,Q1,0.001372,0.016552,-0.01518,-0.067593,-0.03981,-0.027783,0.134843,0.125364,0.009479,0.137416,0.135104,0.002312
COIC.ST,2020-05-06,-14.44,negative,Q2,0.102702,0.016552,0.08615,-0.024773,-0.03981,0.015037,0.20355,0.125364,0.078186,0.355798,0.135104,0.220694
ATT.ST,2020-05-06,266.67,positive,Q5,-0.025774,0.016552,-0.042327,-0.109294,-0.03981,-0.069484,0.043618,0.125364,-0.081746,0.069145,0.135104,-0.065959
LOOMIS.ST,2020-05-06,5.16,positive,Q4,0.000781,0.016552,-0.015771,-0.120931,-0.03981,-0.081121,0.15114,0.125364,0.025775,-0.17027,0.135104,-0.305374
INTRUM.ST,2020-05-06,21.61,positive,Q5,0.070056,0.016552,0.053504,-0.072539,-0.03981,-0.032729,0.609132,0.125364,0.483768,0.730786,0.135104,0.595681
HUFV-A.ST,2020-05-07,53.68,positive,Q5,-0.033275,-0.004286,-0.028989,-0.116461,-0.044507,-0.071955,0.019014,0.098821,-0.079807,-0.093486,0.112562,-0.206048
INSTAL.ST,2020-05-07,32.14,positive,Q5,0.029168,-0.004286,0.033454,-0.01892,-0.044507,0.025587,0.086322,0.098821,-0.012499,0.236894,0.112562,0.124332
ELUX-B.ST,2020-05-07,-7.69,negative,Q2,-0.00329,-0.004286,0.000996,-0.011151,-0.044507,0.033356,0.173202,0.098821,0.074381,0.245042,0.112562,0.13248
SECU-B.ST,2020-05-07,-4.08,negative,Q3,-0.035868,-0.004286,-0.031582,-0.084556,-0.044507,-0.040049,0.09417,0.098821,-0.004651,0.06126,0.112562,-0.051302
BIOG-B.ST,2020-05-07,9.55,positive,Q4,0.003081,-0.004286,0.007367,-0.01331,-0.044507,0.031196,-0.043012,0.098821,-0.141833,0.141361,0.112562,0.028799
JOMA.ST,2020-05-07,-30.0,negative,Q1,0.0,-0.004286,0.004286,-0.080282,-0.044507,-0.035775,0.028169,0.098821,-0.070652,0.070423,0.112562,-0.042139
PCELL.ST,2020-05-08,161.54,positive,Q5,0.004862,0.0087,-0.003838,-0.008104,0.006212,-0.014316,0.114263,0.090084,0.024179,0.158833,0.118196,0.040637
BRAV.ST,2020-05-08,-3.03,negative,Q3,0.009993,0.0087,0.001293,-0.020408,0.006212,-0.02662,0.063758,0.090084,-0.026326,0.180155,0.118196,0.061959
BALD-B.ST,2020-05-08,15.81,positive,Q4,-0.020532,0.0087,-0.029233,-0.06616,0.006212,-0.072372,-0.06185,0.090084,-0.151934,-0.051458,0.118196,-0.169653
PDX.ST,2020-05-12,51.25,positive,Q5,-0.005564,-0.030288,0.024724,0.025752,0.022203,0.003549,-0.169875,0.056758,-0.226634,0.116402,0.173153,-0.056751
LAGR-B.ST,2020-05-13,-10.71,negative,Q2,0.051756,0.01158,0.040177,None,None,None,0.160633,0.089775,0.070858,0.48163,0.211631,0.27
AMBEA.ST,2020-05-13,-1.3,negative,Q3,-0.011889,0.01158,-0.023469,None,None,None,-0.024659,0.089775,-0.114434,0.084324,0.211631,-0.127307
SWEC-B.ST,2020-05-15,22.52,positive,Q5,0.005504,-0.003754,0.009258,0.029169,0.014331,0.014838,0.134746,0.067479,0.067267,0.413686,0.120069,0.293617
MEKO.ST,2020-05-29,-70.29,negative,Q1,-0.003624,0.010666,-0.014291,0.043493,0.041398,0.002095,-0.043493,0.015554,-0.059046,0.391269,0.077111,0.314158
EKTA-B.ST,2020-05-29,0.0,negative,Q3,-0.005467,0.010666,-0.016134,-0.088068,0.041398,-0.129465,-0.10019,0.015554,-0.115744,0.050749,0.077111,-0.026362
SECT-B.ST,2020-06-03,6.25,positive,Q4,-0.00098,0.017659,-0.018639,0.012191,-0.053764,0.065956,0.1599,0.017877,0.142023,0.26113,0.048444,0.212686
CLAS-B.ST,2020-06-03,60.0,positive,Q5,-0.020185,0.017659,-0.037844,-0.094798,-0.053764,-0.041033,-0.029316,0.017877,-0.047194,-0.060435,0.048444,-0.108879
SYSR.ST,2020-06-09,-101.29,negative,Q1,-0.047677,-0.049201,0.001524,-0.034055,-0.008738,-0.025317,-0.054245,0.011405,-0.065649,0.237169,0.053343,0.183826
SKIS-B.ST,2020-06-18,-177.78,negative,Q1,0.007369,0.015476,-0.008107,-0.001134,0.008336,-0.00947,0.079016,0.070989,0.008027,0.251786,0.106193,0.145593
HM-B.ST,2020-06-26,1.63,positive,Q3,-0.003684,-0.004276,0.000592,0.052035,0.035509,0.016526,0.006999,0.049489,-0.04249,0.081875,0.063407,0.018468
DUST.ST,2020-07-01,-7.14,negative,Q2,0.057866,-0.005028,0.062895,0.037975,-0.003511,0.041485,-0.039783,0.002071,-0.041854,0.01085,0.077927,-0.067077
DIOS.ST,2020-07-03,0.64,positive,Q3,-0.018729,-0.006025,-0.012703,-0.039258,0.006844,-0.046102,-0.078516,0.001943,-0.080459,0.009544,0.057288,-0.047743
WIHL.ST,2020-07-06,-12.69,negative,Q2,0.004435,-0.004605,0.00904,-0.037694,0.010546,-0.04824,-0.029142,0.014552,-0.043693,0.148242,0.05419,0.094052
FABG.ST,2020-07-06,-8.93,negative,Q2,0.033194,-0.004605,0.037799,-0.004604,0.010546,-0.01515,0.048399,0.014552,0.033848,0.14841,0.05419,0.09422
PLAZ-B.ST,2020-07-07,5.38,positive,Q4,-0.045074,-0.008578,-0.036496,-0.043818,0.0323,-0.076118,-0.053586,0.015539,-0.069126,0.188808,0.074244,0.114564
CATE.ST,2020-07-07,4.78,positive,Q4,-0.014793,-0.008578,-0.006215,-0.036288,0.0323,-0.068588,-0.032272,0.015539,-0.047812,0.087339,0.074244,0.013095
BIOA-B.ST,2020-07-10,14.0,positive,Q4,0.002475,-0.002371,0.004847,0.089109,0.023989,0.06512,0.136757,0.024992,0.111766,0.086015,0.056615,0.0294
VIT-B.ST,2020-07-10,87.65,positive,Q5,0.007468,-0.002371,0.00984,0.003753,0.023989,-0.020235,0.037341,0.024992,0.012349,0.148673,0.056615,0.092058
VITR.ST,2020-07-13,-84.29,negative,Q1,0.003879,0.016823,-0.012944,0.045651,0.021161,0.024491,0.13218,0.028987,0.103193,0.143816,0.058363,0.085453
ESSITY-B.ST,2020-07-13,-6.02,negative,Q2,0.007186,0.016823,-0.009638,-0.007186,0.021161,-0.028346,0.007186,0.028987,-0.021802,0.012999,0.058363,-0.045365
HEXA-B.ST,2020-07-13,66.67,positive,Q5,0.007639,0.016823,-0.009184,0.015932,0.021161,-0.005229,0.034483,0.028987,0.005496,0.180052,0.058363,0.121689
ESSITY-A.ST,2020-07-13,7.22,positive,Q4,0.005128,0.016823,-0.011695,-0.006865,0.021161,-0.028025,0.006824,0.028987,-0.022163,0.035939,0.058363,-0.022424
ATORX.ST,2020-07-13,-2.38,negative,Q3,-0.010022,0.016823,-0.026845,0.021158,0.021161,-3e-06,0.005568,0.028987,-0.023419,-0.10245,0.058363,-0.160813
JM.ST,2020-07-14,-10.8,negative,Q2,0.049975,-0.007524,0.057499,0.065885,0.006787,0.059098,0.062294,0.010721,0.051574,0.112668,0.049519,0.063149
AFRY.ST,2020-07-14,6.5,positive,Q4,0.034434,-0.007524,0.041957,0.058005,0.006787,0.051217,0.09518,0.010721,0.08446,0.242038,0.049519,0.192518
HMS.ST,2020-07-15,100.0,positive,Q5,0.007544,0.008894,-0.00135,0.071476,0.015134,0.056342,0.145691,-0.000195,0.145886,0.175478,0.044975,0.130503
PNDX-B.ST,2020-07-15,255.51,positive,Q5,-0.026512,0.008894,-0.035407,-0.066281,0.015134,-0.081415,-0.105961,-0.000195,-0.105766,-0.183808,0.044975,-0.228783
DUNI.ST,2020-07-15,-228.57,negative,Q1,-0.006496,0.008894,-0.01539,-0.054051,0.015134,-0.069185,-0.052948,-0.000195,-0.052753,0.054051,0.044975,0.009076
TEL2-B.ST,2020-07-15,28.74,positive,Q5,0.0,0.008894,-0.008894,0.026648,0.015134,0.011513,-0.032618,-0.000195,-0.032423,-0.033835,0.044975,-0.078809
SHB-A.ST,2020-07-15,24.22,positive,Q5,-0.020164,0.008894,-0.029058,-0.05541,0.015134,-0.070544,-0.05,-0.000195,-0.049805,-0.173607,0.044975,-0.218581
SEB-A.ST,2020-07-15,27.95,positive,Q5,-0.000911,0.008894,-0.009805,-0.022934,0.015134,-0.038068,-0.064854,-0.000195,-0.064659,-0.108293,0.044975,-0.153268
CAST.ST,2020-07-15,11.41,positive,Q4,-0.013814,0.008894,-0.022708,-0.005023,0.015134,-0.020157,0.047204,-0.000195,0.047399,0.17382,0.044975,0.128845
AXFO.ST,2020-07-15,7.35,positive,Q4,-0.015885,0.008894,-0.024779,-0.026336,0.015134,-0.04147,-0.028367,-0.000195,-0.028172,0.082353,0.044975,0.037378
BONAV-B.ST,2020-07-16,-84.96,negative,Q1,0.069264,0.008127,0.061137,0.013853,-0.011247,0.0251,0.104762,0.001909,0.102852,0.229612,0.039942,0.18967
GRNG.ST,2020-07-16,-97.92,negative,Q1,0.001406,0.008127,-0.00672,0.006328,-0.011247,0.017575,0.055897,0.001909,0.053988,0.306557,0.039942,0.266614
DOM.ST,2020-07-16,423.08,positive,Q5,0.045721,0.008127,0.037595,0.021291,-0.011247,0.032538,0.190119,0.001909,0.188209,0.368773,0.039942,0.328831
CEVI.ST,2020-07-16,54.05,positive,Q5,0.012645,0.008127,0.004518,0.004655,-0.011247,0.015902,0.01796,0.001909,0.016051,0.164351,0.039942,0.124409
SOBI.ST,2020-07-16,-43.79,negative,Q1,-0.003148,0.008127,-0.011275,-0.041448,-0.011247,-0.030201,-0.000525,0.001909,-0.002434,-0.076863,0.039942,-0.116805
MYCR.ST,2020-07-16,246.03,positive,Q5,-0.0228,0.008127,-0.030927,-0.052995,-0.011247,-0.041748,-0.034262,0.001909,-0.036171,0.185482,0.039942,0.14554
BALD-B.ST,2020-07-16,-22.37,negative,Q1,0.00697,0.008127,-0.001157,-0.025927,-0.011247,-0.01468,-0.003067,0.001909,-0.004976,0.299415,0.039942,0.259473
ATCO-A.ST,2020-07-16,24.56,positive,Q5,0.002752,0.008127,-0.005374,-0.022706,-0.011247,-0.01146,-0.024656,0.001909,-0.026565,0.044495,0.039942,0.004553
SWEC-B.ST,2020-07-16,21.98,positive,Q5,0.038454,0.008127,0.030327,0.015803,-0.011247,0.02705,0.026668,0.001909,0.024758,-0.01363,0.039942,-0.053572
HUSQ-B.ST,2020-07-16,17.09,positive,Q4,0.002715,0.008127,-0.005412,0.013575,-0.011247,0.024821,0.108899,0.001909,0.10699,0.27994,0.039942,0.239998
GETI-B.ST,2020-07-16,67.76,positive,Q5,0.047272,0.008127,0.039145,0.045738,-0.011247,0.056985,0.040699,0.001909,0.03879,0.054777,0.039942,0.014834
SAND.ST,2020-07-16,17.69,positive,Q4,-0.021815,0.008127,-0.029942,-0.048987,-0.011247,-0.03774,-0.00568,0.001909,-0.007589,-0.022073,0.039942,-0.062015
WALL-B.ST,2020-07-17,-31.71,negative,Q1,0.007253,-0.005127,0.01238,-0.036856,-0.013575,-0.023281,0.029406,-0.013699,0.043105,0.215252,0.015925,0.199327
MTRS.ST,2020-07-17,42.59,positive,Q5,-0.013889,-0.005127,-0.008762,-0.033915,-0.013575,-0.02034,-0.066214,-0.013699,-0.052515,0.057009,0.015925,0.041084
SWED-A.ST,2020-07-17,27.51,positive,Q5,0.001943,-0.005127,0.007069,-0.029629,-0.013575,-0.016054,-0.034875,-0.013699,-0.021176,-0.037206,0.015925,-0.053131
LIFCO-B.ST,2020-07-17,4.41,positive,Q3,-0.009637,-0.005127,-0.00451,-0.03926,-0.013575,-0.025686,-0.077807,-0.013699,-0.064108,-0.122564,0.015925,-0.138489
SHOT.ST,2020-07-17,-244.1,negative,Q1,-0.033276,-0.005127,-0.02815,-0.096741,-0.013575,-0.083166,-0.075129,-0.013699,-0.06143,-0.237736,0.015925,-0.253661
BRAV.ST,2020-07-17,23.16,positive,Q5,-0.014325,-0.005127,-0.009198,-0.0163,-0.013575,-0.002726,0.024204,-0.013699,0.037902,0.198691,0.015925,0.182766
SINCH.ST,2020-07-17,-57.14,negative,Q1,-0.044386,-0.005127,-0.03926,-0.08094,-0.013575,-0.067365,0.019582,-0.013699,0.033281,0.143603,0.015925,0.127678
NCC-B.ST,2020-07-17,-14.44,negative,Q2,0.006413,-0.005127,0.011539,-0.01091,-0.013575,0.002664,0.007079,-0.013699,0.020778,0.00508,0.015925,-0.010845
ASSA-B.ST,2020-07-17,-13.68,negative,Q2,-0.010323,-0.005127,-0.005197,-0.054867,-0.013575,-0.041293,-0.068442,-0.013699,-0.054743,-0.012233,0.015925,-0.028158
LAGR-B.ST,2020-07-17,0.0,negative,Q3,0.004475,-0.005127,0.009601,0.010023,-0.013575,0.023598,0.022373,-0.013699,0.036072,0.029891,0.015925,0.013966
PEAB-B.ST,2020-07-17,-4.66,negative,Q2,-0.018529,-0.005127,-0.013403,-0.021471,-0.013575,-0.007896,-0.019118,-0.013699,-0.005419,0.033676,0.015925,0.017751
AAK.ST,2020-07-17,0.0,negative,Q3,0.024571,-0.005127,0.029697,0.047184,-0.013575,0.060759,0.10669,-0.013699,0.120389,0.18707,0.015925,0.171145
ELUX-B.ST,2020-07-17,64.84,positive,Q5,-0.017578,-0.005127,-0.012451,-0.014166,-0.013575,-0.000591,0.048802,-0.013699,0.062501,0.202996,0.015925,0.187071
BILL.ST,2020-07-17,6.06,positive,Q4,-0.022632,-0.005127,-0.017506,-0.024634,-0.013575,-0.01106,-0.022284,-0.013699,-0.008585,0.009749,0.015925,-0.006176
INDT.ST,2020-07-17,32.47,positive,Q5,-0.026147,-0.005127,-0.021021,-0.040155,-0.013575,-0.02658,-0.023613,-0.013699,-0.009914,0.03682,0.015925,0.020895
ERIC-B.ST,2020-07-17,51.61,positive,Q5,0.014073,-0.005127,0.019199,-0.00774,-0.013575,0.005835,-0.022869,-0.013699,-0.00917,-0.065674,0.015925,-0.081599
NOLA-B.ST,2020-07-17,11.43,positive,Q4,-0.001332,-0.005127,0.003795,-0.023968,-0.013575,-0.010393,0.057405,-0.013699,0.071104,0.119248,0.015925,0.103323
SAAB-B.ST,2020-07-17,30.43,positive,Q5,0.014078,-0.005127,0.019205,0.00163,-0.013575,0.015205,-0.03364,-0.013699,-0.019941,-0.082839,0.015925,-0.098764
ANOD-B.ST,2020-07-17,-8.33,negative,Q2,-0.010449,-0.005127,-0.005323,-0.009613,-0.013575,0.003961,-0.039498,-0.013699,-0.025799,0.082132,0.015925,0.066207
TELIA.ST,2020-07-17,46.67,positive,Q5,-0.004309,-0.005127,0.000818,-0.02546,-0.013575,-0.011886,-0.067372,-0.013699,-0.053673,0.061496,0.015925,0.045571
COOR.ST,2020-07-17,57.75,positive,Q5,0.004242,-0.005127,0.009369,0.014076,-0.013575,0.027651,-0.061126,-0.013699,-0.047427,-0.11801,0.015925,-0.133935
ALIV-SDB.ST,2020-07-17,-4.48,negative,Q2,0.016754,-0.005127,0.021881,0.037605,-0.013575,0.05118,0.062902,-0.013699,0.076601,0.231785,0.015925,0.21586
ARJO-B.ST,2020-07-17,4.44,positive,Q3,-0.021402,-0.005127,-0.016276,0.009172,-0.013575,0.022747,-0.049327,-0.013699,-0.035628,0.133714,0.015925,0.117789
LIAB.ST,2020-07-17,63.93,positive,Q5,-0.007798,-0.005127,-0.002671,0.00861,-0.013575,0.022185,-0.00926,-0.013699,0.004439,0.142149,0.015925,0.126224
NOBI.ST,2020-07-20,-312.5,negative,Q1,0.015977,0.002511,0.013467,0.018327,-0.011906,0.030233,0.013158,-8.5e-05,0.013243,0.135808,0.033749,0.10206
TREL-B.ST,2020-07-20,48.8,positive,Q5,0.019545,0.002511,0.017034,-0.015789,-0.011906,-0.003884,0.015789,-8.5e-05,0.015874,0.163256,0.033749,0.129507
SKF-B.ST,2020-07-21,-38.52,negative,Q1,-0.006967,0.000704,-0.007671,-0.028215,-0.010821,-0.017394,-0.008708,-0.015683,0.006975,0.115438,0.03469,0.080749
RESURS.ST,2020-07-21,-1.39,negative,Q3,-0.022695,0.000704,-0.023399,-0.03792,-0.010821,-0.027099,-0.068371,-0.015683,-0.052688,0.024131,0.03469,-0.010559
THULE.ST,2020-07-21,13.96,positive,Q4,0.0,0.000704,-0.000704,-0.010517,-0.010821,0.000305,-0.022497,-0.015683,-0.006814,0.108094,0.03469,0.073404
ALFA.ST,2020-07-21,46.19,positive,Q5,0.00538,0.000704,0.004676,-0.033218,-0.010821,-0.022397,-0.013475,-0.015683,0.002208,-0.111402,0.03469,-0.146091
SSAB-A.ST,2020-07-21,30.0,positive,Q5,0.028013,0.000704,0.027308,0.013742,-0.010821,0.024563,0.051269,-0.015683,0.066952,0.168605,0.03469,0.133915
SCA-B.ST,2020-07-21,-4.41,negative,Q2,0.017998,0.000704,0.017294,0.040366,-0.010821,0.051187,0.047545,-0.015683,0.063228,0.134103,0.03469,0.099414
VPLAY-B.ST,2020-07-22,-6.13,negative,Q2,0.011795,-0.017325,0.029119,-0.021917,-0.034146,0.012229,-0.024646,-0.015701,-0.008945,-0.013907,0.03396,-0.047868
BOL.ST,2020-07-22,20.15,positive,Q5,-0.013276,-0.017325,0.004049,-0.039039,-0.034146,-0.004892,0.021765,-0.015701,0.037466,0.037064,0.03396,0.003104
MIPS.ST,2020-07-23,-45.76,negative,Q1,0.025063,0.005753,0.01931,0.101422,-0.024505,0.125928,0.060841,0.0218,0.03904,0.19213,0.040266,0.151864
ALIG.ST,2020-07-23,64.91,positive,Q5,-0.012267,0.005753,-0.01802,-0.043733,-0.024505,-0.019228,0.033333,0.0218,0.011533,0.122533,0.040266,0.082267
EPI-A.ST,2020-07-23,-4.6,negative,Q2,0.027798,0.005753,0.022044,-0.014121,-0.024505,0.010385,0.056838,0.0218,0.035038,0.017318,0.040266,-0.022948
SKA-B.ST,2020-07-23,82.72,positive,Q5,-0.001635,0.005753,-0.007388,-0.037663,-0.024505,-0.013157,-0.01008,0.0218,-0.03188,0.005176,0.040266,-0.03509
INTRUM.ST,2020-07-23,173.47,positive,Q5,-0.016939,0.005753,-0.022692,-0.080162,-0.024505,-0.055657,0.000895,0.0218,-0.020906,0.10241,0.040266,0.062144
ATT.ST,2020-07-23,125.0,positive,Q5,-0.018851,0.005753,-0.024604,-0.0193,-0.024505,0.005206,-0.009425,0.0218,-0.031226,0.000898,0.040266,-0.039368
BHG.ST,2020-07-23,-7.74,negative,Q2,0.058932,0.005753,0.053179,0.001842,-0.024505,0.026347,-0.012891,0.0218,-0.034692,0.296501,0.040266,0.256235
LOOMIS.ST,2020-07-24,140.0,positive,Q5,0.004746,-0.003443,0.008189,-0.002871,-0.007948,0.005077,0.018104,0.014744,0.00336,0.034333,0.031802,0.002531
BILI-A.ST,2020-07-29,45.98,positive,Q5,-0.046714,-0.007516,-0.039198,-0.027854,0.010964,-0.038819,0.142754,0.03272,0.110034,0.21297,0.025419,0.187551
SECU-B.ST,2020-07-29,57.36,positive,Q5,-0.009872,-0.007516,-0.002356,-0.034104,0.010964,-0.045068,-0.051941,0.03272,-0.084661,0.00875,0.025419,-0.016669
PDX.ST,2020-08-11,48.98,positive,Q5,0.014988,-0.001228,0.016216,-0.005309,-0.00769,0.002381,0.169431,0.007746,0.161685,0.202086,0.055753,0.146333
SF.ST,2020-08-12,-21.54,negative,Q1,0.034483,-0.018242,0.052725,0.04023,-0.019514,0.059744,0.065517,0.008205,0.057313,0.151724,0.05526,0.096464
BIOG-B.ST,2020-08-13,19.74,positive,Q5,0.023535,0.011018,0.012517,0.025387,-0.000609,0.025996,0.028982,0.027642,0.001341,-0.166703,0.08476,-0.251463
HOLM-B.ST,2020-08-13,0.4,positive,Q3,0.040279,0.011018,0.029262,0.033453,-0.000609,0.034062,0.102435,0.027642,0.074793,0.238922,0.08476,0.154162
AMBEA.ST,2020-08-19,22.22,positive,Q5,0.02482,0.000687,0.024133,0.014211,0.023995,-0.009784,0.089071,0.047623,0.041448,0.005404,0.097188,-0.091784
INSTAL.ST,2020-08-19,21.62,positive,Q5,0.008488,0.000687,0.007802,0.006203,0.023995,-0.017792,0.190336,0.047623,0.142713,0.283382,0.097188,0.186194
JOMA.ST,2020-08-20,-18.57,negative,Q2,-0.008108,0.020114,-0.028222,-0.02027,0.013367,-0.033637,0.067568,0.009968,0.0576,0.0,0.096624,-0.096624
NEWA-B.ST,2020-08-20,285.0,positive,Q5,-0.002665,0.020114,-0.02278,0.049574,0.013367,0.036207,0.01226,0.009968,0.002292,0.126866,0.096624,0.030242
PCELL.ST,2020-08-20,-95.92,negative,Q1,-0.031065,0.020114,-0.051179,-0.101331,0.013367,-0.114698,-0.201183,0.009968,-0.211151,0.003698,0.096624,-0.092926
FNOX.ST,2020-08-20,0.0,negative,Q3,0.013781,0.020114,-0.006333,0.034276,0.013367,0.020909,-0.135689,0.009968,-0.145657,-0.031095,0.096624,-0.127719
MEKO.ST,2020-08-21,35.97,positive,Q5,0.010425,-0.001192,0.011618,-0.036489,-0.012339,-0.02415,-0.058879,-0.003623,-0.055256,-0.036962,0.071014,-0.107977
BEIA-B.ST,2020-08-21,-14.78,negative,Q2,-0.010894,-0.001192,-0.009701,0.003174,-0.012339,0.015513,-0.07051,-0.003623,-0.066886,0.025133,0.071014,-0.045881
HUFV-A.ST,2020-08-26,43.55,positive,Q5,-0.000921,-0.0097,0.008779,0.052475,-0.018594,0.071069,0.140855,-0.005631,0.146486,0.26248,0.080363,0.182116
SYSR.ST,2020-08-26,-18.75,negative,Q2,-0.025397,-0.0097,-0.015697,-0.032341,-0.018594,-0.013747,0.013889,-0.005631,0.01952,0.228571,0.080363,0.148208
EKTA-B.ST,2020-08-26,62.86,positive,Q5,-0.000565,-0.0097,0.009134,0.115532,-0.018594,0.134126,0.074723,-0.005631,0.080354,0.010513,0.080363,-0.06985
ACAD.ST,2020-08-28,4.94,positive,Q4,0.035609,0.001763,0.033847,0.016498,0.018643,-0.002145,0.001307,0.039782,-0.038475,0.118099,0.093777,0.024322
SECT-B.ST,2020-09-04,-35.71,negative,Q1,-0.018118,-0.009262,-0.008856,0.032632,0.001908,0.030724,0.098091,0.02217,0.075921,0.266121,0.062757,0.203364
CLAS-B.ST,2020-09-09,21.05,positive,Q5,-0.028858,-0.000773,-0.028085,-0.056361,0.017136,-0.073497,-0.037664,0.020643,-0.058307,-0.165425,0.068033,-0.233457
VIVE.ST,2020-09-09,0.0,negative,Q3,-0.005705,-0.000773,-0.004932,-0.055827,0.017136,-0.072963,-0.09943,0.020643,-0.120072,-0.231866,0.068033,-0.299899
SKIS-B.ST,2020-10-01,45.81,positive,Q5,-0.038423,0.014331,-0.052754,-0.044538,0.014546,-0.059084,-0.235829,-0.035983,-0.199846,-0.190464,0.043374,-0.233839
HM-B.ST,2020-10-01,17.02,positive,Q4,-0.007713,0.014331,-0.022044,0.000309,0.014546,-0.014237,-0.112457,-0.035983,-0.076474,0.055611,0.043374,0.012237
DUST.ST,2020-10-07,16.07,positive,Q4,0.00468,-0.000721,0.005401,-0.028081,-0.015445,-0.012636,-0.067083,-0.011881,-0.055201,0.078157,0.054356,0.023801
BIOA-B.ST,2020-10-14,54.0,positive,Q5,-0.007271,0.012328,-0.019599,0.003915,0.001842,0.002073,0.030201,0.046521,-0.01632,0.106264,0.082446,0.023818
VIT-B.ST,2020-10-15,4.76,positive,Q4,-0.009914,0.003423,-0.013337,-0.077584,-0.008372,-0.069212,-0.034681,0.045309,-0.07999,0.020842,0.066773,-0.045931
CAST.ST,2020-10-15,-21.72,negative,Q1,0.016198,0.003423,0.012775,-0.011339,-0.008372,-0.002967,0.066412,0.045309,0.021103,0.02015,0.066773,-0.046623
SAND.ST,2020-10-16,0.97,positive,Q3,0.022295,-1e-06,0.022295,-0.042308,-0.036151,-0.006157,0.080378,0.043772,0.036606,0.243025,0.074275,0.168749
GETI-B.ST,2020-10-16,17.51,positive,Q4,-0.014033,-1e-06,-0.014032,-0.088762,-0.036151,-0.052611,-0.025988,0.043772,-0.06976,0.028067,0.074275,-0.046209
VOLV-B.ST,2020-10-16,24.19,positive,Q5,-0.003493,-1e-06,-0.003492,-0.045649,-0.036151,-0.009498,0.080184,0.043772,0.036412,0.171404,0.074275,0.097128
SAAB-B.ST,2020-10-19,34.07,positive,Q5,-0.058779,-0.011332,-0.047447,-0.042093,-0.042125,3.2e-05,0.061623,0.043953,0.01767,0.054608,0.079104,-0.024497
SWED-A.ST,2020-10-20,25.81,positive,Q5,0.007528,-0.00243,0.009957,-0.053084,-0.053854,0.000769,0.04976,0.052003,-0.002242,0.107733,0.09091,0.016823
TEL2-B.ST,2020-10-20,11.84,positive,Q4,-0.008593,-0.00243,-0.006163,-0.032752,-0.053854,0.021101,-0.020423,0.052003,-0.072426,0.046326,0.09091,-0.044584
HUSQ-B.ST,2020-10-20,2.7,positive,Q3,0.020041,-0.00243,0.022471,-0.062176,-0.053854,-0.008322,-0.064952,0.052003,-0.116955,0.113848,0.09091,0.022938
FABG.ST,2020-10-20,-26.05,negative,Q1,0.015595,-0.00243,0.018024,-0.066738,-0.053854,-0.012884,0.109841,0.052003,0.057838,0.085335,0.09091,-0.005575
INDT.ST,2020-10-20,29.9,positive,Q5,0.016195,-0.00243,0.018624,-0.067729,-0.053854,-0.013875,-0.042748,0.052003,-0.094751,0.083727,0.09091,-0.007183
ERIC-B.ST,2020-10-21,29.2,positive,Q5,-0.005044,0.002007,-0.007051,-0.076206,-0.055204,-0.021002,-0.037171,0.060661,-0.097832,-0.088816,0.087412,-0.176227
TELIA.ST,2020-10-21,13.33,positive,Q4,0.015122,0.002007,0.013115,-0.042264,-0.055204,0.012939,0.036836,0.060661,-0.023825,0.044979,0.087412,-0.042433
ASSA-B.ST,2020-10-21,19.37,positive,Q5,-0.018096,0.002007,-0.020103,-0.097404,-0.055204,-0.0422,0.025229,0.060661,-0.035431,0.00876,0.087412,-0.078652
HOLM-B.ST,2020-10-21,33.59,positive,Q5,-0.011534,0.002007,-0.013542,-0.042636,-0.055204,0.012568,0.084739,0.060661,0.024078,0.118141,0.087412,0.03073
EQT.ST,2020-10-21,-40.83,negative,Q1,0.007457,0.002007,0.005449,-0.056904,-0.055204,-0.0017,0.112035,0.060661,0.051374,0.290141,0.087412,0.20273
SHB-A.ST,2020-10-21,-7.18,negative,Q2,0.0041,0.002007,0.002093,-0.059547,-0.055204,-0.004343,0.096447,0.060661,0.035786,0.095275,0.087412,0.007864
AXFO.ST,2020-10-22,6.96,positive,Q4,-0.040743,-0.024686,-0.016057,-0.041671,-0.05622,0.014549,-0.083342,0.055953,-0.139295,-0.059257,0.094353,-0.15361
ALIG.ST,2020-10-22,-46.43,negative,Q1,-0.033085,-0.024686,-0.008399,-0.04531,-0.05622,0.01091,0.062849,0.055953,0.006896,0.228674,0.094353,0.134321
WALL-B.ST,2020-10-22,-31.82,negative,Q1,-0.042493,-0.024686,-0.017807,-0.072321,-0.05622,-0.016101,0.015664,0.055953,-0.040289,0.032161,0.094353,-0.062191
LIFCO-B.ST,2020-10-22,17.95,positive,Q5,-0.019141,-0.024686,0.005546,-0.002303,-0.05622,0.053917,0.042094,0.055953,-0.013859,0.223731,0.094353,0.129379
ALFA.ST,2020-10-22,-9.89,negative,Q2,-0.040472,-0.024686,-0.015786,-0.063558,-0.05622,-0.007338,0.130479,0.055953,0.074526,0.205723,0.094353,0.11137
SOBI.ST,2020-10-22,-13.08,negative,Q2,-0.032089,-0.024686,-0.007403,0.006549,-0.05622,0.062769,0.004584,0.055953,-0.051369,0.08055,0.094353,-0.013803
MYCR.ST,2020-10-22,20.98,positive,Q5,-0.075083,-0.024686,-0.050396,-0.128341,-0.05622,-0.072121,0.0,0.055953,-0.055953,0.097307,0.094353,0.002954
EPI-A.ST,2020-10-22,4.81,positive,Q4,-0.005194,-0.024686,0.019492,-0.020289,-0.05622,0.035931,0.077341,0.055953,0.021388,0.210355,0.094353,0.116003
DUNI.ST,2020-10-22,-20.31,negative,Q2,-0.047134,-0.024686,-0.022447,-0.12242,-0.05622,-0.0662,0.07758,0.055953,0.021627,0.157325,0.094353,0.062972
MTRS.ST,2020-10-22,-2.3,negative,Q3,-0.058703,-0.024686,-0.034017,-0.074074,-0.05622,-0.017854,0.047431,0.055953,-0.008522,0.118723,0.094353,0.024371
SEB-A.ST,2020-10-22,6.83,positive,Q4,-0.028462,-0.024686,-0.003776,-0.087716,-0.05622,-0.031496,0.093043,0.055953,0.03709,0.097537,0.094353,0.003184
ESSITY-A.ST,2020-10-22,-9.9,negative,Q2,-0.0054,-0.024686,0.019286,-0.015778,-0.05622,0.040442,-0.019448,0.055953,-0.075401,0.011686,0.094353,-0.082667
PEAB-B.ST,2020-10-22,14.46,positive,Q4,-0.020116,-0.024686,0.004571,-0.102783,-0.05622,-0.046563,0.050565,0.055953,-0.005388,0.03968,0.094353,-0.054672
GRNG.ST,2020-10-22,-5.23,negative,Q2,-0.060246,-0.024686,-0.03556,-0.086434,-0.05622,-0.030214,0.187035,0.055953,0.131082,0.287493,0.094353,0.19314
BILL.ST,2020-10-22,-42.5,negative,Q1,-0.011912,-0.024686,0.012774,-0.025178,-0.05622,0.031042,0.006317,0.055953,-0.049636,0.099269,0.094353,0.004916
ATCO-A.ST,2020-10-22,8.11,positive,Q4,-0.022851,-0.024686,0.001836,-0.034391,-0.05622,0.021829,0.091633,0.055953,0.03568,0.175534,0.094353,0.081181
VPLAY-B.ST,2020-10-22,-5.78,negative,Q2,-0.04247,-0.024686,-0.017784,-0.122044,-0.05622,-0.065824,0.205529,0.055953,0.149576,0.276282,0.094353,0.18193
ESSITY-B.ST,2020-10-22,-1.11,negative,Q3,-0.015025,-0.024686,0.009661,-0.031955,-0.05622,0.024265,-0.001559,0.055953,-0.057512,0.016843,0.094353,-0.077509
AAK.ST,2020-10-22,5.62,positive,Q4,-0.021275,-0.024686,0.003411,-0.078145,-0.05622,-0.021925,-0.08429,0.055953,-0.140243,-0.13142,0.094353,-0.225773
JM.ST,2020-10-22,8.86,positive,Q4,-0.057152,-0.024686,-0.032466,-0.074365,-0.05622,-0.018145,0.025888,0.055953,-0.030065,0.109063,0.094353,0.01471
SSAB-A.ST,2020-10-22,10.0,positive,Q4,-0.045476,-0.024686,-0.02079,-0.104356,-0.05622,-0.048136,-0.094303,0.055953,-0.150257,0.215414,0.094353,0.121061
FNOX.ST,2020-10-22,10.0,positive,Q4,-0.003085,-0.024686,0.021601,-0.073363,-0.05622,-0.017143,-0.019883,0.055953,-0.075836,0.333562,0.094353,0.239209
LAGR-B.ST,2020-10-23,11.11,positive,Q4,-0.03943,-0.006199,-0.033231,-0.014244,-0.014979,0.000735,0.107174,0.091902,0.015272,0.148341,0.113343,0.034999
ACAD.ST,2020-10-23,24.19,positive,Q5,-0.004235,-0.006199,0.001964,0.05133,-0.014979,0.066309,0.14247,0.091902,0.050568,0.143486,0.113343,0.030144
LIAB.ST,2020-10-23,9.28,positive,Q4,-0.029998,-0.006199,-0.023799,-0.026432,-0.014979,-0.011453,0.019533,0.091902,-0.072368,0.243857,0.113343,0.130514
DOM.ST,2020-10-23,-32.62,negative,Q1,-0.00454,-0.006199,0.001659,-0.007491,-0.014979,0.007487,0.07412,0.091902,-0.017781,0.13882,0.113343,0.025477
HMS.ST,2020-10-23,33.33,positive,Q5,0.0,-0.006199,0.006199,-0.035972,-0.014979,-0.020994,0.076744,0.091902,-0.015158,0.304552,0.113343,0.19121
CEVI.ST,2020-10-23,-44.0,negative,Q1,-0.01591,-0.006199,-0.009711,-0.035327,-0.014979,-0.020348,-0.036014,0.091902,-0.127916,0.029795,0.113343,-0.083548
PNDX-B.ST,2020-10-23,45.9,positive,Q5,-0.009635,-0.006199,-0.003436,-0.026612,-0.014979,-0.011633,0.598761,0.091902,0.506859,0.366139,0.113343,0.252796
INTRUM.ST,2020-10-23,57.82,positive,Q5,-0.029738,-0.006199,-0.023539,-0.043327,-0.014979,-0.028349,-0.01359,0.091902,-0.105491,-0.000853,0.113343,-0.114196
PLAZ-B.ST,2020-10-23,-6.02,negative,Q2,-0.007979,-0.006199,-0.00178,-0.015959,-0.014979,-0.00098,0.144144,0.091902,0.052242,0.159974,0.113343,0.046632
ATT.ST,2020-10-23,85.71,positive,Q5,0.000509,-0.006199,0.006708,-0.018844,-0.014979,-0.003865,0.051693,0.091902,-0.040208,0.12656,0.113343,0.013217
DIOS.ST,2020-10-23,8.67,positive,Q4,0.020991,-0.006199,0.02719,0.014546,-0.014979,0.029525,0.208801,0.091902,0.1169,0.16056,0.113343,0.047217
NOLA-B.ST,2020-10-23,19.44,positive,Q5,-0.017094,-0.006199,-0.010895,-0.080979,-0.014979,-0.066001,-0.027235,0.091902,-0.119136,-0.017094,0.113343,-0.130437
BIOG-B.ST,2020-10-23,-45.45,negative,Q1,0.062754,-0.006199,0.068953,0.139855,-0.014979,0.154834,0.071159,0.091902,-0.020742,0.122899,0.113343,0.009556
THULE.ST,2020-10-23,55.23,positive,Q5,-0.009692,-0.006199,-0.003493,-0.05361,-0.014979,-0.038631,-0.098787,0.091902,-0.190688,0.023886,0.113343,-0.089457
ANOD-B.ST,2020-10-23,460.0,positive,Q5,-0.006519,-0.006199,-0.00032,0.00447,-0.014979,0.019449,0.077854,0.091902,-0.014047,0.177873,0.113343,0.06453
WIHL.ST,2020-10-23,17.78,positive,Q4,-0.01415,-0.006199,-0.007951,-0.04216,-0.014979,-0.027181,0.079411,0.091902,-0.012491,0.034941,0.113343,-0.078402
AFRY.ST,2020-10-23,0.61,positive,Q3,-0.021728,-0.006199,-0.015529,-0.015144,-0.014979,-0.000165,0.115062,0.091902,0.02316,0.07358,0.113343,-0.039762
ELUX-B.ST,2020-10-23,47.25,positive,Q5,0.014271,-0.006199,0.02047,0.002039,-0.014979,0.017017,0.038426,0.091902,-0.053476,0.087663,0.113343,-0.02568
ALIV-SDB.ST,2020-10-23,26.5,positive,Q5,-0.023713,-0.006199,-0.017514,-0.05384,-0.014979,-0.038862,0.121066,0.091902,0.029164,0.04714,0.113343,-0.066203
SKF-B.ST,2020-10-27,43.89,positive,Q5,-0.007612,-0.003853,-0.003759,0.059867,0.042299,0.017568,0.151087,0.121502,0.029585,0.237985,0.131266,0.106718
RESURS.ST,2020-10-27,-13.7,negative,Q2,-0.03231,-0.003853,-0.028457,0.007431,0.042299,-0.034867,0.053635,0.121502,-0.067867,0.076898,0.131266,-0.054368
TREL-B.ST,2020-10-27,1.76,positive,Q3,-0.009592,-0.003853,-0.005738,0.055246,0.042299,0.012947,0.191687,0.121502,0.070185,0.261878,0.131266,0.130612
CATE.ST,2020-10-28,9.94,positive,Q4,-0.004104,0.00093,-0.005034,0.071426,0.061878,0.009548,0.05495,0.128823,-0.073873,0.107155,0.15255,-0.045395
ARJO-B.ST,2020-10-28,53.12,positive,Q5,0.048971,0.00093,0.048042,0.073912,0.061878,0.012034,0.003459,0.128823,-0.125364,0.073002,0.15255,-0.079548
BOL.ST,2020-10-28,26.47,positive,Q5,0.00207,0.00093,0.00114,0.058925,0.061878,-0.002954,0.232012,0.128823,0.103189,0.18874,0.15255,0.03619
HEXA-B.ST,2020-10-28,14.29,positive,Q4,0.016183,0.00093,0.015253,0.083087,0.061878,0.021208,0.113282,0.128823,-0.015541,0.300967,0.15255,0.148417
BEIA-B.ST,2020-10-28,14.29,positive,Q4,0.005216,0.00093,0.004286,0.083175,0.061878,0.021297,0.088391,0.128823,-0.040432,0.187121,0.15255,0.034571
BILI-A.ST,2020-10-28,46.89,positive,Q5,0.050351,0.00093,0.049421,0.095413,0.061878,0.033535,-0.180595,0.128823,-0.309419,-0.045867,0.15255,-0.198417
BHG.ST,2020-10-29,38.95,positive,Q5,-0.021583,0.017933,-0.039516,0.077698,0.059323,0.018375,0.132374,0.116393,0.015981,0.105036,0.157699,-0.052663
SCA-B.ST,2020-10-30,21.43,positive,Q5,0.02633,0.01364,0.01269,0.072317,0.080251,-0.007934,0.169684,0.100419,0.069265,0.262114,0.142546,0.119568
SECU-B.ST,2020-11-03,13.76,positive,Q4,0.031862,0.014859,0.017003,0.081536,0.059792,0.021744,0.065162,0.064963,0.000199,-0.040602,0.10794,-0.148542
SHOT.ST,2020-11-03,-329.27,negative,Q1,-0.02027,0.014859,-0.03513,0.209459,0.059792,0.149668,0.350901,0.064963,0.285937,0.399099,0.10794,0.291159
NOBI.ST,2020-11-03,0.0,negative,Q3,0.008941,0.014859,-0.005919,0.00447,0.059792,-0.055321,0.105498,0.064963,0.040535,0.182387,0.10794,0.074447
SINCH.ST,2020-11-03,-5.88,negative,Q2,-0.004132,0.014859,-0.018992,-0.06405,0.059792,-0.123841,0.130165,0.064963,0.065202,0.390496,0.10794,0.282556
COIC.ST,2020-11-04,-22.63,negative,Q1,-0.008672,-0.001479,-0.007193,0.004916,0.038522,-0.033606,0.057016,0.051984,0.005032,0.140389,0.098948,0.041441
SWEC-B.ST,2020-11-04,19.74,positive,Q5,-0.016527,-0.001479,-0.015048,-0.031619,0.038522,-0.070141,-0.078741,0.051984,-0.130725,-0.095404,0.098948,-0.194352
COOR.ST,2020-11-04,21.51,positive,Q5,0.004689,-0.001479,0.006168,0.119352,0.038522,0.08083,0.131927,0.051984,0.079942,-0.080136,0.098948,-0.179084
PCELL.ST,2020-11-05,-25.0,negative,Q1,0.02449,0.038043,-0.013553,0.059592,0.042747,0.016845,0.155918,0.048415,0.107503,0.582857,0.098747,0.48411
JOMA.ST,2020-11-05,-43.33,negative,Q1,0.018742,0.038043,-0.019301,0.008032,0.042747,-0.034715,-0.005355,0.048415,-0.05377,-0.08166,0.098747,-0.180407
HUFV-A.ST,2020-11-05,-2.56,negative,Q3,0.070761,0.038043,0.032718,0.109056,0.042747,0.066309,0.121635,0.048415,0.07322,0.043289,0.098747,-0.055458
AMBEA.ST,2020-11-05,5.59,positive,Q4,0.070417,0.038043,0.032374,0.066667,0.042747,0.02392,0.126042,0.048415,0.077626,0.313542,0.098747,0.214794
SKA-B.ST,2020-11-05,55.72,positive,Q5,0.09433,0.038043,0.056287,0.072661,0.042747,0.029914,0.092773,0.048415,0.044357,0.110743,0.098747,0.011996
BALD-B.ST,2020-11-05,17.57,positive,Q4,-0.011019,0.038043,-0.049062,-0.000424,0.042747,-0.043171,-0.082645,0.048415,-0.13106,-0.114855,0.098747,-0.213602
NCC-B.ST,2020-11-05,7.09,positive,Q4,0.02182,0.038043,-0.016223,0.052032,0.042747,0.009285,0.04788,0.048415,-0.000536,-0.03242,0.098747,-0.131168
LOOMIS.ST,2020-11-05,6.18,positive,Q4,0.098279,0.038043,0.060236,0.093479,0.042747,0.050732,0.192753,0.048415,0.144338,0.030321,0.098747,-0.068426
MIPS.ST,2020-11-06,15.0,positive,Q4,-0.108589,-0.001694,-0.106895,-0.107218,0.015737,-0.122955,0.052249,0.019467,0.032782,0.219898,0.057884,0.162015
BRAV.ST,2020-11-06,0.94,positive,Q3,-0.002848,-0.001694,-0.001154,-0.004785,0.015737,-0.020522,0.047397,0.019467,0.02793,0.01071,0.057884,-0.047174
VITR.ST,2020-11-06,170.0,positive,Q5,-0.065766,-0.001694,-0.064072,-0.114447,0.015737,-0.130184,-0.096487,0.019467,-0.115954,0.15714,0.057884,0.099257
NEWA-B.ST,2020-11-06,81.0,positive,Q5,0.013889,-0.001694,0.015583,0.004167,0.015737,-0.011571,-0.017593,0.019467,-0.03706,0.189815,0.057884,0.131931
MEKO.ST,2020-11-06,16.55,positive,Q4,0.003135,-0.001694,0.004829,-0.006619,0.015737,-0.022356,-0.062819,0.019467,-0.082286,0.011263,0.057884,-0.04662
INSTAL.ST,2020-11-09,-2.22,negative,Q3,-0.052134,0.009203,-0.061337,0.0046,0.019443,-0.014843,0.06389,0.021684,0.042205,0.352926,0.066044,0.286882
SF.ST,2020-11-11,-35.48,negative,Q1,0.032115,0.002583,0.029532,0.035437,0.01215,0.023288,-0.013289,-0.00063,-0.01266,0.321152,0.077614,0.243537
PDX.ST,2020-11-17,57.3,positive,Q5,0.007112,-0.003709,0.010821,-0.030805,0.00463,-0.035436,-0.030006,-0.019429,-0.010577,-0.071922,0.059528,-0.131449
EKTA-B.ST,2020-11-26,12.64,positive,Q4,0.025601,-0.010092,0.035693,-0.032157,-0.010403,-0.021754,-0.024664,-0.032188,0.007524,0.010199,0.067116,-0.056917
SECT-B.ST,2020-11-27,65.22,positive,Q5,-0.02778,0.003367,-0.031147,0.005107,-0.00518,0.010287,0.079703,-0.011498,0.091201,-0.04906,0.081477,-0.130537
CLAS-B.ST,2020-12-02,-12.7,negative,Q2,-0.001291,0.002491,-0.003782,-0.014205,-0.002803,-0.011402,-0.040678,0.014285,-0.054963,-0.022276,0.099848,-0.122124
VIVE.ST,2020-12-09,-20.0,negative,Q2,0.034286,-0.008181,0.042467,0.095065,-0.011348,0.106413,0.046234,0.034303,0.011931,-0.091429,0.133738,-0.225166
SYSR.ST,2020-12-10,-20.0,negative,Q2,-0.016174,-0.0003,-0.015874,0.048522,-0.00229,0.050812,0.07287,0.033571,0.039299,0.036348,0.152772,-0.116424
DUST.ST,2021-01-12,5.45,positive,Q4,-0.043127,0.005077,-0.048203,0.012129,0.008209,0.00392,0.136119,0.024361,0.111758,0.475741,0.145211,0.33053
SAND.ST,2021-01-21,11.52,positive,Q4,-0.007289,-0.005629,-0.00166,-0.046543,-0.018852,-0.027691,0.031549,0.022555,0.008995,0.025146,0.123943,-0.098797
CAST.ST,2021-01-22,1.87,positive,Q3,0.014831,0.008403,0.006428,0.008912,0.001391,0.00752,-0.02049,0.021152,-0.041642,0.061667,0.134623,-0.072956
EPI-A.ST,2021-01-26,11.57,positive,Q4,0.011783,-0.002425,0.014209,0.050402,0.010859,0.039543,0.14528,0.031744,0.113536,0.229056,0.145049,0.084007
ALIV-SDB.ST,2021-01-26,6.31,positive,Q4,0.002662,-0.002425,0.005088,0.046092,0.010859,0.035233,-0.010649,0.031744,-0.042393,0.195789,0.145049,0.050739
EQT.ST,2021-01-26,110.18,positive,Q5,0.0,-0.002425,0.002425,0.111885,0.010859,0.101027,-0.07132,0.031744,-0.103063,0.093581,0.145049,-0.051468
ESSITY-B.ST,2021-01-27,-1.22,negative,Q3,-0.023391,-0.011469,-0.011922,-0.007291,0.017717,-0.025008,-0.072702,0.01953,-0.092232,0.026721,0.135866,-0.109146
SEB-A.ST,2021-01-27,6.33,positive,Q4,-0.014271,-0.011469,-0.002801,0.009914,0.017717,-0.007803,0.04852,0.01953,0.02899,0.202494,0.135866,0.066627
ESSITY-A.ST,2021-01-27,-0.74,negative,Q3,-0.018089,-0.011469,-0.00662,0.005431,0.017717,-0.012286,-0.067009,0.01953,-0.086539,0.028533,0.135866,-0.107333
AAK.ST,2021-01-28,9.74,positive,Q4,0.009482,0.014888,-0.005406,0.057813,0.020807,0.037005,0.126885,0.054328,0.072557,0.197537,0.145754,0.051783
GRNG.ST,2021-01-28,-15.0,negative,Q2,0.012399,0.014888,-0.002489,0.035342,0.020807,0.014535,0.199421,0.054328,0.145093,0.186906,0.145754,0.041152
LAGR-B.ST,2021-01-28,0.0,negative,Q3,-0.00558,0.014888,-0.020468,-0.007048,0.020807,-0.027856,0.019383,0.054328,-0.034945,0.220705,0.145754,0.074951
INTRUM.ST,2021-01-28,10.03,positive,Q4,0.043947,0.014888,0.029059,0.033402,0.020807,0.012595,0.069455,0.054328,0.015127,0.33461,0.145754,0.188856
NCC-B.ST,2021-01-28,-7.58,negative,Q2,0.001365,0.014888,-0.013523,0.013463,0.020807,-0.007344,0.018466,0.054328,-0.035862,0.203129,0.145754,0.057375
GETI-B.ST,2021-01-28,13.09,positive,Q4,0.012982,0.014888,-0.001906,-0.01576,0.020807,-0.036567,0.019043,0.054328,-0.035285,0.328029,0.145754,0.182275
XVIVO.ST,2021-01-28,-210.53,negative,Q1,-0.008977,0.014888,-0.023865,0.075404,0.020807,0.054597,0.163375,0.054328,0.109047,0.231598,0.145754,0.085844
HM-B.ST,2021-01-29,3.45,positive,Q3,0.014383,0.005402,0.008982,0.029401,0.012494,0.016908,0.135585,0.045148,0.090437,0.179652,0.120951,0.058701
SCA-B.ST,2021-01-29,53.95,positive,Q5,0.002958,0.005402,-0.002444,-0.008586,0.012494,-0.021079,-0.019481,0.045148,-0.064628,-0.007504,0.120951,-0.128454
TELIA.ST,2021-01-29,-3.67,negative,Q3,-0.004835,0.005402,-0.010236,-0.019338,0.012494,-0.031832,-0.047973,0.045148,-0.093121,-0.014132,0.120951,-0.135082
BONAV-B.ST,2021-01-29,9.94,positive,Q4,0.026709,0.005402,0.021308,-0.01282,0.012494,-0.025314,0.015492,0.045148,-0.029656,0.085513,0.120951,-0.035438
ERIC-B.ST,2021-01-29,24.6,positive,Q5,-0.003233,0.005402,-0.008635,0.040138,0.012494,0.027645,0.003679,0.045148,-0.041469,0.09098,0.120951,-0.02997
BILL.ST,2021-01-29,48.21,positive,Q5,-0.003908,0.005402,-0.00931,-0.003314,0.012494,-0.015807,0.039507,0.045148,-0.005641,0.137553,0.120951,0.016603
ATCO-A.ST,2021-01-29,4.82,positive,Q4,0.006783,0.005402,0.001381,-0.002556,0.012494,-0.015049,0.057603,0.045148,0.012456,0.089846,0.120951,-0.031105
PLAZ-B.ST,2021-01-29,-26.23,negative,Q1,0.024039,0.005402,0.018637,0.036059,0.012494,0.023565,0.078013,0.045148,0.032865,0.119401,0.120951,-0.001549
BHG.ST,2021-01-29,-7.92,negative,Q2,-0.021656,0.005402,-0.027058,-0.058599,0.012494,-0.071092,-0.119745,0.045148,-0.164893,0.036306,0.120951,-0.084645
SSAB-A.ST,2021-01-29,466.67,positive,Q5,0.008785,0.005402,0.003384,-0.022918,0.012494,-0.035412,0.047746,0.045148,0.002598,0.273109,0.120951,0.152159
SWED-A.ST,2021-02-01,13.28,positive,Q4,0.009702,0.004609,0.005093,0.007546,0.005381,0.002165,0.068111,0.042891,0.02522,0.05096,0.122255,-0.071294
LIFCO-B.ST,2021-02-02,9.71,positive,Q4,-0.006591,0.004343,-0.010934,-0.02997,0.000205,-0.030174,-0.011378,0.033788,-0.045167,0.074737,0.098579,-0.023842
SKF-B.ST,2021-02-02,21.3,positive,Q5,-0.017929,0.004343,-0.022272,-0.027547,0.000205,-0.027751,0.032774,0.033788,-0.001014,-0.026763,0.098579,-0.125342
TEL2-B.ST,2021-02-02,124.64,positive,Q5,0.007385,0.004343,0.003042,-0.032162,0.000205,-0.032367,-0.037761,0.033788,-0.071549,-0.026802,0.098579,-0.125381
INDT.ST,2021-02-02,9.73,positive,Q4,0.003163,0.004343,-0.00118,-0.026858,0.000205,-0.027062,0.062261,0.033788,0.028473,0.162033,0.098579,0.063454
ELUX-B.ST,2021-02-02,6.1,positive,Q4,0.030241,0.004343,0.025898,0.005302,0.000205,0.005098,0.008682,0.033788,-0.025106,0.12283,0.098579,0.02425
JM.ST,2021-02-03,11.11,positive,Q4,-0.026163,-0.008468,-0.017696,-0.038904,0.001862,-0.040765,0.023189,0.021051,0.002139,0.085805,0.124188,-0.038384
ACAD.ST,2021-02-03,-2.22,negative,Q3,-0.028713,-0.008468,-0.020246,-0.046022,0.001862,-0.047883,-0.044814,0.021051,-0.065865,0.044814,0.124188,-0.079374
ARJO-B.ST,2021-02-03,-20.65,negative,Q1,-0.021369,-0.008468,-0.012901,-0.031219,0.001862,-0.03308,-0.027379,0.021051,-0.04843,0.25192,0.124188,0.127731
DOM.ST,2021-02-03,-177.14,negative,Q1,-0.039557,-0.008468,-0.031089,-0.0762,0.001862,-0.078062,-0.044067,0.021051,-0.065117,0.118012,0.124188,-0.006177
ALFA.ST,2021-02-03,-9.52,negative,Q2,0.000419,-0.008468,0.008886,0.047865,0.001862,0.046003,0.143083,0.021051,0.122032,0.295935,0.124188,0.171746
HEXA-B.ST,2021-02-03,0.0,negative,Q3,-0.011925,-0.008468,-0.003457,-0.024155,0.001862,-0.026017,-0.059471,0.021051,-0.080522,0.191714,0.124188,0.067525
HMS.ST,2021-02-03,53.85,positive,Q5,0.011355,-0.008468,0.019823,0.003249,0.001862,0.001387,-0.0552,0.021051,-0.076251,0.198325,0.124188,0.074137
HUSQ-B.ST,2021-02-03,3.08,positive,Q3,-0.021089,-0.008468,-0.012621,-0.043502,0.001862,-0.045364,-0.011262,0.021051,-0.032313,0.123772,0.124188,-0.000417
EPRO-B.ST,2021-02-03,-31.43,negative,Q1,-0.006901,-0.008468,0.001567,-0.009573,0.001862,-0.011434,0.024711,0.021051,0.00366,0.165628,0.124188,0.041439
VOLV-B.ST,2021-02-03,26.73,positive,Q5,-0.026039,-0.008468,-0.017571,-0.007449,0.001862,-0.009311,0.043261,0.021051,0.02221,0.063901,0.124188,-0.060287
SHB-A.ST,2021-02-03,16.32,positive,Q4,-0.011752,-0.008468,-0.003284,-0.002671,0.001862,-0.004533,0.11307,0.021051,0.092019,0.206731,0.124188,0.082542
LOOMIS.ST,2021-02-03,-16.31,negative,Q2,0.009485,-0.008468,0.017952,0.068621,0.001862,0.066759,0.129642,0.021051,0.108591,0.315507,0.124188,0.191318
AXFO.ST,2021-02-04,4.74,positive,Q4,-0.008804,0.006623,-0.015427,-0.022442,0.017785,-0.040227,-0.003913,0.057185,-0.061098,0.084647,0.129326,-0.044678
MTRS.ST,2021-02-04,-20.0,negative,Q2,0.026423,0.006623,0.019801,-0.009781,0.017785,-0.027566,0.029197,0.057185,-0.027988,0.167883,0.129326,0.038558
SAVE.ST,2021-02-04,-15.04,negative,Q2,0.003691,0.006623,-0.002932,-0.021364,0.017785,-0.03915,-0.070622,0.057185,-0.127807,-0.105898,0.129326,-0.235224
CEVI.ST,2021-02-04,-10.45,negative,Q2,-0.023044,0.006623,-0.029667,0.018973,0.017785,0.001188,-0.008814,0.057185,-0.065999,0.188106,0.129326,0.058781
SECU-B.ST,2021-02-04,-7.48,negative,Q2,-0.006458,0.006623,-0.01308,0.008072,0.017785,-0.009713,0.133533,0.057185,0.076348,0.161439,0.129326,0.032113
BIOA-B.ST,2021-02-04,65.12,positive,Q5,-0.005076,0.006623,-0.011699,0.010152,0.017785,-0.007633,-0.050761,0.057185,-0.107946,-0.156345,0.129326,-0.285671
BIOG-B.ST,2021-02-04,-35.48,negative,Q1,-0.009649,0.006623,-0.016271,-0.045928,0.017785,-0.063714,-0.07912,0.057185,-0.136305,0.004245,0.129326,-0.12508
PEAB-B.ST,2021-02-04,25.7,positive,Q5,-0.007841,0.006623,-0.014463,-0.026011,0.017785,-0.043797,0.055134,0.057185,-0.002051,0.226011,0.129326,0.096686
FABG.ST,2021-02-04,2.8,positive,Q3,-0.01572,0.006623,-0.022342,-0.008712,0.017785,-0.026497,-0.008333,0.057185,-0.065518,0.100758,0.129326,-0.028568
SKA-B.ST,2021-02-05,-11.59,negative,Q2,-0.004246,-0.001661,-0.002584,-0.002326,0.018361,-0.020688,0.03792,0.061089,-0.023168,0.167093,0.128645,0.038448
MSON-B.ST,2021-02-05,13.1,positive,Q4,-0.038886,-0.001661,-0.037225,-0.037659,0.018361,-0.056021,0.026987,0.061089,-0.034101,-0.125491,0.128645,-0.254136
ASSA-B.ST,2021-02-05,8.97,positive,Q4,-0.007086,-0.001661,-0.005424,0.015142,0.018361,-0.003219,0.0529,0.061089,-0.008189,0.145596,0.128645,0.01695
HOLM-B.ST,2021-02-05,26.98,positive,Q5,-0.025855,-0.001661,-0.024193,-0.011358,0.018361,-0.02972,-0.016021,0.061089,-0.07711,0.067731,0.128645,-0.060915
KNOW.ST,2021-02-05,9.6,positive,Q4,-0.006936,-0.001661,-0.005274,-0.031231,0.018361,-0.049593,-0.027743,0.061089,-0.088832,0.079702,0.128645,-0.048944
AFRY.ST,2021-02-05,9.69,positive,Q4,-0.032942,-0.001661,-0.03128,-0.053247,0.018361,-0.071609,0.049019,0.061089,-0.012069,0.160627,0.128645,0.031982
WALL-B.ST,2021-02-09,-94.59,negative,Q1,0.006564,0.006007,0.000557,-0.017965,0.009607,-0.027572,-0.011401,0.08388,-0.095281,0.101745,0.097941,0.003804
RESURS.ST,2021-02-09,-15.52,negative,Q2,0.00245,0.006007,-0.003557,0.005513,0.009607,-0.004094,0.139357,0.08388,0.055477,0.027259,0.097941,-0.070682
BOOZT.ST,2021-02-09,7.47,positive,Q4,-0.014448,0.006007,-0.020455,-0.066047,0.009607,-0.075655,-0.088751,0.08388,-0.172631,-0.05934,0.097941,-0.157281
LIAB.ST,2021-02-09,10.96,positive,Q4,0.009303,0.006007,0.003296,-0.003627,0.009607,-0.013235,-0.030599,0.08388,-0.114479,-0.038381,0.097941,-0.136322
COIC.ST,2021-02-09,14.29,positive,Q4,0.032761,0.006007,0.026754,-0.019597,0.009607,-0.029205,0.051355,0.08388,-0.032525,0.068886,0.097941,-0.029055
VPLAY-B.ST,2021-02-09,-16.63,negative,Q2,-0.007096,0.006007,-0.013102,0.012788,0.009607,0.00318,-0.027446,0.08388,-0.111326,-0.180039,0.097941,-0.27798
INWI.ST,2021-02-10,5.19,positive,Q4,-0.020242,0.007292,-0.027533,-0.034248,0.00286,-0.037108,0.066865,0.07905,-0.012185,0.165579,0.097374,0.068205
NOLA-B.ST,2021-02-10,1.25,positive,Q3,0.004825,0.007292,-0.002467,-0.033489,0.00286,-0.036349,-0.019299,0.07905,-0.098349,0.097346,0.097374,-2.8e-05
VITR.ST,2021-02-10,120.0,positive,Q5,0.050605,0.007292,0.043313,0.020816,0.00286,0.017957,-0.104649,0.07905,-0.183699,0.049789,0.097374,-0.047585
MYCR.ST,2021-02-10,-5.26,negative,Q2,0.018895,0.007292,0.011604,0.003604,0.00286,0.000744,-0.069446,0.07905,-0.148496,0.186325,0.097374,0.088951
ATT.ST,2021-02-10,-92.13,negative,Q1,0.018731,0.007292,0.01144,-0.044487,0.00286,-0.047347,0.022989,0.07905,-0.056062,-0.179225,0.097374,-0.2766
EVO.ST,2021-02-10,-4.65,negative,Q2,0.014168,0.007292,0.006877,0.015642,0.00286,0.012782,0.077708,0.07905,-0.001342,0.410296,0.097374,0.312921
TREL-B.ST,2021-02-10,9.85,positive,Q4,-0.012641,0.007292,-0.019933,-0.011224,0.00286,-0.014084,0.082439,0.07905,0.003389,0.089904,0.097374,-0.007471
THULE.ST,2021-02-10,73.33,positive,Q5,-0.009995,0.007292,-0.017287,-0.033457,0.00286,-0.036317,0.108632,0.07905,0.029581,0.106514,0.097374,0.00914
BILI-A.ST,2021-02-11,45.71,positive,Q5,0.017178,0.007192,0.009986,-0.061419,0.00605,-0.067469,0.123897,0.067716,0.056181,None,None,None
SAAB-B.ST,2021-02-11,38.18,positive,Q5,0.000928,0.007192,-0.006264,-0.012254,0.00605,-0.018304,0.05143,0.067716,-0.016286,None,None,None
VIT-B.ST,2021-02-11,31.19,positive,Q5,0.053695,0.007192,0.046503,0.065765,0.00605,0.059715,0.055015,0.067716,-0.012701,None,None,None
NEWA-B.ST,2021-02-11,20.38,positive,Q5,-0.001368,0.007192,-0.00856,-0.05472,0.00605,-0.06077,-0.015732,0.067716,-0.083448,None,None,None
COOR.ST,2021-02-11,41.23,positive,Q5,0.0,0.007192,-0.007192,-0.010181,0.00605,-0.016231,0.083258,0.067716,0.015542,None,None,None
ALIG.ST,2021-02-11,-30.83,negative,Q1,0.025998,0.007192,0.018806,0.039694,0.00605,0.033643,0.112813,0.067716,0.045098,None,None,None
PNDX-B.ST,2021-02-11,132.5,positive,Q5,0.018577,0.007192,0.011385,0.0,0.00605,-0.00605,0.202189,0.067716,0.134474,None,None,None
BALD-B.ST,2021-02-11,-13.92,negative,Q2,0.015289,0.007192,0.008097,-0.041089,0.00605,-0.047139,0.033445,0.067716,-0.034271,None,None,None
SWEC-B.ST,2021-02-11,-41.38,negative,Q1,0.0091,0.007192,0.001908,-0.017365,0.00605,-0.023415,0.046836,0.067716,-0.02088,None,None,None
MIPS.ST,2021-02-11,8.25,positive,Q4,-0.017067,0.007192,-0.02426,0.04826,0.00605,0.04221,-0.077943,0.067716,-0.145659,None,None,None
BRAV.ST,2021-02-12,2.37,positive,Q3,-0.01718,-0.000594,-0.016586,-0.068923,-0.004045,-0.064879,0.001728,0.069071,-0.067343,0.073803,0.102287,-0.028484
DUNI.ST,2021-02-12,82.5,positive,Q5,0.001997,-0.000594,0.002591,-0.027402,-0.004045,-0.023357,0.076326,0.069071,0.007254,0.140892,0.102287,0.038605
MEKO.ST,2021-02-12,43.87,positive,Q5,-0.029332,-0.000594,-0.028738,-0.090397,-0.004045,-0.086352,0.085386,0.069071,0.016315,0.357203,0.102287,0.254915
BOL.ST,2021-02-12,24.45,positive,Q5,-0.002181,-0.000594,-0.001587,0.034968,-0.004045,0.039013,0.034012,0.069071,-0.035059,0.134823,0.102287,0.032536
GARO.ST,2021-02-12,-5.48,negative,Q2,-0.065599,-0.000594,-0.065006,-0.107629,-0.004045,-0.103585,-0.234877,0.069071,-0.303949,-0.176362,0.102287,-0.27865
DIOS.ST,2021-02-12,11.46,positive,Q4,-0.039654,-0.000594,-0.03906,-0.065146,-0.004045,-0.061101,-0.001259,0.069071,-0.07033,0.216365,0.102287,0.114078
IVSO.ST,2021-02-15,-44.72,negative,Q1,-0.00495,-0.010213,0.005263,0.022223,-0.010421,0.032645,0.06667,0.066132,0.000538,-0.055508,0.094365,-0.149873
BEIA-B.ST,2021-02-15,38.75,positive,Q5,0.001289,-0.010213,0.011502,0.020915,-0.010421,0.031337,0.054939,0.066132,-0.011193,0.314662,0.094365,0.220297
NYF.ST,2021-02-15,104.63,positive,Q5,-0.014082,-0.010213,-0.00387,0.019061,-0.010421,0.029483,0.069986,0.066132,0.003854,0.322333,0.094365,0.227968
LIME.ST,2021-02-16,8.57,positive,Q4,0.012914,-0.000716,0.013631,-0.007532,0.009912,-0.017444,-0.205591,0.080667,-0.286258,-0.27964,0.115216,-0.394856
AMBEA.ST,2021-02-16,3.16,positive,Q3,-0.002765,-0.000716,-0.002049,-0.024731,0.009912,-0.034643,0.016436,0.080667,-0.064231,-0.058679,0.115216,-0.173895
FNOX.ST,2021-02-16,12.5,positive,Q4,0.027555,-0.000716,0.028271,-0.001953,0.009912,-0.011865,-0.105446,0.080667,-0.186113,-0.211109,0.115216,-0.326325
WIHL.ST,2021-02-16,-34.96,negative,Q1,-0.019306,-0.000716,-0.01859,-0.00543,0.009912,-0.015342,0.032881,0.080667,-0.047786,0.231674,0.115216,0.116458
SF.ST,2021-02-17,-13.73,negative,Q2,0.003872,0.010496,-0.006624,-0.10455,0.011466,-0.116016,-0.186834,0.076083,-0.262918,-0.28364,0.09212,-0.37576
SHOT.ST,2021-02-17,0.42,positive,Q3,0.042169,0.010496,0.031672,0.289865,0.011466,0.278399,0.287739,0.076083,0.211656,0.228561,0.09212,0.136441
SECARE.ST,2021-02-18,-9.09,negative,Q2,0.0,-0.002914,0.002914,-0.040409,-0.013288,-0.02712,-0.071863,0.06758,-0.139443,0.158994,0.099807,0.059187
SINCH.ST,2021-02-18,54.55,positive,Q5,-0.001156,-0.002914,0.001758,-0.086705,-0.013288,-0.073417,-0.124856,0.06758,-0.192435,-0.221676,0.099807,-0.321483
SOBI.ST,2021-02-18,22.19,positive,Q5,-0.031922,-0.002914,-0.029008,-0.044414,-0.013288,-0.031125,-0.0288,0.06758,-0.096379,0.035392,0.099807,-0.064415
INSTAL.ST,2021-02-18,13.46,positive,Q4,0.014543,-0.002914,0.017457,-0.006406,-0.013288,0.006883,0.05142,0.06758,-0.01616,-0.009349,0.099807,-0.109156
HUFV-A.ST,2021-02-18,4.31,positive,Q3,0.021218,-0.002914,0.024132,0.019521,-0.013288,0.032809,0.067899,0.06758,0.000319,0.199359,0.099807,0.099552
ONCO.ST,2021-02-18,-22.03,negative,Q1,0.07079,-0.002914,0.073704,0.082842,-0.013288,0.09613,-0.030676,0.06758,-0.098255,-0.254087,0.099807,-0.353894
EMBRAC-B.ST,2021-02-18,-100.0,negative,Q1,-0.023137,-0.002914,-0.020223,-0.105882,-0.013288,-0.092594,-0.064706,0.06758,-0.132285,-0.047059,0.099807,-0.146866
LUMI.ST,2021-02-18,66.67,positive,Q5,-0.017001,-0.002914,-0.014087,-0.062962,-0.013288,-0.049673,-0.026029,0.06758,-0.093608,-0.077383,0.099807,-0.17719
CATE.ST,2021-02-19,-105.49,negative,Q1,0.005166,-0.006993,0.012158,0.016802,0.011634,0.005168,0.05299,0.067495,-0.014505,0.115857,0.103298,0.01256
VOLO.ST,2021-02-19,26.69,positive,Q5,-0.043425,-0.006993,-0.036432,-0.026402,0.011634,-0.038036,-0.073598,0.067495,-0.141093,-0.033537,0.103298,-0.136835
PDX.ST,2021-02-23,-28.21,negative,Q1,-0.032409,0.000822,-0.033231,0.032936,0.017928,0.015008,0.018135,0.066751,-0.048616,0.005499,0.101075,-0.095576
RENEW.ST,2021-02-23,-100.0,negative,Q1,0.112521,0.000822,0.111699,0.124365,0.017928,0.106438,-0.069374,0.066751,-0.136125,-0.045685,0.101075,-0.146761
JOMA.ST,2021-02-24,-43.9,negative,Q1,0.014286,-0.014235,0.028521,-0.015714,0.012861,-0.028576,-0.062857,0.078408,-0.141265,-0.015714,0.092274,-0.107988
PCELL.ST,2021-02-25,-357.14,negative,Q1,0.062756,0.022271,0.040485,-0.092769,0.019235,-0.112005,-0.20191,0.08573,-0.28764,-0.30764,0.116701,-0.424341
EKTA-B.ST,2021-02-25,-1.18,negative,Q3,0.00528,0.022271,-0.016991,-0.034679,0.019235,-0.053914,-0.017081,0.08573,-0.10281,0.01087,0.116701,-0.105831
SEDANA.ST,2021-02-25,-421.74,negative,Q1,-0.027855,0.022271,-0.050126,-0.094708,0.019235,-0.113943,-0.112813,0.08573,-0.198543,-0.083008,0.116701,-0.199709
MTG-B.ST,2021-02-25,86.67,positive,Q5,-0.019417,0.022271,-0.041688,-0.070388,0.019235,-0.089624,0.014563,0.08573,-0.071166,-0.059061,0.116701,-0.175762
KAR.ST,2021-02-25,60.0,positive,Q5,0.01833,0.022271,-0.003941,0.015275,0.019235,-0.00396,0.03666,0.08573,-0.04907,0.026192,0.116701,-0.090509
XBRANE.ST,2021-02-26,-37.9,negative,Q1,-0.050926,0.006051,-0.056977,-0.088889,0.023573,-0.112462,-0.168519,0.073365,-0.241884,0.087037,0.097723,-0.010686
CLAS-B.ST,2021-03-10,-0.71,negative,Q3,-0.00725,0.001524,-0.008774,0.070175,0.006615,0.063561,0.050312,0.031185,0.019127,0.046977,0.049236,-0.002259
SYSR.ST,2021-03-11,-17.5,negative,Q2,-0.009601,-0.003289,-0.006312,-0.053965,0.000102,-0.054067,-0.011587,0.036074,-0.047662,0.213872,0.045625,0.168246
SECT-B.ST,2021-03-12,-17.65,negative,Q2,-0.006573,0.008471,-0.015044,-0.051462,0.005922,-0.057384,-0.065387,0.030682,-0.096069,0.094793,0.054016,0.040777
NEWA-B.ST,2021-04-16,160.0,positive,Q5,-0.023075,-0.023382,0.000307,0.015297,-0.005865,0.021162,0.113819,-0.003509,0.117328,0.426497,0.035969,0.390529
VIT-B.ST,2021-04-16,6.19,positive,Q4,-0.040611,-0.023382,-0.017229,-0.026284,-0.005865,-0.020418,-0.12665,-0.003509,-0.123142,-0.065819,0.035969,-0.101788
GETI-B.ST,2021-04-20,90.07,positive,Q5,0.00187,0.001853,1.7e-05,0.041726,0.004919,0.036807,0.060541,0.00538,0.055161,0.285998,0.033771,0.252228
SAND.ST,2021-04-20,2.5,positive,Q3,-0.011893,0.001853,-0.013746,-0.012144,0.004919,-0.017063,-0.004868,0.00538,-0.010247,-0.008932,0.033771,-0.042703
SHB-A.ST,2021-04-21,9.41,positive,Q4,0.01059,0.00382,0.006771,0.048279,0.000187,0.048092,0.057935,0.003772,0.054163,0.037222,0.04567,-0.008448
CAST.ST,2021-04-21,-8.03,negative,Q2,-0.00421,0.00382,-0.00803,-0.015558,0.000187,-0.015746,0.003295,0.003772,-0.000477,0.148017,0.04567,0.102347
ERIC-B.ST,2021-04-21,-0.95,negative,Q3,-0.007118,0.00382,-0.010938,-0.027978,0.000187,-0.028166,-0.055561,0.003772,-0.059333,-0.142956,0.04567,-0.188626
NYF.ST,2021-04-21,4.94,positive,Q4,-0.002027,0.00382,-0.005847,-0.002027,0.000187,-0.002215,0.05879,0.003772,0.055019,0.298457,0.04567,0.252787
PLAZ-B.ST,2021-04-21,-9.84,negative,Q2,0.021445,0.00382,0.017625,0.0,0.000187,-0.000187,-0.017837,0.003772,-0.021609,0.348131,0.04567,0.302461
BIOA-B.ST,2021-04-21,26.67,positive,Q5,-0.009554,0.00382,-0.013374,-0.045648,0.000187,-0.045835,-0.091295,0.003772,-0.095067,0.422505,0.04567,0.376836
TREL-B.ST,2021-04-22,12.87,positive,Q4,0.001793,0.001523,0.00027,-0.021712,-0.010675,-0.011036,-0.041679,0.001827,-0.043505,-0.08423,0.049711,-0.133941
SKF-B.ST,2021-04-22,0.26,positive,Q3,-0.014427,0.001523,-0.015951,-0.045872,-0.010675,-0.035197,-0.045415,0.001827,-0.047242,-0.009195,0.049711,-0.058906
MYCR.ST,2021-04-22,31.68,positive,Q5,0.016982,0.001523,0.015459,0.01138,-0.010675,0.022055,0.050595,0.001827,0.048769,0.027661,0.049711,-0.02205
VITR.ST,2021-04-22,25.29,positive,Q5,0.003918,0.001523,0.002395,0.033772,-0.010675,0.044447,0.063691,0.001827,0.061865,0.484625,0.049711,0.434914
HUSQ-B.ST,2021-04-22,11.15,positive,Q4,-0.019185,0.001523,-0.020708,-0.035588,-0.010675,-0.024912,-0.033957,0.001827,-0.035784,-0.032326,0.049711,-0.082037
ALIG.ST,2021-04-22,19.44,positive,Q5,0.040063,0.001523,0.03854,0.008202,-0.010675,0.018877,0.001157,0.001827,-0.00067,0.023659,0.049711,-0.026052
TEL2-B.ST,2021-04-22,11.27,positive,Q4,-0.008646,0.001523,-0.010169,-0.056484,-0.010675,-0.045809,-0.03585,0.001827,-0.037677,0.121268,0.049711,0.071557
VOLV-B.ST,2021-04-22,27.95,positive,Q5,-0.006872,0.001523,-0.008395,-0.021783,-0.010675,-0.011107,0.006807,0.001827,0.00498,0.018476,0.049711,-0.031235
GRNG.ST,2021-04-22,23.76,positive,Q5,0.008248,0.001523,0.006725,-0.056534,-0.010675,-0.045858,-0.093605,0.001827,-0.095432,-0.08443,0.049711,-0.134141
THULE.ST,2021-04-22,19.44,positive,Q5,-0.010094,0.001523,-0.011617,-0.030755,-0.010675,-0.020079,-0.029249,0.001827,-0.031076,0.135149,0.049711,0.085438
VPLAY-B.ST,2021-04-22,28.98,positive,Q5,-0.000484,0.001523,-0.002008,-0.036325,-0.010675,-0.02565,-0.043671,0.001827,-0.045498,0.165725,0.049711,0.116014
MTRS.ST,2021-04-22,28.0,positive,Q5,0.002263,0.001523,0.00074,-0.055741,-0.010675,-0.045065,-0.02787,0.001827,-0.029697,-0.093735,0.049711,-0.143446
AXFO.ST,2021-04-22,4.93,positive,Q4,0.007589,0.001523,0.006065,0.006159,-0.010675,0.016834,0.093484,0.001827,0.091657,0.11295,0.049711,0.063239
LIFCO-B.ST,2021-04-23,-0.91,negative,Q3,-0.004361,0.008235,-0.012596,0.005982,-0.005689,0.011671,-0.002963,-0.00053,-0.002433,0.330631,0.062525,0.268107
SAAB-B.ST,2021-04-23,38.68,positive,Q5,-0.01524,0.008235,-0.023475,-0.012484,-0.005689,-0.006795,-0.048314,-0.00053,-0.047784,0.0,0.062525,-0.062525
ALIV-SDB.ST,2021-04-23,20.95,positive,Q5,0.016759,0.008235,0.008524,-0.033969,-0.005689,-0.02828,-0.029673,-0.00053,-0.029144,-0.073379,0.062525,-0.135904
TELIA.ST,2021-04-23,2.78,positive,Q3,-0.002247,0.008235,-0.010482,-0.001124,-0.005689,0.004565,0.063296,-0.00053,0.063826,0.102622,0.062525,0.040097
ESSITY-A.ST,2021-04-23,7.69,positive,Q4,-0.005344,0.008235,-0.013579,0.008921,-0.005689,0.014609,0.073214,-0.00053,0.073743,0.008921,0.062525,-0.053604
HMS.ST,2021-04-23,53.6,positive,Q5,-0.023204,0.008235,-0.031439,0.015003,-0.005689,0.020691,-0.068212,-0.00053,-0.067682,0.054581,0.062525,-0.007944
DIOS.ST,2021-04-23,-9.52,negative,Q2,0.02734,0.008235,0.019105,0.039754,-0.005689,0.045443,0.093737,-0.00053,0.094267,0.209932,0.062525,0.147407
AAK.ST,2021-04-23,0.0,negative,Q3,-0.004104,0.008235,-0.012339,0.009316,-0.005689,0.015005,0.007985,-0.00053,0.008515,0.041313,0.062525,-0.021211
ESSITY-B.ST,2021-04-23,-4.45,negative,Q2,-0.012179,0.008235,-0.020415,0.006816,-0.005689,0.012504,0.074206,-0.00053,0.074735,0.011494,0.062525,-0.051031
DOM.ST,2021-04-23,25.76,positive,Q5,-0.006473,0.008235,-0.014708,-0.028158,-0.005689,-0.022469,0.016263,-0.00053,0.016793,0.05494,0.062525,-0.007585
COOR.ST,2021-04-26,-5.66,negative,Q2,0.00474,-0.010426,0.015166,-0.011668,-0.030166,0.018498,-0.008933,-0.01581,0.006876,0.075843,0.055159,0.020684
BRAV.ST,2021-04-26,2.0,positive,Q3,-0.009797,-0.010426,0.000628,0.012247,-0.030166,0.042413,0.013,-0.01581,0.02881,0.110033,0.055159,0.054874
SSAB-A.ST,2021-04-26,84.81,positive,Q5,0.002387,-0.010426,0.012812,-0.029236,-0.030166,0.000929,-0.082339,-0.01581,-0.066529,0.025955,0.055159,-0.029204
FABG.ST,2021-04-26,-20.95,negative,Q1,-0.007024,-0.010426,0.003401,0.018938,-0.030166,0.049104,0.056282,-0.01581,0.072091,0.170445,0.055159,0.115286
RESURS.ST,2021-04-27,-5.79,negative,Q2,0.036523,-0.002864,0.039387,0.02294,0.007254,0.015686,0.012677,0.002327,0.01035,-0.031693,0.061057,-0.09275
SWED-A.ST,2021-04-27,12.15,positive,Q4,0.009957,-0.002864,0.012821,0.008642,0.007254,0.001388,0.011742,0.002327,0.009414,0.133947,0.061057,0.07289
BILI-A.ST,2021-04-27,5.71,positive,Q4,0.002696,-0.002864,0.00556,-0.018453,0.007254,-0.025707,0.031766,0.002327,0.029439,0.250337,0.061057,0.18928
ARJO-B.ST,2021-04-27,24.53,positive,Q5,0.001849,-0.002864,0.004713,-0.009641,0.007254,-0.016895,-0.009113,0.002327,-0.01144,0.219493,0.061057,0.158436
EPRO-B.ST,2021-04-27,11.76,positive,Q4,-0.045622,-0.002864,-0.042758,-0.036792,0.007254,-0.044046,-0.005151,0.002327,-0.007478,0.174577,0.061057,0.11352
BHG.ST,2021-04-27,13.54,positive,Q4,-0.036697,-0.002864,-0.033833,-0.100917,0.007254,-0.108171,-0.078555,0.002327,-0.080882,-0.231078,0.061057,-0.292135
EVO.ST,2021-04-27,11.11,positive,Q4,0.023211,-0.002864,0.026075,0.012775,0.007254,0.005521,-0.033408,0.002327,-0.035735,-0.034881,0.061057,-0.095938
INWI.ST,2021-04-27,101.18,positive,Q5,-0.008428,-0.002864,-0.005564,-0.004495,0.007254,-0.011749,-0.010676,0.002327,-0.013003,0.077862,0.061057,0.016805
BOL.ST,2021-04-27,10.76,positive,Q4,0.002421,-0.002864,0.005285,0.039306,0.007254,0.032052,0.024603,0.002327,0.022275,0.0375,0.061057,-0.023557
ATCO-A.ST,2021-04-27,3.45,positive,Q3,-0.01208,-0.002864,-0.009216,-0.007528,0.007254,-0.014782,-0.040441,0.002327,-0.042768,0.101803,0.061057,0.040746
LIME.ST,2021-04-27,-16.0,negative,Q2,0.025398,-0.002864,0.028263,-0.066976,0.007254,-0.07423,-0.001145,0.002327,-0.003472,0.158206,0.061057,0.097149
VOLO.ST,2021-04-27,5.71,positive,Q4,-0.010344,-0.002864,-0.007479,-0.043221,0.007254,-0.050475,-0.095031,0.002327,-0.097359,0.224511,0.061057,0.163454
WIHL.ST,2021-04-27,-20.8,negative,Q1,-0.009079,-0.002864,-0.006215,-0.000519,0.007254,-0.007773,0.051621,0.002327,0.049294,0.125811,0.061057,0.064754
WALL-B.ST,2021-04-27,-64.44,negative,Q1,-0.003003,-0.002864,-0.000139,0.003636,0.007254,-0.003618,0.05754,0.002327,0.055213,0.087575,0.061057,0.026518
PNDX-B.ST,2021-04-27,-12.0,negative,Q2,0.012784,-0.002864,0.015649,0.025497,0.007254,0.018243,-0.012134,0.002327,-0.014462,-0.037631,0.061057,-0.098688
ALFA.ST,2021-04-27,10.0,positive,Q4,-0.041333,-0.002864,-0.038469,0.010116,0.007254,0.002862,0.032957,0.002327,0.03063,0.18288,0.061057,0.121823
BILL.ST,2021-04-27,2.41,positive,Q3,0.023141,-0.002864,0.026005,0.022021,0.007254,0.014768,-0.026874,0.002327,-0.029201,0.098388,0.061057,0.037331
EPI-A.ST,2021-04-28,-12.21,negative,Q2,-0.045762,-0.007083,-0.03868,-0.01662,0.00617,-0.02279,0.000626,0.01013,-0.009503,0.075645,0.066755,0.00889
NCC-B.ST,2021-04-28,13.53,positive,Q4,-0.036746,-0.007083,-0.029663,-0.012022,0.00617,-0.018192,-0.043929,0.01013,-0.054058,-0.074701,0.066755,-0.141456
ASSA-B.ST,2021-04-28,3.05,positive,Q3,-0.006201,-0.007083,0.000881,0.053136,0.00617,0.046966,0.055189,0.01013,0.045059,0.145802,0.066755,0.079047
IVSO.ST,2021-04-28,-40.0,negative,Q1,-0.025521,-0.007083,-0.018438,-0.019427,0.00617,-0.025597,0.042396,0.01013,0.032266,-0.054167,0.066755,-0.120922
SHOT.ST,2021-04-28,-140.2,negative,Q1,-0.016236,-0.007083,-0.009153,-0.026692,0.00617,-0.032863,-0.067144,0.01013,-0.077273,-0.091084,0.066755,-0.157839
FNOX.ST,2021-04-28,-11.11,negative,Q2,-0.033491,-0.007083,-0.026408,-0.098,0.00617,-0.10417,-0.062935,0.01013,-0.073065,0.016408,0.066755,-0.050347
CEVI.ST,2021-04-28,-1.65,negative,Q3,-0.04369,-0.007083,-0.036607,-0.071304,0.00617,-0.077474,-0.077142,0.01013,-0.087272,0.142691,0.066755,0.075936
LUMI.ST,2021-04-28,-20.0,negative,Q2,0.006859,-0.007083,0.013942,0.021607,0.00617,0.015437,-0.118898,0.01013,-0.129027,-0.237453,0.066755,-0.304208
JM.ST,2021-04-28,-14.23,negative,Q2,-0.011018,-0.007083,-0.003936,0.005063,0.00617,-0.001108,0.039719,0.01013,0.029589,-0.041617,0.066755,-0.108372
SEB-A.ST,2021-04-28,22.12,positive,Q5,-0.001479,-0.007083,0.005604,0.014173,0.00617,0.008003,-0.013434,0.01013,-0.023563,0.060143,0.066755,-0.006612
ELUX-B.ST,2021-04-28,56.01,positive,Q5,-0.005057,-0.007083,0.002026,-0.019277,0.00617,-0.025447,-0.009213,0.01013,-0.019342,-0.049369,0.066755,-0.116124
SINCH.ST,2021-04-28,61.54,positive,Q5,0.001498,-0.007083,0.00858,-0.061775,0.00617,-0.067945,0.115687,0.01013,0.105557,0.330588,0.066755,0.263833
BONAV-B.ST,2021-04-29,91.18,positive,Q5,-0.003976,0.006571,-0.010548,0.018887,0.019444,-0.000557,0.047714,0.011206,0.036507,-0.083002,0.075403,-0.158405
INDT.ST,2021-04-29,4.96,positive,Q4,0.009953,0.006571,0.003381,0.008585,0.019444,-0.010859,-0.014009,0.011206,-0.025216,0.25816,0.075403,0.182757
MTG-B.ST,2021-04-29,-254.55,negative,Q1,-0.05,0.006571,-0.056571,-0.13,0.019444,-0.149444,-0.095385,0.011206,-0.106591,-0.036923,0.075403,-0.112326
CATE.ST,2021-04-29,-7.6,negative,Q2,0.011704,0.006571,0.005132,0.043392,0.019444,0.023948,0.060456,0.011206,0.04925,0.24087,0.075403,0.165467
SECARE.ST,2021-04-29,0.0,negative,Q3,-0.062087,0.006571,-0.068658,-0.060225,0.019444,-0.079669,-0.030997,0.011206,-0.042203,0.218095,0.075403,0.142692
SKA-B.ST,2021-04-29,7.28,positive,Q4,0.023522,0.006571,0.01695,0.028339,0.019444,0.008895,0.015681,0.011206,0.004475,0.06667,0.075403,-0.008733
FAG.ST,2021-04-29,96.3,positive,Q5,-0.02922,0.006571,-0.035791,0.0396,0.019444,0.020156,0.180315,0.011206,0.169109,0.372741,0.075403,0.297338
KNOW.ST,2021-04-29,8.39,positive,Q4,-0.007969,0.006571,-0.014541,-0.006383,0.019444,-0.025827,-0.020366,0.011206,-0.031572,-0.013836,0.075403,-0.089239
HOLM-B.ST,2021-04-29,23.53,positive,Q5,0.003503,0.006571,-0.003069,0.009011,0.019444,-0.010433,-0.043358,0.011206,-0.054564,0.137079,0.075403,0.061676
MSON-B.ST,2021-04-29,-35.71,negative,Q1,0.005201,0.006571,-0.001371,-0.04934,0.019444,-0.068784,-0.062275,0.011206,-0.073481,-0.071209,0.075403,-0.146613
MIPS.ST,2021-04-29,0.83,positive,Q3,-0.025568,0.006571,-0.03214,-0.016592,0.019444,-0.036036,0.000294,0.011206,-0.010912,0.344013,0.075403,0.268609
INTRUM.ST,2021-04-29,14.99,positive,Q4,0.004149,0.006571,-0.002422,0.033988,0.019444,0.014544,-0.008563,0.011206,-0.01977,-0.07751,0.075403,-0.152914
HEXA-B.ST,2021-04-29,14.29,positive,Q4,0.018748,0.006571,0.012177,0.011378,0.019444,-0.008066,0.024696,0.011206,0.01349,0.226791,0.075403,0.151388
AFRY.ST,2021-04-29,1.05,positive,Q3,0.005795,0.006571,-0.000776,-0.008651,0.019444,-0.028095,0.022384,0.011206,0.011177,0.076558,0.075403,0.001155
SAVE.ST,2021-04-29,7.82,positive,Q4,-0.007883,0.006571,-0.014455,-0.075794,0.019444,-0.095238,-0.029218,0.011206,-0.040425,-0.126058,0.075403,-0.201461
SCA-B.ST,2021-04-30,38.95,positive,Q5,-0.003292,-0.016585,0.013293,0.005296,0.014975,-0.00968,-0.076213,0.014758,-0.090971,0.060613,0.061974,-0.001362
NP3.ST,2021-05-04,-14.78,negative,Q2,-0.006379,-0.003937,-0.002442,0.003883,-0.022035,0.025917,0.09256,0.007917,0.084644,0.462109,0.055265,0.406844
SOBI.ST,2021-05-04,-4.51,negative,Q2,-0.04052,-0.003937,-0.036584,0.049814,-0.022035,0.071849,0.069888,0.007917,0.061972,0.24461,0.055265,0.189345
AMBEA.ST,2021-05-04,-46.15,negative,Q1,-0.002887,-0.003937,0.001049,-0.068656,-0.022035,-0.046621,0.030959,0.007917,0.023043,-0.088226,0.055265,-0.143491
NOLA-B.ST,2021-05-04,3.57,positive,Q3,-0.018551,-0.003937,-0.014614,-0.024104,-0.022035,-0.002069,-0.042655,0.007917,-0.050572,0.087456,0.055265,0.032191
SAGA-B.ST,2021-05-05,12.73,positive,Q4,0.011215,0.006016,0.005199,None,None,None,0.156619,0.011044,0.145575,0.507958,0.065204,0.442754
GARO.ST,2021-05-05,48.08,positive,Q5,0.047004,0.006016,0.040988,None,None,None,-0.020352,0.011044,-0.031396,0.047004,0.065204,-0.018201
SECU-B.ST,2021-05-05,0.52,positive,Q3,0.013304,0.006016,0.007288,None,None,None,-0.038523,0.011044,-0.049566,0.056096,0.065204,-0.009108
RENEW.ST,2021-05-05,-9.09,negative,Q2,0.003185,0.006016,-0.002831,None,None,None,-0.190287,0.011044,-0.20133,-0.199841,0.065204,-0.265045
KAR.ST,2021-05-05,0.0,negative,Q3,-0.001965,0.006016,-0.007981,None,None,None,0.001965,0.011044,-0.009079,0.011788,0.065204,-0.053416
COIC.ST,2021-05-05,4.42,positive,Q3,0.024729,0.006016,0.018713,None,None,None,-0.028887,0.011044,-0.039931,0.025769,0.065204,-0.039436
LIAB.ST,2021-05-05,7.65,positive,Q4,0.022675,0.006016,0.016659,None,None,None,0.121802,0.011044,0.110758,0.417446,0.065204,0.352242
SF.ST,2021-05-05,-26.53,negative,Q1,0.002554,0.006016,-0.003462,None,None,None,0.07599,0.011044,0.064946,-0.220307,0.065204,-0.285511
CAMX.ST,2021-05-06,58.76,positive,Q5,-0.004938,0.002159,-0.007097,-0.009877,-0.005421,-0.004455,0.007407,0.003353,0.004054,-0.112099,0.059088,-0.171187
ACAD.ST,2021-05-06,-4.4,negative,Q2,-0.036267,0.002159,-0.038426,-0.059806,-0.005421,-0.054384,-0.059806,0.003353,-0.063159,-0.065554,0.059088,-0.124642
JOMA.ST,2021-05-06,-55.95,negative,Q1,-0.002759,0.002159,-0.004918,-0.041379,-0.005421,-0.035958,0.02069,0.003353,0.017337,0.2,0.059088,0.140912
ATT.ST,2021-05-06,131.03,positive,Q5,-0.010747,0.002159,-0.012906,-0.024426,-0.005421,-0.019005,-0.032242,0.003353,-0.035595,-0.022472,0.059088,-0.08156
BIOG-B.ST,2021-05-06,31.58,positive,Q5,-0.009457,0.002159,-0.011616,-0.042625,-0.005421,-0.037204,0.041355,0.003353,0.038002,0.224559,0.059088,0.165471
HUFV-A.ST,2021-05-06,0.0,negative,Q3,-0.001511,0.002159,-0.00367,0.003976,-0.005421,0.009397,0.074427,0.003353,0.071075,0.183206,0.059088,0.124118
SEDANA.ST,2021-05-06,-292.0,negative,Q1,-0.060206,0.002159,-0.062365,-0.035242,-0.005421,-0.029821,-0.073128,0.003353,-0.076481,-0.006167,0.059088,-0.065256
PEAB-B.ST,2021-05-06,-165.52,negative,Q1,-0.006796,0.002159,-0.008955,-0.019657,-0.005421,-0.014236,0.0,0.003353,-0.003353,-0.119824,0.059088,-0.178912
LOOMIS.ST,2021-05-06,-13.98,negative,Q2,0.055227,0.002159,0.053068,0.066742,-0.005421,0.072163,0.014078,0.003353,0.010725,0.043365,0.059088,-0.015723
INSTAL.ST,2021-05-06,-8.51,negative,Q2,-0.030841,0.002159,-0.033,-0.066544,-0.005421,-0.061123,0.090178,0.003353,0.086825,0.488937,0.059088,0.429849
XBRANE.ST,2021-05-06,24.01,positive,Q5,0.059322,0.002159,0.057163,0.09322,-0.005421,0.098642,0.228814,0.003353,0.225461,0.333898,0.059088,0.27481
BOOZT.ST,2021-05-07,196.3,positive,Q5,-0.028252,-0.031459,0.003207,-0.021855,-0.015282,-0.006573,0.045842,0.004356,0.041486,0.021855,0.050972,-0.029117
MEKO.ST,2021-05-07,1.2,positive,Q3,-0.052834,-0.031459,-0.021376,-0.013042,-0.015282,0.00224,-0.016302,0.004356,-0.020659,-0.082179,0.050972,-0.13315
EOLU-B.ST,2021-05-18,-213.56,negative,Q1,-0.006422,0.017609,-0.02403,-0.03585,0.011608,-0.047458,-0.056567,0.032387,-0.088954,-0.077563,0.082644,-0.160207
EMBRAC-B.ST,2021-05-20,226.67,positive,Q5,0.020867,0.001875,0.018993,-0.002046,0.006523,-0.008568,-0.084697,0.01117,-0.095867,-0.210065,0.039921,-0.249987
ONCO.ST,2021-05-26,47.89,positive,Q5,-0.018945,0.004898,-0.023842,-0.031996,0.012871,-0.044866,-0.06343,0.005292,-0.068721,-0.544204,0.058678,-0.602883
EKTA-B.ST,2021-05-28,-4.3,negative,Q2,0.020514,0.010107,0.010407,0.050805,0.011527,0.039279,0.016392,0.009485,0.006907,-0.088286,0.058554,-0.14684
BICO.ST,2021-05-28,-246.15,negative,Q1,-0.061124,0.010107,-0.07123,-0.141573,0.011527,-0.1531,-0.046742,0.009485,-0.056226,0.257303,0.058554,0.19875
SECT-B.ST,2021-06-02,16.95,positive,Q4,-0.055169,-0.000846,-0.054322,0.067457,-0.002388,0.069845,0.098307,0.011312,0.086995,0.411704,0.041929,0.369775
CLAS-B.ST,2021-06-02,-27.5,negative,Q1,-0.022736,-0.000846,-0.02189,-0.033022,-0.002388,-0.030634,-0.059954,0.011312,-0.071266,0.0563,0.041929,0.014371
SYSR.ST,2021-06-10,-3.45,negative,Q3,-0.034529,0.002651,-0.03718,-0.040734,-0.013422,-0.027312,0.058133,0.030978,0.027155,0.090639,0.032824,0.057815
SKIS-B.ST,2021-06-17,-75.51,negative,Q1,0.020525,0.00794,0.012585,0.018389,0.003701,0.014687,0.099954,0.024698,0.075256,0.251717,0.042709,0.209008
DUST.ST,2021-06-30,-7.69,negative,Q2,-0.053861,0.006614,-0.060475,-0.103432,0.007061,-0.110492,-0.047188,0.04222,-0.089408,-0.113918,-0.008736,-0.105182
HM-B.ST,2021-07-01,3.09,positive,Q3,0.0119,0.004429,0.007472,-0.019854,0.01337,-0.033225,-0.104452,0.040512,-0.144963,-0.087434,-0.014583,-0.07285
DIOS.ST,2021-07-05,-6.21,negative,Q2,0.023435,0.016332,0.007102,0.091297,0.026431,0.064866,0.118516,0.045619,0.072897,-0.042353,-0.015081,-0.027272
CATE.ST,2021-07-06,-15.12,negative,Q2,-0.015422,-0.015533,0.000111,0.040007,0.013011,0.026996,0.118752,0.029063,0.089689,-0.010002,-0.039886,0.029884
PLAZ-B.ST,2021-07-06,0.0,negative,Q3,-0.00264,-0.015533,0.012893,0.008071,0.013011,-0.00494,0.155918,0.029063,0.126855,-0.103266,-0.039886,-0.06338
WALL-B.ST,2021-07-08,65.22,positive,Q5,0.029403,0.007845,0.021558,-0.028131,0.008308,-0.03644,-0.016822,0.02812,-0.044942,-0.118462,-0.042452,-0.07601
FABG.ST,2021-07-09,-15.74,negative,Q2,-0.028177,0.004901,-0.033078,-0.069656,-0.021502,-0.048154,-0.03068,0.023957,-0.054637,-0.125295,-0.034219,-0.091076
BIOA-B.ST,2021-07-09,15.22,positive,Q4,-0.013889,0.004901,-0.01879,-0.0625,-0.021502,-0.040998,-0.004167,0.023957,-0.028124,0.034722,-0.034219,0.068941
NP3.ST,2021-07-09,-6.43,negative,Q2,-0.017009,0.004901,-0.02191,-0.026773,-0.021502,-0.005271,0.082734,0.023957,0.058777,0.165468,-0.034219,0.199687
WIHL.ST,2021-07-12,-26.67,negative,Q1,-0.021404,0.003044,-0.024448,-0.011507,-0.019431,0.007924,0.060759,0.022262,0.038497,-0.104948,-0.046384,-0.058564
NEWA-B.ST,2021-07-13,67.06,positive,Q5,-0.025433,-0.005029,-0.020404,0.028636,-0.009322,0.037958,0.095516,0.020874,0.074642,0.004898,-0.052124,0.057022
NYF.ST,2021-07-13,61.01,positive,Q5,-0.027115,-0.005029,-0.022086,-0.007575,-0.009322,0.001747,0.073169,0.020874,0.052294,-0.066627,-0.052124,-0.014503
JM.ST,2021-07-13,-0.73,negative,Q3,0.002967,-0.005029,0.007996,0.004957,-0.009322,0.01428,0.037706,0.020874,0.016832,0.050275,-0.052124,0.102399
XVIVO.ST,2021-07-13,-263.16,negative,Q1,-0.025094,-0.005029,-0.020065,-0.008783,-0.009322,0.000539,0.008783,0.020874,-0.012092,-0.139272,-0.052124,-0.087149
HMS.ST,2021-07-14,1.52,positive,Q3,0.007687,-0.002425,0.010112,0.012803,0.003351,0.009452,0.034527,0.026681,0.007846,0.116385,-0.039872,0.156257
TEL2-B.ST,2021-07-14,59.26,positive,Q5,0.012045,-0.002425,0.014469,-0.015486,0.003351,-0.018837,0.009008,0.026681,-0.017673,0.001215,-0.039872,0.041087
AFRY.ST,2021-07-14,5.38,positive,Q4,-0.00826,-0.002425,-0.005835,-0.008968,0.003351,-0.012319,-0.006214,0.026681,-0.032895,-0.068161,-0.039872,-0.028289
ARJO-B.ST,2021-07-15,16.39,positive,Q4,-0.025189,-0.021951,-0.003238,-0.000557,0.019618,-0.020175,0.096968,0.014855,0.082113,0.102095,-0.026446,0.128541
SEB-A.ST,2021-07-15,23.27,positive,Q5,-0.045211,-0.021951,-0.023259,-0.023861,0.019618,-0.043479,-0.000457,0.014855,-0.015312,0.075351,-0.026446,0.101797
AXFO.ST,2021-07-15,3.36,positive,Q3,0.0,-0.021951,0.021951,0.002125,0.019618,-0.017493,-0.007708,0.014855,-0.022563,-0.101981,-0.026446,-0.075536
CAMX.ST,2021-07-15,-71.15,negative,Q1,-0.029605,-0.021951,-0.007654,0.02193,0.019618,0.002312,-0.01864,0.014855,-0.033495,-0.093202,-0.026446,-0.066756
VIT-B.ST,2021-07-15,27.59,positive,Q5,-0.003821,-0.021951,0.01813,0.061479,0.019618,0.041861,0.148529,0.014855,0.133674,0.335322,-0.026446,0.361768
COOR.ST,2021-07-15,10.66,positive,Q4,-0.023843,-0.021951,-0.001892,0.037167,0.019618,0.017549,0.102209,0.014855,0.087354,0.163745,-0.026446,0.19019
CAST.ST,2021-07-15,0.36,positive,Q3,-0.013909,-0.021951,0.008043,-0.005712,0.019618,-0.02533,0.031467,0.014855,0.016611,-0.076366,-0.026446,-0.04992
MYCR.ST,2021-07-15,-1.08,negative,Q3,-0.023578,-0.021951,-0.001626,-0.015774,0.019618,-0.035392,-0.029116,0.014855,-0.043971,-0.144655,-0.026446,-0.118209
DUNI.ST,2021-07-15,-62.0,negative,Q1,-0.021322,-0.021951,0.00063,0.016067,0.019618,-0.003551,-0.007074,0.014855,-0.021929,-0.03557,-0.026446,-0.009124
VITR.ST,2021-07-15,-8.14,negative,Q2,0.01862,-0.021951,0.040572,0.042105,0.019618,0.022487,0.048757,0.014855,0.033902,0.054526,-0.026446,0.080972
KNOW.ST,2021-07-15,-42.33,negative,Q1,-0.027071,-0.021951,-0.00512,-0.00845,0.019618,-0.028068,0.082935,0.014855,0.06808,0.184453,-0.026446,0.210899
HEBA-B.ST,2021-07-15,-20.0,negative,Q2,-0.017952,-0.021951,0.004,-0.002649,0.019618,-0.022267,0.08299,0.014855,0.068135,-0.060771,-0.026446,-0.034325
BALD-B.ST,2021-07-16,-17.58,negative,Q2,0.002435,0.007028,-0.004593,0.017739,0.043801,-0.026062,0.118609,0.041963,0.076646,0.007652,0.004068,0.003584
SWED-A.ST,2021-07-16,17.02,positive,Q4,0.003242,0.007028,-0.003785,0.024744,0.043801,-0.019057,0.043515,0.041963,0.001553,0.135751,0.004068,0.131682
INWI.ST,2021-07-16,17.08,positive,Q4,-0.010016,0.007028,-0.017044,0.007475,0.043801,-0.036326,0.026237,0.041963,-0.015726,-0.08058,0.004068,-0.084648
AAK.ST,2021-07-16,-0.66,negative,Q3,0.002049,0.007028,-0.004978,0.018498,0.043801,-0.025304,0.042334,0.041963,0.000371,-0.046594,0.004068,-0.050663
SINCH.ST,2021-07-16,-83.72,negative,Q1,0.00654,0.007028,-0.000488,0.10464,0.043801,0.060839,0.072252,0.041963,0.030289,0.065089,0.004068,0.06102
LIFCO-B.ST,2021-07-16,9.3,positive,Q4,-0.018624,0.007028,-0.025652,0.035155,0.043801,-0.008646,0.066908,0.041963,0.024945,0.042352,0.004068,0.038283
ALIV-SDB.ST,2021-07-16,-7.69,negative,Q2,0.018077,0.007028,0.011049,0.040475,0.043801,-0.003326,0.057532,0.041963,0.015569,0.045644,0.004068,0.041575
SHB-A.ST,2021-07-16,10.14,positive,Q4,-0.000912,0.007028,-0.00794,0.020371,0.043801,-0.02343,0.034965,0.041963,-0.006998,0.091213,0.004068,0.087145
SAND.ST,2021-07-16,-0.37,negative,Q3,0.01485,0.007028,0.007822,0.052413,0.043801,0.008611,0.027799,0.041963,-0.014164,-0.0167,0.004068,-0.020768
VOLO.ST,2021-07-16,16.67,positive,Q4,-0.017772,0.007028,-0.0248,0.034116,0.043801,-0.009685,0.057918,0.041963,0.015955,0.096477,0.004068,0.092409
BRAV.ST,2021-07-16,0.82,positive,Q3,-0.015082,0.007028,-0.022109,0.027199,0.043801,-0.016602,0.023363,0.041963,-0.018599,-0.097289,0.004068,-0.101357
LAGR-B.ST,2021-07-16,21.43,positive,Q5,-0.00639,0.007028,-0.013418,0.056739,0.043801,0.012938,0.076007,0.041963,0.034044,-0.005325,0.004068,-0.009394
ERIC-B.ST,2021-07-16,-4.88,negative,Q2,-0.008726,0.007028,-0.015754,-0.011984,0.043801,-0.055785,-0.019197,0.041963,-0.06116,0.046306,0.004068,0.042238
ESSITY-A.ST,2021-07-16,-8.25,negative,Q2,0.001758,0.007028,-0.00527,-0.026019,0.043801,-0.06982,-0.015627,0.041963,-0.05759,-0.069422,0.004068,-0.073491
SWEC-B.ST,2021-07-16,-3.33,negative,Q3,-0.047182,0.007028,-0.054209,-0.021489,0.043801,-0.06529,0.014326,0.041963,-0.027637,0.009265,0.004068,0.005197
MTRS.ST,2021-07-16,11.36,positive,Q4,0.021274,0.007028,0.014246,0.048487,0.043801,0.004686,0.033844,0.041963,-0.008118,-0.023346,0.004068,-0.027414
ATCO-A.ST,2021-07-16,0.0,negative,Q3,0.02736,0.007028,0.020332,0.051809,0.043801,0.008007,0.071185,0.041963,0.029222,-0.008981,0.004068,-0.01305
DOM.ST,2021-07-16,-9.76,negative,Q2,-0.037405,0.007028,-0.044432,0.003156,0.043801,-0.040646,0.011006,0.041963,-0.030957,-0.075194,0.004068,-0.079263
HUSQ-B.ST,2021-07-16,8.41,positive,Q4,-0.01339,0.007028,-0.020418,0.028099,0.043801,-0.015702,0.011666,0.041963,-0.030297,-0.087847,0.004068,-0.091916
GETI-B.ST,2021-07-16,30.47,positive,Q5,0.002885,0.007028,-0.004143,0.042591,0.043801,-0.00121,0.063902,0.041963,0.021939,0.073673,0.004068,0.069605
GRNG.ST,2021-07-16,0.0,negative,Q3,-0.007249,0.007028,-0.014276,0.03282,0.043801,-0.010981,0.082956,0.041963,0.040993,0.027383,0.004068,0.023315
SHOT.ST,2021-07-16,-21.74,negative,Q1,-0.038403,0.007028,-0.045431,-0.003326,0.043801,-0.047128,-0.062292,0.041963,-0.104255,0.101905,0.004068,0.097837
PNDX-B.ST,2021-07-16,-3.37,negative,Q3,-0.007927,0.007028,-0.014954,0.037613,0.043801,-0.006189,0.01663,0.041963,-0.025332,0.059294,0.004068,0.055226
PEAB-B.ST,2021-07-16,-14.1,negative,Q2,-0.012977,0.007028,-0.020005,0.011508,0.043801,-0.032293,0.015548,0.041963,-0.026414,-0.058154,0.004068,-0.062222
ESSITY-B.ST,2021-07-16,-7.37,negative,Q2,-0.002767,0.007028,-0.009795,-0.028022,0.043801,-0.071824,-0.019019,0.041963,-0.060982,-0.073038,0.004068,-0.077106
INDT.ST,2021-07-19,14.93,positive,Q4,0.000761,0.013385,-0.012624,0.036475,0.031444,0.005031,0.064102,0.029448,0.034654,-0.044483,0.004964,-0.049447
ASSA-B.ST,2021-07-19,30.77,positive,Q5,-0.003232,0.013385,-0.016617,-0.007203,0.031444,-0.038647,0.021922,0.029448,-0.007526,-0.083054,0.004964,-0.088019
NOLA-B.ST,2021-07-20,-2.17,negative,Q3,-0.003799,0.007699,-0.011498,0.006985,0.020355,-0.01337,0.090319,-0.001746,0.092065,0.202574,-0.009713,0.212286
CEVI.ST,2021-07-20,15.04,positive,Q4,0.049745,0.007699,0.042045,0.049745,0.020355,0.029389,0.116088,-0.001746,0.117834,-0.025368,-0.009713,-0.015655
EPI-A.ST,2021-07-20,-0.71,negative,Q3,0.017647,0.007699,0.009948,0.029303,0.020355,0.008947,-0.065196,-0.001746,-0.06345,-0.003813,-0.009713,0.0059
MTG-B.ST,2021-07-20,-26.67,negative,Q1,0.0131,0.007699,0.005401,0.10131,0.020355,0.080955,0.089956,-0.001746,0.091703,-0.065502,-0.009713,-0.05579
LIAB.ST,2021-07-20,6.74,positive,Q4,0.017399,0.007699,0.0097,0.019065,0.020355,-0.00129,-0.007404,-0.001746,-0.005658,0.025683,-0.009713,0.035395
BONAV-B.ST,2021-07-20,10.94,positive,Q4,-0.015983,0.007699,-0.023683,-0.01545,0.020355,-0.035806,-0.033031,-0.001746,-0.031285,-0.077921,-0.009713,-0.068208
VOLV-B.ST,2021-07-20,1.14,positive,Q3,0.000956,0.007699,-0.006744,-0.008729,0.020355,-0.029084,-0.070532,-0.001746,-0.068786,-0.027206,-0.009713,-0.017494
SKF-B.ST,2021-07-20,10.87,positive,Q4,0.008897,0.007699,0.001198,0.01557,0.020355,-0.004785,-0.056435,-0.001746,-0.054689,-0.037296,-0.009713,-0.027583
ELUX-B.ST,2021-07-20,-12.22,negative,Q2,-0.008446,0.007699,-0.016145,0.008499,0.020355,-0.011857,-0.02709,-0.001746,-0.025344,-0.058536,-0.009713,-0.048824
ALIG.ST,2021-07-20,6.93,positive,Q4,0.00693,0.007699,-0.000769,0.019446,0.020355,-0.00091,0.002793,-0.001746,0.004539,-0.095676,-0.009713,-0.085964
ALFA.ST,2021-07-20,-5.69,negative,Q2,0.012512,0.007699,0.004813,0.06484,0.020355,0.044485,0.041965,-0.001746,0.043711,-0.014566,-0.009713,-0.004853
BILL.ST,2021-07-20,14.75,positive,Q4,0.011881,0.007699,0.004181,0.032238,0.020355,0.011882,0.026193,-0.001746,0.02794,-0.047176,-0.009713,-0.037463
EVO.ST,2021-07-21,0.0,negative,Q3,0.044312,0.013748,0.030563,0.076113,0.013538,0.062574,-0.034161,0.003465,-0.037626,0.033752,-0.01092,0.044672
THULE.ST,2021-07-21,17.74,positive,Q4,0.011986,0.013748,-0.001762,-0.042668,0.013538,-0.056206,0.061752,0.003465,0.058287,-0.028965,-0.01092,-0.018046
SSAB-A.ST,2021-07-21,24.21,positive,Q5,0.02242,0.013748,0.008672,0.078317,0.013538,0.064778,0.05344,0.003465,0.049975,0.027027,-0.01092,0.037947
NCC-B.ST,2021-07-21,16.08,positive,Q4,0.017443,0.013748,0.003694,-0.005192,0.013538,-0.018731,0.003894,0.003465,0.000429,-0.07042,-0.01092,-0.059501
SAAB-B.ST,2021-07-21,7.08,positive,Q4,-0.017678,0.013748,-0.031426,0.011308,0.013538,-0.002231,-0.035674,0.003465,-0.03914,-0.051601,-0.01092,-0.040681
SSAB-B.ST,2021-07-21,13.82,positive,Q4,0.02213,0.013748,0.008382,0.078147,0.013538,0.064608,0.00657,0.003465,0.003105,-0.000692,-0.01092,0.010228
BOL.ST,2021-07-21,-9.81,negative,Q2,-0.001535,0.013748,-0.015284,0.06441,0.013538,0.050872,-0.074316,0.003465,-0.077782,0.019301,-0.01092,0.030221
COIC.ST,2021-07-21,4.65,positive,Q4,0.002439,0.013748,-0.011309,-0.014688,0.013538,-0.028227,-0.097317,0.003465,-0.100782,-0.033736,-0.01092,-0.022817
SOBI.ST,2021-07-21,38.46,positive,Q5,-0.007236,0.013748,-0.020984,-0.041968,0.013538,-0.055507,0.038206,0.003465,0.03474,0.352243,-0.01092,0.363163
TELIA.ST,2021-07-21,-2.33,negative,Q3,0.005808,0.013748,-0.00794,-0.02289,0.013538,-0.036429,-0.005808,0.003465,-0.009273,-0.062521,-0.01092,-0.051602
ANOD-B.ST,2021-07-21,-47.37,negative,Q1,-0.027662,0.013748,-0.041411,-0.01979,0.013538,-0.033329,-0.01323,0.003465,-0.016695,-0.054013,-0.01092,-0.043093
EPRO-B.ST,2021-07-22,38.1,positive,Q5,-0.000782,0.001246,-0.002029,-0.044757,-0.006204,-0.038554,-0.016432,-0.005507,-0.010925,0.014241,-0.024505,0.038746
BHG.ST,2021-07-22,2.94,positive,Q3,-0.079054,0.001246,-0.0803,-0.102703,-0.006204,-0.096499,-0.070946,-0.005507,-0.065439,-0.125676,-0.024505,-0.101171
TREL-B.ST,2021-07-22,4.66,positive,Q4,-0.008474,0.001246,-0.00972,0.005684,-0.006204,0.011888,-0.023149,-0.005507,-0.017642,-0.105203,-0.024505,-0.080699
RESURS.ST,2021-07-22,6.09,positive,Q4,0.026173,0.001246,0.024927,0.035429,-0.006204,0.041633,0.072135,-0.005507,0.077642,0.183849,-0.024505,0.208354
MIPS.ST,2021-07-22,7.22,positive,Q4,-0.025666,0.001246,-0.026912,-0.047667,-0.006204,-0.041464,-0.062857,-0.005507,-0.05735,0.014671,-0.024505,0.039176
IVSO.ST,2021-07-22,-41.67,negative,Q1,-0.054925,0.001246,-0.056171,-0.075627,-0.006204,-0.069424,-0.085978,-0.005507,-0.080471,-0.134724,-0.024505,-0.110219
MSON-B.ST,2021-07-22,-46.05,negative,Q1,-0.017849,0.001246,-0.019096,-0.008282,-0.006204,-0.002079,-0.017849,-0.005507,-0.012342,-0.151935,-0.024505,-0.12743
VPLAY-B.ST,2021-07-22,25.83,positive,Q5,-0.012519,0.001246,-0.013765,-0.038451,-0.006204,-0.032247,0.074013,-0.005507,0.07952,0.076076,-0.024505,0.100581
INTRUM.ST,2021-07-22,1.36,positive,Q3,-0.007254,0.001246,-0.0085,0.015979,-0.006204,0.022182,0.036565,-0.005507,0.042072,-0.054504,-0.024505,-0.03
BILI-A.ST,2021-07-23,14.91,positive,Q4,-0.034234,-0.004894,-0.029339,-0.046469,-0.002513,-0.043956,-0.088773,-0.00863,-0.080143,-0.215294,-0.026179,-0.189115
LOOMIS.ST,2021-07-23,18.65,positive,Q5,0.010133,-0.004894,0.015027,0.060036,-0.002513,0.062549,0.000721,-0.00863,0.009351,-0.145764,-0.026179,-0.119585
SKA-B.ST,2021-07-23,29.51,positive,Q5,-0.015694,-0.004894,-0.010799,-0.022122,-0.002513,-0.019609,0.004822,-0.00863,0.013452,-0.115339,-0.026179,-0.08916
AMBEA.ST,2021-07-23,-62.5,negative,Q1,0.002284,-0.004894,0.007178,0.006324,-0.002513,0.008837,-0.024767,-0.00863,-0.016137,-0.026348,-0.026179,-0.000169
SAVE.ST,2021-07-23,-6.52,negative,Q2,0.042316,-0.004894,0.047211,0.082267,-0.002513,0.084781,0.110478,-0.00863,0.119109,0.308919,-0.026179,0.335098
SCA-B.ST,2021-07-23,52.63,positive,Q5,0.002251,-0.004894,0.007146,0.010778,-0.002513,0.013292,0.025309,-0.00863,0.033939,-0.138686,-0.026179,-0.112507
HEXA-B.ST,2021-07-27,0.0,negative,Q3,0.003596,0.000967,0.002629,0.049714,0.004708,0.045007,0.045801,-0.004277,0.050078,-0.015232,-0.021731,0.006499
SECARE.ST,2021-07-29,3.33,positive,Q3,-0.035818,0.004964,-0.040782,-0.054062,0.00446,-0.058522,0.043041,0.001229,0.041812,0.070072,-0.019716,0.089788
SECU-B.ST,2021-07-29,20.19,positive,Q5,-0.018405,0.004964,-0.023369,-0.031591,0.00446,-0.03605,-0.056314,0.001229,-0.057543,-0.034246,-0.019716,-0.01453
LUMI.ST,2021-07-29,0.0,negative,Q3,0.034788,0.004964,0.029824,0.017699,0.00446,0.01324,-0.078731,0.001229,-0.07996,-0.066067,-0.019716,-0.04635
PDX.ST,2021-08-10,-4.55,negative,Q2,0.045572,0.001682,0.04389,0.040959,-0.012539,0.053498,0.121479,-0.020026,0.141505,-0.208569,-0.028999,-0.17957
SF.ST,2021-08-11,-43.75,negative,Q1,0.011132,0.00063,0.010502,0.03154,-0.031274,0.062814,0.156772,-0.023218,0.17999,-0.267904,-0.032595,-0.235308
GARO.ST,2021-08-12,34.92,positive,Q5,0.014556,-0.013915,0.028472,0.079598,-0.019337,0.098935,0.107613,-0.029789,0.137402,0.342479,-0.031416,0.373895
BIOG-B.ST,2021-08-12,-6.9,negative,Q2,0.003193,-0.013915,0.017108,0.005364,-0.019337,0.024701,0.0,-0.029789,0.029789,0.127331,-0.031416,0.158746
XBRANE.ST,2021-08-13,11.88,positive,Q4,0.0,0.004173,-0.004173,-0.02983,-0.00084,-0.02899,0.019886,-0.013388,0.033274,-0.196023,-0.011412,-0.184611
BOOZT.ST,2021-08-13,-26.75,negative,Q1,0.001796,0.004173,-0.002377,-0.028743,-0.00084,-0.027903,-0.026946,-0.013388,-0.013559,-0.149102,-0.011412,-0.13769
EMBRAC-B.ST,2021-08-18,34.83,positive,Q5,0.033358,0.01296,0.020397,0.020201,0.017769,0.002432,-0.033668,-0.002894,-0.030774,-0.053144,0.023744,-0.076888
BICO.ST,2021-08-18,-39.06,negative,Q1,0.013915,0.01296,0.000954,0.011132,0.017769,-0.006637,0.038961,-0.002894,0.041855,-0.39666,0.023744,-0.420404
JOMA.ST,2021-08-19,-30.3,negative,Q1,-0.038257,0.004684,-0.042941,-0.064825,0.005355,-0.070179,-0.059511,-0.037295,-0.022217,0.017003,0.009999,0.007005
HOLM-B.ST,2021-08-19,13.16,positive,Q4,-0.01615,0.004684,-0.020834,-0.022591,0.005355,-0.027945,-0.128679,-0.037295,-0.091384,-0.102094,0.009999,-0.112093
VIVE.ST,2021-08-19,-33.33,negative,Q1,0.031771,0.004684,0.027087,0.046881,0.005355,0.041526,-0.021697,-0.037295,0.015598,-0.136769,0.009999,-0.146767
FNOX.ST,2021-08-19,0.0,negative,Q3,0.017148,0.004684,0.012464,0.074452,0.005355,0.069097,0.182765,-0.037295,0.22006,0.315173,0.009999,0.305174
ONCO.ST,2021-08-19,93.4,positive,Q5,0.157377,0.004684,0.152693,0.321311,0.005355,0.315957,0.147541,-0.037295,0.184836,-0.762113,0.009999,-0.772112
SEDANA.ST,2021-08-19,-11.76,negative,Q2,-0.020408,0.004684,-0.025092,0.089054,0.005355,0.083699,0.183055,-0.037295,0.22035,0.144712,0.009999,0.134714
MEKO.ST,2021-08-20,9.38,positive,Q4,-0.011748,-0.001899,-0.00985,-0.114498,0.000528,-0.115026,-0.102813,-0.040763,-0.06205,-0.149171,0.000625,-0.149796
HUFV-A.ST,2021-08-23,-52.94,negative,Q1,-0.0133,0.003849,-0.01715,0.012245,-0.006677,0.018922,-0.134412,-0.028688,-0.105724,-0.052006,0.002903,-0.054908
FAG.ST,2021-08-23,25.81,positive,Q5,0.0,0.003849,-0.003849,-0.002378,-0.006677,0.004299,-0.108671,-0.028688,-0.079983,-0.163636,0.002903,-0.166539
EKTA-B.ST,2021-08-25,-47.62,negative,Q1,-0.004084,0.000605,-0.004689,-0.004607,0.007041,-0.011648,-0.072356,-0.024636,-0.04772,-0.042094,-0.015764,-0.02633
INSTAL.ST,2021-08-25,17.65,positive,Q4,-0.013746,0.000605,-0.014351,0.056472,0.007041,0.049431,-0.076747,-0.024636,-0.052111,-0.149599,-0.015764,-0.133835
SYSR.ST,2021-08-26,-10.71,negative,Q2,-0.028558,-0.00014,-0.028418,0.089804,-0.001435,0.091239,-0.087009,-0.029128,-0.057881,-0.064163,-0.015437,-0.048727
KAR.ST,2021-08-26,0.0,negative,Q3,0.0,-0.00014,0.00014,0.031858,-0.001435,0.033293,-0.047788,-0.029128,-0.018659,-0.072566,-0.015437,-0.05713
RENEW.ST,2021-08-27,-29.03,negative,Q1,0.070093,-0.009086,0.079179,0.092523,0.009043,0.08348,-0.000935,-0.05006,0.049125,0.151402,-0.015685,0.167086
ACAD.ST,2021-08-31,-4.0,negative,Q3,-0.038668,0.00833,-0.046999,-0.069778,-0.00908,-0.060698,-0.252798,-0.046226,-0.206572,-0.322576,-0.040696,-0.28188
SECT-B.ST,2021-09-03,153.33,positive,Q5,-0.035219,-0.006816,-0.028403,-0.070963,-0.024611,-0.046352,-0.144239,-0.058234,-0.086005,0.094933,-0.05474,0.149673
CLAS-B.ST,2021-09-08,6.54,positive,Q4,0.002695,-0.001581,0.004276,0.021563,-0.00398,0.025543,0.015463,-0.048089,0.063552,0.291531,-0.007882,0.299413
ARION-SDB.ST,2021-09-29,41.11,positive,Q5,0.051627,-0.002211,0.053839,0.08193,-0.000637,0.082568,0.118967,0.014022,0.104945,0.127946,0.070702,0.057244
MTG-A.ST,2021-09-29,-61.73,negative,Q1,0.018182,-0.002211,0.020393,-0.018182,-0.000637,-0.017544,0.045455,0.014022,0.031432,-0.159091,0.070702,-0.229793
HUSQ-A.ST,2021-09-29,373.77,positive,Q5,-0.005687,-0.002211,-0.003475,0.001896,-0.000637,0.002533,0.18711,0.014022,0.173088,0.391726,0.070702,0.321024
ELUX-A.ST,2021-09-29,13.51,positive,Q4,0.032034,-0.002211,0.034245,0.068043,-0.000637,0.068681,-0.072968,0.014022,-0.08699,0.050965,0.070702,-0.019738
HOLM-A.ST,2021-09-29,-5.62,negative,Q2,-0.00627,-0.002211,-0.004058,0.01381,-0.000637,0.014448,-0.005027,0.014022,-0.019049,0.116697,0.070702,0.045994
TRIAN-B.ST,2021-09-29,327.5,positive,Q5,0.019048,-0.002211,0.021259,0.014286,-0.000637,0.014923,0.109524,0.014022,0.095502,0.147619,0.070702,0.076917
TEL2-A.ST,2021-09-29,36.13,positive,Q5,-0.015172,-0.002211,-0.012961,-0.023003,-0.000637,-0.022366,-0.030736,0.014022,-0.044758,0.019675,0.070702,-0.051027
SWEC-A.ST,2021-09-29,-1.33,negative,Q3,0.0,-0.002211,0.002211,-0.014301,-0.000637,-0.013664,-0.007151,0.014022,-0.021173,0.196409,0.070702,0.125707
SCA-A.ST,2021-09-29,14.1,positive,Q4,0.008866,-0.002211,0.011077,0.029368,-0.000637,0.030005,-0.008787,0.014022,-0.022809,0.181825,0.070702,0.111123
NCC-A.ST,2021-09-29,39.57,positive,Q5,0.007201,-0.002211,0.009412,0.014312,-0.000637,0.01495,0.071473,0.014022,0.057451,0.208285,0.070702,0.137583
HM-B.ST,2021-09-30,15.98,positive,Q4,-0.011398,-0.009263,-0.002135,-0.073501,-0.006191,-0.06731,-0.049185,0.021329,-0.070514,0.02556,0.073444,-0.047884
SKIS-B.ST,2021-10-01,15.74,positive,Q4,0.033895,0.009644,0.024251,-0.001194,9.9e-05,-0.001293,0.114089,0.031062,0.083027,0.060825,0.09443,-0.033605
DUST.ST,2021-10-06,15.79,positive,Q4,-0.051518,-0.007757,-0.043762,0.039046,0.01729,0.021756,0.226681,0.029748,0.196933,None,None,None
VIT-B.ST,2021-10-14,-22.51,negative,Q1,-0.025226,-0.001415,-0.023811,-0.010078,0.014628,-0.024706,0.11807,0.025702,0.092369,-0.088084,0.018711,-0.106795
SAND.ST,2021-10-18,16.09,positive,Q4,-0.010505,-0.000176,-0.01033,0.009643,0.007539,0.002104,0.083892,0.024688,0.059204,0.12835,-0.00166,0.13001
SHB-A.ST,2021-10-19,12.45,positive,Q4,0.005395,-0.000473,0.005868,-0.027829,-0.001325,-0.026504,-0.012637,0.020112,-0.032748,0.008803,0.002883,0.00592
CAST.ST,2021-10-19,5.9,positive,Q4,0.021231,-0.000473,0.021704,0.045693,-0.001325,0.047018,0.132579,0.020112,0.112468,-0.02902,0.002883,-0.031903
ERIC-B.ST,2021-10-19,11.66,positive,Q4,0.006093,-0.000473,0.006566,-0.065525,-0.001325,-0.064199,-0.050581,0.020112,-0.070692,0.015174,0.002883,0.012291
TEL2-B.ST,2021-10-19,22.7,positive,Q5,-0.006464,-0.000473,-0.005991,0.001642,-0.001325,0.002967,-0.001129,0.020112,-0.02124,0.056126,0.002883,0.053243
PLAZ-B.ST,2021-10-19,-2.05,negative,Q3,0.017632,-0.000473,0.018105,0.017632,-0.001325,0.018957,0.131048,0.020112,0.110936,-0.13113,0.002883,-0.134013
EQT.ST,2021-10-20,2.45,positive,Q3,0.011476,0.010188,0.001288,0.049769,-0.005124,0.054893,0.244498,0.020976,0.223522,-0.057259,0.012626,-0.069885
FABG.ST,2021-10-20,-5.22,negative,Q2,0.015036,0.010188,0.004848,0.036382,-0.005124,0.041506,0.117404,0.020976,0.096428,-0.019866,0.012626,-0.032492
SEB-A.ST,2021-10-20,17.83,positive,Q5,0.02073,0.010188,0.010542,0.002281,-0.005124,0.007405,0.035211,0.020976,0.014236,-0.058818,0.012626,-0.071444
GETI-B.ST,2021-10-20,17.93,positive,Q5,0.006388,0.010188,-0.0038,-0.0273,-0.005124,-0.022176,0.000981,0.020976,-0.019995,-0.164012,0.012626,-0.176638
HUSQ-B.ST,2021-10-20,17.02,positive,Q4,-0.025674,0.010188,-0.035862,0.031599,-0.005124,0.036723,0.165498,0.020976,0.144522,0.116323,0.012626,0.103696
SWED-A.ST,2021-10-21,8.91,positive,Q4,0.01217,-0.007965,0.020135,0.002434,-0.024687,0.027121,0.041306,0.008399,0.032907,-0.013315,-0.014806,0.001491
AXFO.ST,2021-10-21,3.2,positive,Q3,0.014613,-0.007965,0.022578,-0.006608,-0.024687,0.018079,0.147255,0.008399,0.138856,0.155743,-0.014806,0.170549
BIOG-B.ST,2021-10-21,85.71,positive,Q5,-0.005819,-0.007965,0.002146,0.029213,-0.024687,0.0539,0.031192,0.008399,0.022793,-0.043878,-0.014806,-0.029072
EPI-A.ST,2021-10-21,7.43,positive,Q4,-0.004215,-0.007965,0.00375,0.000552,-0.024687,0.025239,0.050682,0.008399,0.042283,0.029105,-0.014806,0.043911
BIOA-B.ST,2021-10-21,0.0,negative,Q3,-0.128755,-0.007965,-0.12079,-0.155937,-0.024687,-0.13125,-0.1402,0.008399,-0.148599,-0.263233,-0.014806,-0.248427
MYCR.ST,2021-10-21,-49.07,negative,Q1,-0.015758,-0.007965,-0.007793,-0.019645,-0.024687,0.005042,0.041391,0.008399,0.032992,-0.090976,-0.014806,-0.07617
ALIG.ST,2021-10-21,-10.53,negative,Q2,-0.01633,-0.007965,-0.008364,-0.047282,-0.024687,-0.022595,-0.052279,0.008399,-0.060678,-0.127346,-0.014806,-0.11254
DUNI.ST,2021-10-21,84.62,positive,Q5,0.064912,-0.007965,0.072878,0.02225,-0.024687,0.046937,0.052917,0.008399,0.044518,-0.085325,-0.014806,-0.070518
NYF.ST,2021-10-21,-14.94,negative,Q2,0.004141,-0.007965,0.012106,-0.002031,-0.024687,0.022656,0.199063,0.008399,0.190663,-0.01875,-0.014806,-0.003944
TELIA.ST,2021-10-21,-4.26,negative,Q2,-0.013269,-0.007965,-0.005304,-0.030593,-0.024687,-0.005906,0.023959,0.008399,0.01556,0.050129,-0.014806,0.064935
INTRUM.ST,2021-10-21,4.96,positive,Q4,0.012118,-0.007965,0.020083,-0.016954,-0.024687,0.007733,-0.014562,0.008399,-0.022961,0.006865,-0.014806,0.021671
ATCO-A.ST,2021-10-21,-6.8,negative,Q2,-0.008984,-0.007965,-0.001018,-0.010385,-0.024687,0.014302,0.044424,0.008399,0.036025,0.037996,-0.014806,0.052802
VOLV-B.ST,2021-10-21,5.79,positive,Q4,-0.019208,-0.007965,-0.011243,-0.013194,-0.024687,0.011493,0.039969,0.008399,0.03157,0.0617,-0.014806,0.076506
XVIVO.ST,2021-10-21,-33.33,negative,Q1,-0.008499,-0.007965,-0.000533,-0.033994,-0.024687,-0.009307,-0.123229,0.008399,-0.131629,-0.351275,-0.014806,-0.336469
GRNG.ST,2021-10-21,-22.99,negative,Q1,-0.020899,-0.007965,-0.012934,-0.044962,-0.024687,-0.020275,0.042476,0.008399,0.034077,0.00305,-0.014806,0.017856
ESSITY-A.ST,2021-10-22,6.05,positive,Q4,-0.001784,0.006038,-0.007822,0.012609,-0.011962,0.024571,0.088307,0.001796,0.086511,-0.03422,-0.045553,0.011333
THULE.ST,2021-10-22,12.41,positive,Q4,-0.006866,0.006038,-0.012904,-0.022219,-0.011962,-0.010257,0.004927,0.001796,0.003132,-0.137053,-0.045553,-0.0915
CEVI.ST,2021-10-22,0.93,positive,Q3,0.029471,0.006038,0.023433,0.025272,-0.011962,0.037234,-0.054249,0.001796,-0.056045,-0.191697,-0.045553,-0.146144
BILL.ST,2021-10-22,13.83,positive,Q4,-0.00663,0.006038,-0.012668,0.0,-0.011962,0.011962,0.055133,0.001796,0.053337,-0.202387,-0.045553,-0.156834
DIOS.ST,2021-10-22,-75.81,negative,Q1,0.033447,0.006038,0.027409,0.031399,-0.011962,0.043361,0.116837,0.001796,0.115042,0.042776,-0.045553,0.088329
SOBI.ST,2021-10-22,22.31,positive,Q5,0.0,0.006038,-0.006038,-0.00641,-0.011962,0.005551,-0.055983,0.001796,-0.057779,-0.23547,-0.045553,-0.189917
LIFCO-B.ST,2021-10-22,-10.4,negative,Q2,-0.000434,0.006038,-0.006472,0.075454,-0.011962,0.087415,0.076713,0.001796,0.074917,-0.142485,-0.045553,-0.096932
ALIV-SDB.ST,2021-10-22,-7.59,negative,Q2,-0.007918,0.006038,-0.013957,0.031424,-0.011962,0.043386,0.137312,0.001796,0.135516,0.095422,-0.045553,0.140975
MTRS.ST,2021-10-22,-16.3,negative,Q2,-0.005163,0.006038,-0.011201,-0.026283,-0.011962,-0.014321,-0.005945,0.001796,-0.007741,-0.042084,-0.045553,0.003469
HMS.ST,2021-10-22,3.45,positive,Q3,0.002062,0.006038,-0.003976,0.048708,-0.011962,0.06067,0.094291,0.001796,0.092496,-0.126438,-0.045553,-0.080885
LAGR-B.ST,2021-10-22,-8.06,negative,Q2,-0.031547,0.006038,-0.037585,0.074937,-0.011962,0.086899,0.119394,0.001796,0.117599,-0.104155,-0.045553,-0.058601
BOL.ST,2021-10-22,-19.88,negative,Q2,0.015958,0.006038,0.00992,0.002602,-0.011962,0.014564,0.031916,0.001796,0.03012,0.211664,-0.045553,0.257217
NP3.ST,2021-10-22,-10.31,negative,Q2,-0.009997,0.006038,-0.016035,0.030961,-0.011962,0.042923,0.178467,0.001796,0.176672,-0.123269,-0.045553,-0.077716
SAAB-B.ST,2021-10-22,4.23,positive,Q3,0.007725,0.006038,0.001687,-0.013219,-0.011962,-0.001257,0.018712,0.001796,0.016917,-0.0503,-0.045553,-0.004747
MSON-B.ST,2021-10-22,-23.94,negative,Q1,-0.012691,0.006038,-0.018729,-0.016424,-0.011962,-0.004462,-0.108623,0.001796,-0.110418,-0.323068,-0.045553,-0.277515
HOLM-B.ST,2021-10-22,0.54,positive,Q3,0.014326,0.006038,0.008288,0.011215,-0.011962,0.023176,0.062003,0.001796,0.060207,0.139624,-0.045553,0.185177
KNOW.ST,2021-10-22,-6.31,negative,Q2,0.01283,0.006038,0.006792,0.024242,-0.011962,0.036203,0.067051,0.001796,0.065256,-0.119822,-0.045553,-0.074269
ESSITY-B.ST,2021-10-22,12.5,positive,Q4,-0.002154,0.006038,-0.008192,0.015522,-0.011962,0.027484,0.094596,0.001796,0.0928,-0.029988,-0.045553,0.015565
DOM.ST,2021-10-22,-3.23,negative,Q3,-0.003561,0.006038,-0.009599,0.024301,-0.011962,0.036263,0.054032,0.001796,0.052237,-0.202332,-0.045553,-0.156779
WIHL.ST,2021-10-22,-17.56,negative,Q2,0.005908,0.006038,-0.00013,-0.010907,-0.011962,0.001055,0.080891,0.001796,0.079095,-0.092933,-0.045553,-0.04738
WALL-B.ST,2021-10-22,-22.92,negative,Q1,-0.019611,0.006038,-0.025649,-0.02825,-0.011962,-0.016289,0.051975,0.001796,0.050179,-0.077756,-0.045553,-0.032203
SSAB-B.ST,2021-10-25,44.04,positive,Q5,-0.021373,-0.008972,-0.012401,-0.017811,-0.017717,-9.4e-05,-0.046308,-0.003283,-0.043025,0.060557,-0.044568,0.105125
SSAB-A.ST,2021-10-25,34.26,positive,Q5,-0.009333,-0.008972,-0.000361,-0.011878,-0.017717,0.005839,-0.045532,-0.003283,-0.042249,0.083428,-0.044568,0.127996
SKF-B.ST,2021-10-26,-3.02,negative,Q3,-0.004248,-0.004275,2.7e-05,0.034509,-0.002367,0.036876,0.090026,0.005347,0.084679,0.055517,-0.015952,0.071468
BILI-A.ST,2021-10-26,16.67,positive,Q4,-0.01277,-0.004275,-0.008495,0.019619,-0.002367,0.021986,0.056829,0.005347,0.051482,-0.099958,-0.015952,-0.084006
RESURS.ST,2021-10-26,12.69,positive,Q4,-0.00655,-0.004275,-0.002275,0.010644,-0.002367,0.013011,-0.004367,0.005347,-0.009714,-0.135917,-0.015952,-0.119966
INWI.ST,2021-10-26,8.18,positive,Q4,-0.013347,-0.004275,-0.009072,0.014561,-0.002367,0.016928,0.058926,0.005347,0.053579,0.020249,-0.015952,0.0362
BRAV.ST,2021-10-26,-3.54,negative,Q3,-0.010309,-0.004275,-0.006034,0.003923,-0.002367,0.00629,-0.037862,0.005347,-0.043208,-0.143691,-0.015952,-0.12774
VOLO.ST,2021-10-26,7.05,positive,Q4,0.065348,-0.004275,0.069623,0.2119,-0.002367,0.214267,0.24572,0.005347,0.240373,0.014649,-0.015952,0.030601
FNOX.ST,2021-10-26,18.18,positive,Q5,0.01364,-0.004275,0.017915,0.0237,-0.002367,0.026067,0.028815,0.005347,0.023468,-0.244842,-0.015952,-0.228891
VPLAY-B.ST,2021-10-26,111.01,positive,Q5,0.008923,-0.004275,0.013198,0.017379,-0.002367,0.019746,-0.09422,0.005347,-0.099567,-0.278333,-0.015952,-0.262381
ALFA.ST,2021-10-26,-2.68,negative,Q3,0.040414,-0.004275,0.044689,0.038174,-0.002367,0.040541,0.047135,0.005347,0.041788,-0.119577,-0.015952,-0.103626
AFRY.ST,2021-10-26,1.19,positive,Q3,-0.045212,-0.004275,-0.040937,-0.033187,-0.002367,-0.03082,-0.033187,0.005347,-0.038534,-0.216447,-0.015952,-0.200495
TREL-B.ST,2021-10-27,1.25,positive,Q3,-0.006806,-0.009676,0.00287,-0.010348,0.007275,-0.017623,0.046591,-0.030718,0.077309,0.183322,-0.018637,0.201959
ASSA-B.ST,2021-10-27,-8.51,negative,Q2,0.005587,-0.009676,0.015263,0.03517,0.007275,0.027895,0.030579,-0.030718,0.061296,-0.012084,-0.018637,0.006553
CORE-B.ST,2021-10-27,268.18,positive,Q5,-0.010289,-0.009676,-0.000613,0.039968,0.007275,0.032693,0.114761,-0.030718,0.145478,-0.08152,-0.018637,-0.062883
PNDX-B.ST,2021-10-27,-14.29,negative,Q2,-0.027611,-0.009676,-0.017935,-0.021191,0.007275,-0.028467,-0.159315,-0.030718,-0.128598,-0.159315,-0.018637,-0.140678
PEAB-B.ST,2021-10-27,-3.64,negative,Q3,0.000908,-0.009676,0.010584,0.029736,0.007275,0.02246,-0.012144,-0.030718,0.018574,-0.043695,-0.018637,-0.025058
ELUX-B.ST,2021-10-27,2.07,positive,Q3,0.009879,-0.009676,0.019555,0.044567,0.007275,0.037291,0.067877,-0.030718,0.098594,-0.025641,-0.018637,-0.007004
ARJO-B.ST,2021-10-28,12.7,positive,Q4,-0.039272,0.004978,-0.04425,0.017083,0.014861,0.002222,-0.029895,-0.00811,-0.021785,-0.219664,-0.010491,-0.209173
EPRO-B.ST,2021-10-28,-2.08,negative,Q3,0.012037,0.004978,0.007058,-0.025657,0.014861,-0.040518,-0.084574,-0.00811,-0.076464,-0.010611,-0.010491,-0.00012
EVO.ST,2021-10-28,-5.33,negative,Q2,0.008491,0.004978,0.003512,-0.022602,0.014861,-0.037463,-0.277717,-0.00811,-0.269607,-0.193785,-0.010491,-0.183293
BHG.ST,2021-10-28,-30.83,negative,Q1,0.042994,0.004978,0.038016,0.054122,0.014861,0.039261,0.035913,-0.00811,0.044023,-0.073343,-0.010491,-0.062852
NOLA-B.ST,2021-10-28,4.26,positive,Q3,0.010516,0.004978,0.005538,0.05377,0.014861,0.038909,-0.060913,-0.00811,-0.052803,-0.190079,-0.010491,-0.179588
MIPS.ST,2021-10-28,57.08,positive,Q5,0.063648,0.004978,0.05867,0.073291,0.014861,0.05843,0.190934,-0.00811,0.199044,-0.161041,-0.010491,-0.15055
INDT.ST,2021-10-28,3.42,positive,Q3,-0.002422,0.004978,-0.0074,0.009185,0.014861,-0.005676,0.018413,-0.00811,0.026523,-0.091645,-0.010491,-0.081154
HEXA-B.ST,2021-10-28,0.0,negative,Q3,-0.004323,0.004978,-0.009301,0.036204,0.014861,0.021343,-0.032638,-0.00811,-0.024528,-0.12785,-0.010491,-0.117359
JM.ST,2021-10-28,0.84,positive,Q3,0.014985,0.004978,0.010006,0.050357,0.014861,0.035496,0.1649,-0.00811,0.17301,-0.013795,-0.010491,-0.003304
SECARE.ST,2021-10-28,-30.56,negative,Q1,0.009156,0.004978,0.004178,-0.008508,0.014861,-0.023369,-0.009877,-0.00811,-0.001767,-0.275631,-0.010491,-0.26514
CATE.ST,2021-10-28,-51.01,negative,Q1,-0.018172,0.004978,-0.02315,0.066088,0.014861,0.051227,0.099788,-0.00811,0.107898,-0.00614,-0.010491,0.004351
IVSO.ST,2021-10-28,-106.67,negative,Q1,0.003218,0.004978,-0.00176,0.096605,0.014861,0.081744,0.014776,-0.00811,0.022886,-0.228738,-0.010491,-0.218247
SKA-B.ST,2021-10-28,-12.46,negative,Q2,0.010093,0.004978,0.005115,0.008258,0.014861,-0.006603,-0.035298,-0.00811,-0.027188,0.045877,-0.010491,0.056368
SHOT.ST,2021-10-28,132.14,positive,Q5,0.024043,0.004978,0.019065,0.095398,0.014861,0.080537,-0.144519,-0.00811,-0.136409,-0.062823,-0.010491,-0.052332
HEBA-B.ST,2021-10-28,-17.5,negative,Q2,-0.015587,0.004978,-0.020565,0.048426,0.014861,0.033565,0.12954,-0.00811,0.13765,0.041314,-0.010491,0.051805
BONAV-B.ST,2021-10-28,-17.78,negative,Q2,0.012979,0.004978,0.008001,0.013569,0.014861,-0.001292,-0.075516,-0.00811,-0.067406,-0.066077,-0.010491,-0.055586
SAGA-B.ST,2021-10-28,58.42,positive,Q5,0.006537,0.004978,0.001559,0.048794,0.014861,0.033933,0.086891,-0.00811,0.095001,-0.232742,-0.010491,-0.222251
LUMI.ST,2021-10-28,-14.81,negative,Q2,0.077555,0.004978,0.072577,0.04091,0.014861,0.026049,-0.002053,-0.00811,0.006057,0.052124,-0.010491,0.062616
XBRANE.ST,2021-10-29,21.12,positive,Q5,-0.031199,0.000178,-0.031376,-0.064039,0.012851,-0.076891,-0.119869,-0.02632,-0.093548,-0.2578,-0.005255,-0.252544
AAK.ST,2021-10-29,-1.1,negative,Q3,0.014379,0.000178,0.014201,0.033897,0.012851,0.021046,-0.017093,-0.02632,0.009227,-0.056707,-0.005255,-0.051452
ACAD.ST,2021-10-29,12.84,positive,Q4,0.00158,0.000178,0.001402,0.00158,0.012851,-0.011271,-0.071104,-0.02632,-0.044784,-0.063204,-0.005255,-0.057948
SAVE.ST,2021-10-29,-1.23,negative,Q3,0.068523,0.000178,0.068345,0.114926,0.012851,0.102074,0.019747,-0.02632,0.046068,-0.116042,-0.005255,-0.110787
FAG.ST,2021-10-29,-17.24,negative,Q2,0.006363,0.000178,0.006185,0.039413,0.012851,0.026562,0.010958,-0.02632,0.037278,-0.086957,-0.005255,-0.081701
VITR.ST,2021-10-29,27.14,positive,Q5,-0.035993,0.000178,-0.03617,0.022131,0.012851,0.009279,0.018439,-0.02632,0.044759,-0.298904,-0.005255,-0.293649
SWEC-B.ST,2021-10-29,-1.25,negative,Q3,0.003536,0.000178,0.003359,0.072141,0.012851,0.05929,0.124165,-0.02632,0.150485,-0.059253,-0.005255,-0.053998
ALLIGO-B.ST,2021-10-29,16.67,positive,Q4,-0.027369,0.000178,-0.027546,0.050259,0.012851,0.037408,-0.086734,-0.02632,-0.060413,-0.104996,-0.005255,-0.099741
MEKO.ST,2021-10-29,8.04,positive,Q4,-0.038228,0.000178,-0.038405,-0.076455,0.012851,-0.089307,-0.009557,-0.02632,0.016763,-0.127425,-0.005255,-0.12217
LIAB.ST,2021-10-29,2.21,positive,Q3,-0.033827,0.000178,-0.034005,0.016046,0.012851,0.003195,0.043684,-0.02632,0.070004,-0.046365,-0.005255,-0.04111
SECU-B.ST,2021-10-29,-1.26,negative,Q3,0.0,0.000178,-0.000178,0.005118,0.012851,-0.007733,-0.057005,-0.02632,-0.030685,-0.192393,-0.005255,-0.187137
SCA-B.ST,2021-10-29,16.45,positive,Q4,-0.022734,0.000178,-0.022912,-0.049439,0.012851,-0.062291,0.063454,-0.02632,0.089774,0.160775,-0.005255,0.166031
ANOD-B.ST,2021-10-29,32.14,positive,Q5,-0.030119,0.000178,-0.030297,0.014286,0.012851,0.001434,0.061548,-0.02632,0.087868,0.031429,-0.005255,0.036684
NCC-B.ST,2021-11-02,-6.69,negative,Q2,0.011077,0.005349,0.005728,0.038524,0.005935,0.03259,0.030624,-0.023502,0.054125,0.032579,0.002937,0.029641
SINCH.ST,2021-11-02,111.76,positive,Q5,0.033884,0.005349,0.028536,-0.028926,0.005935,-0.03486,-0.090909,-0.023502,-0.067408,-0.180496,0.002937,-0.183433
COIC.ST,2021-11-03,6.22,positive,Q4,0.013846,-0.002218,0.016064,-0.039775,0.007037,-0.046812,-0.038049,-0.038297,0.000247,-0.07092,-0.022487,-0.048432
LOOMIS.ST,2021-11-03,9.3,positive,Q4,0.016003,-0.002218,0.018221,-0.023184,0.007037,-0.03022,-0.04801,-0.038297,-0.009714,0.0841,-0.022487,0.106587
AMBEA.ST,2021-11-04,-3.83,negative,Q3,0.008135,0.002988,0.005147,-0.02945,0.017442,-0.046892,-0.181419,-0.016933,-0.164486,-0.255125,-0.030365,-0.22476
SEDANA.ST,2021-11-04,29.17,positive,Q5,-0.023923,0.002988,-0.026912,0.014354,0.017442,-0.003088,-0.106326,-0.016933,-0.089393,-0.200425,-0.030365,-0.17006
KAR.ST,2021-11-04,-20.0,negative,Q2,-0.009009,0.002988,-0.011997,-0.010811,0.017442,-0.028253,-0.07027,-0.016933,-0.053337,-0.010811,-0.030365,0.019555
RENEW.ST,2021-11-05,-35.59,negative,Q1,-0.001701,-0.002027,0.000326,0.021258,0.018281,0.002977,0.021258,0.001287,0.019972,-0.301446,-0.022815,-0.278631
NEWA-B.ST,2021-11-05,23.75,positive,Q5,0.036019,-0.002027,0.038046,0.050867,0.018281,0.032586,0.067921,0.001287,0.066635,-0.097324,-0.022815,-0.07451
BOOZT.ST,2021-11-09,10.53,positive,Q4,-0.02,0.00645,-0.02645,0.098621,0.022594,0.076027,0.154483,-0.00323,0.157713,0.075172,-0.007842,0.083014
RVRC.ST,2021-11-09,11.11,positive,Q4,-0.013457,0.00645,-0.019907,0.084952,0.022594,0.062358,0.087058,-0.00323,0.090289,-0.041657,-0.007842,-0.033815
INSTAL.ST,2021-11-09,-14.81,negative,Q2,0.006239,0.00645,-0.000211,0.030543,0.022594,0.00795,-0.039901,-0.00323,-0.036671,-0.219782,-0.007842,-0.21194
COOR.ST,2021-11-09,0.0,negative,Q3,-0.036081,0.00645,-0.042531,-0.014546,0.022594,-0.03714,-0.125071,-0.00323,-0.121841,-0.097832,-0.007842,-0.08999
BICO.ST,2021-11-10,-25.69,negative,Q1,-0.061429,0.008092,-0.069522,-0.07088,0.011325,-0.082205,-0.197874,-0.013096,-0.184778,-0.484347,-0.013723,-0.470624
SF.ST,2021-11-10,-39.22,negative,Q1,-0.008511,0.008092,-0.016603,0.111702,0.011325,0.100377,0.026808,-0.013096,0.039904,-0.008511,-0.013723,0.005213
BALD-B.ST,2021-11-11,40.78,positive,Q5,0.016243,0.003815,0.012428,0.099908,0.003582,0.096326,-0.017775,-0.023294,0.005519,-0.052406,-0.030302,-0.022104
GARO.ST,2021-11-11,9.72,positive,Q4,-0.002155,0.003815,-0.00597,0.0,0.003582,-0.003582,-0.10238,-0.023294,-0.079086,-0.273193,-0.030302,-0.242891
HUFV-A.ST,2021-11-11,-33.33,negative,Q1,0.006131,0.003815,0.002316,0.058791,0.003582,0.055209,-0.0639,-0.023294,-0.040606,-0.032854,-0.030302,-0.002552
JOMA.ST,2021-11-11,-27.0,negative,Q1,0.012725,0.003815,0.00891,0.068399,0.003582,0.064817,0.039236,-0.023294,0.062531,-0.065748,-0.030302,-0.035446
PDX.ST,2021-11-16,-147.69,negative,Q1,0.040046,-0.004641,0.044687,0.058914,-0.019964,0.078878,0.16727,-0.03065,0.19792,0.394917,-0.050625,0.445542
EMBRAC-B.ST,2021-11-17,43.33,positive,Q5,0.015779,0.000374,0.015405,0.041072,-0.01578,0.056852,-0.002204,-0.028283,0.026079,-0.086205,-0.060635,-0.02557
VIVE.ST,2021-11-18,22.22,positive,Q5,-0.031197,-0.002256,-0.028942,-0.098651,-0.055496,-0.043155,0.252108,-0.037156,0.289264,-0.32968,-0.074226,-0.255454
STOR-B.ST,2021-11-18,-16.67,negative,Q2,-0.004675,-0.002256,-0.002419,-0.0034,-0.055496,0.052096,0.007225,-0.037156,0.044381,-0.299405,-0.074226,-0.225179
EOLU-B.ST,2021-11-18,-93.12,negative,Q1,0.037618,-0.002256,0.039873,-0.030278,-0.055496,0.025218,-0.169405,-0.037156,-0.132249,-0.40729,-0.074226,-0.333064
EKTA-B.ST,2021-11-25,31.58,positive,Q5,-0.020133,0.013423,-0.033555,-0.052927,-0.000601,-0.052326,0.019718,0.079519,-0.059801,-0.26868,-0.044892,-0.223788
CLAS-B.ST,2021-12-08,32.95,positive,Q5,0.028868,-0.003511,0.032379,0.083452,-0.005537,0.088988,-0.032527,0.023795,-0.056322,-0.191401,-0.122626,-0.068775
SYSR.ST,2021-12-09,5.71,positive,Q4,-0.032301,-0.002325,-0.029976,0.04809,-0.004238,0.052328,0.067374,0.036033,0.031341,-0.25238,-0.10577,-0.14661
SECT-B.ST,2021-12-10,-80.68,negative,Q1,-0.001075,-0.01038,0.009305,-0.0302,-0.010662,-0.019539,-0.066339,0.037921,-0.10426,-0.302568,-0.092587,-0.209981
STE-R.ST,2021-12-30,133.92,positive,Q5,0.019252,0.004903,0.014349,0.030762,-0.037418,0.068179,0.164634,-0.053591,0.218225,0.150726,-0.142794,0.29352
AZN.ST,2021-12-30,-114.5,negative,Q1,-0.016787,0.004903,-0.02169,-0.028671,-0.037418,0.008746,0.009992,-0.053591,0.063583,0.197296,-0.142794,0.340091
VOLV-A.ST,2021-12-30,4.24,positive,Q3,0.031541,0.004903,0.026638,-0.001873,-0.037418,0.035544,-0.010211,-0.053591,0.04338,-0.161269,-0.142794,-0.018475
ATCO-B.ST,2021-12-30,-1.96,negative,Q3,0.011856,0.004903,0.006954,-0.068672,-0.037418,-0.031254,-0.109016,-0.053591,-0.055425,-0.202515,-0.142794,-0.05972
ERIC-A.ST,2021-12-30,134.11,positive,Q5,0.003916,0.004903,-0.000986,0.005874,-0.037418,0.043292,0.14006,-0.053591,0.193651,-0.094448,-0.142794,0.048346
STE-A.ST,2021-12-30,133.92,positive,Q5,0.021238,0.004903,0.016336,0.021238,-0.037418,0.058656,0.145206,-0.053591,0.198798,0.146205,-0.142794,0.288999
NDA-SE.ST,2021-12-30,3.97,positive,Q3,0.014487,0.004903,0.009585,0.005113,-0.037418,0.042531,0.005478,-0.053591,0.05907,-0.064402,-0.142794,0.078392
MCOV-B.ST,2021-12-31,468.08,positive,Q5,-0.012859,-0.00544,-0.007419,-0.035716,-0.031343,-0.004374,-0.17286,-0.053618,-0.119243,-0.418864,-0.137025,-0.281839
ABB.ST,2021-12-31,256.55,positive,Q5,-0.007637,-0.00544,-0.002198,-0.047796,-0.031343,-0.016454,-0.075247,-0.053618,-0.02163,-0.10514,-0.137025,0.031885
DUST.ST,2022-01-12,4.79,positive,Q4,-0.029064,-0.016543,-0.012521,-0.064039,-0.01812,-0.045919,-0.071429,-0.043449,-0.02798,-0.240394,-0.123337,-0.117058
SAND.ST,2022-01-20,0.33,positive,Q3,-0.03474,-0.038926,0.004186,-0.02126,-0.020415,-0.000845,-0.056407,-0.066879,0.010472,-0.15036,-0.081078,-0.069282
ERIC-B.ST,2022-01-25,49.54,positive,Q5,0.030872,-0.006992,0.037864,0.031827,0.016783,0.015044,-0.16306,-0.091005,-0.072055,-0.250583,-0.117135,-0.133449
ATCO-A.ST,2022-01-25,2.94,positive,Q3,-0.029244,-0.006992,-0.022252,0.03103,0.016783,0.014247,-0.131344,-0.091005,-0.040339,-0.194933,-0.117135,-0.077798
EPI-A.ST,2022-01-26,6.25,positive,Q4,-0.007256,-0.001456,-0.0058,0.050623,0.003323,0.0473,-0.047854,-0.056649,0.008795,0.057546,-0.097544,0.155091
ESSITY-B.ST,2022-01-26,2.95,positive,Q3,0.00839,-0.001456,0.009846,-0.000387,0.003323,-0.00371,-0.03442,-0.056649,0.022229,0.024094,-0.097544,0.121639
BMAX.ST,2022-01-26,-227.59,negative,Q1,-0.019637,-0.001456,-0.018181,-0.00476,0.003323,-0.008084,-0.121987,-0.056649,-0.065338,0.004165,-0.097544,0.10171
HMS.ST,2022-01-26,12.2,positive,Q4,-0.002129,-0.001456,-0.000673,0.033156,0.003323,0.029833,-0.140108,-0.056649,-0.083459,-0.095936,-0.097544,0.001608
ESSITY-A.ST,2022-01-26,-5.42,negative,Q2,0.00763,-0.001456,0.009086,-0.005776,0.003323,-0.009099,-0.019183,-0.056649,0.037466,0.030649,-0.097544,0.128194
INTRUM.ST,2022-01-27,35.43,positive,Q5,0.010101,0.010296,-0.000194,-0.047063,-0.005522,-0.04154,-0.11903,-0.058561,-0.060469,-0.097337,-0.100695,0.003357
GRNG.ST,2022-01-27,47.5,positive,Q5,0.016825,0.010296,0.006529,0.03541,-0.005522,0.040933,-0.09821,-0.058561,-0.039649,-0.294238,-0.100695,-0.193544
SEB-A.ST,2022-01-27,5.95,positive,Q4,-0.000872,0.010296,-0.011168,-0.01253,-0.005522,-0.007008,-0.082044,-0.058561,-0.023483,0.009479,-0.100695,0.110174
DOM.ST,2022-01-27,-11.43,negative,Q2,-0.034454,0.010296,-0.04475,-0.059818,-0.005522,-0.054296,-0.131368,-0.058561,-0.072807,-0.227753,-0.100695,-0.127058
BHG.ST,2022-01-28,-4.17,negative,Q2,-0.023151,0.010062,-0.033212,0.021457,-0.005028,0.026484,-0.050254,-0.089612,0.039358,-0.227555,-0.100981,-0.126575
SSAB-A.ST,2022-01-28,13.49,positive,Q4,-0.005323,0.010062,-0.015385,0.006591,-0.005028,0.011618,0.143473,-0.089612,0.233085,0.262357,-0.100981,0.363338
SSAB-B.ST,2022-01-28,31.19,positive,Q5,0.00232,0.010062,-0.007742,0.037112,-0.005028,0.04214,0.124964,-0.089612,0.214576,0.33314,-0.100981,0.434121
EPRO-B.ST,2022-01-28,15.38,positive,Q4,-0.024003,0.010062,-0.034064,-0.044924,-0.005028,-0.039896,-0.185696,-0.089612,-0.096083,-0.135258,-0.100981,-0.034277
SCA-B.ST,2022-01-28,30.94,positive,Q5,0.021799,0.010062,0.011737,-0.011134,-0.005028,-0.006107,-0.036958,-0.089612,0.052655,0.21544,-0.100981,0.316421
HOLM-B.ST,2022-01-28,22.83,positive,Q5,0.029885,0.010062,0.019823,0.033906,-0.005028,0.038934,0.024079,-0.089612,0.113691,0.306465,-0.100981,0.407445
BILL.ST,2022-01-28,7.18,positive,Q4,0.020057,0.010062,0.009995,-0.020057,-0.005028,-0.015029,-0.110911,-0.089612,-0.021299,0.040456,-0.100981,0.141437
GETI-B.ST,2022-01-28,27.17,positive,Q5,0.027933,0.010062,0.017871,0.028201,-0.005028,0.033229,0.029036,-0.089612,0.118648,-0.196393,-0.100981,-0.095412
VOLV-B.ST,2022-01-28,5.19,positive,Q4,0.014157,0.010062,0.004096,-0.005034,-0.005028,-6e-06,-0.156547,-0.089612,-0.066935,-0.176304,-0.100981,-0.075324
PLAZ-B.ST,2022-01-28,-1.54,negative,Q3,-0.004799,0.010062,-0.014861,-0.048714,-0.005028,-0.043687,-0.156103,-0.089612,-0.06649,-0.177381,-0.100981,-0.076401
ALIV-SDB.ST,2022-01-28,0.78,positive,Q3,0.034263,0.010062,0.024201,0.034485,-0.005028,0.039513,-0.1257,-0.089612,-0.036088,-0.173416,-0.100981,-0.072435
ELUX-B.ST,2022-01-28,1.28,positive,Q3,-0.003638,0.010062,-0.013699,-0.028205,-0.005028,-0.023178,-0.146007,-0.089612,-0.056395,-0.185573,-0.100981,-0.084592
HM-B.ST,2022-01-28,10.28,positive,Q4,-0.013739,0.010062,-0.023801,-0.06176,-0.005028,-0.056732,-0.167484,-0.089612,-0.077872,-0.317239,-0.100981,-0.216259
TELIA.ST,2022-01-28,14.71,positive,Q4,0.007018,0.010062,-0.003044,0.011579,-0.005028,0.016607,-0.043158,-0.089612,0.046454,0.146316,-0.100981,0.247296
HEM.ST,2022-02-01,-1.12,negative,Q3,-0.037358,-0.020137,-0.017221,-0.021694,-0.004877,-0.016817,0.003396,-0.118722,0.122118,-0.161699,-0.124765,-0.036935
ACAD.ST,2022-02-01,19.01,positive,Q5,-0.012579,-0.020137,0.007559,-0.008927,-0.004877,-0.00405,-0.102252,-0.118722,0.01647,0.041388,-0.124765,0.166153
TEL2-B.ST,2022-02-01,6.94,positive,Q4,0.007705,-0.020137,0.027842,-0.001393,-0.004877,0.003484,-0.076959,-0.118722,0.041763,-0.014668,-0.124765,0.110097
SWED-A.ST,2022-02-02,0.94,positive,Q3,-0.004394,-0.010259,0.005866,0.01169,0.016065,-0.004376,-0.177938,-0.128257,-0.049681,-0.016083,-0.117027,0.100943
NCC-B.ST,2022-02-02,7.07,positive,Q4,-0.058432,-0.010259,-0.048173,-0.007223,0.016065,-0.023288,-0.171482,-0.128257,-0.043225,-0.177082,-0.117027,-0.060055
ALFA.ST,2022-02-02,4.78,positive,Q4,-0.028589,-0.010259,-0.01833,-0.041748,0.016065,-0.057813,-0.044373,-0.128257,0.083884,-0.111482,-0.117027,0.005545
HEXA-B.ST,2022-02-02,0.0,negative,Q3,0.006654,-0.010259,0.016913,-0.004319,0.016065,-0.020385,-0.064558,-0.128257,0.0637,0.073547,-0.117027,0.190573
JM.ST,2022-02-02,6.95,positive,Q4,-0.001767,-0.010259,0.008492,0.014066,0.016065,-0.001999,-0.202751,-0.128257,-0.074494,-0.359076,-0.117027,-0.242049
ENEA.ST,2022-02-02,-18.06,negative,Q2,-0.013699,-0.010259,-0.00344,-0.006849,0.016065,-0.022915,-0.16895,-0.128257,-0.040693,-0.486758,-0.117027,-0.369731
INDT.ST,2022-02-02,-5.88,negative,Q2,-0.009437,-0.010259,0.000823,-0.027995,0.016065,-0.04406,-0.1535,-0.128257,-0.025243,-0.065337,-0.117027,0.05169
LIFCO-B.ST,2022-02-02,29.13,positive,Q5,-0.020797,-0.010259,-0.010538,-0.024517,0.016065,-0.040583,-0.013403,-0.128257,0.114854,-0.105891,-0.117027,0.011136
BONAV-B.ST,2022-02-03,5.88,positive,Q4,0.01201,0.010798,0.001212,0.006321,0.017509,-0.011188,-0.278761,-0.121524,-0.157237,-0.426291,-0.119404,-0.306887
AXFO.ST,2022-02-03,21.94,positive,Q5,-0.01,0.010798,-0.020799,-0.025663,0.017509,-0.043172,0.010868,-0.121524,0.132392,0.19526,-0.119404,0.314664
SKF-B.ST,2022-02-03,-10.15,negative,Q2,0.008476,0.010798,-0.002323,0.01345,0.017509,-0.004058,-0.194202,-0.121524,-0.072678,-0.124125,-0.119404,-0.00472
SKA-B.ST,2022-02-03,5.35,positive,Q4,-0.007952,0.010798,-0.01875,0.007903,0.017509,-0.009606,-0.162715,-0.121524,-0.041192,-0.240171,-0.119404,-0.120766
BIOA-B.ST,2022-02-03,56.86,positive,Q5,0.037567,0.010798,0.026769,-0.026834,0.017509,-0.044342,-0.192308,-0.121524,-0.070784,-0.339445,-0.119404,-0.220041
SAVE.ST,2022-02-03,5.17,positive,Q4,0.012115,0.010798,0.001317,-0.007135,0.017509,-0.024644,-0.159655,-0.121524,-0.038131,0.052624,-0.119404,0.172028
HUSQ-B.ST,2022-02-03,163.41,positive,Q5,-0.022264,0.010798,-0.033062,0.005613,0.017509,-0.011896,-0.161272,-0.121524,-0.039748,-0.266511,-0.119404,-0.147106
ARJO-B.ST,2022-02-03,0.0,negative,Q3,-0.004684,0.010798,-0.015483,-0.062919,0.017509,-0.080428,-0.082162,-0.121524,0.039361,-0.143689,-0.119404,-0.024285
LOOMIS.ST,2022-02-03,12.16,positive,Q4,0.01429,0.010798,0.003492,0.063953,0.017509,0.046444,-0.033476,-0.121524,0.088048,-0.06188,-0.119404,0.057525
ELAN-B.ST,2022-02-03,-16.54,negative,Q2,0.00764,0.010798,-0.003159,-0.034454,0.017509,-0.051963,-0.239832,-0.121524,-0.118308,-0.059996,-0.119404,0.059409
KNOW.ST,2022-02-04,21.61,positive,Q5,-0.019141,-0.001864,-0.017277,-0.025023,-0.016536,-0.008487,-0.19118,-0.134555,-0.056626,-0.131264,-0.138963,0.007699
CEVI.ST,2022-02-04,8.44,positive,Q4,-0.010277,-0.001864,-0.008413,-0.041738,-0.016536,-0.025202,-0.145798,-0.134555,-0.011243,-0.02752,-0.138963,0.111443
AAK.ST,2022-02-04,0.0,negative,Q3,-0.015743,-0.001864,-0.013879,0.017718,-0.016536,0.034254,-0.101221,-0.134555,0.033334,-0.080151,-0.138963,0.058813
MTRS.ST,2022-02-04,0.0,negative,Q3,-0.025912,-0.001864,-0.024048,-0.043038,-0.016536,-0.026502,-0.225019,-0.134555,-0.090464,-0.169173,-0.138963,-0.03021
TREL-B.ST,2022-02-04,-0.62,negative,Q3,-0.008695,-0.001864,-0.006831,-0.032595,-0.016536,-0.016059,-0.23672,-0.134555,-0.102165,-0.063528,-0.138963,0.075436
LAGR-B.ST,2022-02-04,9.09,positive,Q4,-0.028446,-0.001864,-0.026582,-0.073105,-0.016536,-0.056569,-0.180326,-0.134555,-0.045772,-0.131888,-0.138963,0.007076
BIOG-B.ST,2022-02-04,-44.12,negative,Q1,-0.019475,-0.001864,-0.017611,-0.072187,-0.016536,-0.055651,-0.113236,-0.134555,0.021318,0.066472,-0.138963,0.205436
ANOD-B.ST,2022-02-04,20.0,positive,Q5,-0.024385,-0.001864,-0.022521,-0.014118,-0.016536,0.002418,-0.099037,-0.134555,0.035517,-0.064599,-0.138963,0.074364
PEAB-B.ST,2022-02-04,52.61,positive,Q5,-0.017601,-0.001864,-0.015737,-0.050319,-0.016536,-0.033783,-0.251053,-0.134555,-0.116498,-0.320808,-0.138963,-0.181844
ASSA-B.ST,2022-02-04,10.04,positive,Q4,-0.022343,-0.001864,-0.020479,-0.043545,-0.016536,-0.027009,-0.14338,-0.134555,-0.008825,-0.142829,-0.138963,-0.003866
AFRY.ST,2022-02-04,-10.69,negative,Q2,-0.018304,-0.001864,-0.01644,-0.029984,-0.016536,-0.013448,-0.162183,-0.134555,-0.027628,-0.202743,-0.138963,-0.063779
ALIF-B.ST,2022-02-04,-17.98,negative,Q2,-0.003873,-0.001864,-0.00201,-0.006803,-0.016536,0.009733,0.029945,-0.134555,0.164499,-0.007201,-0.138963,0.131763
NOLA-B.ST,2022-02-07,53.68,positive,Q5,0.048688,0.017035,0.031653,-0.024517,0.00337,-0.027887,-0.102785,-0.102349,-0.000436,-0.430364,-0.158096,-0.272268
FABG.ST,2022-02-07,7.34,positive,Q4,0.031368,0.017035,0.014334,0.051878,0.00337,0.048508,0.005389,-0.102349,0.107738,-0.205582,-0.158096,-0.047486
CHRO.ST,2022-02-08,61.09,positive,Q5,0.07719,0.000484,0.076706,0.127871,-0.021501,0.149373,-0.140291,-0.118548,-0.021743,-0.431424,-0.159969,-0.271455
RESURS.ST,2022-02-08,235.19,positive,Q5,-0.003586,0.000484,-0.00407,-0.023506,-0.021501,-0.002005,-0.178884,-0.118548,-0.060336,-0.082869,-0.159969,0.0771
RVRC.ST,2022-02-08,32.26,positive,Q5,0.035043,0.000484,0.034559,-0.027717,-0.021501,-0.006215,-0.105372,-0.118548,0.013176,-0.224664,-0.159969,-0.064695
WALL-B.ST,2022-02-08,-182.05,negative,Q1,-0.012158,0.000484,-0.012642,-0.011586,-0.021501,0.009915,-0.088399,-0.118548,0.030149,-0.335717,-0.159969,-0.175748
INWI.ST,2022-02-08,-9.57,negative,Q2,-0.032871,0.000484,-0.033355,-0.088875,-0.021501,-0.067374,-0.174297,-0.118548,-0.055749,-0.251019,-0.159969,-0.09105
SECU-B.ST,2022-02-08,-2.47,negative,Q3,0.010994,0.000484,0.01051,0.010175,-0.021501,0.031677,-0.062222,-0.118548,0.056326,-0.108538,-0.159969,0.051431
VPLAY-B.ST,2022-02-08,-73.03,negative,Q1,0.007458,0.000484,0.006974,-0.034044,-0.021501,-0.012543,-0.127928,-0.118548,-0.00938,-0.210757,-0.159969,-0.050788
NWG.ST,2022-02-08,-9.05,negative,Q2,-0.021246,0.000484,-0.02173,-0.066893,-0.021501,-0.045391,-0.162411,-0.118548,-0.043863,-0.117241,-0.159969,0.042728
SHB-A.ST,2022-02-09,9.09,positive,Q4,-0.00295,-0.008853,0.005903,-0.028909,-0.036778,0.007869,-0.087168,-0.105201,0.018033,0.038643,-0.145529,0.184172
BILI-A.ST,2022-02-09,-3.27,negative,Q3,0.006645,-0.008853,0.015498,-0.040609,-0.036778,-0.003831,-0.078173,-0.105201,0.027029,0.016705,-0.145529,0.162234
MYCR.ST,2022-02-09,20.53,positive,Q5,0.003189,-0.008853,0.012042,-0.006379,-0.036778,0.030399,-0.061852,-0.105201,0.043349,-0.120287,-0.145529,0.025242
EVO.ST,2022-02-09,-7.23,negative,Q2,-0.026943,-0.008853,-0.01809,-0.053164,-0.036778,-0.016386,-0.094759,-0.105201,0.010442,-0.165858,-0.145529,-0.020329
THULE.ST,2022-02-09,-4.58,negative,Q2,-0.039039,-0.008853,-0.030186,-0.069129,-0.036778,-0.032351,-0.134057,-0.105201,-0.028856,-0.22201,-0.145529,-0.076481
AMBEA.ST,2022-02-09,-15.56,negative,Q2,0.004436,-0.008853,0.013289,-0.061211,-0.036778,-0.024433,-0.024617,-0.105201,0.080584,-0.017742,-0.145529,0.127787
SHB-B.ST,2022-02-09,11.86,positive,Q4,0.009908,-0.008853,0.018761,-0.038319,-0.036778,-0.001541,-0.084875,-0.105201,0.020326,0.015399,-0.145529,0.160928
LYKO-A.ST,2022-02-10,-68.44,negative,Q1,-0.060491,-0.023022,-0.03747,-0.077505,-0.041877,-0.035628,-0.213611,-0.086029,-0.127581,-0.247637,-0.139637,-0.108
SHOT.ST,2022-02-10,83.33,positive,Q5,-0.010524,-0.023022,0.012498,-0.06292,-0.041877,-0.021043,-0.144201,-0.086029,-0.058171,-0.234214,-0.139637,-0.094577
ATT.ST,2022-02-10,96.2,positive,Q5,-0.012551,-0.023022,0.010471,-0.026798,-0.041877,0.015079,0.002035,-0.086029,0.088065,-0.17673,-0.139637,-0.037093
SOBI.ST,2022-02-10,22.58,positive,Q5,-0.005001,-0.023022,0.018021,0.020795,-0.041877,0.062672,0.031587,-0.086029,0.117617,0.069755,-0.139637,0.209392
NEWA-B.ST,2022-02-10,24.59,positive,Q5,-0.088128,-0.023022,-0.065107,-0.09176,-0.041877,-0.049883,-0.126816,-0.086029,-0.040786,-0.057402,-0.139637,0.082235
MIPS.ST,2022-02-10,-15.73,negative,Q2,-0.064891,-0.023022,-0.041869,-0.073082,-0.041877,-0.031205,0.024586,-0.086029,0.110616,-0.175759,-0.139637,-0.036122
PNDX-B.ST,2022-02-10,-103.85,negative,Q1,-0.026869,-0.023022,-0.003847,-0.019502,-0.041877,0.022375,-0.11087,-0.086029,-0.024841,-0.158613,-0.139637,-0.018976
COOR.ST,2022-02-10,10.85,positive,Q4,-0.03388,-0.023022,-0.010858,-0.086038,-0.041877,-0.044162,-0.081153,-0.086029,0.004876,0.033092,-0.139637,0.172729
ALIG.ST,2022-02-10,8.55,positive,Q4,-0.015701,-0.023022,0.007321,-0.040298,-0.041877,0.001578,-0.059662,-0.086029,0.026367,-0.1731,-0.139637,-0.033463
HEBA-B.ST,2022-02-10,-3.23,negative,Q3,-0.042332,-0.023022,-0.019311,-0.041103,-0.041877,0.000773,-0.078383,-0.086029,0.007646,-0.317629,-0.139637,-0.177992
BOOZT.ST,2022-02-10,0.57,positive,Q3,-0.00869,-0.023022,0.014332,-0.086282,-0.041877,-0.044405,-0.049659,-0.086029,0.036371,-0.40658,-0.139637,-0.266943
SDIP-B.ST,2022-02-10,-56.79,negative,Q1,-0.061008,-0.023022,-0.037986,-0.054377,-0.041877,-0.0125,-0.041114,-0.086029,0.044915,-0.202653,-0.139637,-0.063016
MEKO.ST,2022-02-11,-5.38,negative,Q2,0.000733,0.018339,-0.017606,-0.072601,-0.036442,-0.036159,-0.095976,-0.06956,-0.026415,-0.022642,-0.10247,0.079828
NP3.ST,2022-02-11,118.0,positive,Q5,0.012669,0.018339,-0.005671,-0.072475,-0.036442,-0.036033,0.139471,-0.06956,0.209031,-0.075195,-0.10247,0.027275
VIT-B.ST,2022-02-11,-10.17,negative,Q2,0.016129,0.018339,-0.00221,-0.098038,-0.036442,-0.061596,0.014888,-0.06956,0.084448,0.122598,-0.10247,0.225068
SAAB-B.ST,2022-02-11,3.95,positive,Q3,0.014353,0.018339,-0.003986,-0.046148,-0.036442,-0.009706,0.581395,-0.06956,0.650956,0.842842,-0.10247,0.945311
BIOT.ST,2022-02-11,-19.77,negative,Q2,0.027483,0.018339,0.009144,-0.062134,-0.036442,-0.025692,0.105135,-0.06956,0.174696,0.148573,-0.10247,0.251043
LIAB.ST,2022-02-11,-14.07,negative,Q2,0.010561,0.018339,-0.007778,-0.090088,-0.036442,-0.053646,-0.07384,-0.06956,-0.00428,-0.239303,-0.10247,-0.136833
BOL.ST,2022-02-11,10.1,positive,Q4,-0.000235,0.018339,-0.018574,-0.008474,-0.036442,0.027968,0.058146,-0.06956,0.127706,-0.035949,-0.10247,0.066521
VOLO.ST,2022-02-11,10.64,positive,Q4,-0.004844,0.018339,-0.023183,0.012305,-0.036442,0.048747,-0.018327,-0.06956,0.051233,-0.157154,-0.10247,-0.054684
VOLCAR-B.ST,2022-02-11,-37.14,negative,Q1,-0.000287,0.018339,-0.018626,-0.102983,-0.036442,-0.066541,-0.22117,-0.06956,-0.15161,0.085628,-0.10247,0.188098
SWEC-B.ST,2022-02-11,17.7,positive,Q4,0.03841,0.018339,0.020071,-0.034782,-0.036442,0.00166,-0.034782,-0.06956,0.034778,-0.119095,-0.10247,-0.016625
DIOS.ST,2022-02-11,-13.94,negative,Q2,0.015899,0.018339,-0.00244,-0.052083,-0.036442,-0.015641,-0.023794,-0.06956,0.045766,-0.176974,-0.10247,-0.074504
BALD-B.ST,2022-02-11,54.55,positive,Q5,0.036822,0.018339,0.018483,-0.031367,-0.036442,0.005075,0.006819,-0.06956,0.076379,-0.283157,-0.10247,-0.180687
IVSO.ST,2022-02-14,-90.32,negative,Q1,-0.073407,-0.008176,-0.065232,-0.137333,-0.054401,-0.082932,0.053778,-0.050353,0.104131,0.158815,-0.121631,0.280446
ALLIGO-B.ST,2022-02-15,-10.68,negative,Q2,-0.063103,-0.015136,-0.047968,-0.0991,-0.053626,-0.045474,-0.072103,-0.046127,-0.025975,-0.468339,-0.104297,-0.364042
NMAN.ST,2022-02-15,4.78,positive,Q4,-0.081733,-0.015136,-0.066597,-0.156245,-0.053626,-0.102619,-0.093768,-0.046127,-0.047641,-0.133431,-0.104297,-0.029134
BRAV.ST,2022-02-15,19.69,positive,Q5,-0.019315,-0.015136,-0.004179,-0.05115,-0.053626,0.002475,-0.024362,-0.046127,0.021765,-0.202271,-0.104297,-0.097974
WIHL.ST,2022-02-15,-85.83,negative,Q1,-0.022994,-0.015136,-0.007858,-0.093125,-0.053626,-0.039499,0.014946,-0.046127,0.061073,0.682226,-0.104297,0.786523
RENEW.ST,2022-02-16,-168.29,negative,Q1,-0.071677,-0.0141,-0.057577,-0.102296,-0.067777,-0.03452,-0.07794,-0.022575,-0.055366,-0.199722,-0.101656,-0.098065
SUS.ST,2022-02-16,138.18,positive,Q5,0.007503,-0.0141,0.021602,-0.027867,-0.067777,0.03991,0.144159,-0.022575,0.166733,-0.203644,-0.101656,-0.101988
COIC.ST,2022-02-16,-6.75,negative,Q2,-0.036024,-0.0141,-0.021925,-0.137711,-0.067777,-0.069934,-0.0085,-0.022575,0.014074,-0.118957,-0.101656,-0.0173
VITR.ST,2022-02-16,-25.71,negative,Q1,-0.050046,-0.0141,-0.035947,-0.013664,-0.067777,0.054113,0.025968,-0.022575,0.048543,-0.232124,-0.101656,-0.130468
SF.ST,2022-02-16,-7.14,negative,Q2,0.015535,-0.0141,0.029635,-0.058113,-0.067777,0.009664,-0.040651,-0.022575,-0.018077,-0.25945,-0.101656,-0.157794
CAMX.ST,2022-02-16,18.75,positive,Q5,-0.034153,-0.0141,-0.020053,-0.064208,-0.067777,0.003569,0.103825,-0.022575,0.1264,0.179645,-0.101656,0.281301
K2A-B.ST,2022-02-16,371.78,positive,Q5,0.0,-0.0141,0.0141,-0.121479,-0.067777,-0.053702,-0.125,-0.022575,-0.102426,-0.543975,-0.101656,-0.442318
CAST.ST,2022-02-16,13.71,positive,Q4,-0.020005,-0.0141,-0.005905,-0.064763,-0.067777,0.003014,0.120563,-0.022575,0.143137,-0.130298,-0.101656,-0.028642
BEIA-B.ST,2022-02-16,-21.85,negative,Q1,-0.004307,-0.0141,0.009793,-0.023711,-0.067777,0.044066,0.006484,-0.022575,0.029058,-0.197981,-0.101656,-0.096325
FG.ST,2022-02-17,-10.6,negative,Q2,-0.033493,-0.01748,-0.016013,0.010364,-0.025569,0.035932,0.021963,-0.007585,0.029548,-0.20199,-0.093422,-0.108568
EMBRAC-B.ST,2022-02-17,-19.0,negative,Q2,-0.057855,-0.01748,-0.040375,-0.010441,-0.025569,0.015128,-0.056627,-0.007585,-0.049042,-0.03943,-0.093422,0.053992
HUFV-A.ST,2022-02-17,-164.23,negative,Q1,-0.040414,-0.01748,-0.022933,-0.022813,-0.025569,0.002756,0.050154,-0.007585,0.057739,0.022556,-0.093422,0.115979
SECARE.ST,2022-02-17,-52.78,negative,Q1,-0.042719,-0.01748,-0.025239,0.005238,-0.025569,0.030807,0.312071,-0.007585,0.319656,-0.075195,-0.093422,0.018227
DUNI.ST,2022-02-17,-89.77,negative,Q1,-0.003945,-0.01748,0.013536,-0.016905,-0.025569,0.008663,-0.037755,-0.007585,-0.03017,-0.135129,-0.093422,-0.041707
NYF.ST,2022-02-17,14.46,positive,Q4,-0.076942,-0.01748,-0.059461,-0.061115,-0.025569,-0.035547,0.005032,-0.007585,0.012617,-0.18367,-0.093422,-0.090248
BFG.ST,2022-02-17,-115.69,negative,Q1,-0.003279,-0.01748,0.014202,0.053552,-0.025569,0.07912,0.064481,-0.007585,0.072066,0.011585,-0.093422,0.105007
INSTAL.ST,2022-02-17,-83.09,negative,Q1,-0.008004,-0.01748,0.009476,0.094005,-0.025569,0.119574,0.167916,-0.007585,0.175501,-0.198229,-0.093422,-0.104807
SEDANA.ST,2022-02-17,25.0,positive,Q5,-0.049383,-0.01748,-0.031902,0.022222,-0.025569,0.047791,-0.001646,-0.007585,0.005939,-0.444609,-0.093422,-0.351187
LUMI.ST,2022-02-18,-2.56,negative,Q3,0.010169,-0.000641,0.01081,0.045625,-0.011683,0.057308,0.11841,0.010873,0.107538,-0.005218,-0.076511,0.071293
PDX.ST,2022-02-22,-12.0,negative,Q2,-0.016159,-0.029862,0.013703,0.033863,-0.021239,0.055102,0.00364,-0.003671,0.007311,-0.064913,-0.065791,0.000878
CATE.ST,2022-02-22,-3.71,negative,Q3,-0.014871,-0.029862,0.014992,0.016947,-0.021239,0.038187,0.068191,-0.003671,0.071862,-0.105546,-0.065791,-0.039756
GARO.ST,2022-02-23,10.71,positive,Q4,0.052063,0.030539,0.021524,-0.02228,-0.014221,-0.008059,0.075798,0.013694,0.062104,0.037746,-0.046314,0.08406
KAR.ST,2022-02-23,-95.0,negative,Q1,0.001866,0.030539,-0.028673,0.044776,-0.014221,0.058997,0.104478,0.013694,0.090783,0.19403,-0.046314,0.240344
STOR-B.ST,2022-02-23,40.0,positive,Q5,0.01131,0.030539,-0.019229,-0.078783,-0.014221,-0.064562,-0.165367,0.013694,-0.179061,-0.418877,-0.046314,-0.372563
SYNSAM.ST,2022-02-23,-5.0,negative,Q2,0.025186,0.030539,-0.005353,0.009422,-0.014221,0.023643,0.100743,0.013694,0.087049,0.060156,-0.046314,0.10647
BICO.ST,2022-02-23,50.0,positive,Q5,0.0492,0.030539,0.018662,0.02706,-0.014221,0.041281,-0.003075,0.013694,-0.016769,-0.309963,-0.046314,-0.263649
STEF-B.ST,2022-02-23,276.32,positive,Q5,0.021505,0.030539,-0.009034,0.04086,-0.014221,0.055081,0.066667,0.013694,0.052972,0.004301,-0.046314,0.050615
OX2.ST,2022-02-23,383.33,positive,Q5,0.099567,0.030539,0.069028,0.095238,-0.014221,0.109459,0.506493,0.013694,0.492799,0.796537,-0.046314,0.842851
TRUE-B.ST,2022-02-23,320.0,positive,Q5,0.007352,0.030539,-0.023187,-0.028288,-0.014221,-0.014068,-0.087742,0.013694,-0.101436,-0.307975,-0.046314,-0.261661
FAG.ST,2022-02-24,-17.57,negative,Q2,0.03109,-0.00348,0.03457,-0.087748,-0.072837,-0.014911,-0.064021,-0.007748,-0.056273,None,None,None
CALTX.ST,2022-02-24,-12.63,negative,Q2,0.090909,-0.00348,0.094389,-0.049482,-0.072837,0.023355,0.011507,-0.007748,0.019256,None,None,None
HTRO.ST,2022-02-24,-7.69,negative,Q2,0.017595,-0.00348,0.021075,-0.090909,-0.072837,-0.018072,-0.010264,-0.007748,-0.002516,None,None,None
EKTA-B.ST,2022-02-24,-11.76,negative,Q2,0.022421,-0.00348,0.0259,-0.038314,-0.072837,0.034523,-0.0745,-0.007748,-0.066752,None,None,None
XBRANE.ST,2022-02-24,43.1,positive,Q5,0.028785,-0.00348,0.032264,-0.078891,-0.072837,-0.006054,0.076759,-0.007748,0.084507,None,None,None
HDW-B.ST,2022-02-25,-30.5,negative,Q1,-0.079143,-0.023026,-0.056116,-0.214301,-0.072032,-0.142269,-0.003862,0.009514,-0.013375,0.081052,-0.035601,0.116653
HUMBLE.ST,2022-02-25,-31.25,negative,Q1,-0.059048,-0.023026,-0.036021,-0.166667,-0.072032,-0.094634,-0.052381,0.009514,-0.061895,-0.12381,-0.035601,-0.088209
FNOX.ST,2022-03-01,-9.09,negative,Q2,-0.009993,-0.022906,0.012913,-0.009993,-0.026195,0.016202,0.287784,-0.000649,0.288433,0.42643,-0.025708,0.452138
SECT-B.ST,2022-03-09,6.45,positive,Q4,0.002304,0.015633,-0.013329,0.128631,0.058893,0.069738,0.196198,0.045583,0.150615,0.1404,0.015209,0.125191
CLAS-B.ST,2022-03-09,-6.61,negative,Q2,0.056317,0.015633,0.040684,0.079698,0.058893,0.020805,0.133501,0.045583,0.087918,0.242238,0.015209,0.227028
SYSR.ST,2022-03-10,-7.84,negative,Q2,0.021925,0.012383,0.009542,0.107529,0.052167,0.055361,-0.04917,0.012995,-0.062165,-0.05981,-0.012913,-0.046897
SKIS-B.ST,2022-03-17,36.84,positive,Q5,0.037513,0.00102,0.036494,0.062567,-0.033185,0.095752,0.115005,-0.037145,0.152151,-0.065565,-0.132407,0.066842
NDA-SE.ST,2022-03-30,-60.44,negative,Q1,0.019779,0.011666,0.008112,-0.001561,0.006139,-0.007701,0.002602,-0.035685,0.038288,-0.075081,-0.106192,0.031111
STE-R.ST,2022-03-30,-11.86,negative,Q2,0.015718,0.011666,0.004052,0.059062,0.006139,0.052922,0.052036,-0.035685,0.087721,-0.130507,-0.106192,-0.024315
SCA-A.ST,2022-03-30,16.2,positive,Q4,0.024861,0.011666,0.013195,0.079555,0.006139,0.073416,0.058305,-0.035685,0.09399,-0.150408,-0.106192,-0.044216
8TRA.ST,2022-03-30,39.04,positive,Q5,-0.012481,0.011666,-0.024147,-0.126088,0.006139,-0.132227,-0.071578,-0.035685,-0.035893,-0.128179,-0.106192,-0.021987
NCC-A.ST,2022-03-30,-274.38,negative,Q1,-0.007269,0.011666,-0.018935,-0.000179,0.006139,-0.006319,-0.000179,-0.035685,0.035506,-0.168716,-0.106192,-0.062524
ARION-SDB.ST,2022-03-30,2.67,positive,Q3,0.020369,0.011666,0.008702,0.028128,0.006139,0.021989,0.022308,-0.035685,0.057993,-0.034918,-0.106192,0.071275
TRIAN-B.ST,2022-03-30,308.57,positive,Q5,0.021951,0.011666,0.010285,0.02439,0.006139,0.018251,-0.223415,-0.035685,-0.18773,-0.548415,-0.106192,-0.442223
ELUX-A.ST,2022-03-30,45.89,positive,Q5,0.0,0.011666,-0.011666,-0.070001,0.006139,-0.07614,-0.150023,-0.035685,-0.114338,-0.150023,-0.106192,-0.043831
AZN.ST,2022-03-30,-85.53,negative,Q1,-0.006405,0.011666,-0.018072,0.055243,0.006139,0.049104,0.045232,-0.035685,0.080917,0.080066,-0.106192,0.186258
SWEC-A.ST,2022-03-30,-3.73,negative,Q3,0.029018,0.011666,0.017351,-0.007254,0.006139,-0.013394,0.028229,-0.035685,0.063914,-0.200205,-0.106192,-0.094013
MTG-A.ST,2022-03-30,-208.98,negative,Q1,0.0,0.011666,-0.011666,0.032609,0.006139,0.026469,-0.231884,-0.035685,-0.196199,-0.165504,-0.106192,-0.059311
STE-A.ST,2022-03-30,-11.86,negative,Q2,0.015974,0.011666,0.004307,0.06918,0.006139,0.063041,0.057505,-0.035685,0.09319,-0.134003,-0.106192,-0.027811
HUSQ-A.ST,2022-03-30,12.6,positive,Q4,-0.017155,0.011666,-0.028821,-0.063601,0.006139,-0.069741,-0.04528,-0.035685,-0.009594,-0.203524,-0.106192,-0.097332
TEL2-A.ST,2022-03-30,195.04,positive,Q5,0.0,0.011666,-0.011666,0.034564,0.006139,0.028425,-0.082884,-0.035685,-0.047198,-0.153404,-0.106192,-0.047212
NOKIA-SEK.ST,2022-03-30,-42.18,negative,Q1,0.006827,0.011666,-0.004839,-0.007681,0.006139,-0.01382,-0.021549,-0.035685,0.014136,-0.078088,-0.106192,0.028104
HOLM-A.ST,2022-03-30,66.06,positive,Q5,0.045103,0.011666,0.033437,0.078941,0.006139,0.072802,0.071424,-0.035685,0.107109,-0.212409,-0.106192,-0.106216
ABB.ST,2022-03-31,-5.86,negative,Q2,0.011403,0.007939,0.003464,-0.009129,0.005778,-0.014907,-0.043688,-0.040173,-0.003515,-0.117353,-0.114963,-0.00239
HM-B.ST,2022-03-31,-70.45,negative,Q1,0.010564,0.007939,0.002625,0.010931,0.005778,0.005154,-0.027099,-0.040173,0.013074,-0.023425,-0.114963,0.091538
DUST.ST,2022-04-06,-7.33,negative,Q2,0.030962,0.011303,0.019659,0.040843,-0.0072,0.048044,-0.152833,-0.091654,-0.061178,-0.229249,-0.072796,-0.156453
NEWA-B.ST,2022-04-12,39.16,positive,Q5,-0.014203,-0.002726,-0.011477,0.044495,0.013278,0.031216,-0.117898,-0.041573,-0.076326,-0.18175,-0.079725,-0.102024
NYF.ST,2022-04-19,295.95,positive,Q5,0.000889,0.008222,-0.007332,-0.065316,-0.028645,-0.036671,-0.006126,-0.055332,0.049206,-0.175889,-0.070165,-0.105725
PLAZ-B.ST,2022-04-20,-38.85,negative,Q1,-0.001909,-0.014814,0.012905,-0.038494,-0.041327,0.002833,-0.07508,-0.062242,-0.012838,-0.193319,-0.077656,-0.115663
SAND.ST,2022-04-20,7.21,positive,Q4,-0.027844,-0.014814,-0.01303,-0.087366,-0.041327,-0.046039,-0.053346,-0.062242,0.008896,-0.148698,-0.077656,-0.071042
GRNG.ST,2022-04-21,25.0,positive,Q5,-0.025986,-0.021148,-0.004838,-0.040089,-0.017205,-0.022883,0.022591,-0.036311,0.058902,0.158919,-0.056791,0.215709
AXFO.ST,2022-04-21,19.41,positive,Q5,-0.016424,-0.021148,0.004724,-0.002731,-0.017205,0.014474,-0.024655,-0.036311,0.011656,0.065503,-0.056791,0.122293
MYCR.ST,2022-04-21,-6.63,negative,Q2,-0.01553,-0.021148,0.005619,0.035769,-0.017205,0.052974,0.071792,-0.036311,0.108103,-0.142566,-0.056791,-0.085776
ELAN-B.ST,2022-04-21,26.04,positive,Q5,0.04132,-0.021148,0.062468,0.058354,-0.017205,0.075559,-0.001385,-0.036311,0.034926,0.062592,-0.056791,0.119382
HUSQ-B.ST,2022-04-21,10.85,positive,Q4,-0.042295,-0.021148,-0.021146,0.005712,-0.017205,0.022918,-0.06721,-0.036311,-0.030898,-0.143048,-0.056791,-0.086258
TEL2-B.ST,2022-04-21,168.89,positive,Q5,0.020522,-0.021148,0.04167,-0.088609,-0.017205,-0.071403,-0.092435,-0.036311,-0.056124,-0.188957,-0.056791,-0.132166
BMAX.ST,2022-04-21,53.57,positive,Q5,-0.003259,-0.021148,0.017889,-0.014312,-0.017205,0.002893,-0.09565,-0.036311,-0.059339,-0.34944,-0.056791,-0.29265
MTRS.ST,2022-04-22,42.11,positive,Q5,0.021563,-0.015756,0.03732,-0.008625,-0.014742,0.006117,0.05858,-0.024156,0.082736,0.204133,-0.034595,0.238727
ESSITY-B.ST,2022-04-22,13.81,positive,Q4,-0.001171,-0.015756,0.014585,-0.009995,-0.014742,0.004747,-0.023419,-0.024156,0.000736,-0.022625,-0.034595,0.01197
VIT-B.ST,2022-04-22,17.69,positive,Q4,-0.040628,-0.015756,-0.024872,-0.084024,-0.014742,-0.069281,-0.095094,-0.024156,-0.070938,-0.172867,-0.034595,-0.138272
SAAB-B.ST,2022-04-22,-11.33,negative,Q2,0.017548,-0.015756,0.033304,0.074183,-0.014742,0.088925,0.079332,-0.024156,0.103487,0.05548,-0.034595,0.090074
ARJO-B.ST,2022-04-22,19.23,positive,Q5,-0.054272,-0.015756,-0.038516,-0.027478,-0.014742,-0.012735,-0.151333,-0.024156,-0.127177,-0.292003,-0.034595,-0.257408
VITR.ST,2022-04-22,-54.55,negative,Q1,0.020842,-0.015756,0.036599,0.029094,-0.014742,0.043836,0.055849,-0.024156,0.080004,0.295789,-0.034595,0.330384
DUNI.ST,2022-04-22,-89.0,negative,Q1,-0.07009,-0.015756,-0.054334,-0.07009,-0.014742,-0.055348,-0.085745,-0.024156,-0.061589,0.004151,-0.034595,0.038745
VOLV-B.ST,2022-04-22,43.34,positive,Q5,-0.015079,-0.015756,0.000678,-0.009443,-0.014742,0.005299,0.041505,-0.024156,0.06566,0.113396,-0.034595,0.14799
NMAN.ST,2022-04-22,-25.0,negative,Q1,-0.008336,-0.015756,0.007421,-0.096457,-0.014742,-0.081715,-0.046264,-0.024156,-0.022108,0.01173,-0.034595,0.046324
ALIV-SDB.ST,2022-04-22,-57.94,negative,Q1,-0.00318,-0.015756,0.012577,0.053029,-0.014742,0.067772,0.055394,-0.024156,0.07955,0.229788,-0.034595,0.264383
ESSITY-A.ST,2022-04-22,0.0,negative,Q3,-0.003792,-0.015756,0.011965,-0.005708,-0.014742,0.009034,-0.019083,-0.024156,0.005072,-0.028667,-0.034595,0.005928
EPI-B.ST,2022-04-25,8.55,positive,Q4,0.022823,0.015042,0.007781,0.014812,0.007995,0.006817,-0.047171,-0.018088,-0.029083,-0.108773,-0.023505,-0.085268
XVIVO.ST,2022-04-25,-12.5,negative,Q2,-0.013304,0.015042,-0.028346,-0.028825,0.007995,-0.03682,-0.008869,-0.018088,0.009219,-0.006652,-0.023505,0.016853
CAST.ST,2022-04-25,5.74,positive,Q4,0.01051,0.015042,-0.004533,0.00153,0.007995,-0.006465,-0.026074,-0.018088,-0.007986,-0.171079,-0.023505,-0.147574
EPI-A.ST,2022-04-25,8.55,positive,Q4,0.026008,0.015042,0.010965,0.016443,0.007995,0.008448,-0.070715,-0.018088,-0.052627,-0.151048,-0.023505,-0.127543
WALL-B.ST,2022-04-26,8.33,positive,Q4,0.001902,-0.004942,0.006844,-0.067149,-0.018337,-0.048812,None,None,None,-0.103291,-0.041842,-0.061448
VPLAY-B.ST,2022-04-26,219.05,positive,Q5,-0.002468,-0.004942,0.002473,-0.036927,-0.018337,-0.018591,None,None,None,-0.154818,-0.041842,-0.112976
ATCO-A.ST,2022-04-26,-2.86,negative,Q3,-0.005985,-0.004942,-0.001043,-0.032258,-0.018337,-0.013921,None,None,None,0.047778,-0.041842,0.089621
FABG.ST,2022-04-26,-18.75,negative,Q2,0.030956,-0.004942,0.035898,0.006457,-0.018337,0.024794,None,None,None,-0.128003,-0.041842,-0.086161
THULE.ST,2022-04-26,3.1,positive,Q3,0.042857,-0.004942,0.047799,0.048807,-0.018337,0.067143,None,None,None,-0.13648,-0.041842,-0.094638
SSAB-A.ST,2022-04-26,11.88,positive,Q4,-0.029346,-0.004942,-0.024405,-0.073265,-0.018337,-0.054928,None,None,None,-0.23133,-0.041842,-0.189487
WIHL.ST,2022-04-26,-38.06,negative,Q1,0.03,-0.004942,0.034942,-0.029333,-0.018337,-0.010997,None,None,None,-0.03,-0.041842,0.011842
SKF-B.ST,2022-04-26,15.34,positive,Q4,-0.009163,-0.004942,-0.004222,-0.027489,-0.018337,-0.009153,None,None,None,0.006041,-0.041842,0.047883
SSAB-B.ST,2022-04-26,10.19,positive,Q4,-0.039948,-0.004942,-0.035007,-0.087199,-0.018337,-0.068863,None,None,None,-0.227878,-0.041842,-0.186036
ALFA.ST,2022-04-26,-26.97,negative,Q1,0.029994,-0.004942,0.034935,-0.020413,-0.018337,-0.002076,None,None,None,0.082629,-0.041842,0.124472
GETI-B.ST,2022-04-26,-10.59,negative,Q2,0.007673,-0.004942,0.012615,0.01012,-0.018337,0.028457,None,None,None,-0.222086,-0.041842,-0.180244
EQT.ST,2022-04-26,10.96,positive,Q4,0.005697,-0.004942,0.010639,-0.07455,-0.018337,-0.056213,None,None,None,-0.154385,-0.041842,-0.112543
VOLO.ST,2022-04-26,-27.14,negative,Q1,0.054098,-0.004942,0.05904,-0.040789,-0.018337,-0.022452,None,None,None,0.055586,-0.041842,0.097428
NWG.ST,2022-04-26,116.22,positive,Q5,-0.031032,-0.004942,-0.026091,-0.032173,-0.018337,-0.013836,None,None,None,-0.208223,-0.041842,-0.166381
BEIA-B.ST,2022-04-26,2.06,positive,Q3,0.0,-0.004942,0.004942,-0.036497,-0.018337,-0.018161,None,None,None,-0.064707,-0.041842,-0.022865
ASSA-B.ST,2022-04-27,6.64,positive,Q4,0.028268,0.009975,0.018293,-0.032768,-0.026212,-0.006556,-0.010224,0.009583,-0.019806,-0.059813,-0.032957,-0.026856
EVO.ST,2022-04-27,3.45,positive,Q3,0.020281,0.009975,0.010306,0.001196,-0.026212,0.027408,0.011325,0.009583,0.001743,-0.053582,-0.032957,-0.020625
BHG.ST,2022-04-27,72.55,positive,Q5,0.020896,0.009975,0.010921,-0.079104,-0.026212,-0.052892,-0.230597,0.009583,-0.24018,-0.516418,-0.032957,-0.48346
SHB-A.ST,2022-04-27,32.56,positive,Q5,-0.024547,0.009975,-0.034522,-0.039973,-0.026212,-0.013761,-0.039302,0.009583,-0.048885,-0.130919,-0.032957,-0.097961
AAK.ST,2022-04-27,6.18,positive,Q4,0.022352,0.009975,0.012377,0.005652,-0.026212,0.031864,0.013081,0.009583,0.003498,0.057023,-0.032957,0.089981
RESURS.ST,2022-04-27,2.04,positive,Q3,0.035906,0.009975,0.025931,-0.014858,-0.026212,0.011354,-0.008667,0.009583,-0.01825,-0.156418,-0.032957,-0.12346
ALIG.ST,2022-04-27,-5.83,negative,Q2,-0.005704,0.009975,-0.015679,-0.086981,-0.026212,-0.060769,-0.108798,0.009583,-0.118381,-0.139455,-0.032957,-0.106498
TREL-B.ST,2022-04-27,28.95,positive,Q5,-0.010926,0.009975,-0.020901,-0.035388,-0.026212,-0.009176,0.04583,0.009583,0.036248,0.062122,-0.032957,0.09508
SHOT.ST,2022-04-27,-301.25,negative,Q1,0.029073,0.009975,0.019098,0.059298,-0.026212,0.08551,0.07369,0.009583,0.064108,0.136154,-0.032957,0.169112
CORE-B.ST,2022-04-27,-23.81,negative,Q1,-0.004873,0.009975,-0.014848,-0.090958,-0.026212,-0.064746,-0.042772,0.009583,-0.052355,-0.397401,-0.032957,-0.364444
EPRO-B.ST,2022-04-27,17.39,positive,Q4,0.004521,0.009975,-0.005453,-0.051809,-0.026212,-0.025597,0.098719,0.009583,0.089136,0.066127,-0.032957,0.099084
PNDX-B.ST,2022-04-27,-166.91,negative,Q1,0.020749,0.009975,0.010774,-0.018443,-0.026212,0.007769,-0.031799,0.009583,-0.041382,0.098418,-0.032957,0.131375
SEB-A.ST,2022-04-27,28.7,positive,Q5,-0.023206,0.009975,-0.033181,-0.0517,-0.026212,-0.025488,-0.023206,0.009583,-0.032788,-0.065731,-0.032957,-0.032774
LYKO-A.ST,2022-04-27,-341.72,negative,Q1,-0.003083,0.009975,-0.013058,0.007194,-0.026212,0.033406,0.135663,0.009583,0.12608,0.027749,-0.032957,0.060707
TELIA.ST,2022-04-27,-18.18,negative,Q2,0.004922,0.009975,-0.005053,-0.003999,-0.026212,0.022213,-0.001538,0.009583,-0.011121,-0.080591,-0.032957,-0.047633
ENEA.ST,2022-04-27,-69.49,negative,Q1,-0.036066,0.009975,-0.046041,-0.091803,-0.026212,-0.065591,-0.016393,0.009583,-0.025976,-0.277869,-0.032957,-0.244911
SHB-B.ST,2022-04-27,40.39,positive,Q5,-0.017644,0.009975,-0.027619,-0.024725,-0.026212,0.001487,0.00708,0.009583,-0.002502,-0.08294,-0.032957,-0.049983
MMGR-B.ST,2022-04-27,-22.7,negative,Q1,0.053432,0.009975,0.043457,-0.014191,-0.026212,0.012021,-0.070518,0.009583,-0.080101,-0.190125,-0.032957,-0.157167
MTG-B.ST,2022-04-27,-281.69,negative,Q1,0.017493,0.009975,0.007518,0.049563,-0.026212,0.075775,0.088435,0.009583,0.078853,0.890386,-0.032957,0.923343
OX2.ST,2022-04-27,13.89,positive,Q4,-0.014208,0.009975,-0.024183,0.027064,-0.026212,0.053276,0.173207,0.009583,0.163624,0.127875,-0.032957,0.160833
HEBA-B.ST,2022-04-27,-5.71,negative,Q2,-0.007929,0.009975,-0.017904,-0.127354,-0.026212,-0.101142,-0.06921,0.009583,-0.078793,-0.273538,-0.032957,-0.240581
NCAB.ST,2022-04-28,75.0,positive,Q5,-0.049,-0.018695,-0.030305,-0.067167,-0.047065,-0.020102,0.0355,0.007955,0.027545,-0.013,-0.030538,0.017538
SINCH.ST,2022-04-28,257.14,positive,Q5,0.018036,-0.018695,0.036731,-0.073836,-0.047065,-0.026772,0.092323,0.007955,0.084368,-0.450795,-0.030538,-0.420257
HOLM-B.ST,2022-04-28,39.81,positive,Q5,-0.01743,-0.018695,0.001265,-0.065219,-0.047065,-0.018154,-0.104638,0.007955,-0.112594,-0.281998,-0.030538,-0.251461
FNOX.ST,2022-04-28,6.69,positive,Q4,-0.070401,-0.018695,-0.051706,-0.173543,-0.047065,-0.126478,-0.053936,0.007955,-0.061892,0.051665,-0.030538,0.082203
BILI-A.ST,2022-04-28,-4.42,negative,Q2,0.008069,-0.018695,0.026764,-0.017393,-0.047065,0.029672,0.086606,0.007955,0.078651,0.030393,-0.030538,0.06093
ALLIGO-B.ST,2022-04-28,-32.77,negative,Q1,-0.008823,-0.018695,0.009872,-0.071165,-0.047065,-0.024101,0.022978,0.007955,0.015023,-0.076595,-0.030538,-0.046057
LIAB.ST,2022-04-28,22.71,positive,Q5,-0.034586,-0.018695,-0.01589,-0.141854,-0.047065,-0.094789,-0.160902,0.007955,-0.168858,-0.258839,-0.030538,-0.228301
SAVE.ST,2022-04-28,17.72,positive,Q4,-0.005823,-0.018695,0.012873,-0.157784,-0.047065,-0.110719,-0.083115,0.007955,-0.09107,-0.237635,-0.030538,-0.207097
SOBI.ST,2022-04-28,29.54,positive,Q5,0.0,-0.018695,0.018695,-0.031807,-0.047065,0.015257,-0.007229,0.007955,-0.015184,0.076145,-0.030538,0.106682
NCC-B.ST,2022-04-28,-197.83,negative,Q1,0.003348,-0.018695,0.022043,-0.038302,-0.047065,0.008762,0.026979,0.007955,0.019024,-0.165518,-0.030538,-0.13498
BOL.ST,2022-04-28,23.7,positive,Q5,-0.054971,-0.018695,-0.036276,-0.089979,-0.047065,-0.042914,-0.002073,0.007955,-0.010029,-0.214141,-0.030538,-0.183604
LUMI.ST,2022-04-28,11.11,positive,Q4,-0.032191,-0.018695,-0.013496,-0.072796,-0.047065,-0.025732,-0.060968,0.007955,-0.068923,-0.39044,-0.030538,-0.359902
SWED-A.ST,2022-04-28,-1.44,negative,Q3,-0.014336,-0.018695,0.004359,-0.027727,-0.047065,0.019337,-0.035053,0.007955,-0.043008,-0.110595,-0.030538,-0.080057
INWI.ST,2022-04-28,56.39,positive,Q5,0.010251,-0.018695,0.028946,0.006921,-0.047065,0.053986,0.003066,0.007955,-0.004889,-0.091992,-0.030538,-0.061455
BIOA-B.ST,2022-04-28,5.66,positive,Q4,-0.025658,-0.018695,-0.006963,-0.018231,-0.047065,0.028834,0.068197,0.007955,0.060242,0.515192,-0.030538,0.54573
HEM.ST,2022-04-28,-7.32,negative,Q2,0.006982,-0.018695,0.025677,-0.06184,-0.047065,-0.014776,0.146954,0.007955,0.138999,0.309866,-0.030538,0.340404
AFRY.ST,2022-04-28,-27.1,negative,Q1,-0.055522,-0.018695,-0.036827,-0.074411,-0.047065,-0.027347,-0.025568,0.007955,-0.033524,-0.071983,-0.030538,-0.041445
VOLCAR-B.ST,2022-04-28,39.58,positive,Q5,0.012466,-0.018695,0.031161,-0.019726,-0.047065,0.027338,0.114247,0.007955,0.106291,0.02726,-0.030538,0.057798
DIOS.ST,2022-04-28,-4.97,negative,Q2,-0.010759,-0.018695,0.007936,-0.075686,-0.047065,-0.028622,0.006802,0.007955,-0.001153,-0.11724,-0.030538,-0.086702
DOM.ST,2022-04-28,44.59,positive,Q5,0.005463,-0.018695,0.024158,-0.098082,-0.047065,-0.051017,-0.107483,0.007955,-0.115438,-0.236056,-0.030538,-0.205519
BIOT.ST,2022-04-28,25.58,positive,Q5,-0.031591,-0.018695,-0.012896,-0.100106,-0.047065,-0.053041,-0.006791,0.007955,-0.014746,0.078726,-0.030538,0.109264
MIPS.ST,2022-04-28,11.73,positive,Q4,-0.018407,-0.018695,0.000289,-0.156456,-0.047065,-0.109392,-0.085067,0.007955,-0.093023,-0.259841,-0.030538,-0.229303
ALIF-B.ST,2022-04-28,26.03,positive,Q5,0.009071,-0.018695,0.027766,-0.070053,-0.047065,-0.022989,0.131826,0.007955,0.123871,-0.224439,-0.030538,-0.193902
CATE.ST,2022-04-28,-12.77,negative,Q2,-0.021407,-0.018695,-0.002712,-0.157157,-0.047065,-0.110093,-0.146255,0.007955,-0.154211,-0.132221,-0.030538,-0.101683
BOOZT.ST,2022-04-28,-76.74,negative,Q1,0.020251,-0.018695,0.038946,-0.083896,-0.047065,-0.036831,-0.019286,0.007955,-0.027242,-0.335583,-0.030538,-0.305046
SEDANA.ST,2022-04-28,26.92,positive,Q5,-0.114676,-0.018695,-0.095981,-0.198317,-0.047065,-0.151252,-0.052078,0.007955,-0.060033,-0.302998,-0.030538,-0.272461
LIFCO-B.ST,2022-04-29,-1.45,negative,Q3,0.005917,0.006958,-0.001041,-0.084778,-0.052257,-0.03252,0.028957,0.011003,0.017955,0.006388,0.005999,0.000389
BRAV.ST,2022-04-29,1.83,positive,Q3,0.022513,0.006958,0.015555,-0.066328,-0.052257,-0.01407,0.016945,0.011003,0.005942,0.108932,0.005999,0.102934
BONAV-B.ST,2022-04-29,-40.5,negative,Q1,0.000855,0.006958,-0.006102,-0.070573,-0.052257,-0.018316,-0.142002,0.011003,-0.153005,-0.189051,0.005999,-0.19505
INTRUM.ST,2022-04-29,-14.56,negative,Q2,0.022999,0.006958,0.016041,-0.02163,-0.052257,0.030628,0.003614,0.011003,-0.007389,-0.023437,0.005999,-0.029436
SCA-B.ST,2022-04-29,17.51,positive,Q4,-0.003698,0.006958,-0.010656,-0.075531,-0.052257,-0.023273,-0.065501,0.011003,-0.076504,-0.218748,0.005999,-0.224747
HEXA-B.ST,2022-04-29,11.11,positive,Q4,-0.003243,0.006958,-0.0102,-0.099546,-0.052257,-0.047289,-0.045396,0.011003,-0.056398,-0.044963,0.005999,-0.050962
SDIP-B.ST,2022-04-29,-18.47,negative,Q2,-0.074627,0.006958,-0.081585,-0.1969,-0.052257,-0.144643,-0.091848,0.011003,-0.102851,-0.184108,0.005999,-0.190107
COOR.ST,2022-04-29,20.77,positive,Q5,0.007142,0.006958,0.000184,-0.079797,-0.052257,-0.027539,-0.052191,0.011003,-0.063194,-0.07705,0.005999,-0.083049
JM.ST,2022-04-29,-14.33,negative,Q2,-0.027417,0.006958,-0.034375,-0.093692,-0.052257,-0.041435,-0.014636,0.011003,-0.025639,-0.142136,0.005999,-0.148135
ANOD-B.ST,2022-04-29,33.9,positive,Q5,-0.032635,0.006958,-0.039593,-0.11344,-0.052257,-0.061182,0.009801,0.011003,-0.001202,0.066416,0.005999,0.060417
INDT.ST,2022-04-29,11.46,positive,Q4,-0.039045,0.006958,-0.046003,-0.077162,-0.052257,-0.024905,-0.011222,0.011003,-0.022225,0.065476,0.005999,0.059478
HTRO.ST,2022-04-29,53.85,positive,Q5,-0.023151,0.006958,-0.030109,-0.136402,-0.052257,-0.084145,0.104358,0.011003,0.093355,0.523446,0.005999,0.517447
ELUX-B.ST,2022-04-29,-16.33,negative,Q2,0.060983,0.006958,0.054025,0.041358,-0.052257,0.093615,0.06011,0.011003,0.049108,0.020279,0.005999,0.01428
KNOW.ST,2022-05-02,0.46,positive,Q3,-0.01869,-0.011474,-0.007216,-0.041997,-0.044903,0.002906,0.046651,0.003339,0.043312,-0.026695,-0.011479,-0.015216
NOLA-B.ST,2022-05-03,21.88,positive,Q5,-0.03512,-0.012924,-0.022196,-0.041285,-0.016733,-0.024552,0.076966,0.032101,0.044865,0.017934,-0.008551,0.026485
PDX.ST,2022-05-03,21.37,positive,Q5,-0.022501,-0.012924,-0.009577,-0.005559,-0.016733,0.011174,-0.063638,0.032101,-0.095739,-0.061838,-0.008551,-0.053287
KLARA-B.ST,2022-05-03,43.0,positive,Q5,-0.008696,-0.012924,0.004229,-0.001449,-0.016733,0.015284,-0.163043,0.032101,-0.195144,-0.31413,-0.008551,-0.305579
LOOMIS.ST,2022-05-04,1.29,positive,Q3,0.009121,-0.011652,0.020773,-0.016596,-0.005869,-0.010727,0.018289,0.042459,-0.02417,0.156982,0.010302,0.14668
IVSO.ST,2022-05-04,-183.33,negative,Q1,-0.044598,-0.011652,-0.032945,-0.05201,-0.005869,-0.046141,-0.030967,0.042459,-0.073426,-0.022299,0.010302,-0.032601
RENEW.ST,2022-05-04,-130.77,negative,Q1,-0.085841,-0.011652,-0.074188,-0.079646,-0.005869,-0.073777,0.10531,0.042459,0.062851,-0.10354,0.010302,-0.113842
NP3.ST,2022-05-04,-27.86,negative,Q1,-0.057772,-0.011652,-0.04612,0.033842,-0.005869,0.039711,0.043837,0.042459,0.001379,-0.02194,0.010302,-0.032242
SKA-B.ST,2022-05-04,-32.36,negative,Q1,-0.018928,-0.011652,-0.007275,-0.035271,-0.005869,-0.029402,-0.018088,0.042459,-0.060546,-0.043346,0.010302,-0.053648
SLP-B.ST,2022-05-04,285.19,positive,Q5,-0.033333,-0.011652,-0.021681,-0.016667,-0.005869,-0.010797,0.05,0.042459,0.007541,0.123333,0.010302,0.113031
SECU-B.ST,2022-05-04,23.72,positive,Q5,0.004692,-0.011652,0.016345,0.012302,-0.005869,0.018171,-0.039949,0.042459,-0.082408,-0.070894,0.010302,-0.081196
COIC.ST,2022-05-04,16.78,positive,Q4,-0.010306,-0.011652,0.001347,0.072142,-0.005869,0.078011,0.077295,0.042459,0.034836,0.05153,0.010302,0.041228
SF.ST,2022-05-04,69.09,positive,Q5,0.063868,-0.011652,0.07552,0.016972,-0.005869,0.022841,0.025011,0.042459,-0.017447,0.244752,0.010302,0.23445
AMBEA.ST,2022-05-04,-35.19,negative,Q1,-0.022742,-0.011652,-0.01109,-0.031052,-0.005869,-0.025182,-0.071507,0.042459,-0.113965,-0.002843,0.010302,-0.013145
ACAD.ST,2022-05-05,-16.91,negative,Q2,-0.026358,-0.024043,-0.002315,-0.013752,0.025147,-0.038899,None,None,None,0.0,0.029985,-0.029985
XBRANE.ST,2022-05-05,43.18,positive,Q5,-0.081395,-0.024043,-0.057353,-0.12093,0.025147,-0.146077,None,None,None,0.022093,0.029985,-0.007892
INSTAL.ST,2022-05-05,-7.14,negative,Q2,-0.056969,-0.024043,-0.032927,-0.088293,0.025147,-0.113439,None,None,None,-0.084965,0.029985,-0.11495
KFAST-B.ST,2022-05-05,-89.47,negative,Q1,-0.07839,-0.024043,-0.054347,-0.020127,0.025147,-0.045274,None,None,None,-0.224047,0.029985,-0.254032
BILL.ST,2022-05-05,19.16,positive,Q5,-0.031839,-0.024043,-0.007796,-0.003518,0.025147,-0.028664,None,None,None,0.045459,0.029985,0.015473
HUFV-A.ST,2022-05-05,-22.48,negative,Q1,-0.042123,-0.024043,-0.018081,0.02434,0.025147,-0.000807,None,None,None,0.119454,0.029985,0.089469
TRUE-B.ST,2022-05-06,-5.41,negative,Q2,0.06191,0.014772,0.047139,0.080604,0.046828,0.033776,-0.124678,0.083238,-0.207916,0.251586,0.043736,0.20785
BFG.ST,2022-05-06,-57.14,negative,Q1,0.008444,0.014772,-0.006327,-0.035556,0.046828,-0.082384,-0.117333,0.083238,-0.200571,-0.196889,0.043736,-0.240625
BIOG-B.ST,2022-05-06,18.75,positive,Q5,0.003797,0.014772,-0.010975,-0.032723,0.046828,-0.079551,-0.072147,0.083238,-0.155384,-0.113469,0.043736,-0.157205
STEF-B.ST,2022-05-06,100.75,positive,Q5,-0.004878,0.014772,-0.01965,0.039024,0.046828,-0.007804,0.034146,0.083238,-0.049091,-0.164878,0.043736,-0.208614
RVRC.ST,2022-05-10,18.03,positive,Q5,0.013563,-0.002018,0.015581,0.03643,0.012679,0.02375,-0.151238,0.033674,-0.184912,-0.309888,0.005165,-0.315053
KAR.ST,2022-05-10,-57.28,negative,Q1,-0.009464,-0.002018,-0.007445,0.014196,0.012679,0.001517,0.009464,0.033674,-0.024211,0.036278,0.005165,0.031113
CEVI.ST,2022-05-10,17.52,positive,Q4,0.021181,-0.002018,0.023199,0.130291,0.012679,0.117612,0.114034,0.033674,0.08036,0.117272,0.005165,0.112107
GARO.ST,2022-05-11,24.42,positive,Q5,0.044285,0.019183,0.025102,0.091796,0.009589,0.082207,0.100508,0.008775,0.091733,0.265871,0.026352,0.239518
SUS.ST,2022-05-11,-20.0,negative,Q2,0.033803,0.019183,0.01462,0.049296,0.009589,0.039707,0.01338,0.008775,0.004605,0.054225,0.026352,0.027873
SYNSAM.ST,2022-05-11,24.53,positive,Q5,0.023703,0.019183,0.00452,0.065764,0.009589,0.056174,0.017466,0.008775,0.00869,0.014971,0.026352,-0.011382
MEKO.ST,2022-05-11,5.41,positive,Q4,0.023618,0.019183,0.004435,-0.057412,0.009589,-0.067001,-0.05674,0.008775,-0.065515,-0.004704,0.026352,-0.031057
SAGA-B.ST,2022-05-11,62.86,positive,Q5,0.05677,0.019183,0.037587,0.158493,0.009589,0.148904,0.003045,0.008775,-0.00573,0.130994,0.026352,0.104642
BALD-B.ST,2022-05-12,0.93,positive,Q3,0.019738,-0.003401,0.02314,0.057075,-0.008574,0.065649,-0.20195,-0.02726,-0.17469,-0.041855,0.006537,-0.048392
FG.ST,2022-05-12,-9.43,negative,Q2,-0.019263,-0.003401,-0.015862,-0.043342,-0.008574,-0.034769,-0.149037,-0.02726,-0.121777,-0.286921,0.006537,-0.293459
SECARE.ST,2022-05-12,-71.43,negative,Q1,0.060639,-0.003401,0.064041,0.091096,-0.008574,0.09967,0.13198,-0.02726,0.15924,0.067911,0.006537,0.061373
SWEC-B.ST,2022-05-12,0.72,positive,Q3,0.011729,-0.003401,0.01513,-0.051034,-0.008574,-0.04246,-0.121318,-0.02726,-0.094058,-0.080312,0.006537,-0.086849
CAMX.ST,2022-05-12,96.15,positive,Q5,-0.04581,-0.003401,-0.042409,0.09162,-0.008574,0.100194,0.072067,-0.02726,0.099327,0.329609,0.006537,0.323072
LAGR-B.ST,2022-05-17,5.06,positive,Q4,-0.007719,-0.005063,-0.002656,0.008756,-0.010347,0.019103,-0.077995,-0.056032,-0.021963,0.120853,0.028162,0.09269
STOR-B.ST,2022-05-17,-51.85,negative,Q1,0.101852,-0.005063,0.106915,-0.080247,-0.010347,-0.0699,-0.068519,-0.056032,-0.012486,-0.17037,0.028162,-0.198533
BICO.ST,2022-05-18,58.28,positive,Q5,-0.041967,0.000848,-0.042814,None,None,None,-0.272234,-0.054274,-0.217961,-0.645952,0.021262,-0.667214
CALTX.ST,2022-05-18,-11.53,negative,Q2,0.065217,0.000848,0.06437,None,None,None,-0.041304,-0.054274,0.012969,0.181522,0.021262,0.16026
EMBRAC-B.ST,2022-05-19,-26.32,negative,Q1,0.01,0.012428,-0.002428,0.076173,0.032099,0.044074,-0.003086,-0.049569,0.046483,-0.07321,0.029708,-0.102918
SYSR.ST,2022-06-08,-9.59,negative,Q2,-0.059671,-0.026058,-0.033613,-0.1869,-0.075206,-0.111694,-0.111111,-0.052136,-0.058976,-0.152778,-0.071571,-0.081206
CLAS-B.ST,2022-06-08,62.69,positive,Q5,-0.009696,-0.026058,0.016361,-0.112648,-0.075206,-0.037443,-0.062534,-0.052136,-0.010398,-0.286959,-0.071571,-0.215388
SKIS-B.ST,2022-06-17,77.78,positive,Q5,-0.015886,0.004295,-0.020181,0.058947,0.009441,0.049506,0.151278,0.034859,0.116419,-0.073381,-0.007249,-0.066132
HOLM-A.ST,2022-06-29,24.69,positive,Q5,-0.016696,0.001739,-0.018436,0.007152,0.043733,-0.036581,0.016723,0.085356,-0.068633,0.031026,-0.023128,0.054155
SWEC-A.ST,2022-06-29,-5.79,negative,Q2,-0.004634,0.001739,-0.006373,0.087548,0.043733,0.043815,0.050675,0.085356,-0.034681,-0.150251,-0.023128,-0.127123
STE-R.ST,2022-06-29,-26.08,negative,Q1,0.003081,0.001739,0.001342,0.037387,0.043733,-0.006346,-0.023692,0.085356,-0.109048,-0.105314,-0.023128,-0.082186
HM-B.ST,2022-06-29,23.33,positive,Q5,0.016348,0.001739,0.014609,0.064149,0.043733,0.020416,0.058604,0.085356,-0.026752,-0.129541,-0.023128,-0.106413
NDA-SE.ST,2022-06-29,15.5,positive,Q4,0.011536,0.001739,0.009797,0.019837,0.043733,-0.023896,0.110158,0.085356,0.024801,0.110439,-0.023128,0.133567
AZN.ST,2022-06-29,-85.32,negative,Q1,-0.004078,0.001739,-0.005817,0.0404,0.043733,-0.003333,0.005557,0.085356,-0.079799,-0.089998,-0.023128,-0.06687
VOLV-A.ST,2022-06-29,12.72,positive,Q4,0.006746,0.001739,0.005007,0.045608,0.043733,0.001875,0.146429,0.085356,0.061073,0.004253,-0.023128,0.027381
MCOV-B.ST,2022-06-29,-2.93,negative,Q3,0.005302,0.001739,0.003563,0.036807,0.043733,-0.006926,0.146304,0.085356,0.060948,-0.155986,-0.023128,-0.132858
TEL2-A.ST,2022-06-29,-6.87,negative,Q2,-0.004216,0.001739,-0.005956,0.004114,0.043733,-0.039619,-0.02499,0.085356,-0.110346,-0.183361,-0.023128,-0.160233
SCA-A.ST,2022-06-29,0.99,positive,Q3,-0.015816,0.001739,-0.017555,0.040688,0.043733,-0.003044,-0.015816,0.085356,-0.101172,-0.064446,-0.023128,-0.041318
ATCO-B.ST,2022-06-29,7.41,positive,Q4,-0.027736,0.001739,-0.029475,0.060845,0.043733,0.017112,0.224888,0.085356,0.139531,0.093703,-0.023128,0.116831
ELUX-A.ST,2022-06-29,-61.1,negative,Q1,0.0,0.001739,-0.001739,0.0,0.043733,-0.043733,-0.01173,0.085356,-0.097087,-0.158816,-0.023128,-0.135688
TRIAN-B.ST,2022-06-29,130.25,positive,Q5,0.003503,0.001739,0.001763,0.039842,0.043733,-0.00389,0.346322,0.085356,0.260966,0.004816,-0.023128,0.027944
NCC-A.ST,2022-06-29,-11.79,negative,Q2,0.15319,0.001739,0.151451,0.121667,0.043733,0.077934,0.045126,0.085356,-0.04023,-0.090036,-0.023128,-0.066908
8TRA.ST,2022-06-29,55.86,positive,Q5,0.003327,0.001739,0.001588,0.032191,0.043733,-0.011542,0.065774,0.085356,-0.019582,-0.087364,-0.023128,-0.064236
ARION-SDB.ST,2022-06-29,-30.43,negative,Q1,0.009045,0.001739,0.007306,0.061307,0.043733,0.017574,0.077387,0.085356,-0.007969,0.039196,-0.023128,0.062324
ERIC-A.ST,2022-06-29,-16.15,negative,Q2,-0.003619,0.001739,-0.005358,0.056785,0.043733,0.013052,0.004732,0.085356,-0.080624,-0.14739,-0.023128,-0.124262
HUSQ-A.ST,2022-06-29,13.24,positive,Q4,0.019194,0.001739,0.017455,0.073114,0.043733,0.029381,0.06022,0.085356,-0.025136,-0.189744,-0.023128,-0.166616
NOKIA-SEK.ST,2022-06-29,-4.54,negative,Q2,0.006017,0.001739,0.004278,0.027771,0.043733,-0.015961,0.121037,0.085356,0.035681,0.015737,-0.023128,0.038865
STE-A.ST,2022-06-29,-26.08,negative,Q1,0.017171,0.001739,0.015432,0.049098,0.043733,0.005365,0.0,0.085356,-0.085356,-0.056543,-0.023128,-0.033415
ABB.ST,2022-06-30,-39.88,negative,Q1,0.015138,0.009392,0.005747,0.054292,0.050695,0.003597,0.126655,0.072056,0.054599,0.089007,-0.019816,0.108822
DUST.ST,2022-07-05,-9.0,negative,Q2,0.039076,0.018714,0.020362,0.048845,0.006564,0.042281,0.188277,0.053243,0.135034,-0.206039,-0.041259,-0.16478
FPAR-A.ST,2022-07-05,4.95,positive,Q4,0.002962,0.018714,-0.015752,-0.022919,0.006564,-0.029483,0.074836,0.053243,0.021593,-0.065638,-0.041259,-0.024378
PLAZ-B.ST,2022-07-06,45.71,positive,Q5,-0.01063,0.008421,-0.019052,0.006644,-0.026129,0.032773,0.084305,0.022507,0.061798,-0.140853,-0.02299,-0.117864
CATE.ST,2022-07-07,-72.99,negative,Q1,0.022576,-0.017021,0.039597,0.068718,-0.034103,0.102821,0.129764,0.023395,0.106369,-0.188198,-0.044707,-0.143491
DIOS.ST,2022-07-07,-21.0,negative,Q1,0.03548,-0.017021,0.052501,0.053454,-0.034103,0.087558,0.175524,0.023395,0.152129,-0.035324,-0.044707,0.009383
NP3.ST,2022-07-08,-1.47,negative,Q3,0.002368,0.016163,-0.013795,0.03794,-0.003606,0.041546,0.137452,0.025905,0.111546,-0.256865,-0.028104,-0.228761
FABG.ST,2022-07-08,-27.35,negative,Q1,0.042688,0.016163,0.026525,0.038232,-0.003606,0.041838,0.058168,0.025905,0.032263,-0.205465,-0.028104,-0.177361
WIHL.ST,2022-07-11,-34.72,negative,Q1,-0.024115,-0.019066,-0.005049,0.036807,-0.003905,0.040712,0.093217,0.028788,0.064429,-0.210972,-0.064525,-0.146447
ELAN-B.ST,2022-07-12,60.7,positive,Q5,-0.005371,-0.014374,0.009002,0.013623,0.015556,-0.001934,0.067959,0.048266,0.019692,-0.033941,-0.048859,0.014919
JM.ST,2022-07-12,-21.85,negative,Q1,-0.029261,-0.014374,-0.014887,0.044945,0.015556,0.029389,0.112166,0.048266,0.063899,-0.113418,-0.048859,-0.064558
NYF.ST,2022-07-12,43.9,positive,Q5,-0.026585,-0.014374,-0.012211,0.079754,0.015556,0.064197,0.135411,0.048266,0.087145,-0.307622,-0.048859,-0.258762
CORE-B.ST,2022-07-13,312.5,positive,Q5,0.037938,0.000164,0.037774,0.090467,0.038067,0.0524,0.261673,0.067772,0.193901,-0.38716,-0.036464,-0.350695
KLARA-B.ST,2022-07-13,-73.64,negative,Q1,-0.044307,0.000164,-0.044471,0.002061,0.038067,-0.036006,0.166409,0.067772,0.098637,-0.36373,-0.036464,-0.327266
XVIVO.ST,2022-07-13,-25.0,negative,Q1,0.004566,0.000164,0.004402,0.020548,0.038067,-0.017519,0.015982,0.067772,-0.05179,-0.407306,-0.036464,-0.370842
SAGA-B.ST,2022-07-14,20.87,positive,Q5,0.033246,0.014015,0.019231,0.141962,0.039855,0.102107,0.164407,0.069778,0.094629,-0.253577,-0.036485,-0.217092
MYCR.ST,2022-07-14,-12.68,negative,Q2,0.068107,0.014015,0.054092,0.115077,0.039855,0.075223,0.070299,0.069778,0.000521,0.03742,-0.036485,0.073904
ERIC-B.ST,2022-07-14,-18.24,negative,Q2,0.020925,0.014015,0.00691,0.030994,0.039855,-0.00886,0.061359,0.069778,-0.008419,-0.037917,-0.036485,-0.001432
HEBA-B.ST,2022-07-14,0.0,negative,Q3,0.038989,0.014015,0.024974,0.099639,0.039855,0.059784,0.156919,0.069778,0.087141,-0.321781,-0.036485,-0.285296
SLP-B.ST,2022-07-14,-31.03,negative,Q1,-0.016694,0.014015,-0.03071,0.085142,0.039855,0.045287,0.133556,0.069778,0.063778,-0.156928,-0.036485,-0.120444
SEB-A.ST,2022-07-14,3.83,positive,Q3,0.024725,0.014015,0.01071,0.042642,0.039855,0.002787,0.075131,0.069778,0.005353,0.027711,-0.036485,0.064196
WALL-B.ST,2022-07-14,2.04,positive,Q3,0.039356,0.014015,0.025341,0.105098,0.039855,0.065244,0.129696,0.069778,0.059918,-0.243739,-0.036485,-0.207254
EQT.ST,2022-07-14,-33.07,negative,Q1,0.032325,0.014015,0.01831,0.168632,0.039855,0.128777,0.254155,0.069778,0.184377,-0.070738,-0.036485,-0.034254
ARJO-B.ST,2022-07-14,-44.59,negative,Q1,-0.040345,0.014015,-0.054361,-0.028148,0.039855,-0.068003,-0.036968,0.069778,-0.106746,-0.263464,-0.036485,-0.226979
AFRY.ST,2022-07-14,-10.19,negative,Q2,0.011173,0.014015,-0.002842,0.020387,0.039855,-0.019467,0.003337,0.069778,-0.066441,-0.084597,-0.036485,-0.048112
HMS.ST,2022-07-14,28.02,positive,Q5,0.014216,0.014015,0.000201,0.115614,0.039855,0.075759,0.165318,0.069778,0.09554,-0.267751,-0.036485,-0.231266
MMGR-B.ST,2022-07-14,-0.69,negative,Q3,0.023136,0.014015,0.009121,0.011752,0.039855,-0.028103,0.02534,0.069778,-0.044438,0.042784,-0.036485,0.079268
HUSQ-B.ST,2022-07-15,-6.08,negative,Q2,0.027699,0.015858,0.011841,0.043485,0.020919,0.022566,0.032018,0.066529,-0.034511,-0.173343,-0.038146,-0.135197
GRNG.ST,2022-07-15,-8.33,negative,Q2,0.016779,0.015858,0.000921,0.004311,0.020919,-0.016607,-0.018993,0.066529,-0.085522,-0.214635,-0.038146,-0.176489
ANOD-B.ST,2022-07-15,-72.77,negative,Q1,-0.01685,0.015858,-0.032709,0.020731,0.020919,-0.000188,0.010825,0.066529,-0.055704,-0.199244,-0.038146,-0.161098
ENEA.ST,2022-07-15,-41.89,negative,Q1,-0.017877,0.015858,-0.033735,-0.023464,0.020919,-0.044382,0.195531,0.066529,0.129002,-0.206704,-0.038146,-0.168557
LIFCO-B.ST,2022-07-15,10.67,positive,Q4,0.004908,0.015858,-0.01095,0.081545,0.020919,0.060626,0.086453,0.066529,0.019924,-0.149193,-0.038146,-0.111046
KNOW.ST,2022-07-15,54.93,positive,Q5,0.014809,0.015858,-0.001049,0.038795,0.020919,0.017876,-0.039464,0.066529,-0.105993,-0.253171,-0.038146,-0.215024
BALD-B.ST,2022-07-15,-17.43,negative,Q2,0.019247,0.015858,0.003389,0.0678,0.020919,0.046881,0.14635,0.066529,0.079821,-0.329461,-0.038146,-0.291314
MTRS.ST,2022-07-15,2.94,positive,Q3,-0.026303,0.015858,-0.042161,0.082013,0.020919,0.061094,0.218265,0.066529,0.151736,0.232642,-0.038146,0.270788
SHB-A.ST,2022-07-15,-8.66,negative,Q2,0.029608,0.015858,0.01375,0.030245,0.020919,0.009326,0.082139,0.066529,0.015611,0.063992,-0.038146,0.102139
COOR.ST,2022-07-15,-4.86,negative,Q2,-0.012766,0.015858,-0.028624,0.009726,0.020919,-0.011192,0.021885,0.066529,-0.044644,-0.067477,-0.038146,-0.029331
ALLIGO-B.ST,2022-07-15,12.66,positive,Q4,0.035516,0.015858,0.019657,0.033555,0.020919,0.012636,-0.008171,0.066529,-0.0747,-0.149581,-0.038146,-0.111434
AXFO.ST,2022-07-15,8.73,positive,Q4,0.0,0.015858,-0.015858,0.020781,0.020919,-0.000138,0.030881,0.066529,-0.035648,-0.164,-0.038146,-0.125853
LYKO-A.ST,2022-07-15,44.0,positive,Q5,-0.025404,0.015858,-0.041263,-0.064665,0.020919,-0.085584,-0.124249,0.066529,-0.190778,-0.539954,-0.038146,-0.501807
SAND.ST,2022-07-15,16.16,positive,Q4,0.033601,0.015858,0.017743,0.049818,0.020919,0.0289,0.114037,0.066529,0.047509,-0.048975,-0.038146,-0.010829
SHOT.ST,2022-07-15,-26.47,negative,Q1,0.015492,0.015858,-0.000366,-0.012244,0.020919,-0.033163,-0.030985,0.066529,-0.097513,-0.322089,-0.038146,-0.283943
BRAV.ST,2022-07-15,0.73,positive,Q3,0.005568,0.015858,-0.01029,0.023864,0.020919,0.002945,-0.000455,0.066529,-0.066983,-0.101591,-0.038146,-0.063444
PNDX-B.ST,2022-07-15,-5.58,negative,Q2,0.056343,0.015858,0.040485,0.041319,0.020919,0.0204,0.040629,0.066529,-0.0259,-0.233269,-0.038146,-0.195123
SHB-B.ST,2022-07-15,0.0,negative,Q3,0.025948,0.015858,0.010089,0.031926,0.020919,0.011007,0.061944,0.066529,-0.004585,0.075935,-0.038146,0.114081
SWEC-B.ST,2022-07-15,3.33,positive,Q3,0.015127,0.015858,-0.000731,0.012303,0.020919,-0.008615,0.052844,0.066529,-0.013685,-0.199274,-0.038146,-0.161127
VITR.ST,2022-07-15,92.0,positive,Q5,0.022995,0.015858,0.007137,0.0968,0.020919,0.075882,0.03483,0.066529,-0.031699,-0.477695,-0.038146,-0.439549
DUNI.ST,2022-07-15,-4.67,negative,Q2,0.016571,0.015858,0.000713,0.082482,0.020919,0.061563,0.003364,0.066529,-0.063165,-0.25704,-0.038146,-0.218893
CAMX.ST,2022-07-15,158.33,positive,Q5,0.009769,0.015858,-0.006089,0.016874,0.020919,-0.004045,0.075488,0.066529,0.00896,0.086146,-0.038146,0.124292
CAST.ST,2022-07-15,17.83,positive,Q5,0.01108,0.015858,-0.004778,0.046084,0.020919,0.025165,0.10669,0.066529,0.040161,-0.217493,-0.038146,-0.179347
INWI.ST,2022-07-15,3.39,positive,Q3,-0.007114,0.015858,-0.022972,0.05061,0.020919,0.029691,0.043496,0.066529,-0.023033,-0.213313,-0.038146,-0.175167
PEAB-B.ST,2022-07-15,-38.72,negative,Q1,0.00158,0.015858,-0.014278,0.04073,0.020919,0.019812,0.079705,0.066529,0.013176,-0.190836,-0.038146,-0.152689
DOM.ST,2022-07-15,15.12,positive,Q4,0.017073,0.015858,0.001214,0.041936,0.020919,0.021017,0.046743,0.066529,-0.019786,-0.143047,-0.038146,-0.1049
VIT-B.ST,2022-07-15,58.45,positive,Q5,0.013925,0.015858,-0.001933,0.101428,0.020919,0.080509,0.106416,0.066529,0.039887,-0.152876,-0.038146,-0.11473
ALIF-B.ST,2022-07-15,-31.11,negative,Q1,0.00204,0.015858,-0.013819,0.118839,0.020919,0.09792,0.114828,0.066529,0.048299,-0.252295,-0.038146,-0.214148
BMAX.ST,2022-07-15,-20.1,negative,Q2,0.038479,0.015858,0.02262,0.027358,0.020919,0.006439,0.02758,0.066529,-0.038949,-0.175267,-0.038146,-0.13712
NMAN.ST,2022-07-15,8.12,positive,Q4,0.011473,0.015858,-0.004385,0.050555,0.020919,0.029636,0.022946,0.066529,-0.043583,-0.179336,-0.038146,-0.14119
VOLO.ST,2022-07-18,2.0,positive,Q3,0.002795,9.9e-05,0.002697,0.018584,0.000942,0.017642,-0.048652,0.037553,-0.086204,-0.304752,-0.046959,-0.257792
NWG.ST,2022-07-19,6.01,positive,Q4,-0.00545,0.007473,-0.012923,-0.027176,0.005132,-0.032309,0.240536,0.046917,0.193619,0.032626,-0.02699,0.059616
ASSA-B.ST,2022-07-19,4.8,positive,Q4,0.016092,0.007473,0.008619,0.000837,0.005132,-0.004295,0.040556,0.046917,-0.006361,-0.07981,-0.02699,-0.052821
SOBI.ST,2022-07-19,38.71,positive,Q5,-0.027149,0.007473,-0.034623,0.004525,0.005132,-0.000607,0.076018,0.046917,0.029101,0.002715,-0.02699,0.029705
ATCO-A.ST,2022-07-19,-15.79,negative,Q2,0.018875,0.007473,0.011402,0.017221,0.005132,0.012089,0.085328,0.046917,0.038411,0.00107,-0.02699,0.02806
GETI-B.ST,2022-07-19,8.88,positive,Q4,0.051228,0.007473,0.043754,0.029907,0.005132,0.024775,-0.003666,0.046917,-0.050583,-0.082582,-0.02699,-0.055592
AAK.ST,2022-07-19,-22.08,negative,Q1,0.028292,0.007473,0.020819,0.017171,0.005132,0.012038,0.022426,0.046917,-0.024491,-0.136511,-0.02699,-0.109521
SWED-A.ST,2022-07-19,-3.24,negative,Q3,0.02259,0.007473,0.015116,0.037278,0.005132,0.032146,0.05271,0.046917,0.005793,0.127452,-0.02699,0.154441
TEL2-B.ST,2022-07-19,11.57,positive,Q4,0.001288,0.007473,-0.006185,-0.003865,0.005132,-0.008997,0.011702,0.046917,-0.035216,-0.18014,-0.02699,-0.15315
LAGR-B.ST,2022-07-19,17.33,positive,Q4,0.050838,0.007473,0.043365,0.094492,0.005132,0.089359,0.033203,0.046917,-0.013714,-0.13292,-0.02699,-0.10593
VOLV-B.ST,2022-07-19,13.22,positive,Q4,0.01154,0.007473,0.004067,0.00152,0.005132,-0.003612,0.039666,0.046917,-0.007252,-0.025568,-0.02699,0.001421
ALIG.ST,2022-07-19,9.68,positive,Q4,-0.010415,0.007473,-0.017888,-0.002314,0.005132,-0.007447,-0.028765,0.046917,-0.075682,-0.291618,-0.02699,-0.264629
NCC-B.ST,2022-07-19,-14.11,negative,Q2,0.022372,0.007473,0.014899,0.029502,0.005132,0.02437,0.090596,0.046917,0.043679,-0.107437,-0.02699,-0.080447
BIOT.ST,2022-07-19,3.57,positive,Q3,0.032083,0.007473,0.02461,0.034916,0.005132,0.029783,-0.027346,0.046917,-0.074264,-0.147671,-0.02699,-0.120681
INDT.ST,2022-07-19,2.78,positive,Q3,0.036713,0.007473,0.02924,0.028832,0.005132,0.0237,0.05209,0.046917,0.005173,-0.153196,-0.02699,-0.126206
EPI-B.ST,2022-07-20,-16.0,negative,Q2,0.003265,0.001887,0.001378,0.032721,0.010149,0.022571,0.026758,0.031379,-0.00462,0.004259,-0.018934,0.023192
VOLCAR-B.ST,2022-07-20,-27.56,negative,Q1,0.051213,0.001887,0.049326,0.010647,0.010149,0.000498,-0.04097,0.031379,-0.072349,-0.370889,-0.018934,-0.351956
BILL.ST,2022-07-20,3.38,positive,Q3,-0.031331,0.001887,-0.033217,-0.007833,0.010149,-0.017982,0.072808,0.031379,0.041429,0.141255,-0.018934,0.160189
CEVI.ST,2022-07-20,4.7,positive,Q4,-0.021663,0.001887,-0.02355,-0.012178,0.010149,-0.022328,-0.054185,0.031379,-0.085564,-0.126021,-0.018934,-0.107087
STEF-B.ST,2022-07-20,-13.33,negative,Q2,0.041667,0.001887,0.03978,0.020833,0.010149,0.010684,0.116898,0.031379,0.085519,0.063657,-0.018934,0.082591
BHG.ST,2022-07-20,134.43,positive,Q5,0.027793,0.001887,0.025906,-0.103542,0.010149,-0.113692,-0.26376,0.031379,-0.295139,-0.552316,-0.018934,-0.533382
NOLA-B.ST,2022-07-20,8.82,positive,Q4,0.022719,0.001887,0.020832,-0.013375,0.010149,-0.023524,-0.064676,0.031379,-0.096055,-0.100037,-0.018934,-0.081103
LIAB.ST,2022-07-20,4.27,positive,Q3,0.0,0.001887,-0.001887,-0.020221,0.010149,-0.030371,-0.060664,0.031379,-0.092043,-0.275149,-0.018934,-0.256216
EPI-A.ST,2022-07-20,-16.95,negative,Q2,0.010693,0.001887,0.008807,0.030625,0.010149,0.020476,0.030056,0.031379,-0.001323,0.043154,-0.018934,0.062087
ALFA.ST,2022-07-20,-7.09,negative,Q2,0.003365,0.001887,0.001478,-0.000673,0.010149,-0.010822,0.03223,0.031379,0.000851,-0.032548,-0.018934,-0.013615
MTG-B.ST,2022-07-20,-189.61,negative,Q1,0.110588,0.001887,0.108702,0.228471,0.010149,0.218321,0.152118,0.031379,0.120739,-0.101059,-0.018934,-0.082125
SKF-B.ST,2022-07-20,-73.98,negative,Q1,0.02473,0.001887,0.022843,-0.007526,0.010149,-0.017676,-0.027149,0.031379,-0.058528,0.008736,-0.018934,0.02767
TELIA.ST,2022-07-20,0.0,negative,Q3,-0.010667,0.001887,-0.012553,-0.006667,0.010149,-0.016816,0.032,0.031379,0.000621,-0.136667,-0.018934,-0.117733
VPLAY-B.ST,2022-07-21,421.15,positive,Q5,-0.043925,-0.00445,-0.039474,0.005739,0.026686,-0.020947,-0.090167,0.008231,-0.098398,-0.134422,-0.026903,-0.107519
RESURS.ST,2022-07-21,-20.59,negative,Q1,0.004902,-0.00445,0.009352,0.014706,0.026686,-0.01198,-0.029902,0.008231,-0.038133,-0.137745,-0.026903,-0.110842
NCAB.ST,2022-07-21,50.0,positive,Q5,-0.016418,-0.00445,-0.011968,0.002345,0.026686,-0.02434,-0.102697,0.008231,-0.110928,-0.294354,-0.026903,-0.267451
INTRUM.ST,2022-07-21,-11.92,negative,Q2,-0.015086,-0.00445,-0.010636,0.050975,0.026686,0.02429,-0.040073,0.008231,-0.048304,-0.326006,-0.026903,-0.299103
EVO.ST,2022-07-21,-4.17,negative,Q3,0.001699,-0.00445,0.006149,0.041178,0.026686,0.014492,-0.028949,0.008231,-0.03718,-0.016709,-0.026903,0.010195
THULE.ST,2022-07-21,0.0,negative,Q3,-0.024401,-0.00445,-0.019951,-0.032998,0.026686,-0.059684,-0.120392,0.008231,-0.128623,-0.270591,-0.026903,-0.243688
BONAV-B.ST,2022-07-21,22.56,positive,Q5,0.006956,-0.00445,0.011406,0.014446,0.026686,-0.01224,-0.023542,0.008231,-0.031773,-0.218088,-0.026903,-0.191185
MIPS.ST,2022-07-21,-3.53,negative,Q3,-0.019502,-0.00445,-0.015052,-0.005885,0.026686,-0.032571,0.007732,0.008231,-0.0005,-0.407943,-0.026903,-0.38104
SINCH.ST,2022-07-21,54.55,positive,Q5,-0.063504,-0.00445,-0.059053,-0.071898,0.026686,-0.098584,-0.276131,0.008231,-0.284363,-0.306569,-0.026903,-0.279666
ESSITY-B.ST,2022-07-21,1.71,positive,Q3,0.00077,-0.00445,0.00522,0.012922,0.026686,-0.013764,0.034915,0.008231,0.026684,-0.127209,-0.026903,-0.100306
ATT.ST,2022-07-21,-300.0,negative,Q1,-0.005266,-0.00445,-0.000815,0.133078,0.026686,0.106392,0.093825,0.008231,0.085594,0.029679,-0.026903,0.056583
SKA-B.ST,2022-07-21,-7.0,negative,Q2,0.011411,-0.00445,0.015861,0.004984,0.026686,-0.021702,-0.050954,0.008231,-0.059185,-0.151551,-0.026903,-0.124648
SAAB-B.ST,2022-07-21,-25.0,negative,Q1,-0.087208,-0.00445,-0.082757,-0.105226,0.026686,-0.131912,-0.092583,0.008231,-0.100815,-0.07775,-0.026903,-0.050847
SEDANA.ST,2022-07-21,52.17,positive,Q5,-0.032182,-0.00445,-0.027732,0.085557,0.026686,0.058872,-0.010204,0.008231,-0.018435,-0.023548,-0.026903,0.003355
TREL-B.ST,2022-07-21,62.75,positive,Q5,0.0,-0.00445,0.00445,0.036749,0.026686,0.010063,-0.032967,0.008231,-0.041198,-0.048405,-0.026903,-0.021502
SF.ST,2022-07-21,1.43,positive,Q3,-0.068573,-0.00445,-0.064123,-0.089593,0.026686,-0.116279,-0.156444,0.008231,-0.164675,-0.093039,-0.026903,-0.066136
BFG.ST,2022-07-21,-20.0,negative,Q2,0.141336,-0.00445,0.145787,0.156121,0.026686,0.129435,-0.109994,0.008231,-0.118225,-0.19929,-0.026903,-0.172387
BOL.ST,2022-07-21,-7.68,negative,Q2,0.013473,-0.00445,0.017923,0.080482,0.026686,0.053797,0.153135,0.008231,0.144904,0.152818,-0.026903,0.179721
ELUX-B.ST,2022-07-21,-59.29,negative,Q1,0.004399,-0.00445,0.008849,0.012186,0.026686,-0.014499,-0.013917,0.008231,-0.022148,-0.115518,-0.026903,-0.088614
SDIP-B.ST,2022-07-21,21.13,positive,Q5,0.017491,-0.00445,0.021941,0.073004,0.026686,0.046318,-0.038783,0.008231,-0.047014,-0.23458,-0.026903,-0.207677
ESSITY-A.ST,2022-07-21,-4.19,negative,Q2,0.00592,-0.00445,0.01037,0.019689,0.026686,-0.006996,0.017716,0.008231,0.009485,-0.125987,-0.026903,-0.099083
LOOMIS.ST,2022-07-22,2.46,positive,Q3,-0.026729,-0.004019,-0.022709,-0.002166,0.020409,-0.022575,0.03899,0.007482,0.031507,0.047654,-0.032927,0.080581
SSAB-B.ST,2022-07-22,12.09,positive,Q4,-0.035158,-0.004019,-0.031139,-0.038111,0.020409,-0.05852,0.061997,0.007482,0.054515,0.130972,-0.032927,0.163899
IVSO.ST,2022-07-22,-223.08,negative,Q1,0.01716,-0.004019,0.02118,0.117008,0.020409,0.096599,0.037144,0.007482,0.029662,0.01716,-0.032927,0.050087
SSAB-A.ST,2022-07-22,8.34,positive,Q4,-0.04236,-0.004019,-0.038341,-0.046647,0.020409,-0.067056,0.040847,0.007482,0.033365,0.099849,-0.032927,0.132776
XBRANE.ST,2022-07-22,58.46,positive,Q5,0.017882,-0.004019,0.021901,0.141678,0.020409,0.121269,0.075653,0.007482,0.068171,-0.03989,-0.032927,-0.006963
TRUE-B.ST,2022-07-22,17.95,positive,Q5,-0.07541,-0.004019,-0.07139,-0.00123,0.020409,-0.021639,-0.220628,0.007482,-0.228111,-0.546585,-0.032927,-0.513658
BILI-A.ST,2022-07-22,0.0,negative,Q3,-0.010071,-0.004019,-0.006052,0.030213,0.020409,0.009804,-0.038883,0.007482,-0.046365,-0.048428,-0.032927,-0.015501
SAVE.ST,2022-07-22,12.5,positive,Q4,-0.010284,-0.004019,-0.006265,0.052641,0.020409,0.032232,0.008715,0.007482,0.001233,0.016646,-0.032927,0.049573
SCA-B.ST,2022-07-22,3.39,positive,Q3,-0.002431,-0.004019,0.001588,0.009724,0.020409,-0.010685,0.123315,0.007482,0.115833,-0.009724,-0.032927,0.023203
EPRO-B.ST,2022-07-22,-30.3,negative,Q1,-0.045178,-0.004019,-0.041159,0.035969,0.020409,0.01556,-0.084448,0.007482,-0.091931,-0.245873,-0.032927,-0.212946
ALIV-SDB.ST,2022-07-22,150.0,positive,Q5,0.001179,-0.004019,0.005199,0.027478,0.020409,0.007069,-0.002851,0.007482,-0.010334,0.002877,-0.032927,0.035804
BIOG-B.ST,2022-07-22,69.57,positive,Q5,-0.012923,-0.004019,-0.008904,0.011938,0.020409,-0.008471,-0.026708,0.007482,-0.03419,-0.067569,-0.032927,-0.034642
COIC.ST,2022-07-26,13.14,positive,Q4,0.028563,0.012502,0.016061,-0.028563,0.017349,-0.045912,-0.038084,0.008087,-0.046171,-0.149509,-0.016558,-0.132951
LUMI.ST,2022-07-27,-123.81,negative,Q1,0.045809,0.018288,0.027521,-0.017003,0.012427,-0.02943,0.077616,-0.019967,0.097583,0.024605,-0.015398,0.040003
HEXA-B.ST,2022-07-27,0.0,negative,Q3,0.017503,0.018288,-0.000784,0.029019,0.012427,0.016592,-0.017619,-0.019967,0.002349,-0.037195,-0.015398,-0.021796
SECU-B.ST,2022-07-28,28.63,positive,Q5,-0.01172,-0.010537,-0.001184,-0.067457,-0.016706,-0.050751,-0.081391,-0.045461,-0.03593,0.034379,-0.030731,0.065111
KFAST-B.ST,2022-07-28,-13.33,negative,Q2,0.048932,-0.010537,0.059468,0.019986,-0.016706,0.036692,-0.138525,-0.045461,-0.093064,-0.248105,-0.030731,-0.217374
SECARE.ST,2022-07-28,390.0,positive,Q5,0.022903,-0.010537,0.03344,0.036072,-0.016706,0.052778,-0.130117,-0.045461,-0.084656,-0.310621,-0.030731,-0.27989
OX2.ST,2022-07-29,109.43,positive,Q5,0.029641,-0.008546,0.038187,0.097244,0.003004,0.09424,0.020801,-0.034151,0.054952,-0.232969,-0.021322,-0.211647
PDX.ST,2022-08-02,11.81,positive,Q4,0.013792,0.007603,0.006189,-0.089564,0.009924,-0.099488,-0.124295,-0.064864,-0.059431,0.01033,-0.018475,0.028805
HTRO.ST,2022-08-11,45.31,positive,Q5,0.035552,0.002044,0.033508,0.009572,0.002687,0.006885,0.051504,-0.028522,0.080026,0.308113,0.000301,0.307812
BOOZT.ST,2022-08-12,-5.15,negative,Q2,-0.06254,0.010935,-0.073476,-0.149581,-0.019971,-0.12961,-0.212766,-0.048332,-0.164434,0.319149,0.034099,0.28505
FG.ST,2022-08-16,-5.39,negative,Q2,-0.005067,0.009125,-0.014192,-0.069542,-0.025156,-0.044385,-0.095094,-0.060438,-0.034656,-0.033747,0.035986,-0.069732
STOR-B.ST,2022-08-16,-3.85,negative,Q3,-0.061611,0.009125,-0.070736,-0.034755,-0.025156,-0.009599,-0.204581,-0.060438,-0.144143,-0.158768,0.035986,-0.194753
GARO.ST,2022-08-16,-24.72,negative,Q1,-0.006455,0.009125,-0.01558,-0.12015,-0.025156,-0.094993,-0.200763,-0.060438,-0.140325,-0.164014,0.035986,-0.199999
NEWA-B.ST,2022-08-17,17.35,positive,Q4,-0.045801,-0.007479,-0.038321,-0.068639,-0.032148,-0.036492,-0.14391,-0.083681,-0.060228,0.024067,0.021757,0.002309
KAR.ST,2022-08-18,-105.26,negative,Q1,-0.055821,-0.020599,-0.035222,-0.068581,-0.04014,-0.02844,-0.070175,-0.078536,0.008361,-0.097289,0.018177,-0.115465
CALTX.ST,2022-08-18,14.42,positive,Q4,-0.011696,-0.020599,0.008903,-0.011696,-0.04014,0.028444,-0.034503,-0.078536,0.044033,-0.012865,0.018177,-0.031042
JOMA.ST,2022-08-18,-2.31,negative,Q3,-0.047389,-0.020599,-0.02679,-0.048356,-0.04014,-0.008216,-0.072534,-0.078536,0.006002,-0.327853,0.018177,-0.34603
EMBRAC-B.ST,2022-08-18,92.66,positive,Q5,-0.071028,-0.020599,-0.050429,-0.119092,-0.04014,-0.078952,-0.189987,-0.078536,-0.11145,-0.24259,0.018177,-0.260767
AMBEA.ST,2022-08-18,30.0,positive,Q5,-0.020564,-0.020599,3.5e-05,-0.077634,-0.04014,-0.037494,-0.11414,-0.078536,-0.035604,0.061691,0.018177,0.043515
FNOX.ST,2022-08-19,-7.69,negative,Q2,-0.032252,-0.00519,-0.027062,-0.065511,-0.027989,-0.037522,-0.097359,-0.069802,-0.027557,-0.02177,0.035616,-0.057386
BEIA-B.ST,2022-08-19,-42.6,negative,Q1,-0.006784,-0.00519,-0.001595,-0.051033,-0.027989,-0.023043,-0.179335,-0.069802,-0.109532,-0.091919,0.035616,-0.127535
HOLM-B.ST,2022-08-19,23.02,positive,Q5,0.004153,-0.00519,0.009342,-0.012048,-0.027989,0.015942,-0.048166,-0.069802,0.021636,-0.073324,0.035616,-0.10894
ENGCON-B.ST,2022-08-23,0.91,positive,Q3,0.097611,0.001888,0.095724,0.072208,-0.031933,0.104141,0.030788,-0.073436,0.104224,-0.053569,0.049908,-0.103477
FAG.ST,2022-08-23,-11.9,negative,Q2,-0.019659,0.001888,-0.021547,-0.005448,-0.031933,0.026486,-0.141639,-0.073436,-0.068203,-0.009711,0.049908,-0.059619
SYNSAM.ST,2022-08-24,-35.0,negative,Q1,-0.000873,-0.015676,0.014803,-0.045177,-0.056273,0.011096,-0.044522,-0.08522,0.040698,-0.174378,0.05497,-0.229348
MEKO.ST,2022-08-24,-20.87,negative,Q1,0.029463,-0.015676,0.045139,0.00361,-0.056273,0.059883,-0.073716,-0.08522,0.011504,0.233609,0.05497,0.178639
HUFV-A.ST,2022-08-24,-13.45,negative,Q2,-0.018935,-0.015676,-0.003259,-0.011024,-0.056273,0.045249,-0.065388,-0.08522,0.019832,0.149121,0.05497,0.09415
HUMBLE.ST,2022-08-24,46.67,positive,Q5,-0.006526,-0.015676,0.009149,-0.114576,-0.056273,-0.058303,-0.277737,-0.08522,-0.192518,-0.188542,0.05497,-0.243513
BICO.ST,2022-08-24,147.22,positive,Q5,-0.017963,-0.015676,-0.002287,-0.121889,-0.056273,-0.065616,-0.293816,-0.08522,-0.208596,0.957916,0.05497,0.902946
EKTA-B.ST,2022-08-25,-72.41,negative,Q1,0.000731,-0.008201,0.008932,-0.006575,-0.015913,0.009338,-0.090959,-0.073809,-0.01715,-0.041461,0.078556,-0.120017
INSTAL.ST,2022-08-25,11.11,positive,Q4,-0.034902,-0.008201,-0.026701,-0.039412,-0.015913,-0.023499,-0.140196,-0.073809,-0.066387,-0.178039,0.078556,-0.256595
SYSR.ST,2022-08-25,31.65,positive,Q5,-0.031046,-0.008201,-0.022845,0.003641,-0.015913,0.019554,-0.126102,-0.073809,-0.052293,0.407627,0.078556,0.329072
SUS.ST,2022-08-25,4.0,positive,Q3,-0.032569,-0.008201,-0.024368,-0.027141,-0.015913,-0.011228,-0.146562,-0.073809,-0.072753,-0.149578,0.078556,-0.228133
RENEW.ST,2022-08-26,4.55,positive,Q4,0.0,0.001187,-0.001187,-0.074444,-0.021298,-0.053147,-0.205556,-0.057087,-0.148469,-0.286111,0.085885,-0.371996
SECT-B.ST,2022-09-02,-3.45,negative,Q3,0.005345,0.002341,0.003004,0.015799,0.039886,-0.024087,-0.014935,0.005708,-0.020643,0.315909,0.119174,0.196735
CLAS-B.ST,2022-09-07,-85.71,negative,Q1,0.016062,0.014026,0.002037,0.012085,0.002349,0.009736,-0.077864,-0.034361,-0.043503,0.007343,0.106946,-0.099603
NORION.ST,2022-09-28,11.29,positive,Q4,0.02,0.019275,0.000725,-0.021852,0.049403,-0.071255,-0.003333,0.10025,-0.103583,0.407407,0.152262,0.255145
STE-R.ST,2022-09-29,9.15,positive,Q4,0.028035,0.005759,0.022276,0.007702,0.006994,0.000708,0.007702,0.076299,-0.068597,0.039972,0.122355,-0.082383
HM-B.ST,2022-09-29,-79.62,negative,Q1,0.038492,0.005759,0.032733,0.008466,0.006994,0.001472,0.074839,0.076299,-0.00146,0.123603,0.122355,0.001248
VOLV-A.ST,2022-09-29,-6.19,negative,Q2,0.010326,0.005759,0.004567,0.029147,0.006994,0.022153,0.144416,0.076299,0.068117,0.206884,0.122355,0.084529
ABB.ST,2022-09-29,-48.54,negative,Q1,-0.079434,0.005759,-0.085192,-0.041601,0.006994,-0.048595,0.046028,0.076299,-0.03027,0.082507,0.122355,-0.039848
ERIC-A.ST,2022-09-29,-11.86,negative,Q2,0.028378,0.005759,0.02262,0.049324,0.006994,0.042331,-0.020777,0.076299,-0.097076,-0.007432,0.122355,-0.129788
HOLM-A.ST,2022-09-29,17.27,positive,Q4,0.016157,0.005759,0.010398,-0.006921,0.006994,-0.013914,-0.041574,0.076299,-0.117873,0.0,0.122355,-0.122355
ARION-SDB.ST,2022-09-29,-16.22,negative,Q2,-0.004936,0.005759,-0.010695,0.017769,0.006994,0.010775,0.007897,0.076299,-0.068401,-0.094768,0.122355,-0.217123
TRIAN-B.ST,2022-09-29,109.41,positive,Q5,-0.012931,0.005759,-0.01869,-0.146552,0.006994,-0.153546,-0.192241,0.076299,-0.26854,-0.155172,0.122355,-0.277528
SWEC-A.ST,2022-09-29,-12.73,negative,Q2,0.0,0.005759,-0.005759,-0.010584,0.006994,-0.017578,-0.126337,0.076299,-0.202636,0.052584,0.122355,-0.069771
NDA-SE.ST,2022-09-29,5.0,positive,Q4,-0.002647,0.005759,-0.008406,0.00225,0.006994,-0.004744,0.102965,0.076299,0.026666,0.168343,0.122355,0.045988
NOKIA-SEK.ST,2022-09-29,-18.71,negative,Q2,0.009786,0.005759,0.004027,0.025944,0.006994,0.018951,0.025489,0.076299,-0.050809,0.005462,0.122355,-0.116893
ATCO-B.ST,2022-09-29,13.56,positive,Q4,0.001948,0.005759,-0.003811,0.028192,0.006994,0.021198,0.157919,0.076299,0.08162,0.201696,0.122355,0.079341
AZN.ST,2022-09-29,-30.63,negative,Q1,-0.012529,0.005759,-0.018288,0.010903,0.006994,0.003909,0.052526,0.076299,-0.023773,0.145049,0.122355,0.022694
NCC-A.ST,2022-09-29,46.98,positive,Q5,-0.028666,0.005759,-0.034425,-0.019149,0.006994,-0.026143,0.129228,0.076299,0.05293,0.078661,0.122355,-0.043695
SCA-A.ST,2022-09-29,-1.26,negative,Q3,0.029449,0.005759,0.02369,-0.011229,0.006994,-0.018223,-0.065888,0.076299,-0.142187,-0.040678,0.122355,-0.163034
STE-A.ST,2022-09-29,9.15,positive,Q4,0.058938,0.005759,0.053179,0.053478,0.006994,0.046484,0.095886,0.076299,0.019588,0.078085,0.122355,-0.04427
HUSQ-A.ST,2022-09-29,-30.16,negative,Q1,0.025806,0.005759,0.020048,-0.02894,0.006994,-0.035934,0.099355,0.076299,0.023056,0.229493,0.122355,0.107138
8TRA.ST,2022-09-29,-106.88,negative,Q1,0.028502,0.005759,0.022743,0.052586,0.006994,0.045592,0.036039,0.076299,-0.04026,0.168414,0.122355,0.046058
TEL2-A.ST,2022-09-29,-13.86,negative,Q2,0.0204,0.005759,0.014642,-0.0102,0.006994,-0.017194,-0.03186,0.076299,-0.108159,-0.067876,0.122355,-0.190231
MTG-A.ST,2022-09-29,92.96,positive,Q5,-0.020408,0.005759,-0.026167,0.027211,0.006994,0.020217,0.07483,0.076299,-0.001469,0.278912,0.122355,0.156556
SKIS-B.ST,2022-10-04,-21.68,negative,Q1,0.018088,6.2e-05,0.018026,-0.028149,-0.02579,-0.002359,0.067216,0.040967,0.026249,0.194584,0.102413,0.092172
ADVT.ST,2022-10-04,44.12,positive,Q5,0.057143,6.2e-05,0.057081,-0.085714,-0.02579,-0.059924,-0.261905,0.040967,-0.302871,-0.361905,0.102413,-0.464317
DUST.ST,2022-10-11,-15.31,negative,Q2,0.031352,0.012266,0.019086,0.039307,0.050195,-0.010888,0.226018,0.148146,0.077872,0.006083,0.188808,-0.182725
ALLEI.ST,2022-10-17,-211.0,negative,Q1,-0.041542,-0.006252,-0.03529,0.010759,0.013789,-0.00303,0.037657,0.070392,-0.032735,0.175732,0.147814,0.027918
SAND.ST,2022-10-17,23.92,positive,Q5,-0.021551,-0.006252,-0.015299,0.021869,0.013789,0.00808,0.121908,0.070392,0.051515,0.247577,0.147814,0.099763
ELAN-B.ST,2022-10-17,15.33,positive,Q4,-0.006804,-0.006252,-0.000552,-0.009432,0.013789,-0.023222,-0.037807,0.070392,-0.1082,0.063399,0.147814,-0.084416
MIPS.ST,2022-10-17,-56.18,negative,Q1,-0.006487,-0.006252,-0.000235,0.092367,0.013789,0.078578,0.240019,0.070392,0.169627,0.29624,0.147814,0.148426
PLAZ-B.ST,2022-10-18,-72.66,negative,Q1,0.017282,-0.010613,0.027895,0.045239,0.022647,0.022592,0.176381,0.073008,0.103373,0.51491,0.148667,0.366243
LYKO-A.ST,2022-10-18,29.33,positive,Q5,0.003436,-0.010613,0.014049,0.036082,0.022647,0.013435,0.269759,0.073008,0.196752,0.774055,0.148667,0.625388
HMS.ST,2022-10-19,7.43,positive,Q4,-0.015921,-0.002353,-0.013568,0.100085,0.032654,0.067431,0.23576,0.095161,0.140599,0.347979,0.164085,0.183894
SHB-B.ST,2022-10-19,23.5,positive,Q5,0.022452,-0.002353,0.024805,0.039731,0.032654,0.007078,0.072529,0.095161,-0.022632,0.12954,0.164085,-0.034545
ATCO-A.ST,2022-10-19,15.25,positive,Q4,0.001444,-0.002353,0.003797,0.07876,0.032654,0.046106,0.185538,0.095161,0.090377,0.231658,0.164085,0.067573
GETI-B.ST,2022-10-19,24.5,positive,Q5,0.007228,-0.002353,0.009581,0.053978,0.032654,0.021324,0.136918,0.095161,0.041757,0.117644,0.164085,-0.046441
SHB-A.ST,2022-10-19,13.78,positive,Q4,0.017176,-0.002353,0.019529,0.007303,0.032654,-0.02535,0.044225,0.095161,-0.050936,0.064377,0.164085,-0.099708
BMAX.ST,2022-10-20,7.04,positive,Q4,0.041591,0.019578,0.022013,0.137432,0.03827,0.099162,0.202015,0.095223,0.106792,0.325239,0.143247,0.181991
FABG.ST,2022-10-20,-8.18,negative,Q2,-0.000299,0.019578,-0.019877,0.072122,0.03827,0.033852,0.227863,0.095223,0.13264,0.405704,0.143247,0.262457
AXFO.ST,2022-10-20,4.31,positive,Q3,0.033522,0.019578,0.013943,0.058471,0.03827,0.0202,0.067816,0.095223,-0.027407,0.091607,0.143247,-0.051641
HOLM-B.ST,2022-10-20,22.97,positive,Q5,0.021292,0.019578,0.001714,-0.042558,0.03827,-0.080828,0.008628,0.095223,-0.086595,0.025593,0.143247,-0.117654
MYCR.ST,2022-10-20,17.29,positive,Q4,0.038054,0.019578,0.018476,0.090362,0.03827,0.052092,0.185301,0.095223,0.090079,0.258794,0.143247,0.115547
FPAR-A.ST,2022-10-20,0.0,negative,Q3,0.031156,0.019578,0.011578,0.102799,0.03827,0.064529,0.221926,0.095223,0.126703,0.435688,0.143247,0.292441
VIT-B.ST,2022-10-20,1.73,positive,Q3,0.048978,0.019578,0.0294,0.133992,0.03827,0.095722,0.016144,0.095223,-0.079079,0.11659,0.143247,-0.026658
GRNG.ST,2022-10-20,-6.44,negative,Q2,0.013581,0.019578,-0.005998,0.033294,0.03827,-0.004976,0.174211,0.095223,0.078989,0.245035,0.143247,0.101788
VOLV-B.ST,2022-10-20,-5.99,negative,Q2,0.014204,0.019578,-0.005375,0.056816,0.03827,0.018546,0.12197,0.095223,0.026747,0.158575,0.143247,0.015328
TEL2-B.ST,2022-10-20,0.0,negative,Q3,0.00055,0.019578,-0.019029,0.029687,0.03827,-0.008584,0.091809,0.095223,-0.003414,0.063359,0.143247,-0.079889
NYF.ST,2022-10-20,-35.18,negative,Q1,-0.013073,0.019578,-0.032652,0.125047,0.03827,0.086777,0.288177,0.095223,0.192955,0.554945,0.143247,0.411698
CAST.ST,2022-10-20,-10.58,negative,Q2,-0.005175,0.019578,-0.024754,0.046367,0.03827,0.008097,0.12294,0.095223,0.027718,0.25507,0.143247,0.111822
BOL.ST,2022-10-20,-2.27,negative,Q3,0.005732,0.019578,-0.013846,0.015183,0.03827,-0.023087,0.126275,0.095223,0.031052,0.382954,0.143247,0.239707
HEM.ST,2022-10-20,3.21,positive,Q3,0.021087,0.019578,0.001509,0.037727,0.03827,-0.000543,0.021087,0.095223,-0.074135,0.120083,0.143247,-0.023165
ERIC-B.ST,2022-10-20,0.0,negative,Q3,-0.000185,0.019578,-0.019764,0.004451,0.03827,-0.033819,0.054525,0.095223,-0.040698,0.01224,0.143247,-0.131007
BIOA-B.ST,2022-10-20,-10.98,negative,Q2,0.014263,0.019578,-0.005315,-0.076862,0.03827,-0.115132,0.175119,0.095223,0.079896,0.33439,0.143247,0.191142
ALIG.ST,2022-10-20,-17.69,negative,Q2,0.103759,0.019578,0.084181,0.061112,0.03827,0.022842,0.123544,0.095223,0.028321,0.285337,0.143247,0.14209
BIOG-B.ST,2022-10-21,64.58,positive,Q5,0.01534,0.013696,0.001643,0.050481,0.015366,0.035115,0.003486,0.081408,-0.077922,0.130386,0.133431,-0.003044
NP3.ST,2022-10-21,-23.18,negative,Q1,0.05072,0.013696,0.037024,0.100125,0.015366,0.084759,0.128939,0.081408,0.04753,0.434642,0.133431,0.301212
LIFCO-B.ST,2022-10-21,9.77,positive,Q4,0.040083,0.013696,0.026387,0.007229,0.015366,-0.008137,0.131608,0.081408,0.050199,0.191893,0.133431,0.058463
TELIA.ST,2022-10-21,-9.62,negative,Q2,0.034314,0.013696,0.020618,0.08066,0.015366,0.065294,0.086007,0.081408,0.004599,0.029857,0.133431,-0.103573
DIOS.ST,2022-10-21,21.67,positive,Q5,0.033646,0.013696,0.01995,0.063067,0.015366,0.047702,0.168545,0.081408,0.087136,0.208451,0.133431,0.07502
WIHL.ST,2022-10-21,-39.16,negative,Q1,0.051261,0.013696,0.037564,0.093613,0.015366,0.078248,0.253782,0.081408,0.172373,0.321681,0.133431,0.18825
COLL.ST,2022-10-21,14.05,positive,Q4,-0.002865,0.013696,-0.016561,0.031137,0.015366,0.015771,0.033429,0.081408,-0.04798,0.3851,0.133431,0.25167
MTRS.ST,2022-10-21,-14.68,negative,Q2,0.031215,0.013696,0.017518,0.057646,0.015366,0.042281,0.115922,0.081408,0.034514,0.255884,0.133431,0.122454
ALIV-SDB.ST,2022-10-21,0.0,negative,Q3,-0.008431,0.013696,-0.022127,0.010013,0.015366,-0.005353,0.063923,0.081408,-0.017485,-0.037432,0.133431,-0.170862
HUSQ-B.ST,2022-10-21,-35.62,negative,Q1,0.046878,0.013696,0.033182,0.075113,0.015366,0.059747,0.283801,0.081408,0.202393,0.294661,0.133431,0.16123
NMAN.ST,2022-10-24,3.13,positive,Q3,-0.003933,0.00243,-0.006364,0.002599,0.004937,-0.002339,0.019736,0.073551,-0.053815,0.248701,0.13191,0.116791
SLP-B.ST,2022-10-24,-31.03,negative,Q1,-0.027601,0.00243,-0.030031,0.03397,0.004937,0.029033,0.050955,0.073551,-0.022595,0.178344,0.13191,0.046434
SSAB-A.ST,2022-10-25,6.71,positive,Q4,-0.017869,-0.000932,-0.016937,-0.074157,0.005309,-0.079466,0.030601,0.069383,-0.038782,0.180925,0.12492,0.056004
VPLAY-B.ST,2022-10-25,30.0,positive,Q5,0.048407,-0.000932,0.049338,0.03378,0.005309,0.028471,0.082709,0.069383,0.013327,0.248825,0.12492,0.123904
LUMI.ST,2022-10-25,-50.0,negative,Q1,-0.019767,-0.000932,-0.018835,-0.025591,0.005309,-0.0309,0.034945,0.069383,-0.034437,0.18408,0.12492,0.05916
INWI.ST,2022-10-25,3.19,positive,Q3,-0.012617,-0.000932,-0.011686,-0.069786,0.005309,-0.075095,0.045891,0.069383,-0.023492,0.17586,0.12492,0.050939
SKF-B.ST,2022-10-25,-36.41,negative,Q1,0.01233,-0.000932,0.013262,0.023329,0.005309,0.01802,0.107328,0.069383,0.037945,0.166527,0.12492,0.041606
LAGR-B.ST,2022-10-25,6.49,positive,Q4,-0.032648,-0.000932,-0.031717,-0.002569,0.005309,-0.007878,0.124706,0.069383,0.055323,0.123635,0.12492,-0.001285
AAK.ST,2022-10-25,18.59,positive,Q5,-0.024203,-0.000932,-0.023272,-0.027815,0.005309,-0.033124,0.074384,0.069383,0.005001,0.104289,0.12492,-0.020631
BILL.ST,2022-10-25,59.59,positive,Q5,-0.001021,-0.000932,-9e-05,-0.00762,0.005309,-0.012929,-0.001335,0.069383,-0.070718,-0.098429,0.12492,-0.223349
WALL-B.ST,2022-10-25,32.65,positive,Q5,0.028814,-0.000932,0.029746,0.080132,0.005309,0.074823,0.157794,0.069383,0.088411,0.321625,0.12492,0.196704
RESURS.ST,2022-10-25,8.91,positive,Q4,0.007401,-0.000932,0.008332,0.011101,0.005309,0.005792,0.065217,0.069383,-0.004165,0.1716,0.12492,0.04668
NWG.ST,2022-10-25,-0.46,negative,Q3,-0.016037,-0.000932,-0.015105,-0.062913,0.005309,-0.068222,-0.002685,0.069383,-0.072068,0.101734,0.12492,-0.023186
SSAB-B.ST,2022-10-25,2.28,positive,Q3,-0.009806,-0.000932,-0.008875,-0.065842,0.005309,-0.071151,0.048097,0.069383,-0.021286,0.173477,0.12492,0.048556
SEDANA.ST,2022-10-25,72.41,positive,Q5,-0.018099,-0.000932,-0.017168,-0.055304,0.005309,-0.060613,0.043741,0.069383,-0.025642,0.288085,0.12492,0.163164
CORE-B.ST,2022-10-25,21.74,positive,Q5,0.031097,-0.000932,0.032028,0.12275,0.005309,0.117441,0.07856,0.069383,0.009177,0.569558,0.12492,0.444638
KNOW.ST,2022-10-25,-70.76,negative,Q1,0.027496,-0.000932,0.028428,0.114141,0.005309,0.108832,0.153251,0.069383,0.083868,0.096379,0.12492,-0.028541
ALFA.ST,2022-10-25,-15.61,negative,Q2,0.008589,-0.000932,0.00952,0.027657,0.005309,0.022348,0.114648,0.069383,0.045266,0.218068,0.12492,0.093147
VOLO.ST,2022-10-25,5.03,positive,Q4,-0.044982,-0.000932,-0.04405,-0.08818,0.005309,-0.093489,-0.075993,0.069383,-0.145376,-0.044982,0.12492,-0.169902
LIAB.ST,2022-10-25,-12.34,negative,Q2,0.008092,-0.000932,0.009024,-0.06225,0.005309,-0.067559,0.114718,0.069383,0.045335,0.23317,0.12492,0.10825
BEIA-B.ST,2022-10-26,5.04,positive,Q4,-0.032978,0.003073,-0.036051,-0.074555,-0.004151,-0.070404,0.047721,0.075455,-0.027734,0.191982,0.119938,0.072044
SKA-B.ST,2022-10-26,96.76,positive,Q5,0.012621,0.003073,0.009548,-0.021144,-0.004151,-0.016993,0.014074,0.075455,-0.061381,0.083124,0.119938,-0.036814
MTG-B.ST,2022-10-26,81.5,positive,Q5,-0.016409,0.003073,-0.019482,0.021393,-0.004151,0.025544,0.018597,0.075455,-0.056858,0.083141,0.119938,-0.036797
K2A-B.ST,2022-10-26,233.33,positive,Q5,0.048485,0.003073,0.045412,0.222727,-0.004151,0.226879,0.113636,0.075455,0.038181,0.227273,0.119938,0.107335
EPI-A.ST,2022-10-26,2.21,positive,Q3,-0.015754,0.003073,-0.018827,-0.022681,-0.004151,-0.01853,0.155827,0.075455,0.080372,0.241586,0.119938,0.121648
TREL-B.ST,2022-10-26,21.29,positive,Q5,0.006146,0.003073,0.003073,-0.011985,-0.004151,-0.007834,0.058082,0.075455,-0.017373,0.067126,0.119938,-0.052812
EPI-B.ST,2022-10-26,2.21,positive,Q3,-0.019165,0.003073,-0.022237,-0.025763,-0.004151,-0.021612,0.138224,0.075455,0.062769,0.206037,0.119938,0.086099
CEVI.ST,2022-10-26,-65.08,negative,Q1,0.0,0.003073,-0.003073,-0.085466,-0.004151,-0.081314,0.03697,0.075455,-0.038485,0.110861,0.119938,-0.009077
BILI-A.ST,2022-10-26,-13.95,negative,Q2,0.0,0.003073,-0.003073,-0.019715,-0.004151,-0.015563,0.083171,0.075455,0.007716,0.043228,0.119938,-0.07671
ENEA.ST,2022-10-26,214.81,positive,Q5,-0.012392,0.003073,-0.015464,0.030979,-0.004151,0.03513,0.018587,0.075455,-0.056868,0.115242,0.119938,-0.004697
ATT.ST,2022-10-26,3.9,positive,Q3,-0.042888,0.003073,-0.045961,-0.019256,-0.004151,-0.015105,0.093654,0.075455,0.018199,0.095405,0.119938,-0.024534
BRAV.ST,2022-10-26,2.38,positive,Q3,-0.015179,0.003073,-0.018252,-0.027492,-0.004151,-0.02334,0.030358,0.075455,-0.045097,0.07685,0.119938,-0.043089
DOM.ST,2022-10-26,65.36,positive,Q5,0.013932,0.003073,0.010859,-0.046096,-0.004151,-0.041944,0.167699,0.075455,0.092244,0.136567,0.119938,0.016629
SF.ST,2022-10-26,4.55,positive,Q4,0.000466,0.003073,-0.002607,-0.091756,-0.004151,-0.087605,-0.224965,0.075455,-0.30042,-0.22776,0.119938,-0.347698
SEB-A.ST,2022-10-26,23.64,positive,Q5,0.005995,0.003073,0.002922,-0.000421,-0.004151,0.003731,0.018826,0.075455,-0.056629,0.077198,0.119938,-0.04274
ASSA-B.ST,2022-10-26,8.11,positive,Q4,-0.010548,0.003073,-0.013621,-0.042052,-0.004151,-0.0379,0.075469,0.075455,1.4e-05,0.075469,0.119938,-0.044469
KLARA-B.ST,2022-10-26,-103.64,negative,Q1,0.028986,0.003073,0.025913,0.106087,-0.004151,0.110238,0.008696,0.075455,-0.066759,0.194203,0.119938,0.074265
BONAV-B.ST,2022-10-27,-35.05,negative,Q1,0.074468,-0.002914,0.077382,0.086436,0.012529,0.073908,-0.051197,0.061845,-0.113042,0.048537,0.109533,-0.060996
XVIVO.ST,2022-10-27,60.0,positive,Q5,-0.025767,-0.002914,-0.022853,0.122699,0.012529,0.110171,0.160736,0.061845,0.098891,0.285276,0.109533,0.175743
MMGR-B.ST,2022-10-27,-9.09,negative,Q2,0.019513,-0.002914,0.022427,0.038847,0.012529,0.026318,-0.026316,0.061845,-0.088161,0.271035,0.109533,0.161502
SDIP-B.ST,2022-10-27,28.73,positive,Q5,0.00094,-0.002914,0.003853,0.028195,0.012529,0.015667,0.110902,0.061845,0.049057,0.189616,0.109533,0.080083
SHOT.ST,2022-10-27,-9.97,negative,Q2,0.045687,-0.002914,0.0486,0.046326,0.012529,0.033797,0.047284,0.061845,-0.014561,0.190735,0.109533,0.081202
HEBA-B.ST,2022-10-27,-2.5,negative,Q3,-0.003319,-0.002914,-0.000405,-0.003319,0.012529,-0.015848,0.044142,0.061845,-0.017703,0.250913,0.109533,0.14138
ESSITY-B.ST,2022-10-27,1.2,positive,Q3,0.003844,-0.002914,0.006757,-0.005203,0.012529,-0.017732,0.103637,0.061845,0.041792,0.181072,0.109533,0.071539
THULE.ST,2022-10-27,-26.4,negative,Q1,-0.005911,-0.002914,-0.002998,0.003638,0.012529,-0.008891,0.102769,0.061845,0.040923,0.13753,0.109533,0.027997
ENGCON-B.ST,2022-10-27,-3.92,negative,Q3,-0.011785,-0.002914,-0.008872,0.051127,0.012529,0.038598,0.086482,0.061845,0.024636,0.329116,0.109533,0.219583
SAGA-B.ST,2022-10-27,-33.6,negative,Q1,0.023386,-0.002914,0.0263,0.030397,0.012529,0.017868,0.153552,0.061845,0.091707,0.335513,0.109533,0.22598
EVO.ST,2022-10-27,4.0,positive,Q3,0.004861,-0.002914,0.007774,-0.01304,0.012529,-0.025568,0.023931,0.061845,-0.037914,0.147862,0.109533,0.038329
JM.ST,2022-10-27,-0.23,negative,Q3,0.026574,-0.002914,0.029487,0.087652,0.012529,0.075124,0.0512,0.061845,-0.010645,0.243687,0.109533,0.134154
OX2.ST,2022-10-27,260.0,positive,Q5,0.017356,-0.002914,0.02027,0.130841,0.012529,0.118312,0.062083,0.061845,0.000237,0.052069,0.109533,-0.057464
SOBI.ST,2022-10-27,19.55,positive,Q5,-0.007809,-0.002914,-0.004895,0.02245,0.012529,0.009921,0.071254,0.061845,0.009409,0.122499,0.109533,0.012966
IVSO.ST,2022-10-27,0.0,negative,Q3,0.045899,-0.002914,0.048812,0.00382,0.012529,-0.008709,0.049718,0.061845,-0.012127,0.130058,0.109533,0.020525
DUNI.ST,2022-10-27,-7.07,negative,Q2,-0.032625,-0.002914,-0.029711,0.061264,0.012529,0.048735,0.233097,0.061845,0.171252,0.165338,0.109533,0.055805
INTRUM.ST,2022-10-27,-1.56,negative,Q3,-0.028654,-0.002914,-0.02574,0.019498,0.012529,0.00697,-0.039844,0.061845,-0.101689,-0.048915,0.109533,-0.158448
PNDX-B.ST,2022-10-27,-43.21,negative,Q1,0.025016,-0.002914,0.02793,0.026565,0.012529,0.014036,-0.005297,0.061845,-0.067142,0.119052,0.109533,0.009518
ALIF-B.ST,2022-10-27,108.51,positive,Q5,0.037155,-0.002914,0.040068,0.03521,0.012529,0.022681,0.129683,0.061845,0.067837,0.125691,0.109533,0.016158
HEXA-B.ST,2022-10-27,9.09,positive,Q4,0.002348,-0.002914,0.005261,-0.00729,0.012529,-0.019819,0.106512,0.061845,0.044666,0.07525,0.109533,-0.034283
SWEC-B.ST,2022-10-27,-12.9,negative,Q2,-0.006023,-0.002914,-0.003109,0.034213,0.012529,0.021685,0.195284,0.061845,0.133439,0.356868,0.109533,0.247335
VOLCAR-B.ST,2022-10-27,1.69,positive,Q3,0.038998,-0.002914,0.041912,0.072125,0.012529,0.059596,0.104476,0.061845,0.04263,0.102814,0.109533,-0.006719
SECARE.ST,2022-10-27,-16.67,negative,Q2,0.007551,-0.002914,0.010465,0.066882,0.012529,0.054354,0.007821,0.061845,-0.054025,-0.094391,0.109533,-0.203924
EPRO-B.ST,2022-10-27,-9.33,negative,Q2,-0.049728,-0.002914,-0.046814,-0.053753,0.012529,-0.066282,-0.030073,0.061845,-0.091919,0.207909,0.109533,0.098376
BHG.ST,2022-10-27,-224.0,negative,Q1,0.073623,-0.002914,0.076537,0.125797,0.012529,0.113268,0.242899,0.061845,0.181053,0.115942,0.109533,0.006409
NOLA-B.ST,2022-10-27,-6.35,negative,Q2,0.006593,-0.002914,0.009506,0.023311,0.012529,0.010782,0.203202,0.061845,0.141357,0.313162,0.109533,0.203629
COOR.ST,2022-10-27,-40.48,negative,Q1,-0.022388,-0.002914,-0.019474,-0.054054,0.012529,-0.066583,0.093384,0.061845,0.031539,0.115974,0.109533,0.006441
SWED-A.ST,2022-10-27,12.09,positive,Q4,-0.014067,-0.002914,-0.011153,-0.001481,0.012529,-0.014009,-0.002665,0.061845,-0.064511,0.149404,0.109533,0.039871
ESSITY-A.ST,2022-10-27,-15.38,negative,Q2,0.0,-0.002914,0.002914,-0.008641,0.012529,-0.02117,0.105622,0.061845,0.043776,0.183206,0.109533,0.073673
VITR.ST,2022-10-27,-6.98,negative,Q2,-0.004481,-0.002914,-0.001567,0.013897,0.012529,0.001368,0.069654,0.061845,0.007809,0.288712,0.109533,0.179179
SAAB-B.ST,2022-10-28,-16.79,negative,Q2,0.019548,0.003285,0.016264,0.012858,0.020369,-0.007511,-0.011081,0.062848,-0.073929,0.095651,0.116399,-0.020748
ALLIGO-B.ST,2022-10-28,3.95,positive,Q3,-0.001183,0.003285,-0.004468,0.002497,0.020369,-0.017873,-0.0159,0.062848,-0.078748,0.067411,0.116399,-0.048988
XBRANE.ST,2022-10-28,-29.46,negative,Q1,-0.014124,0.003285,-0.017409,-0.004237,0.020369,-0.024607,-0.014124,0.062848,-0.076973,0.429379,0.116399,0.31298
ARJO-B.ST,2022-10-28,-39.29,negative,Q1,0.003642,0.003285,0.000357,-0.031804,0.020369,-0.052173,-0.049527,0.062848,-0.112375,-0.078174,0.116399,-0.194573
ELUX-B.ST,2022-10-28,-169.7,negative,Q1,-0.028181,0.003285,-0.031466,0.004257,0.020369,-0.016113,0.068399,0.062848,0.00555,0.112872,0.116399,-0.003527
LOOMIS.ST,2022-10-28,-0.4,negative,Q3,-0.007117,0.003285,-0.010402,-0.014271,0.020369,-0.03464,-0.007117,0.062848,-0.069965,0.010382,0.116399,-0.106017
SAVE.ST,2022-10-28,4.67,positive,Q4,0.013504,0.003285,0.010219,-0.009083,0.020369,-0.029452,0.108432,0.062848,0.045584,0.293063,0.116399,0.176664
PEAB-B.ST,2022-10-28,15.17,positive,Q4,0.033986,0.003285,0.030702,0.052379,0.020369,0.03201,0.065574,0.062848,0.002726,0.178129,0.116399,0.06173
AFRY.ST,2022-10-28,20.66,positive,Q5,0.026243,0.003285,0.022958,0.078879,0.020369,0.058509,0.158428,0.062848,0.09558,0.278461,0.116399,0.162062
SCA-B.ST,2022-10-28,-0.42,negative,Q3,0.001872,0.003285,-0.001413,0.04834,0.020369,0.02797,0.086751,0.062848,0.023903,0.10555,0.116399,-0.010849
CATE.ST,2022-10-28,2.89,positive,Q3,0.072704,0.003285,0.069419,0.027996,0.020369,0.007627,0.052792,0.062848,-0.010056,0.22671,0.116399,0.110312
HTRO.ST,2022-10-28,38.3,positive,Q5,-0.005678,0.003285,-0.008963,-0.048096,0.020369,-0.068466,-0.06513,0.062848,-0.127979,-0.114896,0.116399,-0.231295
FAG.ST,2022-10-28,20.27,positive,Q5,-0.025945,0.003285,-0.02923,0.002471,0.020369,-0.017898,-0.024957,0.062848,-0.087805,0.143316,0.116399,0.026917
INDT.ST,2022-10-28,2.15,positive,Q3,0.024056,0.003285,0.020772,0.032289,0.020369,0.01192,0.136801,0.062848,0.073953,0.229873,0.116399,0.113474
ANOD-B.ST,2022-10-28,42.59,positive,Q5,-0.002035,0.003285,-0.00532,-0.015533,0.020369,-0.035902,0.052062,0.062848,-0.010786,0.108195,0.116399,-0.008204
BALD-B.ST,2022-10-28,-50.89,negative,Q1,0.073985,0.003285,0.0707,0.037956,0.020369,0.017587,0.130016,0.062848,0.067167,0.397759,0.116399,0.28136
PDX.ST,2022-11-01,29.46,positive,Q5,-0.040824,-0.010333,-0.030491,-0.022901,0.026559,-0.04946,-0.000996,0.072996,-0.073992,-0.076145,0.11008,-0.186225
NCC-B.ST,2022-11-01,59.46,positive,Q5,-0.044112,-0.010333,-0.033779,-0.010435,0.026559,-0.036994,0.02763,0.072996,-0.045366,0.044824,0.11008,-0.065256
BIOT.ST,2022-11-02,-7.55,negative,Q2,0.051146,0.019874,0.031272,0.096993,0.074516,0.022477,0.147584,0.08643,0.061155,-0.029209,0.127584,-0.156793
MEKO.ST,2022-11-02,41.8,positive,Q5,0.031161,0.019874,0.011287,0.07704,0.074516,0.002525,0.073386,0.08643,-0.013044,0.068819,0.127584,-0.058766
AMBEA.ST,2022-11-03,-2.39,negative,Q3,0.042115,0.004808,0.037307,0.056153,0.054858,0.001295,0.111137,0.070374,0.040763,-0.121198,0.144265,-0.265463
MCOV-B.ST,2022-11-03,-339.91,negative,Q1,0.063719,0.004808,0.058912,0.218062,0.054858,0.163204,0.11674,0.070374,0.046366,0.459251,0.144265,0.314986
COIC.ST,2022-11-03,4.73,positive,Q4,-0.001081,0.004808,-0.005889,0.120241,0.054858,0.065383,0.144824,0.070374,0.07445,0.327889,0.144265,0.183624
BOOZT.ST,2022-11-08,5.26,positive,Q4,0.030211,0.0359,-0.005689,0.075529,0.020605,0.054924,0.049345,0.028899,0.020446,0.450151,0.109033,0.341118
SECU-B.ST,2022-11-08,32.86,positive,Q5,0.014587,0.0359,-0.021313,-0.018632,0.020605,-0.039237,-0.070728,0.028899,-0.099628,0.060799,0.109033,-0.048233
STEF-B.ST,2022-11-08,-24.35,negative,Q1,0.05042,0.0359,0.01452,0.028361,0.020605,0.007756,0.018908,0.028899,-0.009992,0.05042,0.109033,-0.058612
NEWA-B.ST,2022-11-08,21.49,positive,Q5,-0.011199,0.0359,-0.0471,-0.021315,0.020605,-0.04192,0.09947,0.028899,0.070571,0.287693,0.109033,0.17866
NCAB.ST,2022-11-08,48.0,positive,Q5,0.038015,0.0359,0.002115,-0.045693,0.020605,-0.066298,0.137266,0.028899,0.108366,0.302809,0.109033,0.193776
KAR.ST,2022-11-09,53.33,positive,Q5,-0.020374,0.001216,-0.021589,-0.035654,-0.018533,-0.017121,-0.061121,0.004907,-0.066027,0.003396,0.065536,-0.06214
BICO.ST,2022-11-09,158.76,positive,Q5,0.146618,0.001216,0.145402,0.018426,-0.018533,0.036959,None,None,None,0.408923,0.065536,0.343388
INSTAL.ST,2022-11-09,-9.62,negative,Q2,0.05428,0.001216,0.053064,-0.004304,-0.018533,0.014229,-0.034194,0.004907,-0.039101,-0.043998,0.065536,-0.109534
KFAST-B.ST,2022-11-10,-77.27,negative,Q1,-0.028838,-0.000327,-0.028511,-0.137405,-0.010104,-0.127301,0.013571,0.000118,0.013452,0.2095,0.060084,0.149416
CAMX.ST,2022-11-10,350.0,positive,Q5,0.024555,-0.000327,0.024882,0.069433,-0.010104,0.079537,0.100762,0.000118,0.100644,0.127858,0.060084,0.067774
BFG.ST,2022-11-10,-62.86,negative,Q1,0.040896,-0.000327,0.041223,0.119328,-0.010104,0.129432,0.17535,0.000118,0.175232,0.215686,0.060084,0.155602
SUS.ST,2022-11-10,-11.11,negative,Q2,-0.058824,-0.000327,-0.058497,-0.071524,-0.010104,-0.06142,0.064171,0.000118,0.064053,0.079545,0.060084,0.019461
HUFV-A.ST,2022-11-10,-16.67,negative,Q2,0.01349,-0.000327,0.013816,0.019174,-0.010104,0.029278,0.057598,0.000118,0.057479,0.090944,0.060084,0.03086
JOMA.ST,2022-11-10,92.0,positive,Q5,0.00137,-0.000327,0.001696,-0.056164,-0.010104,-0.04606,0.117808,0.000118,0.11769,0.189041,0.060084,0.128957
TRUE-B.ST,2022-11-11,-7.32,negative,Q2,-0.047775,-0.004734,-0.043041,-0.201639,-0.012055,-0.189584,-0.17096,0.015517,-0.186477,-0.179157,0.044017,-0.223174
GARO.ST,2022-11-11,-10.17,negative,Q2,-0.018952,-0.004734,-0.014218,-0.047381,-0.012055,-0.035325,-0.00351,0.015517,-0.019027,-0.166535,0.044017,-0.210552
ABSO.ST,2022-11-11,8.24,positive,Q4,0.063041,-0.004734,0.067776,0.079465,-0.012055,0.09152,0.109603,0.015517,0.094086,0.265767,0.044017,0.221751
CALTX.ST,2022-11-14,94.37,positive,Q5,-0.001183,-0.010958,0.009774,0.012426,-0.000687,0.013113,0.198817,0.019554,0.179263,0.110059,0.064431,0.045628
STOR-B.ST,2022-11-15,-7.14,negative,Q2,-0.047454,-0.003824,-0.04363,-0.08912,0.016781,-0.105901,-0.195602,0.002171,-0.197773,0.049769,0.075873,-0.026104
FG.ST,2022-11-15,1.42,positive,Q3,-0.048396,-0.003824,-0.044572,-0.064158,0.016781,-0.080939,0.052725,0.002171,0.050554,0.101121,0.075873,0.025248
SYNSAM.ST,2022-11-16,-32.05,negative,Q1,0.01382,0.009814,0.004006,0.022164,0.019192,0.002972,-0.064146,-0.010153,-0.053993,0.077445,0.090976,-0.013531
EMBRAC-B.ST,2022-11-17,77.42,positive,Q5,-0.037674,-0.002297,-0.035377,0.027439,0.014072,0.013367,0.031359,-0.018869,0.050228,0.279399,0.081048,0.198351
VESTUM.ST,2022-11-22,-50.0,negative,Q1,0.075558,-0.001461,0.077019,0.084493,-0.003514,0.088006,0.05271,-0.031538,0.084248,0.013432,0.053869,-0.040436
HUMBLE.ST,2022-11-23,50.0,positive,Q5,0.008824,0.004741,0.004082,0.08,0.008706,0.071294,0.042941,-0.024884,0.067825,0.123529,0.055323,0.068206
EKTA-B.ST,2022-11-24,3.77,positive,Q3,0.019447,-0.009621,0.029068,0.052622,0.006011,0.04661,None,None,None,0.309247,0.052363,0.256884
FNOX.ST,2022-12-01,0.0,negative,Q3,-0.025443,0.004802,-0.030244,-0.057195,-0.006114,-0.051082,-0.057806,-0.025222,-0.032584,0.287808,0.040013,0.247795
CLAS-B.ST,2022-12-07,-31.68,negative,Q1,0.013834,0.011744,0.00209,-0.017922,-0.005908,-0.012014,0.05518,0.047777,0.007403,0.162396,0.074881,0.087515
SYSR.ST,2022-12-08,-79.81,negative,Q1,0.026055,-0.003555,0.02961,0.007161,-0.033241,0.040402,0.116258,0.03036,0.085898,0.210727,0.060791,0.149935
SECT-B.ST,2022-12-16,40.0,positive,Q5,-0.009969,-0.005646,-0.004323,None,None,None,0.109028,0.083377,0.025651,0.052162,0.019551,0.032612
SKIS-B.ST,2022-12-19,-44.35,negative,Q1,0.048144,0.014098,0.034046,0.078539,0.015315,0.063224,0.162995,0.067507,0.095487,0.124643,0.040412,0.084231
VOLV-A.ST,2022-12-30,-31.8,negative,Q1,0.00892,0.006874,0.002046,0.020833,0.050558,-0.029725,0.079382,0.064735,0.014647,0.106142,0.071294,0.034848
ABB.ST,2022-12-30,47.84,positive,Q5,0.020826,0.006874,0.013952,0.076363,0.050558,0.025805,0.148933,0.064735,0.084198,0.158246,0.071294,0.086952
STE-R.ST,2022-12-30,70.0,positive,Q5,-0.016561,0.006874,-0.023436,0.035011,0.050558,-0.015547,0.010532,0.064735,-0.054203,-0.064139,0.071294,-0.135433
NORION.ST,2022-12-30,24.62,positive,Q5,-0.034872,0.006874,-0.041746,-0.04641,0.050558,-0.096968,0.017949,0.064735,-0.046787,-0.080256,0.071294,-0.15155
HOLM-A.ST,2022-12-30,12.99,positive,Q4,0.009503,0.006874,0.002629,0.030806,0.050558,-0.019752,0.061612,0.064735,-0.003123,0.039134,0.071294,-0.03216
AZN.ST,2022-12-30,-57.97,negative,Q1,0.024581,0.006874,0.017707,0.048459,0.050558,-0.002099,-0.071626,0.064735,-0.136362,0.027968,0.071294,-0.043325
NDA-SE.ST,2022-12-30,12.91,positive,Q4,0.004237,0.006874,-0.002637,0.052849,0.050558,0.00229,0.086855,0.064735,0.022119,0.053964,0.071294,-0.01733
NOKIA-SEK.ST,2022-12-30,305.96,positive,Q5,-0.003744,0.006874,-0.010619,0.027974,0.050558,-0.022585,0.006167,0.064735,-0.058568,0.028634,0.071294,-0.04266
ARION-SDB.ST,2022-12-30,-8.37,negative,Q2,0.014254,0.006874,0.00738,0.013158,0.050558,-0.0374,0.033991,0.064735,-0.030744,0.023026,0.071294,-0.048268
ERIC-A.ST,2022-12-30,-18.75,negative,Q2,0.004547,0.006874,-0.002327,0.022398,0.050558,-0.02816,0.011957,0.064735,-0.052778,0.00842,0.071294,-0.062874
STE-A.ST,2022-12-30,70.0,positive,Q5,-0.010172,0.006874,-0.017047,0.043111,0.050558,-0.007447,0.058266,0.064735,-0.006469,0.009204,0.071294,-0.06209
SCA-A.ST,2022-12-30,-6.38,negative,Q2,0.007384,0.006874,0.000509,0.060718,0.050558,0.01016,0.118451,0.064735,0.053716,0.040688,0.071294,-0.030606
HUSQ-A.ST,2022-12-30,-126.46,negative,Q1,0.00785,0.006874,0.000976,0.04332,0.050558,-0.007238,0.220962,0.064735,0.156227,0.180259,0.071294,0.108965
SWEC-A.ST,2022-12-31,12.0,positive,Q4,0.009957,0.014509,-0.004552,0.1288,0.056349,0.072451,0.208029,0.094437,0.113592,0.287152,0.057891,0.229261
ATCO-B.ST,2022-12-31,-7.46,negative,Q2,0.01831,0.014509,0.003801,0.038028,0.056349,-0.01832,0.020939,0.094437,-0.073498,0.050892,0.057891,-0.006999
NCC-A.ST,2022-12-31,6.17,positive,Q4,0.02317,0.014509,0.008662,0.111087,0.056349,0.054739,0.0,0.094437,-0.094437,-0.137614,0.057891,-0.195505
TEL2-A.ST,2022-12-31,19.27,positive,Q5,0.010999,0.014509,-0.00351,0.048448,0.056349,-0.0079,0.208852,0.094437,0.114415,0.137489,0.057891,0.079598
DUST.ST,2023-01-11,-50.66,negative,Q1,0.010405,-0.003635,0.014041,-0.050931,-0.02309,-0.027841,0.015882,-0.011011,0.026892,-0.026287,-0.004547,-0.021739
EQT.ST,2023-01-18,-115.08,negative,Q1,0.021116,0.010823,0.010292,0.089414,0.007652,0.081763,0.114594,0.034727,0.079868,-0.061572,0.034863,-0.096435
SAND.ST,2023-01-20,-2.13,negative,Q3,0.0,-0.003759,0.003759,-0.00418,-0.01099,0.00681,-0.01473,-0.000467,-0.014263,-0.008758,0.009835,-0.018594
ERIC-B.ST,2023-01-20,-6.64,negative,Q2,-0.016455,-0.003759,-0.012695,-0.003366,-0.01099,0.007624,-0.025056,-0.000467,-0.024589,-0.065445,0.009835,-0.07528
ELAN-B.ST,2023-01-23,-11.41,negative,Q2,0.001201,-0.005356,0.006557,0.007003,-0.007954,0.014957,-0.068699,0.003221,-0.07192,-0.208164,0.019699,-0.227863
ALLEI.ST,2023-01-24,170.49,positive,Q5,0.01258,-0.006247,0.018827,-0.016911,0.002647,-0.019558,0.023098,0.010564,0.012534,-0.011343,0.020372,-0.031715
HEXA-B.ST,2023-01-24,0.0,negative,Q3,0.027633,-0.006247,0.03388,0.066249,0.002647,0.063602,0.028106,0.010564,0.017542,0.024209,0.020372,0.003836
ARJO-B.ST,2023-01-25,-8.47,negative,Q2,0.001319,0.003257,-0.001938,0.018724,0.044224,-0.025501,-0.019251,0.007261,-0.026512,0.103903,0.022622,0.081281
XVIVO.ST,2023-01-26,-43.75,negative,Q1,-0.014354,0.001102,-0.015456,0.215311,0.044073,0.171238,0.08134,0.016985,0.064355,0.413876,0.033419,0.380457
INTRUM.ST,2023-01-26,-120.36,negative,Q1,-0.015685,0.001102,-0.016786,0.029242,0.044073,-0.014831,-0.024812,0.016985,-0.041796,-0.314311,0.033419,-0.34773
HMS.ST,2023-01-26,32.79,positive,Q5,0.002562,0.001102,0.00146,0.073841,0.044073,0.029768,0.081525,0.016985,0.064541,0.195149,0.033419,0.16173
GRNG.ST,2023-01-26,-62.2,negative,Q1,0.01175,0.001102,0.010648,0.041819,0.044073,-0.002254,0.065445,0.016985,0.048461,0.256854,0.033419,0.223435
ESSITY-B.ST,2023-01-26,5.65,positive,Q4,0.029162,0.001102,0.028061,0.035525,0.044073,-0.008548,0.070356,0.016985,0.053372,0.173097,0.033419,0.139679
TELIA.ST,2023-01-26,9.37,positive,Q4,0.0,0.001102,-0.001102,-0.016386,0.044073,-0.060459,-0.0031,0.016985,-0.020085,0.065102,0.033419,0.031683
VOLV-B.ST,2023-01-26,-19.64,negative,Q2,0.00265,0.001102,0.001548,0.025024,0.044073,-0.019049,0.005358,0.016985,-0.011627,0.087141,0.033419,0.053722
ATCO-A.ST,2023-01-26,-4.44,negative,Q2,-0.001782,0.001102,-0.002884,0.052623,0.044073,0.00855,-0.00034,0.016985,-0.017324,0.188678,0.033419,0.155259
ESSITY-A.ST,2023-01-26,0.28,positive,Q3,0.031652,0.001102,0.03055,0.026052,0.044073,-0.018021,0.065171,0.016985,0.048186,0.169947,0.033419,0.136528
SEB-A.ST,2023-01-26,4.19,positive,Q3,0.014127,0.001102,0.013025,0.003979,0.044073,-0.040094,0.073816,0.016985,0.056832,0.006566,0.033419,-0.026853
ALIV-SDB.ST,2023-01-27,11.59,positive,Q4,0.013775,-0.000701,0.014476,0.003392,0.026419,-0.023026,0.022251,0.012124,0.010127,-0.067129,0.032046,-0.099175
SSAB-A.ST,2023-01-27,9.28,positive,Q4,-0.017977,-0.000701,-0.017276,-0.040491,0.026419,-0.066909,0.007224,0.012124,-0.0049,0.079469,0.032046,0.047423
HM-B.ST,2023-01-27,-130.99,negative,Q1,-0.00678,-0.000701,-0.006079,0.044202,0.026419,0.017783,0.023598,0.012124,0.011474,0.161927,0.032046,0.129881
HEM.ST,2023-01-27,-16.67,negative,Q2,-0.012872,-0.000701,-0.012171,0.030493,0.026419,0.004074,0.127478,0.012124,0.115354,0.14565,0.032046,0.113604
BILL.ST,2023-01-27,6.17,positive,Q4,0.001222,-0.000701,0.001923,0.048322,0.026419,0.021903,0.000846,0.012124,-0.011278,-0.186801,0.032046,-0.218847
TREL-B.ST,2023-01-27,32.49,positive,Q5,-0.025074,-0.000701,-0.024373,-0.039265,0.026419,-0.065684,0.0116,0.012124,-0.000524,-0.014909,0.032046,-0.046955
PLAZ-B.ST,2023-01-27,-3.13,negative,Q3,-0.018294,-0.000701,-0.017593,0.006409,0.026419,-0.02001,-0.025752,0.012124,-0.037876,-0.059893,0.032046,-0.091939
SCA-B.ST,2023-01-27,2.31,positive,Q3,0.014346,-0.000701,0.015047,0.072846,0.026419,0.046427,0.02557,0.012124,0.013446,0.002527,0.032046,-0.029519
SSAB-B.ST,2023-01-27,1.27,positive,Q3,-0.013657,-0.000701,-0.012957,-0.043987,0.026419,-0.070406,-0.002128,0.012124,-0.014253,0.08425,0.032046,0.052204
DOM.ST,2023-01-27,12.5,positive,Q4,-0.01677,-0.000701,-0.016069,0.091176,0.026419,0.064757,0.003582,0.012124,-0.008542,0.123087,0.032046,0.091041
HOLM-B.ST,2023-01-31,16.94,positive,Q4,0.027154,0.034961,-0.007808,0.004068,0.015387,-0.011319,-0.042303,0.002054,-0.044357,-0.096461,0.011264,-0.107725
EPI-A.ST,2023-01-31,-1.49,negative,Q3,0.026757,0.034961,-0.008204,0.021793,0.015387,0.006405,-0.006951,0.002054,-0.009005,-0.004965,0.011264,-0.016229
EPI-B.ST,2023-01-31,-1.98,negative,Q3,0.024845,0.034961,-0.010116,0.030598,0.015387,0.015211,-0.011811,0.002054,-0.013865,-0.006058,0.011264,-0.017323
NCC-B.ST,2023-01-31,-4.62,negative,Q2,0.028595,0.034961,-0.006367,-0.009961,0.015387,-0.025349,-0.009961,0.002054,-0.012016,0.029532,0.011264,0.018268
SAVE.ST,2023-01-31,-0.5,negative,Q3,0.03041,0.034961,-0.004551,0.017466,0.015387,0.002078,0.029853,0.002054,0.027798,-0.113774,0.011264,-0.125038
TEL2-B.ST,2023-01-31,48.84,positive,Q5,0.046738,0.034961,0.011776,0.033289,0.015387,0.017902,0.051798,0.002054,0.049743,0.168309,0.011264,0.157045
EPRO-B.ST,2023-01-31,-8.97,negative,Q2,0.050326,0.034961,0.015364,0.026643,0.015387,0.011256,0.036116,0.002054,0.034062,0.124334,0.011264,0.11307
SWED-A.ST,2023-01-31,8.23,positive,Q4,0.004358,0.034961,-0.030603,-0.020775,0.015387,-0.036162,0.01976,0.002054,0.017706,-0.117008,0.011264,-0.128272
HUSQ-B.ST,2023-02-01,-14.62,negative,Q2,0.008572,0.003111,0.005461,-0.005916,-0.022746,0.01683,0.026319,-0.015144,0.041463,-0.030303,-0.021264,-0.00904
VIT-B.ST,2023-02-01,-23.36,negative,Q1,-0.002994,0.003111,-0.006105,-0.027106,-0.022746,-0.00436,0.004976,-0.015144,0.02012,0.072762,-0.021264,0.094026
JM.ST,2023-02-01,97.94,positive,Q5,0.013355,0.003111,0.010244,-0.08342,-0.022746,-0.060674,-0.095928,-0.015144,-0.080784,-0.307627,-0.021264,-0.286364
LAGR-B.ST,2023-02-01,1.04,positive,Q3,0.025927,0.003111,0.022816,-0.019466,-0.022746,0.003279,-0.009733,-0.015144,0.005411,0.078621,-0.021264,0.099884
GETI-B.ST,2023-02-01,-2.33,negative,Q3,-0.03057,0.003111,-0.033681,-0.046451,-0.022746,-0.023706,-0.149393,-0.015144,-0.134249,-0.00288,-0.021264,0.018383
AXFO.ST,2023-02-01,-27.48,negative,Q1,0.002401,0.003111,-0.00071,0.031522,-0.022746,0.054268,0.003246,-0.015144,0.018389,0.025031,-0.021264,0.046295
BONAV-B.ST,2023-02-02,-47.03,negative,Q1,-0.062907,-0.015826,-0.047081,-0.103398,-0.040856,-0.062543,-0.154013,-0.014231,-0.139782,-0.397686,-0.028914,-0.368773
AAK.ST,2023-02-02,-12.0,negative,Q2,-0.007219,-0.015826,0.008607,-0.009723,-0.040856,0.031133,-0.008326,-0.014231,0.005906,0.157021,-0.028914,0.185935
SKF-B.ST,2023-02-02,-5.36,negative,Q2,-0.038321,-0.015826,-0.022495,-0.072738,-0.040856,-0.031882,0.010309,-0.014231,0.024541,-0.116214,-0.028914,-0.0873
EVO.ST,2023-02-02,-6.36,negative,Q2,-0.002236,-0.015826,0.01359,-0.054041,-0.040856,-0.013185,-0.042247,-0.014231,-0.028016,-0.021409,-0.028914,0.007504
LOOMIS.ST,2023-02-02,-0.55,negative,Q3,-0.015549,-0.015826,0.000277,0.005386,-0.040856,0.046242,0.02815,-0.014231,0.042382,-0.059824,-0.028914,-0.03091
INDT.ST,2023-02-02,3.91,positive,Q3,-0.026363,-0.015826,-0.010537,-0.051917,-0.040856,-0.011061,-0.062606,-0.014231,-0.048375,0.046295,-0.028914,0.075208
ALIF-B.ST,2023-02-02,4.17,positive,Q3,-0.003213,-0.015826,0.012613,-0.032367,-0.040856,0.008489,-0.122239,-0.014231,-0.108008,-0.007871,-0.028914,0.021043
ELUX-B.ST,2023-02-02,-13.04,negative,Q2,-0.01697,-0.015826,-0.001144,-0.029091,-0.040856,0.011765,-0.027576,-0.014231,-0.013344,0.275,-0.028914,0.303914
VITR.ST,2023-02-02,-45.0,negative,Q1,-0.042247,-0.015826,-0.026421,-0.094638,-0.040856,-0.053782,-0.121967,-0.014231,-0.107735,-0.084931,-0.028914,-0.056018
ALFA.ST,2023-02-02,-21.26,negative,Q1,-0.031059,-0.015826,-0.015233,-0.053929,-0.040856,-0.013073,0.007058,-0.014231,0.021289,0.089902,-0.028914,0.118816
ASSA-B.ST,2023-02-03,2.44,positive,Q3,-0.005288,-0.001507,-0.00378,-0.029524,-0.01108,-0.018443,-0.019309,-0.005997,-0.013311,-0.069463,-0.007847,-0.061616
BIOG-B.ST,2023-02-03,126.23,positive,Q5,-0.028467,-0.001507,-0.02696,0.00423,-0.01108,0.01531,-0.052589,-0.005997,-0.046592,0.061049,-0.007847,0.068896
LIFCO-B.ST,2023-02-03,0.61,positive,Q3,0.009017,-0.001507,0.010524,0.04077,-0.01108,0.05185,-0.002375,-0.005997,0.003622,0.13821,-0.007847,0.146057
ANOD-B.ST,2023-02-03,1.32,positive,Q3,-0.003482,-0.001507,-0.001975,0.023395,-0.01108,0.034475,0.069292,-0.005997,0.075289,0.156978,-0.007847,0.164825
SKA-B.ST,2023-02-03,84.94,positive,Q5,0.008679,-0.001507,0.010186,0.02241,-0.01108,0.03349,0.010046,-0.005997,0.016043,-0.148309,-0.007847,-0.140462
PEAB-B.ST,2023-02-03,-14.6,negative,Q2,-0.002552,-0.001507,-0.001045,-0.006086,-0.01108,0.004995,-0.02395,-0.005997,-0.017952,-0.071849,-0.007847,-0.064002
BIOA-B.ST,2023-02-03,19.51,positive,Q5,-0.031373,-0.001507,-0.029865,-0.042484,-0.01108,-0.031403,-0.118301,-0.005997,-0.112303,-0.069281,-0.007847,-0.061434
FABG.ST,2023-02-06,14.85,positive,Q4,0.018719,-0.004728,0.023447,0.001894,-0.009911,0.011805,-0.093705,-0.002784,-0.090921,-0.193203,-0.006965,-0.186239
KNOW.ST,2023-02-07,24.57,positive,Q5,0.031509,-0.003907,0.035415,-0.009908,0.0049,-0.014808,-0.044984,0.000432,-0.045416,-0.077582,-0.009162,-0.06842
SECU-B.ST,2023-02-07,-4.17,negative,Q2,-0.007309,-0.003907,-0.003403,-0.031326,0.0049,-0.036226,-0.057895,0.000432,-0.058327,-0.082724,-0.009162,-0.073562
PDX.ST,2023-02-07,6.36,positive,Q4,-0.029981,-0.003907,-0.026074,-0.04808,0.0049,-0.05298,0.142786,0.000432,0.142353,0.156573,-0.009162,0.165735
INWI.ST,2023-02-07,20.88,positive,Q5,0.017435,-0.003907,0.021342,-0.000857,0.0049,-0.005757,-0.046684,0.000432,-0.047117,-0.128335,-0.009162,-0.119172
CEVI.ST,2023-02-07,-12.34,negative,Q2,0.035352,-0.003907,0.039259,0.093453,0.0049,0.088553,0.08587,0.000432,0.085438,-0.088955,-0.009162,-0.079793
HEBA-B.ST,2023-02-08,54.55,positive,Q5,-0.005663,-0.015478,0.009815,-0.028316,0.009472,-0.037788,-0.136215,-0.019373,-0.116841,-0.167809,-0.01195,-0.155859
SOBI.ST,2023-02-08,0.22,positive,Q3,-0.010126,-0.015478,0.005353,-0.040907,0.009472,-0.050379,-0.029972,-0.019373,-0.010598,-0.09761,-0.01195,-0.08566
BILI-A.ST,2023-02-08,23.84,positive,Q5,-0.03593,-0.015478,-0.020451,-0.026968,0.009472,-0.036439,-0.046358,-0.019373,-0.026985,-0.224458,-0.01195,-0.212508
NOLA-B.ST,2023-02-08,7.55,positive,Q4,-0.013468,-0.015478,0.00201,0.074285,0.009472,0.064813,-0.054924,-0.019373,-0.035551,0.124579,-0.01195,0.136529
SHB-A.ST,2023-02-08,0.34,positive,Q3,-0.009196,-0.015478,0.006282,0.047048,0.009472,0.037576,0.008263,-0.019373,0.027637,-0.092496,-0.01195,-0.080546
WALL-B.ST,2023-02-08,175.68,positive,Q5,0.008509,-0.015478,0.023987,-0.01433,0.009472,-0.023802,-0.148903,-0.019373,-0.129529,-0.212047,-0.01195,-0.200096
SHB-B.ST,2023-02-08,6.34,positive,Q4,0.001624,-0.015478,0.017102,0.019178,0.009472,0.009706,0.014307,-0.019373,0.033681,-0.097514,-0.01195,-0.085564
COIC.ST,2023-02-08,-3.63,negative,Q3,0.025328,-0.015478,0.040806,0.043713,0.009472,0.034242,-0.016087,-0.019373,0.003286,-0.077708,-0.01195,-0.065757
BFG.ST,2023-02-08,-79.49,negative,Q1,-0.015207,-0.015478,0.000271,-0.059447,0.009472,-0.068919,-0.187097,-0.019373,-0.167723,-0.153226,-0.01195,-0.141276
PNDX-B.ST,2023-02-09,8.53,positive,Q4,0.007892,0.014727,-0.006834,0.018725,0.022089,-0.003364,-0.023058,-0.020082,-0.002976,-0.176261,0.01324,-0.189502
COOR.ST,2023-02-09,-24.37,negative,Q1,0.007123,0.014727,-0.007604,-0.005733,0.022089,-0.027822,-0.023801,-0.020082,-0.003719,-0.088951,0.01324,-0.102191
SWEC-B.ST,2023-02-09,18.25,positive,Q5,0.004987,0.014727,-0.009739,-0.037404,0.022089,-0.059492,-0.155357,-0.020082,-0.135275,-0.036044,0.01324,-0.049284
FPAR-A.ST,2023-02-09,267.06,positive,Q5,-0.025241,0.014727,-0.039968,-0.080747,0.022089,-0.102835,-0.227044,-0.020082,-0.206962,-0.354282,0.01324,-0.367522
MIPS.ST,2023-02-09,7.58,positive,Q4,-0.082025,0.014727,-0.096752,-0.085074,0.022089,-0.107162,-0.085826,-0.020082,-0.065743,0.005127,0.01324,-0.008114
HTRO.ST,2023-02-09,15.22,positive,Q4,0.06128,0.014727,0.046554,0.010539,0.022089,-0.01155,-0.009368,-0.020082,0.010715,-0.409863,0.01324,-0.423103
MTRS.ST,2023-02-09,-30.56,negative,Q1,0.026109,0.014727,0.011382,0.054839,0.022089,0.032751,0.041512,-0.020082,0.061594,0.217938,0.01324,0.204697
VOLCAR-B.ST,2023-02-09,56.45,positive,Q5,0.009239,0.014727,-0.005487,-0.000786,0.022089,-0.022875,-0.093572,-0.020082,-0.07349,-0.262827,0.01324,-0.276067
LIAB.ST,2023-02-09,-7.44,negative,Q2,0.036954,0.014727,0.022227,0.008785,0.022089,-0.013304,-0.009365,-0.020082,0.010717,0.19682,0.01324,0.18358
SDIP-B.ST,2023-02-10,-26.4,negative,Q1,0.010077,-0.000326,0.010404,0.050388,0.00236,0.048027,-0.066363,-0.020967,-0.045396,0.022778,0.001277,0.021501
SAAB-B.ST,2023-02-10,7.08,positive,Q4,-0.00964,-0.000326,-0.009314,0.029475,0.00236,0.027114,0.216199,-0.020967,0.237166,0.164204,0.001277,0.162927
AFRY.ST,2023-02-10,8.22,positive,Q4,-0.010632,-0.000326,-0.010305,-0.032343,0.00236,-0.034703,-0.121426,-0.020967,-0.100459,-0.017738,0.001277,-0.019015
NP3.ST,2023-02-10,46.47,positive,Q5,0.027368,-0.000326,0.027694,-0.052657,0.00236,-0.055018,-0.14316,-0.020967,-0.122194,-0.238792,0.001277,-0.240069
BOOZT.ST,2023-02-10,4.74,positive,Q4,-0.019124,-0.000326,-0.018797,-0.03745,0.00236,-0.039811,-0.024701,-0.020967,-0.003734,-0.077291,0.001277,-0.078568
THULE.ST,2023-02-10,-400.0,negative,Q1,0.002957,-0.000326,0.003284,-0.011032,0.00236,-0.013392,-0.045395,-0.020967,-0.024428,0.160642,0.001277,0.159365
MYCR.ST,2023-02-10,-51.7,negative,Q1,0.013276,-0.000326,0.013603,-0.035373,0.00236,-0.037733,0.009748,-0.020967,0.030715,0.017176,0.001277,0.015899
NEWA-B.ST,2023-02-10,22.59,positive,Q5,-0.028367,-0.000326,-0.028041,-0.055635,0.00236,-0.057995,-0.124024,-0.020967,-0.103057,0.024409,0.001277,0.023132
BALD-B.ST,2023-02-10,20.0,positive,Q5,0.013514,-0.000326,0.01384,-0.064233,0.00236,-0.066594,-0.157862,-0.020967,-0.136896,-0.313092,0.001277,-0.314369
VOLO.ST,2023-02-10,-4.41,negative,Q2,-0.016802,-0.000326,-0.016476,-0.02369,0.00236,-0.026051,-0.0909,-0.020967,-0.069933,0.054164,0.001277,0.052887
IVSO.ST,2023-02-13,39.71,positive,Q5,0.016717,0.01016,0.006557,0.0,-0.004015,0.004015,-0.004749,-0.060764,0.056015,0.110912,0.008417,0.102495
CAST.ST,2023-02-13,7.54,positive,Q4,-0.011756,0.01016,-0.021916,-0.084042,-0.004015,-0.080027,-0.165666,-0.060764,-0.104903,-0.171669,0.008417,-0.180086
CAMX.ST,2023-02-14,-20.69,negative,Q1,-0.048718,0.000625,-0.049343,-0.068376,-0.014115,-0.054261,-0.070085,-0.057602,-0.012483,0.136752,-0.008373,0.145125
VPLAY-B.ST,2023-02-14,-31.01,negative,Q1,0.017404,0.000625,0.016779,0.078783,-0.014115,0.092898,0.055268,-0.057602,0.11287,-0.039458,-0.008373,-0.031085
WIHL.ST,2023-02-14,-12.5,negative,Q2,-0.035924,0.000625,-0.036548,-0.062742,-0.014115,-0.048627,-0.113758,-0.057602,-0.056156,-0.079082,-0.008373,-0.070709
DIOS.ST,2023-02-14,15.89,positive,Q4,0.001953,0.000625,0.001328,0.006557,-0.014115,0.020672,-0.074637,-0.057602,-0.017035,-0.103097,-0.008373,-0.094724
BRAV.ST,2023-02-14,9.01,positive,Q4,-0.015575,0.000625,-0.016199,-0.041102,-0.014115,-0.026987,-0.071606,-0.057602,-0.014004,-0.029859,-0.008373,-0.021486
FG.ST,2023-02-14,-22.29,negative,Q1,-0.00386,0.000625,-0.004485,0.00193,-0.014115,0.016045,-0.00772,-0.057602,0.049882,-0.113876,-0.008373,-0.105504
BOL.ST,2023-02-14,-4.66,negative,Q2,0.020116,0.000625,0.019491,0.003998,-0.014115,0.018113,-0.123912,-0.057602,-0.06631,-0.147423,-0.008373,-0.13905
MEKO.ST,2023-02-15,56.2,positive,Q5,0.009007,-0.003173,0.012181,-0.032936,-0.012835,-0.020101,-0.056774,-0.074682,0.017908,-0.046038,-0.004583,-0.041455
KAR.ST,2023-02-15,-140.0,negative,Q1,0.0,-0.003173,0.003173,-0.02931,-0.012835,-0.016475,-0.091379,-0.074682,-0.016697,-0.12069,-0.004583,-0.116107
BIOT.ST,2023-02-15,-20.71,negative,Q1,-0.023356,-0.003173,-0.020183,-0.068978,-0.012835,-0.056143,-0.214497,-0.074682,-0.139815,-0.175047,-0.004583,-0.170464
SF.ST,2023-02-15,79.41,positive,Q5,-0.031309,-0.003173,-0.028136,-0.081119,-0.012835,-0.068284,-0.079696,-0.074682,-0.005014,0.034156,-0.004583,0.038738
BEIA-B.ST,2023-02-15,182.56,positive,Q5,0.014307,-0.003173,0.01748,0.024549,-0.012835,0.037384,0.052729,-0.074682,0.127411,0.277733,-0.004583,0.282315
HUFV-A.ST,2023-02-16,52.07,positive,Q5,0.000705,-0.004859,0.005565,-0.010509,-0.019095,0.008587,-0.055505,-0.058091,0.002587,None,None,None
SHOT.ST,2023-02-16,-93.07,negative,Q1,0.010274,-0.004859,0.015133,-0.008717,-0.019095,0.010378,-0.063823,-0.058091,-0.005732,None,None,None
NMAN.ST,2023-02-16,11.64,positive,Q4,-0.011336,-0.004859,-0.006477,0.0,-0.019095,0.019095,-0.146379,-0.058091,-0.088288,None,None,None
EMBRAC-B.ST,2023-02-16,-78.24,negative,Q1,0.018485,-0.004859,0.023344,-0.11236,-0.019095,-0.093264,-0.072852,-0.058091,-0.014761,None,None,None
KFAST-B.ST,2023-02-16,-7.69,negative,Q2,0.007463,-0.004859,0.012322,-0.077612,-0.019095,-0.058517,-0.197761,-0.058091,-0.13967,None,None,None
FNOX.ST,2023-02-16,0.0,negative,Q3,0.03017,-0.004859,0.035029,-0.042727,-0.019095,-0.023631,0.022016,-0.058091,0.080107,None,None,None
STOR-B.ST,2023-02-16,-12.0,negative,Q2,-0.021255,-0.004859,-0.016396,-0.096154,-0.019095,-0.077059,-0.19332,-0.058091,-0.135229,None,None,None
SINCH.ST,2023-02-16,-250.0,negative,Q1,-0.011318,-0.004859,-0.006459,-0.121158,-0.019095,-0.102062,-0.254019,-0.058091,-0.195928,None,None,None
INSTAL.ST,2023-02-16,75.61,positive,Q5,-0.003051,-0.004859,0.001809,-0.042711,-0.019095,-0.023616,-0.023752,-0.058091,0.034339,None,None,None
NYF.ST,2023-02-16,99.31,positive,Q5,0.002779,-0.004859,0.007639,-0.055462,-0.019095,-0.036366,-0.140648,-0.058091,-0.082556,None,None,None
NCAB.ST,2023-02-17,-2.5,negative,Q3,-0.038422,-0.006685,-0.031737,-0.059177,-0.001549,-0.057627,-0.131732,-0.041572,-0.090161,0.363122,0.022301,0.340821
SAGA-B.ST,2023-02-17,-23.81,negative,Q1,-0.033851,-0.006685,-0.027166,-0.027397,-0.001549,-0.025848,-0.09015,-0.041572,-0.048578,-0.170441,0.022301,-0.192742
XBRANE.ST,2023-02-17,-64.23,negative,Q1,0.047032,-0.006685,0.053717,-0.032475,-0.001549,-0.030926,-0.101904,-0.041572,-0.060332,-0.072788,0.022301,-0.095089
CORE-B.ST,2023-02-21,-335.29,negative,Q1,0.037215,0.001923,0.035291,-0.028812,-0.003879,-0.024932,-0.228091,-0.03927,-0.188822,-0.223289,0.019808,-0.243097
SYNSAM.ST,2023-02-22,3.03,positive,Q3,0.008475,-0.009494,0.017969,0.017223,-0.005796,0.023018,-0.06889,-0.062747,-0.006143,0.167851,0.001037,0.166814
CATE.ST,2023-02-22,0.0,negative,Q3,-0.011894,-0.009494,-0.0024,0.004473,-0.005796,0.010269,-0.096232,-0.062747,-0.033485,-0.067444,0.001037,-0.068481
ENGCON-B.ST,2023-02-22,11.32,positive,Q4,-0.011079,-0.009494,-0.001584,-0.040112,-0.005796,-0.034317,-0.098688,-0.062747,-0.035942,0.17522,0.001037,0.174182
TRUE-B.ST,2023-02-22,-41.03,negative,Q1,-0.064753,-0.009494,-0.055259,0.073854,-0.005796,0.079649,-0.028351,-0.062747,0.034395,0.157858,0.001037,0.15682
OX2.ST,2023-02-22,164.37,positive,Q5,0.001944,-0.009494,0.011439,-0.077123,-0.005796,-0.071327,-0.033701,-0.062747,0.029046,-0.076474,0.001037,-0.077512
FAG.ST,2023-02-22,2.13,positive,Q3,-0.011048,-0.009494,-0.001553,0.067074,-0.005796,0.07287,0.096074,-0.062747,0.158821,0.211679,0.001037,0.210641
SUS.ST,2023-02-22,179.27,positive,Q5,-0.025014,-0.009494,-0.015519,-0.055031,-0.005796,-0.049235,-0.091718,-0.062747,-0.028971,0.356309,0.001037,0.355272
GARO.ST,2023-02-23,-57.58,negative,Q1,-0.000485,0.012941,-0.013427,0.017348,0.020997,-0.003649,-0.101055,-0.042903,-0.058152,-0.193983,0.011394,-0.205376
NORVA.ST,2023-02-24,-82.05,negative,Q1,-0.008054,-0.003683,-0.004372,-0.027261,0.012026,-0.039287,-0.143123,-0.05341,-0.089712,-0.148079,0.01665,-0.164729
EKTA-B.ST,2023-02-24,23.88,positive,Q5,-0.026005,-0.003683,-0.022322,-0.022196,0.012026,-0.034222,-0.071185,-0.05341,-0.017774,0.019569,0.01665,0.002919
CLAS-B.ST,2023-03-08,13.12,positive,Q4,0.022036,-0.023627,0.045663,-0.005997,-0.053394,0.047396,None,None,None,-0.025941,0.026837,-0.052779
SYSR.ST,2023-03-09,33.9,positive,Q5,-0.016759,-0.01619,-0.000569,0.008443,-0.047464,0.055906,0.076991,0.008722,0.068269,0.003654,0.050599,-0.046945
SECT-B.ST,2023-03-10,31.03,positive,Q5,0.10158,0.013811,0.087769,0.083297,-0.017556,0.100853,0.216323,0.027163,0.18916,0.343864,0.067424,0.27644
SKIS-B.ST,2023-03-21,1.41,positive,Q3,0.03063,-0.005044,0.035675,0.018679,0.001182,0.017497,0.089412,0.046386,0.043027,-0.05108,0.062574,-0.113654
DUST.ST,2023-03-29,-20.79,negative,Q1,-0.056331,0.01105,-0.067381,-0.065803,-0.006689,-0.059114,None,None,None,-0.248754,0.038796,-0.287549
HM-B.ST,2023-03-30,155.0,positive,Q5,-0.007838,-0.005723,-0.002115,None,None,None,-0.011449,0.005073,-0.016522,0.281236,0.038745,0.242491
NOKIA-SEK.ST,2023-03-30,-31.91,negative,Q1,0.000857,-0.005723,0.006579,None,None,None,-0.154818,0.005073,-0.159891,-0.103212,0.038745,-0.141957
VOLV-A.ST,2023-03-30,22.59,positive,Q5,-0.001786,-0.005723,0.003937,None,None,None,0.0302,0.005073,0.025127,0.098122,0.038745,0.059377
NORION.ST,2023-03-30,4.93,positive,Q4,-0.02286,-0.005723,-0.017138,None,None,None,-0.126011,0.005073,-0.131084,-0.187343,0.038745,-0.226088
VOLO-PREF.ST,2023-03-30,-37.04,negative,Q1,0.006631,-0.005723,0.012354,None,None,None,0.009967,0.005073,0.004894,-0.003276,0.038745,-0.042021
SWEC-A.ST,2023-03-31,5.45,positive,Q4,0.019256,0.002212,0.017044,0.026991,7.4e-05,0.026917,0.056369,0.012548,0.043822,-0.069289,0.037798,-0.107088
NCC-A.ST,2023-03-31,438.62,positive,Q5,0.039925,0.002212,0.037712,0.050973,7.4e-05,0.050899,0.21946,0.012548,0.206913,0.086503,0.037798,0.048705
NP3-PREF.ST,2023-03-31,-98.57,negative,Q1,-0.007937,0.002212,-0.010149,0.003735,7.4e-05,0.003661,0.00887,0.012548,-0.003677,-0.013072,0.037798,-0.05087
HOLM-A.ST,2023-03-31,21.55,positive,Q5,0.02169,0.002212,0.019477,0.026493,7.4e-05,0.026418,0.0,0.012548,-0.012548,-0.031321,0.037798,-0.06912
STE-R.ST,2023-03-31,-9.09,negative,Q2,-0.015475,0.002212,-0.017687,0.001463,7.4e-05,0.001389,-0.015475,0.012548,-0.028022,-0.058896,0.037798,-0.096694
TEL2-A.ST,2023-03-31,-12.14,negative,Q2,0.014389,0.002212,0.012177,0.014389,7.4e-05,0.014315,0.062737,0.012548,0.05019,-0.005526,0.037798,-0.043324
SCA-A.ST,2023-03-31,11.54,positive,Q4,-0.010173,0.002212,-0.012385,-0.001442,7.4e-05,-0.001517,0.059748,0.012548,0.0472,0.020422,0.037798,-0.017376
ARION-SDB.ST,2023-03-31,-2.26,negative,Q3,-0.010741,0.002212,-0.012954,0.03652,7.4e-05,0.036446,-0.007519,0.012548,-0.020066,0.03652,0.037798,-0.001279
NDA-SE.ST,2023-03-31,6.75,positive,Q4,-0.004547,0.002212,-0.006759,0.034683,7.4e-05,0.034609,-0.007085,0.012548,-0.019632,0.074548,0.037798,0.036749
ELUX-A.ST,2023-03-31,15.74,positive,Q4,0.0,0.002212,-0.002212,0.062937,7.4e-05,0.062863,0.328671,0.012548,0.316124,0.153846,0.037798,0.116048
ERIC-A.ST,2023-03-31,-13.72,negative,Q2,0.003024,0.002212,0.000812,0.03797,7.4e-05,0.037896,-0.063676,0.012548,-0.076224,-0.045531,0.037798,-0.083329
ATCO-B.ST,2023-03-31,11.67,positive,Q4,-0.002144,0.002212,-0.004357,-0.01644,7.4e-05,-0.016514,0.102573,0.012548,0.090026,0.12643,0.037798,0.088631
ABB.ST,2023-03-31,19.87,positive,Q5,-0.014869,0.002212,-0.017081,-0.006456,7.4e-05,-0.00653,0.038414,0.012548,0.025867,0.174982,0.037798,0.137184
AZN.ST,2023-03-31,-32.75,negative,Q1,0.001385,0.002212,-0.000827,0.044216,7.4e-05,0.044142,0.055269,0.012548,0.042721,-0.014852,0.037798,-0.052651
8TRA.ST,2023-03-31,-1.73,negative,Q3,0.022483,0.002212,0.020271,-0.013659,7.4e-05,-0.013733,0.115171,0.012548,0.102623,0.146647,0.037798,0.108849
STE-A.ST,2023-03-31,-9.09,negative,Q2,-0.0276,0.002212,-0.029813,-0.030209,7.4e-05,-0.030284,-0.08541,0.012548,-0.097958,-0.095915,0.037798,-0.133713
HUSQ-A.ST,2023-03-31,18.03,positive,Q5,0.001233,0.002212,-0.000979,-0.00333,7.4e-05,-0.003404,-0.006783,0.012548,-0.01933,0.105068,0.037798,0.06727
MTG-A.ST,2023-03-31,-87.24,negative,Q1,0.064286,0.002212,0.062073,0.078571,7.4e-05,0.078497,0.171429,0.012548,0.158881,-0.014286,0.037798,-0.052084
ERIC-B.ST,2023-04-18,54.69,positive,Q5,-0.024203,-0.000384,-0.023819,-0.026761,-0.004268,-0.022494,None,None,None,-0.101535,0.004065,-0.1056
HMS.ST,2023-04-18,44.14,positive,Q5,-0.032124,-0.000384,-0.03174,-0.00059,-0.004268,0.003678,None,None,None,-0.135463,0.004065,-0.139528
SUS.ST,2023-04-18,84.91,positive,Q5,0.031417,-0.000384,0.031801,0.059277,-0.004268,0.063544,None,None,None,0.337285,0.004065,0.33322
PLAZ-B.ST,2023-04-19,-8.0,negative,Q2,0.004716,-0.001071,0.005787,-0.004592,0.00991,-0.014502,-0.092827,0.01759,-0.110417,-0.084636,-0.005811,-0.078825
HUSQ-B.ST,2023-04-20,20.5,positive,Q5,0.003207,0.005972,-0.002765,-0.002714,0.010762,-0.013476,0.017269,0.016426,0.000843,0.086962,-0.009743,0.096705
ARJO-B.ST,2023-04-20,23.53,positive,Q5,-0.025581,0.005972,-0.031553,0.004419,0.010762,-0.006344,0.004884,0.016426,-0.011543,0.041163,-0.009743,0.050906
VOLV-B.ST,2023-04-20,32.39,positive,Q5,0.016565,0.005972,0.010593,-0.001447,0.010762,-0.01221,-0.009489,0.016426,-0.025915,0.07623,-0.009743,0.085974
FPAR-A.ST,2023-04-20,-42.27,negative,Q1,-0.014242,0.005972,-0.020214,-0.006312,0.010762,-0.017074,-0.188542,0.016426,-0.204968,-0.252792,-0.009743,-0.243048
ALIV-SDB.ST,2023-04-21,-4.26,negative,Q2,0.005643,-0.0047,0.010343,None,None,None,0.03457,0.003328,0.031242,0.204272,-0.014326,0.218598
VIT-B.ST,2023-04-21,-0.5,negative,Q3,-0.006808,-0.0047,-0.002108,None,None,None,0.101752,0.003328,0.098424,0.168103,-0.014326,0.182429
ELAN-B.ST,2023-04-21,495.38,positive,Q5,0.0,-0.0047,0.0047,None,None,None,-0.040937,0.003328,-0.044264,-0.207547,-0.014326,-0.193221
TEL2-B.ST,2023-04-21,-8.97,negative,Q2,0.022983,-0.0047,0.027683,None,None,None,0.022983,0.003328,0.019655,-0.181871,-0.014326,-0.167546
MTRS.ST,2023-04-21,37.5,positive,Q5,-0.054742,-0.0047,-0.050042,None,None,None,0.197423,0.003328,0.194095,0.353608,-0.014326,0.367934
VITR.ST,2023-04-21,-24.49,negative,Q1,0.037815,-0.0047,0.042515,None,None,None,0.078637,0.003328,0.075309,-0.18301,-0.014326,-0.168684
SAND.ST,2023-04-21,-3.46,negative,Q3,-0.015179,-0.0047,-0.010479,None,None,None,-0.050595,0.003328,-0.053923,-0.035069,-0.014326,-0.020744
NMAN.ST,2023-04-24,-5.93,negative,Q2,0.010384,-0.004056,0.01444,0.038928,-0.006303,0.04523,-0.06497,-0.008585,-0.056385,0.08052,-0.002397,0.082917
XVIVO.ST,2023-04-24,-13.33,negative,Q2,0.022414,-0.004056,0.026469,0.031034,-0.006303,0.037337,-0.02069,-0.008585,-0.012104,0.024138,-0.002397,0.026535
CATE.ST,2023-04-24,-276.89,negative,Q1,0.006891,-0.004056,0.010947,0.005401,-0.006303,0.011703,-0.003178,-0.008585,0.005407,0.094369,-0.002397,0.096766
VPLAY-B.ST,2023-04-25,-65.77,negative,Q1,0.015912,0.013849,0.002064,0.004252,-0.000588,0.004841,-0.01166,-0.003799,-0.007861,-0.797257,0.008485,-0.805742
BOL.ST,2023-04-25,-10.5,negative,Q2,0.022756,0.013849,0.008908,0.023882,-0.000588,0.024471,-0.033986,-0.003799,-0.030187,-0.106166,0.008485,-0.114651
SAVE.ST,2023-04-25,1.63,positive,Q3,-0.007407,0.013849,-0.021256,-0.062959,-0.000588,-0.06237,-0.04874,-0.003799,-0.044941,-0.013557,0.008485,-0.022042
HEBA-B.ST,2023-04-25,72.5,positive,Q5,0.014957,0.013849,0.001108,0.00313,-0.000588,0.003719,-0.048696,-0.003799,-0.044897,-0.070609,0.008485,-0.079094
VOLO.ST,2023-04-25,144.0,positive,Q5,0.00994,0.013849,-0.003909,0.043901,-0.000588,0.04449,0.087803,-0.003799,0.091602,0.027853,0.008485,0.019367
INWI.ST,2023-04-25,91.92,positive,Q5,-0.00768,0.013849,-0.021529,0.030722,-0.000588,0.03131,-0.008887,-0.003799,-0.005089,0.1772,0.008485,0.168715
ALFA.ST,2023-04-25,30.65,positive,Q5,-0.01911,0.013849,-0.032959,0.0008,-0.000588,0.001388,0.030555,-0.003799,0.034353,0.024184,0.008485,0.015699
FAG.ST,2023-04-25,23.29,positive,Q5,0.015375,0.013849,0.001526,-0.010795,-0.000588,-0.010206,0.013739,-0.003799,0.017538,-0.215734,0.008485,-0.224219
NYF.ST,2023-04-25,-24.0,negative,Q1,0.010787,0.013849,-0.003061,-0.029743,-0.000588,-0.029154,-0.080444,-0.003799,-0.076645,-0.022962,0.008485,-0.031447
WIHL.ST,2023-04-25,-7.46,negative,Q2,0.05274,0.013849,0.038892,0.014734,-0.000588,0.015323,0.015974,-0.003799,0.019772,0.050124,0.008485,0.041639
EPRO-B.ST,2023-04-25,13.79,positive,Q4,-0.011252,0.013849,-0.0251,0.010197,-0.000588,0.010785,-0.047996,-0.003799,-0.044197,0.022152,0.008485,0.013667
TELIA.ST,2023-04-26,0.0,negative,Q3,0.003326,-0.000228,0.003555,-0.04657,-0.018902,-0.027668,-0.072765,0.000482,-0.073248,-0.135967,-0.015795,-0.120172
ASSA-B.ST,2023-04-26,22.96,positive,Q5,0.007,-0.000228,0.007228,-0.002074,-0.018902,0.016828,0.015685,0.000482,0.015203,0.02558,-0.015795,0.041375
GETI-B.ST,2023-04-26,27.17,positive,Q5,0.006968,-0.000228,0.007196,-0.022888,-0.018902,-0.003986,-0.017825,0.000482,-0.018307,-0.248167,-0.015795,-0.232372
SHB-B.ST,2023-04-26,23.3,positive,Q5,-0.010558,-0.000228,-0.01033,-0.061468,-0.018902,-0.042566,-0.052687,0.000482,-0.053169,-0.003554,-0.015795,0.012241
AXFO.ST,2023-04-26,2.34,positive,Q3,0.015163,-0.000228,0.015392,-0.000821,-0.018902,0.018081,-0.056333,0.000482,-0.056816,0.084629,-0.015795,0.100424
MIPS.ST,2023-04-26,-27.63,negative,Q1,-0.029841,-0.000228,-0.029613,-0.090587,-0.018902,-0.071685,-0.123822,0.000482,-0.124304,-0.167309,-0.015795,-0.151513
SSAB-B.ST,2023-04-26,-9.8,negative,Q2,-0.011481,-0.000228,-0.011253,-0.036061,-0.018902,-0.017159,-0.038325,0.000482,-0.038807,-0.098318,-0.015795,-0.082523
NEWA-B.ST,2023-04-26,25.47,positive,Q5,0.016716,-0.000228,0.016945,0.01572,-0.018902,0.034622,-0.060445,0.000482,-0.060927,-0.060556,-0.015795,-0.044761
SAAB-B.ST,2023-04-26,39.74,positive,Q5,-0.025745,-0.000228,-0.025516,0.0,-0.018902,0.018902,-0.003423,0.000482,-0.003906,-0.088737,-0.015795,-0.072942
ALLEI.ST,2023-04-26,47.06,positive,Q5,0.02466,-0.000228,0.024888,0.005102,-0.018902,0.024004,-0.061012,0.000482,-0.061494,-0.126488,-0.015795,-0.110693
NCC-B.ST,2023-04-26,322.86,positive,Q5,0.005928,-0.000228,0.006157,-0.019239,-0.018902,-0.000337,-0.076063,0.000482,-0.076545,0.154922,-0.015795,0.170717
CAST.ST,2023-04-26,13.43,positive,Q4,-0.00204,-0.000228,-0.001812,-0.030995,-0.018902,-0.012093,-0.02225,0.000482,-0.022733,0.144967,-0.015795,0.160762
SSAB-A.ST,2023-04-26,33.46,positive,Q5,-0.003567,-0.000228,-0.003339,-0.037531,-0.018902,-0.018629,-0.0442,0.000482,-0.044682,-0.096619,-0.015795,-0.080824
PNDX-B.ST,2023-04-26,-1.03,negative,Q3,0.001647,-0.000228,0.001875,-0.05504,-0.018902,-0.036138,-0.075583,0.000482,-0.076065,0.034498,-0.015795,0.050293
MTG-B.ST,2023-04-26,-78.06,negative,Q1,-0.020226,-0.000228,-0.019998,-0.010113,-0.018902,0.008789,-0.136228,0.000482,-0.136711,-0.182629,-0.015795,-0.166834
COOR.ST,2023-04-26,-27.05,negative,Q1,0.050312,-0.000228,0.05054,-0.049578,-0.018902,-0.030676,-0.17646,0.000482,-0.176942,-0.228425,-0.015795,-0.212629
DOM.ST,2023-04-26,39.81,positive,Q5,0.025572,-0.000228,0.025801,-0.020369,-0.018902,-0.001467,-0.086084,0.000482,-0.086566,0.09545,-0.015795,0.111246
BILL.ST,2023-04-26,-21.17,negative,Q1,0.030498,-0.000228,0.030726,0.034072,-0.018902,0.052974,0.007863,0.000482,0.00738,-0.007744,-0.015795,0.008051
HEM.ST,2023-04-26,-6.55,negative,Q2,-0.011228,-0.000228,-0.011,-0.052397,-0.018902,-0.033495,0.018238,0.000482,0.017756,0.091784,-0.015795,0.107579
SEB-A.ST,2023-04-26,25.21,positive,Q5,-0.007215,-0.000228,-0.006987,-0.043487,-0.018902,-0.024585,-0.014924,0.000482,-0.015406,0.08223,-0.015795,0.098025
FABG.ST,2023-04-26,-6.32,negative,Q2,0.019905,-0.000228,0.020133,-0.032033,-0.018902,-0.013131,-0.017664,0.000482,-0.018147,0.126813,-0.015795,0.142608
NCAB.ST,2023-04-26,24.07,positive,Q5,-0.006412,-0.000228,-0.006184,0.047108,-0.018902,0.06601,0.044491,0.000482,0.044009,-0.239204,-0.015795,-0.223409
BILI-A.ST,2023-04-26,-5.71,negative,Q2,0.020298,-0.000228,0.020526,-0.043248,-0.018902,-0.024346,-0.067931,0.000482,-0.068414,-0.017646,-0.015795,-0.001851
SHB-A.ST,2023-04-26,11.33,positive,Q4,-0.025919,-0.000228,-0.025691,-0.06948,-0.018902,-0.050578,-0.054417,0.000482,-0.0549,-0.008821,-0.015795,0.006974
ALIF-B.ST,2023-04-26,178.43,positive,Q5,0.039479,-0.000228,0.039708,0.078959,-0.018902,0.097861,0.172417,0.000482,0.171934,-0.244912,-0.015795,-0.229117
ADVT.ST,2023-05-01,-18.18,negative,Q2,-0.010554,0.001671,-0.012226,0.121372,-0.005122,0.126494,0.050132,-3.1e-05,0.050163,0.614776,0.007109,0.607667
KFAST-B.ST,2023-05-02,322.22,positive,Q5,-0.002704,-0.004729,0.002025,-0.033532,-0.013447,-0.020085,0.040022,0.006103,0.033918,0.111952,0.000606,0.111346
LIAB.ST,2023-05-03,10.33,positive,Q4,-0.001086,0.005525,-0.00661,-0.00555,0.00078,-0.006329,-0.020812,0.028871,-0.049683,-0.081438,-0.002438,-0.079
COIC.ST,2023-05-03,-14.29,negative,Q2,0.017062,0.005525,0.011537,0.009728,0.00078,0.008949,0.029234,0.028871,0.000364,-0.076129,-0.002438,-0.073691
SECU-B.ST,2023-05-03,-5.58,negative,Q2,0.018142,0.005525,0.012617,0.015955,0.00078,0.015175,-0.007849,0.028871,-0.036719,0.044133,-0.002438,0.046571
SF.ST,2023-05-03,0.0,negative,Q3,-0.023256,0.005525,-0.02878,0.001292,0.00078,0.000512,-0.121016,0.028871,-0.149887,-0.209302,-0.002438,-0.206864
BRAV.ST,2023-05-03,0.76,positive,Q3,-0.026057,0.005525,-0.031582,-0.005193,0.00078,-0.005972,-0.070242,0.028871,-0.099112,-0.285121,-0.002438,-0.282683
NOLA-B.ST,2023-05-03,10.42,positive,Q4,-0.048186,0.005525,-0.053711,-0.02027,0.00078,-0.02105,-0.057432,0.028871,-0.086303,-0.278272,-0.002438,-0.275834
WALL-B.ST,2023-05-03,18.42,positive,Q5,0.008267,0.005525,0.002742,-0.039733,0.00078,-0.040513,-0.0472,0.028871,-0.076071,0.0352,-0.002438,0.037638
BFG.ST,2023-05-03,-98.33,negative,Q1,-0.019557,0.005525,-0.025081,-0.024772,0.00078,-0.025551,-0.035202,0.028871,-0.064073,-0.181226,-0.002438,-0.178788
KNOW.ST,2023-05-03,-8.08,negative,Q2,-0.014676,0.005525,-0.0202,-0.014676,0.00078,-0.015455,-0.064404,0.028871,-0.093274,-0.301483,-0.002438,-0.299045
AAK.ST,2023-05-04,14.86,positive,Q4,0.020774,-0.000619,0.021394,0.014142,-0.001986,0.016129,-0.00473,0.023468,-0.028198,-0.066956,-0.019591,-0.047365
IVSO.ST,2023-05-04,66.25,positive,Q5,0.041743,-0.000619,0.042362,0.069587,-0.001986,0.071574,0.046392,0.023468,0.022924,-0.025544,-0.019591,-0.005953
NP3.ST,2023-05-04,-17.59,negative,Q2,-0.018163,-0.000619,-0.017544,-0.066526,-0.001986,-0.064539,-0.02391,0.023468,-0.047378,-0.07943,-0.019591,-0.059839
SDIP-B.ST,2023-05-04,-10.0,negative,Q2,-0.016333,-0.000619,-0.015713,-0.028953,-0.001986,-0.026967,-0.004454,0.023468,-0.027922,0.06533,-0.019591,0.084921
BICO.ST,2023-05-04,-16.78,negative,Q2,-0.063135,-0.000619,-0.062515,-0.094226,-0.001986,-0.09224,-0.140546,0.023468,-0.164013,-0.333598,-0.019591,-0.314007
SKA-B.ST,2023-05-04,-42.97,negative,Q1,-0.012353,-0.000619,-0.011734,-0.03057,-0.001986,-0.028583,-0.0439,0.023468,-0.067368,0.055346,-0.019591,0.074937
CEVI.ST,2023-05-04,-24.3,negative,Q1,-0.005188,-0.000619,-0.004569,-0.017183,-0.001986,-0.015196,0.107169,0.023468,0.083701,0.153529,-0.019591,0.173119
PEAB-B.ST,2023-05-04,-20.0,negative,Q2,-0.017555,-0.000619,-0.016936,-0.035533,-0.001986,-0.033547,-0.068528,0.023468,-0.091996,-0.088198,-0.019591,-0.068607
INSTAL.ST,2023-05-04,8.33,positive,Q4,-0.012173,-0.000619,-0.011553,0.029325,-0.001986,0.031311,0.001844,0.023468,-0.021623,-0.284028,-0.019591,-0.264437
LOOMIS.ST,2023-05-04,4.51,positive,Q4,-0.014264,-0.000619,-0.013645,0.028528,-0.001986,0.030514,-0.004519,0.023468,-0.027987,-0.025951,-0.019591,-0.00636
STEF-B.ST,2023-05-05,-52.11,negative,Q1,-0.037696,-0.006931,-0.030766,-0.043979,0.005425,-0.049404,None,None,None,-0.07644,-0.013154,-0.063286
BIOG-B.ST,2023-05-05,30.68,positive,Q5,-0.038601,-0.006931,-0.03167,-0.047132,0.005425,-0.052557,None,None,None,-0.027298,-0.013154,-0.014144
SAGA-B.ST,2023-05-09,-28.75,negative,Q1,0.023251,0.009622,0.013629,-0.005907,0.016999,-0.022905,0.040596,0.042706,-0.002109,0.046081,-0.006437,0.052518
KAR.ST,2023-05-09,-80.88,negative,Q1,0.015414,0.009622,0.005792,-0.017341,0.016999,-0.03434,0.040462,0.042706,-0.002243,-0.065511,-0.006437,-0.059073
CAMX.ST,2023-05-10,126.67,positive,Q5,-0.032282,0.002746,-0.035028,None,None,None,-0.018018,0.032319,-0.050337,0.152402,-0.009142,0.161545
BALD-B.ST,2023-05-11,26.6,positive,Q5,0.026316,0.006802,0.019513,-0.004599,0.023407,-0.028006,0.06234,0.028384,0.033957,0.305059,-0.005752,0.310811
FG.ST,2023-05-11,11.54,positive,Q4,0.0,0.006802,-0.006802,-0.024983,0.023407,-0.048391,-0.008739,0.028384,-0.037122,-0.15931,-0.005752,-0.153558
TRUE-B.ST,2023-05-11,-33.33,negative,Q1,0.034336,0.006802,0.027534,0.020055,0.023407,-0.003353,-0.088423,0.028384,-0.116807,0.056518,-0.005752,0.06227
HUFV-A.ST,2023-05-11,63.36,positive,Q5,0.008357,0.006802,0.001555,-0.003104,0.023407,-0.026512,0.020535,0.028384,-0.007849,0.001512,-0.005752,0.007264
GARO.ST,2023-05-11,2.5,positive,Q3,0.004664,0.006802,-0.002138,-0.015638,0.023407,-0.039045,-0.114952,0.028384,-0.143336,-0.24417,-0.005752,-0.238418
STOR-B.ST,2023-05-12,86.67,positive,Q5,-0.028839,-0.006658,-0.02218,-0.056118,0.014243,-0.070361,-0.138737,0.030966,-0.169703,-0.147311,-0.021254,-0.126057
SWEC-B.ST,2023-05-12,11.66,positive,Q4,-0.03747,-0.006658,-0.030812,-0.009928,0.014243,-0.024171,-0.016093,0.030966,-0.047059,-0.158927,-0.021254,-0.137673
VESTUM.ST,2023-05-12,-80.0,negative,Q1,-0.0408,-0.006658,-0.034142,-0.0448,0.014243,-0.059043,-0.1944,0.030966,-0.225366,-0.2744,-0.021254,-0.253146
NORVA.ST,2023-05-23,0.0,negative,Q3,0.005338,0.000753,0.004585,-0.08363,0.002272,-0.085901,-0.048043,0.002474,-0.050517,-0.179715,-0.034193,-0.145522
EKTA-B.ST,2023-05-25,23.39,positive,Q5,-0.001417,-0.005965,0.004548,-0.035296,0.008936,-0.044232,-0.06312,-0.012148,-0.050972,-0.132165,-0.055653,-0.076512
XBRANE.ST,2023-05-31,-69.6,negative,Q1,-0.028536,0.017793,-0.046329,-0.050868,0.022445,-0.073313,0.012407,0.01872,-0.006314,-0.570099,-0.029901,-0.540199
SYSR.ST,2023-06-08,50.25,positive,Q5,-0.008993,-0.001078,-0.007916,0.024295,0.008974,0.015321,-0.008993,-0.023466,0.014473,-0.083624,-0.050567,-0.033058
ADVT.ST,2023-06-09,-80.0,negative,Q1,-0.042857,0.009331,-0.052188,0.092857,-0.002965,0.095822,0.390476,-0.015348,0.405824,0.22381,-0.05356,0.277369
SKIS-B.ST,2023-06-20,-33.4,negative,Q1,0.002689,-0.013339,0.016028,0.045241,0.008448,0.036793,0.025838,-0.016852,0.04269,0.04063,-0.039031,0.079661
DUST.ST,2023-06-27,-42.67,negative,Q1,0.010731,0.010037,0.000694,-0.022133,0.00767,-0.029803,-0.045607,-0.0035,-0.042107,-0.305164,-0.046835,-0.258329
NORION.ST,2023-06-29,21.01,positive,Q5,0.0,-0.006628,0.006628,0.049743,-0.027583,0.077326,0.169811,-0.025537,0.195348,0.250429,-0.077744,0.328172
SCA-A.ST,2023-06-29,-2.22,negative,Q3,0.015949,-0.006628,0.022577,0.026077,-0.027583,0.05366,0.013001,-0.025537,0.038538,0.04641,-0.077744,0.124153
NDA-SE.ST,2023-06-29,6.6,positive,Q4,0.013969,-0.006628,0.020598,-0.01357,-0.027583,0.014013,0.015167,-0.025537,0.040704,0.016564,-0.077744,0.094307
NCC-A.ST,2023-06-29,14.56,positive,Q4,0.018717,-0.006628,0.025345,0.07063,-0.027583,0.098213,0.247322,-0.025537,0.272859,0.200589,-0.077744,0.278332
MTG-A.ST,2023-06-29,-72.8,negative,Q1,-0.007194,-0.006628,-0.000566,-0.028777,-0.027583,-0.001194,0.0,-0.025537,0.025537,0.007194,-0.077744,0.084938
ABB.ST,2023-06-29,-3.33,negative,Q3,-0.012011,-0.006628,-0.005383,-0.035592,-0.027583,-0.008009,-0.006829,-0.025537,0.018708,-0.08015,-0.077744,-0.002407
SWEC-A.ST,2023-06-29,-11.25,negative,Q2,-0.016522,-0.006628,-0.009893,-0.070522,-0.027583,-0.042939,-0.091217,-0.025537,-0.06568,-0.153478,-0.077744,-0.075735
TEL2-A.ST,2023-06-29,-7.91,negative,Q2,-0.011895,-0.006628,-0.005267,-0.077205,-0.027583,-0.049621,-0.148462,-0.025537,-0.122925,-0.069313,-0.077744,0.008431
ELUX-A.ST,2023-06-29,-286.63,negative,Q1,0.0,-0.006628,0.006628,-0.012121,-0.027583,0.015462,-0.090909,-0.025537,-0.065372,-0.212121,-0.077744,-0.134378
VOLV-A.ST,2023-06-29,-19.33,negative,Q2,0.003499,-0.006628,0.010128,-0.027896,-0.027583,-0.000312,0.039182,-0.025537,0.064719,-0.009561,-0.077744,0.068182
ERIC-A.ST,2023-06-29,56.91,positive,Q5,0.024342,-0.006628,0.03097,0.006491,-0.027583,0.034074,-0.071763,-0.025537,-0.046226,-0.105842,-0.077744,-0.028098
8TRA.ST,2023-06-29,7.62,positive,Q4,-0.021583,-0.006628,-0.014954,-0.05789,-0.027583,-0.030307,-0.00777,-0.025537,0.017767,-0.029353,-0.077744,0.048391
HOLM-A.ST,2023-06-29,5.57,positive,Q4,0.015154,-0.006628,0.021782,0.005033,-0.027583,0.032616,0.037857,-0.025537,0.063394,0.058071,-0.077744,0.135814
HM-B.ST,2023-06-29,14.12,positive,Q4,-0.003419,-0.006628,0.00321,-0.032506,-0.027583,-0.004923,-0.04522,-0.025537,-0.019683,-0.134581,-0.077744,-0.056837
AZN.ST,2023-06-29,-41.2,negative,Q1,-0.078812,-0.006628,-0.072184,-0.089473,-0.027583,-0.06189,-0.027132,-0.025537,-0.001595,-0.024094,-0.077744,0.05365
HUSQ-A.ST,2023-06-29,-7.17,negative,Q2,0.001117,-0.006628,0.007746,-0.034745,-0.027583,-0.007162,0.063457,-0.025537,0.088994,-0.155402,-0.077744,-0.077658
ARION-SDB.ST,2023-06-29,16.9,positive,Q4,0.01686,-0.006628,0.023488,0.100105,-0.027583,0.127689,0.077977,-0.025537,0.103514,0.017914,-0.077744,0.095657
ATCO-B.ST,2023-06-29,2.16,positive,Q3,-0.014924,-0.006628,-0.008296,-0.031646,-0.027583,-0.004062,-0.032036,-0.025537,-0.006499,-0.078215,-0.077744,-0.000472
NOKIA-SEK.ST,2023-06-29,-33.04,negative,Q1,0.028415,-0.006628,0.035043,0.005014,-0.027583,0.032597,-0.077841,-0.025537,-0.052304,-0.09575,-0.077744,-0.018006
PLAZ-B.ST,2023-07-05,53.33,positive,Q5,0.005228,0.003429,0.0018,0.025011,0.010135,0.014875,0.062032,-0.012897,0.074929,-0.127879,-0.050685,-0.077194
NP3.ST,2023-07-07,-30.79,negative,Q1,-0.007132,0.001859,-0.008992,0.005396,-0.000296,0.005692,0.039258,-0.021994,0.061252,-0.079881,-0.052022,-0.027859
DIOS.ST,2023-07-07,-17.5,negative,Q2,0.037508,0.001859,0.035648,-0.002982,-0.000296,-0.002686,0.021971,-0.021994,0.043965,-0.088826,-0.052022,-0.036804
CATE.ST,2023-07-07,-12.04,negative,Q2,0.016343,0.001859,0.014483,0.011586,-0.000296,0.011882,0.02002,-0.021994,0.042014,-0.018444,-0.052022,0.033578
FABG.ST,2023-07-07,105.0,positive,Q5,0.032452,0.001859,0.030592,0.033654,-0.000296,0.03395,0.115652,-0.021994,0.137646,0.085604,-0.052022,0.137625
WIHL.ST,2023-07-10,-7.25,negative,Q2,0.020322,0.007226,0.013096,0.021023,0.004832,0.016191,0.070778,-0.017099,0.087877,-0.010371,-0.041791,0.03142
NYF.ST,2023-07-11,43.08,positive,Q5,-0.020075,-0.001327,-0.018748,-0.024588,-0.012569,-0.012019,0.055089,-0.018123,0.073212,-0.124339,-0.057832,-0.066506
ELAN-B.ST,2023-07-12,1.84,positive,Q3,-0.020461,-0.005803,-0.014658,-0.038958,-0.016223,-0.022736,0.0,-0.025565,0.025565,-0.099411,-0.030134,-0.069277
BIOA-B.ST,2023-07-12,-23.4,negative,Q1,-0.014134,-0.005803,-0.008331,0.068551,-0.016223,0.084774,0.166078,-0.025565,0.191642,-0.007067,-0.030134,0.023067
JM.ST,2023-07-12,-30.41,negative,Q1,-0.014724,-0.005803,-0.008921,0.044243,-0.016223,0.060465,0.104536,-0.025565,0.130101,-0.008025,-0.030134,0.022109
XVIVO.ST,2023-07-13,74.29,positive,Q5,-0.02862,-0.002204,-0.026416,0.016835,-0.009177,0.026012,-0.03367,-0.019919,-0.013751,-0.13468,-0.024186,-0.110494
VIT-B.ST,2023-07-14,26.96,positive,Q5,0.0,0.006999,-0.006999,0.044265,0.000305,0.043961,0.008674,-0.02881,0.037484,-0.170957,-0.01382,-0.157136
AXFO.ST,2023-07-14,6.2,positive,Q4,-0.003427,0.006999,-0.010426,0.043518,0.000305,0.043213,-0.004211,-0.02881,0.024599,-0.039224,-0.01382,-0.025404
HMS.ST,2023-07-14,-21.59,negative,Q1,0.005027,0.006999,-0.001972,0.059787,0.000305,0.059482,0.124626,-0.02881,0.153436,0.011551,-0.01382,0.025371
WALL-B.ST,2023-07-14,-12.5,negative,Q2,0.031001,0.006999,0.024002,0.089163,0.000305,0.088858,0.061454,-0.02881,0.090264,0.024691,-0.01382,0.038512
NMAN.ST,2023-07-14,9.16,positive,Q4,-0.009657,0.006999,-0.016656,0.004854,0.000305,0.004549,0.033825,-0.02881,0.062636,-0.094196,-0.01382,-0.080375
PNDX-B.ST,2023-07-14,-14.81,negative,Q2,0.016745,0.006999,0.009745,0.049264,0.000305,0.048959,0.030933,-0.02881,0.059743,-0.034282,-0.01382,-0.020462
FNOX.ST,2023-07-14,10.53,positive,Q4,0.033471,0.006999,0.026472,0.009518,0.000305,0.009213,-0.026808,-0.02881,0.002002,-0.165609,-0.01382,-0.151789
COOR.ST,2023-07-14,-5.74,negative,Q2,0.020813,0.006999,0.013814,0.039148,0.000305,0.038843,0.020813,-0.02881,0.049623,0.045342,-0.01382,0.059162
BRAV.ST,2023-07-14,-8.23,negative,Q2,0.013007,0.006999,0.006008,0.02009,0.000305,0.019785,-0.083323,-0.02881,-0.054512,-0.008886,-0.01382,0.004934
INWI.ST,2023-07-14,26.79,positive,Q5,-0.030202,0.006999,-0.037201,0.048441,0.000305,0.048136,0.072171,-0.02881,0.100981,-0.056678,-0.01382,-0.042858
ALIF-B.ST,2023-07-14,-51.79,negative,Q1,-0.010758,0.006999,-0.017757,0.015593,0.000305,0.015288,-0.049075,-0.02881,-0.020265,-0.236674,-0.01382,-0.222853
MYCR.ST,2023-07-14,-18.45,negative,Q2,0.013363,0.006999,0.006364,0.016017,0.000305,0.015712,0.011532,-0.02881,0.040342,0.084294,-0.01382,0.098115
PEAB-B.ST,2023-07-14,97.61,positive,Q5,0.01692,0.006999,0.009921,0.065023,0.000305,0.064718,0.015228,-0.02881,0.044039,0.036983,-0.01382,0.050804
GRNG.ST,2023-07-14,18.33,positive,Q5,-0.00599,0.006999,-0.012989,0.008617,0.000305,0.008312,0.021648,-0.02881,0.050458,-0.004519,-0.01382,0.009302
ARJO-B.ST,2023-07-14,25.0,positive,Q5,0.009711,0.006999,0.002712,0.028681,0.000305,0.028376,-0.076558,-0.02881,-0.047748,-0.121274,-0.01382,-0.107453
ANOD-B.ST,2023-07-14,13.64,positive,Q4,-0.000645,0.006999,-0.007644,0.00619,0.000305,0.005885,-0.010832,-0.02881,0.017978,-0.117344,-0.01382,-0.103523
LIFCO-B.ST,2023-07-14,0.0,negative,Q3,-0.009372,0.006999,-0.016371,0.015205,0.000305,0.0149,0.016701,-0.02881,0.045511,-0.052595,-0.01382,-0.038775
CAST.ST,2023-07-14,-9.13,negative,Q2,0.024399,0.006999,0.0174,0.093858,0.000305,0.093553,0.073105,-0.02881,0.101915,0.040946,-0.01382,0.054766
SHOT.ST,2023-07-14,-49.55,negative,Q1,0.032914,0.006999,0.025915,0.057265,0.000305,0.05696,-0.016591,-0.02881,0.012219,-0.09125,-0.01382,-0.077429
ERIC-B.ST,2023-07-14,31.48,positive,Q5,0.004399,0.006999,-0.0026,0.060933,0.000305,0.060628,0.063792,-0.02881,0.092603,0.102288,-0.01382,0.116108
VITR.ST,2023-07-14,-25.0,negative,Q1,0.007246,0.006999,0.000247,-0.013822,0.000305,-0.014127,-0.096085,-0.02881,-0.067275,-0.166352,-0.01382,-0.152532
SAGA-B.ST,2023-07-17,-16.54,negative,Q2,0.062817,-0.010217,0.073034,0.065492,0.000116,0.065376,0.061941,-0.03465,0.09659,-0.080297,-0.030541,-0.049756
BIOT.ST,2023-07-17,-36.36,negative,Q1,0.014374,-0.010217,0.024591,0.079958,0.000116,0.079842,-0.032751,-0.03465,0.001899,-0.27736,-0.030541,-0.246819
VOLO.ST,2023-07-17,33.95,positive,Q5,-0.014849,-0.010217,-0.004633,-0.042812,0.000116,-0.042928,-0.133835,-0.03465,-0.099185,-0.152444,-0.030541,-0.121903
GETI-B.ST,2023-07-18,13.54,positive,Q4,-0.001032,-0.005022,0.00399,0.008313,-0.000232,0.008544,-0.039498,-0.036315,-0.003183,0.056884,-0.020115,0.076999
AFRY.ST,2023-07-18,-28.05,negative,Q1,0.004113,-0.005022,0.009135,0.0,-0.000232,0.000232,-0.036866,-0.036315,-0.000551,-0.146949,-0.020115,-0.126833
BALD-B.ST,2023-07-18,-4.67,negative,Q2,0.002496,-0.005022,0.007518,0.032862,-0.000232,0.033094,0.008527,-0.036315,0.044842,0.017679,-0.020115,0.037794
SWEC-B.ST,2023-07-18,0.0,negative,Q3,-0.030603,-0.005022,-0.02558,-0.013465,-0.000232,-0.013233,-0.053955,-0.036315,-0.01764,-0.134369,-0.020115,-0.114254
NCC-B.ST,2023-07-18,3.99,positive,Q3,0.0044,-0.005022,0.009423,0.032603,-0.000232,0.032835,-0.0009,-0.036315,0.035415,0.045905,-0.020115,0.06602
SOBI.ST,2023-07-18,-35.65,negative,Q1,-0.005837,-0.005022,-0.000814,-0.009728,-0.000232,-0.009496,0.009728,-0.036315,0.046042,0.040856,-0.020115,0.060971
TEL2-B.ST,2023-07-18,-7.33,negative,Q2,0.007938,-0.005022,0.01296,0.010968,-0.000232,0.0112,-0.041564,-0.036315,-0.00525,0.098571,-0.020115,0.118687
HUSQ-B.ST,2023-07-18,-0.4,negative,Q3,-0.01838,-0.005022,-0.013358,0.03275,-0.000232,0.032982,-0.042442,-0.036315,-0.006127,-0.147042,-0.020115,-0.126927
EPI-A.ST,2023-07-18,7.88,positive,Q4,0.003256,-0.005022,0.008278,0.034396,-0.000232,0.034628,0.015281,-0.036315,0.051596,0.045949,-0.020115,0.066064
SEB-A.ST,2023-07-18,14.07,positive,Q4,0.004864,-0.005022,0.009886,0.024226,-0.000232,0.024458,0.017398,-0.036315,0.053712,0.101207,-0.020115,0.121322
EPI-B.ST,2023-07-18,9.5,positive,Q4,0.009952,-0.005022,0.014974,0.038027,-0.000232,0.038259,0.010566,-0.036315,0.046881,0.033911,-0.020115,0.054026
SWED-A.ST,2023-07-18,12.99,positive,Q4,0.003206,-0.005022,0.008228,0.022443,-0.000232,0.022675,0.017942,-0.036315,0.054257,0.103952,-0.020115,0.124067
DOM.ST,2023-07-18,37.91,positive,Q5,-0.011881,-0.005022,-0.006859,-0.027327,-0.000232,-0.027095,-0.056634,-0.036315,-0.020319,-0.185875,-0.020115,-0.165759
CAMX.ST,2023-07-18,-8.55,negative,Q2,-0.001345,-0.005022,0.003677,0.01883,-0.000232,0.019062,-0.00538,-0.036315,0.030935,0.110962,-0.020115,0.131077
MTRS.ST,2023-07-18,3.92,positive,Q3,0.065434,-0.005022,0.070456,0.052623,-0.000232,0.052855,0.001622,-0.036315,0.037936,0.044677,-0.020115,0.064792
ASSA-B.ST,2023-07-19,-8.7,negative,Q2,0.003606,0.001317,0.002289,0.018826,0.013319,0.005507,-0.042096,-0.035452,-0.006645,-0.027254,-0.023499,-0.003755
VOLV-B.ST,2023-07-19,34.19,positive,Q5,-0.008567,0.001317,-0.009884,0.020472,0.013319,0.007153,-0.016487,-0.035452,0.018964,-0.004632,-0.023499,0.018866
AAK.ST,2023-07-19,5.83,positive,Q4,0.001941,0.001317,0.000624,0.012821,0.013319,-0.000499,-0.052406,-0.035452,-0.016954,0.048422,-0.023499,0.07192
SHB-B.ST,2023-07-19,20.07,positive,Q5,0.007116,0.001317,0.0058,0.017844,0.013319,0.004524,-0.026766,-0.035452,0.008686,0.091025,-0.023499,0.114524
TREL-B.ST,2023-07-19,29.4,positive,Q5,0.018216,0.001317,0.0169,0.061445,0.013319,0.048126,0.025052,-0.035452,0.060504,0.057296,-0.023499,0.080795
SAND.ST,2023-07-19,-0.31,negative,Q3,-0.000514,0.001317,-0.001831,0.026769,0.013319,0.013449,-0.014129,-0.035452,0.021322,-0.039973,-0.023499,-0.016475
THULE.ST,2023-07-19,5.11,positive,Q4,0.003657,0.001317,0.00234,0.009143,0.013319,-0.004177,-0.015592,-0.035452,0.019859,-0.202168,-0.023499,-0.178669
SKF-B.ST,2023-07-19,16.52,positive,Q4,-0.023868,0.001317,-0.025185,-0.000765,0.013319,-0.014084,-0.082309,-0.035452,-0.046858,-0.086406,-0.023499,-0.062907
LAGR-B.ST,2023-07-19,-2.88,negative,Q3,0.013379,0.001317,0.012062,0.010216,0.013319,-0.003103,-0.077516,-0.035452,-0.042064,-0.169707,-0.023499,-0.146209
ATCO-A.ST,2023-07-19,5.71,positive,Q4,0.012021,0.001317,0.010704,0.021966,0.013319,0.008647,-0.037707,-0.035452,-0.002256,0.02397,-0.023499,0.047468
HEM.ST,2023-07-19,4.44,positive,Q3,0.017707,0.001317,0.01639,0.085708,0.013319,0.072388,0.061137,-0.035452,0.096589,0.146268,-0.023499,0.169767
SHB-A.ST,2023-07-19,7.81,positive,Q4,0.004198,0.001317,0.002881,0.030782,0.013319,0.017463,0.01721,-0.035452,0.052662,0.095285,-0.023499,0.118783
BONAV-B.ST,2023-07-20,-75.54,negative,Q1,0.028276,0.007345,0.020931,0.060359,0.011854,0.048505,-0.096248,-0.039696,-0.056552,-0.205546,-0.037267,-0.16828
TELIA.ST,2023-07-20,-9.09,negative,Q2,0.016288,0.007345,0.008943,0.008885,0.011854,-0.002969,-0.103159,-0.039696,-0.063463,0.001481,-0.037267,0.038747
INDT.ST,2023-07-20,-1.97,negative,Q3,-0.009869,0.007345,-0.017214,-0.002662,0.011854,-0.014516,-0.095245,-0.039696,-0.055549,-0.14468,-0.037267,-0.107413
ESSITY-A.ST,2023-07-20,-12.17,negative,Q2,-0.015286,0.007345,-0.022631,0.005732,0.011854,-0.006121,-0.021018,-0.039696,0.018678,-0.084153,-0.037267,-0.046886
CEVI.ST,2023-07-20,24.79,positive,Q5,0.006521,0.007345,-0.000824,-0.032785,0.011854,-0.044639,-0.235841,-0.039696,-0.196145,-0.436707,-0.037267,-0.39944
BFG.ST,2023-07-20,-81.82,negative,Q1,-0.04,0.007345,-0.047345,-0.023077,0.011854,-0.03493,-0.107692,-0.039696,-0.067997,-0.098462,-0.037267,-0.061195
SAAB-B.ST,2023-07-20,17.55,positive,Q4,-0.017631,0.007345,-0.024976,-0.052543,0.011854,-0.064397,-0.034912,-0.039696,0.004784,-0.008955,-0.037267,0.028311
STEF-B.ST,2023-07-20,-196.19,negative,Q1,0.0,0.007345,-0.007345,0.053613,0.011854,0.04176,-0.109557,-0.039696,-0.069861,-0.24359,-0.037267,-0.206323
ESSITY-B.ST,2023-07-20,-2.91,negative,Q3,-0.009573,0.007345,-0.016918,0.01381,0.011854,0.001956,-0.01495,-0.039696,0.024746,-0.078133,-0.037267,-0.040866
BOL.ST,2023-07-20,-70.54,negative,Q1,0.046789,0.007345,0.039444,0.101735,0.011854,0.089882,0.034295,-0.039696,0.073991,0.0535,-0.037267,0.090767
ALFA.ST,2023-07-20,1.68,positive,Q3,0.001299,0.007345,-0.006046,0.0138,0.011854,0.001946,-0.051086,-0.039696,-0.011391,-0.044051,-0.037267,-0.006784
MTG-B.ST,2023-07-20,-48.85,negative,Q1,-0.02805,0.007345,-0.035395,-0.039972,0.011854,-0.051826,-0.068022,-0.039696,-0.028327,0.040673,-0.037267,0.07794
MIPS.ST,2023-07-20,-30.28,negative,Q1,-0.009262,0.007345,-0.016607,0.027919,0.011854,0.016066,-0.075006,-0.039696,-0.03531,-0.285854,-0.037267,-0.248587
BILL.ST,2023-07-20,-15.57,negative,Q2,0.01047,0.007345,0.003125,0.094995,0.011854,0.083141,0.006512,-0.039696,0.046208,0.146195,-0.037267,0.183462
FAG.ST,2023-07-20,-26.88,negative,Q1,0.037852,0.007345,0.030507,0.041869,0.011854,0.030016,-0.049905,-0.039696,-0.010209,-0.021992,-0.037267,0.015275
INTRUM.ST,2023-07-20,-97.54,negative,Q1,0.064969,0.007345,0.057624,0.054726,0.011854,0.042873,-0.138718,-0.039696,-0.099022,-0.161399,-0.037267,-0.124132
VOLCAR-B.ST,2023-07-20,28.0,positive,Q5,0.038401,0.007345,0.031056,0.021552,0.011854,0.009698,-0.128918,-0.039696,-0.089223,-0.090909,-0.037267,-0.053642
ELUX-B.ST,2023-07-20,-101.5,negative,Q1,0.025568,0.007345,0.018223,0.060065,0.011854,0.048211,0.030438,-0.039696,0.070134,-0.102273,-0.037267,-0.065006
ENGCON-B.ST,2023-07-20,3.77,positive,Q3,0.009314,0.007345,0.001969,0.003972,0.011854,-0.007881,0.032735,-0.039696,0.072431,-0.212848,-0.037267,-0.175581
KNOW.ST,2023-07-20,-66.19,negative,Q1,-0.002777,0.007345,-0.010122,0.031895,0.011854,0.020041,-0.026417,-0.039696,0.013279,-0.138762,-0.037267,-0.101495
NOLA-B.ST,2023-07-20,5.17,positive,Q4,0.025329,0.007345,0.017984,0.016561,0.011854,0.004708,-0.050901,-0.039696,-0.011205,0.146615,-0.037267,0.183881
OX2.ST,2023-07-21,181.25,positive,Q5,-0.010145,0.006809,-0.016954,-0.045652,0.003167,-0.048819,-0.194928,-0.040184,-0.154744,-0.363768,-0.054362,-0.309406
LIAB.ST,2023-07-21,15.93,positive,Q4,0.018614,0.006809,0.011805,0.014905,0.003167,0.011738,-0.059089,-0.040184,-0.018905,-0.08022,-0.054362,-0.025858
SSAB-A.ST,2023-07-21,-10.14,negative,Q2,0.019876,0.006809,0.013067,0.020567,0.003167,0.0174,-0.043899,-0.040184,-0.003715,-0.100242,-0.054362,-0.04588
SDIP-B.ST,2023-07-21,11.03,positive,Q4,0.040903,0.006809,0.034094,0.024683,0.003167,0.021516,-0.094499,-0.040184,-0.054316,-0.344499,-0.054362,-0.290138
BILI-A.ST,2023-07-21,6.31,positive,Q4,0.007302,0.006809,0.000493,0.019297,0.003167,0.01613,-0.03317,-0.040184,0.007014,-0.05424,-0.054362,0.000122
IVSO.ST,2023-07-21,-46.43,negative,Q1,0.002223,0.006809,-0.004585,-0.017924,0.003167,-0.02109,-0.10314,-0.040184,-0.062956,-0.203603,-0.054362,-0.149241
SINCH.ST,2023-07-21,-86.05,negative,Q1,0.057528,0.006809,0.05072,-0.029652,0.003167,-0.032819,-0.189986,-0.040184,-0.149802,-0.307173,-0.054362,-0.252812
SCA-B.ST,2023-07-21,-2.22,negative,Q3,0.048006,0.006809,0.041197,0.058253,0.003167,0.055086,0.05108,-0.040184,0.091264,0.163487,-0.054362,0.217849
TRUE-B.ST,2023-07-21,40.0,positive,Q5,0.023741,0.006809,0.016932,-0.069544,0.003167,-0.072711,-0.224221,-0.040184,-0.184037,-0.239329,-0.054362,-0.184967
BIOG-B.ST,2023-07-21,6.67,positive,Q4,0.012742,0.006809,0.005934,0.02349,0.003167,0.020324,-0.001994,-0.040184,0.038189,-0.024044,-0.054362,0.030317
SF.ST,2023-07-21,-43.55,negative,Q1,-0.015548,0.006809,-0.022357,-0.038993,0.003167,-0.04216,-0.147581,-0.040184,-0.107398,-0.287266,-0.054362,-0.232904
SSAB-B.ST,2023-07-21,-14.38,negative,Q2,0.022876,0.006809,0.016067,0.033224,0.003167,0.030058,-0.030683,-0.040184,0.009501,-0.091866,-0.054362,-0.037505
EVO.ST,2023-07-21,2.52,positive,Q3,-0.004813,0.006809,-0.011622,0.006357,0.003167,0.00319,-0.084203,-0.040184,-0.044019,-0.188869,-0.054362,-0.134507
SDIP-PREF.ST,2023-07-21,14.48,positive,Q4,-0.016962,0.006809,-0.023771,-0.004216,0.003167,-0.007383,-0.016962,-0.040184,0.023221,0.00451,-0.054362,0.058872
ALLEI.ST,2023-07-21,-11.22,negative,Q2,0.023693,0.006809,0.016884,0.051295,0.003167,0.048128,0.028823,-0.040184,0.069006,0.408158,-0.054362,0.46252
BEIA-B.ST,2023-07-21,-25.99,negative,Q1,-0.002488,0.006809,-0.009296,-0.039438,0.003167,-0.042605,-0.195015,-0.040184,-0.154831,-0.114221,-0.054362,-0.059859
ALIV-SDB.ST,2023-07-21,36.88,positive,Q5,-0.021636,0.006809,-0.028445,-0.013637,0.003167,-0.016803,-0.031038,-0.040184,0.009146,-0.052875,-0.054362,0.001487
LOOMIS.ST,2023-07-21,-16.14,negative,Q2,-0.006057,0.006809,-0.012866,0.028134,0.003167,0.024967,-0.046269,-0.040184,-0.006085,0.071702,-0.054362,0.126064
EPRO-B.ST,2023-07-21,20.27,positive,Q5,0.014306,0.006809,0.007497,0.007502,0.003167,0.004335,-0.057048,-0.040184,-0.016864,-0.073971,-0.054362,-0.019609
SKA-B.ST,2023-07-21,69.93,positive,Q5,-0.000577,0.006809,-0.007385,0.00269,0.003167,-0.000476,-0.074114,-0.040184,-0.033931,0.004804,-0.054362,0.059166
NCAB.ST,2023-07-21,-12.9,negative,Q2,0.003182,0.006809,-0.003627,0.038681,0.003167,0.035514,-0.033825,-0.040184,0.006359,-0.1214,-0.054362,-0.067038
KFAST-B.ST,2023-07-25,-57.89,negative,Q1,-0.02354,0.008464,-0.032005,-0.021657,-0.005587,-0.01607,-0.155367,-0.040035,-0.115333,-0.408192,-0.075488,-0.332704
SAVE.ST,2023-07-25,-2.17,negative,Q3,-0.015739,0.008464,-0.024203,-0.043502,-0.005587,-0.037915,-0.093353,-0.040035,-0.053319,-0.083221,-0.075488,-0.007733
HEXA-B.ST,2023-07-26,0.0,negative,Q3,-0.005766,-0.000132,-0.005634,-0.020577,-0.025535,0.004958,-0.071453,-0.046884,-0.024569,-0.097795,-0.079833,-0.017962
COIC.ST,2023-07-26,-10.76,negative,Q2,-0.007582,-0.000132,-0.00745,0.033536,-0.025535,0.059071,-0.085501,-0.046884,-0.038617,-0.188323,-0.079833,-0.10849
PDX.ST,2023-07-27,10.34,positive,Q4,0.01406,-0.001303,0.015363,0.026823,-0.019615,0.046438,-0.083906,-0.035292,-0.048614,-0.366795,-0.079869,-0.286927
SECU-B.ST,2023-07-28,0.41,positive,Q3,-0.009465,-0.004796,-0.004669,-0.011892,-0.018253,0.006361,-0.007402,-0.026416,0.019014,-0.006067,-0.082795,0.076728
FG.ST,2023-08-15,-25.17,negative,Q1,-0.068259,-0.011924,-0.056335,-0.095807,-0.011858,-0.083949,-0.208712,0.004422,-0.213134,-0.307097,-0.026568,-0.280529
HTRO.ST,2023-08-15,-1.55,negative,Q3,-0.066462,-0.011924,-0.054539,-0.120674,-0.011858,-0.108816,-0.147933,0.004422,-0.152355,-0.61807,-0.026568,-0.591502
GARO.ST,2023-08-15,-16.67,negative,Q2,0.014005,-0.011924,0.025928,-0.030848,-0.011858,-0.01899,-0.169001,0.004422,-0.173423,-0.476533,-0.026568,-0.449965
STOR-B.ST,2023-08-16,-84.0,negative,Q1,-0.074031,-0.004131,-0.069899,-0.089307,-0.004091,-0.085216,-0.085781,0.018862,-0.104644,-0.122209,0.007157,-0.129366
NEWA-B.ST,2023-08-16,-16.24,negative,Q2,-0.021967,-0.004131,-0.017836,-0.045679,-0.004091,-0.041588,-0.017748,0.018862,-0.03661,0.113907,0.007157,0.10675
KAR.ST,2023-08-17,-132.39,negative,Q1,-0.032569,-0.003089,-0.02948,-0.004825,0.001309,-0.006134,0.139928,0.019277,0.120651,0.312425,0.022048,0.290376
HOLM-B.ST,2023-08-17,0.0,negative,Q3,-0.005078,-0.003089,-0.001988,0.022299,0.001309,0.02099,0.078314,0.019277,0.059037,0.073263,0.022048,0.051215
EMBRAC-B.ST,2023-08-17,30.85,positive,Q5,-0.064022,-0.003089,-0.060933,-0.168754,0.001309,-0.170063,-0.106472,0.019277,-0.125749,-0.267571,0.022048,-0.28962
BOOZT.ST,2023-08-18,36.26,positive,Q5,0.03516,0.006833,0.028327,0.054809,0.016493,0.038315,-0.018097,0.017845,-0.035942,0.134436,0.015197,0.11924
NORVA.ST,2023-08-22,-29.55,negative,Q1,-0.01559,-0.004157,-0.011433,0.002227,0.014097,-0.01187,-0.137639,0.011196,-0.148835,0.024499,0.023966,0.000533
INSTAL.ST,2023-08-22,-21.13,negative,Q1,-0.006599,-0.004157,-0.002441,-0.034094,0.014097,-0.048191,-0.116855,0.011196,-0.12805,-0.035744,0.023966,-0.05971
SYNSAM.ST,2023-08-22,13.25,positive,Q4,-0.005153,-0.004157,-0.000996,0.040141,0.014097,0.026044,-0.002712,0.011196,-0.013908,0.032547,0.023966,0.008581
MEKO.ST,2023-08-23,-53.1,negative,Q1,0.016868,0.001269,0.015599,-0.022853,0.018176,-0.041029,-0.072043,0.009411,-0.081454,0.048645,0.023926,0.024719
HUFV-A.ST,2023-08-24,93.18,positive,Q5,0.007482,0.012028,-0.004546,0.044023,0.017566,0.026457,0.025753,0.003563,0.022189,0.089699,0.030122,0.059577
SUS.ST,2023-08-24,-6.17,negative,Q2,0.062176,0.012028,0.050148,0.063472,0.017566,0.045906,-0.060881,0.003563,-0.064444,0.045984,0.030122,0.015862
EKTA-B.ST,2023-08-24,51.16,positive,Q5,-0.002803,0.012028,-0.014831,0.002102,0.017566,-0.015464,-0.042601,0.003563,-0.046164,0.150645,0.030122,0.120522
VESTUM.ST,2023-08-29,30.0,positive,Q5,0.019737,-0.000152,0.019889,-0.067434,0.008005,-0.075439,-0.248355,-0.021707,-0.226648,-0.328947,0.019119,-0.348066
XBRANE.ST,2023-08-29,-81.92,negative,Q1,-0.038961,-0.000152,-0.038809,-0.050505,0.008005,-0.05851,-0.222222,-0.021707,-0.200515,-0.578066,0.019119,-0.597185
ACAD.ST,2023-08-30,1.26,positive,Q3,0.001939,0.000669,0.00127,-0.00991,0.000381,-0.010291,-0.074106,-0.013392,-0.060714,0.017665,0.01376,0.003905
AERO.ST,2023-08-30,98.34,positive,Q5,0.011207,0.000669,0.010538,0.0,0.000381,-0.000381,0.0,-0.013392,0.013392,0.045339,0.01376,0.031579
SYSR.ST,2023-08-31,24.47,positive,Q5,0.01154,0.003456,0.008084,0.020121,-0.004513,0.024634,-0.037284,-0.018406,-0.018878,0.00148,0.021404,-0.019924
SECT-B.ST,2023-09-05,-13.51,negative,Q2,0.024419,-0.007714,0.032134,0.005757,-0.01821,0.023967,-0.173053,-0.03428,-0.138772,-0.130898,0.02326,-0.154158
ADVT.ST,2023-09-06,-37.04,negative,Q1,-0.015326,-0.004227,-0.011099,0.038314,0.002116,0.036199,-0.019157,-0.01444,-0.004717,0.233716,0.03762,0.196097
HM-B.ST,2023-09-27,3.03,positive,Q3,0.019816,0.008346,0.01147,-0.024916,-0.00495,-0.019966,-0.047865,-0.041163,-0.006702,0.187746,0.118181,0.069564
SCA-A.ST,2023-09-29,0.42,positive,Q3,-0.024383,-0.009744,-0.014639,0.040592,-0.00592,0.046512,0.031078,-0.032701,0.063779,0.013531,0.117523,-0.103993
NP3-PREF.ST,2023-09-29,-82.3,negative,Q1,0.0,-0.009744,0.009744,0.020604,-0.00592,0.026523,-0.014375,-0.032701,0.018326,0.138476,0.117523,0.020953
STE-R.ST,2023-09-29,-222.05,negative,Q1,-0.040096,-0.009744,-0.030352,0.019234,-0.00592,0.025154,-0.009694,-0.032701,0.023006,0.031875,0.117523,-0.085648
NOKIA-SEK.ST,2023-09-29,-65.68,negative,Q1,0.013749,-0.009744,0.023494,-0.042306,-0.00592,-0.036386,-0.078265,-0.032701,-0.045565,-0.157589,0.117523,-0.275112
NDA-SE.ST,2023-09-29,3.07,positive,Q3,-0.016954,-0.009744,-0.00721,-0.007795,-0.00592,-0.001875,-0.023482,-0.032701,0.009218,0.038293,0.117523,-0.07923
MTG-A.ST,2023-09-29,-7.74,negative,Q2,-0.027211,-0.009744,-0.017467,0.006803,-0.00592,0.012722,0.197279,-0.032701,0.22998,0.156463,0.117523,0.038939
TEL2-A.ST,2023-09-29,-10.0,negative,Q2,0.0,-0.009744,0.009744,0.008954,-0.00592,0.014874,-0.047673,-0.032701,-0.014972,0.015765,0.117523,-0.101758
HOLM-A.ST,2023-09-29,15.57,positive,Q4,-0.021229,-0.009744,-0.011485,0.014128,-0.00592,0.020048,-0.016528,-0.032701,0.016173,0.0,0.117523,-0.117523
ABB.ST,2023-09-29,-9.9,negative,Q2,-0.006818,-0.009744,0.002926,-0.006055,-0.00592,-0.000135,-0.054837,-0.032701,-0.022137,0.125365,0.117523,0.007842
NCC-A.ST,2023-09-29,51.43,positive,Q5,-0.004205,-0.009744,0.005539,0.012615,-0.00592,0.018534,-0.03794,-0.032701,-0.005239,0.090883,0.117523,-0.02664
8TRA.ST,2023-09-29,-13.47,negative,Q2,0.000866,-0.009744,0.010611,-0.057224,-0.00592,-0.051304,-0.045096,-0.032701,-0.012395,0.025171,0.117523,-0.092352
STE-A.ST,2023-09-29,-222.05,negative,Q1,-0.01676,-0.009744,-0.007016,-0.013918,-0.00592,-0.007998,-0.047439,-0.032701,-0.014738,-0.030678,0.117523,-0.148202
VOLV-A.ST,2023-09-29,12.68,positive,Q4,-0.006099,-0.009744,0.003645,-0.021025,-0.00592,-0.015106,-0.021025,-0.032701,0.011675,0.170039,0.117523,0.052515
ARION-SDB.ST,2023-09-29,-19.66,negative,Q2,0.002077,-0.009744,0.011821,-0.01973,-0.00592,-0.01381,-0.045691,-0.032701,-0.01299,0.003115,0.117523,-0.114408
ELUX-A.ST,2023-09-29,-63.12,negative,Q1,-0.008,-0.009744,0.001744,0.0,-0.00592,0.00592,-0.072,-0.032701,-0.039299,-0.032,0.117523,-0.149523
VOLO-PREF.ST,2023-09-29,1.65,positive,Q3,0.0,-0.009744,0.009744,0.0,-0.00592,0.00592,0.0,-0.032701,0.032701,0.023988,0.117523,-0.093536
SWEC-A.ST,2023-09-29,-9.31,negative,Q2,-0.014477,-0.009744,-0.004732,-0.019336,-0.00592,-0.013416,-0.004859,-0.032701,0.027842,0.314031,0.117523,0.196508
ATCO-B.ST,2023-09-29,8.11,positive,Q4,-0.010849,-0.009744,-0.001105,-0.01558,-0.00592,-0.009661,-0.018762,-0.032701,0.013939,0.172363,0.117523,0.05484
HUSQ-A.ST,2023-09-29,-37.28,negative,Q1,-0.014445,-0.009744,-0.004701,-0.031385,-0.00592,-0.025466,-0.112804,-0.032701,-0.080103,0.014183,0.117523,-0.103341
AZN.ST,2023-09-29,-47.76,negative,Q1,-0.002377,-0.009744,0.007368,-0.004753,-0.00592,0.001166,-0.048157,-0.032701,-0.015456,-0.082061,0.117523,-0.199584
SKIS-B.ST,2023-10-03,7.37,positive,Q4,0.055495,0.004862,0.050633,0.047837,0.036346,0.011491,0.021979,-0.002821,0.0248,0.172054,0.131406,0.040648
AAK.ST,2023-10-10,27.05,positive,Q5,-0.001862,0.008395,-0.010257,-0.014209,-0.02246,0.00825,0.04743,-0.025406,0.072836,0.080602,0.068839,0.011762
PLAZ-B.ST,2023-10-17,8.13,positive,Q4,-0.024806,-0.010542,-0.014263,-0.019437,-0.032922,0.013485,0.177712,0.012635,0.165077,0.36431,0.083633,0.280677
EQT.ST,2023-10-17,-75.56,negative,Q1,0.012211,-0.010542,0.022753,-0.01322,-0.032922,0.019702,0.172108,0.012635,0.159472,0.294011,0.083633,0.210378
ERIC-B.ST,2023-10-17,23.61,positive,Q5,-0.008222,-0.010542,0.002321,-0.007356,-0.032922,0.025566,0.032453,0.012635,0.019818,0.281264,0.083633,0.197631
ELAN-B.ST,2023-10-17,10.04,positive,Q4,0.015707,-0.010542,0.026249,-0.027923,-0.032922,0.004999,0.034779,0.012635,0.022144,0.150337,0.083633,0.066704
VOLV-B.ST,2023-10-18,24.07,positive,Q5,-0.016809,-0.020818,0.00401,-0.017977,-0.026996,0.009019,0.04418,0.036287,0.007894,0.106795,0.082954,0.023841
HMS.ST,2023-10-18,16.09,positive,Q4,0.01733,-0.020818,0.038148,0.053715,-0.026996,0.080711,0.161144,0.036287,0.124858,0.370434,0.082954,0.28748
TEL2-B.ST,2023-10-18,4.61,positive,Q4,-0.022635,-0.020818,-0.001817,-0.074447,-0.026996,-0.047451,-0.043438,0.036287,-0.079725,0.039252,0.082954,-0.043702
SHB-B.ST,2023-10-18,30.1,positive,Q5,-0.024374,-0.020818,-0.003555,-0.07641,-0.026996,-0.049414,-0.027566,0.036287,-0.063852,0.078054,0.082954,-0.0049
SHB-A.ST,2023-10-18,17.2,positive,Q4,-0.011048,-0.020818,0.00977,-0.061394,-0.026996,-0.034398,-0.020339,0.036287,-0.056626,0.06968,0.082954,-0.013274
TELIA.ST,2023-10-19,6.52,positive,Q4,-0.023669,-0.005372,-0.018296,-0.046882,-0.01348,-0.033402,-0.031862,0.061936,-0.093797,0.084661,0.111804,-0.027144
MYCR.ST,2023-10-19,23.53,positive,Q5,0.001754,-0.005372,0.007127,0.013683,-0.01348,0.027163,0.028945,0.061936,-0.032991,0.215157,0.111804,0.103352
VIT-B.ST,2023-10-19,-20.14,negative,Q2,-0.002777,-0.005372,0.002596,0.006047,-0.01348,0.019527,0.194809,0.061936,0.132873,0.341428,0.111804,0.229623
FABG.ST,2023-10-19,1.89,positive,Q3,-0.00333,-0.005372,0.002042,0.012788,-0.01348,0.026268,0.229386,0.061936,0.16745,0.225922,0.111804,0.114118
ARJO-B.ST,2023-10-19,-2.5,negative,Q3,0.003866,-0.005372,0.009238,-0.016949,-0.01348,-0.00347,0.062444,0.061936,0.000508,0.242343,0.111804,0.130539
NORION.ST,2023-10-20,7.19,positive,Q4,0.006757,0.003725,0.003032,-0.052703,-0.004526,-0.048177,-0.004054,0.063192,-0.067246,0.039189,0.112005,-0.072816
NP3.ST,2023-10-20,-11.71,negative,Q2,0.00875,0.003725,0.005025,0.00581,-0.004526,0.010336,0.242965,0.063192,0.179773,0.289304,0.112005,0.177299
WALL-B.ST,2023-10-20,12.5,positive,Q4,0.019305,0.003725,0.01558,-0.03861,-0.004526,-0.034084,0.170436,0.063192,0.107244,0.329013,0.112005,0.217008
ALIV-SDB.ST,2023-10-20,-3.49,negative,Q3,0.001402,0.003725,-0.002323,-0.053166,-0.004526,-0.04864,-0.010256,0.063192,-0.073448,0.003208,0.112005,-0.108797
BOL.ST,2023-10-20,-4.43,negative,Q2,0.003435,0.003725,-0.00029,0.042147,-0.004526,0.046673,0.075746,0.063192,0.012554,-0.011535,0.112005,-0.123541
HUSQ-B.ST,2023-10-20,-37.14,negative,Q1,0.02794,0.003725,0.024215,0.031471,-0.004526,0.035997,0.104084,0.063192,0.040891,0.090574,0.112005,-0.021431
BIOG-B.ST,2023-10-20,29.49,positive,Q5,0.029258,0.003725,0.025534,0.016487,-0.004526,0.021013,0.073494,0.063192,0.010302,0.088819,0.112005,-0.023186
LIFCO-B.ST,2023-10-20,8.67,positive,Q4,0.005945,0.003725,0.00222,0.041191,-0.004526,0.045717,0.181756,0.063192,0.118564,0.272502,0.112005,0.160497
GETI-B.ST,2023-10-23,34.34,positive,Q5,0.018304,-0.000171,0.018474,0.034825,0.00077,0.034055,0.134496,0.067008,0.067488,0.137088,0.123593,0.013495
NMAN.ST,2023-10-23,-5.08,negative,Q2,-0.046116,-0.000171,-0.045946,-0.033814,0.00077,-0.034584,0.073876,0.067008,0.006868,0.09848,0.123593,-0.025113
SAND.ST,2023-10-23,-5.42,negative,Q2,0.011543,-0.000171,0.011714,0.022063,0.00077,0.021293,0.102923,0.067008,0.035914,0.128796,0.123593,0.005203
MTRS.ST,2023-10-24,-1.35,negative,Q3,-0.014676,-0.004479,-0.010197,0.177168,-0.000197,0.177365,0.240267,0.073537,0.16673,0.33017,0.127128,0.203042
WIHL.ST,2023-10-24,28.24,positive,Q5,0.003023,-0.004479,0.007502,0.089897,-0.000197,0.090093,0.290692,0.073537,0.217155,0.316786,0.127128,0.189658
INWI.ST,2023-10-24,15.66,positive,Q4,0.014571,-0.004479,0.01905,0.037356,-0.000197,0.037552,0.173186,0.073537,0.099649,0.160473,0.127128,0.033346
BILI-A.ST,2023-10-24,2.18,positive,Q3,0.003046,-0.004479,0.007525,0.009899,-0.000197,0.010095,0.092244,0.073537,0.018707,0.222887,0.127128,0.095759
SAVE.ST,2023-10-24,2.05,positive,Q3,0.000628,-0.004479,0.005107,0.026033,-0.000197,0.02623,0.140704,0.073537,0.067166,-0.006491,0.127128,-0.133618
XVIVO.ST,2023-10-24,-81.4,negative,Q1,-0.019481,-0.004479,-0.015001,0.0,-0.000197,0.000197,0.127706,0.073537,0.054169,0.383117,0.127128,0.255989
MTG-B.ST,2023-10-25,5.56,positive,Q4,0.021338,-0.007216,0.028554,0.037486,0.022402,0.015083,0.020185,0.079834,-0.059649,-0.102653,0.138794,-0.241447
AXFO.ST,2023-10-25,-3.17,negative,Q3,-0.009657,-0.007216,-0.002441,0.009271,0.022402,-0.013131,0.04876,0.079834,-0.031074,0.042321,0.138794,-0.096473
ASSA-B.ST,2023-10-25,-6.44,negative,Q2,-0.001714,-0.007216,0.005502,0.056478,0.022402,0.034075,0.167268,0.079834,0.087434,0.236918,0.138794,0.098124
SSAB-B.ST,2023-10-25,19.72,positive,Q5,0.036239,-0.007216,0.043455,0.121353,0.022402,0.098951,0.233786,0.079834,0.153952,0.204795,0.138794,0.066
CEVI.ST,2023-10-25,-16.79,negative,Q2,0.007776,-0.007216,0.014992,0.136353,0.022402,0.11395,0.402806,0.079834,0.322972,0.451383,0.138794,0.312589
ACAD.ST,2023-10-25,-42.72,negative,Q1,0.007949,-0.007216,0.015165,0.016125,0.022402,-0.006277,0.070861,0.079834,-0.008973,0.244606,0.138794,0.105812
BIOT.ST,2023-10-25,-18.64,negative,Q2,0.003646,-0.007216,0.010862,0.104225,0.022402,0.081823,0.171995,0.079834,0.092161,0.27164,0.138794,0.132845
SSAB-A.ST,2023-10-25,21.43,positive,Q5,0.040144,-0.007216,0.04736,0.120612,0.022402,0.09821,0.225923,0.079834,0.146089,0.186139,0.138794,0.047344
COOR.ST,2023-10-25,-40.95,negative,Q1,0.050125,-0.007216,0.057341,0.097758,0.022402,0.075356,0.147883,0.079834,0.068049,0.228207,0.138794,0.089413
BRAV.ST,2023-10-25,-5.47,negative,Q2,-0.004533,-0.007216,0.002683,0.075765,0.022402,0.053363,0.040149,0.079834,-0.039685,0.16351,0.138794,0.024716
JM.ST,2023-10-25,-58.62,negative,Q1,-0.020277,-0.007216,-0.013061,0.073702,0.022402,0.051299,0.198977,0.079834,0.119144,0.330248,0.138794,0.191453
HEBA-B.ST,2023-10-25,410.0,positive,Q5,0.009099,-0.007216,0.016315,0.030937,0.022402,0.008535,0.252957,0.079834,0.173124,0.496815,0.138794,0.358021
ALFA.ST,2023-10-25,27.2,positive,Q5,-0.003886,-0.007216,0.00333,0.003339,0.022402,-0.019064,0.070405,0.079834,-0.009429,0.039635,0.138794,-0.099159
IVSO.ST,2023-10-25,2.33,positive,Q3,-0.002395,-0.007216,0.004822,0.088604,0.022402,0.066201,0.111691,0.079834,0.031857,0.185681,0.138794,0.046887
SF.ST,2023-10-25,-26.98,negative,Q1,0.009549,-0.007216,0.016765,-0.00434,0.022402,-0.026743,0.052951,0.079834,-0.026882,-0.067708,0.138794,-0.206503
ATCO-A.ST,2023-10-25,6.67,positive,Q4,0.009778,-0.007216,0.016994,0.034982,0.022402,0.01258,0.118635,0.079834,0.038802,0.195988,0.138794,0.057193
HEM.ST,2023-10-25,1.94,positive,Q3,0.005191,-0.007216,0.012407,0.055579,0.022402,0.033176,0.220742,0.079834,0.140909,0.252989,0.138794,0.114194
BILL.ST,2023-10-25,482.61,positive,Q5,0.029993,-0.007216,0.03721,0.084003,0.022402,0.061601,0.018366,0.079834,-0.061468,-0.024777,0.138794,-0.163571
SEB-A.ST,2023-10-25,20.33,positive,Q5,-0.002074,-0.007216,0.005142,0.006129,0.022402,-0.016273,0.036964,0.079834,-0.04287,0.16181,0.138794,0.023016
LAGR-B.ST,2023-10-25,6.45,positive,Q4,-0.038083,-0.007216,-0.030867,0.007676,0.022402,-0.014727,0.135013,0.079834,0.055179,0.291183,0.138794,0.152389
INTRUM.ST,2023-10-25,-272.21,negative,Q1,0.022424,-0.007216,0.02964,0.048184,0.022402,0.025781,0.025204,0.079834,-0.05463,0.20682,0.138794,0.068026
HOLM-B.ST,2023-10-25,20.95,positive,Q5,0.021182,-0.007216,0.028398,0.03919,0.022402,0.016787,0.043086,0.079834,-0.036748,0.001213,0.138794,-0.137582
VOLO.ST,2023-10-25,17.02,positive,Q4,0.006118,-0.007216,0.013334,0.071247,0.022402,0.048844,0.191563,0.079834,0.111729,0.312006,0.138794,0.173212
SWED-A.ST,2023-10-26,7.29,positive,Q4,0.002232,0.003655,-0.001422,0.031777,0.037617,-0.00584,0.085681,0.086454,-0.000773,0.194078,0.152744,0.041333
NYF.ST,2023-10-26,-14.18,negative,Q2,0.002974,0.003655,-0.00068,0.114813,0.037617,0.077195,0.384295,0.086454,0.297841,0.750942,0.152744,0.598197
ESSITY-B.ST,2023-10-26,12.39,positive,Q4,0.021894,0.003655,0.018239,0.035685,0.037617,-0.001932,0.062837,0.086454,-0.023617,-0.040124,0.152744,-0.192869
PDX.ST,2023-10-26,-41.44,negative,Q1,0.061191,0.003655,0.057536,0.092028,0.037617,0.05441,0.119802,0.086454,0.033349,0.015956,0.152744,-0.136789
DOM.ST,2023-10-26,31.54,positive,Q5,0.0406,0.003655,0.036945,0.10044,0.037617,0.062823,0.208218,0.086454,0.121764,0.279961,0.152744,0.127216
VOLCAR-B.ST,2023-10-26,21.71,positive,Q5,-0.013089,0.003655,-0.016744,0.072775,0.037617,0.035158,-0.079581,0.086454,-0.166035,-0.299476,0.152744,-0.452221
LIAB.ST,2023-10-26,20.08,positive,Q5,0.054631,0.003655,0.050976,0.116884,0.037617,0.079267,0.209295,0.086454,0.122841,0.225811,0.152744,0.073066
LOOMIS.ST,2023-10-26,-23.5,negative,Q1,0.016248,0.003655,0.012594,0.028993,0.037617,-0.008625,0.007778,0.086454,-0.078676,-0.06507,0.152744,-0.217815
SAAB-B.ST,2023-10-26,35.85,positive,Q5,0.004217,0.003655,0.000562,0.016581,0.037617,-0.021036,-0.047384,0.086454,-0.133838,0.199257,0.152744,0.046512
CORE-B.ST,2023-10-26,240.02,positive,Q5,0.006757,0.003655,0.003102,0.266892,0.037617,0.229275,0.449324,0.086454,0.362871,0.648649,0.152744,0.495904
TREL-B.ST,2023-10-26,1.01,positive,Q3,0.012872,0.003655,0.009217,0.067308,0.037617,0.02969,0.181313,0.086454,0.094859,0.169897,0.152744,0.017153
NOLA-B.ST,2023-10-26,14.29,positive,Q4,0.032977,0.003655,0.029322,0.035873,0.037617,-0.001744,0.108289,0.086454,0.021835,0.03877,0.152744,-0.113974
MIPS.ST,2023-10-26,-43.48,negative,Q1,0.026593,0.003655,0.022939,0.08396,0.037617,0.046343,0.282734,0.086454,0.19628,0.240734,0.152744,0.08799
PNDX-B.ST,2023-10-26,-8.61,negative,Q2,0.008479,0.003655,0.004824,0.067337,0.037617,0.02972,0.2028,0.086454,0.116346,0.319629,0.152744,0.166885
ESSITY-A.ST,2023-10-26,15.57,positive,Q4,0.012088,0.003655,0.008434,0.030221,0.037617,-0.007396,0.060485,0.086454,-0.025968,-0.046382,0.152744,-0.199127
GRNG.ST,2023-10-26,60.0,positive,Q5,0.016746,0.003655,0.013091,0.100682,0.037617,0.063065,0.138206,0.086454,0.051752,0.035559,0.152744,-0.117185
BEIA-B.ST,2023-10-26,-23.6,negative,Q1,0.032562,0.003655,0.028907,0.074428,0.037617,0.03681,0.063976,0.086454,-0.022477,0.063976,0.152744,-0.088768
EVO.ST,2023-10-26,-2.33,negative,Q3,0.029391,0.003655,0.025736,0.044538,0.037617,0.006921,0.116209,0.086454,0.029755,0.24686,0.152744,0.094116
ALIF-B.ST,2023-10-26,-16.67,negative,Q2,0.055453,0.003655,0.051799,0.245251,0.037617,0.207634,0.421415,0.086454,0.334962,0.685662,0.152744,0.532917
SHOT.ST,2023-10-26,-11.63,negative,Q2,0.002853,0.003655,-0.000802,0.017974,0.037617,-0.019643,0.135806,0.086454,0.049352,0.27418,0.152744,0.121435
EPRO-B.ST,2023-10-27,-19.12,negative,Q2,-0.004537,0.009065,-0.013602,-0.016788,0.032254,-0.049042,0.010662,0.076641,-0.065979,0.220735,0.152146,0.068589
CAST.ST,2023-10-27,-22.52,negative,Q1,0.041538,0.009065,0.032474,0.123124,0.032254,0.09087,0.234125,0.076641,0.157484,0.317698,0.152146,0.165553
ELUX-B.ST,2023-10-27,-154.87,negative,Q1,0.007752,0.009065,-0.001313,0.062231,0.032254,0.029977,0.101421,0.076641,0.02478,0.083118,0.152146,-0.069028
VITR.ST,2023-10-27,13.92,positive,Q4,0.05905,0.009065,0.049985,0.113068,0.032254,0.080814,0.255439,0.076641,0.178798,0.275122,0.152146,0.122976
INDT.ST,2023-10-27,3.31,positive,Q3,0.014398,0.009065,0.005334,0.063531,0.032254,0.031277,0.164898,0.076641,0.088256,0.280662,0.152146,0.128516
FNOX.ST,2023-10-27,0.0,negative,Q3,0.02094,0.009065,0.011875,0.074221,0.032254,0.041966,0.258492,0.076641,0.181851,0.353886,0.152146,0.20174
AFRY.ST,2023-10-27,-24.57,negative,Q1,0.029009,0.009065,0.019944,0.064159,0.032254,0.031905,0.11698,0.076641,0.040339,0.260323,0.152146,0.108177
SDIP-B.ST,2023-10-27,12.33,positive,Q4,0.0,0.009065,-0.009065,0.030192,0.032254,-0.002062,0.123513,0.076641,0.046872,0.180238,0.152146,0.028092
ANOD-B.ST,2023-10-27,-3.7,negative,Q3,0.014491,0.009065,0.005426,0.005826,0.032254,-0.026428,0.094861,0.076641,0.01822,0.356439,0.152146,0.204293
DIOS.ST,2023-10-27,-1.43,negative,Q3,0.037826,0.009065,0.028762,0.117031,0.032254,0.084776,0.223584,0.076641,0.146943,0.387143,0.152146,0.234997
SKF-B.ST,2023-10-27,10.05,positive,Q4,0.006669,0.009065,-0.002396,0.024874,0.032254,-0.00738,0.079608,0.076641,0.002967,0.124069,0.152146,-0.028077
SCA-B.ST,2023-10-27,-5.88,negative,Q2,0.00232,0.009065,-0.006744,0.031459,0.032254,-0.000795,0.040671,0.076641,-0.03597,-0.095332,0.152146,-0.247478
THULE.ST,2023-10-27,-9.52,negative,Q2,0.022603,0.009065,0.013538,0.041964,0.032254,0.00971,0.136436,0.076641,0.059795,0.092441,0.152146,-0.059704
HEXA-B.ST,2023-10-27,0.0,negative,Q3,-0.00026,0.009065,-0.009324,0.051525,0.032254,0.019271,0.147437,0.076641,0.070796,0.275276,0.152146,0.12313
SWEC-B.ST,2023-10-27,4.65,positive,Q4,0.014839,0.009065,0.005774,0.108851,0.032254,0.076597,0.216769,0.076641,0.140128,0.261388,0.152146,0.109243
TRUE-B.ST,2023-10-27,-21.62,negative,Q1,0.010081,0.009065,0.001016,0.072581,0.032254,0.040326,0.145565,0.076641,0.068923,0.150403,0.152146,-0.001742
INSTAL.ST,2023-10-27,18.18,positive,Q5,0.019119,0.009065,0.010054,0.161489,0.032254,0.129234,0.104473,0.076641,0.027831,0.341072,0.152146,0.188926
EPI-A.ST,2023-10-27,-14.35,negative,Q2,0.002434,0.009065,-0.00663,0.02593,0.032254,-0.006324,0.04835,0.076641,-0.028292,0.006794,0.152146,-0.145352
EPI-B.ST,2023-10-27,-14.35,negative,Q2,0.004594,0.009065,-0.00447,0.036416,0.032254,0.004162,0.058442,0.076641,-0.018199,0.070806,0.152146,-0.08134
CATE.ST,2023-10-27,0.98,positive,Q3,0.031878,0.009065,0.022814,0.127836,0.032254,0.095582,0.119911,0.076641,0.04327,0.255643,0.152146,0.103498
FAG.ST,2023-10-27,25.0,positive,Q5,0.03871,0.009065,0.029645,0.025806,0.032254,-0.006448,0.134506,0.076641,0.057865,0.219159,0.152146,0.067014
PEAB-B.ST,2023-10-27,2.36,positive,Q3,0.043131,0.009065,0.034066,0.109957,0.032254,0.077703,0.236422,0.076641,0.159781,0.255325,0.152146,0.103179
SDIP-PREF.ST,2023-10-27,15.33,positive,Q4,0.0,0.009065,-0.009065,-0.00859,0.032254,-0.040844,0.004295,0.076641,-0.072346,0.012689,0.152146,-0.139457
HTRO.ST,2023-10-27,-9.57,negative,Q2,0.00737,0.009065,-0.001695,0.028704,0.032254,-0.00355,-0.223429,0.076641,-0.30007,-0.125291,0.152146,-0.277437
SAGA-B.ST,2023-10-27,-20.7,negative,Q1,0.0331,0.009065,0.024035,0.123808,0.032254,0.091553,0.214568,0.076641,0.137927,0.294049,0.152146,0.141904
BALD-B.ST,2023-10-27,0.92,positive,Q3,0.056177,0.009065,0.047113,0.20188,0.032254,0.169626,0.387645,0.076641,0.311004,0.52462,0.152146,0.372474
ENGCON-B.ST,2023-10-27,13.04,positive,Q4,0.028909,0.009065,0.019844,0.157375,0.032254,0.12512,0.236873,0.076641,0.160232,0.199263,0.152146,0.047117
SOBI.ST,2023-10-30,-16.67,negative,Q2,0.020052,-0.001136,0.021189,-0.003487,0.019401,-0.022889,0.100262,0.075734,0.024528,0.268527,0.140799,0.127727
NCC-B.ST,2023-10-31,13.37,positive,Q4,0.025886,0.018023,0.007863,-0.010355,0.01972,-0.030074,0.037316,0.076698,-0.039383,0.176224,0.142243,0.03398
SKA-B.ST,2023-11-01,-39.63,negative,Q1,0.01054,0.007558,0.002982,0.031053,0.012874,0.018179,0.125699,0.066047,0.059652,0.195303,0.116448,0.078855
BOOZT.ST,2023-11-06,100.0,positive,Q5,0.095833,-0.000824,0.096658,0.142708,0.025479,0.11723,0.316667,0.082026,0.234641,0.23125,0.105772,0.125478
NCAB.ST,2023-11-07,-3.28,negative,Q3,0.062792,0.011189,0.051603,0.190536,0.037197,0.15334,0.117848,0.081735,0.036113,0.245412,0.115027,0.130385
STOR-B.ST,2023-11-07,-52.94,negative,Q1,0.046512,0.011189,0.035323,0.072674,0.037197,0.035478,0.218023,0.081735,0.136288,-0.023256,0.115027,-0.138282
NEWA-B.ST,2023-11-07,-0.49,negative,Q3,0.038665,0.011189,0.027476,0.117428,0.037197,0.080231,0.20421,0.081735,0.122475,0.288272,0.115027,0.173245
SECU-B.ST,2023-11-07,-6.34,negative,Q2,0.036597,0.011189,0.025408,0.044634,0.037197,0.007437,0.089639,0.081735,0.007904,0.157146,0.115027,0.04212
STEF-B.ST,2023-11-08,-290.0,negative,Q1,-0.027027,-0.010569,-0.016458,0.008535,0.015696,-0.007161,0.152205,0.081869,0.070336,0.349929,0.102179,0.24775
KAR.ST,2023-11-08,-62.63,negative,Q1,0.007619,-0.010569,0.018188,0.026667,0.015696,0.01097,0.015238,0.081869,-0.066631,0.04381,0.102179,-0.058369
COIC.ST,2023-11-08,-16.07,negative,Q2,-0.017744,-0.010569,-0.007174,0.050506,0.015696,0.03481,0.094237,0.081869,0.012368,0.09291,0.102179,-0.009269
BFG.ST,2023-11-08,-78.05,negative,Q1,-0.015652,-0.010569,-0.005083,0.024348,0.015696,0.008652,0.029565,0.081869,-0.052304,0.606957,0.102179,0.504778
BIOA-B.ST,2023-11-08,51.61,positive,Q5,0.005607,-0.010569,0.016177,0.040187,0.015696,0.024491,0.093458,0.081869,0.011589,-0.004673,0.102179,-0.106852
HUFV-A.ST,2023-11-09,38.71,positive,Q5,-0.007993,0.003425,-0.011418,0.048212,0.039448,0.008765,0.103744,0.106082,-0.002338,0.023307,0.114927,-0.091621
SUS.ST,2023-11-09,30.99,positive,Q5,-0.041931,0.003425,-0.045356,0.003812,0.039448,-0.035636,0.07751,0.106082,-0.028573,0.149936,0.114927,0.035009
MEKO.ST,2023-11-09,12.07,positive,Q4,-0.022303,0.003425,-0.025728,0.026358,0.039448,-0.01309,0.062107,0.106082,-0.043976,0.066055,0.114927,-0.048872
KFAST-B.ST,2023-11-09,83.33,positive,Q5,0.007289,0.003425,0.003864,0.119534,0.039448,0.080086,0.311953,0.106082,0.205871,0.685131,0.114927,0.570204
CAMX.ST,2023-11-09,82.93,positive,Q5,0.013849,0.003425,0.010424,0.060172,0.039448,0.020724,0.148042,0.106082,0.04196,0.284623,0.114927,0.169696
GARO.ST,2023-11-10,-163.33,negative,Q1,0.131598,0.022309,0.109289,0.126537,0.03944,0.087097,0.366594,0.099925,0.26667,-0.03543,0.108259,-0.14369
FG.ST,2023-11-14,-26.06,negative,Q1,-0.028079,-0.009772,-0.018307,-0.016847,0.009219,-0.026067,0.159179,0.078564,0.080615,0.168474,0.07287,0.095604
BICO.ST,2023-11-14,-28.21,negative,Q1,-0.073442,-0.009772,-0.06367,0.069869,0.009219,0.06065,0.38547,0.078564,0.306907,0.04605,0.07287,-0.02682
EMBRAC-B.ST,2023-11-16,20.0,positive,Q5,-0.02438,0.003417,-0.027797,-0.079865,0.013892,-0.093757,0.155948,0.079744,0.076204,-0.24422,0.08478,-0.329
SYNSAM.ST,2023-11-17,-21.79,negative,Q1,-0.024429,-0.004196,-0.020233,-0.018125,0.009297,-0.027422,0.050171,0.080767,-0.030597,0.098765,0.091816,0.00695
NORVA.ST,2023-11-21,-7.14,negative,Q2,-0.010417,0.005947,-0.016364,-0.077083,0.008954,-0.086037,-0.00625,0.073177,-0.079427,0.125,0.091093,0.033907
AERO.ST,2023-11-24,98.75,positive,Q5,-0.045581,-0.00541,-0.040171,0.029302,0.012101,0.017201,-0.336744,0.073387,-0.410131,-0.44186,0.093672,-0.535532
XBRANE.ST,2023-11-30,9.15,positive,Q4,-0.019973,0.001594,-0.021567,0.082557,0.027907,0.05465,0.363515,0.064312,0.299204,None,None,None
EKTA-B.ST,2023-11-30,0.0,negative,Q3,-0.005157,0.001594,-0.006751,0.025126,0.027907,-0.002781,0.043639,0.064312,-0.020672,-0.072071,0.090032,-0.162103
VPLAY-B.ST,2023-12-01,-50.67,negative,Q1,-0.146739,0.006211,-0.15295,0.326087,0.03815,0.287936,-0.157609,0.045629,-0.203238,-0.423913,0.092151,-0.516064
SYSR.ST,2023-12-07,11.32,positive,Q4,0.009214,0.011575,-0.002361,-0.001355,0.031743,-0.033098,0.056504,0.01371,0.042794,-0.080081,0.068553,-0.148634
SECT-B.ST,2023-12-15,65.96,positive,Q5,0.044633,0.004368,0.040265,None,None,None,0.097066,-0.032147,0.129213,0.272935,0.06716,0.205775
SKIS-B.ST,2023-12-19,-7.24,negative,Q2,-0.026289,-0.00657,-0.01972,-0.020531,-0.000769,-0.019762,0.035303,-0.038852,0.074155,0.174094,0.051898,0.122196
RUSTA.ST,2023-12-20,400.0,positive,Q5,0.022144,0.000804,0.02134,0.053234,0.009696,0.043537,-0.009092,-0.018773,0.009681,0.123625,0.056967,0.066658
NOKIA-SEK.ST,2023-12-30,-106.68,negative,Q1,-0.005153,-0.015988,0.010835,0.025462,-0.020964,0.046426,0.069415,-0.016004,0.085419,None,None,None
ABB.ST,2023-12-30,-1.77,negative,Q3,-0.020474,-0.015988,-0.004486,-0.019794,-0.020964,0.001169,-0.006512,-0.016004,0.009492,None,None,None
NDA-SE.ST,2023-12-30,-12.94,negative,Q2,-0.007647,-0.015988,0.008341,0.012806,-0.020964,0.03377,0.00949,-0.016004,0.025494,None,None,None
AZN.ST,2023-12-30,-58.23,negative,Q1,0.006836,-0.015988,0.022824,0.024102,-0.020964,0.045065,0.002161,-0.016004,0.018165,None,None,None
EQT.ST,2024-01-17,-3.39,negative,Q3,0.031256,-0.005193,0.036449,0.068684,0.022847,0.045837,0.076795,0.042844,0.033952,0.187102,0.084558,0.102544
MTRS.ST,2024-01-21,-64.6,negative,Q1,0.067587,0.005825,0.061762,0.096195,0.013211,0.082983,0.070164,0.033152,0.037012,0.135637,0.074406,0.061231
ERIC-B.ST,2024-01-23,33.08,positive,Q5,0.005364,0.004945,0.000418,-0.044162,0.00234,-0.046502,-0.071876,0.032019,-0.103895,-0.018058,0.083039,-0.101097
ALLEI.ST,2024-01-23,8.78,positive,Q4,0.000323,0.004945,-0.004622,0.052989,0.00234,0.050649,0.03958,0.032019,0.007561,0.05525,0.083039,-0.027789
ERIC-A.ST,2024-01-23,-8.11,negative,Q2,0.001612,0.004945,-0.003334,-0.049785,0.00234,-0.052125,-0.064649,0.032019,-0.096668,-0.008775,0.083039,-0.091814
EPI-A.ST,2024-01-24,-10.95,negative,Q2,0.002989,0.003133,-0.000144,0.017146,0.000883,0.016263,0.057699,0.030778,0.026921,0.118387,0.076388,0.041999
SWED-A.ST,2024-01-24,2.64,positive,Q3,-0.00143,0.003133,-0.004563,-0.003794,0.000883,-0.004677,0.041403,0.030778,0.010625,0.046572,0.076388,-0.029816
INTRUM.ST,2024-01-24,-44.27,negative,Q1,0.045088,0.003133,0.041955,-0.148403,0.000883,-0.149285,-0.478053,0.030778,-0.508831,-0.682443,0.076388,-0.758831
EPI-B.ST,2024-01-24,-10.1,negative,Q2,0.002403,0.003133,-0.00073,-0.001265,0.000883,-0.002148,0.050408,0.030778,0.01963,0.101512,0.076388,0.025123
GRNG.ST,2024-01-25,8.6,positive,Q4,-0.020983,-0.000873,-0.020111,-0.031475,-0.000942,-0.030533,-0.066347,0.028904,-0.095251,0.20044,0.065511,0.134929
SAND.ST,2024-01-25,-6.94,negative,Q2,0.000485,-0.000873,0.001358,0.012901,-0.000942,0.013842,0.053785,0.028904,0.024881,0.023474,0.065511,-0.042037
ATCO-A.ST,2024-01-25,4.67,positive,Q4,0.011939,-0.000873,0.012811,0.033289,-0.000942,0.034231,0.102268,0.028904,0.073363,0.163793,0.065511,0.098282
INTRUM.ST,2024-01-25,-44.27,negative,Q1,-0.03,-0.000873,-0.029127,-0.242857,-0.000942,-0.241916,-0.506714,0.028904,-0.535619,-0.677,0.065511,-0.742511
ESSITY-B.ST,2024-01-25,0.44,positive,Q3,0.006751,-0.000873,0.007624,0.000849,-0.000942,0.001791,0.020612,0.028904,-0.008293,0.159349,0.065511,0.093838
SEB-A.ST,2024-01-25,-4.76,negative,Q2,-0.012866,-0.000873,-0.011993,-0.008271,-0.000942,-0.007329,-0.004595,0.028904,-0.033499,0.021443,0.065511,-0.044068
ATCO-B.ST,2024-01-25,-7.95,negative,Q2,0.01022,-0.000873,0.011093,0.042196,-0.000942,0.043138,0.098336,0.028904,0.069431,0.15192,0.065511,0.086409
XVIVO.ST,2024-01-25,486.49,positive,Q5,0.013841,-0.000873,0.014713,-0.064014,-0.000942,-0.063072,-0.098616,0.028904,-0.12752,0.233564,0.065511,0.168053
ESSITY-A.ST,2024-01-25,-0.87,negative,Q3,0.00419,-0.000873,0.005063,0.00419,-0.000942,0.005132,0.016805,0.028904,-0.012099,0.154096,0.065511,0.088586
SCA-B.ST,2024-01-26,28.42,positive,Q5,-0.028584,0.000128,-0.028711,-0.038279,-0.011898,-0.026381,-0.001724,0.031317,-0.033041,0.113401,0.08008,0.033322
PLAZ-B.ST,2024-01-26,95.74,positive,Q5,-0.011575,0.000128,-0.011703,-0.049836,-0.011898,-0.037937,-0.115877,0.031317,-0.147194,0.041184,0.08008,-0.038895
ALIV-SDB.ST,2024-01-26,13.33,positive,Q4,-0.000875,0.000128,-0.001002,0.012254,-0.011898,0.024152,0.03632,0.031317,0.005002,0.165929,0.08008,0.085849
TELIA.ST,2024-01-26,63.33,positive,Q5,-0.006397,0.000128,-0.006524,-0.023881,-0.011898,-0.011982,-0.064392,0.031317,-0.095709,0.000426,0.08008,-0.079653
HMS.ST,2024-01-26,-3.69,negative,Q3,0.010992,0.000128,0.010864,-0.030842,-0.011898,-0.018943,-0.049432,0.031317,-0.080749,-0.112098,0.08008,-0.192177
VOLV-B.ST,2024-01-26,1.83,positive,Q3,0.007693,0.000128,0.007565,0.023261,-0.011898,0.03516,0.138376,0.031317,0.107059,0.206465,0.08008,0.126386
NCC-B.ST,2024-01-30,14.86,positive,Q4,0.009032,0.003484,0.005548,-0.018727,-7.1e-05,-0.018656,0.05179,0.040823,0.010966,0.042675,0.084782,-0.042107
SAVE.ST,2024-01-30,-1.92,negative,Q3,0.004238,0.003484,0.000754,0.041406,-7.1e-05,0.041477,0.1503,0.040823,0.109477,0.25802,0.084782,0.173239
NCC-A.ST,2024-01-30,31.48,positive,Q5,0.01891,0.003484,0.015426,-0.015078,-7.1e-05,-0.015007,0.045318,0.040823,0.004495,0.048067,0.084782,-0.036715
TEL2-A.ST,2024-01-30,-0.74,negative,Q3,0.0,0.003484,-0.003484,0.00888,-7.1e-05,0.008951,0.02664,0.040823,-0.014183,0.175136,0.084782,0.090354
ARJO-B.ST,2024-01-30,35.71,positive,Q5,0.000429,0.003484,-0.003055,-0.005796,-7.1e-05,-0.005725,0.001717,0.040823,-0.039106,-0.026406,0.084782,-0.111188
JM.ST,2024-01-30,-176.36,negative,Q1,-0.021726,0.003484,-0.02521,-0.056878,-7.1e-05,-0.056806,-0.055718,0.040823,-0.096542,0.127426,0.084782,0.042644
TEL2-B.ST,2024-01-30,-0.68,negative,Q3,-0.022303,0.003484,-0.025787,-0.056259,-7.1e-05,-0.056187,-0.021927,0.040823,-0.06275,0.160256,0.084782,0.075474
SKF-B.ST,2024-01-31,-5.31,negative,Q2,0.015972,0.001305,0.014667,0.015972,-0.002672,0.018644,0.090474,0.040882,0.049592,None,None,None
SSAB-A.ST,2024-01-31,16.98,positive,Q4,-0.013215,0.001305,-0.01452,0.008435,-0.002672,0.011107,-0.011669,0.040882,-0.05255,None,None,None
HOLM-B.ST,2024-01-31,-15.84,negative,Q2,-0.005954,0.001305,-0.007258,-0.019802,-0.002672,-0.01713,0.032915,0.040882,-0.007966,None,None,None
SSAB-B.ST,2024-01-31,16.25,positive,Q4,-0.016572,0.001305,-0.017877,0.006232,-0.002672,0.008904,-0.00255,0.040882,-0.043431,None,None,None
HOLM-A.ST,2024-01-31,-14.86,negative,Q2,-0.012269,0.001305,-0.013574,-0.031937,-0.002672,-0.029266,0.012296,0.040882,-0.028586,None,None,None
HM-B.ST,2024-01-31,-49.21,negative,Q1,-0.004688,0.001305,-0.005993,-0.028582,-0.002672,-0.025911,-0.019887,0.040882,-0.060768,None,None,None
LOOMIS.ST,2024-01-31,9.42,positive,Q4,-0.030596,0.001305,-0.0319,-0.007096,-0.002672,-0.004425,0.012835,0.040882,-0.028046,None,None,None
HEM.ST,2024-01-31,24.68,positive,Q5,0.00341,0.001305,0.002106,0.010231,-0.002672,0.012903,0.118743,0.040882,0.077862,None,None,None
DOM.ST,2024-01-31,24.07,positive,Q5,-0.003416,0.001305,-0.004721,-0.006964,-0.002672,-0.004292,0.029957,0.040882,-0.010925,None,None,None
VOLCAR-B.ST,2024-02-01,-8.07,negative,Q2,-0.043406,-0.01183,-0.031576,0.027546,-0.006537,0.034083,-0.055927,0.036938,-0.092864,-0.052309,0.066435,-0.118744
VIT-B.ST,2024-02-01,-11.38,negative,Q2,0.018121,-0.01183,0.029952,0.08586,-0.006537,0.092397,0.091592,0.036938,0.054654,-0.00469,0.066435,-0.071124
EPRO-B.ST,2024-02-01,7.27,positive,Q4,-0.043171,-0.01183,-0.031341,-0.005581,-0.006537,0.000956,0.059094,0.036938,0.022156,0.148555,0.066435,0.082121
GETI-B.ST,2024-02-01,-4.31,negative,Q2,-0.021462,-0.01183,-0.009632,-0.014643,-0.006537,-0.008106,0.028863,0.036938,-0.008075,0.195168,0.066435,0.128733
INDT.ST,2024-02-01,8.94,positive,Q4,-0.018385,-0.01183,-0.006555,-0.006484,-0.006537,5.2e-05,-0.00899,0.036938,-0.045928,-0.063518,0.066435,-0.129953
HEXA-B.ST,2024-02-01,9.09,positive,Q4,-0.003409,-0.01183,0.008422,-0.003008,-0.006537,0.003529,0.035288,0.036938,-0.00165,0.130827,0.066435,0.064392
ACAD.ST,2024-02-01,-26.28,negative,Q1,-0.020754,-0.01183,-0.008924,-0.035225,-0.006537,-0.028688,-0.148134,0.036938,-0.185072,-0.080541,0.066435,-0.146976
AXFO.ST,2024-02-01,0.42,positive,Q3,0.0,-0.01183,0.01183,-0.018695,-0.006537,-0.012158,-0.003134,0.036938,-0.040072,-0.007412,0.066435,-0.073847
EVO.ST,2024-02-01,-2.24,negative,Q3,0.00943,-0.01183,0.02126,0.030497,-0.006537,0.037034,0.049205,0.036938,0.012267,-0.027765,0.066435,-0.0942
HUSQ-A.ST,2024-02-02,-143.65,negative,Q1,-0.004891,0.007538,-0.012428,-0.033848,0.011801,-0.045649,-0.036293,0.046648,-0.082941,0.066023,0.085556,-0.019533
HUSQ-B.ST,2024-02-02,-164.18,negative,Q1,-0.002833,0.007538,-0.01037,-0.02923,0.011801,-0.041031,-0.030131,0.046648,-0.076779,0.060005,0.085556,-0.025551
ELUX-B.ST,2024-02-02,-3.13,negative,Q3,-0.017826,0.007538,-0.025364,-0.031087,0.011801,-0.042888,-0.05587,0.046648,-0.102517,0.043478,0.085556,-0.042078
LIFCO-B.ST,2024-02-02,8.24,positive,Q4,0.001902,0.007538,-0.005635,0.035603,0.011801,0.023803,0.042476,0.046648,-0.004172,0.044456,0.085556,-0.0411
PEAB-B.ST,2024-02-02,-60.22,negative,Q1,0.014703,0.007538,0.007165,0.026857,0.011801,0.015057,0.032347,0.046648,-0.014301,0.270339,0.085556,0.184783
ANOD-B.ST,2024-02-02,-10.11,negative,Q2,0.018594,0.007538,0.011056,-0.015748,0.011801,-0.027549,-0.041742,0.046648,-0.088389,0.064036,0.085556,-0.02152
VITR.ST,2024-02-02,-12.75,negative,Q2,0.022325,0.007538,0.014788,-0.021786,0.011801,-0.033587,-0.044165,0.046648,-0.090813,-0.062123,0.085556,-0.147679
TREL-B.ST,2024-02-02,13.64,positive,Q4,0.031358,0.007538,0.02382,0.031358,0.011801,0.019557,0.141174,0.046648,0.094526,0.215704,0.085556,0.130148
ALIF-B.ST,2024-02-02,-177.27,negative,Q1,-0.006333,0.007538,-0.013871,-0.050023,0.011801,-0.061824,-0.136944,0.046648,-0.183591,-0.071868,0.085556,-0.157424
AFRY.ST,2024-02-02,-5.78,negative,Q2,0.040254,0.007538,0.032717,0.016981,0.011801,0.00518,0.035857,0.046648,-0.010791,0.145457,0.085556,0.059901
PDX.ST,2024-02-06,20.78,positive,Q5,0.025853,0.000875,0.024978,0.024773,0.002393,0.022381,-0.044419,0.048863,-0.093282,-0.137414,0.100465,-0.237879
ALFA.ST,2024-02-06,-8.68,negative,Q2,0.006132,0.000875,0.005257,0.015482,0.002393,0.013089,0.061706,0.048863,0.012843,0.299484,0.100465,0.199019
LAGR-B.ST,2024-02-06,6.86,positive,Q4,0.023017,0.000875,0.022142,0.012542,0.002393,0.010149,0.045322,0.048863,-0.003541,0.177368,0.100465,0.076903
NOLA-B.ST,2024-02-06,2.04,positive,Q3,0.009952,0.000875,0.009077,-0.027369,0.002393,-0.029762,-0.080751,0.048863,-0.129614,0.284777,0.100465,0.184312
CEVI.ST,2024-02-07,40.67,positive,Q5,-0.078994,-0.002576,-0.076418,0.019275,0.011341,0.007935,-0.130987,0.054781,-0.185768,-0.077536,0.097777,-0.175313
SF.ST,2024-02-07,-13.21,negative,Q2,0.050045,-0.002576,0.052621,-0.029117,0.011341,-0.040458,-0.174704,0.054781,-0.229485,0.10919,0.097777,0.011413
BIOG-B.ST,2024-02-07,13.56,positive,Q4,-0.029461,-0.002576,-0.026885,0.021308,0.011341,0.009967,0.05818,0.054781,0.0034,0.082639,0.097777,-0.015139
LIAB.ST,2024-02-07,-0.8,negative,Q3,0.000945,-0.002576,0.003521,0.024621,0.011341,0.01328,0.015121,0.054781,-0.03966,-0.000995,0.097777,-0.098772
ASSA-B.ST,2024-02-07,4.09,positive,Q3,-0.00663,-0.002576,-0.004054,0.000725,0.011341,-0.010616,0.057675,0.054781,0.002894,0.081694,0.097777,-0.016083
SECU-B.ST,2024-02-07,-8.61,negative,Q2,-0.014887,-0.002576,-0.012311,-0.018162,0.011341,-0.029503,0.016276,0.054781,-0.038505,0.0,0.097777,-0.097777
FABG.ST,2024-02-07,8.79,positive,Q4,-0.021242,-0.002576,-0.018666,-0.008152,0.011341,-0.019493,0.032725,0.054781,-0.022056,0.003445,0.097777,-0.094333
COIC.ST,2024-02-07,-6.1,negative,Q2,0.008585,-0.002576,0.011161,0.018361,0.011341,0.00702,0.09431,0.054781,0.039529,0.290889,0.097777,0.193111
NORION.ST,2024-02-07,16.15,positive,Q4,0.036088,-0.002576,0.038664,0.069849,0.011341,0.058508,0.018626,0.054781,-0.036155,-0.036088,0.097777,-0.133866
SHB-A.ST,2024-02-07,7.02,positive,Q4,0.005921,-0.002576,0.008497,0.023472,0.011341,0.012131,0.02971,0.054781,-0.025071,-0.102241,0.097777,-0.200019
BILI-A.ST,2024-02-07,33.86,positive,Q5,0.001678,-0.002576,0.004254,-0.005126,0.011341,-0.016467,0.127318,0.054781,0.072538,0.233013,0.097777,0.135236
BFG.ST,2024-02-07,-54.84,negative,Q1,0.0054,-0.002576,0.007976,-0.00432,0.011341,-0.015661,0.015119,0.054781,-0.039662,0.101512,0.097777,0.003735
AAK.ST,2024-02-07,18.51,positive,Q5,-0.020964,-0.002576,-0.018388,-0.004167,0.011341,-0.015508,-0.04783,0.054781,-0.102611,0.219184,0.097777,0.121407
SHB-B.ST,2024-02-07,18.83,positive,Q5,0.004131,-0.002576,0.006706,0.044444,0.011341,0.033103,0.065262,0.054781,0.010481,-0.090872,0.097777,-0.188649
HEBA-B.ST,2024-02-07,-37.93,negative,Q1,-0.011905,-0.002576,-0.009329,0.0058,0.011341,-0.005541,0.016178,0.054781,-0.038603,-0.001832,0.097777,-0.099609
NEWA-B.ST,2024-02-08,0.0,negative,Q3,-0.009293,0.00641,-0.015703,0.013166,0.024017,-0.010851,0.101646,0.05396,0.047686,None,None,None
FPAR-A.ST,2024-02-08,126.84,positive,Q5,0.094532,0.00641,0.088122,0.042263,0.024017,0.018246,0.238227,0.05396,0.184267,None,None,None
BOOZT.ST,2024-02-08,9.66,positive,Q4,-0.014129,0.00641,-0.020539,0.039246,0.024017,0.015229,-0.037677,0.05396,-0.091636,None,None,None
WALL-B.ST,2024-02-08,82.35,positive,Q5,0.016154,0.00641,0.009744,0.005021,0.024017,-0.018996,0.038856,0.05396,-0.015104,None,None,None
SOBI.ST,2024-02-08,-13.48,negative,Q2,-0.010196,0.00641,-0.016606,-0.002353,0.024017,-0.02637,0.096471,0.05396,0.042511,None,None,None
ATT.ST,2024-02-08,-23.94,negative,Q1,0.048414,0.00641,0.042004,0.026258,0.024017,0.002241,-0.021061,0.05396,-0.075021,None,None,None
MTG-A.ST,2024-02-08,-175.45,negative,Q1,0.0,0.00641,-0.00641,-0.08982,0.024017,-0.113837,None,None,None,None,None,None
MTG-B.ST,2024-02-08,-139.06,negative,Q1,-0.065941,0.00641,-0.072351,-0.079855,0.024017,-0.103872,-0.116152,0.05396,-0.170112,None,None,None
BOL.ST,2024-02-08,15.21,positive,Q4,-0.004094,0.00641,-0.010504,0.028922,0.024017,0.004905,0.004625,0.05396,-0.049335,None,None,None
PNDX-B.ST,2024-02-08,-13.08,negative,Q2,0.032807,0.00641,0.026397,0.054654,0.024017,0.030637,0.155815,0.05396,0.101855,None,None,None
MIPS.ST,2024-02-08,-31.03,negative,Q1,-0.036093,0.00641,-0.042503,0.031593,0.024017,0.007576,-0.096351,0.05396,-0.15031,None,None,None
INWI.ST,2024-02-08,8.84,positive,Q4,0.034224,0.00641,0.027814,0.10105,0.024017,0.077033,0.070069,0.05396,0.016109,None,None,None
MYCR.ST,2024-02-08,-23.09,negative,Q1,0.012822,0.00641,0.006412,0.039224,0.024017,0.015207,0.070427,0.05396,0.016467,None,None,None
THULE.ST,2024-02-09,64.29,positive,Q5,0.023563,-0.006222,0.029785,0.024617,0.01809,0.006527,0.023224,0.06522,-0.041996,0.155983,0.109977,0.046006
VOLO-PREF.ST,2024-02-09,-47.99,negative,Q1,-0.006669,-0.006222,-0.000447,0.0,0.01809,-0.01809,0.003335,0.06522,-0.061886,0.030346,0.109977,-0.079631
BALD-B.ST,2024-02-09,45.05,positive,Q5,-0.010138,-0.006222,-0.003916,0.012903,0.01809,-0.005187,0.086329,0.06522,0.021108,0.105991,0.109977,-0.003986
SWEC-B.ST,2024-02-09,-14.38,negative,Q2,-0.015202,-0.006222,-0.008979,0.039204,0.01809,0.021114,0.115512,0.06522,0.050291,0.228823,0.109977,0.118846
SWEC-A.ST,2024-02-09,-23.18,negative,Q1,-0.01427,-0.006222,-0.008048,0.03812,0.01809,0.02003,0.10478,0.06522,0.03956,0.212653,0.109977,0.102676
SAAB-B.ST,2024-02-09,7.46,positive,Q4,-0.014141,-0.006222,-0.007919,0.043483,0.01809,0.025393,0.111806,0.06522,0.046585,0.189344,0.109977,0.079367
VOLO.ST,2024-02-09,-10.62,negative,Q2,-0.014035,-0.006222,-0.007812,0.03202,0.01809,0.01393,0.042104,0.06522,-0.023116,0.115605,0.109977,0.005627
SKA-B.ST,2024-02-09,101.01,positive,Q5,-0.008049,-0.006222,-0.001827,-0.007819,0.01809,-0.025909,0.054677,0.06522,-0.010543,0.060944,0.109977,-0.049033
NP3-PREF.ST,2024-02-09,-318.6,negative,Q1,0.0,-0.006222,0.006222,-0.003767,0.01809,-0.021857,0.016743,0.06522,-0.048477,0.087903,0.109977,-0.022074
SDIP-B.ST,2024-02-09,-14.44,negative,Q2,0.002396,-0.006222,0.008618,0.043131,0.01809,0.025041,0.014377,0.06522,-0.050843,0.202077,0.109977,0.0921
NP3.ST,2024-02-09,-20.48,negative,Q1,-0.032022,-0.006222,-0.0258,-0.022851,0.01809,-0.040941,0.00456,0.06522,-0.060661,0.256335,0.109977,0.146357
HTRO.ST,2024-02-09,184.85,positive,Q5,-0.027258,-0.006222,-0.021035,-0.105176,0.01809,-0.123266,-0.175661,0.06522,-0.240881,0.08728,0.109977,-0.022697
ALIG.ST,2024-02-12,-16.3,negative,Q2,0.028637,0.003955,0.024682,0.062929,0.026361,0.036568,0.095055,0.074252,0.020803,0.293346,0.115605,0.177741
IVSO.ST,2024-02-13,-3.45,negative,Q3,-0.014589,0.00981,-0.024399,0.050987,0.022397,0.028591,0.106788,0.070185,0.036603,0.142303,0.114637,0.027665
WIHL.ST,2024-02-13,27.83,positive,Q5,0.016875,0.00981,0.007065,-0.0205,0.022397,-0.042897,0.038,0.070185,-0.032185,0.179625,0.114637,0.064988
MEKO.ST,2024-02-14,-44.24,negative,Q1,-0.001665,0.009926,-0.011591,0.017299,0.017246,5.2e-05,0.012118,0.062207,-0.050088,0.055227,0.101573,-0.046347
KAR.ST,2024-02-14,-68.32,negative,Q1,0.010836,0.009926,0.00091,0.024768,0.017246,0.007521,0.029412,0.062207,-0.032795,0.345201,0.101573,0.243628
SHOT.ST,2024-02-14,-76.25,negative,Q1,-0.022512,0.009926,-0.032437,0.057382,0.017246,0.040136,0.196866,0.062207,0.134659,0.259987,0.101573,0.158414
BIOA-B.ST,2024-02-14,-25.32,negative,Q1,-0.017575,0.009926,-0.0275,-0.026362,0.017246,-0.043608,-0.039543,0.062207,-0.10175,0.050088,0.101573,-0.051485
CAST.ST,2024-02-14,31.98,positive,Q5,-0.010021,0.009926,-0.019946,-0.027537,0.017246,-0.044783,0.019015,0.062207,-0.043191,0.045842,0.101573,-0.055731
SINCH.ST,2024-02-15,88.89,positive,Q5,-0.076508,0.000585,-0.077093,-0.07179,0.011013,-0.082803,-0.182339,0.039804,-0.222143,-0.201887,0.082983,-0.284871
INSTAL.ST,2024-02-15,4.41,positive,Q3,-0.043357,0.000585,-0.043942,-0.067951,0.011013,-0.078964,-0.072008,0.039804,-0.111812,-0.049949,0.082983,-0.132933
EMBRAC-B.ST,2024-02-15,-82.08,negative,Q1,-0.000569,0.000585,-0.001154,0.008532,0.011013,-0.00248,-0.030717,0.039804,-0.07052,0.717861,0.082983,0.634878
SECARE.ST,2024-02-15,-127.59,negative,Q1,-0.027152,0.000585,-0.027737,-0.068519,0.011013,-0.079532,0.015173,0.039804,-0.02463,-0.120907,0.082983,-0.20389
FNOX.ST,2024-02-15,24.0,positive,Q5,0.013568,0.000585,0.012984,0.032872,0.011013,0.021859,0.083648,0.039804,0.043844,-0.055812,0.082983,-0.138795
KFAST-B.ST,2024-02-15,400.0,positive,Q5,0.00189,0.000585,0.001306,-0.031191,0.011013,-0.042204,-0.165406,0.039804,-0.20521,-0.15879,0.082983,-0.241773
BEIA-B.ST,2024-02-15,41.48,positive,Q5,-0.006615,0.000585,-0.0072,-0.006615,0.011013,-0.017628,-0.031879,0.039804,-0.071683,0.179698,0.082983,0.096715
MMGR-B.ST,2024-02-15,-21.3,negative,Q1,0.055219,0.000585,0.054635,0.01472,0.011013,0.003707,-0.102892,0.039804,-0.142695,0.113353,0.082983,0.03037
NCAB.ST,2024-02-15,-18.18,negative,Q2,0.008247,0.000585,0.007662,0.030333,0.011013,0.01932,-0.163265,0.039804,-0.203069,0.116858,0.082983,0.033874
HUFV-A.ST,2024-02-15,75.37,positive,Q5,-0.002366,0.000585,-0.00295,-0.025698,0.011013,-0.03671,-0.019497,0.039804,-0.059301,0.043727,0.082983,-0.039257
SLP-B.ST,2024-02-15,-17.86,negative,Q2,-0.009434,0.000585,-0.010019,-0.040881,0.011013,-0.051893,-0.138365,0.039804,-0.178168,0.106918,0.082983,0.023935
STOR-B.ST,2024-02-15,-64.71,negative,Q1,0.084746,0.000585,0.084161,0.047081,0.011013,0.036068,-0.033898,0.039804,-0.073702,0.583804,0.082983,0.500821
NMAN.ST,2024-02-15,-19.12,negative,Q2,0.02138,0.000585,0.020796,-0.016007,0.011013,-0.02702,-0.074831,0.039804,-0.114634,0.213018,0.082983,0.130035
BIOT.ST,2024-02-15,45.13,positive,Q5,-0.009652,0.000585,-0.010237,-0.092849,0.011013,-0.103861,-0.059065,0.039804,-0.098869,-0.027037,0.082983,-0.110021
CAMX.ST,2024-02-15,-129.67,negative,Q1,0.007738,0.000585,0.007153,0.029131,0.011013,0.018118,0.117888,0.039804,0.078084,0.274465,0.082983,0.191482
BRAV.ST,2024-02-15,-9.78,negative,Q2,-0.023571,0.000585,-0.024155,-0.017803,0.011013,-0.028816,0.074223,0.039804,0.034419,-0.009779,0.082983,-0.092763
FAG.ST,2024-02-16,-24.69,negative,Q1,-0.020205,0.001851,-0.022057,-0.004637,0.011746,-0.016383,0.08579,0.043396,0.042394,0.114939,0.079605,0.035334
YUBICO.ST,2024-02-16,-8.79,negative,Q2,0.03972,0.001851,0.037868,0.091121,0.011746,0.079376,-0.197196,0.043396,-0.240593,0.025701,0.079605,-0.053904
DIOS.ST,2024-02-16,100.91,positive,Q5,-0.016769,0.001851,-0.01862,-0.029811,0.011746,-0.041557,0.031142,0.043396,-0.012254,0.176471,0.079605,0.096866
TRUE-B.ST,2024-02-20,-2.94,negative,Q3,-0.006829,0.004723,-0.011551,0.013278,0.01335,-7.2e-05,0.022762,0.05612,-0.033358,0.330425,0.089657,0.240768
SUS.ST,2024-02-21,57.38,positive,Q5,0.006494,0.003737,0.002756,-0.030519,0.010891,-0.041411,-0.048701,0.044495,-0.093197,-0.062987,0.085777,-0.148764
SYNSAM.ST,2024-02-21,-4.65,negative,Q2,0.069444,0.003737,0.065707,0.148932,0.010891,0.13804,0.146795,0.044495,0.102299,0.109402,0.085777,0.023625
OX2.ST,2024-02-21,17.82,positive,Q5,0.04187,0.003737,0.038133,0.012658,0.010891,0.001767,-0.083544,0.044495,-0.12804,0.152872,0.085777,0.067096
CALTX.ST,2024-02-21,80.35,positive,Q5,-0.021257,0.003737,-0.024994,0.01756,0.010891,0.006669,0.04159,0.044495,-0.002906,0.053604,0.085777,-0.032172
LUMI.ST,2024-02-21,-16.67,negative,Q2,0.008454,0.003737,0.004717,0.012114,0.010891,0.001222,0.246057,0.044495,0.201561,0.602271,0.085777,0.516494
NYF.ST,2024-02-21,-8.33,negative,Q2,-0.003478,0.003737,-0.007215,0.033701,0.010891,0.02281,0.183497,0.044495,0.139002,0.254378,0.085777,0.168601
ENGCON-B.ST,2024-02-21,-69.57,negative,Q1,0.023345,0.003737,0.019608,0.021488,0.010891,0.010597,0.087014,0.044495,0.042519,0.189282,0.085777,0.103506
CATE.ST,2024-02-22,-19.26,negative,Q2,-0.023348,0.00131,-0.024658,-0.006413,0.010693,-0.017106,0.168187,0.037209,0.130978,0.216973,0.084593,0.132381
SAGA-B.ST,2024-02-22,-86.56,negative,Q1,-0.021982,0.00131,-0.023292,-0.000822,0.010693,-0.011515,0.106295,0.037209,0.069086,0.158805,0.084593,0.074213
STEF-B.ST,2024-02-23,-163.46,negative,Q1,0.0,0.00147,-0.00147,-0.015217,0.006859,-0.022076,-0.001087,0.044834,-0.045921,0.026087,0.076216,-0.050129
EKTA-B.ST,2024-02-29,-14.89,negative,Q2,-0.015228,-0.002489,-0.012739,-0.013308,0.010646,-0.023954,0.063658,0.019159,0.044498,0.108657,0.053458,0.055199
SYSR.ST,2024-03-05,-34.25,negative,Q1,0.024909,0.004373,0.020537,0.054197,0.027085,0.027112,0.103865,0.017874,0.085991,0.16093,0.051563,0.109367
SDIP-PREF.ST,2024-03-06,-10.74,negative,Q2,0.0,0.006522,-0.006522,-0.004359,0.02277,-0.027129,0.051734,0.020547,0.031187,0.068979,0.055894,0.013084
SECT-B.ST,2024-03-08,-11.76,negative,Q2,0.018092,0.017163,0.00093,-0.016738,0.010263,-0.027001,-0.022156,0.016012,-0.038168,0.152332,0.058174,0.094158
RUSTA.ST,2024-03-14,3.23,positive,Q3,0.018405,-0.011375,0.02978,0.114194,0.000285,0.113909,0.079197,-0.016524,0.09572,0.202733,0.021112,0.18162
SKIS-B.ST,2024-03-20,5.35,positive,Q4,0.004627,-0.006336,0.010962,0.063967,-0.012635,0.076602,-0.015221,-0.015328,0.000108,-0.011868,0.001453,-0.013321
SCA-A.ST,2024-03-22,36.31,positive,Q5,0.03123,0.008671,0.022559,0.0,-0.006895,0.006895,-0.03123,0.006787,-0.038017,-0.019967,0.027108,-0.047075
NDA-SE.ST,2024-03-30,16.93,positive,Q4,0.010652,0.001941,0.008711,0.024474,0.001935,0.022539,None,None,None,0.062506,0.030368,0.032138
AZN.ST,2024-03-30,-26.39,negative,Q1,-0.007991,0.001941,-0.009932,-0.001391,0.001935,-0.003326,None,None,None,0.152832,0.030368,0.122465
STE-A.ST,2024-03-30,122.82,positive,Q5,0.013608,0.001941,0.011667,0.033984,0.001935,0.032049,None,None,None,-0.023831,0.030368,-0.054199
ABB.ST,2024-03-30,-0.19,negative,Q3,0.003669,0.001941,0.001728,-0.004249,0.001935,-0.006184,None,None,None,0.203743,0.030368,0.173375
NOKIA-SEK.ST,2024-03-30,8.51,positive,Q4,0.003367,0.001941,0.001426,-0.016554,0.001935,-0.01849,None,None,None,0.124018,0.030368,0.09365
ERIC-B.ST,2024-04-16,159.38,positive,Q5,0.017487,0.004954,0.012532,0.044773,0.015143,0.029631,0.111068,0.04133,0.069739,0.292083,0.043232,0.248851
ERIC-A.ST,2024-04-16,253.18,positive,Q5,0.017962,0.004954,0.013007,0.037625,0.015143,0.022483,0.103989,0.04133,0.06266,0.272452,0.043232,0.22922
HMS.ST,2024-04-16,-15.24,negative,Q2,0.032099,0.004954,0.027145,0.038365,0.015143,0.023222,0.152685,0.04133,0.111355,-0.01605,0.043232,-0.059282
PLAZ-B.ST,2024-04-17,5.56,positive,Q4,-0.007074,-0.006203,-0.000871,0.009391,0.003063,0.006328,0.144286,0.033568,0.110718,0.206489,0.031723,0.174766
VOLV-A.ST,2024-04-17,10.02,positive,Q4,-0.038667,-0.006203,-0.032464,-0.045325,0.003063,-0.048388,-0.022004,0.033568,-0.055572,-0.081998,0.031723,-0.113721
VOLV-B.ST,2024-04-17,8.81,positive,Q4,-0.041419,-0.006203,-0.035216,-0.052011,0.003063,-0.055074,-0.027722,0.033568,-0.06129,-0.072209,0.031723,-0.103932
VIT-B.ST,2024-04-18,0.88,positive,Q3,-0.021529,0.003731,-0.02526,0.014688,0.022232,-0.007543,0.077297,0.051997,0.0253,0.077772,0.038256,0.039516
FPAR-A.ST,2024-04-18,-11.78,negative,Q2,0.002742,0.003731,-0.00099,0.01878,0.022232,-0.003452,0.044277,0.051997,-0.00772,-0.049623,0.038256,-0.087879
MYCR.ST,2024-04-18,16.01,positive,Q4,-0.023858,0.003731,-0.027589,0.01275,0.022232,-0.009482,0.105937,0.051997,0.05394,0.053352,0.038256,0.015096
TEL2-A.ST,2024-04-18,-25.32,negative,Q1,0.0,0.003731,-0.003731,0.038773,0.022232,0.016542,0.042985,0.051997,-0.009012,0.062966,0.038256,0.02471
EQT.ST,2024-04-18,-3.39,negative,Q3,-0.000356,0.003731,-0.004087,0.025344,0.022232,0.003113,0.194034,0.051997,0.142037,0.135443,0.038256,0.097187
ARJO-B.ST,2024-04-18,13.46,positive,Q4,0.035302,0.003731,0.031571,0.001332,0.022232,-0.020899,0.026643,0.051997,-0.025354,-0.069938,0.038256,-0.108194
TEL2-B.ST,2024-04-18,6.52,positive,Q4,0.014906,0.003731,0.011174,0.037761,0.022232,0.015529,0.048581,0.051997,-0.003416,0.091642,0.038256,0.053386
VITR.ST,2024-04-18,-7.61,negative,Q2,-0.009785,0.003731,-0.013516,0.003964,0.022232,-0.018268,0.153341,0.051997,0.101344,0.374621,0.038256,0.336365
DOM.ST,2024-04-19,4.31,positive,Q3,0.033924,0.013907,0.020017,0.029328,0.02206,0.007268,0.062441,0.047816,0.014625,-0.040951,0.023582,-0.064533
NYF.ST,2024-04-22,-6.36,negative,Q2,-0.083187,-0.001226,-0.081962,-0.018761,0.003953,-0.022714,0.078136,0.034628,0.043508,0.156169,0.018496,0.137673
GETI-B.ST,2024-04-22,31.51,positive,Q5,0.000884,-0.001226,0.00211,0.012507,0.003953,0.008554,-0.200106,0.034628,-0.234734,-0.125818,0.018496,-0.144314
SAND.ST,2024-04-22,-11.82,negative,Q2,-0.00437,-0.001226,-0.003145,-0.004646,0.003953,-0.008599,0.063759,0.034628,0.029131,-0.034594,0.018496,-0.05309
EPI-B.ST,2024-04-23,-9.29,negative,Q2,-0.016594,-0.007004,-0.00959,None,None,None,0.140101,0.038635,0.101466,0.008039,0.020924,-0.012886
EPI-A.ST,2024-04-23,-8.79,negative,Q2,-0.011196,-0.007004,-0.004192,None,None,None,0.100661,0.038635,0.062026,-0.023299,0.020924,-0.044223
INWI.ST,2024-04-23,8.82,positive,Q4,-0.016412,-0.007004,-0.009408,None,None,None,0.162277,0.038635,0.123642,0.362901,0.020924,0.341977
HEM.ST,2024-04-23,-8.54,negative,Q2,-0.006234,-0.007004,0.000769,None,None,None,0.024972,0.038635,-0.013663,0.441453,0.020924,0.420529
ALLEI.ST,2024-04-23,-83.33,negative,Q1,-0.063245,-0.007004,-0.056241,None,None,None,0.048274,0.038635,0.009639,0.147571,0.020924,0.126647
CORE-PREF.ST,2024-04-23,-284.25,negative,Q1,-0.014996,-0.007004,-0.007992,None,None,None,0.042818,0.038635,0.004183,0.119485,0.020924,0.098561
BOL.ST,2024-04-23,2.72,positive,Q3,-0.004881,-0.007004,0.002123,None,None,None,0.054551,0.038635,0.015916,-0.090152,0.020924,-0.111076
SAVE.ST,2024-04-23,8.3,positive,Q4,-0.028534,-0.007004,-0.021531,None,None,None,0.176574,0.038635,0.137939,0.258673,0.020924,0.237749
HEBA-B.ST,2024-04-23,-20.0,negative,Q2,-0.016661,-0.007004,-0.009658,None,None,None,0.082345,0.038635,0.043711,0.035245,0.020924,0.014321
CORE-B.ST,2024-04-23,-284.25,negative,Q1,-0.068069,-0.007004,-0.061066,None,None,None,0.123762,0.038635,0.085128,0.168317,0.020924,0.147393
WIHL.ST,2024-04-23,-22.48,negative,Q1,-0.006322,-0.007004,0.000682,None,None,None,0.112737,0.038635,0.074102,0.245259,0.020924,0.224335
NORION.ST,2024-04-23,4.08,positive,Q3,-0.039851,-0.007004,-0.032847,None,None,None,0.039851,0.038635,0.001216,0.023661,0.020924,0.002737
MTRS.ST,2024-04-23,-3.36,negative,Q3,0.017909,-0.007004,0.024913,None,None,None,0.098954,0.038635,0.060319,0.183772,0.020924,0.162848
AFRY.ST,2024-04-23,-5.44,negative,Q2,-0.055973,-0.007004,-0.048969,None,None,None,0.101466,0.038635,0.062831,0.157984,0.020924,0.13706
JM.ST,2024-04-23,-40.95,negative,Q1,-0.030258,-0.007004,-0.023254,None,None,None,0.076254,0.038635,0.037619,0.14486,0.020924,0.123936
VOLO-PREF.ST,2024-04-24,-54.66,negative,Q1,-0.003259,0.012789,-0.016047,-0.013034,-7.5e-05,-0.012959,0.016766,0.039242,-0.022476,0.023392,0.018045,0.005347
MTG-B.ST,2024-04-24,-105.03,negative,Q1,0.040336,0.012789,0.027548,0.053221,-7.5e-05,0.053296,0.082353,0.039242,0.043111,-0.10084,0.018045,-0.118885
HUSQ-A.ST,2024-04-24,5.38,positive,Q4,0.041956,0.012789,0.029168,0.038418,-7.5e-05,0.038493,0.065967,0.039242,0.026726,-0.122457,0.018045,-0.140502
SHOT.ST,2024-04-24,-66.32,negative,Q1,0.024237,0.012789,0.011448,0.00518,-7.5e-05,0.005256,0.084736,0.039242,0.045495,0.099352,0.018045,0.081307
ATCO-A.ST,2024-04-24,3.45,positive,Q3,0.024316,0.012789,0.011528,0.020082,-7.5e-05,0.020158,0.07767,0.039242,0.038429,-0.026433,0.018045,-0.044478
VOLO.ST,2024-04-24,-54.66,negative,Q1,0.018425,0.012789,0.005637,0.045226,-7.5e-05,0.045301,0.244765,0.039242,0.205524,0.234506,0.018045,0.216461
LIFCO-B.ST,2024-04-24,-4.4,negative,Q2,0.024681,0.012789,0.011892,0.025457,-7.5e-05,0.025532,0.08712,0.039242,0.047879,0.22822,0.018045,0.210175
ATCO-B.ST,2024-04-24,2.08,positive,Q3,0.027061,0.012789,0.014273,0.016604,-7.5e-05,0.01668,0.08112,0.039242,0.041879,-0.012929,0.018045,-0.030974
HUSQ-B.ST,2024-04-24,0.43,positive,Q3,0.047727,0.012789,0.034938,0.035795,-7.5e-05,0.03587,0.062296,0.039242,0.023054,-0.12522,0.018045,-0.143265
VOLCAR-B.ST,2024-04-24,20.53,positive,Q5,0.006301,0.012789,-0.006488,0.021902,-7.5e-05,0.021977,-0.022502,0.039242,-0.061744,-0.060306,0.018045,-0.078351
SLP-B.ST,2024-04-24,112.12,positive,Q5,0.022013,0.012789,0.009224,0.04717,-7.5e-05,0.047245,0.072327,0.039242,0.033085,0.226415,0.018045,0.20837
BILI-A.ST,2024-04-24,8.91,positive,Q4,0.037879,0.012789,0.02509,0.061106,-7.5e-05,0.061181,0.150017,0.039242,0.110775,0.067682,0.018045,0.049637
ASSA-B.ST,2024-04-24,-1.58,negative,Q3,0.016632,0.012789,0.003843,-0.000662,-7.5e-05,-0.000587,0.063494,0.039242,0.024252,0.070955,0.018045,0.05291
MTG-A.ST,2024-04-24,-115.53,negative,Q1,0.01105,0.012789,-0.001739,0.038674,-7.5e-05,0.038749,0.060773,0.039242,0.021532,-0.121547,0.018045,-0.139592
SEB-A.ST,2024-04-24,7.55,positive,Q4,0.007647,0.012789,-0.005141,0.008697,-7.5e-05,0.008772,0.028565,0.039242,-0.010677,0.115834,0.018045,0.097789
EPRO-B.ST,2024-04-24,13.21,positive,Q4,0.028347,0.012789,0.015559,0.055036,-7.5e-05,0.055111,0.01342,0.039242,-0.025822,0.006031,0.018045,-0.012014
SSAB-A.ST,2024-04-24,14.22,positive,Q4,0.0054,0.012789,-0.007389,0.02295,-7.5e-05,0.023025,-0.004556,0.039242,-0.043798,-0.085555,0.018045,-0.1036
WALL-B.ST,2024-04-24,-55.88,negative,Q1,0.022838,0.012789,0.01005,0.081375,-7.5e-05,0.08145,0.115299,0.039242,0.076058,0.191796,0.018045,0.173751
INTRUM.ST,2024-04-24,-185.11,negative,Q1,0.110128,0.012789,0.09734,0.23441,-7.5e-05,0.234485,0.169836,0.039242,0.130595,1.125166,0.018045,1.107121
ATT.ST,2024-04-24,-36.82,negative,Q1,0.01916,0.012789,0.006371,0.05183,-7.5e-05,0.051905,0.054041,0.039242,0.014799,0.108327,0.018045,0.090282
SHB-B.ST,2024-04-24,4.72,positive,Q4,0.00583,0.012789,-0.006959,0.00419,-7.5e-05,0.004265,0.00419,0.039242,-0.035051,0.085353,0.018045,0.067308
TREL-B.ST,2024-04-24,4.19,positive,Q3,0.024791,0.012789,0.012002,0.02849,-7.5e-05,0.028566,0.107642,0.039242,0.068401,0.030084,0.018045,0.012039
BILL.ST,2024-04-24,22.33,positive,Q5,-0.002764,0.012789,-0.015553,0.007026,-7.5e-05,0.007101,0.214812,0.039242,0.175571,0.20698,0.018045,0.188935
ALIF-B.ST,2024-04-24,-7.14,negative,Q2,0.020131,0.012789,0.007343,0.034109,-7.5e-05,0.034184,0.163555,0.039242,0.124313,0.623866,0.018045,0.605821
XVIVO.ST,2024-04-24,141.94,positive,Q5,0.046283,0.012789,0.033495,0.039271,-7.5e-05,0.039346,0.115007,0.039242,0.075765,0.45021,0.018045,0.432165
EVO.ST,2024-04-24,0.81,positive,Q3,0.015268,0.012789,0.00248,-0.006121,-7.5e-05,-0.006046,-0.037427,0.039242,-0.076668,-0.159753,0.018045,-0.177798
SSAB-B.ST,2024-04-24,21.8,positive,Q5,0.008525,0.012789,-0.004263,0.031373,-7.5e-05,0.031448,0.0,0.039242,-0.039242,-0.097698,0.018045,-0.115743
SHB-A.ST,2024-04-24,-0.6,negative,Q3,-0.000234,0.012789,-0.013023,-0.008306,-7.5e-05,-0.008231,0.013102,0.039242,-0.026139,0.102246,0.018045,0.084201
NCAB.ST,2024-04-25,-4.0,negative,Q3,-0.018289,0.003563,-0.021852,0.00275,-0.006888,0.009639,0.124862,0.028385,0.096477,0.038916,0.001829,0.037088
AXFO.ST,2024-04-25,0.78,positive,Q3,0.019564,0.003563,0.016001,0.021356,-0.006888,0.028244,0.004294,0.028385,-0.024092,-0.072879,0.001829,-0.074708
CEVI.ST,2024-04-25,-13.1,negative,Q2,0.03173,0.003563,0.028167,0.027184,-0.006888,0.034072,0.168066,0.028385,0.139681,0.165747,0.001829,0.163918
GRNG.ST,2024-04-25,13.78,positive,Q4,0.020499,0.003563,0.016936,0.040915,-0.006888,0.047804,0.081666,0.028385,0.053281,0.064213,0.001829,0.062385
FABG.ST,2024-04-25,45.1,positive,Q5,0.01499,0.003563,0.011427,0.045466,-0.006888,0.052354,0.075446,0.028385,0.047061,0.067889,0.001829,0.06606
OX2.ST,2024-04-25,5.0,positive,Q4,0.007389,0.003563,0.003826,-0.022167,-0.006888,-0.015279,0.45936,0.028385,0.430974,0.455665,0.001829,0.453836
PDX.ST,2024-04-25,0.84,positive,Q3,0.045954,0.003563,0.042392,-0.002465,-0.006888,0.004423,-0.07402,0.028385,-0.102405,-0.075284,0.001829,-0.077113
CATE.ST,2024-04-25,-21.4,negative,Q1,0.012593,0.003563,0.00903,0.030404,-0.006888,0.037293,0.115321,0.028385,0.086936,0.148852,0.001829,0.147023
SF.ST,2024-04-25,-8.11,negative,Q2,0.072508,0.003563,0.068945,0.08862,-0.006888,0.095509,0.296073,0.028385,0.267687,-0.103726,0.001829,-0.105555
BIOT.ST,2024-04-25,10.53,positive,Q4,0.012716,0.003563,0.009154,0.027205,-0.006888,0.034094,0.08883,0.028385,0.060445,0.143792,0.001829,0.141963
BFG.ST,2024-04-25,-65.12,negative,Q1,-0.001927,0.003563,-0.005489,0.017341,-0.006888,0.024229,None,None,None,None,None,None
MIPS.ST,2024-04-25,-21.43,negative,Q1,0.108917,0.003563,0.105354,0.109513,-0.006888,0.116401,0.240142,0.028385,0.211757,0.550929,0.001829,0.549101
SECARE.ST,2024-04-25,-9.52,negative,Q2,-0.009158,0.003563,-0.01272,0.029853,-0.006888,0.036742,0.036264,0.028385,0.007878,-0.154579,0.001829,-0.156407
PNDX-B.ST,2024-04-25,-62.94,negative,Q1,0.034371,0.003563,0.030809,0.024864,-0.006888,0.031753,0.052106,0.028385,0.02372,0.204156,0.001829,0.202328
SWED-A.ST,2024-04-25,2.33,positive,Q3,0.011951,0.003563,0.008388,0.01289,-0.006888,0.019778,0.028181,0.028385,-0.000204,0.073061,0.001829,0.071233
KFAST-B.ST,2024-04-25,-166.67,negative,Q1,-0.025275,0.003563,-0.028837,-0.007692,-0.006888,-0.000804,0.078022,0.028385,0.049637,0.203297,0.001829,0.201468
ALFA.ST,2024-04-25,11.24,positive,Q4,0.006349,0.003563,0.002786,-0.006759,-0.006888,0.000129,0.028117,0.028385,-0.000269,-0.009718,0.001829,-0.011546
FNOX.ST,2024-04-25,-4.0,negative,Q3,0.005338,0.003563,0.001776,-0.036269,-0.006888,-0.029381,0.048045,0.028385,0.01966,0.015073,0.001829,0.013244
ESSITY-B.ST,2024-04-25,2.36,positive,Q3,0.01629,0.003563,0.012728,0.01816,-0.006888,0.025048,0.010377,0.028385,-0.018008,0.125286,0.001829,0.123457
TELIA.ST,2024-04-25,-3.85,negative,Q3,0.005115,0.003563,0.001552,-0.016198,-0.006888,-0.009309,0.043478,0.028385,0.015093,0.245951,0.001829,0.244122
ANOD-B.ST,2024-04-25,-3.23,negative,Q3,-0.00089,0.003563,-0.004453,-0.00178,-0.006888,0.005108,0.085974,0.028385,0.057588,-0.081702,0.001829,-0.08353
NEWA-B.ST,2024-04-25,-37.67,negative,Q1,0.012808,0.003563,0.009246,0.011864,-0.006888,0.018752,0.15811,0.028385,0.129725,0.11706,0.001829,0.115232
INDT.ST,2024-04-25,-20.69,negative,Q1,-0.000787,0.003563,-0.00435,0.014006,-0.006888,0.020894,0.085609,0.028385,0.057223,0.202337,0.001829,0.200508
SDIP-B.ST,2024-04-25,12.92,positive,Q4,0.017505,0.003563,0.013943,0.044493,-0.006888,0.051381,0.230489,0.028385,0.202103,0.186725,0.001829,0.184896
NMAN.ST,2024-04-25,13.22,positive,Q4,0.051427,0.003563,0.047864,0.095466,-0.006888,0.102355,0.238638,0.028385,0.210252,0.224822,0.001829,0.222994
SDIP-PREF.ST,2024-04-25,16.25,positive,Q4,-0.012242,0.003563,-0.015805,-0.024395,-0.006888,-0.017506,0.016263,0.028385,-0.012122,0.008132,0.001829,0.006303
AAK.ST,2024-04-25,20.47,positive,Q5,0.003571,0.003563,9e-06,0.012812,-0.006888,0.019701,0.04466,0.028385,0.016274,0.085048,0.001829,0.08322
ALIG.ST,2024-04-25,5.98,positive,Q4,0.017576,0.003563,0.014014,0.042656,-0.006888,0.049544,0.146983,0.028385,0.118598,0.122931,0.001829,0.121103
STE-R.ST,2024-04-25,122.82,positive,Q5,-0.007392,0.003563,-0.010955,0.010112,-0.006888,0.017,0.042399,0.028385,0.014014,-0.082706,0.001829,-0.084534
ESSITY-A.ST,2024-04-25,6.39,positive,Q4,0.014803,0.003563,0.01124,0.012938,-0.006888,0.019826,0.011112,0.028385,-0.017274,0.118307,0.001829,0.116479
SOBI.ST,2024-04-25,12.18,positive,Q4,0.008541,0.003563,0.004978,-0.003559,-0.006888,0.00333,-0.017082,0.028385,-0.045467,0.064057,0.001829,0.062228
ALIV-SDB.ST,2024-04-26,8.97,positive,Q4,-0.016588,-0.004056,-0.012533,-0.003321,-0.001176,-0.002145,0.027395,0.019276,0.008119,-0.196685,0.004652,-0.201338
HEXA-B.ST,2024-04-26,0.0,negative,Q3,0.121849,-0.004056,0.125904,0.14061,-0.001176,0.141786,0.138167,0.019276,0.118891,0.030584,0.004652,0.025932
SCA-B.ST,2024-04-26,0.0,negative,Q3,0.006869,-0.004056,0.010925,0.011194,-0.001176,0.012371,-0.005852,0.019276,-0.025128,-0.104058,0.004652,-0.10871
THULE.ST,2024-04-26,-2.41,negative,Q3,0.015505,-0.004056,0.019561,0.012915,-0.001176,0.014091,0.045255,0.019276,0.025979,-0.043346,0.004652,-0.047999
8TRA.ST,2024-04-26,20.25,positive,Q5,-0.004957,-0.004056,-0.000902,-0.049625,-0.001176,-0.048449,-0.07196,0.019276,-0.091236,-0.106026,0.004652,-0.110678
SAAB-B.ST,2024-04-26,1.42,positive,Q3,-0.046043,-0.004056,-0.041988,-0.022584,-0.001176,-0.021408,0.07493,0.019276,0.055654,0.048845,0.004652,0.044192
SKF-B.ST,2024-04-26,13.92,positive,Q4,0.004359,-0.004056,0.008414,0.023565,-0.001176,0.024741,0.020523,0.019276,0.001247,-0.130766,0.004652,-0.135419
SCA-A.ST,2024-04-26,3.64,positive,Q3,-0.006146,-0.004056,-0.002091,0.002471,-0.001176,0.003647,-0.014827,0.019276,-0.034103,-0.108858,0.004652,-0.11351
ELUX-B.ST,2024-04-26,-34.22,negative,Q1,-0.012381,-0.004056,-0.008325,-0.025573,-0.001176,-0.024397,0.009133,0.019276,-0.010143,-0.026994,0.004652,-0.031646
BOOZT.ST,2024-04-26,42.86,positive,Q5,0.002377,-0.004056,0.006433,0.037242,-0.001176,0.038418,0.081616,0.019276,0.06234,-0.122821,0.004652,-0.127473
BEIA-B.ST,2024-04-26,5.6,positive,Q4,-0.004728,-0.004056,-0.000672,-0.023688,-0.001176,-0.022512,0.059785,0.019276,0.040509,0.069438,0.004652,0.064785
ENGCON-B.ST,2024-04-26,88.24,positive,Q5,0.012129,-0.004056,0.016184,0.01859,-0.001176,0.019766,0.035253,0.019276,0.015977,0.187032,0.004652,0.18238
HOLM-A.ST,2024-04-26,-1.67,negative,Q3,0.014257,-0.004056,0.018313,0.014257,-0.001176,0.015433,0.045124,0.019276,0.025848,-0.01901,0.004652,-0.023662
MMGR-B.ST,2024-04-26,-23.85,negative,Q1,0.011679,-0.004056,0.015734,-0.026408,-0.001176,-0.025232,0.257457,0.019276,0.238181,0.334226,0.004652,0.329574
ELUX-A.ST,2024-04-26,-27.71,negative,Q1,-0.051724,-0.004056,-0.047669,-0.043103,-0.001176,-0.041927,-0.008621,0.019276,-0.027897,0.008621,0.004652,0.003968
HOLM-B.ST,2024-04-26,-1.88,negative,Q3,0.015528,-0.004056,0.019583,0.017881,-0.001176,0.019057,0.052698,0.019276,0.033422,-0.018342,0.004652,-0.022995
HTRO.ST,2024-04-26,-26.19,negative,Q1,0.026826,-0.004056,0.030881,0.079881,-0.001176,0.081057,0.341282,0.019276,0.322006,0.766319,0.004652,0.761667
DIOS.ST,2024-04-26,-36.36,negative,Q1,0.022239,-0.004056,0.026294,0.039783,-0.001176,0.040959,0.075859,0.019276,0.056583,0.062021,0.004652,0.057369
LUMI.ST,2024-05-01,-25.0,negative,Q1,-0.000866,0.005888,-0.006753,None,None,None,0.042846,0.031243,0.011603,-0.088202,0.033312,-0.121514
BALD-B.ST,2024-05-03,-28.71,negative,Q1,0.035897,0.011461,0.024437,0.043305,0.023781,0.019524,0.049003,0.009327,0.039675,0.150142,-0.037751,0.187893
CAST.ST,2024-05-03,9.68,positive,Q4,0.026825,0.011461,0.015365,0.001555,0.023781,-0.022226,0.028303,0.009327,0.018975,0.051629,-0.037751,0.089379
INSTAL.ST,2024-05-03,-6.52,negative,Q2,-0.00114,0.011461,-0.012601,0.068396,0.023781,0.044615,0.088344,0.009327,0.079017,0.350812,-0.037751,0.388563
STEF-B.ST,2024-05-03,-15.56,negative,Q2,0.015368,0.011461,0.003907,-0.008782,0.023781,-0.032562,0.026345,0.009327,0.017017,0.020856,-0.037751,0.058607
NCC-A.ST,2024-05-03,-75.46,negative,Q1,0.003835,0.011461,-0.007626,0.011424,0.023781,-0.012357,0.038025,0.009327,0.028698,0.209139,-0.037751,0.24689
LIAB.ST,2024-05-03,-34.89,negative,Q1,0.002811,0.011461,-0.008649,0.010357,0.023781,-0.013424,0.118268,0.009327,0.10894,0.200138,-0.037751,0.237889
KAR.ST,2024-05-03,-110.51,negative,Q1,0.008065,0.011461,-0.003396,0.0,0.023781,-0.023781,-0.014977,0.009327,-0.024304,-0.123272,-0.037751,-0.085521
ACAD.ST,2024-05-03,0.0,negative,Q3,-0.012509,0.011461,-0.02397,-0.001706,0.023781,-0.025487,0.021607,0.009327,0.01228,-0.001706,-0.037751,0.036045
NCC-B.ST,2024-05-03,-280.0,negative,Q1,0.015211,0.011461,0.00375,0.014397,0.023781,-0.009383,0.044737,0.009327,0.03541,0.211404,-0.037751,0.249154
LOOMIS.ST,2024-05-06,-15.3,negative,Q2,0.021211,-0.001569,0.022781,0.040184,0.015302,0.024882,0.135674,0.006382,0.129292,0.244874,-0.070152,0.315026
PEAB-B.ST,2024-05-06,-15.38,negative,Q2,-0.016775,-0.001569,-0.015206,0.015415,0.015302,0.000113,-0.010125,0.006382,-0.016508,0.067856,-0.070152,0.138007
NOLA-B.ST,2024-05-06,50.0,positive,Q5,0.010387,-0.001569,0.011957,0.049824,0.015302,0.034522,0.027465,0.006382,0.021083,-0.074472,-0.070152,-0.00432
YUBICO.ST,2024-05-14,-2.86,negative,Q3,-0.004535,-0.007118,0.002583,-0.004535,0.002659,-0.007194,0.106576,-0.015379,0.121955,0.086168,-0.058825,0.144992
SUS.ST,2024-05-15,-45.98,negative,Q1,-0.054608,-0.002537,-0.052071,-0.014334,0.012515,-0.02685,-0.07099,-0.018099,-0.052891,-0.112628,-0.04394,-0.068688
BERG-B.ST,2024-05-15,-27.97,negative,Q1,0.00751,-0.002537,0.010046,0.031965,0.012515,0.01945,0.062043,-0.018099,0.080142,0.112763,-0.04394,0.156703
SWEC-A.ST,2024-05-16,7.64,positive,Q4,0.039427,0.011517,0.027909,0.078853,0.00857,0.070283,0.050179,-0.016788,0.066968,0.157706,-0.030508,0.188214
SWEC-B.ST,2024-05-16,22.22,positive,Q5,0.034818,0.011517,0.023301,0.071087,0.00857,0.062517,0.036994,-0.016788,0.053782,0.152836,-0.030508,0.183344
SYNSAM.ST,2024-05-17,-20.83,negative,Q1,-0.00916,-0.000257,-0.008903,-0.012786,-0.000712,-0.012074,-0.049618,-0.024953,-0.024665,-0.067939,-0.037641,-0.030298
LAGR-B.ST,2024-05-17,7.41,positive,Q4,0.005761,-0.000257,0.006018,0.0271,-0.000712,0.027812,0.048439,-0.024953,0.073392,0.009229,-0.037641,0.04687
BIOA-B.ST,2024-05-17,13.33,positive,Q4,-0.048635,-0.000257,-0.048377,-0.027304,-0.000712,-0.026592,-0.073379,-0.024953,-0.048426,-0.34727,-0.037641,-0.309629
EMBRAC-B.ST,2024-05-23,275.0,positive,Q5,0.009459,0.002209,0.00725,-0.009459,-0.007771,-0.001688,-0.132047,-0.023979,-0.108068,-0.105183,-0.031778,-0.073405
CALTX.ST,2024-05-23,-179.88,negative,Q1,-0.00786,0.002209,-0.010069,0.818341,-0.007771,0.826112,0.790393,-0.023979,0.814372,0.806114,-0.031778,0.837892
RUSTA.ST,2024-06-13,10.45,positive,Q4,-0.042771,-0.001205,-0.041566,-0.114365,0.012861,-0.127226,-0.133733,0.020293,-0.154026,-0.173161,-0.019933,-0.153228
SKIS-B.ST,2024-06-20,-11.33,negative,Q2,-0.01397,-0.01271,-0.001259,-0.004611,-0.003743,-0.000868,0.038722,0.000725,0.037997,0.076088,-0.000629,0.076717
HM-B.ST,2024-06-27,-4.01,negative,Q3,-0.00121,0.005985,-0.007195,0.014585,-0.005028,0.019613,-0.007133,0.004105,-0.011238,0.081715,0.016133,0.065582
STE-A.ST,2024-06-29,-48.95,negative,Q1,0.017653,0.004362,0.013291,0.003516,-0.007795,0.011311,-0.088339,0.021614,-0.109952,-0.09896,0.033406,-0.132366
NOKIA-SEK.ST,2024-06-29,-155.63,negative,Q1,-0.003305,0.004362,-0.007667,-0.004321,-0.007795,0.003473,0.027961,0.021614,0.006348,0.085409,0.033406,0.052004
ABB.ST,2024-06-29,0.64,positive,Q3,0.00068,0.004362,-0.003682,0.006159,-0.007795,0.013954,0.017099,0.021614,-0.004515,0.01094,0.033406,-0.022466
NDA-SE.ST,2024-06-29,-0.24,negative,Q3,0.002364,0.004362,-0.001998,-0.040267,-0.007795,-0.032472,-0.017221,0.021614,-0.038835,-0.059514,0.033406,-0.09292
FPAR-A.ST,2024-07-04,-33.8,negative,Q1,0.00276,0.003039,-0.000279,0.00276,0.028974,-0.026214,-0.04692,-0.056827,0.009906,0.207583,0.025081,0.182501
DIOS.ST,2024-07-05,8.18,positive,Q4,0.009136,-0.011734,0.020869,0.037597,0.015984,0.021612,-0.066877,-0.062921,-0.003957,0.026821,0.011775,0.015046
PLAZ-B.ST,2024-07-05,5.26,positive,Q4,0.034531,-0.011734,0.046265,0.072103,0.015984,0.056119,-0.023998,-0.062921,0.038922,0.17939,0.011775,0.167615
CATE.ST,2024-07-05,-16.52,negative,Q2,-0.003582,-0.011734,0.008151,0.032316,0.015984,0.016331,-0.05924,-0.062921,0.003681,0.039499,0.011775,0.027724
FABG.ST,2024-07-05,-12.75,negative,Q2,0.026772,-0.011734,0.038505,0.072666,0.015984,0.056682,0.011115,-0.062921,0.074036,0.18059,0.011775,0.168815
WIHL.ST,2024-07-08,-18.57,negative,Q2,0.053179,0.005597,0.047582,0.061715,0.031319,0.030397,0.017072,-0.036336,0.053408,0.144329,0.027456,0.116873
WALL-B.ST,2024-07-08,-17.07,negative,Q2,0.012561,0.005597,0.006965,0.021482,0.031319,-0.009837,-0.036774,-0.036336,-0.000438,0.076097,0.027456,0.048641
HEBA-B.ST,2024-07-10,-27.5,negative,Q1,0.022121,0.021883,0.000238,-0.001515,0.009134,-0.010649,-0.016364,-0.044938,0.028574,0.090606,0.005289,0.085317
NYF.ST,2024-07-10,11.54,positive,Q4,0.028551,0.021883,0.006668,-0.018097,0.009134,-0.027231,-0.017219,-0.044938,0.027719,0.080471,0.005289,0.075182
JM.ST,2024-07-10,-23.08,negative,Q1,0.014864,0.021883,-0.00702,0.008385,0.009134,-0.00075,-0.057644,-0.044938,-0.012706,-0.047401,0.005289,-0.05269
SLP-B.ST,2024-07-11,-39.47,negative,Q1,0.007752,-0.009624,0.017376,0.007752,-0.0228,0.030552,-0.033592,-0.064512,0.03092,-0.002584,-0.013572,0.010988
GRNG.ST,2024-07-12,3.16,positive,Q3,0.024279,0.003182,0.021097,0.004414,-0.004554,0.008968,-0.101378,-0.050795,-0.050582,-0.12931,-0.012045,-0.117265
AXFO.ST,2024-07-12,-14.97,negative,Q2,0.010092,0.003182,0.006909,0.029827,-0.004554,0.034381,0.037192,-0.050795,0.087988,0.107386,-0.012045,0.119431
XVIVO.ST,2024-07-12,34.37,positive,Q5,0.003922,0.003182,0.000739,0.033333,-0.004554,0.037887,-0.007843,-0.050795,0.042952,-0.035294,-0.012045,-0.023249
PNDX-B.ST,2024-07-12,-39.34,negative,Q1,-0.012003,0.003182,-0.015185,-0.014423,-0.004554,-0.00987,-0.070536,-0.050795,-0.019741,-0.014423,-0.012045,-0.002378
INWI.ST,2024-07-12,-5.97,negative,Q2,0.009195,0.003182,0.006013,0.006897,-0.004554,0.01145,-0.023578,-0.050795,0.027217,0.041379,-0.012045,0.053424
VIT-B.ST,2024-07-12,10.42,positive,Q4,0.017901,0.003182,0.014719,-0.010748,-0.004554,-0.006194,-0.065353,-0.050795,-0.014558,-0.109536,-0.012045,-0.09749
FNOX.ST,2024-07-12,0.0,negative,Q3,0.039844,0.003182,0.036662,0.01463,-0.004554,0.019184,-0.146459,-0.050795,-0.095664,-0.088405,-0.012045,-0.076359
NP3-PREF.ST,2024-07-12,-2.51,negative,Q3,0.001862,0.003182,-0.00132,0.005214,-0.004554,0.009768,0.009683,-0.050795,0.060479,0.071508,-0.012045,0.083554
LIFCO-B.ST,2024-07-12,-1.0,negative,Q3,-0.002504,0.003182,-0.005686,0.026466,-0.004554,0.03102,-0.039651,-0.050795,0.011144,0.017021,-0.012045,0.029066
NORION.ST,2024-07-12,1.27,positive,Q3,-0.021713,0.003182,-0.024895,-0.00965,-0.004554,-0.005096,-0.041013,-0.050795,0.009782,0.012063,-0.012045,0.024108
NP3.ST,2024-07-12,-30.25,negative,Q1,0.001799,0.003182,-0.001383,-0.03415,-0.004554,-0.029596,-0.050307,-0.050795,0.000489,-0.044909,-0.012045,-0.032864
MYCR.ST,2024-07-12,-10.64,negative,Q2,0.011745,0.003182,0.008563,-0.023391,-0.004554,-0.018838,-0.111233,-0.050795,-0.060437,-0.092221,-0.012045,-0.080176
CORE-B.ST,2024-07-12,25.17,positive,Q5,-0.028329,0.003182,-0.031511,-0.096317,-0.004554,-0.091764,-0.089707,-0.050795,-0.038912,-0.228517,-0.012045,-0.216472
NMAN.ST,2024-07-12,3.36,positive,Q3,0.004491,0.003182,0.001309,-0.006691,-0.004554,-0.002138,-0.089463,-0.050795,-0.038668,0.062652,-0.012045,0.074697
CORE-PREF.ST,2024-07-12,25.17,positive,Q5,0.006071,0.003182,0.002889,0.040489,-0.004554,0.045043,0.036427,-0.050795,0.087222,0.087273,-0.012045,0.099318
ARJO-B.ST,2024-07-12,-13.46,negative,Q2,-0.012129,0.003182,-0.015311,0.004703,-0.004554,0.009257,-0.021287,-0.050795,0.029508,0.008168,-0.012045,0.020213
ANOD-B.ST,2024-07-12,-28.07,negative,Q1,-0.006371,0.003182,-0.009553,-0.017265,-0.004554,-0.012712,-0.059182,-0.050795,-0.008387,-0.048287,-0.012045,-0.036242
HMS.ST,2024-07-12,-44.0,negative,Q1,-0.045983,0.003182,-0.049165,-0.070668,-0.004554,-0.066114,-0.031946,-0.050795,0.01885,-0.070668,-0.012045,-0.058623
BRAV.ST,2024-07-12,-4.13,negative,Q3,0.002868,0.003182,-0.000314,0.015414,-0.004554,0.019968,-0.045406,-0.050795,0.00539,-0.148644,-0.012045,-0.136599
VOLO-PREF.ST,2024-07-15,43.36,positive,Q5,-0.003237,-0.006132,0.002895,0.0,-0.006565,0.006565,0.013003,-0.045684,0.058686,0.042602,-0.009515,0.052117
VOLO.ST,2024-07-15,51.13,positive,Q5,-0.003506,-0.006132,0.002627,0.06005,-0.006565,0.066615,-0.040633,-0.045684,0.005051,-0.058342,-0.009515,-0.048828
SAGA-B.ST,2024-07-15,-12.93,negative,Q2,-0.002175,-0.006132,0.003957,-0.026842,-0.006565,-0.020277,-0.029017,-0.045684,0.016667,0.019578,-0.009515,0.029093
ALIF-B.ST,2024-07-15,13.21,positive,Q4,0.025368,-0.006132,0.031501,0.041365,-0.006565,0.04793,0.01071,-0.045684,0.056393,0.081325,-0.009515,0.09084
CAMX.ST,2024-07-16,-10.71,negative,Q2,-0.054074,9e-05,-0.054164,-0.022222,-0.010235,-0.011987,0.031852,-0.028774,0.060626,-0.025926,0.000266,-0.026192
HTRO.ST,2024-07-16,-15.38,negative,Q2,-0.050709,9e-05,-0.050799,-0.098702,-0.010235,-0.088467,-0.181708,-0.028774,-0.152934,-0.292635,0.000266,-0.292901
CAST.ST,2024-07-16,12.56,positive,Q4,-0.001773,9e-05,-0.001863,-0.027263,-0.010235,-0.017028,-0.019283,-0.028774,0.009491,0.049797,0.000266,0.049531
NCC-B.ST,2024-07-16,9.52,positive,Q4,0.00066,9e-05,0.00057,0.016046,-0.010235,0.026281,-0.023376,-0.028774,0.005399,0.024036,0.000266,0.02377
BALD-B.ST,2024-07-16,-7.96,negative,Q2,0.005006,9e-05,0.004916,-0.017272,-0.010235,-0.007037,0.001001,-0.028774,0.029776,0.062328,0.000266,0.062062
NCC-A.ST,2024-07-16,8.05,positive,Q4,0.015674,9e-05,0.015584,0.031349,-0.010235,0.041584,-0.006256,-0.028774,0.022518,0.056441,0.000266,0.056176
SWEC-B.ST,2024-07-16,-4.46,negative,Q2,0.014027,9e-05,0.013937,0.037905,-0.010235,0.04814,-0.009165,-0.028774,0.01961,0.055611,0.000266,0.055345
BIOT.ST,2024-07-16,42.86,positive,Q5,-0.01962,9e-05,-0.01971,-0.015967,-0.010235,-0.005733,-0.005688,-0.028774,0.023087,-0.05312,0.000266,-0.053386
PEAB-B.ST,2024-07-16,35.06,positive,Q5,-0.010227,9e-05,-0.010317,0.003852,-0.010235,0.014087,-0.000531,-0.028774,0.028243,-0.008235,0.000266,-0.0085
SWED-A.ST,2024-07-16,7.64,positive,Q4,0.025565,9e-05,0.025475,0.042795,-0.010235,0.05303,-0.013977,-0.028774,0.014797,-0.041881,0.000266,-0.042146
SEB-A.ST,2024-07-16,6.57,positive,Q4,0.023597,9e-05,0.023507,0.006288,-0.010235,0.016523,-0.029615,-0.028774,-0.00084,-0.044422,0.000266,-0.044688
AFRY.ST,2024-07-16,6.05,positive,Q4,0.00511,9e-05,0.00502,-0.009114,-0.010235,0.00112,-0.056794,-0.028774,-0.028019,-0.083663,0.000266,-0.083928
BERG-B.ST,2024-07-16,-4.41,negative,Q2,-0.007811,9e-05,-0.007901,0.004706,-0.010235,0.014941,-0.076544,-0.028774,-0.04777,0.001056,0.000266,0.000791
SWEC-A.ST,2024-07-16,-2.6,negative,Q3,0.018462,9e-05,0.018371,0.049231,-0.010235,0.059466,-0.006154,-0.028774,0.02262,0.052308,0.000266,0.052042
SOBI.ST,2024-07-16,4.35,positive,Q3,0.022811,9e-05,0.022721,0.075791,-0.010235,0.086026,0.121413,-0.028774,0.150187,0.089772,0.000266,0.089506
TEL2-A.ST,2024-07-17,-14.47,negative,Q2,0.009449,-0.010455,0.019904,0.028348,-0.013633,0.041981,0.037797,-0.024904,0.062701,0.109124,-0.007978,0.117102
TEL2-B.ST,2024-07-17,9.85,positive,Q4,0.002832,-0.010455,0.013287,0.026702,-0.013633,0.040335,0.04602,-0.024904,0.070924,0.099626,-0.007978,0.107603
MMGR-B.ST,2024-07-17,-15.32,negative,Q2,-0.004504,-0.010455,0.00595,0.02714,-0.013633,0.040773,-0.021495,-0.024904,0.003409,0.0,-0.007978,0.007978
THULE.ST,2024-07-17,-5.04,negative,Q2,-0.0219,-0.010455,-0.011445,-0.037187,-0.013633,-0.023554,-0.037187,-0.024904,-0.012283,0.023194,-0.007978,0.031172
MTRS.ST,2024-07-17,7.98,positive,Q4,0.005059,-0.010455,0.015513,-0.057898,-0.013633,-0.044265,-0.126679,-0.024904,-0.101775,-0.137604,-0.007978,-0.129627
SHB-A.ST,2024-07-17,9.94,positive,Q4,-0.00556,-0.010455,0.004895,-0.007867,-0.013633,0.005766,-0.035351,-0.024904,-0.010447,-0.056226,-0.007978,-0.048248
VITR.ST,2024-07-17,4.95,positive,Q4,-0.010723,-0.010455,-0.000268,0.012525,-0.013633,0.026158,-0.00446,-0.024904,0.020444,0.059065,-0.007978,0.067042
ASSA-B.ST,2024-07-17,-2.49,negative,Q3,-0.005063,-0.010455,0.005392,-0.014832,-0.013633,-0.001198,-0.016098,-0.024904,0.008807,0.067928,-0.007978,0.075906
SHB-B.ST,2024-07-17,15.49,positive,Q4,-0.006135,-0.010455,0.00432,-0.00912,-0.013633,0.004514,-0.019814,-0.024904,0.00509,-0.02056,-0.007978,-0.012583
SHOT.ST,2024-07-17,-22.27,negative,Q1,-0.00149,-0.010455,0.008965,-0.013079,-0.013633,0.000554,0.005464,-0.024904,0.030368,0.149338,-0.007978,0.157315
INTRUM.ST,2024-07-18,-70.04,negative,Q1,0.021744,0.008869,0.012875,0.014769,0.003158,0.011611,-0.173333,-0.011594,-0.161739,-0.117949,0.003681,-0.121629
MTG-A.ST,2024-07-18,-144.42,negative,Q1,0.006289,0.008869,-0.00258,0.018868,0.003158,0.01571,-0.012579,-0.011594,-0.000985,-0.012579,0.003681,-0.016259
TELIA.ST,2024-07-18,281.82,positive,Q5,0.017902,0.008869,0.009033,0.047619,0.003158,0.044461,0.037952,-0.011594,0.049546,0.0802,0.003681,0.07652
LAGR-B.ST,2024-07-18,-8.47,negative,Q2,0.007418,0.008869,-0.001451,-0.003361,0.003158,-0.006519,0.001159,-0.011594,0.012753,0.089882,0.003681,0.086201
HUSQ-A.ST,2024-07-18,-22.38,negative,Q1,-0.022013,0.008869,-0.030882,-0.060979,0.003158,-0.064137,-0.085726,-0.011594,-0.074132,-0.110336,0.003681,-0.114017
BILI-A.ST,2024-07-18,10.49,positive,Q4,-0.003628,0.008869,-0.012497,-0.022461,0.003158,-0.025619,-0.080503,-0.011594,-0.068909,-0.143717,0.003681,-0.147398
VOLCAR-B.ST,2024-07-18,5.62,positive,Q4,0.00092,0.008869,-0.007949,-0.031902,0.003158,-0.03506,-0.116258,-0.011594,-0.104664,-0.288037,0.003681,-0.291717
ATCO-A.ST,2024-07-18,4.49,positive,Q4,0.008199,0.008869,-0.000669,0.007919,0.003158,0.00476,0.0041,-0.011594,0.015694,0.009042,0.003681,0.005361
SKF-B.ST,2024-07-18,15.59,positive,Q4,0.016845,0.008869,0.007976,0.001517,0.003158,-0.001641,-0.035208,-0.011594,-0.023614,-0.017892,0.003681,-0.021572
HUSQ-B.ST,2024-07-18,-21.83,negative,Q1,-0.021859,0.008869,-0.030728,-0.053066,0.003158,-0.056224,-0.075199,-0.011594,-0.063605,-0.111768,0.003681,-0.115449
MIPS.ST,2024-07-18,50.0,positive,Q5,0.013763,0.008869,0.004894,-0.011933,0.003158,-0.015092,-0.089546,-0.011594,-0.077952,-0.000915,0.003681,-0.004596
ESSITY-B.ST,2024-07-18,8.67,positive,Q4,0.014904,0.008869,0.006035,0.012926,0.003158,0.009768,-0.010607,-0.011594,0.000987,0.049043,0.003681,0.045363
AAK.ST,2024-07-18,-3.43,negative,Q3,0.011459,0.008869,0.00259,0.030317,0.003158,0.027158,0.032347,-0.011594,0.043941,0.139573,0.003681,0.135893
VOLV-A.ST,2024-07-18,11.66,positive,Q4,0.019488,0.008869,0.010619,-0.035518,0.003158,-0.038676,-0.065457,-0.011594,-0.053863,-0.055713,0.003681,-0.059393
GETI-B.ST,2024-07-18,37.13,positive,Q5,-0.002471,0.008869,-0.01134,0.026576,0.003158,0.023418,0.010338,-0.011594,0.021932,0.025567,0.003681,0.021887
ESSITY-A.ST,2024-07-18,12.16,positive,Q4,0.01662,0.008869,0.007751,0.01662,0.003158,0.013462,-0.011627,-0.011594,-3.3e-05,0.044867,0.003681,0.041186
HEM.ST,2024-07-18,4.05,positive,Q3,0.019617,0.008869,0.010748,-0.008064,0.003158,-0.011223,-0.027682,-0.011594,-0.016088,-0.050307,0.003681,-0.053988
VOLV-B.ST,2024-07-18,13.17,positive,Q4,0.017414,0.008869,0.008545,-0.031983,0.003158,-0.035141,-0.061499,-0.011594,-0.049905,-0.049397,0.003681,-0.053077
INDT.ST,2024-07-18,5.26,positive,Q4,0.01454,0.008869,0.005671,-0.007606,0.003158,-0.010764,-0.025277,-0.011594,-0.013683,-0.048669,0.003681,-0.05235
ATCO-B.ST,2024-07-18,1.29,positive,Q3,0.008773,0.008869,-9.6e-05,0.011611,0.003158,0.008453,0.010966,-0.011594,0.02256,0.028512,0.003681,0.024832
TREL-B.ST,2024-07-18,2.05,positive,Q3,-0.001005,0.008869,-0.009874,-0.00959,0.003158,-0.012749,-0.02016,-0.011594,-0.008566,-0.092707,0.003681,-0.096387
DOM.ST,2024-07-18,7.98,positive,Q4,-0.023675,0.008869,-0.032544,-0.018884,0.003158,-0.022042,-0.065671,-0.011594,-0.054077,-0.187148,0.003681,-0.190828
MTG-B.ST,2024-07-18,-143.0,negative,Q1,-0.006258,0.008869,-0.015127,0.025657,0.003158,0.022499,-0.031289,-0.011594,-0.019695,-0.045682,0.003681,-0.049363
EQT.ST,2024-07-18,-10.24,negative,Q2,0.027684,0.008869,0.018816,0.018456,0.003158,0.015298,0.036002,-0.011594,0.047596,0.009542,0.003681,0.005861
NOLA-B.ST,2024-07-18,3.28,positive,Q3,-0.024569,0.008869,-0.033438,-0.019516,0.003158,-0.022674,-0.083987,-0.011594,-0.072393,-0.131556,0.003681,-0.135237
ALIG.ST,2024-07-18,-3.6,negative,Q3,0.034483,0.008869,0.025614,0.034483,0.003158,0.031324,0.010904,-0.011594,0.022498,0.069059,0.003681,0.065378
BOL.ST,2024-07-19,-3.37,negative,Q3,0.000316,0.001155,-0.00084,0.006313,-0.005178,0.011491,-0.021149,-0.025501,0.004352,0.029356,-0.002937,0.032293
SAND.ST,2024-07-19,-9.09,negative,Q2,-0.004146,0.001155,-0.005301,0.006481,-0.005178,0.011658,-0.017583,-0.025501,0.007918,-0.006909,-0.002937,-0.003973
SINCH.ST,2024-07-19,-21.43,negative,Q1,0.036745,0.001155,0.03559,0.060742,-0.005178,0.06592,0.076115,-0.025501,0.101617,0.050244,-0.002937,0.05318
ALIV-SDB.ST,2024-07-19,-15.0,negative,Q2,0.000196,0.001155,-0.000959,0.001139,-0.005178,0.006317,-0.017544,-0.025501,0.007957,-0.070794,-0.002937,-0.067858
TRUE-B.ST,2024-07-19,0.0,negative,Q3,-0.016975,0.001155,-0.018131,0.016049,-0.005178,0.021227,0.087654,-0.025501,0.113156,0.355247,-0.002937,0.358184
IVSO.ST,2024-07-19,-5.85,negative,Q2,0.003985,0.001155,0.002829,-0.028014,-0.005178,-0.022836,-0.04999,-0.025501,-0.024489,-0.031998,-0.002937,-0.029062
SDIP-PREF.ST,2024-07-19,-4.09,negative,Q3,0.004183,0.001155,0.003028,0.0,-0.005178,0.005178,0.004183,-0.025501,0.029685,0.070761,-0.002937,0.073698
SAAB-B.ST,2024-07-19,2.21,positive,Q3,0.004384,0.001155,0.003229,0.007892,-0.005178,0.013069,-0.00476,-0.025501,0.020741,-0.08397,-0.002937,-0.081033
FAG.ST,2024-07-19,-34.04,negative,Q1,-0.036528,0.001155,-0.037684,-0.042264,-0.005178,-0.037086,-0.064151,-0.025501,-0.03865,-0.140075,-0.002937,-0.137139
STEF-B.ST,2024-07-19,41.55,positive,Q5,-0.001026,0.001155,-0.002181,-0.024615,-0.005178,-0.019438,-0.046154,-0.025501,-0.020653,0.048718,-0.002937,0.051655
SDIP-B.ST,2024-07-19,-7.23,negative,Q2,-0.014286,0.001155,-0.015441,-0.066857,-0.005178,-0.061679,-0.096571,-0.025501,-0.07107,-0.169714,-0.002937,-0.166778
CEVI.ST,2024-07-19,-4.71,negative,Q2,-0.035868,0.001155,-0.037024,-0.003994,-0.005178,0.001183,0.049788,-0.025501,0.075289,0.101594,-0.002937,0.10453
ELUX-B.ST,2024-07-19,75.61,positive,Q5,-0.006695,0.001155,-0.00785,0.013389,-0.005178,0.018567,-0.007113,-0.025501,0.018388,0.050209,-0.002937,0.053146
SKA-B.ST,2024-07-19,-10.28,negative,Q2,0.0,0.001155,-0.001155,-0.012732,-0.005178,-0.007554,-0.045716,-0.025501,-0.020215,0.043406,-0.002937,0.046342
ALLEI.ST,2024-07-19,22.53,positive,Q5,0.021763,0.001155,0.020607,0.026387,-0.005178,0.031565,-0.068009,-0.025501,-0.042508,-0.137922,-0.002937,-0.134985
LIAB.ST,2024-07-19,2.97,positive,Q3,-0.003849,0.001155,-0.005004,0.009166,-0.005178,0.014344,-0.034442,-0.025501,-0.008941,0.035235,-0.002937,0.038172
EPI-A.ST,2024-07-19,-12.89,negative,Q2,-0.017552,0.001155,-0.018707,-0.017045,-0.005178,-0.011867,-0.041242,-0.025501,-0.015741,0.030082,-0.002937,0.033018
EPRO-B.ST,2024-07-19,-1.23,negative,Q3,0.0,0.001155,-0.001155,-0.017557,-0.005178,-0.012379,-0.029311,-0.025501,-0.00381,-0.005803,-0.002937,-0.002866
BEIA-B.ST,2024-07-19,-18.97,negative,Q2,0.027702,0.001155,0.026546,0.020776,-0.005178,0.025954,-0.091916,-0.025501,-0.066414,-0.173231,-0.002937,-0.170294
EPI-B.ST,2024-07-19,-11.52,negative,Q2,-0.006058,0.001155,-0.007213,-0.017041,-0.005178,-0.011864,-0.022533,-0.025501,0.002968,0.005492,-0.002937,0.008428
ATT.ST,2024-07-19,161.54,positive,Q5,0.002005,0.001155,0.00085,0.009804,-0.005178,0.014982,0.041444,-0.025501,0.066945,0.050134,-0.002937,0.05307
ENGCON-B.ST,2024-07-19,2.78,positive,Q3,-0.013437,0.001155,-0.014592,0.007748,-0.005178,0.012926,0.036681,-0.025501,0.062182,0.056395,-0.002937,0.059331
BILL.ST,2024-07-19,173.53,positive,Q5,-0.019044,0.001155,-0.0202,-0.023525,-0.005178,-0.018347,-0.03342,-0.025501,-0.007919,-0.008122,-0.002937,-0.005185
EVO.ST,2024-07-19,-2.29,negative,Q3,0.008404,0.001155,0.007249,0.008404,-0.005178,0.013582,0.031636,-0.025501,0.057137,-0.062182,-0.002937,-0.059246
ELUX-A.ST,2024-07-19,73.82,positive,Q5,-0.092437,0.001155,-0.093592,-0.033613,-0.005178,-0.028436,-0.07563,-0.025501,-0.050129,-0.067227,-0.002937,-0.06429
SF.ST,2024-07-22,-73.58,negative,Q1,-0.007812,-0.009804,0.001992,-0.043527,-0.000453,-0.043073,-0.145089,-0.027917,-0.117172,-0.305804,-0.000817,-0.304987
NCAB.ST,2024-07-23,-27.78,negative,Q1,0.007333,-0.003344,0.010677,0.043333,0.01492,0.028414,-0.025333,-0.011619,-0.013714,-0.142667,0.002036,-0.144703
BIOG-B.ST,2024-07-23,15.79,positive,Q4,-0.025006,-0.003344,-0.021662,-0.003178,0.01492,-0.018098,-0.010956,-0.011619,0.000663,-0.213431,0.002036,-0.215467
ALFA.ST,2024-07-23,-1.94,negative,Q3,0.002361,-0.003344,0.005705,0.011782,0.01492,-0.003138,-0.015607,-0.011619,-0.003988,0.013902,0.002036,0.011866
KFAST-B.ST,2024-07-23,-53.33,negative,Q1,-0.013514,-0.003344,-0.010169,0.009009,0.01492,-0.005911,0.058559,-0.011619,0.070178,0.06982,0.002036,0.067784
SAVE.ST,2024-07-23,4.0,positive,Q3,0.001799,-0.003344,0.005143,-0.023206,0.01492,-0.038126,-0.003552,-0.011619,0.008066,0.004475,0.002036,0.002439
LOOMIS.ST,2024-07-24,22.33,positive,Q5,-0.007307,0.006391,-0.013698,0.034646,-0.005931,0.040576,0.027339,-0.00121,0.028548,-0.04378,0.003567,-0.047347
AZN.ST,2024-07-24,-94.24,negative,Q1,0.017991,0.006391,0.0116,0.026392,-0.005931,0.032323,0.06084,-0.00121,0.06205,-0.023343,0.003567,-0.026911
SSAB-A.ST,2024-07-24,0.0,negative,Q3,-0.017241,0.006391,-0.023633,-0.053578,-0.005931,-0.047647,-0.086948,-0.00121,-0.085739,-0.122544,0.003567,-0.126111
STE-R.ST,2024-07-24,-48.95,negative,Q1,-0.014672,0.006391,-0.021063,-0.038087,-0.005931,-0.032157,-0.041736,-0.00121,-0.040527,-0.097461,0.003567,-0.101028
SSAB-B.ST,2024-07-24,-0.41,negative,Q3,-0.019093,0.006391,-0.025484,-0.060491,-0.005931,-0.054561,-0.089792,-0.00121,-0.088582,-0.121928,0.003567,-0.125496
PDX.ST,2024-07-25,-60.0,negative,Q1,-0.015695,0.000485,-0.016181,-0.090313,-0.043333,-0.04698,-0.120417,-0.004508,-0.115909,0.253892,0.001,0.252891
SECARE.ST,2024-07-25,-61.76,negative,Q1,0.038332,0.000485,0.037847,0.001345,-0.043333,0.044678,-0.073078,-0.004508,-0.06857,-0.054248,0.001,-0.055248
OX2.ST,2024-07-25,-234.88,negative,Q1,0.001695,0.000485,0.001209,0.001695,-0.043333,0.045028,0.016102,-0.004508,0.02061,None,None,None
HEXA-B.ST,2024-07-26,0.0,negative,Q3,0.011262,0.00591,0.005352,-0.068238,-0.065405,-0.002833,-0.025768,-0.009013,-0.016756,-0.047337,-0.000742,-0.046595
SCA-B.ST,2024-07-26,-14.91,negative,Q2,0.003469,0.00591,-0.002441,-0.039717,-0.065405,0.025688,-0.052177,-0.009013,-0.043164,-0.052177,-0.000742,-0.051435
8TRA.ST,2024-07-26,-13.94,negative,Q2,-0.010455,0.00591,-0.016365,-0.064184,-0.065405,0.001221,0.0,-0.009013,0.009013,0.022363,-0.000742,0.023106
SCA-A.ST,2024-07-26,-9.87,negative,Q2,-0.008205,0.00591,-0.014115,-0.057508,-0.065405,0.007898,-0.060313,-0.009013,-0.0513,-0.054772,-0.000742,-0.05403
SECU-B.ST,2024-07-30,-2.62,negative,Q3,0.005643,-0.023819,0.029462,-0.016928,-0.064076,0.047149,0.047324,-0.005123,0.052448,0.123771,0.005656,0.118116
LUMI.ST,2024-07-30,-11.11,negative,Q2,-0.027815,-0.023819,-0.003995,-0.113917,-0.064076,-0.04984,-0.032371,-0.005123,-0.027248,0.014145,0.005656,0.008489
COIC.ST,2024-07-31,-82.76,negative,Q1,-0.030265,-0.031475,0.00121,-0.047919,-0.037996,-0.009924,0.437579,0.019152,0.418427,0.450189,0.024965,0.425224
CALTX.ST,2024-08-13,-193.33,negative,Q1,0.000969,0.011477,-0.010509,0.001938,0.01193,-0.009992,0.004845,0.006557,-0.001712,None,None,None
HOLM-B.ST,2024-08-15,-6.93,negative,Q2,0.00972,0.003053,0.006668,0.006338,0.010335,-0.003997,0.033044,-0.001322,0.034366,0.001478,-0.008105,0.009583
EMBRAC-B.ST,2024-08-15,-47.06,negative,Q1,0.042757,0.003053,0.039705,0.066318,0.010335,0.055983,0.034904,-0.001322,0.036226,0.182373,-0.008105,0.190478
KAR.ST,2024-08-15,-140.0,negative,Q1,0.013942,0.003053,0.010889,-0.015209,0.010335,-0.025544,0.040558,-0.001322,0.041879,0.013942,-0.008105,0.022047
STOR-B.ST,2024-08-15,14.29,positive,Q4,0.017085,0.003053,0.014033,0.047236,0.010335,0.036901,-0.013065,-0.001322,-0.011744,0.001005,-0.008105,0.00911
HOLM-A.ST,2024-08-15,0.44,positive,Q3,0.0,0.003053,-0.003053,0.0,0.010335,-0.010335,0.036511,-0.001322,0.037833,-0.007277,-0.008105,0.000828
NEWA-B.ST,2024-08-15,-19.7,negative,Q2,0.042971,0.003053,0.039918,0.04199,0.010335,0.031655,0.037379,-0.001322,0.0387,-0.079466,-0.008105,-0.071361
YUBICO.ST,2024-08-15,8.33,positive,Q4,-0.009967,0.003053,-0.01302,0.061462,0.010335,0.051127,-0.280731,-0.001322,-0.279409,-0.181063,-0.008105,-0.172958
BOOZT.ST,2024-08-16,2.04,positive,Q3,0.009107,-0.005326,0.014434,0.037341,0.01035,0.026991,-0.058288,0.005933,-0.06422,-0.045537,-0.003714,-0.041823
SUS.ST,2024-08-22,-24.32,negative,Q1,0.036293,0.003068,0.033226,-0.042471,0.014335,-0.056806,-0.046332,0.009602,-0.055934,0.096525,-0.02922,0.125745
INSTAL.ST,2024-08-22,-16.95,negative,Q2,-0.039932,0.003068,-0.043,-0.046124,0.014335,-0.060459,-0.101858,0.009602,-0.11146,-0.375187,-0.02922,-0.345967
MEKO.ST,2024-08-22,12.42,positive,Q4,0.045373,0.003068,0.042305,0.072939,0.014335,0.058604,0.069686,0.009602,0.060084,0.036812,-0.02922,0.066032
HUFV-A.ST,2024-08-22,3.7,positive,Q3,0.019643,0.003068,0.016575,0.0,0.014335,-0.014335,0.006573,0.009602,-0.003029,-0.106431,-0.02922,-0.077211
SYNSAM.ST,2024-08-23,23.91,positive,Q5,-0.037393,-0.004042,-0.033351,-0.043318,0.008904,-0.052222,-0.037393,0.008915,-0.046308,-0.196567,-0.027585,-0.168982
EKTA-B.ST,2024-08-28,20.59,positive,Q5,0.011558,-1e-06,0.011559,-0.041763,-0.033381,-0.008382,0.066882,0.016751,0.050131,-0.071968,-0.038584,-0.033383
ACAD.ST,2024-08-28,-11.07,negative,Q2,0.001604,-1e-06,0.001604,-0.00449,-0.033381,0.028891,0.032072,0.016751,0.01532,-0.080821,-0.038584,-0.042237
BIOA-B.ST,2024-08-29,0.0,negative,Q3,-0.014414,-0.002302,-0.012112,0.093093,-0.044287,0.13738,-0.048048,0.011741,-0.059789,0.126126,-0.03786,0.163986
SYSR.ST,2024-08-29,2.02,positive,Q3,0.00887,-0.002302,0.011173,0.003728,-0.044287,0.048015,0.141792,0.011741,0.130051,0.153105,-0.03786,0.190965
CLAS-B.ST,2024-09-04,7.48,positive,Q4,0.007092,-0.011283,0.018375,0.025519,0.000492,0.025027,0.041758,0.037656,0.004102,0.314841,0.025661,0.28918
SECT-B.ST,2024-09-06,2.44,positive,Q3,0.013057,-0.006245,0.019302,0.029974,0.007287,0.022686,0.089336,0.030439,0.058896,0.131392,0.037683,0.093709
RUSTA.ST,2024-09-12,-1.96,negative,Q3,-0.013234,0.001808,-0.015042,0.011304,0.021373,-0.010069,0.080645,0.028935,0.051711,-0.043976,0.025051,-0.069027
HM-B.ST,2024-09-26,-24.61,negative,Q1,0.008161,-0.004928,0.013089,-0.008161,-0.013507,0.005346,-0.008161,-0.00582,-0.002341,-0.112136,-0.059226,-0.05291
STE-A.ST,2024-09-29,-15.33,negative,Q2,-0.003798,0.003566,-0.007364,0.042013,-0.008982,0.050994,-0.095419,-0.012622,-0.082797,-0.128649,-0.038267,-0.090383
NDA-SE.ST,2024-09-29,3.02,positive,Q3,0.008514,0.003566,0.004948,0.007232,-0.008982,0.016214,0.061613,-0.012622,0.074235,0.039092,-0.038267,0.077359
NOKIA-SEK.ST,2024-09-29,-51.36,negative,Q1,0.001854,0.003566,-0.001712,0.01414,-0.008982,0.023122,0.150672,-0.012622,0.163295,0.105239,-0.038267,0.143506
ABB.ST,2024-09-29,-7.17,negative,Q2,0.002367,0.003566,-0.0012,0.004373,-0.008982,0.013355,0.005728,-0.012622,0.01835,0.009089,-0.038267,0.047356
SKIS-B.ST,2024-10-01,-32.7,negative,Q1,0.001901,-0.009981,0.011883,-0.014957,-0.009825,-0.005131,0.023069,-0.029858,0.052927,0.007668,-0.029575,0.037243
ERIC-B.ST,2024-10-15,21.05,positive,Q5,-0.009735,0.002218,-0.011952,0.011729,0.000479,0.01125,-0.004105,-0.018876,0.014771,0.081398,0.022606,0.058792
ERIC-A.ST,2024-10-15,16.83,positive,Q4,-0.007982,0.002218,-0.0102,0.007865,0.000479,0.007385,-0.00223,-0.018876,0.016646,0.080408,0.022606,0.057802
PLAZ-B.ST,2024-10-15,35.42,positive,Q5,-0.023002,0.002218,-0.025219,-0.093141,0.000479,-0.09362,-0.119237,-0.018876,-0.100361,-0.197318,0.022606,-0.219925
SLP-B.ST,2024-10-17,-12.5,negative,Q2,-0.025773,-0.006977,-0.018796,-0.015464,-0.00078,-0.014684,-0.072165,-0.033686,-0.038479,0.030928,0.0302,0.000727
EQT.ST,2024-10-17,-10.24,negative,Q2,-0.00769,-0.006977,-0.000713,-0.01538,-0.00078,-0.0146,-0.092313,-0.033686,-0.058627,0.168179,0.0302,0.137978
ARJO-B.ST,2024-10-17,-29.27,negative,Q1,0.045133,-0.006977,0.05211,0.027434,-0.00078,0.028213,-0.028909,-0.033686,0.004777,0.072566,0.0302,0.042366
FPAR-A.ST,2024-10-17,-58.84,negative,Q1,-0.012997,-0.006977,-0.006021,-0.053316,-0.00078,-0.052536,-0.135146,-0.033686,-0.10146,-0.209151,0.0302,-0.239352
VIT-B.ST,2024-10-17,-3.06,negative,Q3,-0.010761,-0.006977,-0.003784,0.070918,-0.00078,0.071698,0.036804,-0.033686,0.07049,0.252882,0.0302,0.222682
HMS.ST,2024-10-18,-25.4,negative,Q1,0.014346,-0.001821,0.016167,0.075983,0.018586,0.057397,-0.018597,-0.032113,0.013515,0.221041,0.036305,0.184736
NP3-PREF.ST,2024-10-18,-51.85,negative,Q1,-0.001379,-0.001821,0.000442,-0.001379,0.018586,-0.019965,-0.023793,-0.032113,0.008319,-0.035172,0.036305,-0.071478
ALIV-SDB.ST,2024-10-18,-4.17,negative,Q3,-0.009461,-0.001821,-0.00764,-0.005205,0.018586,-0.023791,0.015645,-0.032113,0.047758,0.082533,0.036305,0.046228
GETI-B.ST,2024-10-18,-3.86,negative,Q3,0.010574,-0.001821,0.012395,0.022682,0.018586,0.004096,-0.118061,-0.032113,-0.085948,0.02062,0.036305,-0.015686
NP3.ST,2024-10-18,-6.73,negative,Q2,-0.017084,-0.001821,-0.015264,-0.017084,0.018586,-0.03567,-0.078023,-0.032113,-0.04591,-0.062759,0.036305,-0.099064
VOLV-B.ST,2024-10-18,-11.96,negative,Q2,-0.008475,-0.001821,-0.006654,0.028289,0.018586,0.009703,-0.019853,-0.032113,0.012259,0.077883,0.036305,0.041577
VOLV-A.ST,2024-10-18,-12.71,negative,Q2,-0.010237,-0.001821,-0.008417,0.029856,0.018586,0.01127,-0.021876,-0.032113,0.010236,0.072869,0.036305,0.036563
NORION.ST,2024-10-18,3.45,positive,Q3,0.006266,-0.001821,0.008087,0.055138,0.018586,0.036552,-0.030075,-0.032113,0.002037,-0.067669,0.036305,-0.103975
STEF-B.ST,2024-10-21,-36.46,negative,Q1,-0.012315,0.003817,-0.016132,-0.021675,0.015264,-0.036939,-0.059113,-0.033841,-0.025272,0.044335,0.029325,0.01501
FABG.ST,2024-10-21,-13.76,negative,Q2,0.014541,0.003817,0.010724,0.012753,0.015264,-0.002511,-0.043623,-0.033841,-0.009782,-0.010369,0.029325,-0.039694
SAND.ST,2024-10-21,-10.91,negative,Q2,-0.006603,0.003817,-0.010419,0.010826,0.015264,-0.004438,-0.051413,-0.033841,-0.017572,0.078309,0.029325,0.048984
LIFCO-B.ST,2024-10-21,-11.35,negative,Q2,0.007098,0.003817,0.003281,0.049587,0.015264,0.034323,-0.005801,-0.033841,0.02804,0.104327,0.029325,0.075002
TEL2-A.ST,2024-10-22,-11.29,negative,Q2,0.027248,-0.001256,0.028504,0.018133,-0.001141,0.019275,0.027248,-0.032936,0.060184,0.054495,0.021037,0.033459
JM.ST,2024-10-22,-61.78,negative,Q1,-0.002853,-0.001256,-0.001597,0.020434,-0.001141,0.021575,-0.002853,-0.032936,0.030083,0.001164,0.021037,-0.019872
BOL.ST,2024-10-22,44.54,positive,Q5,0.016512,-0.001256,0.017768,0.002402,-0.001141,0.003543,-0.046833,-0.032936,-0.013897,0.001501,0.021037,-0.019536
TEL2-B.ST,2024-10-22,3.68,positive,Q3,0.01858,-0.001256,0.019836,0.010846,-0.001141,0.011987,0.013581,-0.032936,0.046517,0.040177,0.021037,0.019141
MTRS.ST,2024-10-22,-15.03,negative,Q2,-0.005024,-0.001256,-0.003768,-0.029073,-0.001141,-0.027932,-0.020662,-0.032936,0.012274,-0.073727,0.021037,-0.094764
BRAV.ST,2024-10-22,-5.88,negative,Q2,-0.009569,-0.001256,-0.008313,-0.004519,-0.001141,-0.003378,-0.007709,-0.032936,0.025227,0.116693,0.021037,0.095657
INWI.ST,2024-10-22,6.62,positive,Q4,-0.00623,-0.001256,-0.004974,0.010384,-0.001141,0.011525,-0.050375,-0.032936,-0.01744,0.013473,0.021037,-0.007564
BIOG-B.ST,2024-10-22,-43.75,negative,Q1,0.016448,-0.001256,0.017704,0.106303,-0.001141,0.107444,0.080472,-0.032936,0.113408,0.229054,0.021037,0.208017
NMAN.ST,2024-10-22,-32.2,negative,Q1,0.006235,-0.001256,0.007491,-0.041398,-0.001141,-0.040257,-0.093146,-0.032936,-0.06021,-0.130429,0.021037,-0.151466
SAAB-B.ST,2024-10-22,2.86,positive,Q3,0.000636,-0.001256,0.001892,-0.018994,-0.001141,-0.017853,0.047062,-0.032936,0.079998,-0.022174,0.021037,-0.043211
WALL-B.ST,2024-10-22,-31.91,negative,Q1,-0.021397,-0.001256,-0.020141,-0.041091,-0.001141,-0.03995,-0.098087,-0.032936,-0.065152,-0.10623,0.021037,-0.127266
ALLEI.ST,2024-10-22,21.79,positive,Q5,-0.014639,-0.001256,-0.013383,-0.022194,-0.001141,-0.021053,0.079333,-0.032936,0.112268,0.375728,0.021037,0.354691
BIOT.ST,2024-10-23,-15.38,negative,Q2,0.000567,0.005506,-0.00494,-0.004974,-0.013839,0.008865,-0.03551,-0.024818,-0.010691,-0.139394,0.030737,-0.170131
ATCO-B.ST,2024-10-23,-5.16,negative,Q2,0.002517,0.005506,-0.002989,-0.024011,-0.013839,-0.010172,-0.032531,-0.024818,-0.007712,0.024011,0.030737,-0.006726
SF.ST,2024-10-23,-15.22,negative,Q2,0.024709,0.005506,0.019203,0.069767,-0.013839,0.083606,-0.03343,-0.024818,-0.008612,0.087209,0.030737,0.056472
ATCO-A.ST,2024-10-23,-3.25,negative,Q3,0.000568,0.005506,-0.004938,-0.022558,-0.013839,-0.008719,-0.02949,-0.024818,-0.004672,0.014489,0.030737,-0.016247
SSAB-A.ST,2024-10-23,28.05,positive,Q5,0.016318,0.005506,0.010812,0.024686,-0.013839,0.038525,0.022176,-0.024818,0.046994,0.023849,0.030737,-0.006888
ALIF-B.ST,2024-10-23,-52.5,negative,Q1,-0.016015,0.005506,-0.021521,-0.013821,-0.013839,1.8e-05,-0.038611,-0.024818,-0.013792,0.08958,0.030737,0.058843
ASSA-B.ST,2024-10-23,-1.1,negative,Q3,0.005991,0.005506,0.000485,0.000896,-0.013839,0.014735,0.007134,-0.024818,0.031952,0.018931,0.030737,-0.011806
BERG-B.ST,2024-10-23,-2.5,negative,Q3,-0.035162,0.005506,-0.040668,-0.084097,-0.013839,-0.070258,-0.148322,-0.024818,-0.123504,-0.010709,0.030737,-0.041446
SHB-B.ST,2024-10-23,15.56,positive,Q4,0.010692,0.005506,0.005186,0.021384,-0.013839,0.035223,0.022081,-0.024818,0.046899,0.200046,0.030737,0.16931
VOLCAR-B.ST,2024-10-23,63.53,positive,Q5,0.015484,0.005506,0.009978,-0.013763,-0.013839,7.5e-05,0.009892,-0.024818,0.034711,0.115699,0.030737,0.084962
HEBA-B.ST,2024-10-23,30.56,positive,Q5,0.004306,0.005506,-0.0012,-0.012304,-0.013839,0.001535,-0.054445,-0.024818,-0.029626,-0.047062,0.030737,-0.077799
SHB-A.ST,2024-10-23,9.64,positive,Q4,0.019233,0.005506,0.013727,0.010079,-0.013839,0.023918,0.010079,-0.024818,0.034898,0.133601,0.030737,0.102864
INTRUM.ST,2024-10-23,-351.35,negative,Q1,0.007075,0.005506,0.001569,-0.062313,-0.013839,-0.048474,-0.227211,-0.024818,-0.202393,-0.16898,0.030737,-0.199717
HUSQ-B.ST,2024-10-23,-3.85,negative,Q3,-0.007357,0.005506,-0.012863,-0.029429,-0.013839,-0.01559,-0.137767,-0.024818,-0.112948,-0.140941,0.030737,-0.171678
HUSQ-A.ST,2024-10-23,-7.78,negative,Q2,-0.011186,0.005506,-0.016692,-0.035136,-0.013839,-0.021297,-0.140255,-0.024818,-0.115437,-0.147282,0.030737,-0.178019
DOM.ST,2024-10-23,-1.67,negative,Q3,-0.01524,0.005506,-0.020746,-0.013645,-0.013839,0.000194,-0.087719,-0.024818,-0.062901,-0.023037,0.030737,-0.053774
SECARE.ST,2024-10-23,-42.31,negative,Q1,0.011873,0.005506,0.006367,0.011873,-0.013839,0.025712,0.010114,-0.024818,0.034933,0.108839,0.030737,0.078102
THULE.ST,2024-10-23,4.8,positive,Q4,-0.006277,0.005506,-0.011783,0.011905,-0.013839,0.025744,-0.003418,-0.024818,0.0214,0.014204,0.030737,-0.016533
SSAB-B.ST,2024-10-23,17.98,positive,Q5,0.018356,0.005506,0.01285,0.025614,-0.013839,0.039453,0.030523,-0.024818,0.055341,0.026894,0.030737,-0.003843
BILI-A.ST,2024-10-23,24.49,positive,Q5,0.02623,0.005506,0.020724,0.031132,-0.013839,0.044971,0.031132,-0.024818,0.05595,0.058652,0.030737,0.027915
SWED-A.ST,2024-10-23,18.74,positive,Q5,0.009393,0.005506,0.003887,0.015449,-0.013839,0.029288,0.0,-0.024818,0.024818,0.139455,0.030737,0.108718
NYF.ST,2024-10-23,5.3,positive,Q4,-0.011167,0.005506,-0.016673,-0.077212,-0.013839,-0.063373,-0.115861,-0.024818,-0.091043,-0.04973,0.030737,-0.080466
ACAD.ST,2024-10-24,-8.14,negative,Q2,-0.009225,0.012269,-0.021494,0.0,-0.013525,0.013525,-0.061499,-0.030795,-0.030703,0.105195,0.027015,0.07818
SEB-A.ST,2024-10-24,8.55,positive,Q4,0.019391,0.012269,0.007122,0.022695,-0.013525,0.036219,0.00632,-0.030795,0.037115,0.057167,0.027015,0.030152
EVO.ST,2024-10-24,16.3,positive,Q4,-0.002874,0.012269,-0.015143,-0.042121,-0.013525,-0.028597,-0.050069,-0.030795,-0.019274,-0.210918,0.027015,-0.237933
MYCR.ST,2024-10-24,25.07,positive,Q5,0.000478,0.012269,-0.011791,-0.042174,-0.013525,-0.02865,-0.061375,-0.030795,-0.030579,0.022018,0.027015,-0.004997
CORE-PREF.ST,2024-10-24,-179.31,negative,Q1,-0.005581,0.012269,-0.01785,0.011203,-0.013525,0.024728,-0.016785,-0.030795,0.014011,-0.06997,0.027015,-0.096985
HEM.ST,2024-10-24,-8.7,negative,Q2,0.0,0.012269,-0.012269,-0.047238,-0.013525,-0.033713,-0.037333,-0.030795,-0.006538,0.105524,0.027015,0.078509
ANOD-B.ST,2024-10-24,21.67,positive,Q5,0.006273,0.012269,-0.005996,-0.049368,-0.013525,-0.035844,-0.092372,-0.030795,-0.061577,-0.07628,0.027015,-0.103295
CORE-B.ST,2024-10-24,13.33,positive,Q4,-0.002743,0.012269,-0.015012,-0.041152,-0.013525,-0.027628,-0.085048,-0.030795,-0.054253,-0.187929,0.027015,-0.214944
MIPS.ST,2024-10-24,-2.84,negative,Q3,-0.010122,0.012269,-0.02239,-0.045116,-0.013525,-0.031592,-0.140335,-0.030795,-0.109539,-0.004592,0.027015,-0.031607
AXFO.ST,2024-10-24,-12.63,negative,Q2,0.015214,0.012269,0.002946,-0.006733,-0.013525,0.006792,-0.00717,-0.030795,0.023625,0.026232,0.027015,-0.000783
MMGR-B.ST,2024-10-24,-13.22,negative,Q2,0.026476,0.012269,0.014207,0.039106,-0.013525,0.05263,-0.024101,-0.030795,0.006695,0.003476,0.027015,-0.023539
PNDX-B.ST,2024-10-24,-17.79,negative,Q2,0.023799,0.012269,0.011531,-0.0373,-0.013525,-0.023775,-0.046638,-0.030795,-0.015843,0.0492,0.027015,0.022184
LIAB.ST,2024-10-24,-22.54,negative,Q1,0.074224,0.012269,0.061955,0.0449,-0.013525,0.058424,0.10874,-0.030795,0.139535,-0.065426,0.027015,-0.092441
SOBI.ST,2024-10-24,82.63,positive,Q5,-0.004042,0.012269,-0.01631,-0.049076,-0.013525,-0.035552,-0.137991,-0.030795,-0.107195,-0.019053,0.027015,-0.046068
ATT.ST,2024-10-24,5.06,positive,Q4,-0.026159,0.012269,-0.038427,-0.038311,-0.013525,-0.024786,-0.021215,-0.030795,0.00958,0.054583,0.027015,0.027568
HOLM-B.ST,2024-10-24,5.15,positive,Q4,-0.014162,0.012269,-0.026431,-0.037938,-0.013525,-0.024413,-0.044323,-0.030795,-0.013528,-0.043876,0.027015,-0.070891
CEVI.ST,2024-10-24,-23.53,negative,Q1,-0.015356,0.012269,-0.027625,-0.113245,-0.013525,-0.09972,-0.14971,-0.030795,-0.118915,-0.147805,0.027015,-0.174821
IVSO.ST,2024-10-24,-37.04,negative,Q1,0.052442,0.012269,0.040174,0.04662,-0.013525,0.060144,0.054357,-0.030795,0.085152,0.289332,0.027015,0.262317
ALFA.ST,2024-10-24,4.74,positive,Q4,0.024073,0.012269,0.011804,-0.02596,-0.013525,-0.012436,-0.013298,-0.030795,0.017497,0.028018,0.027015,0.001002
AAK.ST,2024-10-24,-3.76,negative,Q3,-0.015079,0.012269,-0.027348,-0.045174,-0.013525,-0.031649,-0.110421,-0.030795,-0.079626,0.016296,0.027015,-0.010719
MTG-B.ST,2024-10-24,-35.47,negative,Q1,0.002577,0.012269,-0.009691,-0.010954,-0.013525,0.002571,0.175258,-0.030795,0.206053,0.30799,0.027015,0.280975
GRNG.ST,2024-10-24,-0.37,negative,Q3,-0.015153,0.012269,-0.027422,-0.008777,-0.013525,0.004748,-0.020286,-0.030795,0.010509,0.113853,0.027015,0.086838
MTG-A.ST,2024-10-24,-37.93,negative,Q1,0.0,0.012269,-0.012269,0.0,-0.013525,0.013525,0.197368,-0.030795,0.228164,0.342105,0.027015,0.31509
VITR.ST,2024-10-24,-20.56,negative,Q1,0.0221,0.012269,0.009832,-0.016147,-0.013525,-0.002622,-0.028054,-0.030795,0.002742,-0.000857,0.027015,-0.027872
BEIA-B.ST,2024-10-24,-14.29,negative,Q2,-0.005791,0.012269,-0.01806,-0.019738,-0.013525,-0.006213,-0.032443,-0.030795,-0.001648,0.016192,0.027015,-0.010823
FNOX.ST,2024-10-24,0.0,negative,Q3,0.015445,0.012269,0.003176,-0.033588,-0.013525,-0.020064,0.010646,-0.030795,0.041442,0.153996,0.027015,0.126981
WIHL.ST,2024-10-24,-15.65,negative,Q2,0.014122,0.012269,0.001853,-0.019406,-0.013525,-0.005881,-0.037901,-0.030795,-0.007106,-0.013211,0.027015,-0.040226
ESSITY-B.ST,2024-10-24,7.35,positive,Q4,0.026256,0.012269,0.013987,-0.004934,-0.013525,0.008591,-0.007873,-0.030795,0.022922,-0.06336,0.027015,-0.090375
XVIVO.ST,2024-10-24,298.53,positive,Q5,0.032393,0.012269,0.020124,-0.063741,-0.013525,-0.050216,-0.029258,-0.030795,0.001537,-0.017764,0.027015,-0.044779
BILL.ST,2024-10-24,20.74,positive,Q5,-0.027091,0.012269,-0.03936,-0.056147,-0.013525,-0.042623,0.018509,-0.030795,0.049304,0.143729,0.027015,0.116714
STE-R.ST,2024-10-24,-15.33,negative,Q2,-0.003214,0.012269,-0.015483,-0.028504,-0.013525,-0.014979,-0.09786,-0.030795,-0.067065,0.00203,0.027015,-0.024985
TELIA.ST,2024-10-24,22.45,positive,Q5,0.006707,0.012269,-0.005562,0.018779,-0.013525,0.032304,0.007042,-0.030795,0.037838,0.003689,0.027015,-0.023326
ESSITY-A.ST,2024-10-24,10.85,positive,Q4,0.031304,0.012269,0.019035,-0.004952,-0.013525,0.008573,-0.004952,-0.030795,0.025844,-0.062608,0.027015,-0.089623
TREL-B.ST,2024-10-24,-6.57,negative,Q2,0.008777,0.012269,-0.003492,-0.029051,-0.013525,-0.015526,-0.020806,-0.030795,0.009989,0.149038,0.027015,0.122023
HOLM-A.ST,2024-10-24,6.25,positive,Q4,-0.013775,0.012269,-0.026044,-0.041372,-0.013525,-0.027848,-0.057471,-0.030795,-0.026675,-0.055171,0.027015,-0.082186
EPI-A.ST,2024-10-25,-3.52,negative,Q3,-0.003705,-0.005076,0.001371,-0.042816,-0.019855,-0.02296,-0.10181,-0.048889,-0.052921,-0.023026,0.017702,-0.040727
VOLO-PREF.ST,2024-10-25,-11.4,negative,Q2,-0.003146,-0.005076,0.00193,0.003197,-0.019855,0.023053,-0.003197,-0.048889,0.045692,0.012773,0.017702,-0.004929
EPI-B.ST,2024-10-25,-6.8,negative,Q2,-0.003146,-0.005076,0.00193,-0.043886,-0.019855,-0.024031,-0.086759,-0.048889,-0.03787,-0.028209,0.017702,-0.045911
SDIP-PREF.ST,2024-10-25,-66.3,negative,Q1,-0.008066,-0.005076,-0.00299,-0.004033,-0.019855,0.015822,-0.012099,-0.048889,0.03679,0.016046,0.017702,-0.001656
CATE.ST,2024-10-25,-37.1,negative,Q1,-0.018715,-0.005076,-0.013639,-0.021667,-0.019855,-0.001811,-0.042329,-0.048889,0.00656,-0.048233,0.017702,-0.065935
ELUX-A.ST,2024-10-25,-166.22,negative,Q1,0.009615,-0.005076,0.014691,0.009615,-0.019855,0.029471,-0.028846,-0.048889,0.020043,0.086538,0.017702,0.068837
BALD-B.ST,2024-10-25,-25.62,negative,Q1,-0.008286,-0.005076,-0.00321,0.017756,-0.019855,0.037611,-0.040956,-0.048889,0.007933,-0.0625,0.017702,-0.080202
NCC-A.ST,2024-10-25,7.33,positive,Q4,-0.015338,-0.005076,-0.010262,-0.006122,-0.019855,0.013733,0.00316,-0.048889,0.052049,0.132052,0.017702,0.11435
SCA-A.ST,2024-10-25,10.49,positive,Q4,-0.01097,-0.005076,-0.005894,-0.034388,-0.019855,-0.014533,-0.034388,-0.048889,0.014501,0.042546,0.017702,0.024844
NOLA-B.ST,2024-10-25,1.67,positive,Q3,-0.020562,-0.005076,-0.015486,-0.031634,-0.019855,-0.011779,-0.098418,-0.048889,-0.049529,-0.011072,0.017702,-0.028774
HTRO.ST,2024-10-25,-16.13,negative,Q2,-0.003285,-0.005076,0.001791,-0.051686,-0.019855,-0.031831,-0.192948,-0.048889,-0.144059,-0.201708,0.017702,-0.21941
CAST.ST,2024-10-25,14.48,positive,Q4,-0.016225,-0.005076,-0.011148,-0.055397,-0.019855,-0.035542,-0.101367,-0.048889,-0.052478,-0.133743,0.017702,-0.151444
HEXA-B.ST,2024-10-25,-9.09,negative,Q2,-0.00553,-0.005076,-0.000453,-0.071415,-0.019855,-0.05156,-0.151172,-0.048889,-0.102282,0.19447,0.017702,0.176769
LAGR-B.ST,2024-10-25,0.0,negative,Q3,-0.023666,-0.005076,-0.01859,0.005689,-0.019855,0.025545,-0.073867,-0.048889,-0.024978,0.117422,0.017702,0.09972
SDIP-B.ST,2024-10-25,-25.25,negative,Q1,-0.03451,-0.005076,-0.029434,-0.077647,-0.019855,-0.057792,-0.094902,-0.048889,-0.046013,-0.108235,0.017702,-0.125937
INSTAL.ST,2024-10-25,-13.95,negative,Q2,-0.033181,-0.005076,-0.028105,-0.032572,-0.019855,-0.012717,-0.073668,-0.048889,-0.024779,-0.061187,0.017702,-0.078889
EPRO-B.ST,2024-10-25,0.0,negative,Q3,0.010981,-0.005076,0.016057,-0.017793,-0.019855,0.002063,-0.105505,-0.048889,-0.056616,0.052127,0.017702,0.034425
VOLO.ST,2024-10-25,3.23,positive,Q3,-0.019029,-0.005076,-0.013953,-0.02198,-0.019855,-0.002125,-0.084054,-0.048889,-0.035165,0.061972,0.017702,0.04427
AFRY.ST,2024-10-25,-32.31,negative,Q1,-0.054761,-0.005076,-0.049685,-0.045232,-0.019855,-0.025377,-0.096467,-0.048889,-0.047578,0.054205,0.017702,0.036503
KFAST-B.ST,2024-10-25,-60.0,negative,Q1,-0.019608,-0.005076,-0.014532,-0.074074,-0.019855,-0.054219,-0.159913,-0.048889,-0.111024,-0.300218,0.017702,-0.31792
PEAB-B.ST,2024-10-25,21.53,positive,Q5,-0.009174,-0.005076,-0.004098,0.028925,-0.019855,0.04878,-0.01236,-0.048889,0.036529,-0.019113,0.017702,-0.036815
DIOS.ST,2024-10-25,-6.71,negative,Q2,0.000631,-0.005076,0.005707,-0.022074,-0.019855,-0.002218,-0.055247,-0.048889,-0.006358,-0.057139,0.017702,-0.074841
SCA-B.ST,2024-10-25,9.35,positive,Q4,-0.007939,-0.005076,-0.002863,-0.030211,-0.019855,-0.010356,-0.033654,-0.048889,0.015235,0.04869,0.017702,0.030988
NCC-B.ST,2024-10-25,-0.41,negative,Q3,-0.008029,-0.005076,-0.002953,0.000597,-0.019855,0.020452,0.013338,-0.048889,0.062227,0.135634,0.017702,0.117932
INDT.ST,2024-10-25,-10.28,negative,Q2,-0.02492,-0.005076,-0.019844,-0.028937,-0.019855,-0.009082,-0.075407,-0.048889,-0.026518,0.031661,0.017702,0.013959
SAVE.ST,2024-10-25,-1.46,negative,Q3,-0.008013,-0.005076,-0.002937,0.008013,-0.019855,0.027868,-0.003592,-0.048889,0.045297,0.179285,0.017702,0.161584
ELUX-B.ST,2024-10-25,-75.5,negative,Q1,-0.0011,-0.005076,0.003976,-0.00418,-0.019855,0.015676,-0.109767,-0.048889,-0.060878,0.110867,0.017702,0.093165
SAGA-B.ST,2024-10-25,-15.07,negative,Q2,-0.019603,-0.005076,-0.014526,-0.045944,-0.019855,-0.026088,-0.106934,-0.048889,-0.058045,-0.080593,0.017702,-0.098294
FAG.ST,2024-10-28,-47.46,negative,Q1,0.005125,-0.012403,0.017529,0.063273,-0.014034,0.077307,-0.049664,-0.043317,-0.006347,-0.088901,0.008377,-0.097278
8TRA.ST,2024-10-28,-87.29,negative,Q1,-0.035352,-0.012403,-0.022948,-0.015566,-0.014034,-0.001532,-0.080642,-0.043317,-0.037325,-0.046667,0.008377,-0.055044
ALIG.ST,2024-10-29,8.15,positive,Q4,0.009998,-0.013952,0.023951,0.013303,-0.009793,0.023096,-0.021437,-0.026939,0.005502,-0.049568,0.023302,-0.07287
LOOMIS.ST,2024-10-29,-0.36,negative,Q3,0.023331,-0.013952,0.037284,0.038048,-0.009793,0.047842,0.0178,-0.026939,0.044739,0.090814,0.023302,0.067512
ENGCON-B.ST,2024-10-29,5.26,positive,Q4,-0.001638,-0.013952,0.012315,-0.037173,-0.009793,-0.02738,-0.064685,-0.026939,-0.037746,-0.150495,0.023302,-0.173797
SKF-B.ST,2024-10-30,13.45,positive,Q4,0.0,0.005827,-0.005827,0.073037,0.016644,0.056393,0.040754,-0.011234,0.051988,0.063585,0.034102,0.029483
SWEC-B.ST,2024-10-30,8.41,positive,Q4,-0.017833,0.005827,-0.023659,-0.031747,0.016644,-0.048391,-0.08905,-0.011234,-0.077816,-0.01948,0.034102,-0.053582
SHOT.ST,2024-10-30,-10.88,negative,Q2,-0.0123,0.005827,-0.018126,0.029114,0.016644,0.01247,-0.016036,-0.011234,-0.004802,0.191966,0.034102,0.157865
SWEC-A.ST,2024-10-30,-4.59,negative,Q2,-0.016667,0.005827,-0.022493,-0.027778,0.016644,-0.044422,-0.094444,-0.011234,-0.08321,-0.025,0.034102,-0.059102
PDX.ST,2024-10-31,-3.42,negative,Q3,-0.032011,0.005773,-0.037784,-0.032011,0.000595,-0.032607,-0.042528,-0.003554,-0.038974,0.091982,0.042438,0.049544
NCAB.ST,2024-11-05,-46.0,negative,Q1,-0.028782,0.012374,-0.041156,-0.092989,-0.01589,-0.077099,-0.099631,0.02074,-0.120371,-0.021402,0.044548,-0.065951
BOOZT.ST,2024-11-05,-33.33,negative,Q1,0.027532,0.012374,0.015158,0.034415,-0.01589,0.050305,0.185841,0.02074,0.165101,0.286136,0.044548,0.241587
LUMI.ST,2024-11-06,-40.39,negative,Q1,-0.033732,-0.010051,-0.02368,-0.073765,-0.020635,-0.053131,-0.017237,0.01143,-0.028667,-0.143268,0.036462,-0.179729
KAR.ST,2024-11-06,-111.85,negative,Q1,0.034704,-0.010051,0.044756,0.041131,-0.020635,0.061766,0.070694,0.01143,0.059264,0.136247,0.036462,0.099785
SECU-B.ST,2024-11-06,0.0,negative,Q3,0.002816,-0.010051,0.012868,-0.023714,-0.020635,-0.00308,0.015711,0.01143,0.004281,0.138061,0.036462,0.101599
SKA-B.ST,2024-11-06,-28.13,negative,Q1,-0.005708,-0.010051,0.004343,-0.021052,-0.020635,-0.000417,0.030688,0.01143,0.019258,0.126222,0.036462,0.08976
TRUE-B.ST,2024-11-06,-8.11,negative,Q2,0.049353,-0.010051,0.059404,0.098461,-0.020635,0.119095,0.300513,0.01143,0.289083,0.618129,0.036462,0.581667
HUFV-A.ST,2024-11-07,-2.94,negative,Q3,0.000794,0.00691,-0.006116,-0.027862,-0.019055,-0.008806,-0.044928,0.02308,-0.068008,-0.022464,0.064682,-0.087146
NEWA-B.ST,2024-11-07,-30.32,negative,Q1,0.009993,0.00691,0.003082,-0.016514,-0.019055,0.002541,0.020196,0.02308,-0.002885,0.180288,0.064682,0.115606
MEKO.ST,2024-11-07,27.71,positive,Q5,0.0,0.00691,-0.00691,-0.045013,-0.019055,-0.025958,-0.005282,0.02308,-0.028362,-0.014086,0.064682,-0.078768
CAMX.ST,2024-11-07,47.95,positive,Q5,0.011382,0.00691,0.004472,-0.073171,-0.019055,-0.054116,-0.086179,0.02308,-0.109259,-0.00813,0.064682,-0.072812
STOR-B.ST,2024-11-07,-13.33,negative,Q2,0.011,0.00691,0.00409,-0.004,-0.019055,0.015055,0.172,0.02308,0.14892,0.395,0.064682,0.330318
AZN.ST,2024-11-11,-96.04,negative,Q1,0.011702,-0.000664,0.012366,-0.007806,-0.008255,0.000449,0.051791,0.029515,0.022276,0.12593,0.091093,0.034836
YUBICO.ST,2024-11-13,-20.18,negative,Q2,-0.057836,-0.008455,-0.049381,-0.016791,-0.013858,-0.002933,-0.026119,0.009858,-0.035977,-0.210821,0.070651,-0.281471
BIOA-B.ST,2024-11-14,57.69,positive,Q5,-0.005034,-0.001225,-0.003809,0.060403,0.00164,0.058763,-0.03132,0.013792,-0.045112,0.450783,0.085699,0.365084
SUS.ST,2024-11-14,18.31,positive,Q5,0.005646,-0.001225,0.00687,0.031052,0.00164,0.029412,0.102329,0.013792,0.088537,0.129852,0.085699,0.044153
EMBRAC-B.ST,2024-11-14,-69.33,negative,Q1,0.001045,-0.001225,0.00227,-0.04007,0.00164,-0.041709,0.123693,0.013792,0.109901,-0.271196,0.085699,-0.356895
SYNSAM.ST,2024-11-19,-42.11,negative,Q1,-0.045631,0.004757,-0.050388,0.009223,0.005307,0.003916,-0.012864,-0.001366,-0.011498,0.108495,0.096695,0.0118
EKTA-B.ST,2024-11-27,-27.75,negative,Q1,0.014723,0.001962,0.012761,-0.046131,0.038725,-0.084857,-0.047603,0.000993,-0.048597,-0.077213,0.085721,-0.162933
CLAS-B.ST,2024-12-04,-0.8,negative,Q3,0.001843,0.003141,-0.001298,-0.006313,-0.01232,0.006007,-0.0629,-0.035022,-0.027879,-0.003502,0.019311,-0.022814
SYSR.ST,2024-12-05,5.45,positive,Q4,-0.014629,0.001351,-0.015981,0.0,-0.022157,0.022157,-0.129439,-0.035592,-0.093847,-0.145129,0.012842,-0.157971
RUSTA.ST,2024-12-10,-22.44,negative,Q1,0.015573,-0.005587,0.021161,-0.002163,-0.019631,0.017468,0.080317,0.011191,0.069126,-0.005624,0.037498,-0.043121
SECT-B.ST,2024-12-12,-20.0,negative,Q2,-0.024337,-0.004592,-0.019745,-0.000552,-0.031958,0.031405,-0.083247,0.032106,-0.115354,-0.068962,0.043976,-0.112937
SKIS-B.ST,2024-12-17,-3.25,negative,Q3,-0.016413,-0.022277,0.005864,-0.005471,-0.021478,0.016007,-0.006079,0.05206,-0.058139,0.046201,0.040886,0.005314
LUG.ST,2024-12-31,0.17,positive,Q3,-0.030761,0.012637,-0.043397,0.096293,0.001353,0.09494,0.176245,0.050588,0.125656,0.289987,-0.050273,0.34026
ABB.ST,2024-12-31,-1.99,negative,Q3,0.005319,0.012637,-0.007317,-0.005676,0.001353,-0.007029,-0.005336,0.050588,-0.055925,-0.17287,-0.050273,-0.122597
NOKIA-SEK.ST,2024-12-31,11.92,positive,Q4,0.050755,0.012637,0.038119,0.014262,0.001353,0.012909,0.052643,0.050588,0.002054,0.004824,-0.050273,0.055097
TFBANK.ST,2025-01-17,-4.43,negative,Q2,-0.059114,0.008306,-0.06742,-0.056567,0.011556,-0.068123,-0.04915,0.053729,-0.102878,-0.148947,-0.099785,-0.049163
ERIC-A.ST,2025-01-21,-33.33,negative,Q1,0.009335,0.009314,2.1e-05,-0.124249,0.003527,-0.127775,-0.116953,0.029116,-0.146069,-0.158476,-0.096545,-0.061931
ERIC-B.ST,2025-01-21,-11.3,negative,Q2,0.01008,0.009314,0.000767,-0.125898,0.003527,-0.129425,-0.113887,0.029116,-0.143003,-0.15571,-0.096545,-0.059166
INTRUM.ST,2025-01-22,-132.75,negative,Q1,0.007997,-0.001092,0.009089,0.069643,-0.003869,0.073513,0.036321,0.019309,0.017012,0.005665,-0.10245,0.108115
SWED-A.ST,2025-01-23,16.4,positive,Q4,-0.001207,-0.008545,0.007338,-0.012246,0.0003,-0.012547,0.044203,0.016439,0.027764,0.006525,-0.090932,0.097457
EQT.ST,2025-01-23,4.99,positive,Q4,-0.010488,-0.008545,-0.001943,0.00802,0.0003,0.00772,-0.049469,0.016439,-0.065908,-0.246614,-0.090932,-0.155682
SAND.ST,2025-01-23,-0.59,negative,Q3,-0.01464,-0.008545,-0.006095,-0.008607,0.0003,-0.008907,0.00905,0.016439,-0.007389,-0.123286,-0.090932,-0.032354
ESSITY-A.ST,2025-01-23,-17.65,negative,Q2,0.016189,-0.008545,0.024733,0.012567,0.0003,0.012266,0.050266,0.016439,0.033827,0.003474,-0.090932,0.094406
ESSITY-B.ST,2025-01-23,-4.15,negative,Q3,0.010378,-0.008545,0.018923,0.007866,0.0003,0.007566,0.052738,0.016439,0.036299,-0.001366,-0.090932,0.089566
ALLEI.ST,2025-01-24,-20.27,negative,Q2,-0.01643,-0.004266,-0.012164,-0.008778,-0.005397,-0.003381,0.013617,0.029395,-0.015778,-0.145285,-0.082689,-0.062595
XVIVO.ST,2025-01-28,49.35,positive,Q5,0.026201,0.001875,0.024325,0.037118,-0.01062,0.047737,-0.036026,0.031845,-0.067871,-0.303057,-0.08402,-0.219037
HMS.ST,2025-01-28,35.78,positive,Q5,0.000951,0.001875,-0.000925,-0.038973,-0.01062,-0.028354,-0.06692,0.031845,-0.098765,-0.179848,-0.08402,-0.095828
JM.ST,2025-01-28,-39.44,negative,Q1,0.021166,0.001875,0.019291,-0.081241,-0.01062,-0.070622,-0.145253,0.031845,-0.177098,-0.119124,-0.08402,-0.035104
ATCO-B.ST,2025-01-28,4.58,positive,Q4,0.012039,0.001875,0.010164,0.005547,-0.01062,0.016166,-0.009266,0.031845,-0.041111,-0.161298,-0.08402,-0.077279
ATCO-A.ST,2025-01-28,4.52,positive,Q4,0.010754,0.001875,0.008879,0.015123,-0.01062,0.025742,0.0014,0.031845,-0.030445,-0.168366,-0.08402,-0.084346
TEL2-B.ST,2025-01-28,7.91,positive,Q4,0.005345,0.001875,0.00347,0.014053,-0.01062,0.024673,0.064833,0.031845,0.032988,0.174153,-0.08402,0.258173
TEL2-A.ST,2025-01-28,-12.58,negative,Q2,0.0,0.001875,-0.001875,0.016572,-0.01062,0.027191,0.057828,0.031845,0.025983,0.162006,-0.08402,0.246026
PLAZ-B.ST,2025-01-28,-107.86,negative,Q1,0.026541,0.001875,0.024666,0.055438,-0.01062,0.066058,0.018107,0.031845,-0.013738,-0.074042,-0.08402,0.009978
GETI-B.ST,2025-01-28,37.5,positive,Q5,-0.00813,0.001875,-0.010005,-0.025318,-0.01062,-0.014699,-0.032147,0.031845,-0.063992,-0.135,-0.08402,-0.05098
SAVE.ST,2025-01-28,4.07,positive,Q3,0.02466,0.001875,0.022785,0.02466,-0.01062,0.03528,-0.053894,0.031845,-0.085739,0.010262,-0.08402,0.094282
TREL-B.ST,2025-01-29,10.7,positive,Q4,-0.000952,0.003089,-0.004041,0.002392,0.00129,0.001102,-0.004295,0.023432,-0.027728,-0.185153,-0.075037,-0.110116
SEB-A.ST,2025-01-29,-1.87,negative,Q3,-0.007269,0.003089,-0.010358,0.01644,0.00129,0.015151,0.091644,0.023432,0.068212,0.043478,-0.075037,0.118515
SSAB-B.ST,2025-01-29,-22.58,negative,Q1,-0.010222,0.003089,-0.013311,0.076469,0.00129,0.07518,0.217024,0.023432,0.193591,0.237271,-0.075037,0.312308
SSAB-A.ST,2025-01-29,-20.0,negative,Q2,-0.002913,0.003089,-0.006002,0.081569,0.00129,0.08028,0.208584,0.023432,0.185152,0.228976,-0.075037,0.304013
HOLM-A.ST,2025-01-29,-0.85,negative,Q3,-0.002434,0.003089,-0.005523,0.009736,0.00129,0.008447,0.009736,0.023432,-0.013696,-0.041429,-0.075037,0.033608
VOLV-B.ST,2025-01-29,-0.19,negative,Q3,-0.021059,0.003089,-0.024148,-0.01053,0.00129,-0.011819,0.062871,0.023432,0.039438,-0.090847,-0.075037,-0.01581
VOLV-A.ST,2025-01-29,-0.19,negative,Q3,-0.01978,0.003089,-0.02287,-0.005764,0.00129,-0.007053,0.059375,0.023432,0.035943,-0.089421,-0.075037,-0.014384
HOLM-B.ST,2025-01-29,-16.67,negative,Q2,0.004781,0.003089,0.001692,0.01146,0.00129,0.01017,0.011953,0.023432,-0.01148,-0.059543,-0.075037,0.015494
DOM.ST,2025-01-29,-59.09,negative,Q1,-0.020011,0.003089,-0.0231,-0.057148,0.00129,-0.058438,-0.112674,0.023432,-0.136106,-0.379845,-0.075037,-0.304808
EPI-A.ST,2025-01-30,0.0,negative,Q3,-0.018384,-0.014192,-0.004192,-0.007536,-0.011526,0.00399,-0.007056,0.027786,-0.034842,0.003744,-0.077062,0.080806
VITR.ST,2025-01-30,-15.0,negative,Q2,-0.000902,-0.014192,0.01329,-0.042116,-0.011526,-0.030589,-0.128917,0.027786,-0.156703,-0.297921,-0.077062,-0.22086
AXFO.ST,2025-01-30,-28.12,negative,Q1,-0.010518,-0.014192,0.003674,-0.010518,-0.011526,0.001009,-0.041592,0.027786,-0.069379,0.149116,-0.077062,0.226177
EPI-B.ST,2025-01-30,-0.51,negative,Q3,-0.017779,-0.014192,-0.003587,-0.010206,-0.011526,0.00132,-0.005378,0.027786,-0.033164,0.032265,-0.077062,0.109327
TELIA.ST,2025-01-30,-136.55,negative,Q1,-0.000325,-0.014192,0.013867,0.042222,-0.011526,0.053748,0.088665,0.027786,0.060879,0.145502,-0.077062,0.222563
EVO.ST,2025-01-30,31.19,positive,Q5,-0.02132,-0.014192,-0.007128,-0.075922,-0.011526,-0.064396,-0.027885,0.027786,-0.055671,-0.199624,-0.077062,-0.122562
INDT.ST,2025-01-30,-5.19,negative,Q2,-0.017621,-0.014192,-0.00343,-0.009141,-0.011526,0.002386,0.001947,0.027786,-0.025839,-0.135428,-0.077062,-0.058366
GRNG.ST,2025-01-30,8.44,positive,Q4,0.022232,-0.014192,0.036424,0.020715,-0.011526,0.032241,0.013355,0.027786,-0.014432,-0.106685,-0.077062,-0.029623
INTRUM.ST,2025-01-30,-101.29,negative,Q1,-0.056924,-0.014192,-0.042732,-0.099456,-0.011526,-0.08793,-0.070995,0.027786,-0.098781,-0.01567,-0.077062,0.061392
ARJO-B.ST,2025-01-30,29.85,positive,Q5,0.001035,-0.014192,0.015227,-0.033653,-0.011526,-0.022126,-0.022521,0.027786,-0.050307,-0.193891,-0.077062,-0.116829
HM-B.ST,2025-01-30,-6.19,negative,Q2,-0.017507,-0.014192,-0.003315,-0.000635,-0.011526,0.010891,-0.038755,0.027786,-0.066541,-0.058662,-0.077062,0.0184
SCA-B.ST,2025-01-30,-4.88,negative,Q2,-0.002948,-0.014192,0.011244,-0.032695,-0.011526,-0.021168,-0.032695,0.027786,-0.060481,-0.166555,-0.077062,-0.089493
LIFCO-B.ST,2025-01-31,2.38,positive,Q3,-0.004385,0.002214,-0.006599,0.038914,0.009743,0.029171,-0.004385,0.008966,-0.013351,0.044706,-0.077374,0.12208
SKF-B.ST,2025-01-31,24.63,positive,Q5,0.003248,0.002214,0.001034,0.010555,0.009743,0.000812,0.014233,0.008966,0.005267,-0.095859,-0.077374,-0.018485
ELUX-A.ST,2025-01-31,-67.32,negative,Q1,-0.018349,0.002214,-0.020562,-0.036697,0.009743,-0.04644,-0.110092,0.008966,-0.119058,-0.302752,-0.077374,-0.225379
ELUX-B.ST,2025-01-31,-51.69,negative,Q1,-0.00596,0.002214,-0.008173,-0.022195,0.009743,-0.031938,-0.1194,0.008966,-0.128366,-0.385532,-0.077374,-0.308159
EPRO-B.ST,2025-01-31,-5.06,negative,Q2,0.001344,0.002214,-0.00087,-0.01586,0.009743,-0.025603,-0.059543,0.008966,-0.068509,-0.240995,-0.077374,-0.163621
LAGR-B.ST,2025-01-31,7.44,positive,Q4,-0.006973,0.002214,-0.009187,0.010504,0.009743,0.00076,-0.047222,0.008966,-0.056188,-0.014873,-0.077374,0.062501
SCA-A.ST,2025-01-31,-3.31,negative,Q3,-0.010454,0.002214,-0.012667,-0.026201,0.009743,-0.035944,-0.041882,0.008966,-0.050847,-0.177109,-0.077374,-0.099736
ANOD-B.ST,2025-01-31,18.07,positive,Q5,0.003416,0.002214,0.001202,-0.022718,0.009743,-0.032461,-0.117943,0.008966,-0.126909,-0.297378,-0.077374,-0.220005
HEXA-B.ST,2025-01-31,5.88,positive,Q4,0.005772,0.002214,0.003558,-0.019056,0.009743,-0.028799,-0.08674,0.008966,-0.095706,-0.276825,-0.077374,-0.199451
MCAP.ST,2025-01-31,-0.36,negative,Q3,0.002457,0.002214,0.000243,-0.038084,0.009743,-0.047827,-0.093366,0.008966,-0.102332,0.076167,-0.077374,0.153541
ALIV-SDB.ST,2025-01-31,8.16,positive,Q4,-0.015705,0.002214,-0.017919,-0.050685,0.009743,-0.060428,-0.086802,0.008966,-0.095768,-0.138935,-0.077374,-0.061562
HEM.ST,2025-01-31,-12.06,negative,Q2,0.054211,0.002214,0.051997,0.085578,0.009743,0.075834,0.059528,0.008966,0.050562,-0.116437,-0.077374,-0.039063
SLP-B.ST,2025-02-04,-2.94,negative,Q3,-0.011792,0.013935,-0.025727,-0.051887,0.018964,-0.070851,-0.162736,0.039523,-0.202259,-0.0625,-0.06843,0.005929
ALFA.ST,2025-02-04,-13.32,negative,Q2,-0.006969,0.013935,-0.020904,-0.011393,0.018964,-0.030357,-0.028503,0.039523,-0.068026,-0.137574,-0.06843,-0.069144
INWI.ST,2025-02-04,2.27,positive,Q3,0.006661,0.013935,-0.007274,0.000931,0.018964,-0.018034,-0.028653,0.039523,-0.068176,0.024832,-0.06843,0.093262
BILL.ST,2025-02-04,31.17,positive,Q5,0.02661,0.013935,0.012675,-0.015522,0.018964,-0.034487,0.010289,0.039523,-0.029234,-0.094554,-0.06843,-0.026124
SECU-B.ST,2025-02-05,0.66,positive,Q3,0.003522,-0.00975,0.013272,0.014156,0.021947,-0.007791,-0.046986,0.023808,-0.070794,-0.089852,-0.081319,-0.008533
VIT-B.ST,2025-02-05,-11.36,negative,Q2,-0.001603,-0.00975,0.008147,0.013546,0.021947,-0.0084,-0.090848,0.023808,-0.114655,-0.285128,-0.081319,-0.203809
ALIF-B.ST,2025-02-05,16.92,positive,Q4,-0.006916,-0.00975,0.002834,0.00974,0.021947,-0.012207,-0.105642,0.023808,-0.12945,0.08524,-0.081319,0.166559
BOL.ST,2025-02-05,42.21,positive,Q5,0.005309,-0.00975,0.015059,0.023626,0.021947,0.00168,0.014866,0.023808,-0.008942,-0.202283,-0.081319,-0.120964
ASSA-B.ST,2025-02-05,-0.27,negative,Q3,-0.021597,-0.00975,-0.011848,-0.006302,0.021947,-0.028248,0.011716,0.023808,-0.012091,-0.090489,-0.081319,-0.00917
SHB-B.ST,2025-02-05,17.69,positive,Q4,0.00823,-0.00975,0.01798,0.069118,0.021947,0.047172,0.131679,0.023808,0.107871,0.238346,-0.081319,0.319665
HEBA-B.ST,2025-02-05,-103.33,negative,Q1,-0.03052,-0.00975,-0.02077,-0.027406,0.021947,-0.049352,-0.160386,0.023808,-0.184194,-0.045469,-0.081319,0.03585
MTRS.ST,2025-02-05,-3.16,negative,Q3,-0.026114,-0.00975,-0.016365,-0.042645,0.021947,-0.064592,-0.193542,0.023808,-0.21735,-0.140091,-0.081319,-0.058773
BERG-B.ST,2025-02-05,-8.88,negative,Q2,-0.011315,-0.00975,-0.001565,0.051702,0.021947,0.029756,-0.003238,0.023808,-0.027045,-0.014552,-0.081319,0.066766
LOOMIS.ST,2025-02-05,27.24,positive,Q5,0.008409,-0.00975,0.018158,0.002461,0.021947,-0.019486,-0.013869,0.023808,-0.037677,-0.08478,-0.081319,-0.003461
SHB-A.ST,2025-02-05,11.18,positive,Q4,0.005153,-0.00975,0.014903,0.033629,0.021947,0.011682,0.075303,0.023808,0.051495,0.138583,-0.081319,0.219901
HUSQ-B.ST,2025-02-05,6.7,positive,Q4,0.000774,-0.00975,0.010524,0.063262,0.021947,0.041315,0.099826,0.023808,0.076018,-0.105049,-0.081319,-0.023731
AAK.ST,2025-02-05,3.2,positive,Q3,0.001941,-0.00975,0.011691,0.00522,0.021947,-0.016726,-0.048523,0.023808,-0.07233,-0.178797,-0.081319,-0.097479
HUSQ-A.ST,2025-02-05,-41.79,negative,Q1,0.0,-0.00975,0.00975,0.06039,0.021947,0.038443,0.088752,0.023808,0.064944,-0.109782,-0.081319,-0.028463
BILI-A.ST,2025-02-05,5.19,positive,Q4,-0.00939,-0.00975,0.00036,-0.014746,0.021947,-0.036692,-0.097447,0.023808,-0.121255,-0.152396,-0.081319,-0.071077
NORION.ST,2025-02-05,10.61,positive,Q4,0.026786,-0.00975,0.036535,0.030612,0.021947,0.008666,0.040816,0.023808,0.017009,0.024235,-0.081319,0.105553
CEVI.ST,2025-02-06,-10.88,negative,Q2,0.002519,0.00702,-0.004501,-0.02484,0.029259,-0.054099,-0.173124,0.026808,-0.199932,-0.017484,-0.043381,0.025897
WALL-B.ST,2025-02-06,-181.08,negative,Q1,0.017418,0.00702,0.010398,-0.00123,0.029259,-0.030489,-0.128893,0.026808,-0.155701,-0.040369,-0.043381,0.003012
MYCR.ST,2025-02-06,42.73,positive,Q5,0.02215,0.00702,0.01513,0.016064,0.029259,-0.013195,-0.147394,0.026808,-0.174201,-0.154142,-0.043381,-0.110762
ACAD.ST,2025-02-06,-37.81,negative,Q1,0.034977,0.00702,0.027957,0.075688,0.029259,0.046429,0.06594,0.026808,0.039133,0.120556,-0.043381,0.163937
NEWA-B.ST,2025-02-06,-7.47,negative,Q2,-0.002545,0.00702,-0.009565,-0.015356,0.029259,-0.044615,-0.115742,0.026808,-0.14255,0.051597,-0.043381,0.094978
VOLCAR-B.ST,2025-02-06,41.53,positive,Q5,0.016252,0.00702,0.009232,0.105641,0.029259,0.076381,0.175908,0.026808,0.149101,-0.076482,-0.043381,-0.033101
MTG-B.ST,2025-02-06,-120.67,negative,Q1,-0.001701,0.00702,-0.008721,0.048469,0.029259,0.01921,-0.043367,0.026808,-0.070175,-0.047619,-0.043381,-0.004238
PNDX-B.ST,2025-02-06,-8.75,negative,Q2,0.004983,0.00702,-0.002038,-0.010479,0.029259,-0.039738,-0.10525,0.026808,-0.132057,-0.164783,-0.043381,-0.121402
MIPS.ST,2025-02-06,5.29,positive,Q4,0.019559,0.00702,0.012538,-0.041944,0.029259,-0.071203,-0.207463,0.026808,-0.234271,-0.221824,-0.043381,-0.178443
SOBI.ST,2025-02-06,32.24,positive,Q5,0.0,0.00702,-0.00702,-0.036137,0.029259,-0.065396,-0.074766,0.026808,-0.101574,-0.054206,-0.043381,-0.010825
PEAB-B.ST,2025-02-06,57.89,positive,Q5,0.009348,0.00702,0.002328,0.042643,0.029259,0.013384,-0.029581,0.026808,-0.056389,0.031118,-0.043381,0.074499
NOLA-B.ST,2025-02-06,-3.17,negative,Q3,0.04295,0.00702,0.03593,0.026802,0.029259,-0.002457,-0.056767,0.026808,-0.083575,-0.023639,-0.043381,0.019742
BEIA-B.ST,2025-02-06,13.5,positive,Q4,0.003174,0.00702,-0.003847,0.062216,0.029259,0.032957,0.080985,0.026808,0.054177,0.162791,-0.043381,0.206172
MTG-A.ST,2025-02-06,-196.32,negative,Q1,0.017094,0.00702,0.010074,0.059829,0.029259,0.03057,-0.034188,0.026808,-0.060996,-0.08547,-0.043381,-0.042089
PDX.ST,2025-02-06,70.93,positive,Q5,-0.012054,0.00702,-0.019074,-0.005552,0.029259,-0.034811,-0.134586,0.026808,-0.161394,-0.055524,-0.043381,-0.012143
MILDEF.ST,2025-02-06,127.02,positive,Q5,0.034578,0.00702,0.027558,-0.047344,0.029259,-0.076603,0.379651,0.026808,0.352843,0.467347,-0.043381,0.510727
FABG.ST,2025-02-06,-45.19,negative,Q1,0.008982,0.00702,0.001961,0.027431,0.029259,-0.001829,-0.039932,0.026808,-0.06674,-0.030343,-0.043381,0.013037
AZN.ST,2025-02-06,-53.83,negative,Q1,0.008248,0.00702,0.001228,0.004441,0.029259,-0.024818,-0.001049,0.026808,-0.027856,-0.140586,-0.043381,-0.097205
ATT.ST,2025-02-06,76.36,positive,Q5,0.02175,0.00702,0.01473,0.058454,0.029259,0.029195,0.005098,0.026808,-0.02171,0.050127,-0.043381,0.093508
BALD-B.ST,2025-02-07,21.05,positive,Q5,-0.021104,0.003229,-0.024333,-0.038773,0.031966,-0.070739,-0.20589,-0.002113,-0.203777,-0.192147,-0.048741,-0.143407
SWEC-B.ST,2025-02-07,0.56,positive,Q3,0.011249,0.003229,0.00802,0.025719,0.031966,-0.006246,-0.013378,-0.002113,-0.011266,-0.061323,-0.048741,-0.012582
NP3-PREF.ST,2025-02-07,149.21,positive,Q5,-0.00349,0.003229,-0.006719,-0.008377,0.031966,-0.040343,-0.041536,-0.002113,-0.039423,0.015009,-0.048741,0.063749
HTRO.ST,2025-02-07,-8.7,negative,Q2,0.030862,0.003229,0.027633,-0.017181,0.031966,-0.049147,-0.079224,-0.002113,-0.077111,-0.134585,-0.048741,-0.085844
NP3.ST,2025-02-07,-17.96,negative,Q2,-0.022091,0.003229,-0.02532,0.011064,0.031966,-0.020901,-0.145479,-0.002113,-0.143366,-0.03936,-0.048741,0.009381
HOFI.ST,2025-02-07,14.29,positive,Q4,0.038896,0.003229,0.035667,-0.007832,0.031966,-0.039798,-0.09996,-0.002113,-0.097847,0.176822,-0.048741,0.225563
SWEC-A.ST,2025-02-07,-1.2,negative,Q3,-0.005348,0.003229,-0.008576,0.024064,0.031966,-0.007901,-0.02139,-0.002113,-0.019277,-0.058714,-0.048741,-0.009974
AFRY.ST,2025-02-07,-9.17,negative,Q2,0.006996,0.003229,0.003767,0.000992,0.031966,-0.030974,-0.061342,-0.002113,-0.059229,-0.085356,-0.048741,-0.036616
BOOZT.ST,2025-02-07,17.3,positive,Q4,-0.011338,0.003229,-0.014567,-0.006803,0.031966,-0.038768,-0.143613,-0.002113,-0.1415,-0.309524,-0.048741,-0.260783
SCST.ST,2025-02-07,-17.57,negative,Q2,-0.01564,0.003229,-0.018869,0.029926,0.031966,-0.00204,-0.004803,-0.002113,-0.00269,0.136946,-0.048741,0.185686
THULE.ST,2025-02-07,22.92,positive,Q5,0.0,0.003229,-0.003229,0.052779,0.031966,0.020813,-0.098942,-0.002113,-0.096829,-0.266773,-0.048741,-0.218032
SAAB-B.ST,2025-02-07,-5.76,negative,Q2,0.000921,0.003229,-0.002308,0.302822,0.031966,0.270857,0.757862,-0.002113,0.759975,0.960495,-0.048741,1.009236
SKA-B.ST,2025-02-07,5.84,positive,Q4,-0.004228,0.003229,-0.007457,-0.004228,0.031966,-0.036194,-0.078803,-0.002113,-0.07669,-0.060562,-0.048741,-0.011821
NCC-A.ST,2025-02-10,-3.28,negative,Q3,0.054772,0.004536,0.050235,0.068479,0.0339,0.034579,0.043817,-0.003922,0.04774,0.027472,-0.055837,0.083309
NCC-B.ST,2025-02-10,43.11,positive,Q5,0.046613,0.004536,0.042077,0.06527,0.0339,0.03137,0.046613,-0.003922,0.050535,0.019231,-0.055837,0.075068
ALIG.ST,2025-02-10,15.09,positive,Q4,0.028459,0.004536,0.023922,0.170581,0.0339,0.136682,0.091977,-0.003922,0.095899,0.165781,-0.055837,0.221618
WIHL.ST,2025-02-11,-47.45,negative,Q1,0.020508,0.016902,0.003606,-0.022434,0.011671,-0.034105,-0.120258,-0.011619,-0.108639,-0.072309,-0.051008,-0.021301
SDIP-PREF.ST,2025-02-11,-15.12,negative,Q2,0.008023,0.016902,-0.008879,0.008023,0.011671,-0.003648,0.011992,-0.011619,0.023612,0.065282,-0.051008,0.116289
SDIP-B.ST,2025-02-11,-27.36,negative,Q1,0.06373,0.016902,0.046828,0.025305,0.011671,0.013634,-0.093252,-0.011619,-0.081633,0.058107,-0.051008,0.109115
AMBEA.ST,2025-02-12,-1.69,negative,Q3,0.002754,-0.002664,0.005418,-0.012153,0.000308,-0.012462,0.035321,-0.015369,0.05069,0.021648,-0.06615,0.087798
LIAB.ST,2025-02-12,-46.25,negative,Q1,0.000908,-0.002664,0.003573,-0.058854,0.000308,-0.059163,-0.021467,-0.015369,-0.006098,0.02357,-0.06615,0.08972
VOLO.ST,2025-02-12,-32.0,negative,Q1,0.019372,-0.002664,0.022036,0.008838,0.000308,0.008529,0.001785,-0.015369,0.017154,0.106945,-0.06615,0.173095
VOLO-PREF.ST,2025-02-12,-20.68,negative,Q1,0.0,-0.002664,0.002664,0.003187,0.000308,0.002879,0.006357,-0.015369,0.021726,0.022342,-0.06615,0.088492
BIOG-B.ST,2025-02-12,42.11,positive,Q5,-0.022875,-0.002664,-0.020211,-0.030446,0.000308,-0.030754,-0.121784,-0.015369,-0.106415,-0.139531,-0.06615,-0.073381
LOGI-B.ST,2025-02-13,-126.32,negative,Q1,-0.007717,0.009668,-0.017385,-0.041801,0.002675,-0.044476,-0.151768,-0.011705,-0.140064,-0.091318,-0.06187,-0.029448
HUFV-A.ST,2025-02-13,-75.76,negative,Q1,-0.008737,0.009668,-0.018405,-0.037479,0.002675,-0.040154,-0.071691,-0.011705,-0.059986,-0.047114,-0.06187,0.014757
NCAB.ST,2025-02-13,-51.11,negative,Q1,-0.006914,0.009668,-0.016583,-0.088159,0.002675,-0.090834,-0.082109,-0.011705,-0.070404,-0.217286,-0.06187,-0.155416
CORE-B.ST,2025-02-13,100.0,positive,Q5,-0.021073,0.009668,-0.030741,-0.019157,0.002675,-0.021832,-0.088123,-0.011705,-0.076418,-0.063218,-0.06187,-0.001348
EMBRAC-B.ST,2025-02-13,-78.44,negative,Q1,0.027222,0.009668,0.017553,-0.005604,0.002675,-0.00828,-0.185588,-0.011705,-0.173884,-0.01281,-0.06187,0.04906
IVSO.ST,2025-02-13,70.65,positive,Q5,0.064317,0.009668,0.054648,0.105243,0.002675,0.102568,0.261681,-0.011705,0.273385,0.095975,-0.06187,0.157845
MEKO.ST,2025-02-13,-38.82,negative,Q1,0.023265,0.009668,0.013597,-0.02787,0.002675,-0.030545,-0.047984,-0.011705,-0.03628,-0.090799,-0.06187,-0.028929
INSTAL.ST,2025-02-13,-68.42,negative,Q1,-0.048896,0.009668,-0.058565,-0.097513,0.002675,-0.100189,-0.065381,-0.011705,-0.053677,-0.276893,-0.06187,-0.215023
BRAV.ST,2025-02-13,-8.85,negative,Q2,-0.003123,0.009668,-0.012791,-0.034676,0.002675,-0.037351,-0.039306,-0.011705,-0.027602,-0.11695,-0.06187,-0.05508
BIOA-B.ST,2025-02-13,36.84,positive,Q5,0.091337,0.009668,0.081669,0.15725,0.002675,0.154575,-0.014124,-0.011705,-0.00242,-0.13371,-0.06187,-0.07184
SECARE.ST,2025-02-13,-50.0,negative,Q1,-0.055627,0.009668,-0.065296,-0.017612,0.002675,-0.020287,-0.170318,-0.011705,-0.158613,-0.099012,-0.06187,-0.037142
NMAN.ST,2025-02-13,-7.78,negative,Q2,-0.0215,0.009668,-0.031168,-0.03225,0.002675,-0.034925,-0.081725,-0.011705,-0.070021,-0.180545,-0.06187,-0.118674
STOR-B.ST,2025-02-13,-17.39,negative,Q2,0.053836,0.009668,0.044167,0.035666,0.002675,0.032991,-0.067968,-0.011705,-0.056263,-0.258412,-0.06187,-0.196541
FNOX.ST,2025-02-13,13.33,positive,Q4,0.009069,0.009668,-0.000599,-0.046546,0.002675,-0.049221,-0.132969,-0.011705,-0.121264,0.157642,-0.06187,0.219512
SINCH.ST,2025-02-13,-240.74,negative,Q1,-0.046992,0.009668,-0.056661,-0.060526,0.002675,-0.063202,-0.137218,-0.011705,-0.125513,-0.062782,-0.06187,-0.000912
LOGI-A.ST,2025-02-13,73.43,positive,Q5,-0.00934,0.009668,-0.019008,-0.049366,0.002675,-0.052042,-0.118746,-0.011705,-0.107041,-0.082722,-0.06187,-0.020851
YUBICO.ST,2025-02-13,-12.41,negative,Q2,0.006881,0.009668,-0.002788,-0.013761,0.002675,-0.016437,-0.068807,-0.011705,-0.057103,-0.322706,-0.06187,-0.260836
CAMX.ST,2025-02-13,59.09,positive,Q5,0.06229,0.009668,0.052621,0.08165,0.002675,0.078974,0.015993,-0.011705,0.027698,-0.095118,-0.06187,-0.033247
MMGR-B.ST,2025-02-14,-43.48,negative,Q1,0.001108,0.005109,-0.004001,0.019773,-0.010804,0.030577,-0.126392,-0.021055,-0.105336,-0.030739,-0.065688,0.034949
ALLIGO-B.ST,2025-02-14,-12.35,negative,Q2,-0.008965,0.005109,-0.014074,0.023857,-0.010804,0.034661,0.049233,-0.021055,0.070288,-0.15522,-0.065688,-0.089531
DIOS.ST,2025-02-14,-35.81,negative,Q1,-0.019177,0.005109,-0.024286,-0.025196,-0.010804,-0.014392,-0.092805,-0.021055,-0.07175,-0.083147,-0.065688,-0.017458
KAR.ST,2025-02-18,-107.43,negative,Q1,-0.016227,0.005481,-0.021709,-0.066937,0.019287,-0.086224,-0.090264,-0.015302,-0.074961,-0.100406,-0.076991,-0.023415
STEF-B.ST,2025-02-18,50.19,positive,Q5,-0.011905,0.005481,-0.017386,0.014286,0.019287,-0.005001,-0.104762,-0.015302,-0.089459,-0.114286,-0.076991,-0.037295
TRUE-B.ST,2025-02-18,18.92,positive,Q5,-0.031031,0.005481,-0.036512,0.044822,0.019287,0.025535,-0.067169,-0.015302,-0.051867,-0.184012,-0.076991,-0.107021
SUS.ST,2025-02-19,-28.28,negative,Q1,-0.004372,-0.000304,-0.004068,-0.01624,0.006188,-0.022428,-0.169269,-0.035129,-0.13414,-0.108057,-0.090099,-0.017958
HUMBLE.ST,2025-02-19,-37.5,negative,Q1,0.042318,-0.000304,0.042622,0.057958,0.006188,0.05177,-0.099356,-0.035129,-0.064227,-0.315547,-0.090099,-0.225448
SHOT.ST,2025-02-19,22.73,positive,Q5,-0.004079,-0.000304,-0.003775,-0.010558,0.006188,-0.016746,-0.09766,-0.035129,-0.062532,-0.103179,-0.090099,-0.01308
CAST.ST,2025-02-19,14.71,positive,Q4,0.001735,-0.000304,0.002039,0.019257,0.006188,0.01307,-0.056298,-0.035129,-0.021169,-0.002949,-0.090099,0.08715
LUMI.ST,2025-02-19,-40.23,negative,Q1,-0.027346,-0.000304,-0.027042,-0.077357,0.006188,-0.083545,-0.066078,-0.035129,-0.030949,-0.073526,-0.090099,0.016573
FAG.ST,2025-02-19,-54.67,negative,Q1,-0.009541,-0.000304,-0.009237,-0.009541,0.006188,-0.015728,-0.036388,-0.035129,-0.001259,-0.072554,-0.090099,0.017546
BIOT.ST,2025-02-19,15.12,positive,Q4,0.020338,-0.000304,0.020642,-0.042478,0.006188,-0.048666,-0.123831,-0.035129,-0.088702,0.221145,-0.090099,0.311244
CATE.ST,2025-02-20,-15.76,negative,Q2,0.011425,-0.003905,0.01533,0.019422,0.00016,0.019262,-0.054863,-0.034321,-0.020541,0.074728,-0.07833,0.153057
NYF.ST,2025-02-20,21.09,positive,Q5,0.016626,-0.003905,0.020531,-0.002448,0.00016,-0.002608,-0.173603,-0.034321,-0.139281,-0.131273,-0.07833,-0.052943
EKTA-B.ST,2025-02-21,-10.48,negative,Q2,-0.024266,0.004093,-0.028359,-0.034787,0.011467,-0.046254,-0.076701,-0.026622,-0.050079,-0.174105,-0.072166,-0.101938
SYNSAM.ST,2025-02-21,-22.73,negative,Q1,-0.041352,0.004093,-0.045445,-0.086692,0.011467,-0.098159,-0.049538,-0.026622,-0.022916,0.049538,-0.072166,0.121705
SAGA-B.ST,2025-02-21,-4.18,negative,Q2,-0.003557,0.004093,-0.00765,0.008984,0.011467,-0.002484,-0.080715,-0.026622,-0.054093,-0.069725,-0.072166,0.002441
RAY-B.ST,2025-02-21,57.66,positive,Q5,-0.048652,0.004093,-0.052745,-0.038906,0.011467,-0.050373,-0.079777,-0.026622,-0.053155,0.202547,-0.072166,0.274713
ENGCON-B.ST,2025-02-21,-23.91,negative,Q1,0.032448,0.004093,0.028355,-0.019025,0.011467,-0.030492,-0.061033,-0.026622,-0.034411,-0.107774,-0.072166,-0.035608
SYSR.ST,2025-03-03,-18.42,negative,Q2,0.029729,0.025506,0.004223,0.063404,-0.001344,0.064748,-0.009077,-0.066843,0.057766,0.125625,-0.050722,0.176347
CLAS-B.ST,2025-03-12,13.8,positive,Q4,-0.003552,0.013045,-0.016597,-0.010702,0.007901,-0.018603,0.123881,-0.139827,0.263709,0.449211,-0.070412,0.519623
RUSTA.ST,2025-03-13,-3.95,negative,Q3,-0.013576,0.001048,-0.014623,-0.059482,-0.019766,-0.039716,-0.03387,-0.128125,0.094255,0.029391,-0.08343,0.112821
SECT-B.ST,2025-03-14,174.0,positive,Q5,0.010208,0.000115,0.010092,0.022635,-0.02027,0.042905,0.06395,-0.109676,0.173626,0.257979,-0.088657,0.346635
SKIS-B.ST,2025-03-18,5.34,positive,Q4,0.008299,-0.003428,0.011727,0.011263,-0.0276,0.038862,0.002964,-0.120376,0.12334,-0.089508,-0.084207,-0.005301
HM-B.ST,2025-03-25,-54.39,negative,Q1,0.004175,-0.011989,0.016164,0.015834,-0.048133,0.063967,0.059083,-0.06758,0.126663,0.049472,-0.043398,0.09287
STE-A.ST,2025-03-31,79.22,positive,Q5,-0.006169,-0.012388,0.006219,-0.022794,-0.108587,0.085793,-0.037223,-0.017946,-0.019277,0.100167,0.001857,0.098311
LUG.ST,2025-03-31,12.59,positive,Q4,-0.019067,-0.012388,-0.00668,-0.011447,-0.108587,0.09714,0.247613,-0.017946,0.265558,0.634158,0.001857,0.632301
NDA-SE.ST,2025-03-31,9.55,positive,Q4,-0.005486,-0.012388,0.006902,-0.106583,-0.108587,0.002004,0.064263,-0.017946,0.082209,0.107367,0.001857,0.10551
NOKIA-SEK.ST,2025-03-31,-125.23,negative,Q1,-0.011018,-0.012388,0.001369,-0.113792,-0.108587,-0.005205,-0.096695,-0.017946,-0.078749,-0.079407,0.001857,-0.081264
ABB.ST,2025-03-31,8.32,positive,Q4,-0.012683,-0.012388,-0.000295,-0.075519,-0.108587,0.033068,0.018447,-0.017946,0.036393,0.078017,0.001857,0.07616
PLAZ-B.ST,2025-04-11,-25.3,negative,Q1,0.02047,0.02223,-0.00176,0.004149,0.022936,-0.018786,0.050484,0.087801,-0.037317,-0.035408,0.088938,-0.124346
CORE-PREF.ST,2025-04-14,-441.8,negative,Q1,-0.009081,-0.007571,-0.00151,-0.013622,0.003409,-0.017031,0.095497,0.066173,0.029324,0.110491,0.067332,0.043159
FABG.ST,2025-04-14,-9.44,negative,Q2,-0.000625,-0.007571,0.006946,0.019139,0.003409,0.01573,0.017263,0.066173,-0.04891,0.043908,0.067332,-0.023424
CORE-B.ST,2025-04-14,-152.58,negative,Q1,-0.024283,-0.007571,-0.016712,0.00883,0.003409,0.005421,0.07947,0.066173,0.013297,-0.03532,0.067332,-0.102652
ERIC-B.ST,2025-04-14,51.14,positive,Q5,-0.007057,-0.007571,0.000514,-0.001925,0.003409,-0.005334,0.04991,0.066173,-0.016263,-0.090454,0.067332,-0.157786
ERIC-A.ST,2025-04-14,65.03,positive,Q5,-0.006279,-0.007571,0.001292,-0.003844,0.003409,-0.007253,0.050231,0.066173,-0.015943,-0.079318,0.067332,-0.14665
TFBANK.ST,2025-04-14,5.47,positive,Q4,-0.018882,-0.007571,-0.011311,-0.051309,0.003409,-0.054718,0.025614,0.066173,-0.04056,0.113702,0.067332,0.04637
SHOT.ST,2025-04-15,17.14,positive,Q4,-0.013843,-0.007169,-0.006674,0.024832,0.02292,0.001912,0.090766,0.080279,0.010487,0.144284,0.069443,0.074841
ALIV-SDB.ST,2025-04-16,28.0,positive,Q5,-0.024694,0.003655,-0.028349,0.045857,0.030765,0.015092,0.152536,0.081619,0.070917,0.308219,0.100599,0.20762
SAND.ST,2025-04-16,-2.41,negative,Q3,0.029777,0.003655,0.026122,0.09447,0.030765,0.063705,0.168444,0.081619,0.086825,0.332523,0.100599,0.231924
JM.ST,2025-04-21,-43.26,negative,Q1,-0.013038,0.002717,-0.015755,0.006519,0.017439,-0.01092,-0.022816,0.036458,-0.059274,-0.026728,0.089444,-0.116171
GETI-B.ST,2025-04-21,6.63,positive,Q4,-0.003005,0.002717,-0.005722,0.017486,0.017439,4.7e-05,0.000273,0.036458,-0.036185,0.101639,0.089444,0.012196
BOL.ST,2025-04-21,20.22,positive,Q5,0.021858,0.002717,0.019141,0.01127,0.017439,-0.006169,0.058743,0.036458,0.022285,0.076161,0.089444,-0.013283
NORION.ST,2025-04-21,22.56,positive,Q5,0.000253,0.002717,-0.002464,0.000506,0.017439,-0.016933,0.128828,0.036458,0.09237,0.543913,0.089444,0.454469
TREL-B.ST,2025-04-22,-2.38,negative,Q3,0.002765,0.002717,4.8e-05,0.045489,0.017439,0.02805,0.090412,0.036458,0.053954,0.140362,0.089444,0.050918
LIFCO-B.ST,2025-04-22,-14.9,negative,Q2,0.009079,0.002717,0.006362,0.067177,0.017439,0.049738,0.096297,0.036458,0.059839,0.003226,0.089444,-0.086218
ASSA-B.ST,2025-04-22,5.86,positive,Q4,0.008021,0.002717,0.005304,0.040141,0.017439,0.022702,0.067225,0.036458,0.030767,0.158909,0.089444,0.069466
HUSQ-B.ST,2025-04-22,-15.08,negative,Q2,-0.02694,0.002717,-0.029657,-0.03944,0.017439,-0.056879,-0.001078,0.036458,-0.037536,0.198276,0.089444,0.108832
XVIVO.ST,2025-04-22,-169.64,negative,Q1,0.068801,0.002717,0.066084,0.087193,0.017439,0.069754,0.029292,0.036458,-0.007166,-0.237738,0.089444,-0.327182
HUSQ-A.ST,2025-04-22,-15.74,negative,Q2,-0.025457,0.002717,-0.028174,-0.032637,0.017439,-0.050076,0.00718,0.036458,-0.029278,0.203003,0.089444,0.113559
VIT-B.ST,2025-04-23,-28.67,negative,Q1,0.024042,0.011727,0.012316,0.037841,0.026555,0.011287,-0.030729,0.046702,-0.077431,-0.136314,0.079476,-0.21579
TEL2-B.ST,2025-04-23,7.05,positive,Q4,0.003259,0.011727,-0.008467,0.035928,0.026555,0.009374,0.069582,0.046702,0.022881,0.117487,0.079476,0.038011
HEBA-B.ST,2025-04-23,-40.0,negative,Q1,0.011236,0.011727,-0.000491,0.034059,0.026555,0.007504,0.084972,0.046702,0.03827,0.081461,0.079476,0.001985
HMS.ST,2025-04-23,17.07,positive,Q4,0.000464,0.011727,-0.011262,0.005107,0.026555,-0.021448,-0.004643,0.046702,-0.051344,-0.004178,0.079476,-0.083654
TEL2-A.ST,2025-04-23,-25.77,negative,Q1,0.008627,0.011727,-0.0031,0.039774,0.026555,0.01322,0.077716,0.046702,0.031014,0.122681,0.079476,0.043205
GRNG.ST,2025-04-23,-7.51,negative,Q2,0.115965,0.011727,0.104238,0.06872,0.026555,0.042165,0.113954,0.046702,0.067252,0.236864,0.079476,0.157388
ALIG.ST,2025-04-23,2.3,positive,Q3,0.003495,0.011727,-0.008232,0.114795,0.026555,0.088241,0.240255,0.046702,0.193553,0.498342,0.079476,0.418866
VOLV-B.ST,2025-04-23,-12.43,negative,Q2,0.018547,0.011727,0.006821,0.030912,0.026555,0.004357,0.045595,0.046702,-0.001107,0.098145,0.079476,0.018669
SECARE.ST,2025-04-23,-34.78,negative,Q1,0.059259,0.011727,0.047533,0.151111,0.026555,0.124557,0.167407,0.046702,0.120706,0.158519,0.079476,0.079043
VOLV-A.ST,2025-04-23,-12.38,negative,Q2,0.020077,0.011727,0.008351,0.030888,0.026555,0.004334,0.047876,0.046702,0.001175,0.096525,0.079476,0.017049
NMAN.ST,2025-04-23,-30.74,negative,Q1,-0.077495,0.011727,-0.089222,-0.060665,0.026555,-0.08722,0.038859,0.046702,-0.007842,-0.027118,0.079476,-0.106594
ALLEI.ST,2025-04-23,-1.88,negative,Q3,-0.003865,0.011727,-0.015592,0.030255,0.026555,0.0037,0.057577,0.046702,0.010875,-0.047048,0.079476,-0.126524
NCAB.ST,2025-04-23,-26.32,negative,Q1,-0.172135,0.011727,-0.183861,-0.051555,0.026555,-0.07811,-0.084363,0.046702,-0.131065,0.179165,0.079476,0.099689
PDX.ST,2025-04-23,-15.83,negative,Q2,0.048444,0.011727,0.036717,0.106935,0.026555,0.08038,0.127663,0.046702,0.080962,-0.034009,0.079476,-0.113485
FNOX.ST,2025-04-23,10.67,positive,Q4,-0.002307,0.011727,-0.014033,0.002076,0.026555,-0.024478,-0.001153,0.046702,-0.047855,None,None,None
TELIA.ST,2025-04-23,220.33,positive,Q5,-0.004642,0.011727,-0.016368,0.018567,0.026555,-0.007988,0.052509,0.046702,0.005808,-0.019147,0.079476,-0.098623
AAK.ST,2025-04-23,0.29,positive,Q3,-0.022753,0.011727,-0.034479,-0.029042,0.026555,-0.055596,0.052716,0.046702,0.006014,0.043903,0.079476,-0.035573
VITR.ST,2025-04-24,-18.68,negative,Q2,-0.013298,0.000445,-0.013743,0.045668,0.015563,0.030106,0.047011,0.037421,0.00959,-0.026192,0.074748,-0.10094
NEWA-B.ST,2025-04-24,-4.39,negative,Q2,0.027105,0.000445,0.02666,0.061475,0.015563,0.045913,0.069486,0.037421,0.032065,0.13003,0.074748,0.055282
BIOT.ST,2025-04-24,-68.75,negative,Q1,0.000711,0.000445,0.000266,0.002845,0.015563,-0.012718,0.007824,0.037421,-0.029598,None,None,None
DOM.ST,2025-04-24,3.53,positive,Q3,-0.043526,0.000445,-0.043971,-0.077135,0.015563,-0.092698,0.069972,0.037421,0.032551,0.421488,0.074748,0.34674
SCA-A.ST,2025-04-24,-3.51,negative,Q3,-0.006319,0.000445,-0.006764,-0.015798,0.015563,-0.03136,0.033175,0.037421,-0.004246,-0.00316,0.074748,-0.077907
SKF-B.ST,2025-04-24,25.6,positive,Q5,0.019624,0.000445,0.019179,0.030108,0.015563,0.014545,0.120968,0.037421,0.083547,0.254301,0.074748,0.179554
HTRO.ST,2025-04-24,-17.65,negative,Q2,-0.016141,0.000445,-0.016586,-0.067073,0.015563,-0.082636,-0.060258,0.037421,-0.097679,-0.245696,0.074748,-0.320443
ESSITY-A.ST,2025-04-24,-2.52,negative,Q3,0.001842,0.000445,0.001397,0.025783,0.015563,0.01022,0.046041,0.037421,0.008619,-0.099448,0.074748,-0.174195
INWI.ST,2025-04-24,-52.21,negative,Q1,0.029717,0.000445,0.029272,0.071793,0.015563,0.05623,0.119234,0.037421,0.081813,-0.032241,0.074748,-0.106989
MIPS.ST,2025-04-24,-39.32,negative,Q1,-0.003984,0.000445,-0.004429,0.045161,0.015563,0.029598,0.132372,0.037421,0.094951,0.203908,0.074748,0.129161
AFRY.ST,2025-04-24,-32.83,negative,Q1,-0.008125,0.000445,-0.00857,0.069375,0.015563,0.053812,0.0875,0.037421,0.050079,-0.0625,0.074748,-0.137248
BOOZT.ST,2025-04-24,18.92,positive,Q5,0.028678,0.000445,0.028233,0.099127,0.015563,0.083565,0.064838,0.037421,0.027417,0.123441,0.074748,0.048694
WIHL.ST,2025-04-24,1.45,positive,Q3,-0.002503,0.000445,-0.002948,0.044122,0.015563,0.02856,-0.013247,0.037421,-0.050668,0.019088,0.074748,-0.055659
ESSITY-B.ST,2025-04-24,-5.38,negative,Q2,0.007027,0.000445,0.006582,0.032544,0.015563,0.016982,0.050666,0.037421,0.013245,-0.099112,0.074748,-0.17386
BEIA-B.ST,2025-04-24,-10.34,negative,Q2,0.02155,0.000445,0.021105,0.02563,0.015563,0.010068,0.142902,0.037421,0.105481,0.346898,0.074748,0.272151
FPAR-A.ST,2025-04-24,-25.27,negative,Q1,0.025108,0.000445,0.024663,0.105335,0.015563,0.089773,0.053943,0.037421,0.016522,-0.000392,0.074748,-0.07514
SCA-B.ST,2025-04-24,3.64,positive,Q3,-0.011769,0.000445,-0.012214,-0.023931,0.015563,-0.039494,0.027462,0.037421,-0.009959,0.013339,0.074748,-0.061409
SAVE.ST,2025-04-24,3.44,positive,Q3,-0.014558,0.000445,-0.015003,0.053881,0.015563,0.038318,0.024606,0.037421,-0.012815,0.043595,0.074748,-0.031152
STE-R.ST,2025-04-25,79.22,positive,Q5,0.025389,-0.006705,0.032094,-0.01807,0.000367,-0.018436,0.09435,0.033817,0.060533,0.188015,0.073273,0.114742
MYCR.ST,2025-04-25,2.35,positive,Q3,0.016214,-0.006705,0.022919,0.0546,0.000367,0.054233,0.066623,0.033817,0.032805,0.199537,0.073273,0.126264
ALIF-B.ST,2025-04-25,3.66,positive,Q3,0.021044,-0.006705,0.027749,0.100694,0.000367,0.100327,0.078063,0.033817,0.044245,0.015166,0.073273,-0.058107
CATE.ST,2025-04-25,-1.55,negative,Q3,0.021753,-0.006705,0.028458,0.042858,0.000367,0.042492,0.062112,0.033817,0.028295,0.030015,0.073273,-0.043258
BILI-A.ST,2025-04-25,10.26,positive,Q4,-0.005835,-0.006705,0.00087,0.01074,0.000367,0.010373,0.019027,0.033817,-0.01479,-0.03019,0.073273,-0.103463
THULE.ST,2025-04-25,-14.95,negative,Q2,-0.140435,-0.006705,-0.13373,-0.087453,0.000367,-0.08782,0.001672,0.033817,-0.032145,0.094738,0.073273,0.021465
INDT.ST,2025-04-25,-15.46,negative,Q2,0.0,-0.006705,0.006705,0.032334,0.000367,0.031968,0.036278,0.033817,0.00246,-0.048896,0.073273,-0.122169
HEM.ST,2025-04-25,-1.89,negative,Q3,-0.019239,-0.006705,-0.012534,-0.001208,0.000367,-0.001575,-0.066747,0.033817,-0.100564,-0.153126,0.073273,-0.226399
ANOD-B.ST,2025-04-25,-34.95,negative,Q1,0.009791,-0.006705,0.016496,0.019581,0.000367,0.019215,0.274012,0.033817,0.240194,0.378114,0.073273,0.304841
ALLIGO-B.ST,2025-04-25,-85.68,negative,Q1,-0.009154,-0.006705,-0.002449,0.099103,0.000367,0.098737,0.036802,0.033817,0.002985,-0.006165,0.073273,-0.079438
ALFA.ST,2025-04-25,-1.71,negative,Q3,-0.009734,-0.006705,-0.00303,0.001478,0.000367,0.001111,0.05066,0.033817,0.016843,0.093981,0.073273,0.020708
SAAB-B.ST,2025-04-25,-3.83,negative,Q3,0.038687,-0.006705,0.045391,0.082485,0.000367,0.082119,0.160691,0.033817,0.126873,0.25944,0.073273,0.186167
VOLO-PREF.ST,2025-04-28,-35.17,negative,Q1,0.0,0.009242,-0.009242,0.015865,0.008239,0.007627,0.006353,0.034941,-0.028588,0.031747,0.069774,-0.038027
WALL-B.ST,2025-04-28,1.06,positive,Q3,0.013462,0.009242,0.004219,0.012607,0.008239,0.004368,0.026282,0.034941,-0.008659,-0.055342,0.069774,-0.125116
VOLO.ST,2025-04-28,19.18,positive,Q5,0.011905,0.009242,0.002663,-0.017007,0.008239,-0.025246,0.037415,0.034941,0.002474,-0.081633,0.069774,-0.151407
8TRA.ST,2025-04-28,-89.66,negative,Q1,-0.004373,0.009242,-0.013615,-0.026902,0.008239,-0.03514,0.123774,0.034941,0.088833,0.113835,0.069774,0.044061
SHB-B.ST,2025-04-29,7.05,positive,Q4,0.014768,0.011701,0.003067,0.011076,0.00622,0.004856,0.094937,0.0194,0.075537,0.003692,0.040891,-0.037199
SLP-B.ST,2025-04-29,-43.75,negative,Q1,0.0,0.011701,-0.011701,0.006329,0.00622,0.000109,-0.035443,0.0194,-0.054843,0.011392,0.040891,-0.029498
SSAB-A.ST,2025-04-29,35.85,positive,Q5,0.037377,0.011701,0.025676,-0.008197,0.00622,-0.014417,0.014098,0.0194,-0.005301,-0.079344,0.040891,-0.120235
BILL.ST,2025-04-29,-2.45,negative,Q3,-0.001014,0.011701,-0.012715,0.035294,0.00622,0.029074,0.055781,0.0194,0.036381,-0.160751,0.040891,-0.201641
NCC-A.ST,2025-04-29,-4.16,negative,Q3,0.033227,0.011701,0.021526,0.004813,0.00622,-0.001407,0.058742,0.0194,0.039342,0.067266,0.040891,0.026375
SWED-A.ST,2025-04-29,3.43,positive,Q3,0.008337,0.011701,-0.003364,0.024594,0.00622,0.018374,0.090871,0.0194,0.071472,0.072113,0.040891,0.031223
EPI-A.ST,2025-04-29,-1.69,negative,Q3,0.023941,0.011701,0.01224,0.029207,0.00622,0.022987,0.026769,0.0194,0.007369,-0.052221,0.040891,-0.093111
EPRO-B.ST,2025-04-29,-4.17,negative,Q2,0.042718,0.011701,0.031017,0.072459,0.00622,0.066238,0.164384,0.0194,0.144984,0.173396,0.040891,0.132505
ENGCON-B.ST,2025-04-29,-33.33,negative,Q1,0.027847,0.011701,0.016146,0.055694,0.00622,0.049474,-0.016145,0.0194,-0.035544,-0.181927,0.040891,-0.222817
ATCO-B.ST,2025-04-29,-8.78,negative,Q2,0.012701,0.011701,0.001,-0.005186,0.00622,-0.011406,0.003382,0.0194,-0.016018,-0.037502,0.040891,-0.078392
MMGR-B.ST,2025-04-29,-11.46,negative,Q2,-0.001263,0.011701,-0.012964,0.030759,0.00622,0.024538,0.080023,0.0194,0.060623,-0.050085,0.040891,-0.090976
MTRS.ST,2025-04-29,6.5,positive,Q4,0.069407,0.011701,0.057706,0.091183,0.00622,0.084963,0.055216,0.0194,0.035816,0.094201,0.040891,0.053311
SWEC-B.ST,2025-04-29,0.0,negative,Q3,0.012995,0.011701,0.001294,0.004135,0.00622,-0.002085,-0.025399,0.0194,-0.044798,-0.101595,0.040891,-0.142485
SDIP-PREF.ST,2025-04-29,-23.69,negative,Q1,0.016014,0.011701,0.004313,0.01199,0.00622,0.00577,0.031945,0.0194,0.012546,0.071857,0.040891,0.030966
ELUX-A.ST,2025-04-29,-80.49,negative,Q1,0.013333,0.011701,0.001633,0.013333,0.00622,0.007113,0.06,0.0194,0.0406,0.026667,0.040891,-0.014224
MTG-B.ST,2025-04-29,5.24,positive,Q4,-0.03012,0.011701,-0.041821,-0.062823,0.00622,-0.069043,-0.064544,0.0194,-0.083944,-0.141136,0.040891,-0.182027
SSAB-B.ST,2025-04-29,7.62,positive,Q4,0.047952,0.011701,0.036251,-0.000666,0.00622,-0.006886,0.020313,0.0194,0.000913,-0.084249,0.040891,-0.12514
SWEC-A.ST,2025-04-29,-5.52,negative,Q2,0.015062,0.011701,0.003361,0.0051,0.00622,-0.00112,-0.030479,0.0194,-0.049879,-0.095707,0.040891,-0.136597
MTG-A.ST,2025-04-29,-78.57,negative,Q1,-0.036434,0.011701,-0.048134,-0.054125,0.00622,-0.060345,-0.054125,0.0194,-0.073525,-0.115432,0.040891,-0.156322
HUMBLE.ST,2025-04-29,-50.0,negative,Q1,0.008568,0.011701,-0.003133,-0.0306,0.00622,-0.03682,0.03672,0.0194,0.01732,-0.082007,0.040891,-0.122898
VOLCAR-B.ST,2025-04-29,-48.41,negative,Q1,0.069385,0.011701,0.057685,0.113816,0.00622,0.107596,0.033475,0.0194,0.014076,0.111382,0.040891,0.070491
ATCO-A.ST,2025-04-29,-8.51,negative,Q2,0.014009,0.011701,0.002308,0.015019,0.00622,0.008799,0.014345,0.0194,-0.005054,-0.031654,0.040891,-0.072545
EPI-B.ST,2025-04-29,-2.15,negative,Q3,0.025395,0.011701,0.013694,0.027498,0.00622,0.021278,-0.003451,0.0194,-0.02285,-0.074999,0.040891,-0.115889
PNDX-B.ST,2025-04-29,-20.97,negative,Q1,0.027295,0.011701,0.015595,-0.01737,0.00622,-0.02359,-0.009926,0.0194,-0.029325,0.060794,0.040891,0.019904
MCAP.ST,2025-04-29,0.0,negative,Q3,0.026437,0.011701,0.014736,0.029885,0.00622,0.023665,-0.02069,0.0194,-0.040089,0.503448,0.040891,0.462558
INSTAL.ST,2025-04-29,-20.83,negative,Q1,0.078566,0.011701,0.066865,0.04958,0.00622,0.04336,-0.073227,0.0194,-0.092626,-0.018307,0.040891,-0.059197
SOBI.ST,2025-04-29,17.39,positive,Q4,0.023208,0.011701,0.011508,0.016382,0.00622,0.010162,0.040956,0.0194,0.021556,-0.097611,0.040891,-0.138501
SEB-A.ST,2025-04-29,0.27,positive,Q3,0.007543,0.011701,-0.004157,0.009183,0.00622,0.002963,0.070187,0.0194,0.050787,0.107904,0.040891,0.067014
NCC-B.ST,2025-04-29,-1.46,negative,Q3,0.017741,0.011701,0.006041,0.010668,0.00622,0.004448,0.04586,0.0194,0.026461,0.043599,0.040891,0.002709
SDIP-B.ST,2025-04-29,-29.89,negative,Q1,0.035153,0.011701,0.023452,0.038853,0.00622,0.032633,0.017576,0.0194,-0.001823,-0.110083,0.040891,-0.150974
ARJO-B.ST,2025-04-29,8.93,positive,Q4,-0.033499,0.011701,-0.045199,-0.049007,0.00622,-0.055227,-0.075682,0.0194,-0.095082,0.045285,0.040891,0.004395
DIOS.ST,2025-04-29,-19.57,negative,Q2,0.003783,0.011701,-0.007918,-0.003026,0.00622,-0.009246,-0.026782,0.0194,-0.046181,-0.04509,0.040891,-0.085981
MILDEF.ST,2025-04-29,-109.76,negative,Q1,0.021627,0.011701,0.009927,-0.091113,0.00622,-0.097333,-0.011878,0.0194,-0.031277,-0.344605,0.040891,-0.385495
AZN.ST,2025-04-29,-11.67,negative,Q2,-0.01359,0.011701,-0.025291,-0.055795,0.00622,-0.062015,-0.020742,0.0194,-0.040142,0.020389,0.040891,-0.020501
ELUX-B.ST,2025-04-29,-88.37,negative,Q1,-0.000667,0.011701,-0.012367,0.006667,0.00622,0.000447,-0.013,0.0194,-0.0324,-0.026667,0.040891,-0.067557
EVO.ST,2025-04-30,-8.26,negative,Q2,0.000892,0.000893,-2e-06,-0.028706,-0.005511,-0.023195,-0.007672,0.010221,-0.017893,0.320746,0.0366,0.284146
HEXA-B.ST,2025-04-30,-7.74,negative,Q2,0.007735,0.000893,0.006842,0.023423,-0.005511,0.028934,0.043687,0.010221,0.033466,0.158078,0.0366,0.121478
FAG.ST,2025-04-30,-34.85,negative,Q1,-0.014151,0.000893,-0.015044,-0.016509,-0.005511,-0.010999,-0.016509,0.010221,-0.026731,-0.088443,0.0366,-0.125044
SHB-A.ST,2025-04-30,7.39,positive,Q4,0.006714,0.000893,0.005821,-0.005134,-0.005511,0.000376,0.020537,0.010221,0.010316,-0.045814,0.0366,-0.082414
SCST.ST,2025-05-01,-3.81,negative,Q3,0.016957,-0.014525,0.031482,0.071265,0.024546,0.046719,0.022686,0.018554,0.004132,0.090513,0.039765,0.050748
CEVI.ST,2025-05-02,26.09,positive,Q5,-0.005013,-0.014525,0.009512,-0.012608,0.024546,-0.037154,-0.033875,0.018554,-0.052429,-0.124006,0.039765,-0.163771
NYF.ST,2025-05-05,7.3,positive,Q4,-0.006215,0.001112,-0.007326,-0.017966,0.04108,-0.059046,-0.025311,0.038111,-0.063422,-0.037627,0.056646,-0.094273
NOLA-B.ST,2025-05-05,10.45,positive,Q4,-0.009658,0.001112,-0.010769,0.034241,0.04108,-0.006839,0.041264,0.038111,0.003153,0.009658,0.056646,-0.046989
LOOMIS.ST,2025-05-05,5.98,positive,Q4,-0.044513,0.001112,-0.045625,-0.060559,0.04108,-0.101639,-0.024845,0.038111,-0.062956,0.01294,0.056646,-0.043706
BRAV.ST,2025-05-05,0.0,negative,Q3,0.015744,0.001112,0.014632,0.02063,0.04108,-0.02045,-0.028773,0.038111,-0.066884,-0.013029,0.056646,-0.069675
IVSO.ST,2025-05-05,-52.25,negative,Q1,-0.014123,0.001112,-0.015234,-0.020913,0.04108,-0.061992,-0.034492,0.038111,-0.072603,-0.132265,0.056646,-0.188911
BIOG-B.ST,2025-05-05,-1.25,negative,Q3,0.019253,0.001112,0.018141,0.09338,0.04108,0.0523,0.063523,0.038111,0.025412,-0.024503,0.056646,-0.081149
PEAB-B.ST,2025-05-05,-24.1,negative,Q1,0.020368,0.001112,0.019257,0.050467,0.04108,0.009387,0.046575,0.038111,0.008464,-0.047872,0.056646,-0.104518
HUFV-A.ST,2025-05-06,8.59,positive,Q4,-0.018581,0.007221,-0.025803,-0.021959,0.035499,-0.057458,0.043919,0.033397,0.010522,0.016892,0.066671,-0.049779
AMBEA.ST,2025-05-06,10.32,positive,Q4,-0.011795,0.007221,-0.019017,-0.013653,0.035499,-0.049152,0.029999,0.033397,-0.003398,0.106158,0.066671,0.039487
BAHN-B.ST,2025-05-06,12.5,positive,Q4,-0.010377,0.007221,-0.017598,0.039505,0.035499,0.004006,0.101402,0.033397,0.068005,0.119607,0.066671,0.052936
LIAB.ST,2025-05-06,16.67,positive,Q4,-0.007424,0.007221,-0.014645,0.039547,0.035499,0.004048,0.008519,0.033397,-0.024879,-0.012183,0.066671,-0.078854
STOR-B.ST,2025-05-06,-27.78,negative,Q1,0.079317,0.007221,0.072096,0.109438,0.035499,0.073939,0.181727,0.033397,0.14833,0.166667,0.066671,0.099996
SKA-B.ST,2025-05-07,-8.7,negative,Q2,0.0,-9.4e-05,9.4e-05,0.051111,0.038021,0.013091,0.037778,0.025723,0.012055,0.044444,0.062788,-0.018343
INTRUM.ST,2025-05-07,169.29,positive,Q5,-0.074074,-9.4e-05,-0.07398,-0.062222,0.038021,-0.100243,-0.019259,0.025723,-0.044982,0.375309,0.062788,0.312521
LOGI-B.ST,2025-05-07,-22.73,negative,Q1,0.006925,-9.4e-05,0.007019,-0.003463,0.038021,-0.041483,-0.014543,0.025723,-0.040266,0.125346,0.062788,0.062558
STEF-B.ST,2025-05-07,-40.55,negative,Q1,0.01,-9.4e-05,0.010094,-0.0525,0.038021,-0.090521,-0.065,0.025723,-0.090723,0.05,0.062788,-0.012788
NP3-PREF.ST,2025-05-07,63.1,positive,Q5,-0.003478,-9.4e-05,-0.003384,0.016696,0.038021,-0.021325,0.033391,0.025723,0.007669,0.05913,0.062788,-0.003657
CAST.ST,2025-05-07,-3.02,negative,Q3,0.024284,-9.4e-05,0.024378,0.023374,0.038021,-0.014646,0.100773,0.025723,0.07505,0.035289,0.062788,-0.027499
NP3.ST,2025-05-07,-6.9,negative,Q2,0.005753,-9.4e-05,0.005847,0.001931,0.038021,-0.03609,-0.017183,0.025723,-0.042905,0.002857,0.062788,-0.05993
ATT.ST,2025-05-07,22.58,positive,Q5,0.001616,-9.4e-05,0.001709,-0.004847,0.038021,-0.042867,-0.006462,0.025723,-0.032185,0.11147,0.062788,0.048682
HOFI.ST,2025-05-07,-11.41,negative,Q2,0.008235,-9.4e-05,0.008329,0.045294,0.038021,0.007274,0.105882,0.025723,0.08016,0.210588,0.062788,0.1478
LOGI-A.ST,2025-05-07,32.02,positive,Q5,-0.006993,-9.4e-05,-0.006899,-0.020979,0.038021,-0.059,-0.003497,0.025723,-0.029219,0.129371,0.062788,0.066583
ACAD.ST,2025-05-08,-31.81,negative,Q1,0.002437,0.031144,-0.028707,0.035137,0.03882,-0.003683,0.042575,0.020609,0.021966,0.080277,0.057898,0.022379
BALD-B.ST,2025-05-08,2.46,positive,Q3,-0.001201,0.031144,-0.032345,-0.001501,0.03882,-0.040321,-0.010808,0.020609,-0.031416,0.032723,0.057898,-0.025175
HOLM-A.ST,2025-05-08,12.68,positive,Q4,0.007335,0.031144,-0.023809,0.012225,0.03882,-0.026595,-0.04401,0.020609,-0.064618,-0.08802,0.057898,-0.145917
SECU-B.ST,2025-05-08,-14.02,negative,Q2,0.022636,0.031144,-0.008508,0.028405,0.03882,-0.010416,0.00073,0.020609,-0.019878,0.057466,0.057898,-0.000432
TRUE-B.ST,2025-05-08,-23.08,negative,Q1,0.053082,0.031144,0.021938,0.033313,0.03882,-0.005508,0.032067,0.020609,0.011459,-0.268991,0.057898,-0.326889
SAGA-B.ST,2025-05-08,-2.78,negative,Q3,-0.014071,0.031144,-0.045215,-0.033771,0.03882,-0.072592,-0.011257,0.020609,-0.031866,-0.005629,0.057898,-0.063526
HOLM-B.ST,2025-05-08,14.56,positive,Q4,0.014244,0.031144,-0.0169,0.015226,0.03882,-0.023594,-0.047642,0.020609,-0.068251,-0.068762,0.057898,-0.12666
BERG-B.ST,2025-05-09,-3.43,negative,Q3,-0.008306,0.001378,-0.009684,0.004977,0.009365,-0.004389,0.029893,-0.017325,0.047218,0.089714,0.033229,0.056485
LUMI.ST,2025-05-09,25.95,positive,Q5,0.017818,0.001378,0.01644,-0.013306,0.009365,-0.022671,0.124378,-0.017325,0.141703,0.267037,0.033229,0.233808
RAY-B.ST,2025-05-09,14.48,positive,Q4,-0.009645,0.001378,-0.011023,0.016075,0.009365,0.00671,0.031078,-0.017325,0.048404,-0.082584,0.033229,-0.115812
YUBICO.ST,2025-05-13,-56.87,negative,Q1,-0.014952,0.009675,-0.024626,0.040228,0.011867,0.028361,-0.001424,-0.012963,0.011539,-0.041652,0.045656,-0.087308
SUS.ST,2025-05-14,22.64,positive,Q5,-0.004768,0.000677,-0.005445,-0.027248,-0.016029,-0.011219,0.00545,-0.031829,0.037279,-0.3297,0.038697,-0.368397
KAR.ST,2025-05-14,-11.6,negative,Q2,0.016166,0.000677,0.01549,0.024249,-0.016029,0.040278,0.184758,-0.031829,0.216587,0.321016,0.038697,0.282319
MEKO.ST,2025-05-14,46.67,positive,Q5,0.006276,0.000677,0.0056,-0.067492,-0.016029,-0.051463,-0.075918,-0.031829,-0.044089,-0.272977,0.038697,-0.311674
CAMX.ST,2025-05-15,14.54,positive,Q4,-0.00463,0.001906,-0.006536,-0.062037,-0.025346,-0.036692,0.087963,-0.033588,0.121551,0.239815,0.032114,0.207701
SYNSAM.ST,2025-05-16,0.0,negative,Q3,0.019937,0.005559,0.014378,0.070304,-0.014916,0.085221,0.095488,-0.039923,0.135411,0.164743,0.043537,0.121206
LAGR-B.ST,2025-05-20,0.0,negative,Q3,-0.016179,-0.01816,0.001981,-0.011693,-0.014789,0.003096,-0.0063,-0.037443,0.031144,0.021527,0.038754,-0.017227
BIOA-B.ST,2025-05-21,11.72,positive,Q4,-0.00277,-0.008798,0.006028,0.007756,-0.002211,0.009967,-0.025485,-0.022894,-0.002591,0.336288,0.075065,0.261223
EMBRAC-B.ST,2025-05-22,-106.33,negative,Q1,0.062734,0.012627,0.050107,0.08015,0.000694,0.079456,-0.006554,-0.011623,0.005069,-0.169944,0.076199,-0.246143
EKTA-B.ST,2025-05-28,-23.97,negative,Q1,-0.014036,-0.005913,-0.008122,0.003865,0.006735,-0.00287,-0.010374,0.010541,-0.020915,-0.068552,0.051946,-0.120498
SYSR.ST,2025-06-02,-46.81,negative,Q1,0.006825,0.009149,-0.002324,0.030769,0.004715,0.026054,0.041064,0.009977,0.031087,-0.045691,0.036146,-0.081837
SECT-B.ST,2025-06-05,-13.9,negative,Q2,-0.030108,-0.000259,-0.029849,-0.09773,-0.010956,-0.086774,0.027277,0.009384,0.017894,-0.060216,0.045287,-0.105503
CLAS-B.ST,2025-06-12,24.87,positive,Q5,0.003087,0.010453,-0.007366,-0.022233,-0.014462,-0.007771,0.040817,0.029602,0.011215,0.182351,0.071678,0.110673
RUSTA.ST,2025-06-17,-8.7,negative,Q2,-0.012509,-0.004661,-0.007847,-0.033175,-0.003193,-0.029982,0.031271,0.035838,-0.004566,-0.164786,0.063292,-0.228078
SKIS-B.ST,2025-06-18,-9.05,negative,Q2,0.0,-0.009436,0.009436,-0.005769,0.024126,-0.029895,-0.008974,0.042715,-0.05169,0.016026,0.069024,-0.052998
HM-B.ST,2025-06-25,0.83,positive,Q3,-0.010762,0.022618,-0.03338,0.023799,0.032137,-0.008339,0.071699,0.063483,0.008216,0.156814,0.089928,0.066886
STE-A.ST,2025-06-30,-60.23,negative,Q1,0.051848,0.012577,0.03927,0.004679,0.012569,-0.00789,0.01881,0.046142,-0.027331,-0.002196,0.061661,-0.063858
LUG.ST,2025-06-30,0.65,positive,Q3,0.017429,0.012577,0.004852,-0.015399,0.012569,-0.027968,-0.078224,0.046142,-0.124366,0.225138,0.061661,0.163477
LUMI.ST,2025-06-30,127.68,positive,Q5,0.059763,0.012577,0.047185,-0.000998,0.012569,-0.013567,-0.024943,0.046142,-0.071084,0.327946,0.061661,0.266284
NDA-SE.ST,2025-06-30,3.41,positive,Q3,0.01078,0.012577,-0.001797,0.015451,0.012569,0.002882,0.033058,0.046142,-0.013084,0.124686,0.061661,0.063024
ABB.ST,2025-06-30,-1.8,negative,Q3,0.012513,0.012577,-6.4e-05,0.009653,0.012569,-0.002916,0.146586,0.046142,0.100444,0.195924,0.061661,0.134263
NOKIA-SEK.ST,2025-06-30,-68.92,negative,Q1,0.006398,0.012577,-0.006179,0.003302,0.012569,-0.009267,-0.177296,0.046142,-0.223438,-0.104438,0.061661,-0.166099
CATE.ST,2025-07-04,-37.15,negative,Q1,-0.014207,0.003138,-0.017345,-0.026306,0.007095,-0.033401,-0.059716,0.019213,-0.078929,-0.110664,0.077214,-0.187878
PLAZ-B.ST,2025-07-04,-102.95,negative,Q1,-0.008094,0.003138,-0.011232,-0.025655,0.007095,-0.03275,-0.044588,0.019213,-0.063801,-0.078063,0.077214,-0.155277
DIOS.ST,2025-07-04,-96.78,negative,Q1,-0.010448,0.003138,-0.013586,-0.008328,0.007095,-0.015423,-0.021048,0.019213,-0.040261,-0.050273,0.077214,-0.127487
WALL-B.ST,2025-07-07,-104.57,negative,Q1,0.007828,0.00559,0.002238,0.003579,0.004,-0.000422,0.002684,0.017523,-0.01484,-0.040036,0.081924,-0.12196
WIHL.ST,2025-07-07,-12.5,negative,Q2,0.004075,0.00559,-0.001515,0.002038,0.004,-0.001963,-0.007641,0.017523,-0.025165,-0.087112,0.081924,-0.169036
HEBA-B.ST,2025-07-09,5.56,positive,Q4,-0.003317,-0.013661,0.010345,0.006633,-0.009557,0.016191,0.043118,0.008794,0.034324,0.018242,0.054967,-0.036725
LIFCO-B.ST,2025-07-10,-24.51,negative,Q1,-0.092861,-0.005014,-0.087847,-0.100849,0.000652,-0.101501,-0.146281,0.017964,-0.164245,-0.167249,0.074046,-0.241295
NYF.ST,2025-07-10,-114.29,negative,Q1,-0.018368,-0.005014,-0.013355,-0.02682,0.000652,-0.027472,-0.041808,0.017964,-0.059772,-0.126099,0.074046,-0.200145
SLP-B.ST,2025-07-10,-10.69,negative,Q2,0.006203,-0.005014,0.011217,0.002481,0.000652,0.001829,-0.013648,0.017964,-0.031612,-0.019851,0.074046,-0.093897
GRNG.ST,2025-07-11,-22.55,negative,Q1,-0.003973,5.5e-05,-0.004028,0.047116,0.007653,0.039463,0.069124,0.030356,0.038768,-0.049499,0.078104,-0.127603
AXFO.ST,2025-07-11,-10.36,negative,Q2,-0.004536,5.5e-05,-0.004591,-0.009036,0.007653,-0.016689,0.042613,0.030356,0.012257,-0.001828,0.078104,-0.079932
VIT-B.ST,2025-07-11,0.0,negative,Q3,-0.009724,5.5e-05,-0.009779,-0.006157,0.007653,-0.013811,-0.061934,0.030356,-0.09229,-0.03892,0.078104,-0.117024
HMS.ST,2025-07-11,-39.27,negative,Q1,-0.021687,5.5e-05,-0.021742,0.022169,0.007653,0.014515,0.001446,0.030356,-0.02891,0.08241,0.078104,0.004306
PNDX-B.ST,2025-07-11,4.27,positive,Q3,0.041565,5.5e-05,0.04151,0.061125,0.007653,0.053472,0.067237,0.030356,0.036881,0.081907,0.078104,0.003804
LOGI-B.ST,2025-07-11,78.6,positive,Q5,-0.014484,5.5e-05,-0.014539,0.007846,0.007653,0.000192,-0.007242,0.030356,-0.037598,-0.118286,0.078104,-0.19639
ARJO-B.ST,2025-07-11,-18.46,negative,Q2,-0.020123,5.5e-05,-0.020178,-0.043041,0.007653,-0.050694,-0.081051,0.030356,-0.111407,-0.134712,0.078104,-0.212816
MYCR.ST,2025-07-11,-0.44,negative,Q3,-0.010214,5.5e-05,-0.010269,-0.025766,0.007653,-0.033419,-0.0065,0.030356,-0.036856,0.039461,0.078104,-0.038642
CORE-PREF.ST,2025-07-11,-474.05,negative,Q1,-0.002061,5.5e-05,-0.002116,-0.012409,0.007653,-0.020062,0.024734,0.030356,-0.005622,0.038994,0.078104,-0.03911
LOGI-A.ST,2025-07-11,78.6,positive,Q5,-0.024316,5.5e-05,-0.024371,-0.024316,0.007653,-0.031969,-0.012158,0.030356,-0.042514,-0.12462,0.078104,-0.202724
XVIVO.ST,2025-07-11,-95.78,negative,Q1,0.034259,5.5e-05,0.034204,0.000926,0.007653,-0.006727,-0.152315,0.030356,-0.182671,-0.208333,0.078104,-0.286437
BRAV.ST,2025-07-11,-1.5,negative,Q3,0.000547,5.5e-05,0.000492,-0.013684,0.007653,-0.021337,0.019157,0.030356,-0.011199,0.025178,0.078104,-0.052926
NP3-PREF.ST,2025-07-11,-6.12,negative,Q2,0.003322,5.5e-05,0.003267,-0.007973,0.007653,-0.015627,0.011628,0.030356,-0.018728,0.006645,0.078104,-0.071459
JM.ST,2025-07-11,51.28,positive,Q5,0.007725,5.5e-05,0.007669,-0.008427,0.007653,-0.01608,0.01264,0.030356,-0.017716,0.024579,0.078104,-0.053525
CORE-B.ST,2025-07-11,-474.05,negative,Q1,0.00905,5.5e-05,0.008994,-0.011312,0.007653,-0.018965,0.079186,0.030356,0.048829,-0.126697,0.078104,-0.2048
NP3.ST,2025-07-11,-12.23,negative,Q2,-0.012858,5.5e-05,-0.012913,-0.012858,0.007653,-0.020511,-0.054246,0.030356,-0.084602,-0.104009,0.078104,-0.182113
BALD-B.ST,2025-07-14,-51.28,negative,Q1,0.009663,-0.007937,0.0176,0.017862,0.001947,0.015916,-0.007028,0.031776,-0.038804,-0.019619,0.069135,-0.088755
HTRO.ST,2025-07-14,-41.33,negative,Q1,-0.029536,-0.007937,-0.021599,-0.073605,0.001947,-0.075552,0.037506,0.031776,0.00573,-0.106892,0.069135,-0.176027
VOLO-PREF.ST,2025-07-14,14.38,positive,Q4,-0.003088,-0.007937,0.004849,0.0,0.001947,-0.001947,0.012448,0.031776,-0.019328,0.012448,0.069135,-0.056687
ANOD-B.ST,2025-07-14,178.31,positive,Q5,-0.006908,-0.007937,0.001029,-0.013817,0.001947,-0.015764,-0.060449,0.031776,-0.092225,-0.072539,0.069135,-0.141674
SAGA-B.ST,2025-07-14,-55.24,negative,Q1,-0.010377,-0.007937,-0.00244,0.016981,0.001947,0.015034,-0.00566,0.031776,-0.037436,-0.045283,0.069135,-0.114418
NORION.ST,2025-07-14,9.09,positive,Q4,-0.001742,-0.007937,0.006195,0.02439,0.001947,0.022443,0.196864,0.031776,0.165088,0.155052,0.069135,0.085917
INWI.ST,2025-07-14,-26.78,negative,Q1,-0.031351,-0.007937,-0.023414,-0.029189,0.001947,-0.031136,-0.012432,0.031776,-0.044208,-0.028649,0.069135,-0.097784
VOLO.ST,2025-07-14,14.38,positive,Q4,0.0,-0.007937,0.007937,-0.081739,0.001947,-0.083686,-0.088696,0.031776,-0.120472,-0.113043,0.069135,-0.182179
PEAB-B.ST,2025-07-14,-86.32,negative,Q1,-0.019472,-0.007937,-0.011535,-0.020697,0.001947,-0.022644,0.004085,0.031776,-0.027691,0.009395,0.069135,-0.05974
BONEX.ST,2025-07-15,-16.32,negative,Q2,0.015684,0.017239,-0.001555,-0.00941,0.031935,-0.041345,-0.107277,0.048003,-0.155281,-0.171895,0.078298,-0.250193
BALD-B.ST,2025-07-15,-51.28,negative,Q1,-0.00174,0.017239,-0.018979,0.0029,0.031935,-0.029034,-0.007541,0.048003,-0.055544,0.015081,0.078298,-0.063217
SHB-B.ST,2025-07-15,-6.73,negative,Q2,0.029818,0.017239,0.012579,0.056875,0.031935,0.02494,0.120928,0.048003,0.072924,0.165102,0.078298,0.086804
ERIC-A.ST,2025-07-15,24.11,positive,Q5,-0.008233,0.017239,-0.025472,0.005442,0.031935,-0.026492,0.005442,0.048003,-0.042561,0.094055,0.078298,0.015757
ERIC-B.ST,2025-07-15,3.01,positive,Q3,0.00664,0.017239,-0.010599,0.005227,0.031935,-0.026707,0.017095,0.048003,-0.030908,0.100593,0.078298,0.022295
DOM.ST,2025-07-15,90.56,positive,Q5,0.026283,0.017239,0.009044,0.082603,0.031935,0.050669,0.113892,0.048003,0.065889,0.031289,0.078298,-0.047009
SHOT.ST,2025-07-15,-62.8,negative,Q1,-0.004178,0.017239,-0.021417,-0.04655,0.031935,-0.078485,0.017069,0.048003,-0.030935,0.024708,0.078298,-0.053591
NCC-A.ST,2025-07-15,-5.72,negative,Q2,0.013564,0.017239,-0.003675,0.01899,0.031935,-0.012944,0.048776,0.048003,0.000773,0.192393,0.078298,0.114095
NCC-B.ST,2025-07-15,-2.65,negative,Q3,0.002171,0.017239,-0.015068,0.007628,0.031935,-0.024307,0.061578,0.048003,0.013574,0.14988,0.078298,0.071582
INDT.ST,2025-07-15,-16.43,negative,Q2,0.02649,0.017239,0.009251,0.001656,0.031935,-0.030279,-0.027318,0.048003,-0.075321,-0.021523,0.078298,-0.099821
ALIF-B.ST,2025-07-15,-16.65,negative,Q2,0.004571,0.017239,-0.012668,-0.012571,0.031935,-0.044506,-0.054857,0.048003,-0.102861,0.054286,0.078298,-0.024012
ASSA-B.ST,2025-07-15,4.01,positive,Q3,0.058619,0.017239,0.04138,0.065266,0.031935,0.033331,0.100371,0.048003,0.052367,0.096062,0.078298,0.017764
TEL2-A.ST,2025-07-15,11.46,positive,Q4,0.065909,0.017239,0.04867,0.102601,0.031935,0.070666,0.16851,0.048003,0.120507,0.169481,0.078298,0.091183
NMAN.ST,2025-07-15,-29.14,negative,Q1,0.011933,0.017239,-0.005306,0.033413,0.031935,0.001478,-0.002387,0.048003,-0.05039,-0.008353,0.078298,-0.086651
PEAB-B.ST,2025-07-15,-91.37,negative,Q1,0.008193,0.017239,-0.009046,0.006943,0.031935,-0.024991,0.033468,0.048003,-0.014536,0.032218,0.078298,-0.04608
AFRY.ST,2025-07-15,-45.86,negative,Q1,0.026762,0.017239,0.009523,0.013708,0.031935,-0.018227,-0.033943,0.048003,-0.081946,0.093342,0.078298,0.015044
THULE.ST,2025-07-15,56.77,positive,Q5,-0.011016,0.017239,-0.028255,0.00207,0.031935,-0.029865,-0.077182,0.048003,-0.125186,-0.184676,0.078298,-0.262974
CAST.ST,2025-07-15,-83.8,negative,Q1,-0.001328,0.017239,-0.018567,0.016293,0.031935,-0.015641,-0.009652,0.048003,-0.057655,-0.041442,0.078298,-0.11974
BERG-B.ST,2025-07-16,16.95,positive,Q4,0.001707,-0.003494,0.005201,0.027002,0.017448,0.009554,0.124804,0.033287,0.091516,0.070185,0.064786,0.005399
SEB-A.ST,2025-07-16,6.96,positive,Q4,0.013094,-0.003494,0.016588,0.044153,0.017448,0.026706,0.097138,0.033287,0.06385,0.102314,0.064786,0.037528
SWEC-B.ST,2025-07-16,8.73,positive,Q4,-0.033354,-0.003494,-0.02986,-0.040277,0.017448,-0.057725,0.004405,0.033287,-0.028882,-0.030837,0.064786,-0.095623
SWEC-A.ST,2025-07-16,-8.05,negative,Q2,-0.034483,-0.003494,-0.030989,-0.050157,0.017448,-0.067604,-0.00627,0.033287,-0.039557,-0.031348,0.064786,-0.096134
SHB-A.ST,2025-07-16,-5.63,negative,Q2,-0.002147,-0.003494,0.001347,0.022757,0.017448,0.005309,0.070846,0.033287,0.037559,0.062258,0.064786,-0.002528
SOBI.ST,2025-07-16,-2.14,negative,Q3,-0.009482,-0.003494,-0.005988,0.029905,0.017448,0.012457,-0.001459,0.033287,-0.034746,0.076586,0.064786,0.0118
MIPS.ST,2025-07-16,-13.57,negative,Q2,-0.005574,-0.003494,-0.002079,0.001858,0.017448,-0.01559,-0.074315,0.033287,-0.107602,-0.228518,0.064786,-0.293305
TELIA.ST,2025-07-16,11.06,positive,Q4,0.047766,-0.003494,0.05126,0.069954,0.017448,0.052506,0.074576,0.033287,0.041289,0.095223,0.064786,0.030437
EPI-A.ST,2025-07-17,-1.58,negative,Q3,0.022447,0.001948,0.020499,0.030449,0.023411,0.007039,-0.037395,0.031036,-0.068431,0.064976,0.075172,-0.010196
SWED-A.ST,2025-07-17,9.72,positive,Q4,0.008451,0.001948,0.006503,0.034608,0.023411,0.011197,0.090946,0.031036,0.059909,0.160161,0.075172,0.084989
EVO.ST,2025-07-17,-2.04,negative,Q3,-0.009286,0.001948,-0.011233,0.037381,0.023411,0.01397,0.009048,0.031036,-0.021989,-0.140476,0.075172,-0.215648
TEL2-B.ST,2025-07-17,-20.37,negative,Q2,-0.001021,0.001948,-0.002969,0.012325,0.023411,-0.011085,0.079401,0.031036,0.048365,0.085802,0.075172,0.01063
EQT.ST,2025-07-17,6.65,positive,Q4,0.007166,0.001948,0.005218,-0.007497,0.023411,-0.030908,0.014061,0.031036,-0.016975,0.014061,0.075172,-0.061111
ATT.ST,2025-07-17,-73.04,negative,Q1,0.045902,0.001948,0.043954,0.093443,0.023411,0.070032,0.083607,0.031036,0.05257,0.113115,0.075172,0.037943
SAND.ST,2025-07-17,-11.26,negative,Q2,0.007589,0.001948,0.005641,0.030776,0.023411,0.007365,-0.002108,0.031036,-0.033144,0.143339,0.075172,0.068167
CAMX.ST,2025-07-17,7.09,positive,Q4,0.009972,0.001948,0.008024,0.009972,0.023411,-0.013439,-0.046296,0.031036,-0.077333,-0.051282,0.075172,-0.126454
ESSITY-A.ST,2025-07-17,-7.64,negative,Q2,-0.00611,0.001948,-0.008058,-0.002037,0.023411,-0.025447,0.020367,0.031036,-0.01067,0.040733,0.075172,-0.034439
AAK.ST,2025-07-17,-29.31,negative,Q1,-0.006187,0.001948,-0.008135,0.010054,0.023411,-0.013357,-0.000773,0.031036,-0.03181,-0.035576,0.075172,-0.110748
BOL.ST,2025-07-17,-30.64,negative,Q1,0.053846,0.001948,0.051899,0.053846,0.023411,0.030435,0.037793,0.031036,0.006756,0.397324,0.075172,0.322153
VOLV-B.ST,2025-07-17,-27.87,negative,Q1,0.017706,0.001948,0.015758,0.10662,0.023411,0.08321,0.111624,0.031036,0.080588,0.020785,0.075172,-0.054387
TREL-B.ST,2025-07-17,0.5,positive,Q3,0.004749,0.001948,0.002801,0.013966,0.023411,-0.009444,-0.01257,0.031036,-0.043606,-0.007821,0.075172,-0.082993
ALLIGO-B.ST,2025-07-17,-35.51,negative,Q1,0.00189,0.001948,-5.7e-05,0.037807,0.023411,0.014396,-0.011342,0.031036,-0.042378,0.017013,0.075172,-0.058159
ESSITY-B.ST,2025-07-17,-8.35,negative,Q2,-0.004072,0.001948,-0.006019,-0.001221,0.023411,-0.024632,0.018322,0.031036,-0.012714,0.037052,0.075172,-0.03812
SCST.ST,2025-07-17,-7.86,negative,Q2,0.003253,0.001948,0.001305,0.02147,0.023411,-0.00194,0.020386,0.031036,-0.01065,-0.037085,0.075172,-0.112257
GETI-B.ST,2025-07-18,-12.73,negative,Q2,-0.00185,-0.005608,0.003758,0.045731,0.014826,0.030905,0.09014,0.042404,0.047736,0.128734,0.074528,0.054206
BILI-A.ST,2025-07-18,16.38,positive,Q4,0.013777,-0.005608,0.019386,0.016306,0.014826,0.001481,0.025811,0.042404,-0.016593,0.012382,0.074528,-0.062146
ATCO-B.ST,2025-07-18,-1.47,negative,Q3,-0.008128,-0.005608,-0.00252,-0.002163,0.014826,-0.016988,-0.005518,0.042404,-0.047922,0.088963,0.074528,0.014436
ENGCON-B.ST,2025-07-18,-17.51,negative,Q2,-0.056812,-0.005608,-0.051204,-0.010041,0.014826,-0.024866,0.029105,0.042404,-0.013299,-0.026436,0.074528,-0.100964
TRUE-B.ST,2025-07-18,-19.11,negative,Q2,-0.012809,-0.005608,-0.007201,-0.072278,0.014826,-0.087104,-0.123879,0.042404,-0.166283,-0.2871,0.074528,-0.361628
VOLV-A.ST,2025-07-18,-26.0,negative,Q1,0.014372,-0.005608,0.01998,0.07413,0.014826,0.059304,0.123298,0.042404,0.080894,0.015129,0.074528,-0.059399
ATCO-A.ST,2025-07-18,-1.45,negative,Q3,-0.013742,-0.005608,-0.008134,-0.010174,0.014826,-0.025,-0.003303,0.042404,-0.045707,0.096525,0.074528,0.021997
LIAB.ST,2025-07-18,-19.57,negative,Q2,-0.019169,-0.005608,-0.013561,0.029674,0.014826,0.014848,0.022945,0.042404,-0.019459,-0.024881,0.074528,-0.099409
CEVI.ST,2025-07-18,3.95,positive,Q3,-0.009185,-0.005608,-0.003577,0.036739,0.014826,0.021914,-0.06085,0.042404,-0.103253,0.050517,0.074528,-0.024011
SAVE.ST,2025-07-18,2.11,positive,Q3,-0.006102,-0.005608,-0.000494,0.003814,0.014826,-0.011012,0.056445,0.042404,0.014042,0.09077,0.074528,0.016242
HUMBLE.ST,2025-07-18,-93.78,negative,Q1,-0.006418,-0.005608,-0.00081,0.05905,0.014826,0.044224,0.001284,0.042404,-0.04112,0.04878,0.074528,-0.025747
BEIA-B.ST,2025-07-18,-57.1,negative,Q1,0.019646,-0.005608,0.025254,0.017682,0.014826,0.002856,0.033399,0.042404,-0.009005,-0.023576,0.074528,-0.098104
MILDEF.ST,2025-07-18,-84.74,negative,Q1,-0.070875,-0.005608,-0.065267,-0.039313,0.014826,-0.054139,-0.19103,0.042404,-0.233434,0.100775,0.074528,0.026247
HUSQ-A.ST,2025-07-18,23.21,positive,Q5,-0.003851,-0.005608,0.001757,0.051415,0.014826,0.03659,0.089544,0.042404,0.04714,-0.043905,0.074528,-0.118433
HEM.ST,2025-07-18,7.18,positive,Q4,0.005413,-0.005608,0.011021,-0.0318,0.014826,-0.046625,-0.103518,0.042404,-0.145922,-0.261164,0.074528,-0.335692
ALIG.ST,2025-07-18,-6.99,negative,Q2,0.007682,-0.005608,0.013291,0.070423,0.014826,0.055597,0.024328,0.042404,-0.018076,-0.033291,0.074528,-0.107819
IVSO.ST,2025-07-18,-55.63,negative,Q1,-0.045926,-0.005608,-0.040318,-0.034074,0.014826,-0.0489,-0.093333,0.042404,-0.135737,-0.122963,0.074528,-0.197491
INSTAL.ST,2025-07-18,23.53,positive,Q5,0.025701,-0.005608,0.031309,0.03271,0.014826,0.017885,0.000779,0.042404,-0.041625,0.029595,0.074528,-0.044933
FAG.ST,2025-07-18,-62.49,negative,Q1,-0.005348,-0.005608,0.000261,0.029412,0.014826,0.014586,0.088235,0.042404,0.045832,0.09492,0.074528,0.020392
SKA-B.ST,2025-07-18,-1.47,negative,Q3,-0.003975,-0.005608,0.001633,0.022527,0.014826,0.007701,0.065813,0.042404,0.023409,0.166078,0.074528,0.09155
MTRS.ST,2025-07-18,-61.23,negative,Q1,-0.047254,-0.005608,-0.041646,0.045723,0.014826,0.030897,0.061729,0.042404,0.019326,-0.102091,0.074528,-0.176619
BIOG-B.ST,2025-07-18,24.14,positive,Q5,-0.011523,-0.005608,-0.005915,-0.004008,0.014826,-0.018834,-0.040581,0.042404,-0.082985,0.052104,0.074528,-0.022424
BILL.ST,2025-07-18,222.83,positive,Q5,-0.015152,-0.005608,-0.009543,0.015152,0.014826,0.000326,0.037296,0.042404,-0.005108,-0.040793,0.074528,-0.115321
ELUX-B.ST,2025-07-18,-55.24,negative,Q1,0.014833,-0.005608,0.020441,0.102449,0.014826,0.087623,0.051397,0.042404,0.008993,-0.076578,0.074528,-0.151106
LAGR-B.ST,2025-07-18,-3.79,negative,Q3,-0.016537,-0.005608,-0.010928,-0.013027,0.014826,-0.027853,-0.00522,0.042404,-0.047624,-0.07448,0.074528,-0.149008
SDIP-PREF.ST,2025-07-18,-18.37,negative,Q2,0.003768,-0.005608,0.009376,0.003768,0.014826,-0.011057,0.007537,0.042404,-0.034867,-0.054064,0.074528,-0.128592
MTG-A.ST,2025-07-18,-116.08,negative,Q1,-0.047619,-0.005608,-0.042011,-0.047619,0.014826,-0.062445,-0.052381,0.042404,-0.094785,0.133333,0.074528,0.058805
SDIP-B.ST,2025-07-18,-33.33,negative,Q1,-0.027163,-0.005608,-0.021555,0.013078,0.014826,-0.001747,-0.030181,0.042404,-0.072585,-0.120724,0.074528,-0.195252
SAAB-B.ST,2025-07-18,16.13,positive,Q4,-0.01269,-0.005608,-0.007082,-0.034467,0.014826,-0.049293,-0.061916,0.042404,-0.104319,-0.083313,0.074528,-0.157841
SKF-B.ST,2025-07-18,-71.89,negative,Q1,-0.018747,-0.005608,-0.013139,-0.002556,0.014826,-0.017382,0.024286,0.042404,-0.018117,0.006391,0.074528,-0.068137
MTG-B.ST,2025-07-18,-113.64,negative,Q1,-0.014706,-0.005608,-0.009098,-0.009804,0.014826,-0.02463,-0.019608,0.042404,-0.062012,0.176471,0.074528,0.101943
MMGR-B.ST,2025-07-18,-10.43,negative,Q2,0.012903,-0.005608,0.018511,0.012903,0.014826,-0.001922,-0.006452,0.042404,-0.048855,0.033548,0.074528,-0.04098
ELUX-A.ST,2025-07-18,2.69,positive,Q3,-0.006135,-0.005608,-0.000527,0.0,0.014826,-0.014826,0.030675,0.042404,-0.011729,-0.245399,0.074528,-0.319927
ALIV-SDB.ST,2025-07-18,22.22,positive,Q5,-0.001834,-0.005608,0.003775,0.024776,0.014826,0.009951,0.053219,0.042404,0.010816,0.052205,0.074528,-0.022323
EPI-B.ST,2025-07-18,-6.95,negative,Q2,0.0,-0.005608,0.005608,-0.004397,0.014826,-0.019222,-0.041351,0.042404,-0.083755,0.057435,0.074528,-0.017093
ALLEI.ST,2025-07-19,-54.58,negative,Q1,0.001387,0.021755,-0.020368,-0.038141,0.027994,-0.066135,-0.0319,0.046462,-0.078362,0.059639,0.064654,-0.005015
ALFA.ST,2025-07-21,-6.35,negative,Q2,0.040264,0.021755,0.018509,0.044412,0.027994,0.016418,0.067594,0.046462,0.021132,0.09224,0.064654,0.027586
SINCH.ST,2025-07-22,-95.0,negative,Q1,-0.057635,0.002958,-0.060593,-0.077301,0.005173,-0.082474,-0.192297,0.02084,-0.213138,-0.090412,0.055397,-0.14581
NCAB.ST,2025-07-22,-44.82,negative,Q1,0.030853,0.002958,0.027895,-0.034483,0.005173,-0.039655,-0.049002,0.02084,-0.069842,-0.114338,0.055397,-0.169735
EPRO-B.ST,2025-07-22,-12.72,negative,Q2,-0.00597,0.002958,-0.008929,-0.001493,0.005173,-0.006665,-0.053731,0.02084,-0.074572,0.013433,0.055397,-0.041964
STEF-B.ST,2025-07-22,-116.06,negative,Q1,0.0,0.002958,-0.002958,0.009804,0.005173,0.004631,-0.02451,0.02084,-0.04535,-0.009804,0.055397,-0.065201
ASKER.ST,2025-07-22,-29.83,negative,Q1,-0.002593,0.002958,-0.005552,-0.004289,0.005173,-0.009461,0.003192,0.02084,-0.017649,-0.152803,0.055397,-0.2082
STE-R.ST,2025-07-23,-60.23,negative,Q1,0.036814,0.002346,0.034468,-0.045324,-0.007757,-0.037567,0.100019,0.034278,0.065741,-0.081564,0.059237,-0.140802
SSAB-A.ST,2025-07-23,20.0,positive,Q5,0.012785,0.002346,0.010439,-0.022115,-0.007757,-0.014358,-0.018314,0.034278,-0.052592,0.033518,0.059237,-0.02572
MCAP.ST,2025-07-23,-0.83,negative,Q3,0.033333,0.002346,0.030987,0.036508,-0.007757,0.044265,0.053968,0.034278,0.01969,-0.119048,0.059237,-0.178285
SSAB-B.ST,2025-07-23,-7.0,negative,Q2,0.014376,0.002346,0.01203,-0.026999,-0.007757,-0.019242,-0.024194,0.034278,-0.058471,0.026297,0.059237,-0.03294
SECARE.ST,2025-07-23,-113.93,negative,Q1,-0.029304,0.002346,-0.03165,-0.07326,-0.007757,-0.065503,-0.003663,0.034278,-0.037941,-0.189255,0.059237,-0.248492
HEXA-B.ST,2025-07-24,-1.79,negative,Q3,-0.014184,-0.006457,-0.007727,-0.060284,-0.027905,-0.032378,-0.047429,0.023857,-0.071286,0.006206,0.053416,-0.047211
8TRA.ST,2025-07-25,-95.23,negative,Q1,0.0,0.007295,-0.007295,-0.028369,-0.014219,-0.01415,0.059102,0.026013,0.033089,-0.154846,0.064727,-0.219573
LOOMIS.ST,2025-07-25,-23.63,negative,Q1,-0.008386,0.007295,-0.015681,0.021488,-0.014219,0.035707,0.097484,0.026013,0.071471,0.000524,0.064727,-0.064203
HOFI.ST,2025-07-25,-8.53,negative,Q2,-0.017614,0.007295,-0.024909,-0.012582,-0.014219,0.001637,0.036739,0.026013,0.010726,-0.02315,0.064727,-0.087878
AZN.ST,2025-07-29,-32.98,negative,Q1,-0.0118,-0.009943,-0.001857,-0.039107,-0.015131,-0.023976,0.029262,0.014498,0.014764,0.063888,0.073589,-0.009701
SECU-B.ST,2025-07-30,-24.04,negative,Q1,-0.007894,-0.018007,0.010114,0.020957,0.005314,0.015643,-0.005169,0.017693,-0.022863,-0.027174,0.081188,-0.108363
LUMI.ST,2025-08-06,105.65,positive,Q5,0.039409,0.003555,0.035855,0.010346,0.015098,-0.004752,0.044018,0.01268,0.031338,0.405192,0.056798,0.348394
PDX.ST,2025-08-07,46.48,positive,Q5,0.003667,-0.004695,0.008362,0.026895,0.014491,0.012404,0.086186,0.014314,0.071871,0.094132,0.057019,0.037113
RAY-B.ST,2025-08-08,-18.92,negative,Q2,-0.056761,0.007098,-0.06386,-0.105175,0.013502,-0.118677,-0.195326,0.016277,-0.211603,-0.297162,0.059264,-0.356426
STOR-B.ST,2025-08-12,-31.58,negative,Q1,-0.002973,0.007666,-0.010639,0.026759,0.016208,0.010551,-0.050545,0.00881,-0.059355,0.135778,0.056279,0.079499
NEWA-B.ST,2025-08-14,-23.64,negative,Q1,-0.019905,-0.005665,-0.01424,0.03237,0.018423,0.013947,0.058073,-0.001235,0.059308,0.09141,0.062616,0.028794
HOLM-A.ST,2025-08-14,-12.84,negative,Q2,-0.01105,-0.005665,-0.005385,0.024862,0.018423,0.006439,-0.022099,-0.001235,-0.020865,-0.01105,0.062616,-0.073666
HOLM-B.ST,2025-08-14,-12.44,negative,Q2,-0.004388,-0.005665,0.001277,0.036204,0.018423,0.017781,-0.010422,-0.001235,-0.009188,-0.002194,0.062616,-0.06481
YUBICO.ST,2025-08-14,-89.62,negative,Q1,0.013796,-0.005665,0.019461,0.047726,0.018423,0.029302,-0.066741,-0.001235,-0.065507,-0.288441,0.062616,-0.351057
BOOZT.ST,2025-08-15,133.33,positive,Q5,0.013845,0.012994,0.00085,0.014377,0.016285,-0.001908,-0.00426,-0.004395,0.000135,0.167199,0.05897,0.108229
AMBEA.ST,2025-08-19,-68.44,negative,Q1,0.048499,-0.003261,0.05176,0.005389,-0.003619,0.009008,0.020015,-0.007683,0.027698,-0.016166,0.030464,-0.046631
BAHN-B.ST,2025-08-19,-1.13,negative,Q3,-0.017107,-0.003261,-0.013846,-0.020218,-0.003619,-0.016598,-0.049767,-0.007683,-0.042084,-0.172628,0.030464,-0.203093
SUS.ST,2025-08-21,-144.46,negative,Q1,0.019868,-0.007753,0.02762,-0.087039,-0.023667,-0.063371,-0.14333,-0.015517,-0.127813,-0.330653,-0.001305,-0.329348
HUFV-A.ST,2025-08-21,-33.94,negative,Q1,0.007994,-0.007753,0.015746,-0.014388,-0.023667,0.009279,-0.001599,-0.015517,0.013918,0.035971,-0.001305,0.037276
KAR.ST,2025-08-21,-89.85,negative,Q1,0.042373,-0.007753,0.050126,0.0,-0.023667,0.023667,-0.050847,-0.015517,-0.035331,-0.138983,-0.001305,-0.137678
SYNSAM.ST,2025-08-22,-17.81,negative,Q2,-0.019164,-0.004366,-0.014798,0.034843,-0.014285,0.049128,0.054007,0.000986,0.053021,0.106272,0.012535,0.093737
EKTA-B.ST,2025-08-26,-58.26,negative,Q1,-0.047019,-0.000714,-0.046305,-0.078505,-0.018306,-0.0602,-0.006297,-0.008361,0.002064,-0.088161,0.030133,-0.118294
EKTA-B.ST,2025-08-28,-58.26,negative,Q1,0.019437,0.001782,0.017654,-0.03254,0.000362,-0.032902,0.053942,0.010028,0.043914,0.201136,0.058552,0.142584
ACAD.ST,2025-08-28,7.64,positive,Q4,0.017312,0.001782,0.015529,0.044327,0.000362,0.043965,0.060426,0.010028,0.050398,0.121954,0.058552,0.063402
SYSR.ST,2025-08-28,-12.0,negative,Q2,-0.004651,0.001782,-0.006434,-0.047674,0.000362,-0.048036,-0.083721,0.010028,-0.093749,-0.095349,0.058552,-0.153901
BIOA-B.ST,2025-08-28,-13.49,negative,Q2,0.02115,0.001782,0.019368,-0.040978,0.000362,-0.04134,-0.0423,0.010028,-0.052328,0.006609,0.058552,-0.051943
SECT-B.ST,2025-09-04,11.23,positive,Q4,-0.014513,0.005174,-0.019686,-0.023366,0.003305,-0.026671,-0.071437,0.043645,-0.115082,-0.164537,0.058314,-0.222851
CLAS-B.ST,2025-09-10,22.18,positive,Q5,0.021942,-0.00022,0.022162,0.020623,-0.000406,0.021029,-0.072208,0.027159,-0.099368,-0.063769,0.065564,-0.129333
RUSTA.ST,2025-09-11,159.09,positive,Q5,-0.010103,0.000801,-0.010903,0.008659,0.004201,0.004459,0.006254,0.027966,-0.021712,0.310937,0.066504,0.244432
HM-B.ST,2025-09-24,29.22,positive,Q5,0.010186,0.008046,0.00214,0.035623,0.03243,0.003193,0.051707,0.062275,-0.010569,0.096682,0.085984,0.010698
SKIS-B.ST,2025-09-29,8.16,positive,Q4,-0.047619,0.005367,-0.052986,0.010159,0.022277,-0.012119,0.008254,0.043229,-0.034975,0.03746,0.082015,-0.044555
PLAZ-B.ST,2025-10-10,11.46,positive,Q4,0.020134,0.004492,0.015642,0.020134,0.010018,0.010116,-0.053691,0.030251,-0.083942,0.002685,0.121837,-0.119152
ERIC-A.ST,2025-10-13,25.28,positive,Q5,-0.011983,0.006225,-0.018208,-0.010893,0.012145,-0.023039,0.038126,0.031181,0.006945,-0.058824,0.096788,-0.155612
TFBANK.ST,2025-10-14,1.89,positive,Q3,-0.012527,0.001348,-0.013875,-0.037473,0.002703,-0.040175,-0.031868,0.0155,-0.047368,-0.029341,0.087004,-0.116345
NDA-SE.ST,2025-10-14,7.42,positive,Q4,0.032424,0.001348,0.031076,0.029213,0.002703,0.026511,0.063563,0.0155,0.048064,0.128411,0.087004,0.041407
VIT-B.ST,2025-10-16,-2.76,negative,Q3,0.014977,0.012871,0.002106,0.025922,0.031647,-0.005725,-0.114055,0.012856,-0.126912,-0.224654,0.111668,-0.336322
ABB.ST,2025-10-16,-0.16,negative,Q3,0.008643,0.012871,-0.004228,0.004322,0.031647,-0.027325,-0.032555,0.012856,-0.045412,-0.023048,0.111668,-0.134716
SLP-B.ST,2025-10-16,5.45,positive,Q4,0.031669,0.012871,0.018798,0.063337,0.031647,0.031691,-0.017052,0.012856,-0.029909,0.009744,0.111668,-0.101924
VOLV-A.ST,2025-10-17,-9.76,negative,Q2,0.010946,0.006608,0.004338,0.02111,0.022499,-0.001388,0.019547,-0.02282,0.042367,0.232995,0.101405,0.13159
NORION.ST,2025-10-17,-5.56,negative,Q2,-0.019231,0.006608,-0.025839,0.011218,0.022499,-0.011281,0.075321,-0.02282,0.098141,0.075321,0.101405,-0.026084
NP3-PREF.ST,2025-10-17,33.26,positive,Q5,0.0,0.006608,-0.006608,-0.001637,0.022499,-0.024135,-0.006547,-0.02282,0.016274,0.01473,0.101405,-0.086675
VOLV-B.ST,2025-10-17,-17.0,negative,Q2,0.009769,0.006608,0.003162,0.02032,0.022499,-0.002178,0.01993,-0.02282,0.04275,0.23134,0.101405,0.129936
MTRS.ST,2025-10-20,-1.89,negative,Q3,0.020906,-0.003162,0.024068,0.28223,0.012806,0.269424,0.283526,-0.024838,0.308364,0.415607,0.097994,0.317613
SAND.ST,2025-10-20,-6.35,negative,Q2,-0.004261,-0.003162,-0.001099,0.029474,0.012806,0.016669,-0.011009,-0.024838,0.013829,0.203835,0.097994,0.105841
LIFCO-B.ST,2025-10-20,-8.02,negative,Q2,-0.003501,-0.003162,-0.000338,0.094516,0.012806,0.08171,-0.000583,-0.024838,0.024255,-0.088681,0.097994,-0.186675
TEL2-A.ST,2025-10-20,-11.11,negative,Q2,-0.035144,-0.003162,-0.031981,-0.028754,0.012806,-0.04156,-0.067093,-0.024838,-0.042255,0.047923,0.097994,-0.050071
HUSQ-B.ST,2025-10-21,98.3,positive,Q5,0.001948,0.00421,-0.002263,0.000866,0.01179,-0.010924,-0.057996,-0.015877,-0.042119,-0.015797,0.108689,-0.124486
TEL2-B.ST,2025-10-21,14.2,positive,Q4,0.007561,0.00421,0.00335,-0.013478,0.01179,-0.025268,-0.043393,-0.015877,-0.027516,0.0881,0.108689,-0.020589
DOM.ST,2025-10-21,-43.77,negative,Q1,-0.078947,0.00421,-0.083158,-0.15245,0.01179,-0.16424,-0.283848,-0.015877,-0.267971,-0.132123,0.108689,-0.240812
GETI-B.ST,2025-10-21,12.68,positive,Q4,0.003121,0.00421,-0.00109,0.002675,0.01179,-0.009115,-0.078912,-0.015877,-0.063036,-0.109897,0.108689,-0.218586
HMS.ST,2025-10-21,18.41,positive,Q5,0.023232,0.00421,0.019022,0.057576,0.01179,0.045786,-0.046061,-0.015877,-0.030184,-0.167273,0.108689,-0.275962
ASSA-B.ST,2025-10-21,-1.6,negative,Q3,0.005295,0.00421,0.001085,0.004175,0.01179,-0.007615,-0.028046,-0.015877,-0.01217,0.015942,0.108689,-0.092747
FABG.ST,2025-10-21,-13.76,negative,Q2,-0.000568,0.00421,-0.004778,-0.039182,0.01179,-0.050972,-0.094265,-0.015877,-0.078388,-0.08745,0.108689,-0.196139
INWI.ST,2025-10-21,-18.71,negative,Q2,0.010074,0.00421,0.005863,-0.014103,0.01179,-0.025893,-0.073203,-0.015877,-0.057327,0.073203,0.108689,-0.035486
INDT.ST,2025-10-21,-1.08,negative,Q3,0.021176,0.00421,0.016966,0.019608,0.01179,0.007818,-0.112941,-0.015877,-0.097065,-0.127059,0.108689,-0.235748
HUSQ-A.ST,2025-10-21,-218.74,negative,Q1,-0.00108,0.00421,-0.005291,-0.017066,0.01179,-0.028856,-0.061352,-0.015877,-0.045476,-0.022467,0.108689,-0.131156
WALL-B.ST,2025-10-21,146.51,positive,Q5,0.008814,0.00421,0.004604,-0.025782,0.01179,-0.037572,-0.070516,-0.015877,-0.054639,-0.118114,0.108689,-0.226803
HEBA-B.ST,2025-10-22,-39.75,negative,Q1,-0.004615,0.010805,-0.01542,0.001538,0.009311,-0.007772,-0.056923,-0.020946,-0.035977,-0.070769,0.098063,-0.168832
SHB-B.ST,2025-10-22,3.81,positive,Q3,-0.004785,0.010805,-0.01559,0.001914,0.009311,-0.007397,-0.001914,-0.020946,0.019032,0.127273,0.098063,0.02921
JM.ST,2025-10-22,-155.61,negative,Q1,-0.002119,0.010805,-0.012923,-0.033192,0.009311,-0.042503,-0.04661,-0.020946,-0.025664,-0.000706,0.098063,-0.098769
TELIA.ST,2025-10-22,1.38,positive,Q3,0.000809,0.010805,-0.009996,0.007551,0.009311,-0.001759,0.002697,-0.020946,0.023643,0.0863,0.098063,-0.011763
ALLEI.ST,2025-10-22,-17.87,negative,Q2,0.034525,0.010805,0.02372,0.034525,0.009311,0.025215,-0.020345,-0.020946,0.000601,-0.065351,0.098063,-0.163415
SSAB-A.ST,2025-10-22,220.84,positive,Q5,-0.001317,0.010805,-0.012121,-0.006912,0.009311,-0.016223,0.030283,-0.020946,0.051229,0.247202,0.098063,0.149139
HOLM-A.ST,2025-10-22,54.59,positive,Q5,0.002865,0.010805,-0.00794,0.008596,0.009311,-0.000715,-0.017192,-0.020946,0.003754,0.002865,0.098063,-0.095198
ARJO-B.ST,2025-10-22,-58.52,negative,Q1,0.028327,0.010805,0.017522,0.004611,0.009311,-0.004699,0.019104,-0.020946,0.04005,-0.003294,0.098063,-0.101357
CORE-PREF.ST,2025-10-22,-457.5,negative,Q1,0.012346,0.010805,0.001541,-0.004115,0.009311,-0.013426,-0.014403,-0.020946,0.006543,-0.00823,0.098063,-0.106294
BIOG-B.ST,2025-10-22,-18.63,negative,Q2,0.000951,0.010805,-0.009853,-0.037108,0.009311,-0.046418,-0.036156,-0.020946,-0.01521,0.05138,0.098063,-0.046684
TREL-B.ST,2025-10-22,4.51,positive,Q4,0.039046,0.010805,0.028241,0.051887,0.009311,0.042576,-0.018344,-0.020946,0.002602,0.006289,0.098063,-0.091774
BERG-B.ST,2025-10-22,-50.05,negative,Q1,0.013657,0.010805,0.002852,0.031866,0.009311,0.022556,-0.088012,-0.020946,-0.067066,-0.127466,0.098063,-0.225529
LOGI-B.ST,2025-10-22,118.75,positive,Q5,0.028008,0.010805,0.017203,-0.015277,0.009311,-0.024587,-0.043921,-0.020946,-0.022975,-0.066836,0.098063,-0.1649
SOBI.ST,2025-10-22,-278.86,negative,Q1,0.013359,0.010805,0.002554,0.054707,0.009311,0.045397,0.061069,-0.020946,0.082015,0.081425,0.098063,-0.016638
NYF.ST,2025-10-22,-21.14,negative,Q1,-0.012139,0.010805,-0.022944,-0.036994,0.009311,-0.046305,-0.127746,-0.020946,-0.1068,-0.179769,0.098063,-0.277832
SECARE.ST,2025-10-22,-53.73,negative,Q1,-0.018473,0.010805,-0.029278,-0.04803,0.009311,-0.05734,-0.105911,-0.020946,-0.084965,-0.171182,0.098063,-0.269245
BOL.ST,2025-10-22,-24.65,negative,Q1,-0.018003,0.010805,-0.028808,0.007248,0.009311,-0.002062,-0.04115,-0.020946,-0.020204,0.484686,0.098063,0.386622
LOGI-A.ST,2025-10-22,75.0,positive,Q5,0.029032,0.010805,0.018227,-0.019355,0.009311,-0.028665,-0.03871,-0.020946,-0.017764,-0.077419,0.098063,-0.175483
SSAB-B.ST,2025-10-22,3.47,positive,Q3,0.00542,0.010805,-0.005385,-0.002033,0.009311,-0.011343,0.038618,-0.020946,0.059564,0.274051,0.098063,0.175988
CORE-B.ST,2025-10-22,-457.5,negative,Q1,-0.007229,0.010805,-0.018034,-0.060241,0.009311,-0.069551,-0.086747,-0.020946,-0.065801,0.0,0.098063,-0.098063
MIPS.ST,2025-10-22,-45.53,negative,Q1,0.016986,0.010805,0.006181,-0.070685,0.009311,-0.079995,-0.195616,-0.020946,-0.174671,-0.196712,0.098063,-0.294776
SCST.ST,2025-10-22,52.5,positive,Q5,0.014675,0.010805,0.00387,0.040881,0.009311,0.03157,0.007338,-0.020946,0.028283,0.1174,0.098063,0.019337
SHB-A.ST,2025-10-22,11.11,positive,Q4,0.001637,0.010805,-0.009168,0.022095,0.009311,0.012784,0.028642,-0.020946,0.049587,0.164894,0.098063,0.06683
MYCR.ST,2025-10-23,-23.45,negative,Q1,0.013815,0.00389,0.009926,0.032236,-0.007112,0.039348,-0.037071,-0.022082,-0.014989,-0.046051,0.087732,-0.133783
PEAB-B.ST,2025-10-23,-20.05,negative,Q2,0.032938,0.00389,0.029048,0.015152,-0.007112,0.022263,0.025033,-0.022082,0.047115,0.16996,0.087732,0.082228
GRNG.ST,2025-10-23,17.62,positive,Q4,0.023177,0.00389,0.019288,0.010122,-0.007112,0.017234,0.003374,-0.022082,0.025456,0.123661,0.087732,0.035929
ATCO-A.ST,2025-10-23,0.0,negative,Q3,0.01976,0.00389,0.015871,-0.041018,-0.007112,-0.033906,-0.07994,-0.022082,-0.057858,0.098802,0.087732,0.01107
WIHL.ST,2025-10-23,-3.66,negative,Q3,-0.008962,0.00389,-0.012851,-0.026885,-0.007112,-0.019773,-0.021613,-0.022082,0.000469,-0.01476,0.087732,-0.102492
BILI-A.ST,2025-10-23,-26.26,negative,Q1,0.024353,0.00389,0.020463,0.011416,-0.007112,0.018527,-0.070015,-0.022082,-0.047933,-0.030441,0.087732,-0.118174
AXFO.ST,2025-10-23,0.93,positive,Q3,-0.00114,0.00389,-0.005029,-0.015957,-0.007112,-0.008846,0.035334,-0.022082,0.057416,0.100684,0.087732,0.012952
SEB-A.ST,2025-10-23,-2.56,negative,Q3,0.002756,0.00389,-0.001133,0.0,-0.007112,0.007112,-0.002481,-0.022082,0.019601,0.041896,0.087732,-0.045836
STE-A.ST,2025-10-23,314.96,positive,Q5,-0.022624,0.00389,-0.026514,0.031674,-0.007112,0.038786,0.0,-0.022082,0.022082,-0.004525,0.087732,-0.092257
EVO.ST,2025-10-23,-5.74,negative,Q2,-0.00089,0.00389,-0.00478,-0.057287,-0.007112,-0.050175,-0.053131,-0.022082,-0.03105,-0.13179,0.087732,-0.219522
ATCO-B.ST,2025-10-23,0.0,negative,Q3,0.02295,0.00389,0.01906,-0.03645,-0.007112,-0.029338,-0.068849,-0.022082,-0.046767,0.079312,0.087732,-0.008421
SCA-A.ST,2025-10-23,12.38,positive,Q4,-0.021773,0.00389,-0.025663,-0.010886,-0.007112,-0.003775,-0.062208,-0.022082,-0.040126,-0.104199,0.087732,-0.191931
SAVE.ST,2025-10-23,-2.41,negative,Q3,0.003587,0.00389,-0.000303,-0.01363,-0.007112,-0.006518,-0.02439,-0.022082,-0.002308,0.053802,0.087732,-0.03393
IVSO.ST,2025-10-23,-103.46,negative,Q1,-0.032787,0.00389,-0.036677,-0.098361,-0.007112,-0.091249,-0.266766,-0.022082,-0.244684,-0.210134,0.087732,-0.297866
HOLM-B.ST,2025-10-23,58.29,positive,Q5,-0.006753,0.00389,-0.010643,0.010692,-0.007112,0.017804,-0.027575,-0.022082,-0.005493,-0.039955,0.087732,-0.127687
BONEX.ST,2025-10-23,-39.18,negative,Q1,-0.016102,0.00389,-0.019991,-0.061017,-0.007112,-0.053905,-0.186864,-0.022082,-0.164782,-0.208051,0.087732,-0.295783
NCC-A.ST,2025-10-23,8.12,positive,Q4,0.041663,0.00389,0.037773,0.023125,-0.007112,0.030237,0.002554,-0.022082,0.024636,0.092405,0.087732,0.004673
ALIG.ST,2025-10-23,-25.15,negative,Q1,0.009576,0.00389,0.005686,-0.038304,-0.007112,-0.031192,-0.038304,-0.022082,-0.016222,-0.065663,0.087732,-0.153396
PDX.ST,2025-10-23,-38.53,negative,Q1,-0.016052,0.00389,-0.019942,-0.015458,-0.007112,-0.008346,-0.032699,-0.022082,-0.010617,-0.250892,0.087732,-0.338624
VITR.ST,2025-10-23,101.93,positive,Q5,-0.001985,0.00389,-0.005875,-0.025149,-0.007112,-0.018037,-0.031105,-0.022082,-0.009023,-0.216413,0.087732,-0.304145
HEM.ST,2025-10-23,21.74,positive,Q5,0.007972,0.00389,0.004082,-0.081488,-0.007112,-0.074376,-0.218778,-0.022082,-0.196696,-0.33791,0.087732,-0.425642
STE-R.ST,2025-10-23,314.96,positive,Q5,-0.010261,0.00389,-0.014151,0.034515,-0.007112,0.041627,0.009328,-0.022082,0.03141,0.005597,0.087732,-0.082135
NCC-B.ST,2025-10-23,6.23,positive,Q4,0.020255,0.00389,0.016365,0.00094,-0.007112,0.008052,-0.002773,-0.022082,0.019309,0.079938,0.087732,-0.007794
AAK.ST,2025-10-23,-4.64,negative,Q2,-0.006565,0.00389,-0.010454,-0.032093,-0.007112,-0.024981,-0.048869,-0.022082,-0.026787,-0.101386,0.087732,-0.189118
NOKIA-SEK.ST,2025-10-23,19.15,positive,Q5,0.028186,0.00389,0.024296,0.137818,-0.007112,0.14493,-0.011586,-0.022082,0.010496,-0.06692,0.087732,-0.154652
MILDEF.ST,2025-10-23,-51.8,negative,Q1,-0.011357,0.00389,-0.015247,-0.105054,-0.007112,-0.097942,-0.333901,-0.022082,-0.311819,-0.237933,0.087732,-0.325665
SWED-A.ST,2025-10-23,13.51,positive,Q4,0.005577,0.00389,0.001687,0.00732,-0.007112,0.014431,0.013245,-0.022082,0.035327,0.204949,0.087732,0.117217
ALIF-B.ST,2025-10-23,-38.43,negative,Q1,-0.00677,0.00389,-0.010659,-0.00677,-0.007112,0.000342,-0.116538,-0.022082,-0.094456,-0.32882,0.087732,-0.416552
XVIVO.ST,2025-10-23,101.09,positive,Q5,-0.031093,0.00389,-0.034983,-0.049649,-0.007112,-0.042537,-0.098295,-0.022082,-0.076213,0.184554,0.087732,0.096821
PNDX-B.ST,2025-10-23,60.89,positive,Q5,-0.006167,0.00389,-0.010056,-0.026721,-0.007112,-0.01961,-0.039054,-0.022082,-0.016973,-0.004111,0.087732,-0.091843
ESSITY-A.ST,2025-10-23,2.77,positive,Q3,0.0,0.00389,-0.00389,-0.022472,-0.007112,-0.01536,-0.026217,-0.022082,-0.004135,-0.022472,0.087732,-0.110204
BILL.ST,2025-10-23,-136.19,negative,Q1,-0.006084,0.00389,-0.009974,-0.027102,-0.007112,-0.01999,-0.004978,-0.022082,0.017104,-0.042035,0.087732,-0.129768
HEXA-B.ST,2025-10-23,2.91,positive,Q3,-0.005792,0.00389,-0.009682,-0.035581,-0.007112,-0.028469,-0.073231,-0.022082,-0.051149,-0.176665,0.087732,-0.264397
NMAN.ST,2025-10-23,-5.81,negative,Q2,0.008495,0.00389,0.004606,-0.023058,-0.007112,-0.015946,-0.049757,-0.022082,-0.027675,-0.129854,0.087732,-0.217587
ESSITY-B.ST,2025-10-23,2.32,positive,Q3,0.000747,0.00389,-0.003143,-0.025402,-0.007112,-0.01829,-0.029137,-0.022082,-0.007055,-0.027643,0.087732,-0.115375
VOLCAR-B.ST,2025-10-23,215.79,positive,Q5,0.030284,0.00389,0.026394,0.040063,-0.007112,0.047175,0.02082,-0.022082,0.042902,-0.076972,0.087732,-0.164704
CAST.ST,2025-10-23,-14.71,negative,Q2,-0.008842,0.00389,-0.012731,-0.046419,-0.007112,-0.039307,-0.060566,-0.022082,-0.038484,-0.013263,0.087732,-0.100995
SAAB-B.ST,2025-10-24,-6.38,negative,Q2,0.010782,-0.002935,0.013717,0.022937,-0.015116,0.038053,-0.100176,-0.014144,-0.086033,0.359145,0.081795,0.27735
STEF-B.ST,2025-10-24,-99.37,negative,Q1,-0.014634,-0.002935,-0.0117,-0.04878,-0.015116,-0.033665,0.0,-0.014144,0.014144,-0.043902,0.081795,-0.125697
ALLIGO-B.ST,2025-10-24,-53.67,negative,Q1,0.009804,-0.002935,0.012738,-0.029412,-0.015116,-0.014296,-0.053922,-0.014144,-0.039778,0.035948,0.081795,-0.045847
DIOS.ST,2025-10-24,10.31,positive,Q4,-0.00597,-0.002935,-0.003036,-0.028358,-0.015116,-0.013242,-0.035821,-0.014144,-0.021677,-0.036567,0.081795,-0.118362
INSTAL.ST,2025-10-24,-42.36,negative,Q1,-0.008045,-0.002935,-0.005111,-0.018504,-0.015116,-0.003388,-0.061947,-0.014144,-0.047803,0.026549,0.081795,-0.055246
PEAB-B.ST,2025-10-24,11.92,positive,Q4,-0.006378,-0.002935,-0.003443,-0.028061,-0.015116,-0.012945,0.008291,-0.014144,0.022434,0.135204,0.081795,0.053409
LIAB.ST,2025-10-24,203.51,positive,Q5,-0.01568,-0.002935,-0.012746,-0.057509,-0.015116,-0.042393,-0.130906,-0.014144,-0.116763,-0.219317,0.081795,-0.301112
CATE.ST,2025-10-24,15.05,positive,Q4,-0.008453,-0.002935,-0.005519,-0.030867,-0.015116,-0.015751,-0.059898,-0.014144,-0.045755,-0.012936,0.081795,-0.094731
ANOD-B.ST,2025-10-24,-56.6,negative,Q1,-0.010582,-0.002935,-0.007647,-0.031746,-0.015116,-0.01663,-0.114638,-0.014144,-0.100495,-0.244268,0.081795,-0.326063
NCAB.ST,2025-10-24,18.07,positive,Q5,-0.02027,-0.002935,-0.017336,-0.033784,-0.015116,-0.018668,-0.127534,-0.014144,-0.11339,-0.223311,0.081795,-0.305106
HUMBLE.ST,2025-10-24,-119.64,negative,Q1,-0.014943,-0.002935,-0.012008,-0.037931,-0.015116,-0.022815,-0.11954,-0.014144,-0.105397,-0.088506,0.081795,-0.170301
BEIA-B.ST,2025-10-24,-2.67,negative,Q3,-0.013582,-0.002935,-0.010648,-0.001698,-0.015116,0.013418,-0.047538,-0.014144,-0.033395,-0.101868,0.081795,-0.183662
SCA-B.ST,2025-10-24,33.18,positive,Q5,0.002387,-0.002935,0.005321,-0.012331,-0.015116,0.002785,-0.030628,-0.014144,-0.016485,-0.11257,0.081795,-0.194364
SAGA-B.ST,2025-10-24,-36.51,negative,Q1,-0.02973,-0.002935,-0.026795,-0.045045,-0.015116,-0.029929,-0.099099,-0.014144,-0.084955,-0.114865,0.081795,-0.19666
VOLO-PREF.ST,2025-10-24,5.93,positive,Q4,0.0,-0.002935,0.002935,0.00935,-0.015116,0.024466,0.012514,-0.014144,0.026658,-0.000142,0.081795,-0.081937
LAGR-B.ST,2025-10-24,-15.44,negative,Q2,-0.006711,-0.002935,-0.003777,-0.024329,-0.015116,-0.009213,-0.10151,-0.014144,-0.087366,-0.17953,0.081795,-0.261325
HTRO.ST,2025-10-24,-406.74,negative,Q1,0.008672,-0.002935,0.011606,-0.063898,-0.015116,-0.048782,-0.202191,-0.014144,-0.188047,0.0712,0.081795,-0.010595
ATT.ST,2025-10-24,65.67,positive,Q5,0.003783,-0.002935,0.006718,0.020177,-0.015116,0.035292,0.045397,-0.014144,0.059541,0.121059,0.081795,0.039264
VOLO.ST,2025-10-24,5.93,positive,Q4,-0.010909,-0.002935,-0.007975,-0.038182,-0.015116,-0.023066,-0.036364,-0.014144,-0.02222,-0.133636,0.081795,-0.215431
HOFI.ST,2025-10-24,31.58,positive,Q5,0.042689,-0.002935,0.045624,0.066169,-0.015116,0.081284,0.094984,-0.014144,0.109128,0.335112,0.081795,0.253317
MMGR-B.ST,2025-10-24,12.14,positive,Q4,0.034731,-0.002935,0.037665,-0.017964,-0.015116,-0.002848,-0.095808,-0.014144,-0.081665,-0.213174,0.081795,-0.294969
MCAP.ST,2025-10-24,6.56,positive,Q4,-0.00641,-0.002935,-0.003476,-0.051282,-0.015116,-0.036166,-0.120192,-0.014144,-0.106049,-0.214744,0.081795,-0.296538
BRAV.ST,2025-10-24,-48.93,negative,Q1,-0.002418,-0.002935,0.000516,-0.036276,-0.015116,-0.02116,-0.028416,-0.014144,-0.014272,0.063482,0.081795,-0.018312
AFRY.ST,2025-10-24,-65.23,negative,Q1,-0.021915,-0.002935,-0.01898,-0.048443,-0.015116,-0.033327,-0.100923,-0.014144,-0.086779,-0.185121,0.081795,-0.266916
FAG.ST,2025-10-27,-19.1,negative,Q2,-0.001093,-0.004162,0.003069,-0.046995,-0.017365,-0.02963,-0.095082,-0.003614,-0.091468,-0.180328,0.099422,-0.27975
TRUE-B.ST,2025-10-28,91.27,positive,Q5,0.006203,0.00175,0.004453,-0.072364,-0.009543,-0.062821,-0.144728,0.004151,-0.148878,-0.480358,0.111393,-0.591751
ENGCON-B.ST,2025-10-28,-25.82,negative,Q1,0.013631,0.00175,0.011881,-0.007435,-0.009543,0.002108,-0.027261,0.004151,-0.031412,0.048327,0.111393,-0.063066
BALD-B.ST,2025-10-28,26.39,positive,Q5,-0.002538,0.00175,-0.004288,-0.043147,-0.009543,-0.033604,-0.035251,0.004151,-0.039402,-0.069092,0.111393,-0.180485
NOLA-B.ST,2025-10-28,14.0,positive,Q4,0.022454,0.00175,0.020704,-0.027265,-0.009543,-0.017722,-0.025662,0.004151,-0.029812,-0.054531,0.111393,-0.165924
ALFA.ST,2025-10-28,4.91,positive,Q4,0.003076,0.00175,0.001326,-0.014719,-0.009543,-0.005176,-0.024605,0.004151,-0.028755,0.110281,0.111393,-0.001112
8TRA.ST,2025-10-29,-22.04,negative,Q1,0.009198,-0.005642,0.01484,0.010512,-0.013824,0.024337,0.049277,0.001797,0.047481,0.256899,0.120441,0.136458
SWEC-B.ST,2025-10-29,-42.36,negative,Q1,-0.00464,-0.005642,0.001001,-0.042923,-0.013824,-0.029099,-0.067285,0.001797,-0.069082,-0.12123,0.120441,-0.241671
SHOT.ST,2025-10-29,96.21,positive,Q5,0.000548,-0.005642,0.00619,0.017879,-0.013824,0.031703,0.004716,0.001797,0.00292,-0.004058,0.120441,-0.124499
EPI-B.ST,2025-10-29,-10.0,negative,Q2,-0.022515,-0.005642,-0.016873,-0.051071,-0.013824,-0.037246,-0.001098,0.001797,-0.002895,0.255354,0.120441,0.134913
SWEC-A.ST,2025-10-29,-3.31,negative,Q3,-0.014451,-0.005642,-0.008809,-0.052023,-0.013824,-0.038199,-0.078035,0.001797,-0.079831,-0.130058,0.120441,-0.250499
EPRO-B.ST,2025-10-29,-65.63,negative,Q1,0.010687,-0.005642,0.016329,-0.021374,-0.013824,-0.00755,0.021374,0.001797,0.019577,-0.061069,0.120441,-0.18151
SKF-B.ST,2025-10-29,-34.47,negative,Q1,-0.013688,-0.005642,-0.008046,0.027375,-0.013824,0.0412,-0.005636,0.001797,-0.007433,-0.021739,0.120441,-0.14218
EPI-A.ST,2025-10-29,-6.63,negative,Q2,-0.012758,-0.005642,-0.007116,-0.038763,-0.013824,-0.024939,-0.005888,0.001797,-0.007685,0.301276,0.120441,0.180835
ELUX-A.ST,2025-10-30,-45.35,negative,Q1,0.045455,-0.004203,0.049658,-0.060606,-0.012273,-0.048333,-0.045455,0.00631,-0.051764,0.325758,0.116585,0.209172
ELUX-B.ST,2025-10-30,-50.43,negative,Q1,0.008795,-0.004203,0.012998,-0.061564,-0.012273,-0.049291,-0.018567,0.00631,-0.024877,0.335505,0.116585,0.218919
INTRUM.ST,2025-10-30,-14.04,negative,Q2,-0.048696,-0.004203,-0.044493,-0.034387,-0.012273,-0.022114,-0.103393,0.00631,-0.109702,0.106393,0.116585,-0.010193
LOOMIS.ST,2025-10-31,48.94,positive,Q5,-0.004391,-0.005212,0.000821,-0.002744,0.001633,-0.004377,0.046103,0.010194,0.035909,0.149286,0.132469,0.016818
ACAD.ST,2025-11-03,-4.83,negative,Q2,-0.028619,0.003765,-0.032384,-0.038158,0.018204,-0.056363,0.004575,0.014133,-0.009558,-0.120023,0.144279,-0.264302
BOOZT.ST,2025-11-04,-89.16,negative,Q1,0.039565,-0.00258,0.042145,0.083086,0.019863,0.063223,0.119683,0.02261,0.097073,-0.085064,0.13998,-0.225044
LUMI.ST,2025-11-04,17.22,positive,Q4,0.105851,-0.00258,0.108432,0.150559,0.019863,0.130696,0.193951,0.02261,0.171341,0.47929,0.13998,0.33931
SINCH.ST,2025-11-05,-100.07,negative,Q1,0.004717,-0.004078,0.008795,0.097605,0.01322,0.084385,0.046444,0.029997,0.016447,-0.108853,0.146187,-0.25504
STOR-B.ST,2025-11-05,-73.24,negative,Q1,-0.021739,-0.004078,-0.017662,-0.012174,0.01322,-0.025394,-0.018261,0.029997,-0.048258,-0.13913,0.146187,-0.285317
AMBEA.ST,2025-11-05,42.54,positive,Q5,0.023331,-0.004078,0.027408,0.028158,0.01322,0.014938,0.053902,0.029997,0.023905,0.065165,0.146187,-0.081022
LUMI.ST,2025-11-05,-41.18,negative,Q1,-0.007134,-0.004078,-0.003057,0.010702,0.01322,-0.002519,0.043401,0.029997,0.013404,0.362664,0.146187,0.216477
NEWA-B.ST,2025-11-06,-6.02,negative,Q2,0.000908,0.009817,-0.008909,0.008077,0.008785,-0.000708,0.004628,0.033222,-0.028594,-0.080679,0.142892,-0.223571
AZN.ST,2025-11-06,-23.86,negative,Q1,0.017348,0.009817,0.007532,0.041512,0.008785,0.032727,0.052354,0.033222,0.019132,0.124535,0.142892,-0.018357
LUG.ST,2025-11-06,-8.58,negative,Q2,0.059436,0.009817,0.04962,0.122534,0.008785,0.113749,0.098315,0.033222,0.065092,0.024204,0.142892,-0.118688
CAMX.ST,2025-11-06,-19.04,negative,Q2,0.145872,0.009817,0.136055,0.180734,0.008785,0.171949,0.09633,0.033222,0.063108,-0.066055,0.142892,-0.208947
SKA-B.ST,2025-11-06,-20.31,negative,Q2,0.004131,0.009817,-0.005686,0.030566,0.008785,0.021781,0.017348,0.033222,-0.015874,0.095415,0.142892,-0.047477
CEVI.ST,2025-11-06,-3.68,negative,Q3,-0.031477,0.009817,-0.041294,-0.031477,0.008785,-0.040262,-0.078692,0.033222,-0.111915,-0.095642,0.142892,-0.238534
SECU-B.ST,2025-11-06,15.81,positive,Q4,-0.010725,0.009817,-0.020542,-0.007621,0.008785,-0.016406,-0.002258,0.033222,-0.03548,0.10429,0.142892,-0.038602
HUFV-A.ST,2025-11-06,-9.66,negative,Q2,-0.010023,0.009817,-0.01984,0.004626,0.008785,-0.004159,-0.038551,0.033222,-0.071773,-0.020046,0.142892,-0.162938
ASKER.ST,2025-11-06,-53.66,negative,Q1,-0.004979,0.009817,-0.014796,0.044479,0.008785,0.035694,-0.00852,0.033222,-0.041742,-0.282695,0.142892,-0.425587
RAY-B.ST,2025-11-07,58.33,positive,Q5,-0.023707,0.011247,-0.034954,-0.032328,-0.008627,-0.023701,-0.032328,0.017678,-0.050006,-0.200862,0.130372,-0.331234
NOBA.ST,2025-11-11,5.06,positive,Q4,-0.006054,-0.009077,0.003022,0.009284,-0.04284,0.052123,0.119072,0.008193,0.110879,-0.0111,0.11549,-0.12659
BAHN-B.ST,2025-11-11,-7.83,negative,Q2,-0.023297,-0.009077,-0.014221,-0.051971,-0.04284,-0.009132,-0.041219,0.008193,-0.049412,-0.091398,0.11549,-0.206888
YUBICO.ST,2025-11-12,23.74,positive,Q5,-0.029768,-0.008437,-0.021331,0.00882,-0.028278,0.037099,-0.114223,0.01454,-0.128763,-0.43903,0.138651,-0.577681
EMBRAC-B.ST,2025-11-12,-105.5,negative,Q1,-0.023625,-0.008437,-0.015188,-0.081744,-0.028278,-0.053465,-0.327972,0.01454,-0.342513,-0.416704,0.138651,-0.555355
KAR.ST,2025-11-12,-67.88,negative,Q1,-0.038745,-0.008437,-0.030308,-0.055351,-0.028278,-0.027072,-0.073801,0.01454,-0.088341,-0.331181,0.138651,-0.469832
SUS.ST,2025-11-13,-52.85,negative,Q1,-0.006164,-0.007613,0.001449,0.011644,-0.020953,0.032597,-0.539726,0.027416,-0.567142,-0.60137,0.145384,-0.746753
MEKO.ST,2025-11-13,-91.1,negative,Q1,-0.042105,-0.007613,-0.034492,-0.076316,-0.020953,-0.055363,-0.044737,0.027416,-0.072153,-0.125,0.145384,-0.270384
BIOA-B.ST,2025-11-13,14.42,positive,Q4,-0.029172,-0.007613,-0.021559,-0.053596,-0.020953,-0.032643,0.099729,0.027416,0.072312,0.182497,0.145384,0.037113
MTG-B.ST,2025-11-13,-92.41,negative,Q1,-0.008584,-0.007613,-0.000971,-0.017167,-0.020953,0.003786,-0.049785,0.027416,-0.077202,-0.243777,0.145384,-0.38916
SYNSAM.ST,2025-11-18,14.18,positive,Q4,0.007937,0.005998,0.001938,0.04127,0.034849,0.00642,0.052381,0.052896,-0.000515,0.111111,0.188034,-0.076923
EKTA-B.ST,2025-11-25,4.79,positive,Q4,0.063636,0.003598,0.060039,0.015455,0.000137,0.015318,0.031818,0.037249,-0.00543,0.01,0.109205,-0.099205
SYSR.ST,2025-12-04,2.44,positive,Q3,-0.003448,-0.000959,-0.00249,-0.02069,-0.001985,-0.018705,-0.014943,0.055642,-0.070585,-0.155172,0.083658,-0.238831
RUSTA.ST,2025-12-09,51.54,positive,Q5,0.00367,0.006564,-0.002895,0.030581,-0.005565,0.036146,-0.00367,0.0813,-0.084969,0.146789,0.075785,0.071004
CLAS-B.ST,2025-12-10,-1.46,negative,Q3,-0.018557,-0.002838,-0.015718,0.006186,-0.000399,0.006585,0.015808,0.05498,-0.039172,0.345017,0.065828,0.279189
SECT-B.ST,2025-12-12,31.17,positive,Q5,-0.008587,-0.007018,-0.001569,-0.01249,0.00436,-0.01685,-0.131148,0.054827,-0.185975,-0.133489,0.01129,-0.144779
SKIS-B.ST,2025-12-18,4.69,positive,Q4,-0.003578,0.001334,-0.004912,-0.025641,0.01405,-0.039691,-0.004174,0.071334,-0.075508,-0.033393,0.017084,-0.050477
