symbol,event_date,surprise_raw,category,quintile,stock_ret_1d,bench_ret_1d,abnormal_ret_1d,stock_ret_5d,bench_ret_5d,abnormal_ret_5d,stock_ret_21d,bench_ret_21d,abnormal_ret_21d,stock_ret_63d,bench_ret_63d,abnormal_ret_63d
AKAST.OL,2014-02-13,8.12,positive,Q4,-0.003207,0.002215,-0.005422,0.008704,0.011356,-0.002652,-0.084288,0.002099,-0.086387,0.178653,0.09101,0.087643
AKAST.OL,2014-04-30,-28.66,negative,Q1,-0.011811,-0.001495,-0.010316,0.066929,0.012268,0.054661,0.107087,0.052727,0.05436,-0.065354,0.041891,-0.107246
AKAST.OL,2014-07-17,81.56,positive,Q5,-0.001657,0.003702,-0.005359,-0.013256,0.006329,-0.019585,-0.018641,-0.029394,0.010753,-0.18227,-0.120277,-0.061993
KOG.OL,2014-08-14,-9.87,negative,Q2,-0.00378,0.001138,-0.004918,-0.010259,0.007306,-0.017566,0.031317,0.017368,0.01395,-0.049136,-0.03231,-0.016826
AUSS.OL,2014-08-21,-43.59,negative,Q1,0.031088,0.006079,0.025009,0.015544,0.006912,0.008632,0.08247,0.017836,0.064633,0.105786,-0.026205,0.131991
OLT.OL,2014-08-21,60.49,positive,Q5,0.004397,0.006079,-0.001682,0.013418,0.006912,0.006506,0.062465,0.017836,0.044628,0.12493,-0.026205,0.151134
LSG.OL,2014-08-21,-47.6,negative,Q1,0.036511,0.006079,0.030432,0.031778,0.006912,0.024867,0.060852,0.017836,0.043015,0.13117,-0.026205,0.157374
AFG.OL,2014-08-22,-4.62,negative,Q3,0.006851,0.008155,-0.001304,0.006851,0.008347,-0.001496,-0.006615,-0.00164,-0.004975,0.006851,-0.035738,0.042589
BAKKA.OL,2014-08-26,-16.67,negative,Q2,-0.003598,-0.002765,-0.000833,0.007386,0.005253,0.002134,0.022064,-0.017353,0.039418,0.345644,-0.03257,0.378214
SALM.OL,2014-08-26,20.53,positive,Q4,-0.00855,-0.002765,-0.005784,-0.004275,0.005253,-0.009527,-0.025943,-0.017353,-0.00859,0.116893,-0.03257,0.149463
GJF.OL,2014-10-21,-5.21,negative,Q3,0.00488,-0.003,0.00788,0.021653,0.018523,0.00313,0.055352,0.03065,0.024702,0.091644,0.019802,0.071842
ATEA.OL,2014-10-22,0.0,negative,Q3,0.029232,0.001932,0.027299,0.080444,0.012101,0.068343,0.084296,0.044665,0.039632,0.26014,0.011182,0.248958
NHY.OL,2014-10-22,16.22,positive,Q4,-0.002641,0.001932,-0.004573,0.010563,0.012101,-0.001537,0.117518,0.044665,0.072853,0.198944,0.011182,0.187762
YAR.OL,2014-10-22,-6.62,negative,Q2,-0.004912,0.001932,-0.006845,0.015507,0.012101,0.003406,0.05303,0.044665,0.008366,0.327415,0.011182,0.316233
DNB.OL,2014-10-23,20.39,positive,Q4,0.014917,-0.005359,0.020276,0.022303,0.01546,0.006842,0.034613,0.045211,-0.010598,-0.114699,0.011303,-0.126002
NAS.OL,2014-10-23,-22.14,negative,Q2,0.013763,-0.005359,0.019121,-0.001835,0.01546,-0.017295,0.103212,0.045211,0.058001,0.412844,0.011303,0.401542
BAKKA.OL,2014-10-28,34.57,positive,Q5,0.009669,-0.009287,0.018956,0.106777,-0.005845,0.112622,0.122947,-0.018496,0.141444,0.022672,-0.00031,0.022982
STB.OL,2014-10-29,2.86,positive,Q3,0.015323,0.005258,0.010064,0.025403,0.001299,0.024104,-0.040726,-0.041408,0.000682,-0.287903,0.031924,-0.319828
EQNR.OL,2014-10-29,0.0,negative,Q3,-0.007749,0.005258,-0.013007,-0.02849,0.001299,-0.029789,-0.140741,-0.041408,-0.099333,-0.082393,0.031924,-0.114317
TEL.OL,2014-10-29,-25.31,negative,Q2,0.010592,0.005258,0.005334,0.002648,0.001299,0.001349,-0.01271,-0.041408,0.028698,0.1226,0.031924,0.090676
SRBNK.OL,2014-10-30,-1.6,negative,Q3,-0.00431,-0.000701,-0.00361,-0.025862,0.001557,-0.027419,-0.073276,-0.049629,-0.023647,-0.153287,0.009372,-0.162658
SCHA.OL,2014-10-30,-62.5,negative,Q1,0.001976,-0.000701,0.002677,0.004766,0.001557,0.003209,0.305707,-0.049629,0.355336,0.407997,0.009372,0.398626
KOG.OL,2014-10-31,22.04,positive,Q4,-0.003946,-0.013756,0.00981,-0.021984,0.009581,-0.031565,-0.069335,-0.039725,-0.02961,-0.03664,0.021685,-0.058325
MING.OL,2014-10-31,12.89,positive,Q4,-0.008534,-0.013756,0.005222,-0.024992,0.009581,-0.034573,-0.046023,-0.039725,-0.006298,-0.05029,0.021685,-0.071975
VEI.OL,2014-11-06,-1.79,negative,Q3,-0.01538,0.007305,-0.022685,-0.007847,0.013942,-0.021789,0.053672,-0.062204,0.115876,0.249843,0.006186,0.243657
AKSO.OL,2014-11-07,-1.74,negative,Q3,-0.002016,0.002345,-0.004362,0.002688,0.004799,-0.002111,-0.172043,-0.083525,-0.088518,-0.163306,0.011696,-0.175003
LSG.OL,2014-11-12,-60.13,negative,Q1,0.003503,0.016423,-0.01292,-0.04495,0.016952,-0.061903,-0.023351,-0.089981,0.06663,0.023351,0.034201,-0.01085
AUSS.OL,2014-11-12,-69.14,negative,Q1,0.002289,0.016423,-0.014133,-0.032049,0.016952,-0.049001,-0.034338,-0.089981,0.055643,0.029378,0.034201,-0.004823
OLT.OL,2014-11-12,-50.0,negative,Q1,0.029152,0.016423,0.012729,0.045885,0.016952,0.028933,-0.037466,-0.089981,0.052516,0.31667,0.034201,0.282469
AFG.OL,2014-11-14,1.48,positive,Q3,0.035204,0.003302,0.031903,0.042097,0.015372,0.026725,0.035204,-0.116573,0.151777,0.271049,0.013468,0.257581
SALM.OL,2014-11-19,-1.83,negative,Q3,0.016072,0.010557,0.005515,-0.035958,-0.030045,-0.005912,-0.051893,-0.050285,-0.001608,-0.087987,0.014142,-0.102129
BRG.OL,2015-02-04,-20.0,negative,Q2,-0.01214,0.006648,-0.018788,-0.056743,-0.00029,-0.056453,0.047506,0.014744,0.032762,0.129058,0.078281,0.050777
MING.OL,2015-02-04,14.91,positive,Q4,0.0,0.006648,-0.006648,-0.004172,-0.00029,-0.003882,0.06611,0.014744,0.051366,0.258986,0.078281,0.180705
GJF.OL,2015-02-04,37.86,positive,Q5,0.010972,0.006648,0.004324,0.011675,-0.00029,0.011965,0.049093,0.014744,0.034348,0.018287,0.078281,-0.059995
SRBNK.OL,2015-02-04,9.52,positive,Q4,0.009709,0.006648,0.003061,0.0,-0.00029,0.00029,0.097087,0.014744,0.082343,0.15625,0.078281,0.077969
ATEA.OL,2015-02-05,-35.22,negative,Q1,-0.005822,0.006528,-0.012351,0.011827,0.006907,0.00492,0.094068,-0.000364,0.094432,0.023472,0.06595,-0.042478
DNB.OL,2015-02-05,21.23,positive,Q4,-0.009905,0.006528,-0.016434,0.018354,0.006907,0.011447,0.064822,-0.000364,0.065185,0.1748,0.06595,0.10885
KOG.OL,2015-02-06,11.95,positive,Q4,0.00694,-0.007028,0.013968,0.041064,0.006125,0.034939,0.082128,-0.024981,0.107109,0.124349,0.069495,0.054855
EQNR.OL,2015-02-06,-43.75,negative,Q1,-0.038262,-0.007028,-0.031234,-0.00744,0.006125,-0.013565,-0.072626,-0.024981,-0.047645,0.067903,0.069495,-0.001592
NHY.OL,2015-02-11,27.69,positive,Q5,0.014843,0.013895,0.000948,-0.029341,0.006558,-0.035899,-0.091474,-0.001449,-0.090025,-0.176389,0.06839,-0.244779
TEL.OL,2015-02-11,-12.96,negative,Q2,-0.003218,0.013895,-0.017113,0.000644,0.006558,-0.005915,0.031149,-0.001449,0.032598,0.156906,0.06839,0.088516
YAR.OL,2015-02-11,16.38,positive,Q4,0.016044,0.013895,0.00215,0.047171,0.006558,0.040613,0.040351,-0.001449,0.0418,-0.011367,0.06839,-0.079757
STB.OL,2015-02-11,42.4,positive,Q5,0.036585,0.013895,0.022691,0.009544,0.006558,0.002986,0.124072,-0.001449,0.125521,0.124602,0.06839,0.056212
VEI.OL,2015-02-12,30.21,positive,Q5,0.049928,0.005746,0.044182,0.047048,-0.006649,0.053697,0.058809,-0.018954,0.077764,0.12434,0.054486,0.069854
NAS.OL,2015-02-12,14.0,positive,Q4,-0.025149,0.005746,-0.030896,0.000853,-0.006649,0.007502,-0.011082,-0.018954,0.007872,0.343137,0.054486,0.288652
SCHA.OL,2015-02-13,-161.54,negative,Q1,-0.008447,-0.007224,-0.001223,0.021027,-0.013372,0.034398,-0.003948,-0.022092,0.018143,0.11863,0.053232,0.065398
AKSO.OL,2015-02-13,7.96,positive,Q4,0.013861,-0.007224,0.021086,-0.045545,-0.013372,-0.032173,-0.159076,-0.022092,-0.136984,0.079868,0.053232,0.026636
AFG.OL,2015-02-13,12.0,positive,Q4,0.008284,-0.007224,0.015508,0.00289,-0.013372,0.016261,0.085533,-0.022092,0.107624,0.19765,0.053232,0.144418
OLT.OL,2015-02-13,-8.82,negative,Q2,0.0,-0.007224,0.007224,0.047478,-0.013372,0.06085,0.053793,-0.022092,0.075884,0.048278,0.053232,-0.004955
AUSS.OL,2015-02-24,86.49,positive,Q5,0.008598,0.003899,0.0047,0.01757,-0.012222,0.029793,-0.04486,-0.008399,-0.036461,0.019813,0.052894,-0.033081
LSG.OL,2015-02-24,106.77,positive,Q5,0.00762,0.003899,0.003722,0.011723,-0.012222,0.023946,-0.089683,-0.008399,-0.081284,0.056272,0.052894,0.003378
BAKKA.OL,2015-02-24,18.3,positive,Q4,0.026516,0.003899,0.022617,0.017702,-0.012222,0.029925,0.002887,-0.008399,0.011286,0.260447,0.052894,0.207553
XXL.OL,2015-02-25,29.63,positive,Q5,0.020128,-0.005488,0.025616,-0.020138,-0.005923,-0.014215,-0.026841,-0.006372,-0.020469,0.145345,0.054997,0.090348
SALM.OL,2015-02-26,24.32,positive,Q4,0.003934,-0.004222,0.008155,-0.011937,0.003362,-0.015299,-0.075692,0.003302,-0.078993,0.004612,0.050311,-0.045699
ATEA.OL,2015-04-23,-26.97,negative,Q1,0.0,0.002387,-0.002387,-0.017443,-0.001293,-0.01615,0.014386,-0.013483,0.027869,-0.174429,-0.049003,-0.125426
YAR.OL,2015-04-24,1.06,positive,Q3,-0.010588,-0.008901,-0.001687,-0.013077,-0.001247,-0.01183,0.020362,-0.015336,0.035698,0.053167,-0.047809,0.100976
SRBNK.OL,2015-04-28,9.6,positive,Q4,0.0,0.013181,-0.013181,0.031258,0.010633,0.020626,-0.013204,0.018818,-0.032022,-0.133926,0.00134,-0.135266
AKAST.OL,2015-04-28,-47.17,negative,Q1,-0.007205,0.013181,-0.020386,-0.013689,0.010633,-0.024321,-0.07781,0.018818,-0.096628,-0.236311,0.00134,-0.237651
BRG.OL,2015-04-28,-15.91,negative,Q2,-0.012798,0.013181,-0.02598,-0.097397,0.010633,-0.10803,0.004121,0.018818,-0.014697,-0.122993,0.00134,-0.124333
STB.OL,2015-04-29,-27.78,negative,Q1,0.026777,0.010509,0.016268,0.057673,0.007892,0.04978,0.098352,0.011501,0.086852,0.235324,-0.018085,0.253409
XXL.OL,2015-04-29,-16.67,negative,Q2,0.009397,0.010509,-0.001111,0.006262,0.007892,-0.00163,0.069943,0.011501,0.058443,0.132694,-0.018085,0.150779
AKSO.OL,2015-04-29,-22.55,negative,Q2,0.012523,0.010509,0.002015,0.025047,0.007892,0.017155,0.022542,0.011501,0.011042,-0.290545,-0.018085,-0.27246
NAS.OL,2015-04-29,-0.07,negative,Q3,0.006328,0.010509,-0.00418,0.03481,0.007892,0.026918,0.006012,0.011501,-0.005489,0.115189,-0.018085,0.133274
NHY.OL,2015-04-29,-2.06,negative,Q3,0.04607,0.010509,0.035562,0.047877,0.007892,0.039985,0.093948,0.011501,0.082447,-0.119693,-0.018085,-0.101608
KOG.OL,2015-04-30,6.45,positive,Q3,-0.005666,0.002433,-0.008098,-0.088291,0.006046,-0.094337,-0.0661,-0.008934,-0.057166,-0.13881,-0.028609,-0.110201
DNB.OL,2015-04-30,30.79,positive,Q5,-0.012472,0.002433,-0.014905,0.011599,0.006046,0.005553,0.009479,-0.008934,0.018413,-0.027812,-0.028609,0.000796
EQNR.OL,2015-04-30,80.0,positive,Q5,0.013288,0.002433,0.010855,-0.01063,0.006046,-0.016676,-0.094452,-0.008934,-0.085518,-0.143063,-0.028609,-0.114454
TEL.OL,2015-05-06,53.67,positive,Q5,0.010177,0.010434,-0.000258,0.004585,0.015824,-0.011239,0.017669,-0.004641,0.02231,0.038917,-0.021214,0.060132
GJF.OL,2015-05-06,-12.28,negative,Q2,-0.003165,0.010434,-0.013599,0.046505,0.015824,0.030681,-0.037287,-0.004641,-0.032646,0.03027,-0.021214,0.051484
SCHA.OL,2015-05-08,130.77,positive,Q5,0.004816,-0.004864,0.009681,0.044379,-0.00946,0.05384,0.252,-0.018736,0.270736,0.373097,-0.03958,0.412677
MING.OL,2015-05-08,10.1,positive,Q4,-0.007392,-0.004864,-0.002528,-0.007392,-0.00946,0.002068,-0.007392,-0.018736,0.011344,-0.094316,-0.03958,-0.054736
BAKKA.OL,2015-05-12,-10.26,negative,Q2,0.072968,-0.008217,0.081185,0.020839,-0.009174,0.030013,0.091161,-0.051077,0.142238,0.291677,-0.067526,0.359203
AFG.OL,2015-05-13,23.33,positive,Q4,0.029305,-0.002057,0.031362,0.058775,-0.003164,0.061939,0.004801,-0.042307,0.047108,-0.009934,-0.055288,0.045355
AUSS.OL,2015-05-13,-118.87,negative,Q1,0.037338,-0.002057,0.039395,0.010721,-0.003164,0.013885,-0.037708,-0.042307,0.004599,0.052495,-0.055288,0.107784
LSG.OL,2015-05-13,-83.05,negative,Q1,0.031305,-0.002057,0.033362,0.023036,-0.003164,0.0262,0.043709,-0.042307,0.086016,0.163024,-0.055288,0.218313
SALM.OL,2015-05-20,3.38,positive,Q3,0.008166,-0.002201,0.010367,0.02436,-0.013448,0.037808,0.029481,-0.024284,0.053765,0.219516,-0.078745,0.298261
OLT.OL,2015-05-20,-34.41,negative,Q1,0.0061,-0.002201,0.008301,-0.0061,-0.013448,0.007349,-0.158521,-0.024284,-0.134237,-0.109798,-0.078745,-0.031053
DNB.OL,2015-07-10,18.67,positive,Q4,-0.003777,0.009187,-0.012964,0.018383,0.014614,0.003769,-0.045706,-0.021679,-0.024027,-0.108411,-0.03306,-0.075351
GJF.OL,2015-07-14,18.91,positive,Q4,0.013484,0.005331,0.008153,-0.001426,-0.005085,0.003659,-0.038247,-0.037968,-0.000279,-0.142357,-0.047706,-0.094651
ATEA.OL,2015-07-15,-51.06,negative,Q1,-0.03041,-0.001897,-0.028513,-0.003333,-0.009169,0.005836,-0.094355,-0.056233,-0.038122,0.07061,-0.058863,0.129474
BRG.OL,2015-07-15,-9.8,negative,Q2,0.004401,-0.001897,0.006298,-0.022701,-0.009169,-0.013532,-0.040769,-0.056233,0.015464,-0.06347,-0.058863,-0.004607
STB.OL,2015-07-15,-11.96,negative,Q2,-0.007634,-0.001897,-0.005737,-0.03626,-0.009169,-0.027091,-0.137023,-0.056233,-0.08079,-0.20687,-0.058863,-0.148007
AKSO.OL,2015-07-15,-23.16,negative,Q2,-0.031548,-0.001897,-0.029651,-0.110051,-0.009169,-0.100883,-0.180484,-0.056233,-0.124251,-0.083639,-0.058863,-0.024776
NAS.OL,2015-07-16,-23.32,negative,Q2,0.006629,-0.001353,0.007982,-0.002881,-0.013362,0.010481,0.054468,-0.054555,0.109023,-0.031699,-0.059422,0.027722
AKAST.OL,2015-07-16,-34.69,negative,Q1,-0.038991,-0.001353,-0.037637,-0.082569,-0.013362,-0.069207,-0.236239,-0.054555,-0.181684,-0.136086,-0.059422,-0.076664
SCHA.OL,2015-07-17,-31.11,negative,Q1,0.00959,0.004095,0.005495,-0.013163,-0.034949,0.021786,-0.028833,-0.054571,0.025738,0.048389,-0.049006,0.097395
YAR.OL,2015-07-21,-3.72,negative,Q3,0.006374,0.001205,0.005169,-0.023441,-0.007783,-0.015658,-0.114945,-0.07387,-0.041075,-0.161745,-0.043099,-0.118646
NHY.OL,2015-07-21,1.22,positive,Q3,-0.010973,0.001205,-0.012178,-0.020948,-0.007783,-0.013164,-0.080798,-0.07387,-0.006928,0.021446,-0.043099,0.064546
TEL.OL,2015-07-22,0.8,positive,Q3,0.004965,-0.006121,0.011086,-0.005073,-0.002872,-0.002201,-0.08667,-0.089895,0.003225,-0.071128,-0.045774,-0.025354
XXL.OL,2015-07-23,7.22,positive,Q3,0.002823,-0.023203,0.026026,0.022654,-0.003225,0.025879,-0.099156,-0.133178,0.034021,-0.084987,-0.038818,-0.046169
EQNR.OL,2015-07-28,52.63,positive,Q5,0.027625,0.006161,0.021464,0.012406,0.007142,0.005264,-0.111395,-0.083158,-0.028238,0.032741,-0.023709,0.05645
SRBNK.OL,2015-08-12,-5.06,negative,Q3,-0.024435,-0.013756,-0.010679,-0.044594,-0.042215,-0.002379,-0.105376,-0.070718,-0.034657,-0.174099,0.000811,-0.17491
MING.OL,2015-08-12,5.97,positive,Q3,-0.016106,-0.013756,-0.00235,-0.032212,-0.042215,0.010002,-0.068381,-0.070718,0.002338,-0.156541,0.000811,-0.157352
LSG.OL,2015-08-13,-60.98,negative,Q1,0.021255,-0.000122,0.021377,-0.049089,-0.044509,-0.00458,0.021255,-0.06432,0.085575,0.035425,0.013278,0.022147
AUSS.OL,2015-08-13,-25.41,negative,Q2,0.019587,-0.000122,0.019709,-0.010843,-0.044509,0.033666,0.097237,-0.06432,0.161556,0.113676,0.013278,0.100398
VEI.OL,2015-08-13,6.92,positive,Q3,-0.002555,-0.000122,-0.002434,-0.016184,-0.044509,0.028325,0.059625,-0.06432,0.123945,0.132879,0.013278,0.119601
OLT.OL,2015-08-20,-128.99,negative,Q1,-0.073115,-0.053387,-0.019728,-0.017342,0.012016,-0.029358,-0.059172,-0.001371,-0.057802,-0.017342,0.065292,-0.082634
KOG.OL,2015-08-21,-8.67,negative,Q2,0.016843,0.027307,-0.010463,0.046163,0.068166,-0.022003,0.024953,0.04229,-0.017337,0.158453,0.125406,0.033047
AFG.OL,2015-08-21,10.62,positive,Q4,0.019141,0.027307,-0.008166,0.028631,0.068166,-0.039535,0.038121,0.04229,-0.004169,0.233392,0.125406,0.107986
BAKKA.OL,2015-08-25,-6.68,negative,Q2,0.028449,0.018568,0.009881,-0.018278,0.01343,-0.031708,0.040634,-0.013674,0.054308,-0.058963,0.081767,-0.14073
SALM.OL,2015-08-25,11.64,positive,Q4,-0.012225,0.018568,-0.030793,-0.00815,0.01343,-0.02158,0.069146,-0.013674,0.082819,0.162613,0.081767,0.080846
BRG.OL,2015-10-21,-2.59,negative,Q3,-0.0218,0.011519,-0.033319,-0.012856,-0.006206,-0.006651,0.065679,0.008355,0.057324,-0.047792,-0.115141,0.067349
NHY.OL,2015-10-21,7.02,positive,Q3,0.011405,0.011519,-0.000114,0.001555,-0.006206,0.007761,0.097978,0.008355,0.089623,-0.07154,-0.115141,0.043601
YAR.OL,2015-10-21,-11.26,negative,Q2,0.001878,0.011519,-0.009641,0.015799,-0.006206,0.022005,0.052938,0.008355,0.044582,-0.106883,-0.115141,0.008258
ATEA.OL,2015-10-21,-15.58,negative,Q2,0.0,0.011519,-0.011519,0.028936,-0.006206,0.035142,-0.016164,0.008355,-0.02452,-0.071044,-0.115141,0.044097
NAS.OL,2015-10-22,-16.92,negative,Q2,0.011346,-0.001796,0.013142,0.012317,-0.019079,0.031396,-0.015235,-0.004414,-0.010821,-0.19611,-0.118304,-0.077807
DNB.OL,2015-10-22,6.29,positive,Q3,0.001871,-0.001796,0.003667,-0.011851,-0.019079,0.007228,0.003586,-0.004414,0.008001,-0.095899,-0.118304,0.022405
GJF.OL,2015-10-23,-23.23,negative,Q2,-0.002288,-0.013327,0.011039,0.017093,-0.011513,0.028606,0.069987,-0.001169,0.071156,0.043607,-0.123029,0.166636
STB.OL,2015-10-28,-42.42,negative,Q1,0.019783,-0.001584,0.021367,0.028733,0.022237,0.006496,0.095148,0.014119,0.08103,0.240226,-0.091308,0.331534
XXL.OL,2015-10-28,23.81,positive,Q4,0.028324,-0.001584,0.029908,0.019823,0.022237,-0.002413,0.073648,0.014119,0.059529,0.042485,-0.091308,0.133793
TEL.OL,2015-10-28,11.63,positive,Q4,-0.027938,-0.001584,-0.026354,-0.024873,0.022237,-0.04711,-0.046564,0.014119,-0.060683,-0.132736,-0.091308,-0.041428
EQNR.OL,2015-10-28,-17.65,negative,Q2,-0.005134,-0.001584,-0.00355,0.03427,0.022237,0.012034,-0.018355,0.014119,-0.032473,-0.165832,-0.091308,-0.074524
SRBNK.OL,2015-10-29,-9.82,negative,Q2,0.014493,0.005904,0.008589,0.012263,0.020152,-0.007888,-0.046823,0.021555,-0.068378,-0.143069,-0.118027,-0.025043
MING.OL,2015-10-30,-28.81,negative,Q1,-0.009761,0.01145,-0.021211,0.014137,0.017607,-0.00347,0.009424,0.019912,-0.010488,-0.115786,-0.121065,0.005279
SCHA.OL,2015-10-30,-89.29,negative,Q1,0.009179,0.01145,-0.002271,0.033428,0.017607,0.015822,0.105619,0.019912,0.085707,-0.097867,-0.121065,0.023198
KOG.OL,2015-10-30,-8.82,negative,Q2,0.022857,0.01145,0.011407,0.026857,0.017607,0.00925,0.026857,0.019912,0.006945,0.069143,-0.121065,0.190207
AKAST.OL,2015-11-02,30.51,positive,Q5,0.11465,0.016178,0.098472,0.264331,-0.000795,0.265126,0.234607,0.009971,0.224636,-0.2431,-0.105645,-0.137455
BAKKA.OL,2015-11-03,-11.34,negative,Q2,0.010255,-0.009694,0.019949,-0.006143,-0.018149,0.012006,0.012336,-0.019639,0.031975,0.192659,-0.106855,0.299514
VEI.OL,2015-11-04,-28.57,negative,Q1,0.0,-0.003621,0.003621,-0.00954,-0.03029,0.02075,0.004676,-0.025761,0.030437,-0.043023,-0.134064,0.091042
AKSO.OL,2015-11-05,-15.73,negative,Q2,0.023179,0.003394,0.019784,0.011589,-0.030311,0.0419,0.00745,-0.021578,0.029028,-0.250828,-0.13992,-0.110908
AUSS.OL,2015-11-11,-19.44,negative,Q2,-0.009642,-0.003642,-0.006001,-0.029238,0.027103,-0.056341,-0.014619,-0.027518,0.012899,0.048523,-0.107507,0.15603
LSG.OL,2015-11-11,0.0,negative,Q3,0.006796,-0.003642,0.010438,0.01699,0.027103,-0.010113,0.044175,-0.027518,0.071693,0.108738,-0.107507,0.216245
SALM.OL,2015-11-12,69.67,positive,Q5,-0.014108,0.0064,-0.020508,0.010664,0.027326,-0.016662,-0.024772,-0.039709,0.014937,0.145412,-0.115626,0.261038
EPR.OL,2015-11-12,-6.25,negative,Q2,-0.004752,0.0064,-0.011151,-0.017279,0.027326,-0.044605,0.017711,-0.039709,0.057419,-0.024622,-0.115626,0.091004
OLT.OL,2015-11-13,-27.41,negative,Q1,-0.010604,0.013607,-0.024211,0.003535,0.019475,-0.015941,-0.021209,-0.018096,-0.003113,-0.081301,-0.086452,0.005151
AFG.OL,2015-11-13,-13.66,negative,Q2,-0.007862,0.013607,-0.021469,-0.003866,0.019475,-0.023342,0.039051,-0.018096,0.057148,-0.011728,-0.086452,0.074723
GJF.OL,2016-02-03,12.16,positive,Q4,0.010365,0.014803,-0.004438,-0.076654,-0.06949,-0.007164,-0.052308,0.065349,-0.117657,0.012776,0.083254,-0.070478
MING.OL,2016-02-03,-3.95,negative,Q3,0.033704,0.014803,0.0189,-0.018889,-0.06949,0.050601,0.094815,0.065349,0.029466,0.066667,0.083254,-0.016587
SRBNK.OL,2016-02-04,20.14,positive,Q4,-0.021677,-0.039863,0.018186,-0.040491,-0.068889,0.028398,0.094888,0.045315,0.049573,0.098978,0.068608,0.030369
DNB.OL,2016-02-04,49.85,positive,Q5,-0.052693,-0.039863,-0.01283,-0.096215,-0.068889,-0.027326,-0.005836,0.045315,-0.051151,0.012339,0.068608,-0.056269
ATEA.OL,2016-02-04,-2.67,negative,Q3,-0.034322,-0.039863,0.005541,-0.041102,-0.068889,0.027787,0.023941,0.045315,-0.021374,0.027331,0.068608,-0.041278
TEL.OL,2016-02-10,-91.4,negative,Q1,0.001598,0.015458,-0.01386,0.061361,0.080967,-0.019606,0.155481,0.139972,0.015509,0.189837,0.190329,-0.000492
KOG.OL,2016-02-11,55.94,positive,Q5,0.0,0.030606,-0.030606,0.015143,0.050247,-0.035104,0.034945,0.130141,-0.095196,0.055911,0.149462,-0.093551
NAS.OL,2016-02-11,204.2,positive,Q5,0.023982,0.030606,-0.006624,0.036163,0.050247,-0.014084,0.185003,0.130141,0.054862,0.331938,0.149462,0.182476
YAR.OL,2016-02-11,-32.02,negative,Q1,0.02851,0.030606,-0.002096,0.04937,0.050247,-0.000877,0.077219,0.130141,-0.052921,-0.039683,0.149462,-0.189145
VEI.OL,2016-02-11,-1.71,negative,Q3,-0.004633,0.030606,-0.035239,0.037806,0.050247,-0.012441,0.028354,0.130141,-0.101786,0.008895,0.149462,-0.140567
AFG.OL,2016-02-11,46.36,positive,Q5,0.028903,0.030606,-0.001703,0.066121,0.050247,0.015875,0.066121,0.130141,-0.064019,0.120109,0.149462,-0.029353
PROT.OL,2016-02-12,90.68,positive,Q5,-0.003612,-0.012705,0.009093,-0.003612,0.047188,-0.0508,0.050574,0.083668,-0.033094,0.133022,0.132784,0.000238
EPR.OL,2016-02-12,-0.91,negative,Q3,-0.012248,-0.012705,0.000457,0.012686,0.047188,-0.034502,-0.045494,0.083668,-0.129162,-0.066054,0.132784,-0.198838
AKSO.OL,2016-02-12,26.32,positive,Q5,-0.056322,-0.012705,-0.043617,-0.043678,0.047188,-0.090866,0.052874,0.083668,-0.030794,0.164368,0.132784,0.031584
ENTRA.OL,2016-02-16,-24.53,negative,Q2,0.013831,0.00634,0.007491,0.034672,-0.015213,0.049885,0.083175,0.064391,0.018784,0.137173,0.113569,0.023604
NHY.OL,2016-02-17,51.28,positive,Q5,0.021495,-0.0134,0.034895,0.060576,-0.002117,0.062693,0.059599,0.067052,-0.007453,0.071812,0.122921,-0.051108
STB.OL,2016-02-17,54.21,positive,Q5,-0.047199,-0.0134,-0.033798,-0.070606,-0.002117,-0.06849,-0.097467,0.067052,-0.16452,-0.010361,0.122921,-0.133281
OLT.OL,2016-02-18,7.39,positive,Q3,0.0,0.027604,-0.027604,-0.011499,0.030392,-0.04189,0.034496,0.07842,-0.043924,0.136259,0.143123,-0.006863
SCHA.OL,2016-02-19,2.5,positive,Q3,-0.017766,-0.005918,-0.011848,-0.010339,0.014023,-0.024362,-0.042158,0.050865,-0.093023,0.091889,0.104919,-0.01303
SALM.OL,2016-02-19,18.44,positive,Q4,-0.005497,-0.005918,0.000421,0.002792,0.014023,-0.011231,0.119808,0.050865,0.068943,0.337086,0.104919,0.232167
XXL.OL,2016-02-19,9.57,positive,Q4,-0.005259,-0.005918,0.000659,0.036845,0.014023,0.022822,0.031585,0.050865,-0.019279,0.068415,0.104919,-0.036503
LSG.OL,2016-02-23,253.49,positive,Q5,0.008171,0.019723,-0.011552,-0.024514,0.049853,-0.074366,0.054475,0.053753,0.000722,0.193774,0.142779,0.050995
AUSS.OL,2016-02-23,148.05,positive,Q5,0.054658,0.019723,0.034935,-0.016694,0.049853,-0.066546,0.138665,0.053753,0.084912,0.311255,0.142779,0.168475
BAKKA.OL,2016-02-24,66.92,positive,Q5,-0.023774,0.01874,-0.042515,-0.041586,0.040437,-0.082023,0.033145,0.06053,-0.027385,0.060753,0.111105,-0.050353
YAR.OL,2016-04-21,2.58,positive,Q3,-0.01584,-0.00591,-0.00993,-0.017959,0.018609,-0.036568,-0.029296,0.041496,-0.070792,-0.123649,0.047884,-0.171533
NAS.OL,2016-04-21,42.71,positive,Q5,0.007053,-0.00591,0.012963,0.046545,0.018609,0.027936,-0.025388,0.041496,-0.066884,-0.182228,0.047884,-0.230112
ATEA.OL,2016-04-26,-23.29,negative,Q2,-0.012898,0.007078,-0.019976,-0.006449,-0.021776,0.015327,-0.022773,0.012541,-0.035314,0.143491,0.019799,0.123691
NHY.OL,2016-04-27,-13.33,negative,Q2,0.014493,-0.008317,0.022809,-0.035326,-0.027063,-0.008263,-0.026268,-0.003162,-0.023106,0.075181,0.005994,0.069187
TEL.OL,2016-04-27,104.58,positive,Q5,-0.007759,-0.008317,0.000557,-0.045059,-0.027063,-0.017996,0.021781,-0.003162,0.024942,0.038661,0.005994,0.032667
STB.OL,2016-04-27,32.86,positive,Q5,-0.015073,-0.008317,-0.006757,-0.01547,-0.027063,0.011593,0.049187,-0.003162,0.052349,-0.076557,0.005994,-0.082551
SRBNK.OL,2016-04-27,18.9,positive,Q4,0.0,-0.008317,0.008317,-0.062853,-0.027063,-0.03579,0.048393,-0.003162,0.051555,-0.002586,0.005994,-0.00858
EQNR.OL,2016-04-27,33.33,positive,Q5,-0.015201,-0.008317,-0.006885,-0.051928,-0.027063,-0.024865,-0.092667,-0.003162,-0.089505,-0.080992,0.005994,-0.086986
XXL.OL,2016-04-27,-19.05,negative,Q2,0.002583,-0.008317,0.010899,None,None,None,0.041236,-0.003162,0.044398,0.057525,0.005994,0.051531
DNB.OL,2016-04-28,46.69,positive,Q5,-0.010623,-0.009112,-0.001512,-0.0417,-0.023633,-0.018067,0.029174,0.005122,0.024051,-0.107182,0.011121,-0.118304
AKSO.OL,2016-04-28,9.8,positive,Q4,-0.049257,-0.009112,-0.040145,-0.016729,-0.023633,0.006904,-0.068773,0.005122,-0.073896,0.134758,0.011121,0.123637
GJF.OL,2016-04-28,40.51,positive,Q5,0.0,-0.009112,0.009112,-0.009431,-0.023633,0.014202,0.042084,0.005122,0.036962,0.028999,0.011121,0.017878
ENTRA.OL,2016-04-28,4.76,positive,Q3,0.006561,-0.009112,0.015672,0.0,-0.023633,0.023633,0.042818,0.005122,0.037695,0.154696,0.011121,0.143575
KOG.OL,2016-04-29,0.0,negative,Q3,0.019653,-0.015021,0.034674,0.043931,-0.013587,0.057518,0.052023,0.011208,0.040815,0.012139,0.012108,3.1e-05
MING.OL,2016-04-29,-6.29,negative,Q2,-0.004107,-0.015021,0.010914,-0.030459,-0.013587,-0.016871,0.026352,0.011208,0.015143,-0.065024,0.012108,-0.077132
PROT.OL,2016-04-29,-69.84,negative,Q1,0.019129,-0.015021,0.03415,0.01585,-0.013587,0.029437,0.019129,0.011208,0.007921,-0.079614,0.012108,-0.091722
BAKKA.OL,2016-05-10,10.42,positive,Q4,0.003536,0.005343,-0.001807,0.019256,0.010272,0.008984,0.023407,0.004529,0.018878,0.005458,0.043896,-0.038438
SALM.OL,2016-05-11,26.85,positive,Q5,0.02482,-0.004276,0.029096,0.038396,0.005193,0.033204,0.111512,-0.016204,0.127715,0.217225,0.040257,0.176968
VEI.OL,2016-05-11,-369.23,negative,Q1,-0.046041,-0.004276,-0.041765,-0.041507,0.005193,-0.046699,-0.059819,-0.016204,-0.043615,0.064527,0.040257,0.02427
SCHA.OL,2016-05-11,61.11,positive,Q5,-0.003907,-0.004276,0.000369,0.016038,0.005193,0.010846,-0.072858,-0.016204,-0.056654,0.018026,0.040257,-0.022231
IDEX.OL,2016-05-11,0.0,negative,Q3,-0.02093,-0.004276,-0.016654,0.046509,0.005193,0.041316,-0.029073,-0.016204,-0.012869,-0.011632,0.040257,-0.051889
AUSS.OL,2016-05-12,21.19,positive,Q4,-0.017477,0.013328,-0.030805,0.042124,0.018282,0.023842,0.083352,-0.007408,0.09076,0.118082,0.044234,0.073848
LSG.OL,2016-05-12,31.17,positive,Q5,-0.012225,0.013328,-0.025553,0.04401,0.018282,0.025727,0.006287,-0.007408,0.013695,0.003144,0.044234,-0.04109
AFG.OL,2016-05-12,12.71,positive,Q4,0.003817,0.013328,-0.009512,0.038784,0.018282,0.020501,0.050357,-0.007408,0.057765,0.240335,0.044234,0.196101
EPR.OL,2016-05-13,-50.0,negative,Q1,0.024476,-0.019404,0.04388,0.099401,0.019752,0.079648,0.048452,-0.044696,0.093148,0.186813,0.026609,0.160204
OLT.OL,2016-05-25,-15.73,negative,Q2,0.017035,-0.006739,0.023774,0.027239,-0.016966,0.044205,-0.027323,-0.038335,0.011012,0.112582,-0.000842,0.113425
PROT.OL,2016-07-08,14.73,positive,Q4,0.0034,-0.003125,0.006525,0.0,-0.000774,0.000774,0.0558,-0.00238,0.05818,0.0804,0.016852,0.063548
DNB.OL,2016-07-12,53.07,positive,Q5,0.009673,0.002117,0.007556,0.025325,0.006482,0.018843,0.037109,-0.005591,0.0427,0.209286,0.027169,0.182117
AKSO.OL,2016-07-13,-17.78,negative,Q2,0.033463,0.001617,0.031846,0.014786,0.014787,-1e-06,-0.017899,-0.008158,-0.009741,0.123735,0.021546,0.102189
NAS.OL,2016-07-14,-52.62,negative,Q1,-0.000339,-0.0048,0.00446,-0.03901,0.001702,-0.040712,0.071574,-0.013497,0.085072,-0.027476,0.014981,-0.042457
ATEA.OL,2016-07-14,-2.94,negative,Q3,0.021055,-0.0048,0.025854,0.005962,0.001702,0.004261,-0.00913,-0.013497,0.004367,0.0,0.014981,-0.014981
STB.OL,2016-07-14,93.62,positive,Q5,-0.023363,-0.0048,-0.018563,-0.021277,0.001702,-0.022978,0.01043,-0.013497,0.023927,0.269504,0.014981,0.254523
ENTRA.OL,2016-07-14,-7.32,negative,Q2,0.008903,-0.0048,0.013703,0.038738,0.001702,0.037036,0.029834,-0.013497,0.043332,0.034833,0.014981,0.019852
GJF.OL,2016-07-15,9.24,positive,Q4,0.009362,0.007614,0.001748,0.006437,-0.005013,0.011449,0.018022,-0.009967,0.02799,0.105793,0.012861,0.092932
TEL.OL,2016-07-19,-55.16,negative,Q1,0.002752,0.010386,-0.007633,-0.004004,-0.006948,0.002944,-0.025773,-0.029024,0.003252,-0.106343,0.009182,-0.115525
SCHA.OL,2016-07-19,-7.14,negative,Q2,-0.008475,0.010386,-0.01886,-0.012938,-0.006948,-0.00599,-0.072066,-0.029024,-0.043042,-0.241752,0.009182,-0.250933
NHY.OL,2016-07-21,8.89,positive,Q4,-0.003913,-0.011471,0.007558,0.032174,-0.025221,0.057395,0.028696,-0.025352,0.054047,0.004783,0.019152,-0.014369
YAR.OL,2016-07-21,-16.09,negative,Q2,-0.021473,-0.011471,-0.010002,-0.020349,-0.025221,0.004872,0.03567,-0.025352,0.061022,-0.019639,0.019152,-0.038791
XXL.OL,2016-07-22,-3.77,negative,Q3,-0.002516,0.003672,-0.006188,0.030148,-0.017127,0.047274,0.005018,-0.006933,0.01195,0.115573,0.03136,0.084213
SRBNK.OL,2016-08-10,-8.09,negative,Q2,-0.005265,-0.00047,-0.004795,-0.015419,-0.017236,0.001816,0.101166,-0.004625,0.10579,0.31478,0.027762,0.287018
MING.OL,2016-08-11,20.77,positive,Q4,-0.002021,-0.003775,0.001754,0.0,-0.01316,0.01316,0.090266,-0.019711,0.109977,0.200067,0.031036,0.169032
IDEX.OL,2016-08-11,20.0,positive,Q4,-0.025232,-0.003775,-0.021457,-0.10321,-0.01316,-0.090049,-0.061926,-0.019711,-0.042214,-0.231651,0.031036,-0.262686
EPR.OL,2016-08-11,52.0,positive,Q5,0.023256,-0.003775,0.027031,0.020672,-0.01316,0.033832,-0.007752,-0.019711,0.011959,-0.005168,0.031036,-0.036204
VEI.OL,2016-08-11,6.19,positive,Q3,0.0,-0.003775,0.003775,-0.004348,-0.01316,0.008813,0.029791,-0.019711,0.049502,0.017069,0.031036,-0.013966
AUSS.OL,2016-08-18,-32.72,negative,Q1,0.040797,-0.000923,0.04172,0.061195,0.008543,0.052652,0.044829,-0.009511,0.05434,0.224383,0.058508,0.165875
LSG.OL,2016-08-18,-17.89,negative,Q2,0.038569,-0.000923,0.039491,0.072763,0.008543,0.06422,0.10497,-0.009511,0.114481,0.26004,0.058508,0.201531
BAKKA.OL,2016-08-23,-27.29,negative,Q1,-0.012062,-0.003583,-0.008479,-0.021227,-0.000855,-0.020371,0.03137,-0.001032,0.032402,0.163742,0.065162,0.098581
OLT.OL,2016-08-24,-29.85,negative,Q1,-0.003033,0.002782,-0.005815,0.005992,-0.003345,0.009337,0.002959,0.000696,0.002264,-0.04794,0.075415,-0.123354
SALM.OL,2016-08-25,26.23,positive,Q5,0.000855,-0.002479,0.003334,0.028408,0.005475,0.022933,0.021372,-0.016573,0.037945,0.14901,0.071265,0.077745
KOG.OL,2016-08-26,47.67,positive,Q5,0.024376,0.008107,0.016269,0.024376,0.016422,0.007954,0.008125,-0.022132,0.030258,-0.007545,0.07736,-0.084905
AFG.OL,2016-08-26,-5.14,negative,Q3,0.012747,0.008107,0.004639,0.009509,0.016422,-0.006913,0.012747,-0.022132,0.034879,-0.038037,0.07736,-0.115397
ATEA.OL,2016-10-19,-6.45,negative,Q2,-0.047082,0.005967,-0.053049,-0.050195,0.009983,-0.060178,-0.012451,0.017646,-0.030097,-0.015759,0.102954,-0.118713
NAS.OL,2016-10-20,11.73,positive,Q4,-0.021,0.001161,-0.022161,-0.053,0.002336,-0.055336,-0.109333,0.022652,-0.131984,-0.083667,0.102655,-0.186321
YAR.OL,2016-10-21,-6.52,negative,Q2,0.012937,0.006887,0.00605,0.018135,-0.005967,0.024102,0.112273,0.027603,0.08467,0.213399,0.105081,0.108318
MING.OL,2016-10-24,8.7,positive,Q4,0.0,-0.019943,0.019943,0.021777,-0.011811,0.033588,0.073461,0.019465,0.053996,0.164053,0.091371,0.072682
NHY.OL,2016-10-25,4.55,positive,Q3,-0.002924,0.016236,-0.01916,0.02924,-0.012066,0.041306,0.121554,0.043534,0.07802,0.340852,0.119024,0.221828
XXL.OL,2016-10-26,-17.76,negative,Q2,-0.023583,-0.00165,-0.021933,-0.037732,-0.022237,-0.015495,-0.037732,0.025974,-0.063706,-0.084904,0.112357,-0.197261
GJF.OL,2016-10-26,-7.14,negative,Q2,-0.002629,-0.00165,-0.000979,-0.015883,-0.022237,0.006354,-0.027604,0.025974,-0.053578,-0.03111,0.112357,-0.143466
STB.OL,2016-10-26,20.59,positive,Q4,-0.013179,-0.00165,-0.011529,-0.050204,-0.022237,-0.027967,0.037653,0.025974,0.011679,0.13712,0.112357,0.024763
TEL.OL,2016-10-26,42.53,positive,Q5,-0.008282,-0.00165,-0.006633,-0.022675,-0.022237,-0.000438,-0.042227,0.025974,-0.068201,-0.003802,0.112357,-0.116158
EQNR.OL,2016-10-27,-260.0,negative,Q1,-0.020966,-0.007133,-0.013833,-0.045489,-0.027288,-0.018201,0.043456,0.022613,0.020843,0.149682,0.115169,0.034513
SRBNK.OL,2016-10-27,29.01,positive,Q5,0.0,-0.007133,0.007133,0.012367,-0.027288,0.039656,0.115724,0.022613,0.093111,0.293286,0.115169,0.178117
DNB.OL,2016-10-27,59.32,positive,Q5,0.000821,-0.007133,0.007954,-0.021769,-0.027288,0.005519,0.026835,0.022613,0.004222,0.171687,0.115169,0.056517
PROT.OL,2016-10-28,-2.92,negative,Q3,0.021225,0.000967,0.020258,-0.035375,-0.009005,-0.02637,-0.010511,0.019944,-0.030456,0.04245,0.12035,-0.0779
KOG.OL,2016-10-28,-170.18,negative,Q1,0.016595,0.000967,0.015628,-0.030117,-0.009005,-0.021112,0.012293,0.019944,-0.007652,0.144438,0.12035,0.024088
AKSO.OL,2016-10-28,-2.5,negative,Q3,-0.034743,0.000967,-0.035711,-0.069486,-0.009005,-0.060481,-0.073263,0.019944,-0.093207,0.236405,0.12035,0.116055
ENTRA.OL,2016-11-01,-16.67,negative,Q2,0.011504,0.005773,0.005731,-0.014307,0.018189,-0.032496,-0.002802,0.069261,-0.072063,0.020059,0.116678,-0.096619
VEI.OL,2016-11-03,2.31,positive,Q3,0.008323,0.011529,-0.003206,0.00424,0.02316,-0.01892,0.037374,0.070178,-0.032803,0.020886,0.118444,-0.097558
EPR.OL,2016-11-03,-12.77,negative,Q2,-0.002513,0.011529,-0.014042,-0.030151,0.02316,-0.053311,-0.078308,0.070178,-0.148486,-0.090871,0.118444,-0.209315
SCHA.OL,2016-11-04,19.23,positive,Q4,-0.00663,0.004938,-0.011568,-0.074276,0.00834,-0.082617,-0.091121,0.054807,-0.145928,0.136726,0.11718,0.019546
BAKKA.OL,2016-11-08,-9.24,negative,Q2,-0.020077,0.012949,-0.033027,0.002301,0.013135,-0.010834,0.009307,0.070132,-0.060825,-0.063125,0.107656,-0.170781
AUSS.OL,2016-11-10,-52.87,negative,Q1,0.02413,-0.003122,0.027253,0.086467,0.014078,0.072389,0.100342,0.081929,0.018412,0.086467,0.092815,-0.006348
IDEX.OL,2016-11-10,-10.0,negative,Q2,0.029459,-0.003122,0.032581,0.045655,0.014078,0.031577,-0.027978,0.081929,-0.109908,0.016202,0.092815,-0.076613
LSG.OL,2016-11-10,-32.14,negative,Q1,0.006733,-0.003122,0.009855,0.042321,0.014078,0.028243,0.082719,0.081929,0.000789,0.091696,0.092815,-0.001119
AFG.OL,2016-11-15,-7.65,negative,Q2,0.0,0.005132,-0.005132,0.010271,0.020698,-0.010427,0.044261,0.056962,-0.012701,0.088522,0.091974,-0.003452
SALM.OL,2016-11-16,-6.71,negative,Q2,0.010015,-0.000392,0.010407,0.021535,0.018732,0.002804,0.006542,0.060812,-0.05427,-0.142005,0.076703,-0.218709
OLT.OL,2016-11-17,-52.29,negative,Q1,-0.006334,0.010916,-0.01725,0.006255,0.018249,-0.011994,-0.006334,0.058414,-0.064748,0.063257,0.075782,-0.012524
DNB.OL,2017-02-02,61.45,positive,Q5,-0.01198,0.001735,-0.013715,-0.008524,-0.007478,-0.001046,-0.024767,-0.016421,-0.008345,0.074415,0.014597,0.059819
TEL.OL,2017-02-02,-48.18,negative,Q1,-0.003012,0.001735,-0.004747,0.004518,-0.007478,0.011996,0.034912,-0.016421,0.051334,0.056271,0.014597,0.041674
MING.OL,2017-02-07,31.55,positive,Q5,0.010453,-0.001478,0.011931,0.003484,-0.001958,0.005442,0.003484,-0.0125,0.015985,0.026481,0.02753,-0.001049
SRBNK.OL,2017-02-08,11.26,positive,Q4,0.02305,0.003117,0.019933,0.072473,-0.001727,0.074201,0.02305,0.001922,0.021128,0.117686,0.036219,0.081467
STB.OL,2017-02-08,71.0,positive,Q5,0.024352,0.003117,0.021236,0.042487,-0.001727,0.044214,0.118912,0.001922,0.11699,0.126166,0.036219,0.089946
ATEA.OL,2017-02-08,22.52,positive,Q4,0.01117,0.003117,0.008054,0.008421,-0.001727,0.010148,0.066678,0.001922,0.064756,0.185771,0.036219,0.149551
KOG.OL,2017-02-08,60.16,positive,Q5,-0.004296,0.003117,-0.007413,0.047798,-0.001727,0.049525,0.022019,0.001922,0.020097,-0.010204,0.036219,-0.046423
SCHA.OL,2017-02-08,-42.11,negative,Q1,0.000851,0.003117,-0.002266,-0.037192,-0.001727,-0.035464,-0.016392,0.001922,-0.018314,0.001933,0.036219,-0.034286
VEI.OL,2017-02-09,-36.24,negative,Q1,0.00822,0.008247,-2.7e-05,-0.020471,-0.012985,-0.007487,-0.057382,0.000324,-0.057706,-0.01799,0.038204,-0.056194
YAR.OL,2017-02-09,-72.22,negative,Q1,0.018199,0.008247,0.009953,0.006186,-0.012985,0.019171,0.012678,0.000324,0.012355,0.029037,0.038204,-0.009167
AKSO.OL,2017-02-09,-206.67,negative,Q1,0.00183,0.008247,-0.006416,-0.007932,-0.012985,0.005053,0.013423,0.000324,0.013099,-0.007932,0.038204,-0.046136
NHY.OL,2017-02-09,-12.96,negative,Q2,0.036141,0.008247,0.027894,0.007228,-0.012985,0.020213,0.059082,0.000324,0.058759,0.043055,0.038204,0.004851
PROT.OL,2017-02-09,14.29,positive,Q4,0.010946,0.008247,0.002699,0.003717,-0.012985,0.016702,-0.032425,0.000324,-0.032748,0.095209,0.038204,0.057004
GJF.OL,2017-02-09,-2.68,negative,Q3,0.005261,0.008247,-0.002986,-0.023615,-0.012985,-0.01063,-0.026537,0.000324,-0.026861,0.058452,0.038204,0.020248
BRG.OL,2017-02-10,16.04,positive,Q4,-0.010521,-0.002838,-0.007683,-0.015781,-0.016076,0.000295,0.042215,-0.017951,0.060165,0.07404,0.009527,0.064513
ENTRA.OL,2017-02-14,0.84,positive,Q3,-0.002651,-0.001247,-0.001403,0.005441,0.001013,0.004427,0.029855,0.005886,0.023969,0.114676,0.035652,0.079024
AFG.OL,2017-02-14,13.97,positive,Q4,0.0,-0.001247,0.001247,-0.006305,0.001013,-0.007318,0.012708,0.005886,0.006822,-0.019013,0.035652,-0.054665
NONG.OL,2017-02-15,-3.88,negative,Q3,-0.012816,-0.008196,-0.004621,-0.008651,0.001626,-0.010277,0.016982,0.008313,0.008669,0.058315,0.034292,0.024023
SALM.OL,2017-02-15,-7.71,negative,Q2,-0.012137,-0.008196,-0.003942,-0.023868,0.001626,-0.025494,-0.060822,0.008313,-0.069135,0.03336,0.034292,-0.000931
XXL.OL,2017-02-15,4.69,positive,Q3,-0.005208,-0.008196,0.002988,-0.028647,0.001626,-0.030273,0.007808,0.008313,-0.000505,-0.054686,0.034292,-0.088977
OLT.OL,2017-02-16,-17.52,negative,Q2,0.0,0.005089,-0.005089,0.01787,0.001233,0.016637,0.011914,0.016081,-0.004167,0.017944,0.047573,-0.02963
GSF.OL,2017-02-16,1.79,positive,Q3,0.0275,0.005089,0.022411,0.057278,0.001233,0.056045,0.053775,0.016081,0.037694,-0.083027,0.047573,-0.1306
NAS.OL,2017-02-16,-172.34,negative,Q1,0.010162,0.005089,0.005073,0.032926,0.001233,0.031693,0.09065,0.016081,0.074569,-0.108131,0.047573,-0.155704
EPR.OL,2017-02-17,11.61,positive,Q4,0.0,0.013167,-0.013167,0.011236,-0.003145,0.014381,0.048989,0.009957,0.039032,0.062921,0.03115,0.031771
LSG.OL,2017-02-21,164.17,positive,Q5,-0.011013,-0.000636,-0.010377,-0.015907,0.004011,-0.019918,-0.083512,-0.008489,-0.075023,0.025696,0.023986,0.00171
AUSS.OL,2017-02-21,68.7,positive,Q5,-0.003304,-0.000636,-0.002668,0.003304,0.004011,-0.000707,-0.107094,-0.008489,-0.098606,-0.034014,0.023986,-0.058
IDEX.OL,2017-02-23,20.0,positive,Q4,-0.004631,0.000694,-0.005325,0.067901,0.005083,0.062818,0.129632,-0.019546,0.149178,0.257719,0.027288,0.230431
B2H.OL,2017-02-27,-42.42,negative,Q1,0.0,0.009093,-0.009093,-0.019737,0.000991,-0.020728,-0.069079,-0.014232,-0.054846,0.109491,0.018524,0.090967
BAKKA.OL,2017-02-27,0.18,positive,Q3,0.0,0.009093,-0.009093,-0.029479,0.000991,-0.030471,-0.106978,-0.014232,-0.092746,0.081107,0.018524,0.062583
XXL.OL,2017-04-26,-145.45,negative,Q1,-0.010694,-0.000209,-0.010485,-0.00534,0.017039,-0.022379,-0.024058,0.021247,-0.045305,-0.181084,0.053862,-0.234946
YAR.OL,2017-04-26,14.93,positive,Q4,-0.009305,-0.000209,-0.009096,-0.003085,0.017039,-0.020124,0.006272,0.021247,-0.014975,0.003701,0.053862,-0.050161
NAS.OL,2017-04-27,-38.39,negative,Q1,-0.037751,0.009881,-0.047632,-0.022569,0.023146,-0.045715,-0.057447,0.024885,-0.082332,-0.21789,0.060317,-0.278207
ATEA.OL,2017-04-27,-22.89,negative,Q2,0.0,0.009881,-0.009881,0.0,0.023146,-0.023146,-0.00476,0.024885,-0.029644,-0.076879,0.060317,-0.137195
ENTRA.OL,2017-04-27,-12.68,negative,Q2,0.012705,0.009881,0.002825,0.020277,0.023146,-0.002869,0.040554,0.024885,0.01567,0.086242,0.060317,0.025926
PROT.OL,2017-04-27,-21.36,negative,Q2,0.017581,0.009881,0.0077,0.034969,0.023146,0.011823,0.021059,0.024885,-0.003826,0.097952,0.060317,0.037636
SRBNK.OL,2017-04-27,-9.2,negative,Q2,0.033133,0.009881,0.023252,0.029406,0.023146,0.006259,0.055291,0.024885,0.030406,0.15117,0.060317,0.090853
STB.OL,2017-04-27,8.7,positive,Q4,0.017714,0.009881,0.007833,0.027397,0.023146,0.004251,-0.020312,0.024885,-0.045196,0.166273,0.060317,0.105956
NHY.OL,2017-04-28,-16.67,negative,Q2,-0.000941,-0.002122,0.001181,-0.012233,0.021898,-0.034131,-0.038269,0.013524,-0.051793,0.05207,0.048389,0.003681
DNB.OL,2017-04-28,16.17,positive,Q4,0.002799,-0.002122,0.004921,0.044223,0.021898,0.022326,0.017129,0.013524,0.003605,0.082848,0.048389,0.034459
MING.OL,2017-05-03,-2.26,negative,Q3,-0.013693,0.01456,-0.028253,-0.020539,0.02985,-0.050389,-0.047924,0.022134,-0.070058,0.071776,0.059596,0.012179
BRG.OL,2017-05-03,2.07,positive,Q3,0.005361,0.01456,-0.009199,0.029232,0.02985,-0.000619,0.039826,0.022134,0.017693,0.050549,0.059596,-0.009048
GJF.OL,2017-05-04,18.72,positive,Q4,0.010996,0.005794,0.005202,-0.00143,0.018077,-0.019507,-0.013855,-0.002415,-0.01144,0.010996,0.04985,-0.038854
TEL.OL,2017-05-04,-15.16,negative,Q2,-0.00649,0.005794,-0.012285,0.009605,0.018077,-0.008472,0.011163,-0.002415,0.013578,0.192108,0.04985,0.142258
EQNR.OL,2017-05-04,88.89,positive,Q5,0.017756,0.005794,0.011961,0.038826,0.018077,0.020749,0.01598,-0.002415,0.018396,0.039536,0.04985,-0.010314
NONG.OL,2017-05-05,2.11,positive,Q3,0.0,0.008648,-0.008648,0.008299,0.019263,-0.010964,-0.050385,-0.006425,-0.04396,0.0,0.04416,-0.04416
AKSO.OL,2017-05-09,8.7,positive,Q4,-0.000631,-0.000519,-0.000112,-0.014511,-0.005377,-0.009134,-0.121136,-0.010386,-0.110749,-0.156467,0.025036,-0.181503
SALM.OL,2017-05-10,20.44,positive,Q4,0.016625,0.002962,0.013663,0.057805,0.007341,0.050463,0.042362,-0.012683,0.055045,0.043336,0.014227,0.029109
AUSS.OL,2017-05-11,-57.96,negative,Q1,0.003383,0.006966,-0.003583,0.010149,0.005931,0.004218,0.003383,-0.031701,0.035084,0.067065,0.020785,0.04628
VEI.OL,2017-05-11,-260.0,negative,Q1,0.040944,0.006966,0.033978,0.036322,0.005931,0.03039,0.013538,-0.031701,0.045239,-0.068186,0.020785,-0.08897
LSG.OL,2017-05-11,-62.41,negative,Q1,0.002447,0.006966,-0.004519,0.030896,0.005931,0.024965,0.026614,-0.031701,0.058315,0.123279,0.020785,0.102494
IDEX.OL,2017-05-12,-10.0,negative,Q2,-0.010417,0.005038,-0.015455,-0.022133,-0.003584,-0.018549,0.03906,-0.035718,0.074778,-0.010417,0.007495,-0.017912
AFG.OL,2017-05-12,-32.06,negative,Q1,0.003152,0.005038,-0.001886,-0.025318,-0.003584,-0.021733,-0.069648,-0.035718,-0.03393,-0.069648,0.007495,-0.077143
KOG.OL,2017-05-12,-28.19,negative,Q1,0.0,0.005038,-0.005038,0.0,-0.003584,0.003584,-0.038524,-0.035718,-0.002806,-0.003798,0.007495,-0.011293
GSF.OL,2017-05-12,23.16,positive,Q4,0.044338,0.005038,0.0393,-0.026972,-0.003584,-0.023388,-0.072788,-0.035718,-0.03707,0.040643,0.007495,0.033148
SCHA.OL,2017-05-12,-77.59,negative,Q1,-0.042213,0.005038,-0.047251,-0.071076,-0.003584,-0.067491,-0.135515,-0.035718,-0.099797,-0.135515,0.007495,-0.143009
BAKKA.OL,2017-05-23,-6.62,negative,Q2,-0.004913,-0.010668,0.005755,0.053169,-0.018155,0.071324,0.069569,-0.04535,0.114919,0.105015,0.006486,0.098529
OLT.OL,2017-05-23,-36.59,negative,Q1,-0.002962,-0.010668,0.007706,0.002962,-0.018155,0.021117,-0.01481,-0.04535,0.03054,-0.020662,0.006486,-0.027148
NANOV.OL,2017-05-24,18.57,positive,Q4,-0.045894,-0.000696,-0.045198,0.05314,-0.008872,0.062012,-0.245411,-0.033842,-0.211569,-0.231884,0.019136,-0.25102
B2H.OL,2017-05-24,16.67,positive,Q4,0.006452,-0.000696,0.007148,0.070968,-0.008872,0.07984,0.032258,-0.033842,0.0661,0.148387,0.019136,0.129251
PROT.OL,2017-07-07,44.07,positive,Q5,-0.009815,0.000429,-0.010244,-0.003272,0.036394,-0.039665,0.03944,0.063588,-0.024148,0.03944,0.128477,-0.089037
AKSO.OL,2017-07-12,156.25,positive,Q5,0.01476,-0.000419,0.015179,0.061255,0.019346,0.041908,-0.04059,0.01653,-0.05712,0.0369,0.099293,-0.062393
ENTRA.OL,2017-07-12,-0.71,negative,Q3,0.0,-0.000419,0.000419,0.0,0.019346,-0.019346,-0.004793,0.01653,-0.021323,0.051881,0.099293,-0.047412
DNB.OL,2017-07-12,24.03,positive,Q4,-0.015189,-0.000419,-0.01477,0.023765,0.019346,0.004419,-0.013226,0.01653,-0.029756,0.045464,0.099293,-0.053829
STB.OL,2017-07-13,56.2,positive,Q5,0.008529,0.010876,-0.002347,0.010818,0.005229,0.005589,0.004577,0.026563,-0.021986,0.061369,0.10016,-0.038791
NAS.OL,2017-07-13,261.32,positive,Q5,0.023728,0.010876,0.012852,0.032767,0.005229,0.027538,0.045197,0.026563,0.018634,0.276836,0.10016,0.176676
GJF.OL,2017-07-14,-9.5,negative,Q2,-0.004389,-0.004281,-0.000108,-0.002194,-0.004834,0.002639,-0.01163,0.009278,-0.020908,0.056287,0.090093,-0.033806
ATEA.OL,2017-07-14,-23.53,negative,Q2,-0.004928,-0.004281,-0.000646,-0.043478,-0.004834,-0.038645,-0.074928,0.009278,-0.084206,0.067536,0.090093,-0.022557
EPR.OL,2017-07-14,2.67,positive,Q3,-0.008123,-0.004281,-0.003842,-0.016246,-0.004834,-0.011413,-0.029927,0.009278,-0.039205,0.043608,0.090093,-0.046485
TEL.OL,2017-07-17,57.26,positive,Q5,-0.001231,0.00372,-0.00495,-0.002574,0.002799,-0.005373,0.010966,0.021901,-0.010936,0.05908,0.097718,-0.038638
YAR.OL,2017-07-18,-41.67,negative,Q1,-0.012378,0.009384,-0.021762,-0.027242,0.009208,-0.03645,-0.011782,0.005741,-0.017523,0.148091,0.093147,0.054944
SCHA.OL,2017-07-18,-48.11,negative,Q1,-0.027492,0.009384,-0.036876,-0.059128,0.009208,-0.068336,-0.116503,0.005741,-0.122244,-0.063272,0.093147,-0.156419
BRG.OL,2017-07-18,11.73,positive,Q4,0.036121,0.009384,0.026737,0.015463,0.009208,0.006255,0.002598,0.005741,-0.003143,-0.056655,0.093147,-0.149803
XXL.OL,2017-07-21,-13.51,negative,Q2,-0.010014,0.003356,-0.013369,0.019999,0.017473,0.002526,-0.030012,0.016211,-0.046224,0.106664,0.092133,0.014531
NHY.OL,2017-07-25,5.05,positive,Q3,0.000851,0.001917,-0.001066,-0.04905,0.00834,-0.05739,0.039127,0.002353,0.036774,0.159059,0.084705,0.074354
EQNR.OL,2017-07-27,17.65,positive,Q4,-0.001973,-0.001782,-0.00019,0.013576,0.006102,0.007474,-0.002553,-0.005174,0.002621,0.135182,0.088916,0.046266
MING.OL,2017-08-08,-4.48,negative,Q3,0.022323,-0.007168,0.029491,0.041753,-0.006911,0.048664,0.012815,0.006506,0.006309,0.112236,0.105733,0.006503
SRBNK.OL,2017-08-09,10.44,positive,Q4,0.0,-0.011058,0.011058,0.0,-0.011897,0.011897,0.031217,0.010996,0.020221,0.131182,0.11848,0.012702
NONG.OL,2017-08-09,9.33,positive,Q4,-0.004115,-0.011058,0.006943,0.008524,-0.011897,0.020422,0.0,0.010996,-0.010996,0.074956,0.11848,-0.043525
IDEX.OL,2017-08-10,-20.0,negative,Q2,-0.001334,0.009447,-0.010781,0.011981,-0.001173,0.013154,-0.081228,0.030114,-0.111341,-0.214381,0.135792,-0.350172
VEI.OL,2017-08-17,-19.58,negative,Q2,-0.022632,-0.000325,-0.022307,-0.035225,0.00666,-0.041885,0.010038,0.048328,-0.03829,-0.160796,0.101367,-0.262163
BAKKA.OL,2017-08-22,4.27,positive,Q3,0.03324,0.001767,0.031473,0.053724,0.000423,0.053301,0.076294,0.055272,0.021023,-0.035634,0.102494,-0.138128
NANOV.OL,2017-08-23,10.0,positive,Q4,-0.006918,0.000522,-0.00744,0.030189,0.011338,0.018851,0.032704,0.055857,-0.023153,-0.069182,0.111838,-0.181021
AUSS.OL,2017-08-24,60.73,positive,Q5,0.006355,-0.002383,0.008738,0.01571,0.018853,-0.003143,0.037776,0.062245,-0.024469,-0.072374,0.110092,-0.182466
KOG.OL,2017-08-24,-68.92,negative,Q1,0.020157,-0.002383,0.02254,0.011758,0.018853,-0.007095,0.055991,0.062245,-0.006254,0.174692,0.110092,0.0646
LSG.OL,2017-08-24,-39.34,negative,Q1,-0.002926,-0.002383,-0.000543,0.014894,0.018853,-0.00396,0.002128,0.062245,-0.060117,-0.067819,0.110092,-0.177911
OLT.OL,2017-08-24,-35.0,negative,Q1,0.0,-0.002383,0.002383,0.002953,0.018853,-0.0159,-0.044227,0.062245,-0.106472,-0.050133,0.110092,-0.160225
GSF.OL,2017-08-24,17.48,positive,Q4,0.02891,-0.002383,0.031293,0.071691,0.018853,0.052838,0.088904,0.062245,0.026659,0.108122,0.110092,-0.00197
AFG.OL,2017-08-25,-10.15,negative,Q2,-0.006813,-0.007925,0.001112,-0.003354,0.019869,-0.023223,-0.050519,0.060316,-0.110835,-0.117598,0.109123,-0.226721
B2H.OL,2017-08-25,-3.33,negative,Q3,0.0,-0.007925,0.007925,-0.016949,0.019869,-0.036818,0.062147,0.060316,0.001831,0.033898,0.109123,-0.075225
SALM.OL,2017-08-25,18.61,positive,Q4,-0.01569,-0.007925,-0.007765,0.009478,0.019869,-0.010391,-0.004483,0.060316,-0.064799,0.155235,0.109123,0.046112
ATEA.OL,2017-10-19,12.75,positive,Q4,-0.028027,-0.003203,-0.024824,-0.028027,0.010478,-0.038505,0.028027,0.013738,0.014289,0.089796,0.07577,0.014026
YAR.OL,2017-10-19,0.0,negative,Q3,-0.012069,-0.003203,-0.008867,0.037754,0.010478,0.027277,0.012026,0.013738,-0.001711,0.030238,0.07577,-0.045532
ENTRA.OL,2017-10-19,-6.77,negative,Q2,-0.00879,-0.003203,-0.005587,-0.030986,0.010478,-0.041463,0.01769,0.013738,0.003953,0.054939,0.07577,-0.020831
AKSO.OL,2017-10-20,141.18,positive,Q5,0.000674,0.000138,0.000536,0.054582,0.026072,0.02851,0.004717,0.027426,-0.022709,0.152965,0.079157,0.073808
BRG.OL,2017-10-24,-5.16,negative,Q3,-0.025365,-0.004399,-0.020966,-0.00319,0.023051,-0.026241,-0.056956,0.013287,-0.070244,-0.113913,0.059548,-0.173461
NHY.OL,2017-10-25,-2.38,negative,Q3,0.014138,0.008528,0.005609,0.022149,0.020093,0.002056,-0.01673,0.013494,-0.030224,-0.085061,0.05666,-0.141722
TEL.OL,2017-10-25,57.09,positive,Q5,0.014687,0.008528,0.006158,0.021225,0.020093,0.001132,0.078362,0.013494,0.064868,0.072729,0.05666,0.016069
XXL.OL,2017-10-25,-3.6,negative,Q3,-0.022154,0.008528,-0.030683,-0.074793,0.020093,-0.094886,-0.066487,0.013494,-0.079981,0.004988,0.05666,-0.051672
SRBNK.OL,2017-10-25,16.02,positive,Q4,-0.002806,0.008528,-0.011334,0.0,0.020093,-0.020093,-0.061107,0.013494,-0.074601,0.028839,0.05666,-0.027822
STB.OL,2017-10-25,53.45,positive,Q5,0.0,0.008528,-0.008528,-0.00723,0.020093,-0.027323,-0.049087,0.013494,-0.062581,-0.015601,0.05666,-0.072262
DNB.OL,2017-10-26,18.71,positive,Q4,0.008276,0.01218,-0.003904,0.010171,0.018067,-0.007896,-0.043275,-0.003951,-0.039324,-0.000997,0.04039,-0.041387
GJF.OL,2017-10-26,10.97,positive,Q4,0.011873,0.01218,-0.000307,-0.009202,0.018067,-0.027268,-0.013159,-0.003951,-0.009209,-0.040863,0.04039,-0.081253
KOG.OL,2017-10-26,-55.81,negative,Q1,0.041646,0.01218,0.029466,0.062714,0.018067,0.044648,0.017148,-0.003951,0.021099,0.10583,0.04039,0.065441
MING.OL,2017-10-26,24.23,positive,Q4,0.002887,0.01218,-0.009293,0.035804,0.018067,0.017737,-0.026949,-0.003951,-0.022998,0.045813,0.04039,0.005423
EQNR.OL,2017-10-26,13.64,positive,Q4,0.026297,0.01218,0.014116,0.022052,0.018067,0.003985,0.017186,-0.003951,0.021137,0.133968,0.04039,0.093578
PROT.OL,2017-10-26,43.14,positive,Q5,0.0,0.01218,-0.01218,0.048344,0.018067,0.030277,-0.025585,-0.003951,-0.021634,0.073772,0.04039,0.033382
NAS.OL,2017-10-26,-24.78,negative,Q2,0.020679,0.01218,0.008499,0.00968,0.018067,-0.008387,-0.180817,-0.003951,-0.176866,0.027717,0.04039,-0.012673
SPOL.OL,2017-10-27,22.8,positive,Q4,0.008467,-0.004529,0.012997,0.017107,0.009227,0.007881,0.011405,-0.012817,0.024222,0.070503,0.014561,0.055942
NONG.OL,2017-10-27,3.9,positive,Q3,-0.004085,-0.004529,0.000445,-0.004085,0.009227,-0.013312,-0.046569,-0.012817,-0.033752,-0.010076,0.014561,-0.024638
EPR.OL,2017-11-01,-13.33,negative,Q2,0.005584,0.006525,-0.000941,-0.032573,0.006446,-0.03902,-0.017683,-0.006491,-0.011191,-0.164262,0.014471,-0.178733
IDEX.OL,2017-11-02,-20.0,negative,Q2,0.030926,0.003391,0.027535,0.171134,-0.003069,0.174203,0.004122,-0.009507,0.013629,-0.005154,-0.000311,-0.004843
SCHA.OL,2017-11-03,38.1,positive,Q5,-0.022615,0.004277,-0.026892,-0.026961,-0.008588,-0.018373,-0.130526,-0.021964,-0.108563,-0.092632,-0.025875,-0.066756
GSF.OL,2017-11-08,-8.59,negative,Q2,0.030598,-0.002991,0.033589,0.057642,-0.012354,0.069996,-0.055169,-0.025976,-0.029193,-0.066141,-0.021284,-0.044858
VEI.OL,2017-11-09,-18.5,negative,Q2,-0.025162,-0.002164,-0.022999,-0.058644,-0.01644,-0.042204,-0.050325,-0.016407,-0.033918,0.022321,-0.00522,0.027541
AUSS.OL,2017-11-09,-57.29,negative,Q1,0.019955,-0.002164,0.022119,-0.013241,-0.01644,0.003199,-0.06975,-0.016407,-0.053343,-0.114883,-0.00522,-0.109663
OLT.OL,2017-11-09,-60.54,negative,Q1,0.00308,-0.002164,0.005244,-0.009241,-0.01644,0.007199,-0.024643,-0.016407,-0.008237,-0.079414,-0.00522,-0.074194
LSG.OL,2017-11-09,0.0,negative,Q3,0.00335,-0.002164,0.005514,-0.030709,-0.01644,-0.014269,-0.080123,-0.016407,-0.063716,-0.124791,-0.00522,-0.119571
AFG.OL,2017-11-10,-26.53,negative,Q1,-0.015741,-0.005321,-0.01042,-0.011805,-0.0094,-0.002405,0.043286,-0.001766,0.045052,0.0,-0.002638,0.002638
BAKKA.OL,2017-11-14,-9.62,negative,Q2,-0.001528,0.007578,-0.009106,-0.017188,0.014634,-0.031822,-0.043404,0.003823,-0.047227,0.091357,0.015292,0.076065
SALM.OL,2017-11-15,-5.42,negative,Q3,-0.03399,-0.007116,-0.026874,-0.004635,0.003727,-0.008362,-0.059096,-0.009277,-0.049819,-0.003476,0.017654,-0.021131
B2H.OL,2017-11-24,-6.25,negative,Q2,0.010582,0.003171,0.007411,0.074074,0.012388,0.061686,0.089947,0.035038,0.054909,0.084656,0.043391,0.041265
GJF.OL,2018-01-26,-6.94,negative,Q2,-0.006911,-0.012948,0.006036,-0.010316,-0.021761,0.011445,0.0,-0.001077,0.001077,-0.068909,0.071866,-0.140775
SCATC.OL,2018-01-26,-288.89,negative,Q1,-0.019417,-0.012948,-0.006469,-0.071197,-0.021761,-0.049436,-0.063646,-0.001077,-0.062569,0.095809,0.071866,0.023943
TEL.OL,2018-01-31,-5.88,negative,Q2,-0.015825,-0.011278,-0.004546,-0.040462,-0.0274,-0.013062,-0.031934,-0.029691,-0.002244,-0.003032,0.081109,-0.084141
EPR.OL,2018-01-31,-5.65,negative,Q3,-0.055234,-0.011278,-0.043956,-0.098895,-0.0274,-0.071495,-0.125723,-0.029691,-0.096033,-0.032088,0.081109,-0.113198
PROT.OL,2018-02-01,23.81,positive,Q4,-0.020128,-0.008142,-0.011987,-0.10035,-0.029025,-0.071325,-0.074971,-0.009168,-0.065803,-0.245041,0.093817,-0.338857
AKRBP.OL,2018-02-01,-50.0,negative,Q1,-0.013728,-0.008142,-0.005586,-0.087522,-0.029025,-0.058497,-0.104925,-0.009168,-0.095757,0.295177,0.093817,0.201361
DNB.OL,2018-02-01,41.53,positive,Q5,-0.011985,-0.008142,-0.003843,-0.030705,-0.029025,-0.00168,-0.032191,-0.009168,-0.023023,0.022385,0.093817,-0.071431
BRG.OL,2018-02-01,34.33,positive,Q5,0.013642,-0.008142,0.021784,0.008218,-0.029025,0.037244,0.008218,-0.009168,0.017386,0.169461,0.093817,0.075644
AKSO.OL,2018-02-07,57.58,positive,Q5,-0.011378,-0.012931,0.001553,-0.027181,0.003701,-0.030882,-0.013274,0.027006,-0.04028,0.237042,0.128669,0.108373
ATEA.OL,2018-02-07,-9.63,negative,Q2,-0.023931,-0.012931,-0.011,0.053097,0.003701,0.049396,0.130126,0.027006,0.10312,0.092235,0.128669,-0.036434
KOG.OL,2018-02-07,33.13,positive,Q5,0.0,-0.012931,0.012931,0.054883,0.003701,0.051182,0.060069,0.027006,0.033064,0.132239,0.128669,0.00357
EQNR.OL,2018-02-07,8.11,positive,Q4,-0.020708,-0.012931,-0.007777,-0.011295,0.003701,-0.014996,0.011389,0.027006,-0.015616,0.252447,0.128669,0.123779
MING.OL,2018-02-07,28.29,positive,Q5,0.002181,-0.012931,0.015112,-0.001272,0.003701,-0.004973,0.026899,0.027006,-0.000106,-0.041985,0.128669,-0.170653
STB.OL,2018-02-07,25.4,positive,Q5,-0.031214,-0.012931,-0.018283,-0.018575,0.003701,-0.022276,-0.018001,0.027006,-0.045006,0.01915,0.128669,-0.109519
SRBNK.OL,2018-02-07,6.86,positive,Q3,-0.008072,-0.012931,0.004858,0.03568,0.003701,0.031979,0.059735,0.027006,0.03273,-0.035357,0.128669,-0.164026
VEI.OL,2018-02-08,25.0,positive,Q5,0.024608,0.013373,0.011236,0.023592,0.026939,-0.003347,-0.013423,0.039062,-0.052485,0.066911,0.145897,-0.078986
SCHA.OL,2018-02-08,12.82,positive,Q4,-0.00978,0.013373,-0.023153,0.003571,0.026939,-0.023368,-0.039277,0.039062,-0.078339,0.045564,0.145897,-0.100333
NONG.OL,2018-02-08,35.42,positive,Q5,0.002984,0.013373,-0.010389,0.038253,0.026939,0.011314,0.041508,0.039062,0.002446,-0.038795,0.145897,-0.184693
YAR.OL,2018-02-08,-14.55,negative,Q2,-0.015458,0.013373,-0.028831,0.000598,0.026939,-0.026341,-0.020059,0.039062,-0.059121,0.017344,0.145897,-0.128553
SPOL.OL,2018-02-09,17.78,positive,Q4,0.010723,0.000426,0.010297,-0.010561,0.012782,-0.023342,0.027782,0.026639,0.001143,-0.046304,0.14257,-0.188874
ENTRA.OL,2018-02-09,3.03,positive,Q3,0.01264,0.000426,0.012214,0.027069,0.012782,0.014288,-0.012528,0.026639,-0.039167,0.048881,0.14257,-0.093689
SB1NO.OL,2018-02-09,31.76,positive,Q5,0.0,0.000426,-0.000426,0.037665,0.012782,0.024883,0.067283,0.026639,0.040644,-0.030988,0.14257,-0.173558
XXL.OL,2018-02-14,0.0,negative,Q3,0.032042,0.009922,0.02212,-0.016582,0.015699,-0.03228,-0.050827,0.011162,-0.061989,-0.185628,0.111378,-0.297006
SALM.OL,2018-02-15,23.14,positive,Q4,-0.004651,-0.000597,-0.004054,0.11639,0.018521,0.097869,0.149779,-0.009924,0.159703,0.3732,0.085955,0.287246
GSF.OL,2018-02-15,-62.05,negative,Q1,0.013169,-0.000597,0.013767,0.039854,0.018521,0.021334,0.005198,-0.009924,0.015123,0.32542,0.085955,0.239466
NAS.OL,2018-02-15,-32.34,negative,Q1,-0.006858,-0.000597,-0.00626,0.018,0.018521,-0.000521,-0.017142,-0.009924,-0.007218,0.52021,0.085955,0.434256
OLT.OL,2018-02-15,54.8,positive,Q5,-0.015242,-0.000597,-0.014645,-0.006377,0.018521,-0.024898,-0.067501,-0.009924,-0.057577,-0.034295,0.085955,-0.12025
AFG.OL,2018-02-16,4.46,positive,Q3,0.019832,0.003288,0.016544,0.04363,0.017624,0.026006,0.007933,-0.002989,0.010922,0.133894,0.091209,0.042685
NHY.OL,2018-02-16,9.92,positive,Q4,0.004753,0.003288,0.001465,0.000792,0.017624,-0.016832,-0.160549,-0.002989,-0.15756,-0.072617,0.091209,-0.163826
BAKKA.OL,2018-02-20,67.87,positive,Q5,0.039494,-0.00055,0.040044,0.052649,0.010115,0.042534,0.070532,-0.016899,0.087431,0.169587,0.089355,0.080232
IDEX.OL,2018-02-22,-20.0,negative,Q2,0.032597,-0.001477,0.034074,0.108306,-0.033696,0.142001,-0.119873,-0.022888,-0.096986,-0.349105,0.09042,-0.439526
NANOV.OL,2018-02-27,2.81,positive,Q3,-0.069286,-0.012278,-0.057008,-0.135714,-0.010144,-0.12557,-0.347143,-0.00628,-0.340862,-0.299143,0.093217,-0.39236
AUSS.OL,2018-02-27,-3.57,negative,Q3,0.014032,-0.012278,0.02631,0.037945,-0.010144,0.048089,0.139328,-0.00628,0.145609,0.367194,0.093217,0.273977
LSG.OL,2018-02-27,16.67,positive,Q4,0.0163,-0.012278,0.028578,0.008865,-0.010144,0.019009,0.051187,-0.00628,0.057467,0.155276,0.093217,0.062059
B2H.OL,2018-02-28,7.89,positive,Q4,-0.012469,-0.019693,0.007224,0.042394,0.005896,0.036498,-0.055361,-0.004959,-0.050402,-0.076423,0.118487,-0.194911
EPR.OL,2018-04-19,16.28,positive,Q4,0.005011,0.006867,-0.001856,-0.010579,0.021175,-0.031754,-0.004454,0.025889,-0.030343,-0.198218,0.045549,-0.243767
YAR.OL,2018-04-20,-13.46,negative,Q2,0.003071,0.002782,0.000289,0.046308,0.011315,0.034993,0.086722,0.023211,0.063511,0.111882,0.041429,0.070453
ENTRA.OL,2018-04-20,-19.16,negative,Q2,0.003735,0.002782,0.000953,0.026033,0.011315,0.014718,0.072439,0.023211,0.049228,0.100396,0.041429,0.058967
SCATC.OL,2018-04-20,-173.91,negative,Q1,-0.000406,0.002782,-0.003188,0.013788,0.011315,0.002473,0.084753,0.023211,0.061542,0.273317,0.041429,0.231888
TEL.OL,2018-04-24,62.39,positive,Q5,0.004829,0.026097,-0.021268,0.007437,0.028417,-0.020981,-0.046938,0.040494,-0.087433,-0.064323,0.062222,-0.126545
EQNR.OL,2018-04-24,-4.35,negative,Q3,0.038789,0.026097,0.012693,0.033272,0.028417,0.004855,0.07248,0.040494,0.031985,0.08318,0.062222,0.020958
XXL.OL,2018-04-25,-118.42,negative,Q1,0.043291,-5.1e-05,0.043342,0.100011,0.002088,0.097923,0.110452,0.022004,0.088448,-0.258917,0.033078,-0.291995
STB.OL,2018-04-25,60.55,positive,Q5,-0.002596,-5.1e-05,-0.002545,-0.015579,0.002088,-0.017666,-0.034496,0.022004,-0.0565,0.003338,0.033078,-0.02974
GJF.OL,2018-04-25,-28.67,negative,Q1,0.004697,-5.1e-05,0.004748,-0.00548,0.002088,-0.007568,-0.010177,0.022004,-0.032181,0.025833,0.033078,-0.007245
NHY.OL,2018-04-25,10.42,positive,Q4,-0.020086,-5.1e-05,-0.020035,-0.013486,0.002088,-0.015574,0.032425,0.022004,0.01042,-0.063128,0.033078,-0.096206
SRBNK.OL,2018-04-26,-1.46,negative,Q3,-0.019711,-0.002856,-0.016855,-0.009855,0.014452,-0.024307,-0.013633,0.02743,-0.041063,0.117116,0.041647,0.075469
ATEA.OL,2018-04-26,-21.57,negative,Q2,0.018745,-0.002856,0.0216,0.051155,0.014452,0.036703,0.049462,0.02743,0.022032,-0.005079,0.041647,-0.046726
PROT.OL,2018-04-26,-97.4,negative,Q1,0.021669,-0.002856,0.024525,-0.026003,0.014452,-0.040455,-0.047861,0.02743,-0.075291,-0.161108,0.041647,-0.202755
NAS.OL,2018-04-26,97.09,positive,Q5,0.01,-0.002856,0.012856,-0.056667,0.014452,-0.071119,-0.158667,0.02743,-0.186097,-0.205,0.041647,-0.246647
BRG.OL,2018-04-26,15.13,positive,Q4,-0.011491,-0.002856,-0.008636,-0.026632,0.014452,-0.041084,0.059213,0.02743,0.031783,-0.103015,0.041647,-0.144661
DNB.OL,2018-04-26,1.61,positive,Q3,0.005287,-0.002856,0.008143,0.015962,0.014452,0.00151,0.0,0.02743,-0.02743,0.098763,0.041647,0.057116
AKSO.OL,2018-04-27,-8.82,negative,Q2,0.013699,0.011168,0.002531,0.003161,0.017706,-0.014545,-0.002107,0.031543,-0.03365,0.015806,0.041653,-0.025847
SPOL.OL,2018-04-27,-5.74,negative,Q3,0.011673,0.011168,0.000505,-0.011673,0.017706,-0.029379,0.002368,0.031543,-0.029174,0.023346,0.041653,-0.018307
SCHA.OL,2018-05-03,-36.28,negative,Q1,0.02864,0.012287,0.016353,0.056816,0.020947,0.035869,0.140111,0.036604,0.103507,0.280763,0.034694,0.246068
VEI.OL,2018-05-03,-278.57,negative,Q1,0.023309,0.012287,0.011023,0.020061,0.020947,-0.000886,0.037639,0.036604,0.001034,-0.135269,0.034694,-0.169964
SB1NO.OL,2018-05-04,24.79,positive,Q5,0.0,0.000343,-0.000343,-0.008689,0.015386,-0.024076,0.004965,0.025122,-0.020157,0.139386,0.036786,0.102601
MING.OL,2018-05-04,-1.78,negative,Q3,0.0,0.000343,-0.000343,0.020325,0.015386,0.004939,0.021487,0.025122,-0.003636,0.09369,0.036786,0.056904
AKRBP.OL,2018-05-07,15.38,positive,Q4,0.024784,0.007806,0.016978,0.078569,0.017206,0.061362,0.070058,0.031861,0.038197,0.024075,0.036067,-0.011992
BAKKA.OL,2018-05-07,-7.53,negative,Q2,-0.011947,0.007806,-0.019753,-0.028321,0.017206,-0.045527,0.023027,0.031861,-0.008834,0.11113,0.036067,0.075063
AUSS.OL,2018-05-08,45.76,positive,Q5,0.006126,0.003182,0.002944,0.023365,0.019855,0.00351,0.02536,0.021737,0.003623,0.232227,0.028152,0.204075
LSG.OL,2018-05-08,15.93,positive,Q4,-0.023502,0.003182,-0.026685,-0.020737,0.019855,-0.040593,-0.023272,0.021737,-0.045009,0.117051,0.028152,0.088899
IDEX.OL,2018-05-09,0.0,negative,Q3,-0.018541,-0.002773,-0.015767,-0.158752,0.011502,-0.170254,-0.334884,0.015822,-0.350706,0.112395,0.014156,0.09824
AFG.OL,2018-05-09,2.31,positive,Q3,0.011729,-0.002773,0.014502,0.039057,0.011502,0.027555,0.023457,0.015822,0.007635,-0.042929,0.014156,-0.057085
NONG.OL,2018-05-09,-5.13,negative,Q3,-0.008299,-0.002773,-0.005525,-0.018257,0.011502,-0.02976,-0.028492,0.015822,-0.044314,0.065007,0.014156,0.050851
SALM.OL,2018-05-15,-6.2,negative,Q2,0.02366,0.010431,0.013229,-0.026917,-0.026781,-0.000136,0.022051,0.003113,0.018938,0.197128,-0.008636,0.205764
GSF.OL,2018-05-15,-48.05,negative,Q1,0.057861,0.010431,0.047431,-0.052286,-0.026781,-0.025505,-0.081403,0.003113,-0.084516,-0.038657,-0.008636,-0.030021
KOG.OL,2018-05-15,-44.3,negative,Q1,-0.007522,0.010431,-0.017953,-0.013064,-0.026781,0.013717,0.071655,0.003113,0.068541,-0.12312,-0.008636,-0.114483
B2H.OL,2018-05-25,-11.11,negative,Q2,-0.033659,0.000183,-0.033842,0.023887,0.01955,0.004338,-0.054289,0.007578,-0.061867,-0.009772,0.041585,-0.051357
NANOV.OL,2018-05-30,2.66,positive,Q3,-0.01472,0.005257,-0.019978,-0.043376,0.016403,-0.059779,0.189401,0.006369,0.183032,0.179588,0.039857,0.139731
ENTRA.OL,2018-07-11,-9.82,negative,Q2,0.015147,-0.011377,0.026524,-0.003377,-0.015793,0.012416,0.016784,0.006624,0.01016,0.013919,0.045242,-0.031323
DNB.OL,2018-07-12,-0.54,negative,Q3,0.001635,-0.009094,0.01073,0.022222,-0.003826,0.026048,0.071477,0.017347,0.054129,0.064743,0.046213,0.01853
AKSO.OL,2018-07-12,-6.52,negative,Q2,0.027763,-0.009094,0.036857,0.019221,-0.003826,0.023047,0.044848,0.017347,0.0275,0.059263,0.046213,0.01305
PROT.OL,2018-07-12,-49.09,negative,Q1,0.001859,-0.009094,0.010954,-0.048074,-0.003826,-0.044248,0.122975,0.017347,0.105627,-0.067463,0.046213,-0.113677
NAS.OL,2018-07-12,158.55,positive,Q5,-0.007284,-0.009094,0.00181,-0.03278,-0.003826,-0.028954,-0.031971,0.017347,-0.049318,-0.183326,0.046213,-0.229539
GJF.OL,2018-07-13,-6.07,negative,Q2,0.005671,7.1e-05,0.0056,0.037264,0.006954,0.03031,0.067353,0.024198,0.043155,0.039694,0.027432,0.012262
ATEA.OL,2018-07-13,-18.09,negative,Q2,-0.005584,7.1e-05,-0.005655,0.050658,0.006954,0.043704,0.118202,0.024198,0.094004,0.127643,0.027432,0.10021
STB.OL,2018-07-13,25.86,positive,Q5,0.0,7.1e-05,-7.1e-05,0.0,0.006954,-0.006954,0.068293,0.024198,0.044095,0.04878,0.027432,0.021348
AKRBP.OL,2018-07-13,-9.52,negative,Q2,-0.005552,7.1e-05,-0.005623,-0.020782,0.006954,-0.027736,-0.02911,0.024198,-0.053308,0.063695,0.027432,0.036263
EPR.OL,2018-07-13,1.23,positive,Q3,-0.055227,7.1e-05,-0.055298,-0.04668,0.006954,-0.053634,-0.059829,0.024198,-0.084027,-0.055227,0.027432,-0.082659
TEL.OL,2018-07-17,-9.02,negative,Q2,-0.00573,0.003149,-0.008879,0.007958,0.012525,-0.004566,0.018782,0.013322,0.00546,-0.009656,0.027936,-0.037592
YAR.OL,2018-07-17,-26.09,negative,Q2,0.004655,0.003149,0.001507,0.024646,0.012525,0.012122,0.044637,0.013322,0.031315,0.122319,0.027936,0.094383
SCHA.OL,2018-07-17,15.79,positive,Q4,-0.026471,0.003149,-0.02962,-0.037983,0.012525,-0.050508,-0.031847,0.013322,-0.045169,-0.04406,0.027936,-0.071996
BRG.OL,2018-07-17,-0.75,negative,Q3,-0.006706,0.003149,-0.009855,0.012009,0.012525,-0.000516,0.022614,0.013322,0.009292,0.076107,0.027936,0.048171
SCATC.OL,2018-07-20,416.67,positive,Q5,-0.004839,0.004146,-0.008984,0.016129,0.01323,0.002899,-0.029032,0.028829,-0.057861,-0.008065,0.0185,-0.026565
XXL.OL,2018-07-20,-38.04,negative,Q1,0.033447,0.004146,0.029301,0.036594,0.01323,0.023364,-0.024019,0.028829,-0.052848,-0.186001,0.0185,-0.204501
NHY.OL,2018-07-24,17.24,positive,Q4,0.000917,-0.00303,0.003948,-0.019266,0.011533,-0.030799,-0.005199,0.023364,-0.028563,-0.093884,0.003,-0.096884
EQNR.OL,2018-07-26,13.33,positive,Q4,-0.002856,-0.002056,-0.000799,0.012194,0.000682,0.011512,0.031257,0.024024,0.007233,0.012349,-0.020683,0.033031
SPOL.OL,2018-08-07,29.85,positive,Q5,0.028901,0.000107,0.028794,0.011041,-0.026683,0.037724,-0.006819,-0.008713,0.001893,-0.002273,-0.014845,0.012572
MING.OL,2018-08-08,27.34,positive,Q5,-0.011143,-0.010473,-0.00067,-0.02023,-0.022699,0.002469,0.02023,-0.015301,0.035531,-0.02023,-0.017998,-0.002232
NONG.OL,2018-08-08,165.48,positive,Q5,-0.011045,-0.010473,-0.000572,-0.012587,-0.022699,0.010112,0.046494,-0.015301,0.061795,0.029283,-0.017998,0.047281
SRBNK.OL,2018-08-08,10.55,positive,Q4,-0.003092,-0.010473,0.007382,-0.008432,-0.022699,0.014267,0.006324,-0.015301,0.021625,-0.006324,-0.017998,0.011674
SB1NO.OL,2018-08-10,13.07,positive,Q4,-0.008502,-0.002422,-0.00608,0.025505,0.005582,0.019923,0.014878,0.006212,0.008666,-0.003188,-0.005976,0.002788
VEI.OL,2018-08-16,-182.09,negative,Q1,-0.027582,0.014804,-0.042385,-0.013272,0.022354,-0.035627,0.025301,0.026885,-0.001584,0.083161,-0.023179,0.10634
IDEX.OL,2018-08-16,-20.0,negative,Q2,-0.042149,0.014804,-0.056953,-0.00383,0.022354,-0.026184,0.078542,0.026885,0.051658,-0.159004,-0.023179,-0.135824
ELK.OL,2018-08-17,62.86,positive,Q5,0.014925,0.003456,0.011469,0.075338,0.014069,0.061269,-0.06752,0.015753,-0.083272,-0.361407,-0.043655,-0.317752
BAKKA.OL,2018-08-21,7.3,positive,Q3,0.011952,-0.00142,0.013373,0.0094,0.010164,-0.000764,0.08882,0.010533,0.078287,-0.092662,-0.049779,-0.042883
GSF.OL,2018-08-22,16.42,positive,Q4,0.014978,0.00226,0.012718,0.022271,0.009117,0.013155,0.163324,0.019022,0.144301,0.257749,-0.074677,0.332426
NANOV.OL,2018-08-22,19.23,positive,Q4,-0.033871,0.00226,-0.036131,-0.053226,0.009117,-0.062343,-0.117742,0.019022,-0.136764,0.16129,-0.074677,0.235967
LSG.OL,2018-08-22,-47.52,negative,Q1,0.018675,0.00226,0.016416,0.045385,0.009117,0.036269,0.078176,0.019022,0.059154,0.211075,-0.074677,0.285752
AUSS.OL,2018-08-22,-41.37,negative,Q1,0.00185,0.00226,-0.000409,-0.014434,0.009117,-0.023551,0.018135,0.019022,-0.000888,0.128423,-0.074677,0.2031
OLT.OL,2018-08-23,-22.5,negative,Q2,0.00264,0.006579,-0.003939,-0.029278,-9.7e-05,-0.029181,-0.011999,0.029485,-0.041484,-0.045196,-0.061826,0.01663
SALM.OL,2018-08-23,1.24,positive,Q3,0.003516,0.006579,-0.003063,0.013051,-9.7e-05,0.013148,0.039627,0.029485,0.010142,0.213552,-0.061826,0.275378
KOG.OL,2018-08-24,-31.25,negative,Q1,-0.007293,0.00251,-0.009803,0.007293,-0.004953,0.012246,0.012441,0.041872,-0.029431,-0.146289,-0.074514,-0.071775
AFG.OL,2018-08-24,-10.0,negative,Q2,0.007919,0.00251,0.005409,0.007919,-0.004953,0.012872,0.031562,0.041872,-0.01031,0.031906,-0.074514,0.10642
B2H.OL,2018-08-31,0.0,negative,Q3,-0.028571,-0.002649,-0.025923,-0.084571,-0.013564,-0.071007,-0.062857,0.042847,-0.105704,-0.226286,-0.057061,-0.169225
ENTRA.OL,2018-10-18,-16.28,negative,Q2,-0.003435,-0.021224,0.017789,-0.015615,-0.04488,0.029264,0.005205,-0.049714,0.054919,0.041849,-0.075617,0.117465
YAR.OL,2018-10-18,-6.56,negative,Q2,-0.017846,-0.021224,0.003378,-0.06878,-0.04488,-0.0239,-0.085324,-0.049714,-0.03561,-0.065589,-0.075617,0.010028
ATEA.OL,2018-10-18,-12.5,negative,Q2,0.011131,-0.021224,0.032355,-0.001771,-0.04488,0.043109,0.075386,-0.049714,0.1251,0.05148,-0.075617,0.127097
SCATC.OL,2018-10-19,-38.1,negative,Q1,-0.07047,-0.021167,-0.049302,-0.036913,-0.011478,-0.025435,0.159396,-0.05589,0.215286,0.271812,-0.057758,0.329571
AKRBP.OL,2018-10-19,-12.5,negative,Q2,-0.034566,-0.021167,-0.013399,-0.069786,-0.011478,-0.058308,-0.217548,-0.05589,-0.161658,-0.045601,-0.057758,0.012157
BRG.OL,2018-10-23,1.6,positive,Q3,0.001436,0.003059,-0.001623,0.039738,0.020029,0.019709,0.101181,-0.032265,0.133446,0.021864,-0.05617,0.078034
ELK.OL,2018-10-24,34.19,positive,Q5,-0.011494,-0.011725,0.000231,0.118572,0.010507,0.108065,0.067151,-0.05143,0.11858,-0.061101,-0.050252,-0.010849
XXL.OL,2018-10-24,-16.0,negative,Q2,-0.056319,-0.011725,-0.044593,0.0,0.010507,-0.010507,-0.029882,-0.05143,0.021547,-0.348283,-0.050252,-0.29803
AKSO.OL,2018-10-24,39.53,positive,Q5,-0.032105,-0.011725,-0.02038,-0.016842,0.010507,-0.027349,-0.202632,-0.05143,-0.151202,-0.165789,-0.050252,-0.115537
TEL.OL,2018-10-24,14.55,positive,Q4,-0.022382,-0.011725,-0.010657,0.009754,0.010507,-0.000754,0.057187,-0.05143,0.108617,0.07731,-0.050252,0.127562
NHY.OL,2018-10-24,21.31,positive,Q4,0.021535,-0.011725,0.03326,0.08753,0.010507,0.077023,-0.000695,-0.05143,0.050735,-0.080584,-0.050252,-0.030331
STB.OL,2018-10-24,7.26,positive,Q3,-0.007742,-0.011725,0.003984,0.032855,0.010507,0.022348,-0.014728,-0.05143,0.036702,-0.036443,-0.050252,0.01381
DNB.OL,2018-10-25,-4.42,negative,Q3,0.011928,0.013005,-0.001077,0.025434,0.024767,0.000666,-0.02642,-0.021183,-0.005237,-0.004633,-0.039249,0.034616
SRBNK.OL,2018-10-25,6.44,positive,Q3,0.0179,0.013005,0.004895,0.049224,0.024767,0.024457,0.042512,-0.021183,0.063694,0.024612,-0.039249,0.063861
NONG.OL,2018-10-25,8.38,positive,Q4,0.023012,0.013005,0.010007,0.041677,0.024767,0.01691,-0.026336,-0.021183,-0.005153,0.019944,-0.039249,0.059193
GJF.OL,2018-10-25,-15.46,negative,Q2,0.001601,0.013005,-0.011404,0.049623,0.024767,0.024855,0.080951,-0.021183,0.102134,0.161102,-0.039249,0.200351
EQNR.OL,2018-10-25,13.21,positive,Q4,0.013673,0.013005,0.000668,-0.004686,0.024767,-0.029453,-0.052389,-0.021183,-0.031206,-0.095637,-0.039249,-0.056388
PROT.OL,2018-10-25,-195.45,negative,Q1,-0.066645,0.013005,-0.07965,-0.020927,0.024767,-0.045695,0.030264,-0.021183,0.051447,0.095621,-0.039249,0.13487
SPOL.OL,2018-10-25,-5.42,negative,Q3,0.002169,0.013005,-0.010836,0.029696,0.024767,0.004929,-0.0337,-0.021183,-0.012518,-0.022189,-0.039249,0.01706
NAS.OL,2018-10-25,-7.63,negative,Q2,-0.015343,0.013005,-0.028348,0.006317,0.024767,-0.01845,-0.022564,-0.021183,-0.001381,-0.408844,-0.039249,-0.369596
KOG.OL,2018-10-26,-18.25,negative,Q2,0.01239,-0.008525,0.020915,0.001549,0.017382,-0.015833,0.059886,-0.029114,0.089,0.010325,-0.048587,0.058912
SCHA.OL,2018-10-26,14.47,positive,Q4,-0.020764,-0.008525,-0.012239,0.03097,0.017382,0.013588,0.013608,-0.029114,0.042722,0.005103,-0.048587,0.05369
MING.OL,2018-10-26,8.92,positive,Q4,-0.009246,-0.008525,-0.000721,0.017425,0.017382,4.3e-05,0.019737,-0.029114,0.048851,0.006935,-0.048587,0.055522
EPR.OL,2018-10-31,-7.69,negative,Q2,0.004502,0.002221,0.002281,0.015434,0.005617,0.009817,0.030225,-0.032887,0.063113,0.212862,-0.036334,0.249195
SB1NO.OL,2018-11-02,18.95,positive,Q4,0.007463,-0.003093,0.010556,-0.006397,-0.009377,0.002981,0.025586,-0.029071,0.054657,0.01919,-0.051966,0.071156
NANOV.OL,2018-11-06,26.57,positive,Q5,0.058911,-0.005672,0.064584,0.076808,-0.03176,0.108568,-0.08874,-0.079681,-0.009059,-0.397094,-0.065657,-0.331437
BAKKA.OL,2018-11-06,-33.94,negative,Q1,-0.033009,-0.005672,-0.027336,-0.074057,-0.03176,-0.042297,-0.065166,-0.079681,0.014515,-0.047834,-0.065657,0.017823
GSF.OL,2018-11-07,172.0,positive,Q5,0.040629,-0.010003,0.050633,-0.032618,-0.032535,-8.3e-05,-0.085646,-0.053542,-0.032104,-0.122938,-0.045767,-0.07717
OLT.OL,2018-11-08,-33.33,negative,Q1,-0.004081,0.002941,-0.007022,0.001306,-0.012836,0.014141,-0.019017,-0.066479,0.047461,-0.028485,-0.025341,-0.003144
LSG.OL,2018-11-08,-24.0,negative,Q2,-0.023586,0.002941,-0.026527,-0.058882,-0.012836,-0.046046,-0.154379,-0.066479,-0.0879,-0.155039,-0.025341,-0.129698
AUSS.OL,2018-11-08,-38.04,negative,Q1,-0.036981,0.002941,-0.039922,-0.067916,-0.012836,-0.055081,-0.189037,-0.066479,-0.122558,-0.194982,-0.025341,-0.169641
SALM.OL,2018-11-09,8.64,positive,Q4,0.043604,-0.016339,0.059943,0.007765,-0.025476,0.033241,-0.051618,-0.058364,0.006746,-0.117163,-0.035042,-0.082121
AFG.OL,2018-11-09,-2.61,negative,Q3,-0.003893,-0.016339,0.012446,0.003893,-0.025476,0.029369,0.05094,-0.058364,0.109303,0.125459,-0.035042,0.160501
VEI.OL,2018-11-15,-1.2,negative,Q3,0.021265,-0.009901,0.031166,0.020165,-0.044845,0.06501,0.044546,-0.062205,0.106751,-0.051146,-0.008108,-0.043038
B2H.OL,2018-11-28,-19.15,negative,Q2,0.026588,-0.000854,0.027442,-0.079764,-0.038401,-0.041362,-0.060561,-0.034718,-0.025844,-0.070901,0.012821,-0.083722
GJF.OL,2019-01-24,107.14,positive,Q5,0.007738,-0.012068,0.019806,0.045825,0.002018,0.043806,0.083811,0.044551,0.03926,0.225404,0.056037,0.169368
SCATC.OL,2019-01-25,122.22,positive,Q5,0.003584,0.009348,-0.005764,0.003584,0.017039,-0.013455,0.016726,0.056614,-0.039888,-0.0227,0.068049,-0.090749
TEL.OL,2019-01-30,-30.77,negative,Q1,-0.00635,0.001976,-0.008326,0.007144,0.013768,-0.006625,0.041373,0.034236,0.007137,0.116976,0.041854,0.075122
BRG.OL,2019-01-31,-34.96,negative,Q1,-0.009246,0.002742,-0.011988,0.019726,-0.005146,0.024872,0.091077,0.037153,0.053925,0.227924,0.035117,0.192807
AKRBP.OL,2019-02-06,-36.36,negative,Q1,-0.039555,-0.016719,-0.022836,0.021193,0.008307,0.012886,0.031062,0.01577,0.015292,-0.076987,0.01182,-0.088806
EQNR.OL,2019-02-06,-17.86,negative,Q2,-0.01076,-0.016719,0.005959,0.003311,0.008307,-0.004997,-0.01945,0.01577,-0.035221,-0.052392,0.01182,-0.064212
MING.OL,2019-02-06,-14.41,negative,Q2,-0.003436,-0.016719,0.013282,-0.011168,0.008307,-0.019476,0.011168,0.01577,-0.004602,0.112371,0.01182,0.100551
NONG.OL,2019-02-06,7.69,positive,Q3,-0.004439,-0.016719,0.01228,0.0,0.008307,-0.008307,0.009125,0.01577,-0.006646,0.039457,0.01182,0.027638
VEI.OL,2019-02-07,-5.74,negative,Q3,-0.007807,0.005714,-0.01352,-0.007807,0.041352,-0.049158,-0.016565,0.033274,-0.049839,-0.019802,0.032543,-0.052345
NAS.OL,2019-02-07,54.74,positive,Q5,-0.006035,0.005714,-0.011749,-0.095772,0.041352,-0.137124,-0.085101,0.033274,-0.118375,-0.407675,0.032543,-0.440218
ATEA.OL,2019-02-07,-16.59,negative,Q2,0.017172,0.005714,0.011459,0.037638,0.041352,-0.003714,0.059868,0.033274,0.026594,0.02717,0.032543,-0.005373
NHY.OL,2019-02-07,-116.67,negative,Q1,0.001669,0.005714,-0.004044,0.01419,0.041352,-0.027161,-0.021285,0.033274,-0.05456,-0.019616,0.032543,-0.052159
DNB.OL,2019-02-07,28.53,positive,Q5,0.005794,0.005714,8.1e-05,0.052342,0.041352,0.01099,0.026171,0.033274,-0.007103,0.038436,0.032543,0.005893
SB1NO.OL,2019-02-08,-10.87,negative,Q2,0.02306,0.015494,0.007566,0.017607,0.036026,-0.018419,0.013244,0.031051,-0.017807,0.173574,0.028279,0.145295
YAR.OL,2019-02-08,33.33,positive,Q5,0.014173,0.015494,-0.001321,0.034033,0.036026,-0.001993,0.041854,0.031051,0.010803,0.09589,0.028279,0.067611
SPOL.OL,2019-02-08,-18.27,negative,Q2,0.004607,0.015494,-0.010887,0.009384,0.036026,-0.026642,0.009384,0.031051,-0.021667,0.067565,0.028279,0.039286
SRBNK.OL,2019-02-08,-1.44,negative,Q3,0.023029,0.015494,0.007535,0.01749,0.036026,-0.018536,0.013118,0.031051,-0.017933,0.17359,0.028279,0.145311
ENTRA.OL,2019-02-08,-21.3,negative,Q2,-0.003227,0.015494,-0.018721,-0.001565,0.036026,-0.037591,-0.006455,0.031051,-0.037506,0.112078,0.028279,0.083799
AKSO.OL,2019-02-08,28.57,positive,Q5,0.006098,0.015494,-0.009396,0.031843,0.036026,-0.004183,-0.009485,0.031051,-0.040536,-0.089431,0.028279,-0.11771
ELK.OL,2019-02-12,-47.54,negative,Q1,-0.034872,-0.007041,-0.02783,-0.008718,0.004619,-0.013337,0.028205,0.021422,0.006783,0.007692,0.02214,-0.014448
XXL.OL,2019-02-12,-15.62,negative,Q2,-0.049173,-0.007041,-0.042131,0.024598,0.004619,0.019979,0.031151,0.021422,0.009729,-0.214413,0.02214,-0.236553
STB.OL,2019-02-13,276.58,positive,Q5,0.012453,0.015506,-0.003053,0.029848,0.015578,0.01427,0.08223,0.027332,0.054898,0.092113,0.033193,0.05892
SCHA.OL,2019-02-13,3.37,positive,Q3,0.013951,0.015506,-0.001555,0.051475,0.015578,0.035897,0.080607,0.027332,0.053276,-0.110113,0.033193,-0.143306
GSF.OL,2019-02-13,-6.33,negative,Q2,-0.0009,0.015506,-0.016405,-0.02519,0.015578,-0.040768,-0.053778,0.027332,-0.08111,0.029488,0.033193,-0.003705
KOG.OL,2019-02-14,50.62,positive,Q5,0.034321,0.00057,0.033751,0.03103,0.005263,0.025767,0.056417,0.018292,0.038125,-0.021627,0.017173,-0.038799
SALM.OL,2019-02-14,-2.77,negative,Q3,-0.011749,0.00057,-0.012319,-0.030682,0.005263,-0.035945,-0.06453,0.018292,-0.082822,-0.127477,0.017173,-0.14465
OLT.OL,2019-02-14,67.2,positive,Q5,-0.002647,0.00057,-0.003217,-0.021335,0.005263,-0.026597,-0.022698,0.018292,-0.04099,0.051973,0.017173,0.0348
AFG.OL,2019-02-15,43.08,positive,Q5,0.013286,-0.001607,0.014893,0.026571,0.005657,0.020915,0.023273,0.02228,0.000993,0.113257,-0.009197,0.122454
BAKKA.OL,2019-02-19,-28.66,negative,Q1,-0.011031,0.003791,-0.014822,0.018368,0.006345,0.012023,0.008722,0.025962,-0.01724,0.145866,0.000787,0.145079
AUSS.OL,2019-02-26,91.53,positive,Q5,-0.04778,-0.007178,-0.040602,0.025709,0.002264,0.023445,-0.036744,-0.005361,-0.031384,-0.124153,-0.023869,-0.100284
LSG.OL,2019-02-26,0.71,positive,Q3,-0.01883,-0.007178,-0.011652,0.033454,0.002264,0.031189,-0.034655,-0.005361,-0.029295,-0.061498,-0.023869,-0.037629
NANOV.OL,2019-02-27,17.97,positive,Q4,-0.012425,0.00092,-0.013346,0.003682,0.003733,-5.1e-05,0.02485,0.000112,0.024738,-0.050621,-0.01582,-0.034801
IDEX.OL,2019-02-27,-20.0,negative,Q2,-0.026349,0.00092,-0.02727,-0.036383,0.003733,-0.040115,-0.087825,0.000112,-0.087937,-0.412794,-0.01582,-0.396974
XXL.OL,2019-04-24,45.45,positive,Q5,-0.096189,-0.004032,-0.092157,-0.086546,-0.009845,-0.0767,-0.26099,-0.028938,-0.232052,-0.052904,-0.042088,-0.010815
GJF.OL,2019-04-25,3.14,positive,Q3,0.019906,-0.001129,0.021036,0.021495,-0.014503,0.035998,0.038307,-0.046497,0.084804,0.060388,-0.052284,0.112672
NAS.OL,2019-04-25,20.16,positive,Q4,-0.031115,-0.001129,-0.029986,0.009848,-0.014503,0.024351,-0.16645,-0.046497,-0.119954,0.037074,-0.052284,0.089358
AKRBP.OL,2019-04-26,37.5,positive,Q5,0.0,-0.000831,0.000831,-0.101605,-0.017831,-0.083773,-0.16908,-0.044848,-0.124232,-0.114247,-0.042217,-0.07203
SCATC.OL,2019-04-26,-261.11,negative,Q1,-0.013269,-0.000831,-0.012439,-0.045001,-0.017831,-0.027169,0.035549,-0.044848,0.080397,0.116098,-0.042217,0.158315
ENTRA.OL,2019-04-26,-7.59,negative,Q2,0.0,-0.000831,0.000831,0.044768,-0.017831,0.062599,0.043172,-0.044848,0.08802,0.028813,-0.042217,0.071029
YAR.OL,2019-04-26,0.0,negative,Q3,0.009601,-0.000831,0.010432,-0.016629,-0.017831,0.001203,-0.00764,-0.044848,0.037208,0.099812,-0.042217,0.142029
ATEA.OL,2019-04-30,-20.88,negative,Q2,0.015318,0.002884,0.012434,-0.023891,-0.023563,-0.000328,0.015318,-0.030611,0.045929,-0.052926,-0.042892,-0.010035
ELK.OL,2019-04-30,18.31,positive,Q4,-0.022984,0.002884,-0.025867,-0.076055,-0.023563,-0.052492,-0.163393,-0.030611,-0.132782,-0.290013,-0.042892,-0.247121
TEL.OL,2019-04-30,37.61,positive,Q5,-0.03629,0.002884,-0.039174,-0.005824,-0.023563,0.017739,0.057258,-0.030611,0.087869,0.067115,-0.042892,0.110006
AKSO.OL,2019-04-30,18.37,positive,Q4,0.014364,0.002884,0.01148,-0.042408,-0.023563,-0.018844,-0.175103,-0.030611,-0.144492,-0.344049,-0.042892,-0.301158
BRG.OL,2019-05-03,-3.08,negative,Q3,0.011168,-0.004503,0.015671,-0.017259,-0.015457,-0.001802,0.027919,-0.023083,0.051002,0.030711,-0.05711,0.087821
EQNR.OL,2019-05-03,12.2,positive,Q4,-0.007444,-0.004503,-0.002941,-0.020365,-0.015457,-0.004908,-0.086849,-0.023083,-0.063765,-0.181141,-0.05711,-0.124031
DNB.OL,2019-05-03,0.26,positive,Q3,-0.018958,-0.004503,-0.014455,-0.036388,-0.015457,-0.020932,-0.049326,-0.023083,-0.026243,-0.037646,-0.05711,0.019464
BAKKA.OL,2019-05-06,-19.09,negative,Q2,0.005524,0.002608,0.002916,0.021572,-0.007621,0.029193,0.073416,-0.011472,0.084887,0.15598,-0.06179,0.217771
SPOL.OL,2019-05-07,109.3,positive,Q5,0.008275,-0.015933,0.024208,0.015252,-0.008658,0.02391,-0.005841,-0.006879,0.001038,-0.007139,-0.051539,0.0444
STB.OL,2019-05-08,-4.55,negative,Q3,0.009093,0.012825,-0.003732,0.005637,0.02566,-0.020023,-0.029824,-0.008188,-0.021635,-0.171486,-0.041335,-0.130151
NONG.OL,2019-05-08,20.36,positive,Q4,0.01208,0.012825,-0.000745,0.01658,0.02566,-0.00908,-0.003079,-0.008188,0.005109,0.025817,-0.041335,0.067152
MING.OL,2019-05-09,74.91,positive,Q5,-0.008424,-0.010297,0.001873,0.008577,0.015252,-0.006675,-0.004135,-0.021522,0.017387,0.046715,-0.057318,0.104032
SRBNK.OL,2019-05-09,67.79,positive,Q5,-0.004882,-0.010297,0.005415,0.015772,0.015252,0.00052,-0.011766,-0.021522,0.009756,-0.027037,-0.057318,0.03028
VEI.OL,2019-05-09,-438.46,negative,Q1,-0.060678,-0.010297,-0.050381,-0.049016,0.015252,-0.064268,-0.06578,-0.021522,-0.044258,-0.093112,-0.057318,-0.035795
SB1NO.OL,2019-05-09,52.48,positive,Q5,-0.004817,-0.010297,0.00548,0.01579,0.015252,0.000538,-0.011776,-0.021522,0.009746,-0.026897,-0.057318,0.030421
KOG.OL,2019-05-10,-2.06,negative,Q3,0.039326,0.00342,0.035906,0.068948,0.029606,0.039342,-0.010725,-0.009055,-0.00167,-0.047497,-0.037919,-0.009578
AUSS.OL,2019-05-14,-1.59,negative,Q3,0.02143,0.018133,0.003297,0.03919,-0.001732,0.040922,-0.031264,-0.008036,-0.023228,0.011155,-0.071885,0.08304
LSG.OL,2019-05-14,-19.17,negative,Q2,0.03081,0.018133,0.012678,0.051574,-0.001732,0.053306,-0.006921,-0.008036,0.001115,0.04242,-0.071885,0.114305
GSF.OL,2019-05-15,5.23,positive,Q3,0.03852,0.002547,0.035973,0.088434,-0.013038,0.101472,0.074619,-0.027595,0.102215,0.137844,-0.080028,0.217872
AFG.OL,2019-05-15,-11.88,negative,Q2,0.012396,0.002547,0.009849,0.006198,-0.013038,0.019236,0.030905,-0.027595,0.058501,-0.006113,-0.080028,0.073915
SCHA.OL,2019-05-15,-2.7,negative,Q3,0.00973,0.002547,0.007183,0.052704,-0.013038,0.065741,0.076218,-0.027595,0.103813,0.157051,-0.080028,0.237079
SALM.OL,2019-05-22,20.24,positive,Q4,0.000725,0.006602,-0.005877,-0.022226,-0.019869,-0.002357,-0.053619,-0.010494,-0.043125,0.099324,-0.036842,0.136166
OLT.OL,2019-05-22,-5.92,negative,Q2,0.029793,0.006602,0.023191,-0.054054,-0.019869,-0.034185,-0.027027,-0.010494,-0.016533,-0.031057,-0.036842,0.005784
NANOV.OL,2019-05-23,-1.8,negative,Q3,0.01607,-0.000836,0.016906,-0.094123,-0.015332,-0.078791,-0.259412,-0.01626,-0.243153,-0.426079,-0.049116,-0.376963
DNB.OL,2019-07-11,9.79,positive,Q4,-0.003152,-0.0017,-0.001451,-0.02994,-0.026912,-0.003028,-0.073448,-0.064178,-0.009271,-0.054889,-0.018825,-0.036064
ENTRA.OL,2019-07-11,-15.24,negative,Q2,-0.015083,-0.0017,-0.013383,-0.02558,-0.026912,0.001332,-0.007498,-0.064178,0.05668,0.068448,-0.018825,0.087274
NAS.OL,2019-07-11,193.9,positive,Q5,0.01492,-0.0017,0.01662,0.048951,-0.026912,0.075863,-0.149182,-0.064178,-0.085004,-0.213516,-0.018825,-0.194691
AKRBP.OL,2019-07-12,-15.0,negative,Q2,-0.023018,-0.009662,-0.013357,-0.034696,-0.022172,-0.012523,-0.106733,-0.053145,-0.053588,-0.07355,-0.008111,-0.065439
ATEA.OL,2019-07-12,-16.19,negative,Q2,0.005135,-0.009662,0.014797,0.005135,-0.022172,0.027307,0.001751,-0.053145,0.054895,0.064418,-0.008111,0.072529
GJF.OL,2019-07-12,17.54,positive,Q4,0.006098,-0.009662,0.01576,-0.008156,-0.022172,0.014016,-0.061285,-0.053145,-0.00814,0.011967,-0.008111,0.020078
STB.OL,2019-07-12,6.19,positive,Q3,-0.007434,-0.009662,0.002228,-0.018887,-0.022172,0.003286,-0.10649,-0.053145,-0.053345,-0.100462,-0.008111,-0.092352
SCHA.OL,2019-07-16,-11.95,negative,Q2,-0.003893,-0.008227,0.004334,0.012899,0.004113,0.008785,0.058916,-0.064192,0.123108,0.114462,0.007038,0.107423
SCHB.OL,2019-07-16,-29.65,negative,Q1,0.004521,-0.008227,0.012748,0.011766,0.004113,0.007653,0.063352,-0.064192,0.127543,0.126703,0.007038,0.119665
YAR.OL,2019-07-16,11.59,positive,Q4,0.016813,-0.008227,0.02504,0.017078,0.004113,0.012964,-0.106208,-0.064192,-0.042016,-0.063475,0.007038,-0.070514
TEL.OL,2019-07-16,4.9,positive,Q3,0.014283,-0.008227,0.02251,-0.000617,0.004113,-0.004731,0.043114,-0.064192,0.107306,0.053694,0.007038,0.046656
BRG.OL,2019-07-16,-12.23,negative,Q2,-0.001082,-0.008227,0.007145,-0.005288,0.004113,-0.009401,-0.026559,-0.064192,0.037632,0.032688,0.007038,0.02565
AKSO.OL,2019-07-17,7.69,positive,Q3,-0.010934,0.001917,-0.012852,0.008946,0.001344,0.007602,-0.140159,-0.047749,-0.09241,-0.164016,0.019633,-0.183649
ELK.OL,2019-07-19,-47.92,negative,Q1,0.073484,0.009985,0.0635,0.099204,-0.002302,0.101506,-0.057563,-0.036413,-0.02115,-0.021433,0.025993,-0.047426
XXL.OL,2019-07-19,-1.89,negative,Q3,0.00307,0.009985,-0.006914,0.064833,-0.002302,0.067135,-0.084207,-0.036413,-0.047794,-0.276724,0.025993,-0.302717
SCATC.OL,2019-07-19,-181.48,negative,Q1,-0.009356,0.009985,-0.019341,-0.004403,-0.002302,-0.002101,0.12273,-0.036413,0.159143,0.269125,0.025993,0.243132
NHY.OL,2019-07-23,-9.52,negative,Q2,-0.011175,-0.010962,-0.000214,-0.084851,-0.014791,-0.07006,-0.155629,-0.034512,-0.121117,0.008692,0.022366,-0.013674
EQNR.OL,2019-07-25,-8.11,negative,Q2,-0.013506,-0.003366,-0.010139,-0.032236,-0.016841,-0.015395,-0.048994,-0.042661,-0.006334,0.083596,0.022993,0.060603
SPOL.OL,2019-08-06,87.5,positive,Q5,0.007077,0.013563,-0.006486,-0.005925,-0.01075,0.004825,-0.016623,0.059583,-0.076206,0.079822,0.093018,-0.013195
MING.OL,2019-08-07,19.33,positive,Q4,0.010138,-0.005346,0.015484,-0.038642,-0.029923,-0.008719,-0.045695,0.034884,-0.080579,0.003086,0.079067,-0.075981
NONG.OL,2019-08-07,29.59,positive,Q5,0.009087,-0.005346,0.014433,-0.032852,-0.029923,-0.002929,0.022367,0.034884,-0.012516,0.082246,0.079067,0.003179
SRBNK.OL,2019-08-08,28.0,positive,Q5,-0.002054,-0.004061,0.002007,-0.038259,-0.015737,-0.022522,-0.04532,0.042266,-0.087587,0.02067,0.085685,-0.065015
SB1NO.OL,2019-08-13,4.46,positive,Q3,0.010101,-0.006081,0.016182,0.010101,0.028924,-0.018823,0.007504,0.080681,-0.073177,0.050361,0.11404,-0.063679
IDEX.OL,2019-08-15,-210.0,negative,Q1,0.024827,0.018155,0.006672,0.242753,0.020125,0.222628,0.088269,0.103689,-0.01542,-0.497933,0.099476,-0.597409
VEI.OL,2019-08-15,17.41,positive,Q4,0.039282,0.018155,0.021127,0.064212,0.020125,0.044087,0.165817,0.103689,0.062128,0.161284,0.099476,0.061808
OLT.OL,2019-08-16,11.48,positive,Q4,-0.011158,-0.001086,-0.010073,-0.025086,-0.006503,-0.018583,-0.012543,0.07038,-0.082923,0.018163,0.080032,-0.061869
BAKKA.OL,2019-08-20,3.54,positive,Q3,-0.002732,0.000715,-0.003447,-0.022854,-0.005537,-0.017317,-0.064036,0.07247,-0.136506,0.120573,0.066325,0.054247
GSF.OL,2019-08-21,-14.94,negative,Q2,-0.002629,-0.006226,0.003597,-0.03272,0.008038,-0.040758,-0.054144,0.077941,-0.132084,0.15649,0.066171,0.090319
LSG.OL,2019-08-21,-14.16,negative,Q2,0.002333,-0.006226,0.008559,0.010395,0.008038,0.002356,-0.075732,0.077941,-0.153673,-0.09143,0.066171,-0.157601
AUSS.OL,2019-08-21,-36.82,negative,Q1,0.023138,-0.006226,0.029364,0.032972,0.008038,0.024934,-0.047144,0.077941,-0.125085,-0.082285,0.066171,-0.148456
NANOV.OL,2019-08-22,-20.36,negative,Q2,-0.0352,-0.008421,-0.026779,0.0648,0.025135,0.039665,0.2456,0.075608,0.169992,-0.172,0.068688,-0.240688
AFG.OL,2019-08-23,15.53,positive,Q4,0.017638,0.008179,0.009459,0.076456,0.032142,0.044314,0.076456,0.076574,-0.000118,0.035275,0.078792,-0.043517
SALM.OL,2019-08-23,-3.03,negative,Q3,0.011922,0.008179,0.003743,0.001137,0.032142,-0.031005,-0.070483,0.076574,-0.147058,-0.091821,0.078792,-0.170613
KOG.OL,2019-08-28,-18.37,negative,Q2,-0.002457,0.010629,-0.013086,-0.019656,0.031949,-0.051605,0.058477,0.042652,0.015825,0.152334,0.066035,0.086299
ENTRA.OL,2019-10-17,-11.73,negative,Q2,0.004349,0.005497,-0.001148,-0.007276,0.012785,-0.020061,0.0,0.011814,-0.011814,0.13766,0.063016,0.074644
SCATC.OL,2019-10-18,-30.77,negative,Q1,-0.039741,0.001319,-0.04106,-0.025878,0.015323,-0.041201,0.009242,0.006856,0.002386,0.237523,0.042073,0.19545
ATEA.OL,2019-10-18,-11.51,negative,Q2,-0.014691,0.001319,-0.01601,0.00614,0.015323,-0.009183,0.041443,0.006856,0.034587,0.051529,0.042073,0.009457
YAR.OL,2019-10-18,-6.93,negative,Q2,0.004157,0.001319,0.002838,-0.001414,0.015323,-0.016737,-0.054858,0.006856,-0.061714,-0.052886,0.042073,-0.094959
AKRBP.OL,2019-10-22,100.0,positive,Q5,0.027571,0.016877,0.010694,0.0575,0.014923,0.042577,0.043536,0.009557,0.033979,0.08187,0.0358,0.04607
ELK.OL,2019-10-22,6.06,positive,Q3,0.009644,0.016877,-0.007233,-0.025919,0.014923,-0.040843,-0.06088,0.009557,-0.070437,0.049427,0.0358,0.013628
TEL.OL,2019-10-23,-91.17,negative,Q1,-0.010853,-0.003893,-0.00696,-0.017399,-0.010683,-0.006716,-0.045392,0.003365,-0.048757,-0.048579,0.022929,-0.071508
NHY.OL,2019-10-23,43.48,positive,Q5,-0.021373,-0.003893,-0.01748,-0.030415,-0.010683,-0.019732,-0.015208,0.003365,-0.018573,-0.0933,0.022929,-0.11623
STB.OL,2019-10-23,12.73,positive,Q4,-0.000946,-0.003893,0.002947,-0.000946,-0.010683,0.009737,0.014378,0.003365,0.011012,0.099886,0.022929,0.076957
XXL.OL,2019-10-23,-56.25,negative,Q1,0.006382,-0.003893,0.010275,0.00321,-0.010683,0.013893,-0.138014,0.003365,-0.141379,-0.383199,0.022929,-0.406129
AKSO.OL,2019-10-23,-9.76,negative,Q2,-0.012987,-0.003893,-0.009094,-0.044156,-0.010683,-0.033473,0.031169,0.003365,0.027804,-0.088312,0.022929,-0.111241
GJF.OL,2019-10-23,-17.43,negative,Q2,-0.006635,-0.003893,-0.002742,-0.015534,-0.010683,-0.00485,-0.021778,0.003365,-0.025143,0.13426,0.022929,0.11133
EQNR.OL,2019-10-24,3.23,positive,Q3,-0.003103,0.008016,-0.011119,-0.009928,0.001169,-0.011098,0.016488,0.011834,0.004654,0.001418,0.025898,-0.024479
DNB.OL,2019-10-24,29.91,positive,Q5,0.025309,0.008016,0.017293,0.000593,0.001169,-0.000577,0.008888,0.011834,-0.002947,-0.033689,0.025898,-0.059586
NAS.OL,2019-10-24,19.41,positive,Q4,-0.075193,0.008016,-0.08321,-0.035992,0.001169,-0.037162,-0.15167,0.011834,-0.163505,-0.222151,0.025898,-0.248049
SCHA.OL,2019-10-25,-4.67,negative,Q3,0.006798,-0.004313,0.011111,-0.015128,-0.001924,-0.013205,-0.027241,-0.000496,-0.026745,0.051825,0.008101,0.043723
SPOL.OL,2019-10-25,89.08,positive,Q5,0.014551,-0.004313,0.018864,0.015635,-0.001924,0.017558,0.004489,-0.000496,0.004985,0.087461,0.008101,0.07936
NONG.OL,2019-10-25,1.15,positive,Q3,0.01115,-0.004313,0.015463,0.01268,-0.001924,0.014604,0.005684,-0.000496,0.00618,0.082641,0.008101,0.07454
SCHB.OL,2019-10-25,-7.74,negative,Q2,-0.004779,-0.004313,-0.000466,-0.018301,-0.001924,-0.016378,-0.047627,-0.000496,-0.047131,0.035679,0.008101,0.027578
MING.OL,2019-10-30,-8.73,negative,Q2,0.0,0.008041,-0.008041,0.001898,0.022271,-0.020373,-0.031396,0.004418,-0.035814,0.044393,0.021335,0.023057
KOG.OL,2019-10-30,44.19,positive,Q5,0.057551,0.008041,0.04951,0.03029,0.022271,0.008019,0.014712,0.004418,0.010294,0.102553,0.021335,0.081218
SRBNK.OL,2019-10-31,-10.08,negative,Q2,0.00657,0.004902,0.001669,0.019196,0.010912,0.008284,-0.023319,-0.015005,-0.008313,-0.011208,0.029252,-0.04046
BAKKA.OL,2019-11-05,20.75,positive,Q4,0.005684,0.007778,-0.002094,-0.027573,-0.003234,-0.024339,0.018659,-0.01633,0.034989,0.09084,-0.005596,0.096436
GSF.OL,2019-11-07,125.0,positive,Q5,0.047114,0.002281,0.044833,-0.043633,-0.011525,-0.032108,0.042419,-0.009599,0.052018,-0.035214,0.011041,-0.046255
AFG.OL,2019-11-08,5.05,positive,Q3,0.0,-0.001931,0.001931,0.005738,-0.015144,0.020882,-0.022793,-0.015962,-0.006831,0.064214,0.003054,0.06116
SB1NO.OL,2019-11-08,-4.08,negative,Q3,0.008106,-0.001931,0.010037,-0.024729,-0.015144,-0.009584,-0.007556,-0.015962,0.008406,-0.015112,0.003054,-0.018166
OLT.OL,2019-11-14,0.0,negative,Q3,0.008285,-0.001389,0.009674,0.037162,0.006854,0.030308,0.108671,0.009591,0.09908,0.248954,0.025427,0.223527
VEI.OL,2019-11-14,-6.98,negative,Q2,0.006247,-0.001389,0.007636,0.057824,0.006854,0.05097,0.058695,0.009591,0.049104,0.093273,0.025427,0.067846
SALM.OL,2019-11-14,-5.16,negative,Q3,-0.004941,-0.001389,-0.003553,-0.012572,0.006854,-0.019426,0.109586,0.009591,0.099994,0.191368,0.025427,0.165941
LSG.OL,2019-11-15,-13.95,negative,Q2,-0.007646,0.00057,-0.008216,0.03823,0.012806,0.025424,0.069045,0.011676,0.05737,0.107507,0.033686,0.073821
AUSS.OL,2019-11-15,-34.3,negative,Q1,-0.022188,0.00057,-0.022758,-0.00416,0.012806,-0.016966,0.053775,0.011676,0.042099,0.065485,0.033686,0.031799
NANOV.OL,2019-11-19,14.29,positive,Q4,0.074396,0.000954,0.073443,0.089855,0.013461,0.076394,0.51401,0.024332,0.489677,0.152657,-0.013581,0.166239
GJF.OL,2020-01-22,36.57,positive,Q5,0.001022,0.008985,-0.007963,0.011517,-0.017777,0.029294,0.044023,-0.008569,0.052593,-0.074485,-0.218729,0.144244
SCATC.OL,2020-01-24,-113.51,negative,Q1,0.02329,0.004242,0.019048,0.142649,-0.011417,0.154066,0.270015,-0.041551,0.311566,0.085881,-0.192556,0.278437
TEL.OL,2020-01-29,40.51,positive,Q5,-0.015046,-0.004928,-0.010118,-0.03864,0.016023,-0.054662,-0.112981,-0.102177,-0.010804,-0.104167,-0.192776,0.08861
EPR.OL,2020-01-30,0.75,positive,Q3,-0.001644,-0.000257,-0.001387,0.002055,0.001987,6.8e-05,-0.082203,-0.091562,0.009359,0.143033,-0.175889,0.318922
SRBNK.OL,2020-02-05,-24.6,negative,Q2,0.010662,-0.018674,0.029336,-0.003511,-0.014492,0.010982,-0.151476,-0.143365,-0.008111,-0.359641,-0.186522,-0.173119
MING.OL,2020-02-05,4.17,positive,Q3,-0.003923,-0.018674,0.014752,-0.009667,-0.014492,0.004826,-0.145279,-0.143365,-0.001914,-0.240544,-0.186522,-0.054021
EQNR.OL,2020-02-06,0.0,negative,Q3,-0.035175,-0.011207,-0.023968,0.002581,0.006659,-0.004078,-0.284076,-0.208806,-0.07527,-0.098069,-0.165863,0.067793
DNB.OL,2020-02-06,6.32,positive,Q3,-0.008938,-0.011207,0.002269,0.003088,0.006659,-0.003571,-0.299667,-0.208806,-0.090861,-0.315999,-0.165863,-0.150136
ATEA.OL,2020-02-06,-20.65,negative,Q2,-0.0125,-0.011207,-0.001293,-0.005324,0.006659,-0.011983,-0.150116,-0.208806,0.05869,-0.200694,-0.165863,-0.034832
SB1NO.OL,2020-02-07,-2.0,negative,Q3,0.007724,0.015035,-0.007312,0.021205,0.01713,0.004074,-0.235079,-0.198122,-0.036957,-0.363853,-0.170346,-0.193507
YAR.OL,2020-02-07,35.59,positive,Q5,0.005172,0.015035,-0.009863,-0.020728,0.01713,-0.037859,-0.124088,-0.198122,0.074034,-0.13355,-0.170346,0.036797
SPOL.OL,2020-02-07,-22.27,negative,Q2,-0.000981,0.015035,-0.016017,0.025375,0.01713,0.008245,-0.10865,-0.198122,0.089472,-0.11622,-0.170346,0.054126
AKSO.OL,2020-02-07,-63.64,negative,Q1,0.064378,0.015035,0.049342,0.130901,0.01713,0.113771,-0.482833,-0.198122,-0.28471,-0.56867,-0.170346,-0.398323
ENTRA.OL,2020-02-07,-15.47,negative,Q2,0.0,0.015035,-0.015035,0.005034,0.01713,-0.012096,-0.098636,-0.198122,0.099487,-0.241264,-0.170346,-0.070917
NHY.OL,2020-02-07,-138.71,negative,Q1,0.054664,0.015035,0.039629,0.075727,0.01713,0.058597,-0.160983,-0.198122,0.037139,-0.17001,-0.170346,0.000336
AKRBP.OL,2020-02-11,-13.89,negative,Q2,-0.043701,-0.005636,-0.038065,-0.046694,0.00254,-0.049234,-0.58553,-0.311352,-0.274178,-0.411892,-0.191461,-0.220431
VEI.OL,2020-02-11,-121.28,negative,Q1,-0.027468,-0.005636,-0.021832,0.023253,0.00254,0.020713,-0.269513,-0.311352,0.041839,-0.262034,-0.191461,-0.070573
SBO.OL,2020-02-12,102.7,positive,Q5,0.091113,0.002387,0.088726,0.056915,0.014931,0.041983,-0.166251,-0.281928,0.115677,-0.29306,-0.165905,-0.127155
KOG.OL,2020-02-12,46.67,positive,Q5,0.027324,0.002387,0.024937,0.043648,0.014931,0.028717,-0.196238,-0.281928,0.08569,-0.164301,-0.165905,0.001604
STB.OL,2020-02-12,0.0,negative,Q3,-0.011957,0.002387,-0.014344,0.001758,0.014931,-0.013173,-0.418498,-0.281928,-0.13657,-0.350448,-0.165905,-0.184543
ELK.OL,2020-02-13,-81.25,negative,Q1,0.001217,-0.000921,0.002138,-0.010347,0.005664,-0.016011,-0.428484,-0.322779,-0.105706,-0.226415,-0.159082,-0.067334
SCHA.OL,2020-02-13,-18.07,negative,Q2,-0.014113,-0.000921,-0.013192,-0.035113,0.005664,-0.040777,-0.312106,-0.322779,0.010673,-0.172877,-0.159082,-0.013795
NONG.OL,2020-02-13,-39.13,negative,Q1,0.016567,-0.000921,0.017488,0.017764,0.005664,0.0121,-0.320958,-0.322779,0.001821,-0.184032,-0.159082,-0.02495
ELMRA.OL,2020-02-13,7.95,positive,Q4,0.004009,-0.000921,0.00493,-0.019624,0.005664,-0.025289,-0.206584,-0.322779,0.116195,0.046634,-0.159082,0.205716
OLT.OL,2020-02-13,11.25,positive,Q4,0.007998,-0.000921,0.00892,0.074674,0.005664,0.06901,-0.356365,-0.322779,-0.033586,-0.250034,-0.159082,-0.090952
GSF.OL,2020-02-13,-16.24,negative,Q2,-0.009921,-0.000921,-0.009,0.037989,0.005664,0.032324,-0.300517,-0.322779,0.022262,-0.239379,-0.159082,-0.080298
BONHR.OL,2020-02-14,-91.88,negative,Q1,0.009833,-0.00156,0.011393,-0.014778,-0.036097,0.021319,-0.298056,-0.314297,0.016242,0.0345,-0.147418,0.181918
AFG.OL,2020-02-14,-28.98,negative,Q1,-0.008249,-0.00156,-0.006689,-0.032847,-0.036097,0.00325,-0.270511,-0.314297,0.043786,-0.081897,-0.147418,0.065521
LSG.OL,2020-02-25,0.0,negative,Q3,-0.066165,-0.047703,-0.018462,-0.028502,-0.026088,-0.002414,-0.198697,-0.22383,0.025133,-0.07329,-0.082449,0.009159
AUSS.OL,2020-02-25,-61.42,negative,Q1,-0.063246,-0.047703,-0.015543,-0.017393,-0.026088,0.008695,-0.182837,-0.22383,0.040992,-0.141009,-0.082449,-0.05856
BAKKA.OL,2020-02-25,-6.51,negative,Q2,-0.076917,-0.047703,-0.029214,-0.099988,-0.026088,-0.0739,-0.209989,-0.22383,0.013841,-0.056909,-0.082449,0.02554
SALM.OL,2020-02-26,-31.68,negative,Q1,-0.023207,-0.014362,-0.008846,0.015334,0.000324,0.01501,-0.228975,-0.214029,-0.014946,0.053197,-0.018227,0.071424
NANOV.OL,2020-02-27,-27.71,negative,Q1,-0.008413,0.006836,-0.01525,-0.100961,-0.030588,-0.070374,-0.236779,-0.178387,-0.058392,0.145737,-0.002224,0.147961
ATEA.OL,2020-04-22,6.06,positive,Q3,-0.027378,-0.013877,-0.013501,-0.018537,0.034717,-0.053254,0.073292,0.080739,-0.007447,0.170683,0.12348,0.047203
GJF.OL,2020-04-22,0.0,negative,Q3,0.011997,-0.013877,0.025874,-0.010432,0.034717,-0.04515,-0.01155,0.080739,-0.092289,0.040387,0.12348,-0.083093
EPR.OL,2020-04-23,142.86,positive,Q5,0.049605,0.004909,0.044695,0.021208,0.014852,0.006356,0.113587,0.098433,0.015154,0.254853,0.136793,0.11806
YAR.OL,2020-04-23,-11.36,negative,Q2,-0.004694,0.004909,-0.009603,-0.017195,0.014852,-0.032047,0.036332,0.098433,-0.062102,0.163741,0.136793,0.026948
TEL.OL,2020-04-28,1.67,positive,Q3,-0.001916,0.004166,-0.006081,-0.067241,-0.017491,-0.04975,-0.020307,0.055976,-0.076283,-0.076533,0.060083,-0.136615
NHY.OL,2020-04-29,175.0,positive,Q5,-0.06204,-0.03281,-0.02923,-0.078864,-0.003347,-0.075517,0.026814,0.071525,-0.044711,-0.029443,0.062721,-0.092164
AKSO.OL,2020-04-30,-20.75,negative,Q2,0.022727,0.015889,0.006838,-0.054545,0.023895,-0.07844,0.263636,0.109763,0.153874,1.386364,0.118158,1.268205
STB.OL,2020-04-30,15.49,positive,Q4,-0.007791,0.015889,-0.02368,-0.065343,0.023895,-0.089238,0.112842,0.109763,0.00308,0.023875,0.118158,-0.094283
ENTRA.OL,2020-04-30,-18.86,negative,Q2,-0.004857,0.015889,-0.020746,-0.000825,0.023895,-0.02472,0.064699,0.109763,-0.045063,0.035557,0.118158,-0.082601
DNB.OL,2020-04-30,27.44,positive,Q5,0.000838,0.015889,-0.015051,-0.016884,0.023895,-0.040779,0.17459,0.109763,0.064827,0.198659,0.118158,0.080501
BAKKA.OL,2020-05-05,-14.71,negative,Q2,0.011314,0.01271,-0.001396,0.091497,0.014357,0.07714,0.157553,0.149451,0.008102,0.062257,0.140864,-0.078606
SCHB.OL,2020-05-06,-285.0,negative,Q1,-0.03437,0.018622,-0.052991,-0.072393,-0.025752,-0.046641,0.057964,0.112031,-0.054067,0.438073,0.126834,0.311239
SCHA.OL,2020-05-06,-202.78,negative,Q1,-0.04361,0.018622,-0.062232,-0.06524,-0.025752,-0.039488,0.073403,0.112031,-0.038628,0.50688,0.126834,0.380046
GSF.OL,2020-05-07,64.25,positive,Q5,-0.04621,-0.006374,-0.039837,-0.068041,-0.021202,-0.046839,0.071476,0.089336,-0.01786,-0.047207,0.104177,-0.151384
SRBNK.OL,2020-05-07,-52.22,negative,Q1,-0.050511,-0.006374,-0.044137,-0.055138,-0.021202,-0.033936,0.160401,0.089336,0.071065,0.190669,0.104177,0.086492
EQNR.OL,2020-05-07,-19.05,negative,Q2,0.00354,-0.006374,0.009914,0.009226,-0.021202,0.030428,0.081751,0.089336,-0.007586,0.039695,0.104177,-0.064481
VEI.OL,2020-05-07,-275.0,negative,Q1,0.0,-0.006374,0.006374,-0.017738,-0.021202,0.003464,0.164887,0.089336,0.075551,0.384253,0.104177,0.280077
SPOL.OL,2020-05-08,-7.6,negative,Q2,-0.004847,0.006248,-0.011095,0.018136,0.010484,0.007652,0.072389,0.060229,0.01216,0.061445,0.113818,-0.052373
KOG.OL,2020-05-08,2.97,positive,Q3,-0.009048,0.006248,-0.015296,-0.073564,0.010484,-0.084049,-0.04642,0.060229,-0.106649,-0.053108,0.113818,-0.166926
MING.OL,2020-05-08,2.44,positive,Q3,-0.02066,0.006248,-0.026908,0.0,0.010484,-0.010484,0.085224,0.060229,0.024995,0.147021,0.113818,0.033203
NONG.OL,2020-05-13,-7.45,negative,Q2,0.01402,0.023379,-0.009359,0.020902,0.057997,-0.037094,0.133571,0.117304,0.016268,0.19169,0.185673,0.006017
BONHR.OL,2020-05-13,203.6,positive,Q5,0.017467,0.023379,-0.005912,0.066686,0.057997,0.008689,0.174667,0.117304,0.057364,0.226952,0.185673,0.041279
ELMRA.OL,2020-05-14,58.18,positive,Q5,0.0414,0.025793,0.015607,-0.01449,0.056164,-0.070654,-0.036319,0.083286,-0.119605,0.050997,0.148825,-0.097828
AUSS.OL,2020-05-14,-48.66,negative,Q1,0.000684,0.025793,-0.025109,0.044087,0.056164,-0.012077,0.018455,0.083286,-0.064831,0.128332,0.148825,-0.020493
LSG.OL,2020-05-14,-23.53,negative,Q2,0.010603,0.025793,-0.01519,0.067625,0.056164,0.011461,0.081291,0.083286,-0.001995,0.093073,0.148825,-0.055753
SB1NO.OL,2020-05-14,15.07,positive,Q4,0.024646,0.025793,-0.001147,0.036859,0.056164,-0.019305,0.155289,0.083286,0.072003,0.275245,0.148825,0.12642
AFG.OL,2020-05-15,-31.28,negative,Q1,0.001206,0.010588,-0.009381,0.02107,0.043764,-0.022694,0.082911,0.046649,0.036262,0.082911,0.119515,-0.036604
SALM.OL,2020-05-19,16.59,positive,Q4,-0.046352,-0.015463,-0.030889,-0.042648,0.019202,-0.06185,-0.069431,0.01628,-0.08571,0.015257,0.088117,-0.07286
OLT.OL,2020-05-20,102.15,positive,Q5,-0.011428,0.021607,-0.033034,0.083921,0.019246,0.064675,0.053388,0.041005,0.012383,0.190787,0.09768,0.093106
SBO.OL,2020-05-20,50.7,positive,Q5,-0.019692,0.021607,-0.041299,0.040615,0.019246,0.021369,0.038462,0.041005,-0.002543,0.154769,0.09768,0.057089
NANOV.OL,2020-05-26,25.27,positive,Q5,-0.018593,-0.002691,-0.015902,-0.034673,0.025319,-0.059992,0.019095,-0.020883,0.039979,0.463317,0.072005,0.391311
ENTRA.OL,2020-07-10,-17.37,negative,Q2,0.030999,0.004735,0.026264,0.019104,0.03185,-0.012746,0.011174,0.062818,-0.051644,0.094079,0.064907,0.029173
EPR.OL,2020-07-10,7.86,positive,Q4,0.024771,0.004735,0.020036,0.036272,0.03185,0.004422,-0.027426,0.062818,-0.090244,0.055146,0.064907,-0.009761
DNB.OL,2020-07-13,148.5,positive,Q5,0.022634,0.019018,0.003616,0.009561,0.04017,-0.030609,0.006146,0.063989,-0.057843,-0.072195,0.058198,-0.130394
GJF.OL,2020-07-14,11.11,positive,Q4,-0.010741,-0.00349,-0.007251,-0.009207,0.012097,-0.021304,-0.026156,0.046063,-0.072219,0.067029,0.038079,0.028951
AKRBP.OL,2020-07-14,-67.86,negative,Q1,-0.010556,-0.00349,-0.007066,0.023043,0.012097,0.010946,-0.000241,0.046063,-0.046304,-0.165762,0.038079,-0.20384
STB.OL,2020-07-15,-10.95,negative,Q2,-0.007974,0.007202,-0.015176,-0.020638,0.00949,-0.030128,0.004925,0.040883,-0.035958,-0.00727,0.040193,-0.047463
KOG.OL,2020-07-15,19.54,positive,Q4,-0.005629,0.007202,-0.012832,-0.002815,0.00949,-0.012305,-0.03659,0.040883,-0.077473,0.052674,0.040193,0.012481
ATEA.OL,2020-07-15,37.96,positive,Q5,-0.018128,0.007202,-0.02533,-0.027251,0.00949,-0.036741,-0.032701,0.040883,-0.073584,0.003673,0.040193,-0.03652
TEL.OL,2020-07-16,-32.13,negative,Q1,0.044795,0.004119,0.040676,0.00444,0.001239,0.003201,-0.007696,0.033048,-0.040744,0.066009,0.036341,0.029668
BRG.OL,2020-07-16,-20.47,negative,Q2,0.038026,0.004119,0.033907,0.048492,0.001239,0.047253,0.031112,0.033048,-0.001936,0.228346,0.036341,0.192005
ELK.OL,2020-07-17,-115.38,negative,Q1,-0.043091,0.012836,-0.055927,-0.056464,-0.005054,-0.051409,0.002972,0.022479,-0.019508,0.218425,0.015022,0.203403
SCATC.OL,2020-07-17,-247.06,negative,Q1,0.04118,0.012836,0.028344,-0.04319,-0.005054,-0.038135,0.003785,0.022479,-0.018694,0.340029,0.015022,0.325007
YAR.OL,2020-07-17,26.19,positive,Q5,-0.015279,0.012836,-0.028116,-0.010097,-0.005054,-0.005042,-0.004415,0.022479,-0.026894,-0.113828,0.015022,-0.128851
SCHA.OL,2020-07-17,463.89,positive,Q5,0.066079,0.012836,0.053243,0.135691,-0.005054,0.140746,0.244537,0.022479,0.222057,0.496373,0.015022,0.481351
NHY.OL,2020-07-22,-28.57,negative,Q1,-0.024096,-0.00103,-0.023066,-0.085843,-0.028723,-0.05712,-0.023594,0.017674,-0.041268,-0.047691,0.019777,-0.067468
EQNR.OL,2020-07-24,385.71,positive,Q5,-0.017421,-0.002317,-0.015103,-0.036835,-0.001784,-0.035051,0.044916,0.035832,0.009084,-0.076608,-0.006233,-0.070375
SPOL.OL,2020-08-05,19.09,positive,Q4,0.0,-0.00186,0.00186,-0.002333,0.02512,-0.027452,-0.014579,-0.015553,0.000974,-0.011226,-0.044756,0.03353
SRBNK.OL,2020-08-06,-34.64,negative,Q1,-0.002429,0.002302,-0.004731,0.012144,0.018377,-0.006233,0.018459,-0.003973,0.022432,0.029307,-0.030275,0.059582
MING.OL,2020-08-11,82.68,positive,Q5,-0.008941,0.001849,-0.01079,-0.046789,-0.011982,-0.034807,-0.026673,-0.027454,0.000781,0.038891,-0.006863,0.045755
NONG.OL,2020-08-12,37.04,positive,Q5,0.011979,-0.008425,0.020404,-0.002995,-0.020521,0.017526,-0.022032,-0.02612,0.004088,0.032513,-0.012023,0.044536
SB1NO.OL,2020-08-12,26.04,positive,Q5,0.000513,-0.008425,0.008939,-0.034565,-0.020521,-0.014044,0.00308,-0.02612,0.029201,0.086585,-0.012023,0.098607
PEXIP.OL,2020-08-12,1.47,positive,Q3,-0.033701,-0.008425,-0.025276,-0.085392,-0.020521,-0.064871,-0.10686,-0.02612,-0.08074,-0.337731,-0.012023,-0.325708
HEX.OL,2020-08-12,-5.0,negative,Q3,0.039529,-0.008425,0.047955,0.152941,-0.020521,0.173462,0.231765,-0.02612,0.257885,0.074353,-0.012023,0.086376
VEI.OL,2020-08-13,6.53,positive,Q3,-0.006208,-0.000379,-0.005829,-0.024832,-0.013019,-0.011813,-0.085265,-0.020464,-0.064801,-0.102369,0.00754,-0.109909
OLT.OL,2020-08-14,29.53,positive,Q5,-0.009357,-0.006154,-0.003203,-0.009357,0.005018,-0.014375,-0.06557,-0.009563,-0.056008,-0.06557,0.007974,-0.073544
SBO.OL,2020-08-18,-27.78,negative,Q1,0.041054,-0.006809,0.047863,0.037171,0.003637,0.033533,0.049098,0.002252,0.046846,0.015257,0.03541,-0.020153
AUSS.OL,2020-08-20,16.96,positive,Q4,0.011053,0.017889,-0.006836,-0.00679,0.002451,-0.00924,-0.02858,-0.02457,-0.004011,0.027791,0.047924,-0.020134
ELMRA.OL,2020-08-20,34.72,positive,Q5,-0.005394,0.017889,-0.023283,-0.005394,0.002451,-0.007844,-0.029327,-0.02457,-0.004758,-0.119501,0.047924,-0.167426
LSG.OL,2020-08-20,-4.55,negative,Q3,0.010696,0.017889,-0.007193,0.010696,0.002451,0.008246,-0.016386,-0.02457,0.008184,0.057579,0.047924,0.009654
AFG.OL,2020-08-21,-7.14,negative,Q2,-0.03699,-0.003266,-0.033724,-0.038115,-0.019208,-0.018908,-0.038115,-0.029623,-0.008493,0.019133,0.018883,0.000249
BAKKA.OL,2020-08-25,-14.88,negative,Q2,0.005532,-0.003055,0.008587,0.005532,-0.017372,0.022904,0.051568,-0.032216,0.083784,0.03315,0.043436,-0.010286
SALM.OL,2020-08-27,-13.06,negative,Q2,-0.00732,-0.004103,-0.003218,-0.012352,-0.02114,0.008789,0.074642,-0.011713,0.086355,0.002742,0.07001,-0.067269
NANOV.OL,2020-08-27,-4.55,negative,Q3,-0.033191,-0.004103,-0.029089,-0.102128,-0.02114,-0.080987,-0.340426,-0.011713,-0.328713,-0.431915,0.07001,-0.501925
SCATC.OL,2020-10-16,-143.88,negative,Q1,-0.008871,-0.007136,-0.001735,-0.155645,-0.05271,-0.102935,-0.03629,0.032853,-0.069143,0.484677,0.125826,0.358851
ENTRA.OL,2020-10-16,-11.11,negative,Q2,-0.009545,-0.007136,-0.002408,-0.071953,-0.05271,-0.019243,0.056453,0.032853,0.0236,0.407897,0.125826,0.282071
GJF.OL,2020-10-20,11.11,positive,Q4,-0.007761,-0.010667,0.002906,-0.0613,-0.066493,0.005193,0.007169,0.054126,-0.046956,0.028611,0.129487,-0.100877
YAR.OL,2020-10-20,7.32,positive,Q3,-0.004432,-0.010667,0.006235,-0.031717,-0.066493,0.034776,0.109967,0.054126,0.055841,0.194647,0.129487,0.06516
STB.OL,2020-10-21,54.47,positive,Q5,0.003956,0.01307,-0.009114,-0.107253,-0.044452,-0.0628,0.117143,0.07173,0.045412,0.176264,0.143691,0.032573
BRG.OL,2020-10-21,-13.85,negative,Q2,0.053328,0.01307,0.040258,-0.010961,-0.044452,0.033491,0.0408,0.07173,-0.03093,0.23358,0.143691,0.089889
TEL.OL,2020-10-21,3.89,positive,Q3,0.008509,0.01307,-0.004561,-0.028237,-0.044452,0.016215,-0.005236,0.07173,-0.076966,-0.065638,0.143691,-0.209329
ATEA.OL,2020-10-21,25.78,positive,Q5,0.019354,0.01307,0.006284,-0.038708,-0.044452,0.005744,0.01798,0.07173,-0.053751,0.206825,0.143691,0.063135
DNB.OL,2020-10-22,29.15,positive,Q5,-0.030724,-0.030438,-0.000286,-0.080714,-0.055192,-0.025522,0.135774,0.070178,0.065595,0.199655,0.131594,0.068061
NONG.OL,2020-10-23,37.35,positive,Q5,-0.014117,-0.008826,-0.00529,0.014117,-0.010431,0.024548,0.190346,0.124893,0.065453,0.213798,0.173114,0.040684
BONHR.OL,2020-10-23,-99.55,negative,Q1,-0.010999,-0.008826,-0.002172,0.030012,-0.010431,0.040443,0.135025,0.124893,0.010132,0.109987,0.173114,-0.063126
ELK.OL,2020-10-27,-228.57,negative,Q1,0.036775,0.012691,0.024084,0.136492,0.050463,0.086029,0.537482,0.168061,0.369422,0.532532,0.249115,0.283416
SCHA.OL,2020-10-28,-1.23,negative,Q3,0.001042,0.001684,-0.000642,0.054041,0.042121,0.011919,-0.001007,0.165439,-0.166446,-0.116764,0.238353,-0.355117
AKSO.OL,2020-10-28,-20.41,negative,Q2,0.045238,0.001684,0.043554,0.178571,0.042121,0.13645,0.67381,0.165439,0.508371,0.738095,0.238353,0.499743
EQNR.OL,2020-10-29,-33.33,negative,Q1,0.034596,0.015496,0.0191,0.02185,0.039375,-0.017525,0.163268,0.143478,0.01979,0.296795,0.235425,0.061371
AKRBP.OL,2020-10-29,15.79,positive,Q4,0.036792,0.015496,0.021296,0.041147,0.039375,0.001773,0.358763,0.143478,0.215285,0.464634,0.235425,0.22921
SRBNK.OL,2020-10-29,5.32,positive,Q3,0.026391,0.015496,0.010895,0.046731,0.039375,0.007356,0.172802,0.143478,0.029324,0.276349,0.235425,0.040924
MING.OL,2020-10-30,10.33,positive,Q4,0.012833,0.006397,0.006436,0.09108,0.070622,0.020458,0.114397,0.131705,-0.017307,0.204225,0.221494,-0.017269
EPR.OL,2020-10-30,32.18,positive,Q5,-0.005251,0.006397,-0.011647,-0.029404,0.070622,-0.100026,-0.004463,0.131705,-0.136168,0.012077,0.221494,-0.209417
KOG.OL,2020-10-30,82.31,positive,Q5,0.007939,0.006397,0.001543,0.006496,0.070622,-0.064126,0.134608,0.131705,0.002904,0.133526,0.221494,-0.087968
SPOL.OL,2020-10-30,23.22,positive,Q4,0.004592,0.006397,-0.001805,0.041031,0.070622,-0.029591,0.076433,0.131705,-0.055272,0.157458,0.221494,-0.064036
SB1NO.OL,2020-11-06,42.22,positive,Q5,0.016488,-0.003355,0.019843,0.022411,0.030073,-0.007662,0.032336,0.058463,-0.026128,0.138787,0.142782,-0.003995
BAKKA.OL,2020-11-10,-34.87,negative,Q1,0.0,5.2e-05,-5.2e-05,0.017872,0.026542,-0.00867,-0.063034,0.062415,-0.125449,0.110718,0.126144,-0.015426
PEXIP.OL,2020-11-10,-150.0,negative,Q1,0.005714,5.2e-05,0.005662,0.146667,0.026542,0.120125,0.020952,0.062415,-0.041462,0.905524,0.126144,0.77938
LSG.OL,2020-11-11,37.5,positive,Q5,-0.027273,0.001639,-0.028911,-0.046089,0.015895,-0.061984,-0.064905,0.057527,-0.122432,0.175053,0.137534,0.037518
SBO.OL,2020-11-11,-36.05,negative,Q1,0.001927,0.001639,0.000289,-0.019824,0.015895,-0.035719,0.021476,0.057527,-0.036051,0.109857,0.137534,-0.027678
AUSS.OL,2020-11-11,19.44,positive,Q4,-0.01745,0.001639,-0.019088,-0.030002,0.015895,-0.045897,-0.02893,0.057527,-0.086457,0.176489,0.137534,0.038954
ELMRA.OL,2020-11-12,11.76,positive,Q4,-0.022569,0.02036,-0.042929,-0.041468,0.020172,-0.06164,-0.067523,0.054911,-0.122434,-0.278165,0.140164,-0.41833
OLT.OL,2020-11-12,15.34,positive,Q4,0.043939,0.02036,0.023579,0.037221,0.020172,0.017049,0.148728,0.054911,0.093816,0.162241,0.140164,0.022077
VEI.OL,2020-11-12,103.64,positive,Q5,0.020757,0.02036,0.000397,0.036684,0.020172,0.016512,0.021279,0.054911,-0.033632,0.065535,0.140164,-0.074629
SALM.OL,2020-11-12,18.6,positive,Q4,0.035382,0.02036,0.015022,-0.053085,0.020172,-0.073258,-0.091129,0.054911,-0.14604,0.153493,0.140164,0.013329
AFG.OL,2020-11-13,34.83,positive,Q5,-0.002309,-0.000909,-0.0014,-0.008193,0.011417,-0.01961,-0.021004,0.032963,-0.053967,0.023387,0.127626,-0.104238
GSF.OL,2020-11-17,-20.49,negative,Q2,-0.020861,-0.01032,-0.010541,-0.003939,0.023578,-0.027517,0.001313,0.03525,-0.033937,0.079796,0.114627,-0.034831
NANOV.OL,2020-11-19,10.88,positive,Q4,0.021491,0.011603,0.009888,-0.041639,0.039098,-0.080736,0.020819,0.022521,-0.001702,0.820315,0.146054,0.674261
GJF.OL,2021-01-22,48.46,positive,Q5,-0.01691,-0.015964,-0.000946,0.015967,0.007416,0.008551,-0.008926,0.034324,-0.04325,-0.013264,0.101028,-0.114292
TEL.OL,2021-02-02,32.77,positive,Q5,-0.000294,0.003966,-0.00426,-0.015501,-0.000427,-0.015074,0.038556,0.066942,-0.028386,0.019327,0.071567,-0.05224
BRG.OL,2021-02-03,22.22,positive,Q4,0.002379,-0.000685,0.003063,-0.033366,-0.000287,-0.03308,0.017839,0.070211,-0.052372,0.075124,0.077131,-0.002007
AKRBP.OL,2021-02-04,24.39,positive,Q4,-0.012919,0.004045,-0.016964,-0.020712,-0.004212,-0.0165,0.208551,0.073536,0.135015,0.104481,0.058781,0.0457
EPR.OL,2021-02-04,10.4,positive,Q4,-0.0297,0.004045,-0.033746,-0.067959,-0.004212,-0.063747,-0.040524,0.073536,-0.11406,0.096652,0.058781,0.037871
MING.OL,2021-02-05,-10.36,negative,Q2,-0.019363,-0.005098,-0.014265,-0.02911,0.001632,-0.030742,0.048473,0.068621,-0.020148,0.151527,0.07041,0.081117
XXL.OL,2021-02-05,-73.68,negative,Q1,-0.054405,-0.005098,-0.049306,-0.096639,0.001632,-0.098271,-0.081593,0.068621,-0.150215,0.024397,0.07041,-0.046013
YAR.OL,2021-02-09,13.43,positive,Q4,0.011976,0.004107,0.00787,0.001455,0.00249,-0.001035,0.038602,0.075612,-0.03701,0.088944,0.090905,-0.001961
ATEA.OL,2021-02-09,21.9,positive,Q4,0.011516,0.004107,0.007409,0.017274,0.00249,0.014784,0.017274,0.075612,-0.058338,0.195412,0.090905,0.104507
STB.OL,2021-02-10,25.29,positive,Q5,-0.006731,-0.004608,-0.002123,0.01933,0.008541,0.01079,0.161029,0.067687,0.093342,0.211598,0.094688,0.11691
ELK.OL,2021-02-10,-32.79,negative,Q1,-0.052178,-0.004608,-0.04757,-0.048728,0.008541,-0.057269,0.169901,0.067687,0.102214,-0.027598,0.094688,-0.122286
DNB.OL,2021-02-10,40.96,positive,Q5,-0.012859,-0.004608,-0.008251,0.020097,0.008541,0.011556,0.180192,0.067687,0.112505,0.161628,0.094688,0.06694
EQNR.OL,2021-02-10,-230.77,negative,Q1,-0.014707,-0.004608,-0.010099,0.019926,0.008541,0.011385,0.122023,0.067687,0.054336,0.180093,0.094688,0.085405
SVEG.OL,2021-02-10,40.39,positive,Q5,-0.002715,-0.004608,0.001893,0.016109,0.008541,0.007568,0.096471,0.067687,0.028784,0.206878,0.094688,0.11219
SRBNK.OL,2021-02-11,20.2,positive,Q4,0.009424,0.009937,-0.000514,0.031192,0.017216,0.013976,0.136581,0.071895,0.064686,0.265994,0.112807,0.153187
PEXIP.OL,2021-02-11,33.33,positive,Q5,-0.014448,0.009937,-0.024386,-0.015339,0.017216,-0.032555,-0.125977,0.071895,-0.197873,-0.335181,0.112807,-0.447988
NONG.OL,2021-02-11,-35.26,negative,Q1,0.009312,0.009937,-0.000625,0.010642,0.017216,-0.006574,0.081338,0.071895,0.009443,0.127518,0.112807,0.014711
KOG.OL,2021-02-11,44.12,positive,Q5,-0.052616,0.009937,-0.062554,-0.035465,0.017216,-0.052681,-0.014826,0.071895,-0.086721,0.179942,0.112807,0.067135
SB1NO.OL,2021-02-11,20.24,positive,Q4,0.009364,0.009937,-0.000573,0.031215,0.017216,0.013998,0.139614,0.071895,0.067719,0.269438,0.112807,0.156631
NHY.OL,2021-02-12,-5.41,negative,Q3,0.024809,-0.018593,0.043402,0.144084,0.016412,0.127672,0.264631,0.054942,0.209689,0.378181,0.115038,0.263142
VOLUE.OL,2021-02-12,55.0,positive,Q5,-0.032258,-0.018593,-0.013665,-0.1,0.016412,-0.116412,-0.16129,0.054942,-0.216232,-0.205645,0.115038,-0.320684
SPOL.OL,2021-02-12,16.88,positive,Q4,0.0,-0.018593,0.018593,0.002028,0.016412,-0.014384,0.097706,0.054942,0.042764,0.165125,0.115038,0.050086
AFG.OL,2021-02-12,26.71,positive,Q5,-0.031306,-0.018593,-0.012712,-0.022412,0.016412,-0.038824,-0.01117,0.054942,-0.066112,0.12693,0.115038,0.011892
ENTRA.OL,2021-02-12,-22.16,negative,Q2,0.0,-0.018593,0.018593,-0.052032,0.016412,-0.068443,-0.037825,0.054942,-0.092767,0.049459,0.115038,-0.065579
VEI.OL,2021-02-12,36.99,positive,Q5,-0.02705,-0.018593,-0.008457,-0.009017,0.016412,-0.025428,0.07189,0.054942,0.016948,0.171561,0.115038,0.056523
SCHA.OL,2021-02-12,93.53,positive,Q5,-0.00932,-0.018593,0.009273,-0.009893,0.016412,-0.026305,0.029986,0.054942,-0.024956,0.158944,0.115038,0.043906
CRAYN.OL,2021-02-16,28.05,positive,Q5,0.025298,0.011958,0.01334,0.0625,0.05014,0.01236,0.019345,0.076541,-0.057196,-0.084821,0.138921,-0.223742
OLT.OL,2021-02-17,14.66,positive,Q4,-0.005831,0.010167,-0.015998,-0.00878,0.016043,-0.024823,-0.05865,0.051623,-0.110273,0.055769,0.126574,-0.070806
SBO.OL,2021-02-17,11.93,positive,Q4,0.00174,0.010167,-0.008428,-0.00174,0.016043,-0.017783,0.118787,0.051623,0.067164,0.095924,0.126574,-0.03065
BONHR.OL,2021-02-19,-47.27,negative,Q1,-0.004354,0.003954,-0.008308,0.004402,0.026662,-0.02226,-0.01311,0.04492,-0.05803,0.104881,0.12231,-0.017428
ELMRA.OL,2021-02-19,-65.41,negative,Q1,0.0,0.003954,-0.003954,0.072191,0.026662,0.045529,0.108287,0.04492,0.063367,-0.029232,0.12231,-0.151542
LSG.OL,2021-02-19,18.75,positive,Q4,0.019611,0.003954,0.015657,0.0466,0.026662,0.019937,0.02375,0.04492,-0.02117,0.201691,0.12231,0.079382
AUSS.OL,2021-02-19,155.38,positive,Q5,0.015222,0.003954,0.011268,0.056076,0.026662,0.029414,0.033568,0.04492,-0.011352,0.262816,0.12231,0.140506
QFUEL.OL,2021-02-23,-11.76,negative,Q2,0.037157,0.013973,0.023183,-0.038772,0.013611,-0.052383,-0.274637,0.035191,-0.309828,-0.305331,0.102241,-0.407573
BAKKA.OL,2021-02-23,-122.45,negative,Q1,0.036907,0.013973,0.022933,0.060708,0.013611,0.047097,0.050048,0.035191,0.014857,0.256651,0.102241,0.15441
TOM.OL,2021-02-23,21.84,positive,Q4,-0.036506,0.013973,-0.050479,-0.071429,0.013611,-0.08504,-0.03214,0.035191,-0.067331,0.123104,0.102241,0.020862
SALM.OL,2021-02-25,13.04,positive,Q4,0.024548,0.020725,0.003824,0.058911,0.040628,0.018283,0.029813,0.044669,-0.014856,0.094293,0.108877,-0.014584
GJF.OL,2021-04-22,17.03,positive,Q4,-0.007695,0.010137,-0.017832,-0.026462,0.005164,-0.031626,-0.043165,0.052151,-0.095316,0.043666,0.052394,-0.008728
ENTRA.OL,2021-04-23,-23.16,negative,Q2,-0.007947,-0.001029,-0.006917,0.007425,0.000969,0.006455,0.045998,0.042621,0.003376,0.155394,0.040674,0.11472
XXL.OL,2021-04-23,-150.0,negative,Q1,0.080462,-0.001029,0.081491,0.042126,0.000969,0.041157,-0.026821,0.042621,-0.069442,-0.096737,0.040674,-0.137411
TOM.OL,2021-04-23,-15.56,negative,Q2,-0.016608,-0.001029,-0.015579,0.010833,0.000969,0.009864,0.041085,0.042621,-0.001536,0.260003,0.040674,0.219329
YAR.OL,2021-04-23,-19.19,negative,Q2,0.007197,-0.001029,0.008226,0.018633,0.000969,0.017664,0.096024,0.042621,0.053402,0.119454,0.040674,0.07878
ELK.OL,2021-04-26,64.79,positive,Q5,-0.02005,0.008234,-0.028284,-0.068505,-0.003675,-0.06483,-0.038847,0.050316,-0.089163,0.048872,0.047147,0.001725
NHY.OL,2021-04-27,19.79,positive,Q4,-0.001714,0.000622,-0.002336,0.023262,-0.0136,0.036862,0.020078,0.040196,-0.020118,0.093046,0.039711,0.053335
STB.OL,2021-04-28,-6.2,negative,Q2,-0.017229,-0.012647,-0.004582,-0.00876,0.002085,-0.010846,0.012557,0.035899,-0.023342,-0.035188,0.039133,-0.074321
BRG.OL,2021-04-28,13.18,positive,Q4,0.015524,-0.012647,0.028171,0.040992,0.002085,0.038907,0.015524,0.035899,-0.020375,0.229277,0.039133,0.190144
AKRBP.OL,2021-04-28,-6.38,negative,Q2,-0.028495,-0.012647,-0.015848,0.007339,0.002085,0.005254,0.069992,0.035899,0.034093,-0.01871,0.039133,-0.057843
QFUEL.OL,2021-04-28,-364.29,negative,Q1,-0.067172,-0.012647,-0.054525,-0.141919,0.002085,-0.144004,0.085859,0.035899,0.04996,-0.206061,0.039133,-0.245193
DNB.OL,2021-04-29,13.71,positive,Q4,0.008985,0.005922,0.003063,0.017592,0.013387,0.004205,0.041374,0.050038,-0.008664,0.056701,0.053883,0.002818
EPR.OL,2021-04-29,441.67,positive,Q5,0.000922,0.005922,-0.005,-0.002535,0.013387,-0.015921,-0.000691,0.050038,-0.05073,0.119585,0.053883,0.065702
EQNR.OL,2021-04-29,7.89,positive,Q4,0.004976,0.005922,-0.000946,0.062543,0.013387,0.049156,0.133751,0.050038,0.083712,0.069578,0.053883,0.015695
ATEA.OL,2021-04-29,-4.24,negative,Q3,-0.003699,0.005922,-0.00962,-0.017491,0.013387,-0.030878,0.027585,0.050038,-0.022453,0.042611,0.053883,-0.011272
KOG.OL,2021-04-30,6.54,positive,Q3,-0.011958,-0.005664,-0.006294,-0.028151,-0.014388,-0.013764,-0.00573,0.041697,-0.047427,0.169158,0.053317,0.115841
SPOL.OL,2021-04-30,13.6,positive,Q4,-0.013574,-0.005664,-0.007909,-0.042458,-0.014388,-0.028071,0.005104,0.041697,-0.036594,0.051037,0.053317,-0.00228
TEL.OL,2021-05-04,-5.0,negative,Q3,0.006555,0.016533,-0.009978,0.026123,0.005292,0.02083,0.02309,0.060202,-0.037112,0.114372,0.067618,0.046754
AKSO.OL,2021-05-05,115.91,positive,Q5,0.016736,-0.001512,0.018248,-0.052999,-0.028571,-0.024428,0.129707,0.034049,0.095658,0.016736,0.051681,-0.034944
PEXIP.OL,2021-05-06,23.61,positive,Q4,-0.054689,-0.001512,-0.053177,-0.162709,-0.028571,-0.134138,-0.089022,0.034049,-0.123071,-0.129597,0.051681,-0.181278
VEI.OL,2021-05-06,174.09,positive,Q5,-0.001628,-0.001512,-0.000116,-0.02681,-0.028571,0.001761,0.023554,0.034049,-0.010495,-0.065342,0.051681,-0.117023
SRBNK.OL,2021-05-06,27.44,positive,Q5,0.008871,-0.001512,0.010383,-0.015071,-0.028571,0.0135,0.007909,0.034049,-0.02614,0.077704,0.051681,0.026023
VOLUE.OL,2021-05-06,-22.73,negative,Q2,-0.006682,-0.001512,-0.00517,-0.002227,-0.028571,0.026344,0.044543,0.034049,0.010494,0.053452,0.051681,0.001771
SCHA.OL,2021-05-06,11.9,positive,Q4,-0.030636,-0.001512,-0.029124,-0.086138,-0.028571,-0.057567,-0.030863,0.034049,-0.064912,0.134637,0.051681,0.082956
SVEG.OL,2021-05-06,16.48,positive,Q4,0.005738,-0.001512,0.00725,-0.00453,-0.028571,0.024041,0.021897,0.034049,-0.012152,0.044851,0.051681,-0.00683
MING.OL,2021-05-07,49.12,positive,Q5,-0.013362,-0.021648,0.008286,-0.013362,-0.012436,-0.000926,0.008462,0.033497,-0.025034,0.079056,0.043704,0.035352
BAKKA.OL,2021-05-11,27.16,positive,Q5,0.016631,0.009178,0.007452,0.062755,0.017611,0.045144,0.071504,0.029381,0.042123,0.084052,0.069474,0.014578
AFG.OL,2021-05-11,-3.13,negative,Q3,-0.003081,0.009178,-0.012259,0.015662,0.017611,-0.001949,0.001027,0.029381,-0.028354,-0.016625,0.069474,-0.086099
HPUR.OL,2021-05-11,-50.0,negative,Q1,0.011002,0.009178,0.001824,0.040737,0.017611,0.023126,0.005055,0.029381,-0.024326,-0.111805,0.069474,-0.181279
SB1NO.OL,2021-05-12,10.2,positive,Q4,-0.000915,0.009178,-0.010093,0.009719,0.017611,-0.007892,0.013263,0.029381,-0.016118,0.077064,0.069474,0.00759
HEX.OL,2021-05-12,-56.67,negative,Q1,0.003333,0.009178,-0.005845,0.030555,0.017611,0.012944,-0.055556,0.029381,-0.084936,-0.083333,0.069474,-0.152807
GSF.OL,2021-05-12,-50.0,negative,Q1,0.032189,0.009178,0.023011,0.105263,0.017611,0.087652,0.137452,0.029381,0.108071,0.125095,0.069474,0.055621
ELMRA.OL,2021-05-12,-48.66,negative,Q1,0.047341,0.009178,0.038162,0.07491,0.017611,0.057298,0.003899,0.029381,-0.025482,-0.069897,0.069474,-0.139371
NONG.OL,2021-05-12,26.47,positive,Q5,-0.005823,0.009178,-0.015001,-0.028115,0.017611,-0.045726,0.003494,0.029381,-0.025887,0.026784,0.069474,-0.04269
SALM.OL,2021-05-12,4.83,positive,Q3,0.009008,0.009178,-0.00017,0.063851,0.017611,0.04624,0.090404,0.029381,0.061023,0.024515,0.069474,-0.044959
OLT.OL,2021-05-19,-8.91,negative,Q2,0.046508,0.016985,0.029523,0.026722,0.043393,-0.016671,0.04882,0.046606,0.002215,0.122051,0.062144,0.059907
AUSS.OL,2021-05-20,-79.66,negative,Q1,-0.01045,-0.005598,-0.004852,0.042135,0.028457,0.013678,-0.00289,0.028736,-0.031627,0.010673,0.046522,-0.035849
LSG.OL,2021-05-20,-7.94,negative,Q2,-0.004133,-0.005598,0.001465,0.036401,0.028457,0.007944,-0.000477,0.028736,-0.029213,0.01828,0.046522,-0.028242
BOUV.OL,2021-05-20,-11.84,negative,Q2,-0.030533,-0.005598,-0.024935,-0.022946,0.028457,-0.051403,-0.073279,0.028736,-0.102015,-0.109919,0.046522,-0.15644
NANOV.OL,2021-05-26,0.0,negative,Q3,-0.014902,0.011868,-0.02677,-0.031373,0.033989,-0.065361,0.018039,0.023135,-0.005096,-0.233725,0.05152,-0.285245
SBO.OL,2021-05-26,24.24,positive,Q4,-0.01301,0.011868,-0.024877,-0.021032,0.033989,-0.055021,-0.064831,0.023135,-0.087966,-0.041197,0.05152,-0.092717
DNB.OL,2021-07-13,25.91,positive,Q5,-0.007484,-0.008697,0.001213,-0.059362,-0.018219,-0.041144,0.01395,0.008901,0.005049,0.109424,0.047166,0.062258
GJF.OL,2021-07-14,25.09,positive,Q5,-0.00244,-0.009053,0.006614,-0.015114,-0.00986,-0.005254,0.033262,0.019135,0.014126,-0.036416,0.058188,-0.094604
KOG.OL,2021-07-14,17.53,positive,Q4,-0.032148,-0.009053,-0.023095,-0.011284,-0.00986,-0.001424,0.00149,0.019135,-0.017645,0.022355,0.058188,-0.035834
BONHR.OL,2021-07-14,-201.56,negative,Q1,-0.001847,-0.009053,0.007207,0.035125,-0.00986,0.044985,0.094256,0.019135,0.07512,0.121994,0.058188,0.063806
ENTRA.OL,2021-07-14,-20.65,negative,Q2,0.004895,-0.009053,0.013949,0.004895,-0.00986,0.014755,0.122546,0.019135,0.10341,-0.036688,0.058188,-0.094877
STB.OL,2021-07-14,18.02,positive,Q4,-0.02006,-0.009053,-0.011007,-0.041478,-0.00986,-0.031618,0.022172,0.019135,0.003036,0.111463,0.058188,0.053275
AKRBP.OL,2021-07-15,-15.69,negative,Q2,-0.03025,-0.02392,-0.00633,-0.016561,-0.001354,-0.015207,-0.064898,0.019103,-0.084001,0.28374,0.075132,0.208608
XXL.OL,2021-07-15,106.67,positive,Q5,-0.048728,-0.02392,-0.024808,-0.016253,-0.001354,-0.014899,-0.059906,0.019103,-0.079008,-0.175941,0.075132,-0.251073
ATEA.OL,2021-07-15,10.14,positive,Q4,-0.047147,-0.02392,-0.023227,0.003549,-0.001354,0.004902,-0.028317,0.019103,-0.04742,-0.110733,0.075132,-0.185865
EPR.OL,2021-07-15,57.14,positive,Q5,-0.021277,-0.02392,0.002643,0.049084,-0.001354,0.050437,0.015167,0.019103,-0.003935,0.004213,0.075132,-0.070918
AKSO.OL,2021-07-15,380.0,positive,Q5,-0.04336,-0.02392,-0.019441,0.036585,-0.001354,0.037939,-0.028455,0.019103,-0.047558,0.387534,0.075132,0.312402
BRG.OL,2021-07-15,43.56,positive,Q5,-0.00938,-0.02392,0.01454,0.044733,-0.001354,0.046087,0.058854,0.019103,0.039751,0.018862,0.075132,-0.05627
ELK.OL,2021-07-16,1.04,positive,Q3,0.027315,0.012134,0.015182,0.076825,0.029858,0.046966,0.09475,0.047744,0.047006,0.168587,0.11443,0.054158
TOM.OL,2021-07-16,1.05,positive,Q3,0.015886,0.012134,0.003752,0.024001,0.029858,-0.005858,0.057018,0.047744,0.009273,-0.00614,0.11443,-0.120569
SCHA.OL,2021-07-16,-13.69,negative,Q2,0.019018,0.012134,0.006884,0.021663,0.029858,-0.008195,0.025645,0.047744,-0.022099,-0.012392,0.11443,-0.126821
YAR.OL,2021-07-16,-5.96,negative,Q2,0.027564,0.012134,0.01543,0.018105,0.029858,-0.011753,-0.035079,0.047744,-0.082823,-0.03064,0.11443,-0.145069
TEL.OL,2021-07-20,-22.48,negative,Q2,-0.008137,-0.000258,-0.00788,-0.000358,-0.000914,0.000556,0.025932,0.008817,0.017115,-0.078333,0.094586,-0.172919
NHY.OL,2021-07-23,13.28,positive,Q4,0.013321,-0.004503,0.017824,0.039061,0.003561,0.0355,0.030932,0.020953,0.009979,0.143599,0.098289,0.04531
SCATC.OL,2021-07-23,45.0,positive,Q5,0.001587,-0.004503,0.00609,0.011905,0.003561,0.008344,-0.003968,0.020953,-0.024922,-0.122751,0.098289,-0.22104
EQNR.OL,2021-07-28,-7.69,negative,Q2,-0.014951,-0.003639,-0.011312,0.013382,0.00976,0.003622,0.090121,0.032852,0.057269,0.339914,0.100954,0.23896
SPOL.OL,2021-08-10,21.51,positive,Q4,0.031975,0.004623,0.027352,0.011135,0.002494,0.008641,0.001532,0.009286,-0.007754,0.138421,0.098919,0.039501
HPUR.OL,2021-08-10,-23.33,negative,Q2,-0.047746,0.004623,-0.052369,-0.114176,0.002494,-0.11667,0.032028,0.009286,0.022743,-0.116548,0.098919,-0.215468
SRBNK.OL,2021-08-11,16.79,positive,Q4,0.008199,0.001359,0.006841,-0.014099,-0.0183,0.004202,-0.052095,0.003777,-0.055871,0.118288,0.090272,0.028016
CRAYN.OL,2021-08-11,15.69,positive,Q4,0.001839,0.001359,0.000481,-0.057633,-0.0183,-0.039333,0.031882,0.003777,0.028106,0.236051,0.090272,0.145779
SVEG.OL,2021-08-12,19.23,positive,Q4,-0.001156,-0.009085,0.007929,-0.037433,-0.01918,-0.018253,-0.024281,0.00197,-0.026251,0.158983,0.088688,0.070294
PEXIP.OL,2021-08-12,46.97,positive,Q5,-0.056439,-0.009085,-0.047354,-0.033209,-0.01918,-0.014029,0.159495,0.00197,0.157524,-0.427814,0.088688,-0.516502
SB1NO.OL,2021-08-12,75.25,positive,Q5,0.003277,-0.009085,0.012363,-0.02051,-0.01918,-0.00133,-0.063114,0.00197,-0.065085,0.104028,0.088688,0.01534
HEX.OL,2021-08-12,-80.0,negative,Q1,-0.052569,-0.009085,-0.043484,-0.040165,-0.01918,-0.020985,-0.034849,0.00197,-0.03682,0.135853,0.088688,0.047165
NONG.OL,2021-08-12,34.72,positive,Q5,0.0,-0.009085,0.009085,-0.011278,-0.01918,0.007902,-0.002256,0.00197,-0.004226,0.214758,0.088688,0.126069
MING.OL,2021-08-12,21.45,positive,Q4,-0.001545,-0.009085,0.00754,-0.004636,-0.01918,0.014544,-0.037297,0.00197,-0.039267,0.134144,0.088688,0.045456
OLT.OL,2021-08-13,28.08,positive,Q5,-0.023144,0.003513,-0.026656,-0.028208,0.005012,-0.03322,0.008716,0.009715,-0.000999,0.025264,0.097195,-0.071931
SBO.OL,2021-08-18,-34.78,negative,Q1,0.010085,0.000461,0.009624,-0.008965,0.024737,-0.033702,-0.034962,0.018345,-0.053307,-0.132004,0.114353,-0.246357
GSF.OL,2021-08-18,-55.26,negative,Q1,0.038134,0.000461,0.037673,0.060768,0.024737,0.036031,0.000549,0.018345,-0.017796,0.111797,0.114353,-0.002556
AUSS.OL,2021-08-19,-79.67,negative,Q1,-0.01991,0.015356,-0.035266,-0.018197,0.028217,-0.046414,-0.096232,-0.005467,-0.090765,-0.042496,0.111674,-0.15417
LSG.OL,2021-08-19,-7.5,negative,Q2,-0.019608,0.015356,-0.034964,-0.019608,0.028217,-0.047825,-0.097735,-0.005467,-0.092268,-0.124335,0.111674,-0.236009
VEI.OL,2021-08-19,-6.54,negative,Q2,0.0,0.015356,-0.015356,-0.03038,0.028217,-0.058597,-0.016056,-0.005467,-0.010589,0.123253,0.111674,0.011579
BAKKA.OL,2021-08-24,-4.38,negative,Q3,-0.001042,0.001078,-0.00212,0.001563,-0.00569,0.007252,0.004956,0.007943,-0.002987,-0.163189,0.075154,-0.238343
BOUV.OL,2021-08-25,-6.06,negative,Q2,0.011611,0.003859,0.007753,0.073946,0.008995,0.064951,0.028519,0.00664,0.021879,0.29558,0.068763,0.226817
SALM.OL,2021-08-26,-40.64,negative,Q1,-0.014918,-0.003331,-0.011587,-0.013213,-0.001009,-0.012204,0.011183,0.007703,0.00348,0.020682,0.061379,-0.040697
ELMRA.OL,2021-08-26,24.64,positive,Q5,0.030011,-0.003331,0.033342,0.030837,-0.001009,0.031846,-0.051762,0.007703,-0.059466,-0.148128,0.061379,-0.209507
AFG.OL,2021-08-27,10.58,positive,Q4,0.009381,-0.014317,0.023699,0.010409,0.015225,-0.004816,-0.039645,0.008509,-0.048154,0.035983,0.064268,-0.028285
NANOV.OL,2021-08-27,12.61,positive,Q4,0.113262,-0.014317,0.12758,0.155857,0.015225,0.140631,0.153921,0.008509,0.145412,0.286544,0.064268,0.222276
QFUEL.OL,2021-08-31,166.67,positive,Q5,-0.007796,0.015863,-0.023659,-0.131821,0.013888,-0.14571,-0.104181,0.028529,-0.13271,0.008505,0.052866,-0.044361
ENTRA.OL,2021-10-19,-20.1,negative,Q2,0.016253,-0.003015,0.019268,0.028675,-0.00855,0.037225,-0.02676,-0.00195,-0.02481,-0.089389,-0.018458,-0.070931
YAR.OL,2021-10-20,-2.92,negative,Q3,0.015069,0.000865,0.014204,0.029683,-0.018439,0.048122,0.051846,0.001858,0.049988,0.095901,-0.01409,0.109991
GJF.OL,2021-10-20,5.28,positive,Q3,0.007154,0.000865,0.006289,0.009539,-0.018439,0.027978,0.0495,0.001858,0.047642,0.077245,-0.01409,0.091336
ATEA.OL,2021-10-21,6.13,positive,Q3,0.009272,0.001135,0.008137,0.044978,-0.02848,0.073457,0.085726,0.004224,0.081502,0.038715,-0.036207,0.074922
DNB.OL,2021-10-21,8.88,positive,Q4,-0.005596,0.001135,-0.006731,-0.024961,-0.02848,0.003519,0.024521,0.004224,0.020296,0.021628,-0.036207,0.057835
BRG.OL,2021-10-21,9.28,positive,Q4,-0.027912,0.001135,-0.029047,-0.046503,-0.02848,-0.018024,0.046503,0.004224,0.042279,-0.030255,-0.036207,0.005951
TOM.OL,2021-10-22,5.61,positive,Q3,0.032178,-0.000601,0.032778,0.091136,-0.013537,0.104673,0.171028,-0.001802,0.17283,-0.132472,-0.069959,-0.062513
NHY.OL,2021-10-26,2.56,positive,Q3,0.017188,-0.012959,0.030147,0.020501,-0.003018,0.02352,0.006005,0.002065,0.00394,0.129633,-0.025978,0.155611
EQNR.OL,2021-10-27,11.84,positive,Q4,-0.016318,-0.009373,-0.006944,0.025765,0.019973,0.005792,0.019026,-0.017383,0.036409,0.172888,-0.015604,0.188492
STB.OL,2021-10-27,21.71,positive,Q4,0.004206,-0.009373,0.013579,0.01104,0.019973,-0.008933,-0.06834,-0.017383,-0.050958,0.04705,-0.015604,0.062654
ELK.OL,2021-10-27,25.0,positive,Q5,-0.004723,-0.009373,0.004651,-0.005116,0.019973,-0.025089,-0.107044,-0.017383,-0.089662,-0.057458,-0.015604,-0.041853
SCHA.OL,2021-10-27,-38.86,negative,Q1,-0.030904,-0.009373,-0.021531,-0.016887,0.019973,-0.03686,-0.097406,-0.017383,-0.080023,-0.427252,-0.015604,-0.411648
SVEG.OL,2021-10-27,17.86,positive,Q4,0.001965,-0.009373,0.011339,-0.013234,0.019973,-0.033207,-0.003145,-0.017383,0.014238,0.087264,-0.015604,0.102869
TEL.OL,2021-10-28,-28.99,negative,Q1,0.003415,0.016533,-0.013118,0.025512,0.039233,-0.013721,0.03415,0.006476,0.027675,0.104661,-0.017988,0.122648
NONG.OL,2021-10-28,13.62,positive,Q4,-0.019493,0.016533,-0.036027,0.049847,0.039233,0.010614,0.02381,0.006476,0.017334,0.129908,-0.017988,0.147896
SRBNK.OL,2021-10-28,0.0,negative,Q3,-0.0216,0.016533,-0.038134,0.012395,0.039233,-0.026838,-0.018502,0.006476,-0.024977,0.033266,-0.017988,0.051254
XXL.OL,2021-10-28,-46.15,negative,Q1,0.029268,0.016533,0.012735,0.031435,0.039233,-0.007799,0.034323,0.006476,0.027847,-0.032624,-0.017988,-0.014636
AKRBP.OL,2021-10-28,63.77,positive,Q5,0.028397,0.016533,0.011863,0.048474,0.039233,0.009241,-0.116096,0.006476,-0.122572,-0.055899,-0.017988,-0.037911
MING.OL,2021-10-29,7.33,positive,Q3,0.015442,-0.004772,0.020214,0.059575,0.0295,0.030075,0.016872,-0.012063,0.028935,0.080164,-0.028313,0.108477
SCATC.OL,2021-10-29,-6.82,negative,Q2,-0.019825,-0.004772,-0.015053,-0.030904,0.0295,-0.060404,-0.065889,-0.012063,-0.053826,-0.241399,-0.028313,-0.213087
KOG.OL,2021-10-29,6.67,positive,Q3,-0.022382,-0.004772,-0.01761,0.020983,0.0295,-0.008517,-0.001399,-0.012063,0.010664,0.005995,-0.028313,0.034308
SPOL.OL,2021-10-29,21.9,positive,Q4,0.007695,-0.004772,0.012467,0.020887,0.0295,-0.008613,0.069256,-0.012063,0.081319,0.080982,-0.028313,0.109295
HPUR.OL,2021-11-02,-17.5,negative,Q2,0.029766,0.009803,0.019963,0.075478,0.022908,0.052571,-0.064139,-0.017452,-0.046687,-0.232105,-0.014235,-0.21787
GSF.OL,2021-11-03,92.68,positive,Q5,0.013332,0.009333,0.003999,-0.030354,0.011617,-0.04197,-0.157838,-0.031792,-0.126046,0.034163,-0.032867,0.06703
EPR.OL,2021-11-04,22.12,positive,Q4,0.02075,0.007013,0.013737,0.040902,0.000484,0.040418,-0.005587,-0.043834,0.038248,-0.012769,-0.035169,0.022399
BAKKA.OL,2021-11-09,-82.56,negative,Q1,0.014407,-0.001343,0.01575,-0.015301,0.001528,-0.016829,-0.058192,-0.03298,-0.025212,-0.011016,-0.027647,0.01663
BOUV.OL,2021-11-10,33.33,positive,Q5,-0.011544,-0.001775,-0.009769,-0.021997,-0.01158,-0.010417,-0.063495,-0.0363,-0.027195,-0.10624,-0.021964,-0.084276
SB1NO.OL,2021-11-10,30.1,positive,Q5,-0.006073,-0.001775,-0.004297,-0.0204,-0.01158,-0.00882,-0.044596,-0.0363,-0.008296,0.052092,-0.021964,0.074057
AUSS.OL,2021-11-11,62.5,positive,Q5,0.000886,0.000424,0.000462,-0.002659,-0.009041,0.006382,-0.095059,-0.039081,-0.055978,0.152448,-0.013744,0.166192
VEI.OL,2021-11-11,5.07,positive,Q3,-0.010985,0.000424,-0.011409,0.014138,-0.009041,0.023178,0.006306,-0.039081,0.045387,0.06133,-0.013744,0.075074
LSG.OL,2021-11-11,-6.98,negative,Q2,0.005617,0.000424,0.005193,-0.025702,-0.009041,-0.016661,-0.072681,-0.039081,-0.0336,0.129532,-0.013744,0.143276
QFUEL.OL,2021-11-11,-122.22,negative,Q1,0.051377,0.000424,0.050953,0.099777,-0.009041,0.108818,0.099777,-0.039081,0.138857,-0.3965,-0.013744,-0.382757
ELMRA.OL,2021-11-11,23.08,positive,Q4,0.005124,0.000424,0.004699,-0.070826,-0.009041,-0.061785,-0.160338,-0.039081,-0.121257,-0.237191,-0.013744,-0.223447
SBO.OL,2021-11-11,-10.38,negative,Q2,-0.007652,0.000424,-0.008077,-0.045668,-0.009041,-0.036627,-0.090595,-0.039081,-0.051514,0.02666,-0.013744,0.040404
PEXIP.OL,2021-11-11,59.74,positive,Q5,-0.062985,0.000424,-0.063409,-0.062515,-0.009041,-0.053474,-0.220917,-0.039081,-0.181836,-0.082491,-0.013744,-0.068748
OLT.OL,2021-11-11,-28.45,negative,Q1,-0.014087,0.000424,-0.014511,0.002012,-0.009041,0.011053,-0.048356,-0.039081,-0.009275,-0.030186,-0.013744,-0.016443
AFG.OL,2021-11-12,-6.73,negative,Q2,0.025652,0.006188,0.019464,0.004151,-0.006263,0.010414,-0.065617,-0.055182,-0.010435,0.025652,-0.026777,0.052429
VOLUE.OL,2021-11-12,-20.0,negative,Q2,-0.020734,0.006188,-0.026922,-0.052632,-0.006263,-0.046369,-0.116427,-0.055182,-0.061245,-0.264753,-0.026777,-0.237976
SALM.OL,2021-11-17,-29.5,negative,Q1,-0.001265,0.000789,-0.002054,-0.056742,-0.004561,-0.05218,-0.067142,-0.039814,-0.027328,0.051683,-0.017735,0.069418
NANOV.OL,2021-11-18,-0.92,negative,Q3,0.012955,0.003229,0.009727,0.063968,-0.03729,0.101257,-0.080972,-0.048455,-0.032516,-0.475709,-0.027145,-0.448564
HAFNIO.OL,2021-12-29,-146.19,negative,Q1,0.029412,0.009452,0.01996,0.018627,0.012587,0.00604,-0.064706,-0.023698,-0.041008,0.289216,0.09214,0.197076
MOWI.OL,2021-12-30,-5.19,negative,Q3,-0.005732,0.004401,-0.010134,-0.046514,-0.011212,-0.035302,0.052192,-0.021628,0.07382,0.136867,0.074952,0.061916
ADE.OL,2021-12-30,-19.1,negative,Q2,-0.000833,0.004401,-0.005234,-0.073303,-0.011212,-0.062091,-0.203165,-0.021628,-0.181537,-0.326447,0.074952,-0.401399
BAKKA.OL,2021-12-30,-102.53,negative,Q1,-0.009232,0.004401,-0.013633,-0.036928,-0.011212,-0.025716,0.063922,-0.021628,0.08555,0.013682,0.074952,-0.06127
AUTO.OL,2021-12-30,-87.59,negative,Q1,0.001435,0.004401,-0.002966,0.049641,-0.011212,0.060853,-0.248207,-0.021628,-0.226579,-0.075179,0.074952,-0.150131
GJF.OL,2022-01-26,52.45,positive,Q5,0.000442,-0.011772,0.012214,0.014321,0.002087,0.012235,0.000442,0.016264,-0.015822,-0.034448,0.084351,-0.118799
TEL.OL,2022-02-02,-21.86,negative,Q2,-0.016485,0.00693,-0.023415,-0.001438,0.023021,-0.024459,-0.079452,0.032694,-0.112146,-0.06613,0.067937,-0.134067
SVEG.OL,2022-02-02,24.17,positive,Q4,0.001768,0.00693,-0.005163,-0.007307,0.023021,-0.030328,-0.088745,0.032694,-0.121439,-0.072599,0.067937,-0.140535
SCATC.OL,2022-02-03,-37.67,negative,Q1,0.059949,0.00929,0.050659,0.034864,0.022701,0.012163,0.020833,0.018665,0.002168,-0.182453,0.026289,-0.208742
BRG.OL,2022-02-03,-24.44,negative,Q2,-0.002434,0.00929,-0.011724,-0.012062,0.022701,-0.034763,-0.154587,0.018665,-0.173252,-0.106073,0.026289,-0.132362
NOD.OL,2022-02-03,16.67,positive,Q4,-0.013821,0.00929,-0.023111,-0.056911,0.022701,-0.079611,-0.121138,0.018665,-0.139803,-0.330285,0.026289,-0.356573
EPR.OL,2022-02-03,19.22,positive,Q4,0.00485,0.00929,-0.00444,0.017785,0.022701,-0.004916,-0.125101,0.018665,-0.143766,-0.163905,0.026289,-0.190193
PROT.OL,2022-02-03,-0.62,negative,Q3,0.018094,0.00929,0.008804,-0.014957,0.022701,-0.037657,-0.130112,0.018665,-0.148777,-0.108671,0.026289,-0.134959
ATEA.OL,2022-02-08,7.81,positive,Q4,0.001496,0.004493,-0.002998,-0.046454,-0.000786,-0.045669,-0.043551,0.011611,-0.055162,-0.206229,0.027021,-0.23325
YAR.OL,2022-02-08,-90.16,negative,Q1,-0.022817,0.004493,-0.02731,0.01401,-0.000786,0.014796,-0.048802,0.011611,-0.060414,0.056854,0.027021,0.029833
AKSO.OL,2022-02-08,0.0,negative,Q3,0.048232,0.004493,0.043738,0.106913,-0.000786,0.107699,0.115756,0.011611,0.104145,0.121383,0.027021,0.094361
ELK.OL,2022-02-09,6.82,positive,Q3,0.020477,0.006615,0.013862,-0.038719,-0.007306,-0.031413,-0.078555,0.005438,-0.083993,0.104617,0.043578,0.061038
STB.OL,2022-02-09,3.21,positive,Q3,0.007339,0.006615,0.000724,-0.051872,-0.007306,-0.044566,-0.135216,0.005438,-0.140654,-0.10984,0.043578,-0.153418
SRBNK.OL,2022-02-09,23.1,positive,Q4,0.001439,0.006615,-0.005176,-0.035896,-0.007306,-0.02859,-0.086861,0.005438,-0.092299,-0.118947,0.043578,-0.162525
VEI.OL,2022-02-09,-1.35,negative,Q3,0.0,0.006615,-0.006615,-0.038524,-0.007306,-0.031218,-0.05932,0.005438,-0.064757,-0.188021,0.043578,-0.231599
EQNR.OL,2022-02-09,25.0,positive,Q5,0.03168,0.006615,0.025065,0.002392,-0.007306,0.009698,0.075161,0.005438,0.069723,0.260033,0.043578,0.216455
ELMRA.OL,2022-02-10,-21.11,negative,Q2,-0.028842,-0.012796,-0.016046,-0.028052,-0.022506,-0.005546,-0.132754,0.00086,-0.133614,-0.303832,0.04207,-0.345902
SB1NO.OL,2022-02-10,9.71,positive,Q4,-0.018642,-0.012796,-0.005846,-0.039445,-0.022506,-0.016939,-0.068804,0.00086,-0.069664,-0.1096,0.04207,-0.15167
DNB.OL,2022-02-10,4.76,positive,Q3,0.000428,-0.012796,0.013224,-0.01417,-0.022506,0.008336,-0.073597,0.00086,-0.074457,-0.087217,0.04207,-0.129286
SOON.OL,2022-02-10,9.71,positive,Q4,-0.00625,-0.012796,0.006546,-0.003125,-0.022506,0.019381,-0.043015,0.00086,-0.043875,-0.112868,0.04207,-0.154937
MING.OL,2022-02-10,8.84,positive,Q4,-0.024924,-0.012796,-0.012128,-0.036707,-0.022506,-0.014201,-0.048491,0.00086,-0.049351,-0.122584,0.04207,-0.164654
VOLUE.OL,2022-02-10,-33.33,negative,Q1,-0.039583,-0.012796,-0.026787,-0.117708,-0.022506,-0.095202,-0.180208,0.00086,-0.181068,-0.333333,0.04207,-0.375403
RING.OL,2022-02-11,12.16,positive,Q4,0.0,-0.010936,0.010936,0.01716,-0.009882,0.027041,0.062882,-0.002491,0.065374,0.017483,0.075272,-0.057788
AFG.OL,2022-02-11,17.74,positive,Q4,-0.001994,-0.010936,0.008943,-0.012989,-0.009882,-0.003107,-0.009001,-0.002491,-0.00651,-0.124388,0.075272,-0.19966
SPOL.OL,2022-02-11,-6.88,negative,Q2,-0.001356,-0.010936,0.009581,-0.024407,-0.009882,-0.014525,-0.059661,-0.002491,-0.05717,-0.034492,0.075272,-0.109763
SCHB.OL,2022-02-11,-48.48,negative,Q1,0.054065,-0.010936,0.065001,0.013717,-0.009882,0.023599,0.027501,-0.002491,0.029992,-0.14821,0.075272,-0.223482
ENTRA.OL,2022-02-11,-17.02,negative,Q2,0.016257,-0.010936,0.027193,-0.008158,-0.009882,0.001724,-0.03087,-0.002491,-0.028379,-0.172897,0.075272,-0.248169
AKRBP.OL,2022-02-11,12.84,positive,Q4,-0.043491,-0.010936,-0.032554,-0.039429,-0.009882,-0.029547,0.012883,-0.002491,0.015375,0.411193,0.075272,0.335921
KOG.OL,2022-02-11,2.93,positive,Q3,0.007858,-0.010936,0.018794,-0.011787,-0.009882,-0.001905,0.14537,-0.002491,0.147861,0.218709,0.075272,0.143437
SCHA.OL,2022-02-11,-79.76,negative,Q1,0.057821,-0.010936,0.068757,-0.00522,-0.009882,0.004662,0.02198,-0.002491,0.024471,-0.173752,0.075272,-0.249023
NONG.OL,2022-02-14,30.0,positive,Q5,-0.012534,0.012085,-0.024619,-0.042939,0.001368,-0.044306,0.005336,0.0359,-0.030564,-0.103003,0.072148,-0.175151
CRAYN.OL,2022-02-15,123.97,positive,Q5,-0.019715,-0.002061,-0.017654,0.043812,-0.00229,0.046102,0.031763,0.039625,-0.007861,-0.241512,0.072951,-0.314462
HPUR.OL,2022-02-15,68.0,positive,Q5,-0.034052,-0.002061,-0.03199,-0.127155,-0.00229,-0.124865,0.336207,0.039625,0.296582,0.482759,0.072951,0.409808
GSF.OL,2022-02-15,4.0,positive,Q3,0.031567,-0.002061,0.033629,0.012567,-0.00229,0.014857,-0.049563,0.039625,-0.089187,0.295466,0.072951,0.222515
LSG.OL,2022-02-17,-11.3,negative,Q2,0.016578,-4.6e-05,0.016624,-0.004066,0.007487,-0.011553,0.021739,0.082387,-0.060648,0.008445,0.089836,-0.08139
OLT.OL,2022-02-17,-57.31,negative,Q1,-0.011301,-4.6e-05,-0.011255,-0.00618,0.007487,-0.013667,-0.038142,0.082387,-0.120529,-0.030902,0.089836,-0.120738
BOUV.OL,2022-02-17,9.33,positive,Q4,-0.038196,-4.6e-05,-0.03815,-0.057294,0.007487,-0.064781,0.016092,0.082387,-0.066295,-0.05924,0.089836,-0.149075
AUSS.OL,2022-02-17,-40.89,negative,Q1,0.0,-4.6e-05,4.6e-05,-0.011876,0.007487,-0.019363,0.073299,0.082387,-0.009088,0.08352,0.089836,-0.006316
NAS.OL,2022-02-18,100.04,positive,Q5,0.007266,0.000301,0.006965,-0.069936,0.021389,-0.091325,-0.110808,0.085378,-0.196187,-0.131698,0.110233,-0.241931
SALM.OL,2022-02-18,-12.09,negative,Q2,-0.042328,0.000301,-0.042629,-0.032491,0.021389,-0.05388,0.017888,0.085378,-0.06749,0.073784,0.110233,-0.036449
NHY.OL,2022-02-22,-15.95,negative,Q2,0.032588,-0.00404,0.036628,0.103761,0.047062,0.056699,0.14786,0.075131,0.072729,0.009403,0.112451,-0.103048
TOM.OL,2022-02-23,6.9,positive,Q3,0.050242,0.002904,0.047338,0.024489,0.03552,-0.011031,0.068728,0.086108,-0.01738,-0.030546,0.131678,-0.162223
IDEX.OL,2022-02-24,55.91,positive,Q5,0.05157,0.013752,0.037818,-0.110528,0.018287,-0.128815,0.01104,0.082687,-0.071646,-0.347376,0.111799,-0.459175
MEDI.OL,2022-02-25,-23.48,negative,Q2,-0.088718,0.024206,-0.112924,-0.162114,-0.002305,-0.159809,-0.122875,0.05114,-0.174014,-0.075526,0.093679,-0.169205
BONHR.OL,2022-02-28,0.0,negative,Q3,-0.029545,0.009607,-0.039152,-0.063517,-0.021059,-0.042458,0.041382,0.053797,-0.012415,0.102845,0.070473,0.032372
VAR.OL,2022-03-30,-13.41,negative,Q2,0.035584,0.005412,0.030172,0.028285,-0.004771,0.033056,0.116788,-0.013629,0.130418,-0.01688,-0.071755,0.054876
LINK.OL,2022-03-30,-97.72,negative,Q1,-0.036124,0.005412,-0.041536,-0.107329,-0.004771,-0.102558,-0.176219,-0.013629,-0.162589,-0.341206,-0.071755,-0.269451
AUTO.OL,2022-03-30,-26.79,negative,Q1,-0.025752,0.005412,-0.031165,-0.092771,-0.004771,-0.088,-0.348433,-0.013629,-0.334804,-0.506671,-0.071755,-0.434916
ADE.OL,2022-03-30,24.51,positive,Q4,-0.045263,0.005412,-0.050676,-0.055775,-0.004771,-0.051004,-0.190576,-0.013629,-0.176947,-0.086693,-0.071755,-0.014938
MOWI.OL,2022-03-30,28.33,positive,Q5,0.026028,0.005412,0.020615,0.027708,-0.004771,0.032479,0.079812,-0.013629,0.093441,-0.033615,-0.071755,0.03814
ENTRA.OL,2022-04-22,-21.17,negative,Q2,-0.010125,-0.000407,-0.009718,-0.050017,-0.005539,-0.044478,-0.088626,0.045488,-0.134114,-0.170908,0.000858,-0.171766
GJF.OL,2022-04-27,-8.97,negative,Q2,0.021289,0.005973,0.015316,0.029419,0.007201,0.022217,0.03749,0.063866,-0.026376,0.020295,0.028068,-0.007774
YAR.OL,2022-04-27,7.38,positive,Q3,0.02846,0.005973,0.022486,0.044506,0.007201,0.037305,0.109022,0.063866,0.045157,-0.061351,0.028068,-0.089419
PROT.OL,2022-04-27,-122.12,negative,Q1,0.04701,0.005973,0.041037,0.034117,0.007201,0.026916,0.053971,0.063866,-0.009895,0.133501,0.028068,0.105432
ELK.OL,2022-04-27,3.72,positive,Q3,0.010313,0.005973,0.004339,-0.040313,0.007201,-0.047514,0.005625,0.063866,-0.058241,0.0125,0.028068,-0.015569
AKRBP.OL,2022-04-28,23.14,positive,Q4,-0.024396,-0.017663,-0.006733,0.04199,-0.013082,0.055072,0.16737,0.041989,0.125381,-0.045521,0.0111,-0.056622
EPR.OL,2022-04-28,61.76,positive,Q5,-0.015504,-0.017663,0.002159,0.022287,-0.013082,0.035369,0.002665,0.041989,-0.039324,0.21439,0.0111,0.203289
ATEA.OL,2022-04-28,-12.12,negative,Q2,-0.003561,-0.017663,0.014102,-0.037289,-0.013082,-0.024207,-0.028386,0.041989,-0.070375,0.049649,0.0111,0.038549
DNB.OL,2022-04-28,12.18,positive,Q4,-0.006764,-0.017663,0.010899,-0.003549,-0.013082,0.009533,0.033483,0.041989,-0.008506,0.028594,0.0111,0.017494
MEDI.OL,2022-04-28,-15.58,negative,Q2,-0.043215,-0.017663,-0.025552,-0.084478,-0.013082,-0.071396,0.003944,0.041989,-0.038045,0.192536,0.0111,0.181436
NOD.OL,2022-04-28,63.64,positive,Q5,-0.078872,-0.017663,-0.061209,-0.073648,-0.013082,-0.060566,-0.022199,0.041989,-0.064188,-0.12327,0.0111,-0.13437
TOM.OL,2022-04-29,11.63,positive,Q4,-0.003398,0.012272,-0.01567,-0.052194,-0.027826,-0.024368,0.030695,0.057786,-0.027091,0.244567,0.034368,0.210199
BRG.OL,2022-05-03,21.91,positive,Q4,0.008619,-0.003722,0.012341,-0.017295,-0.035259,0.017964,-0.010802,0.042861,-0.053663,-0.072282,0.001658,-0.07394
NHY.OL,2022-05-03,7.19,positive,Q3,0.018939,-0.003722,0.022662,-0.020833,-0.035259,0.014425,0.07834,0.042861,0.03548,-0.09418,0.001658,-0.095838
AKSO.OL,2022-05-03,11.43,positive,Q4,0.009655,-0.003722,0.013378,-0.032414,-0.035259,0.002845,0.216552,0.042861,0.173691,-0.03931,0.001658,-0.040968
TEL.OL,2022-05-03,82.65,positive,Q5,-0.002299,-0.003722,0.001424,-0.042179,-0.035259,-0.00692,-0.006797,0.042861,-0.049657,-0.110145,0.001658,-0.111802
SCHA.OL,2022-05-04,-49.43,negative,Q1,-0.041596,-0.014285,-0.027311,-0.020833,-0.034566,0.013732,-0.017574,0.046621,-0.064195,-0.015448,0.009344,-0.024792
SCHB.OL,2022-05-04,-40.62,negative,Q1,-0.045037,-0.014285,-0.030751,-0.022243,-0.034566,0.012323,-0.052582,0.046621,-0.099203,0.0,0.009344,-0.009344
STB.OL,2022-05-04,16.67,positive,Q4,-0.028227,-0.014285,-0.013942,-0.049192,-0.034566,-0.014626,0.004659,0.046621,-0.041962,-0.007947,0.009344,-0.017292
EQNR.OL,2022-05-04,1.27,positive,Q3,0.006899,-0.014285,0.021184,-0.003724,-0.034566,0.030841,0.075461,0.046621,0.02884,0.071991,0.009344,0.062647
SRBNK.OL,2022-05-05,12.55,positive,Q4,-0.024964,-0.032339,0.007375,0.006967,-0.000313,0.007279,0.02419,0.053844,-0.029655,0.012095,0.023419,-0.011324
SVEG.OL,2022-05-05,25.91,positive,Q5,-0.016521,-0.032339,0.015818,-0.007244,-0.000313,-0.006931,0.012327,0.053844,-0.041517,-0.032914,0.023419,-0.056333
VOLUE.OL,2022-05-05,-46.15,negative,Q1,-0.029412,-0.032339,0.002927,-0.117647,-0.000313,-0.117334,-0.102941,0.053844,-0.156785,-0.313235,0.023419,-0.336654
ELMRA.OL,2022-05-05,-10.62,negative,Q2,0.011596,-0.032339,0.043934,-0.045279,-0.000313,-0.044966,-0.101601,0.053844,-0.155446,-0.066262,0.023419,-0.089681
NONG.OL,2022-05-06,0.5,positive,Q3,0.002127,-0.000361,0.002488,0.043534,0.038427,0.005107,0.005389,0.066809,-0.06142,0.028219,0.069884,-0.041665
SPOL.OL,2022-05-06,23.92,positive,Q4,-0.001465,-0.000361,-0.001104,0.039817,0.038427,0.00139,-0.032128,0.066809,-0.098937,-0.068833,0.069884,-0.138717
MING.OL,2022-05-06,18.96,positive,Q4,0.004856,-0.000361,0.005217,0.025768,0.038427,-0.012659,0.006442,0.066809,-0.060367,0.016155,0.069884,-0.053729
KOG.OL,2022-05-10,-37.17,negative,Q1,-0.014467,-0.003007,-0.01146,0.04844,0.027564,0.020875,0.019994,0.036725,-0.016732,0.091515,0.064852,0.026663
HPUR.OL,2022-05-10,8.0,positive,Q4,0.019259,-0.003007,0.022266,0.296296,0.027564,0.268732,0.079259,0.036725,0.042534,0.055556,0.064852,-0.009297
BAKKA.OL,2022-05-10,-20.46,negative,Q2,-0.04968,-0.003007,-0.046673,-0.040052,0.027564,-0.067616,-0.052883,0.036725,-0.089608,-0.006407,0.064852,-0.071259
CRAYN.OL,2022-05-11,11.9,positive,Q4,0.059429,0.020687,0.038742,0.097464,0.0439,0.053564,0.023772,0.044257,-0.020485,0.218701,0.064424,0.154277
SOON.OL,2022-05-11,-9.68,negative,Q2,0.022356,0.020687,0.001669,0.056105,0.0439,0.012205,0.007524,0.044257,-0.036733,0.041273,0.064424,-0.023151
RING.OL,2022-05-11,-0.16,negative,Q3,0.031255,0.020687,0.010567,0.011796,0.0439,-0.032104,0.012509,0.044257,-0.031747,0.0,0.064424,-0.064424
SB1NO.OL,2022-05-11,-9.68,negative,Q2,0.015659,0.020687,-0.005028,0.010474,0.0439,-0.033426,0.012237,0.044257,-0.03202,0.036607,0.064424,-0.027817
IDEX.OL,2022-05-12,87.59,positive,Q5,0.048123,0.00516,0.042964,0.082241,0.029227,0.053014,0.057748,-0.001827,0.059575,-0.090106,0.031672,-0.121778
SALM.OL,2022-05-12,-20.6,negative,Q2,0.036135,0.00516,0.030975,0.082824,0.029227,0.053597,0.062654,-0.001827,0.064481,0.051018,0.031672,0.019346
AUSS.OL,2022-05-13,-41.54,negative,Q1,0.017936,0.018658,-0.000722,0.073385,0.0223,0.051085,-0.059016,-0.003606,-0.055411,-0.107425,0.041732,-0.149158
GSF.OL,2022-05-13,-2.31,negative,Q3,0.02026,0.018658,0.001602,0.131268,0.0223,0.108969,0.075596,-0.003606,0.079202,-0.006446,0.041732,-0.048179
AFG.OL,2022-05-13,-19.65,negative,Q2,0.033072,0.018658,0.014414,0.030577,0.0223,0.008278,-0.003706,-0.003606,-0.000101,0.035495,0.041732,-0.006237
LSG.OL,2022-05-13,-15.0,negative,Q2,0.001473,0.018658,-0.017185,0.055146,0.0223,0.032847,-0.03011,-0.003606,-0.026504,-0.044019,0.041732,-0.085751
NAS.OL,2022-05-13,3.29,positive,Q3,-0.006122,0.018658,-0.02478,-0.056122,0.0223,-0.078422,-0.111224,-0.003606,-0.107619,-0.029592,0.041732,-0.071324
BOUV.OL,2022-05-19,15.19,positive,Q4,-0.006474,0.00634,-0.012814,0.009619,0.03444,-0.024821,-0.081206,-0.050457,-0.030749,0.007954,0.029466,-0.021512
OLT.OL,2022-05-19,37.64,positive,Q5,0.011085,0.00634,0.004745,-0.005482,0.03444,-0.039922,-0.074552,-0.050457,-0.024095,0.013826,0.029466,-0.01564
HAFNIO.OL,2022-06-28,9.59,positive,Q4,-0.05054,-0.02433,-0.02621,-0.136408,-0.041954,-0.094455,0.001472,0.011063,-0.009591,0.305692,-0.067346,0.373037
LINK.OL,2022-06-29,103.22,positive,Q5,0.056,-0.011048,0.067048,0.050667,0.013478,0.037188,0.116444,0.061078,0.055367,-0.364,-0.032884,-0.331116
AUTO.OL,2022-06-29,7.01,positive,Q3,0.050357,-0.011048,0.061405,0.15,0.013478,0.136522,0.274286,0.061078,0.213208,-0.170714,-0.032884,-0.137831
VAR.OL,2022-06-29,-80.12,negative,Q1,-0.031143,-0.011048,-0.020095,-0.052048,0.013478,-0.065526,-0.000427,0.061078,-0.061505,-0.077645,-0.032884,-0.044762
MOWI.OL,2022-06-29,39.36,positive,Q5,0.019617,-0.011048,0.030665,0.055758,0.013478,0.04228,-0.008516,0.061078,-0.069594,-0.232614,-0.032884,-0.19973
PROT.OL,2022-07-07,342.31,positive,Q5,-0.006854,0.007666,-0.01452,-0.037501,-0.024405,-0.013096,-0.010281,0.041892,-0.052173,-0.023891,-0.026567,0.002676
NOD.OL,2022-07-12,6.25,positive,Q3,-0.003093,-0.027857,0.024764,0.102405,0.020688,0.081718,0.159794,0.070393,0.089401,-0.030584,-0.019281,-0.011303
DNB.OL,2022-07-12,8.24,positive,Q4,-0.013764,-0.027857,0.014092,0.014828,0.020688,-0.00586,0.059179,0.070393,-0.011214,-0.047277,-0.019281,-0.027996
KOG.OL,2022-07-13,-6.13,negative,Q2,0.013965,0.008661,0.005304,0.013323,0.02635,-0.013027,0.035313,0.097313,-0.062,0.040128,-0.008615,0.048743
ENTRA.OL,2022-07-13,-15.89,negative,Q2,0.015977,0.008661,0.007316,0.018356,0.02635,-0.007993,0.120337,0.097313,0.023024,-0.221892,-0.008615,-0.213277
AKSO.OL,2022-07-14,23.68,positive,Q4,0.06135,0.030762,0.030587,0.119194,0.035446,0.083747,0.395267,0.07623,0.319037,0.584575,-0.025805,0.61038
EPR.OL,2022-07-14,50.75,positive,Q5,0.028279,0.030762,-0.002484,0.009631,0.035446,-0.025815,0.052049,0.07623,-0.024181,0.017623,-0.025805,0.043428
ATEA.OL,2022-07-14,13.14,positive,Q4,0.007302,0.030762,-0.02346,0.068229,0.035446,0.032782,0.088501,0.07623,0.012271,-0.077493,-0.025805,-0.051688
STB.OL,2022-07-14,22.11,positive,Q4,0.04607,0.030762,0.015308,0.051189,0.035446,0.015743,0.092442,0.07623,0.016212,-0.052695,-0.025805,-0.02689
GJF.OL,2022-07-15,-1.82,negative,Q3,0.004979,0.001002,0.003977,0.007006,0.004198,0.002807,0.026054,0.059732,-0.033679,-0.070229,-0.041975,-0.028254
SCHA.OL,2022-07-15,-37.29,negative,Q1,0.013383,0.001002,0.012381,0.034586,0.004198,0.030387,0.148017,0.059732,0.088284,-0.052725,-0.041975,-0.01075
BRG.OL,2022-07-15,10.04,positive,Q4,0.010964,0.001002,0.009962,0.012132,0.004198,0.007934,0.021928,0.059732,-0.037804,-0.244842,-0.041975,-0.202868
TOM.OL,2022-07-15,-6.98,negative,Q2,-0.003426,0.001002,-0.004428,0.021493,0.004198,0.017295,0.216229,0.059732,0.156496,-0.185495,-0.041975,-0.14352
SCHB.OL,2022-07-15,-18.68,negative,Q2,0.015848,0.001002,0.014846,0.05799,0.004198,0.053792,0.163966,0.059732,0.104234,-0.021691,-0.041975,0.020284
YAR.OL,2022-07-19,-4.32,negative,Q3,-0.005079,-0.022464,0.017385,-0.025189,0.007381,-0.03257,0.037769,0.050376,-0.012607,-0.009924,-0.050222,0.040299
TEL.OL,2022-07-19,13.37,positive,Q4,-0.043306,-0.022464,-0.020842,-0.051028,0.007381,-0.058409,-0.077429,0.050376,-0.127804,-0.195346,-0.050222,-0.145123
ELK.OL,2022-07-19,30.62,positive,Q5,0.021646,-0.022464,0.04411,0.037061,0.007381,0.02968,0.002952,0.050376,-0.047424,-0.037389,-0.050222,0.012833
AKRBP.OL,2022-07-20,28.03,positive,Q5,0.015799,0.017601,-0.001801,0.063521,0.037126,0.026395,0.097705,0.079422,0.018283,-0.013573,-0.022241,0.008668
NHY.OL,2022-07-22,15.97,positive,Q4,-0.009569,0.009916,-0.019486,0.069179,0.032844,0.036335,0.139155,0.078061,0.061094,0.042663,-0.032103,0.074767
SCATC.OL,2022-07-26,-285.13,negative,Q1,0.054458,0.0064,0.048058,0.094458,0.024949,0.069509,0.026988,0.068888,-0.0419,-0.338602,-0.053815,-0.284788
EQNR.OL,2022-07-27,-3.7,negative,Q3,0.035648,0.023934,0.011714,-0.008254,0.008568,-0.016822,0.152498,0.059918,0.09258,0.017687,-0.056631,0.074317
HPUR.OL,2022-08-09,4.0,positive,Q3,0.029624,0.018661,0.010964,-0.034682,0.011045,-0.045727,-0.148121,-0.03623,-0.111891,-0.231936,-0.00542,-0.226517
SVEG.OL,2022-08-10,-0.96,negative,Q3,0.007351,-0.003408,0.010759,0.0,0.0016,-0.0016,-0.062746,-0.038453,-0.024293,-0.040431,-0.031185,-0.009246
SRBNK.OL,2022-08-11,7.83,positive,Q4,-0.017608,-0.010719,-0.006889,-0.010829,0.009616,-0.020445,-0.049435,-0.026581,-0.022854,-0.088041,-0.034893,-0.053149
SB1NO.OL,2022-08-11,0.88,positive,Q3,-0.017707,-0.010719,-0.006988,-0.010904,0.009616,-0.020521,-0.04952,-0.026581,-0.022939,-0.088135,-0.034893,-0.053243
SPOL.OL,2022-08-11,-22.9,negative,Q2,-0.022703,-0.010719,-0.011984,-0.011352,0.009616,-0.020968,-0.079364,-0.026581,-0.052782,-0.089163,-0.034893,-0.05427
IDEX.OL,2022-08-11,84.75,positive,Q5,-0.037934,-0.010719,-0.027215,-0.085133,0.009616,-0.094749,-0.137365,-0.026581,-0.110784,-0.047199,-0.034893,-0.012306
MING.OL,2022-08-11,8.84,positive,Q4,-0.007888,-0.010719,0.002831,-0.012659,0.009616,-0.022276,-0.039536,-0.026581,-0.012955,-0.112377,-0.034893,-0.077484
SOON.OL,2022-08-11,0.88,positive,Q3,0.025186,-0.010719,0.035905,0.010735,0.009616,0.001119,-0.046862,-0.026581,-0.020281,-0.075557,-0.034893,-0.040665
NONG.OL,2022-08-11,-27.75,negative,Q1,-0.007369,-0.010719,0.00335,-0.008324,0.009616,-0.017941,-0.050355,-0.026581,-0.023774,-0.040666,-0.034893,-0.005773
OLT.OL,2022-08-12,-26.4,negative,Q1,-0.002756,0.014962,-0.017718,-0.010904,0.020245,-0.031149,0.01354,-0.015343,0.028883,-0.0272,-0.029338,0.002138
RING.OL,2022-08-15,-6.71,negative,Q2,0.0,-0.008132,0.008132,-0.030643,0.021566,-0.052209,-0.012943,-0.03097,0.018027,-0.037317,-0.040457,0.00314
CRAYN.OL,2022-08-17,-102.02,negative,Q1,0.020325,0.004569,0.015756,-0.065041,0.025136,-0.090177,-0.289024,-0.060479,-0.228545,-0.112195,-0.037787,-0.074408
ELMRA.OL,2022-08-18,59.02,positive,Q5,0.003885,-0.000304,0.004189,-0.04384,0.018386,-0.062226,-0.249723,-0.073551,-0.176171,-0.017758,-0.048599,0.030841
VEI.OL,2022-08-18,-11.63,negative,Q2,-0.021873,-0.000304,-0.021569,0.003988,0.018386,-0.014398,-0.062598,-0.073551,0.010953,-0.099335,-0.048599,-0.050737
VOLUE.OL,2022-08-19,20.0,positive,Q4,0.011745,0.016276,-0.004531,0.0,0.007861,-0.007861,0.07047,-0.081214,0.151683,0.062081,-0.059787,0.121867
BAKKA.OL,2022-08-23,-7.01,negative,Q2,-0.005091,-3.4e-05,-0.005057,-0.011867,-0.028366,0.016499,-0.105935,-0.096985,-0.008951,-0.153894,-0.092318,-0.061576
MEDI.OL,2022-08-23,29.29,positive,Q5,0.020396,-3.4e-05,0.02043,-0.087753,-0.028366,-0.059387,-0.2,-0.096985,-0.103015,0.006123,-0.092318,0.098441
GSF.OL,2022-08-23,109.04,positive,Q5,0.0058,-3.4e-05,0.005834,0.002447,-0.028366,0.030813,-0.152696,-0.096985,-0.055711,-0.438151,-0.092318,-0.345833
AUSS.OL,2022-08-24,-81.2,negative,Q1,-0.034018,-0.002046,-0.031972,-0.025995,-0.036224,0.010229,-0.147304,-0.136212,-0.011092,-0.283804,-0.072387,-0.211417
LSG.OL,2022-08-24,-43.15,negative,Q1,-0.036598,-0.002046,-0.034552,-0.007388,-0.036224,0.028836,-0.10567,-0.136212,0.030542,-0.315464,-0.072387,-0.243077
SALM.OL,2022-08-25,-54.48,negative,Q1,-0.024486,-0.010636,-0.013851,-0.00153,-0.031337,0.029806,-0.132361,-0.129698,-0.002663,-0.498087,-0.064682,-0.433405
BOUV.OL,2022-08-25,-2.94,negative,Q3,-0.043369,-0.010636,-0.032733,0.003291,-0.031337,0.034628,-0.065053,-0.129698,0.064644,-0.091384,-0.064682,-0.026702
NAS.OL,2022-08-25,377.5,positive,Q5,-0.038694,-0.010636,-0.028059,-0.082225,-0.031337,-0.050888,-0.221282,-0.129698,-0.091584,-0.027811,-0.064682,0.036871
AFG.OL,2022-08-26,4.28,positive,Q3,0.0,-0.015703,0.015703,-0.029366,-0.006936,-0.02243,-0.127133,-0.110031,-0.017102,-0.086035,-0.044646,-0.041389
HAFNIO.OL,2022-09-28,0.0,negative,Q3,0.038549,0.021707,0.016842,0.006803,0.056084,-0.049281,0.263416,0.082064,0.181352,0.243764,0.095488,0.148276
MOWI.OL,2022-09-29,-57.45,negative,Q1,0.028548,0.027572,0.000977,-0.01768,0.038057,-0.055737,0.119465,0.069498,0.049967,0.218897,0.078045,0.140852
VAR.OL,2022-09-29,-106.5,negative,Q1,0.017195,0.027572,-0.010377,0.028054,0.038057,-0.010003,-0.000905,0.069498,-0.070403,-0.01629,0.078045,-0.094334
LINK.OL,2022-09-29,207.85,positive,Q5,-0.001446,0.027572,-0.029018,0.09906,0.038057,0.061003,0.16992,0.069498,0.100423,0.081706,0.078045,0.003662
AUTO.OL,2022-09-29,-62.88,negative,Q1,0.077371,0.027572,0.0498,0.184276,0.038057,0.146219,0.633111,0.069498,0.563614,0.465474,0.078045,0.387429
ADE.OL,2022-09-29,-188.03,negative,Q1,0.064615,0.027572,0.037044,0.046154,0.038057,0.008097,0.095385,0.069498,0.025887,0.01,0.078045,-0.068045
ENTRA.OL,2022-10-19,-14.58,negative,Q2,-0.003872,-0.008995,0.005123,0.052329,0.021589,0.03074,0.188901,0.023332,0.165569,0.345301,0.036237,0.309064
DNB.OL,2022-10-20,-1.89,negative,Q3,0.029146,-0.000681,0.029826,0.030259,0.031833,-0.001574,0.034502,0.024729,0.009773,0.031441,0.031358,8.3e-05
ATEA.OL,2022-10-20,-5.91,negative,Q2,-0.018557,-0.000681,-0.017877,0.070605,0.031833,0.038772,0.140551,0.024729,0.115822,0.093005,0.031358,0.061647
YAR.OL,2022-10-20,27.39,positive,Q5,0.032616,-0.000681,0.033297,0.008761,0.031833,-0.023072,-0.006782,0.024729,-0.031511,0.000237,0.031358,-0.031121
NOD.OL,2022-10-20,-7.14,negative,Q2,-0.017288,-0.000681,-0.016608,-0.000678,0.031833,-0.032511,0.197966,0.024729,0.173237,0.058305,0.031358,0.026947
BRG.OL,2022-10-21,6.22,positive,Q3,0.018202,0.003405,0.014797,-0.021037,0.042697,-0.063734,0.099441,0.047908,0.051533,0.075643,0.039927,0.035717
TOM.OL,2022-10-21,-12.61,negative,Q2,0.033387,0.003405,0.029982,0.038973,0.042697,-0.003724,0.144783,0.047908,0.096876,0.13008,0.039927,0.090153
GJF.OL,2022-10-21,-10.16,negative,Q2,-0.006763,0.003405,-0.010168,-0.006763,0.042697,-0.04946,-0.00157,0.047908,-0.049478,-0.017753,0.039927,-0.057679
NHY.OL,2022-10-24,72.19,positive,Q5,0.02384,0.013299,0.01054,0.040636,0.05425,-0.013614,0.131479,0.050872,0.080607,0.265126,0.044237,0.220888
AKSO.OL,2022-10-25,31.82,positive,Q5,0.024239,0.01457,0.00967,0.087674,0.038983,0.048691,-0.124807,0.048029,-0.172836,-0.019598,0.022547,-0.042145
CRAYN.OL,2022-10-25,-219.61,negative,Q1,0.036364,0.01457,0.021794,0.078182,0.038983,0.039199,0.309091,0.048029,0.261062,0.19697,0.022547,0.174423
ELK.OL,2022-10-26,58.09,positive,Q5,-0.011702,0.000942,-0.012644,-0.002837,0.029344,-0.032181,0.024468,0.035619,-0.011151,0.013475,-0.004955,0.01843
NAS.OL,2022-10-26,15.43,positive,Q4,-0.016352,0.000942,-0.017294,-0.022642,0.029344,-0.051986,0.044025,0.035619,0.008406,0.077987,-0.004955,0.082942
AKRBP.OL,2022-10-26,-10.74,negative,Q2,0.002059,0.000942,0.001117,0.051873,0.029344,0.022529,0.00714,0.035619,-0.028479,-0.132738,-0.004955,-0.127783
SVEG.OL,2022-10-26,42.01,positive,Q5,-0.014573,0.000942,-0.015515,-0.003331,0.029344,-0.032675,-0.007911,0.035619,-0.043531,0.058432,-0.004955,0.063387
STB.OL,2022-10-26,8.49,positive,Q4,0.016351,0.000942,0.015409,0.018377,0.029344,-0.010968,0.124729,0.035619,0.089109,0.105629,-0.004955,0.110584
TEL.OL,2022-10-26,-36.92,negative,Q1,0.041976,0.000942,0.041034,0.053124,0.029344,0.02378,0.122351,0.035619,0.086731,0.150289,-0.004955,0.155244
SRBNK.OL,2022-10-27,3.95,positive,Q3,0.015403,0.009841,0.005562,0.024989,0.037061,-0.012071,0.144873,0.020127,0.124746,0.103619,-0.003098,0.106717
SCHB.OL,2022-10-27,-97.01,negative,Q1,0.025288,0.009841,0.015447,0.050487,0.037061,0.013426,0.19605,0.020127,0.175923,0.382093,-0.003098,0.38519
PROT.OL,2022-10-27,39.07,positive,Q5,-0.009639,0.009841,-0.01948,-0.006426,0.037061,-0.043487,-0.043239,0.020127,-0.063366,0.143946,-0.003098,0.147043
NONG.OL,2022-10-27,75.58,positive,Q5,0.008217,0.009841,-0.001624,0.010565,0.037061,-0.026496,0.055026,0.020127,0.034898,0.081878,-0.003098,0.084976
SCHA.OL,2022-10-27,-96.55,negative,Q1,0.023021,0.009841,0.013179,0.060058,0.037061,0.022997,0.188498,0.020127,0.168371,0.389144,-0.003098,0.392241
MEDI.OL,2022-10-28,3.05,positive,Q3,0.016615,0.014523,0.002092,0.0,0.030227,-0.030227,0.080926,0.027057,0.053869,-0.089211,0.002649,-0.091861
SPOL.OL,2022-10-28,-16.5,negative,Q2,-0.005326,0.014523,-0.019849,-0.001704,0.030227,-0.031931,0.017789,0.027057,-0.009268,0.023221,0.002649,0.020572
KOG.OL,2022-10-28,46.18,positive,Q5,0.049858,0.014523,0.035336,0.006941,0.030227,-0.023287,0.073513,0.027057,0.046456,0.070255,0.002649,0.067606
MING.OL,2022-10-28,-9.4,negative,Q2,-0.007131,0.014523,-0.021654,-0.003511,0.030227,-0.033738,0.060669,0.027057,0.033612,0.12836,0.002649,0.125711
EQNR.OL,2022-10-28,1.91,positive,Q3,0.006191,0.014523,-0.008332,0.034304,0.030227,0.004077,0.010889,0.027057,-0.016168,-0.1626,0.002649,-0.165249
RING.OL,2022-10-31,-21.55,negative,Q2,0.018628,-0.001374,0.020003,-0.012431,0.007631,-0.020063,-0.006234,0.016051,-0.022285,0.049688,-0.015957,0.065645
HPUR.OL,2022-11-01,43.75,positive,Q5,-0.036204,0.005157,-0.041361,0.051859,0.001731,0.050128,0.241683,0.016638,0.225045,0.277886,-0.012531,0.290417
SCATC.OL,2022-11-03,-11.11,negative,Q2,0.019665,0.003187,0.016478,0.092741,-0.013441,0.106182,0.073076,-0.007217,0.080293,0.070405,-0.027554,0.09796
ELMRA.OL,2022-11-03,44.74,positive,Q5,-0.042611,0.003187,-0.045798,0.021036,-0.013441,0.034477,-0.148867,-0.007217,-0.14165,-0.357066,-0.027554,-0.329512
EPR.OL,2022-11-03,28.89,positive,Q5,-0.013553,0.003187,-0.01674,-0.01866,-0.013441,-0.005219,0.082302,-0.007217,0.089519,0.141622,-0.027554,0.169177
OLT.OL,2022-11-04,-3.58,negative,Q3,0.002819,-0.007729,0.010547,0.011337,-0.014111,0.025448,-0.051112,-0.019318,-0.031794,0.014219,-0.01842,0.032639
BAKKA.OL,2022-11-08,-14.89,negative,Q2,0.021415,-0.005025,0.02644,0.037375,-0.004722,0.042097,0.175967,-0.013319,0.189287,0.299879,-0.004122,0.304
BONHR.OL,2022-11-08,-20.94,negative,Q2,0.010772,-0.005025,0.015797,0.032354,-0.004722,0.037076,0.021582,-0.013319,0.034901,0.001776,-0.004122,0.005898
SB1NO.OL,2022-11-09,-3.51,negative,Q3,0.011903,0.003336,0.008568,0.037567,-0.011759,0.049325,0.055804,-0.006432,0.062236,0.096101,0.029011,0.06709
VEI.OL,2022-11-09,12.32,positive,Q4,-0.013196,0.003336,-0.016532,-0.016396,-0.011759,-0.004637,0.071314,-0.006432,0.077746,0.195148,0.029011,0.166137
SOON.OL,2022-11-09,-3.51,negative,Q3,0.007816,0.003336,0.00448,0.069897,-0.011759,0.081656,0.054489,-0.006432,0.06092,-0.023448,0.029011,-0.052459
SALM.OL,2022-11-10,-4.86,negative,Q3,0.007135,0.002506,0.004629,0.013063,-0.021853,0.034916,0.082997,-0.008583,0.09158,0.333747,0.02349,0.310257
IDEX.OL,2022-11-10,83.61,positive,Q5,0.054942,0.002506,0.052436,0.070887,-0.021853,0.09274,0.272542,-0.008583,0.281125,-0.184063,0.02349,-0.207553
BOUV.OL,2022-11-10,22.73,positive,Q4,-0.031441,0.002506,-0.033948,-0.015517,-0.021853,0.006336,0.00735,-0.008583,0.015933,0.052879,0.02349,0.029389
VOLUE.OL,2022-11-11,75.0,positive,Q5,-0.00317,0.001214,-0.004383,0.004754,-0.031754,0.036509,-0.101426,0.006387,-0.107813,-0.053883,0.024688,-0.078571
GSF.OL,2022-11-11,71.59,positive,Q5,0.031038,0.001214,0.029824,0.002263,-0.031754,0.034017,0.105076,0.006387,0.098689,0.245716,0.024688,0.221028
AFG.OL,2022-11-11,-36.8,negative,Q1,0.002808,0.001214,0.001594,-0.001444,-0.031754,0.03031,-0.001444,0.006387,-0.007831,0.080866,0.024688,0.056178
AUSS.OL,2022-11-15,14.55,positive,Q4,0.02721,-0.01206,0.03927,-0.054132,0.00117,-0.055302,0.021163,-0.004228,0.025392,0.154909,0.029518,0.125391
LSG.OL,2022-11-15,-6.6,negative,Q2,0.029419,-0.01206,0.041479,-0.047897,0.00117,-0.049067,0.071238,-0.004228,0.075466,0.157306,0.029518,0.127788
HAFNIO.OL,2022-12-29,2.8,positive,Q3,0.037603,0.007896,0.029707,0.014063,-0.010472,0.024535,0.02782,-0.001659,0.029479,0.221645,-0.027079,0.248724
VAR.OL,2022-12-30,0.0,negative,Q3,-0.048198,-0.016775,-0.031423,-0.044595,-0.01162,-0.032974,-0.121622,-0.007397,-0.114224,-0.240541,-0.022535,-0.218006
AUTO.OL,2022-12-30,-10.2,negative,Q2,0.093666,-0.016775,0.110441,0.37412,-0.01162,0.385741,0.239307,-0.007397,0.246704,0.29399,-0.022535,0.316525
MOWI.OL,2022-12-31,-15.64,negative,Q2,0.009971,-0.018861,0.028832,0.019095,-0.002547,0.021643,0.09476,0.018632,0.076129,0.145725,0.001422,0.144303
GJF.OL,2023-01-25,-10.51,negative,Q2,0.005547,0.015663,-0.010116,0.021219,0.011619,0.0096,0.018962,0.03954,-0.020578,0.085585,0.035117,0.050469
NSKOG.OL,2023-01-27,80.98,positive,Q5,-0.016535,0.002102,-0.018637,0.072725,0.00394,0.068785,-0.035265,0.038789,-0.074054,-0.352941,0.000404,-0.353345
PROT.OL,2023-02-01,48.94,positive,Q5,0.010986,0.01261,-0.001624,0.015095,0.038343,-0.023248,0.033747,0.049447,-0.0157,0.131352,0.015872,0.11548
TEL.OL,2023-02-02,149.02,positive,Q5,-0.021274,-0.008882,-0.012392,0.030548,0.029187,0.001361,0.088479,0.035544,0.052935,0.144665,-0.006509,0.151174
BRG.OL,2023-02-02,21.85,positive,Q4,0.004414,-0.008882,0.013296,-0.024307,0.029187,-0.053494,-0.024307,0.035544,-0.059851,0.023365,-0.006509,0.029875
EPR.OL,2023-02-02,15.42,positive,Q4,-0.005082,-0.008882,0.0038,0.027782,0.029187,-0.001404,0.077588,0.035544,0.042044,0.156531,-0.006509,0.16304
SVEG.OL,2023-02-02,87.35,positive,Q5,-0.00301,-0.008882,0.005873,-0.019313,0.029187,-0.0485,0.023326,0.035544,-0.012218,0.023702,-0.006509,0.030211
SCATC.OL,2023-02-03,-296.52,negative,Q1,-0.013314,0.008413,-0.021726,-0.05498,0.036719,-0.091699,-0.171351,0.038535,-0.209886,-0.093567,0.003668,-0.097235
MING.OL,2023-02-08,6.97,positive,Q3,0.001529,0.00368,-0.002151,0.027905,0.002824,0.025082,0.024847,-0.015088,0.039935,0.093463,-0.020856,0.114319
STB.OL,2023-02-08,26.9,positive,Q5,0.0032,0.00368,-0.00048,-0.010135,0.002824,-0.012958,-0.02227,-0.015088,-0.007182,-0.010668,-0.020856,0.010188
VEI.OL,2023-02-08,9.09,positive,Q4,-0.005309,0.00368,-0.008989,-0.003576,0.002824,-0.006399,0.033915,-0.015088,0.049003,-0.020912,-0.020856,-5.7e-05
SRBNK.OL,2023-02-08,88.14,positive,Q5,0.008338,0.00368,0.004658,0.046749,0.002824,0.043925,0.038411,-0.015088,0.053499,0.055274,-0.020856,0.07613
YAR.OL,2023-02-08,16.04,positive,Q4,-0.022175,0.00368,-0.025855,0.005607,0.002824,0.002783,0.024331,-0.015088,0.03942,-0.090628,-0.020856,-0.069772
ELK.OL,2023-02-08,-26.18,negative,Q2,-0.010584,0.00368,-0.014264,0.023092,0.002824,0.020268,-0.021488,-0.015088,-0.0064,-0.065106,-0.020856,-0.04425
AKSO.OL,2023-02-08,49.32,positive,Q5,0.024166,0.00368,0.020486,0.017883,0.002824,0.015059,-0.023683,-0.015088,-0.008595,-0.129531,-0.020856,-0.108675
EQNR.OL,2023-02-08,38.93,positive,Q5,0.033181,0.00368,0.029501,0.016673,0.002824,0.013849,-0.014038,-0.015088,0.00105,-0.031575,-0.020856,-0.01072
NONG.OL,2023-02-09,29.74,positive,Q5,0.004213,-0.001629,0.005841,0.019879,-0.011056,0.030935,0.006187,-0.045246,0.051434,0.070958,-0.029092,0.100051
SB1NO.OL,2023-02-09,17.5,positive,Q4,0.018164,-0.001629,0.019793,0.030602,-0.011056,0.041658,-0.003356,-0.045246,0.04189,0.04768,-0.029092,0.076773
DNB.OL,2023-02-09,43.19,positive,Q5,0.007371,-0.001629,0.009,0.039703,-0.011056,0.050758,0.004268,-0.045246,0.049514,0.032784,-0.029092,0.061876
ATEA.OL,2023-02-09,-0.74,negative,Q3,-0.011784,-0.001629,-0.010155,0.03004,-0.011056,0.041096,-0.046846,-0.045246,-0.0016,0.295663,-0.029092,0.324755
SOON.OL,2023-02-09,17.5,positive,Q4,0.022916,-0.001629,0.024544,0.015277,-0.011056,0.026333,0.030554,-0.045246,0.075801,0.020515,-0.029092,0.049607
SCHA.OL,2023-02-10,-161.64,negative,Q1,0.012478,0.000805,0.011673,-0.025784,-0.006293,-0.019491,-0.064045,-0.031809,-0.032235,-0.073389,-0.016244,-0.057145
SOR.OL,2023-02-10,25.35,positive,Q5,-0.003849,0.000805,-0.004654,0.003849,-0.006293,0.010142,0.003849,-0.031809,0.035659,0.015947,-0.016244,0.032191
AKRBP.OL,2023-02-10,2.59,positive,Q3,-0.002676,0.000805,-0.003481,-0.050098,-0.006293,-0.043805,-0.098839,-0.031809,-0.067029,-0.158399,-0.016244,-0.142155
SCHB.OL,2023-02-10,-315.11,negative,Q1,0.011366,0.000805,0.010561,-0.032066,-0.006293,-0.025773,-0.075497,-0.031809,-0.043687,-0.080958,-0.016244,-0.064714
KOG.OL,2023-02-10,17.12,positive,Q4,0.037512,0.000805,0.036707,0.088628,-0.006293,0.09492,0.063136,-0.031809,0.094945,0.230617,-0.016244,0.246861
SPOL.OL,2023-02-10,6.49,positive,Q3,-0.009977,0.000805,-0.010782,-0.006685,-0.006293,-0.000392,0.025042,-0.031809,0.056852,0.098773,-0.016244,0.115017
ENTRA.OL,2023-02-10,-7.35,negative,Q2,0.010747,0.000805,0.009942,-0.04402,-0.006293,-0.037728,-0.107987,-0.031809,-0.076178,-0.141432,-0.016244,-0.125189
AFG.OL,2023-02-10,-1.44,negative,Q3,0.012967,0.000805,0.012162,-0.024615,-0.006293,-0.018323,-0.038901,-0.031809,-0.007092,-0.052015,-0.016244,-0.035771
RING.OL,2023-02-14,22.92,positive,Q4,0.000807,0.00254,-0.001733,0.006896,-0.017864,0.02476,0.031323,-0.070827,0.102151,0.048526,-0.011914,0.06044
CRAYN.OL,2023-02-14,-29.65,negative,Q1,0.068548,0.00254,0.066008,-0.065524,-0.017864,-0.04766,-0.193548,-0.070827,-0.122721,0.03629,-0.011914,0.048205
NHY.OL,2023-02-14,-36.54,negative,Q1,0.027321,0.00254,0.024781,0.035082,-0.017864,0.052946,-0.051847,-0.070827,0.01898,-0.013039,-0.011914,-0.001125
KIT.OL,2023-02-15,-13.79,negative,Q2,0.018991,-0.010211,0.029203,0.036018,-0.007502,0.04352,0.05501,-0.075933,0.130943,0.449902,-0.018708,0.46861
NAS.OL,2023-02-16,68.63,positive,Q5,-0.001823,0.00318,-0.005003,-0.03464,-0.002952,-0.031688,-0.100273,-0.05763,-0.042643,0.105743,-0.015315,0.121058
GSF.OL,2023-02-16,-178.95,negative,Q1,-0.017395,0.00318,-0.020575,-0.057009,-0.002952,-0.054057,-0.057009,-0.05763,0.000621,0.200702,-0.015315,0.216017
HEX.OL,2023-02-16,13.43,positive,Q4,-0.014396,0.00318,-0.017576,-0.012182,-0.002952,-0.00923,-0.012735,-0.05763,0.044895,-0.224806,-0.015315,-0.209491
OLT.OL,2023-02-16,80.65,positive,Q5,0.005684,0.00318,0.002504,0.002873,-0.002952,0.005825,-0.0198,-0.05763,0.03783,-0.000312,-0.015315,0.015003
BOUV.OL,2023-02-17,11.25,positive,Q4,0.020915,-0.007328,0.028243,-0.020728,0.00172,-0.022448,-0.009524,-0.052409,0.042885,0.114472,-0.021499,0.135972
BONHR.OL,2023-02-17,-26.76,negative,Q1,-0.00898,-0.007328,-0.001652,-0.02694,0.00172,-0.028659,-0.168767,-0.052409,-0.116358,0.003237,-0.021499,0.024737
LSG.OL,2023-02-21,-27.52,negative,Q1,-0.017714,0.013118,-0.030832,0.030468,0.018931,0.011536,0.056684,-0.040182,0.096866,0.054086,-0.024312,0.078398
AUSS.OL,2023-02-21,3.54,positive,Q3,-0.014471,0.013118,-0.027589,0.01957,0.018931,0.000639,0.049063,-0.040182,0.089245,0.077867,-0.024312,0.102179
BAKKA.OL,2023-02-21,-22.57,negative,Q2,0.0,0.013118,-0.013118,0.046609,0.018931,0.027678,0.075841,-0.040182,0.116023,0.170494,-0.024312,0.194807
SALM.OL,2023-02-22,-7.04,negative,Q2,0.005915,-0.005674,0.011589,0.053089,0.012969,0.040119,0.06929,-0.080311,0.149601,0.194611,-0.033945,0.228556
IDEX.OL,2023-02-22,86.29,positive,Q5,-0.055337,-0.005674,-0.049663,0.174348,0.012969,0.161378,0.019944,-0.080311,0.100256,-0.141136,-0.033945,-0.107192
HAFNIO.OL,2023-03-29,7.71,positive,Q4,0.001714,0.007322,-0.005609,-0.047001,0.022563,-0.069564,-0.111628,0.003985,-0.115613,-0.0541,0.017505,-0.071605
AUTO.OL,2023-03-30,-54.72,negative,Q1,0.024477,0.015655,0.008823,0.05652,0.021644,0.034876,-0.037383,0.014153,-0.051537,-0.022252,0.011417,-0.033669
VAR.OL,2023-03-30,-34.15,negative,Q1,0.062354,0.015655,0.0467,0.030886,0.021644,0.009241,0.087413,0.014153,0.073259,0.20979,0.011417,0.198373
ADE.OL,2023-03-30,-58.3,negative,Q1,-0.00202,0.015655,-0.017675,0.020202,0.021644,-0.001442,0.092929,0.014153,0.078776,-0.084175,0.011417,-0.095593
MOWI.OL,2023-03-31,56.56,positive,Q5,-0.000521,-0.006276,0.005755,0.024215,0.006152,0.018063,0.018943,0.006531,0.012413,-0.101263,-0.002053,-0.09921
ASA.OL,2023-04-20,99.42,positive,Q5,-0.009119,0.008998,-0.018117,-0.037994,0.01373,-0.051724,0.024316,0.005438,0.018878,0.151976,0.02955,0.122426
HPUR.OL,2023-04-25,52.63,positive,Q5,0.046512,0.006412,0.0401,-0.032558,-0.0146,-0.017958,0.130233,-0.009775,0.140007,-0.072558,0.02765,-0.100208
ENTRA.OL,2023-04-25,-2.48,negative,Q3,0.036108,0.006412,0.029696,0.019579,-0.0146,0.034179,-0.062377,-0.009775,-0.052602,-0.044766,0.02765,-0.072416
DNB.OL,2023-04-27,19.1,positive,Q4,-0.001048,-0.016525,0.015477,-0.005361,-0.007189,0.001828,0.01787,-0.003404,0.021274,0.114863,0.018715,0.096148
NSKOG.OL,2023-04-27,-30.82,negative,Q1,-0.038238,-0.016525,-0.021714,-0.027497,-0.007189,-0.020309,-0.120086,-0.003404,-0.116682,-0.046617,0.018715,-0.065332
KOG.OL,2023-04-27,15.34,positive,Q4,0.002541,-0.016525,0.019065,0.012924,-0.007189,0.020113,-0.026731,-0.003404,-0.023327,-0.058102,0.018715,-0.076817
EPR.OL,2023-04-27,25.71,positive,Q5,0.000576,-0.016525,0.017101,-0.024924,-0.007189,-0.017736,-0.057052,-0.003404,-0.053648,-0.196081,0.018715,-0.214796
ATEA.OL,2023-04-27,27.64,positive,Q5,-0.006793,-0.016525,0.009731,0.004091,-0.007189,0.01128,0.045083,-0.003404,0.048487,-0.057357,0.018715,-0.076072
AKRBP.OL,2023-04-27,147.22,positive,Q5,-0.032991,-0.016525,-0.016466,-0.031415,-0.007189,-0.024227,0.009845,-0.003404,0.013249,0.094728,0.018715,0.076013
GJF.OL,2023-04-28,-2.59,negative,Q3,0.011604,-0.0062,0.017803,0.002734,-0.000299,0.003033,0.009356,0.016116,-0.00676,-0.117011,0.024769,-0.14178
ELK.OL,2023-04-28,39.25,positive,Q5,0.01151,-0.0062,0.017709,-0.031144,-0.000299,-0.030845,-0.096479,0.016116,-0.112595,-0.227488,0.024769,-0.252257
SCHA.OL,2023-04-28,-125.98,negative,Q1,0.023851,-0.0062,0.030051,0.028663,-0.000299,0.028962,0.076853,0.016116,0.060737,0.093312,0.024769,0.068543
KIT.OL,2023-04-28,102.63,positive,Q5,0.022245,-0.0062,0.028444,0.097673,-0.000299,0.097973,0.122475,0.016116,0.106359,-0.07057,0.024769,-0.095339
NHY.OL,2023-04-28,11.84,positive,Q4,0.002135,-0.0062,0.008334,-0.028667,-0.000299,-0.028368,-0.02821,0.016116,-0.044326,-0.07731,0.024769,-0.102079
YAR.OL,2023-04-28,-75.61,negative,Q1,0.00582,-0.0062,0.012019,-0.022593,-0.000299,-0.022294,-0.019326,0.016116,-0.035442,0.091086,0.024769,0.066317
PROT.OL,2023-04-28,236.28,positive,Q5,0.014147,-0.0062,0.020346,0.006443,-0.000299,0.006742,0.082429,0.016116,0.066313,0.088031,0.024769,0.063262
BRG.OL,2023-05-03,0.87,positive,Q3,0.003267,0.017524,-0.014257,0.019719,0.014705,0.005014,0.014273,0.034292,-0.020019,-0.111837,0.054435,-0.166272
EQNR.OL,2023-05-04,12.0,positive,Q4,0.013009,0.008021,0.004988,0.004251,0.007714,-0.003463,0.022192,0.017478,0.004714,0.038305,0.02902,0.009284
SVEG.OL,2023-05-04,-2.48,negative,Q3,0.008356,0.008021,0.000335,-0.005207,0.007714,-0.012922,-0.016711,0.017478,-0.034189,0.090458,0.02902,0.061438
AKSO.OL,2023-05-04,11.27,positive,Q4,0.003476,0.008021,-0.004544,0.028389,0.007714,0.020675,0.097914,0.017478,0.080436,0.264195,0.02902,0.235174
SRBNK.OL,2023-05-04,-9.07,negative,Q2,0.015168,0.008021,0.007147,0.007584,0.007714,-0.000131,0.033637,0.017478,0.016159,0.097698,0.02902,0.068678
SCATC.OL,2023-05-05,-451.72,negative,Q1,-0.046961,-0.0097,-0.037261,0.027624,0.000803,0.026821,0.073204,0.014713,0.058491,0.100138,0.014178,0.08596
SPOL.OL,2023-05-05,1.06,positive,Q3,0.004774,-0.0097,0.014474,-0.025493,0.000803,-0.026296,0.025493,0.014713,0.01078,-0.015945,0.014178,-0.030122
SOR.OL,2023-05-05,-3.59,negative,Q3,0.007815,-0.0097,0.017515,-0.019536,0.000803,-0.020339,-0.04298,0.014713,-0.057693,-0.015629,0.014178,-0.029807
BAKKA.OL,2023-05-09,11.99,positive,Q4,0.038059,-0.002283,0.040342,0.055671,0.016151,0.03952,-0.007751,0.036979,-0.044729,-0.17971,0.049212,-0.228922
HPUR.OL,2023-05-09,5.08,positive,Q3,-0.009524,-0.002283,-0.00724,0.047619,0.016151,0.031468,0.054762,0.036979,0.017783,-0.124762,0.049212,-0.173974
SB1NO.OL,2023-05-10,-1.45,negative,Q3,0.008414,0.010514,-0.0021,0.011818,0.0139,-0.002082,0.049731,0.032245,0.017486,0.091047,0.056951,0.034095
MING.OL,2023-05-10,-3.84,negative,Q3,-0.001513,0.010514,-0.012027,0.033642,0.0139,0.019742,0.050463,0.032245,0.018218,0.10235,0.056951,0.045398
STB.OL,2023-05-10,61.84,positive,Q5,0.01026,0.010514,-0.000254,0.023666,0.0139,0.009767,0.022435,0.032245,-0.00981,0.098906,0.056951,0.041954
RING.OL,2023-05-10,-5.82,negative,Q3,0.0,0.010514,-0.010514,0.0,0.0139,-0.0139,-0.048484,0.032245,-0.080728,-0.054535,0.056951,-0.111487
SOON.OL,2023-05-10,-1.45,negative,Q3,0.0,0.010514,-0.010514,0.011762,0.0139,-0.002137,-0.023524,0.032245,-0.055769,0.023524,0.056951,-0.033427
HEX.OL,2023-05-11,-16.44,negative,Q2,0.002206,0.001107,0.001099,0.038971,0.010535,0.028435,0.022794,0.021229,0.001565,0.057353,0.042777,0.014576
SALM.OL,2023-05-11,26.16,positive,Q5,0.01842,0.001107,0.017313,0.003906,0.010535,-0.006629,0.019831,0.021229,-0.001398,0.070077,0.042777,0.0273
NONG.OL,2023-05-11,22.26,positive,Q4,0.003206,0.001107,0.002099,0.004316,0.010535,-0.006219,0.013935,0.021229,-0.007294,0.044025,0.042777,0.001248
AFG.OL,2023-05-12,-101.84,negative,Q1,-0.009647,-0.004763,-0.004884,-0.017809,0.005023,-0.022833,-0.052093,0.026367,-0.078459,-0.075393,0.040027,-0.11542
NAS.OL,2023-05-12,-9.18,negative,Q2,0.016014,-0.004763,0.020777,0.067616,0.005023,0.062592,0.017794,0.026367,-0.008573,-0.176157,0.040027,-0.216183
GSF.OL,2023-05-12,133.03,positive,Q5,-0.074629,-0.004763,-0.069866,-0.083029,0.005023,-0.088052,-0.134283,0.026367,-0.16065,-0.141831,0.040027,-0.181858
AUSS.OL,2023-05-16,7.62,positive,Q3,-0.025979,-0.004494,-0.021485,-0.009823,-0.011601,0.001779,-0.135453,0.011099,-0.146552,-0.120589,0.03484,-0.15543
LSG.OL,2023-05-16,-14.43,negative,Q2,-0.0192,-0.004494,-0.014706,-0.001581,-0.011601,0.01002,-0.126722,0.011099,-0.137821,-0.114073,0.03484,-0.148913
CRAYN.OL,2023-05-23,-258.06,negative,Q1,0.026692,-0.006789,0.033481,0.096282,-0.022912,0.119194,0.001907,-0.01731,0.019217,-0.040038,0.026717,-0.066755
IDEX.OL,2023-05-23,97.76,positive,Q5,-0.083815,-0.006789,-0.077026,-0.144459,-0.022912,-0.121547,-0.18415,-0.01731,-0.16684,-0.302091,0.026717,-0.328808
BOUV.OL,2023-05-23,0.0,negative,Q3,-0.01037,-0.006789,-0.003582,-0.01465,-0.022912,0.008262,-0.036708,-0.01731,-0.019398,-0.113251,0.026717,-0.139968
OLT.OL,2023-05-24,9.18,positive,Q4,0.005873,-0.003121,0.008994,-0.005873,0.004815,-0.010688,0.005873,-0.008877,0.01475,-0.020556,0.024546,-0.045102
HAFNIO.OL,2023-06-28,19.05,positive,Q4,0.028479,0.003441,0.025038,0.038152,-0.010468,0.048619,0.03036,0.018248,0.012112,0.39871,0.073621,0.325089
ADE.OL,2023-06-29,-30.15,negative,Q1,-0.012784,0.008584,-0.021368,-0.034091,-0.012583,-0.021508,0.064631,0.023506,0.041125,0.504261,0.084357,0.419905
VAR.OL,2023-06-29,-48.34,negative,Q1,0.007317,0.008584,-0.001267,0.012683,-0.012583,0.025266,0.058537,0.023506,0.035031,0.099512,0.084357,0.015155
AUTO.OL,2023-06-29,-341.46,negative,Q1,0.01194,0.008584,0.003357,-0.063113,-0.012583,-0.05053,0.078465,0.023506,0.054959,-0.374414,0.084357,-0.45877
MOWI.OL,2023-06-29,-162.48,negative,Q1,0.013237,0.008584,0.004653,-0.012342,-0.012583,0.000241,0.047321,0.023506,0.023815,0.127702,0.084357,0.043345
HPUR.OL,2023-06-30,2.86,positive,Q3,-0.023645,0.002019,-0.025664,-0.076847,-0.018904,-0.057944,0.024631,0.015354,0.009277,-0.348768,0.070834,-0.419602
PROT.OL,2023-07-11,-28.0,negative,Q1,-0.029735,-0.003112,-0.026622,-0.042107,-0.004946,-0.037161,0.021087,0.038575,-0.017488,0.069381,0.076378,-0.006997
DNB.OL,2023-07-12,2.25,positive,Q3,0.00454,-0.012575,0.017115,0.033291,0.008692,0.024598,0.070597,0.047105,0.023492,0.094809,0.093269,0.001539
KOG.OL,2023-07-12,4.04,positive,Q3,0.010895,-0.012575,0.02347,0.015415,0.008692,0.006723,-0.01217,0.047105,-0.059275,0.05007,0.093269,-0.0432
AKSO.OL,2023-07-13,24.14,positive,Q4,0.004171,-0.009815,0.013986,0.061168,0.027561,0.033607,0.116311,0.05722,0.059091,-0.04912,0.103267,-0.152387
AKRBP.OL,2023-07-13,0.0,negative,Q3,-0.00151,-0.009815,0.008305,0.036167,0.027561,0.008606,0.084795,0.05722,0.027575,0.14773,0.103267,0.044463
KIT.OL,2023-07-13,33.33,positive,Q5,-0.05166,-0.009815,-0.041844,-0.033458,0.027561,-0.061019,0.041488,0.05722,-0.015732,-0.128212,0.103267,-0.231479
BONHR.OL,2023-07-13,202.05,positive,Q5,-0.029605,-0.009815,-0.019789,-0.025894,0.027561,-0.053455,-0.088853,0.05722,-0.146073,-0.24629,0.103267,-0.349557
EPR.OL,2023-07-13,1.26,positive,Q3,-0.013645,-0.009815,-0.00383,-0.000709,0.027561,-0.02827,0.004076,0.05722,-0.053144,-0.02162,0.103267,-0.124887
ENTRA.OL,2023-07-14,-16.27,negative,Q2,0.013127,0.012928,0.000199,0.034618,0.045111,-0.010493,0.039382,0.066063,-0.026681,-0.046686,0.129221,-0.175907
ELK.OL,2023-07-14,-92.31,negative,Q1,0.020116,0.012928,0.007188,0.049173,0.045111,0.004062,0.042021,0.066063,-0.024042,-0.171211,0.129221,-0.300432
NSKOG.OL,2023-07-14,-17.95,negative,Q2,-0.010694,0.012928,-0.023622,0.003327,0.045111,-0.041784,0.060361,0.066063,-0.005701,0.042063,0.129221,-0.087158
STB.OL,2023-07-14,-3.94,negative,Q3,0.001641,0.012928,-0.011287,0.02234,0.045111,-0.022771,0.004418,0.066063,-0.061645,-0.001388,0.129221,-0.130609
GJF.OL,2023-07-14,-33.55,negative,Q1,0.009073,0.012928,-0.003855,0.037005,0.045111,-0.008106,0.029861,0.066063,-0.036201,0.025932,0.129221,-0.103289
ATEA.OL,2023-07-18,2.37,positive,Q3,-0.005865,0.010552,-0.016417,-0.014622,0.016909,-0.031531,-0.023379,0.046067,-0.069446,-0.016109,0.111417,-0.127526
BRG.OL,2023-07-18,10.12,positive,Q4,0.016374,0.010552,0.005822,0.025186,0.016909,0.008277,-0.018873,0.046067,-0.06494,-0.007562,0.111417,-0.118979
YAR.OL,2023-07-19,-146.75,negative,Q1,0.00051,0.005896,-0.005386,0.025536,0.013508,0.012028,-0.033214,0.022183,-0.055397,-0.02801,0.099841,-0.127851
TEL.OL,2023-07-20,-20.75,negative,Q2,0.00675,0.007096,-0.000347,-0.014463,0.003498,-0.017961,-0.019927,0.022453,-0.04238,0.08453,0.097485,-0.012955
NHY.OL,2023-07-21,9.94,positive,Q4,0.052331,0.002502,0.049828,0.065846,0.005019,0.060828,-0.042973,0.012051,-0.055024,-0.047825,0.074752,-0.122577
EQNR.OL,2023-07-26,-6.33,negative,Q2,-0.0078,-0.004039,-0.003761,0.00697,-0.003904,0.010874,0.070489,0.005059,0.06543,0.237854,0.054899,0.182956
SVEG.OL,2023-08-09,1.79,positive,Q3,0.018569,0.005076,0.013493,0.018569,0.002232,0.016337,-0.018569,0.01903,-0.037599,-0.008744,0.032755,-0.0415
SOON.OL,2023-08-10,7.84,positive,Q4,-0.006059,-0.003037,-0.003022,0.00982,-0.015316,0.025136,-0.002089,0.01966,-0.02175,0.147931,0.032361,0.11557
IDEX.OL,2023-08-10,97.24,positive,Q5,-0.035155,-0.003037,-0.032118,-0.032085,-0.015316,-0.016769,-0.122141,0.01966,-0.141801,-0.358777,0.032361,-0.391138
SPOL.OL,2023-08-10,-11.08,negative,Q2,0.011278,-0.003037,0.014315,0.025739,-0.015316,0.041055,0.043474,0.01966,0.023814,0.056389,0.032361,0.024028
SRBNK.OL,2023-08-10,-7.36,negative,Q2,-0.002292,-0.003037,0.000745,-0.029383,-0.015316,-0.014067,-0.019316,0.01966,-0.038976,-0.080373,0.032361,-0.112735
SB1NO.OL,2023-08-10,7.84,positive,Q4,-0.00234,-0.003037,0.000697,-0.029376,-0.015316,-0.01406,-0.019324,0.01966,-0.038984,-0.080329,0.032361,-0.112691
NONG.OL,2023-08-10,-12.68,negative,Q2,0.003081,-0.003037,0.006117,0.014455,-0.015316,0.029771,-0.024763,0.01966,-0.044423,-0.02891,0.032361,-0.061271
MING.OL,2023-08-10,-0.71,negative,Q3,0.011061,-0.003037,0.014098,-0.016632,-0.015316,-0.001316,-0.027693,0.01966,-0.047353,-0.096964,0.032361,-0.129326
RING.OL,2023-08-11,-6.89,negative,Q2,0.012922,-0.001534,0.014455,0.006479,-0.006231,0.012711,-0.012884,0.024008,-0.036893,-0.038691,0.047441,-0.086132
OLT.OL,2023-08-11,108.03,positive,Q5,0.0,-0.001534,0.001534,-0.01477,-0.006231,-0.008539,-0.008862,0.024008,-0.03287,-0.01477,0.047441,-0.062211
SOR.OL,2023-08-15,-3.47,negative,Q3,0.023816,-0.001503,0.025319,-0.003969,-0.019846,0.015877,0.007939,0.039567,-0.031628,0.003969,0.052867,-0.048897
VEI.OL,2023-08-17,-15.61,negative,Q2,-0.031364,0.006161,-0.037526,-0.081965,-0.003471,-0.078495,-0.064506,0.055486,-0.119992,-0.077365,0.074624,-0.151989
SCATC.OL,2023-08-18,-46.02,negative,Q1,-0.025308,-0.003149,-0.022159,0.007524,0.001948,0.005576,-0.066347,0.051544,-0.117891,-0.068399,0.047613,-0.116012
BAKKA.OL,2023-08-22,-28.89,negative,Q1,-0.001923,-0.000368,-0.001555,0.005728,0.018509,-0.012781,0.093687,0.05899,0.034697,-0.006709,0.080256,-0.086965
AUSS.OL,2023-08-23,-246.12,negative,Q1,-0.021148,0.002835,-0.023983,-0.014674,0.021429,-0.036103,-0.020429,0.062745,-0.083174,-0.08042,0.066513,-0.146933
LSG.OL,2023-08-23,-326.97,negative,Q1,-0.026667,0.002835,-0.029502,-0.022716,0.021429,-0.044145,0.008395,0.062745,-0.05435,-0.102716,0.066513,-0.169229
CRAYN.OL,2023-08-24,-42.54,negative,Q1,0.019644,0.011632,0.008012,0.033763,0.02851,0.005253,-0.170657,0.047918,-0.218575,-0.037446,0.059663,-0.097109
NAS.OL,2023-08-24,-26.15,negative,Q2,-0.024277,0.011632,-0.03591,0.00578,0.02851,-0.022729,-0.065896,0.047918,-0.113814,0.092486,0.059663,0.032823
SALM.OL,2023-08-24,-169.98,negative,Q1,0.010381,0.011632,-0.001251,0.047984,0.02851,0.019474,0.081978,0.047918,0.03406,0.175986,0.059663,0.116323
ASA.OL,2023-08-24,99.04,positive,Q5,-0.039855,0.011632,-0.051487,0.09058,0.02851,0.06207,-0.206522,0.047918,-0.25444,-0.32971,0.059663,-0.389373
AFG.OL,2023-08-25,-9.95,negative,Q2,-0.02041,0.000488,-0.020898,-0.02041,0.018147,-0.038557,-0.023556,0.032823,-0.056379,-0.114636,0.06444,-0.179076
GSF.OL,2023-08-25,-64.5,negative,Q1,-0.008714,0.000488,-0.009202,0.053389,0.018147,0.035242,0.063485,0.032823,0.030662,-0.101245,0.06444,-0.165685
BOUV.OL,2023-08-30,-5.71,negative,Q3,0.01409,0.009787,0.004303,0.006946,0.01041,-0.003464,0.00516,0.036255,-0.031095,0.04743,0.051226,-0.003796
HAFNIO.OL,2023-09-28,7.42,positive,Q3,0.009075,-0.007661,0.016736,-0.005918,-0.029529,0.023611,0.093115,-0.002618,0.095733,0.088183,0.014808,0.073375
MOWI.OL,2023-09-29,-13.77,negative,Q2,-0.011636,-0.01223,0.000594,-0.031617,0.003312,-0.034929,-0.044559,0.014,-0.05856,-0.025941,0.024548,-0.050489
AUTO.OL,2023-09-29,7.28,positive,Q3,-0.026846,-0.01223,-0.014616,-0.107383,0.003312,-0.110694,-0.173154,0.014,-0.187155,0.295973,0.024548,0.271425
ADE.OL,2023-09-29,-50.84,negative,Q1,0.013592,-0.01223,0.025822,0.048544,0.003312,0.045232,-0.048058,0.014,-0.062059,0.087379,0.024548,0.062831
VAR.OL,2023-09-29,-8.51,negative,Q2,-0.022948,-0.01223,-0.010718,0.049868,0.003312,0.046556,0.20962,0.014,0.19562,0.075463,0.024548,0.050916
ENTRA.OL,2023-10-18,-12.5,negative,Q2,-0.000593,-0.010811,0.010217,-0.011156,-0.028124,0.016968,0.175172,-0.000284,0.175456,0.326252,-0.020599,0.346851
PROT.OL,2023-10-19,-103.5,negative,Q1,-0.014315,-0.014349,3.4e-05,0.03093,-0.007581,0.038512,0.090491,0.01921,0.071281,0.164302,-0.011042,0.175344
ATEA.OL,2023-10-19,-9.5,negative,Q2,-0.041375,-0.014349,-0.027026,-0.074437,-0.007581,-0.066856,0.031848,0.01921,0.012638,0.170823,-0.011042,0.181865
DNB.OL,2023-10-19,16.64,positive,Q4,0.0,-0.014349,0.014349,-0.026711,-0.007581,-0.019129,-0.003416,0.01921,-0.022626,0.051462,-0.011042,0.062503
YAR.OL,2023-10-20,-80.41,negative,Q1,0.000826,0.007171,-0.006345,0.008569,0.010161,-0.001592,0.015202,0.020518,-0.005317,-0.055625,0.007705,-0.06333
GJF.OL,2023-10-20,-26.91,negative,Q1,0.019841,0.007171,0.01267,0.026067,0.010161,0.015906,0.102559,0.020518,0.082041,0.112479,0.007705,0.104774
NHY.OL,2023-10-24,-61.97,negative,Q1,0.016751,-0.006835,0.023585,0.04701,0.017363,0.029647,0.090058,0.029536,0.060522,0.033141,0.005332,0.02781
BRG.OL,2023-10-24,2.6,positive,Q3,-0.013139,-0.006835,-0.006304,0.014515,0.017363,-0.002848,0.12107,0.029536,0.091535,0.07505,0.005332,0.069718
ELK.OL,2023-10-25,-366.67,negative,Q1,0.054054,0.010099,0.043956,0.082924,0.03168,0.051244,0.100123,0.043523,0.0566,0.371622,0.018948,0.352673
SCHB.OL,2023-10-25,3.54,positive,Q3,0.005934,0.010099,-0.004165,0.047603,0.03168,0.015923,0.26584,0.043523,0.222317,0.498978,0.018948,0.48003
SVEG.OL,2023-10-25,9.66,positive,Q4,-0.003902,0.010099,-0.014,0.007915,0.03168,-0.023765,-0.030546,0.043523,-0.074069,0.094649,0.018948,0.0757
STB.OL,2023-10-25,14.58,positive,Q4,0.011164,0.010099,0.001065,0.038224,0.03168,0.006543,0.039316,0.043523,-0.004207,0.085791,0.018948,0.066842
TEL.OL,2023-10-25,12.57,positive,Q4,0.001289,0.010099,-0.008809,0.004364,0.03168,-0.027316,-0.02172,0.043523,-0.065243,0.051274,0.018948,0.032326
SCHA.OL,2023-10-25,8.33,positive,Q4,0.006932,0.010099,-0.003166,0.053147,0.03168,0.021467,0.240377,0.043523,0.196854,0.486348,0.018948,0.4674
KIT.OL,2023-10-25,-16.67,negative,Q2,0.032168,0.010099,0.022069,0.006993,0.03168,-0.024687,0.126923,0.043523,0.0834,0.07972,0.018948,0.060772
BONHR.OL,2023-10-26,-63.86,negative,Q1,0.039085,0.003272,0.035813,0.077112,0.014425,0.062686,0.010578,0.028998,-0.01842,0.150994,0.005785,0.145209
SOR.OL,2023-10-26,8.31,positive,Q4,-0.007754,0.003272,-0.011026,-0.023262,0.014425,-0.037687,-0.027139,0.028998,-0.056137,0.143449,0.005785,0.137664
SOON.OL,2023-10-26,-12.33,negative,Q2,0.0,0.003272,-0.003272,-0.006777,0.014425,-0.021202,-0.023542,0.028998,-0.05254,0.070626,0.005785,0.064841
SB1NO.OL,2023-10-26,-12.33,negative,Q2,0.015274,0.003272,0.012002,0.015274,0.014425,0.000848,0.003415,0.028998,-0.025583,0.105777,0.005785,0.099993
SRBNK.OL,2023-10-26,-2.72,negative,Q3,0.015233,0.003272,0.011961,0.015233,0.014425,0.000808,0.003405,0.028998,-0.025593,0.105824,0.005785,0.10004
NONG.OL,2023-10-27,-28.62,negative,Q1,0.019467,0.008873,0.010593,0.023807,0.016957,0.00685,0.021575,0.017111,0.004464,0.133912,-0.00146,0.135372
AKRBP.OL,2023-10-27,9.41,positive,Q4,0.022589,0.008873,0.013716,0.004433,0.016957,-0.012524,-0.022944,0.017111,-0.040055,-0.105429,-0.00146,-0.103969
SPOL.OL,2023-10-27,-31.69,negative,Q1,0.014698,0.008873,0.005824,0.04095,0.016957,0.023994,0.019597,0.017111,0.002486,0.011462,-0.00146,0.012922
KOG.OL,2023-10-27,14.92,positive,Q4,-0.00861,0.008873,-0.017483,-0.01476,0.016957,-0.031717,0.011741,0.017111,-0.00537,0.171754,-0.00146,0.173214
EQNR.OL,2023-10-27,17.95,positive,Q4,0.002396,0.008873,-0.006478,-0.001497,0.016957,-0.018454,-0.039462,0.017111,-0.056573,-0.170926,-0.00146,-0.169466
AKSO.OL,2023-10-30,77.39,positive,Q5,-0.032847,0.001925,-0.034772,-0.050182,-0.014019,-0.036163,-0.095803,0.001527,-0.09733,-0.119982,-0.013283,-0.106699
RING.OL,2023-11-01,7.9,positive,Q4,0.013493,-0.006795,0.020289,0.006747,-0.006993,0.013739,0.040519,0.000789,0.03973,0.013493,-0.025951,0.039445
EPR.OL,2023-11-02,18.67,positive,Q4,0.036016,0.005776,0.03024,0.057212,-0.001888,0.059099,0.119249,-0.004623,0.123872,0.196105,-0.024228,0.220333
NAS.OL,2023-11-02,19.87,positive,Q4,0.004415,0.005776,-0.001361,0.002208,-0.001888,0.004095,0.065121,-0.004623,0.069744,0.492274,-0.024228,0.516502
SCATC.OL,2023-11-02,16.67,positive,Q4,-0.034985,0.005776,-0.040761,-0.092566,-0.001888,-0.090678,0.078717,-0.004623,0.08334,0.05758,-0.024228,0.081808
MING.OL,2023-11-02,-18.41,negative,Q2,0.017003,0.005776,0.011227,-0.006117,-0.001888,-0.00423,0.013944,-0.004623,0.018567,0.129633,-0.024228,0.153861
BAKKA.OL,2023-11-07,-11.75,negative,Q2,-0.001855,0.011526,-0.01338,-0.013979,0.024995,-0.038973,-0.026084,0.004208,-0.030292,0.103456,-0.034697,0.138153
HPUR.OL,2023-11-07,-7.69,negative,Q2,0.03619,0.011526,0.024665,0.110476,0.024995,0.085482,-0.071429,0.004208,-0.075637,-0.289524,-0.034697,-0.254826
VEI.OL,2023-11-08,8.2,positive,Q4,-0.021722,-0.001689,-0.020033,-0.029672,-0.006068,-0.023604,0.025529,-0.002034,0.027563,-0.00795,-0.043259,0.035309
CRAYN.OL,2023-11-08,40.0,positive,Q5,0.044744,-0.001689,0.046434,0.067472,-0.006068,0.07354,0.198153,-0.002034,0.200187,0.301136,-0.043259,0.344395
OLT.OL,2023-11-09,17.35,positive,Q4,-0.020864,0.008607,-0.02947,-0.017892,0.00578,-0.023672,0.026743,0.001686,0.025058,0.190491,-0.034055,0.224546
BOUV.OL,2023-11-09,5.17,positive,Q3,0.002814,0.008607,-0.005793,0.064309,0.00578,0.058529,0.053457,0.001686,0.051771,0.111535,-0.034055,0.14559
HEX.OL,2023-11-09,-276.19,negative,Q1,0.020576,0.008607,0.01197,0.073251,0.00578,0.067471,0.032099,0.001686,0.030413,-0.037037,-0.034055,-0.002982
IDEX.OL,2023-11-09,97.59,positive,Q5,-0.031634,0.008607,-0.040241,-0.095972,0.00578,-0.101752,0.157102,0.001686,0.155417,-0.168687,-0.034055,-0.134632
SALM.OL,2023-11-09,-5.73,negative,Q3,0.008443,0.008607,-0.000164,0.013027,0.00578,0.007247,0.02674,0.001686,0.025054,0.02147,-0.034055,0.055525
DOFG.OL,2023-11-10,-50.32,negative,Q1,-0.0057,0.004605,-0.010306,0.034609,0.005652,0.028958,-0.128257,-0.013533,-0.114724,0.081433,-0.051482,0.132915
AFG.OL,2023-11-10,-78.06,negative,Q1,0.028741,0.004605,0.024136,0.016173,0.005652,0.010521,0.059334,-0.013533,0.072867,0.071902,-0.051482,0.123384
GSF.OL,2023-11-14,28.57,positive,Q5,-0.012534,-0.019129,0.006595,0.006822,-0.017344,0.024166,-0.03887,-0.00995,-0.02892,0.014596,-0.051222,0.065818
LSG.OL,2023-11-15,-1.49,negative,Q3,0.007471,0.010211,-0.00274,0.039568,0.018042,0.021526,0.02601,0.002686,0.023324,0.042889,-0.024527,0.067416
AUSS.OL,2023-11-15,-79.27,negative,Q1,0.017025,0.010211,0.006814,0.043119,0.018042,0.025076,0.004932,0.002686,0.002246,0.061416,-0.024527,0.085943
HAFNIO.OL,2023-12-29,10.59,positive,Q4,0.003542,0.001347,0.002196,-0.016649,-0.003902,-0.012747,0.068898,-0.023441,0.092339,0.109104,0.032618,0.076485
AUTO.OL,2023-12-30,-27.65,negative,Q1,-0.048023,0.012623,-0.060646,0.00339,-0.010537,0.013926,0.082486,-0.022202,0.104688,0.028249,0.032883,-0.004634
MOWI.OL,2023-12-30,40.22,positive,Q5,0.017271,0.012623,0.004648,0.00593,-0.010537,0.016466,0.014565,-0.022202,0.036767,0.053253,0.032883,0.02037
VAR.OL,2023-12-30,-38.1,negative,Q1,0.00525,0.012623,-0.007373,-0.047254,-0.010537,-0.036717,-0.054927,-0.022202,-0.032726,0.175687,0.032883,0.142804
GJF.OL,2024-01-24,-27.57,negative,Q1,-0.006374,0.006617,-0.012992,-0.024924,-0.000784,-0.024139,-0.00988,-0.020831,0.010951,0.083886,0.066864,0.017022
BRG.OL,2024-01-31,15.53,positive,Q4,-0.01622,-0.006475,-0.009745,-0.061659,-0.033421,-0.028238,-0.002204,-0.01458,0.012376,0.046061,0.08661,-0.040549
DNB.OL,2024-01-31,3.98,positive,Q3,0.011244,-0.006475,0.017719,-0.019002,-0.033421,0.01442,0.035586,-0.01458,0.050166,0.070385,0.08661,-0.016225
PROT.OL,2024-01-31,98.55,positive,Q5,0.032483,-0.006475,0.038958,0.062824,-0.033421,0.096245,0.003487,-0.01458,0.018068,0.091421,0.08661,0.004811
EPR.OL,2024-02-01,7.17,positive,Q3,0.010041,-0.005038,0.015079,-0.040308,-0.024637,-0.015672,-0.032451,-0.002452,-0.029999,-0.024302,0.097176,-0.121478
SVEG.OL,2024-02-01,9.76,positive,Q4,-0.010087,-0.005038,-0.005049,-0.005043,-0.024637,0.019594,-0.025216,-0.002452,-0.022765,0.132458,0.097176,0.035282
STB.OL,2024-02-06,11.82,positive,Q4,-0.002596,-0.007728,0.005133,0.003304,0.001474,0.00183,0.051327,0.020892,0.030436,0.255457,0.134408,0.121049
SCHA.OL,2024-02-07,-52.53,negative,Q1,-0.003108,0.002555,-0.005663,0.044129,0.007449,0.036681,-0.014928,0.019826,-0.034754,0.073249,0.136045,-0.062797
TEL.OL,2024-02-07,-42.68,negative,Q1,-0.013929,0.002555,-0.016483,-0.00484,0.007449,-0.012289,-0.023017,0.019826,-0.042843,0.152228,0.136045,0.016182
SCHB.OL,2024-02-07,-53.0,negative,Q1,-0.003356,0.002555,-0.005911,0.048488,0.007449,0.041039,-0.01263,0.019826,-0.032455,0.103422,0.136045,-0.032623
EQNR.OL,2024-02-07,-25.88,negative,Q2,-0.003951,0.002555,-0.006506,-0.025964,0.007449,-0.033412,-0.002171,0.019826,-0.021997,0.138373,0.136045,0.002327
NONG.OL,2024-02-08,-2.87,negative,Q3,0.003987,0.007914,-0.003927,0.006037,0.013391,-0.007354,0.03178,0.025322,0.006459,0.072787,0.137797,-0.065009
SOON.OL,2024-02-08,-4.51,negative,Q3,-0.003175,0.007914,-0.011089,0.006182,0.013391,-0.007209,0.034586,0.025322,0.009265,0.170927,0.137797,0.033131
ATEA.OL,2024-02-08,-24.75,negative,Q2,0.0,0.007914,-0.007914,0.004664,0.013391,-0.008727,-0.023066,0.025322,-0.048388,0.12924,0.137797,-0.008556
GCC.OL,2024-02-08,-6.82,negative,Q2,-0.028084,0.007914,-0.035998,-0.007586,0.013391,-0.020978,-0.071341,0.025322,-0.096663,0.213363,0.137797,0.075567
AKRBP.OL,2024-02-08,0.0,negative,Q3,0.010762,0.007914,0.002848,-0.028645,0.013391,-0.042036,-0.024547,0.025322,-0.049868,-0.017137,0.137797,-0.154934
AKSO.OL,2024-02-08,65.52,positive,Q5,0.02411,0.007914,0.016196,0.029851,0.013391,0.01646,0.02411,0.025322,-0.001211,0.316303,0.137797,0.178506
SRBNK.OL,2024-02-08,30.48,positive,Q5,0.007022,0.007914,-0.000892,0.006196,0.013391,-0.007195,0.038992,0.025322,0.013671,0.153242,0.137797,0.015446
VEI.OL,2024-02-08,31.09,positive,Q5,0.023815,0.007914,0.015901,-0.011964,0.013391,-0.025355,0.133183,0.025322,0.107861,0.24447,0.137797,0.106673
SB1NO.OL,2024-02-08,-4.51,negative,Q3,0.006997,0.007914,-0.000917,0.00621,0.013391,-0.007181,0.03901,0.025322,0.013688,0.157264,0.137797,0.019467
MING.OL,2024-02-08,16.84,positive,Q4,0.023757,0.007914,0.015843,0.026614,0.013391,0.013223,0.022369,0.025322,-0.002952,0.141807,0.137797,0.004011
SOR.OL,2024-02-09,-12.16,negative,Q2,0.003497,-0.00959,0.013088,0.010492,0.004294,0.006198,0.027979,0.027094,0.000884,0.140291,0.13712,0.003171
KOG.OL,2024-02-09,8.26,positive,Q4,0.004765,-0.00959,0.014356,0.057514,0.004294,0.05322,0.074275,0.027094,0.047181,0.410648,0.13712,0.273528
SPOL.OL,2024-02-09,-3.77,negative,Q3,0.003248,-0.00959,0.012838,-0.009564,0.004294,-0.013858,0.001624,0.027094,-0.02547,0.132365,0.13712,-0.004755
ENTRA.OL,2024-02-09,-24.84,negative,Q2,-0.023568,-0.00959,-0.013978,-0.026217,0.004294,-0.030511,-0.009044,0.027094,-0.036138,0.029871,0.13712,-0.107249
MOWI.OL,2024-02-14,7.75,positive,Q4,0.002015,0.008468,-0.006453,0.0035,0.006029,-0.002529,-0.00631,0.039882,-0.046192,-0.027734,0.138188,-0.165922
NHY.OL,2024-02-14,-23.08,negative,Q2,0.041064,0.008468,0.032596,0.002892,0.006029,-0.003137,0.039715,0.039882,-0.000167,0.275304,0.138188,0.137115
CRAYN.OL,2024-02-14,-81.77,negative,Q1,0.010309,0.008468,0.001841,-0.021831,0.006029,-0.027861,-0.080655,0.039882,-0.120537,0.343845,0.138188,0.205656
KIT.OL,2024-02-14,-14.29,negative,Q2,0.011645,0.008468,0.003177,0.005972,0.006029,-5.7e-05,0.027471,0.039882,-0.012411,-0.008958,0.138188,-0.147146
LINK.OL,2024-02-15,19.43,positive,Q4,-0.082441,-0.001134,-0.081307,-0.101713,-0.002125,-0.099588,-0.066381,0.033466,-0.099847,0.13758,0.136632,0.000949
AFG.OL,2024-02-15,-43.36,negative,Q1,0.008468,-0.001134,0.009602,0.038696,-0.002125,0.040821,0.131112,0.033466,0.097646,0.16216,0.136632,0.025528
SALM.OL,2024-02-15,-28.59,negative,Q1,0.007591,-0.001134,0.008725,0.022457,-0.002125,0.024582,0.111332,0.033466,0.077866,0.046816,0.136632,-0.089816
HEX.OL,2024-02-15,-95.0,negative,Q1,-0.005,-0.001134,-0.003866,0.055,-0.002125,0.057125,-0.054,0.033466,-0.087466,0.255,0.136632,0.118368
BOUV.OL,2024-02-16,3.66,positive,Q3,0.001611,-0.001751,0.003363,0.01128,-0.00342,0.0147,-0.019338,0.034578,-0.053916,0.093286,0.13598,-0.042694
OLT.OL,2024-02-16,428.94,positive,Q5,0.0,-0.001751,0.001751,0.009885,-0.00342,0.013306,0.049479,0.034578,0.014901,0.118782,0.13598,-0.017197
NAS.OL,2024-02-16,200.0,positive,Q5,-0.004793,-0.001751,-0.003042,-0.007789,-0.00342,-0.004369,-0.053325,0.034578,-0.087903,-0.168364,0.13598,-0.304344
BONHR.OL,2024-02-16,-56.88,negative,Q1,-0.009406,-0.001751,-0.007655,0.039903,-0.00342,0.043323,0.063369,0.034578,0.028791,0.14273,0.13598,0.00675
NORCO.OL,2024-02-20,17.65,positive,Q4,-0.006377,0.002947,-0.009323,-0.051013,0.002508,-0.053521,-0.073143,0.042252,-0.115395,0.112528,0.130997,-0.018469
BAKKA.OL,2024-02-20,11.95,positive,Q4,0.027568,0.002947,0.024622,0.033874,0.002508,0.031366,0.074071,0.042252,0.031819,-0.068706,0.130997,-0.199703
LSG.OL,2024-02-28,98.25,positive,Q5,0.008063,0.00722,0.000842,0.011145,0.007275,0.00387,-0.012331,0.074279,-0.086611,0.007114,0.120149,-0.113035
AUSS.OL,2024-02-28,11.56,positive,Q4,0.005598,0.00722,-0.001623,0.001959,0.007275,-0.005316,0.032326,0.074279,-0.041954,0.110132,0.120149,-0.010018
IDEX.OL,2024-02-29,-112.89,negative,Q1,-0.080206,-0.003981,-0.076225,-0.169487,0.005154,-0.174642,0.492028,0.065989,0.42604,-0.060952,0.116962,-0.177913
AUTO.OL,2024-03-30,-46.16,negative,Q1,-0.030912,-0.000553,-0.030359,-0.063369,0.003135,-0.066504,-0.176713,0.013779,-0.190492,-0.282844,0.04858,-0.331424
ENTRA.OL,2024-04-23,-23.81,negative,Q2,-0.034918,0.004856,-0.039774,-0.009683,0.003593,-0.013276,0.058099,0.04775,0.010349,0.197672,0.050663,0.147009
DNB.OL,2024-04-23,5.35,positive,Q3,0.005787,0.004856,0.000931,0.014078,0.003593,0.010485,0.062601,0.04775,0.014851,0.16126,0.050663,0.110596
VAR.OL,2024-04-23,-41.89,negative,Q1,0.020546,0.004856,0.015689,0.025859,0.003593,0.022266,0.053843,0.04775,0.006094,0.00673,0.050663,-0.043933
GCC.OL,2024-04-24,-10.31,negative,Q2,0.003899,0.005224,-0.001326,0.003899,0.007195,-0.003297,0.005848,0.045219,-0.039371,None,None,None
BRG.OL,2024-04-24,-3.38,negative,Q3,-0.011603,0.005224,-0.016828,0.006314,0.007195,-0.000881,0.019969,0.045219,-0.025251,-0.021048,0.053476,-0.074524
NHY.OL,2024-04-24,-11.43,negative,Q2,0.031359,0.005224,0.026135,0.022445,0.007195,0.01525,0.064311,0.045219,0.019091,-0.084368,0.053476,-0.137844
AKRBP.OL,2024-04-24,18.31,positive,Q4,0.008466,0.005224,0.003241,-0.063315,0.007195,-0.07051,-0.061543,0.045219,-0.106762,-0.085916,0.053476,-0.139392
STB.OL,2024-04-24,48.0,positive,Q5,0.003733,0.005224,-0.001491,0.006582,0.007195,-0.000613,0.058454,0.045219,0.013234,0.021711,0.053476,-0.031765
SB1NO.OL,2024-04-25,11.49,positive,Q4,0.022874,2.5e-05,0.022849,0.041237,0.016245,0.024992,0.035116,0.048743,-0.013627,0.070232,0.046486,0.023746
ATEA.OL,2024-04-25,35.71,positive,Q5,0.004308,2.5e-05,0.004282,0.020262,0.016245,0.004016,0.081765,0.048743,0.033022,0.098038,0.046486,0.051551
GJF.OL,2024-04-25,-9.14,negative,Q2,-0.012257,2.5e-05,-0.012282,0.01336,0.016245,-0.002885,0.02341,0.048743,-0.025333,0.019518,0.046486,-0.026968
AKSO.OL,2024-04-25,50.54,positive,Q5,0.0,2.5e-05,-2.5e-05,0.004063,0.016245,-0.012182,0.073589,0.048743,0.024847,0.226185,0.046486,0.179699
SOON.OL,2024-04-25,11.49,positive,Q4,0.010575,2.5e-05,0.01055,0.020256,0.016245,0.004011,0.040363,0.048743,-0.008379,0.058237,0.046486,0.01175
EPR.OL,2024-04-25,-43.14,negative,Q1,0.019031,2.5e-05,0.019006,0.049416,0.016245,0.033171,0.066208,0.048743,0.017466,-0.00096,0.046486,-0.047446
SRBNK.OL,2024-04-25,4.16,positive,Q3,0.022901,2.5e-05,0.022876,0.041221,0.016245,0.024976,0.035114,0.048743,-0.013628,0.070229,0.046486,0.023743
EQNR.OL,2024-04-25,28.0,positive,Q5,-0.011498,2.5e-05,-0.011523,0.006114,0.016245,-0.010131,0.022226,0.048743,-0.026516,-0.046453,0.046486,-0.092939
NAS.OL,2024-04-25,-42.65,negative,Q1,-0.023454,2.5e-05,-0.023479,0.017768,0.016245,0.001523,-0.054726,0.048743,-0.103469,-0.236674,0.046486,-0.28316
PROT.OL,2024-04-25,-0.36,negative,Q3,0.01336,2.5e-05,0.013334,0.015656,0.016245,-0.000589,0.092205,0.048743,0.043462,0.026954,0.046486,-0.019533
KIT.OL,2024-04-25,-40.0,negative,Q1,0.022064,2.5e-05,0.022039,0.044128,0.016245,0.027883,0.187544,0.048743,0.138802,0.284342,0.046486,0.237855
YAR.OL,2024-04-26,-72.0,negative,Q1,0.00286,0.001998,0.000861,0.013258,0.017709,-0.004451,0.044682,0.050369,-0.005687,-0.002762,0.058532,-0.061294
SVEG.OL,2024-04-30,3.29,positive,Q3,-0.001445,0.008463,-0.009908,0.024647,0.043537,-0.01889,0.026602,0.036497,-0.009895,0.068078,0.029311,0.038766
KOG.OL,2024-04-30,6.89,positive,Q3,0.010131,0.008463,0.001668,0.058969,0.043537,0.015432,0.137291,0.036497,0.100794,0.323224,0.029311,0.293912
TEL.OL,2024-04-30,426.24,positive,Q5,-0.008397,0.008463,-0.016861,0.006735,0.043537,-0.036801,0.005161,0.036497,-0.031336,0.045049,0.029311,0.015738
SOR.OL,2024-05-07,9.05,positive,Q4,-0.00296,0.015505,-0.018466,0.021155,0.011474,0.009682,0.003393,0.003533,-0.00014,0.096029,0.000142,0.095887
CRAYN.OL,2024-05-07,36.84,positive,Q5,0.003887,0.015505,-0.011618,0.051506,0.011474,0.040033,0.127308,0.003533,0.123775,0.098154,0.000142,0.098012
NONG.OL,2024-05-08,-2.48,negative,Q3,0.01977,-0.002418,0.022188,-0.024633,0.003316,-0.027948,-0.040068,-0.006934,-0.033133,0.037636,-0.007862,0.045498
VEI.OL,2024-05-08,125.6,positive,Q5,0.020874,-0.002418,0.023292,0.006989,0.003316,0.003673,-0.010391,-0.006934,-0.003457,0.024368,-0.007862,0.03223
HEX.OL,2024-05-08,-295.0,negative,Q1,0.010823,-0.002418,0.013241,-0.021645,0.003316,-0.024961,0.393939,-0.006934,0.400874,0.411255,-0.007862,0.419117
MOWI.OL,2024-05-08,-12.5,negative,Q2,0.007839,-0.002418,0.010257,0.004564,0.003316,0.001248,-0.053474,-0.006934,-0.046539,-0.058037,-0.007862,-0.050175
MING.OL,2024-05-08,2.18,positive,Q3,0.019661,-0.002418,0.022079,-0.02479,0.003316,-0.028105,-0.011469,-0.006934,-0.004535,0.015957,-0.007862,0.023818
SPOL.OL,2024-05-08,19.19,positive,Q4,0.013303,-0.002418,0.015721,-0.006255,0.003316,-0.009571,-0.016866,-0.006934,-0.009932,0.073482,-0.007862,0.081343
LINK.OL,2024-05-13,277.34,positive,Q5,-0.01199,-0.006297,-0.005694,0.031175,0.006807,0.024368,-0.033573,-0.022624,-0.010949,-0.004796,0.004141,-0.008937
SALM.OL,2024-05-14,-20.61,negative,Q2,0.016649,0.0041,0.012549,-0.007566,0.009349,-0.016915,-0.028967,-0.015704,-0.013263,0.02713,0.016981,0.010149
NORCO.OL,2024-05-14,69.44,positive,Q5,0.011715,0.0041,0.007614,0.049343,0.009349,0.039994,0.121406,-0.015704,0.13711,0.082002,0.016981,0.065021
LSG.OL,2024-05-15,-9.2,negative,Q2,-0.014608,0.007315,-0.021923,0.0,0.012354,-0.012354,-0.022355,-0.013212,-0.009143,0.033422,0.01278,0.020642
DOFG.OL,2024-05-15,-76.3,negative,Q1,-0.022017,0.007315,-0.029332,0.008271,0.012354,-0.004082,-0.02968,-0.013212,-0.016468,0.084175,0.01278,0.071395
AUSS.OL,2024-05-15,-10.0,negative,Q2,-0.033326,0.007315,-0.04064,-0.032739,0.012354,-0.045092,-0.043417,-0.013212,-0.030205,-0.008331,0.01278,-0.021111
HAFNIO.OL,2024-05-15,-5.56,negative,Q3,0.015603,0.007315,0.008289,0.061033,0.012354,0.048679,-0.041287,-0.013212,-0.028075,-0.036592,0.01278,-0.049372
AFG.OL,2024-05-15,-6.47,negative,Q2,0.010311,0.007315,0.002996,-0.002968,0.012354,-0.015322,0.014763,-0.013212,0.027975,-0.002968,0.01278,-0.015748
OLT.OL,2024-05-15,18.81,positive,Q4,0.004477,0.007315,-0.002838,0.008954,0.012354,-0.0034,0.004477,-0.013212,0.017689,0.022431,0.01278,0.009652
IDEX.OL,2024-05-16,75.84,positive,Q5,-0.016185,-0.004779,-0.011406,-0.056214,0.003286,-0.059501,-0.053744,-0.019405,-0.034339,-0.511243,0.008174,-0.519417
GSF.OL,2024-05-16,121.62,positive,Q5,-0.003424,-0.004779,0.001355,0.0,0.003286,-0.003286,0.032097,-0.019405,0.051502,-0.105563,0.008174,-0.113737
BOUV.OL,2024-05-22,24.69,positive,Q5,0.001661,-0.003787,0.005448,0.014117,-0.002159,0.016276,-0.028068,-0.018593,-0.009475,-0.024913,-0.004855,-0.020058
ADE.OL,2024-05-30,-112.5,negative,Q1,0.0,0.001576,-0.001576,None,None,None,None,None,None,None,None,None
HAFNIO.OL,2024-06-28,7.11,positive,Q3,0.022373,0.001078,0.021295,-0.031051,-0.01557,-0.015481,-0.011525,0.002987,-0.014513,-0.067254,-0.034652,-0.032602
HAFNIO.OL,2024-06-29,7.11,positive,Q3,-0.016313,-0.000138,-0.016175,-0.046021,-0.021438,-0.024583,-0.028647,0.013466,-0.042113,-0.107825,-0.024777,-0.083048
AUTO.OL,2024-06-29,12.09,positive,Q4,0.022624,-0.000138,0.022763,0.027903,-0.021438,0.049341,0.036199,0.013466,0.022734,-0.171192,-0.024777,-0.146414
KOG.OL,2024-07-10,30.33,positive,Q5,0.027102,0.011695,0.015407,0.03194,0.020039,0.0119,0.030014,-0.000891,0.030906,0.062941,0.004084,0.058858
KIT.OL,2024-07-11,0.0,negative,Q3,-0.038481,-0.003825,-0.034656,-0.061368,0.006052,-0.06742,-0.120724,0.000241,-0.120966,-0.259306,-0.005267,-0.254039
BONHR.OL,2024-07-11,126.17,positive,Q5,0.044501,-0.003825,0.048326,0.083191,0.006052,0.077139,0.058034,0.000241,0.057793,0.067707,-0.005267,0.072974
EPR.OL,2024-07-11,14.58,positive,Q4,-0.005938,-0.003825,-0.002113,0.004532,0.006052,-0.00152,0.001563,0.000241,0.001321,-0.015627,-0.005267,-0.01036
DNB.OL,2024-07-11,12.46,positive,Q4,-0.002295,-0.003825,0.00153,0.002295,0.006052,-0.003756,-0.016459,0.000241,-0.0167,0.003223,-0.005267,0.008491
PROT.OL,2024-07-11,-33.33,negative,Q1,-0.019548,-0.003825,-0.015723,-0.017422,0.006052,-0.023473,-0.054708,0.000241,-0.05495,0.072492,-0.005267,0.077759
AKRBP.OL,2024-07-12,4.71,positive,Q3,-0.011677,-0.001629,-0.010048,-0.01508,0.015741,-0.030821,-0.038098,0.001587,-0.039685,-0.0943,0.007213,-0.101513
NAS.OL,2024-07-12,90.91,positive,Q5,-0.000936,-0.001629,0.000693,-0.029963,0.015741,-0.045704,-0.085206,0.001587,-0.086793,0.03839,0.007213,0.031176
STB.OL,2024-07-12,30.75,positive,Q5,-0.005362,-0.001629,-0.003733,-0.011759,0.015741,-0.0275,-0.035183,0.001587,-0.03677,0.078645,0.007213,0.071432
ENTRA.OL,2024-07-12,-22.29,negative,Q2,-0.01662,-0.001629,-0.01499,-0.033239,0.015741,-0.04898,-0.01662,0.001587,-0.018206,0.01662,0.007213,0.009406
ATEA.OL,2024-07-12,-31.28,negative,Q1,-0.0175,-0.001629,-0.015871,0.029192,0.015741,0.013451,0.035,0.001587,0.033413,-0.005807,0.007213,-0.01302
AKSO.OL,2024-07-12,2.7,positive,Q3,0.023828,-0.001629,0.025457,0.091084,0.015741,0.075343,-0.030746,0.001587,-0.032332,-0.174481,0.007213,-0.181695
GJF.OL,2024-07-15,-18.56,negative,Q2,0.001604,0.005326,-0.003722,-0.009338,0.014177,-0.023516,0.009854,0.009652,0.000202,0.091206,0.013061,0.078145
BRG.OL,2024-07-17,-6.51,negative,Q2,-0.00215,-0.002178,2.8e-05,-0.017201,-0.013093,-0.004107,0.016098,-0.001388,0.017486,0.120955,-0.0111,0.132055
SCHB.OL,2024-07-18,-4.67,negative,Q3,0.019161,0.005769,0.013392,-0.011617,-0.007412,-0.004205,0.004781,0.004666,0.000116,0.154636,-0.006255,0.160891
TEL.OL,2024-07-18,13.71,positive,Q4,0.009448,0.005769,0.003679,0.014995,-0.007412,0.022408,0.019676,0.004666,0.01501,0.080524,-0.006255,0.086779
SCHA.OL,2024-07-18,-13.56,negative,Q2,0.014293,0.005769,0.008524,-0.011676,-0.007412,-0.004263,0.011038,0.004666,0.006373,0.162859,-0.006255,0.169114
YAR.OL,2024-07-19,38.71,positive,Q5,-0.010254,-0.003166,-0.007088,-0.027616,-0.005659,-0.021958,-0.065172,-0.016117,-0.049054,0.070456,-0.010953,0.081409
NHY.OL,2024-07-23,-25.38,negative,Q2,-0.014164,-0.009233,-0.00493,-0.009898,0.011895,-0.021792,-0.031911,-0.012622,-0.01929,0.127816,-0.006152,0.133967
VAR.OL,2024-07-23,-5.69,negative,Q3,-0.01503,-0.009233,-0.005796,0.014331,0.011895,0.002436,0.011185,-0.012622,0.023807,0.020622,-0.006152,0.026774
EQNR.OL,2024-07-24,16.67,positive,Q4,0.001242,0.003565,-0.002324,0.020189,0.016244,0.003945,0.018987,0.003226,0.015762,-0.029162,0.00784,-0.037002
SB1NO.OL,2024-08-08,-11.38,negative,Q2,0.013965,0.012842,0.001123,0.05733,0.019532,0.037798,0.013965,-0.020692,0.034657,0.122336,-0.013276,0.135611
SPOL.OL,2024-08-08,0.0,negative,Q3,0.003541,0.012842,-0.009301,0.036808,0.019532,0.017276,0.020875,-0.020692,0.041567,0.058199,-0.013276,0.071474
SRBNK.OL,2024-08-08,-3.45,negative,Q3,0.013932,0.012842,0.00109,0.057276,0.019532,0.037744,0.013932,-0.020692,0.034624,None,None,None
NONG.OL,2024-08-08,1.84,positive,Q3,0.01406,0.012842,0.001218,0.041977,0.019532,0.022445,0.018849,-0.020692,0.039541,0.106368,-0.013276,0.119643
SOON.OL,2024-08-08,-11.38,negative,Q2,-0.015988,0.012842,-0.02883,0.017442,0.019532,-0.00209,-0.016715,-0.020692,0.003977,None,None,None
MING.OL,2024-08-08,-4.94,negative,Q3,-0.001683,0.012842,-0.014525,0.045576,0.019532,0.026044,-0.007853,-0.020692,0.012839,0.077899,-0.013276,0.091175
OLT.OL,2024-08-09,-3.17,negative,Q3,-0.004267,-0.002485,-0.001781,-0.012844,0.010502,-0.023345,-0.03422,-0.04232,0.0081,-0.051287,-0.020557,-0.03073
SVEG.OL,2024-08-13,10.08,positive,Q4,0.0,-4.8e-05,4.8e-05,-0.023204,-0.010443,-0.012761,-0.084413,-0.034687,-0.049726,-0.003315,-0.023379,0.020064
SOR.OL,2024-08-13,-0.22,negative,Q3,0.009053,-4.8e-05,0.009101,0.009526,-0.010443,0.019969,0.123032,-0.034687,0.157719,0.219377,-0.023379,0.242756
LINK.OL,2024-08-14,-12.26,negative,Q2,0.0,0.002734,-0.002734,-0.022727,-0.012408,-0.010319,0.027273,-0.025633,0.052906,0.040909,-0.028283,0.069192
VEI.OL,2024-08-15,20.54,positive,Q4,-0.003332,0.003871,-0.007203,0.009909,-0.008533,0.018442,0.0,-0.026696,0.026696,0.097685,-0.036577,0.134262
IDEX.OL,2024-08-15,-58.3,negative,Q1,-0.026795,0.003871,-0.030666,-0.061426,-0.008533,-0.052893,-0.692366,-0.026696,-0.66567,-0.719414,-0.036577,-0.682836
HEX.OL,2024-08-15,-158.82,negative,Q1,0.026212,0.003871,0.022341,-0.014417,-0.008533,-0.005884,0.053735,-0.026696,0.080431,0.196592,-0.036577,0.23317
SCATC.OL,2024-08-16,-128.33,negative,Q1,-0.003614,-0.015036,0.011422,-0.060843,-0.00514,-0.055704,0.021687,-0.034849,0.056535,-0.036145,-0.0218,-0.014345
SALM.OL,2024-08-20,-11.61,negative,Q2,-0.015257,-0.002034,-0.013223,-0.039837,0.003382,-0.043219,-0.06864,-0.015325,-0.053315,-0.038143,0.005677,-0.043821
DOFG.OL,2024-08-20,-91.11,negative,Q1,0.015077,-0.002034,0.017111,-0.02323,0.003382,-0.026612,-0.086889,-0.015325,-0.071563,-0.090909,0.005677,-0.096586
MOWI.OL,2024-08-21,-10.55,negative,Q2,0.002688,0.006668,-0.00398,-0.018651,0.006796,-0.025447,-0.00168,-0.0156,0.01392,0.077686,0.009291,0.068395
LSG.OL,2024-08-21,-25.24,negative,Q2,-0.025246,0.006668,-0.031915,-0.033046,0.006796,-0.039842,-0.055624,-0.0156,-0.040024,-0.038998,0.009291,-0.048289
AUSS.OL,2024-08-21,84.78,positive,Q5,0.021082,0.006668,0.014414,0.013553,0.006796,0.006757,0.045407,-0.0156,0.061007,0.064867,0.009291,0.055577
GSF.OL,2024-08-21,-282.09,negative,Q1,-0.023312,0.006668,-0.02998,-0.015273,0.006796,-0.022069,0.153537,-0.0156,0.169137,0.299236,0.009291,0.289946
AFK.OL,2024-08-23,478.67,positive,Q5,0.011117,-0.00414,0.015257,0.042067,-0.010662,0.052729,0.063037,-0.023352,0.086389,-0.067016,0.012192,-0.079208
NORCO.OL,2024-08-23,28.81,positive,Q5,0.015949,-0.00414,0.02009,0.014445,-0.010662,0.025107,-0.003009,-0.023352,0.020343,0.171231,0.012192,0.159039
BAKKA.OL,2024-08-26,-21.34,negative,Q2,-0.01029,-0.004356,-0.005933,-0.028283,-0.028986,0.000704,0.004274,-0.025396,0.02967,0.127678,0.018135,0.109543
BOUV.OL,2024-08-27,5.26,positive,Q3,0.011812,0.001362,0.010451,0.023469,-0.024944,0.048413,0.019117,-0.030142,0.049259,0.05844,0.023038,0.035402
CRAYN.OL,2024-08-29,-28.7,negative,Q1,-0.037529,-0.007016,-0.030513,-0.099296,-0.037838,-0.061459,-0.02502,-0.017133,-0.007886,-0.072713,0.007763,-0.080476
AFG.OL,2024-08-30,-103.89,negative,Q1,0.004918,-0.022585,0.027503,-0.029422,-0.027849,-0.001573,0.035893,-0.002523,0.038416,0.135634,0.014804,0.12083
HAFNIO.OL,2024-09-29,17.28,positive,Q4,0.036227,0.012306,0.02392,0.021736,0.000158,0.021578,-0.1557,0.01244,-0.16814,None,None,None
VAR.OL,2024-09-29,3.78,positive,Q3,0.051282,0.012306,0.038976,0.048433,0.000158,0.048275,0.077279,0.01244,0.064839,None,None,None
MOWI.OL,2024-09-30,-51.74,negative,Q1,-0.013913,0.012306,-0.026219,-0.012106,0.000158,-0.012264,0.019227,0.01244,0.006787,None,None,None
AUTO.OL,2024-09-30,-10.66,negative,Q2,0.0,0.012306,-0.012306,0.002791,0.000158,0.002633,-0.04,0.01244,-0.05244,None,None,None
ENTRA.OL,2024-10-17,-26.63,negative,Q1,-0.008151,0.00417,-0.012321,-0.032686,0.021457,-0.054143,-0.086448,0.005341,-0.09179,-0.075086,0.040838,-0.115924
DNB.OL,2024-10-22,19.27,positive,Q4,-0.002165,0.005788,-0.007953,-0.009073,0.006102,-0.015175,-0.003869,0.019268,-0.023137,0.042785,0.043007,-0.000222
GJF.OL,2024-10-22,5.4,positive,Q3,0.00401,0.005788,-0.001778,0.00401,0.006102,-0.002092,-0.035469,0.019268,-0.054737,0.043958,0.043007,0.000951
STB.OL,2024-10-23,27.56,positive,Q5,-0.001558,0.010927,-0.012485,-0.014924,-0.012489,-0.002435,-0.02911,0.015132,-0.044243,0.025256,0.025699,-0.000443
ATEA.OL,2024-10-23,-5.0,negative,Q3,0.008638,0.010927,-0.002289,0.008638,-0.012489,0.021127,-0.020207,0.015132,-0.035339,-0.007018,0.025699,-0.032717
PROT.OL,2024-10-23,39.22,positive,Q5,0.039414,0.010927,0.028487,0.021482,-0.012489,0.033971,0.010759,0.015132,-0.004373,0.163056,0.025699,0.137356
EQNR.OL,2024-10-24,5.33,positive,Q3,-0.039266,-0.010322,-0.028944,-0.083484,-0.023425,-0.060059,-0.012067,0.004599,-0.016666,-0.024094,0.015801,-0.039895
KIT.OL,2024-10-24,-14.29,negative,Q2,0.001323,-0.010322,0.011645,-0.001323,-0.023425,0.022101,-0.005293,0.004599,-0.009892,0.275223,0.015801,0.259423
ELK.OL,2024-10-24,-51.61,negative,Q1,-0.014054,-0.010322,-0.003732,-0.056216,-0.023425,-0.032792,-0.02973,0.004599,-0.034329,0.167568,0.015801,0.151767
NHY.OL,2024-10-24,-3.25,negative,Q3,-0.001215,-0.010322,0.009106,0.006989,-0.023425,0.030413,0.058341,0.004599,0.053742,-0.047554,0.015801,-0.063355
KOG.OL,2024-10-24,0.0,negative,Q3,0.020126,-0.010322,0.030448,0.007846,-0.023425,0.031271,0.147841,0.004599,0.143242,0.185477,0.015801,0.169677
BONHR.OL,2024-10-25,13.27,positive,Q4,0.005376,0.000444,0.004932,0.00901,-0.017965,0.026975,-0.04327,0.001075,-0.044345,-0.127957,0.030082,-0.158039
NAS.OL,2024-10-25,-5.82,negative,Q2,0.025696,0.000444,0.025252,0.029979,-0.017965,0.047943,0.140257,0.001075,0.139182,0.095289,0.030082,0.065207
YAR.OL,2024-10-25,52.08,positive,Q5,-0.002396,0.000444,-0.00284,0.000606,-0.017965,0.018571,-0.063741,0.001075,-0.064816,0.012857,0.030082,-0.017224
IDEX.OL,2024-10-29,-87.64,negative,Q1,-0.015888,-0.012797,-0.00309,0.038318,-0.030075,0.068393,-0.27757,0.00487,-0.28244,-0.470093,0.045545,-0.515638
BRG.OL,2024-10-30,2.46,positive,Q3,-0.026798,-0.000268,-0.026531,-0.064961,-0.012227,-0.052734,-0.056715,0.016875,-0.07359,0.046408,0.056495,-0.010087
AKRBP.OL,2024-10-30,-62.5,negative,Q1,-0.003845,-0.000268,-0.003577,-0.041342,-0.012227,-0.029115,-0.034935,0.016875,-0.051809,0.008971,0.056495,-0.047524
NONG.OL,2024-10-30,81.38,positive,Q5,-0.017168,-0.000268,-0.0169,-0.002725,-0.012227,0.009502,0.003361,0.016875,-0.013514,0.108638,0.056495,0.052143
SVEG.OL,2024-10-30,18.04,positive,Q4,-0.001256,-0.000268,-0.000988,0.017661,-0.012227,0.029888,-0.02394,0.016875,-0.040815,0.078807,0.056495,0.022312
TEL.OL,2024-10-30,21.08,positive,Q4,0.018539,-0.000268,0.018807,-0.035507,-0.012227,-0.023279,-0.037706,0.016875,-0.054581,0.02443,0.056495,-0.032065
SB1NO.OL,2024-10-31,20.42,positive,Q4,-0.00275,-0.004789,0.002039,-0.00825,-0.014902,0.006652,-0.017874,0.017153,-0.035027,0.086403,0.045843,0.040559
AKSO.OL,2024-10-31,4.29,positive,Q3,-0.028858,-0.004789,-0.024069,0.025651,-0.014902,0.040553,0.162725,0.017153,0.145572,0.147896,0.045843,0.102052
EPR.OL,2024-10-31,-26.76,negative,Q1,-0.017163,-0.004789,-0.012375,-0.005149,-0.014902,0.009753,0.018568,0.017153,0.001414,0.220471,0.045843,0.174628
MING.OL,2024-10-31,32.37,positive,Q5,0.01109,-0.004789,0.015879,0.017295,-0.014902,0.032197,0.002706,0.017153,-0.014447,0.116443,0.045843,0.0706
SCATC.OL,2024-11-01,442.55,positive,Q5,-0.04157,0.003882,-0.045453,-0.079677,-0.0062,-0.073477,-0.077367,0.031751,-0.109118,-0.114319,0.059943,-0.174262
SPOL.OL,2024-11-01,41.18,positive,Q5,0.013527,0.003882,0.009644,0.009632,-0.0062,0.015831,0.004816,0.031751,-0.026935,0.097663,0.059943,0.03772
MOWI.OL,2024-11-04,7.39,positive,Q3,0.039843,-0.016329,0.056172,0.019131,-0.015062,0.034193,0.071401,0.029082,0.042319,0.147926,0.046933,0.100993
SOR.OL,2024-11-05,-2.0,negative,Q3,0.006838,0.005368,0.001469,-0.001445,-0.004545,0.003099,-0.017288,0.044524,-0.061812,0.090166,0.061099,0.029067
BAKKA.OL,2024-11-05,-49.66,negative,Q1,0.001556,0.005368,-0.003813,0.00781,-0.004545,0.012354,0.026556,0.044524,-0.017968,-0.041405,0.061099,-0.102504
LINK.OL,2024-11-05,-69.29,negative,Q1,-0.028807,0.005368,-0.034175,-0.057613,-0.004545,-0.053069,0.012346,0.044524,-0.032178,-0.026749,0.061099,-0.087848
DOFG.OL,2024-11-06,21.51,positive,Q4,0.014389,-0.002975,0.017364,0.007748,0.009219,-0.001471,-0.099004,0.023821,-0.122825,0.043906,0.047464,-0.003558
CRAYN.OL,2024-11-06,-10.68,negative,Q2,0.031674,-0.002975,0.034649,0.075113,0.009219,0.065894,0.147511,0.023821,0.12369,-0.020814,0.047464,-0.068278
NORCO.OL,2024-11-07,56.67,positive,Q5,-0.009108,0.004003,-0.013111,0.00375,0.025517,-0.021767,0.085186,0.032367,0.052819,0.111171,0.05419,0.056981
HEX.OL,2024-11-07,-90.0,negative,Q1,-0.015991,0.004003,-0.019994,-0.02452,0.025517,-0.050037,0.0,0.032367,-0.032367,-0.183369,0.05419,-0.237559
VEI.OL,2024-11-07,0.29,positive,Q3,0.015075,0.004003,0.011073,0.01356,0.025517,-0.011957,0.057191,0.032367,0.024824,0.100901,0.05419,0.046711
OLT.OL,2024-11-07,-7.44,negative,Q2,0.004538,0.004003,0.000535,-0.004585,0.025517,-0.030102,0.0,0.032367,-0.032367,0.072702,0.05419,0.018512
AFK.OL,2024-11-08,106.3,positive,Q5,-0.005013,-0.005069,5.6e-05,-0.026546,0.018998,-0.045544,-0.125273,0.022825,-0.148098,-0.182286,0.064464,-0.246749
BOUV.OL,2024-11-12,2.7,positive,Q3,0.034851,0.019269,0.015582,0.013911,0.03972,-0.025809,0.046127,0.032549,0.013578,0.11583,0.057123,0.058706
LSG.OL,2024-11-14,19.15,positive,Q4,-0.013665,-0.002379,-0.011285,0.019669,0.017829,0.00184,-0.013665,-0.012835,-0.000829,0.077433,0.027815,0.049617
AUSS.OL,2024-11-14,25.96,positive,Q5,0.017353,-0.002379,0.019732,0.034816,0.017829,0.016987,0.018451,-0.012835,0.031287,0.12916,0.027815,0.101345
AFG.OL,2024-11-15,1.57,positive,Q3,-0.016058,0.001552,-0.01761,0.010268,0.020703,-0.010435,0.095036,-0.019876,0.114912,0.260249,0.031558,0.22869
SALM.OL,2024-11-18,-24.81,negative,Q2,0.000876,0.007686,-0.00681,0.010628,0.005064,0.005564,-0.021293,-0.023751,0.002458,0.038112,0.036778,0.001333
GSF.OL,2024-11-27,-144.44,negative,Q1,0.004129,-0.001004,0.005133,0.023947,0.008199,0.015748,None,None,None,-0.217176,0.019913,-0.237089
MOWI.OL,2024-12-31,51.84,positive,Q5,0.001779,0.003812,-0.002033,-0.001047,0.009047,-0.010094,0.151753,0.029655,0.122098,-0.020304,0.038845,-0.059148
VAR.OL,2024-12-31,-233.59,negative,Q1,0.023683,0.003812,0.019871,0.006544,0.009047,-0.002503,-0.066376,0.029655,-0.096031,-0.049548,0.038845,-0.088393
PARB.OL,2025-01-23,-9.05,negative,Q2,0.011534,0.001171,0.010363,0.063287,0.01716,0.046127,0.095007,0.005892,0.089115,0.09273,-0.024587,0.117317
GJF.OL,2025-01-24,-3.25,negative,Q3,0.006882,0.003592,0.00329,0.003464,0.005458,-0.001994,-0.018982,0.000918,-0.019901,0.102964,-0.018766,0.121731
BRG.OL,2025-01-29,-21.21,negative,Q2,0.004975,-0.002458,0.007433,-0.024722,-0.015646,-0.009076,-0.077212,-0.019764,-0.057448,-0.084217,-0.011298,-0.072919
EPR.OL,2025-01-29,20.89,positive,Q4,0.008535,-0.002458,0.010993,-0.034013,-0.015646,-0.018367,-0.015159,-0.019764,0.004605,0.006369,-0.011298,0.017667
PROT.OL,2025-01-30,18.58,positive,Q4,-0.024154,-0.010347,-0.013807,-0.027177,-0.020671,-0.006506,-0.014929,-0.006069,-0.00886,0.156797,-0.006311,0.163108
SCATC.OL,2025-01-31,-183.18,negative,Q1,-0.007762,0.008628,-0.01639,0.008409,-0.00704,0.015449,-0.034929,-0.026775,-0.008154,0.041397,0.002135,0.039262
SCHB.OL,2025-02-05,401.87,positive,Q5,-0.062574,-0.007551,-0.055023,-0.040918,-0.008274,-0.032644,-0.163673,-0.005222,-0.158451,-0.025351,0.004184,-0.029534
EQNR.OL,2025-02-05,-19.73,negative,Q2,0.005503,-0.007551,0.013053,0.007104,-0.008274,0.015378,-0.011293,-0.005222,-0.00607,-0.06636,0.004184,-0.070544
SCHA.OL,2025-02-05,401.87,positive,Q5,-0.066042,-0.007551,-0.058492,-0.049973,-0.008274,-0.041698,-0.167144,-0.005222,-0.161921,-0.021359,0.004184,-0.025543
DNB.OL,2025-02-05,24.5,positive,Q4,-0.013967,-0.007551,-0.006417,-0.018915,-0.008274,-0.010641,0.089934,-0.005222,0.095156,0.152853,0.004184,0.148669
ATEA.OL,2025-02-06,0.39,positive,Q3,-0.038127,0.003428,-0.041555,-0.033746,0.00284,-0.036586,-0.024906,0.002217,-0.027122,0.083558,0.022842,0.060716
TEL.OL,2025-02-06,200.0,positive,Q5,-0.007136,0.003428,-0.010564,-0.008578,0.00284,-0.011418,0.052228,0.002217,0.050011,0.078646,0.022842,0.055804
YAR.OL,2025-02-07,-95.88,negative,Q1,0.023666,0.013787,0.009879,0.046684,-0.000141,0.046824,0.066848,-0.008578,0.075426,0.113856,0.022676,0.09118
SOR.OL,2025-02-07,-10.17,negative,Q2,0.002711,0.013787,-0.011076,-0.016943,-0.000141,-0.016802,-0.02591,-0.008578,-0.017332,None,None,None
KOG.OL,2025-02-07,-3.66,negative,Q3,0.0,0.013787,-0.013787,0.085644,-0.000141,0.085785,0.363685,-0.008578,0.372263,0.423166,0.022676,0.400491
SVEG.OL,2025-02-07,-0.77,negative,Q3,0.00989,0.013787,-0.003897,-0.010043,-0.000141,-0.009902,0.000609,-0.008578,0.009187,0.084601,0.022676,0.061925
AFG.OL,2025-02-10,17.81,positive,Q4,0.021122,-0.015732,0.036854,0.070777,-0.012502,0.083279,-0.119252,-0.024957,-0.094295,-0.024861,0.014391,-0.039252
SATS.OL,2025-02-11,12.12,positive,Q4,0.060825,-0.001985,0.06281,0.050859,0.009924,0.040935,0.079381,0.006042,0.073339,0.175601,0.038386,0.137215
MULTI.OL,2025-02-11,-8.89,negative,Q2,-0.059426,-0.001985,-0.057441,-0.044569,0.009924,-0.054493,-0.118799,0.006042,-0.124841,-0.03407,0.038386,-0.072456
AKSO.OL,2025-02-11,0.0,negative,Q3,-0.021836,-0.001985,-0.019851,-0.011259,0.009924,-0.021183,-0.041283,0.006042,-0.047325,0.153872,0.038386,0.115487
RING.OL,2025-02-12,25.3,positive,Q5,0.01374,0.003571,0.010169,0.05357,0.008167,0.045403,0.060025,0.014268,0.045757,0.107377,0.053525,0.053852
MING.OL,2025-02-12,11.46,positive,Q4,-0.020847,0.003571,-0.024418,-0.005745,0.008167,-0.013911,0.036601,0.014268,0.022332,0.145277,0.053525,0.091752
MOWI.OL,2025-02-12,11.96,positive,Q4,0.013644,0.003571,0.010072,-0.015055,0.008167,-0.023222,-0.073442,0.014268,-0.08771,-0.108869,0.053525,-0.162393
AKRBP.OL,2025-02-12,-88.13,negative,Q1,0.001225,0.003571,-0.002346,0.009892,0.008167,0.001725,-0.034985,0.014268,-0.049253,0.048008,0.053525,-0.005517
CRAYN.OL,2025-02-12,-63.98,negative,Q1,-0.010733,0.003571,-0.014305,0.044723,0.008167,0.036556,0.014311,0.014268,4.3e-05,0.203936,0.053525,0.150411
STB.OL,2025-02-12,46.43,positive,Q5,-0.008088,0.003571,-0.01166,-0.017777,0.008167,-0.025944,0.051816,0.014268,0.037548,0.120566,0.053525,0.067042
SB1NO.OL,2025-02-12,-7.2,negative,Q2,-0.002577,0.003571,-0.006148,0.005085,0.008167,-0.003081,0.057838,0.014268,0.04357,0.234066,0.053525,0.180541
ELK.OL,2025-02-12,-108.11,negative,Q1,0.013958,0.003571,0.010386,0.031968,0.008167,0.023801,0.029266,0.014268,0.014998,-0.119766,0.053525,-0.173291
KIT.OL,2025-02-13,-60.0,negative,Q1,-0.009165,0.000446,-0.00961,0.091123,0.00853,0.082593,0.232522,0.024108,0.208414,0.47028,0.04403,0.42625
KID.OL,2025-02-13,8.88,positive,Q4,0.014275,0.000446,0.013829,0.03426,0.00853,0.02573,0.071375,0.024108,0.047267,0.125545,0.04403,0.081515
NONG.OL,2025-02-13,27.18,positive,Q5,0.001741,0.000446,0.001295,0.013843,0.00853,0.005312,0.070706,0.024108,0.046598,0.206399,0.04403,0.162369
VEI.OL,2025-02-13,-4.19,negative,Q3,0.010779,0.000446,0.010333,-0.03098,0.00853,-0.039511,-0.005354,0.024108,-0.029462,0.072168,0.04403,0.028138
NORBT.OL,2025-02-13,-2.35,negative,Q3,0.018189,0.000446,0.017743,0.070879,0.00853,0.062349,0.11457,0.024108,0.090462,0.660416,0.04403,0.616386
NAS.OL,2025-02-13,-345.45,negative,Q1,0.016423,0.000446,0.015978,-0.036496,0.00853,-0.045027,-0.005474,0.024108,-0.029582,0.212591,0.04403,0.168561
LINK.OL,2025-02-13,-179.85,negative,Q1,-0.044444,0.000446,-0.04489,-0.058586,0.00853,-0.067116,-0.123232,0.024108,-0.14734,0.016162,0.04403,-0.027868
SPOL.OL,2025-02-13,-1.07,negative,Q3,-0.006362,0.000446,-0.006808,0.003214,0.00853,-0.005316,0.057589,0.024108,0.033481,0.202283,0.04403,0.158253
OLT.OL,2025-02-14,-27.09,negative,Q1,0.024694,0.001254,0.02344,0.020585,0.006487,0.014098,0.065865,0.029518,0.036347,0.050447,0.045704,0.004743
AFK.OL,2025-02-14,146.0,positive,Q5,0.022927,0.001254,0.021673,-0.015233,0.006487,-0.02172,-0.07178,0.029518,-0.101298,-0.011386,0.045704,-0.05709
NHY.OL,2025-02-14,-48.33,negative,Q1,-0.02436,0.001254,-0.025614,-0.010947,0.006487,-0.017434,0.028369,0.029518,-0.001149,-0.114709,0.045704,-0.160412
BAKKA.OL,2025-02-17,-36.39,negative,Q1,-0.014664,0.00662,-0.021284,-0.018986,0.001428,-0.020414,-0.058675,0.03678,-0.095454,-0.136087,0.049837,-0.185924
BOUV.OL,2025-02-18,-13.89,negative,Q2,0.022219,-0.003721,0.02594,-0.008278,-0.000611,-0.007667,0.013941,0.027357,-0.013415,0.14072,0.027479,0.113241
NORCO.OL,2025-02-18,33.87,positive,Q5,0.003448,-0.003721,0.007169,-0.05977,-0.000611,-0.05916,0.02,0.027357,-0.007357,0.066667,0.027479,0.039188
SALM.OL,2025-02-18,21.83,positive,Q4,-0.014513,-0.003721,-0.010791,-0.021356,-0.000611,-0.020745,-0.080268,0.027357,-0.107625,-0.224926,0.027479,-0.252405
GSF.OL,2025-02-20,34.06,positive,Q5,-0.036525,-0.001581,-0.034944,-0.064166,-0.007912,-0.056254,0.075025,0.021846,0.053179,0.404738,0.040646,0.364092
BONHR.OL,2025-02-27,-51.12,negative,Q1,0.012714,0.011479,0.001235,-0.031851,-0.001043,-0.030808,-0.014855,0.025431,-0.040286,-0.014768,0.05266,-0.067428
AUSS.OL,2025-02-28,83.33,positive,Q5,-0.033511,-0.030964,-0.002547,-0.044989,-0.012507,-0.032481,-0.06364,0.015085,-0.078725,-0.054109,0.040818,-0.094928
LSG.OL,2025-02-28,281.01,positive,Q5,-0.033347,-0.030964,-0.002383,-0.041027,-0.012507,-0.028519,-0.078213,0.015085,-0.093299,-0.100243,0.040818,-0.141061
HAFNIO.OL,2025-03-30,-5.44,negative,Q3,0.013771,-0.011522,0.025294,-0.019328,-0.079698,0.06037,0.181203,-0.015101,0.196304,0.192559,0.061887,0.130672
KIT.OL,2025-04-23,-33.33,negative,Q1,-0.021336,0.002595,-0.023931,0.021934,0.03624,-0.014306,0.148554,0.077651,0.070903,0.254237,0.122314,0.131924
VAR.OL,2025-04-23,36.23,positive,Q5,0.002621,0.002595,2.6e-05,-0.014976,0.03624,-0.051216,0.022464,0.077651,-0.055188,0.199176,0.122314,0.076863
PROT.OL,2025-04-24,11.9,positive,Q4,0.006876,0.007145,-0.000269,0.037425,0.036218,0.001207,0.132875,0.080831,0.052044,0.438621,0.126698,0.311923
YAR.OL,2025-04-24,57.46,positive,Q5,0.025119,0.007145,0.017974,0.002964,0.036218,-0.033254,0.120535,0.080831,0.039704,0.169127,0.126698,0.042428
SVEG.OL,2025-04-28,8.39,positive,Q4,0.020295,0.008149,0.012146,0.036648,0.023591,0.013057,None,None,None,None,None,None
GJF.OL,2025-04-29,-1.57,negative,Q3,0.024732,0.014092,0.01064,0.047815,0.01722,0.030595,0.065128,0.051042,0.014086,0.130256,0.113402,0.016854
NHY.OL,2025-04-29,-25.12,negative,Q2,0.022688,0.014092,0.008596,0.025929,0.01722,0.008709,0.066921,0.051042,0.015879,0.212965,0.113402,0.099563
ATEA.OL,2025-04-29,-24.21,negative,Q2,0.033818,0.014092,0.019726,0.040833,0.01722,0.023613,0.049472,0.051042,-0.00157,0.035073,0.113402,-0.078328
BRG.OL,2025-04-30,13.0,positive,Q4,0.019956,0.002574,0.017382,0.025499,-0.000232,0.025731,0.027716,0.043646,-0.01593,0.103104,0.089756,0.013349
EQNR.OL,2025-04-30,-21.31,negative,Q2,0.006687,0.002574,0.004114,-0.00625,-0.000232,-0.006018,0.036802,0.043646,-0.006844,0.137681,0.089756,0.047925
AKSO.OL,2025-04-30,7.14,positive,Q3,-0.016745,0.002574,-0.019318,0.073007,-0.000232,0.07324,0.135968,0.043646,0.092322,0.016075,0.089756,-0.073681
PARB.OL,2025-04-30,9.91,positive,Q4,0.030544,0.002574,0.027971,0.041169,-0.000232,0.041401,0.091633,0.043646,0.047987,0.240372,0.089756,0.150616
TEL.OL,2025-05-06,12.21,positive,Q4,-0.019044,0.001874,-0.020919,-0.050135,0.018376,-0.068511,0.019448,0.050736,-0.031288,0.074428,0.084193,-0.009765
KOG.OL,2025-05-07,63.46,positive,Q5,-0.087238,-0.003307,-0.083931,-0.063952,0.024145,-0.088097,0.026932,0.050746,-0.023814,-0.127762,0.086642,-0.214404
SATS.OL,2025-05-07,-2.13,negative,Q3,0.002948,-0.003307,0.006255,0.00855,0.024145,-0.015595,0.01592,0.050746,-0.034826,0.115861,0.086642,0.029219
AKRBP.OL,2025-05-07,-36.6,negative,Q1,0.027335,-0.003307,0.030642,0.086394,0.024145,0.062249,0.11497,0.050746,0.064224,0.132192,0.086642,0.04555
STB.OL,2025-05-07,10.19,positive,Q4,0.009539,-0.003307,0.012846,0.04849,0.024145,0.024345,0.068362,0.050746,0.017617,0.185215,0.086642,0.098573
DNB.OL,2025-05-07,5.8,positive,Q3,-0.005289,-0.003307,-0.001982,0.022667,0.024145,-0.001478,0.047601,0.050746,-0.003145,-0.007934,0.086642,-0.094575
RING.OL,2025-05-08,-4.58,negative,Q3,0.012113,0.010889,0.001224,0.006595,0.040455,-0.03386,None,None,None,0.030956,0.092467,-0.061511
SB1NO.OL,2025-05-08,11.76,positive,Q4,0.019608,0.010889,0.008718,0.049596,0.040455,0.009142,None,None,None,0.046136,0.092467,-0.046331
MING.OL,2025-05-08,-4.86,negative,Q3,0.007827,0.010889,-0.003063,0.036668,0.040455,-0.003787,None,None,None,0.03581,0.092467,-0.056657
SPOL.OL,2025-05-08,8.56,positive,Q4,0.003755,0.010889,-0.007135,0.029127,0.040455,-0.011327,None,None,None,0.07589,0.092467,-0.016577
NAS.OL,2025-05-08,7.87,positive,Q4,-0.007657,0.010889,-0.018546,-0.011485,0.040455,-0.05194,None,None,None,0.173813,0.092467,0.081346
AUSS.OL,2025-05-13,-18.43,negative,Q2,0.052313,0.007549,0.044764,0.037639,0.022005,0.015634,0.049625,0.057701,-0.008076,0.089952,0.058829,0.031123
LINK.OL,2025-05-13,-36.0,negative,Q1,-0.029528,0.007549,-0.037077,0.0,0.022005,-0.022005,0.031496,0.057701,-0.026205,0.383858,0.058829,0.325029
LSG.OL,2025-05-13,118.35,positive,Q5,0.037223,0.007549,0.029674,0.041562,0.022005,0.019557,0.029916,0.057701,-0.027785,0.096141,0.058829,0.037312
MULTI.OL,2025-05-13,-27.89,negative,Q1,0.0,0.007549,-0.007549,0.038043,0.022005,0.016039,0.086957,0.057701,0.029256,0.108696,0.058829,0.049867
OLT.OL,2025-05-14,-39.44,negative,Q1,-0.008,0.012565,-0.020565,0.008,-0.000684,0.008684,0.1,0.060379,0.039621,0.248,0.058716,0.189284
NORBT.OL,2025-05-14,28.44,positive,Q5,0.005602,0.012565,-0.006964,0.100034,-0.000684,0.100719,0.213502,0.060379,0.153123,0.112381,0.058716,0.053665
NORCO.OL,2025-05-14,-5.56,negative,Q3,0.009761,0.012565,-0.002804,0.006508,-0.000684,0.007192,0.002169,0.060379,-0.058209,-0.030369,0.058716,-0.089085
MOWI.OL,2025-05-14,3.83,positive,Q3,0.010402,0.012565,-0.002163,-0.016163,-0.000684,-0.015479,-0.008802,0.060379,-0.069181,0.071162,0.058716,0.012446
HEX.OL,2025-05-15,-184.62,negative,Q1,0.005834,-0.005473,0.011307,0.009335,-0.010946,0.020281,-0.002334,0.050359,-0.052692,0.13769,0.046438,0.091252
KID.OL,2025-05-15,-34.55,negative,Q1,0.010591,-0.005473,0.016064,-0.0199,-0.010946,-0.008954,0.006611,0.050359,-0.043748,0.010591,0.046438,-0.035847
AFG.OL,2025-05-15,-27.01,negative,Q1,0.024451,-0.005473,0.029924,-0.004098,-0.010946,0.006848,0.046193,0.050359,-0.004165,0.100584,0.046438,0.054146
HAFNIO.OL,2025-05-15,-6.8,negative,Q2,-0.01365,-0.005473,-0.008177,-0.046746,-0.010946,-0.0358,-0.004862,0.050359,-0.05522,0.010471,0.046438,-0.035967
NONG.OL,2025-05-16,8.84,positive,Q4,0.003573,0.00205,0.001523,-0.002474,0.005262,-0.007735,0.006871,0.060143,-0.053272,-0.020475,0.054595,-0.07507
AFK.OL,2025-05-16,-100.74,negative,Q1,0.007843,0.00205,0.005793,0.0,0.005262,-0.005262,0.058824,0.060143,-0.001319,0.058824,0.054595,0.004229
BAKKA.OL,2025-05-19,-3.52,negative,Q3,-0.023228,0.005212,-0.02844,-0.032038,0.008776,-0.040814,-0.120545,0.058327,-0.178872,-0.138967,0.053519,-0.192486
SALM.OL,2025-05-20,-36.53,negative,Q1,-0.03773,-0.014818,-0.022912,-0.023748,-0.002236,-0.021513,-0.0291,0.060149,-0.089249,0.019958,0.046986,-0.027029
CRAYN.OL,2025-05-21,-35.71,negative,Q1,0.004539,0.002167,0.002371,None,None,None,0.091528,0.074341,0.017187,None,None,None
BOUV.OL,2025-05-22,-2.52,negative,Q3,-0.014215,0.010825,-0.02504,-0.006521,0.007397,-0.013918,0.010303,0.065507,-0.055204,-0.040037,0.068686,-0.108722
KOG.OL,2025-07-07,-2.11,negative,Q3,-0.12105,-0.006628,-0.114422,-0.12498,-0.004674,-0.120306,-0.17388,-0.001482,-0.172398,-0.092616,0.016517,-0.109133
PROT.OL,2025-07-10,20.83,positive,Q4,0.027729,0.00034,0.027389,0.03173,-0.005926,0.037657,-0.022947,-0.012273,-0.010675,-0.046795,0.012645,-0.05944
EPR.OL,2025-07-10,89.04,positive,Q5,0.013598,0.00034,0.013258,0.014644,-0.005926,0.020571,-0.01046,-0.012273,0.001812,0.025105,0.012645,0.01246
NAS.OL,2025-07-11,-61.4,negative,Q1,-0.002326,-0.004256,0.00193,-0.03314,-0.013023,-0.020117,-0.076744,-0.00526,-0.071484,-0.102907,0.011222,-0.114129
ELK.OL,2025-07-11,168.55,positive,Q5,-0.011854,-0.004256,-0.007598,0.037257,-0.013023,0.050279,0.113463,-0.00526,0.118723,0.1558,0.011222,0.144578
NONG.OL,2025-07-11,149.73,positive,Q5,-0.006292,-0.004256,-0.002036,-0.027527,-0.013023,-0.014504,-0.068161,-0.00526,-0.062901,-0.081531,0.011222,-0.092753
KIT.OL,2025-07-11,-91.58,negative,Q1,-0.011887,-0.004256,-0.007631,-0.029718,-0.013023,-0.016695,-0.097325,-0.00526,-0.092065,-0.119614,0.011222,-0.130835
DNB.OL,2025-07-11,-4.62,negative,Q3,-0.005701,-0.004256,-0.001445,-0.019384,-0.013023,-0.006361,0.008362,-0.00526,0.013622,0.021285,0.011222,0.010063
STB.OL,2025-07-11,9.77,positive,Q4,0.001376,-0.004256,0.005631,0.013067,-0.013023,0.02609,0.044704,-0.00526,0.049964,0.074278,0.011222,0.063056
GJF.OL,2025-07-11,33.73,positive,Q5,-0.014799,-0.004256,-0.010543,-0.017618,-0.013023,-0.004595,-0.007752,-0.00526,-0.002492,0.028894,0.011222,0.017672
AKSO.OL,2025-07-11,-9.88,negative,Q2,-0.016949,-0.004256,-0.012693,-0.047081,-0.013023,-0.034058,-0.033898,-0.00526,-0.028638,-0.109856,0.011222,-0.121077
AKRBP.OL,2025-07-15,-190.34,negative,Q1,-0.002405,0.001042,-0.003447,0.014765,0.00159,0.013175,-0.006665,0.008929,-0.015594,0.049357,0.009192,0.040164
ELK.OL,2025-07-15,-499.54,negative,Q1,0.020713,0.001042,0.01967,0.07208,0.00159,0.070489,0.065452,0.008929,0.056523,0.137531,0.009192,0.128339
BRG.OL,2025-07-16,4.92,positive,Q3,0.004098,0.003746,0.000352,0.007172,0.007063,0.000109,0.055328,0.008914,0.046414,-0.018443,0.003204,-0.021647
ATEA.OL,2025-07-16,-24.46,negative,Q2,-0.002786,0.003746,-0.006532,0.004215,0.007063,-0.002848,-0.00693,0.008914,-0.015844,-0.008358,0.003204,-0.011562
YAR.OL,2025-07-17,-4.82,negative,Q3,-0.004969,-0.006801,0.001832,0.014906,-0.003443,0.018349,-0.012814,0.004122,-0.016936,-0.002877,0.005812,-0.008689
TEL.OL,2025-07-18,10.4,positive,Q4,0.007516,0.002713,0.004803,-0.01561,0.011181,-0.026791,0.037515,0.012882,0.024633,0.067643,0.012522,0.055121
YAR.OL,2025-07-18,105.28,positive,Q5,0.019974,0.002713,0.01726,0.012878,0.011181,0.001696,-0.012878,0.012882,-0.02576,0.005519,0.012522,-0.007003
PARB.OL,2025-07-18,19.02,positive,Q4,0.012115,0.002713,0.009401,0.024229,0.011181,0.013048,0.018722,0.012882,0.00584,0.022026,0.012522,0.009505
EQNR.OL,2025-07-22,-2.55,negative,Q3,0.015622,0.006512,0.009111,0.048035,0.006179,0.041856,-0.000926,0.023022,-0.023948,-0.076462,-0.000311,-0.07615
NHY.OL,2025-07-22,11.92,positive,Q4,0.000317,0.006512,-0.006195,-0.005068,0.006179,-0.011247,0.032943,0.023022,0.009921,0.10738,-0.000311,0.107692
VAR.OL,2025-07-22,-22.76,negative,Q2,0.011552,0.006512,0.00504,0.031533,0.006179,0.025354,0.01842,0.023022,-0.004602,-0.038089,-0.000311,-0.037778
SB1NO.OL,2025-08-07,0.91,positive,Q3,0.009101,-0.007504,0.016605,0.032992,0.004016,0.028976,-0.011377,0.001682,-0.013059,-0.004551,-0.012658,0.008107
MING.OL,2025-08-07,64.67,positive,Q5,0.006274,-0.007504,0.013778,0.014953,0.004016,0.010937,-0.015581,0.001682,-0.017263,-0.014431,-0.012658,-0.001773
SPOL.OL,2025-08-07,72.61,positive,Q5,0.001498,-0.007504,0.009002,0.011236,0.004016,0.00722,-0.013804,0.001682,-0.015487,-0.06046,-0.012658,-0.047803
VEI.OL,2025-08-14,4.32,positive,Q3,-0.018405,-0.001021,-0.017384,-0.006135,0.019012,-0.025147,0.0,0.014841,-0.014841,-0.014724,-0.007511,-0.007213
HEX.OL,2025-08-14,144.64,positive,Q5,-0.002331,-0.001021,-0.00131,-0.018648,0.019012,-0.03766,-0.051282,0.014841,-0.066123,-0.59324,-0.007511,-0.585729
OLT.OL,2025-08-14,-39.15,negative,Q1,-0.010204,-0.001021,-0.009183,-0.003401,0.019012,-0.022413,-0.064626,0.014841,-0.079467,0.129252,-0.007511,0.136763
RING.OL,2025-08-14,80.9,positive,Q5,0.010256,-0.001021,0.011278,0.007692,0.019012,-0.011319,0.001282,0.014841,-0.013559,-0.00641,-0.007511,0.001101
NORBT.OL,2025-08-14,-0.48,negative,Q3,0.061989,-0.001021,0.063011,-0.002016,0.019012,-0.021028,0.069589,0.014841,0.054748,-0.040637,-0.007511,-0.033126
SCATC.OL,2025-08-18,-1.16,negative,Q3,-0.003788,0.005905,-0.009693,0.000947,0.014765,-0.013818,-0.03125,0.008132,-0.039382,-0.038826,-0.011719,-0.027106
MOWI.OL,2025-08-19,4.59,positive,Q3,0.017593,0.007735,0.009857,-0.002924,0.002219,-0.005143,0.067199,0.004031,0.063167,0.090242,-0.013273,0.103515
MULTI.OL,2025-08-19,-51.83,negative,Q1,0.008451,0.007735,0.000715,0.005634,0.002219,0.003415,0.016901,0.004031,0.01287,-0.101408,-0.013273,-0.088136
AUSS.OL,2025-08-20,-28.57,negative,Q1,-0.004215,0.00441,-0.008624,-0.02529,-0.011698,-0.013592,0.014752,-0.005726,0.020478,-0.100105,-0.039743,-0.060362
NORCO.OL,2025-08-20,-8.85,negative,Q2,0.028058,0.00441,0.023649,0.039282,-0.011698,0.050979,0.097643,-0.005726,0.103369,-0.006734,-0.039743,0.033009
LSG.OL,2025-08-20,250.0,positive,Q5,-0.004077,0.00441,-0.008486,-0.015899,-0.011698,-0.004201,0.029352,-0.005726,0.035077,-0.085202,-0.039743,-0.045458
LINK.OL,2025-08-20,-103.6,negative,Q1,-0.010448,0.00441,-0.014857,-0.026866,-0.011698,-0.015168,-0.034328,-0.005726,-0.028603,-0.180597,-0.039743,-0.140854
SATS.OL,2025-08-21,6.69,positive,Q3,0.007958,-0.001811,0.009769,-0.023342,-0.010033,-0.013309,0.022546,-0.013692,0.036239,-0.064987,-0.046835,-0.018151
SALM.OL,2025-08-21,6.21,positive,Q3,0.006444,-0.001811,0.008255,0.036045,-0.010033,0.046078,0.126661,-0.013692,0.140354,0.146798,-0.046835,0.193634
KID.OL,2025-08-21,-103.96,negative,Q1,-0.020033,-0.001811,-0.018221,-0.017384,-0.010033,-0.007351,-0.004007,-0.013692,0.009686,-0.107701,-0.046835,-0.060865
GSF.OL,2025-08-26,-103.68,negative,Q1,0.010838,-0.006258,0.017096,-0.027457,-0.017767,-0.00969,-0.007225,0.009374,-0.016599,0.016619,-0.039039,0.055658
BOUV.OL,2025-08-26,20.0,positive,Q4,-0.013054,-0.006258,-0.006796,-0.047815,-0.017767,-0.030048,-0.053681,0.009374,-0.063055,-0.115576,-0.039039,-0.076537
HAFNIO.OL,2025-08-27,6.21,positive,Q3,-0.000664,0.006101,-0.006765,0.017253,-0.005029,0.022282,0.032183,0.020266,0.011917,0.004645,-0.031635,0.03628
AFG.OL,2025-08-29,6.41,positive,Q3,0.017273,-0.008317,0.02559,0.045641,-0.012109,0.05775,0.037004,-0.001154,0.038158,0.147324,-0.023687,0.171011
YAR.OL,2025-10-17,-7.53,negative,Q2,-0.00905,0.002329,-0.011378,-0.001065,0.012212,-0.013277,-0.030077,-0.017331,-0.012746,0.130956,0.06994,0.061016
VAR.OL,2025-10-21,-40.05,negative,Q1,0.031171,0.016195,0.014977,0.018262,0.008357,0.009905,0.043136,-0.007574,0.05071,0.042821,0.078017,-0.035196
STB.OL,2025-10-22,19.31,positive,Q4,-0.02133,-0.006039,-0.015291,-0.008156,-0.025364,0.017209,-0.006274,-0.036101,0.029828,0.069636,0.065398,0.004238
AKRBP.OL,2025-10-22,-18.77,negative,Q2,-0.00073,-0.006039,0.005309,0.009372,-0.025364,0.034736,-0.036718,-0.036101,-0.000617,0.052389,0.065398,-0.013009
DNB.OL,2025-10-22,1.6,positive,Q3,-0.002309,-0.006039,0.00373,0.000385,-0.025364,0.025749,0.018084,-0.036101,0.054185,0.088496,0.065398,0.023098
NHY.OL,2025-10-22,1.82,positive,Q3,-0.034989,-0.006039,-0.02895,-0.051072,-0.025364,-0.025708,-0.004797,-0.036101,0.031304,0.216422,0.065398,0.151024
BRG.OL,2025-10-22,3.16,positive,Q3,-0.011715,-0.006039,-0.005676,0.01278,-0.025364,0.038144,-0.015974,-0.036101,0.020127,0.027689,0.065398,-0.037709
KIT.OL,2025-10-22,-23.47,negative,Q2,0.025623,-0.006039,0.031662,0.054804,-0.025364,0.080169,-0.114591,-0.036101,-0.07849,0.195018,0.065398,0.12962
PROT.OL,2025-10-22,-7.17,negative,Q2,-0.001088,-0.006039,0.004951,0.000957,-0.025364,0.026322,0.024893,-0.036101,0.060995,0.161807,0.065398,0.096409
KIT.OL,2025-10-23,-16.64,negative,Q2,0.044414,0.00188,0.042534,0.047883,-0.016426,0.06431,-0.151978,-0.031976,-0.120002,0.136017,0.075711,0.060306
ATEA.OL,2025-10-23,-31.03,negative,Q1,0.021167,0.00188,0.019287,0.022524,-0.016426,0.03895,-0.002714,-0.031976,0.029263,0.067843,0.075711,-0.007868
GJF.OL,2025-10-24,-14.63,negative,Q2,-0.001458,-0.005009,0.003552,-0.005831,-0.014333,0.008503,0.00656,-0.032441,0.039001,-0.004373,0.078055,-0.082428
BONHR.OL,2025-10-24,426.02,positive,Q5,0.002242,-0.005009,0.007251,-0.008969,-0.014333,0.005365,0.015695,-0.032441,0.048136,0.134529,0.078055,0.056475
SATS.OL,2025-10-28,-18.53,negative,Q2,-0.01626,-0.017789,0.001529,-0.009485,-0.016544,0.007059,0.04878,-0.013954,0.062734,0.085366,0.081376,0.00399
NONG.OL,2025-10-29,31.13,positive,Q5,-0.021492,0.003076,-0.024568,-0.017364,-0.001392,-0.015972,0.013521,0.005243,0.008278,0.04768,0.101785,-0.054105
TEL.OL,2025-10-29,-26.38,negative,Q1,-0.007251,0.003076,-0.010327,-0.009888,-0.001392,-0.008496,-0.036915,0.005243,-0.042158,0.036256,0.101785,-0.065529
SPOL.OL,2025-10-29,2.52,positive,Q3,-0.021169,0.003076,-0.024245,-0.029438,-0.001392,-0.028046,0.01312,0.005243,0.007877,0.105568,0.101785,0.003783
MING.OL,2025-10-29,17.38,positive,Q4,-0.013244,0.003076,-0.016321,-0.00943,-0.001392,-0.008038,0.01441,0.005243,0.009167,0.030303,0.101785,-0.071482
EQNR.OL,2025-10-29,-38.18,negative,Q1,-0.00247,0.003076,-0.005546,0.009502,-0.001392,0.010894,-0.024237,0.005243,-0.02948,0.05446,0.101785,-0.047324
SB1NO.OL,2025-10-30,13.0,positive,Q4,0.019518,0.004012,0.015506,-0.005741,-0.006582,0.000841,0.034443,7e-05,0.034373,0.138921,0.100484,0.038436
PARB.OL,2025-10-30,1.91,positive,Q3,-0.017503,0.004012,-0.021515,-0.033839,-0.006582,-0.027257,-0.003501,7e-05,-0.003571,-0.066511,0.100484,-0.166995
KOG.OL,2025-10-30,-7.14,negative,Q2,0.000386,0.004012,-0.003626,-0.046516,-0.006582,-0.039934,-0.084347,7e-05,-0.084417,0.274078,0.100484,0.173594
EPR.OL,2025-10-30,-3.78,negative,Q3,-0.019473,0.004012,-0.023485,-0.043528,-0.006582,-0.036946,0.040092,7e-05,0.040021,-0.034364,0.100484,-0.134849
SCATC.OL,2025-10-30,-101.21,negative,Q1,-0.016854,0.004012,-0.020866,-0.044007,-0.006582,-0.037426,-0.074906,7e-05,-0.074977,0.083333,0.100484,-0.017151
RING.OL,2025-10-31,12.23,positive,Q4,-0.001289,-0.008148,0.006859,-0.023196,-0.007357,-0.015839,0.011598,-0.004641,0.016239,0.08634,0.097093,-0.010752
AKSO.OL,2025-10-31,29.29,positive,Q5,0.018256,-0.008148,0.026403,0.040568,-0.007357,0.047925,0.007437,-0.004641,0.012079,0.176471,0.097093,0.079378
BAKKA.OL,2025-11-04,-41.71,negative,Q1,-0.007393,-0.002656,-0.004737,-0.005395,0.00925,-0.014644,-0.020979,0.013069,-0.034048,-0.039361,0.138255,-0.177615
MULTI.OL,2025-11-04,-49.46,negative,Q1,-0.006024,-0.002656,-0.003368,-0.027108,0.00925,-0.036358,-0.033133,0.013069,-0.046201,0.027108,0.138255,-0.111146
NORCO.OL,2025-11-05,-35.11,negative,Q1,-0.005291,-0.002137,-0.003154,-0.049735,0.013174,-0.062909,-0.060317,0.020203,-0.080521,-0.051852,0.14281,-0.194662
MOWI.OL,2025-11-05,0.0,negative,Q3,-0.006225,-0.002137,-0.004088,-0.005329,0.013174,-0.018503,0.060504,0.020203,0.040301,0.008554,0.14281,-0.134256
DOFGO.OL,2025-11-05,13.79,positive,Q4,0.010571,-0.002137,0.012708,0.056025,0.013174,0.042851,0.013214,0.020203,-0.00699,0.241015,0.14281,0.098205
LINK.OL,2025-11-05,-83.33,negative,Q1,-0.032149,-0.002137,-0.030012,0.005076,0.013174,-0.008098,0.054146,0.020203,0.033942,-0.125212,0.14281,-0.268021
VEI.OL,2025-11-06,11.11,positive,Q4,0.013733,0.003229,0.010504,0.012484,0.010653,0.001831,0.06367,0.027334,0.036337,0.11985,0.147578,-0.027728
OLT.OL,2025-11-06,-22.36,negative,Q2,0.014925,0.003229,0.011697,0.238806,0.010653,0.228153,0.246269,0.027334,0.218935,None,None,None
SALM.OL,2025-11-06,-41.67,negative,Q1,0.025261,0.003229,0.022033,-0.004355,0.010653,-0.015008,0.066202,0.027334,0.038868,0.036585,0.147578,-0.110993
KID.OL,2025-11-06,-82.78,negative,Q1,0.006001,0.003229,0.002772,0.019618,0.010653,0.008965,0.044776,0.027334,0.017442,-0.06601,0.147578,-0.213588
HEX.OL,2025-11-06,-449.06,negative,Q1,-0.009682,0.003229,-0.01291,-0.095436,0.010653,-0.106089,0.106501,0.027334,0.079167,0.163209,0.147578,0.015631
BOUV.OL,2025-11-11,-16.09,negative,Q2,-0.024096,0.001222,-0.025318,0.020654,-0.021364,0.042018,0.07401,0.0117,0.06231,-0.164372,0.130808,-0.29518
AUSS.OL,2025-11-12,70.11,positive,Q5,-0.012528,-0.00462,-0.007909,-0.017084,-0.009625,-0.007459,0.017084,0.011231,0.005853,0.089977,0.125102,-0.035125
LSG.OL,2025-11-12,23.97,positive,Q4,-0.007391,-0.00462,-0.002772,-0.013043,-0.009625,-0.003419,0.026522,0.011231,0.015291,0.066087,0.125102,-0.059015
SNTIA.OL,2025-11-13,16.0,positive,Q4,-0.023304,0.004324,-0.027628,-0.063729,-0.017979,-0.04575,-0.044071,0.017887,-0.061958,0.100666,0.155649,-0.054983
NORBT.OL,2025-11-13,-73.87,negative,Q1,-0.025664,0.004324,-0.029988,0.007268,-0.017979,0.025246,0.000454,0.017887,-0.017433,0.144106,0.155649,-0.011543
AFG.OL,2025-11-14,4.39,positive,Q3,-0.032621,-0.019299,-0.013322,0.012373,-0.023952,0.036326,0.035995,0.008686,0.02731,0.046119,0.160559,-0.114439
DELIA.OL,2025-11-20,-8.76,negative,Q2,0.098015,-0.001785,0.0998,0.117246,0.01644,0.100805,-0.061725,0.044392,-0.106116,0.353908,0.194528,0.15938
HAFNIO.OL,2025-12-01,-2.14,negative,Q3,0.030571,0.006521,0.024049,-0.014946,0.020094,-0.035039,-0.048913,0.046449,-0.095362,0.188859,0.202747,-0.013888
